PRT1
2600
7050
1500
4 0 130 0 (9216 11264 2048 ) (9216 11264 2240 ) (9216 11312 2240 ) (9216 11312 2048 ) 
4 0 5 0 (9216 11264 2240 ) (9216 11264 2048 ) (9940.337891 11264 2048 ) (9937.083984 11264 2240 ) 
4 0 1 0 (9940.337891 11264 2048 ) (9216 11264 2048 ) (9216 11312 2048 ) (9940.337891 11312 2048 ) 
4 1 131 0 (9216 11264 1024 ) (9216 11264 2048 ) (9216 11312 2048 ) (9216 11312 1024 ) 
4 1 6 0 (9216 11264 2048 ) (9216 11264 1024 ) (9957.694336 11264 1024 ) (9940.337891 11264 2048 ) 
4 1 2 0 (9957.694336 11264 1024 ) (9216 11264 1024 ) (9216 11312 1024 ) (9957.694336 11312 1024 ) 
4 2 132 0 (9216 11264 0 ) (9216 11264 1024 ) (9216 11312 1024 ) (9216 11312 0 ) 
4 2 7 0 (9216 11264 1024 ) (9216 11264 0 ) (9975.049805 11264 0 ) (9957.694336 11264 1024 ) 
4 2 3 0 (9975.049805 11264 0 ) (9216 11264 0 ) (9216 11312 0 ) (9975.049805 11312 0 ) 
4 3 133 0 (9216 11264 -1024 ) (9216 11264 0 ) (9216 11312 0 ) (9216 11312 -1024 ) 
4 3 8 0 (9216 11264 0 ) (9216 11264 -1024 ) (9992.406250 11264 -1024 ) (9975.049805 11264 0 ) 
4 3 4 0 (9992.406250 11264 -1024 ) (9216 11264 -1024 ) (9216 11312 -1024 ) (9992.406250 11312 -1024 ) 
4 4 134 0 (9216 11264 -1440 ) (9216 11264 -1024 ) (9216 11312 -1024 ) (9216 11312 -1440 ) 
4 4 9 0 (9216 11264 -1024 ) (9216 11264 -1440 ) (9999.457031 11264 -1440 ) (9992.406250 11264 -1024 ) 
4 5 135 0 (9216 10240 2048 ) (9216 10240 2240 ) (9216 11264 2240 ) (9216 11264 2048 ) 
4 5 10 0 (9216 10240 2240 ) (9216 10240 2048 ) (9940.337891 10240 2048 ) (9937.083984 10240 2240 ) 
4 5 6 0 (9940.337891 10240 2048 ) (9216 10240 2048 ) (9216 11264 2048 ) (9940.337891 11264 2048 ) 
4 6 136 0 (9216 10240 1024 ) (9216 10240 2048 ) (9216 11264 2048 ) (9216 11264 1024 ) 
4 6 11 0 (9216 10240 2048 ) (9216 10240 1024 ) (9957.694336 10240 1024 ) (9940.337891 10240 2048 ) 
4 6 7 0 (9957.694336 10240 1024 ) (9216 10240 1024 ) (9216 11264 1024 ) (9957.694336 11264 1024 ) 
4 7 137 0 (9216 10240 0 ) (9216 10240 1024 ) (9216 11264 1024 ) (9216 11264 0 ) 
4 7 12 0 (9216 10240 1024 ) (9216 10240 0 ) (9975.049805 10240 0 ) (9957.694336 10240 1024 ) 
4 7 8 0 (9975.049805 10240 0 ) (9216 10240 0 ) (9216 11264 0 ) (9975.049805 11264 0 ) 
4 8 138 0 (9216 10240 -1024 ) (9216 10240 0 ) (9216 11264 0 ) (9216 11264 -1024 ) 
4 8 13 0 (9216 10240 0 ) (9216 10240 -1024 ) (9992.406250 10240 -1024 ) (9975.049805 10240 0 ) 
4 8 9 0 (9992.406250 10240 -1024 ) (9216 10240 -1024 ) (9216 11264 -1024 ) (9992.406250 11264 -1024 ) 
4 9 139 0 (9216 10240 -1440 ) (9216 10240 -1024 ) (9216 11264 -1024 ) (9216 11264 -1440 ) 
4 9 14 0 (9216 10240 -1024 ) (9216 10240 -1440 ) (9999.457031 10240 -1440 ) (9992.406250 10240 -1024 ) 
4 10 140 0 (9216 9216 2048 ) (9216 9216 2240 ) (9216 10240 2240 ) (9216 10240 2048 ) 
4 10 15 0 (9216 9216 2240 ) (9216 9216 2048 ) (9940.337891 9216 2048 ) (9937.083984 9216 2240 ) 
4 10 11 0 (9940.337891 9216 2048 ) (9216 9216 2048 ) (9216 10240 2048 ) (9940.337891 10240 2048 ) 
4 11 141 0 (9216 9216 1024 ) (9216 9216 2048 ) (9216 10240 2048 ) (9216 10240 1024 ) 
4 11 16 0 (9216 9216 2048 ) (9216 9216 1024 ) (9957.694336 9216 1024 ) (9940.337891 9216 2048 ) 
4 11 12 0 (9957.694336 9216 1024 ) (9216 9216 1024 ) (9216 10240 1024 ) (9957.694336 10240 1024 ) 
4 12 142 0 (9216 9216 0 ) (9216 9216 1024 ) (9216 10240 1024 ) (9216 10240 0 ) 
4 12 17 0 (9216 9216 1024 ) (9216 9216 0 ) (9975.049805 9216 0 ) (9957.694336 9216 1024 ) 
4 12 13 0 (9975.049805 9216 0 ) (9216 9216 0 ) (9216 10240 0 ) (9975.049805 10240 0 ) 
4 13 143 0 (9216 9216 -1024 ) (9216 9216 0 ) (9216 10240 0 ) (9216 10240 -1024 ) 
4 13 18 0 (9216 9216 0 ) (9216 9216 -1024 ) (9992.406250 9216 -1024 ) (9975.049805 9216 0 ) 
4 13 14 0 (9992.406250 9216 -1024 ) (9216 9216 -1024 ) (9216 10240 -1024 ) (9992.406250 10240 -1024 ) 
4 14 144 0 (9216 9216 -1440 ) (9216 9216 -1024 ) (9216 10240 -1024 ) (9216 10240 -1440 ) 
4 14 19 0 (9216 9216 -1024 ) (9216 9216 -1440 ) (9999.457031 9216 -1440 ) (9992.406250 9216 -1024 ) 
4 15 145 0 (9216 8192 2048 ) (9216 8192 2240 ) (9216 9216 2240 ) (9216 9216 2048 ) 
4 15 20 0 (9216 8192 2240 ) (9216 8192 2048 ) (9940.337891 8192 2048 ) (9937.083984 8192 2240 ) 
4 15 16 0 (9940.337891 8192 2048 ) (9216 8192 2048 ) (9216 9216 2048 ) (9940.337891 9216 2048 ) 
4 16 146 0 (9216 8192 1024 ) (9216 8192 2048 ) (9216 9216 2048 ) (9216 9216 1024 ) 
4 16 21 0 (9216 8192 2048 ) (9216 8192 1024 ) (9957.694336 8192 1024 ) (9940.337891 8192 2048 ) 
4 16 17 0 (9957.694336 8192 1024 ) (9216 8192 1024 ) (9216 9216 1024 ) (9957.694336 9216 1024 ) 
4 17 147 0 (9216 8192 0 ) (9216 8192 1024 ) (9216 9216 1024 ) (9216 9216 0 ) 
4 17 22 0 (9216 8192 1024 ) (9216 8192 0 ) (9975.049805 8192 0 ) (9957.694336 8192 1024 ) 
4 17 18 0 (9975.049805 8192 0 ) (9216 8192 0 ) (9216 9216 0 ) (9975.049805 9216 0 ) 
4 18 148 0 (9216 8192 -1024 ) (9216 8192 0 ) (9216 9216 0 ) (9216 9216 -1024 ) 
4 18 23 0 (9216 8192 0 ) (9216 8192 -1024 ) (9992.406250 8192 -1024 ) (9975.049805 8192 0 ) 
4 18 19 0 (9992.406250 8192 -1024 ) (9216 8192 -1024 ) (9216 9216 -1024 ) (9992.406250 9216 -1024 ) 
4 19 149 0 (9216 8192 -1440 ) (9216 8192 -1024 ) (9216 9216 -1024 ) (9216 9216 -1440 ) 
4 19 24 0 (9216 8192 -1024 ) (9216 8192 -1440 ) (9999.457031 8192 -1440 ) (9992.406250 8192 -1024 ) 
4 20 150 0 (9216 7168 2048 ) (9216 7168 2240 ) (9216 8192 2240 ) (9216 8192 2048 ) 
4 20 25 0 (9216 7168 2240 ) (9216 7168 2048 ) (9940.337891 7168 2048 ) (9937.083984 7168 2240 ) 
4 20 21 0 (9940.337891 7168 2048 ) (9216 7168 2048 ) (9216 8192 2048 ) (9940.337891 8192 2048 ) 
4 21 151 0 (9216 7168 1024 ) (9216 7168 2048 ) (9216 8192 2048 ) (9216 8192 1024 ) 
4 21 26 0 (9216 7168 2048 ) (9216 7168 1024 ) (9957.694336 7168 1024 ) (9940.337891 7168 2048 ) 
4 21 22 0 (9957.694336 7168 1024 ) (9216 7168 1024 ) (9216 8192 1024 ) (9957.694336 8192 1024 ) 
4 22 152 0 (9216 7168 0 ) (9216 7168 1024 ) (9216 8192 1024 ) (9216 8192 0 ) 
4 22 27 0 (9216 7168 1024 ) (9216 7168 0 ) (9975.049805 7168 0 ) (9957.694336 7168 1024 ) 
4 22 23 0 (9975.049805 7168 0 ) (9216 7168 0 ) (9216 8192 0 ) (9975.049805 8192 0 ) 
4 23 153 0 (9216 7168 -1024 ) (9216 7168 0 ) (9216 8192 0 ) (9216 8192 -1024 ) 
4 23 28 0 (9216 7168 0 ) (9216 7168 -1024 ) (9992.406250 7168 -1024 ) (9975.049805 7168 0 ) 
4 23 24 0 (9992.406250 7168 -1024 ) (9216 7168 -1024 ) (9216 8192 -1024 ) (9992.406250 8192 -1024 ) 
4 24 154 0 (9216 7168 -1440 ) (9216 7168 -1024 ) (9216 8192 -1024 ) (9216 8192 -1440 ) 
4 24 29 0 (9216 7168 -1024 ) (9216 7168 -1440 ) (9999.457031 7168 -1440 ) (9992.406250 7168 -1024 ) 
4 25 155 0 (9216 6144 2048 ) (9216 6144 2240 ) (9216 7168 2240 ) (9216 7168 2048 ) 
4 25 30 0 (9216 6144 2240 ) (9216 6144 2048 ) (9940.337891 6144 2048 ) (9937.083984 6144 2240 ) 
4 25 26 0 (9940.337891 6144 2048 ) (9216 6144 2048 ) (9216 7168 2048 ) (9940.337891 7168 2048 ) 
4 26 156 0 (9216 6144 1024 ) (9216 6144 2048 ) (9216 7168 2048 ) (9216 7168 1024 ) 
4 26 31 0 (9216 6144 2048 ) (9216 6144 1024 ) (9957.694336 6144 1024 ) (9940.337891 6144 2048 ) 
4 26 27 0 (9957.694336 6144 1024 ) (9216 6144 1024 ) (9216 7168 1024 ) (9957.694336 7168 1024 ) 
4 27 157 0 (9216 6144 0 ) (9216 6144 1024 ) (9216 7168 1024 ) (9216 7168 0 ) 
4 27 32 0 (9216 6144 1024 ) (9216 6144 0 ) (9975.049805 6144 0 ) (9957.694336 6144 1024 ) 
4 27 28 0 (9975.049805 6144 0 ) (9216 6144 0 ) (9216 7168 0 ) (9975.049805 7168 0 ) 
4 28 158 0 (9216 6144 -1024 ) (9216 6144 0 ) (9216 7168 0 ) (9216 7168 -1024 ) 
4 28 33 0 (9216 6144 0 ) (9216 6144 -1024 ) (9992.406250 6144 -1024 ) (9975.049805 6144 0 ) 
4 28 29 0 (9992.406250 6144 -1024 ) (9216 6144 -1024 ) (9216 7168 -1024 ) (9992.406250 7168 -1024 ) 
4 29 159 0 (9216 6144 -1440 ) (9216 6144 -1024 ) (9216 7168 -1024 ) (9216 7168 -1440 ) 
4 29 34 0 (9216 6144 -1024 ) (9216 6144 -1440 ) (9999.457031 6144 -1440 ) (9992.406250 6144 -1024 ) 
4 30 160 0 (9216 5120 2048 ) (9216 5120 2240 ) (9216 6144 2240 ) (9216 6144 2048 ) 
4 30 35 0 (9216 5120 2240 ) (9216 5120 2048 ) (9940.337891 5120 2048 ) (9937.083984 5120 2240 ) 
4 30 31 0 (9940.337891 5120 2048 ) (9216 5120 2048 ) (9216 6144 2048 ) (9940.337891 6144 2048 ) 
4 31 161 0 (9216 5120 1024 ) (9216 5120 2048 ) (9216 6144 2048 ) (9216 6144 1024 ) 
4 31 36 0 (9216 5120 2048 ) (9216 5120 1024 ) (9957.694336 5120 1024 ) (9940.337891 5120 2048 ) 
4 31 32 0 (9957.694336 5120 1024 ) (9216 5120 1024 ) (9216 6144 1024 ) (9957.694336 6144 1024 ) 
4 32 162 0 (9216 5120 0 ) (9216 5120 1024 ) (9216 6144 1024 ) (9216 6144 0 ) 
4 32 37 0 (9216 5120 1024 ) (9216 5120 0 ) (9975.049805 5120 0 ) (9957.694336 5120 1024 ) 
4 32 33 0 (9975.049805 5120 0 ) (9216 5120 0 ) (9216 6144 0 ) (9975.049805 6144 0 ) 
4 33 163 0 (9216 5120 -1024 ) (9216 5120 0 ) (9216 6144 0 ) (9216 6144 -1024 ) 
4 33 38 0 (9216 5120 0 ) (9216 5120 -1024 ) (9992.406250 5120 -1024 ) (9975.049805 5120 0 ) 
4 33 34 0 (9992.406250 5120 -1024 ) (9216 5120 -1024 ) (9216 6144 -1024 ) (9992.406250 6144 -1024 ) 
4 34 164 0 (9216 5120 -1440 ) (9216 5120 -1024 ) (9216 6144 -1024 ) (9216 6144 -1440 ) 
4 34 39 0 (9216 5120 -1024 ) (9216 5120 -1440 ) (9999.457031 5120 -1440 ) (9992.406250 5120 -1024 ) 
4 35 165 0 (9216 4096 2048 ) (9216 4096 2240 ) (9216 5120 2240 ) (9216 5120 2048 ) 
4 35 40 0 (9216 4096 2240 ) (9216 4096 2048 ) (9940.337891 4096 2048 ) (9937.083984 4096 2240 ) 
4 35 36 0 (9940.337891 4096 2048 ) (9216 4096 2048 ) (9216 5120 2048 ) (9940.337891 5120 2048 ) 
4 36 166 0 (9216 4096 1024 ) (9216 4096 2048 ) (9216 5120 2048 ) (9216 5120 1024 ) 
4 36 41 0 (9216 4096 2048 ) (9216 4096 1024 ) (9957.694336 4096 1024 ) (9940.337891 4096 2048 ) 
4 36 37 0 (9957.694336 4096 1024 ) (9216 4096 1024 ) (9216 5120 1024 ) (9957.694336 5120 1024 ) 
4 37 167 0 (9216 4096 0 ) (9216 4096 1024 ) (9216 5120 1024 ) (9216 5120 0 ) 
4 37 42 0 (9216 4096 1024 ) (9216 4096 0 ) (9975.049805 4096 0 ) (9957.694336 4096 1024 ) 
4 37 38 0 (9975.049805 4096 0 ) (9216 4096 0 ) (9216 5120 0 ) (9975.049805 5120 0 ) 
4 38 168 0 (9216 4096 -1024 ) (9216 4096 0 ) (9216 5120 0 ) (9216 5120 -1024 ) 
4 38 43 0 (9216 4096 0 ) (9216 4096 -1024 ) (9992.406250 4096 -1024 ) (9975.049805 4096 0 ) 
4 38 39 0 (9992.406250 4096 -1024 ) (9216 4096 -1024 ) (9216 5120 -1024 ) (9992.406250 5120 -1024 ) 
4 39 169 0 (9216 4096 -1440 ) (9216 4096 -1024 ) (9216 5120 -1024 ) (9216 5120 -1440 ) 
4 39 44 0 (9216 4096 -1024 ) (9216 4096 -1440 ) (9999.457031 4096 -1440 ) (9992.406250 4096 -1024 ) 
4 40 170 0 (9216 3072 2048 ) (9216 3072 2240 ) (9216 4096 2240 ) (9216 4096 2048 ) 
4 40 45 0 (9216 3072 2240 ) (9216 3072 2048 ) (9940.337891 3072 2048 ) (9937.083984 3072 2240 ) 
4 40 41 0 (9940.337891 3072 2048 ) (9216 3072 2048 ) (9216 4096 2048 ) (9940.337891 4096 2048 ) 
4 41 171 0 (9216 3072 1024 ) (9216 3072 2048 ) (9216 4096 2048 ) (9216 4096 1024 ) 
4 41 46 0 (9216 3072 2048 ) (9216 3072 1024 ) (9957.694336 3072 1024 ) (9940.337891 3072 2048 ) 
4 41 42 0 (9957.694336 3072 1024 ) (9216 3072 1024 ) (9216 4096 1024 ) (9957.694336 4096 1024 ) 
4 42 172 0 (9216 3072 0 ) (9216 3072 1024 ) (9216 4096 1024 ) (9216 4096 0 ) 
4 42 47 0 (9216 3072 1024 ) (9216 3072 0 ) (9975.049805 3072 0 ) (9957.694336 3072 1024 ) 
4 42 43 0 (9975.049805 3072 0 ) (9216 3072 0 ) (9216 4096 0 ) (9975.049805 4096 0 ) 
4 43 173 0 (9216 3072 -1024 ) (9216 3072 0 ) (9216 4096 0 ) (9216 4096 -1024 ) 
4 43 48 0 (9216 3072 0 ) (9216 3072 -1024 ) (9992.406250 3072 -1024 ) (9975.049805 3072 0 ) 
4 43 44 0 (9992.406250 3072 -1024 ) (9216 3072 -1024 ) (9216 4096 -1024 ) (9992.406250 4096 -1024 ) 
4 44 174 0 (9216 3072 -1440 ) (9216 3072 -1024 ) (9216 4096 -1024 ) (9216 4096 -1440 ) 
4 44 49 0 (9216 3072 -1024 ) (9216 3072 -1440 ) (9999.457031 3072 -1440 ) (9992.406250 3072 -1024 ) 
4 45 175 0 (9216 2048 2048 ) (9216 2048 2240 ) (9216 3072 2240 ) (9216 3072 2048 ) 
4 45 50 0 (9216 2048 2240 ) (9216 2048 2048 ) (9940.337891 2048 2048 ) (9937.083984 2048 2240 ) 
4 45 46 0 (9940.337891 2048 2048 ) (9216 2048 2048 ) (9216 3072 2048 ) (9940.337891 3072 2048 ) 
4 46 176 0 (9216 2048 1024 ) (9216 2048 2048 ) (9216 3072 2048 ) (9216 3072 1024 ) 
4 46 51 0 (9216 2048 2048 ) (9216 2048 1024 ) (9957.694336 2048 1024 ) (9940.337891 2048 2048 ) 
4 46 47 0 (9957.694336 2048 1024 ) (9216 2048 1024 ) (9216 3072 1024 ) (9957.694336 3072 1024 ) 
4 47 177 0 (9216 2048 0 ) (9216 2048 1024 ) (9216 3072 1024 ) (9216 3072 0 ) 
4 47 52 0 (9216 2048 1024 ) (9216 2048 0 ) (9975.049805 2048 0 ) (9957.694336 2048 1024 ) 
4 47 48 0 (9975.049805 2048 0 ) (9216 2048 0 ) (9216 3072 0 ) (9975.049805 3072 0 ) 
4 48 178 0 (9216 2048 -1024 ) (9216 2048 0 ) (9216 3072 0 ) (9216 3072 -1024 ) 
4 48 53 0 (9216 2048 0 ) (9216 2048 -1024 ) (9992.406250 2048 -1024 ) (9975.049805 2048 0 ) 
4 48 49 0 (9992.406250 2048 -1024 ) (9216 2048 -1024 ) (9216 3072 -1024 ) (9992.406250 3072 -1024 ) 
4 49 179 0 (9216 2048 -1440 ) (9216 2048 -1024 ) (9216 3072 -1024 ) (9216 3072 -1440 ) 
4 49 54 0 (9216 2048 -1024 ) (9216 2048 -1440 ) (9999.457031 2048 -1440 ) (9992.406250 2048 -1024 ) 
4 50 180 0 (9216 1024 2048 ) (9216 1024 2240 ) (9216 2048 2240 ) (9216 2048 2048 ) 
4 50 55 0 (9216 1024 2240 ) (9216 1024 2048 ) (9940.337891 1024 2048 ) (9937.083984 1024 2240 ) 
4 50 51 0 (9940.337891 1024 2048 ) (9216 1024 2048 ) (9216 2048 2048 ) (9940.337891 2048 2048 ) 
4 51 181 0 (9216 1024 1024 ) (9216 1024 2048 ) (9216 2048 2048 ) (9216 2048 1024 ) 
4 51 56 0 (9216 1024 2048 ) (9216 1024 1024 ) (9957.694336 1024 1024 ) (9940.337891 1024 2048 ) 
4 51 52 0 (9957.694336 1024 1024 ) (9216 1024 1024 ) (9216 2048 1024 ) (9957.694336 2048 1024 ) 
4 52 182 0 (9216 1024 0 ) (9216 1024 1024 ) (9216 2048 1024 ) (9216 2048 0 ) 
4 52 57 0 (9216 1024 1024 ) (9216 1024 0 ) (9975.049805 1024 0 ) (9957.694336 1024 1024 ) 
4 52 53 0 (9975.049805 1024 0 ) (9216 1024 0 ) (9216 2048 0 ) (9975.049805 2048 0 ) 
4 53 183 0 (9216 1024 -1024 ) (9216 1024 0 ) (9216 2048 0 ) (9216 2048 -1024 ) 
4 53 58 0 (9216 1024 0 ) (9216 1024 -1024 ) (9992.406250 1024 -1024 ) (9975.049805 1024 0 ) 
4 53 54 0 (9992.406250 1024 -1024 ) (9216 1024 -1024 ) (9216 2048 -1024 ) (9992.406250 2048 -1024 ) 
4 54 184 0 (9216 1024 -1440 ) (9216 1024 -1024 ) (9216 2048 -1024 ) (9216 2048 -1440 ) 
4 54 59 0 (9216 1024 -1024 ) (9216 1024 -1440 ) (9999.457031 1024 -1440 ) (9992.406250 1024 -1024 ) 
4 55 185 0 (9216 0 2048 ) (9216 0 2240 ) (9216 1024 2240 ) (9216 1024 2048 ) 
4 55 60 0 (9216 0 2240 ) (9216 0 2048 ) (9940.337891 0 2048 ) (9937.083984 0 2240 ) 
4 55 56 0 (9940.337891 0 2048 ) (9216 0 2048 ) (9216 1024 2048 ) (9940.337891 1024 2048 ) 
4 56 186 0 (9216 0 1024 ) (9216 0 2048 ) (9216 1024 2048 ) (9216 1024 1024 ) 
4 56 61 0 (9216 0 2048 ) (9216 0 1024 ) (9957.694336 0 1024 ) (9940.337891 0 2048 ) 
4 56 57 0 (9957.694336 0 1024 ) (9216 0 1024 ) (9216 1024 1024 ) (9957.694336 1024 1024 ) 
4 57 187 0 (9216 0 0 ) (9216 0 1024 ) (9216 1024 1024 ) (9216 1024 0 ) 
4 57 62 0 (9216 0 1024 ) (9216 0 0 ) (9975.049805 0 0 ) (9957.694336 0 1024 ) 
4 57 58 0 (9975.049805 0 0 ) (9216 0 0 ) (9216 1024 0 ) (9975.049805 1024 0 ) 
4 58 188 0 (9216 0 -1024 ) (9216 0 0 ) (9216 1024 0 ) (9216 1024 -1024 ) 
4 58 63 0 (9216 0 0 ) (9216 0 -1024 ) (9992.406250 0 -1024 ) (9975.049805 0 0 ) 
4 58 59 0 (9992.406250 0 -1024 ) (9216 0 -1024 ) (9216 1024 -1024 ) (9992.406250 1024 -1024 ) 
4 59 189 0 (9216 0 -1440 ) (9216 0 -1024 ) (9216 1024 -1024 ) (9216 1024 -1440 ) 
4 59 64 0 (9216 0 -1024 ) (9216 0 -1440 ) (9999.457031 0 -1440 ) (9992.406250 0 -1024 ) 
4 60 190 0 (9216 -1024 2048 ) (9216 -1024 2240 ) (9216 0 2240 ) (9216 0 2048 ) 
4 60 65 0 (9216 -1024 2240 ) (9216 -1024 2048 ) (9940.337891 -1024 2048 ) (9937.083984 -1024 2240 ) 
4 60 61 0 (9940.337891 -1024 2048 ) (9216 -1024 2048 ) (9216 0 2048 ) (9940.337891 0 2048 ) 
4 61 191 0 (9216 -1024 1024 ) (9216 -1024 2048 ) (9216 0 2048 ) (9216 0 1024 ) 
4 61 66 0 (9216 -1024 2048 ) (9216 -1024 1024 ) (9957.694336 -1024 1024 ) (9940.337891 -1024 2048 ) 
4 61 62 0 (9957.694336 -1024 1024 ) (9216 -1024 1024 ) (9216 0 1024 ) (9957.694336 0 1024 ) 
4 62 192 0 (9216 -1024 0 ) (9216 -1024 1024 ) (9216 0 1024 ) (9216 0 0 ) 
4 62 67 0 (9216 -1024 1024 ) (9216 -1024 0 ) (9975.049805 -1024 0 ) (9957.694336 -1024 1024 ) 
4 62 63 0 (9975.049805 -1024 0 ) (9216 -1024 0 ) (9216 0 0 ) (9975.049805 0 0 ) 
4 63 193 0 (9216 -1024 -1024 ) (9216 -1024 0 ) (9216 0 0 ) (9216 0 -1024 ) 
4 63 68 0 (9216 -1024 0 ) (9216 -1024 -1024 ) (9992.406250 -1024 -1024 ) (9975.049805 -1024 0 ) 
4 63 64 0 (9992.406250 -1024 -1024 ) (9216 -1024 -1024 ) (9216 0 -1024 ) (9992.406250 0 -1024 ) 
4 64 194 0 (9216 -1024 -1440 ) (9216 -1024 -1024 ) (9216 0 -1024 ) (9216 0 -1440 ) 
4 64 69 0 (9216 -1024 -1024 ) (9216 -1024 -1440 ) (9999.457031 -1024 -1440 ) (9992.406250 -1024 -1024 ) 
4 65 195 0 (9216 -2048 2048 ) (9216 -2048 2240 ) (9216 -1024 2240 ) (9216 -1024 2048 ) 
4 65 70 0 (9216 -2048 2240 ) (9216 -2048 2048 ) (9940.337891 -2048 2048 ) (9937.083984 -2048 2240 ) 
4 65 66 0 (9940.337891 -2048 2048 ) (9216 -2048 2048 ) (9216 -1024 2048 ) (9940.337891 -1024 2048 ) 
4 66 196 0 (9216 -2048 1024 ) (9216 -2048 2048 ) (9216 -1024 2048 ) (9216 -1024 1024 ) 
4 66 71 0 (9216 -2048 2048 ) (9216 -2048 1024 ) (9957.694336 -2048 1024 ) (9940.337891 -2048 2048 ) 
4 66 67 0 (9957.694336 -2048 1024 ) (9216 -2048 1024 ) (9216 -1024 1024 ) (9957.694336 -1024 1024 ) 
4 67 197 0 (9216 -2048 0 ) (9216 -2048 1024 ) (9216 -1024 1024 ) (9216 -1024 0 ) 
4 67 72 0 (9216 -2048 1024 ) (9216 -2048 0 ) (9975.049805 -2048 0 ) (9957.694336 -2048 1024 ) 
4 67 68 0 (9975.049805 -2048 0 ) (9216 -2048 0 ) (9216 -1024 0 ) (9975.049805 -1024 0 ) 
4 68 198 0 (9216 -2048 -1024 ) (9216 -2048 0 ) (9216 -1024 0 ) (9216 -1024 -1024 ) 
4 68 73 0 (9216 -2048 0 ) (9216 -2048 -1024 ) (9992.406250 -2048 -1024 ) (9975.049805 -2048 0 ) 
4 68 69 0 (9992.406250 -2048 -1024 ) (9216 -2048 -1024 ) (9216 -1024 -1024 ) (9992.406250 -1024 -1024 ) 
4 69 199 0 (9216 -2048 -1440 ) (9216 -2048 -1024 ) (9216 -1024 -1024 ) (9216 -1024 -1440 ) 
4 69 74 0 (9216 -2048 -1024 ) (9216 -2048 -1440 ) (9999.457031 -2048 -1440 ) (9992.406250 -2048 -1024 ) 
4 70 200 0 (9216 -3072 2048 ) (9216 -3072 2240 ) (9216 -2048 2240 ) (9216 -2048 2048 ) 
4 70 75 0 (9216 -3072 2240 ) (9216 -3072 2048 ) (9940.337891 -3072 2048 ) (9937.083984 -3072 2240 ) 
4 70 71 0 (9940.337891 -3072 2048 ) (9216 -3072 2048 ) (9216 -2048 2048 ) (9940.337891 -2048 2048 ) 
4 71 201 0 (9216 -3072 1024 ) (9216 -3072 2048 ) (9216 -2048 2048 ) (9216 -2048 1024 ) 
4 71 76 0 (9216 -3072 2048 ) (9216 -3072 1024 ) (9957.694336 -3072 1024 ) (9940.337891 -3072 2048 ) 
4 71 72 0 (9957.694336 -3072 1024 ) (9216 -3072 1024 ) (9216 -2048 1024 ) (9957.694336 -2048 1024 ) 
4 72 202 0 (9216 -3072 0 ) (9216 -3072 1024 ) (9216 -2048 1024 ) (9216 -2048 0 ) 
4 72 77 0 (9216 -3072 1024 ) (9216 -3072 0 ) (9975.049805 -3072 0 ) (9957.694336 -3072 1024 ) 
4 72 73 0 (9975.049805 -3072 0 ) (9216 -3072 0 ) (9216 -2048 0 ) (9975.049805 -2048 0 ) 
4 73 203 0 (9216 -3072 -1024 ) (9216 -3072 0 ) (9216 -2048 0 ) (9216 -2048 -1024 ) 
4 73 78 0 (9216 -3072 0 ) (9216 -3072 -1024 ) (9992.406250 -3072 -1024 ) (9975.049805 -3072 0 ) 
4 73 74 0 (9992.406250 -3072 -1024 ) (9216 -3072 -1024 ) (9216 -2048 -1024 ) (9992.406250 -2048 -1024 ) 
4 74 204 0 (9216 -3072 -1440 ) (9216 -3072 -1024 ) (9216 -2048 -1024 ) (9216 -2048 -1440 ) 
4 74 79 0 (9216 -3072 -1024 ) (9216 -3072 -1440 ) (9999.457031 -3072 -1440 ) (9992.406250 -3072 -1024 ) 
4 75 205 0 (9216 -4096 2048 ) (9216 -4096 2240 ) (9216 -3072 2240 ) (9216 -3072 2048 ) 
4 75 80 0 (9216 -4096 2240 ) (9216 -4096 2048 ) (9940.337891 -4096 2048 ) (9937.083984 -4096 2240 ) 
4 75 76 0 (9940.337891 -4096 2048 ) (9216 -4096 2048 ) (9216 -3072 2048 ) (9940.337891 -3072 2048 ) 
4 76 206 0 (9216 -4096 1024 ) (9216 -4096 2048 ) (9216 -3072 2048 ) (9216 -3072 1024 ) 
4 76 81 0 (9216 -4096 2048 ) (9216 -4096 1024 ) (9957.694336 -4096 1024 ) (9940.337891 -4096 2048 ) 
4 76 77 0 (9957.694336 -4096 1024 ) (9216 -4096 1024 ) (9216 -3072 1024 ) (9957.694336 -3072 1024 ) 
4 77 207 0 (9216 -4096 0 ) (9216 -4096 1024 ) (9216 -3072 1024 ) (9216 -3072 0 ) 
4 77 82 0 (9216 -4096 1024 ) (9216 -4096 0 ) (9975.049805 -4096 0 ) (9957.694336 -4096 1024 ) 
4 77 78 0 (9975.049805 -4096 0 ) (9216 -4096 0 ) (9216 -3072 0 ) (9975.049805 -3072 0 ) 
4 78 208 0 (9216 -4096 -1024 ) (9216 -4096 0 ) (9216 -3072 0 ) (9216 -3072 -1024 ) 
4 78 83 0 (9216 -4096 0 ) (9216 -4096 -1024 ) (9992.406250 -4096 -1024 ) (9975.049805 -4096 0 ) 
4 78 79 0 (9992.406250 -4096 -1024 ) (9216 -4096 -1024 ) (9216 -3072 -1024 ) (9992.406250 -3072 -1024 ) 
4 79 209 0 (9216 -4096 -1440 ) (9216 -4096 -1024 ) (9216 -3072 -1024 ) (9216 -3072 -1440 ) 
4 79 84 0 (9216 -4096 -1024 ) (9216 -4096 -1440 ) (9999.457031 -4096 -1440 ) (9992.406250 -4096 -1024 ) 
4 80 210 0 (9216 -5120 2048 ) (9216 -5120 2240 ) (9216 -4096 2240 ) (9216 -4096 2048 ) 
4 80 85 0 (9216 -5120 2240 ) (9216 -5120 2048 ) (9940.337891 -5120 2048 ) (9937.083984 -5120 2240 ) 
4 80 81 0 (9940.337891 -5120 2048 ) (9216 -5120 2048 ) (9216 -4096 2048 ) (9940.337891 -4096 2048 ) 
4 81 211 0 (9216 -5120 1024 ) (9216 -5120 2048 ) (9216 -4096 2048 ) (9216 -4096 1024 ) 
4 81 86 0 (9216 -5120 2048 ) (9216 -5120 1024 ) (9957.694336 -5120 1024 ) (9940.337891 -5120 2048 ) 
4 81 82 0 (9957.694336 -5120 1024 ) (9216 -5120 1024 ) (9216 -4096 1024 ) (9957.694336 -4096 1024 ) 
4 82 212 0 (9216 -5120 0 ) (9216 -5120 1024 ) (9216 -4096 1024 ) (9216 -4096 0 ) 
4 82 87 0 (9216 -5120 1024 ) (9216 -5120 0 ) (9975.049805 -5120 0 ) (9957.694336 -5120 1024 ) 
4 82 83 0 (9975.049805 -5120 0 ) (9216 -5120 0 ) (9216 -4096 0 ) (9975.049805 -4096 0 ) 
4 83 213 0 (9216 -5120 -1024 ) (9216 -5120 0 ) (9216 -4096 0 ) (9216 -4096 -1024 ) 
4 83 88 0 (9216 -5120 0 ) (9216 -5120 -1024 ) (9992.406250 -5120 -1024 ) (9975.049805 -5120 0 ) 
4 83 84 0 (9992.406250 -5120 -1024 ) (9216 -5120 -1024 ) (9216 -4096 -1024 ) (9992.406250 -4096 -1024 ) 
4 84 214 0 (9216 -5120 -1440 ) (9216 -5120 -1024 ) (9216 -4096 -1024 ) (9216 -4096 -1440 ) 
4 84 89 0 (9216 -5120 -1024 ) (9216 -5120 -1440 ) (9999.457031 -5120 -1440 ) (9992.406250 -5120 -1024 ) 
4 85 215 0 (9216 -6144 2048 ) (9216 -6144 2240 ) (9216 -5120 2240 ) (9216 -5120 2048 ) 
4 85 90 0 (9216 -6144 2240 ) (9216 -6144 2048 ) (9940.337891 -6144 2048 ) (9937.083984 -6144 2240 ) 
4 85 86 0 (9940.337891 -6144 2048 ) (9216 -6144 2048 ) (9216 -5120 2048 ) (9940.337891 -5120 2048 ) 
4 86 216 0 (9216 -6144 1024 ) (9216 -6144 2048 ) (9216 -5120 2048 ) (9216 -5120 1024 ) 
4 86 91 0 (9216 -6144 2048 ) (9216 -6144 1024 ) (9957.694336 -6144 1024 ) (9940.337891 -6144 2048 ) 
4 86 87 0 (9957.694336 -6144 1024 ) (9216 -6144 1024 ) (9216 -5120 1024 ) (9957.694336 -5120 1024 ) 
4 87 217 0 (9216 -6144 0 ) (9216 -6144 1024 ) (9216 -5120 1024 ) (9216 -5120 0 ) 
4 87 92 0 (9216 -6144 1024 ) (9216 -6144 0 ) (9975.049805 -6144 0 ) (9957.694336 -6144 1024 ) 
4 87 88 0 (9975.049805 -6144 0 ) (9216 -6144 0 ) (9216 -5120 0 ) (9975.049805 -5120 0 ) 
4 88 218 0 (9216 -6144 -1024 ) (9216 -6144 0 ) (9216 -5120 0 ) (9216 -5120 -1024 ) 
4 88 93 0 (9216 -6144 0 ) (9216 -6144 -1024 ) (9992.406250 -6144 -1024 ) (9975.049805 -6144 0 ) 
4 88 89 0 (9992.406250 -6144 -1024 ) (9216 -6144 -1024 ) (9216 -5120 -1024 ) (9992.406250 -5120 -1024 ) 
4 89 219 0 (9216 -6144 -1440 ) (9216 -6144 -1024 ) (9216 -5120 -1024 ) (9216 -5120 -1440 ) 
4 89 94 0 (9216 -6144 -1024 ) (9216 -6144 -1440 ) (9999.457031 -6144 -1440 ) (9992.406250 -6144 -1024 ) 
4 90 220 0 (9216 -7168 2048 ) (9216 -7168 2240 ) (9216 -6144 2240 ) (9216 -6144 2048 ) 
4 90 95 0 (9216 -7168 2240 ) (9216 -7168 2048 ) (9940.337891 -7168 2048 ) (9937.083984 -7168 2240 ) 
4 90 91 0 (9940.337891 -7168 2048 ) (9216 -7168 2048 ) (9216 -6144 2048 ) (9940.337891 -6144 2048 ) 
4 91 221 0 (9216 -7168 1024 ) (9216 -7168 2048 ) (9216 -6144 2048 ) (9216 -6144 1024 ) 
4 91 96 0 (9216 -7168 2048 ) (9216 -7168 1024 ) (9957.694336 -7168 1024 ) (9940.337891 -7168 2048 ) 
4 91 92 0 (9957.694336 -7168 1024 ) (9216 -7168 1024 ) (9216 -6144 1024 ) (9957.694336 -6144 1024 ) 
4 92 222 0 (9216 -7168 0 ) (9216 -7168 1024 ) (9216 -6144 1024 ) (9216 -6144 0 ) 
4 92 97 0 (9216 -7168 1024 ) (9216 -7168 0 ) (9975.049805 -7168 0 ) (9957.694336 -7168 1024 ) 
4 92 93 0 (9975.049805 -7168 0 ) (9216 -7168 0 ) (9216 -6144 0 ) (9975.049805 -6144 0 ) 
4 93 223 0 (9216 -7168 -1024 ) (9216 -7168 0 ) (9216 -6144 0 ) (9216 -6144 -1024 ) 
4 93 98 0 (9216 -7168 0 ) (9216 -7168 -1024 ) (9992.406250 -7168 -1024 ) (9975.049805 -7168 0 ) 
4 93 94 0 (9992.406250 -7168 -1024 ) (9216 -7168 -1024 ) (9216 -6144 -1024 ) (9992.406250 -6144 -1024 ) 
4 94 224 0 (9216 -7168 -1440 ) (9216 -7168 -1024 ) (9216 -6144 -1024 ) (9216 -6144 -1440 ) 
4 94 99 0 (9216 -7168 -1024 ) (9216 -7168 -1440 ) (9999.457031 -7168 -1440 ) (9992.406250 -7168 -1024 ) 
4 95 225 0 (9216 -8192 2048 ) (9216 -8192 2240 ) (9216 -7168 2240 ) (9216 -7168 2048 ) 
4 95 100 0 (9216 -8192 2240 ) (9216 -8192 2048 ) (9940.337891 -8192 2048 ) (9937.083984 -8192 2240 ) 
4 95 96 0 (9940.337891 -8192 2048 ) (9216 -8192 2048 ) (9216 -7168 2048 ) (9940.337891 -7168 2048 ) 
4 96 226 0 (9216 -8192 1024 ) (9216 -8192 2048 ) (9216 -7168 2048 ) (9216 -7168 1024 ) 
4 96 101 0 (9216 -8192 2048 ) (9216 -8192 1024 ) (9957.694336 -8192 1024 ) (9940.337891 -8192 2048 ) 
4 96 97 0 (9957.694336 -8192 1024 ) (9216 -8192 1024 ) (9216 -7168 1024 ) (9957.694336 -7168 1024 ) 
4 97 227 0 (9216 -8192 0 ) (9216 -8192 1024 ) (9216 -7168 1024 ) (9216 -7168 0 ) 
4 97 102 0 (9216 -8192 1024 ) (9216 -8192 0 ) (9975.049805 -8192 0 ) (9957.694336 -8192 1024 ) 
4 97 98 0 (9975.049805 -8192 0 ) (9216 -8192 0 ) (9216 -7168 0 ) (9975.049805 -7168 0 ) 
4 98 228 0 (9216 -8192 -1024 ) (9216 -8192 0 ) (9216 -7168 0 ) (9216 -7168 -1024 ) 
4 98 103 0 (9216 -8192 0 ) (9216 -8192 -1024 ) (9992.406250 -8192 -1024 ) (9975.049805 -8192 0 ) 
4 98 99 0 (9992.406250 -8192 -1024 ) (9216 -8192 -1024 ) (9216 -7168 -1024 ) (9992.406250 -7168 -1024 ) 
4 99 229 0 (9216 -8192 -1440 ) (9216 -8192 -1024 ) (9216 -7168 -1024 ) (9216 -7168 -1440 ) 
4 99 104 0 (9216 -8192 -1024 ) (9216 -8192 -1440 ) (9999.457031 -8192 -1440 ) (9992.406250 -8192 -1024 ) 
4 100 230 0 (9216 -9216 2048 ) (9216 -9216 2240 ) (9216 -8192 2240 ) (9216 -8192 2048 ) 
4 100 105 0 (9216 -9216 2240 ) (9216 -9216 2048 ) (9940.337891 -9216 2048 ) (9937.083984 -9216 2240 ) 
4 100 101 0 (9940.337891 -9216 2048 ) (9216 -9216 2048 ) (9216 -8192 2048 ) (9940.337891 -8192 2048 ) 
4 101 231 0 (9216 -9216 1024 ) (9216 -9216 2048 ) (9216 -8192 2048 ) (9216 -8192 1024 ) 
4 101 106 0 (9216 -9216 2048 ) (9216 -9216 1024 ) (9957.694336 -9216 1024 ) (9940.337891 -9216 2048 ) 
4 101 102 0 (9957.694336 -9216 1024 ) (9216 -9216 1024 ) (9216 -8192 1024 ) (9957.694336 -8192 1024 ) 
4 102 232 0 (9216 -9216 0 ) (9216 -9216 1024 ) (9216 -8192 1024 ) (9216 -8192 0 ) 
4 102 107 0 (9216 -9216 1024 ) (9216 -9216 0 ) (9975.049805 -9216 0 ) (9957.694336 -9216 1024 ) 
4 102 103 0 (9975.049805 -9216 0 ) (9216 -9216 0 ) (9216 -8192 0 ) (9975.049805 -8192 0 ) 
4 103 233 0 (9216 -9216 -1024 ) (9216 -9216 0 ) (9216 -8192 0 ) (9216 -8192 -1024 ) 
4 103 108 0 (9216 -9216 0 ) (9216 -9216 -1024 ) (9992.406250 -9216 -1024 ) (9975.049805 -9216 0 ) 
4 103 104 0 (9992.406250 -9216 -1024 ) (9216 -9216 -1024 ) (9216 -8192 -1024 ) (9992.406250 -8192 -1024 ) 
4 104 234 0 (9216 -9216 -1440 ) (9216 -9216 -1024 ) (9216 -8192 -1024 ) (9216 -8192 -1440 ) 
4 104 109 0 (9216 -9216 -1024 ) (9216 -9216 -1440 ) (9999.457031 -9216 -1440 ) (9992.406250 -9216 -1024 ) 
4 105 235 0 (9216 -10240 2048 ) (9216 -10240 2240 ) (9216 -9216 2240 ) (9216 -9216 2048 ) 
4 105 110 0 (9216 -10240 2240 ) (9216 -10240 2048 ) (9940.337891 -10240 2048 ) (9937.083984 -10240 2240 ) 
4 105 106 0 (9940.337891 -10240 2048 ) (9216 -10240 2048 ) (9216 -9216 2048 ) (9940.337891 -9216 2048 ) 
4 106 236 0 (9216 -10240 1024 ) (9216 -10240 2048 ) (9216 -9216 2048 ) (9216 -9216 1024 ) 
4 106 111 0 (9216 -10240 2048 ) (9216 -10240 1024 ) (9957.694336 -10240 1024 ) (9940.337891 -10240 2048 ) 
4 106 107 0 (9957.694336 -10240 1024 ) (9216 -10240 1024 ) (9216 -9216 1024 ) (9957.694336 -9216 1024 ) 
4 107 237 0 (9216 -10240 0 ) (9216 -10240 1024 ) (9216 -9216 1024 ) (9216 -9216 0 ) 
4 107 112 0 (9216 -10240 1024 ) (9216 -10240 0 ) (9975.049805 -10240 0 ) (9957.694336 -10240 1024 ) 
4 107 108 0 (9975.049805 -10240 0 ) (9216 -10240 0 ) (9216 -9216 0 ) (9975.049805 -9216 0 ) 
4 108 238 0 (9216 -10240 -1024 ) (9216 -10240 0 ) (9216 -9216 0 ) (9216 -9216 -1024 ) 
4 108 113 0 (9216 -10240 0 ) (9216 -10240 -1024 ) (9992.406250 -10240 -1024 ) (9975.049805 -10240 0 ) 
4 108 109 0 (9992.406250 -10240 -1024 ) (9216 -10240 -1024 ) (9216 -9216 -1024 ) (9992.406250 -9216 -1024 ) 
4 109 239 0 (9216 -10240 -1440 ) (9216 -10240 -1024 ) (9216 -9216 -1024 ) (9216 -9216 -1440 ) 
4 109 114 0 (9216 -10240 -1024 ) (9216 -10240 -1440 ) (9999.457031 -10240 -1440 ) (9992.406250 -10240 -1024 ) 
4 110 240 0 (9216 -11264 2048 ) (9216 -11264 2240 ) (9216 -10240 2240 ) (9216 -10240 2048 ) 
4 110 115 0 (9216 -11264 2240 ) (9216 -11264 2048 ) (9940.337891 -11264 2048 ) (9937.083984 -11264 2240 ) 
4 110 111 0 (9940.337891 -11264 2048 ) (9216 -11264 2048 ) (9216 -10240 2048 ) (9940.337891 -10240 2048 ) 
4 111 241 0 (9216 -11264 1024 ) (9216 -11264 2048 ) (9216 -10240 2048 ) (9216 -10240 1024 ) 
4 111 116 0 (9216 -11264 2048 ) (9216 -11264 1024 ) (9957.694336 -11264 1024 ) (9940.337891 -11264 2048 ) 
4 111 112 0 (9957.694336 -11264 1024 ) (9216 -11264 1024 ) (9216 -10240 1024 ) (9957.694336 -10240 1024 ) 
4 112 242 0 (9216 -11264 0 ) (9216 -11264 1024 ) (9216 -10240 1024 ) (9216 -10240 0 ) 
4 112 117 0 (9216 -11264 1024 ) (9216 -11264 0 ) (9975.049805 -11264 0 ) (9957.694336 -11264 1024 ) 
4 112 113 0 (9975.049805 -11264 0 ) (9216 -11264 0 ) (9216 -10240 0 ) (9975.049805 -10240 0 ) 
4 113 243 0 (9216 -11264 -1024 ) (9216 -11264 0 ) (9216 -10240 0 ) (9216 -10240 -1024 ) 
4 113 118 0 (9216 -11264 0 ) (9216 -11264 -1024 ) (9992.406250 -11264 -1024 ) (9975.049805 -11264 0 ) 
4 113 114 0 (9992.406250 -11264 -1024 ) (9216 -11264 -1024 ) (9216 -10240 -1024 ) (9992.406250 -10240 -1024 ) 
4 114 244 0 (9216 -11264 -1440 ) (9216 -11264 -1024 ) (9216 -10240 -1024 ) (9216 -10240 -1440 ) 
4 114 119 0 (9216 -11264 -1024 ) (9216 -11264 -1440 ) (9999.457031 -11264 -1440 ) (9992.406250 -11264 -1024 ) 
4 115 245 0 (9216 -12288 2048 ) (9216 -12288 2240 ) (9216 -11264 2240 ) (9216 -11264 2048 ) 
4 115 120 0 (9216 -12288 2240 ) (9216 -12288 2048 ) (9940.337891 -12288 2048 ) (9937.083984 -12288 2240 ) 
4 115 116 0 (9940.337891 -12288 2048 ) (9216 -12288 2048 ) (9216 -11264 2048 ) (9940.337891 -11264 2048 ) 
4 116 246 0 (9216 -12288 1024 ) (9216 -12288 2048 ) (9216 -11264 2048 ) (9216 -11264 1024 ) 
4 116 121 0 (9216 -12288 2048 ) (9216 -12288 1024 ) (9957.694336 -12288 1024 ) (9940.337891 -12288 2048 ) 
4 116 117 0 (9957.694336 -12288 1024 ) (9216 -12288 1024 ) (9216 -11264 1024 ) (9957.694336 -11264 1024 ) 
4 117 247 0 (9216 -12288 0 ) (9216 -12288 1024 ) (9216 -11264 1024 ) (9216 -11264 0 ) 
4 117 122 0 (9216 -12288 1024 ) (9216 -12288 0 ) (9975.049805 -12288 0 ) (9957.694336 -12288 1024 ) 
4 117 118 0 (9975.049805 -12288 0 ) (9216 -12288 0 ) (9216 -11264 0 ) (9975.049805 -11264 0 ) 
4 118 248 0 (9216 -12288 -1024 ) (9216 -12288 0 ) (9216 -11264 0 ) (9216 -11264 -1024 ) 
4 118 123 0 (9216 -12288 0 ) (9216 -12288 -1024 ) (9992.406250 -12288 -1024 ) (9975.049805 -12288 0 ) 
4 118 119 0 (9992.406250 -12288 -1024 ) (9216 -12288 -1024 ) (9216 -11264 -1024 ) (9992.406250 -11264 -1024 ) 
4 119 249 0 (9216 -12288 -1440 ) (9216 -12288 -1024 ) (9216 -11264 -1024 ) (9216 -11264 -1440 ) 
4 119 124 0 (9216 -12288 -1024 ) (9216 -12288 -1440 ) (9999.457031 -12288 -1440 ) (9992.406250 -12288 -1024 ) 
4 120 250 0 (9216 -13312 2048 ) (9216 -13312 2240 ) (9216 -12288 2240 ) (9216 -12288 2048 ) 
4 120 125 0 (9216 -13312 2240 ) (9216 -13312 2048 ) (9940.337891 -13312 2048 ) (9937.083984 -13312 2240 ) 
4 120 121 0 (9940.337891 -13312 2048 ) (9216 -13312 2048 ) (9216 -12288 2048 ) (9940.337891 -12288 2048 ) 
4 121 251 0 (9216 -13312 1024 ) (9216 -13312 2048 ) (9216 -12288 2048 ) (9216 -12288 1024 ) 
4 121 126 0 (9216 -13312 2048 ) (9216 -13312 1024 ) (9957.694336 -13312 1024 ) (9940.337891 -13312 2048 ) 
4 121 122 0 (9957.694336 -13312 1024 ) (9216 -13312 1024 ) (9216 -12288 1024 ) (9957.694336 -12288 1024 ) 
4 122 252 0 (9216 -13312 0 ) (9216 -13312 1024 ) (9216 -12288 1024 ) (9216 -12288 0 ) 
4 122 127 0 (9216 -13312 1024 ) (9216 -13312 0 ) (9975.049805 -13312 0 ) (9957.694336 -13312 1024 ) 
4 122 123 0 (9975.049805 -13312 0 ) (9216 -13312 0 ) (9216 -12288 0 ) (9975.049805 -12288 0 ) 
4 123 253 0 (9216 -13312 -1024 ) (9216 -13312 0 ) (9216 -12288 0 ) (9216 -12288 -1024 ) 
4 123 128 0 (9216 -13312 0 ) (9216 -13312 -1024 ) (9992.406250 -13312 -1024 ) (9975.049805 -13312 0 ) 
4 123 124 0 (9992.406250 -13312 -1024 ) (9216 -13312 -1024 ) (9216 -12288 -1024 ) (9992.406250 -12288 -1024 ) 
4 124 254 0 (9216 -13312 -1440 ) (9216 -13312 -1024 ) (9216 -12288 -1024 ) (9216 -12288 -1440 ) 
4 124 129 0 (9216 -13312 -1024 ) (9216 -13312 -1440 ) (9999.457031 -13312 -1440 ) (9992.406250 -13312 -1024 ) 
4 125 255 0 (9216 -13408 2240 ) (9216 -13312 2240 ) (9216 -13312 2048 ) (9216 -13408 2048 ) 
4 125 126 0 (9216 -13408 2048 ) (9216 -13312 2048 ) (9940.337891 -13312 2048 ) (9940.337891 -13408 2048 ) 
4 126 256 0 (9216 -13408 2048 ) (9216 -13312 2048 ) (9216 -13312 1024 ) (9216 -13408 1024 ) 
4 126 127 0 (9216 -13408 1024 ) (9216 -13312 1024 ) (9957.694336 -13312 1024 ) (9957.694336 -13408 1024 ) 
4 127 257 0 (9216 -13408 1024 ) (9216 -13312 1024 ) (9216 -13312 0 ) (9216 -13408 0 ) 
4 127 128 0 (9216 -13408 0 ) (9216 -13312 0 ) (9975.049805 -13312 0 ) (9975.049805 -13408 0 ) 
4 128 258 0 (9216 -13408 0 ) (9216 -13312 0 ) (9216 -13312 -1024 ) (9216 -13408 -1024 ) 
4 128 129 0 (9216 -13408 -1024 ) (9216 -13312 -1024 ) (9992.406250 -13312 -1024 ) (9992.406250 -13408 -1024 ) 
4 129 259 0 (9216 -13408 -1024 ) (9216 -13312 -1024 ) (9216 -13312 -1440 ) (9216 -13408 -1440 ) 
4 130 260 0 (8192 11312 2048 ) (8192 11264 2048 ) (8192 11264 2240 ) (8192 11312 2240 ) 
4 130 135 0 (8192 11264 2240 ) (8192 11264 2048 ) (9216 11264 2048 ) (9216 11264 2240 ) 
4 130 131 0 (9216 11264 2048 ) (8192 11264 2048 ) (8192 11312 2048 ) (9216 11312 2048 ) 
4 131 261 0 (8192 11312 1024 ) (8192 11264 1024 ) (8192 11264 2048 ) (8192 11312 2048 ) 
4 131 136 0 (8192 11264 2048 ) (8192 11264 1024 ) (9216 11264 1024 ) (9216 11264 2048 ) 
4 131 132 0 (9216 11264 1024 ) (8192 11264 1024 ) (8192 11312 1024 ) (9216 11312 1024 ) 
4 132 262 0 (8192 11312 0 ) (8192 11264 0 ) (8192 11264 1024 ) (8192 11312 1024 ) 
4 132 137 0 (8192 11264 1024 ) (8192 11264 0 ) (9216 11264 0 ) (9216 11264 1024 ) 
4 132 133 0 (9216 11264 0 ) (8192 11264 0 ) (8192 11312 0 ) (9216 11312 0 ) 
4 133 263 0 (8192 11312 -1024 ) (8192 11264 -1024 ) (8192 11264 0 ) (8192 11312 0 ) 
4 133 138 0 (8192 11264 0 ) (8192 11264 -1024 ) (9216 11264 -1024 ) (9216 11264 0 ) 
4 133 134 0 (9216 11264 -1024 ) (8192 11264 -1024 ) (8192 11312 -1024 ) (9216 11312 -1024 ) 
4 134 264 0 (8192 11312 -1440 ) (8192 11264 -1440 ) (8192 11264 -1024 ) (8192 11312 -1024 ) 
4 134 139 0 (8192 11264 -1024 ) (8192 11264 -1440 ) (9216 11264 -1440 ) (9216 11264 -1024 ) 
4 135 265 0 (8192 10240 2048 ) (8192 10240 2240 ) (8192 11264 2240 ) (8192 11264 2048 ) 
4 135 140 0 (8192 10240 2240 ) (8192 10240 2048 ) (9216 10240 2048 ) (9216 10240 2240 ) 
4 135 136 0 (9216 10240 2048 ) (8192 10240 2048 ) (8192 11264 2048 ) (9216 11264 2048 ) 
4 136 266 0 (8192 10240 1024 ) (8192 10240 2048 ) (8192 11264 2048 ) (8192 11264 1024 ) 
4 136 141 0 (8192 10240 2048 ) (8192 10240 1024 ) (9216 10240 1024 ) (9216 10240 2048 ) 
4 136 137 0 (9216 10240 1024 ) (8192 10240 1024 ) (8192 11264 1024 ) (9216 11264 1024 ) 
4 137 267 0 (8192 10240 0 ) (8192 10240 1024 ) (8192 11264 1024 ) (8192 11264 0 ) 
4 137 142 0 (8192 10240 1024 ) (8192 10240 0 ) (9216 10240 0 ) (9216 10240 1024 ) 
4 137 138 0 (9216 10240 0 ) (8192 10240 0 ) (8192 11264 0 ) (9216 11264 0 ) 
4 138 268 0 (8192 10240 -1024 ) (8192 10240 0 ) (8192 11264 0 ) (8192 11264 -1024 ) 
4 138 143 0 (8192 10240 0 ) (8192 10240 -1024 ) (9216 10240 -1024 ) (9216 10240 0 ) 
4 138 139 0 (9216 10240 -1024 ) (8192 10240 -1024 ) (8192 11264 -1024 ) (9216 11264 -1024 ) 
4 139 269 0 (8192 10240 -1440 ) (8192 10240 -1024 ) (8192 11264 -1024 ) (8192 11264 -1440 ) 
4 139 144 0 (8192 10240 -1024 ) (8192 10240 -1440 ) (9216 10240 -1440 ) (9216 10240 -1024 ) 
4 140 270 0 (8192 9216 2048 ) (8192 9216 2240 ) (8192 10240 2240 ) (8192 10240 2048 ) 
4 140 145 0 (8192 9216 2240 ) (8192 9216 2048 ) (9216 9216 2048 ) (9216 9216 2240 ) 
4 140 141 0 (9216 9216 2048 ) (8192 9216 2048 ) (8192 10240 2048 ) (9216 10240 2048 ) 
4 141 271 0 (8192 9216 1024 ) (8192 9216 2048 ) (8192 10240 2048 ) (8192 10240 1024 ) 
4 141 146 0 (8192 9216 2048 ) (8192 9216 1024 ) (9216 9216 1024 ) (9216 9216 2048 ) 
4 141 142 0 (9216 9216 1024 ) (8192 9216 1024 ) (8192 10240 1024 ) (9216 10240 1024 ) 
4 142 272 0 (8192 9216 0 ) (8192 9216 1024 ) (8192 10240 1024 ) (8192 10240 0 ) 
4 142 147 0 (8192 9216 1024 ) (8192 9216 0 ) (9216 9216 0 ) (9216 9216 1024 ) 
4 142 143 0 (9216 9216 0 ) (8192 9216 0 ) (8192 10240 0 ) (9216 10240 0 ) 
4 143 273 0 (8192 9216 -1024 ) (8192 9216 0 ) (8192 10240 0 ) (8192 10240 -1024 ) 
4 143 148 0 (8192 9216 0 ) (8192 9216 -1024 ) (9216 9216 -1024 ) (9216 9216 0 ) 
4 143 144 0 (9216 9216 -1024 ) (8192 9216 -1024 ) (8192 10240 -1024 ) (9216 10240 -1024 ) 
4 144 274 0 (8192 9216 -1440 ) (8192 9216 -1024 ) (8192 10240 -1024 ) (8192 10240 -1440 ) 
4 144 149 0 (8192 9216 -1024 ) (8192 9216 -1440 ) (9216 9216 -1440 ) (9216 9216 -1024 ) 
4 145 275 0 (8192 8192 2048 ) (8192 8192 2240 ) (8192 9216 2240 ) (8192 9216 2048 ) 
4 145 150 0 (8192 8192 2240 ) (8192 8192 2048 ) (9216 8192 2048 ) (9216 8192 2240 ) 
4 145 146 0 (9216 8192 2048 ) (8192 8192 2048 ) (8192 9216 2048 ) (9216 9216 2048 ) 
4 146 276 0 (8192 8192 1024 ) (8192 8192 2048 ) (8192 9216 2048 ) (8192 9216 1024 ) 
4 146 151 0 (8192 8192 2048 ) (8192 8192 1024 ) (9216 8192 1024 ) (9216 8192 2048 ) 
4 146 147 0 (9216 8192 1024 ) (8192 8192 1024 ) (8192 9216 1024 ) (9216 9216 1024 ) 
4 147 277 0 (8192 8192 0 ) (8192 8192 1024 ) (8192 9216 1024 ) (8192 9216 0 ) 
4 147 152 0 (8192 8192 1024 ) (8192 8192 0 ) (9216 8192 0 ) (9216 8192 1024 ) 
4 147 148 0 (9216 8192 0 ) (8192 8192 0 ) (8192 9216 0 ) (9216 9216 0 ) 
4 148 278 0 (8192 8192 -1024 ) (8192 8192 0 ) (8192 9216 0 ) (8192 9216 -1024 ) 
4 148 153 0 (8192 8192 0 ) (8192 8192 -1024 ) (9216 8192 -1024 ) (9216 8192 0 ) 
4 148 149 0 (9216 8192 -1024 ) (8192 8192 -1024 ) (8192 9216 -1024 ) (9216 9216 -1024 ) 
4 149 279 0 (8192 8192 -1440 ) (8192 8192 -1024 ) (8192 9216 -1024 ) (8192 9216 -1440 ) 
4 149 154 0 (8192 8192 -1024 ) (8192 8192 -1440 ) (9216 8192 -1440 ) (9216 8192 -1024 ) 
4 150 280 0 (8192 7168 2048 ) (8192 7168 2240 ) (8192 8192 2240 ) (8192 8192 2048 ) 
4 150 155 0 (8192 7168 2240 ) (8192 7168 2048 ) (9216 7168 2048 ) (9216 7168 2240 ) 
4 150 151 0 (9216 7168 2048 ) (8192 7168 2048 ) (8192 8192 2048 ) (9216 8192 2048 ) 
4 151 281 0 (8192 7168 1024 ) (8192 7168 2048 ) (8192 8192 2048 ) (8192 8192 1024 ) 
4 151 156 0 (8192 7168 2048 ) (8192 7168 1024 ) (9216 7168 1024 ) (9216 7168 2048 ) 
4 151 152 0 (9216 7168 1024 ) (8192 7168 1024 ) (8192 8192 1024 ) (9216 8192 1024 ) 
4 152 282 0 (8192 7168 0 ) (8192 7168 1024 ) (8192 8192 1024 ) (8192 8192 0 ) 
4 152 157 0 (8192 7168 1024 ) (8192 7168 0 ) (9216 7168 0 ) (9216 7168 1024 ) 
4 152 153 0 (9216 7168 0 ) (8192 7168 0 ) (8192 8192 0 ) (9216 8192 0 ) 
4 153 283 0 (8192 7168 -1024 ) (8192 7168 0 ) (8192 8192 0 ) (8192 8192 -1024 ) 
4 153 158 0 (8192 7168 0 ) (8192 7168 -1024 ) (9216 7168 -1024 ) (9216 7168 0 ) 
4 153 154 0 (9216 7168 -1024 ) (8192 7168 -1024 ) (8192 8192 -1024 ) (9216 8192 -1024 ) 
4 154 284 0 (8192 7168 -1440 ) (8192 7168 -1024 ) (8192 8192 -1024 ) (8192 8192 -1440 ) 
4 154 159 0 (8192 7168 -1024 ) (8192 7168 -1440 ) (9216 7168 -1440 ) (9216 7168 -1024 ) 
4 155 285 0 (8192 6144 2048 ) (8192 6144 2240 ) (8192 7168 2240 ) (8192 7168 2048 ) 
4 155 160 0 (8192 6144 2240 ) (8192 6144 2048 ) (9216 6144 2048 ) (9216 6144 2240 ) 
4 155 156 0 (9216 6144 2048 ) (8192 6144 2048 ) (8192 7168 2048 ) (9216 7168 2048 ) 
4 156 286 0 (8192 6144 1024 ) (8192 6144 2048 ) (8192 7168 2048 ) (8192 7168 1024 ) 
4 156 161 0 (8192 6144 2048 ) (8192 6144 1024 ) (9216 6144 1024 ) (9216 6144 2048 ) 
4 156 157 0 (9216 6144 1024 ) (8192 6144 1024 ) (8192 7168 1024 ) (9216 7168 1024 ) 
4 157 287 0 (8192 6144 0 ) (8192 6144 1024 ) (8192 7168 1024 ) (8192 7168 0 ) 
4 157 162 0 (8192 6144 1024 ) (8192 6144 0 ) (9216 6144 0 ) (9216 6144 1024 ) 
4 157 158 0 (9216 6144 0 ) (8192 6144 0 ) (8192 7168 0 ) (9216 7168 0 ) 
4 158 288 0 (8192 6144 -1024 ) (8192 6144 0 ) (8192 7168 0 ) (8192 7168 -1024 ) 
4 158 163 0 (8192 6144 0 ) (8192 6144 -1024 ) (9216 6144 -1024 ) (9216 6144 0 ) 
4 158 159 0 (9216 6144 -1024 ) (8192 6144 -1024 ) (8192 7168 -1024 ) (9216 7168 -1024 ) 
4 159 289 0 (8192 6144 -1440 ) (8192 6144 -1024 ) (8192 7168 -1024 ) (8192 7168 -1440 ) 
4 159 164 0 (8192 6144 -1024 ) (8192 6144 -1440 ) (9216 6144 -1440 ) (9216 6144 -1024 ) 
4 160 290 0 (8192 5120 2048 ) (8192 5120 2240 ) (8192 6144 2240 ) (8192 6144 2048 ) 
4 160 165 0 (8192 5120 2240 ) (8192 5120 2048 ) (9216 5120 2048 ) (9216 5120 2240 ) 
4 160 161 0 (9216 5120 2048 ) (8192 5120 2048 ) (8192 6144 2048 ) (9216 6144 2048 ) 
4 161 291 0 (8192 5120 1024 ) (8192 5120 2048 ) (8192 6144 2048 ) (8192 6144 1024 ) 
4 161 166 0 (8192 5120 2048 ) (8192 5120 1024 ) (9216 5120 1024 ) (9216 5120 2048 ) 
4 161 162 0 (9216 5120 1024 ) (8192 5120 1024 ) (8192 6144 1024 ) (9216 6144 1024 ) 
4 162 292 0 (8192 5120 0 ) (8192 5120 1024 ) (8192 6144 1024 ) (8192 6144 0 ) 
4 162 167 0 (8192 5120 1024 ) (8192 5120 0 ) (9216 5120 0 ) (9216 5120 1024 ) 
4 162 163 0 (9216 5120 0 ) (8192 5120 0 ) (8192 6144 0 ) (9216 6144 0 ) 
4 163 293 0 (8192 5120 -1024 ) (8192 5120 0 ) (8192 6144 0 ) (8192 6144 -1024 ) 
4 163 168 0 (8192 5120 0 ) (8192 5120 -1024 ) (9216 5120 -1024 ) (9216 5120 0 ) 
4 163 164 0 (9216 5120 -1024 ) (8192 5120 -1024 ) (8192 6144 -1024 ) (9216 6144 -1024 ) 
4 164 294 0 (8192 5120 -1440 ) (8192 5120 -1024 ) (8192 6144 -1024 ) (8192 6144 -1440 ) 
4 164 169 0 (8192 5120 -1024 ) (8192 5120 -1440 ) (9216 5120 -1440 ) (9216 5120 -1024 ) 
4 165 295 0 (8192 4096 2048 ) (8192 4096 2240 ) (8192 5120 2240 ) (8192 5120 2048 ) 
4 165 170 0 (8192 4096 2240 ) (8192 4096 2048 ) (9216 4096 2048 ) (9216 4096 2240 ) 
4 165 166 0 (9216 4096 2048 ) (8192 4096 2048 ) (8192 5120 2048 ) (9216 5120 2048 ) 
4 166 296 0 (8192 4096 1024 ) (8192 4096 2048 ) (8192 5120 2048 ) (8192 5120 1024 ) 
4 166 171 0 (8192 4096 2048 ) (8192 4096 1024 ) (9216 4096 1024 ) (9216 4096 2048 ) 
4 166 167 0 (9216 4096 1024 ) (8192 4096 1024 ) (8192 5120 1024 ) (9216 5120 1024 ) 
4 167 297 0 (8192 4096 0 ) (8192 4096 1024 ) (8192 5120 1024 ) (8192 5120 0 ) 
4 167 172 0 (8192 4096 1024 ) (8192 4096 0 ) (9216 4096 0 ) (9216 4096 1024 ) 
4 167 168 0 (9216 4096 0 ) (8192 4096 0 ) (8192 5120 0 ) (9216 5120 0 ) 
4 168 298 0 (8192 4096 -1024 ) (8192 4096 0 ) (8192 5120 0 ) (8192 5120 -1024 ) 
4 168 173 0 (8192 4096 0 ) (8192 4096 -1024 ) (9216 4096 -1024 ) (9216 4096 0 ) 
4 168 169 0 (9216 4096 -1024 ) (8192 4096 -1024 ) (8192 5120 -1024 ) (9216 5120 -1024 ) 
4 169 299 0 (8192 4096 -1440 ) (8192 4096 -1024 ) (8192 5120 -1024 ) (8192 5120 -1440 ) 
4 169 174 0 (8192 4096 -1024 ) (8192 4096 -1440 ) (9216 4096 -1440 ) (9216 4096 -1024 ) 
4 170 300 0 (8192 3072 2048 ) (8192 3072 2240 ) (8192 4096 2240 ) (8192 4096 2048 ) 
4 170 175 0 (8192 3072 2240 ) (8192 3072 2048 ) (9216 3072 2048 ) (9216 3072 2240 ) 
4 170 171 0 (9216 3072 2048 ) (8192 3072 2048 ) (8192 4096 2048 ) (9216 4096 2048 ) 
4 171 301 0 (8192 3072 1024 ) (8192 3072 2048 ) (8192 4096 2048 ) (8192 4096 1024 ) 
4 171 176 0 (8192 3072 2048 ) (8192 3072 1024 ) (9216 3072 1024 ) (9216 3072 2048 ) 
4 171 172 0 (9216 3072 1024 ) (8192 3072 1024 ) (8192 4096 1024 ) (9216 4096 1024 ) 
4 172 302 0 (8192 3072 0 ) (8192 3072 1024 ) (8192 4096 1024 ) (8192 4096 0 ) 
4 172 177 0 (8192 3072 1024 ) (8192 3072 0 ) (9216 3072 0 ) (9216 3072 1024 ) 
4 172 173 0 (9216 3072 0 ) (8192 3072 0 ) (8192 4096 0 ) (9216 4096 0 ) 
4 173 303 0 (8192 3072 -1024 ) (8192 3072 0 ) (8192 4096 0 ) (8192 4096 -1024 ) 
4 173 178 0 (8192 3072 0 ) (8192 3072 -1024 ) (9216 3072 -1024 ) (9216 3072 0 ) 
4 173 174 0 (9216 3072 -1024 ) (8192 3072 -1024 ) (8192 4096 -1024 ) (9216 4096 -1024 ) 
4 174 304 0 (8192 3072 -1440 ) (8192 3072 -1024 ) (8192 4096 -1024 ) (8192 4096 -1440 ) 
4 174 179 0 (8192 3072 -1024 ) (8192 3072 -1440 ) (9216 3072 -1440 ) (9216 3072 -1024 ) 
4 175 305 0 (8192 2048 2048 ) (8192 2048 2240 ) (8192 3072 2240 ) (8192 3072 2048 ) 
4 175 180 0 (8192 2048 2240 ) (8192 2048 2048 ) (9216 2048 2048 ) (9216 2048 2240 ) 
4 175 176 0 (9216 2048 2048 ) (8192 2048 2048 ) (8192 3072 2048 ) (9216 3072 2048 ) 
4 176 306 0 (8192 2048 1024 ) (8192 2048 2048 ) (8192 3072 2048 ) (8192 3072 1024 ) 
4 176 181 0 (8192 2048 2048 ) (8192 2048 1024 ) (9216 2048 1024 ) (9216 2048 2048 ) 
4 176 177 0 (9216 2048 1024 ) (8192 2048 1024 ) (8192 3072 1024 ) (9216 3072 1024 ) 
4 177 307 0 (8192 2048 0 ) (8192 2048 1024 ) (8192 3072 1024 ) (8192 3072 0 ) 
4 177 182 0 (8192 2048 1024 ) (8192 2048 0 ) (9216 2048 0 ) (9216 2048 1024 ) 
4 177 178 0 (9216 2048 0 ) (8192 2048 0 ) (8192 3072 0 ) (9216 3072 0 ) 
4 178 308 0 (8192 2048 -1024 ) (8192 2048 0 ) (8192 3072 0 ) (8192 3072 -1024 ) 
4 178 183 0 (8192 2048 0 ) (8192 2048 -1024 ) (9216 2048 -1024 ) (9216 2048 0 ) 
4 178 179 0 (9216 2048 -1024 ) (8192 2048 -1024 ) (8192 3072 -1024 ) (9216 3072 -1024 ) 
4 179 309 0 (8192 2048 -1440 ) (8192 2048 -1024 ) (8192 3072 -1024 ) (8192 3072 -1440 ) 
4 179 184 0 (8192 2048 -1024 ) (8192 2048 -1440 ) (9216 2048 -1440 ) (9216 2048 -1024 ) 
4 180 310 0 (8192 1024 2048 ) (8192 1024 2240 ) (8192 2048 2240 ) (8192 2048 2048 ) 
4 180 185 0 (8192 1024 2240 ) (8192 1024 2048 ) (9216 1024 2048 ) (9216 1024 2240 ) 
4 180 181 0 (9216 1024 2048 ) (8192 1024 2048 ) (8192 2048 2048 ) (9216 2048 2048 ) 
4 181 311 0 (8192 1024 1024 ) (8192 1024 2048 ) (8192 2048 2048 ) (8192 2048 1024 ) 
4 181 186 0 (8192 1024 2048 ) (8192 1024 1024 ) (9216 1024 1024 ) (9216 1024 2048 ) 
4 181 182 0 (9216 1024 1024 ) (8192 1024 1024 ) (8192 2048 1024 ) (9216 2048 1024 ) 
4 182 312 0 (8192 1024 0 ) (8192 1024 1024 ) (8192 2048 1024 ) (8192 2048 0 ) 
4 182 187 0 (8192 1024 1024 ) (8192 1024 0 ) (9216 1024 0 ) (9216 1024 1024 ) 
4 182 183 0 (9216 1024 0 ) (8192 1024 0 ) (8192 2048 0 ) (9216 2048 0 ) 
4 183 313 0 (8192 1024 -1024 ) (8192 1024 0 ) (8192 2048 0 ) (8192 2048 -1024 ) 
4 183 188 0 (8192 1024 0 ) (8192 1024 -1024 ) (9216 1024 -1024 ) (9216 1024 0 ) 
4 183 184 0 (9216 1024 -1024 ) (8192 1024 -1024 ) (8192 2048 -1024 ) (9216 2048 -1024 ) 
4 184 314 0 (8192 1024 -1440 ) (8192 1024 -1024 ) (8192 2048 -1024 ) (8192 2048 -1440 ) 
4 184 189 0 (8192 1024 -1024 ) (8192 1024 -1440 ) (9216 1024 -1440 ) (9216 1024 -1024 ) 
4 185 315 0 (8192 0 2048 ) (8192 0 2240 ) (8192 1024 2240 ) (8192 1024 2048 ) 
4 185 190 0 (8192 0 2240 ) (8192 0 2048 ) (9216 0 2048 ) (9216 0 2240 ) 
4 185 186 0 (9216 0 2048 ) (8192 0 2048 ) (8192 1024 2048 ) (9216 1024 2048 ) 
4 186 316 0 (8192 0 1024 ) (8192 0 2048 ) (8192 1024 2048 ) (8192 1024 1024 ) 
4 186 191 0 (8192 0 2048 ) (8192 0 1024 ) (9216 0 1024 ) (9216 0 2048 ) 
4 186 187 0 (9216 0 1024 ) (8192 0 1024 ) (8192 1024 1024 ) (9216 1024 1024 ) 
4 187 317 0 (8192 0 0 ) (8192 0 1024 ) (8192 1024 1024 ) (8192 1024 0 ) 
4 187 192 0 (8192 0 1024 ) (8192 0 0 ) (9216 0 0 ) (9216 0 1024 ) 
4 187 188 0 (9216 0 0 ) (8192 0 0 ) (8192 1024 0 ) (9216 1024 0 ) 
4 188 318 0 (8192 0 -1024 ) (8192 0 0 ) (8192 1024 0 ) (8192 1024 -1024 ) 
4 188 193 0 (8192 0 0 ) (8192 0 -1024 ) (9216 0 -1024 ) (9216 0 0 ) 
4 188 189 0 (9216 0 -1024 ) (8192 0 -1024 ) (8192 1024 -1024 ) (9216 1024 -1024 ) 
4 189 319 0 (8192 0 -1440 ) (8192 0 -1024 ) (8192 1024 -1024 ) (8192 1024 -1440 ) 
4 189 194 0 (8192 0 -1024 ) (8192 0 -1440 ) (9216 0 -1440 ) (9216 0 -1024 ) 
4 190 320 0 (8192 -1024 2048 ) (8192 -1024 2240 ) (8192 0 2240 ) (8192 0 2048 ) 
4 190 195 0 (8192 -1024 2240 ) (8192 -1024 2048 ) (9216 -1024 2048 ) (9216 -1024 2240 ) 
4 190 191 0 (9216 -1024 2048 ) (8192 -1024 2048 ) (8192 0 2048 ) (9216 0 2048 ) 
4 191 321 0 (8192 -1024 1024 ) (8192 -1024 2048 ) (8192 0 2048 ) (8192 0 1024 ) 
4 191 196 0 (8192 -1024 2048 ) (8192 -1024 1024 ) (9216 -1024 1024 ) (9216 -1024 2048 ) 
4 191 192 0 (9216 -1024 1024 ) (8192 -1024 1024 ) (8192 0 1024 ) (9216 0 1024 ) 
4 192 322 0 (8192 -1024 0 ) (8192 -1024 1024 ) (8192 0 1024 ) (8192 0 0 ) 
4 192 197 0 (8192 -1024 1024 ) (8192 -1024 0 ) (9216 -1024 0 ) (9216 -1024 1024 ) 
4 192 193 0 (9216 -1024 0 ) (8192 -1024 0 ) (8192 0 0 ) (9216 0 0 ) 
4 193 323 0 (8192 -1024 -1024 ) (8192 -1024 0 ) (8192 0 0 ) (8192 0 -1024 ) 
4 193 198 0 (8192 -1024 0 ) (8192 -1024 -1024 ) (9216 -1024 -1024 ) (9216 -1024 0 ) 
4 193 194 0 (9216 -1024 -1024 ) (8192 -1024 -1024 ) (8192 0 -1024 ) (9216 0 -1024 ) 
4 194 324 0 (8192 -1024 -1440 ) (8192 -1024 -1024 ) (8192 0 -1024 ) (8192 0 -1440 ) 
4 194 199 0 (8192 -1024 -1024 ) (8192 -1024 -1440 ) (9216 -1024 -1440 ) (9216 -1024 -1024 ) 
4 195 325 0 (8192 -2048 2048 ) (8192 -2048 2240 ) (8192 -1024 2240 ) (8192 -1024 2048 ) 
4 195 200 0 (8192 -2048 2240 ) (8192 -2048 2048 ) (9216 -2048 2048 ) (9216 -2048 2240 ) 
4 195 196 0 (9216 -2048 2048 ) (8192 -2048 2048 ) (8192 -1024 2048 ) (9216 -1024 2048 ) 
4 196 326 0 (8192 -2048 1024 ) (8192 -2048 2048 ) (8192 -1024 2048 ) (8192 -1024 1024 ) 
4 196 201 0 (8192 -2048 2048 ) (8192 -2048 1024 ) (9216 -2048 1024 ) (9216 -2048 2048 ) 
4 196 197 0 (9216 -2048 1024 ) (8192 -2048 1024 ) (8192 -1024 1024 ) (9216 -1024 1024 ) 
4 197 327 0 (8192 -2048 0 ) (8192 -2048 1024 ) (8192 -1024 1024 ) (8192 -1024 0 ) 
4 197 202 0 (8192 -2048 1024 ) (8192 -2048 0 ) (9216 -2048 0 ) (9216 -2048 1024 ) 
4 197 198 0 (9216 -2048 0 ) (8192 -2048 0 ) (8192 -1024 0 ) (9216 -1024 0 ) 
4 198 328 0 (8192 -2048 -1024 ) (8192 -2048 0 ) (8192 -1024 0 ) (8192 -1024 -1024 ) 
4 198 203 0 (8192 -2048 0 ) (8192 -2048 -1024 ) (9216 -2048 -1024 ) (9216 -2048 0 ) 
4 198 199 0 (9216 -2048 -1024 ) (8192 -2048 -1024 ) (8192 -1024 -1024 ) (9216 -1024 -1024 ) 
4 199 329 0 (8192 -2048 -1440 ) (8192 -2048 -1024 ) (8192 -1024 -1024 ) (8192 -1024 -1440 ) 
4 199 204 0 (8192 -2048 -1024 ) (8192 -2048 -1440 ) (9216 -2048 -1440 ) (9216 -2048 -1024 ) 
4 200 330 0 (8192 -3072 2048 ) (8192 -3072 2240 ) (8192 -2048 2240 ) (8192 -2048 2048 ) 
4 200 205 0 (8192 -3072 2240 ) (8192 -3072 2048 ) (9216 -3072 2048 ) (9216 -3072 2240 ) 
4 200 201 0 (9216 -3072 2048 ) (8192 -3072 2048 ) (8192 -2048 2048 ) (9216 -2048 2048 ) 
4 201 331 0 (8192 -3072 1024 ) (8192 -3072 2048 ) (8192 -2048 2048 ) (8192 -2048 1024 ) 
4 201 206 0 (8192 -3072 2048 ) (8192 -3072 1024 ) (9216 -3072 1024 ) (9216 -3072 2048 ) 
4 201 202 0 (9216 -3072 1024 ) (8192 -3072 1024 ) (8192 -2048 1024 ) (9216 -2048 1024 ) 
4 202 332 0 (8192 -3072 0 ) (8192 -3072 1024 ) (8192 -2048 1024 ) (8192 -2048 0 ) 
4 202 207 0 (8192 -3072 1024 ) (8192 -3072 0 ) (9216 -3072 0 ) (9216 -3072 1024 ) 
4 202 203 0 (9216 -3072 0 ) (8192 -3072 0 ) (8192 -2048 0 ) (9216 -2048 0 ) 
4 203 333 0 (8192 -3072 -1024 ) (8192 -3072 0 ) (8192 -2048 0 ) (8192 -2048 -1024 ) 
4 203 208 0 (8192 -3072 0 ) (8192 -3072 -1024 ) (9216 -3072 -1024 ) (9216 -3072 0 ) 
4 203 204 0 (9216 -3072 -1024 ) (8192 -3072 -1024 ) (8192 -2048 -1024 ) (9216 -2048 -1024 ) 
4 204 334 0 (8192 -3072 -1440 ) (8192 -3072 -1024 ) (8192 -2048 -1024 ) (8192 -2048 -1440 ) 
4 204 209 0 (8192 -3072 -1024 ) (8192 -3072 -1440 ) (9216 -3072 -1440 ) (9216 -3072 -1024 ) 
4 205 335 0 (8192 -4096 2048 ) (8192 -4096 2240 ) (8192 -3072 2240 ) (8192 -3072 2048 ) 
4 205 210 0 (8192 -4096 2240 ) (8192 -4096 2048 ) (9216 -4096 2048 ) (9216 -4096 2240 ) 
4 205 206 0 (9216 -4096 2048 ) (8192 -4096 2048 ) (8192 -3072 2048 ) (9216 -3072 2048 ) 
4 206 336 0 (8192 -4096 1024 ) (8192 -4096 2048 ) (8192 -3072 2048 ) (8192 -3072 1024 ) 
4 206 211 0 (8192 -4096 2048 ) (8192 -4096 1024 ) (9216 -4096 1024 ) (9216 -4096 2048 ) 
4 206 207 0 (9216 -4096 1024 ) (8192 -4096 1024 ) (8192 -3072 1024 ) (9216 -3072 1024 ) 
4 207 337 0 (8192 -4096 0 ) (8192 -4096 1024 ) (8192 -3072 1024 ) (8192 -3072 0 ) 
4 207 212 0 (8192 -4096 1024 ) (8192 -4096 0 ) (9216 -4096 0 ) (9216 -4096 1024 ) 
4 207 208 0 (9216 -4096 0 ) (8192 -4096 0 ) (8192 -3072 0 ) (9216 -3072 0 ) 
4 208 338 0 (8192 -4096 -1024 ) (8192 -4096 0 ) (8192 -3072 0 ) (8192 -3072 -1024 ) 
4 208 213 0 (8192 -4096 0 ) (8192 -4096 -1024 ) (9216 -4096 -1024 ) (9216 -4096 0 ) 
4 208 209 0 (9216 -4096 -1024 ) (8192 -4096 -1024 ) (8192 -3072 -1024 ) (9216 -3072 -1024 ) 
4 209 339 0 (8192 -4096 -1440 ) (8192 -4096 -1024 ) (8192 -3072 -1024 ) (8192 -3072 -1440 ) 
4 209 214 0 (8192 -4096 -1024 ) (8192 -4096 -1440 ) (9216 -4096 -1440 ) (9216 -4096 -1024 ) 
4 210 340 0 (8192 -5120 2048 ) (8192 -5120 2240 ) (8192 -4096 2240 ) (8192 -4096 2048 ) 
4 210 215 0 (8192 -5120 2240 ) (8192 -5120 2048 ) (9216 -5120 2048 ) (9216 -5120 2240 ) 
4 210 211 0 (9216 -5120 2048 ) (8192 -5120 2048 ) (8192 -4096 2048 ) (9216 -4096 2048 ) 
4 211 341 0 (8192 -5120 1024 ) (8192 -5120 2048 ) (8192 -4096 2048 ) (8192 -4096 1024 ) 
4 211 216 0 (8192 -5120 2048 ) (8192 -5120 1024 ) (9216 -5120 1024 ) (9216 -5120 2048 ) 
4 211 212 0 (9216 -5120 1024 ) (8192 -5120 1024 ) (8192 -4096 1024 ) (9216 -4096 1024 ) 
4 212 342 0 (8192 -5120 0 ) (8192 -5120 1024 ) (8192 -4096 1024 ) (8192 -4096 0 ) 
4 212 217 0 (8192 -5120 1024 ) (8192 -5120 0 ) (9216 -5120 0 ) (9216 -5120 1024 ) 
4 212 213 0 (9216 -5120 0 ) (8192 -5120 0 ) (8192 -4096 0 ) (9216 -4096 0 ) 
4 213 343 0 (8192 -5120 -1024 ) (8192 -5120 0 ) (8192 -4096 0 ) (8192 -4096 -1024 ) 
4 213 218 0 (8192 -5120 0 ) (8192 -5120 -1024 ) (9216 -5120 -1024 ) (9216 -5120 0 ) 
4 213 214 0 (9216 -5120 -1024 ) (8192 -5120 -1024 ) (8192 -4096 -1024 ) (9216 -4096 -1024 ) 
4 214 344 0 (8192 -5120 -1440 ) (8192 -5120 -1024 ) (8192 -4096 -1024 ) (8192 -4096 -1440 ) 
4 214 219 0 (8192 -5120 -1024 ) (8192 -5120 -1440 ) (9216 -5120 -1440 ) (9216 -5120 -1024 ) 
4 215 345 0 (8192 -6144 2048 ) (8192 -6144 2240 ) (8192 -5120 2240 ) (8192 -5120 2048 ) 
4 215 220 0 (8192 -6144 2240 ) (8192 -6144 2048 ) (9216 -6144 2048 ) (9216 -6144 2240 ) 
4 215 216 0 (9216 -6144 2048 ) (8192 -6144 2048 ) (8192 -5120 2048 ) (9216 -5120 2048 ) 
4 216 346 0 (8192 -6144 1024 ) (8192 -6144 2048 ) (8192 -5120 2048 ) (8192 -5120 1024 ) 
4 216 221 0 (8192 -6144 2048 ) (8192 -6144 1024 ) (9216 -6144 1024 ) (9216 -6144 2048 ) 
4 216 217 0 (9216 -6144 1024 ) (8192 -6144 1024 ) (8192 -5120 1024 ) (9216 -5120 1024 ) 
4 217 347 0 (8192 -6144 0 ) (8192 -6144 1024 ) (8192 -5120 1024 ) (8192 -5120 0 ) 
4 217 222 0 (8192 -6144 1024 ) (8192 -6144 0 ) (9216 -6144 0 ) (9216 -6144 1024 ) 
4 217 218 0 (9216 -6144 0 ) (8192 -6144 0 ) (8192 -5120 0 ) (9216 -5120 0 ) 
4 218 348 0 (8192 -6144 -1024 ) (8192 -6144 0 ) (8192 -5120 0 ) (8192 -5120 -1024 ) 
4 218 223 0 (8192 -6144 0 ) (8192 -6144 -1024 ) (9216 -6144 -1024 ) (9216 -6144 0 ) 
4 218 219 0 (9216 -6144 -1024 ) (8192 -6144 -1024 ) (8192 -5120 -1024 ) (9216 -5120 -1024 ) 
4 219 349 0 (8192 -6144 -1440 ) (8192 -6144 -1024 ) (8192 -5120 -1024 ) (8192 -5120 -1440 ) 
4 219 224 0 (8192 -6144 -1024 ) (8192 -6144 -1440 ) (9216 -6144 -1440 ) (9216 -6144 -1024 ) 
4 220 350 0 (8192 -7168 2048 ) (8192 -7168 2240 ) (8192 -6144 2240 ) (8192 -6144 2048 ) 
4 220 225 0 (8192 -7168 2240 ) (8192 -7168 2048 ) (9216 -7168 2048 ) (9216 -7168 2240 ) 
4 220 221 0 (9216 -7168 2048 ) (8192 -7168 2048 ) (8192 -6144 2048 ) (9216 -6144 2048 ) 
4 221 351 0 (8192 -7168 1024 ) (8192 -7168 2048 ) (8192 -6144 2048 ) (8192 -6144 1024 ) 
4 221 226 0 (8192 -7168 2048 ) (8192 -7168 1024 ) (9216 -7168 1024 ) (9216 -7168 2048 ) 
4 221 222 0 (9216 -7168 1024 ) (8192 -7168 1024 ) (8192 -6144 1024 ) (9216 -6144 1024 ) 
4 222 352 0 (8192 -7168 0 ) (8192 -7168 1024 ) (8192 -6144 1024 ) (8192 -6144 0 ) 
4 222 227 0 (8192 -7168 1024 ) (8192 -7168 0 ) (9216 -7168 0 ) (9216 -7168 1024 ) 
4 222 223 0 (9216 -7168 0 ) (8192 -7168 0 ) (8192 -6144 0 ) (9216 -6144 0 ) 
4 223 353 0 (8192 -7168 -1024 ) (8192 -7168 0 ) (8192 -6144 0 ) (8192 -6144 -1024 ) 
4 223 228 0 (8192 -7168 0 ) (8192 -7168 -1024 ) (9216 -7168 -1024 ) (9216 -7168 0 ) 
4 223 224 0 (9216 -7168 -1024 ) (8192 -7168 -1024 ) (8192 -6144 -1024 ) (9216 -6144 -1024 ) 
4 224 354 0 (8192 -7168 -1440 ) (8192 -7168 -1024 ) (8192 -6144 -1024 ) (8192 -6144 -1440 ) 
4 224 229 0 (8192 -7168 -1024 ) (8192 -7168 -1440 ) (9216 -7168 -1440 ) (9216 -7168 -1024 ) 
4 225 355 0 (8192 -8192 2048 ) (8192 -8192 2240 ) (8192 -7168 2240 ) (8192 -7168 2048 ) 
4 225 230 0 (8192 -8192 2240 ) (8192 -8192 2048 ) (9216 -8192 2048 ) (9216 -8192 2240 ) 
4 225 226 0 (9216 -8192 2048 ) (8192 -8192 2048 ) (8192 -7168 2048 ) (9216 -7168 2048 ) 
4 226 356 0 (8192 -8192 1024 ) (8192 -8192 2048 ) (8192 -7168 2048 ) (8192 -7168 1024 ) 
4 226 231 0 (8192 -8192 2048 ) (8192 -8192 1024 ) (9216 -8192 1024 ) (9216 -8192 2048 ) 
4 226 227 0 (9216 -8192 1024 ) (8192 -8192 1024 ) (8192 -7168 1024 ) (9216 -7168 1024 ) 
4 227 357 0 (8192 -8192 0 ) (8192 -8192 1024 ) (8192 -7168 1024 ) (8192 -7168 0 ) 
4 227 232 0 (8192 -8192 1024 ) (8192 -8192 0 ) (9216 -8192 0 ) (9216 -8192 1024 ) 
4 227 228 0 (9216 -8192 0 ) (8192 -8192 0 ) (8192 -7168 0 ) (9216 -7168 0 ) 
4 228 358 0 (8192 -8192 -1024 ) (8192 -8192 0 ) (8192 -7168 0 ) (8192 -7168 -1024 ) 
4 228 233 0 (8192 -8192 0 ) (8192 -8192 -1024 ) (9216 -8192 -1024 ) (9216 -8192 0 ) 
4 228 229 0 (9216 -8192 -1024 ) (8192 -8192 -1024 ) (8192 -7168 -1024 ) (9216 -7168 -1024 ) 
4 229 359 0 (8192 -8192 -1440 ) (8192 -8192 -1024 ) (8192 -7168 -1024 ) (8192 -7168 -1440 ) 
4 229 234 0 (8192 -8192 -1024 ) (8192 -8192 -1440 ) (9216 -8192 -1440 ) (9216 -8192 -1024 ) 
4 230 360 0 (8192 -9216 2048 ) (8192 -9216 2240 ) (8192 -8192 2240 ) (8192 -8192 2048 ) 
4 230 235 0 (8192 -9216 2240 ) (8192 -9216 2048 ) (9216 -9216 2048 ) (9216 -9216 2240 ) 
4 230 231 0 (9216 -9216 2048 ) (8192 -9216 2048 ) (8192 -8192 2048 ) (9216 -8192 2048 ) 
4 231 361 0 (8192 -9216 1024 ) (8192 -9216 2048 ) (8192 -8192 2048 ) (8192 -8192 1024 ) 
4 231 236 0 (8192 -9216 2048 ) (8192 -9216 1024 ) (9216 -9216 1024 ) (9216 -9216 2048 ) 
4 231 232 0 (9216 -9216 1024 ) (8192 -9216 1024 ) (8192 -8192 1024 ) (9216 -8192 1024 ) 
4 232 362 0 (8192 -9216 0 ) (8192 -9216 1024 ) (8192 -8192 1024 ) (8192 -8192 0 ) 
4 232 237 0 (8192 -9216 1024 ) (8192 -9216 0 ) (9216 -9216 0 ) (9216 -9216 1024 ) 
4 232 233 0 (9216 -9216 0 ) (8192 -9216 0 ) (8192 -8192 0 ) (9216 -8192 0 ) 
4 233 363 0 (8192 -9216 -1024 ) (8192 -9216 0 ) (8192 -8192 0 ) (8192 -8192 -1024 ) 
4 233 238 0 (8192 -9216 0 ) (8192 -9216 -1024 ) (9216 -9216 -1024 ) (9216 -9216 0 ) 
4 233 234 0 (9216 -9216 -1024 ) (8192 -9216 -1024 ) (8192 -8192 -1024 ) (9216 -8192 -1024 ) 
4 234 364 0 (8192 -9216 -1440 ) (8192 -9216 -1024 ) (8192 -8192 -1024 ) (8192 -8192 -1440 ) 
4 234 239 0 (8192 -9216 -1024 ) (8192 -9216 -1440 ) (9216 -9216 -1440 ) (9216 -9216 -1024 ) 
4 235 365 0 (8192 -10240 2048 ) (8192 -10240 2240 ) (8192 -9216 2240 ) (8192 -9216 2048 ) 
4 235 240 0 (8192 -10240 2240 ) (8192 -10240 2048 ) (9216 -10240 2048 ) (9216 -10240 2240 ) 
4 235 236 0 (9216 -10240 2048 ) (8192 -10240 2048 ) (8192 -9216 2048 ) (9216 -9216 2048 ) 
4 236 366 0 (8192 -10240 1024 ) (8192 -10240 2048 ) (8192 -9216 2048 ) (8192 -9216 1024 ) 
4 236 241 0 (8192 -10240 2048 ) (8192 -10240 1024 ) (9216 -10240 1024 ) (9216 -10240 2048 ) 
4 236 237 0 (9216 -10240 1024 ) (8192 -10240 1024 ) (8192 -9216 1024 ) (9216 -9216 1024 ) 
4 237 367 0 (8192 -10240 0 ) (8192 -10240 1024 ) (8192 -9216 1024 ) (8192 -9216 0 ) 
4 237 242 0 (8192 -10240 1024 ) (8192 -10240 0 ) (9216 -10240 0 ) (9216 -10240 1024 ) 
4 237 238 0 (9216 -10240 0 ) (8192 -10240 0 ) (8192 -9216 0 ) (9216 -9216 0 ) 
4 238 368 0 (8192 -10240 -1024 ) (8192 -10240 0 ) (8192 -9216 0 ) (8192 -9216 -1024 ) 
4 238 243 0 (8192 -10240 0 ) (8192 -10240 -1024 ) (9216 -10240 -1024 ) (9216 -10240 0 ) 
4 238 239 0 (9216 -10240 -1024 ) (8192 -10240 -1024 ) (8192 -9216 -1024 ) (9216 -9216 -1024 ) 
4 239 369 0 (8192 -10240 -1440 ) (8192 -10240 -1024 ) (8192 -9216 -1024 ) (8192 -9216 -1440 ) 
4 239 244 0 (8192 -10240 -1024 ) (8192 -10240 -1440 ) (9216 -10240 -1440 ) (9216 -10240 -1024 ) 
4 240 370 0 (8192 -11264 2048 ) (8192 -11264 2240 ) (8192 -10240 2240 ) (8192 -10240 2048 ) 
4 240 245 0 (8192 -11264 2240 ) (8192 -11264 2048 ) (9216 -11264 2048 ) (9216 -11264 2240 ) 
4 240 241 0 (9216 -11264 2048 ) (8192 -11264 2048 ) (8192 -10240 2048 ) (9216 -10240 2048 ) 
4 241 371 0 (8192 -11264 1024 ) (8192 -11264 2048 ) (8192 -10240 2048 ) (8192 -10240 1024 ) 
4 241 246 0 (8192 -11264 2048 ) (8192 -11264 1024 ) (9216 -11264 1024 ) (9216 -11264 2048 ) 
4 241 242 0 (9216 -11264 1024 ) (8192 -11264 1024 ) (8192 -10240 1024 ) (9216 -10240 1024 ) 
4 242 372 0 (8192 -11264 0 ) (8192 -11264 1024 ) (8192 -10240 1024 ) (8192 -10240 0 ) 
4 242 247 0 (8192 -11264 1024 ) (8192 -11264 0 ) (9216 -11264 0 ) (9216 -11264 1024 ) 
4 242 243 0 (9216 -11264 0 ) (8192 -11264 0 ) (8192 -10240 0 ) (9216 -10240 0 ) 
4 243 373 0 (8192 -11264 -1024 ) (8192 -11264 0 ) (8192 -10240 0 ) (8192 -10240 -1024 ) 
4 243 248 0 (8192 -11264 0 ) (8192 -11264 -1024 ) (9216 -11264 -1024 ) (9216 -11264 0 ) 
4 243 244 0 (9216 -11264 -1024 ) (8192 -11264 -1024 ) (8192 -10240 -1024 ) (9216 -10240 -1024 ) 
4 244 374 0 (8192 -11264 -1440 ) (8192 -11264 -1024 ) (8192 -10240 -1024 ) (8192 -10240 -1440 ) 
4 244 249 0 (8192 -11264 -1024 ) (8192 -11264 -1440 ) (9216 -11264 -1440 ) (9216 -11264 -1024 ) 
4 245 375 0 (8192 -12288 2048 ) (8192 -12288 2240 ) (8192 -11264 2240 ) (8192 -11264 2048 ) 
4 245 250 0 (8192 -12288 2240 ) (8192 -12288 2048 ) (9216 -12288 2048 ) (9216 -12288 2240 ) 
4 245 246 0 (9216 -12288 2048 ) (8192 -12288 2048 ) (8192 -11264 2048 ) (9216 -11264 2048 ) 
4 246 376 0 (8192 -12288 1024 ) (8192 -12288 2048 ) (8192 -11264 2048 ) (8192 -11264 1024 ) 
4 246 251 0 (8192 -12288 2048 ) (8192 -12288 1024 ) (9216 -12288 1024 ) (9216 -12288 2048 ) 
4 246 247 0 (9216 -12288 1024 ) (8192 -12288 1024 ) (8192 -11264 1024 ) (9216 -11264 1024 ) 
4 247 377 0 (8192 -12288 0 ) (8192 -12288 1024 ) (8192 -11264 1024 ) (8192 -11264 0 ) 
4 247 252 0 (8192 -12288 1024 ) (8192 -12288 0 ) (9216 -12288 0 ) (9216 -12288 1024 ) 
4 247 248 0 (9216 -12288 0 ) (8192 -12288 0 ) (8192 -11264 0 ) (9216 -11264 0 ) 
4 248 378 0 (8192 -12288 -1024 ) (8192 -12288 0 ) (8192 -11264 0 ) (8192 -11264 -1024 ) 
4 248 253 0 (8192 -12288 0 ) (8192 -12288 -1024 ) (9216 -12288 -1024 ) (9216 -12288 0 ) 
4 248 249 0 (9216 -12288 -1024 ) (8192 -12288 -1024 ) (8192 -11264 -1024 ) (9216 -11264 -1024 ) 
4 249 379 0 (8192 -12288 -1440 ) (8192 -12288 -1024 ) (8192 -11264 -1024 ) (8192 -11264 -1440 ) 
4 249 254 0 (8192 -12288 -1024 ) (8192 -12288 -1440 ) (9216 -12288 -1440 ) (9216 -12288 -1024 ) 
4 250 380 0 (8192 -13312 2048 ) (8192 -13312 2240 ) (8192 -12288 2240 ) (8192 -12288 2048 ) 
4 250 255 0 (8192 -13312 2240 ) (8192 -13312 2048 ) (9216 -13312 2048 ) (9216 -13312 2240 ) 
4 250 251 0 (9216 -13312 2048 ) (8192 -13312 2048 ) (8192 -12288 2048 ) (9216 -12288 2048 ) 
4 251 381 0 (8192 -13312 1024 ) (8192 -13312 2048 ) (8192 -12288 2048 ) (8192 -12288 1024 ) 
4 251 256 0 (8192 -13312 2048 ) (8192 -13312 1024 ) (9216 -13312 1024 ) (9216 -13312 2048 ) 
4 251 252 0 (9216 -13312 1024 ) (8192 -13312 1024 ) (8192 -12288 1024 ) (9216 -12288 1024 ) 
4 252 382 0 (8192 -13312 0 ) (8192 -13312 1024 ) (8192 -12288 1024 ) (8192 -12288 0 ) 
4 252 257 0 (8192 -13312 1024 ) (8192 -13312 0 ) (9216 -13312 0 ) (9216 -13312 1024 ) 
4 252 253 0 (9216 -13312 0 ) (8192 -13312 0 ) (8192 -12288 0 ) (9216 -12288 0 ) 
4 253 383 0 (8192 -13312 -1024 ) (8192 -13312 0 ) (8192 -12288 0 ) (8192 -12288 -1024 ) 
4 253 258 0 (8192 -13312 0 ) (8192 -13312 -1024 ) (9216 -13312 -1024 ) (9216 -13312 0 ) 
4 253 254 0 (9216 -13312 -1024 ) (8192 -13312 -1024 ) (8192 -12288 -1024 ) (9216 -12288 -1024 ) 
4 254 384 0 (8192 -13312 -1440 ) (8192 -13312 -1024 ) (8192 -12288 -1024 ) (8192 -12288 -1440 ) 
4 254 259 0 (8192 -13312 -1024 ) (8192 -13312 -1440 ) (9216 -13312 -1440 ) (9216 -13312 -1024 ) 
4 255 385 0 (8192 -13408 2240 ) (8192 -13312 2240 ) (8192 -13312 2048 ) (8192 -13408 2048 ) 
4 255 256 0 (8192 -13408 2048 ) (8192 -13312 2048 ) (9216 -13312 2048 ) (9216 -13408 2048 ) 
4 256 386 0 (8192 -13408 2048 ) (8192 -13312 2048 ) (8192 -13312 1024 ) (8192 -13408 1024 ) 
4 256 257 0 (8192 -13408 1024 ) (8192 -13312 1024 ) (9216 -13312 1024 ) (9216 -13408 1024 ) 
4 257 387 0 (8192 -13408 1024 ) (8192 -13312 1024 ) (8192 -13312 0 ) (8192 -13408 0 ) 
4 257 258 0 (8192 -13408 0 ) (8192 -13312 0 ) (9216 -13312 0 ) (9216 -13408 0 ) 
4 258 388 0 (8192 -13408 0 ) (8192 -13312 0 ) (8192 -13312 -1024 ) (8192 -13408 -1024 ) 
4 258 259 0 (8192 -13408 -1024 ) (8192 -13312 -1024 ) (9216 -13312 -1024 ) (9216 -13408 -1024 ) 
4 259 389 0 (8192 -13408 -1024 ) (8192 -13312 -1024 ) (8192 -13312 -1440 ) (8192 -13408 -1440 ) 
4 260 390 0 (7168 11264 2048 ) (7168 11264 2240 ) (7168 11312 2240 ) (7168 11312 2048 ) 
4 260 265 0 (7168 11264 2240 ) (7168 11264 2048 ) (8192 11264 2048 ) (8192 11264 2240 ) 
4 260 261 0 (8192 11264 2048 ) (7168 11264 2048 ) (7168 11312 2048 ) (8192 11312 2048 ) 
4 261 391 0 (7168 11264 1024 ) (7168 11264 2048 ) (7168 11312 2048 ) (7168 11312 1024 ) 
4 261 266 0 (7168 11264 2048 ) (7168 11264 1024 ) (8192 11264 1024 ) (8192 11264 2048 ) 
4 261 262 0 (8192 11264 1024 ) (7168 11264 1024 ) (7168 11312 1024 ) (8192 11312 1024 ) 
4 262 392 0 (7168 11264 0 ) (7168 11264 1024 ) (7168 11312 1024 ) (7168 11312 0 ) 
4 262 267 0 (7168 11264 1024 ) (7168 11264 0 ) (8192 11264 0 ) (8192 11264 1024 ) 
4 262 263 0 (8192 11264 0 ) (7168 11264 0 ) (7168 11312 0 ) (8192 11312 0 ) 
4 263 393 0 (7168 11264 -1024 ) (7168 11264 0 ) (7168 11312 0 ) (7168 11312 -1024 ) 
4 263 268 0 (7168 11264 0 ) (7168 11264 -1024 ) (8192 11264 -1024 ) (8192 11264 0 ) 
4 263 264 0 (8192 11264 -1024 ) (7168 11264 -1024 ) (7168 11312 -1024 ) (8192 11312 -1024 ) 
4 264 394 0 (7168 11264 -1440 ) (7168 11264 -1024 ) (7168 11312 -1024 ) (7168 11312 -1440 ) 
4 264 269 0 (7168 11264 -1024 ) (7168 11264 -1440 ) (8192 11264 -1440 ) (8192 11264 -1024 ) 
4 265 395 0 (7168 10240 2048 ) (7168 10240 2240 ) (7168 11264 2240 ) (7168 11264 2048 ) 
4 265 270 0 (7168 10240 2240 ) (7168 10240 2048 ) (8192 10240 2048 ) (8192 10240 2240 ) 
4 265 266 0 (8192 10240 2048 ) (7168 10240 2048 ) (7168 11264 2048 ) (8192 11264 2048 ) 
4 266 396 0 (7168 10240 1024 ) (7168 10240 2048 ) (7168 11264 2048 ) (7168 11264 1024 ) 
4 266 271 0 (7168 10240 2048 ) (7168 10240 1024 ) (8192 10240 1024 ) (8192 10240 2048 ) 
4 266 267 0 (8192 10240 1024 ) (7168 10240 1024 ) (7168 11264 1024 ) (8192 11264 1024 ) 
4 267 397 0 (7168 10240 0 ) (7168 10240 1024 ) (7168 11264 1024 ) (7168 11264 0 ) 
4 267 272 0 (7168 10240 1024 ) (7168 10240 0 ) (8192 10240 0 ) (8192 10240 1024 ) 
4 267 268 0 (8192 10240 0 ) (7168 10240 0 ) (7168 11264 0 ) (8192 11264 0 ) 
4 268 398 0 (7168 10240 -1024 ) (7168 10240 0 ) (7168 11264 0 ) (7168 11264 -1024 ) 
4 268 273 0 (7168 10240 0 ) (7168 10240 -1024 ) (8192 10240 -1024 ) (8192 10240 0 ) 
4 268 269 0 (8192 10240 -1024 ) (7168 10240 -1024 ) (7168 11264 -1024 ) (8192 11264 -1024 ) 
4 269 399 0 (7168 10240 -1440 ) (7168 10240 -1024 ) (7168 11264 -1024 ) (7168 11264 -1440 ) 
4 269 274 0 (7168 10240 -1024 ) (7168 10240 -1440 ) (8192 10240 -1440 ) (8192 10240 -1024 ) 
4 270 400 0 (7168 9216 2048 ) (7168 9216 2240 ) (7168 10240 2240 ) (7168 10240 2048 ) 
4 270 275 0 (7168 9216 2240 ) (7168 9216 2048 ) (8192 9216 2048 ) (8192 9216 2240 ) 
4 270 271 0 (8192 9216 2048 ) (7168 9216 2048 ) (7168 10240 2048 ) (8192 10240 2048 ) 
4 271 401 0 (7168 9216 1024 ) (7168 9216 2048 ) (7168 10240 2048 ) (7168 10240 1024 ) 
4 271 276 0 (7168 9216 2048 ) (7168 9216 1024 ) (8192 9216 1024 ) (8192 9216 2048 ) 
4 271 272 0 (8192 9216 1024 ) (7168 9216 1024 ) (7168 10240 1024 ) (8192 10240 1024 ) 
4 272 402 0 (7168 9216 0 ) (7168 9216 1024 ) (7168 10240 1024 ) (7168 10240 0 ) 
4 272 277 0 (7168 9216 1024 ) (7168 9216 0 ) (8192 9216 0 ) (8192 9216 1024 ) 
4 272 273 0 (8192 9216 0 ) (7168 9216 0 ) (7168 10240 0 ) (8192 10240 0 ) 
4 273 403 0 (7168 9216 -1024 ) (7168 9216 0 ) (7168 10240 0 ) (7168 10240 -1024 ) 
4 273 278 0 (7168 9216 0 ) (7168 9216 -1024 ) (8192 9216 -1024 ) (8192 9216 0 ) 
4 273 274 0 (8192 9216 -1024 ) (7168 9216 -1024 ) (7168 10240 -1024 ) (8192 10240 -1024 ) 
4 274 404 0 (7168 9216 -1440 ) (7168 9216 -1024 ) (7168 10240 -1024 ) (7168 10240 -1440 ) 
4 274 279 0 (7168 9216 -1024 ) (7168 9216 -1440 ) (8192 9216 -1440 ) (8192 9216 -1024 ) 
4 275 405 0 (7168 8192 2048 ) (7168 8192 2240 ) (7168 9216 2240 ) (7168 9216 2048 ) 
4 275 280 0 (7168 8192 2240 ) (7168 8192 2048 ) (8192 8192 2048 ) (8192 8192 2240 ) 
4 275 276 0 (8192 8192 2048 ) (7168 8192 2048 ) (7168 9216 2048 ) (8192 9216 2048 ) 
4 276 406 0 (7168 8192 1024 ) (7168 8192 2048 ) (7168 9216 2048 ) (7168 9216 1024 ) 
4 276 281 0 (7168 8192 2048 ) (7168 8192 1024 ) (8192 8192 1024 ) (8192 8192 2048 ) 
4 276 277 0 (8192 8192 1024 ) (7168 8192 1024 ) (7168 9216 1024 ) (8192 9216 1024 ) 
4 277 407 0 (7168 8192 0 ) (7168 8192 1024 ) (7168 9216 1024 ) (7168 9216 0 ) 
4 277 282 0 (7168 8192 1024 ) (7168 8192 0 ) (8192 8192 0 ) (8192 8192 1024 ) 
4 277 278 0 (8192 8192 0 ) (7168 8192 0 ) (7168 9216 0 ) (8192 9216 0 ) 
4 278 408 0 (7168 8192 -1024 ) (7168 8192 0 ) (7168 9216 0 ) (7168 9216 -1024 ) 
4 278 283 0 (7168 8192 0 ) (7168 8192 -1024 ) (8192 8192 -1024 ) (8192 8192 0 ) 
4 278 279 0 (8192 8192 -1024 ) (7168 8192 -1024 ) (7168 9216 -1024 ) (8192 9216 -1024 ) 
4 279 409 0 (7168 8192 -1440 ) (7168 8192 -1024 ) (7168 9216 -1024 ) (7168 9216 -1440 ) 
4 279 284 0 (7168 8192 -1024 ) (7168 8192 -1440 ) (8192 8192 -1440 ) (8192 8192 -1024 ) 
4 280 410 0 (7168 7168 2048 ) (7168 7168 2240 ) (7168 8192 2240 ) (7168 8192 2048 ) 
4 280 285 0 (7168 7168 2240 ) (7168 7168 2048 ) (8192 7168 2048 ) (8192 7168 2240 ) 
4 280 281 0 (8192 7168 2048 ) (7168 7168 2048 ) (7168 8192 2048 ) (8192 8192 2048 ) 
4 281 411 0 (7168 7168 1024 ) (7168 7168 2048 ) (7168 8192 2048 ) (7168 8192 1024 ) 
4 281 286 0 (7168 7168 2048 ) (7168 7168 1024 ) (8192 7168 1024 ) (8192 7168 2048 ) 
4 281 282 0 (8192 7168 1024 ) (7168 7168 1024 ) (7168 8192 1024 ) (8192 8192 1024 ) 
4 282 412 0 (7168 7168 0 ) (7168 7168 1024 ) (7168 8192 1024 ) (7168 8192 0 ) 
4 282 287 0 (7168 7168 1024 ) (7168 7168 0 ) (8192 7168 0 ) (8192 7168 1024 ) 
4 282 283 0 (8192 7168 0 ) (7168 7168 0 ) (7168 8192 0 ) (8192 8192 0 ) 
4 283 413 0 (7168 7168 -1024 ) (7168 7168 0 ) (7168 8192 0 ) (7168 8192 -1024 ) 
4 283 288 0 (7168 7168 0 ) (7168 7168 -1024 ) (8192 7168 -1024 ) (8192 7168 0 ) 
4 283 284 0 (8192 7168 -1024 ) (7168 7168 -1024 ) (7168 8192 -1024 ) (8192 8192 -1024 ) 
4 284 414 0 (7168 7168 -1440 ) (7168 7168 -1024 ) (7168 8192 -1024 ) (7168 8192 -1440 ) 
4 284 289 0 (7168 7168 -1024 ) (7168 7168 -1440 ) (8192 7168 -1440 ) (8192 7168 -1024 ) 
4 285 415 0 (7168 6144 2048 ) (7168 6144 2240 ) (7168 7168 2240 ) (7168 7168 2048 ) 
4 285 290 0 (7168 6144 2240 ) (7168 6144 2048 ) (8192 6144 2048 ) (8192 6144 2240 ) 
4 285 286 0 (8192 6144 2048 ) (7168 6144 2048 ) (7168 7168 2048 ) (8192 7168 2048 ) 
4 286 416 0 (7168 6144 1024 ) (7168 6144 2048 ) (7168 7168 2048 ) (7168 7168 1024 ) 
4 286 291 0 (7168 6144 2048 ) (7168 6144 1024 ) (8192 6144 1024 ) (8192 6144 2048 ) 
4 286 287 0 (8192 6144 1024 ) (7168 6144 1024 ) (7168 7168 1024 ) (8192 7168 1024 ) 
4 287 417 0 (7168 6144 0 ) (7168 6144 1024 ) (7168 7168 1024 ) (7168 7168 0 ) 
4 287 292 0 (7168 6144 1024 ) (7168 6144 0 ) (8192 6144 0 ) (8192 6144 1024 ) 
4 287 288 0 (8192 6144 0 ) (7168 6144 0 ) (7168 7168 0 ) (8192 7168 0 ) 
4 288 418 0 (7168 6144 -1024 ) (7168 6144 0 ) (7168 7168 0 ) (7168 7168 -1024 ) 
4 288 293 0 (7168 6144 0 ) (7168 6144 -1024 ) (8192 6144 -1024 ) (8192 6144 0 ) 
4 288 289 0 (8192 6144 -1024 ) (7168 6144 -1024 ) (7168 7168 -1024 ) (8192 7168 -1024 ) 
4 289 419 0 (7168 6144 -1440 ) (7168 6144 -1024 ) (7168 7168 -1024 ) (7168 7168 -1440 ) 
4 289 294 0 (7168 6144 -1024 ) (7168 6144 -1440 ) (8192 6144 -1440 ) (8192 6144 -1024 ) 
4 290 420 0 (7168 5120 2048 ) (7168 5120 2240 ) (7168 6144 2240 ) (7168 6144 2048 ) 
4 290 295 0 (7168 5120 2240 ) (7168 5120 2048 ) (8192 5120 2048 ) (8192 5120 2240 ) 
4 290 291 0 (8192 5120 2048 ) (7168 5120 2048 ) (7168 6144 2048 ) (8192 6144 2048 ) 
4 291 421 0 (7168 5120 1024 ) (7168 5120 2048 ) (7168 6144 2048 ) (7168 6144 1024 ) 
4 291 296 0 (7168 5120 2048 ) (7168 5120 1024 ) (8192 5120 1024 ) (8192 5120 2048 ) 
4 291 292 0 (8192 5120 1024 ) (7168 5120 1024 ) (7168 6144 1024 ) (8192 6144 1024 ) 
4 292 422 0 (7168 5120 0 ) (7168 5120 1024 ) (7168 6144 1024 ) (7168 6144 0 ) 
4 292 297 0 (7168 5120 1024 ) (7168 5120 0 ) (8192 5120 0 ) (8192 5120 1024 ) 
4 292 293 0 (8192 5120 0 ) (7168 5120 0 ) (7168 6144 0 ) (8192 6144 0 ) 
4 293 423 0 (7168 5120 -1024 ) (7168 5120 0 ) (7168 6144 0 ) (7168 6144 -1024 ) 
4 293 298 0 (7168 5120 0 ) (7168 5120 -1024 ) (8192 5120 -1024 ) (8192 5120 0 ) 
4 293 294 0 (8192 5120 -1024 ) (7168 5120 -1024 ) (7168 6144 -1024 ) (8192 6144 -1024 ) 
4 294 424 0 (7168 5120 -1440 ) (7168 5120 -1024 ) (7168 6144 -1024 ) (7168 6144 -1440 ) 
4 294 299 0 (7168 5120 -1024 ) (7168 5120 -1440 ) (8192 5120 -1440 ) (8192 5120 -1024 ) 
4 295 425 0 (7168 4096 2048 ) (7168 4096 2240 ) (7168 5120 2240 ) (7168 5120 2048 ) 
4 295 300 0 (7168 4096 2240 ) (7168 4096 2048 ) (8192 4096 2048 ) (8192 4096 2240 ) 
4 295 296 0 (8192 4096 2048 ) (7168 4096 2048 ) (7168 5120 2048 ) (8192 5120 2048 ) 
4 296 426 0 (7168 4096 1024 ) (7168 4096 2048 ) (7168 5120 2048 ) (7168 5120 1024 ) 
4 296 301 0 (7168 4096 2048 ) (7168 4096 1024 ) (8192 4096 1024 ) (8192 4096 2048 ) 
4 296 297 0 (8192 4096 1024 ) (7168 4096 1024 ) (7168 5120 1024 ) (8192 5120 1024 ) 
4 297 427 0 (7168 4096 0 ) (7168 4096 1024 ) (7168 5120 1024 ) (7168 5120 0 ) 
4 297 302 0 (7168 4096 1024 ) (7168 4096 0 ) (8192 4096 0 ) (8192 4096 1024 ) 
4 297 298 0 (8192 4096 0 ) (7168 4096 0 ) (7168 5120 0 ) (8192 5120 0 ) 
4 298 428 0 (7168 4096 -1024 ) (7168 4096 0 ) (7168 5120 0 ) (7168 5120 -1024 ) 
4 298 303 0 (7168 4096 0 ) (7168 4096 -1024 ) (8192 4096 -1024 ) (8192 4096 0 ) 
4 298 299 0 (8192 4096 -1024 ) (7168 4096 -1024 ) (7168 5120 -1024 ) (8192 5120 -1024 ) 
4 299 429 0 (7168 4096 -1440 ) (7168 4096 -1024 ) (7168 5120 -1024 ) (7168 5120 -1440 ) 
4 299 304 0 (7168 4096 -1024 ) (7168 4096 -1440 ) (8192 4096 -1440 ) (8192 4096 -1024 ) 
4 300 430 0 (7168 3072 2048 ) (7168 3072 2240 ) (7168 4096 2240 ) (7168 4096 2048 ) 
4 300 305 0 (7168 3072 2240 ) (7168 3072 2048 ) (8192 3072 2048 ) (8192 3072 2240 ) 
4 300 301 0 (8192 3072 2048 ) (7168 3072 2048 ) (7168 4096 2048 ) (8192 4096 2048 ) 
4 301 431 0 (7168 3072 1024 ) (7168 3072 2048 ) (7168 4096 2048 ) (7168 4096 1024 ) 
4 301 306 0 (7168 3072 2048 ) (7168 3072 1024 ) (8192 3072 1024 ) (8192 3072 2048 ) 
4 301 302 0 (8192 3072 1024 ) (7168 3072 1024 ) (7168 4096 1024 ) (8192 4096 1024 ) 
4 302 432 0 (7168 3072 0 ) (7168 3072 1024 ) (7168 4096 1024 ) (7168 4096 0 ) 
4 302 307 0 (7168 3072 1024 ) (7168 3072 0 ) (8192 3072 0 ) (8192 3072 1024 ) 
4 302 303 0 (8192 3072 0 ) (7168 3072 0 ) (7168 4096 0 ) (8192 4096 0 ) 
4 303 433 0 (7168 3072 -1024 ) (7168 3072 0 ) (7168 4096 0 ) (7168 4096 -1024 ) 
4 303 308 0 (7168 3072 0 ) (7168 3072 -1024 ) (8192 3072 -1024 ) (8192 3072 0 ) 
4 303 304 0 (8192 3072 -1024 ) (7168 3072 -1024 ) (7168 4096 -1024 ) (8192 4096 -1024 ) 
4 304 434 0 (7168 3072 -1440 ) (7168 3072 -1024 ) (7168 4096 -1024 ) (7168 4096 -1440 ) 
4 304 309 0 (7168 3072 -1024 ) (7168 3072 -1440 ) (8192 3072 -1440 ) (8192 3072 -1024 ) 
4 305 435 0 (7168 2048 2048 ) (7168 2048 2240 ) (7168 3072 2240 ) (7168 3072 2048 ) 
4 305 310 0 (7168 2048 2240 ) (7168 2048 2048 ) (8192 2048 2048 ) (8192 2048 2240 ) 
4 305 306 0 (8192 2048 2048 ) (7168 2048 2048 ) (7168 3072 2048 ) (8192 3072 2048 ) 
4 306 436 0 (7168 2048 1024 ) (7168 2048 2048 ) (7168 3072 2048 ) (7168 3072 1024 ) 
4 306 311 0 (7168 2048 2048 ) (7168 2048 1024 ) (8192 2048 1024 ) (8192 2048 2048 ) 
4 306 307 0 (8192 2048 1024 ) (7168 2048 1024 ) (7168 3072 1024 ) (8192 3072 1024 ) 
4 307 437 0 (7168 2048 0 ) (7168 2048 1024 ) (7168 3072 1024 ) (7168 3072 0 ) 
4 307 312 0 (7168 2048 1024 ) (7168 2048 0 ) (8192 2048 0 ) (8192 2048 1024 ) 
4 307 308 0 (8192 2048 0 ) (7168 2048 0 ) (7168 3072 0 ) (8192 3072 0 ) 
4 308 438 0 (7168 2048 -1024 ) (7168 2048 0 ) (7168 3072 0 ) (7168 3072 -1024 ) 
4 308 313 0 (7168 2048 0 ) (7168 2048 -1024 ) (8192 2048 -1024 ) (8192 2048 0 ) 
4 308 309 0 (8192 2048 -1024 ) (7168 2048 -1024 ) (7168 3072 -1024 ) (8192 3072 -1024 ) 
4 309 439 0 (7168 2048 -1440 ) (7168 2048 -1024 ) (7168 3072 -1024 ) (7168 3072 -1440 ) 
4 309 314 0 (7168 2048 -1024 ) (7168 2048 -1440 ) (8192 2048 -1440 ) (8192 2048 -1024 ) 
4 310 440 0 (7168 1024 2048 ) (7168 1024 2240 ) (7168 2048 2240 ) (7168 2048 2048 ) 
4 310 315 0 (7168 1024 2240 ) (7168 1024 2048 ) (8192 1024 2048 ) (8192 1024 2240 ) 
4 310 311 0 (8192 1024 2048 ) (7168 1024 2048 ) (7168 2048 2048 ) (8192 2048 2048 ) 
4 311 441 0 (7168 1024 1024 ) (7168 1024 2048 ) (7168 2048 2048 ) (7168 2048 1024 ) 
4 311 316 0 (7168 1024 2048 ) (7168 1024 1024 ) (8192 1024 1024 ) (8192 1024 2048 ) 
4 311 312 0 (8192 1024 1024 ) (7168 1024 1024 ) (7168 2048 1024 ) (8192 2048 1024 ) 
4 312 442 0 (7168 1024 0 ) (7168 1024 1024 ) (7168 2048 1024 ) (7168 2048 0 ) 
4 312 317 0 (7168 1024 1024 ) (7168 1024 0 ) (8192 1024 0 ) (8192 1024 1024 ) 
4 312 313 0 (8192 1024 0 ) (7168 1024 0 ) (7168 2048 0 ) (8192 2048 0 ) 
4 313 443 0 (7168 1024 -1024 ) (7168 1024 0 ) (7168 2048 0 ) (7168 2048 -1024 ) 
4 313 318 0 (7168 1024 0 ) (7168 1024 -1024 ) (8192 1024 -1024 ) (8192 1024 0 ) 
4 313 314 0 (8192 1024 -1024 ) (7168 1024 -1024 ) (7168 2048 -1024 ) (8192 2048 -1024 ) 
4 314 444 0 (7168 1024 -1440 ) (7168 1024 -1024 ) (7168 2048 -1024 ) (7168 2048 -1440 ) 
4 314 319 0 (7168 1024 -1024 ) (7168 1024 -1440 ) (8192 1024 -1440 ) (8192 1024 -1024 ) 
4 315 445 0 (7168 0 2048 ) (7168 0 2240 ) (7168 1024 2240 ) (7168 1024 2048 ) 
4 315 320 0 (7168 0 2240 ) (7168 0 2048 ) (8192 0 2048 ) (8192 0 2240 ) 
4 315 316 0 (8192 0 2048 ) (7168 0 2048 ) (7168 1024 2048 ) (8192 1024 2048 ) 
4 316 446 0 (7168 0 1024 ) (7168 0 2048 ) (7168 1024 2048 ) (7168 1024 1024 ) 
4 316 321 0 (7168 0 2048 ) (7168 0 1024 ) (8192 0 1024 ) (8192 0 2048 ) 
4 316 317 0 (8192 0 1024 ) (7168 0 1024 ) (7168 1024 1024 ) (8192 1024 1024 ) 
4 317 447 0 (7168 0 0 ) (7168 0 1024 ) (7168 1024 1024 ) (7168 1024 0 ) 
4 317 322 0 (7168 0 1024 ) (7168 0 0 ) (8192 0 0 ) (8192 0 1024 ) 
4 317 318 0 (8192 0 0 ) (7168 0 0 ) (7168 1024 0 ) (8192 1024 0 ) 
4 318 448 0 (7168 0 -1024 ) (7168 0 0 ) (7168 1024 0 ) (7168 1024 -1024 ) 
4 318 323 0 (7168 0 0 ) (7168 0 -1024 ) (8192 0 -1024 ) (8192 0 0 ) 
4 318 319 0 (8192 0 -1024 ) (7168 0 -1024 ) (7168 1024 -1024 ) (8192 1024 -1024 ) 
4 319 449 0 (7168 0 -1440 ) (7168 0 -1024 ) (7168 1024 -1024 ) (7168 1024 -1440 ) 
4 319 324 0 (7168 0 -1024 ) (7168 0 -1440 ) (8192 0 -1440 ) (8192 0 -1024 ) 
4 320 450 0 (7168 -1024 2048 ) (7168 -1024 2240 ) (7168 0 2240 ) (7168 0 2048 ) 
4 320 325 0 (7168 -1024 2240 ) (7168 -1024 2048 ) (8192 -1024 2048 ) (8192 -1024 2240 ) 
4 320 321 0 (8192 -1024 2048 ) (7168 -1024 2048 ) (7168 0 2048 ) (8192 0 2048 ) 
4 321 451 0 (7168 -1024 1024 ) (7168 -1024 2048 ) (7168 0 2048 ) (7168 0 1024 ) 
4 321 326 0 (7168 -1024 2048 ) (7168 -1024 1024 ) (8192 -1024 1024 ) (8192 -1024 2048 ) 
4 321 322 0 (8192 -1024 1024 ) (7168 -1024 1024 ) (7168 0 1024 ) (8192 0 1024 ) 
4 322 452 0 (7168 -1024 0 ) (7168 -1024 1024 ) (7168 0 1024 ) (7168 0 0 ) 
4 322 327 0 (7168 -1024 1024 ) (7168 -1024 0 ) (8192 -1024 0 ) (8192 -1024 1024 ) 
4 322 323 0 (8192 -1024 0 ) (7168 -1024 0 ) (7168 0 0 ) (8192 0 0 ) 
4 323 453 0 (7168 -1024 -1024 ) (7168 -1024 0 ) (7168 0 0 ) (7168 0 -1024 ) 
4 323 328 0 (7168 -1024 0 ) (7168 -1024 -1024 ) (8192 -1024 -1024 ) (8192 -1024 0 ) 
4 323 324 0 (8192 -1024 -1024 ) (7168 -1024 -1024 ) (7168 0 -1024 ) (8192 0 -1024 ) 
4 324 454 0 (7168 -1024 -1440 ) (7168 -1024 -1024 ) (7168 0 -1024 ) (7168 0 -1440 ) 
4 324 329 0 (7168 -1024 -1024 ) (7168 -1024 -1440 ) (8192 -1024 -1440 ) (8192 -1024 -1024 ) 
4 325 455 0 (7168 -2048 2048 ) (7168 -2048 2240 ) (7168 -1024 2240 ) (7168 -1024 2048 ) 
4 325 330 0 (7168 -2048 2240 ) (7168 -2048 2048 ) (8192 -2048 2048 ) (8192 -2048 2240 ) 
4 325 326 0 (8192 -2048 2048 ) (7168 -2048 2048 ) (7168 -1024 2048 ) (8192 -1024 2048 ) 
4 326 456 0 (7168 -2048 1024 ) (7168 -2048 2048 ) (7168 -1024 2048 ) (7168 -1024 1024 ) 
4 326 331 0 (7168 -2048 2048 ) (7168 -2048 1024 ) (8192 -2048 1024 ) (8192 -2048 2048 ) 
4 326 327 0 (8192 -2048 1024 ) (7168 -2048 1024 ) (7168 -1024 1024 ) (8192 -1024 1024 ) 
4 327 457 0 (7168 -2048 0 ) (7168 -2048 1024 ) (7168 -1024 1024 ) (7168 -1024 0 ) 
4 327 332 0 (7168 -2048 1024 ) (7168 -2048 0 ) (8192 -2048 0 ) (8192 -2048 1024 ) 
4 327 328 0 (8192 -2048 0 ) (7168 -2048 0 ) (7168 -1024 0 ) (8192 -1024 0 ) 
4 328 458 0 (7168 -2048 -1024 ) (7168 -2048 0 ) (7168 -1024 0 ) (7168 -1024 -1024 ) 
4 328 333 0 (7168 -2048 0 ) (7168 -2048 -1024 ) (8192 -2048 -1024 ) (8192 -2048 0 ) 
4 328 329 0 (8192 -2048 -1024 ) (7168 -2048 -1024 ) (7168 -1024 -1024 ) (8192 -1024 -1024 ) 
4 329 459 0 (7168 -2048 -1440 ) (7168 -2048 -1024 ) (7168 -1024 -1024 ) (7168 -1024 -1440 ) 
4 329 334 0 (7168 -2048 -1024 ) (7168 -2048 -1440 ) (8192 -2048 -1440 ) (8192 -2048 -1024 ) 
4 330 460 0 (7168 -3072 2048 ) (7168 -3072 2240 ) (7168 -2048 2240 ) (7168 -2048 2048 ) 
4 330 335 0 (7168 -3072 2240 ) (7168 -3072 2048 ) (8192 -3072 2048 ) (8192 -3072 2240 ) 
4 330 331 0 (8192 -3072 2048 ) (7168 -3072 2048 ) (7168 -2048 2048 ) (8192 -2048 2048 ) 
4 331 461 0 (7168 -3072 1024 ) (7168 -3072 2048 ) (7168 -2048 2048 ) (7168 -2048 1024 ) 
4 331 336 0 (7168 -3072 2048 ) (7168 -3072 1024 ) (8192 -3072 1024 ) (8192 -3072 2048 ) 
4 331 332 0 (8192 -3072 1024 ) (7168 -3072 1024 ) (7168 -2048 1024 ) (8192 -2048 1024 ) 
4 332 462 0 (7168 -3072 0 ) (7168 -3072 1024 ) (7168 -2048 1024 ) (7168 -2048 0 ) 
4 332 337 0 (7168 -3072 1024 ) (7168 -3072 0 ) (8192 -3072 0 ) (8192 -3072 1024 ) 
4 332 333 0 (8192 -3072 0 ) (7168 -3072 0 ) (7168 -2048 0 ) (8192 -2048 0 ) 
4 333 463 0 (7168 -3072 -1024 ) (7168 -3072 0 ) (7168 -2048 0 ) (7168 -2048 -1024 ) 
4 333 338 0 (7168 -3072 0 ) (7168 -3072 -1024 ) (8192 -3072 -1024 ) (8192 -3072 0 ) 
4 333 334 0 (8192 -3072 -1024 ) (7168 -3072 -1024 ) (7168 -2048 -1024 ) (8192 -2048 -1024 ) 
4 334 464 0 (7168 -3072 -1440 ) (7168 -3072 -1024 ) (7168 -2048 -1024 ) (7168 -2048 -1440 ) 
4 334 339 0 (7168 -3072 -1024 ) (7168 -3072 -1440 ) (8192 -3072 -1440 ) (8192 -3072 -1024 ) 
4 335 465 0 (7168 -4096 2048 ) (7168 -4096 2240 ) (7168 -3072 2240 ) (7168 -3072 2048 ) 
4 335 340 0 (7168 -4096 2240 ) (7168 -4096 2048 ) (8192 -4096 2048 ) (8192 -4096 2240 ) 
4 335 336 0 (8192 -4096 2048 ) (7168 -4096 2048 ) (7168 -3072 2048 ) (8192 -3072 2048 ) 
4 336 466 0 (7168 -4096 1024 ) (7168 -4096 2048 ) (7168 -3072 2048 ) (7168 -3072 1024 ) 
4 336 341 0 (7168 -4096 2048 ) (7168 -4096 1024 ) (8192 -4096 1024 ) (8192 -4096 2048 ) 
4 336 337 0 (8192 -4096 1024 ) (7168 -4096 1024 ) (7168 -3072 1024 ) (8192 -3072 1024 ) 
4 337 467 0 (7168 -4096 0 ) (7168 -4096 1024 ) (7168 -3072 1024 ) (7168 -3072 0 ) 
4 337 342 0 (7168 -4096 1024 ) (7168 -4096 0 ) (8192 -4096 0 ) (8192 -4096 1024 ) 
4 337 338 0 (8192 -4096 0 ) (7168 -4096 0 ) (7168 -3072 0 ) (8192 -3072 0 ) 
4 338 468 0 (7168 -4096 -1024 ) (7168 -4096 0 ) (7168 -3072 0 ) (7168 -3072 -1024 ) 
4 338 343 0 (7168 -4096 0 ) (7168 -4096 -1024 ) (8192 -4096 -1024 ) (8192 -4096 0 ) 
4 338 339 0 (8192 -4096 -1024 ) (7168 -4096 -1024 ) (7168 -3072 -1024 ) (8192 -3072 -1024 ) 
4 339 469 0 (7168 -4096 -1440 ) (7168 -4096 -1024 ) (7168 -3072 -1024 ) (7168 -3072 -1440 ) 
4 339 344 0 (7168 -4096 -1024 ) (7168 -4096 -1440 ) (8192 -4096 -1440 ) (8192 -4096 -1024 ) 
4 340 470 0 (7168 -5120 2048 ) (7168 -5120 2240 ) (7168 -4096 2240 ) (7168 -4096 2048 ) 
4 340 345 0 (7168 -5120 2240 ) (7168 -5120 2048 ) (8192 -5120 2048 ) (8192 -5120 2240 ) 
4 340 341 0 (8192 -5120 2048 ) (7168 -5120 2048 ) (7168 -4096 2048 ) (8192 -4096 2048 ) 
4 341 471 0 (7168 -5120 1024 ) (7168 -5120 2048 ) (7168 -4096 2048 ) (7168 -4096 1024 ) 
4 341 346 0 (7168 -5120 2048 ) (7168 -5120 1024 ) (8192 -5120 1024 ) (8192 -5120 2048 ) 
4 341 342 0 (8192 -5120 1024 ) (7168 -5120 1024 ) (7168 -4096 1024 ) (8192 -4096 1024 ) 
4 342 472 0 (7168 -5120 0 ) (7168 -5120 1024 ) (7168 -4096 1024 ) (7168 -4096 0 ) 
4 342 347 0 (7168 -5120 1024 ) (7168 -5120 0 ) (8192 -5120 0 ) (8192 -5120 1024 ) 
4 342 343 0 (8192 -5120 0 ) (7168 -5120 0 ) (7168 -4096 0 ) (8192 -4096 0 ) 
4 343 473 0 (7168 -5120 -1024 ) (7168 -5120 0 ) (7168 -4096 0 ) (7168 -4096 -1024 ) 
4 343 348 0 (7168 -5120 0 ) (7168 -5120 -1024 ) (8192 -5120 -1024 ) (8192 -5120 0 ) 
4 343 344 0 (8192 -5120 -1024 ) (7168 -5120 -1024 ) (7168 -4096 -1024 ) (8192 -4096 -1024 ) 
4 344 474 0 (7168 -5120 -1440 ) (7168 -5120 -1024 ) (7168 -4096 -1024 ) (7168 -4096 -1440 ) 
4 344 349 0 (7168 -5120 -1024 ) (7168 -5120 -1440 ) (8192 -5120 -1440 ) (8192 -5120 -1024 ) 
4 345 475 0 (7168 -6144 2048 ) (7168 -6144 2240 ) (7168 -5120 2240 ) (7168 -5120 2048 ) 
4 345 350 0 (7168 -6144 2240 ) (7168 -6144 2048 ) (8192 -6144 2048 ) (8192 -6144 2240 ) 
4 345 346 0 (8192 -6144 2048 ) (7168 -6144 2048 ) (7168 -5120 2048 ) (8192 -5120 2048 ) 
4 346 476 0 (7168 -6144 1024 ) (7168 -6144 2048 ) (7168 -5120 2048 ) (7168 -5120 1024 ) 
4 346 351 0 (7168 -6144 2048 ) (7168 -6144 1024 ) (8192 -6144 1024 ) (8192 -6144 2048 ) 
4 346 347 0 (8192 -6144 1024 ) (7168 -6144 1024 ) (7168 -5120 1024 ) (8192 -5120 1024 ) 
4 347 477 0 (7168 -6144 0 ) (7168 -6144 1024 ) (7168 -5120 1024 ) (7168 -5120 0 ) 
4 347 352 0 (7168 -6144 1024 ) (7168 -6144 0 ) (8192 -6144 0 ) (8192 -6144 1024 ) 
4 347 348 0 (8192 -6144 0 ) (7168 -6144 0 ) (7168 -5120 0 ) (8192 -5120 0 ) 
4 348 478 0 (7168 -6144 -1024 ) (7168 -6144 0 ) (7168 -5120 0 ) (7168 -5120 -1024 ) 
4 348 353 0 (7168 -6144 0 ) (7168 -6144 -1024 ) (8192 -6144 -1024 ) (8192 -6144 0 ) 
4 348 349 0 (8192 -6144 -1024 ) (7168 -6144 -1024 ) (7168 -5120 -1024 ) (8192 -5120 -1024 ) 
4 349 479 0 (7168 -6144 -1440 ) (7168 -6144 -1024 ) (7168 -5120 -1024 ) (7168 -5120 -1440 ) 
4 349 354 0 (7168 -6144 -1024 ) (7168 -6144 -1440 ) (8192 -6144 -1440 ) (8192 -6144 -1024 ) 
4 350 480 0 (7168 -7168 2048 ) (7168 -7168 2240 ) (7168 -6144 2240 ) (7168 -6144 2048 ) 
4 350 355 0 (7168 -7168 2240 ) (7168 -7168 2048 ) (8192 -7168 2048 ) (8192 -7168 2240 ) 
4 350 351 0 (8192 -7168 2048 ) (7168 -7168 2048 ) (7168 -6144 2048 ) (8192 -6144 2048 ) 
4 351 481 0 (7168 -7168 1024 ) (7168 -7168 2048 ) (7168 -6144 2048 ) (7168 -6144 1024 ) 
4 351 356 0 (7168 -7168 2048 ) (7168 -7168 1024 ) (8192 -7168 1024 ) (8192 -7168 2048 ) 
4 351 352 0 (8192 -7168 1024 ) (7168 -7168 1024 ) (7168 -6144 1024 ) (8192 -6144 1024 ) 
4 352 482 0 (7168 -7168 0 ) (7168 -7168 1024 ) (7168 -6144 1024 ) (7168 -6144 0 ) 
4 352 357 0 (7168 -7168 1024 ) (7168 -7168 0 ) (8192 -7168 0 ) (8192 -7168 1024 ) 
4 352 353 0 (8192 -7168 0 ) (7168 -7168 0 ) (7168 -6144 0 ) (8192 -6144 0 ) 
4 353 483 0 (7168 -7168 -1024 ) (7168 -7168 0 ) (7168 -6144 0 ) (7168 -6144 -1024 ) 
4 353 358 0 (7168 -7168 0 ) (7168 -7168 -1024 ) (8192 -7168 -1024 ) (8192 -7168 0 ) 
4 353 354 0 (8192 -7168 -1024 ) (7168 -7168 -1024 ) (7168 -6144 -1024 ) (8192 -6144 -1024 ) 
4 354 484 0 (7168 -7168 -1440 ) (7168 -7168 -1024 ) (7168 -6144 -1024 ) (7168 -6144 -1440 ) 
4 354 359 0 (7168 -7168 -1024 ) (7168 -7168 -1440 ) (8192 -7168 -1440 ) (8192 -7168 -1024 ) 
4 355 485 0 (7168 -8192 2048 ) (7168 -8192 2240 ) (7168 -7168 2240 ) (7168 -7168 2048 ) 
4 355 360 0 (7168 -8192 2240 ) (7168 -8192 2048 ) (8192 -8192 2048 ) (8192 -8192 2240 ) 
4 355 356 0 (8192 -8192 2048 ) (7168 -8192 2048 ) (7168 -7168 2048 ) (8192 -7168 2048 ) 
4 356 486 0 (7168 -8192 1024 ) (7168 -8192 2048 ) (7168 -7168 2048 ) (7168 -7168 1024 ) 
4 356 361 0 (7168 -8192 2048 ) (7168 -8192 1024 ) (8192 -8192 1024 ) (8192 -8192 2048 ) 
4 356 357 0 (8192 -8192 1024 ) (7168 -8192 1024 ) (7168 -7168 1024 ) (8192 -7168 1024 ) 
4 357 487 0 (7168 -8192 0 ) (7168 -8192 1024 ) (7168 -7168 1024 ) (7168 -7168 0 ) 
4 357 362 0 (7168 -8192 1024 ) (7168 -8192 0 ) (8192 -8192 0 ) (8192 -8192 1024 ) 
4 357 358 0 (8192 -8192 0 ) (7168 -8192 0 ) (7168 -7168 0 ) (8192 -7168 0 ) 
4 358 488 0 (7168 -8192 -1024 ) (7168 -8192 0 ) (7168 -7168 0 ) (7168 -7168 -1024 ) 
4 358 363 0 (7168 -8192 0 ) (7168 -8192 -1024 ) (8192 -8192 -1024 ) (8192 -8192 0 ) 
4 358 359 0 (8192 -8192 -1024 ) (7168 -8192 -1024 ) (7168 -7168 -1024 ) (8192 -7168 -1024 ) 
4 359 489 0 (7168 -8192 -1440 ) (7168 -8192 -1024 ) (7168 -7168 -1024 ) (7168 -7168 -1440 ) 
4 359 364 0 (7168 -8192 -1024 ) (7168 -8192 -1440 ) (8192 -8192 -1440 ) (8192 -8192 -1024 ) 
4 360 490 0 (7168 -9216 2048 ) (7168 -9216 2240 ) (7168 -8192 2240 ) (7168 -8192 2048 ) 
4 360 365 0 (7168 -9216 2240 ) (7168 -9216 2048 ) (8192 -9216 2048 ) (8192 -9216 2240 ) 
4 360 361 0 (8192 -9216 2048 ) (7168 -9216 2048 ) (7168 -8192 2048 ) (8192 -8192 2048 ) 
4 361 491 0 (7168 -9216 1024 ) (7168 -9216 2048 ) (7168 -8192 2048 ) (7168 -8192 1024 ) 
4 361 366 0 (7168 -9216 2048 ) (7168 -9216 1024 ) (8192 -9216 1024 ) (8192 -9216 2048 ) 
4 361 362 0 (8192 -9216 1024 ) (7168 -9216 1024 ) (7168 -8192 1024 ) (8192 -8192 1024 ) 
4 362 492 0 (7168 -9216 0 ) (7168 -9216 1024 ) (7168 -8192 1024 ) (7168 -8192 0 ) 
4 362 367 0 (7168 -9216 1024 ) (7168 -9216 0 ) (8192 -9216 0 ) (8192 -9216 1024 ) 
4 362 363 0 (8192 -9216 0 ) (7168 -9216 0 ) (7168 -8192 0 ) (8192 -8192 0 ) 
4 363 493 0 (7168 -9216 -1024 ) (7168 -9216 0 ) (7168 -8192 0 ) (7168 -8192 -1024 ) 
4 363 368 0 (7168 -9216 0 ) (7168 -9216 -1024 ) (8192 -9216 -1024 ) (8192 -9216 0 ) 
4 363 364 0 (8192 -9216 -1024 ) (7168 -9216 -1024 ) (7168 -8192 -1024 ) (8192 -8192 -1024 ) 
4 364 494 0 (7168 -9216 -1440 ) (7168 -9216 -1024 ) (7168 -8192 -1024 ) (7168 -8192 -1440 ) 
4 364 369 0 (7168 -9216 -1024 ) (7168 -9216 -1440 ) (8192 -9216 -1440 ) (8192 -9216 -1024 ) 
4 365 495 0 (7168 -10240 2048 ) (7168 -10240 2240 ) (7168 -9216 2240 ) (7168 -9216 2048 ) 
4 365 370 0 (7168 -10240 2240 ) (7168 -10240 2048 ) (8192 -10240 2048 ) (8192 -10240 2240 ) 
4 365 366 0 (8192 -10240 2048 ) (7168 -10240 2048 ) (7168 -9216 2048 ) (8192 -9216 2048 ) 
4 366 496 0 (7168 -10240 1024 ) (7168 -10240 2048 ) (7168 -9216 2048 ) (7168 -9216 1024 ) 
4 366 371 0 (7168 -10240 2048 ) (7168 -10240 1024 ) (8192 -10240 1024 ) (8192 -10240 2048 ) 
4 366 367 0 (8192 -10240 1024 ) (7168 -10240 1024 ) (7168 -9216 1024 ) (8192 -9216 1024 ) 
4 367 497 0 (7168 -10240 0 ) (7168 -10240 1024 ) (7168 -9216 1024 ) (7168 -9216 0 ) 
4 367 372 0 (7168 -10240 1024 ) (7168 -10240 0 ) (8192 -10240 0 ) (8192 -10240 1024 ) 
4 367 368 0 (8192 -10240 0 ) (7168 -10240 0 ) (7168 -9216 0 ) (8192 -9216 0 ) 
4 368 498 0 (7168 -10240 -1024 ) (7168 -10240 0 ) (7168 -9216 0 ) (7168 -9216 -1024 ) 
4 368 373 0 (7168 -10240 0 ) (7168 -10240 -1024 ) (8192 -10240 -1024 ) (8192 -10240 0 ) 
4 368 369 0 (8192 -10240 -1024 ) (7168 -10240 -1024 ) (7168 -9216 -1024 ) (8192 -9216 -1024 ) 
4 369 499 0 (7168 -10240 -1440 ) (7168 -10240 -1024 ) (7168 -9216 -1024 ) (7168 -9216 -1440 ) 
4 369 374 0 (7168 -10240 -1024 ) (7168 -10240 -1440 ) (8192 -10240 -1440 ) (8192 -10240 -1024 ) 
4 370 500 0 (7168 -11264 2048 ) (7168 -11264 2240 ) (7168 -10240 2240 ) (7168 -10240 2048 ) 
4 370 375 0 (7168 -11264 2240 ) (7168 -11264 2048 ) (8192 -11264 2048 ) (8192 -11264 2240 ) 
4 370 371 0 (8192 -11264 2048 ) (7168 -11264 2048 ) (7168 -10240 2048 ) (8192 -10240 2048 ) 
4 371 501 0 (7168 -11264 1024 ) (7168 -11264 2048 ) (7168 -10240 2048 ) (7168 -10240 1024 ) 
4 371 376 0 (7168 -11264 2048 ) (7168 -11264 1024 ) (8192 -11264 1024 ) (8192 -11264 2048 ) 
4 371 372 0 (8192 -11264 1024 ) (7168 -11264 1024 ) (7168 -10240 1024 ) (8192 -10240 1024 ) 
4 372 502 0 (7168 -11264 0 ) (7168 -11264 1024 ) (7168 -10240 1024 ) (7168 -10240 0 ) 
4 372 377 0 (7168 -11264 1024 ) (7168 -11264 0 ) (8192 -11264 0 ) (8192 -11264 1024 ) 
4 372 373 0 (8192 -11264 0 ) (7168 -11264 0 ) (7168 -10240 0 ) (8192 -10240 0 ) 
4 373 503 0 (7168 -11264 -1024 ) (7168 -11264 0 ) (7168 -10240 0 ) (7168 -10240 -1024 ) 
4 373 378 0 (7168 -11264 0 ) (7168 -11264 -1024 ) (8192 -11264 -1024 ) (8192 -11264 0 ) 
4 373 374 0 (8192 -11264 -1024 ) (7168 -11264 -1024 ) (7168 -10240 -1024 ) (8192 -10240 -1024 ) 
4 374 504 0 (7168 -11264 -1440 ) (7168 -11264 -1024 ) (7168 -10240 -1024 ) (7168 -10240 -1440 ) 
4 374 379 0 (7168 -11264 -1024 ) (7168 -11264 -1440 ) (8192 -11264 -1440 ) (8192 -11264 -1024 ) 
4 375 505 0 (7168 -12288 2048 ) (7168 -12288 2240 ) (7168 -11264 2240 ) (7168 -11264 2048 ) 
4 375 380 0 (7168 -12288 2240 ) (7168 -12288 2048 ) (8192 -12288 2048 ) (8192 -12288 2240 ) 
4 375 376 0 (8192 -12288 2048 ) (7168 -12288 2048 ) (7168 -11264 2048 ) (8192 -11264 2048 ) 
4 376 506 0 (7168 -12288 1024 ) (7168 -12288 2048 ) (7168 -11264 2048 ) (7168 -11264 1024 ) 
4 376 381 0 (7168 -12288 2048 ) (7168 -12288 1024 ) (8192 -12288 1024 ) (8192 -12288 2048 ) 
4 376 377 0 (8192 -12288 1024 ) (7168 -12288 1024 ) (7168 -11264 1024 ) (8192 -11264 1024 ) 
4 377 507 0 (7168 -12288 0 ) (7168 -12288 1024 ) (7168 -11264 1024 ) (7168 -11264 0 ) 
4 377 382 0 (7168 -12288 1024 ) (7168 -12288 0 ) (8192 -12288 0 ) (8192 -12288 1024 ) 
4 377 378 0 (8192 -12288 0 ) (7168 -12288 0 ) (7168 -11264 0 ) (8192 -11264 0 ) 
4 378 508 0 (7168 -12288 -1024 ) (7168 -12288 0 ) (7168 -11264 0 ) (7168 -11264 -1024 ) 
4 378 383 0 (7168 -12288 0 ) (7168 -12288 -1024 ) (8192 -12288 -1024 ) (8192 -12288 0 ) 
4 378 379 0 (8192 -12288 -1024 ) (7168 -12288 -1024 ) (7168 -11264 -1024 ) (8192 -11264 -1024 ) 
4 379 509 0 (7168 -12288 -1440 ) (7168 -12288 -1024 ) (7168 -11264 -1024 ) (7168 -11264 -1440 ) 
4 379 384 0 (7168 -12288 -1024 ) (7168 -12288 -1440 ) (8192 -12288 -1440 ) (8192 -12288 -1024 ) 
4 380 510 0 (7168 -13312 2048 ) (7168 -13312 2240 ) (7168 -12288 2240 ) (7168 -12288 2048 ) 
4 380 385 0 (7168 -13312 2240 ) (7168 -13312 2048 ) (8192 -13312 2048 ) (8192 -13312 2240 ) 
4 380 381 0 (8192 -13312 2048 ) (7168 -13312 2048 ) (7168 -12288 2048 ) (8192 -12288 2048 ) 
4 381 511 0 (7168 -13312 1024 ) (7168 -13312 2048 ) (7168 -12288 2048 ) (7168 -12288 1024 ) 
4 381 386 0 (7168 -13312 2048 ) (7168 -13312 1024 ) (8192 -13312 1024 ) (8192 -13312 2048 ) 
4 381 382 0 (8192 -13312 1024 ) (7168 -13312 1024 ) (7168 -12288 1024 ) (8192 -12288 1024 ) 
4 382 512 0 (7168 -13312 0 ) (7168 -13312 1024 ) (7168 -12288 1024 ) (7168 -12288 0 ) 
4 382 387 0 (7168 -13312 1024 ) (7168 -13312 0 ) (8192 -13312 0 ) (8192 -13312 1024 ) 
4 382 383 0 (8192 -13312 0 ) (7168 -13312 0 ) (7168 -12288 0 ) (8192 -12288 0 ) 
4 383 513 0 (7168 -13312 -1024 ) (7168 -13312 0 ) (7168 -12288 0 ) (7168 -12288 -1024 ) 
4 383 388 0 (7168 -13312 0 ) (7168 -13312 -1024 ) (8192 -13312 -1024 ) (8192 -13312 0 ) 
4 383 384 0 (8192 -13312 -1024 ) (7168 -13312 -1024 ) (7168 -12288 -1024 ) (8192 -12288 -1024 ) 
4 384 514 0 (7168 -13312 -1440 ) (7168 -13312 -1024 ) (7168 -12288 -1024 ) (7168 -12288 -1440 ) 
4 384 389 0 (7168 -13312 -1024 ) (7168 -13312 -1440 ) (8192 -13312 -1440 ) (8192 -13312 -1024 ) 
4 385 515 0 (7168 -13312 2240 ) (7168 -13312 2048 ) (7168 -13408 2048 ) (7168 -13408 2240 ) 
4 385 386 0 (7168 -13408 2048 ) (7168 -13312 2048 ) (8192 -13312 2048 ) (8192 -13408 2048 ) 
4 386 516 0 (7168 -13408 2048 ) (7168 -13312 2048 ) (7168 -13312 1024 ) (7168 -13408 1024 ) 
4 386 387 0 (7168 -13408 1024 ) (7168 -13312 1024 ) (8192 -13312 1024 ) (8192 -13408 1024 ) 
4 387 517 0 (7168 -13408 1024 ) (7168 -13312 1024 ) (7168 -13312 0 ) (7168 -13408 0 ) 
4 387 388 0 (7168 -13408 0 ) (7168 -13312 0 ) (8192 -13312 0 ) (8192 -13408 0 ) 
4 388 518 0 (7168 -13408 0 ) (7168 -13312 0 ) (7168 -13312 -1024 ) (7168 -13408 -1024 ) 
4 388 389 0 (7168 -13408 -1024 ) (7168 -13312 -1024 ) (8192 -13312 -1024 ) (8192 -13408 -1024 ) 
4 389 519 0 (7168 -13408 -1440 ) (7168 -13408 -1024 ) (7168 -13312 -1024 ) (7168 -13312 -1440 ) 
4 390 520 0 (6144 11312 2048 ) (6144 11264 2048 ) (6144 11264 2240 ) (6144 11312 2240 ) 
4 390 395 0 (6144 11264 2240 ) (6144 11264 2048 ) (7168 11264 2048 ) (7168 11264 2240 ) 
4 390 391 0 (7168 11264 2048 ) (6144 11264 2048 ) (6144 11312 2048 ) (7168 11312 2048 ) 
4 391 521 0 (6144 11312 1024 ) (6144 11264 1024 ) (6144 11264 2048 ) (6144 11312 2048 ) 
4 391 396 0 (6144 11264 2048 ) (6144 11264 1024 ) (7168 11264 1024 ) (7168 11264 2048 ) 
4 391 392 0 (7168 11264 1024 ) (6144 11264 1024 ) (6144 11312 1024 ) (7168 11312 1024 ) 
4 392 522 0 (6144 11312 0 ) (6144 11264 0 ) (6144 11264 1024 ) (6144 11312 1024 ) 
4 392 397 0 (6144 11264 1024 ) (6144 11264 0 ) (7168 11264 0 ) (7168 11264 1024 ) 
4 392 393 0 (7168 11264 0 ) (6144 11264 0 ) (6144 11312 0 ) (7168 11312 0 ) 
4 393 523 0 (6144 11312 -1024 ) (6144 11264 -1024 ) (6144 11264 0 ) (6144 11312 0 ) 
4 393 398 0 (6144 11264 0 ) (6144 11264 -1024 ) (7168 11264 -1024 ) (7168 11264 0 ) 
4 393 394 0 (7168 11264 -1024 ) (6144 11264 -1024 ) (6144 11312 -1024 ) (7168 11312 -1024 ) 
4 394 524 0 (6144 11312 -1440 ) (6144 11264 -1440 ) (6144 11264 -1024 ) (6144 11312 -1024 ) 
4 394 399 0 (6144 11264 -1024 ) (6144 11264 -1440 ) (7168 11264 -1440 ) (7168 11264 -1024 ) 
4 395 525 0 (6144 10240 2048 ) (6144 10240 2240 ) (6144 11264 2240 ) (6144 11264 2048 ) 
4 395 400 0 (6144 10240 2240 ) (6144 10240 2048 ) (7168 10240 2048 ) (7168 10240 2240 ) 
4 395 396 0 (7168 10240 2048 ) (6144 10240 2048 ) (6144 11264 2048 ) (7168 11264 2048 ) 
4 396 526 0 (6144 10240 1024 ) (6144 10240 2048 ) (6144 11264 2048 ) (6144 11264 1024 ) 
4 396 401 0 (6144 10240 2048 ) (6144 10240 1024 ) (7168 10240 1024 ) (7168 10240 2048 ) 
4 396 397 0 (7168 10240 1024 ) (6144 10240 1024 ) (6144 11264 1024 ) (7168 11264 1024 ) 
4 397 527 0 (6144 10240 0 ) (6144 10240 1024 ) (6144 11264 1024 ) (6144 11264 0 ) 
4 397 402 0 (6144 10240 1024 ) (6144 10240 0 ) (7168 10240 0 ) (7168 10240 1024 ) 
4 397 398 0 (7168 10240 0 ) (6144 10240 0 ) (6144 11264 0 ) (7168 11264 0 ) 
4 398 528 0 (6144 10240 -1024 ) (6144 10240 0 ) (6144 11264 0 ) (6144 11264 -1024 ) 
4 398 403 0 (6144 10240 0 ) (6144 10240 -1024 ) (7168 10240 -1024 ) (7168 10240 0 ) 
4 398 399 0 (7168 10240 -1024 ) (6144 10240 -1024 ) (6144 11264 -1024 ) (7168 11264 -1024 ) 
4 399 529 0 (6144 10240 -1440 ) (6144 10240 -1024 ) (6144 11264 -1024 ) (6144 11264 -1440 ) 
4 399 404 0 (6144 10240 -1024 ) (6144 10240 -1440 ) (7168 10240 -1440 ) (7168 10240 -1024 ) 
4 400 530 0 (6144 9216 2048 ) (6144 9216 2240 ) (6144 10240 2240 ) (6144 10240 2048 ) 
4 400 405 0 (6144 9216 2240 ) (6144 9216 2048 ) (7168 9216 2048 ) (7168 9216 2240 ) 
4 400 401 0 (7168 9216 2048 ) (6144 9216 2048 ) (6144 10240 2048 ) (7168 10240 2048 ) 
4 401 531 0 (6144 9216 1024 ) (6144 9216 2048 ) (6144 10240 2048 ) (6144 10240 1024 ) 
4 401 406 0 (6144 9216 2048 ) (6144 9216 1024 ) (7168 9216 1024 ) (7168 9216 2048 ) 
4 401 402 0 (7168 9216 1024 ) (6144 9216 1024 ) (6144 10240 1024 ) (7168 10240 1024 ) 
4 402 532 0 (6144 9216 0 ) (6144 9216 1024 ) (6144 10240 1024 ) (6144 10240 0 ) 
4 402 407 0 (6144 9216 1024 ) (6144 9216 0 ) (7168 9216 0 ) (7168 9216 1024 ) 
4 402 403 0 (7168 9216 0 ) (6144 9216 0 ) (6144 10240 0 ) (7168 10240 0 ) 
4 403 533 0 (6144 9216 -1024 ) (6144 9216 0 ) (6144 10240 0 ) (6144 10240 -1024 ) 
4 403 408 0 (6144 9216 0 ) (6144 9216 -1024 ) (7168 9216 -1024 ) (7168 9216 0 ) 
4 403 404 0 (7168 9216 -1024 ) (6144 9216 -1024 ) (6144 10240 -1024 ) (7168 10240 -1024 ) 
4 404 534 0 (6144 9216 -1440 ) (6144 9216 -1024 ) (6144 10240 -1024 ) (6144 10240 -1440 ) 
4 404 409 0 (6144 9216 -1024 ) (6144 9216 -1440 ) (7168 9216 -1440 ) (7168 9216 -1024 ) 
4 405 535 0 (6144 8192 2048 ) (6144 8192 2240 ) (6144 9216 2240 ) (6144 9216 2048 ) 
4 405 410 0 (6144 8192 2240 ) (6144 8192 2048 ) (7168 8192 2048 ) (7168 8192 2240 ) 
4 405 406 0 (7168 8192 2048 ) (6144 8192 2048 ) (6144 9216 2048 ) (7168 9216 2048 ) 
4 406 536 0 (6144 8192 1024 ) (6144 8192 2048 ) (6144 9216 2048 ) (6144 9216 1024 ) 
4 406 411 0 (6144 8192 2048 ) (6144 8192 1024 ) (7168 8192 1024 ) (7168 8192 2048 ) 
4 406 407 0 (7168 8192 1024 ) (6144 8192 1024 ) (6144 9216 1024 ) (7168 9216 1024 ) 
4 407 537 0 (6144 8192 0 ) (6144 8192 1024 ) (6144 9216 1024 ) (6144 9216 0 ) 
4 407 412 0 (6144 8192 1024 ) (6144 8192 0 ) (7168 8192 0 ) (7168 8192 1024 ) 
4 407 408 0 (7168 8192 0 ) (6144 8192 0 ) (6144 9216 0 ) (7168 9216 0 ) 
4 408 538 0 (6144 8192 -1024 ) (6144 8192 0 ) (6144 9216 0 ) (6144 9216 -1024 ) 
4 408 413 0 (6144 8192 0 ) (6144 8192 -1024 ) (7168 8192 -1024 ) (7168 8192 0 ) 
4 408 409 0 (7168 8192 -1024 ) (6144 8192 -1024 ) (6144 9216 -1024 ) (7168 9216 -1024 ) 
4 409 539 0 (6144 8192 -1440 ) (6144 8192 -1024 ) (6144 9216 -1024 ) (6144 9216 -1440 ) 
4 409 414 0 (6144 8192 -1024 ) (6144 8192 -1440 ) (7168 8192 -1440 ) (7168 8192 -1024 ) 
4 410 540 0 (6144 7168 2048 ) (6144 7168 2240 ) (6144 8192 2240 ) (6144 8192 2048 ) 
4 410 415 0 (6144 7168 2240 ) (6144 7168 2048 ) (7168 7168 2048 ) (7168 7168 2240 ) 
4 410 411 0 (7168 7168 2048 ) (6144 7168 2048 ) (6144 8192 2048 ) (7168 8192 2048 ) 
4 411 541 0 (6144 7168 1024 ) (6144 7168 2048 ) (6144 8192 2048 ) (6144 8192 1024 ) 
4 411 416 0 (6144 7168 2048 ) (6144 7168 1024 ) (7168 7168 1024 ) (7168 7168 2048 ) 
4 411 412 0 (7168 7168 1024 ) (6144 7168 1024 ) (6144 8192 1024 ) (7168 8192 1024 ) 
4 412 542 0 (6144 7168 0 ) (6144 7168 1024 ) (6144 8192 1024 ) (6144 8192 0 ) 
4 412 417 0 (6144 7168 1024 ) (6144 7168 0 ) (7168 7168 0 ) (7168 7168 1024 ) 
4 412 413 0 (7168 7168 0 ) (6144 7168 0 ) (6144 8192 0 ) (7168 8192 0 ) 
4 413 543 0 (6144 7168 -1024 ) (6144 7168 0 ) (6144 8192 0 ) (6144 8192 -1024 ) 
4 413 418 0 (6144 7168 0 ) (6144 7168 -1024 ) (7168 7168 -1024 ) (7168 7168 0 ) 
4 413 414 0 (7168 7168 -1024 ) (6144 7168 -1024 ) (6144 8192 -1024 ) (7168 8192 -1024 ) 
4 414 544 0 (6144 7168 -1440 ) (6144 7168 -1024 ) (6144 8192 -1024 ) (6144 8192 -1440 ) 
4 414 419 0 (6144 7168 -1024 ) (6144 7168 -1440 ) (7168 7168 -1440 ) (7168 7168 -1024 ) 
4 415 545 0 (6144 6144 2048 ) (6144 6144 2240 ) (6144 7168 2240 ) (6144 7168 2048 ) 
4 415 420 0 (6144 6144 2240 ) (6144 6144 2048 ) (7168 6144 2048 ) (7168 6144 2240 ) 
4 415 416 0 (7168 6144 2048 ) (6144 6144 2048 ) (6144 7168 2048 ) (7168 7168 2048 ) 
4 416 546 0 (6144 6144 1024 ) (6144 6144 2048 ) (6144 7168 2048 ) (6144 7168 1024 ) 
4 416 421 0 (6144 6144 2048 ) (6144 6144 1024 ) (7168 6144 1024 ) (7168 6144 2048 ) 
4 416 417 0 (7168 6144 1024 ) (6144 6144 1024 ) (6144 7168 1024 ) (7168 7168 1024 ) 
4 417 547 0 (6144 6144 0 ) (6144 6144 1024 ) (6144 7168 1024 ) (6144 7168 0 ) 
4 417 422 0 (6144 6144 1024 ) (6144 6144 0 ) (7168 6144 0 ) (7168 6144 1024 ) 
4 417 418 0 (7168 6144 0 ) (6144 6144 0 ) (6144 7168 0 ) (7168 7168 0 ) 
4 418 548 0 (6144 6144 -1024 ) (6144 6144 0 ) (6144 7168 0 ) (6144 7168 -1024 ) 
4 418 423 0 (6144 6144 0 ) (6144 6144 -1024 ) (7168 6144 -1024 ) (7168 6144 0 ) 
4 418 419 0 (7168 6144 -1024 ) (6144 6144 -1024 ) (6144 7168 -1024 ) (7168 7168 -1024 ) 
4 419 549 0 (6144 6144 -1440 ) (6144 6144 -1024 ) (6144 7168 -1024 ) (6144 7168 -1440 ) 
4 419 424 0 (6144 6144 -1024 ) (6144 6144 -1440 ) (7168 6144 -1440 ) (7168 6144 -1024 ) 
4 420 550 0 (6144 5120 2048 ) (6144 5120 2240 ) (6144 6144 2240 ) (6144 6144 2048 ) 
4 420 425 0 (6144 5120 2240 ) (6144 5120 2048 ) (7168 5120 2048 ) (7168 5120 2240 ) 
4 420 421 0 (7168 5120 2048 ) (6144 5120 2048 ) (6144 6144 2048 ) (7168 6144 2048 ) 
4 421 551 0 (6144 5120 1024 ) (6144 5120 2048 ) (6144 6144 2048 ) (6144 6144 1024 ) 
4 421 426 0 (6144 5120 2048 ) (6144 5120 1024 ) (7168 5120 1024 ) (7168 5120 2048 ) 
4 421 422 0 (7168 5120 1024 ) (6144 5120 1024 ) (6144 6144 1024 ) (7168 6144 1024 ) 
4 422 552 0 (6144 5120 0 ) (6144 5120 1024 ) (6144 6144 1024 ) (6144 6144 0 ) 
4 422 427 0 (6144 5120 1024 ) (6144 5120 0 ) (7168 5120 0 ) (7168 5120 1024 ) 
4 422 423 0 (7168 5120 0 ) (6144 5120 0 ) (6144 6144 0 ) (7168 6144 0 ) 
4 423 553 0 (6144 5120 -1024 ) (6144 5120 0 ) (6144 6144 0 ) (6144 6144 -1024 ) 
4 423 428 0 (6144 5120 0 ) (6144 5120 -1024 ) (7168 5120 -1024 ) (7168 5120 0 ) 
4 423 424 0 (7168 5120 -1024 ) (6144 5120 -1024 ) (6144 6144 -1024 ) (7168 6144 -1024 ) 
4 424 554 0 (6144 5120 -1440 ) (6144 5120 -1024 ) (6144 6144 -1024 ) (6144 6144 -1440 ) 
4 424 429 0 (6144 5120 -1024 ) (6144 5120 -1440 ) (7168 5120 -1440 ) (7168 5120 -1024 ) 
4 425 555 0 (6144 4096 2048 ) (6144 4096 2240 ) (6144 5120 2240 ) (6144 5120 2048 ) 
4 425 430 0 (6144 4096 2240 ) (6144 4096 2048 ) (7168 4096 2048 ) (7168 4096 2240 ) 
4 425 426 0 (7168 4096 2048 ) (6144 4096 2048 ) (6144 5120 2048 ) (7168 5120 2048 ) 
4 426 556 0 (6144 4096 1024 ) (6144 4096 2048 ) (6144 5120 2048 ) (6144 5120 1024 ) 
4 426 431 0 (6144 4096 2048 ) (6144 4096 1024 ) (7168 4096 1024 ) (7168 4096 2048 ) 
4 426 427 0 (7168 4096 1024 ) (6144 4096 1024 ) (6144 5120 1024 ) (7168 5120 1024 ) 
4 427 557 0 (6144 4096 0 ) (6144 4096 1024 ) (6144 5120 1024 ) (6144 5120 0 ) 
4 427 432 0 (6144 4096 1024 ) (6144 4096 0 ) (7168 4096 0 ) (7168 4096 1024 ) 
4 427 428 0 (7168 4096 0 ) (6144 4096 0 ) (6144 5120 0 ) (7168 5120 0 ) 
4 428 558 0 (6144 4096 -1024 ) (6144 4096 0 ) (6144 5120 0 ) (6144 5120 -1024 ) 
4 428 433 0 (6144 4096 0 ) (6144 4096 -1024 ) (7168 4096 -1024 ) (7168 4096 0 ) 
4 428 429 0 (7168 4096 -1024 ) (6144 4096 -1024 ) (6144 5120 -1024 ) (7168 5120 -1024 ) 
4 429 559 0 (6144 4096 -1440 ) (6144 4096 -1024 ) (6144 5120 -1024 ) (6144 5120 -1440 ) 
4 429 434 0 (6144 4096 -1024 ) (6144 4096 -1440 ) (7168 4096 -1440 ) (7168 4096 -1024 ) 
4 430 560 0 (6144 3072 2048 ) (6144 3072 2240 ) (6144 4096 2240 ) (6144 4096 2048 ) 
4 430 435 0 (6144 3072 2240 ) (6144 3072 2048 ) (7168 3072 2048 ) (7168 3072 2240 ) 
4 430 431 0 (7168 3072 2048 ) (6144 3072 2048 ) (6144 4096 2048 ) (7168 4096 2048 ) 
4 431 561 0 (6144 3072 1024 ) (6144 3072 2048 ) (6144 4096 2048 ) (6144 4096 1024 ) 
4 431 436 0 (6144 3072 2048 ) (6144 3072 1024 ) (7168 3072 1024 ) (7168 3072 2048 ) 
4 431 432 0 (7168 3072 1024 ) (6144 3072 1024 ) (6144 4096 1024 ) (7168 4096 1024 ) 
4 432 562 0 (6144 3072 0 ) (6144 3072 1024 ) (6144 4096 1024 ) (6144 4096 0 ) 
4 432 437 0 (6144 3072 1024 ) (6144 3072 0 ) (7168 3072 0 ) (7168 3072 1024 ) 
4 432 433 0 (7168 3072 0 ) (6144 3072 0 ) (6144 4096 0 ) (7168 4096 0 ) 
4 433 563 0 (6144 3072 -1024 ) (6144 3072 0 ) (6144 4096 0 ) (6144 4096 -1024 ) 
4 433 438 0 (6144 3072 0 ) (6144 3072 -1024 ) (7168 3072 -1024 ) (7168 3072 0 ) 
4 433 434 0 (7168 3072 -1024 ) (6144 3072 -1024 ) (6144 4096 -1024 ) (7168 4096 -1024 ) 
4 434 564 0 (6144 3072 -1440 ) (6144 3072 -1024 ) (6144 4096 -1024 ) (6144 4096 -1440 ) 
4 434 439 0 (6144 3072 -1024 ) (6144 3072 -1440 ) (7168 3072 -1440 ) (7168 3072 -1024 ) 
4 435 565 0 (6144 2048 2048 ) (6144 2048 2240 ) (6144 3072 2240 ) (6144 3072 2048 ) 
4 435 440 0 (6144 2048 2240 ) (6144 2048 2048 ) (7168 2048 2048 ) (7168 2048 2240 ) 
4 435 436 0 (7168 2048 2048 ) (6144 2048 2048 ) (6144 3072 2048 ) (7168 3072 2048 ) 
4 436 566 0 (6144 2048 1024 ) (6144 2048 2048 ) (6144 3072 2048 ) (6144 3072 1024 ) 
4 436 441 0 (6144 2048 2048 ) (6144 2048 1024 ) (7168 2048 1024 ) (7168 2048 2048 ) 
4 436 437 0 (7168 2048 1024 ) (6144 2048 1024 ) (6144 3072 1024 ) (7168 3072 1024 ) 
4 437 567 0 (6144 2048 0 ) (6144 2048 1024 ) (6144 3072 1024 ) (6144 3072 0 ) 
4 437 442 0 (6144 2048 1024 ) (6144 2048 0 ) (7168 2048 0 ) (7168 2048 1024 ) 
4 437 438 0 (7168 2048 0 ) (6144 2048 0 ) (6144 3072 0 ) (7168 3072 0 ) 
4 438 568 0 (6144 2048 -1024 ) (6144 2048 0 ) (6144 3072 0 ) (6144 3072 -1024 ) 
4 438 443 0 (6144 2048 0 ) (6144 2048 -1024 ) (7168 2048 -1024 ) (7168 2048 0 ) 
4 438 439 0 (7168 2048 -1024 ) (6144 2048 -1024 ) (6144 3072 -1024 ) (7168 3072 -1024 ) 
4 439 569 0 (6144 2048 -1440 ) (6144 2048 -1024 ) (6144 3072 -1024 ) (6144 3072 -1440 ) 
4 439 444 0 (6144 2048 -1024 ) (6144 2048 -1440 ) (7168 2048 -1440 ) (7168 2048 -1024 ) 
4 440 570 0 (6144 1024 2048 ) (6144 1024 2240 ) (6144 2048 2240 ) (6144 2048 2048 ) 
4 440 445 0 (6144 1024 2240 ) (6144 1024 2048 ) (7168 1024 2048 ) (7168 1024 2240 ) 
4 440 441 0 (7168 1024 2048 ) (6144 1024 2048 ) (6144 2048 2048 ) (7168 2048 2048 ) 
4 441 571 0 (6144 1024 1024 ) (6144 1024 2048 ) (6144 2048 2048 ) (6144 2048 1024 ) 
4 441 446 0 (6144 1024 2048 ) (6144 1024 1024 ) (7168 1024 1024 ) (7168 1024 2048 ) 
4 441 442 0 (7168 1024 1024 ) (6144 1024 1024 ) (6144 2048 1024 ) (7168 2048 1024 ) 
4 442 572 0 (6144 1024 0 ) (6144 1024 1024 ) (6144 2048 1024 ) (6144 2048 0 ) 
4 442 447 0 (6144 1024 1024 ) (6144 1024 0 ) (7168 1024 0 ) (7168 1024 1024 ) 
4 442 443 0 (7168 1024 0 ) (6144 1024 0 ) (6144 2048 0 ) (7168 2048 0 ) 
4 443 573 0 (6144 1024 -1024 ) (6144 1024 0 ) (6144 2048 0 ) (6144 2048 -1024 ) 
4 443 448 0 (6144 1024 0 ) (6144 1024 -1024 ) (7168 1024 -1024 ) (7168 1024 0 ) 
4 443 444 0 (7168 1024 -1024 ) (6144 1024 -1024 ) (6144 2048 -1024 ) (7168 2048 -1024 ) 
4 444 574 0 (6144 1024 -1440 ) (6144 1024 -1024 ) (6144 2048 -1024 ) (6144 2048 -1440 ) 
4 444 449 0 (6144 1024 -1024 ) (6144 1024 -1440 ) (7168 1024 -1440 ) (7168 1024 -1024 ) 
4 445 575 0 (6144 0 2048 ) (6144 0 2240 ) (6144 1024 2240 ) (6144 1024 2048 ) 
4 445 450 0 (6144 0 2240 ) (6144 0 2048 ) (7168 0 2048 ) (7168 0 2240 ) 
4 445 446 0 (7168 0 2048 ) (6144 0 2048 ) (6144 1024 2048 ) (7168 1024 2048 ) 
4 446 576 0 (6144 0 1024 ) (6144 0 2048 ) (6144 1024 2048 ) (6144 1024 1024 ) 
4 446 451 0 (6144 0 2048 ) (6144 0 1024 ) (7168 0 1024 ) (7168 0 2048 ) 
4 446 447 0 (7168 0 1024 ) (6144 0 1024 ) (6144 1024 1024 ) (7168 1024 1024 ) 
4 447 577 0 (6144 0 0 ) (6144 0 1024 ) (6144 1024 1024 ) (6144 1024 0 ) 
4 447 452 0 (6144 0 1024 ) (6144 0 0 ) (7168 0 0 ) (7168 0 1024 ) 
4 447 448 0 (7168 0 0 ) (6144 0 0 ) (6144 1024 0 ) (7168 1024 0 ) 
4 448 578 0 (6144 0 -1024 ) (6144 0 0 ) (6144 1024 0 ) (6144 1024 -1024 ) 
4 448 453 0 (6144 0 0 ) (6144 0 -1024 ) (7168 0 -1024 ) (7168 0 0 ) 
4 448 449 0 (7168 0 -1024 ) (6144 0 -1024 ) (6144 1024 -1024 ) (7168 1024 -1024 ) 
4 449 579 0 (6144 0 -1440 ) (6144 0 -1024 ) (6144 1024 -1024 ) (6144 1024 -1440 ) 
4 449 454 0 (6144 0 -1024 ) (6144 0 -1440 ) (7168 0 -1440 ) (7168 0 -1024 ) 
4 450 580 0 (6144 -1024 2048 ) (6144 -1024 2240 ) (6144 0 2240 ) (6144 0 2048 ) 
4 450 455 0 (6144 -1024 2240 ) (6144 -1024 2048 ) (7168 -1024 2048 ) (7168 -1024 2240 ) 
4 450 451 0 (7168 -1024 2048 ) (6144 -1024 2048 ) (6144 0 2048 ) (7168 0 2048 ) 
4 451 581 0 (6144 -1024 1024 ) (6144 -1024 2048 ) (6144 0 2048 ) (6144 0 1024 ) 
4 451 456 0 (6144 -1024 2048 ) (6144 -1024 1024 ) (7168 -1024 1024 ) (7168 -1024 2048 ) 
4 451 452 0 (7168 -1024 1024 ) (6144 -1024 1024 ) (6144 0 1024 ) (7168 0 1024 ) 
4 452 582 0 (6144 -1024 0 ) (6144 -1024 1024 ) (6144 0 1024 ) (6144 0 0 ) 
4 452 457 0 (6144 -1024 1024 ) (6144 -1024 0 ) (7168 -1024 0 ) (7168 -1024 1024 ) 
4 452 453 0 (7168 -1024 0 ) (6144 -1024 0 ) (6144 0 0 ) (7168 0 0 ) 
4 453 583 0 (6144 -1024 -1024 ) (6144 -1024 0 ) (6144 0 0 ) (6144 0 -1024 ) 
4 453 458 0 (6144 -1024 0 ) (6144 -1024 -1024 ) (7168 -1024 -1024 ) (7168 -1024 0 ) 
4 453 454 0 (7168 -1024 -1024 ) (6144 -1024 -1024 ) (6144 0 -1024 ) (7168 0 -1024 ) 
4 454 584 0 (6144 -1024 -1440 ) (6144 -1024 -1024 ) (6144 0 -1024 ) (6144 0 -1440 ) 
4 454 459 0 (6144 -1024 -1024 ) (6144 -1024 -1440 ) (7168 -1024 -1440 ) (7168 -1024 -1024 ) 
4 455 585 0 (6144 -2048 2048 ) (6144 -2048 2240 ) (6144 -1024 2240 ) (6144 -1024 2048 ) 
4 455 460 0 (6144 -2048 2240 ) (6144 -2048 2048 ) (7168 -2048 2048 ) (7168 -2048 2240 ) 
4 455 456 0 (7168 -2048 2048 ) (6144 -2048 2048 ) (6144 -1024 2048 ) (7168 -1024 2048 ) 
4 456 586 0 (6144 -2048 1024 ) (6144 -2048 2048 ) (6144 -1024 2048 ) (6144 -1024 1024 ) 
4 456 461 0 (6144 -2048 2048 ) (6144 -2048 1024 ) (7168 -2048 1024 ) (7168 -2048 2048 ) 
4 456 457 0 (7168 -2048 1024 ) (6144 -2048 1024 ) (6144 -1024 1024 ) (7168 -1024 1024 ) 
4 457 587 0 (6144 -2048 0 ) (6144 -2048 1024 ) (6144 -1024 1024 ) (6144 -1024 0 ) 
4 457 462 0 (6144 -2048 1024 ) (6144 -2048 0 ) (7168 -2048 0 ) (7168 -2048 1024 ) 
4 457 458 0 (7168 -2048 0 ) (6144 -2048 0 ) (6144 -1024 0 ) (7168 -1024 0 ) 
4 458 588 0 (6144 -2048 -1024 ) (6144 -2048 0 ) (6144 -1024 0 ) (6144 -1024 -1024 ) 
4 458 463 0 (6144 -2048 0 ) (6144 -2048 -1024 ) (7168 -2048 -1024 ) (7168 -2048 0 ) 
4 458 459 0 (7168 -2048 -1024 ) (6144 -2048 -1024 ) (6144 -1024 -1024 ) (7168 -1024 -1024 ) 
4 459 589 0 (6144 -2048 -1440 ) (6144 -2048 -1024 ) (6144 -1024 -1024 ) (6144 -1024 -1440 ) 
4 459 464 0 (6144 -2048 -1024 ) (6144 -2048 -1440 ) (7168 -2048 -1440 ) (7168 -2048 -1024 ) 
4 460 590 0 (6144 -3072 2048 ) (6144 -3072 2240 ) (6144 -2048 2240 ) (6144 -2048 2048 ) 
4 460 465 0 (6144 -3072 2240 ) (6144 -3072 2048 ) (7168 -3072 2048 ) (7168 -3072 2240 ) 
4 460 461 0 (7168 -3072 2048 ) (6144 -3072 2048 ) (6144 -2048 2048 ) (7168 -2048 2048 ) 
4 461 591 0 (6144 -3072 1024 ) (6144 -3072 2048 ) (6144 -2048 2048 ) (6144 -2048 1024 ) 
4 461 466 0 (6144 -3072 2048 ) (6144 -3072 1024 ) (7168 -3072 1024 ) (7168 -3072 2048 ) 
4 461 462 0 (7168 -3072 1024 ) (6144 -3072 1024 ) (6144 -2048 1024 ) (7168 -2048 1024 ) 
4 462 592 0 (6144 -3072 0 ) (6144 -3072 1024 ) (6144 -2048 1024 ) (6144 -2048 0 ) 
4 462 467 0 (6144 -3072 1024 ) (6144 -3072 0 ) (7168 -3072 0 ) (7168 -3072 1024 ) 
4 462 463 0 (7168 -3072 0 ) (6144 -3072 0 ) (6144 -2048 0 ) (7168 -2048 0 ) 
4 463 593 0 (6144 -3072 -1024 ) (6144 -3072 0 ) (6144 -2048 0 ) (6144 -2048 -1024 ) 
4 463 468 0 (6144 -3072 0 ) (6144 -3072 -1024 ) (7168 -3072 -1024 ) (7168 -3072 0 ) 
4 463 464 0 (7168 -3072 -1024 ) (6144 -3072 -1024 ) (6144 -2048 -1024 ) (7168 -2048 -1024 ) 
4 464 594 0 (6144 -3072 -1440 ) (6144 -3072 -1024 ) (6144 -2048 -1024 ) (6144 -2048 -1440 ) 
4 464 469 0 (6144 -3072 -1024 ) (6144 -3072 -1440 ) (7168 -3072 -1440 ) (7168 -3072 -1024 ) 
4 465 595 0 (6144 -4096 2048 ) (6144 -4096 2240 ) (6144 -3072 2240 ) (6144 -3072 2048 ) 
4 465 470 0 (6144 -4096 2240 ) (6144 -4096 2048 ) (7168 -4096 2048 ) (7168 -4096 2240 ) 
4 465 466 0 (7168 -4096 2048 ) (6144 -4096 2048 ) (6144 -3072 2048 ) (7168 -3072 2048 ) 
4 466 596 0 (6144 -4096 1024 ) (6144 -4096 2048 ) (6144 -3072 2048 ) (6144 -3072 1024 ) 
4 466 471 0 (6144 -4096 2048 ) (6144 -4096 1024 ) (7168 -4096 1024 ) (7168 -4096 2048 ) 
4 466 467 0 (7168 -4096 1024 ) (6144 -4096 1024 ) (6144 -3072 1024 ) (7168 -3072 1024 ) 
4 467 597 0 (6144 -4096 0 ) (6144 -4096 1024 ) (6144 -3072 1024 ) (6144 -3072 0 ) 
4 467 472 0 (6144 -4096 1024 ) (6144 -4096 0 ) (7168 -4096 0 ) (7168 -4096 1024 ) 
4 467 468 0 (7168 -4096 0 ) (6144 -4096 0 ) (6144 -3072 0 ) (7168 -3072 0 ) 
4 468 598 0 (6144 -4096 -1024 ) (6144 -4096 0 ) (6144 -3072 0 ) (6144 -3072 -1024 ) 
4 468 473 0 (6144 -4096 0 ) (6144 -4096 -1024 ) (7168 -4096 -1024 ) (7168 -4096 0 ) 
4 468 469 0 (7168 -4096 -1024 ) (6144 -4096 -1024 ) (6144 -3072 -1024 ) (7168 -3072 -1024 ) 
4 469 599 0 (6144 -4096 -1440 ) (6144 -4096 -1024 ) (6144 -3072 -1024 ) (6144 -3072 -1440 ) 
4 469 474 0 (6144 -4096 -1024 ) (6144 -4096 -1440 ) (7168 -4096 -1440 ) (7168 -4096 -1024 ) 
4 470 600 0 (6144 -5120 2048 ) (6144 -5120 2240 ) (6144 -4096 2240 ) (6144 -4096 2048 ) 
4 470 475 0 (6144 -5120 2240 ) (6144 -5120 2048 ) (7168 -5120 2048 ) (7168 -5120 2240 ) 
4 470 471 0 (7168 -5120 2048 ) (6144 -5120 2048 ) (6144 -4096 2048 ) (7168 -4096 2048 ) 
4 471 601 0 (6144 -5120 1024 ) (6144 -5120 2048 ) (6144 -4096 2048 ) (6144 -4096 1024 ) 
4 471 476 0 (6144 -5120 2048 ) (6144 -5120 1024 ) (7168 -5120 1024 ) (7168 -5120 2048 ) 
4 471 472 0 (7168 -5120 1024 ) (6144 -5120 1024 ) (6144 -4096 1024 ) (7168 -4096 1024 ) 
4 472 602 0 (6144 -5120 0 ) (6144 -5120 1024 ) (6144 -4096 1024 ) (6144 -4096 0 ) 
4 472 477 0 (6144 -5120 1024 ) (6144 -5120 0 ) (7168 -5120 0 ) (7168 -5120 1024 ) 
4 472 473 0 (7168 -5120 0 ) (6144 -5120 0 ) (6144 -4096 0 ) (7168 -4096 0 ) 
4 473 603 0 (6144 -5120 -1024 ) (6144 -5120 0 ) (6144 -4096 0 ) (6144 -4096 -1024 ) 
4 473 478 0 (6144 -5120 0 ) (6144 -5120 -1024 ) (7168 -5120 -1024 ) (7168 -5120 0 ) 
4 473 474 0 (7168 -5120 -1024 ) (6144 -5120 -1024 ) (6144 -4096 -1024 ) (7168 -4096 -1024 ) 
4 474 604 0 (6144 -5120 -1440 ) (6144 -5120 -1024 ) (6144 -4096 -1024 ) (6144 -4096 -1440 ) 
4 474 479 0 (6144 -5120 -1024 ) (6144 -5120 -1440 ) (7168 -5120 -1440 ) (7168 -5120 -1024 ) 
4 475 605 0 (6144 -6144 2048 ) (6144 -6144 2240 ) (6144 -5120 2240 ) (6144 -5120 2048 ) 
4 475 480 0 (6144 -6144 2240 ) (6144 -6144 2048 ) (7168 -6144 2048 ) (7168 -6144 2240 ) 
4 475 476 0 (7168 -6144 2048 ) (6144 -6144 2048 ) (6144 -5120 2048 ) (7168 -5120 2048 ) 
4 476 606 0 (6144 -6144 1024 ) (6144 -6144 2048 ) (6144 -5120 2048 ) (6144 -5120 1024 ) 
4 476 481 0 (6144 -6144 2048 ) (6144 -6144 1024 ) (7168 -6144 1024 ) (7168 -6144 2048 ) 
4 476 477 0 (7168 -6144 1024 ) (6144 -6144 1024 ) (6144 -5120 1024 ) (7168 -5120 1024 ) 
4 477 607 0 (6144 -6144 0 ) (6144 -6144 1024 ) (6144 -5120 1024 ) (6144 -5120 0 ) 
4 477 482 0 (6144 -6144 1024 ) (6144 -6144 0 ) (7168 -6144 0 ) (7168 -6144 1024 ) 
4 477 478 0 (7168 -6144 0 ) (6144 -6144 0 ) (6144 -5120 0 ) (7168 -5120 0 ) 
4 478 608 0 (6144 -6144 -1024 ) (6144 -6144 0 ) (6144 -5120 0 ) (6144 -5120 -1024 ) 
4 478 483 0 (6144 -6144 0 ) (6144 -6144 -1024 ) (7168 -6144 -1024 ) (7168 -6144 0 ) 
4 478 479 0 (7168 -6144 -1024 ) (6144 -6144 -1024 ) (6144 -5120 -1024 ) (7168 -5120 -1024 ) 
4 479 609 0 (6144 -6144 -1440 ) (6144 -6144 -1024 ) (6144 -5120 -1024 ) (6144 -5120 -1440 ) 
4 479 484 0 (6144 -6144 -1024 ) (6144 -6144 -1440 ) (7168 -6144 -1440 ) (7168 -6144 -1024 ) 
4 480 610 0 (6144 -7168 2048 ) (6144 -7168 2240 ) (6144 -6144 2240 ) (6144 -6144 2048 ) 
4 480 485 0 (6144 -7168 2240 ) (6144 -7168 2048 ) (7168 -7168 2048 ) (7168 -7168 2240 ) 
4 480 481 0 (7168 -7168 2048 ) (6144 -7168 2048 ) (6144 -6144 2048 ) (7168 -6144 2048 ) 
4 481 611 0 (6144 -7168 1024 ) (6144 -7168 2048 ) (6144 -6144 2048 ) (6144 -6144 1024 ) 
4 481 486 0 (6144 -7168 2048 ) (6144 -7168 1024 ) (7168 -7168 1024 ) (7168 -7168 2048 ) 
4 481 482 0 (7168 -7168 1024 ) (6144 -7168 1024 ) (6144 -6144 1024 ) (7168 -6144 1024 ) 
4 482 612 0 (6144 -7168 0 ) (6144 -7168 1024 ) (6144 -6144 1024 ) (6144 -6144 0 ) 
4 482 487 0 (6144 -7168 1024 ) (6144 -7168 0 ) (7168 -7168 0 ) (7168 -7168 1024 ) 
4 482 483 0 (7168 -7168 0 ) (6144 -7168 0 ) (6144 -6144 0 ) (7168 -6144 0 ) 
4 483 613 0 (6144 -7168 -1024 ) (6144 -7168 0 ) (6144 -6144 0 ) (6144 -6144 -1024 ) 
4 483 488 0 (6144 -7168 0 ) (6144 -7168 -1024 ) (7168 -7168 -1024 ) (7168 -7168 0 ) 
4 483 484 0 (7168 -7168 -1024 ) (6144 -7168 -1024 ) (6144 -6144 -1024 ) (7168 -6144 -1024 ) 
4 484 614 0 (6144 -7168 -1440 ) (6144 -7168 -1024 ) (6144 -6144 -1024 ) (6144 -6144 -1440 ) 
4 484 489 0 (6144 -7168 -1024 ) (6144 -7168 -1440 ) (7168 -7168 -1440 ) (7168 -7168 -1024 ) 
4 485 615 0 (6144 -8192 2048 ) (6144 -8192 2240 ) (6144 -7168 2240 ) (6144 -7168 2048 ) 
4 485 490 0 (6144 -8192 2240 ) (6144 -8192 2048 ) (7168 -8192 2048 ) (7168 -8192 2240 ) 
4 485 486 0 (7168 -8192 2048 ) (6144 -8192 2048 ) (6144 -7168 2048 ) (7168 -7168 2048 ) 
4 486 616 0 (6144 -8192 1024 ) (6144 -8192 2048 ) (6144 -7168 2048 ) (6144 -7168 1024 ) 
4 486 491 0 (6144 -8192 2048 ) (6144 -8192 1024 ) (7168 -8192 1024 ) (7168 -8192 2048 ) 
4 486 487 0 (7168 -8192 1024 ) (6144 -8192 1024 ) (6144 -7168 1024 ) (7168 -7168 1024 ) 
4 487 617 0 (6144 -8192 0 ) (6144 -8192 1024 ) (6144 -7168 1024 ) (6144 -7168 0 ) 
4 487 492 0 (6144 -8192 1024 ) (6144 -8192 0 ) (7168 -8192 0 ) (7168 -8192 1024 ) 
4 487 488 0 (7168 -8192 0 ) (6144 -8192 0 ) (6144 -7168 0 ) (7168 -7168 0 ) 
4 488 618 0 (6144 -8192 -1024 ) (6144 -8192 0 ) (6144 -7168 0 ) (6144 -7168 -1024 ) 
4 488 493 0 (6144 -8192 0 ) (6144 -8192 -1024 ) (7168 -8192 -1024 ) (7168 -8192 0 ) 
4 488 489 0 (7168 -8192 -1024 ) (6144 -8192 -1024 ) (6144 -7168 -1024 ) (7168 -7168 -1024 ) 
4 489 619 0 (6144 -8192 -1440 ) (6144 -8192 -1024 ) (6144 -7168 -1024 ) (6144 -7168 -1440 ) 
4 489 494 0 (6144 -8192 -1024 ) (6144 -8192 -1440 ) (7168 -8192 -1440 ) (7168 -8192 -1024 ) 
4 490 620 0 (6144 -9216 2048 ) (6144 -9216 2240 ) (6144 -8192 2240 ) (6144 -8192 2048 ) 
4 490 495 0 (6144 -9216 2240 ) (6144 -9216 2048 ) (7168 -9216 2048 ) (7168 -9216 2240 ) 
4 490 491 0 (7168 -9216 2048 ) (6144 -9216 2048 ) (6144 -8192 2048 ) (7168 -8192 2048 ) 
4 491 621 0 (6144 -9216 1024 ) (6144 -9216 2048 ) (6144 -8192 2048 ) (6144 -8192 1024 ) 
4 491 496 0 (6144 -9216 2048 ) (6144 -9216 1024 ) (7168 -9216 1024 ) (7168 -9216 2048 ) 
4 491 492 0 (7168 -9216 1024 ) (6144 -9216 1024 ) (6144 -8192 1024 ) (7168 -8192 1024 ) 
4 492 622 0 (6144 -9216 0 ) (6144 -9216 1024 ) (6144 -8192 1024 ) (6144 -8192 0 ) 
4 492 497 0 (6144 -9216 1024 ) (6144 -9216 0 ) (7168 -9216 0 ) (7168 -9216 1024 ) 
4 492 493 0 (7168 -9216 0 ) (6144 -9216 0 ) (6144 -8192 0 ) (7168 -8192 0 ) 
4 493 623 0 (6144 -9216 -1024 ) (6144 -9216 0 ) (6144 -8192 0 ) (6144 -8192 -1024 ) 
4 493 498 0 (6144 -9216 0 ) (6144 -9216 -1024 ) (7168 -9216 -1024 ) (7168 -9216 0 ) 
4 493 494 0 (7168 -9216 -1024 ) (6144 -9216 -1024 ) (6144 -8192 -1024 ) (7168 -8192 -1024 ) 
4 494 624 0 (6144 -9216 -1440 ) (6144 -9216 -1024 ) (6144 -8192 -1024 ) (6144 -8192 -1440 ) 
4 494 499 0 (6144 -9216 -1024 ) (6144 -9216 -1440 ) (7168 -9216 -1440 ) (7168 -9216 -1024 ) 
4 495 625 0 (6144 -10240 2048 ) (6144 -10240 2240 ) (6144 -9216 2240 ) (6144 -9216 2048 ) 
4 495 500 0 (6144 -10240 2240 ) (6144 -10240 2048 ) (7168 -10240 2048 ) (7168 -10240 2240 ) 
4 495 496 0 (7168 -10240 2048 ) (6144 -10240 2048 ) (6144 -9216 2048 ) (7168 -9216 2048 ) 
4 496 626 0 (6144 -10240 1024 ) (6144 -10240 2048 ) (6144 -9216 2048 ) (6144 -9216 1024 ) 
4 496 501 0 (6144 -10240 2048 ) (6144 -10240 1024 ) (7168 -10240 1024 ) (7168 -10240 2048 ) 
4 496 497 0 (7168 -10240 1024 ) (6144 -10240 1024 ) (6144 -9216 1024 ) (7168 -9216 1024 ) 
4 497 627 0 (6144 -10240 0 ) (6144 -10240 1024 ) (6144 -9216 1024 ) (6144 -9216 0 ) 
4 497 502 0 (6144 -10240 1024 ) (6144 -10240 0 ) (7168 -10240 0 ) (7168 -10240 1024 ) 
4 497 498 0 (7168 -10240 0 ) (6144 -10240 0 ) (6144 -9216 0 ) (7168 -9216 0 ) 
4 498 628 0 (6144 -10240 -1024 ) (6144 -10240 0 ) (6144 -9216 0 ) (6144 -9216 -1024 ) 
4 498 503 0 (6144 -10240 0 ) (6144 -10240 -1024 ) (7168 -10240 -1024 ) (7168 -10240 0 ) 
4 498 499 0 (7168 -10240 -1024 ) (6144 -10240 -1024 ) (6144 -9216 -1024 ) (7168 -9216 -1024 ) 
4 499 629 0 (6144 -10240 -1440 ) (6144 -10240 -1024 ) (6144 -9216 -1024 ) (6144 -9216 -1440 ) 
4 499 504 0 (6144 -10240 -1024 ) (6144 -10240 -1440 ) (7168 -10240 -1440 ) (7168 -10240 -1024 ) 
4 500 630 0 (6144 -11264 2048 ) (6144 -11264 2240 ) (6144 -10240 2240 ) (6144 -10240 2048 ) 
4 500 505 0 (6144 -11264 2240 ) (6144 -11264 2048 ) (7168 -11264 2048 ) (7168 -11264 2240 ) 
4 500 501 0 (7168 -11264 2048 ) (6144 -11264 2048 ) (6144 -10240 2048 ) (7168 -10240 2048 ) 
4 501 631 0 (6144 -11264 1024 ) (6144 -11264 2048 ) (6144 -10240 2048 ) (6144 -10240 1024 ) 
4 501 506 0 (6144 -11264 2048 ) (6144 -11264 1024 ) (7168 -11264 1024 ) (7168 -11264 2048 ) 
4 501 502 0 (7168 -11264 1024 ) (6144 -11264 1024 ) (6144 -10240 1024 ) (7168 -10240 1024 ) 
4 502 632 0 (6144 -11264 0 ) (6144 -11264 1024 ) (6144 -10240 1024 ) (6144 -10240 0 ) 
4 502 507 0 (6144 -11264 1024 ) (6144 -11264 0 ) (7168 -11264 0 ) (7168 -11264 1024 ) 
4 502 503 0 (7168 -11264 0 ) (6144 -11264 0 ) (6144 -10240 0 ) (7168 -10240 0 ) 
4 503 633 0 (6144 -11264 -1024 ) (6144 -11264 0 ) (6144 -10240 0 ) (6144 -10240 -1024 ) 
4 503 508 0 (6144 -11264 0 ) (6144 -11264 -1024 ) (7168 -11264 -1024 ) (7168 -11264 0 ) 
4 503 504 0 (7168 -11264 -1024 ) (6144 -11264 -1024 ) (6144 -10240 -1024 ) (7168 -10240 -1024 ) 
4 504 634 0 (6144 -11264 -1440 ) (6144 -11264 -1024 ) (6144 -10240 -1024 ) (6144 -10240 -1440 ) 
4 504 509 0 (6144 -11264 -1024 ) (6144 -11264 -1440 ) (7168 -11264 -1440 ) (7168 -11264 -1024 ) 
4 505 635 0 (6144 -12288 2048 ) (6144 -12288 2240 ) (6144 -11264 2240 ) (6144 -11264 2048 ) 
4 505 510 0 (6144 -12288 2240 ) (6144 -12288 2048 ) (7168 -12288 2048 ) (7168 -12288 2240 ) 
4 505 506 0 (7168 -12288 2048 ) (6144 -12288 2048 ) (6144 -11264 2048 ) (7168 -11264 2048 ) 
4 506 636 0 (6144 -12288 1024 ) (6144 -12288 2048 ) (6144 -11264 2048 ) (6144 -11264 1024 ) 
4 506 511 0 (6144 -12288 2048 ) (6144 -12288 1024 ) (7168 -12288 1024 ) (7168 -12288 2048 ) 
4 506 507 0 (7168 -12288 1024 ) (6144 -12288 1024 ) (6144 -11264 1024 ) (7168 -11264 1024 ) 
4 507 637 0 (6144 -12288 0 ) (6144 -12288 1024 ) (6144 -11264 1024 ) (6144 -11264 0 ) 
4 507 512 0 (6144 -12288 1024 ) (6144 -12288 0 ) (7168 -12288 0 ) (7168 -12288 1024 ) 
4 507 508 0 (7168 -12288 0 ) (6144 -12288 0 ) (6144 -11264 0 ) (7168 -11264 0 ) 
4 508 638 0 (6144 -12288 -1024 ) (6144 -12288 0 ) (6144 -11264 0 ) (6144 -11264 -1024 ) 
4 508 513 0 (6144 -12288 0 ) (6144 -12288 -1024 ) (7168 -12288 -1024 ) (7168 -12288 0 ) 
4 508 509 0 (7168 -12288 -1024 ) (6144 -12288 -1024 ) (6144 -11264 -1024 ) (7168 -11264 -1024 ) 
4 509 639 0 (6144 -12288 -1440 ) (6144 -12288 -1024 ) (6144 -11264 -1024 ) (6144 -11264 -1440 ) 
4 509 514 0 (6144 -12288 -1024 ) (6144 -12288 -1440 ) (7168 -12288 -1440 ) (7168 -12288 -1024 ) 
4 510 640 0 (6144 -13312 2048 ) (6144 -13312 2240 ) (6144 -12288 2240 ) (6144 -12288 2048 ) 
4 510 515 0 (6144 -13312 2240 ) (6144 -13312 2048 ) (7168 -13312 2048 ) (7168 -13312 2240 ) 
4 510 511 0 (7168 -13312 2048 ) (6144 -13312 2048 ) (6144 -12288 2048 ) (7168 -12288 2048 ) 
4 511 641 0 (6144 -13312 1024 ) (6144 -13312 2048 ) (6144 -12288 2048 ) (6144 -12288 1024 ) 
4 511 516 0 (6144 -13312 2048 ) (6144 -13312 1024 ) (7168 -13312 1024 ) (7168 -13312 2048 ) 
4 511 512 0 (7168 -13312 1024 ) (6144 -13312 1024 ) (6144 -12288 1024 ) (7168 -12288 1024 ) 
4 512 642 0 (6144 -13312 0 ) (6144 -13312 1024 ) (6144 -12288 1024 ) (6144 -12288 0 ) 
4 512 517 0 (6144 -13312 1024 ) (6144 -13312 0 ) (7168 -13312 0 ) (7168 -13312 1024 ) 
4 512 513 0 (7168 -13312 0 ) (6144 -13312 0 ) (6144 -12288 0 ) (7168 -12288 0 ) 
4 513 643 0 (6144 -13312 -1024 ) (6144 -13312 0 ) (6144 -12288 0 ) (6144 -12288 -1024 ) 
4 513 518 0 (6144 -13312 0 ) (6144 -13312 -1024 ) (7168 -13312 -1024 ) (7168 -13312 0 ) 
4 513 514 0 (7168 -13312 -1024 ) (6144 -13312 -1024 ) (6144 -12288 -1024 ) (7168 -12288 -1024 ) 
4 514 644 0 (6144 -13312 -1440 ) (6144 -13312 -1024 ) (6144 -12288 -1024 ) (6144 -12288 -1440 ) 
4 514 519 0 (6144 -13312 -1024 ) (6144 -13312 -1440 ) (7168 -13312 -1440 ) (7168 -13312 -1024 ) 
4 515 645 0 (6144 -13408 2240 ) (6144 -13312 2240 ) (6144 -13312 2048 ) (6144 -13408 2048 ) 
4 515 516 0 (6144 -13408 2048 ) (6144 -13312 2048 ) (7168 -13312 2048 ) (7168 -13408 2048 ) 
4 516 646 0 (6144 -13408 2048 ) (6144 -13312 2048 ) (6144 -13312 1024 ) (6144 -13408 1024 ) 
4 516 517 0 (6144 -13408 1024 ) (6144 -13312 1024 ) (7168 -13312 1024 ) (7168 -13408 1024 ) 
4 517 647 0 (6144 -13408 1024 ) (6144 -13312 1024 ) (6144 -13312 0 ) (6144 -13408 0 ) 
4 517 518 0 (6144 -13408 0 ) (6144 -13312 0 ) (7168 -13312 0 ) (7168 -13408 0 ) 
4 518 648 0 (6144 -13408 0 ) (6144 -13312 0 ) (6144 -13312 -1024 ) (6144 -13408 -1024 ) 
4 518 519 0 (6144 -13408 -1024 ) (6144 -13312 -1024 ) (7168 -13312 -1024 ) (7168 -13408 -1024 ) 
4 519 649 0 (6144 -13408 -1024 ) (6144 -13312 -1024 ) (6144 -13312 -1440 ) (6144 -13408 -1440 ) 
4 520 650 0 (5120 11264 2048 ) (5120 11264 2240 ) (5120 11312 2240 ) (5120 11312 2048 ) 
4 520 525 0 (5120 11264 2240 ) (5120 11264 2048 ) (6144 11264 2048 ) (6144 11264 2240 ) 
4 520 521 0 (6144 11264 2048 ) (5120 11264 2048 ) (5120 11312 2048 ) (6144 11312 2048 ) 
4 521 651 0 (5120 11264 1024 ) (5120 11264 2048 ) (5120 11312 2048 ) (5120 11312 1024 ) 
4 521 526 0 (5120 11264 2048 ) (5120 11264 1024 ) (6144 11264 1024 ) (6144 11264 2048 ) 
4 521 522 0 (6144 11264 1024 ) (5120 11264 1024 ) (5120 11312 1024 ) (6144 11312 1024 ) 
4 522 652 0 (5120 11264 0 ) (5120 11264 1024 ) (5120 11312 1024 ) (5120 11312 0 ) 
4 522 527 0 (5120 11264 1024 ) (5120 11264 0 ) (6144 11264 0 ) (6144 11264 1024 ) 
4 522 523 0 (6144 11264 0 ) (5120 11264 0 ) (5120 11312 0 ) (6144 11312 0 ) 
4 523 653 0 (5120 11264 -1024 ) (5120 11264 0 ) (5120 11312 0 ) (5120 11312 -1024 ) 
4 523 528 0 (5120 11264 0 ) (5120 11264 -1024 ) (6144 11264 -1024 ) (6144 11264 0 ) 
4 523 524 0 (6144 11264 -1024 ) (5120 11264 -1024 ) (5120 11312 -1024 ) (6144 11312 -1024 ) 
4 524 654 0 (5120 11264 -1440 ) (5120 11264 -1024 ) (5120 11312 -1024 ) (5120 11312 -1440 ) 
4 524 529 0 (5120 11264 -1024 ) (5120 11264 -1440 ) (6144 11264 -1440 ) (6144 11264 -1024 ) 
4 525 655 0 (5120 10240 2048 ) (5120 10240 2240 ) (5120 11264 2240 ) (5120 11264 2048 ) 
4 525 530 0 (5120 10240 2240 ) (5120 10240 2048 ) (6144 10240 2048 ) (6144 10240 2240 ) 
4 525 526 0 (6144 10240 2048 ) (5120 10240 2048 ) (5120 11264 2048 ) (6144 11264 2048 ) 
4 526 656 0 (5120 10240 1024 ) (5120 10240 2048 ) (5120 11264 2048 ) (5120 11264 1024 ) 
4 526 531 0 (5120 10240 2048 ) (5120 10240 1024 ) (6144 10240 1024 ) (6144 10240 2048 ) 
4 526 527 0 (6144 10240 1024 ) (5120 10240 1024 ) (5120 11264 1024 ) (6144 11264 1024 ) 
4 527 657 0 (5120 10240 0 ) (5120 10240 1024 ) (5120 11264 1024 ) (5120 11264 0 ) 
4 527 532 0 (5120 10240 1024 ) (5120 10240 0 ) (6144 10240 0 ) (6144 10240 1024 ) 
4 527 528 0 (6144 10240 0 ) (5120 10240 0 ) (5120 11264 0 ) (6144 11264 0 ) 
4 528 658 0 (5120 10240 -1024 ) (5120 10240 0 ) (5120 11264 0 ) (5120 11264 -1024 ) 
4 528 533 0 (5120 10240 0 ) (5120 10240 -1024 ) (6144 10240 -1024 ) (6144 10240 0 ) 
4 528 529 0 (6144 10240 -1024 ) (5120 10240 -1024 ) (5120 11264 -1024 ) (6144 11264 -1024 ) 
4 529 659 0 (5120 10240 -1440 ) (5120 10240 -1024 ) (5120 11264 -1024 ) (5120 11264 -1440 ) 
4 529 534 0 (5120 10240 -1024 ) (5120 10240 -1440 ) (6144 10240 -1440 ) (6144 10240 -1024 ) 
4 530 660 0 (5120 9216 2048 ) (5120 9216 2240 ) (5120 10240 2240 ) (5120 10240 2048 ) 
4 530 535 0 (5120 9216 2240 ) (5120 9216 2048 ) (6144 9216 2048 ) (6144 9216 2240 ) 
4 530 531 0 (6144 9216 2048 ) (5120 9216 2048 ) (5120 10240 2048 ) (6144 10240 2048 ) 
4 531 661 0 (5120 9216 1024 ) (5120 9216 2048 ) (5120 10240 2048 ) (5120 10240 1024 ) 
4 531 536 0 (5120 9216 2048 ) (5120 9216 1024 ) (6144 9216 1024 ) (6144 9216 2048 ) 
4 531 532 0 (6144 9216 1024 ) (5120 9216 1024 ) (5120 10240 1024 ) (6144 10240 1024 ) 
4 532 662 0 (5120 9216 0 ) (5120 9216 1024 ) (5120 10240 1024 ) (5120 10240 0 ) 
4 532 537 0 (5120 9216 1024 ) (5120 9216 0 ) (6144 9216 0 ) (6144 9216 1024 ) 
4 532 533 0 (6144 9216 0 ) (5120 9216 0 ) (5120 10240 0 ) (6144 10240 0 ) 
4 533 663 0 (5120 9216 -1024 ) (5120 9216 0 ) (5120 10240 0 ) (5120 10240 -1024 ) 
4 533 538 0 (5120 9216 0 ) (5120 9216 -1024 ) (6144 9216 -1024 ) (6144 9216 0 ) 
4 533 534 0 (6144 9216 -1024 ) (5120 9216 -1024 ) (5120 10240 -1024 ) (6144 10240 -1024 ) 
4 534 664 0 (5120 9216 -1440 ) (5120 9216 -1024 ) (5120 10240 -1024 ) (5120 10240 -1440 ) 
4 534 539 0 (5120 9216 -1024 ) (5120 9216 -1440 ) (6144 9216 -1440 ) (6144 9216 -1024 ) 
4 535 665 0 (5120 8192 2048 ) (5120 8192 2240 ) (5120 9216 2240 ) (5120 9216 2048 ) 
4 535 540 0 (5120 8192 2240 ) (5120 8192 2048 ) (6144 8192 2048 ) (6144 8192 2240 ) 
4 535 536 0 (6144 8192 2048 ) (5120 8192 2048 ) (5120 9216 2048 ) (6144 9216 2048 ) 
4 536 666 0 (5120 8192 1024 ) (5120 8192 2048 ) (5120 9216 2048 ) (5120 9216 1024 ) 
4 536 541 0 (5120 8192 2048 ) (5120 8192 1024 ) (6144 8192 1024 ) (6144 8192 2048 ) 
4 536 537 0 (6144 8192 1024 ) (5120 8192 1024 ) (5120 9216 1024 ) (6144 9216 1024 ) 
4 537 667 0 (5120 8192 0 ) (5120 8192 1024 ) (5120 9216 1024 ) (5120 9216 0 ) 
4 537 542 0 (5120 8192 1024 ) (5120 8192 0 ) (6144 8192 0 ) (6144 8192 1024 ) 
4 537 538 0 (6144 8192 0 ) (5120 8192 0 ) (5120 9216 0 ) (6144 9216 0 ) 
4 538 668 0 (5120 8192 -1024 ) (5120 8192 0 ) (5120 9216 0 ) (5120 9216 -1024 ) 
4 538 543 0 (5120 8192 0 ) (5120 8192 -1024 ) (6144 8192 -1024 ) (6144 8192 0 ) 
4 538 539 0 (6144 8192 -1024 ) (5120 8192 -1024 ) (5120 9216 -1024 ) (6144 9216 -1024 ) 
4 539 669 0 (5120 8192 -1440 ) (5120 8192 -1024 ) (5120 9216 -1024 ) (5120 9216 -1440 ) 
4 539 544 0 (5120 8192 -1024 ) (5120 8192 -1440 ) (6144 8192 -1440 ) (6144 8192 -1024 ) 
4 540 670 0 (5120 7168 2048 ) (5120 7168 2240 ) (5120 8192 2240 ) (5120 8192 2048 ) 
4 540 545 0 (5120 7168 2240 ) (5120 7168 2048 ) (6144 7168 2048 ) (6144 7168 2240 ) 
4 540 541 0 (6144 7168 2048 ) (5120 7168 2048 ) (5120 8192 2048 ) (6144 8192 2048 ) 
4 541 671 0 (5120 7168 1024 ) (5120 7168 2048 ) (5120 8192 2048 ) (5120 8192 1024 ) 
4 541 546 0 (5120 7168 2048 ) (5120 7168 1024 ) (6144 7168 1024 ) (6144 7168 2048 ) 
4 541 542 0 (6144 7168 1024 ) (5120 7168 1024 ) (5120 8192 1024 ) (6144 8192 1024 ) 
4 542 672 0 (5120 7168 0 ) (5120 7168 1024 ) (5120 8192 1024 ) (5120 8192 0 ) 
4 542 547 0 (5120 7168 1024 ) (5120 7168 0 ) (6144 7168 0 ) (6144 7168 1024 ) 
4 542 543 0 (6144 7168 0 ) (5120 7168 0 ) (5120 8192 0 ) (6144 8192 0 ) 
4 543 673 0 (5120 7168 -1024 ) (5120 7168 0 ) (5120 8192 0 ) (5120 8192 -1024 ) 
4 543 548 0 (5120 7168 0 ) (5120 7168 -1024 ) (6144 7168 -1024 ) (6144 7168 0 ) 
4 543 544 0 (6144 7168 -1024 ) (5120 7168 -1024 ) (5120 8192 -1024 ) (6144 8192 -1024 ) 
4 544 674 0 (5120 7168 -1440 ) (5120 7168 -1024 ) (5120 8192 -1024 ) (5120 8192 -1440 ) 
4 544 549 0 (5120 7168 -1024 ) (5120 7168 -1440 ) (6144 7168 -1440 ) (6144 7168 -1024 ) 
4 545 675 0 (5120 6144 2048 ) (5120 6144 2240 ) (5120 7168 2240 ) (5120 7168 2048 ) 
4 545 550 0 (5120 6144 2240 ) (5120 6144 2048 ) (6144 6144 2048 ) (6144 6144 2240 ) 
4 545 546 0 (6144 6144 2048 ) (5120 6144 2048 ) (5120 7168 2048 ) (6144 7168 2048 ) 
4 546 676 0 (5120 6144 1024 ) (5120 6144 2048 ) (5120 7168 2048 ) (5120 7168 1024 ) 
4 546 551 0 (5120 6144 2048 ) (5120 6144 1024 ) (6144 6144 1024 ) (6144 6144 2048 ) 
4 546 547 0 (6144 6144 1024 ) (5120 6144 1024 ) (5120 7168 1024 ) (6144 7168 1024 ) 
4 547 677 0 (5120 6144 0 ) (5120 6144 1024 ) (5120 7168 1024 ) (5120 7168 0 ) 
4 547 552 0 (5120 6144 1024 ) (5120 6144 0 ) (6144 6144 0 ) (6144 6144 1024 ) 
4 547 548 0 (6144 6144 0 ) (5120 6144 0 ) (5120 7168 0 ) (6144 7168 0 ) 
4 548 678 0 (5120 6144 -1024 ) (5120 6144 0 ) (5120 7168 0 ) (5120 7168 -1024 ) 
4 548 553 0 (5120 6144 0 ) (5120 6144 -1024 ) (6144 6144 -1024 ) (6144 6144 0 ) 
4 548 549 0 (6144 6144 -1024 ) (5120 6144 -1024 ) (5120 7168 -1024 ) (6144 7168 -1024 ) 
4 549 679 0 (5120 6144 -1440 ) (5120 6144 -1024 ) (5120 7168 -1024 ) (5120 7168 -1440 ) 
4 549 554 0 (5120 6144 -1024 ) (5120 6144 -1440 ) (6144 6144 -1440 ) (6144 6144 -1024 ) 
4 550 680 0 (5120 5120 2048 ) (5120 5120 2240 ) (5120 6144 2240 ) (5120 6144 2048 ) 
4 550 555 0 (5120 5120 2240 ) (5120 5120 2048 ) (6144 5120 2048 ) (6144 5120 2240 ) 
4 550 551 0 (6144 5120 2048 ) (5120 5120 2048 ) (5120 6144 2048 ) (6144 6144 2048 ) 
4 551 681 0 (5120 5120 1024 ) (5120 5120 2048 ) (5120 6144 2048 ) (5120 6144 1024 ) 
4 551 556 0 (5120 5120 2048 ) (5120 5120 1024 ) (6144 5120 1024 ) (6144 5120 2048 ) 
4 551 552 0 (6144 5120 1024 ) (5120 5120 1024 ) (5120 6144 1024 ) (6144 6144 1024 ) 
4 552 682 0 (5120 5120 0 ) (5120 5120 1024 ) (5120 6144 1024 ) (5120 6144 0 ) 
4 552 557 0 (5120 5120 1024 ) (5120 5120 0 ) (6144 5120 0 ) (6144 5120 1024 ) 
4 552 553 0 (6144 5120 0 ) (5120 5120 0 ) (5120 6144 0 ) (6144 6144 0 ) 
4 553 683 0 (5120 5120 -1024 ) (5120 5120 0 ) (5120 6144 0 ) (5120 6144 -1024 ) 
4 553 558 0 (5120 5120 0 ) (5120 5120 -1024 ) (6144 5120 -1024 ) (6144 5120 0 ) 
4 553 554 0 (6144 5120 -1024 ) (5120 5120 -1024 ) (5120 6144 -1024 ) (6144 6144 -1024 ) 
4 554 684 0 (5120 5120 -1440 ) (5120 5120 -1024 ) (5120 6144 -1024 ) (5120 6144 -1440 ) 
4 554 559 0 (5120 5120 -1024 ) (5120 5120 -1440 ) (6144 5120 -1440 ) (6144 5120 -1024 ) 
4 555 685 0 (5120 4096 2048 ) (5120 4096 2240 ) (5120 5120 2240 ) (5120 5120 2048 ) 
4 555 560 0 (5120 4096 2240 ) (5120 4096 2048 ) (6144 4096 2048 ) (6144 4096 2240 ) 
4 555 556 0 (6144 4096 2048 ) (5120 4096 2048 ) (5120 5120 2048 ) (6144 5120 2048 ) 
4 556 686 0 (5120 4096 1024 ) (5120 4096 2048 ) (5120 5120 2048 ) (5120 5120 1024 ) 
4 556 561 0 (5120 4096 2048 ) (5120 4096 1024 ) (6144 4096 1024 ) (6144 4096 2048 ) 
4 556 557 0 (6144 4096 1024 ) (5120 4096 1024 ) (5120 5120 1024 ) (6144 5120 1024 ) 
4 557 687 0 (5120 4096 0 ) (5120 4096 1024 ) (5120 5120 1024 ) (5120 5120 0 ) 
4 557 562 0 (5120 4096 1024 ) (5120 4096 0 ) (6144 4096 0 ) (6144 4096 1024 ) 
4 557 558 0 (6144 4096 0 ) (5120 4096 0 ) (5120 5120 0 ) (6144 5120 0 ) 
4 558 688 0 (5120 4096 -1024 ) (5120 4096 0 ) (5120 5120 0 ) (5120 5120 -1024 ) 
4 558 563 0 (5120 4096 0 ) (5120 4096 -1024 ) (6144 4096 -1024 ) (6144 4096 0 ) 
4 558 559 0 (6144 4096 -1024 ) (5120 4096 -1024 ) (5120 5120 -1024 ) (6144 5120 -1024 ) 
4 559 689 0 (5120 4096 -1440 ) (5120 4096 -1024 ) (5120 5120 -1024 ) (5120 5120 -1440 ) 
4 559 564 0 (5120 4096 -1024 ) (5120 4096 -1440 ) (6144 4096 -1440 ) (6144 4096 -1024 ) 
4 560 690 0 (5120 3072 2048 ) (5120 3072 2240 ) (5120 4096 2240 ) (5120 4096 2048 ) 
4 560 565 0 (5120 3072 2240 ) (5120 3072 2048 ) (6144 3072 2048 ) (6144 3072 2240 ) 
4 560 561 0 (6144 3072 2048 ) (5120 3072 2048 ) (5120 4096 2048 ) (6144 4096 2048 ) 
4 561 691 0 (5120 3072 1024 ) (5120 3072 2048 ) (5120 4096 2048 ) (5120 4096 1024 ) 
4 561 566 0 (5120 3072 2048 ) (5120 3072 1024 ) (6144 3072 1024 ) (6144 3072 2048 ) 
4 561 562 0 (6144 3072 1024 ) (5120 3072 1024 ) (5120 4096 1024 ) (6144 4096 1024 ) 
4 562 692 0 (5120 3072 0 ) (5120 3072 1024 ) (5120 4096 1024 ) (5120 4096 0 ) 
4 562 567 0 (5120 3072 1024 ) (5120 3072 0 ) (6144 3072 0 ) (6144 3072 1024 ) 
4 562 563 0 (6144 3072 0 ) (5120 3072 0 ) (5120 4096 0 ) (6144 4096 0 ) 
4 563 693 0 (5120 3072 -1024 ) (5120 3072 0 ) (5120 4096 0 ) (5120 4096 -1024 ) 
4 563 568 0 (5120 3072 0 ) (5120 3072 -1024 ) (6144 3072 -1024 ) (6144 3072 0 ) 
4 563 564 0 (6144 3072 -1024 ) (5120 3072 -1024 ) (5120 4096 -1024 ) (6144 4096 -1024 ) 
4 564 694 0 (5120 3072 -1440 ) (5120 3072 -1024 ) (5120 4096 -1024 ) (5120 4096 -1440 ) 
4 564 569 0 (5120 3072 -1024 ) (5120 3072 -1440 ) (6144 3072 -1440 ) (6144 3072 -1024 ) 
4 565 695 0 (5120 2048 2048 ) (5120 2048 2240 ) (5120 3072 2240 ) (5120 3072 2048 ) 
4 565 570 0 (5120 2048 2240 ) (5120 2048 2048 ) (6144 2048 2048 ) (6144 2048 2240 ) 
4 565 566 0 (6144 2048 2048 ) (5120 2048 2048 ) (5120 3072 2048 ) (6144 3072 2048 ) 
4 566 696 0 (5120 2048 1024 ) (5120 2048 2048 ) (5120 3072 2048 ) (5120 3072 1024 ) 
4 566 571 0 (5120 2048 2048 ) (5120 2048 1024 ) (6144 2048 1024 ) (6144 2048 2048 ) 
4 566 567 0 (6144 2048 1024 ) (5120 2048 1024 ) (5120 3072 1024 ) (6144 3072 1024 ) 
4 567 697 0 (5120 2048 0 ) (5120 2048 1024 ) (5120 3072 1024 ) (5120 3072 0 ) 
4 567 572 0 (5120 2048 1024 ) (5120 2048 0 ) (6144 2048 0 ) (6144 2048 1024 ) 
4 567 568 0 (6144 2048 0 ) (5120 2048 0 ) (5120 3072 0 ) (6144 3072 0 ) 
4 568 698 0 (5120 2048 -1024 ) (5120 2048 0 ) (5120 3072 0 ) (5120 3072 -1024 ) 
4 568 573 0 (5120 2048 0 ) (5120 2048 -1024 ) (6144 2048 -1024 ) (6144 2048 0 ) 
4 568 569 0 (6144 2048 -1024 ) (5120 2048 -1024 ) (5120 3072 -1024 ) (6144 3072 -1024 ) 
4 569 699 0 (5120 2048 -1440 ) (5120 2048 -1024 ) (5120 3072 -1024 ) (5120 3072 -1440 ) 
4 569 574 0 (5120 2048 -1024 ) (5120 2048 -1440 ) (6144 2048 -1440 ) (6144 2048 -1024 ) 
4 570 700 0 (5120 1024 2048 ) (5120 1024 2240 ) (5120 2048 2240 ) (5120 2048 2048 ) 
4 570 575 0 (5120 1024 2240 ) (5120 1024 2048 ) (6144 1024 2048 ) (6144 1024 2240 ) 
4 570 571 0 (6144 1024 2048 ) (5120 1024 2048 ) (5120 2048 2048 ) (6144 2048 2048 ) 
4 571 701 0 (5120 1024 1024 ) (5120 1024 2048 ) (5120 2048 2048 ) (5120 2048 1024 ) 
4 571 576 0 (5120 1024 2048 ) (5120 1024 1024 ) (6144 1024 1024 ) (6144 1024 2048 ) 
4 571 572 0 (6144 1024 1024 ) (5120 1024 1024 ) (5120 2048 1024 ) (6144 2048 1024 ) 
4 572 702 0 (5120 1024 0 ) (5120 1024 1024 ) (5120 2048 1024 ) (5120 2048 0 ) 
4 572 577 0 (5120 1024 1024 ) (5120 1024 0 ) (6144 1024 0 ) (6144 1024 1024 ) 
4 572 573 0 (6144 1024 0 ) (5120 1024 0 ) (5120 2048 0 ) (6144 2048 0 ) 
4 573 703 0 (5120 1024 -1024 ) (5120 1024 0 ) (5120 2048 0 ) (5120 2048 -1024 ) 
4 573 578 0 (5120 1024 0 ) (5120 1024 -1024 ) (6144 1024 -1024 ) (6144 1024 0 ) 
4 573 574 0 (6144 1024 -1024 ) (5120 1024 -1024 ) (5120 2048 -1024 ) (6144 2048 -1024 ) 
4 574 704 0 (5120 1024 -1440 ) (5120 1024 -1024 ) (5120 2048 -1024 ) (5120 2048 -1440 ) 
4 574 579 0 (5120 1024 -1024 ) (5120 1024 -1440 ) (6144 1024 -1440 ) (6144 1024 -1024 ) 
4 575 705 0 (5120 0 2048 ) (5120 0 2240 ) (5120 1024 2240 ) (5120 1024 2048 ) 
4 575 580 0 (5120 0 2240 ) (5120 0 2048 ) (6144 0 2048 ) (6144 0 2240 ) 
4 575 576 0 (6144 0 2048 ) (5120 0 2048 ) (5120 1024 2048 ) (6144 1024 2048 ) 
4 576 706 0 (5120 0 1024 ) (5120 0 2048 ) (5120 1024 2048 ) (5120 1024 1024 ) 
4 576 581 0 (5120 0 2048 ) (5120 0 1024 ) (6144 0 1024 ) (6144 0 2048 ) 
4 576 577 0 (6144 0 1024 ) (5120 0 1024 ) (5120 1024 1024 ) (6144 1024 1024 ) 
4 577 707 0 (5120 0 0 ) (5120 0 1024 ) (5120 1024 1024 ) (5120 1024 0 ) 
4 577 582 0 (5120 0 1024 ) (5120 0 0 ) (6144 0 0 ) (6144 0 1024 ) 
4 577 578 0 (6144 0 0 ) (5120 0 0 ) (5120 1024 0 ) (6144 1024 0 ) 
4 578 708 0 (5120 0 -1024 ) (5120 0 0 ) (5120 1024 0 ) (5120 1024 -1024 ) 
4 578 583 0 (5120 0 0 ) (5120 0 -1024 ) (6144 0 -1024 ) (6144 0 0 ) 
4 578 579 0 (6144 0 -1024 ) (5120 0 -1024 ) (5120 1024 -1024 ) (6144 1024 -1024 ) 
4 579 709 0 (5120 0 -1440 ) (5120 0 -1024 ) (5120 1024 -1024 ) (5120 1024 -1440 ) 
4 579 584 0 (5120 0 -1024 ) (5120 0 -1440 ) (6144 0 -1440 ) (6144 0 -1024 ) 
4 580 710 0 (5120 -1024 2048 ) (5120 -1024 2240 ) (5120 0 2240 ) (5120 0 2048 ) 
4 580 585 0 (5120 -1024 2240 ) (5120 -1024 2048 ) (6144 -1024 2048 ) (6144 -1024 2240 ) 
4 580 581 0 (6144 -1024 2048 ) (5120 -1024 2048 ) (5120 0 2048 ) (6144 0 2048 ) 
4 581 711 0 (5120 -1024 1024 ) (5120 -1024 2048 ) (5120 0 2048 ) (5120 0 1024 ) 
4 581 586 0 (5120 -1024 2048 ) (5120 -1024 1024 ) (6144 -1024 1024 ) (6144 -1024 2048 ) 
4 581 582 0 (6144 -1024 1024 ) (5120 -1024 1024 ) (5120 0 1024 ) (6144 0 1024 ) 
4 582 712 0 (5120 -1024 0 ) (5120 -1024 1024 ) (5120 0 1024 ) (5120 0 0 ) 
4 582 587 0 (5120 -1024 1024 ) (5120 -1024 0 ) (6144 -1024 0 ) (6144 -1024 1024 ) 
4 582 583 0 (6144 -1024 0 ) (5120 -1024 0 ) (5120 0 0 ) (6144 0 0 ) 
4 583 713 0 (5120 -1024 -1024 ) (5120 -1024 0 ) (5120 0 0 ) (5120 0 -1024 ) 
4 583 588 0 (5120 -1024 0 ) (5120 -1024 -1024 ) (6144 -1024 -1024 ) (6144 -1024 0 ) 
4 583 584 0 (6144 -1024 -1024 ) (5120 -1024 -1024 ) (5120 0 -1024 ) (6144 0 -1024 ) 
4 584 714 0 (5120 -1024 -1440 ) (5120 -1024 -1024 ) (5120 0 -1024 ) (5120 0 -1440 ) 
4 584 589 0 (5120 -1024 -1024 ) (5120 -1024 -1440 ) (6144 -1024 -1440 ) (6144 -1024 -1024 ) 
4 585 715 0 (5120 -2048 2048 ) (5120 -2048 2240 ) (5120 -1024 2240 ) (5120 -1024 2048 ) 
4 585 590 0 (5120 -2048 2240 ) (5120 -2048 2048 ) (6144 -2048 2048 ) (6144 -2048 2240 ) 
4 585 586 0 (6144 -2048 2048 ) (5120 -2048 2048 ) (5120 -1024 2048 ) (6144 -1024 2048 ) 
4 586 716 0 (5120 -2048 1024 ) (5120 -2048 2048 ) (5120 -1024 2048 ) (5120 -1024 1024 ) 
4 586 591 0 (5120 -2048 2048 ) (5120 -2048 1024 ) (6144 -2048 1024 ) (6144 -2048 2048 ) 
4 586 587 0 (6144 -2048 1024 ) (5120 -2048 1024 ) (5120 -1024 1024 ) (6144 -1024 1024 ) 
4 587 717 0 (5120 -2048 0 ) (5120 -2048 1024 ) (5120 -1024 1024 ) (5120 -1024 0 ) 
4 587 592 0 (5120 -2048 1024 ) (5120 -2048 0 ) (6144 -2048 0 ) (6144 -2048 1024 ) 
4 587 588 0 (6144 -2048 0 ) (5120 -2048 0 ) (5120 -1024 0 ) (6144 -1024 0 ) 
4 588 718 0 (5120 -2048 -1024 ) (5120 -2048 0 ) (5120 -1024 0 ) (5120 -1024 -1024 ) 
4 588 593 0 (5120 -2048 0 ) (5120 -2048 -1024 ) (6144 -2048 -1024 ) (6144 -2048 0 ) 
4 588 589 0 (6144 -2048 -1024 ) (5120 -2048 -1024 ) (5120 -1024 -1024 ) (6144 -1024 -1024 ) 
4 589 719 0 (5120 -2048 -1440 ) (5120 -2048 -1024 ) (5120 -1024 -1024 ) (5120 -1024 -1440 ) 
4 589 594 0 (5120 -2048 -1024 ) (5120 -2048 -1440 ) (6144 -2048 -1440 ) (6144 -2048 -1024 ) 
4 590 720 0 (5120 -3072 2048 ) (5120 -3072 2240 ) (5120 -2048 2240 ) (5120 -2048 2048 ) 
4 590 595 0 (5120 -3072 2240 ) (5120 -3072 2048 ) (6144 -3072 2048 ) (6144 -3072 2240 ) 
4 590 591 0 (6144 -3072 2048 ) (5120 -3072 2048 ) (5120 -2048 2048 ) (6144 -2048 2048 ) 
4 591 721 0 (5120 -3072 1024 ) (5120 -3072 2048 ) (5120 -2048 2048 ) (5120 -2048 1024 ) 
4 591 596 0 (5120 -3072 2048 ) (5120 -3072 1024 ) (6144 -3072 1024 ) (6144 -3072 2048 ) 
4 591 592 0 (6144 -3072 1024 ) (5120 -3072 1024 ) (5120 -2048 1024 ) (6144 -2048 1024 ) 
4 592 722 0 (5120 -3072 0 ) (5120 -3072 1024 ) (5120 -2048 1024 ) (5120 -2048 0 ) 
4 592 597 0 (5120 -3072 1024 ) (5120 -3072 0 ) (6144 -3072 0 ) (6144 -3072 1024 ) 
4 592 593 0 (6144 -3072 0 ) (5120 -3072 0 ) (5120 -2048 0 ) (6144 -2048 0 ) 
4 593 723 0 (5120 -3072 -1024 ) (5120 -3072 0 ) (5120 -2048 0 ) (5120 -2048 -1024 ) 
4 593 598 0 (5120 -3072 0 ) (5120 -3072 -1024 ) (6144 -3072 -1024 ) (6144 -3072 0 ) 
4 593 594 0 (6144 -3072 -1024 ) (5120 -3072 -1024 ) (5120 -2048 -1024 ) (6144 -2048 -1024 ) 
4 594 724 0 (5120 -3072 -1440 ) (5120 -3072 -1024 ) (5120 -2048 -1024 ) (5120 -2048 -1440 ) 
4 594 599 0 (5120 -3072 -1024 ) (5120 -3072 -1440 ) (6144 -3072 -1440 ) (6144 -3072 -1024 ) 
4 595 725 0 (5120 -4096 2048 ) (5120 -4096 2240 ) (5120 -3072 2240 ) (5120 -3072 2048 ) 
4 595 600 0 (5120 -4096 2240 ) (5120 -4096 2048 ) (6144 -4096 2048 ) (6144 -4096 2240 ) 
4 595 596 0 (6144 -4096 2048 ) (5120 -4096 2048 ) (5120 -3072 2048 ) (6144 -3072 2048 ) 
4 596 726 0 (5120 -4096 1024 ) (5120 -4096 2048 ) (5120 -3072 2048 ) (5120 -3072 1024 ) 
4 596 601 0 (5120 -4096 2048 ) (5120 -4096 1024 ) (6144 -4096 1024 ) (6144 -4096 2048 ) 
4 596 597 0 (6144 -4096 1024 ) (5120 -4096 1024 ) (5120 -3072 1024 ) (6144 -3072 1024 ) 
4 597 727 0 (5120 -4096 0 ) (5120 -4096 1024 ) (5120 -3072 1024 ) (5120 -3072 0 ) 
4 597 602 0 (5120 -4096 1024 ) (5120 -4096 0 ) (6144 -4096 0 ) (6144 -4096 1024 ) 
4 597 598 0 (6144 -4096 0 ) (5120 -4096 0 ) (5120 -3072 0 ) (6144 -3072 0 ) 
4 598 728 0 (5120 -4096 -1024 ) (5120 -4096 0 ) (5120 -3072 0 ) (5120 -3072 -1024 ) 
4 598 603 0 (5120 -4096 0 ) (5120 -4096 -1024 ) (6144 -4096 -1024 ) (6144 -4096 0 ) 
4 598 599 0 (6144 -4096 -1024 ) (5120 -4096 -1024 ) (5120 -3072 -1024 ) (6144 -3072 -1024 ) 
4 599 729 0 (5120 -4096 -1440 ) (5120 -4096 -1024 ) (5120 -3072 -1024 ) (5120 -3072 -1440 ) 
4 599 604 0 (5120 -4096 -1024 ) (5120 -4096 -1440 ) (6144 -4096 -1440 ) (6144 -4096 -1024 ) 
4 600 730 0 (5120 -5120 2048 ) (5120 -5120 2240 ) (5120 -4096 2240 ) (5120 -4096 2048 ) 
4 600 605 0 (5120 -5120 2240 ) (5120 -5120 2048 ) (6144 -5120 2048 ) (6144 -5120 2240 ) 
4 600 601 0 (6144 -5120 2048 ) (5120 -5120 2048 ) (5120 -4096 2048 ) (6144 -4096 2048 ) 
4 601 731 0 (5120 -5120 1024 ) (5120 -5120 2048 ) (5120 -4096 2048 ) (5120 -4096 1024 ) 
4 601 606 0 (5120 -5120 2048 ) (5120 -5120 1024 ) (6144 -5120 1024 ) (6144 -5120 2048 ) 
4 601 602 0 (6144 -5120 1024 ) (5120 -5120 1024 ) (5120 -4096 1024 ) (6144 -4096 1024 ) 
4 602 732 0 (5120 -5120 0 ) (5120 -5120 1024 ) (5120 -4096 1024 ) (5120 -4096 0 ) 
4 602 607 0 (5120 -5120 1024 ) (5120 -5120 0 ) (6144 -5120 0 ) (6144 -5120 1024 ) 
4 602 603 0 (6144 -5120 0 ) (5120 -5120 0 ) (5120 -4096 0 ) (6144 -4096 0 ) 
4 603 733 0 (5120 -5120 -1024 ) (5120 -5120 0 ) (5120 -4096 0 ) (5120 -4096 -1024 ) 
4 603 608 0 (5120 -5120 0 ) (5120 -5120 -1024 ) (6144 -5120 -1024 ) (6144 -5120 0 ) 
4 603 604 0 (6144 -5120 -1024 ) (5120 -5120 -1024 ) (5120 -4096 -1024 ) (6144 -4096 -1024 ) 
4 604 734 0 (5120 -5120 -1440 ) (5120 -5120 -1024 ) (5120 -4096 -1024 ) (5120 -4096 -1440 ) 
4 604 609 0 (5120 -5120 -1024 ) (5120 -5120 -1440 ) (6144 -5120 -1440 ) (6144 -5120 -1024 ) 
4 605 735 0 (5120 -6144 2048 ) (5120 -6144 2240 ) (5120 -5120 2240 ) (5120 -5120 2048 ) 
4 605 610 0 (5120 -6144 2240 ) (5120 -6144 2048 ) (6144 -6144 2048 ) (6144 -6144 2240 ) 
4 605 606 0 (6144 -6144 2048 ) (5120 -6144 2048 ) (5120 -5120 2048 ) (6144 -5120 2048 ) 
4 606 736 0 (5120 -6144 1024 ) (5120 -6144 2048 ) (5120 -5120 2048 ) (5120 -5120 1024 ) 
4 606 611 0 (5120 -6144 2048 ) (5120 -6144 1024 ) (6144 -6144 1024 ) (6144 -6144 2048 ) 
4 606 607 0 (6144 -6144 1024 ) (5120 -6144 1024 ) (5120 -5120 1024 ) (6144 -5120 1024 ) 
4 607 737 0 (5120 -6144 0 ) (5120 -6144 1024 ) (5120 -5120 1024 ) (5120 -5120 0 ) 
4 607 612 0 (5120 -6144 1024 ) (5120 -6144 0 ) (6144 -6144 0 ) (6144 -6144 1024 ) 
4 607 608 0 (6144 -6144 0 ) (5120 -6144 0 ) (5120 -5120 0 ) (6144 -5120 0 ) 
4 608 738 0 (5120 -6144 -1024 ) (5120 -6144 0 ) (5120 -5120 0 ) (5120 -5120 -1024 ) 
4 608 613 0 (5120 -6144 0 ) (5120 -6144 -1024 ) (6144 -6144 -1024 ) (6144 -6144 0 ) 
4 608 609 0 (6144 -6144 -1024 ) (5120 -6144 -1024 ) (5120 -5120 -1024 ) (6144 -5120 -1024 ) 
4 609 739 0 (5120 -6144 -1440 ) (5120 -6144 -1024 ) (5120 -5120 -1024 ) (5120 -5120 -1440 ) 
4 609 614 0 (5120 -6144 -1024 ) (5120 -6144 -1440 ) (6144 -6144 -1440 ) (6144 -6144 -1024 ) 
4 610 740 0 (5120 -7168 2048 ) (5120 -7168 2240 ) (5120 -6144 2240 ) (5120 -6144 2048 ) 
4 610 615 0 (5120 -7168 2240 ) (5120 -7168 2048 ) (6144 -7168 2048 ) (6144 -7168 2240 ) 
4 610 611 0 (6144 -7168 2048 ) (5120 -7168 2048 ) (5120 -6144 2048 ) (6144 -6144 2048 ) 
4 611 741 0 (5120 -7168 1024 ) (5120 -7168 2048 ) (5120 -6144 2048 ) (5120 -6144 1024 ) 
4 611 616 0 (5120 -7168 2048 ) (5120 -7168 1024 ) (6144 -7168 1024 ) (6144 -7168 2048 ) 
4 611 612 0 (6144 -7168 1024 ) (5120 -7168 1024 ) (5120 -6144 1024 ) (6144 -6144 1024 ) 
4 612 742 0 (5120 -7168 0 ) (5120 -7168 1024 ) (5120 -6144 1024 ) (5120 -6144 0 ) 
4 612 617 0 (5120 -7168 1024 ) (5120 -7168 0 ) (6144 -7168 0 ) (6144 -7168 1024 ) 
4 612 613 0 (6144 -7168 0 ) (5120 -7168 0 ) (5120 -6144 0 ) (6144 -6144 0 ) 
4 613 743 0 (5120 -7168 -1024 ) (5120 -7168 0 ) (5120 -6144 0 ) (5120 -6144 -1024 ) 
4 613 618 0 (5120 -7168 0 ) (5120 -7168 -1024 ) (6144 -7168 -1024 ) (6144 -7168 0 ) 
4 613 614 0 (6144 -7168 -1024 ) (5120 -7168 -1024 ) (5120 -6144 -1024 ) (6144 -6144 -1024 ) 
4 614 744 0 (5120 -7168 -1440 ) (5120 -7168 -1024 ) (5120 -6144 -1024 ) (5120 -6144 -1440 ) 
4 614 619 0 (5120 -7168 -1024 ) (5120 -7168 -1440 ) (6144 -7168 -1440 ) (6144 -7168 -1024 ) 
4 615 745 0 (5120 -8192 2048 ) (5120 -8192 2240 ) (5120 -7168 2240 ) (5120 -7168 2048 ) 
4 615 620 0 (5120 -8192 2240 ) (5120 -8192 2048 ) (6144 -8192 2048 ) (6144 -8192 2240 ) 
4 615 616 0 (6144 -8192 2048 ) (5120 -8192 2048 ) (5120 -7168 2048 ) (6144 -7168 2048 ) 
4 616 746 0 (5120 -8192 1024 ) (5120 -8192 2048 ) (5120 -7168 2048 ) (5120 -7168 1024 ) 
4 616 621 0 (5120 -8192 2048 ) (5120 -8192 1024 ) (6144 -8192 1024 ) (6144 -8192 2048 ) 
4 616 617 0 (6144 -8192 1024 ) (5120 -8192 1024 ) (5120 -7168 1024 ) (6144 -7168 1024 ) 
4 617 747 0 (5120 -8192 0 ) (5120 -8192 1024 ) (5120 -7168 1024 ) (5120 -7168 0 ) 
4 617 622 0 (5120 -8192 1024 ) (5120 -8192 0 ) (6144 -8192 0 ) (6144 -8192 1024 ) 
4 617 618 0 (6144 -8192 0 ) (5120 -8192 0 ) (5120 -7168 0 ) (6144 -7168 0 ) 
4 618 748 0 (5120 -8192 -1024 ) (5120 -8192 0 ) (5120 -7168 0 ) (5120 -7168 -1024 ) 
4 618 623 0 (5120 -8192 0 ) (5120 -8192 -1024 ) (6144 -8192 -1024 ) (6144 -8192 0 ) 
4 618 619 0 (6144 -8192 -1024 ) (5120 -8192 -1024 ) (5120 -7168 -1024 ) (6144 -7168 -1024 ) 
4 619 749 0 (5120 -8192 -1440 ) (5120 -8192 -1024 ) (5120 -7168 -1024 ) (5120 -7168 -1440 ) 
4 619 624 0 (5120 -8192 -1024 ) (5120 -8192 -1440 ) (6144 -8192 -1440 ) (6144 -8192 -1024 ) 
4 620 750 0 (5120 -9216 2048 ) (5120 -9216 2240 ) (5120 -8192 2240 ) (5120 -8192 2048 ) 
4 620 625 0 (5120 -9216 2240 ) (5120 -9216 2048 ) (6144 -9216 2048 ) (6144 -9216 2240 ) 
4 620 621 0 (6144 -9216 2048 ) (5120 -9216 2048 ) (5120 -8192 2048 ) (6144 -8192 2048 ) 
4 621 751 0 (5120 -9216 1024 ) (5120 -9216 2048 ) (5120 -8192 2048 ) (5120 -8192 1024 ) 
4 621 626 0 (5120 -9216 2048 ) (5120 -9216 1024 ) (6144 -9216 1024 ) (6144 -9216 2048 ) 
4 621 622 0 (6144 -9216 1024 ) (5120 -9216 1024 ) (5120 -8192 1024 ) (6144 -8192 1024 ) 
4 622 752 0 (5120 -9216 0 ) (5120 -9216 1024 ) (5120 -8192 1024 ) (5120 -8192 0 ) 
4 622 627 0 (5120 -9216 1024 ) (5120 -9216 0 ) (6144 -9216 0 ) (6144 -9216 1024 ) 
4 622 623 0 (6144 -9216 0 ) (5120 -9216 0 ) (5120 -8192 0 ) (6144 -8192 0 ) 
4 623 753 0 (5120 -9216 -1024 ) (5120 -9216 0 ) (5120 -8192 0 ) (5120 -8192 -1024 ) 
4 623 628 0 (5120 -9216 0 ) (5120 -9216 -1024 ) (6144 -9216 -1024 ) (6144 -9216 0 ) 
4 623 624 0 (6144 -9216 -1024 ) (5120 -9216 -1024 ) (5120 -8192 -1024 ) (6144 -8192 -1024 ) 
4 624 754 0 (5120 -9216 -1440 ) (5120 -9216 -1024 ) (5120 -8192 -1024 ) (5120 -8192 -1440 ) 
4 624 629 0 (5120 -9216 -1024 ) (5120 -9216 -1440 ) (6144 -9216 -1440 ) (6144 -9216 -1024 ) 
4 625 755 0 (5120 -10240 2048 ) (5120 -10240 2240 ) (5120 -9216 2240 ) (5120 -9216 2048 ) 
4 625 630 0 (5120 -10240 2240 ) (5120 -10240 2048 ) (6144 -10240 2048 ) (6144 -10240 2240 ) 
4 625 626 0 (6144 -10240 2048 ) (5120 -10240 2048 ) (5120 -9216 2048 ) (6144 -9216 2048 ) 
4 626 756 0 (5120 -10240 1024 ) (5120 -10240 2048 ) (5120 -9216 2048 ) (5120 -9216 1024 ) 
4 626 631 0 (5120 -10240 2048 ) (5120 -10240 1024 ) (6144 -10240 1024 ) (6144 -10240 2048 ) 
4 626 627 0 (6144 -10240 1024 ) (5120 -10240 1024 ) (5120 -9216 1024 ) (6144 -9216 1024 ) 
4 627 757 0 (5120 -10240 0 ) (5120 -10240 1024 ) (5120 -9216 1024 ) (5120 -9216 0 ) 
4 627 632 0 (5120 -10240 1024 ) (5120 -10240 0 ) (6144 -10240 0 ) (6144 -10240 1024 ) 
4 627 628 0 (6144 -10240 0 ) (5120 -10240 0 ) (5120 -9216 0 ) (6144 -9216 0 ) 
4 628 758 0 (5120 -10240 -1024 ) (5120 -10240 0 ) (5120 -9216 0 ) (5120 -9216 -1024 ) 
4 628 633 0 (5120 -10240 0 ) (5120 -10240 -1024 ) (6144 -10240 -1024 ) (6144 -10240 0 ) 
4 628 629 0 (6144 -10240 -1024 ) (5120 -10240 -1024 ) (5120 -9216 -1024 ) (6144 -9216 -1024 ) 
4 629 759 0 (5120 -10240 -1440 ) (5120 -10240 -1024 ) (5120 -9216 -1024 ) (5120 -9216 -1440 ) 
4 629 634 0 (5120 -10240 -1024 ) (5120 -10240 -1440 ) (6144 -10240 -1440 ) (6144 -10240 -1024 ) 
4 630 760 0 (5120 -11264 2048 ) (5120 -11264 2240 ) (5120 -10240 2240 ) (5120 -10240 2048 ) 
4 630 635 0 (5120 -11264 2240 ) (5120 -11264 2048 ) (6144 -11264 2048 ) (6144 -11264 2240 ) 
4 630 631 0 (6144 -11264 2048 ) (5120 -11264 2048 ) (5120 -10240 2048 ) (6144 -10240 2048 ) 
4 631 761 0 (5120 -11264 1024 ) (5120 -11264 2048 ) (5120 -10240 2048 ) (5120 -10240 1024 ) 
4 631 636 0 (5120 -11264 2048 ) (5120 -11264 1024 ) (6144 -11264 1024 ) (6144 -11264 2048 ) 
4 631 632 0 (6144 -11264 1024 ) (5120 -11264 1024 ) (5120 -10240 1024 ) (6144 -10240 1024 ) 
4 632 762 0 (5120 -11264 0 ) (5120 -11264 1024 ) (5120 -10240 1024 ) (5120 -10240 0 ) 
4 632 637 0 (5120 -11264 1024 ) (5120 -11264 0 ) (6144 -11264 0 ) (6144 -11264 1024 ) 
4 632 633 0 (6144 -11264 0 ) (5120 -11264 0 ) (5120 -10240 0 ) (6144 -10240 0 ) 
4 633 763 0 (5120 -11264 -1024 ) (5120 -11264 0 ) (5120 -10240 0 ) (5120 -10240 -1024 ) 
4 633 638 0 (5120 -11264 0 ) (5120 -11264 -1024 ) (6144 -11264 -1024 ) (6144 -11264 0 ) 
4 633 634 0 (6144 -11264 -1024 ) (5120 -11264 -1024 ) (5120 -10240 -1024 ) (6144 -10240 -1024 ) 
4 634 764 0 (5120 -11264 -1440 ) (5120 -11264 -1024 ) (5120 -10240 -1024 ) (5120 -10240 -1440 ) 
4 634 639 0 (5120 -11264 -1024 ) (5120 -11264 -1440 ) (6144 -11264 -1440 ) (6144 -11264 -1024 ) 
4 635 765 0 (5120 -12288 2048 ) (5120 -12288 2240 ) (5120 -11264 2240 ) (5120 -11264 2048 ) 
4 635 640 0 (5120 -12288 2240 ) (5120 -12288 2048 ) (6144 -12288 2048 ) (6144 -12288 2240 ) 
4 635 636 0 (6144 -12288 2048 ) (5120 -12288 2048 ) (5120 -11264 2048 ) (6144 -11264 2048 ) 
4 636 766 0 (5120 -12288 1024 ) (5120 -12288 2048 ) (5120 -11264 2048 ) (5120 -11264 1024 ) 
4 636 641 0 (5120 -12288 2048 ) (5120 -12288 1024 ) (6144 -12288 1024 ) (6144 -12288 2048 ) 
4 636 637 0 (6144 -12288 1024 ) (5120 -12288 1024 ) (5120 -11264 1024 ) (6144 -11264 1024 ) 
4 637 767 0 (5120 -12288 0 ) (5120 -12288 1024 ) (5120 -11264 1024 ) (5120 -11264 0 ) 
4 637 642 0 (5120 -12288 1024 ) (5120 -12288 0 ) (6144 -12288 0 ) (6144 -12288 1024 ) 
4 637 638 0 (6144 -12288 0 ) (5120 -12288 0 ) (5120 -11264 0 ) (6144 -11264 0 ) 
4 638 768 0 (5120 -12288 -1024 ) (5120 -12288 0 ) (5120 -11264 0 ) (5120 -11264 -1024 ) 
4 638 643 0 (5120 -12288 0 ) (5120 -12288 -1024 ) (6144 -12288 -1024 ) (6144 -12288 0 ) 
4 638 639 0 (6144 -12288 -1024 ) (5120 -12288 -1024 ) (5120 -11264 -1024 ) (6144 -11264 -1024 ) 
4 639 769 0 (5120 -12288 -1440 ) (5120 -12288 -1024 ) (5120 -11264 -1024 ) (5120 -11264 -1440 ) 
4 639 644 0 (5120 -12288 -1024 ) (5120 -12288 -1440 ) (6144 -12288 -1440 ) (6144 -12288 -1024 ) 
4 640 770 0 (5120 -13312 2048 ) (5120 -13312 2240 ) (5120 -12288 2240 ) (5120 -12288 2048 ) 
4 640 645 0 (5120 -13312 2240 ) (5120 -13312 2048 ) (6144 -13312 2048 ) (6144 -13312 2240 ) 
4 640 641 0 (6144 -13312 2048 ) (5120 -13312 2048 ) (5120 -12288 2048 ) (6144 -12288 2048 ) 
4 641 771 0 (5120 -13312 1024 ) (5120 -13312 2048 ) (5120 -12288 2048 ) (5120 -12288 1024 ) 
4 641 646 0 (5120 -13312 2048 ) (5120 -13312 1024 ) (6144 -13312 1024 ) (6144 -13312 2048 ) 
4 641 642 0 (6144 -13312 1024 ) (5120 -13312 1024 ) (5120 -12288 1024 ) (6144 -12288 1024 ) 
4 642 772 0 (5120 -13312 0 ) (5120 -13312 1024 ) (5120 -12288 1024 ) (5120 -12288 0 ) 
4 642 647 0 (5120 -13312 1024 ) (5120 -13312 0 ) (6144 -13312 0 ) (6144 -13312 1024 ) 
4 642 643 0 (6144 -13312 0 ) (5120 -13312 0 ) (5120 -12288 0 ) (6144 -12288 0 ) 
4 643 773 0 (5120 -13312 -1024 ) (5120 -13312 0 ) (5120 -12288 0 ) (5120 -12288 -1024 ) 
4 643 648 0 (5120 -13312 0 ) (5120 -13312 -1024 ) (6144 -13312 -1024 ) (6144 -13312 0 ) 
4 643 644 0 (6144 -13312 -1024 ) (5120 -13312 -1024 ) (5120 -12288 -1024 ) (6144 -12288 -1024 ) 
4 644 774 0 (5120 -13312 -1440 ) (5120 -13312 -1024 ) (5120 -12288 -1024 ) (5120 -12288 -1440 ) 
4 644 649 0 (5120 -13312 -1024 ) (5120 -13312 -1440 ) (6144 -13312 -1440 ) (6144 -13312 -1024 ) 
4 645 775 0 (5120 -13312 2240 ) (5120 -13312 2048 ) (5120 -13408 2048 ) (5120 -13408 2240 ) 
4 645 646 0 (5120 -13408 2048 ) (5120 -13312 2048 ) (6144 -13312 2048 ) (6144 -13408 2048 ) 
4 646 776 0 (5120 -13408 2048 ) (5120 -13312 2048 ) (5120 -13312 1024 ) (5120 -13408 1024 ) 
4 646 647 0 (5120 -13408 1024 ) (5120 -13312 1024 ) (6144 -13312 1024 ) (6144 -13408 1024 ) 
4 647 777 0 (5120 -13408 1024 ) (5120 -13312 1024 ) (5120 -13312 0 ) (5120 -13408 0 ) 
4 647 648 0 (5120 -13408 0 ) (5120 -13312 0 ) (6144 -13312 0 ) (6144 -13408 0 ) 
4 648 778 0 (5120 -13408 0 ) (5120 -13312 0 ) (5120 -13312 -1024 ) (5120 -13408 -1024 ) 
4 648 649 0 (5120 -13408 -1024 ) (5120 -13312 -1024 ) (6144 -13312 -1024 ) (6144 -13408 -1024 ) 
4 649 779 0 (5120 -13408 -1440 ) (5120 -13408 -1024 ) (5120 -13312 -1024 ) (5120 -13312 -1440 ) 
4 650 780 0 (4096 11312 2048 ) (4096 11264 2048 ) (4096 11264 2240 ) (4096 11312 2240 ) 
4 650 655 0 (4096 11264 2240 ) (4096 11264 2048 ) (5120 11264 2048 ) (5120 11264 2240 ) 
4 650 651 0 (5120 11264 2048 ) (4096 11264 2048 ) (4096 11312 2048 ) (5120 11312 2048 ) 
4 651 781 0 (4096 11312 1024 ) (4096 11264 1024 ) (4096 11264 2048 ) (4096 11312 2048 ) 
4 651 656 0 (4096 11264 2048 ) (4096 11264 1024 ) (5120 11264 1024 ) (5120 11264 2048 ) 
4 651 652 0 (5120 11264 1024 ) (4096 11264 1024 ) (4096 11312 1024 ) (5120 11312 1024 ) 
4 652 782 0 (4096 11312 0 ) (4096 11264 0 ) (4096 11264 1024 ) (4096 11312 1024 ) 
4 652 657 0 (4096 11264 1024 ) (4096 11264 0 ) (5120 11264 0 ) (5120 11264 1024 ) 
4 652 653 0 (5120 11264 0 ) (4096 11264 0 ) (4096 11312 0 ) (5120 11312 0 ) 
4 653 783 0 (4096 11312 -1024 ) (4096 11264 -1024 ) (4096 11264 0 ) (4096 11312 0 ) 
4 653 658 0 (4096 11264 0 ) (4096 11264 -1024 ) (5120 11264 -1024 ) (5120 11264 0 ) 
4 653 654 0 (5120 11264 -1024 ) (4096 11264 -1024 ) (4096 11312 -1024 ) (5120 11312 -1024 ) 
4 654 784 0 (4096 11312 -1440 ) (4096 11264 -1440 ) (4096 11264 -1024 ) (4096 11312 -1024 ) 
4 654 659 0 (4096 11264 -1024 ) (4096 11264 -1440 ) (5120 11264 -1440 ) (5120 11264 -1024 ) 
4 655 785 0 (4096 10240 2048 ) (4096 10240 2240 ) (4096 11264 2240 ) (4096 11264 2048 ) 
4 655 660 0 (4096 10240 2240 ) (4096 10240 2048 ) (5120 10240 2048 ) (5120 10240 2240 ) 
4 655 656 0 (5120 10240 2048 ) (4096 10240 2048 ) (4096 11264 2048 ) (5120 11264 2048 ) 
4 656 786 0 (4096 10240 1024 ) (4096 10240 2048 ) (4096 11264 2048 ) (4096 11264 1024 ) 
4 656 661 0 (4096 10240 2048 ) (4096 10240 1024 ) (5120 10240 1024 ) (5120 10240 2048 ) 
4 656 657 0 (5120 10240 1024 ) (4096 10240 1024 ) (4096 11264 1024 ) (5120 11264 1024 ) 
4 657 787 0 (4096 10240 0 ) (4096 10240 1024 ) (4096 11264 1024 ) (4096 11264 0 ) 
4 657 662 0 (4096 10240 1024 ) (4096 10240 0 ) (5120 10240 0 ) (5120 10240 1024 ) 
4 657 658 0 (5120 10240 0 ) (4096 10240 0 ) (4096 11264 0 ) (5120 11264 0 ) 
4 658 788 0 (4096 10240 -1024 ) (4096 10240 0 ) (4096 11264 0 ) (4096 11264 -1024 ) 
4 658 663 0 (4096 10240 0 ) (4096 10240 -1024 ) (5120 10240 -1024 ) (5120 10240 0 ) 
4 658 659 0 (5120 10240 -1024 ) (4096 10240 -1024 ) (4096 11264 -1024 ) (5120 11264 -1024 ) 
4 659 789 0 (4096 10240 -1440 ) (4096 10240 -1024 ) (4096 11264 -1024 ) (4096 11264 -1440 ) 
4 659 664 0 (4096 10240 -1024 ) (4096 10240 -1440 ) (5120 10240 -1440 ) (5120 10240 -1024 ) 
4 660 790 0 (4096 9216 2048 ) (4096 9216 2240 ) (4096 10240 2240 ) (4096 10240 2048 ) 
4 660 665 0 (4096 9216 2240 ) (4096 9216 2048 ) (5120 9216 2048 ) (5120 9216 2240 ) 
4 660 661 0 (5120 9216 2048 ) (4096 9216 2048 ) (4096 10240 2048 ) (5120 10240 2048 ) 
4 661 791 0 (4096 9216 1024 ) (4096 9216 2048 ) (4096 10240 2048 ) (4096 10240 1024 ) 
4 661 666 0 (4096 9216 2048 ) (4096 9216 1024 ) (5120 9216 1024 ) (5120 9216 2048 ) 
4 661 662 0 (5120 9216 1024 ) (4096 9216 1024 ) (4096 10240 1024 ) (5120 10240 1024 ) 
4 662 792 0 (4096 9216 0 ) (4096 9216 1024 ) (4096 10240 1024 ) (4096 10240 0 ) 
4 662 667 0 (4096 9216 1024 ) (4096 9216 0 ) (5120 9216 0 ) (5120 9216 1024 ) 
4 662 663 0 (5120 9216 0 ) (4096 9216 0 ) (4096 10240 0 ) (5120 10240 0 ) 
4 663 793 0 (4096 9216 -1024 ) (4096 9216 0 ) (4096 10240 0 ) (4096 10240 -1024 ) 
4 663 668 0 (4096 9216 0 ) (4096 9216 -1024 ) (5120 9216 -1024 ) (5120 9216 0 ) 
4 663 664 0 (5120 9216 -1024 ) (4096 9216 -1024 ) (4096 10240 -1024 ) (5120 10240 -1024 ) 
4 664 794 0 (4096 9216 -1440 ) (4096 9216 -1024 ) (4096 10240 -1024 ) (4096 10240 -1440 ) 
4 664 669 0 (4096 9216 -1024 ) (4096 9216 -1440 ) (5120 9216 -1440 ) (5120 9216 -1024 ) 
4 665 795 0 (4096 8192 2048 ) (4096 8192 2240 ) (4096 9216 2240 ) (4096 9216 2048 ) 
4 665 670 0 (4096 8192 2240 ) (4096 8192 2048 ) (5120 8192 2048 ) (5120 8192 2240 ) 
4 665 666 0 (5120 8192 2048 ) (4096 8192 2048 ) (4096 9216 2048 ) (5120 9216 2048 ) 
4 666 796 0 (4096 8192 1024 ) (4096 8192 2048 ) (4096 9216 2048 ) (4096 9216 1024 ) 
4 666 671 0 (4096 8192 2048 ) (4096 8192 1024 ) (5120 8192 1024 ) (5120 8192 2048 ) 
4 666 667 0 (5120 8192 1024 ) (4096 8192 1024 ) (4096 9216 1024 ) (5120 9216 1024 ) 
4 667 797 0 (4096 8192 0 ) (4096 8192 1024 ) (4096 9216 1024 ) (4096 9216 0 ) 
4 667 672 0 (4096 8192 1024 ) (4096 8192 0 ) (5120 8192 0 ) (5120 8192 1024 ) 
4 667 668 0 (5120 8192 0 ) (4096 8192 0 ) (4096 9216 0 ) (5120 9216 0 ) 
4 668 798 0 (4096 8192 -1024 ) (4096 8192 0 ) (4096 9216 0 ) (4096 9216 -1024 ) 
4 668 673 0 (4096 8192 0 ) (4096 8192 -1024 ) (5120 8192 -1024 ) (5120 8192 0 ) 
4 668 669 0 (5120 8192 -1024 ) (4096 8192 -1024 ) (4096 9216 -1024 ) (5120 9216 -1024 ) 
4 669 799 0 (4096 8192 -1440 ) (4096 8192 -1024 ) (4096 9216 -1024 ) (4096 9216 -1440 ) 
4 669 674 0 (4096 8192 -1024 ) (4096 8192 -1440 ) (5120 8192 -1440 ) (5120 8192 -1024 ) 
4 670 800 0 (4096 7168 2048 ) (4096 7168 2240 ) (4096 8192 2240 ) (4096 8192 2048 ) 
4 670 675 0 (4096 7168 2240 ) (4096 7168 2048 ) (5120 7168 2048 ) (5120 7168 2240 ) 
4 670 671 0 (5120 7168 2048 ) (4096 7168 2048 ) (4096 8192 2048 ) (5120 8192 2048 ) 
4 671 801 0 (4096 7168 1024 ) (4096 7168 2048 ) (4096 8192 2048 ) (4096 8192 1024 ) 
4 671 676 0 (4096 7168 2048 ) (4096 7168 1024 ) (5120 7168 1024 ) (5120 7168 2048 ) 
4 671 672 0 (5120 7168 1024 ) (4096 7168 1024 ) (4096 8192 1024 ) (5120 8192 1024 ) 
4 672 802 0 (4096 7168 0 ) (4096 7168 1024 ) (4096 8192 1024 ) (4096 8192 0 ) 
4 672 677 0 (4096 7168 1024 ) (4096 7168 0 ) (5120 7168 0 ) (5120 7168 1024 ) 
4 672 673 0 (5120 7168 0 ) (4096 7168 0 ) (4096 8192 0 ) (5120 8192 0 ) 
4 673 803 0 (4096 7168 -1024 ) (4096 7168 0 ) (4096 8192 0 ) (4096 8192 -1024 ) 
4 673 678 0 (4096 7168 0 ) (4096 7168 -1024 ) (5120 7168 -1024 ) (5120 7168 0 ) 
4 673 674 0 (5120 7168 -1024 ) (4096 7168 -1024 ) (4096 8192 -1024 ) (5120 8192 -1024 ) 
4 674 804 0 (4096 7168 -1440 ) (4096 7168 -1024 ) (4096 8192 -1024 ) (4096 8192 -1440 ) 
4 674 679 0 (4096 7168 -1024 ) (4096 7168 -1440 ) (5120 7168 -1440 ) (5120 7168 -1024 ) 
4 675 805 0 (4096 6144 2048 ) (4096 6144 2240 ) (4096 7168 2240 ) (4096 7168 2048 ) 
4 675 680 0 (4096 6144 2240 ) (4096 6144 2048 ) (5120 6144 2048 ) (5120 6144 2240 ) 
4 675 676 0 (5120 6144 2048 ) (4096 6144 2048 ) (4096 7168 2048 ) (5120 7168 2048 ) 
4 676 806 0 (4096 6144 1024 ) (4096 6144 2048 ) (4096 7168 2048 ) (4096 7168 1024 ) 
4 676 681 0 (4096 6144 2048 ) (4096 6144 1024 ) (5120 6144 1024 ) (5120 6144 2048 ) 
4 676 677 0 (5120 6144 1024 ) (4096 6144 1024 ) (4096 7168 1024 ) (5120 7168 1024 ) 
4 677 807 0 (4096 6144 0 ) (4096 6144 1024 ) (4096 7168 1024 ) (4096 7168 0 ) 
4 677 682 0 (4096 6144 1024 ) (4096 6144 0 ) (5120 6144 0 ) (5120 6144 1024 ) 
4 677 678 0 (5120 6144 0 ) (4096 6144 0 ) (4096 7168 0 ) (5120 7168 0 ) 
4 678 808 0 (4096 6144 -1024 ) (4096 6144 0 ) (4096 7168 0 ) (4096 7168 -1024 ) 
4 678 683 0 (4096 6144 0 ) (4096 6144 -1024 ) (5120 6144 -1024 ) (5120 6144 0 ) 
4 678 679 0 (5120 6144 -1024 ) (4096 6144 -1024 ) (4096 7168 -1024 ) (5120 7168 -1024 ) 
4 679 809 0 (4096 6144 -1440 ) (4096 6144 -1024 ) (4096 7168 -1024 ) (4096 7168 -1440 ) 
4 679 684 0 (4096 6144 -1024 ) (4096 6144 -1440 ) (5120 6144 -1440 ) (5120 6144 -1024 ) 
4 680 810 0 (4096 5120 2048 ) (4096 5120 2240 ) (4096 6144 2240 ) (4096 6144 2048 ) 
4 680 685 0 (4096 5120 2240 ) (4096 5120 2048 ) (5120 5120 2048 ) (5120 5120 2240 ) 
4 680 681 0 (5120 5120 2048 ) (4096 5120 2048 ) (4096 6144 2048 ) (5120 6144 2048 ) 
4 681 811 0 (4096 5120 1024 ) (4096 5120 2048 ) (4096 6144 2048 ) (4096 6144 1024 ) 
4 681 686 0 (4096 5120 2048 ) (4096 5120 1024 ) (5120 5120 1024 ) (5120 5120 2048 ) 
4 681 682 0 (5120 5120 1024 ) (4096 5120 1024 ) (4096 6144 1024 ) (5120 6144 1024 ) 
4 682 812 0 (4096 5120 0 ) (4096 5120 1024 ) (4096 6144 1024 ) (4096 6144 0 ) 
4 682 687 0 (4096 5120 1024 ) (4096 5120 0 ) (5120 5120 0 ) (5120 5120 1024 ) 
4 682 683 0 (5120 5120 0 ) (4096 5120 0 ) (4096 6144 0 ) (5120 6144 0 ) 
4 683 813 0 (4096 5120 -1024 ) (4096 5120 0 ) (4096 6144 0 ) (4096 6144 -1024 ) 
4 683 688 0 (4096 5120 0 ) (4096 5120 -1024 ) (5120 5120 -1024 ) (5120 5120 0 ) 
4 683 684 0 (5120 5120 -1024 ) (4096 5120 -1024 ) (4096 6144 -1024 ) (5120 6144 -1024 ) 
4 684 814 0 (4096 5120 -1440 ) (4096 5120 -1024 ) (4096 6144 -1024 ) (4096 6144 -1440 ) 
4 684 689 0 (4096 5120 -1024 ) (4096 5120 -1440 ) (5120 5120 -1440 ) (5120 5120 -1024 ) 
4 685 815 0 (4096 4096 2048 ) (4096 4096 2240 ) (4096 5120 2240 ) (4096 5120 2048 ) 
4 685 690 0 (4096 4096 2240 ) (4096 4096 2048 ) (5120 4096 2048 ) (5120 4096 2240 ) 
4 685 686 0 (5120 4096 2048 ) (4096 4096 2048 ) (4096 5120 2048 ) (5120 5120 2048 ) 
4 686 816 0 (4096 4096 1024 ) (4096 4096 2048 ) (4096 5120 2048 ) (4096 5120 1024 ) 
4 686 691 0 (4096 4096 2048 ) (4096 4096 1024 ) (5120 4096 1024 ) (5120 4096 2048 ) 
4 686 687 0 (5120 4096 1024 ) (4096 4096 1024 ) (4096 5120 1024 ) (5120 5120 1024 ) 
4 687 817 0 (4096 4096 0 ) (4096 4096 1024 ) (4096 5120 1024 ) (4096 5120 0 ) 
4 687 692 0 (4096 4096 1024 ) (4096 4096 0 ) (5120 4096 0 ) (5120 4096 1024 ) 
4 687 688 0 (5120 4096 0 ) (4096 4096 0 ) (4096 5120 0 ) (5120 5120 0 ) 
4 688 818 0 (4096 4096 -1024 ) (4096 4096 0 ) (4096 5120 0 ) (4096 5120 -1024 ) 
4 688 693 0 (4096 4096 0 ) (4096 4096 -1024 ) (5120 4096 -1024 ) (5120 4096 0 ) 
4 688 689 0 (5120 4096 -1024 ) (4096 4096 -1024 ) (4096 5120 -1024 ) (5120 5120 -1024 ) 
4 689 819 0 (4096 4096 -1440 ) (4096 4096 -1024 ) (4096 5120 -1024 ) (4096 5120 -1440 ) 
4 689 694 0 (4096 4096 -1024 ) (4096 4096 -1440 ) (5120 4096 -1440 ) (5120 4096 -1024 ) 
4 690 820 0 (4096 3072 2048 ) (4096 3072 2240 ) (4096 4096 2240 ) (4096 4096 2048 ) 
4 690 695 0 (4096 3072 2240 ) (4096 3072 2048 ) (5120 3072 2048 ) (5120 3072 2240 ) 
4 690 691 0 (5120 3072 2048 ) (4096 3072 2048 ) (4096 4096 2048 ) (5120 4096 2048 ) 
4 691 821 0 (4096 3072 1024 ) (4096 3072 2048 ) (4096 4096 2048 ) (4096 4096 1024 ) 
4 691 696 0 (4096 3072 2048 ) (4096 3072 1024 ) (5120 3072 1024 ) (5120 3072 2048 ) 
4 691 692 0 (5120 3072 1024 ) (4096 3072 1024 ) (4096 4096 1024 ) (5120 4096 1024 ) 
4 692 822 0 (4096 3072 0 ) (4096 3072 1024 ) (4096 4096 1024 ) (4096 4096 0 ) 
4 692 697 0 (4096 3072 1024 ) (4096 3072 0 ) (5120 3072 0 ) (5120 3072 1024 ) 
4 692 693 0 (5120 3072 0 ) (4096 3072 0 ) (4096 4096 0 ) (5120 4096 0 ) 
4 693 823 0 (4096 3072 -1024 ) (4096 3072 0 ) (4096 4096 0 ) (4096 4096 -1024 ) 
4 693 698 0 (4096 3072 0 ) (4096 3072 -1024 ) (5120 3072 -1024 ) (5120 3072 0 ) 
4 693 694 0 (5120 3072 -1024 ) (4096 3072 -1024 ) (4096 4096 -1024 ) (5120 4096 -1024 ) 
4 694 824 0 (4096 3072 -1440 ) (4096 3072 -1024 ) (4096 4096 -1024 ) (4096 4096 -1440 ) 
4 694 699 0 (4096 3072 -1024 ) (4096 3072 -1440 ) (5120 3072 -1440 ) (5120 3072 -1024 ) 
4 695 825 0 (4096 2048 2048 ) (4096 2048 2240 ) (4096 3072 2240 ) (4096 3072 2048 ) 
4 695 700 0 (4096 2048 2240 ) (4096 2048 2048 ) (5120 2048 2048 ) (5120 2048 2240 ) 
4 695 696 0 (5120 2048 2048 ) (4096 2048 2048 ) (4096 3072 2048 ) (5120 3072 2048 ) 
4 696 826 0 (4096 2048 1024 ) (4096 2048 2048 ) (4096 3072 2048 ) (4096 3072 1024 ) 
4 696 701 0 (4096 2048 2048 ) (4096 2048 1024 ) (5120 2048 1024 ) (5120 2048 2048 ) 
4 696 697 0 (5120 2048 1024 ) (4096 2048 1024 ) (4096 3072 1024 ) (5120 3072 1024 ) 
4 697 827 0 (4096 2048 0 ) (4096 2048 1024 ) (4096 3072 1024 ) (4096 3072 0 ) 
4 697 702 0 (4096 2048 1024 ) (4096 2048 0 ) (5120 2048 0 ) (5120 2048 1024 ) 
4 697 698 0 (5120 2048 0 ) (4096 2048 0 ) (4096 3072 0 ) (5120 3072 0 ) 
4 698 828 0 (4096 2048 -1024 ) (4096 2048 0 ) (4096 3072 0 ) (4096 3072 -1024 ) 
4 698 703 0 (4096 2048 0 ) (4096 2048 -1024 ) (5120 2048 -1024 ) (5120 2048 0 ) 
4 698 699 0 (5120 2048 -1024 ) (4096 2048 -1024 ) (4096 3072 -1024 ) (5120 3072 -1024 ) 
4 699 829 0 (4096 2048 -1440 ) (4096 2048 -1024 ) (4096 3072 -1024 ) (4096 3072 -1440 ) 
4 699 704 0 (4096 2048 -1024 ) (4096 2048 -1440 ) (5120 2048 -1440 ) (5120 2048 -1024 ) 
4 700 830 0 (4096 1024 2048 ) (4096 1024 2240 ) (4096 2048 2240 ) (4096 2048 2048 ) 
4 700 705 0 (4096 1024 2240 ) (4096 1024 2048 ) (5120 1024 2048 ) (5120 1024 2240 ) 
4 700 701 0 (5120 1024 2048 ) (4096 1024 2048 ) (4096 2048 2048 ) (5120 2048 2048 ) 
4 701 831 0 (4096 1024 1024 ) (4096 1024 2048 ) (4096 2048 2048 ) (4096 2048 1024 ) 
4 701 706 0 (4096 1024 2048 ) (4096 1024 1024 ) (5120 1024 1024 ) (5120 1024 2048 ) 
4 701 702 0 (5120 1024 1024 ) (4096 1024 1024 ) (4096 2048 1024 ) (5120 2048 1024 ) 
4 702 832 0 (4096 1024 0 ) (4096 1024 1024 ) (4096 2048 1024 ) (4096 2048 0 ) 
4 702 707 0 (4096 1024 1024 ) (4096 1024 0 ) (5120 1024 0 ) (5120 1024 1024 ) 
4 702 703 0 (5120 1024 0 ) (4096 1024 0 ) (4096 2048 0 ) (5120 2048 0 ) 
4 703 833 0 (4096 1024 -1024 ) (4096 1024 0 ) (4096 2048 0 ) (4096 2048 -1024 ) 
4 703 708 0 (4096 1024 0 ) (4096 1024 -1024 ) (5120 1024 -1024 ) (5120 1024 0 ) 
4 703 704 0 (5120 1024 -1024 ) (4096 1024 -1024 ) (4096 2048 -1024 ) (5120 2048 -1024 ) 
4 704 834 0 (4096 1024 -1440 ) (4096 1024 -1024 ) (4096 2048 -1024 ) (4096 2048 -1440 ) 
4 704 709 0 (4096 1024 -1024 ) (4096 1024 -1440 ) (5120 1024 -1440 ) (5120 1024 -1024 ) 
4 705 835 0 (4096 0 2048 ) (4096 0 2240 ) (4096 1024 2240 ) (4096 1024 2048 ) 
4 705 710 0 (4096 0 2240 ) (4096 0 2048 ) (5120 0 2048 ) (5120 0 2240 ) 
4 705 706 0 (5120 0 2048 ) (4096 0 2048 ) (4096 1024 2048 ) (5120 1024 2048 ) 
4 706 836 0 (4096 0 1024 ) (4096 0 2048 ) (4096 1024 2048 ) (4096 1024 1024 ) 
4 706 711 0 (4096 0 2048 ) (4096 0 1024 ) (5120 0 1024 ) (5120 0 2048 ) 
4 706 707 0 (5120 0 1024 ) (4096 0 1024 ) (4096 1024 1024 ) (5120 1024 1024 ) 
4 707 837 0 (4096 0 0 ) (4096 0 1024 ) (4096 1024 1024 ) (4096 1024 0 ) 
4 707 712 0 (4096 0 1024 ) (4096 0 0 ) (5120 0 0 ) (5120 0 1024 ) 
4 707 708 0 (5120 0 0 ) (4096 0 0 ) (4096 1024 0 ) (5120 1024 0 ) 
4 708 838 0 (4096 0 -1024 ) (4096 0 0 ) (4096 1024 0 ) (4096 1024 -1024 ) 
4 708 713 0 (4096 0 0 ) (4096 0 -1024 ) (5120 0 -1024 ) (5120 0 0 ) 
4 708 709 0 (5120 0 -1024 ) (4096 0 -1024 ) (4096 1024 -1024 ) (5120 1024 -1024 ) 
4 709 839 0 (4096 0 -1440 ) (4096 0 -1024 ) (4096 1024 -1024 ) (4096 1024 -1440 ) 
4 709 714 0 (4096 0 -1024 ) (4096 0 -1440 ) (5120 0 -1440 ) (5120 0 -1024 ) 
4 710 840 0 (4096 -1024 2048 ) (4096 -1024 2240 ) (4096 0 2240 ) (4096 0 2048 ) 
4 710 715 0 (4096 -1024 2240 ) (4096 -1024 2048 ) (5120 -1024 2048 ) (5120 -1024 2240 ) 
4 710 711 0 (5120 -1024 2048 ) (4096 -1024 2048 ) (4096 0 2048 ) (5120 0 2048 ) 
4 711 841 0 (4096 -1024 1024 ) (4096 -1024 2048 ) (4096 0 2048 ) (4096 0 1024 ) 
4 711 716 0 (4096 -1024 2048 ) (4096 -1024 1024 ) (5120 -1024 1024 ) (5120 -1024 2048 ) 
4 711 712 0 (5120 -1024 1024 ) (4096 -1024 1024 ) (4096 0 1024 ) (5120 0 1024 ) 
4 712 842 0 (4096 -1024 0 ) (4096 -1024 1024 ) (4096 0 1024 ) (4096 0 0 ) 
4 712 717 0 (4096 -1024 1024 ) (4096 -1024 0 ) (5120 -1024 0 ) (5120 -1024 1024 ) 
4 712 713 0 (5120 -1024 0 ) (4096 -1024 0 ) (4096 0 0 ) (5120 0 0 ) 
4 713 843 0 (4096 -1024 -1024 ) (4096 -1024 0 ) (4096 0 0 ) (4096 0 -1024 ) 
4 713 718 0 (4096 -1024 0 ) (4096 -1024 -1024 ) (5120 -1024 -1024 ) (5120 -1024 0 ) 
4 713 714 0 (5120 -1024 -1024 ) (4096 -1024 -1024 ) (4096 0 -1024 ) (5120 0 -1024 ) 
4 714 844 0 (4096 -1024 -1440 ) (4096 -1024 -1024 ) (4096 0 -1024 ) (4096 0 -1440 ) 
4 714 719 0 (4096 -1024 -1024 ) (4096 -1024 -1440 ) (5120 -1024 -1440 ) (5120 -1024 -1024 ) 
4 715 845 0 (4096 -2048 2048 ) (4096 -2048 2240 ) (4096 -1024 2240 ) (4096 -1024 2048 ) 
4 715 720 0 (4096 -2048 2240 ) (4096 -2048 2048 ) (5120 -2048 2048 ) (5120 -2048 2240 ) 
4 715 716 0 (5120 -2048 2048 ) (4096 -2048 2048 ) (4096 -1024 2048 ) (5120 -1024 2048 ) 
4 716 846 0 (4096 -2048 1024 ) (4096 -2048 2048 ) (4096 -1024 2048 ) (4096 -1024 1024 ) 
4 716 721 0 (4096 -2048 2048 ) (4096 -2048 1024 ) (5120 -2048 1024 ) (5120 -2048 2048 ) 
4 716 717 0 (5120 -2048 1024 ) (4096 -2048 1024 ) (4096 -1024 1024 ) (5120 -1024 1024 ) 
4 717 847 0 (4096 -2048 0 ) (4096 -2048 1024 ) (4096 -1024 1024 ) (4096 -1024 0 ) 
4 717 722 0 (4096 -2048 1024 ) (4096 -2048 0 ) (5120 -2048 0 ) (5120 -2048 1024 ) 
4 717 718 0 (5120 -2048 0 ) (4096 -2048 0 ) (4096 -1024 0 ) (5120 -1024 0 ) 
4 718 848 0 (4096 -2048 -1024 ) (4096 -2048 0 ) (4096 -1024 0 ) (4096 -1024 -1024 ) 
4 718 723 0 (4096 -2048 0 ) (4096 -2048 -1024 ) (5120 -2048 -1024 ) (5120 -2048 0 ) 
4 718 719 0 (5120 -2048 -1024 ) (4096 -2048 -1024 ) (4096 -1024 -1024 ) (5120 -1024 -1024 ) 
4 719 849 0 (4096 -2048 -1440 ) (4096 -2048 -1024 ) (4096 -1024 -1024 ) (4096 -1024 -1440 ) 
4 719 724 0 (4096 -2048 -1024 ) (4096 -2048 -1440 ) (5120 -2048 -1440 ) (5120 -2048 -1024 ) 
4 720 850 0 (4096 -3072 2048 ) (4096 -3072 2240 ) (4096 -2048 2240 ) (4096 -2048 2048 ) 
4 720 725 0 (4096 -3072 2240 ) (4096 -3072 2048 ) (5120 -3072 2048 ) (5120 -3072 2240 ) 
4 720 721 0 (5120 -3072 2048 ) (4096 -3072 2048 ) (4096 -2048 2048 ) (5120 -2048 2048 ) 
4 721 851 0 (4096 -3072 1024 ) (4096 -3072 2048 ) (4096 -2048 2048 ) (4096 -2048 1024 ) 
4 721 726 0 (4096 -3072 2048 ) (4096 -3072 1024 ) (5120 -3072 1024 ) (5120 -3072 2048 ) 
4 721 722 0 (5120 -3072 1024 ) (4096 -3072 1024 ) (4096 -2048 1024 ) (5120 -2048 1024 ) 
4 722 852 0 (4096 -3072 0 ) (4096 -3072 1024 ) (4096 -2048 1024 ) (4096 -2048 0 ) 
4 722 727 0 (4096 -3072 1024 ) (4096 -3072 0 ) (5120 -3072 0 ) (5120 -3072 1024 ) 
4 722 723 0 (5120 -3072 0 ) (4096 -3072 0 ) (4096 -2048 0 ) (5120 -2048 0 ) 
4 723 853 0 (4096 -3072 -1024 ) (4096 -3072 0 ) (4096 -2048 0 ) (4096 -2048 -1024 ) 
4 723 728 0 (4096 -3072 0 ) (4096 -3072 -1024 ) (5120 -3072 -1024 ) (5120 -3072 0 ) 
4 723 724 0 (5120 -3072 -1024 ) (4096 -3072 -1024 ) (4096 -2048 -1024 ) (5120 -2048 -1024 ) 
4 724 854 0 (4096 -3072 -1440 ) (4096 -3072 -1024 ) (4096 -2048 -1024 ) (4096 -2048 -1440 ) 
4 724 729 0 (4096 -3072 -1024 ) (4096 -3072 -1440 ) (5120 -3072 -1440 ) (5120 -3072 -1024 ) 
4 725 855 0 (4096 -4096 2048 ) (4096 -4096 2240 ) (4096 -3072 2240 ) (4096 -3072 2048 ) 
4 725 730 0 (4096 -4096 2240 ) (4096 -4096 2048 ) (5120 -4096 2048 ) (5120 -4096 2240 ) 
4 725 726 0 (5120 -4096 2048 ) (4096 -4096 2048 ) (4096 -3072 2048 ) (5120 -3072 2048 ) 
4 726 856 0 (4096 -4096 1024 ) (4096 -4096 2048 ) (4096 -3072 2048 ) (4096 -3072 1024 ) 
4 726 731 0 (4096 -4096 2048 ) (4096 -4096 1024 ) (5120 -4096 1024 ) (5120 -4096 2048 ) 
4 726 727 0 (5120 -4096 1024 ) (4096 -4096 1024 ) (4096 -3072 1024 ) (5120 -3072 1024 ) 
4 727 857 0 (4096 -4096 0 ) (4096 -4096 1024 ) (4096 -3072 1024 ) (4096 -3072 0 ) 
4 727 732 0 (4096 -4096 1024 ) (4096 -4096 0 ) (5120 -4096 0 ) (5120 -4096 1024 ) 
4 727 728 0 (5120 -4096 0 ) (4096 -4096 0 ) (4096 -3072 0 ) (5120 -3072 0 ) 
4 728 858 0 (4096 -4096 -1024 ) (4096 -4096 0 ) (4096 -3072 0 ) (4096 -3072 -1024 ) 
4 728 733 0 (4096 -4096 0 ) (4096 -4096 -1024 ) (5120 -4096 -1024 ) (5120 -4096 0 ) 
4 728 729 0 (5120 -4096 -1024 ) (4096 -4096 -1024 ) (4096 -3072 -1024 ) (5120 -3072 -1024 ) 
4 729 859 0 (4096 -4096 -1440 ) (4096 -4096 -1024 ) (4096 -3072 -1024 ) (4096 -3072 -1440 ) 
4 729 734 0 (4096 -4096 -1024 ) (4096 -4096 -1440 ) (5120 -4096 -1440 ) (5120 -4096 -1024 ) 
4 730 860 0 (4096 -5120 2048 ) (4096 -5120 2240 ) (4096 -4096 2240 ) (4096 -4096 2048 ) 
4 730 735 0 (4096 -5120 2240 ) (4096 -5120 2048 ) (5120 -5120 2048 ) (5120 -5120 2240 ) 
4 730 731 0 (5120 -5120 2048 ) (4096 -5120 2048 ) (4096 -4096 2048 ) (5120 -4096 2048 ) 
4 731 861 0 (4096 -5120 1024 ) (4096 -5120 2048 ) (4096 -4096 2048 ) (4096 -4096 1024 ) 
4 731 736 0 (4096 -5120 2048 ) (4096 -5120 1024 ) (5120 -5120 1024 ) (5120 -5120 2048 ) 
4 731 732 0 (5120 -5120 1024 ) (4096 -5120 1024 ) (4096 -4096 1024 ) (5120 -4096 1024 ) 
4 732 862 0 (4096 -5120 0 ) (4096 -5120 1024 ) (4096 -4096 1024 ) (4096 -4096 0 ) 
4 732 737 0 (4096 -5120 1024 ) (4096 -5120 0 ) (5120 -5120 0 ) (5120 -5120 1024 ) 
4 732 733 0 (5120 -5120 0 ) (4096 -5120 0 ) (4096 -4096 0 ) (5120 -4096 0 ) 
4 733 863 0 (4096 -5120 -1024 ) (4096 -5120 0 ) (4096 -4096 0 ) (4096 -4096 -1024 ) 
4 733 738 0 (4096 -5120 0 ) (4096 -5120 -1024 ) (5120 -5120 -1024 ) (5120 -5120 0 ) 
4 733 734 0 (5120 -5120 -1024 ) (4096 -5120 -1024 ) (4096 -4096 -1024 ) (5120 -4096 -1024 ) 
4 734 864 0 (4096 -5120 -1440 ) (4096 -5120 -1024 ) (4096 -4096 -1024 ) (4096 -4096 -1440 ) 
4 734 739 0 (4096 -5120 -1024 ) (4096 -5120 -1440 ) (5120 -5120 -1440 ) (5120 -5120 -1024 ) 
4 735 865 0 (4096 -6144 2048 ) (4096 -6144 2240 ) (4096 -5120 2240 ) (4096 -5120 2048 ) 
4 735 740 0 (4096 -6144 2240 ) (4096 -6144 2048 ) (5120 -6144 2048 ) (5120 -6144 2240 ) 
4 735 736 0 (5120 -6144 2048 ) (4096 -6144 2048 ) (4096 -5120 2048 ) (5120 -5120 2048 ) 
4 736 866 0 (4096 -6144 1024 ) (4096 -6144 2048 ) (4096 -5120 2048 ) (4096 -5120 1024 ) 
4 736 741 0 (4096 -6144 2048 ) (4096 -6144 1024 ) (5120 -6144 1024 ) (5120 -6144 2048 ) 
4 736 737 0 (5120 -6144 1024 ) (4096 -6144 1024 ) (4096 -5120 1024 ) (5120 -5120 1024 ) 
4 737 867 0 (4096 -6144 0 ) (4096 -6144 1024 ) (4096 -5120 1024 ) (4096 -5120 0 ) 
4 737 742 0 (4096 -6144 1024 ) (4096 -6144 0 ) (5120 -6144 0 ) (5120 -6144 1024 ) 
4 737 738 0 (5120 -6144 0 ) (4096 -6144 0 ) (4096 -5120 0 ) (5120 -5120 0 ) 
4 738 868 0 (4096 -6144 -1024 ) (4096 -6144 0 ) (4096 -5120 0 ) (4096 -5120 -1024 ) 
4 738 743 0 (4096 -6144 0 ) (4096 -6144 -1024 ) (5120 -6144 -1024 ) (5120 -6144 0 ) 
4 738 739 0 (5120 -6144 -1024 ) (4096 -6144 -1024 ) (4096 -5120 -1024 ) (5120 -5120 -1024 ) 
4 739 869 0 (4096 -6144 -1440 ) (4096 -6144 -1024 ) (4096 -5120 -1024 ) (4096 -5120 -1440 ) 
4 739 744 0 (4096 -6144 -1024 ) (4096 -6144 -1440 ) (5120 -6144 -1440 ) (5120 -6144 -1024 ) 
4 740 870 0 (4096 -7168 2048 ) (4096 -7168 2240 ) (4096 -6144 2240 ) (4096 -6144 2048 ) 
4 740 745 0 (4096 -7168 2240 ) (4096 -7168 2048 ) (5120 -7168 2048 ) (5120 -7168 2240 ) 
4 740 741 0 (5120 -7168 2048 ) (4096 -7168 2048 ) (4096 -6144 2048 ) (5120 -6144 2048 ) 
4 741 871 0 (4096 -7168 1024 ) (4096 -7168 2048 ) (4096 -6144 2048 ) (4096 -6144 1024 ) 
4 741 746 0 (4096 -7168 2048 ) (4096 -7168 1024 ) (5120 -7168 1024 ) (5120 -7168 2048 ) 
4 741 742 0 (5120 -7168 1024 ) (4096 -7168 1024 ) (4096 -6144 1024 ) (5120 -6144 1024 ) 
4 742 872 0 (4096 -7168 0 ) (4096 -7168 1024 ) (4096 -6144 1024 ) (4096 -6144 0 ) 
4 742 747 0 (4096 -7168 1024 ) (4096 -7168 0 ) (5120 -7168 0 ) (5120 -7168 1024 ) 
4 742 743 0 (5120 -7168 0 ) (4096 -7168 0 ) (4096 -6144 0 ) (5120 -6144 0 ) 
4 743 873 0 (4096 -7168 -1024 ) (4096 -7168 0 ) (4096 -6144 0 ) (4096 -6144 -1024 ) 
4 743 748 0 (4096 -7168 0 ) (4096 -7168 -1024 ) (5120 -7168 -1024 ) (5120 -7168 0 ) 
4 743 744 0 (5120 -7168 -1024 ) (4096 -7168 -1024 ) (4096 -6144 -1024 ) (5120 -6144 -1024 ) 
4 744 874 0 (4096 -7168 -1440 ) (4096 -7168 -1024 ) (4096 -6144 -1024 ) (4096 -6144 -1440 ) 
4 744 749 0 (4096 -7168 -1024 ) (4096 -7168 -1440 ) (5120 -7168 -1440 ) (5120 -7168 -1024 ) 
4 745 875 0 (4096 -8192 2048 ) (4096 -8192 2240 ) (4096 -7168 2240 ) (4096 -7168 2048 ) 
4 745 750 0 (4096 -8192 2240 ) (4096 -8192 2048 ) (5120 -8192 2048 ) (5120 -8192 2240 ) 
4 745 746 0 (5120 -8192 2048 ) (4096 -8192 2048 ) (4096 -7168 2048 ) (5120 -7168 2048 ) 
4 746 876 0 (4096 -8192 1024 ) (4096 -8192 2048 ) (4096 -7168 2048 ) (4096 -7168 1024 ) 
4 746 751 0 (4096 -8192 2048 ) (4096 -8192 1024 ) (5120 -8192 1024 ) (5120 -8192 2048 ) 
4 746 747 0 (5120 -8192 1024 ) (4096 -8192 1024 ) (4096 -7168 1024 ) (5120 -7168 1024 ) 
4 747 877 0 (4096 -8192 0 ) (4096 -8192 1024 ) (4096 -7168 1024 ) (4096 -7168 0 ) 
4 747 752 0 (4096 -8192 1024 ) (4096 -8192 0 ) (5120 -8192 0 ) (5120 -8192 1024 ) 
4 747 748 0 (5120 -8192 0 ) (4096 -8192 0 ) (4096 -7168 0 ) (5120 -7168 0 ) 
4 748 878 0 (4096 -8192 -1024 ) (4096 -8192 0 ) (4096 -7168 0 ) (4096 -7168 -1024 ) 
4 748 753 0 (4096 -8192 0 ) (4096 -8192 -1024 ) (5120 -8192 -1024 ) (5120 -8192 0 ) 
4 748 749 0 (5120 -8192 -1024 ) (4096 -8192 -1024 ) (4096 -7168 -1024 ) (5120 -7168 -1024 ) 
4 749 879 0 (4096 -8192 -1440 ) (4096 -8192 -1024 ) (4096 -7168 -1024 ) (4096 -7168 -1440 ) 
4 749 754 0 (4096 -8192 -1024 ) (4096 -8192 -1440 ) (5120 -8192 -1440 ) (5120 -8192 -1024 ) 
4 750 880 0 (4096 -9216 2048 ) (4096 -9216 2240 ) (4096 -8192 2240 ) (4096 -8192 2048 ) 
4 750 755 0 (4096 -9216 2240 ) (4096 -9216 2048 ) (5120 -9216 2048 ) (5120 -9216 2240 ) 
4 750 751 0 (5120 -9216 2048 ) (4096 -9216 2048 ) (4096 -8192 2048 ) (5120 -8192 2048 ) 
4 751 881 0 (4096 -9216 1024 ) (4096 -9216 2048 ) (4096 -8192 2048 ) (4096 -8192 1024 ) 
4 751 756 0 (4096 -9216 2048 ) (4096 -9216 1024 ) (5120 -9216 1024 ) (5120 -9216 2048 ) 
4 751 752 0 (5120 -9216 1024 ) (4096 -9216 1024 ) (4096 -8192 1024 ) (5120 -8192 1024 ) 
4 752 882 0 (4096 -9216 0 ) (4096 -9216 1024 ) (4096 -8192 1024 ) (4096 -8192 0 ) 
4 752 757 0 (4096 -9216 1024 ) (4096 -9216 0 ) (5120 -9216 0 ) (5120 -9216 1024 ) 
4 752 753 0 (5120 -9216 0 ) (4096 -9216 0 ) (4096 -8192 0 ) (5120 -8192 0 ) 
4 753 883 0 (4096 -9216 -1024 ) (4096 -9216 0 ) (4096 -8192 0 ) (4096 -8192 -1024 ) 
4 753 758 0 (4096 -9216 0 ) (4096 -9216 -1024 ) (5120 -9216 -1024 ) (5120 -9216 0 ) 
4 753 754 0 (5120 -9216 -1024 ) (4096 -9216 -1024 ) (4096 -8192 -1024 ) (5120 -8192 -1024 ) 
4 754 884 0 (4096 -9216 -1440 ) (4096 -9216 -1024 ) (4096 -8192 -1024 ) (4096 -8192 -1440 ) 
4 754 759 0 (4096 -9216 -1024 ) (4096 -9216 -1440 ) (5120 -9216 -1440 ) (5120 -9216 -1024 ) 
4 755 885 0 (4096 -10240 2048 ) (4096 -10240 2240 ) (4096 -9216 2240 ) (4096 -9216 2048 ) 
4 755 760 0 (4096 -10240 2240 ) (4096 -10240 2048 ) (5120 -10240 2048 ) (5120 -10240 2240 ) 
4 755 756 0 (5120 -10240 2048 ) (4096 -10240 2048 ) (4096 -9216 2048 ) (5120 -9216 2048 ) 
4 756 886 0 (4096 -10240 1024 ) (4096 -10240 2048 ) (4096 -9216 2048 ) (4096 -9216 1024 ) 
4 756 761 0 (4096 -10240 2048 ) (4096 -10240 1024 ) (5120 -10240 1024 ) (5120 -10240 2048 ) 
4 756 757 0 (5120 -10240 1024 ) (4096 -10240 1024 ) (4096 -9216 1024 ) (5120 -9216 1024 ) 
4 757 887 0 (4096 -10240 0 ) (4096 -10240 1024 ) (4096 -9216 1024 ) (4096 -9216 0 ) 
4 757 762 0 (4096 -10240 1024 ) (4096 -10240 0 ) (5120 -10240 0 ) (5120 -10240 1024 ) 
4 757 758 0 (5120 -10240 0 ) (4096 -10240 0 ) (4096 -9216 0 ) (5120 -9216 0 ) 
4 758 888 0 (4096 -10240 -1024 ) (4096 -10240 0 ) (4096 -9216 0 ) (4096 -9216 -1024 ) 
4 758 763 0 (4096 -10240 0 ) (4096 -10240 -1024 ) (5120 -10240 -1024 ) (5120 -10240 0 ) 
4 758 759 0 (5120 -10240 -1024 ) (4096 -10240 -1024 ) (4096 -9216 -1024 ) (5120 -9216 -1024 ) 
4 759 889 0 (4096 -10240 -1440 ) (4096 -10240 -1024 ) (4096 -9216 -1024 ) (4096 -9216 -1440 ) 
4 759 764 0 (4096 -10240 -1024 ) (4096 -10240 -1440 ) (5120 -10240 -1440 ) (5120 -10240 -1024 ) 
4 760 890 0 (4096 -11264 2048 ) (4096 -11264 2240 ) (4096 -10240 2240 ) (4096 -10240 2048 ) 
4 760 765 0 (4096 -11264 2240 ) (4096 -11264 2048 ) (5120 -11264 2048 ) (5120 -11264 2240 ) 
4 760 761 0 (5120 -11264 2048 ) (4096 -11264 2048 ) (4096 -10240 2048 ) (5120 -10240 2048 ) 
4 761 891 0 (4096 -11264 1024 ) (4096 -11264 2048 ) (4096 -10240 2048 ) (4096 -10240 1024 ) 
4 761 766 0 (4096 -11264 2048 ) (4096 -11264 1024 ) (5120 -11264 1024 ) (5120 -11264 2048 ) 
4 761 762 0 (5120 -11264 1024 ) (4096 -11264 1024 ) (4096 -10240 1024 ) (5120 -10240 1024 ) 
4 762 892 0 (4096 -11264 0 ) (4096 -11264 1024 ) (4096 -10240 1024 ) (4096 -10240 0 ) 
4 762 767 0 (4096 -11264 1024 ) (4096 -11264 0 ) (5120 -11264 0 ) (5120 -11264 1024 ) 
4 762 763 0 (5120 -11264 0 ) (4096 -11264 0 ) (4096 -10240 0 ) (5120 -10240 0 ) 
4 763 893 0 (4096 -11264 -1024 ) (4096 -11264 0 ) (4096 -10240 0 ) (4096 -10240 -1024 ) 
4 763 768 0 (4096 -11264 0 ) (4096 -11264 -1024 ) (5120 -11264 -1024 ) (5120 -11264 0 ) 
4 763 764 0 (5120 -11264 -1024 ) (4096 -11264 -1024 ) (4096 -10240 -1024 ) (5120 -10240 -1024 ) 
4 764 894 0 (4096 -11264 -1440 ) (4096 -11264 -1024 ) (4096 -10240 -1024 ) (4096 -10240 -1440 ) 
4 764 769 0 (4096 -11264 -1024 ) (4096 -11264 -1440 ) (5120 -11264 -1440 ) (5120 -11264 -1024 ) 
4 765 895 0 (4096 -12288 2048 ) (4096 -12288 2240 ) (4096 -11264 2240 ) (4096 -11264 2048 ) 
4 765 770 0 (4096 -12288 2240 ) (4096 -12288 2048 ) (5120 -12288 2048 ) (5120 -12288 2240 ) 
4 765 766 0 (5120 -12288 2048 ) (4096 -12288 2048 ) (4096 -11264 2048 ) (5120 -11264 2048 ) 
4 766 896 0 (4096 -12288 1024 ) (4096 -12288 2048 ) (4096 -11264 2048 ) (4096 -11264 1024 ) 
4 766 771 0 (4096 -12288 2048 ) (4096 -12288 1024 ) (5120 -12288 1024 ) (5120 -12288 2048 ) 
4 766 767 0 (5120 -12288 1024 ) (4096 -12288 1024 ) (4096 -11264 1024 ) (5120 -11264 1024 ) 
4 767 897 0 (4096 -12288 0 ) (4096 -12288 1024 ) (4096 -11264 1024 ) (4096 -11264 0 ) 
4 767 772 0 (4096 -12288 1024 ) (4096 -12288 0 ) (5120 -12288 0 ) (5120 -12288 1024 ) 
4 767 768 0 (5120 -12288 0 ) (4096 -12288 0 ) (4096 -11264 0 ) (5120 -11264 0 ) 
4 768 898 0 (4096 -12288 -1024 ) (4096 -12288 0 ) (4096 -11264 0 ) (4096 -11264 -1024 ) 
4 768 773 0 (4096 -12288 0 ) (4096 -12288 -1024 ) (5120 -12288 -1024 ) (5120 -12288 0 ) 
4 768 769 0 (5120 -12288 -1024 ) (4096 -12288 -1024 ) (4096 -11264 -1024 ) (5120 -11264 -1024 ) 
4 769 899 0 (4096 -12288 -1440 ) (4096 -12288 -1024 ) (4096 -11264 -1024 ) (4096 -11264 -1440 ) 
4 769 774 0 (4096 -12288 -1024 ) (4096 -12288 -1440 ) (5120 -12288 -1440 ) (5120 -12288 -1024 ) 
4 770 900 0 (4096 -13312 2048 ) (4096 -13312 2240 ) (4096 -12288 2240 ) (4096 -12288 2048 ) 
4 770 775 0 (4096 -13312 2240 ) (4096 -13312 2048 ) (5120 -13312 2048 ) (5120 -13312 2240 ) 
4 770 771 0 (5120 -13312 2048 ) (4096 -13312 2048 ) (4096 -12288 2048 ) (5120 -12288 2048 ) 
4 771 901 0 (4096 -13312 1024 ) (4096 -13312 2048 ) (4096 -12288 2048 ) (4096 -12288 1024 ) 
4 771 776 0 (4096 -13312 2048 ) (4096 -13312 1024 ) (5120 -13312 1024 ) (5120 -13312 2048 ) 
4 771 772 0 (5120 -13312 1024 ) (4096 -13312 1024 ) (4096 -12288 1024 ) (5120 -12288 1024 ) 
4 772 902 0 (4096 -13312 0 ) (4096 -13312 1024 ) (4096 -12288 1024 ) (4096 -12288 0 ) 
4 772 777 0 (4096 -13312 1024 ) (4096 -13312 0 ) (5120 -13312 0 ) (5120 -13312 1024 ) 
4 772 773 0 (5120 -13312 0 ) (4096 -13312 0 ) (4096 -12288 0 ) (5120 -12288 0 ) 
4 773 903 0 (4096 -13312 -1024 ) (4096 -13312 0 ) (4096 -12288 0 ) (4096 -12288 -1024 ) 
4 773 778 0 (4096 -13312 0 ) (4096 -13312 -1024 ) (5120 -13312 -1024 ) (5120 -13312 0 ) 
4 773 774 0 (5120 -13312 -1024 ) (4096 -13312 -1024 ) (4096 -12288 -1024 ) (5120 -12288 -1024 ) 
4 774 904 0 (4096 -13312 -1440 ) (4096 -13312 -1024 ) (4096 -12288 -1024 ) (4096 -12288 -1440 ) 
4 774 779 0 (4096 -13312 -1024 ) (4096 -13312 -1440 ) (5120 -13312 -1440 ) (5120 -13312 -1024 ) 
4 775 905 0 (4096 -13408 2240 ) (4096 -13312 2240 ) (4096 -13312 2048 ) (4096 -13408 2048 ) 
4 775 776 0 (4096 -13408 2048 ) (4096 -13312 2048 ) (5120 -13312 2048 ) (5120 -13408 2048 ) 
4 776 906 0 (4096 -13408 2048 ) (4096 -13312 2048 ) (4096 -13312 1024 ) (4096 -13408 1024 ) 
4 776 777 0 (4096 -13408 1024 ) (4096 -13312 1024 ) (5120 -13312 1024 ) (5120 -13408 1024 ) 
4 777 907 0 (4096 -13408 1024 ) (4096 -13312 1024 ) (4096 -13312 0 ) (4096 -13408 0 ) 
4 777 778 0 (4096 -13408 0 ) (4096 -13312 0 ) (5120 -13312 0 ) (5120 -13408 0 ) 
4 778 908 0 (4096 -13408 0 ) (4096 -13312 0 ) (4096 -13312 -1024 ) (4096 -13408 -1024 ) 
4 778 779 0 (4096 -13408 -1024 ) (4096 -13312 -1024 ) (5120 -13312 -1024 ) (5120 -13408 -1024 ) 
4 779 909 0 (4096 -13408 -1024 ) (4096 -13312 -1024 ) (4096 -13312 -1440 ) (4096 -13408 -1440 ) 
4 780 910 0 (3072 11264 2048 ) (3072 11264 2240 ) (3072 11312 2240 ) (3072 11312 2048 ) 
4 780 785 0 (3072 11264 2240 ) (3072 11264 2048 ) (4096 11264 2048 ) (4096 11264 2240 ) 
4 780 781 0 (4096 11264 2048 ) (3072 11264 2048 ) (3072 11312 2048 ) (4096 11312 2048 ) 
4 781 911 0 (3072 11264 1024 ) (3072 11264 2048 ) (3072 11312 2048 ) (3072 11312 1024 ) 
4 781 786 0 (3072 11264 2048 ) (3072 11264 1024 ) (4096 11264 1024 ) (4096 11264 2048 ) 
4 781 782 0 (4096 11264 1024 ) (3072 11264 1024 ) (3072 11312 1024 ) (4096 11312 1024 ) 
4 782 912 0 (3072 11264 0 ) (3072 11264 1024 ) (3072 11312 1024 ) (3072 11312 0 ) 
4 782 787 0 (3072 11264 1024 ) (3072 11264 0 ) (4096 11264 0 ) (4096 11264 1024 ) 
4 782 783 0 (4096 11264 0 ) (3072 11264 0 ) (3072 11312 0 ) (4096 11312 0 ) 
4 783 913 0 (3072 11264 -1024 ) (3072 11264 0 ) (3072 11312 0 ) (3072 11312 -1024 ) 
4 783 788 0 (3072 11264 0 ) (3072 11264 -1024 ) (4096 11264 -1024 ) (4096 11264 0 ) 
4 783 784 0 (4096 11264 -1024 ) (3072 11264 -1024 ) (3072 11312 -1024 ) (4096 11312 -1024 ) 
4 784 914 0 (3072 11264 -1440 ) (3072 11264 -1024 ) (3072 11312 -1024 ) (3072 11312 -1440 ) 
4 784 789 0 (3072 11264 -1024 ) (3072 11264 -1440 ) (4096 11264 -1440 ) (4096 11264 -1024 ) 
4 785 915 0 (3072 10240 2048 ) (3072 10240 2240 ) (3072 11264 2240 ) (3072 11264 2048 ) 
4 785 790 0 (3072 10240 2240 ) (3072 10240 2048 ) (4096 10240 2048 ) (4096 10240 2240 ) 
4 785 786 0 (4096 10240 2048 ) (3072 10240 2048 ) (3072 11264 2048 ) (4096 11264 2048 ) 
4 786 916 0 (3072 10240 1024 ) (3072 10240 2048 ) (3072 11264 2048 ) (3072 11264 1024 ) 
4 786 791 0 (3072 10240 2048 ) (3072 10240 1024 ) (4096 10240 1024 ) (4096 10240 2048 ) 
4 786 787 0 (4096 10240 1024 ) (3072 10240 1024 ) (3072 11264 1024 ) (4096 11264 1024 ) 
4 787 917 0 (3072 10240 0 ) (3072 10240 1024 ) (3072 11264 1024 ) (3072 11264 0 ) 
4 787 792 0 (3072 10240 1024 ) (3072 10240 0 ) (4096 10240 0 ) (4096 10240 1024 ) 
4 787 788 0 (4096 10240 0 ) (3072 10240 0 ) (3072 11264 0 ) (4096 11264 0 ) 
4 788 918 0 (3072 10240 -1024 ) (3072 10240 0 ) (3072 11264 0 ) (3072 11264 -1024 ) 
4 788 793 0 (3072 10240 0 ) (3072 10240 -1024 ) (4096 10240 -1024 ) (4096 10240 0 ) 
4 788 789 0 (4096 10240 -1024 ) (3072 10240 -1024 ) (3072 11264 -1024 ) (4096 11264 -1024 ) 
4 789 919 0 (3072 10240 -1440 ) (3072 10240 -1024 ) (3072 11264 -1024 ) (3072 11264 -1440 ) 
4 789 794 0 (3072 10240 -1024 ) (3072 10240 -1440 ) (4096 10240 -1440 ) (4096 10240 -1024 ) 
4 790 920 0 (3072 9216 2048 ) (3072 9216 2240 ) (3072 10240 2240 ) (3072 10240 2048 ) 
4 790 795 0 (3072 9216 2240 ) (3072 9216 2048 ) (4096 9216 2048 ) (4096 9216 2240 ) 
4 790 791 0 (4096 9216 2048 ) (3072 9216 2048 ) (3072 10240 2048 ) (4096 10240 2048 ) 
4 791 921 0 (3072 9216 1024 ) (3072 9216 2048 ) (3072 10240 2048 ) (3072 10240 1024 ) 
4 791 796 0 (3072 9216 2048 ) (3072 9216 1024 ) (4096 9216 1024 ) (4096 9216 2048 ) 
4 791 792 0 (4096 9216 1024 ) (3072 9216 1024 ) (3072 10240 1024 ) (4096 10240 1024 ) 
4 792 922 0 (3072 9216 0 ) (3072 9216 1024 ) (3072 10240 1024 ) (3072 10240 0 ) 
4 792 797 0 (3072 9216 1024 ) (3072 9216 0 ) (4096 9216 0 ) (4096 9216 1024 ) 
4 792 793 0 (4096 9216 0 ) (3072 9216 0 ) (3072 10240 0 ) (4096 10240 0 ) 
4 793 923 0 (3072 9216 -1024 ) (3072 9216 0 ) (3072 10240 0 ) (3072 10240 -1024 ) 
4 793 798 0 (3072 9216 0 ) (3072 9216 -1024 ) (4096 9216 -1024 ) (4096 9216 0 ) 
4 793 794 0 (4096 9216 -1024 ) (3072 9216 -1024 ) (3072 10240 -1024 ) (4096 10240 -1024 ) 
4 794 924 0 (3072 9216 -1440 ) (3072 9216 -1024 ) (3072 10240 -1024 ) (3072 10240 -1440 ) 
4 794 799 0 (3072 9216 -1024 ) (3072 9216 -1440 ) (4096 9216 -1440 ) (4096 9216 -1024 ) 
4 795 925 0 (3072 8192 2048 ) (3072 8192 2240 ) (3072 9216 2240 ) (3072 9216 2048 ) 
4 795 800 0 (3072 8192 2240 ) (3072 8192 2048 ) (4096 8192 2048 ) (4096 8192 2240 ) 
4 795 796 0 (4096 8192 2048 ) (3072 8192 2048 ) (3072 9216 2048 ) (4096 9216 2048 ) 
4 796 926 0 (3072 8192 1024 ) (3072 8192 2048 ) (3072 9216 2048 ) (3072 9216 1024 ) 
4 796 801 0 (3072 8192 2048 ) (3072 8192 1024 ) (4096 8192 1024 ) (4096 8192 2048 ) 
4 796 797 0 (4096 8192 1024 ) (3072 8192 1024 ) (3072 9216 1024 ) (4096 9216 1024 ) 
4 797 927 0 (3072 8192 0 ) (3072 8192 1024 ) (3072 9216 1024 ) (3072 9216 0 ) 
4 797 802 0 (3072 8192 1024 ) (3072 8192 0 ) (4096 8192 0 ) (4096 8192 1024 ) 
4 797 798 0 (4096 8192 0 ) (3072 8192 0 ) (3072 9216 0 ) (4096 9216 0 ) 
4 798 928 0 (3072 8192 -1024 ) (3072 8192 0 ) (3072 9216 0 ) (3072 9216 -1024 ) 
4 798 803 0 (3072 8192 0 ) (3072 8192 -1024 ) (4096 8192 -1024 ) (4096 8192 0 ) 
4 798 799 0 (4096 8192 -1024 ) (3072 8192 -1024 ) (3072 9216 -1024 ) (4096 9216 -1024 ) 
4 799 929 0 (3072 8192 -1440 ) (3072 8192 -1024 ) (3072 9216 -1024 ) (3072 9216 -1440 ) 
4 799 804 0 (3072 8192 -1024 ) (3072 8192 -1440 ) (4096 8192 -1440 ) (4096 8192 -1024 ) 
4 800 930 0 (3072 7168 2048 ) (3072 7168 2240 ) (3072 8192 2240 ) (3072 8192 2048 ) 
4 800 805 0 (3072 7168 2240 ) (3072 7168 2048 ) (4096 7168 2048 ) (4096 7168 2240 ) 
4 800 801 0 (4096 7168 2048 ) (3072 7168 2048 ) (3072 8192 2048 ) (4096 8192 2048 ) 
4 801 931 0 (3072 7168 1024 ) (3072 7168 2048 ) (3072 8192 2048 ) (3072 8192 1024 ) 
4 801 806 0 (3072 7168 2048 ) (3072 7168 1024 ) (4096 7168 1024 ) (4096 7168 2048 ) 
4 801 802 0 (4096 7168 1024 ) (3072 7168 1024 ) (3072 8192 1024 ) (4096 8192 1024 ) 
4 802 932 0 (3072 7168 0 ) (3072 7168 1024 ) (3072 8192 1024 ) (3072 8192 0 ) 
4 802 807 0 (3072 7168 1024 ) (3072 7168 0 ) (4096 7168 0 ) (4096 7168 1024 ) 
4 802 803 0 (4096 7168 0 ) (3072 7168 0 ) (3072 8192 0 ) (4096 8192 0 ) 
4 803 933 0 (3072 7168 -1024 ) (3072 7168 0 ) (3072 8192 0 ) (3072 8192 -1024 ) 
4 803 808 0 (3072 7168 0 ) (3072 7168 -1024 ) (4096 7168 -1024 ) (4096 7168 0 ) 
4 803 804 0 (4096 7168 -1024 ) (3072 7168 -1024 ) (3072 8192 -1024 ) (4096 8192 -1024 ) 
4 804 934 0 (3072 7168 -1440 ) (3072 7168 -1024 ) (3072 8192 -1024 ) (3072 8192 -1440 ) 
4 804 809 0 (3072 7168 -1024 ) (3072 7168 -1440 ) (4096 7168 -1440 ) (4096 7168 -1024 ) 
4 805 935 0 (3072 6144 2048 ) (3072 6144 2240 ) (3072 7168 2240 ) (3072 7168 2048 ) 
4 805 810 0 (3072 6144 2240 ) (3072 6144 2048 ) (4096 6144 2048 ) (4096 6144 2240 ) 
4 805 806 0 (4096 6144 2048 ) (3072 6144 2048 ) (3072 7168 2048 ) (4096 7168 2048 ) 
4 806 936 0 (3072 6144 1024 ) (3072 6144 2048 ) (3072 7168 2048 ) (3072 7168 1024 ) 
4 806 811 0 (3072 6144 2048 ) (3072 6144 1024 ) (4096 6144 1024 ) (4096 6144 2048 ) 
4 806 807 0 (4096 6144 1024 ) (3072 6144 1024 ) (3072 7168 1024 ) (4096 7168 1024 ) 
4 807 937 0 (3072 6144 0 ) (3072 6144 1024 ) (3072 7168 1024 ) (3072 7168 0 ) 
4 807 812 0 (3072 6144 1024 ) (3072 6144 0 ) (4096 6144 0 ) (4096 6144 1024 ) 
4 807 808 0 (4096 6144 0 ) (3072 6144 0 ) (3072 7168 0 ) (4096 7168 0 ) 
4 808 938 0 (3072 6144 -1024 ) (3072 6144 0 ) (3072 7168 0 ) (3072 7168 -1024 ) 
4 808 813 0 (3072 6144 0 ) (3072 6144 -1024 ) (4096 6144 -1024 ) (4096 6144 0 ) 
4 808 809 0 (4096 6144 -1024 ) (3072 6144 -1024 ) (3072 7168 -1024 ) (4096 7168 -1024 ) 
4 809 939 0 (3072 6144 -1440 ) (3072 6144 -1024 ) (3072 7168 -1024 ) (3072 7168 -1440 ) 
4 809 814 0 (3072 6144 -1024 ) (3072 6144 -1440 ) (4096 6144 -1440 ) (4096 6144 -1024 ) 
4 810 940 0 (3072 5120 2048 ) (3072 5120 2240 ) (3072 6144 2240 ) (3072 6144 2048 ) 
4 810 815 0 (3072 5120 2240 ) (3072 5120 2048 ) (4096 5120 2048 ) (4096 5120 2240 ) 
4 810 811 0 (4096 5120 2048 ) (3072 5120 2048 ) (3072 6144 2048 ) (4096 6144 2048 ) 
4 811 941 0 (3072 5120 1024 ) (3072 5120 2048 ) (3072 6144 2048 ) (3072 6144 1024 ) 
4 811 816 0 (3072 5120 2048 ) (3072 5120 1024 ) (4096 5120 1024 ) (4096 5120 2048 ) 
4 811 812 0 (4096 5120 1024 ) (3072 5120 1024 ) (3072 6144 1024 ) (4096 6144 1024 ) 
4 812 942 0 (3072 5120 0 ) (3072 5120 1024 ) (3072 6144 1024 ) (3072 6144 0 ) 
4 812 817 0 (3072 5120 1024 ) (3072 5120 0 ) (4096 5120 0 ) (4096 5120 1024 ) 
4 812 813 0 (4096 5120 0 ) (3072 5120 0 ) (3072 6144 0 ) (4096 6144 0 ) 
4 813 943 0 (3072 5120 -1024 ) (3072 5120 0 ) (3072 6144 0 ) (3072 6144 -1024 ) 
4 813 818 0 (3072 5120 0 ) (3072 5120 -1024 ) (4096 5120 -1024 ) (4096 5120 0 ) 
4 813 814 0 (4096 5120 -1024 ) (3072 5120 -1024 ) (3072 6144 -1024 ) (4096 6144 -1024 ) 
4 814 944 0 (3072 5120 -1440 ) (3072 5120 -1024 ) (3072 6144 -1024 ) (3072 6144 -1440 ) 
4 814 819 0 (3072 5120 -1024 ) (3072 5120 -1440 ) (4096 5120 -1440 ) (4096 5120 -1024 ) 
4 815 945 0 (3072 4096 2048 ) (3072 4096 2240 ) (3072 5120 2240 ) (3072 5120 2048 ) 
4 815 820 0 (3072 4096 2240 ) (3072 4096 2048 ) (4096 4096 2048 ) (4096 4096 2240 ) 
4 815 816 0 (4096 4096 2048 ) (3072 4096 2048 ) (3072 5120 2048 ) (4096 5120 2048 ) 
4 816 946 0 (3072 4096 1024 ) (3072 4096 2048 ) (3072 5120 2048 ) (3072 5120 1024 ) 
4 816 821 0 (3072 4096 2048 ) (3072 4096 1024 ) (4096 4096 1024 ) (4096 4096 2048 ) 
4 816 817 0 (4096 4096 1024 ) (3072 4096 1024 ) (3072 5120 1024 ) (4096 5120 1024 ) 
4 817 947 0 (3072 4096 0 ) (3072 4096 1024 ) (3072 5120 1024 ) (3072 5120 0 ) 
4 817 822 0 (3072 4096 1024 ) (3072 4096 0 ) (4096 4096 0 ) (4096 4096 1024 ) 
4 817 818 0 (4096 4096 0 ) (3072 4096 0 ) (3072 5120 0 ) (4096 5120 0 ) 
4 818 948 0 (3072 4096 -1024 ) (3072 4096 0 ) (3072 5120 0 ) (3072 5120 -1024 ) 
4 818 823 0 (3072 4096 0 ) (3072 4096 -1024 ) (4096 4096 -1024 ) (4096 4096 0 ) 
4 818 819 0 (4096 4096 -1024 ) (3072 4096 -1024 ) (3072 5120 -1024 ) (4096 5120 -1024 ) 
4 819 949 0 (3072 4096 -1440 ) (3072 4096 -1024 ) (3072 5120 -1024 ) (3072 5120 -1440 ) 
4 819 824 0 (3072 4096 -1024 ) (3072 4096 -1440 ) (4096 4096 -1440 ) (4096 4096 -1024 ) 
4 820 950 0 (3072 3072 2048 ) (3072 3072 2240 ) (3072 4096 2240 ) (3072 4096 2048 ) 
4 820 825 0 (3072 3072 2240 ) (3072 3072 2048 ) (4096 3072 2048 ) (4096 3072 2240 ) 
4 820 821 0 (4096 3072 2048 ) (3072 3072 2048 ) (3072 4096 2048 ) (4096 4096 2048 ) 
4 821 951 0 (3072 3072 1024 ) (3072 3072 2048 ) (3072 4096 2048 ) (3072 4096 1024 ) 
4 821 826 0 (3072 3072 2048 ) (3072 3072 1024 ) (4096 3072 1024 ) (4096 3072 2048 ) 
4 821 822 0 (4096 3072 1024 ) (3072 3072 1024 ) (3072 4096 1024 ) (4096 4096 1024 ) 
4 822 952 0 (3072 3072 0 ) (3072 3072 1024 ) (3072 4096 1024 ) (3072 4096 0 ) 
4 822 827 0 (3072 3072 1024 ) (3072 3072 0 ) (4096 3072 0 ) (4096 3072 1024 ) 
4 822 823 0 (4096 3072 0 ) (3072 3072 0 ) (3072 4096 0 ) (4096 4096 0 ) 
4 823 953 0 (3072 3072 -1024 ) (3072 3072 0 ) (3072 4096 0 ) (3072 4096 -1024 ) 
4 823 828 0 (3072 3072 0 ) (3072 3072 -1024 ) (4096 3072 -1024 ) (4096 3072 0 ) 
4 823 824 0 (4096 3072 -1024 ) (3072 3072 -1024 ) (3072 4096 -1024 ) (4096 4096 -1024 ) 
4 824 954 0 (3072 3072 -1440 ) (3072 3072 -1024 ) (3072 4096 -1024 ) (3072 4096 -1440 ) 
4 824 829 0 (3072 3072 -1024 ) (3072 3072 -1440 ) (4096 3072 -1440 ) (4096 3072 -1024 ) 
4 825 955 0 (3072 2048 2048 ) (3072 2048 2240 ) (3072 3072 2240 ) (3072 3072 2048 ) 
4 825 830 0 (3072 2048 2240 ) (3072 2048 2048 ) (4096 2048 2048 ) (4096 2048 2240 ) 
4 825 826 0 (4096 2048 2048 ) (3072 2048 2048 ) (3072 3072 2048 ) (4096 3072 2048 ) 
4 826 956 0 (3072 2048 1024 ) (3072 2048 2048 ) (3072 3072 2048 ) (3072 3072 1024 ) 
4 826 831 0 (3072 2048 2048 ) (3072 2048 1024 ) (4096 2048 1024 ) (4096 2048 2048 ) 
4 826 827 0 (4096 2048 1024 ) (3072 2048 1024 ) (3072 3072 1024 ) (4096 3072 1024 ) 
4 827 957 0 (3072 2048 0 ) (3072 2048 1024 ) (3072 3072 1024 ) (3072 3072 0 ) 
4 827 832 0 (3072 2048 1024 ) (3072 2048 0 ) (4096 2048 0 ) (4096 2048 1024 ) 
4 827 828 0 (4096 2048 0 ) (3072 2048 0 ) (3072 3072 0 ) (4096 3072 0 ) 
4 828 958 0 (3072 2048 -1024 ) (3072 2048 0 ) (3072 3072 0 ) (3072 3072 -1024 ) 
4 828 833 0 (3072 2048 0 ) (3072 2048 -1024 ) (4096 2048 -1024 ) (4096 2048 0 ) 
4 828 829 0 (4096 2048 -1024 ) (3072 2048 -1024 ) (3072 3072 -1024 ) (4096 3072 -1024 ) 
4 829 959 0 (3072 2048 -1440 ) (3072 2048 -1024 ) (3072 3072 -1024 ) (3072 3072 -1440 ) 
4 829 834 0 (3072 2048 -1024 ) (3072 2048 -1440 ) (4096 2048 -1440 ) (4096 2048 -1024 ) 
4 830 960 0 (3072 1024 2048 ) (3072 1024 2240 ) (3072 2048 2240 ) (3072 2048 2048 ) 
4 830 835 0 (3072 1024 2240 ) (3072 1024 2048 ) (4096 1024 2048 ) (4096 1024 2240 ) 
4 830 831 0 (4096 1024 2048 ) (3072 1024 2048 ) (3072 2048 2048 ) (4096 2048 2048 ) 
4 831 961 0 (3072 1024 1024 ) (3072 1024 2048 ) (3072 2048 2048 ) (3072 2048 1024 ) 
4 831 836 0 (3072 1024 2048 ) (3072 1024 1024 ) (4096 1024 1024 ) (4096 1024 2048 ) 
4 831 832 0 (4096 1024 1024 ) (3072 1024 1024 ) (3072 2048 1024 ) (4096 2048 1024 ) 
4 832 962 0 (3072 1024 0 ) (3072 1024 1024 ) (3072 2048 1024 ) (3072 2048 0 ) 
4 832 837 0 (3072 1024 1024 ) (3072 1024 0 ) (4096 1024 0 ) (4096 1024 1024 ) 
4 832 833 0 (4096 1024 0 ) (3072 1024 0 ) (3072 2048 0 ) (4096 2048 0 ) 
4 833 963 0 (3072 1024 -1024 ) (3072 1024 0 ) (3072 2048 0 ) (3072 2048 -1024 ) 
4 833 838 0 (3072 1024 0 ) (3072 1024 -1024 ) (4096 1024 -1024 ) (4096 1024 0 ) 
4 833 834 0 (4096 1024 -1024 ) (3072 1024 -1024 ) (3072 2048 -1024 ) (4096 2048 -1024 ) 
4 834 964 0 (3072 1024 -1440 ) (3072 1024 -1024 ) (3072 2048 -1024 ) (3072 2048 -1440 ) 
4 834 839 0 (3072 1024 -1024 ) (3072 1024 -1440 ) (4096 1024 -1440 ) (4096 1024 -1024 ) 
4 835 965 0 (3072 0 2048 ) (3072 0 2240 ) (3072 1024 2240 ) (3072 1024 2048 ) 
4 835 840 0 (3072 0 2240 ) (3072 0 2048 ) (4096 0 2048 ) (4096 0 2240 ) 
4 835 836 0 (4096 0 2048 ) (3072 0 2048 ) (3072 1024 2048 ) (4096 1024 2048 ) 
4 836 966 0 (3072 0 1024 ) (3072 0 2048 ) (3072 1024 2048 ) (3072 1024 1024 ) 
4 836 841 0 (3072 0 2048 ) (3072 0 1024 ) (4096 0 1024 ) (4096 0 2048 ) 
4 836 837 0 (4096 0 1024 ) (3072 0 1024 ) (3072 1024 1024 ) (4096 1024 1024 ) 
4 837 967 0 (3072 0 0 ) (3072 0 1024 ) (3072 1024 1024 ) (3072 1024 0 ) 
4 837 842 0 (3072 0 1024 ) (3072 0 0 ) (4096 0 0 ) (4096 0 1024 ) 
4 837 838 0 (4096 0 0 ) (3072 0 0 ) (3072 1024 0 ) (4096 1024 0 ) 
4 838 968 0 (3072 0 -1024 ) (3072 0 0 ) (3072 1024 0 ) (3072 1024 -1024 ) 
4 838 843 0 (3072 0 0 ) (3072 0 -1024 ) (4096 0 -1024 ) (4096 0 0 ) 
4 838 839 0 (4096 0 -1024 ) (3072 0 -1024 ) (3072 1024 -1024 ) (4096 1024 -1024 ) 
4 839 969 0 (3072 0 -1440 ) (3072 0 -1024 ) (3072 1024 -1024 ) (3072 1024 -1440 ) 
4 839 844 0 (3072 0 -1024 ) (3072 0 -1440 ) (4096 0 -1440 ) (4096 0 -1024 ) 
4 840 970 0 (3072 -1024 2048 ) (3072 -1024 2240 ) (3072 0 2240 ) (3072 0 2048 ) 
4 840 845 0 (3072 -1024 2240 ) (3072 -1024 2048 ) (4096 -1024 2048 ) (4096 -1024 2240 ) 
4 840 841 0 (4096 -1024 2048 ) (3072 -1024 2048 ) (3072 0 2048 ) (4096 0 2048 ) 
4 841 971 0 (3072 -1024 1024 ) (3072 -1024 2048 ) (3072 0 2048 ) (3072 0 1024 ) 
4 841 846 0 (3072 -1024 2048 ) (3072 -1024 1024 ) (4096 -1024 1024 ) (4096 -1024 2048 ) 
4 841 842 0 (4096 -1024 1024 ) (3072 -1024 1024 ) (3072 0 1024 ) (4096 0 1024 ) 
4 842 972 0 (3072 -1024 0 ) (3072 -1024 1024 ) (3072 0 1024 ) (3072 0 0 ) 
4 842 847 0 (3072 -1024 1024 ) (3072 -1024 0 ) (4096 -1024 0 ) (4096 -1024 1024 ) 
4 842 843 0 (4096 -1024 0 ) (3072 -1024 0 ) (3072 0 0 ) (4096 0 0 ) 
4 843 973 0 (3072 -1024 -1024 ) (3072 -1024 0 ) (3072 0 0 ) (3072 0 -1024 ) 
4 843 848 0 (3072 -1024 0 ) (3072 -1024 -1024 ) (4096 -1024 -1024 ) (4096 -1024 0 ) 
4 843 844 0 (4096 -1024 -1024 ) (3072 -1024 -1024 ) (3072 0 -1024 ) (4096 0 -1024 ) 
4 844 974 0 (3072 -1024 -1440 ) (3072 -1024 -1024 ) (3072 0 -1024 ) (3072 0 -1440 ) 
4 844 849 0 (3072 -1024 -1024 ) (3072 -1024 -1440 ) (4096 -1024 -1440 ) (4096 -1024 -1024 ) 
4 845 975 0 (3072 -2048 2048 ) (3072 -2048 2240 ) (3072 -1024 2240 ) (3072 -1024 2048 ) 
4 845 850 0 (3072 -2048 2240 ) (3072 -2048 2048 ) (4096 -2048 2048 ) (4096 -2048 2240 ) 
4 845 846 0 (4096 -2048 2048 ) (3072 -2048 2048 ) (3072 -1024 2048 ) (4096 -1024 2048 ) 
4 846 976 0 (3072 -2048 1024 ) (3072 -2048 2048 ) (3072 -1024 2048 ) (3072 -1024 1024 ) 
4 846 851 0 (3072 -2048 2048 ) (3072 -2048 1024 ) (4096 -2048 1024 ) (4096 -2048 2048 ) 
4 846 847 0 (4096 -2048 1024 ) (3072 -2048 1024 ) (3072 -1024 1024 ) (4096 -1024 1024 ) 
4 847 977 0 (3072 -2048 0 ) (3072 -2048 1024 ) (3072 -1024 1024 ) (3072 -1024 0 ) 
4 847 852 0 (3072 -2048 1024 ) (3072 -2048 0 ) (4096 -2048 0 ) (4096 -2048 1024 ) 
4 847 848 0 (4096 -2048 0 ) (3072 -2048 0 ) (3072 -1024 0 ) (4096 -1024 0 ) 
4 848 978 0 (3072 -2048 -1024 ) (3072 -2048 0 ) (3072 -1024 0 ) (3072 -1024 -1024 ) 
4 848 853 0 (3072 -2048 0 ) (3072 -2048 -1024 ) (4096 -2048 -1024 ) (4096 -2048 0 ) 
4 848 849 0 (4096 -2048 -1024 ) (3072 -2048 -1024 ) (3072 -1024 -1024 ) (4096 -1024 -1024 ) 
4 849 979 0 (3072 -2048 -1440 ) (3072 -2048 -1024 ) (3072 -1024 -1024 ) (3072 -1024 -1440 ) 
4 849 854 0 (3072 -2048 -1024 ) (3072 -2048 -1440 ) (4096 -2048 -1440 ) (4096 -2048 -1024 ) 
4 850 980 0 (3072 -3072 2048 ) (3072 -3072 2240 ) (3072 -2048 2240 ) (3072 -2048 2048 ) 
4 850 855 0 (3072 -3072 2240 ) (3072 -3072 2048 ) (4096 -3072 2048 ) (4096 -3072 2240 ) 
4 850 851 0 (4096 -3072 2048 ) (3072 -3072 2048 ) (3072 -2048 2048 ) (4096 -2048 2048 ) 
4 851 981 0 (3072 -3072 1024 ) (3072 -3072 2048 ) (3072 -2048 2048 ) (3072 -2048 1024 ) 
4 851 856 0 (3072 -3072 2048 ) (3072 -3072 1024 ) (4096 -3072 1024 ) (4096 -3072 2048 ) 
4 851 852 0 (4096 -3072 1024 ) (3072 -3072 1024 ) (3072 -2048 1024 ) (4096 -2048 1024 ) 
4 852 982 0 (3072 -3072 0 ) (3072 -3072 1024 ) (3072 -2048 1024 ) (3072 -2048 0 ) 
4 852 857 0 (3072 -3072 1024 ) (3072 -3072 0 ) (4096 -3072 0 ) (4096 -3072 1024 ) 
4 852 853 0 (4096 -3072 0 ) (3072 -3072 0 ) (3072 -2048 0 ) (4096 -2048 0 ) 
4 853 983 0 (3072 -3072 -1024 ) (3072 -3072 0 ) (3072 -2048 0 ) (3072 -2048 -1024 ) 
4 853 858 0 (3072 -3072 0 ) (3072 -3072 -1024 ) (4096 -3072 -1024 ) (4096 -3072 0 ) 
4 853 854 0 (4096 -3072 -1024 ) (3072 -3072 -1024 ) (3072 -2048 -1024 ) (4096 -2048 -1024 ) 
4 854 984 0 (3072 -3072 -1440 ) (3072 -3072 -1024 ) (3072 -2048 -1024 ) (3072 -2048 -1440 ) 
4 854 859 0 (3072 -3072 -1024 ) (3072 -3072 -1440 ) (4096 -3072 -1440 ) (4096 -3072 -1024 ) 
4 855 985 0 (3072 -4096 2048 ) (3072 -4096 2240 ) (3072 -3072 2240 ) (3072 -3072 2048 ) 
4 855 860 0 (3072 -4096 2240 ) (3072 -4096 2048 ) (4096 -4096 2048 ) (4096 -4096 2240 ) 
4 855 856 0 (4096 -4096 2048 ) (3072 -4096 2048 ) (3072 -3072 2048 ) (4096 -3072 2048 ) 
4 856 986 0 (3072 -4096 1024 ) (3072 -4096 2048 ) (3072 -3072 2048 ) (3072 -3072 1024 ) 
4 856 861 0 (3072 -4096 2048 ) (3072 -4096 1024 ) (4096 -4096 1024 ) (4096 -4096 2048 ) 
4 856 857 0 (4096 -4096 1024 ) (3072 -4096 1024 ) (3072 -3072 1024 ) (4096 -3072 1024 ) 
4 857 987 0 (3072 -4096 0 ) (3072 -4096 1024 ) (3072 -3072 1024 ) (3072 -3072 0 ) 
4 857 862 0 (3072 -4096 1024 ) (3072 -4096 0 ) (4096 -4096 0 ) (4096 -4096 1024 ) 
4 857 858 0 (4096 -4096 0 ) (3072 -4096 0 ) (3072 -3072 0 ) (4096 -3072 0 ) 
4 858 988 0 (3072 -4096 -1024 ) (3072 -4096 0 ) (3072 -3072 0 ) (3072 -3072 -1024 ) 
4 858 863 0 (3072 -4096 0 ) (3072 -4096 -1024 ) (4096 -4096 -1024 ) (4096 -4096 0 ) 
4 858 859 0 (4096 -4096 -1024 ) (3072 -4096 -1024 ) (3072 -3072 -1024 ) (4096 -3072 -1024 ) 
4 859 989 0 (3072 -4096 -1440 ) (3072 -4096 -1024 ) (3072 -3072 -1024 ) (3072 -3072 -1440 ) 
4 859 864 0 (3072 -4096 -1024 ) (3072 -4096 -1440 ) (4096 -4096 -1440 ) (4096 -4096 -1024 ) 
4 860 990 0 (3072 -5120 2048 ) (3072 -5120 2240 ) (3072 -4096 2240 ) (3072 -4096 2048 ) 
4 860 865 0 (3072 -5120 2240 ) (3072 -5120 2048 ) (4096 -5120 2048 ) (4096 -5120 2240 ) 
4 860 861 0 (4096 -5120 2048 ) (3072 -5120 2048 ) (3072 -4096 2048 ) (4096 -4096 2048 ) 
4 861 991 0 (3072 -5120 1024 ) (3072 -5120 2048 ) (3072 -4096 2048 ) (3072 -4096 1024 ) 
4 861 866 0 (3072 -5120 2048 ) (3072 -5120 1024 ) (4096 -5120 1024 ) (4096 -5120 2048 ) 
4 861 862 0 (4096 -5120 1024 ) (3072 -5120 1024 ) (3072 -4096 1024 ) (4096 -4096 1024 ) 
4 862 992 0 (3072 -5120 0 ) (3072 -5120 1024 ) (3072 -4096 1024 ) (3072 -4096 0 ) 
4 862 867 0 (3072 -5120 1024 ) (3072 -5120 0 ) (4096 -5120 0 ) (4096 -5120 1024 ) 
4 862 863 0 (4096 -5120 0 ) (3072 -5120 0 ) (3072 -4096 0 ) (4096 -4096 0 ) 
4 863 993 0 (3072 -5120 -1024 ) (3072 -5120 0 ) (3072 -4096 0 ) (3072 -4096 -1024 ) 
4 863 868 0 (3072 -5120 0 ) (3072 -5120 -1024 ) (4096 -5120 -1024 ) (4096 -5120 0 ) 
4 863 864 0 (4096 -5120 -1024 ) (3072 -5120 -1024 ) (3072 -4096 -1024 ) (4096 -4096 -1024 ) 
4 864 994 0 (3072 -5120 -1440 ) (3072 -5120 -1024 ) (3072 -4096 -1024 ) (3072 -4096 -1440 ) 
4 864 869 0 (3072 -5120 -1024 ) (3072 -5120 -1440 ) (4096 -5120 -1440 ) (4096 -5120 -1024 ) 
4 865 995 0 (3072 -6144 2048 ) (3072 -6144 2240 ) (3072 -5120 2240 ) (3072 -5120 2048 ) 
4 865 870 0 (3072 -6144 2240 ) (3072 -6144 2048 ) (4096 -6144 2048 ) (4096 -6144 2240 ) 
4 865 866 0 (4096 -6144 2048 ) (3072 -6144 2048 ) (3072 -5120 2048 ) (4096 -5120 2048 ) 
4 866 996 0 (3072 -6144 1024 ) (3072 -6144 2048 ) (3072 -5120 2048 ) (3072 -5120 1024 ) 
4 866 871 0 (3072 -6144 2048 ) (3072 -6144 1024 ) (4096 -6144 1024 ) (4096 -6144 2048 ) 
4 866 867 0 (4096 -6144 1024 ) (3072 -6144 1024 ) (3072 -5120 1024 ) (4096 -5120 1024 ) 
4 867 997 0 (3072 -6144 0 ) (3072 -6144 1024 ) (3072 -5120 1024 ) (3072 -5120 0 ) 
4 867 872 0 (3072 -6144 1024 ) (3072 -6144 0 ) (4096 -6144 0 ) (4096 -6144 1024 ) 
4 867 868 0 (4096 -6144 0 ) (3072 -6144 0 ) (3072 -5120 0 ) (4096 -5120 0 ) 
4 868 998 0 (3072 -6144 -1024 ) (3072 -6144 0 ) (3072 -5120 0 ) (3072 -5120 -1024 ) 
4 868 873 0 (3072 -6144 0 ) (3072 -6144 -1024 ) (4096 -6144 -1024 ) (4096 -6144 0 ) 
4 868 869 0 (4096 -6144 -1024 ) (3072 -6144 -1024 ) (3072 -5120 -1024 ) (4096 -5120 -1024 ) 
4 869 999 0 (3072 -6144 -1440 ) (3072 -6144 -1024 ) (3072 -5120 -1024 ) (3072 -5120 -1440 ) 
4 869 874 0 (3072 -6144 -1024 ) (3072 -6144 -1440 ) (4096 -6144 -1440 ) (4096 -6144 -1024 ) 
4 870 1000 0 (3072 -7168 2048 ) (3072 -7168 2240 ) (3072 -6144 2240 ) (3072 -6144 2048 ) 
4 870 875 0 (3072 -7168 2240 ) (3072 -7168 2048 ) (4096 -7168 2048 ) (4096 -7168 2240 ) 
4 870 871 0 (4096 -7168 2048 ) (3072 -7168 2048 ) (3072 -6144 2048 ) (4096 -6144 2048 ) 
4 871 1001 0 (3072 -7168 1024 ) (3072 -7168 2048 ) (3072 -6144 2048 ) (3072 -6144 1024 ) 
4 871 876 0 (3072 -7168 2048 ) (3072 -7168 1024 ) (4096 -7168 1024 ) (4096 -7168 2048 ) 
4 871 872 0 (4096 -7168 1024 ) (3072 -7168 1024 ) (3072 -6144 1024 ) (4096 -6144 1024 ) 
4 872 1002 0 (3072 -7168 0 ) (3072 -7168 1024 ) (3072 -6144 1024 ) (3072 -6144 0 ) 
4 872 877 0 (3072 -7168 1024 ) (3072 -7168 0 ) (4096 -7168 0 ) (4096 -7168 1024 ) 
4 872 873 0 (4096 -7168 0 ) (3072 -7168 0 ) (3072 -6144 0 ) (4096 -6144 0 ) 
4 873 1003 0 (3072 -7168 -1024 ) (3072 -7168 0 ) (3072 -6144 0 ) (3072 -6144 -1024 ) 
4 873 878 0 (3072 -7168 0 ) (3072 -7168 -1024 ) (4096 -7168 -1024 ) (4096 -7168 0 ) 
4 873 874 0 (4096 -7168 -1024 ) (3072 -7168 -1024 ) (3072 -6144 -1024 ) (4096 -6144 -1024 ) 
4 874 1004 0 (3072 -7168 -1440 ) (3072 -7168 -1024 ) (3072 -6144 -1024 ) (3072 -6144 -1440 ) 
4 874 879 0 (3072 -7168 -1024 ) (3072 -7168 -1440 ) (4096 -7168 -1440 ) (4096 -7168 -1024 ) 
4 875 1005 0 (3072 -8192 2048 ) (3072 -8192 2240 ) (3072 -7168 2240 ) (3072 -7168 2048 ) 
4 875 880 0 (3072 -8192 2240 ) (3072 -8192 2048 ) (4096 -8192 2048 ) (4096 -8192 2240 ) 
4 875 876 0 (4096 -8192 2048 ) (3072 -8192 2048 ) (3072 -7168 2048 ) (4096 -7168 2048 ) 
4 876 1006 0 (3072 -8192 1024 ) (3072 -8192 2048 ) (3072 -7168 2048 ) (3072 -7168 1024 ) 
4 876 881 0 (3072 -8192 2048 ) (3072 -8192 1024 ) (4096 -8192 1024 ) (4096 -8192 2048 ) 
4 876 877 0 (4096 -8192 1024 ) (3072 -8192 1024 ) (3072 -7168 1024 ) (4096 -7168 1024 ) 
4 877 1007 0 (3072 -8192 0 ) (3072 -8192 1024 ) (3072 -7168 1024 ) (3072 -7168 0 ) 
4 877 882 0 (3072 -8192 1024 ) (3072 -8192 0 ) (4096 -8192 0 ) (4096 -8192 1024 ) 
4 877 878 0 (4096 -8192 0 ) (3072 -8192 0 ) (3072 -7168 0 ) (4096 -7168 0 ) 
4 878 1008 0 (3072 -8192 -1024 ) (3072 -8192 0 ) (3072 -7168 0 ) (3072 -7168 -1024 ) 
4 878 883 0 (3072 -8192 0 ) (3072 -8192 -1024 ) (4096 -8192 -1024 ) (4096 -8192 0 ) 
4 878 879 0 (4096 -8192 -1024 ) (3072 -8192 -1024 ) (3072 -7168 -1024 ) (4096 -7168 -1024 ) 
4 879 1009 0 (3072 -8192 -1440 ) (3072 -8192 -1024 ) (3072 -7168 -1024 ) (3072 -7168 -1440 ) 
4 879 884 0 (3072 -8192 -1024 ) (3072 -8192 -1440 ) (4096 -8192 -1440 ) (4096 -8192 -1024 ) 
4 880 1010 0 (3072 -9216 2048 ) (3072 -9216 2240 ) (3072 -8192 2240 ) (3072 -8192 2048 ) 
4 880 885 0 (3072 -9216 2240 ) (3072 -9216 2048 ) (4096 -9216 2048 ) (4096 -9216 2240 ) 
4 880 881 0 (4096 -9216 2048 ) (3072 -9216 2048 ) (3072 -8192 2048 ) (4096 -8192 2048 ) 
4 881 1011 0 (3072 -9216 1024 ) (3072 -9216 2048 ) (3072 -8192 2048 ) (3072 -8192 1024 ) 
4 881 886 0 (3072 -9216 2048 ) (3072 -9216 1024 ) (4096 -9216 1024 ) (4096 -9216 2048 ) 
4 881 882 0 (4096 -9216 1024 ) (3072 -9216 1024 ) (3072 -8192 1024 ) (4096 -8192 1024 ) 
4 882 1012 0 (3072 -9216 0 ) (3072 -9216 1024 ) (3072 -8192 1024 ) (3072 -8192 0 ) 
4 882 887 0 (3072 -9216 1024 ) (3072 -9216 0 ) (4096 -9216 0 ) (4096 -9216 1024 ) 
4 882 883 0 (4096 -9216 0 ) (3072 -9216 0 ) (3072 -8192 0 ) (4096 -8192 0 ) 
4 883 1013 0 (3072 -9216 -1024 ) (3072 -9216 0 ) (3072 -8192 0 ) (3072 -8192 -1024 ) 
4 883 888 0 (3072 -9216 0 ) (3072 -9216 -1024 ) (4096 -9216 -1024 ) (4096 -9216 0 ) 
4 883 884 0 (4096 -9216 -1024 ) (3072 -9216 -1024 ) (3072 -8192 -1024 ) (4096 -8192 -1024 ) 
4 884 1014 0 (3072 -9216 -1440 ) (3072 -9216 -1024 ) (3072 -8192 -1024 ) (3072 -8192 -1440 ) 
4 884 889 0 (3072 -9216 -1024 ) (3072 -9216 -1440 ) (4096 -9216 -1440 ) (4096 -9216 -1024 ) 
4 885 1015 0 (3072 -10240 2048 ) (3072 -10240 2240 ) (3072 -9216 2240 ) (3072 -9216 2048 ) 
4 885 890 0 (3072 -10240 2240 ) (3072 -10240 2048 ) (4096 -10240 2048 ) (4096 -10240 2240 ) 
4 885 886 0 (4096 -10240 2048 ) (3072 -10240 2048 ) (3072 -9216 2048 ) (4096 -9216 2048 ) 
4 886 1016 0 (3072 -10240 1024 ) (3072 -10240 2048 ) (3072 -9216 2048 ) (3072 -9216 1024 ) 
4 886 891 0 (3072 -10240 2048 ) (3072 -10240 1024 ) (4096 -10240 1024 ) (4096 -10240 2048 ) 
4 886 887 0 (4096 -10240 1024 ) (3072 -10240 1024 ) (3072 -9216 1024 ) (4096 -9216 1024 ) 
4 887 1017 0 (3072 -10240 0 ) (3072 -10240 1024 ) (3072 -9216 1024 ) (3072 -9216 0 ) 
4 887 892 0 (3072 -10240 1024 ) (3072 -10240 0 ) (4096 -10240 0 ) (4096 -10240 1024 ) 
4 887 888 0 (4096 -10240 0 ) (3072 -10240 0 ) (3072 -9216 0 ) (4096 -9216 0 ) 
4 888 1018 0 (3072 -10240 -1024 ) (3072 -10240 0 ) (3072 -9216 0 ) (3072 -9216 -1024 ) 
4 888 893 0 (3072 -10240 0 ) (3072 -10240 -1024 ) (4096 -10240 -1024 ) (4096 -10240 0 ) 
4 888 889 0 (4096 -10240 -1024 ) (3072 -10240 -1024 ) (3072 -9216 -1024 ) (4096 -9216 -1024 ) 
4 889 1019 0 (3072 -10240 -1440 ) (3072 -10240 -1024 ) (3072 -9216 -1024 ) (3072 -9216 -1440 ) 
4 889 894 0 (3072 -10240 -1024 ) (3072 -10240 -1440 ) (4096 -10240 -1440 ) (4096 -10240 -1024 ) 
4 890 1020 0 (3072 -11264 2048 ) (3072 -11264 2240 ) (3072 -10240 2240 ) (3072 -10240 2048 ) 
4 890 895 0 (3072 -11264 2240 ) (3072 -11264 2048 ) (4096 -11264 2048 ) (4096 -11264 2240 ) 
4 890 891 0 (4096 -11264 2048 ) (3072 -11264 2048 ) (3072 -10240 2048 ) (4096 -10240 2048 ) 
4 891 1021 0 (3072 -11264 1024 ) (3072 -11264 2048 ) (3072 -10240 2048 ) (3072 -10240 1024 ) 
4 891 896 0 (3072 -11264 2048 ) (3072 -11264 1024 ) (4096 -11264 1024 ) (4096 -11264 2048 ) 
4 891 892 0 (4096 -11264 1024 ) (3072 -11264 1024 ) (3072 -10240 1024 ) (4096 -10240 1024 ) 
4 892 1022 0 (3072 -11264 0 ) (3072 -11264 1024 ) (3072 -10240 1024 ) (3072 -10240 0 ) 
4 892 897 0 (3072 -11264 1024 ) (3072 -11264 0 ) (4096 -11264 0 ) (4096 -11264 1024 ) 
4 892 893 0 (4096 -11264 0 ) (3072 -11264 0 ) (3072 -10240 0 ) (4096 -10240 0 ) 
4 893 1023 0 (3072 -11264 -1024 ) (3072 -11264 0 ) (3072 -10240 0 ) (3072 -10240 -1024 ) 
4 893 898 0 (3072 -11264 0 ) (3072 -11264 -1024 ) (4096 -11264 -1024 ) (4096 -11264 0 ) 
4 893 894 0 (4096 -11264 -1024 ) (3072 -11264 -1024 ) (3072 -10240 -1024 ) (4096 -10240 -1024 ) 
4 894 1024 0 (3072 -11264 -1440 ) (3072 -11264 -1024 ) (3072 -10240 -1024 ) (3072 -10240 -1440 ) 
4 894 899 0 (3072 -11264 -1024 ) (3072 -11264 -1440 ) (4096 -11264 -1440 ) (4096 -11264 -1024 ) 
4 895 1025 0 (3072 -12288 2048 ) (3072 -12288 2240 ) (3072 -11264 2240 ) (3072 -11264 2048 ) 
4 895 900 0 (3072 -12288 2240 ) (3072 -12288 2048 ) (4096 -12288 2048 ) (4096 -12288 2240 ) 
4 895 896 0 (4096 -12288 2048 ) (3072 -12288 2048 ) (3072 -11264 2048 ) (4096 -11264 2048 ) 
4 896 1026 0 (3072 -12288 1024 ) (3072 -12288 2048 ) (3072 -11264 2048 ) (3072 -11264 1024 ) 
4 896 901 0 (3072 -12288 2048 ) (3072 -12288 1024 ) (4096 -12288 1024 ) (4096 -12288 2048 ) 
4 896 897 0 (4096 -12288 1024 ) (3072 -12288 1024 ) (3072 -11264 1024 ) (4096 -11264 1024 ) 
4 897 1027 0 (3072 -12288 0 ) (3072 -12288 1024 ) (3072 -11264 1024 ) (3072 -11264 0 ) 
4 897 902 0 (3072 -12288 1024 ) (3072 -12288 0 ) (4096 -12288 0 ) (4096 -12288 1024 ) 
4 897 898 0 (4096 -12288 0 ) (3072 -12288 0 ) (3072 -11264 0 ) (4096 -11264 0 ) 
4 898 1028 0 (3072 -12288 -1024 ) (3072 -12288 0 ) (3072 -11264 0 ) (3072 -11264 -1024 ) 
4 898 903 0 (3072 -12288 0 ) (3072 -12288 -1024 ) (4096 -12288 -1024 ) (4096 -12288 0 ) 
4 898 899 0 (4096 -12288 -1024 ) (3072 -12288 -1024 ) (3072 -11264 -1024 ) (4096 -11264 -1024 ) 
4 899 1029 0 (3072 -12288 -1440 ) (3072 -12288 -1024 ) (3072 -11264 -1024 ) (3072 -11264 -1440 ) 
4 899 904 0 (3072 -12288 -1024 ) (3072 -12288 -1440 ) (4096 -12288 -1440 ) (4096 -12288 -1024 ) 
4 900 1030 0 (3072 -13312 2048 ) (3072 -13312 2240 ) (3072 -12288 2240 ) (3072 -12288 2048 ) 
4 900 905 0 (3072 -13312 2240 ) (3072 -13312 2048 ) (4096 -13312 2048 ) (4096 -13312 2240 ) 
4 900 901 0 (4096 -13312 2048 ) (3072 -13312 2048 ) (3072 -12288 2048 ) (4096 -12288 2048 ) 
4 901 1031 0 (3072 -13312 1024 ) (3072 -13312 2048 ) (3072 -12288 2048 ) (3072 -12288 1024 ) 
4 901 906 0 (3072 -13312 2048 ) (3072 -13312 1024 ) (4096 -13312 1024 ) (4096 -13312 2048 ) 
4 901 902 0 (4096 -13312 1024 ) (3072 -13312 1024 ) (3072 -12288 1024 ) (4096 -12288 1024 ) 
4 902 1032 0 (3072 -13312 0 ) (3072 -13312 1024 ) (3072 -12288 1024 ) (3072 -12288 0 ) 
4 902 907 0 (3072 -13312 1024 ) (3072 -13312 0 ) (4096 -13312 0 ) (4096 -13312 1024 ) 
4 902 903 0 (4096 -13312 0 ) (3072 -13312 0 ) (3072 -12288 0 ) (4096 -12288 0 ) 
4 903 1033 0 (3072 -13312 -1024 ) (3072 -13312 0 ) (3072 -12288 0 ) (3072 -12288 -1024 ) 
4 903 908 0 (3072 -13312 0 ) (3072 -13312 -1024 ) (4096 -13312 -1024 ) (4096 -13312 0 ) 
4 903 904 0 (4096 -13312 -1024 ) (3072 -13312 -1024 ) (3072 -12288 -1024 ) (4096 -12288 -1024 ) 
4 904 1034 0 (3072 -13312 -1440 ) (3072 -13312 -1024 ) (3072 -12288 -1024 ) (3072 -12288 -1440 ) 
4 904 909 0 (3072 -13312 -1024 ) (3072 -13312 -1440 ) (4096 -13312 -1440 ) (4096 -13312 -1024 ) 
4 905 1035 0 (3072 -13312 2240 ) (3072 -13312 2048 ) (3072 -13408 2048 ) (3072 -13408 2240 ) 
4 905 906 0 (3072 -13408 2048 ) (3072 -13312 2048 ) (4096 -13312 2048 ) (4096 -13408 2048 ) 
4 906 1036 0 (3072 -13408 2048 ) (3072 -13312 2048 ) (3072 -13312 1024 ) (3072 -13408 1024 ) 
4 906 907 0 (3072 -13408 1024 ) (3072 -13312 1024 ) (4096 -13312 1024 ) (4096 -13408 1024 ) 
4 907 1037 0 (3072 -13408 1024 ) (3072 -13312 1024 ) (3072 -13312 0 ) (3072 -13408 0 ) 
4 907 908 0 (3072 -13408 0 ) (3072 -13312 0 ) (4096 -13312 0 ) (4096 -13408 0 ) 
4 908 1038 0 (3072 -13408 0 ) (3072 -13312 0 ) (3072 -13312 -1024 ) (3072 -13408 -1024 ) 
4 908 909 0 (3072 -13408 -1024 ) (3072 -13312 -1024 ) (4096 -13312 -1024 ) (4096 -13408 -1024 ) 
4 909 1039 0 (3072 -13408 -1440 ) (3072 -13408 -1024 ) (3072 -13312 -1024 ) (3072 -13312 -1440 ) 
4 910 1040 0 (2048 11312 2048 ) (2048 11264 2048 ) (2048 11264 2240 ) (2048 11312 2240 ) 
4 910 915 0 (2048 11264 2240 ) (2048 11264 2048 ) (3072 11264 2048 ) (3072 11264 2240 ) 
4 910 911 0 (3072 11264 2048 ) (2048 11264 2048 ) (2048 11312 2048 ) (3072 11312 2048 ) 
4 911 1041 0 (2048 11312 1024 ) (2048 11264 1024 ) (2048 11264 2048 ) (2048 11312 2048 ) 
4 911 916 0 (2048 11264 2048 ) (2048 11264 1024 ) (3072 11264 1024 ) (3072 11264 2048 ) 
4 911 912 0 (3072 11264 1024 ) (2048 11264 1024 ) (2048 11312 1024 ) (3072 11312 1024 ) 
4 912 1042 0 (2048 11312 0 ) (2048 11264 0 ) (2048 11264 1024 ) (2048 11312 1024 ) 
4 912 917 0 (2048 11264 1024 ) (2048 11264 0 ) (3072 11264 0 ) (3072 11264 1024 ) 
4 912 913 0 (3072 11264 0 ) (2048 11264 0 ) (2048 11312 0 ) (3072 11312 0 ) 
4 913 1043 0 (2048 11312 -1024 ) (2048 11264 -1024 ) (2048 11264 0 ) (2048 11312 0 ) 
4 913 918 0 (2048 11264 0 ) (2048 11264 -1024 ) (3072 11264 -1024 ) (3072 11264 0 ) 
4 913 914 0 (3072 11264 -1024 ) (2048 11264 -1024 ) (2048 11312 -1024 ) (3072 11312 -1024 ) 
4 914 1044 0 (2048 11312 -1440 ) (2048 11264 -1440 ) (2048 11264 -1024 ) (2048 11312 -1024 ) 
4 914 919 0 (2048 11264 -1024 ) (2048 11264 -1440 ) (3072 11264 -1440 ) (3072 11264 -1024 ) 
4 915 1045 0 (2048 10240 2048 ) (2048 10240 2240 ) (2048 11264 2240 ) (2048 11264 2048 ) 
4 915 920 0 (2048 10240 2240 ) (2048 10240 2048 ) (3072 10240 2048 ) (3072 10240 2240 ) 
4 915 916 0 (3072 10240 2048 ) (2048 10240 2048 ) (2048 11264 2048 ) (3072 11264 2048 ) 
4 916 1046 0 (2048 10240 1024 ) (2048 10240 2048 ) (2048 11264 2048 ) (2048 11264 1024 ) 
4 916 921 0 (2048 10240 2048 ) (2048 10240 1024 ) (3072 10240 1024 ) (3072 10240 2048 ) 
4 916 917 0 (3072 10240 1024 ) (2048 10240 1024 ) (2048 11264 1024 ) (3072 11264 1024 ) 
4 917 1047 0 (2048 10240 0 ) (2048 10240 1024 ) (2048 11264 1024 ) (2048 11264 0 ) 
4 917 922 0 (2048 10240 1024 ) (2048 10240 0 ) (3072 10240 0 ) (3072 10240 1024 ) 
4 917 918 0 (3072 10240 0 ) (2048 10240 0 ) (2048 11264 0 ) (3072 11264 0 ) 
4 918 1048 0 (2048 10240 -1024 ) (2048 10240 0 ) (2048 11264 0 ) (2048 11264 -1024 ) 
4 918 923 0 (2048 10240 0 ) (2048 10240 -1024 ) (3072 10240 -1024 ) (3072 10240 0 ) 
4 918 919 0 (3072 10240 -1024 ) (2048 10240 -1024 ) (2048 11264 -1024 ) (3072 11264 -1024 ) 
4 919 1049 0 (2048 10240 -1440 ) (2048 10240 -1024 ) (2048 11264 -1024 ) (2048 11264 -1440 ) 
4 919 924 0 (2048 10240 -1024 ) (2048 10240 -1440 ) (3072 10240 -1440 ) (3072 10240 -1024 ) 
4 920 1050 0 (2048 9216 2048 ) (2048 9216 2240 ) (2048 10240 2240 ) (2048 10240 2048 ) 
4 920 925 0 (2048 9216 2240 ) (2048 9216 2048 ) (3072 9216 2048 ) (3072 9216 2240 ) 
4 920 921 0 (3072 9216 2048 ) (2048 9216 2048 ) (2048 10240 2048 ) (3072 10240 2048 ) 
4 921 1051 0 (2048 9216 1024 ) (2048 9216 2048 ) (2048 10240 2048 ) (2048 10240 1024 ) 
4 921 926 0 (2048 9216 2048 ) (2048 9216 1024 ) (3072 9216 1024 ) (3072 9216 2048 ) 
4 921 922 0 (3072 9216 1024 ) (2048 9216 1024 ) (2048 10240 1024 ) (3072 10240 1024 ) 
4 922 1052 0 (2048 9216 0 ) (2048 9216 1024 ) (2048 10240 1024 ) (2048 10240 0 ) 
4 922 927 0 (2048 9216 1024 ) (2048 9216 0 ) (3072 9216 0 ) (3072 9216 1024 ) 
4 922 923 0 (3072 9216 0 ) (2048 9216 0 ) (2048 10240 0 ) (3072 10240 0 ) 
4 923 1053 0 (2048 9216 -1024 ) (2048 9216 0 ) (2048 10240 0 ) (2048 10240 -1024 ) 
4 923 928 0 (2048 9216 0 ) (2048 9216 -1024 ) (3072 9216 -1024 ) (3072 9216 0 ) 
4 923 924 0 (3072 9216 -1024 ) (2048 9216 -1024 ) (2048 10240 -1024 ) (3072 10240 -1024 ) 
4 924 1054 0 (2048 9216 -1440 ) (2048 9216 -1024 ) (2048 10240 -1024 ) (2048 10240 -1440 ) 
4 924 929 0 (2048 9216 -1024 ) (2048 9216 -1440 ) (3072 9216 -1440 ) (3072 9216 -1024 ) 
4 925 1055 0 (2048 8192 2048 ) (2048 8192 2240 ) (2048 9216 2240 ) (2048 9216 2048 ) 
4 925 930 0 (2048 8192 2240 ) (2048 8192 2048 ) (3072 8192 2048 ) (3072 8192 2240 ) 
4 925 926 0 (3072 8192 2048 ) (2048 8192 2048 ) (2048 9216 2048 ) (3072 9216 2048 ) 
4 926 1056 0 (2048 8192 1024 ) (2048 8192 2048 ) (2048 9216 2048 ) (2048 9216 1024 ) 
4 926 931 0 (2048 8192 2048 ) (2048 8192 1024 ) (3072 8192 1024 ) (3072 8192 2048 ) 
4 926 927 0 (3072 8192 1024 ) (2048 8192 1024 ) (2048 9216 1024 ) (3072 9216 1024 ) 
4 927 1057 0 (2048 8192 0 ) (2048 8192 1024 ) (2048 9216 1024 ) (2048 9216 0 ) 
4 927 932 0 (2048 8192 1024 ) (2048 8192 0 ) (3072 8192 0 ) (3072 8192 1024 ) 
4 927 928 0 (3072 8192 0 ) (2048 8192 0 ) (2048 9216 0 ) (3072 9216 0 ) 
4 928 1058 0 (2048 8192 -1024 ) (2048 8192 0 ) (2048 9216 0 ) (2048 9216 -1024 ) 
4 928 933 0 (2048 8192 0 ) (2048 8192 -1024 ) (3072 8192 -1024 ) (3072 8192 0 ) 
4 928 929 0 (3072 8192 -1024 ) (2048 8192 -1024 ) (2048 9216 -1024 ) (3072 9216 -1024 ) 
4 929 1059 0 (2048 8192 -1440 ) (2048 8192 -1024 ) (2048 9216 -1024 ) (2048 9216 -1440 ) 
4 929 934 0 (2048 8192 -1024 ) (2048 8192 -1440 ) (3072 8192 -1440 ) (3072 8192 -1024 ) 
4 930 1060 0 (2048 7168 2048 ) (2048 7168 2240 ) (2048 8192 2240 ) (2048 8192 2048 ) 
4 930 935 0 (2048 7168 2240 ) (2048 7168 2048 ) (3072 7168 2048 ) (3072 7168 2240 ) 
4 930 931 0 (3072 7168 2048 ) (2048 7168 2048 ) (2048 8192 2048 ) (3072 8192 2048 ) 
4 931 1061 0 (2048 7168 1024 ) (2048 7168 2048 ) (2048 8192 2048 ) (2048 8192 1024 ) 
4 931 936 0 (2048 7168 2048 ) (2048 7168 1024 ) (3072 7168 1024 ) (3072 7168 2048 ) 
4 931 932 0 (3072 7168 1024 ) (2048 7168 1024 ) (2048 8192 1024 ) (3072 8192 1024 ) 
4 932 1062 0 (2048 7168 0 ) (2048 7168 1024 ) (2048 8192 1024 ) (2048 8192 0 ) 
4 932 937 0 (2048 7168 1024 ) (2048 7168 0 ) (3072 7168 0 ) (3072 7168 1024 ) 
4 932 933 0 (3072 7168 0 ) (2048 7168 0 ) (2048 8192 0 ) (3072 8192 0 ) 
4 933 1063 0 (2048 7168 -1024 ) (2048 7168 0 ) (2048 8192 0 ) (2048 8192 -1024 ) 
4 933 938 0 (2048 7168 0 ) (2048 7168 -1024 ) (3072 7168 -1024 ) (3072 7168 0 ) 
4 933 934 0 (3072 7168 -1024 ) (2048 7168 -1024 ) (2048 8192 -1024 ) (3072 8192 -1024 ) 
4 934 1064 0 (2048 7168 -1440 ) (2048 7168 -1024 ) (2048 8192 -1024 ) (2048 8192 -1440 ) 
4 934 939 0 (2048 7168 -1024 ) (2048 7168 -1440 ) (3072 7168 -1440 ) (3072 7168 -1024 ) 
4 935 1065 0 (2048 6144 2048 ) (2048 6144 2240 ) (2048 7168 2240 ) (2048 7168 2048 ) 
4 935 940 0 (2048 6144 2240 ) (2048 6144 2048 ) (3072 6144 2048 ) (3072 6144 2240 ) 
4 935 936 0 (3072 6144 2048 ) (2048 6144 2048 ) (2048 7168 2048 ) (3072 7168 2048 ) 
4 936 1066 0 (2048 6144 1024 ) (2048 6144 2048 ) (2048 7168 2048 ) (2048 7168 1024 ) 
4 936 941 0 (2048 6144 2048 ) (2048 6144 1024 ) (3072 6144 1024 ) (3072 6144 2048 ) 
4 936 937 0 (3072 6144 1024 ) (2048 6144 1024 ) (2048 7168 1024 ) (3072 7168 1024 ) 
4 937 1067 0 (2048 6144 0 ) (2048 6144 1024 ) (2048 7168 1024 ) (2048 7168 0 ) 
4 937 942 0 (2048 6144 1024 ) (2048 6144 0 ) (3072 6144 0 ) (3072 6144 1024 ) 
4 937 938 0 (3072 6144 0 ) (2048 6144 0 ) (2048 7168 0 ) (3072 7168 0 ) 
4 938 1068 0 (2048 6144 -1024 ) (2048 6144 0 ) (2048 7168 0 ) (2048 7168 -1024 ) 
4 938 943 0 (2048 6144 0 ) (2048 6144 -1024 ) (3072 6144 -1024 ) (3072 6144 0 ) 
4 938 939 0 (3072 6144 -1024 ) (2048 6144 -1024 ) (2048 7168 -1024 ) (3072 7168 -1024 ) 
4 939 1069 0 (2048 6144 -1440 ) (2048 6144 -1024 ) (2048 7168 -1024 ) (2048 7168 -1440 ) 
4 939 944 0 (2048 6144 -1024 ) (2048 6144 -1440 ) (3072 6144 -1440 ) (3072 6144 -1024 ) 
4 940 1070 0 (2048 5120 2048 ) (2048 5120 2240 ) (2048 6144 2240 ) (2048 6144 2048 ) 
4 940 945 0 (2048 5120 2240 ) (2048 5120 2048 ) (3072 5120 2048 ) (3072 5120 2240 ) 
4 940 941 0 (3072 5120 2048 ) (2048 5120 2048 ) (2048 6144 2048 ) (3072 6144 2048 ) 
4 941 1071 0 (2048 5120 1024 ) (2048 5120 2048 ) (2048 6144 2048 ) (2048 6144 1024 ) 
4 941 946 0 (2048 5120 2048 ) (2048 5120 1024 ) (3072 5120 1024 ) (3072 5120 2048 ) 
4 941 942 0 (3072 5120 1024 ) (2048 5120 1024 ) (2048 6144 1024 ) (3072 6144 1024 ) 
4 942 1072 0 (2048 5120 0 ) (2048 5120 1024 ) (2048 6144 1024 ) (2048 6144 0 ) 
4 942 947 0 (2048 5120 1024 ) (2048 5120 0 ) (3072 5120 0 ) (3072 5120 1024 ) 
4 942 943 0 (3072 5120 0 ) (2048 5120 0 ) (2048 6144 0 ) (3072 6144 0 ) 
4 943 1073 0 (2048 5120 -1024 ) (2048 5120 0 ) (2048 6144 0 ) (2048 6144 -1024 ) 
4 943 948 0 (2048 5120 0 ) (2048 5120 -1024 ) (3072 5120 -1024 ) (3072 5120 0 ) 
4 943 944 0 (3072 5120 -1024 ) (2048 5120 -1024 ) (2048 6144 -1024 ) (3072 6144 -1024 ) 
4 944 1074 0 (2048 5120 -1440 ) (2048 5120 -1024 ) (2048 6144 -1024 ) (2048 6144 -1440 ) 
4 944 949 0 (2048 5120 -1024 ) (2048 5120 -1440 ) (3072 5120 -1440 ) (3072 5120 -1024 ) 
4 945 1075 0 (2048 4096 2048 ) (2048 4096 2240 ) (2048 5120 2240 ) (2048 5120 2048 ) 
4 945 950 0 (2048 4096 2240 ) (2048 4096 2048 ) (3072 4096 2048 ) (3072 4096 2240 ) 
4 945 946 0 (3072 4096 2048 ) (2048 4096 2048 ) (2048 5120 2048 ) (3072 5120 2048 ) 
4 946 1076 0 (2048 4096 1024 ) (2048 4096 2048 ) (2048 5120 2048 ) (2048 5120 1024 ) 
4 946 951 0 (2048 4096 2048 ) (2048 4096 1024 ) (3072 4096 1024 ) (3072 4096 2048 ) 
4 946 947 0 (3072 4096 1024 ) (2048 4096 1024 ) (2048 5120 1024 ) (3072 5120 1024 ) 
4 947 1077 0 (2048 4096 0 ) (2048 4096 1024 ) (2048 5120 1024 ) (2048 5120 0 ) 
4 947 952 0 (2048 4096 1024 ) (2048 4096 0 ) (3072 4096 0 ) (3072 4096 1024 ) 
4 947 948 0 (3072 4096 0 ) (2048 4096 0 ) (2048 5120 0 ) (3072 5120 0 ) 
4 948 1078 0 (2048 4096 -1024 ) (2048 4096 0 ) (2048 5120 0 ) (2048 5120 -1024 ) 
4 948 953 0 (2048 4096 0 ) (2048 4096 -1024 ) (3072 4096 -1024 ) (3072 4096 0 ) 
4 948 949 0 (3072 4096 -1024 ) (2048 4096 -1024 ) (2048 5120 -1024 ) (3072 5120 -1024 ) 
4 949 1079 0 (2048 4096 -1440 ) (2048 4096 -1024 ) (2048 5120 -1024 ) (2048 5120 -1440 ) 
4 949 954 0 (2048 4096 -1024 ) (2048 4096 -1440 ) (3072 4096 -1440 ) (3072 4096 -1024 ) 
4 950 1080 0 (2048 3072 2048 ) (2048 3072 2240 ) (2048 4096 2240 ) (2048 4096 2048 ) 
4 950 955 0 (2048 3072 2240 ) (2048 3072 2048 ) (3072 3072 2048 ) (3072 3072 2240 ) 
4 950 951 0 (3072 3072 2048 ) (2048 3072 2048 ) (2048 4096 2048 ) (3072 4096 2048 ) 
4 951 1081 0 (2048 3072 1024 ) (2048 3072 2048 ) (2048 4096 2048 ) (2048 4096 1024 ) 
4 951 956 0 (2048 3072 2048 ) (2048 3072 1024 ) (3072 3072 1024 ) (3072 3072 2048 ) 
4 951 952 0 (3072 3072 1024 ) (2048 3072 1024 ) (2048 4096 1024 ) (3072 4096 1024 ) 
4 952 1082 0 (2048 3072 0 ) (2048 3072 1024 ) (2048 4096 1024 ) (2048 4096 0 ) 
4 952 957 0 (2048 3072 1024 ) (2048 3072 0 ) (3072 3072 0 ) (3072 3072 1024 ) 
4 952 953 0 (3072 3072 0 ) (2048 3072 0 ) (2048 4096 0 ) (3072 4096 0 ) 
4 953 1083 0 (2048 3072 -1024 ) (2048 3072 0 ) (2048 4096 0 ) (2048 4096 -1024 ) 
4 953 958 0 (2048 3072 0 ) (2048 3072 -1024 ) (3072 3072 -1024 ) (3072 3072 0 ) 
4 953 954 0 (3072 3072 -1024 ) (2048 3072 -1024 ) (2048 4096 -1024 ) (3072 4096 -1024 ) 
4 954 1084 0 (2048 3072 -1440 ) (2048 3072 -1024 ) (2048 4096 -1024 ) (2048 4096 -1440 ) 
4 954 959 0 (2048 3072 -1024 ) (2048 3072 -1440 ) (3072 3072 -1440 ) (3072 3072 -1024 ) 
4 955 1085 0 (2048 2048 2048 ) (2048 2048 2240 ) (2048 3072 2240 ) (2048 3072 2048 ) 
4 955 960 0 (2048 2048 2240 ) (2048 2048 2048 ) (3072 2048 2048 ) (3072 2048 2240 ) 
4 955 956 0 (3072 2048 2048 ) (2048 2048 2048 ) (2048 3072 2048 ) (3072 3072 2048 ) 
4 956 1086 0 (2048 2048 1024 ) (2048 2048 2048 ) (2048 3072 2048 ) (2048 3072 1024 ) 
4 956 961 0 (2048 2048 2048 ) (2048 2048 1024 ) (3072 2048 1024 ) (3072 2048 2048 ) 
4 956 957 0 (3072 2048 1024 ) (2048 2048 1024 ) (2048 3072 1024 ) (3072 3072 1024 ) 
4 957 1087 0 (2048 2048 0 ) (2048 2048 1024 ) (2048 3072 1024 ) (2048 3072 0 ) 
4 957 962 0 (2048 2048 1024 ) (2048 2048 0 ) (3072 2048 0 ) (3072 2048 1024 ) 
4 957 958 0 (3072 2048 0 ) (2048 2048 0 ) (2048 3072 0 ) (3072 3072 0 ) 
4 958 1088 0 (2048 2048 -1024 ) (2048 2048 0 ) (2048 3072 0 ) (2048 3072 -1024 ) 
4 958 963 0 (2048 2048 0 ) (2048 2048 -1024 ) (3072 2048 -1024 ) (3072 2048 0 ) 
4 958 959 0 (3072 2048 -1024 ) (2048 2048 -1024 ) (2048 3072 -1024 ) (3072 3072 -1024 ) 
4 959 1089 0 (2048 2048 -1440 ) (2048 2048 -1024 ) (2048 3072 -1024 ) (2048 3072 -1440 ) 
4 959 964 0 (2048 2048 -1024 ) (2048 2048 -1440 ) (3072 2048 -1440 ) (3072 2048 -1024 ) 
4 960 1090 0 (2048 1024 2048 ) (2048 1024 2240 ) (2048 2048 2240 ) (2048 2048 2048 ) 
4 960 965 0 (2048 1024 2240 ) (2048 1024 2048 ) (3072 1024 2048 ) (3072 1024 2240 ) 
4 960 961 0 (3072 1024 2048 ) (2048 1024 2048 ) (2048 2048 2048 ) (3072 2048 2048 ) 
4 961 1091 0 (2048 1024 1024 ) (2048 1024 2048 ) (2048 2048 2048 ) (2048 2048 1024 ) 
4 961 966 0 (2048 1024 2048 ) (2048 1024 1024 ) (3072 1024 1024 ) (3072 1024 2048 ) 
4 961 962 0 (3072 1024 1024 ) (2048 1024 1024 ) (2048 2048 1024 ) (3072 2048 1024 ) 
4 962 1092 0 (2048 1024 0 ) (2048 1024 1024 ) (2048 2048 1024 ) (2048 2048 0 ) 
4 962 967 0 (2048 1024 1024 ) (2048 1024 0 ) (3072 1024 0 ) (3072 1024 1024 ) 
4 962 963 0 (3072 1024 0 ) (2048 1024 0 ) (2048 2048 0 ) (3072 2048 0 ) 
4 963 1093 0 (2048 1024 -1024 ) (2048 1024 0 ) (2048 2048 0 ) (2048 2048 -1024 ) 
4 963 968 0 (2048 1024 0 ) (2048 1024 -1024 ) (3072 1024 -1024 ) (3072 1024 0 ) 
4 963 964 0 (3072 1024 -1024 ) (2048 1024 -1024 ) (2048 2048 -1024 ) (3072 2048 -1024 ) 
4 964 1094 0 (2048 1024 -1440 ) (2048 1024 -1024 ) (2048 2048 -1024 ) (2048 2048 -1440 ) 
4 964 969 0 (2048 1024 -1024 ) (2048 1024 -1440 ) (3072 1024 -1440 ) (3072 1024 -1024 ) 
4 965 1095 0 (2048 0 2048 ) (2048 0 2240 ) (2048 1024 2240 ) (2048 1024 2048 ) 
4 965 970 0 (2048 0 2240 ) (2048 0 2048 ) (3072 0 2048 ) (3072 0 2240 ) 
4 965 966 0 (3072 0 2048 ) (2048 0 2048 ) (2048 1024 2048 ) (3072 1024 2048 ) 
4 966 1096 0 (2048 0 1024 ) (2048 0 2048 ) (2048 1024 2048 ) (2048 1024 1024 ) 
4 966 971 0 (2048 0 2048 ) (2048 0 1024 ) (3072 0 1024 ) (3072 0 2048 ) 
4 966 967 0 (3072 0 1024 ) (2048 0 1024 ) (2048 1024 1024 ) (3072 1024 1024 ) 
4 967 1097 0 (2048 0 0 ) (2048 0 1024 ) (2048 1024 1024 ) (2048 1024 0 ) 
4 967 972 0 (2048 0 1024 ) (2048 0 0 ) (3072 0 0 ) (3072 0 1024 ) 
4 967 968 0 (3072 0 0 ) (2048 0 0 ) (2048 1024 0 ) (3072 1024 0 ) 
4 968 1098 0 (2048 0 -1024 ) (2048 0 0 ) (2048 1024 0 ) (2048 1024 -1024 ) 
4 968 973 0 (2048 0 0 ) (2048 0 -1024 ) (3072 0 -1024 ) (3072 0 0 ) 
4 968 969 0 (3072 0 -1024 ) (2048 0 -1024 ) (2048 1024 -1024 ) (3072 1024 -1024 ) 
4 969 1099 0 (2048 0 -1440 ) (2048 0 -1024 ) (2048 1024 -1024 ) (2048 1024 -1440 ) 
4 969 974 0 (2048 0 -1024 ) (2048 0 -1440 ) (3072 0 -1440 ) (3072 0 -1024 ) 
4 970 1100 0 (2048 -1024 2048 ) (2048 -1024 2240 ) (2048 0 2240 ) (2048 0 2048 ) 
4 970 975 0 (2048 -1024 2240 ) (2048 -1024 2048 ) (3072 -1024 2048 ) (3072 -1024 2240 ) 
4 970 971 0 (3072 -1024 2048 ) (2048 -1024 2048 ) (2048 0 2048 ) (3072 0 2048 ) 
4 971 1101 0 (2048 -1024 1024 ) (2048 -1024 2048 ) (2048 0 2048 ) (2048 0 1024 ) 
4 971 976 0 (2048 -1024 2048 ) (2048 -1024 1024 ) (3072 -1024 1024 ) (3072 -1024 2048 ) 
4 971 972 0 (3072 -1024 1024 ) (2048 -1024 1024 ) (2048 0 1024 ) (3072 0 1024 ) 
4 972 1102 0 (2048 -1024 0 ) (2048 -1024 1024 ) (2048 0 1024 ) (2048 0 0 ) 
4 972 977 0 (2048 -1024 1024 ) (2048 -1024 0 ) (3072 -1024 0 ) (3072 -1024 1024 ) 
4 972 973 0 (3072 -1024 0 ) (2048 -1024 0 ) (2048 0 0 ) (3072 0 0 ) 
4 973 1103 0 (2048 -1024 -1024 ) (2048 -1024 0 ) (2048 0 0 ) (2048 0 -1024 ) 
4 973 978 0 (2048 -1024 0 ) (2048 -1024 -1024 ) (3072 -1024 -1024 ) (3072 -1024 0 ) 
4 973 974 0 (3072 -1024 -1024 ) (2048 -1024 -1024 ) (2048 0 -1024 ) (3072 0 -1024 ) 
4 974 1104 0 (2048 -1024 -1440 ) (2048 -1024 -1024 ) (2048 0 -1024 ) (2048 0 -1440 ) 
4 974 979 0 (2048 -1024 -1024 ) (2048 -1024 -1440 ) (3072 -1024 -1440 ) (3072 -1024 -1024 ) 
4 975 1105 0 (2048 -2048 2048 ) (2048 -2048 2240 ) (2048 -1024 2240 ) (2048 -1024 2048 ) 
4 975 980 0 (2048 -2048 2240 ) (2048 -2048 2048 ) (3072 -2048 2048 ) (3072 -2048 2240 ) 
4 975 976 0 (3072 -2048 2048 ) (2048 -2048 2048 ) (2048 -1024 2048 ) (3072 -1024 2048 ) 
4 976 1106 0 (2048 -2048 1024 ) (2048 -2048 2048 ) (2048 -1024 2048 ) (2048 -1024 1024 ) 
4 976 981 0 (2048 -2048 2048 ) (2048 -2048 1024 ) (3072 -2048 1024 ) (3072 -2048 2048 ) 
4 976 977 0 (3072 -2048 1024 ) (2048 -2048 1024 ) (2048 -1024 1024 ) (3072 -1024 1024 ) 
4 977 1107 0 (2048 -2048 0 ) (2048 -2048 1024 ) (2048 -1024 1024 ) (2048 -1024 0 ) 
4 977 982 0 (2048 -2048 1024 ) (2048 -2048 0 ) (3072 -2048 0 ) (3072 -2048 1024 ) 
4 977 978 0 (3072 -2048 0 ) (2048 -2048 0 ) (2048 -1024 0 ) (3072 -1024 0 ) 
4 978 1108 0 (2048 -2048 -1024 ) (2048 -2048 0 ) (2048 -1024 0 ) (2048 -1024 -1024 ) 
4 978 983 0 (2048 -2048 0 ) (2048 -2048 -1024 ) (3072 -2048 -1024 ) (3072 -2048 0 ) 
4 978 979 0 (3072 -2048 -1024 ) (2048 -2048 -1024 ) (2048 -1024 -1024 ) (3072 -1024 -1024 ) 
4 979 1109 0 (2048 -2048 -1440 ) (2048 -2048 -1024 ) (2048 -1024 -1024 ) (2048 -1024 -1440 ) 
4 979 984 0 (2048 -2048 -1024 ) (2048 -2048 -1440 ) (3072 -2048 -1440 ) (3072 -2048 -1024 ) 
4 980 1110 0 (2048 -3072 2048 ) (2048 -3072 2240 ) (2048 -2048 2240 ) (2048 -2048 2048 ) 
4 980 985 0 (2048 -3072 2240 ) (2048 -3072 2048 ) (3072 -3072 2048 ) (3072 -3072 2240 ) 
4 980 981 0 (3072 -3072 2048 ) (2048 -3072 2048 ) (2048 -2048 2048 ) (3072 -2048 2048 ) 
4 981 1111 0 (2048 -3072 1024 ) (2048 -3072 2048 ) (2048 -2048 2048 ) (2048 -2048 1024 ) 
4 981 986 0 (2048 -3072 2048 ) (2048 -3072 1024 ) (3072 -3072 1024 ) (3072 -3072 2048 ) 
4 981 982 0 (3072 -3072 1024 ) (2048 -3072 1024 ) (2048 -2048 1024 ) (3072 -2048 1024 ) 
4 982 1112 0 (2048 -3072 0 ) (2048 -3072 1024 ) (2048 -2048 1024 ) (2048 -2048 0 ) 
4 982 987 0 (2048 -3072 1024 ) (2048 -3072 0 ) (3072 -3072 0 ) (3072 -3072 1024 ) 
4 982 983 0 (3072 -3072 0 ) (2048 -3072 0 ) (2048 -2048 0 ) (3072 -2048 0 ) 
4 983 1113 0 (2048 -3072 -1024 ) (2048 -3072 0 ) (2048 -2048 0 ) (2048 -2048 -1024 ) 
4 983 988 0 (2048 -3072 0 ) (2048 -3072 -1024 ) (3072 -3072 -1024 ) (3072 -3072 0 ) 
4 983 984 0 (3072 -3072 -1024 ) (2048 -3072 -1024 ) (2048 -2048 -1024 ) (3072 -2048 -1024 ) 
4 984 1114 0 (2048 -3072 -1440 ) (2048 -3072 -1024 ) (2048 -2048 -1024 ) (2048 -2048 -1440 ) 
4 984 989 0 (2048 -3072 -1024 ) (2048 -3072 -1440 ) (3072 -3072 -1440 ) (3072 -3072 -1024 ) 
4 985 1115 0 (2048 -4096 2048 ) (2048 -4096 2240 ) (2048 -3072 2240 ) (2048 -3072 2048 ) 
4 985 990 0 (2048 -4096 2240 ) (2048 -4096 2048 ) (3072 -4096 2048 ) (3072 -4096 2240 ) 
4 985 986 0 (3072 -4096 2048 ) (2048 -4096 2048 ) (2048 -3072 2048 ) (3072 -3072 2048 ) 
4 986 1116 0 (2048 -4096 1024 ) (2048 -4096 2048 ) (2048 -3072 2048 ) (2048 -3072 1024 ) 
4 986 991 0 (2048 -4096 2048 ) (2048 -4096 1024 ) (3072 -4096 1024 ) (3072 -4096 2048 ) 
4 986 987 0 (3072 -4096 1024 ) (2048 -4096 1024 ) (2048 -3072 1024 ) (3072 -3072 1024 ) 
4 987 1117 0 (2048 -4096 0 ) (2048 -4096 1024 ) (2048 -3072 1024 ) (2048 -3072 0 ) 
4 987 992 0 (2048 -4096 1024 ) (2048 -4096 0 ) (3072 -4096 0 ) (3072 -4096 1024 ) 
4 987 988 0 (3072 -4096 0 ) (2048 -4096 0 ) (2048 -3072 0 ) (3072 -3072 0 ) 
4 988 1118 0 (2048 -4096 -1024 ) (2048 -4096 0 ) (2048 -3072 0 ) (2048 -3072 -1024 ) 
4 988 993 0 (2048 -4096 0 ) (2048 -4096 -1024 ) (3072 -4096 -1024 ) (3072 -4096 0 ) 
4 988 989 0 (3072 -4096 -1024 ) (2048 -4096 -1024 ) (2048 -3072 -1024 ) (3072 -3072 -1024 ) 
4 989 1119 0 (2048 -4096 -1440 ) (2048 -4096 -1024 ) (2048 -3072 -1024 ) (2048 -3072 -1440 ) 
4 989 994 0 (2048 -4096 -1024 ) (2048 -4096 -1440 ) (3072 -4096 -1440 ) (3072 -4096 -1024 ) 
4 990 1120 0 (2048 -5120 2048 ) (2048 -5120 2240 ) (2048 -4096 2240 ) (2048 -4096 2048 ) 
4 990 995 0 (2048 -5120 2240 ) (2048 -5120 2048 ) (3072 -5120 2048 ) (3072 -5120 2240 ) 
4 990 991 0 (3072 -5120 2048 ) (2048 -5120 2048 ) (2048 -4096 2048 ) (3072 -4096 2048 ) 
4 991 1121 0 (2048 -5120 1024 ) (2048 -5120 2048 ) (2048 -4096 2048 ) (2048 -4096 1024 ) 
4 991 996 0 (2048 -5120 2048 ) (2048 -5120 1024 ) (3072 -5120 1024 ) (3072 -5120 2048 ) 
4 991 992 0 (3072 -5120 1024 ) (2048 -5120 1024 ) (2048 -4096 1024 ) (3072 -4096 1024 ) 
4 992 1122 0 (2048 -5120 0 ) (2048 -5120 1024 ) (2048 -4096 1024 ) (2048 -4096 0 ) 
4 992 997 0 (2048 -5120 1024 ) (2048 -5120 0 ) (3072 -5120 0 ) (3072 -5120 1024 ) 
4 992 993 0 (3072 -5120 0 ) (2048 -5120 0 ) (2048 -4096 0 ) (3072 -4096 0 ) 
4 993 1123 0 (2048 -5120 -1024 ) (2048 -5120 0 ) (2048 -4096 0 ) (2048 -4096 -1024 ) 
4 993 998 0 (2048 -5120 0 ) (2048 -5120 -1024 ) (3072 -5120 -1024 ) (3072 -5120 0 ) 
4 993 994 0 (3072 -5120 -1024 ) (2048 -5120 -1024 ) (2048 -4096 -1024 ) (3072 -4096 -1024 ) 
4 994 1124 0 (2048 -5120 -1440 ) (2048 -5120 -1024 ) (2048 -4096 -1024 ) (2048 -4096 -1440 ) 
4 994 999 0 (2048 -5120 -1024 ) (2048 -5120 -1440 ) (3072 -5120 -1440 ) (3072 -5120 -1024 ) 
4 995 1125 0 (2048 -6144 2048 ) (2048 -6144 2240 ) (2048 -5120 2240 ) (2048 -5120 2048 ) 
4 995 1000 0 (2048 -6144 2240 ) (2048 -6144 2048 ) (3072 -6144 2048 ) (3072 -6144 2240 ) 
4 995 996 0 (3072 -6144 2048 ) (2048 -6144 2048 ) (2048 -5120 2048 ) (3072 -5120 2048 ) 
4 996 1126 0 (2048 -6144 1024 ) (2048 -6144 2048 ) (2048 -5120 2048 ) (2048 -5120 1024 ) 
4 996 1001 0 (2048 -6144 2048 ) (2048 -6144 1024 ) (3072 -6144 1024 ) (3072 -6144 2048 ) 
4 996 997 0 (3072 -6144 1024 ) (2048 -6144 1024 ) (2048 -5120 1024 ) (3072 -5120 1024 ) 
4 997 1127 0 (2048 -6144 0 ) (2048 -6144 1024 ) (2048 -5120 1024 ) (2048 -5120 0 ) 
4 997 1002 0 (2048 -6144 1024 ) (2048 -6144 0 ) (3072 -6144 0 ) (3072 -6144 1024 ) 
4 997 998 0 (3072 -6144 0 ) (2048 -6144 0 ) (2048 -5120 0 ) (3072 -5120 0 ) 
4 998 1128 0 (2048 -6144 -1024 ) (2048 -6144 0 ) (2048 -5120 0 ) (2048 -5120 -1024 ) 
4 998 1003 0 (2048 -6144 0 ) (2048 -6144 -1024 ) (3072 -6144 -1024 ) (3072 -6144 0 ) 
4 998 999 0 (3072 -6144 -1024 ) (2048 -6144 -1024 ) (2048 -5120 -1024 ) (3072 -5120 -1024 ) 
4 999 1129 0 (2048 -6144 -1440 ) (2048 -6144 -1024 ) (2048 -5120 -1024 ) (2048 -5120 -1440 ) 
4 999 1004 0 (2048 -6144 -1024 ) (2048 -6144 -1440 ) (3072 -6144 -1440 ) (3072 -6144 -1024 ) 
4 1000 1130 0 (2048 -7168 2048 ) (2048 -7168 2240 ) (2048 -6144 2240 ) (2048 -6144 2048 ) 
4 1000 1005 0 (2048 -7168 2240 ) (2048 -7168 2048 ) (3072 -7168 2048 ) (3072 -7168 2240 ) 
4 1000 1001 0 (3072 -7168 2048 ) (2048 -7168 2048 ) (2048 -6144 2048 ) (3072 -6144 2048 ) 
4 1001 1131 0 (2048 -7168 1024 ) (2048 -7168 2048 ) (2048 -6144 2048 ) (2048 -6144 1024 ) 
4 1001 1006 0 (2048 -7168 2048 ) (2048 -7168 1024 ) (3072 -7168 1024 ) (3072 -7168 2048 ) 
4 1001 1002 0 (3072 -7168 1024 ) (2048 -7168 1024 ) (2048 -6144 1024 ) (3072 -6144 1024 ) 
4 1002 1132 0 (2048 -7168 0 ) (2048 -7168 1024 ) (2048 -6144 1024 ) (2048 -6144 0 ) 
4 1002 1007 0 (2048 -7168 1024 ) (2048 -7168 0 ) (3072 -7168 0 ) (3072 -7168 1024 ) 
4 1002 1003 0 (3072 -7168 0 ) (2048 -7168 0 ) (2048 -6144 0 ) (3072 -6144 0 ) 
4 1003 1133 0 (2048 -7168 -1024 ) (2048 -7168 0 ) (2048 -6144 0 ) (2048 -6144 -1024 ) 
4 1003 1008 0 (2048 -7168 0 ) (2048 -7168 -1024 ) (3072 -7168 -1024 ) (3072 -7168 0 ) 
4 1003 1004 0 (3072 -7168 -1024 ) (2048 -7168 -1024 ) (2048 -6144 -1024 ) (3072 -6144 -1024 ) 
4 1004 1134 0 (2048 -7168 -1440 ) (2048 -7168 -1024 ) (2048 -6144 -1024 ) (2048 -6144 -1440 ) 
4 1004 1009 0 (2048 -7168 -1024 ) (2048 -7168 -1440 ) (3072 -7168 -1440 ) (3072 -7168 -1024 ) 
4 1005 1135 0 (2048 -8192 2048 ) (2048 -8192 2240 ) (2048 -7168 2240 ) (2048 -7168 2048 ) 
4 1005 1010 0 (2048 -8192 2240 ) (2048 -8192 2048 ) (3072 -8192 2048 ) (3072 -8192 2240 ) 
4 1005 1006 0 (3072 -8192 2048 ) (2048 -8192 2048 ) (2048 -7168 2048 ) (3072 -7168 2048 ) 
4 1006 1136 0 (2048 -8192 1024 ) (2048 -8192 2048 ) (2048 -7168 2048 ) (2048 -7168 1024 ) 
4 1006 1011 0 (2048 -8192 2048 ) (2048 -8192 1024 ) (3072 -8192 1024 ) (3072 -8192 2048 ) 
4 1006 1007 0 (3072 -8192 1024 ) (2048 -8192 1024 ) (2048 -7168 1024 ) (3072 -7168 1024 ) 
4 1007 1137 0 (2048 -8192 0 ) (2048 -8192 1024 ) (2048 -7168 1024 ) (2048 -7168 0 ) 
4 1007 1012 0 (2048 -8192 1024 ) (2048 -8192 0 ) (3072 -8192 0 ) (3072 -8192 1024 ) 
4 1007 1008 0 (3072 -8192 0 ) (2048 -8192 0 ) (2048 -7168 0 ) (3072 -7168 0 ) 
4 1008 1138 0 (2048 -8192 -1024 ) (2048 -8192 0 ) (2048 -7168 0 ) (2048 -7168 -1024 ) 
4 1008 1013 0 (2048 -8192 0 ) (2048 -8192 -1024 ) (3072 -8192 -1024 ) (3072 -8192 0 ) 
4 1008 1009 0 (3072 -8192 -1024 ) (2048 -8192 -1024 ) (2048 -7168 -1024 ) (3072 -7168 -1024 ) 
4 1009 1139 0 (2048 -8192 -1440 ) (2048 -8192 -1024 ) (2048 -7168 -1024 ) (2048 -7168 -1440 ) 
4 1009 1014 0 (2048 -8192 -1024 ) (2048 -8192 -1440 ) (3072 -8192 -1440 ) (3072 -8192 -1024 ) 
4 1010 1140 0 (2048 -9216 2048 ) (2048 -9216 2240 ) (2048 -8192 2240 ) (2048 -8192 2048 ) 
4 1010 1015 0 (2048 -9216 2240 ) (2048 -9216 2048 ) (3072 -9216 2048 ) (3072 -9216 2240 ) 
4 1010 1011 0 (3072 -9216 2048 ) (2048 -9216 2048 ) (2048 -8192 2048 ) (3072 -8192 2048 ) 
4 1011 1141 0 (2048 -9216 1024 ) (2048 -9216 2048 ) (2048 -8192 2048 ) (2048 -8192 1024 ) 
4 1011 1016 0 (2048 -9216 2048 ) (2048 -9216 1024 ) (3072 -9216 1024 ) (3072 -9216 2048 ) 
4 1011 1012 0 (3072 -9216 1024 ) (2048 -9216 1024 ) (2048 -8192 1024 ) (3072 -8192 1024 ) 
4 1012 1142 0 (2048 -9216 0 ) (2048 -9216 1024 ) (2048 -8192 1024 ) (2048 -8192 0 ) 
4 1012 1017 0 (2048 -9216 1024 ) (2048 -9216 0 ) (3072 -9216 0 ) (3072 -9216 1024 ) 
4 1012 1013 0 (3072 -9216 0 ) (2048 -9216 0 ) (2048 -8192 0 ) (3072 -8192 0 ) 
4 1013 1143 0 (2048 -9216 -1024 ) (2048 -9216 0 ) (2048 -8192 0 ) (2048 -8192 -1024 ) 
4 1013 1018 0 (2048 -9216 0 ) (2048 -9216 -1024 ) (3072 -9216 -1024 ) (3072 -9216 0 ) 
4 1013 1014 0 (3072 -9216 -1024 ) (2048 -9216 -1024 ) (2048 -8192 -1024 ) (3072 -8192 -1024 ) 
4 1014 1144 0 (2048 -9216 -1440 ) (2048 -9216 -1024 ) (2048 -8192 -1024 ) (2048 -8192 -1440 ) 
4 1014 1019 0 (2048 -9216 -1024 ) (2048 -9216 -1440 ) (3072 -9216 -1440 ) (3072 -9216 -1024 ) 
4 1015 1145 0 (2048 -10240 2048 ) (2048 -10240 2240 ) (2048 -9216 2240 ) (2048 -9216 2048 ) 
4 1015 1020 0 (2048 -10240 2240 ) (2048 -10240 2048 ) (3072 -10240 2048 ) (3072 -10240 2240 ) 
4 1015 1016 0 (3072 -10240 2048 ) (2048 -10240 2048 ) (2048 -9216 2048 ) (3072 -9216 2048 ) 
4 1016 1146 0 (2048 -10240 1024 ) (2048 -10240 2048 ) (2048 -9216 2048 ) (2048 -9216 1024 ) 
4 1016 1021 0 (2048 -10240 2048 ) (2048 -10240 1024 ) (3072 -10240 1024 ) (3072 -10240 2048 ) 
4 1016 1017 0 (3072 -10240 1024 ) (2048 -10240 1024 ) (2048 -9216 1024 ) (3072 -9216 1024 ) 
4 1017 1147 0 (2048 -10240 0 ) (2048 -10240 1024 ) (2048 -9216 1024 ) (2048 -9216 0 ) 
4 1017 1022 0 (2048 -10240 1024 ) (2048 -10240 0 ) (3072 -10240 0 ) (3072 -10240 1024 ) 
4 1017 1018 0 (3072 -10240 0 ) (2048 -10240 0 ) (2048 -9216 0 ) (3072 -9216 0 ) 
4 1018 1148 0 (2048 -10240 -1024 ) (2048 -10240 0 ) (2048 -9216 0 ) (2048 -9216 -1024 ) 
4 1018 1023 0 (2048 -10240 0 ) (2048 -10240 -1024 ) (3072 -10240 -1024 ) (3072 -10240 0 ) 
4 1018 1019 0 (3072 -10240 -1024 ) (2048 -10240 -1024 ) (2048 -9216 -1024 ) (3072 -9216 -1024 ) 
4 1019 1149 0 (2048 -10240 -1440 ) (2048 -10240 -1024 ) (2048 -9216 -1024 ) (2048 -9216 -1440 ) 
4 1019 1024 0 (2048 -10240 -1024 ) (2048 -10240 -1440 ) (3072 -10240 -1440 ) (3072 -10240 -1024 ) 
4 1020 1150 0 (2048 -11264 2048 ) (2048 -11264 2240 ) (2048 -10240 2240 ) (2048 -10240 2048 ) 
4 1020 1025 0 (2048 -11264 2240 ) (2048 -11264 2048 ) (3072 -11264 2048 ) (3072 -11264 2240 ) 
4 1020 1021 0 (3072 -11264 2048 ) (2048 -11264 2048 ) (2048 -10240 2048 ) (3072 -10240 2048 ) 
4 1021 1151 0 (2048 -11264 1024 ) (2048 -11264 2048 ) (2048 -10240 2048 ) (2048 -10240 1024 ) 
4 1021 1026 0 (2048 -11264 2048 ) (2048 -11264 1024 ) (3072 -11264 1024 ) (3072 -11264 2048 ) 
4 1021 1022 0 (3072 -11264 1024 ) (2048 -11264 1024 ) (2048 -10240 1024 ) (3072 -10240 1024 ) 
4 1022 1152 0 (2048 -11264 0 ) (2048 -11264 1024 ) (2048 -10240 1024 ) (2048 -10240 0 ) 
4 1022 1027 0 (2048 -11264 1024 ) (2048 -11264 0 ) (3072 -11264 0 ) (3072 -11264 1024 ) 
4 1022 1023 0 (3072 -11264 0 ) (2048 -11264 0 ) (2048 -10240 0 ) (3072 -10240 0 ) 
4 1023 1153 0 (2048 -11264 -1024 ) (2048 -11264 0 ) (2048 -10240 0 ) (2048 -10240 -1024 ) 
4 1023 1028 0 (2048 -11264 0 ) (2048 -11264 -1024 ) (3072 -11264 -1024 ) (3072 -11264 0 ) 
4 1023 1024 0 (3072 -11264 -1024 ) (2048 -11264 -1024 ) (2048 -10240 -1024 ) (3072 -10240 -1024 ) 
4 1024 1154 0 (2048 -11264 -1440 ) (2048 -11264 -1024 ) (2048 -10240 -1024 ) (2048 -10240 -1440 ) 
4 1024 1029 0 (2048 -11264 -1024 ) (2048 -11264 -1440 ) (3072 -11264 -1440 ) (3072 -11264 -1024 ) 
4 1025 1155 0 (2048 -12288 2048 ) (2048 -12288 2240 ) (2048 -11264 2240 ) (2048 -11264 2048 ) 
4 1025 1030 0 (2048 -12288 2240 ) (2048 -12288 2048 ) (3072 -12288 2048 ) (3072 -12288 2240 ) 
4 1025 1026 0 (3072 -12288 2048 ) (2048 -12288 2048 ) (2048 -11264 2048 ) (3072 -11264 2048 ) 
4 1026 1156 0 (2048 -12288 1024 ) (2048 -12288 2048 ) (2048 -11264 2048 ) (2048 -11264 1024 ) 
4 1026 1031 0 (2048 -12288 2048 ) (2048 -12288 1024 ) (3072 -12288 1024 ) (3072 -12288 2048 ) 
4 1026 1027 0 (3072 -12288 1024 ) (2048 -12288 1024 ) (2048 -11264 1024 ) (3072 -11264 1024 ) 
4 1027 1157 0 (2048 -12288 0 ) (2048 -12288 1024 ) (2048 -11264 1024 ) (2048 -11264 0 ) 
4 1027 1032 0 (2048 -12288 1024 ) (2048 -12288 0 ) (3072 -12288 0 ) (3072 -12288 1024 ) 
4 1027 1028 0 (3072 -12288 0 ) (2048 -12288 0 ) (2048 -11264 0 ) (3072 -11264 0 ) 
4 1028 1158 0 (2048 -12288 -1024 ) (2048 -12288 0 ) (2048 -11264 0 ) (2048 -11264 -1024 ) 
4 1028 1033 0 (2048 -12288 0 ) (2048 -12288 -1024 ) (3072 -12288 -1024 ) (3072 -12288 0 ) 
4 1028 1029 0 (3072 -12288 -1024 ) (2048 -12288 -1024 ) (2048 -11264 -1024 ) (3072 -11264 -1024 ) 
4 1029 1159 0 (2048 -12288 -1440 ) (2048 -12288 -1024 ) (2048 -11264 -1024 ) (2048 -11264 -1440 ) 
4 1029 1034 0 (2048 -12288 -1024 ) (2048 -12288 -1440 ) (3072 -12288 -1440 ) (3072 -12288 -1024 ) 
4 1030 1160 0 (2048 -13312 2048 ) (2048 -13312 2240 ) (2048 -12288 2240 ) (2048 -12288 2048 ) 
4 1030 1035 0 (2048 -13312 2240 ) (2048 -13312 2048 ) (3072 -13312 2048 ) (3072 -13312 2240 ) 
4 1030 1031 0 (3072 -13312 2048 ) (2048 -13312 2048 ) (2048 -12288 2048 ) (3072 -12288 2048 ) 
4 1031 1161 0 (2048 -13312 1024 ) (2048 -13312 2048 ) (2048 -12288 2048 ) (2048 -12288 1024 ) 
4 1031 1036 0 (2048 -13312 2048 ) (2048 -13312 1024 ) (3072 -13312 1024 ) (3072 -13312 2048 ) 
4 1031 1032 0 (3072 -13312 1024 ) (2048 -13312 1024 ) (2048 -12288 1024 ) (3072 -12288 1024 ) 
4 1032 1162 0 (2048 -13312 0 ) (2048 -13312 1024 ) (2048 -12288 1024 ) (2048 -12288 0 ) 
4 1032 1037 0 (2048 -13312 1024 ) (2048 -13312 0 ) (3072 -13312 0 ) (3072 -13312 1024 ) 
4 1032 1033 0 (3072 -13312 0 ) (2048 -13312 0 ) (2048 -12288 0 ) (3072 -12288 0 ) 
4 1033 1163 0 (2048 -13312 -1024 ) (2048 -13312 0 ) (2048 -12288 0 ) (2048 -12288 -1024 ) 
4 1033 1038 0 (2048 -13312 0 ) (2048 -13312 -1024 ) (3072 -13312 -1024 ) (3072 -13312 0 ) 
4 1033 1034 0 (3072 -13312 -1024 ) (2048 -13312 -1024 ) (2048 -12288 -1024 ) (3072 -12288 -1024 ) 
4 1034 1164 0 (2048 -13312 -1440 ) (2048 -13312 -1024 ) (2048 -12288 -1024 ) (2048 -12288 -1440 ) 
4 1034 1039 0 (2048 -13312 -1024 ) (2048 -13312 -1440 ) (3072 -13312 -1440 ) (3072 -13312 -1024 ) 
4 1035 1165 0 (2048 -13408 2240 ) (2048 -13312 2240 ) (2048 -13312 2048 ) (2048 -13408 2048 ) 
4 1035 1036 0 (2048 -13408 2048 ) (2048 -13312 2048 ) (3072 -13312 2048 ) (3072 -13408 2048 ) 
4 1036 1166 0 (2048 -13408 2048 ) (2048 -13312 2048 ) (2048 -13312 1024 ) (2048 -13408 1024 ) 
4 1036 1037 0 (2048 -13408 1024 ) (2048 -13312 1024 ) (3072 -13312 1024 ) (3072 -13408 1024 ) 
4 1037 1167 0 (2048 -13408 1024 ) (2048 -13312 1024 ) (2048 -13312 0 ) (2048 -13408 0 ) 
4 1037 1038 0 (2048 -13408 0 ) (2048 -13312 0 ) (3072 -13312 0 ) (3072 -13408 0 ) 
4 1038 1168 0 (2048 -13408 0 ) (2048 -13312 0 ) (2048 -13312 -1024 ) (2048 -13408 -1024 ) 
4 1038 1039 0 (2048 -13408 -1024 ) (2048 -13312 -1024 ) (3072 -13312 -1024 ) (3072 -13408 -1024 ) 
4 1039 1169 0 (2048 -13408 -1024 ) (2048 -13312 -1024 ) (2048 -13312 -1440 ) (2048 -13408 -1440 ) 
4 1040 1170 0 (1024 11264 2048 ) (1024 11264 2240 ) (1024 11312 2240 ) (1024 11312 2048 ) 
4 1040 1045 0 (1024 11264 2240 ) (1024 11264 2048 ) (2048 11264 2048 ) (2048 11264 2240 ) 
4 1040 1041 0 (2048 11264 2048 ) (1024 11264 2048 ) (1024 11312 2048 ) (2048 11312 2048 ) 
4 1041 1171 0 (1024 11264 1024 ) (1024 11264 2048 ) (1024 11312 2048 ) (1024 11312 1024 ) 
4 1041 1046 0 (1024 11264 2048 ) (1024 11264 1024 ) (2048 11264 1024 ) (2048 11264 2048 ) 
4 1041 1042 0 (2048 11264 1024 ) (1024 11264 1024 ) (1024 11312 1024 ) (2048 11312 1024 ) 
4 1042 1172 0 (1024 11264 0 ) (1024 11264 1024 ) (1024 11312 1024 ) (1024 11312 0 ) 
4 1042 1047 0 (1024 11264 1024 ) (1024 11264 0 ) (2048 11264 0 ) (2048 11264 1024 ) 
4 1042 1043 0 (2048 11264 0 ) (1024 11264 0 ) (1024 11312 0 ) (2048 11312 0 ) 
4 1043 1173 0 (1024 11264 -1024 ) (1024 11264 0 ) (1024 11312 0 ) (1024 11312 -1024 ) 
4 1043 1048 0 (1024 11264 0 ) (1024 11264 -1024 ) (2048 11264 -1024 ) (2048 11264 0 ) 
4 1043 1044 0 (2048 11264 -1024 ) (1024 11264 -1024 ) (1024 11312 -1024 ) (2048 11312 -1024 ) 
4 1044 1174 0 (1024 11264 -1440 ) (1024 11264 -1024 ) (1024 11312 -1024 ) (1024 11312 -1440 ) 
4 1044 1049 0 (1024 11264 -1024 ) (1024 11264 -1440 ) (2048 11264 -1440 ) (2048 11264 -1024 ) 
4 1045 1175 0 (1024 10240 2048 ) (1024 10240 2240 ) (1024 11264 2240 ) (1024 11264 2048 ) 
4 1045 1050 0 (1024 10240 2240 ) (1024 10240 2048 ) (2048 10240 2048 ) (2048 10240 2240 ) 
4 1045 1046 0 (2048 10240 2048 ) (1024 10240 2048 ) (1024 11264 2048 ) (2048 11264 2048 ) 
4 1046 1176 0 (1024 10240 1024 ) (1024 10240 2048 ) (1024 11264 2048 ) (1024 11264 1024 ) 
4 1046 1051 0 (1024 10240 2048 ) (1024 10240 1024 ) (2048 10240 1024 ) (2048 10240 2048 ) 
4 1046 1047 0 (2048 10240 1024 ) (1024 10240 1024 ) (1024 11264 1024 ) (2048 11264 1024 ) 
4 1047 1177 0 (1024 10240 0 ) (1024 10240 1024 ) (1024 11264 1024 ) (1024 11264 0 ) 
4 1047 1052 0 (1024 10240 1024 ) (1024 10240 0 ) (2048 10240 0 ) (2048 10240 1024 ) 
4 1047 1048 0 (2048 10240 0 ) (1024 10240 0 ) (1024 11264 0 ) (2048 11264 0 ) 
4 1048 1178 0 (1024 10240 -1024 ) (1024 10240 0 ) (1024 11264 0 ) (1024 11264 -1024 ) 
4 1048 1053 0 (1024 10240 0 ) (1024 10240 -1024 ) (2048 10240 -1024 ) (2048 10240 0 ) 
4 1048 1049 0 (2048 10240 -1024 ) (1024 10240 -1024 ) (1024 11264 -1024 ) (2048 11264 -1024 ) 
4 1049 1179 0 (1024 10240 -1440 ) (1024 10240 -1024 ) (1024 11264 -1024 ) (1024 11264 -1440 ) 
4 1049 1054 0 (1024 10240 -1024 ) (1024 10240 -1440 ) (2048 10240 -1440 ) (2048 10240 -1024 ) 
4 1050 1180 0 (1024 9216 2048 ) (1024 9216 2240 ) (1024 10240 2240 ) (1024 10240 2048 ) 
4 1050 1055 0 (1024 9216 2240 ) (1024 9216 2048 ) (2048 9216 2048 ) (2048 9216 2240 ) 
4 1050 1051 0 (2048 9216 2048 ) (1024 9216 2048 ) (1024 10240 2048 ) (2048 10240 2048 ) 
4 1051 1181 0 (1024 9216 1024 ) (1024 9216 2048 ) (1024 10240 2048 ) (1024 10240 1024 ) 
4 1051 1056 0 (1024 9216 2048 ) (1024 9216 1024 ) (2048 9216 1024 ) (2048 9216 2048 ) 
4 1051 1052 0 (2048 9216 1024 ) (1024 9216 1024 ) (1024 10240 1024 ) (2048 10240 1024 ) 
4 1052 1182 0 (1024 9216 0 ) (1024 9216 1024 ) (1024 10240 1024 ) (1024 10240 0 ) 
4 1052 1057 0 (1024 9216 1024 ) (1024 9216 0 ) (2048 9216 0 ) (2048 9216 1024 ) 
4 1052 1053 0 (2048 9216 0 ) (1024 9216 0 ) (1024 10240 0 ) (2048 10240 0 ) 
4 1053 1183 0 (1024 9216 -1024 ) (1024 9216 0 ) (1024 10240 0 ) (1024 10240 -1024 ) 
4 1053 1058 0 (1024 9216 0 ) (1024 9216 -1024 ) (2048 9216 -1024 ) (2048 9216 0 ) 
4 1053 1054 0 (2048 9216 -1024 ) (1024 9216 -1024 ) (1024 10240 -1024 ) (2048 10240 -1024 ) 
4 1054 1184 0 (1024 9216 -1440 ) (1024 9216 -1024 ) (1024 10240 -1024 ) (1024 10240 -1440 ) 
4 1054 1059 0 (1024 9216 -1024 ) (1024 9216 -1440 ) (2048 9216 -1440 ) (2048 9216 -1024 ) 
4 1055 1185 0 (1024 8192 2048 ) (1024 8192 2240 ) (1024 9216 2240 ) (1024 9216 2048 ) 
4 1055 1060 0 (1024 8192 2240 ) (1024 8192 2048 ) (2048 8192 2048 ) (2048 8192 2240 ) 
4 1055 1056 0 (2048 8192 2048 ) (1024 8192 2048 ) (1024 9216 2048 ) (2048 9216 2048 ) 
4 1056 1186 0 (1024 8192 1024 ) (1024 8192 2048 ) (1024 9216 2048 ) (1024 9216 1024 ) 
4 1056 1061 0 (1024 8192 2048 ) (1024 8192 1024 ) (2048 8192 1024 ) (2048 8192 2048 ) 
4 1056 1057 0 (2048 8192 1024 ) (1024 8192 1024 ) (1024 9216 1024 ) (2048 9216 1024 ) 
4 1057 1187 0 (1024 8192 0 ) (1024 8192 1024 ) (1024 9216 1024 ) (1024 9216 0 ) 
4 1057 1062 0 (1024 8192 1024 ) (1024 8192 0 ) (2048 8192 0 ) (2048 8192 1024 ) 
4 1057 1058 0 (2048 8192 0 ) (1024 8192 0 ) (1024 9216 0 ) (2048 9216 0 ) 
4 1058 1188 0 (1024 8192 -1024 ) (1024 8192 0 ) (1024 9216 0 ) (1024 9216 -1024 ) 
4 1058 1063 0 (1024 8192 0 ) (1024 8192 -1024 ) (2048 8192 -1024 ) (2048 8192 0 ) 
4 1058 1059 0 (2048 8192 -1024 ) (1024 8192 -1024 ) (1024 9216 -1024 ) (2048 9216 -1024 ) 
4 1059 1189 0 (1024 8192 -1440 ) (1024 8192 -1024 ) (1024 9216 -1024 ) (1024 9216 -1440 ) 
4 1059 1064 0 (1024 8192 -1024 ) (1024 8192 -1440 ) (2048 8192 -1440 ) (2048 8192 -1024 ) 
4 1060 1190 0 (1024 7168 2048 ) (1024 7168 2240 ) (1024 8192 2240 ) (1024 8192 2048 ) 
4 1060 1065 0 (1024 7168 2240 ) (1024 7168 2048 ) (2048 7168 2048 ) (2048 7168 2240 ) 
4 1060 1061 0 (2048 7168 2048 ) (1024 7168 2048 ) (1024 8192 2048 ) (2048 8192 2048 ) 
4 1061 1191 0 (1024 7168 1024 ) (1024 7168 2048 ) (1024 8192 2048 ) (1024 8192 1024 ) 
4 1061 1066 0 (1024 7168 2048 ) (1024 7168 1024 ) (2048 7168 1024 ) (2048 7168 2048 ) 
4 1061 1062 0 (2048 7168 1024 ) (1024 7168 1024 ) (1024 8192 1024 ) (2048 8192 1024 ) 
4 1062 1192 0 (1024 7168 0 ) (1024 7168 1024 ) (1024 8192 1024 ) (1024 8192 0 ) 
4 1062 1067 0 (1024 7168 1024 ) (1024 7168 0 ) (2048 7168 0 ) (2048 7168 1024 ) 
4 1062 1063 0 (2048 7168 0 ) (1024 7168 0 ) (1024 8192 0 ) (2048 8192 0 ) 
4 1063 1193 0 (1024 7168 -1024 ) (1024 7168 0 ) (1024 8192 0 ) (1024 8192 -1024 ) 
4 1063 1068 0 (1024 7168 0 ) (1024 7168 -1024 ) (2048 7168 -1024 ) (2048 7168 0 ) 
4 1063 1064 0 (2048 7168 -1024 ) (1024 7168 -1024 ) (1024 8192 -1024 ) (2048 8192 -1024 ) 
4 1064 1194 0 (1024 7168 -1440 ) (1024 7168 -1024 ) (1024 8192 -1024 ) (1024 8192 -1440 ) 
4 1064 1069 0 (1024 7168 -1024 ) (1024 7168 -1440 ) (2048 7168 -1440 ) (2048 7168 -1024 ) 
4 1065 1195 0 (1024 6144 2048 ) (1024 6144 2240 ) (1024 7168 2240 ) (1024 7168 2048 ) 
4 1065 1070 0 (1024 6144 2240 ) (1024 6144 2048 ) (2048 6144 2048 ) (2048 6144 2240 ) 
4 1065 1066 0 (2048 6144 2048 ) (1024 6144 2048 ) (1024 7168 2048 ) (2048 7168 2048 ) 
4 1066 1196 0 (1024 6144 1024 ) (1024 6144 2048 ) (1024 7168 2048 ) (1024 7168 1024 ) 
4 1066 1071 0 (1024 6144 2048 ) (1024 6144 1024 ) (2048 6144 1024 ) (2048 6144 2048 ) 
4 1066 1067 0 (2048 6144 1024 ) (1024 6144 1024 ) (1024 7168 1024 ) (2048 7168 1024 ) 
4 1067 1197 0 (1024 6144 0 ) (1024 6144 1024 ) (1024 7168 1024 ) (1024 7168 0 ) 
4 1067 1072 0 (1024 6144 1024 ) (1024 6144 0 ) (2048 6144 0 ) (2048 6144 1024 ) 
4 1067 1068 0 (2048 6144 0 ) (1024 6144 0 ) (1024 7168 0 ) (2048 7168 0 ) 
4 1068 1198 0 (1024 6144 -1024 ) (1024 6144 0 ) (1024 7168 0 ) (1024 7168 -1024 ) 
4 1068 1073 0 (1024 6144 0 ) (1024 6144 -1024 ) (2048 6144 -1024 ) (2048 6144 0 ) 
4 1068 1069 0 (2048 6144 -1024 ) (1024 6144 -1024 ) (1024 7168 -1024 ) (2048 7168 -1024 ) 
4 1069 1199 0 (1024 6144 -1440 ) (1024 6144 -1024 ) (1024 7168 -1024 ) (1024 7168 -1440 ) 
4 1069 1074 0 (1024 6144 -1024 ) (1024 6144 -1440 ) (2048 6144 -1440 ) (2048 6144 -1024 ) 
4 1070 1200 0 (1024 5120 2048 ) (1024 5120 2240 ) (1024 6144 2240 ) (1024 6144 2048 ) 
4 1070 1075 0 (1024 5120 2240 ) (1024 5120 2048 ) (2048 5120 2048 ) (2048 5120 2240 ) 
4 1070 1071 0 (2048 5120 2048 ) (1024 5120 2048 ) (1024 6144 2048 ) (2048 6144 2048 ) 
4 1071 1201 0 (1024 5120 1024 ) (1024 5120 2048 ) (1024 6144 2048 ) (1024 6144 1024 ) 
4 1071 1076 0 (1024 5120 2048 ) (1024 5120 1024 ) (2048 5120 1024 ) (2048 5120 2048 ) 
4 1071 1072 0 (2048 5120 1024 ) (1024 5120 1024 ) (1024 6144 1024 ) (2048 6144 1024 ) 
4 1072 1202 0 (1024 5120 0 ) (1024 5120 1024 ) (1024 6144 1024 ) (1024 6144 0 ) 
4 1072 1077 0 (1024 5120 1024 ) (1024 5120 0 ) (2048 5120 0 ) (2048 5120 1024 ) 
4 1072 1073 0 (2048 5120 0 ) (1024 5120 0 ) (1024 6144 0 ) (2048 6144 0 ) 
4 1073 1203 0 (1024 5120 -1024 ) (1024 5120 0 ) (1024 6144 0 ) (1024 6144 -1024 ) 
4 1073 1078 0 (1024 5120 0 ) (1024 5120 -1024 ) (2048 5120 -1024 ) (2048 5120 0 ) 
4 1073 1074 0 (2048 5120 -1024 ) (1024 5120 -1024 ) (1024 6144 -1024 ) (2048 6144 -1024 ) 
4 1074 1204 0 (1024 5120 -1440 ) (1024 5120 -1024 ) (1024 6144 -1024 ) (1024 6144 -1440 ) 
4 1074 1079 0 (1024 5120 -1024 ) (1024 5120 -1440 ) (2048 5120 -1440 ) (2048 5120 -1024 ) 
4 1075 1205 0 (1024 4096 2048 ) (1024 4096 2240 ) (1024 5120 2240 ) (1024 5120 2048 ) 
4 1075 1080 0 (1024 4096 2240 ) (1024 4096 2048 ) (2048 4096 2048 ) (2048 4096 2240 ) 
4 1075 1076 0 (2048 4096 2048 ) (1024 4096 2048 ) (1024 5120 2048 ) (2048 5120 2048 ) 
4 1076 1206 0 (1024 4096 1024 ) (1024 4096 2048 ) (1024 5120 2048 ) (1024 5120 1024 ) 
4 1076 1081 0 (1024 4096 2048 ) (1024 4096 1024 ) (2048 4096 1024 ) (2048 4096 2048 ) 
4 1076 1077 0 (2048 4096 1024 ) (1024 4096 1024 ) (1024 5120 1024 ) (2048 5120 1024 ) 
4 1077 1207 0 (1024 4096 0 ) (1024 4096 1024 ) (1024 5120 1024 ) (1024 5120 0 ) 
4 1077 1082 0 (1024 4096 1024 ) (1024 4096 0 ) (2048 4096 0 ) (2048 4096 1024 ) 
4 1077 1078 0 (2048 4096 0 ) (1024 4096 0 ) (1024 5120 0 ) (2048 5120 0 ) 
4 1078 1208 0 (1024 4096 -1024 ) (1024 4096 0 ) (1024 5120 0 ) (1024 5120 -1024 ) 
4 1078 1083 0 (1024 4096 0 ) (1024 4096 -1024 ) (2048 4096 -1024 ) (2048 4096 0 ) 
4 1078 1079 0 (2048 4096 -1024 ) (1024 4096 -1024 ) (1024 5120 -1024 ) (2048 5120 -1024 ) 
4 1079 1209 0 (1024 4096 -1440 ) (1024 4096 -1024 ) (1024 5120 -1024 ) (1024 5120 -1440 ) 
4 1079 1084 0 (1024 4096 -1024 ) (1024 4096 -1440 ) (2048 4096 -1440 ) (2048 4096 -1024 ) 
4 1080 1210 0 (1024 3072 2048 ) (1024 3072 2240 ) (1024 4096 2240 ) (1024 4096 2048 ) 
4 1080 1085 0 (1024 3072 2240 ) (1024 3072 2048 ) (2048 3072 2048 ) (2048 3072 2240 ) 
4 1080 1081 0 (2048 3072 2048 ) (1024 3072 2048 ) (1024 4096 2048 ) (2048 4096 2048 ) 
4 1081 1211 0 (1024 3072 1024 ) (1024 3072 2048 ) (1024 4096 2048 ) (1024 4096 1024 ) 
4 1081 1086 0 (1024 3072 2048 ) (1024 3072 1024 ) (2048 3072 1024 ) (2048 3072 2048 ) 
4 1081 1082 0 (2048 3072 1024 ) (1024 3072 1024 ) (1024 4096 1024 ) (2048 4096 1024 ) 
4 1082 1212 0 (1024 3072 0 ) (1024 3072 1024 ) (1024 4096 1024 ) (1024 4096 0 ) 
4 1082 1087 0 (1024 3072 1024 ) (1024 3072 0 ) (2048 3072 0 ) (2048 3072 1024 ) 
4 1082 1083 0 (2048 3072 0 ) (1024 3072 0 ) (1024 4096 0 ) (2048 4096 0 ) 
4 1083 1213 0 (1024 3072 -1024 ) (1024 3072 0 ) (1024 4096 0 ) (1024 4096 -1024 ) 
4 1083 1088 0 (1024 3072 0 ) (1024 3072 -1024 ) (2048 3072 -1024 ) (2048 3072 0 ) 
4 1083 1084 0 (2048 3072 -1024 ) (1024 3072 -1024 ) (1024 4096 -1024 ) (2048 4096 -1024 ) 
4 1084 1214 0 (1024 3072 -1440 ) (1024 3072 -1024 ) (1024 4096 -1024 ) (1024 4096 -1440 ) 
4 1084 1089 0 (1024 3072 -1024 ) (1024 3072 -1440 ) (2048 3072 -1440 ) (2048 3072 -1024 ) 
4 1085 1215 0 (1024 2048 2048 ) (1024 2048 2240 ) (1024 3072 2240 ) (1024 3072 2048 ) 
4 1085 1090 0 (1024 2048 2240 ) (1024 2048 2048 ) (2048 2048 2048 ) (2048 2048 2240 ) 
4 1085 1086 0 (2048 2048 2048 ) (1024 2048 2048 ) (1024 3072 2048 ) (2048 3072 2048 ) 
4 1086 1216 0 (1024 2048 1024 ) (1024 2048 2048 ) (1024 3072 2048 ) (1024 3072 1024 ) 
4 1086 1091 0 (1024 2048 2048 ) (1024 2048 1024 ) (2048 2048 1024 ) (2048 2048 2048 ) 
4 1086 1087 0 (2048 2048 1024 ) (1024 2048 1024 ) (1024 3072 1024 ) (2048 3072 1024 ) 
4 1087 1217 0 (1024 2048 0 ) (1024 2048 1024 ) (1024 3072 1024 ) (1024 3072 0 ) 
4 1087 1092 0 (1024 2048 1024 ) (1024 2048 0 ) (2048 2048 0 ) (2048 2048 1024 ) 
4 1087 1088 0 (2048 2048 0 ) (1024 2048 0 ) (1024 3072 0 ) (2048 3072 0 ) 
4 1088 1218 0 (1024 2048 -1024 ) (1024 2048 0 ) (1024 3072 0 ) (1024 3072 -1024 ) 
4 1088 1093 0 (1024 2048 0 ) (1024 2048 -1024 ) (2048 2048 -1024 ) (2048 2048 0 ) 
4 1088 1089 0 (2048 2048 -1024 ) (1024 2048 -1024 ) (1024 3072 -1024 ) (2048 3072 -1024 ) 
4 1089 1219 0 (1024 2048 -1440 ) (1024 2048 -1024 ) (1024 3072 -1024 ) (1024 3072 -1440 ) 
4 1089 1094 0 (1024 2048 -1024 ) (1024 2048 -1440 ) (2048 2048 -1440 ) (2048 2048 -1024 ) 
4 1090 1220 0 (1024 1024 2048 ) (1024 1024 2240 ) (1024 2048 2240 ) (1024 2048 2048 ) 
4 1090 1095 0 (1024 1024 2240 ) (1024 1024 2048 ) (2048 1024 2048 ) (2048 1024 2240 ) 
4 1090 1091 0 (2048 1024 2048 ) (1024 1024 2048 ) (1024 2048 2048 ) (2048 2048 2048 ) 
4 1091 1221 0 (1024 1024 1024 ) (1024 1024 2048 ) (1024 2048 2048 ) (1024 2048 1024 ) 
4 1091 1096 0 (1024 1024 2048 ) (1024 1024 1024 ) (2048 1024 1024 ) (2048 1024 2048 ) 
4 1091 1092 0 (2048 1024 1024 ) (1024 1024 1024 ) (1024 2048 1024 ) (2048 2048 1024 ) 
4 1092 1222 0 (1024 1024 0 ) (1024 1024 1024 ) (1024 2048 1024 ) (1024 2048 0 ) 
4 1092 1097 0 (1024 1024 1024 ) (1024 1024 0 ) (2048 1024 0 ) (2048 1024 1024 ) 
4 1092 1093 0 (2048 1024 0 ) (1024 1024 0 ) (1024 2048 0 ) (2048 2048 0 ) 
4 1093 1223 0 (1024 1024 -1024 ) (1024 1024 0 ) (1024 2048 0 ) (1024 2048 -1024 ) 
4 1093 1098 0 (1024 1024 0 ) (1024 1024 -1024 ) (2048 1024 -1024 ) (2048 1024 0 ) 
4 1093 1094 0 (2048 1024 -1024 ) (1024 1024 -1024 ) (1024 2048 -1024 ) (2048 2048 -1024 ) 
4 1094 1224 0 (1024 1024 -1440 ) (1024 1024 -1024 ) (1024 2048 -1024 ) (1024 2048 -1440 ) 
4 1094 1099 0 (1024 1024 -1024 ) (1024 1024 -1440 ) (2048 1024 -1440 ) (2048 1024 -1024 ) 
4 1095 1225 0 (1024 0 2048 ) (1024 0 2240 ) (1024 1024 2240 ) (1024 1024 2048 ) 
4 1095 1100 0 (1024 0 2240 ) (1024 0 2048 ) (2048 0 2048 ) (2048 0 2240 ) 
4 1095 1096 0 (2048 0 2048 ) (1024 0 2048 ) (1024 1024 2048 ) (2048 1024 2048 ) 
4 1096 1226 0 (1024 0 1024 ) (1024 0 2048 ) (1024 1024 2048 ) (1024 1024 1024 ) 
4 1096 1101 0 (1024 0 2048 ) (1024 0 1024 ) (2048 0 1024 ) (2048 0 2048 ) 
4 1096 1097 0 (2048 0 1024 ) (1024 0 1024 ) (1024 1024 1024 ) (2048 1024 1024 ) 
4 1097 1227 0 (1024 0 0 ) (1024 0 1024 ) (1024 1024 1024 ) (1024 1024 0 ) 
4 1097 1102 0 (1024 0 1024 ) (1024 0 0 ) (2048 0 0 ) (2048 0 1024 ) 
4 1097 1098 0 (2048 0 0 ) (1024 0 0 ) (1024 1024 0 ) (2048 1024 0 ) 
4 1098 1228 0 (1024 0 -1024 ) (1024 0 0 ) (1024 1024 0 ) (1024 1024 -1024 ) 
4 1098 1103 0 (1024 0 0 ) (1024 0 -1024 ) (2048 0 -1024 ) (2048 0 0 ) 
4 1098 1099 0 (2048 0 -1024 ) (1024 0 -1024 ) (1024 1024 -1024 ) (2048 1024 -1024 ) 
4 1099 1229 0 (1024 0 -1440 ) (1024 0 -1024 ) (1024 1024 -1024 ) (1024 1024 -1440 ) 
4 1099 1104 0 (1024 0 -1024 ) (1024 0 -1440 ) (2048 0 -1440 ) (2048 0 -1024 ) 
4 1100 1230 0 (1024 -1024 2048 ) (1024 -1024 2240 ) (1024 0 2240 ) (1024 0 2048 ) 
4 1100 1105 0 (1024 -1024 2240 ) (1024 -1024 2048 ) (2048 -1024 2048 ) (2048 -1024 2240 ) 
4 1100 1101 0 (2048 -1024 2048 ) (1024 -1024 2048 ) (1024 0 2048 ) (2048 0 2048 ) 
4 1101 1231 0 (1024 -1024 1024 ) (1024 -1024 2048 ) (1024 0 2048 ) (1024 0 1024 ) 
4 1101 1106 0 (1024 -1024 2048 ) (1024 -1024 1024 ) (2048 -1024 1024 ) (2048 -1024 2048 ) 
4 1101 1102 0 (2048 -1024 1024 ) (1024 -1024 1024 ) (1024 0 1024 ) (2048 0 1024 ) 
4 1102 1232 0 (1024 -1024 0 ) (1024 -1024 1024 ) (1024 0 1024 ) (1024 0 0 ) 
4 1102 1107 0 (1024 -1024 1024 ) (1024 -1024 0 ) (2048 -1024 0 ) (2048 -1024 1024 ) 
4 1102 1103 0 (2048 -1024 0 ) (1024 -1024 0 ) (1024 0 0 ) (2048 0 0 ) 
4 1103 1233 0 (1024 -1024 -1024 ) (1024 -1024 0 ) (1024 0 0 ) (1024 0 -1024 ) 
4 1103 1108 0 (1024 -1024 0 ) (1024 -1024 -1024 ) (2048 -1024 -1024 ) (2048 -1024 0 ) 
4 1103 1104 0 (2048 -1024 -1024 ) (1024 -1024 -1024 ) (1024 0 -1024 ) (2048 0 -1024 ) 
4 1104 1234 0 (1024 -1024 -1440 ) (1024 -1024 -1024 ) (1024 0 -1024 ) (1024 0 -1440 ) 
4 1104 1109 0 (1024 -1024 -1024 ) (1024 -1024 -1440 ) (2048 -1024 -1440 ) (2048 -1024 -1024 ) 
4 1105 1235 0 (1024 -2048 2048 ) (1024 -2048 2240 ) (1024 -1024 2240 ) (1024 -1024 2048 ) 
4 1105 1110 0 (1024 -2048 2240 ) (1024 -2048 2048 ) (2048 -2048 2048 ) (2048 -2048 2240 ) 
4 1105 1106 0 (2048 -2048 2048 ) (1024 -2048 2048 ) (1024 -1024 2048 ) (2048 -1024 2048 ) 
4 1106 1236 0 (1024 -2048 1024 ) (1024 -2048 2048 ) (1024 -1024 2048 ) (1024 -1024 1024 ) 
4 1106 1111 0 (1024 -2048 2048 ) (1024 -2048 1024 ) (2048 -2048 1024 ) (2048 -2048 2048 ) 
4 1106 1107 0 (2048 -2048 1024 ) (1024 -2048 1024 ) (1024 -1024 1024 ) (2048 -1024 1024 ) 
4 1107 1237 0 (1024 -2048 0 ) (1024 -2048 1024 ) (1024 -1024 1024 ) (1024 -1024 0 ) 
4 1107 1112 0 (1024 -2048 1024 ) (1024 -2048 0 ) (2048 -2048 0 ) (2048 -2048 1024 ) 
4 1107 1108 0 (2048 -2048 0 ) (1024 -2048 0 ) (1024 -1024 0 ) (2048 -1024 0 ) 
4 1108 1238 0 (1024 -2048 -1024 ) (1024 -2048 0 ) (1024 -1024 0 ) (1024 -1024 -1024 ) 
4 1108 1113 0 (1024 -2048 0 ) (1024 -2048 -1024 ) (2048 -2048 -1024 ) (2048 -2048 0 ) 
4 1108 1109 0 (2048 -2048 -1024 ) (1024 -2048 -1024 ) (1024 -1024 -1024 ) (2048 -1024 -1024 ) 
4 1109 1239 0 (1024 -2048 -1440 ) (1024 -2048 -1024 ) (1024 -1024 -1024 ) (1024 -1024 -1440 ) 
4 1109 1114 0 (1024 -2048 -1024 ) (1024 -2048 -1440 ) (2048 -2048 -1440 ) (2048 -2048 -1024 ) 
4 1110 1240 0 (1024 -3072 2048 ) (1024 -3072 2240 ) (1024 -2048 2240 ) (1024 -2048 2048 ) 
4 1110 1115 0 (1024 -3072 2240 ) (1024 -3072 2048 ) (2048 -3072 2048 ) (2048 -3072 2240 ) 
4 1110 1111 0 (2048 -3072 2048 ) (1024 -3072 2048 ) (1024 -2048 2048 ) (2048 -2048 2048 ) 
4 1111 1241 0 (1024 -3072 1024 ) (1024 -3072 2048 ) (1024 -2048 2048 ) (1024 -2048 1024 ) 
4 1111 1116 0 (1024 -3072 2048 ) (1024 -3072 1024 ) (2048 -3072 1024 ) (2048 -3072 2048 ) 
4 1111 1112 0 (2048 -3072 1024 ) (1024 -3072 1024 ) (1024 -2048 1024 ) (2048 -2048 1024 ) 
4 1112 1242 0 (1024 -3072 0 ) (1024 -3072 1024 ) (1024 -2048 1024 ) (1024 -2048 0 ) 
4 1112 1117 0 (1024 -3072 1024 ) (1024 -3072 0 ) (2048 -3072 0 ) (2048 -3072 1024 ) 
4 1112 1113 0 (2048 -3072 0 ) (1024 -3072 0 ) (1024 -2048 0 ) (2048 -2048 0 ) 
4 1113 1243 0 (1024 -3072 -1024 ) (1024 -3072 0 ) (1024 -2048 0 ) (1024 -2048 -1024 ) 
4 1113 1118 0 (1024 -3072 0 ) (1024 -3072 -1024 ) (2048 -3072 -1024 ) (2048 -3072 0 ) 
4 1113 1114 0 (2048 -3072 -1024 ) (1024 -3072 -1024 ) (1024 -2048 -1024 ) (2048 -2048 -1024 ) 
4 1114 1244 0 (1024 -3072 -1440 ) (1024 -3072 -1024 ) (1024 -2048 -1024 ) (1024 -2048 -1440 ) 
4 1114 1119 0 (1024 -3072 -1024 ) (1024 -3072 -1440 ) (2048 -3072 -1440 ) (2048 -3072 -1024 ) 
4 1115 1245 0 (1024 -4096 2048 ) (1024 -4096 2240 ) (1024 -3072 2240 ) (1024 -3072 2048 ) 
4 1115 1120 0 (1024 -4096 2240 ) (1024 -4096 2048 ) (2048 -4096 2048 ) (2048 -4096 2240 ) 
4 1115 1116 0 (2048 -4096 2048 ) (1024 -4096 2048 ) (1024 -3072 2048 ) (2048 -3072 2048 ) 
4 1116 1246 0 (1024 -4096 1024 ) (1024 -4096 2048 ) (1024 -3072 2048 ) (1024 -3072 1024 ) 
4 1116 1121 0 (1024 -4096 2048 ) (1024 -4096 1024 ) (2048 -4096 1024 ) (2048 -4096 2048 ) 
4 1116 1117 0 (2048 -4096 1024 ) (1024 -4096 1024 ) (1024 -3072 1024 ) (2048 -3072 1024 ) 
4 1117 1247 0 (1024 -4096 0 ) (1024 -4096 1024 ) (1024 -3072 1024 ) (1024 -3072 0 ) 
4 1117 1122 0 (1024 -4096 1024 ) (1024 -4096 0 ) (2048 -4096 0 ) (2048 -4096 1024 ) 
4 1117 1118 0 (2048 -4096 0 ) (1024 -4096 0 ) (1024 -3072 0 ) (2048 -3072 0 ) 
4 1118 1248 0 (1024 -4096 -1024 ) (1024 -4096 0 ) (1024 -3072 0 ) (1024 -3072 -1024 ) 
4 1118 1123 0 (1024 -4096 0 ) (1024 -4096 -1024 ) (2048 -4096 -1024 ) (2048 -4096 0 ) 
4 1118 1119 0 (2048 -4096 -1024 ) (1024 -4096 -1024 ) (1024 -3072 -1024 ) (2048 -3072 -1024 ) 
4 1119 1249 0 (1024 -4096 -1440 ) (1024 -4096 -1024 ) (1024 -3072 -1024 ) (1024 -3072 -1440 ) 
4 1119 1124 0 (1024 -4096 -1024 ) (1024 -4096 -1440 ) (2048 -4096 -1440 ) (2048 -4096 -1024 ) 
4 1120 1250 0 (1024 -5120 2048 ) (1024 -5120 2240 ) (1024 -4096 2240 ) (1024 -4096 2048 ) 
4 1120 1125 0 (1024 -5120 2240 ) (1024 -5120 2048 ) (2048 -5120 2048 ) (2048 -5120 2240 ) 
4 1120 1121 0 (2048 -5120 2048 ) (1024 -5120 2048 ) (1024 -4096 2048 ) (2048 -4096 2048 ) 
4 1121 1251 0 (1024 -5120 1024 ) (1024 -5120 2048 ) (1024 -4096 2048 ) (1024 -4096 1024 ) 
4 1121 1126 0 (1024 -5120 2048 ) (1024 -5120 1024 ) (2048 -5120 1024 ) (2048 -5120 2048 ) 
4 1121 1122 0 (2048 -5120 1024 ) (1024 -5120 1024 ) (1024 -4096 1024 ) (2048 -4096 1024 ) 
4 1122 1252 0 (1024 -5120 0 ) (1024 -5120 1024 ) (1024 -4096 1024 ) (1024 -4096 0 ) 
4 1122 1127 0 (1024 -5120 1024 ) (1024 -5120 0 ) (2048 -5120 0 ) (2048 -5120 1024 ) 
4 1122 1123 0 (2048 -5120 0 ) (1024 -5120 0 ) (1024 -4096 0 ) (2048 -4096 0 ) 
4 1123 1253 0 (1024 -5120 -1024 ) (1024 -5120 0 ) (1024 -4096 0 ) (1024 -4096 -1024 ) 
4 1123 1128 0 (1024 -5120 0 ) (1024 -5120 -1024 ) (2048 -5120 -1024 ) (2048 -5120 0 ) 
4 1123 1124 0 (2048 -5120 -1024 ) (1024 -5120 -1024 ) (1024 -4096 -1024 ) (2048 -4096 -1024 ) 
4 1124 1254 0 (1024 -5120 -1440 ) (1024 -5120 -1024 ) (1024 -4096 -1024 ) (1024 -4096 -1440 ) 
4 1124 1129 0 (1024 -5120 -1024 ) (1024 -5120 -1440 ) (2048 -5120 -1440 ) (2048 -5120 -1024 ) 
4 1125 1255 0 (1024 -6144 2048 ) (1024 -6144 2240 ) (1024 -5120 2240 ) (1024 -5120 2048 ) 
4 1125 1130 0 (1024 -6144 2240 ) (1024 -6144 2048 ) (2048 -6144 2048 ) (2048 -6144 2240 ) 
4 1125 1126 0 (2048 -6144 2048 ) (1024 -6144 2048 ) (1024 -5120 2048 ) (2048 -5120 2048 ) 
4 1126 1256 0 (1024 -6144 1024 ) (1024 -6144 2048 ) (1024 -5120 2048 ) (1024 -5120 1024 ) 
4 1126 1131 0 (1024 -6144 2048 ) (1024 -6144 1024 ) (2048 -6144 1024 ) (2048 -6144 2048 ) 
4 1126 1127 0 (2048 -6144 1024 ) (1024 -6144 1024 ) (1024 -5120 1024 ) (2048 -5120 1024 ) 
4 1127 1257 0 (1024 -6144 0 ) (1024 -6144 1024 ) (1024 -5120 1024 ) (1024 -5120 0 ) 
4 1127 1132 0 (1024 -6144 1024 ) (1024 -6144 0 ) (2048 -6144 0 ) (2048 -6144 1024 ) 
4 1127 1128 0 (2048 -6144 0 ) (1024 -6144 0 ) (1024 -5120 0 ) (2048 -5120 0 ) 
4 1128 1258 0 (1024 -6144 -1024 ) (1024 -6144 0 ) (1024 -5120 0 ) (1024 -5120 -1024 ) 
4 1128 1133 0 (1024 -6144 0 ) (1024 -6144 -1024 ) (2048 -6144 -1024 ) (2048 -6144 0 ) 
4 1128 1129 0 (2048 -6144 -1024 ) (1024 -6144 -1024 ) (1024 -5120 -1024 ) (2048 -5120 -1024 ) 
4 1129 1259 0 (1024 -6144 -1440 ) (1024 -6144 -1024 ) (1024 -5120 -1024 ) (1024 -5120 -1440 ) 
4 1129 1134 0 (1024 -6144 -1024 ) (1024 -6144 -1440 ) (2048 -6144 -1440 ) (2048 -6144 -1024 ) 
4 1130 1260 0 (1024 -7168 2048 ) (1024 -7168 2240 ) (1024 -6144 2240 ) (1024 -6144 2048 ) 
4 1130 1135 0 (1024 -7168 2240 ) (1024 -7168 2048 ) (2048 -7168 2048 ) (2048 -7168 2240 ) 
4 1130 1131 0 (2048 -7168 2048 ) (1024 -7168 2048 ) (1024 -6144 2048 ) (2048 -6144 2048 ) 
4 1131 1261 0 (1024 -7168 1024 ) (1024 -7168 2048 ) (1024 -6144 2048 ) (1024 -6144 1024 ) 
4 1131 1136 0 (1024 -7168 2048 ) (1024 -7168 1024 ) (2048 -7168 1024 ) (2048 -7168 2048 ) 
4 1131 1132 0 (2048 -7168 1024 ) (1024 -7168 1024 ) (1024 -6144 1024 ) (2048 -6144 1024 ) 
4 1132 1262 0 (1024 -7168 0 ) (1024 -7168 1024 ) (1024 -6144 1024 ) (1024 -6144 0 ) 
4 1132 1137 0 (1024 -7168 1024 ) (1024 -7168 0 ) (2048 -7168 0 ) (2048 -7168 1024 ) 
4 1132 1133 0 (2048 -7168 0 ) (1024 -7168 0 ) (1024 -6144 0 ) (2048 -6144 0 ) 
4 1133 1263 0 (1024 -7168 -1024 ) (1024 -7168 0 ) (1024 -6144 0 ) (1024 -6144 -1024 ) 
4 1133 1138 0 (1024 -7168 0 ) (1024 -7168 -1024 ) (2048 -7168 -1024 ) (2048 -7168 0 ) 
4 1133 1134 0 (2048 -7168 -1024 ) (1024 -7168 -1024 ) (1024 -6144 -1024 ) (2048 -6144 -1024 ) 
4 1134 1264 0 (1024 -7168 -1440 ) (1024 -7168 -1024 ) (1024 -6144 -1024 ) (1024 -6144 -1440 ) 
4 1134 1139 0 (1024 -7168 -1024 ) (1024 -7168 -1440 ) (2048 -7168 -1440 ) (2048 -7168 -1024 ) 
4 1135 1265 0 (1024 -8192 2048 ) (1024 -8192 2240 ) (1024 -7168 2240 ) (1024 -7168 2048 ) 
4 1135 1140 0 (1024 -8192 2240 ) (1024 -8192 2048 ) (2048 -8192 2048 ) (2048 -8192 2240 ) 
4 1135 1136 0 (2048 -8192 2048 ) (1024 -8192 2048 ) (1024 -7168 2048 ) (2048 -7168 2048 ) 
4 1136 1266 0 (1024 -8192 1024 ) (1024 -8192 2048 ) (1024 -7168 2048 ) (1024 -7168 1024 ) 
4 1136 1141 0 (1024 -8192 2048 ) (1024 -8192 1024 ) (2048 -8192 1024 ) (2048 -8192 2048 ) 
4 1136 1137 0 (2048 -8192 1024 ) (1024 -8192 1024 ) (1024 -7168 1024 ) (2048 -7168 1024 ) 
4 1137 1267 0 (1024 -8192 0 ) (1024 -8192 1024 ) (1024 -7168 1024 ) (1024 -7168 0 ) 
4 1137 1142 0 (1024 -8192 1024 ) (1024 -8192 0 ) (2048 -8192 0 ) (2048 -8192 1024 ) 
4 1137 1138 0 (2048 -8192 0 ) (1024 -8192 0 ) (1024 -7168 0 ) (2048 -7168 0 ) 
4 1138 1268 0 (1024 -8192 -1024 ) (1024 -8192 0 ) (1024 -7168 0 ) (1024 -7168 -1024 ) 
4 1138 1143 0 (1024 -8192 0 ) (1024 -8192 -1024 ) (2048 -8192 -1024 ) (2048 -8192 0 ) 
4 1138 1139 0 (2048 -8192 -1024 ) (1024 -8192 -1024 ) (1024 -7168 -1024 ) (2048 -7168 -1024 ) 
4 1139 1269 0 (1024 -8192 -1440 ) (1024 -8192 -1024 ) (1024 -7168 -1024 ) (1024 -7168 -1440 ) 
4 1139 1144 0 (1024 -8192 -1024 ) (1024 -8192 -1440 ) (2048 -8192 -1440 ) (2048 -8192 -1024 ) 
4 1140 1270 0 (1024 -9216 2048 ) (1024 -9216 2240 ) (1024 -8192 2240 ) (1024 -8192 2048 ) 
4 1140 1145 0 (1024 -9216 2240 ) (1024 -9216 2048 ) (2048 -9216 2048 ) (2048 -9216 2240 ) 
4 1140 1141 0 (2048 -9216 2048 ) (1024 -9216 2048 ) (1024 -8192 2048 ) (2048 -8192 2048 ) 
4 1141 1271 0 (1024 -9216 1024 ) (1024 -9216 2048 ) (1024 -8192 2048 ) (1024 -8192 1024 ) 
4 1141 1146 0 (1024 -9216 2048 ) (1024 -9216 1024 ) (2048 -9216 1024 ) (2048 -9216 2048 ) 
4 1141 1142 0 (2048 -9216 1024 ) (1024 -9216 1024 ) (1024 -8192 1024 ) (2048 -8192 1024 ) 
4 1142 1272 0 (1024 -9216 0 ) (1024 -9216 1024 ) (1024 -8192 1024 ) (1024 -8192 0 ) 
4 1142 1147 0 (1024 -9216 1024 ) (1024 -9216 0 ) (2048 -9216 0 ) (2048 -9216 1024 ) 
4 1142 1143 0 (2048 -9216 0 ) (1024 -9216 0 ) (1024 -8192 0 ) (2048 -8192 0 ) 
4 1143 1273 0 (1024 -9216 -1024 ) (1024 -9216 0 ) (1024 -8192 0 ) (1024 -8192 -1024 ) 
4 1143 1148 0 (1024 -9216 0 ) (1024 -9216 -1024 ) (2048 -9216 -1024 ) (2048 -9216 0 ) 
4 1143 1144 0 (2048 -9216 -1024 ) (1024 -9216 -1024 ) (1024 -8192 -1024 ) (2048 -8192 -1024 ) 
4 1144 1274 0 (1024 -9216 -1440 ) (1024 -9216 -1024 ) (1024 -8192 -1024 ) (1024 -8192 -1440 ) 
4 1144 1149 0 (1024 -9216 -1024 ) (1024 -9216 -1440 ) (2048 -9216 -1440 ) (2048 -9216 -1024 ) 
4 1145 1275 0 (1024 -10240 2048 ) (1024 -10240 2240 ) (1024 -9216 2240 ) (1024 -9216 2048 ) 
4 1145 1150 0 (1024 -10240 2240 ) (1024 -10240 2048 ) (2048 -10240 2048 ) (2048 -10240 2240 ) 
4 1145 1146 0 (2048 -10240 2048 ) (1024 -10240 2048 ) (1024 -9216 2048 ) (2048 -9216 2048 ) 
4 1146 1276 0 (1024 -10240 1024 ) (1024 -10240 2048 ) (1024 -9216 2048 ) (1024 -9216 1024 ) 
4 1146 1151 0 (1024 -10240 2048 ) (1024 -10240 1024 ) (2048 -10240 1024 ) (2048 -10240 2048 ) 
4 1146 1147 0 (2048 -10240 1024 ) (1024 -10240 1024 ) (1024 -9216 1024 ) (2048 -9216 1024 ) 
4 1147 1277 0 (1024 -10240 0 ) (1024 -10240 1024 ) (1024 -9216 1024 ) (1024 -9216 0 ) 
4 1147 1152 0 (1024 -10240 1024 ) (1024 -10240 0 ) (2048 -10240 0 ) (2048 -10240 1024 ) 
4 1147 1148 0 (2048 -10240 0 ) (1024 -10240 0 ) (1024 -9216 0 ) (2048 -9216 0 ) 
4 1148 1278 0 (1024 -10240 -1024 ) (1024 -10240 0 ) (1024 -9216 0 ) (1024 -9216 -1024 ) 
4 1148 1153 0 (1024 -10240 0 ) (1024 -10240 -1024 ) (2048 -10240 -1024 ) (2048 -10240 0 ) 
4 1148 1149 0 (2048 -10240 -1024 ) (1024 -10240 -1024 ) (1024 -9216 -1024 ) (2048 -9216 -1024 ) 
4 1149 1279 0 (1024 -10240 -1440 ) (1024 -10240 -1024 ) (1024 -9216 -1024 ) (1024 -9216 -1440 ) 
4 1149 1154 0 (1024 -10240 -1024 ) (1024 -10240 -1440 ) (2048 -10240 -1440 ) (2048 -10240 -1024 ) 
4 1150 1280 0 (1024 -11264 2048 ) (1024 -11264 2240 ) (1024 -10240 2240 ) (1024 -10240 2048 ) 
4 1150 1155 0 (1024 -11264 2240 ) (1024 -11264 2048 ) (2048 -11264 2048 ) (2048 -11264 2240 ) 
4 1150 1151 0 (2048 -11264 2048 ) (1024 -11264 2048 ) (1024 -10240 2048 ) (2048 -10240 2048 ) 
4 1151 1281 0 (1024 -11264 1024 ) (1024 -11264 2048 ) (1024 -10240 2048 ) (1024 -10240 1024 ) 
4 1151 1156 0 (1024 -11264 2048 ) (1024 -11264 1024 ) (2048 -11264 1024 ) (2048 -11264 2048 ) 
4 1151 1152 0 (2048 -11264 1024 ) (1024 -11264 1024 ) (1024 -10240 1024 ) (2048 -10240 1024 ) 
4 1152 1282 0 (1024 -11264 0 ) (1024 -11264 1024 ) (1024 -10240 1024 ) (1024 -10240 0 ) 
4 1152 1157 0 (1024 -11264 1024 ) (1024 -11264 0 ) (2048 -11264 0 ) (2048 -11264 1024 ) 
4 1152 1153 0 (2048 -11264 0 ) (1024 -11264 0 ) (1024 -10240 0 ) (2048 -10240 0 ) 
4 1153 1283 0 (1024 -11264 -1024 ) (1024 -11264 0 ) (1024 -10240 0 ) (1024 -10240 -1024 ) 
4 1153 1158 0 (1024 -11264 0 ) (1024 -11264 -1024 ) (2048 -11264 -1024 ) (2048 -11264 0 ) 
4 1153 1154 0 (2048 -11264 -1024 ) (1024 -11264 -1024 ) (1024 -10240 -1024 ) (2048 -10240 -1024 ) 
4 1154 1284 0 (1024 -11264 -1440 ) (1024 -11264 -1024 ) (1024 -10240 -1024 ) (1024 -10240 -1440 ) 
4 1154 1159 0 (1024 -11264 -1024 ) (1024 -11264 -1440 ) (2048 -11264 -1440 ) (2048 -11264 -1024 ) 
4 1155 1285 0 (1024 -12288 2048 ) (1024 -12288 2240 ) (1024 -11264 2240 ) (1024 -11264 2048 ) 
4 1155 1160 0 (1024 -12288 2240 ) (1024 -12288 2048 ) (2048 -12288 2048 ) (2048 -12288 2240 ) 
4 1155 1156 0 (2048 -12288 2048 ) (1024 -12288 2048 ) (1024 -11264 2048 ) (2048 -11264 2048 ) 
4 1156 1286 0 (1024 -12288 1024 ) (1024 -12288 2048 ) (1024 -11264 2048 ) (1024 -11264 1024 ) 
4 1156 1161 0 (1024 -12288 2048 ) (1024 -12288 1024 ) (2048 -12288 1024 ) (2048 -12288 2048 ) 
4 1156 1157 0 (2048 -12288 1024 ) (1024 -12288 1024 ) (1024 -11264 1024 ) (2048 -11264 1024 ) 
4 1157 1287 0 (1024 -12288 0 ) (1024 -12288 1024 ) (1024 -11264 1024 ) (1024 -11264 0 ) 
4 1157 1162 0 (1024 -12288 1024 ) (1024 -12288 0 ) (2048 -12288 0 ) (2048 -12288 1024 ) 
4 1157 1158 0 (2048 -12288 0 ) (1024 -12288 0 ) (1024 -11264 0 ) (2048 -11264 0 ) 
4 1158 1288 0 (1024 -12288 -1024 ) (1024 -12288 0 ) (1024 -11264 0 ) (1024 -11264 -1024 ) 
4 1158 1163 0 (1024 -12288 0 ) (1024 -12288 -1024 ) (2048 -12288 -1024 ) (2048 -12288 0 ) 
4 1158 1159 0 (2048 -12288 -1024 ) (1024 -12288 -1024 ) (1024 -11264 -1024 ) (2048 -11264 -1024 ) 
4 1159 1289 0 (1024 -12288 -1440 ) (1024 -12288 -1024 ) (1024 -11264 -1024 ) (1024 -11264 -1440 ) 
4 1159 1164 0 (1024 -12288 -1024 ) (1024 -12288 -1440 ) (2048 -12288 -1440 ) (2048 -12288 -1024 ) 
4 1160 1290 0 (1024 -13312 2048 ) (1024 -13312 2240 ) (1024 -12288 2240 ) (1024 -12288 2048 ) 
4 1160 1165 0 (1024 -13312 2240 ) (1024 -13312 2048 ) (2048 -13312 2048 ) (2048 -13312 2240 ) 
4 1160 1161 0 (2048 -13312 2048 ) (1024 -13312 2048 ) (1024 -12288 2048 ) (2048 -12288 2048 ) 
4 1161 1291 0 (1024 -13312 1024 ) (1024 -13312 2048 ) (1024 -12288 2048 ) (1024 -12288 1024 ) 
4 1161 1166 0 (1024 -13312 2048 ) (1024 -13312 1024 ) (2048 -13312 1024 ) (2048 -13312 2048 ) 
4 1161 1162 0 (2048 -13312 1024 ) (1024 -13312 1024 ) (1024 -12288 1024 ) (2048 -12288 1024 ) 
4 1162 1292 0 (1024 -13312 0 ) (1024 -13312 1024 ) (1024 -12288 1024 ) (1024 -12288 0 ) 
4 1162 1167 0 (1024 -13312 1024 ) (1024 -13312 0 ) (2048 -13312 0 ) (2048 -13312 1024 ) 
4 1162 1163 0 (2048 -13312 0 ) (1024 -13312 0 ) (1024 -12288 0 ) (2048 -12288 0 ) 
4 1163 1293 0 (1024 -13312 -1024 ) (1024 -13312 0 ) (1024 -12288 0 ) (1024 -12288 -1024 ) 
4 1163 1168 0 (1024 -13312 0 ) (1024 -13312 -1024 ) (2048 -13312 -1024 ) (2048 -13312 0 ) 
4 1163 1164 0 (2048 -13312 -1024 ) (1024 -13312 -1024 ) (1024 -12288 -1024 ) (2048 -12288 -1024 ) 
4 1164 1294 0 (1024 -13312 -1440 ) (1024 -13312 -1024 ) (1024 -12288 -1024 ) (1024 -12288 -1440 ) 
4 1164 1169 0 (1024 -13312 -1024 ) (1024 -13312 -1440 ) (2048 -13312 -1440 ) (2048 -13312 -1024 ) 
4 1165 1295 0 (1024 -13312 2240 ) (1024 -13312 2048 ) (1024 -13408 2048 ) (1024 -13408 2240 ) 
4 1165 1166 0 (1024 -13408 2048 ) (1024 -13312 2048 ) (2048 -13312 2048 ) (2048 -13408 2048 ) 
4 1166 1296 0 (1024 -13408 2048 ) (1024 -13312 2048 ) (1024 -13312 1024 ) (1024 -13408 1024 ) 
4 1166 1167 0 (1024 -13408 1024 ) (1024 -13312 1024 ) (2048 -13312 1024 ) (2048 -13408 1024 ) 
4 1167 1297 0 (1024 -13408 1024 ) (1024 -13312 1024 ) (1024 -13312 0 ) (1024 -13408 0 ) 
4 1167 1168 0 (1024 -13408 0 ) (1024 -13312 0 ) (2048 -13312 0 ) (2048 -13408 0 ) 
4 1168 1298 0 (1024 -13408 0 ) (1024 -13312 0 ) (1024 -13312 -1024 ) (1024 -13408 -1024 ) 
4 1168 1169 0 (1024 -13408 -1024 ) (1024 -13312 -1024 ) (2048 -13312 -1024 ) (2048 -13408 -1024 ) 
4 1169 1299 0 (1024 -13408 -1440 ) (1024 -13408 -1024 ) (1024 -13312 -1024 ) (1024 -13312 -1440 ) 
4 1170 1300 0 (0 11312 2048 ) (0 11264 2048 ) (0 11264 2240 ) (0 11312 2240 ) 
4 1170 1175 0 (0 11264 2240 ) (0 11264 2048 ) (1024 11264 2048 ) (1024 11264 2240 ) 
4 1170 1171 0 (1024 11264 2048 ) (0 11264 2048 ) (0 11312 2048 ) (1024 11312 2048 ) 
4 1171 1301 0 (0 11312 1024 ) (0 11264 1024 ) (0 11264 2048 ) (0 11312 2048 ) 
4 1171 1176 0 (0 11264 2048 ) (0 11264 1024 ) (1024 11264 1024 ) (1024 11264 2048 ) 
4 1171 1172 0 (1024 11264 1024 ) (0 11264 1024 ) (0 11312 1024 ) (1024 11312 1024 ) 
4 1172 1302 0 (0 11312 0 ) (0 11264 0 ) (0 11264 1024 ) (0 11312 1024 ) 
4 1172 1177 0 (0 11264 1024 ) (0 11264 0 ) (1024 11264 0 ) (1024 11264 1024 ) 
4 1172 1173 0 (1024 11264 0 ) (0 11264 0 ) (0 11312 0 ) (1024 11312 0 ) 
4 1173 1303 0 (0 11312 -1024 ) (0 11264 -1024 ) (0 11264 0 ) (0 11312 0 ) 
4 1173 1178 0 (0 11264 0 ) (0 11264 -1024 ) (1024 11264 -1024 ) (1024 11264 0 ) 
4 1173 1174 0 (1024 11264 -1024 ) (0 11264 -1024 ) (0 11312 -1024 ) (1024 11312 -1024 ) 
4 1174 1304 0 (0 11312 -1440 ) (0 11264 -1440 ) (0 11264 -1024 ) (0 11312 -1024 ) 
4 1174 1179 0 (0 11264 -1024 ) (0 11264 -1440 ) (1024 11264 -1440 ) (1024 11264 -1024 ) 
4 1175 1305 0 (0 10240 2048 ) (0 10240 2240 ) (0 11264 2240 ) (0 11264 2048 ) 
4 1175 1180 0 (0 10240 2240 ) (0 10240 2048 ) (1024 10240 2048 ) (1024 10240 2240 ) 
4 1175 1176 0 (1024 10240 2048 ) (0 10240 2048 ) (0 11264 2048 ) (1024 11264 2048 ) 
4 1176 1306 0 (0 10240 1024 ) (0 10240 2048 ) (0 11264 2048 ) (0 11264 1024 ) 
4 1176 1181 0 (0 10240 2048 ) (0 10240 1024 ) (1024 10240 1024 ) (1024 10240 2048 ) 
4 1176 1177 0 (1024 10240 1024 ) (0 10240 1024 ) (0 11264 1024 ) (1024 11264 1024 ) 
4 1177 1307 0 (0 10240 0 ) (0 10240 1024 ) (0 11264 1024 ) (0 11264 0 ) 
4 1177 1182 0 (0 10240 1024 ) (0 10240 0 ) (1024 10240 0 ) (1024 10240 1024 ) 
4 1177 1178 0 (1024 10240 0 ) (0 10240 0 ) (0 11264 0 ) (1024 11264 0 ) 
4 1178 1308 0 (0 10240 -1024 ) (0 10240 0 ) (0 11264 0 ) (0 11264 -1024 ) 
4 1178 1183 0 (0 10240 0 ) (0 10240 -1024 ) (1024 10240 -1024 ) (1024 10240 0 ) 
4 1178 1179 0 (1024 10240 -1024 ) (0 10240 -1024 ) (0 11264 -1024 ) (1024 11264 -1024 ) 
4 1179 1309 0 (0 10240 -1440 ) (0 10240 -1024 ) (0 11264 -1024 ) (0 11264 -1440 ) 
4 1179 1184 0 (0 10240 -1024 ) (0 10240 -1440 ) (1024 10240 -1440 ) (1024 10240 -1024 ) 
4 1180 1310 0 (0 9216 2048 ) (0 9216 2240 ) (0 10240 2240 ) (0 10240 2048 ) 
4 1180 1185 0 (0 9216 2240 ) (0 9216 2048 ) (1024 9216 2048 ) (1024 9216 2240 ) 
4 1180 1181 0 (1024 9216 2048 ) (0 9216 2048 ) (0 10240 2048 ) (1024 10240 2048 ) 
4 1181 1311 0 (0 9216 1024 ) (0 9216 2048 ) (0 10240 2048 ) (0 10240 1024 ) 
4 1181 1186 0 (0 9216 2048 ) (0 9216 1024 ) (1024 9216 1024 ) (1024 9216 2048 ) 
4 1181 1182 0 (1024 9216 1024 ) (0 9216 1024 ) (0 10240 1024 ) (1024 10240 1024 ) 
4 1182 1312 0 (0 9216 0 ) (0 9216 1024 ) (0 10240 1024 ) (0 10240 0 ) 
4 1182 1187 0 (0 9216 1024 ) (0 9216 0 ) (1024 9216 0 ) (1024 9216 1024 ) 
4 1182 1183 0 (1024 9216 0 ) (0 9216 0 ) (0 10240 0 ) (1024 10240 0 ) 
4 1183 1313 0 (0 9216 -1024 ) (0 9216 0 ) (0 10240 0 ) (0 10240 -1024 ) 
4 1183 1188 0 (0 9216 0 ) (0 9216 -1024 ) (1024 9216 -1024 ) (1024 9216 0 ) 
4 1183 1184 0 (1024 9216 -1024 ) (0 9216 -1024 ) (0 10240 -1024 ) (1024 10240 -1024 ) 
4 1184 1314 0 (0 9216 -1440 ) (0 9216 -1024 ) (0 10240 -1024 ) (0 10240 -1440 ) 
4 1184 1189 0 (0 9216 -1024 ) (0 9216 -1440 ) (1024 9216 -1440 ) (1024 9216 -1024 ) 
4 1185 1315 0 (0 8192 2048 ) (0 8192 2240 ) (0 9216 2240 ) (0 9216 2048 ) 
4 1185 1190 0 (0 8192 2240 ) (0 8192 2048 ) (1024 8192 2048 ) (1024 8192 2240 ) 
4 1185 1186 0 (1024 8192 2048 ) (0 8192 2048 ) (0 9216 2048 ) (1024 9216 2048 ) 
4 1186 1316 0 (0 8192 1024 ) (0 8192 2048 ) (0 9216 2048 ) (0 9216 1024 ) 
4 1186 1191 0 (0 8192 2048 ) (0 8192 1024 ) (1024 8192 1024 ) (1024 8192 2048 ) 
4 1186 1187 0 (1024 8192 1024 ) (0 8192 1024 ) (0 9216 1024 ) (1024 9216 1024 ) 
4 1187 1317 0 (0 8192 0 ) (0 8192 1024 ) (0 9216 1024 ) (0 9216 0 ) 
4 1187 1192 0 (0 8192 1024 ) (0 8192 0 ) (1024 8192 0 ) (1024 8192 1024 ) 
4 1187 1188 0 (1024 8192 0 ) (0 8192 0 ) (0 9216 0 ) (1024 9216 0 ) 
4 1188 1318 0 (0 8192 -1024 ) (0 8192 0 ) (0 9216 0 ) (0 9216 -1024 ) 
4 1188 1193 0 (0 8192 0 ) (0 8192 -1024 ) (1024 8192 -1024 ) (1024 8192 0 ) 
4 1188 1189 0 (1024 8192 -1024 ) (0 8192 -1024 ) (0 9216 -1024 ) (1024 9216 -1024 ) 
4 1189 1319 0 (0 8192 -1440 ) (0 8192 -1024 ) (0 9216 -1024 ) (0 9216 -1440 ) 
4 1189 1194 0 (0 8192 -1024 ) (0 8192 -1440 ) (1024 8192 -1440 ) (1024 8192 -1024 ) 
4 1190 1320 0 (0 7168 2048 ) (0 7168 2240 ) (0 8192 2240 ) (0 8192 2048 ) 
4 1190 1195 0 (0 7168 2240 ) (0 7168 2048 ) (1024 7168 2048 ) (1024 7168 2240 ) 
4 1190 1191 0 (1024 7168 2048 ) (0 7168 2048 ) (0 8192 2048 ) (1024 8192 2048 ) 
4 1191 1321 0 (0 7168 1024 ) (0 7168 2048 ) (0 8192 2048 ) (0 8192 1024 ) 
4 1191 1196 0 (0 7168 2048 ) (0 7168 1024 ) (1024 7168 1024 ) (1024 7168 2048 ) 
4 1191 1192 0 (1024 7168 1024 ) (0 7168 1024 ) (0 8192 1024 ) (1024 8192 1024 ) 
4 1192 1322 0 (0 7168 0 ) (0 7168 1024 ) (0 8192 1024 ) (0 8192 0 ) 
4 1192 1197 0 (0 7168 1024 ) (0 7168 0 ) (1024 7168 0 ) (1024 7168 1024 ) 
4 1192 1193 0 (1024 7168 0 ) (0 7168 0 ) (0 8192 0 ) (1024 8192 0 ) 
4 1193 1323 0 (0 7168 -1024 ) (0 7168 0 ) (0 8192 0 ) (0 8192 -1024 ) 
4 1193 1198 0 (0 7168 0 ) (0 7168 -1024 ) (1024 7168 -1024 ) (1024 7168 0 ) 
4 1193 1194 0 (1024 7168 -1024 ) (0 7168 -1024 ) (0 8192 -1024 ) (1024 8192 -1024 ) 
4 1194 1324 0 (0 7168 -1440 ) (0 7168 -1024 ) (0 8192 -1024 ) (0 8192 -1440 ) 
4 1194 1199 0 (0 7168 -1024 ) (0 7168 -1440 ) (1024 7168 -1440 ) (1024 7168 -1024 ) 
4 1195 1325 0 (0 6144 2048 ) (0 6144 2240 ) (0 7168 2240 ) (0 7168 2048 ) 
4 1195 1200 0 (0 6144 2240 ) (0 6144 2048 ) (1024 6144 2048 ) (1024 6144 2240 ) 
4 1195 1196 0 (1024 6144 2048 ) (0 6144 2048 ) (0 7168 2048 ) (1024 7168 2048 ) 
4 1196 1326 0 (0 6144 1024 ) (0 6144 2048 ) (0 7168 2048 ) (0 7168 1024 ) 
4 1196 1201 0 (0 6144 2048 ) (0 6144 1024 ) (1024 6144 1024 ) (1024 6144 2048 ) 
4 1196 1197 0 (1024 6144 1024 ) (0 6144 1024 ) (0 7168 1024 ) (1024 7168 1024 ) 
4 1197 1327 0 (0 6144 0 ) (0 6144 1024 ) (0 7168 1024 ) (0 7168 0 ) 
4 1197 1202 0 (0 6144 1024 ) (0 6144 0 ) (1024 6144 0 ) (1024 6144 1024 ) 
4 1197 1198 0 (1024 6144 0 ) (0 6144 0 ) (0 7168 0 ) (1024 7168 0 ) 
4 1198 1328 0 (0 6144 -1024 ) (0 6144 0 ) (0 7168 0 ) (0 7168 -1024 ) 
4 1198 1203 0 (0 6144 0 ) (0 6144 -1024 ) (1024 6144 -1024 ) (1024 6144 0 ) 
4 1198 1199 0 (1024 6144 -1024 ) (0 6144 -1024 ) (0 7168 -1024 ) (1024 7168 -1024 ) 
4 1199 1329 0 (0 6144 -1440 ) (0 6144 -1024 ) (0 7168 -1024 ) (0 7168 -1440 ) 
4 1199 1204 0 (0 6144 -1024 ) (0 6144 -1440 ) (1024 6144 -1440 ) (1024 6144 -1024 ) 
4 1200 1330 0 (0 5120 2048 ) (0 5120 2240 ) (0 6144 2240 ) (0 6144 2048 ) 
4 1200 1205 0 (0 5120 2240 ) (0 5120 2048 ) (1024 5120 2048 ) (1024 5120 2240 ) 
4 1200 1201 0 (1024 5120 2048 ) (0 5120 2048 ) (0 6144 2048 ) (1024 6144 2048 ) 
4 1201 1331 0 (0 5120 1024 ) (0 5120 2048 ) (0 6144 2048 ) (0 6144 1024 ) 
4 1201 1206 0 (0 5120 2048 ) (0 5120 1024 ) (1024 5120 1024 ) (1024 5120 2048 ) 
4 1201 1202 0 (1024 5120 1024 ) (0 5120 1024 ) (0 6144 1024 ) (1024 6144 1024 ) 
4 1202 1332 0 (0 5120 0 ) (0 5120 1024 ) (0 6144 1024 ) (0 6144 0 ) 
4 1202 1207 0 (0 5120 1024 ) (0 5120 0 ) (1024 5120 0 ) (1024 5120 1024 ) 
4 1202 1203 0 (1024 5120 0 ) (0 5120 0 ) (0 6144 0 ) (1024 6144 0 ) 
4 1203 1333 0 (0 5120 -1024 ) (0 5120 0 ) (0 6144 0 ) (0 6144 -1024 ) 
4 1203 1208 0 (0 5120 0 ) (0 5120 -1024 ) (1024 5120 -1024 ) (1024 5120 0 ) 
4 1203 1204 0 (1024 5120 -1024 ) (0 5120 -1024 ) (0 6144 -1024 ) (1024 6144 -1024 ) 
4 1204 1334 0 (0 5120 -1440 ) (0 5120 -1024 ) (0 6144 -1024 ) (0 6144 -1440 ) 
4 1204 1209 0 (0 5120 -1024 ) (0 5120 -1440 ) (1024 5120 -1440 ) (1024 5120 -1024 ) 
4 1205 1335 0 (0 4096 2048 ) (0 4096 2240 ) (0 5120 2240 ) (0 5120 2048 ) 
4 1205 1210 0 (0 4096 2240 ) (0 4096 2048 ) (1024 4096 2048 ) (1024 4096 2240 ) 
4 1205 1206 0 (1024 4096 2048 ) (0 4096 2048 ) (0 5120 2048 ) (1024 5120 2048 ) 
4 1206 1336 0 (0 4096 1024 ) (0 4096 2048 ) (0 5120 2048 ) (0 5120 1024 ) 
4 1206 1211 0 (0 4096 2048 ) (0 4096 1024 ) (1024 4096 1024 ) (1024 4096 2048 ) 
4 1206 1207 0 (1024 4096 1024 ) (0 4096 1024 ) (0 5120 1024 ) (1024 5120 1024 ) 
4 1207 1337 0 (0 4096 0 ) (0 4096 1024 ) (0 5120 1024 ) (0 5120 0 ) 
4 1207 1212 0 (0 4096 1024 ) (0 4096 0 ) (1024 4096 0 ) (1024 4096 1024 ) 
4 1207 1208 0 (1024 4096 0 ) (0 4096 0 ) (0 5120 0 ) (1024 5120 0 ) 
4 1208 1338 0 (0 4096 -1024 ) (0 4096 0 ) (0 5120 0 ) (0 5120 -1024 ) 
4 1208 1213 0 (0 4096 0 ) (0 4096 -1024 ) (1024 4096 -1024 ) (1024 4096 0 ) 
4 1208 1209 0 (1024 4096 -1024 ) (0 4096 -1024 ) (0 5120 -1024 ) (1024 5120 -1024 ) 
4 1209 1339 0 (0 4096 -1440 ) (0 4096 -1024 ) (0 5120 -1024 ) (0 5120 -1440 ) 
4 1209 1214 0 (0 4096 -1024 ) (0 4096 -1440 ) (1024 4096 -1440 ) (1024 4096 -1024 ) 
4 1210 1340 0 (0 3072 2048 ) (0 3072 2240 ) (0 4096 2240 ) (0 4096 2048 ) 
4 1210 1215 0 (0 3072 2240 ) (0 3072 2048 ) (1024 3072 2048 ) (1024 3072 2240 ) 
4 1210 1211 0 (1024 3072 2048 ) (0 3072 2048 ) (0 4096 2048 ) (1024 4096 2048 ) 
4 1211 1341 0 (0 3072 1024 ) (0 3072 2048 ) (0 4096 2048 ) (0 4096 1024 ) 
4 1211 1216 0 (0 3072 2048 ) (0 3072 1024 ) (1024 3072 1024 ) (1024 3072 2048 ) 
4 1211 1212 0 (1024 3072 1024 ) (0 3072 1024 ) (0 4096 1024 ) (1024 4096 1024 ) 
4 1212 1342 0 (0 3072 0 ) (0 3072 1024 ) (0 4096 1024 ) (0 4096 0 ) 
4 1212 1217 0 (0 3072 1024 ) (0 3072 0 ) (1024 3072 0 ) (1024 3072 1024 ) 
4 1212 1213 0 (1024 3072 0 ) (0 3072 0 ) (0 4096 0 ) (1024 4096 0 ) 
4 1213 1343 0 (0 3072 -1024 ) (0 3072 0 ) (0 4096 0 ) (0 4096 -1024 ) 
4 1213 1218 0 (0 3072 0 ) (0 3072 -1024 ) (1024 3072 -1024 ) (1024 3072 0 ) 
4 1213 1214 0 (1024 3072 -1024 ) (0 3072 -1024 ) (0 4096 -1024 ) (1024 4096 -1024 ) 
4 1214 1344 0 (0 3072 -1440 ) (0 3072 -1024 ) (0 4096 -1024 ) (0 4096 -1440 ) 
4 1214 1219 0 (0 3072 -1024 ) (0 3072 -1440 ) (1024 3072 -1440 ) (1024 3072 -1024 ) 
4 1215 1345 0 (0 2048 2048 ) (0 2048 2240 ) (0 3072 2240 ) (0 3072 2048 ) 
4 1215 1220 0 (0 2048 2240 ) (0 2048 2048 ) (1024 2048 2048 ) (1024 2048 2240 ) 
4 1215 1216 0 (1024 2048 2048 ) (0 2048 2048 ) (0 3072 2048 ) (1024 3072 2048 ) 
4 1216 1346 0 (0 2048 1024 ) (0 2048 2048 ) (0 3072 2048 ) (0 3072 1024 ) 
4 1216 1221 0 (0 2048 2048 ) (0 2048 1024 ) (1024 2048 1024 ) (1024 2048 2048 ) 
4 1216 1217 0 (1024 2048 1024 ) (0 2048 1024 ) (0 3072 1024 ) (1024 3072 1024 ) 
4 1217 1347 0 (0 2048 0 ) (0 2048 1024 ) (0 3072 1024 ) (0 3072 0 ) 
4 1217 1222 0 (0 2048 1024 ) (0 2048 0 ) (1024 2048 0 ) (1024 2048 1024 ) 
4 1217 1218 0 (1024 2048 0 ) (0 2048 0 ) (0 3072 0 ) (1024 3072 0 ) 
4 1218 1348 0 (0 2048 -1024 ) (0 2048 0 ) (0 3072 0 ) (0 3072 -1024 ) 
4 1218 1223 0 (0 2048 0 ) (0 2048 -1024 ) (1024 2048 -1024 ) (1024 2048 0 ) 
4 1218 1219 0 (1024 2048 -1024 ) (0 2048 -1024 ) (0 3072 -1024 ) (1024 3072 -1024 ) 
4 1219 1349 0 (0 2048 -1440 ) (0 2048 -1024 ) (0 3072 -1024 ) (0 3072 -1440 ) 
4 1219 1224 0 (0 2048 -1024 ) (0 2048 -1440 ) (1024 2048 -1440 ) (1024 2048 -1024 ) 
4 1220 1350 0 (0 1024 2048 ) (0 1024 2240 ) (0 2048 2240 ) (0 2048 2048 ) 
4 1220 1225 0 (0 1024 2240 ) (0 1024 2048 ) (1024 1024 2048 ) (1024 1024 2240 ) 
4 1220 1221 0 (1024 1024 2048 ) (0 1024 2048 ) (0 2048 2048 ) (1024 2048 2048 ) 
4 1221 1351 0 (0 1024 1024 ) (0 1024 2048 ) (0 2048 2048 ) (0 2048 1024 ) 
4 1221 1226 0 (0 1024 2048 ) (0 1024 1024 ) (1024 1024 1024 ) (1024 1024 2048 ) 
4 1221 1222 0 (1024 1024 1024 ) (0 1024 1024 ) (0 2048 1024 ) (1024 2048 1024 ) 
4 1222 1352 0 (0 1024 0 ) (0 1024 1024 ) (0 2048 1024 ) (0 2048 0 ) 
4 1222 1227 0 (0 1024 1024 ) (0 1024 0 ) (1024 1024 0 ) (1024 1024 1024 ) 
4 1222 1223 0 (1024 1024 0 ) (0 1024 0 ) (0 2048 0 ) (1024 2048 0 ) 
4 1223 1353 0 (0 1024 -1024 ) (0 1024 0 ) (0 2048 0 ) (0 2048 -1024 ) 
4 1223 1228 0 (0 1024 0 ) (0 1024 -1024 ) (1024 1024 -1024 ) (1024 1024 0 ) 
4 1223 1224 0 (1024 1024 -1024 ) (0 1024 -1024 ) (0 2048 -1024 ) (1024 2048 -1024 ) 
4 1224 1354 0 (0 1024 -1440 ) (0 1024 -1024 ) (0 2048 -1024 ) (0 2048 -1440 ) 
4 1224 1229 0 (0 1024 -1024 ) (0 1024 -1440 ) (1024 1024 -1440 ) (1024 1024 -1024 ) 
4 1225 1355 0 (0 0 2048 ) (0 0 2240 ) (0 1024 2240 ) (0 1024 2048 ) 
4 1225 1230 0 (0 0 2240 ) (0 0 2048 ) (1024 0 2048 ) (1024 0 2240 ) 
4 1225 1226 0 (1024 0 2048 ) (0 0 2048 ) (0 1024 2048 ) (1024 1024 2048 ) 
4 1226 1356 0 (0 0 1024 ) (0 0 2048 ) (0 1024 2048 ) (0 1024 1024 ) 
4 1226 1231 0 (0 0 2048 ) (0 0 1024 ) (1024 0 1024 ) (1024 0 2048 ) 
4 1226 1227 0 (1024 0 1024 ) (0 0 1024 ) (0 1024 1024 ) (1024 1024 1024 ) 
4 1227 1357 0 (0 0 0 ) (0 0 1024 ) (0 1024 1024 ) (0 1024 0 ) 
4 1227 1232 0 (0 0 1024 ) (0 0 0 ) (1024 0 0 ) (1024 0 1024 ) 
4 1227 1228 0 (1024 0 0 ) (0 0 0 ) (0 1024 0 ) (1024 1024 0 ) 
4 1228 1358 0 (0 0 -1024 ) (0 0 0 ) (0 1024 0 ) (0 1024 -1024 ) 
4 1228 1233 0 (0 0 0 ) (0 0 -1024 ) (1024 0 -1024 ) (1024 0 0 ) 
4 1228 1229 0 (1024 0 -1024 ) (0 0 -1024 ) (0 1024 -1024 ) (1024 1024 -1024 ) 
4 1229 1359 0 (0 0 -1440 ) (0 0 -1024 ) (0 1024 -1024 ) (0 1024 -1440 ) 
4 1229 1234 0 (0 0 -1024 ) (0 0 -1440 ) (1024 0 -1440 ) (1024 0 -1024 ) 
4 1230 1360 0 (0 -1024 2048 ) (0 -1024 2240 ) (0 0 2240 ) (0 0 2048 ) 
4 1230 1235 0 (0 -1024 2240 ) (0 -1024 2048 ) (1024 -1024 2048 ) (1024 -1024 2240 ) 
4 1230 1231 0 (1024 -1024 2048 ) (0 -1024 2048 ) (0 0 2048 ) (1024 0 2048 ) 
4 1231 1361 0 (0 -1024 1024 ) (0 -1024 2048 ) (0 0 2048 ) (0 0 1024 ) 
4 1231 1236 0 (0 -1024 2048 ) (0 -1024 1024 ) (1024 -1024 1024 ) (1024 -1024 2048 ) 
4 1231 1232 0 (1024 -1024 1024 ) (0 -1024 1024 ) (0 0 1024 ) (1024 0 1024 ) 
4 1232 1362 0 (0 -1024 0 ) (0 -1024 1024 ) (0 0 1024 ) (0 0 0 ) 
4 1232 1237 0 (0 -1024 1024 ) (0 -1024 0 ) (1024 -1024 0 ) (1024 -1024 1024 ) 
4 1232 1233 0 (1024 -1024 0 ) (0 -1024 0 ) (0 0 0 ) (1024 0 0 ) 
4 1233 1363 0 (0 -1024 -1024 ) (0 -1024 0 ) (0 0 0 ) (0 0 -1024 ) 
4 1233 1238 0 (0 -1024 0 ) (0 -1024 -1024 ) (1024 -1024 -1024 ) (1024 -1024 0 ) 
4 1233 1234 0 (1024 -1024 -1024 ) (0 -1024 -1024 ) (0 0 -1024 ) (1024 0 -1024 ) 
4 1234 1364 0 (0 -1024 -1440 ) (0 -1024 -1024 ) (0 0 -1024 ) (0 0 -1440 ) 
4 1234 1239 0 (0 -1024 -1024 ) (0 -1024 -1440 ) (1024 -1024 -1440 ) (1024 -1024 -1024 ) 
4 1235 1365 0 (0 -2048 2048 ) (0 -2048 2240 ) (0 -1024 2240 ) (0 -1024 2048 ) 
4 1235 1240 0 (0 -2048 2240 ) (0 -2048 2048 ) (1024 -2048 2048 ) (1024 -2048 2240 ) 
4 1235 1236 0 (1024 -2048 2048 ) (0 -2048 2048 ) (0 -1024 2048 ) (1024 -1024 2048 ) 
4 1236 1366 0 (0 -2048 1024 ) (0 -2048 2048 ) (0 -1024 2048 ) (0 -1024 1024 ) 
4 1236 1241 0 (0 -2048 2048 ) (0 -2048 1024 ) (1024 -2048 1024 ) (1024 -2048 2048 ) 
4 1236 1237 0 (1024 -2048 1024 ) (0 -2048 1024 ) (0 -1024 1024 ) (1024 -1024 1024 ) 
4 1237 1367 0 (0 -2048 0 ) (0 -2048 1024 ) (0 -1024 1024 ) (0 -1024 0 ) 
4 1237 1242 0 (0 -2048 1024 ) (0 -2048 0 ) (1024 -2048 0 ) (1024 -2048 1024 ) 
4 1237 1238 0 (1024 -2048 0 ) (0 -2048 0 ) (0 -1024 0 ) (1024 -1024 0 ) 
4 1238 1368 0 (0 -2048 -1024 ) (0 -2048 0 ) (0 -1024 0 ) (0 -1024 -1024 ) 
4 1238 1243 0 (0 -2048 0 ) (0 -2048 -1024 ) (1024 -2048 -1024 ) (1024 -2048 0 ) 
4 1238 1239 0 (1024 -2048 -1024 ) (0 -2048 -1024 ) (0 -1024 -1024 ) (1024 -1024 -1024 ) 
4 1239 1369 0 (0 -2048 -1440 ) (0 -2048 -1024 ) (0 -1024 -1024 ) (0 -1024 -1440 ) 
4 1239 1244 0 (0 -2048 -1024 ) (0 -2048 -1440 ) (1024 -2048 -1440 ) (1024 -2048 -1024 ) 
4 1240 1370 0 (0 -3072 2048 ) (0 -3072 2240 ) (0 -2048 2240 ) (0 -2048 2048 ) 
4 1240 1245 0 (0 -3072 2240 ) (0 -3072 2048 ) (1024 -3072 2048 ) (1024 -3072 2240 ) 
4 1240 1241 0 (1024 -3072 2048 ) (0 -3072 2048 ) (0 -2048 2048 ) (1024 -2048 2048 ) 
4 1241 1371 0 (0 -3072 1024 ) (0 -3072 2048 ) (0 -2048 2048 ) (0 -2048 1024 ) 
4 1241 1246 0 (0 -3072 2048 ) (0 -3072 1024 ) (1024 -3072 1024 ) (1024 -3072 2048 ) 
4 1241 1242 0 (1024 -3072 1024 ) (0 -3072 1024 ) (0 -2048 1024 ) (1024 -2048 1024 ) 
4 1242 1372 0 (0 -3072 0 ) (0 -3072 1024 ) (0 -2048 1024 ) (0 -2048 0 ) 
4 1242 1247 0 (0 -3072 1024 ) (0 -3072 0 ) (1024 -3072 0 ) (1024 -3072 1024 ) 
4 1242 1243 0 (1024 -3072 0 ) (0 -3072 0 ) (0 -2048 0 ) (1024 -2048 0 ) 
4 1243 1373 0 (0 -3072 -1024 ) (0 -3072 0 ) (0 -2048 0 ) (0 -2048 -1024 ) 
4 1243 1248 0 (0 -3072 0 ) (0 -3072 -1024 ) (1024 -3072 -1024 ) (1024 -3072 0 ) 
4 1243 1244 0 (1024 -3072 -1024 ) (0 -3072 -1024 ) (0 -2048 -1024 ) (1024 -2048 -1024 ) 
4 1244 1374 0 (0 -3072 -1440 ) (0 -3072 -1024 ) (0 -2048 -1024 ) (0 -2048 -1440 ) 
4 1244 1249 0 (0 -3072 -1024 ) (0 -3072 -1440 ) (1024 -3072 -1440 ) (1024 -3072 -1024 ) 
4 1245 1375 0 (0 -4096 2048 ) (0 -4096 2240 ) (0 -3072 2240 ) (0 -3072 2048 ) 
4 1245 1250 0 (0 -4096 2240 ) (0 -4096 2048 ) (1024 -4096 2048 ) (1024 -4096 2240 ) 
4 1245 1246 0 (1024 -4096 2048 ) (0 -4096 2048 ) (0 -3072 2048 ) (1024 -3072 2048 ) 
4 1246 1376 0 (0 -4096 1024 ) (0 -4096 2048 ) (0 -3072 2048 ) (0 -3072 1024 ) 
4 1246 1251 0 (0 -4096 2048 ) (0 -4096 1024 ) (1024 -4096 1024 ) (1024 -4096 2048 ) 
4 1246 1247 0 (1024 -4096 1024 ) (0 -4096 1024 ) (0 -3072 1024 ) (1024 -3072 1024 ) 
4 1247 1377 0 (0 -4096 0 ) (0 -4096 1024 ) (0 -3072 1024 ) (0 -3072 0 ) 
4 1247 1252 0 (0 -4096 1024 ) (0 -4096 0 ) (1024 -4096 0 ) (1024 -4096 1024 ) 
4 1247 1248 0 (1024 -4096 0 ) (0 -4096 0 ) (0 -3072 0 ) (1024 -3072 0 ) 
4 1248 1378 0 (0 -4096 -1024 ) (0 -4096 0 ) (0 -3072 0 ) (0 -3072 -1024 ) 
4 1248 1253 0 (0 -4096 0 ) (0 -4096 -1024 ) (1024 -4096 -1024 ) (1024 -4096 0 ) 
4 1248 1249 0 (1024 -4096 -1024 ) (0 -4096 -1024 ) (0 -3072 -1024 ) (1024 -3072 -1024 ) 
4 1249 1379 0 (0 -4096 -1440 ) (0 -4096 -1024 ) (0 -3072 -1024 ) (0 -3072 -1440 ) 
4 1249 1254 0 (0 -4096 -1024 ) (0 -4096 -1440 ) (1024 -4096 -1440 ) (1024 -4096 -1024 ) 
4 1250 1380 0 (0 -5120 2048 ) (0 -5120 2240 ) (0 -4096 2240 ) (0 -4096 2048 ) 
4 1250 1255 0 (0 -5120 2240 ) (0 -5120 2048 ) (1024 -5120 2048 ) (1024 -5120 2240 ) 
4 1250 1251 0 (1024 -5120 2048 ) (0 -5120 2048 ) (0 -4096 2048 ) (1024 -4096 2048 ) 
4 1251 1381 0 (0 -5120 1024 ) (0 -5120 2048 ) (0 -4096 2048 ) (0 -4096 1024 ) 
4 1251 1256 0 (0 -5120 2048 ) (0 -5120 1024 ) (1024 -5120 1024 ) (1024 -5120 2048 ) 
4 1251 1252 0 (1024 -5120 1024 ) (0 -5120 1024 ) (0 -4096 1024 ) (1024 -4096 1024 ) 
4 1252 1382 0 (0 -5120 0 ) (0 -5120 1024 ) (0 -4096 1024 ) (0 -4096 0 ) 
4 1252 1257 0 (0 -5120 1024 ) (0 -5120 0 ) (1024 -5120 0 ) (1024 -5120 1024 ) 
4 1252 1253 0 (1024 -5120 0 ) (0 -5120 0 ) (0 -4096 0 ) (1024 -4096 0 ) 
4 1253 1383 0 (0 -5120 -1024 ) (0 -5120 0 ) (0 -4096 0 ) (0 -4096 -1024 ) 
4 1253 1258 0 (0 -5120 0 ) (0 -5120 -1024 ) (1024 -5120 -1024 ) (1024 -5120 0 ) 
4 1253 1254 0 (1024 -5120 -1024 ) (0 -5120 -1024 ) (0 -4096 -1024 ) (1024 -4096 -1024 ) 
4 1254 1384 0 (0 -5120 -1440 ) (0 -5120 -1024 ) (0 -4096 -1024 ) (0 -4096 -1440 ) 
4 1254 1259 0 (0 -5120 -1024 ) (0 -5120 -1440 ) (1024 -5120 -1440 ) (1024 -5120 -1024 ) 
4 1255 1385 0 (0 -6144 2048 ) (0 -6144 2240 ) (0 -5120 2240 ) (0 -5120 2048 ) 
4 1255 1260 0 (0 -6144 2240 ) (0 -6144 2048 ) (1024 -6144 2048 ) (1024 -6144 2240 ) 
4 1255 1256 0 (1024 -6144 2048 ) (0 -6144 2048 ) (0 -5120 2048 ) (1024 -5120 2048 ) 
4 1256 1386 0 (0 -6144 1024 ) (0 -6144 2048 ) (0 -5120 2048 ) (0 -5120 1024 ) 
4 1256 1261 0 (0 -6144 2048 ) (0 -6144 1024 ) (1024 -6144 1024 ) (1024 -6144 2048 ) 
4 1256 1257 0 (1024 -6144 1024 ) (0 -6144 1024 ) (0 -5120 1024 ) (1024 -5120 1024 ) 
4 1257 1387 0 (0 -6144 0 ) (0 -6144 1024 ) (0 -5120 1024 ) (0 -5120 0 ) 
4 1257 1262 0 (0 -6144 1024 ) (0 -6144 0 ) (1024 -6144 0 ) (1024 -6144 1024 ) 
4 1257 1258 0 (1024 -6144 0 ) (0 -6144 0 ) (0 -5120 0 ) (1024 -5120 0 ) 
4 1258 1388 0 (0 -6144 -1024 ) (0 -6144 0 ) (0 -5120 0 ) (0 -5120 -1024 ) 
4 1258 1263 0 (0 -6144 0 ) (0 -6144 -1024 ) (1024 -6144 -1024 ) (1024 -6144 0 ) 
4 1258 1259 0 (1024 -6144 -1024 ) (0 -6144 -1024 ) (0 -5120 -1024 ) (1024 -5120 -1024 ) 
4 1259 1389 0 (0 -6144 -1440 ) (0 -6144 -1024 ) (0 -5120 -1024 ) (0 -5120 -1440 ) 
4 1259 1264 0 (0 -6144 -1024 ) (0 -6144 -1440 ) (1024 -6144 -1440 ) (1024 -6144 -1024 ) 
4 1260 1390 0 (0 -7168 2048 ) (0 -7168 2240 ) (0 -6144 2240 ) (0 -6144 2048 ) 
4 1260 1265 0 (0 -7168 2240 ) (0 -7168 2048 ) (1024 -7168 2048 ) (1024 -7168 2240 ) 
4 1260 1261 0 (1024 -7168 2048 ) (0 -7168 2048 ) (0 -6144 2048 ) (1024 -6144 2048 ) 
4 1261 1391 0 (0 -7168 1024 ) (0 -7168 2048 ) (0 -6144 2048 ) (0 -6144 1024 ) 
4 1261 1266 0 (0 -7168 2048 ) (0 -7168 1024 ) (1024 -7168 1024 ) (1024 -7168 2048 ) 
4 1261 1262 0 (1024 -7168 1024 ) (0 -7168 1024 ) (0 -6144 1024 ) (1024 -6144 1024 ) 
4 1262 1392 0 (0 -7168 0 ) (0 -7168 1024 ) (0 -6144 1024 ) (0 -6144 0 ) 
4 1262 1267 0 (0 -7168 1024 ) (0 -7168 0 ) (1024 -7168 0 ) (1024 -7168 1024 ) 
4 1262 1263 0 (1024 -7168 0 ) (0 -7168 0 ) (0 -6144 0 ) (1024 -6144 0 ) 
4 1263 1393 0 (0 -7168 -1024 ) (0 -7168 0 ) (0 -6144 0 ) (0 -6144 -1024 ) 
4 1263 1268 0 (0 -7168 0 ) (0 -7168 -1024 ) (1024 -7168 -1024 ) (1024 -7168 0 ) 
4 1263 1264 0 (1024 -7168 -1024 ) (0 -7168 -1024 ) (0 -6144 -1024 ) (1024 -6144 -1024 ) 
4 1264 1394 0 (0 -7168 -1440 ) (0 -7168 -1024 ) (0 -6144 -1024 ) (0 -6144 -1440 ) 
4 1264 1269 0 (0 -7168 -1024 ) (0 -7168 -1440 ) (1024 -7168 -1440 ) (1024 -7168 -1024 ) 
4 1265 1395 0 (0 -8192 2048 ) (0 -8192 2240 ) (0 -7168 2240 ) (0 -7168 2048 ) 
4 1265 1270 0 (0 -8192 2240 ) (0 -8192 2048 ) (1024 -8192 2048 ) (1024 -8192 2240 ) 
4 1265 1266 0 (1024 -8192 2048 ) (0 -8192 2048 ) (0 -7168 2048 ) (1024 -7168 2048 ) 
4 1266 1396 0 (0 -8192 1024 ) (0 -8192 2048 ) (0 -7168 2048 ) (0 -7168 1024 ) 
4 1266 1271 0 (0 -8192 2048 ) (0 -8192 1024 ) (1024 -8192 1024 ) (1024 -8192 2048 ) 
4 1266 1267 0 (1024 -8192 1024 ) (0 -8192 1024 ) (0 -7168 1024 ) (1024 -7168 1024 ) 
4 1267 1397 0 (0 -8192 0 ) (0 -8192 1024 ) (0 -7168 1024 ) (0 -7168 0 ) 
4 1267 1272 0 (0 -8192 1024 ) (0 -8192 0 ) (1024 -8192 0 ) (1024 -8192 1024 ) 
4 1267 1268 0 (1024 -8192 0 ) (0 -8192 0 ) (0 -7168 0 ) (1024 -7168 0 ) 
4 1268 1398 0 (0 -8192 -1024 ) (0 -8192 0 ) (0 -7168 0 ) (0 -7168 -1024 ) 
4 1268 1273 0 (0 -8192 0 ) (0 -8192 -1024 ) (1024 -8192 -1024 ) (1024 -8192 0 ) 
4 1268 1269 0 (1024 -8192 -1024 ) (0 -8192 -1024 ) (0 -7168 -1024 ) (1024 -7168 -1024 ) 
4 1269 1399 0 (0 -8192 -1440 ) (0 -8192 -1024 ) (0 -7168 -1024 ) (0 -7168 -1440 ) 
4 1269 1274 0 (0 -8192 -1024 ) (0 -8192 -1440 ) (1024 -8192 -1440 ) (1024 -8192 -1024 ) 
4 1270 1400 0 (0 -9216 2048 ) (0 -9216 2240 ) (0 -8192 2240 ) (0 -8192 2048 ) 
4 1270 1275 0 (0 -9216 2240 ) (0 -9216 2048 ) (1024 -9216 2048 ) (1024 -9216 2240 ) 
4 1270 1271 0 (1024 -9216 2048 ) (0 -9216 2048 ) (0 -8192 2048 ) (1024 -8192 2048 ) 
4 1271 1401 0 (0 -9216 1024 ) (0 -9216 2048 ) (0 -8192 2048 ) (0 -8192 1024 ) 
4 1271 1276 0 (0 -9216 2048 ) (0 -9216 1024 ) (1024 -9216 1024 ) (1024 -9216 2048 ) 
4 1271 1272 0 (1024 -9216 1024 ) (0 -9216 1024 ) (0 -8192 1024 ) (1024 -8192 1024 ) 
4 1272 1402 0 (0 -9216 0 ) (0 -9216 1024 ) (0 -8192 1024 ) (0 -8192 0 ) 
4 1272 1277 0 (0 -9216 1024 ) (0 -9216 0 ) (1024 -9216 0 ) (1024 -9216 1024 ) 
4 1272 1273 0 (1024 -9216 0 ) (0 -9216 0 ) (0 -8192 0 ) (1024 -8192 0 ) 
4 1273 1403 0 (0 -9216 -1024 ) (0 -9216 0 ) (0 -8192 0 ) (0 -8192 -1024 ) 
4 1273 1278 0 (0 -9216 0 ) (0 -9216 -1024 ) (1024 -9216 -1024 ) (1024 -9216 0 ) 
4 1273 1274 0 (1024 -9216 -1024 ) (0 -9216 -1024 ) (0 -8192 -1024 ) (1024 -8192 -1024 ) 
4 1274 1404 0 (0 -9216 -1440 ) (0 -9216 -1024 ) (0 -8192 -1024 ) (0 -8192 -1440 ) 
4 1274 1279 0 (0 -9216 -1024 ) (0 -9216 -1440 ) (1024 -9216 -1440 ) (1024 -9216 -1024 ) 
4 1275 1405 0 (0 -10240 2048 ) (0 -10240 2240 ) (0 -9216 2240 ) (0 -9216 2048 ) 
4 1275 1280 0 (0 -10240 2240 ) (0 -10240 2048 ) (1024 -10240 2048 ) (1024 -10240 2240 ) 
4 1275 1276 0 (1024 -10240 2048 ) (0 -10240 2048 ) (0 -9216 2048 ) (1024 -9216 2048 ) 
4 1276 1406 0 (0 -10240 1024 ) (0 -10240 2048 ) (0 -9216 2048 ) (0 -9216 1024 ) 
4 1276 1281 0 (0 -10240 2048 ) (0 -10240 1024 ) (1024 -10240 1024 ) (1024 -10240 2048 ) 
4 1276 1277 0 (1024 -10240 1024 ) (0 -10240 1024 ) (0 -9216 1024 ) (1024 -9216 1024 ) 
4 1277 1407 0 (0 -10240 0 ) (0 -10240 1024 ) (0 -9216 1024 ) (0 -9216 0 ) 
4 1277 1282 0 (0 -10240 1024 ) (0 -10240 0 ) (1024 -10240 0 ) (1024 -10240 1024 ) 
4 1277 1278 0 (1024 -10240 0 ) (0 -10240 0 ) (0 -9216 0 ) (1024 -9216 0 ) 
4 1278 1408 0 (0 -10240 -1024 ) (0 -10240 0 ) (0 -9216 0 ) (0 -9216 -1024 ) 
4 1278 1283 0 (0 -10240 0 ) (0 -10240 -1024 ) (1024 -10240 -1024 ) (1024 -10240 0 ) 
4 1278 1279 0 (1024 -10240 -1024 ) (0 -10240 -1024 ) (0 -9216 -1024 ) (1024 -9216 -1024 ) 
4 1279 1409 0 (0 -10240 -1440 ) (0 -10240 -1024 ) (0 -9216 -1024 ) (0 -9216 -1440 ) 
4 1279 1284 0 (0 -10240 -1024 ) (0 -10240 -1440 ) (1024 -10240 -1440 ) (1024 -10240 -1024 ) 
4 1280 1410 0 (0 -11264 2048 ) (0 -11264 2240 ) (0 -10240 2240 ) (0 -10240 2048 ) 
4 1280 1285 0 (0 -11264 2240 ) (0 -11264 2048 ) (1024 -11264 2048 ) (1024 -11264 2240 ) 
4 1280 1281 0 (1024 -11264 2048 ) (0 -11264 2048 ) (0 -10240 2048 ) (1024 -10240 2048 ) 
4 1281 1411 0 (0 -11264 1024 ) (0 -11264 2048 ) (0 -10240 2048 ) (0 -10240 1024 ) 
4 1281 1286 0 (0 -11264 2048 ) (0 -11264 1024 ) (1024 -11264 1024 ) (1024 -11264 2048 ) 
4 1281 1282 0 (1024 -11264 1024 ) (0 -11264 1024 ) (0 -10240 1024 ) (1024 -10240 1024 ) 
4 1282 1412 0 (0 -11264 0 ) (0 -11264 1024 ) (0 -10240 1024 ) (0 -10240 0 ) 
4 1282 1287 0 (0 -11264 1024 ) (0 -11264 0 ) (1024 -11264 0 ) (1024 -11264 1024 ) 
4 1282 1283 0 (1024 -11264 0 ) (0 -11264 0 ) (0 -10240 0 ) (1024 -10240 0 ) 
4 1283 1413 0 (0 -11264 -1024 ) (0 -11264 0 ) (0 -10240 0 ) (0 -10240 -1024 ) 
4 1283 1288 0 (0 -11264 0 ) (0 -11264 -1024 ) (1024 -11264 -1024 ) (1024 -11264 0 ) 
4 1283 1284 0 (1024 -11264 -1024 ) (0 -11264 -1024 ) (0 -10240 -1024 ) (1024 -10240 -1024 ) 
4 1284 1414 0 (0 -11264 -1440 ) (0 -11264 -1024 ) (0 -10240 -1024 ) (0 -10240 -1440 ) 
4 1284 1289 0 (0 -11264 -1024 ) (0 -11264 -1440 ) (1024 -11264 -1440 ) (1024 -11264 -1024 ) 
4 1285 1415 0 (0 -12288 2048 ) (0 -12288 2240 ) (0 -11264 2240 ) (0 -11264 2048 ) 
4 1285 1290 0 (0 -12288 2240 ) (0 -12288 2048 ) (1024 -12288 2048 ) (1024 -12288 2240 ) 
4 1285 1286 0 (1024 -12288 2048 ) (0 -12288 2048 ) (0 -11264 2048 ) (1024 -11264 2048 ) 
4 1286 1416 0 (0 -12288 1024 ) (0 -12288 2048 ) (0 -11264 2048 ) (0 -11264 1024 ) 
4 1286 1291 0 (0 -12288 2048 ) (0 -12288 1024 ) (1024 -12288 1024 ) (1024 -12288 2048 ) 
4 1286 1287 0 (1024 -12288 1024 ) (0 -12288 1024 ) (0 -11264 1024 ) (1024 -11264 1024 ) 
4 1287 1417 0 (0 -12288 0 ) (0 -12288 1024 ) (0 -11264 1024 ) (0 -11264 0 ) 
4 1287 1292 0 (0 -12288 1024 ) (0 -12288 0 ) (1024 -12288 0 ) (1024 -12288 1024 ) 
4 1287 1288 0 (1024 -12288 0 ) (0 -12288 0 ) (0 -11264 0 ) (1024 -11264 0 ) 
4 1288 1418 0 (0 -12288 -1024 ) (0 -12288 0 ) (0 -11264 0 ) (0 -11264 -1024 ) 
4 1288 1293 0 (0 -12288 0 ) (0 -12288 -1024 ) (1024 -12288 -1024 ) (1024 -12288 0 ) 
4 1288 1289 0 (1024 -12288 -1024 ) (0 -12288 -1024 ) (0 -11264 -1024 ) (1024 -11264 -1024 ) 
4 1289 1419 0 (0 -12288 -1440 ) (0 -12288 -1024 ) (0 -11264 -1024 ) (0 -11264 -1440 ) 
4 1289 1294 0 (0 -12288 -1024 ) (0 -12288 -1440 ) (1024 -12288 -1440 ) (1024 -12288 -1024 ) 
4 1290 1420 0 (0 -13312 2048 ) (0 -13312 2240 ) (0 -12288 2240 ) (0 -12288 2048 ) 
4 1290 1295 0 (0 -13312 2240 ) (0 -13312 2048 ) (1024 -13312 2048 ) (1024 -13312 2240 ) 
4 1290 1291 0 (1024 -13312 2048 ) (0 -13312 2048 ) (0 -12288 2048 ) (1024 -12288 2048 ) 
4 1291 1421 0 (0 -13312 1024 ) (0 -13312 2048 ) (0 -12288 2048 ) (0 -12288 1024 ) 
4 1291 1296 0 (0 -13312 2048 ) (0 -13312 1024 ) (1024 -13312 1024 ) (1024 -13312 2048 ) 
4 1291 1292 0 (1024 -13312 1024 ) (0 -13312 1024 ) (0 -12288 1024 ) (1024 -12288 1024 ) 
4 1292 1422 0 (0 -13312 0 ) (0 -13312 1024 ) (0 -12288 1024 ) (0 -12288 0 ) 
4 1292 1297 0 (0 -13312 1024 ) (0 -13312 0 ) (1024 -13312 0 ) (1024 -13312 1024 ) 
4 1292 1293 0 (1024 -13312 0 ) (0 -13312 0 ) (0 -12288 0 ) (1024 -12288 0 ) 
4 1293 1423 0 (0 -13312 -1024 ) (0 -13312 0 ) (0 -12288 0 ) (0 -12288 -1024 ) 
4 1293 1298 0 (0 -13312 0 ) (0 -13312 -1024 ) (1024 -13312 -1024 ) (1024 -13312 0 ) 
4 1293 1294 0 (1024 -13312 -1024 ) (0 -13312 -1024 ) (0 -12288 -1024 ) (1024 -12288 -1024 ) 
4 1294 1424 0 (0 -13312 -1440 ) (0 -13312 -1024 ) (0 -12288 -1024 ) (0 -12288 -1440 ) 
4 1294 1299 0 (0 -13312 -1024 ) (0 -13312 -1440 ) (1024 -13312 -1440 ) (1024 -13312 -1024 ) 
4 1295 1425 0 (0 -13408 2240 ) (0 -13312 2240 ) (0 -13312 2048 ) (0 -13408 2048 ) 
4 1295 1296 0 (0 -13408 2048 ) (0 -13312 2048 ) (1024 -13312 2048 ) (1024 -13408 2048 ) 
4 1296 1426 0 (0 -13408 2048 ) (0 -13312 2048 ) (0 -13312 1024 ) (0 -13408 1024 ) 
4 1296 1297 0 (0 -13408 1024 ) (0 -13312 1024 ) (1024 -13312 1024 ) (1024 -13408 1024 ) 
4 1297 1427 0 (0 -13408 1024 ) (0 -13312 1024 ) (0 -13312 0 ) (0 -13408 0 ) 
4 1297 1298 0 (0 -13408 0 ) (0 -13312 0 ) (1024 -13312 0 ) (1024 -13408 0 ) 
4 1298 1428 0 (0 -13408 0 ) (0 -13312 0 ) (0 -13312 -1024 ) (0 -13408 -1024 ) 
4 1298 1299 0 (0 -13408 -1024 ) (0 -13312 -1024 ) (1024 -13312 -1024 ) (1024 -13408 -1024 ) 
4 1299 1429 0 (0 -13408 -1024 ) (0 -13312 -1024 ) (0 -13312 -1440 ) (0 -13408 -1440 ) 
4 1300 1430 0 (-1024 11264 2048 ) (-1024 11264 2240 ) (-1024 11312 2240 ) (-1024 11312 2048 ) 
4 1300 1305 0 (-1024 11264 2240 ) (-1024 11264 2048 ) (0 11264 2048 ) (0 11264 2240 ) 
4 1300 1301 0 (0 11264 2048 ) (-1024 11264 2048 ) (-1024 11312 2048 ) (0 11312 2048 ) 
4 1301 1431 0 (-1024 11264 1024 ) (-1024 11264 2048 ) (-1024 11312 2048 ) (-1024 11312 1024 ) 
4 1301 1306 0 (-1024 11264 2048 ) (-1024 11264 1024 ) (0 11264 1024 ) (0 11264 2048 ) 
4 1301 1302 0 (0 11264 1024 ) (-1024 11264 1024 ) (-1024 11312 1024 ) (0 11312 1024 ) 
4 1302 1432 0 (-1024 11264 0 ) (-1024 11264 1024 ) (-1024 11312 1024 ) (-1024 11312 0 ) 
4 1302 1307 0 (-1024 11264 1024 ) (-1024 11264 0 ) (0 11264 0 ) (0 11264 1024 ) 
4 1302 1303 0 (0 11264 0 ) (-1024 11264 0 ) (-1024 11312 0 ) (0 11312 0 ) 
4 1303 1433 0 (-1024 11264 -1024 ) (-1024 11264 0 ) (-1024 11312 0 ) (-1024 11312 -1024 ) 
4 1303 1308 0 (-1024 11264 0 ) (-1024 11264 -1024 ) (0 11264 -1024 ) (0 11264 0 ) 
4 1303 1304 0 (0 11264 -1024 ) (-1024 11264 -1024 ) (-1024 11312 -1024 ) (0 11312 -1024 ) 
4 1304 1434 0 (-1024 11264 -1440 ) (-1024 11264 -1024 ) (-1024 11312 -1024 ) (-1024 11312 -1440 ) 
4 1304 1309 0 (-1024 11264 -1024 ) (-1024 11264 -1440 ) (0 11264 -1440 ) (0 11264 -1024 ) 
4 1305 1435 0 (-1024 10240 2048 ) (-1024 10240 2240 ) (-1024 11264 2240 ) (-1024 11264 2048 ) 
4 1305 1310 0 (-1024 10240 2240 ) (-1024 10240 2048 ) (0 10240 2048 ) (0 10240 2240 ) 
4 1305 1306 0 (0 10240 2048 ) (-1024 10240 2048 ) (-1024 11264 2048 ) (0 11264 2048 ) 
4 1306 1436 0 (-1024 10240 1024 ) (-1024 10240 2048 ) (-1024 11264 2048 ) (-1024 11264 1024 ) 
4 1306 1311 0 (-1024 10240 2048 ) (-1024 10240 1024 ) (0 10240 1024 ) (0 10240 2048 ) 
4 1306 1307 0 (0 10240 1024 ) (-1024 10240 1024 ) (-1024 11264 1024 ) (0 11264 1024 ) 
4 1307 1437 0 (-1024 10240 0 ) (-1024 10240 1024 ) (-1024 11264 1024 ) (-1024 11264 0 ) 
4 1307 1312 0 (-1024 10240 1024 ) (-1024 10240 0 ) (0 10240 0 ) (0 10240 1024 ) 
4 1307 1308 0 (0 10240 0 ) (-1024 10240 0 ) (-1024 11264 0 ) (0 11264 0 ) 
4 1308 1438 0 (-1024 10240 -1024 ) (-1024 10240 0 ) (-1024 11264 0 ) (-1024 11264 -1024 ) 
4 1308 1313 0 (-1024 10240 0 ) (-1024 10240 -1024 ) (0 10240 -1024 ) (0 10240 0 ) 
4 1308 1309 0 (0 10240 -1024 ) (-1024 10240 -1024 ) (-1024 11264 -1024 ) (0 11264 -1024 ) 
4 1309 1439 0 (-1024 10240 -1440 ) (-1024 10240 -1024 ) (-1024 11264 -1024 ) (-1024 11264 -1440 ) 
4 1309 1314 0 (-1024 10240 -1024 ) (-1024 10240 -1440 ) (0 10240 -1440 ) (0 10240 -1024 ) 
4 1310 1440 0 (-1024 9216 2048 ) (-1024 9216 2240 ) (-1024 10240 2240 ) (-1024 10240 2048 ) 
4 1310 1315 0 (-1024 9216 2240 ) (-1024 9216 2048 ) (0 9216 2048 ) (0 9216 2240 ) 
4 1310 1311 0 (0 9216 2048 ) (-1024 9216 2048 ) (-1024 10240 2048 ) (0 10240 2048 ) 
4 1311 1441 0 (-1024 9216 1024 ) (-1024 9216 2048 ) (-1024 10240 2048 ) (-1024 10240 1024 ) 
4 1311 1316 0 (-1024 9216 2048 ) (-1024 9216 1024 ) (0 9216 1024 ) (0 9216 2048 ) 
4 1311 1312 0 (0 9216 1024 ) (-1024 9216 1024 ) (-1024 10240 1024 ) (0 10240 1024 ) 
4 1312 1442 0 (-1024 9216 0 ) (-1024 9216 1024 ) (-1024 10240 1024 ) (-1024 10240 0 ) 
4 1312 1317 0 (-1024 9216 1024 ) (-1024 9216 0 ) (0 9216 0 ) (0 9216 1024 ) 
4 1312 1313 0 (0 9216 0 ) (-1024 9216 0 ) (-1024 10240 0 ) (0 10240 0 ) 
4 1313 1443 0 (-1024 9216 -1024 ) (-1024 9216 0 ) (-1024 10240 0 ) (-1024 10240 -1024 ) 
4 1313 1318 0 (-1024 9216 0 ) (-1024 9216 -1024 ) (0 9216 -1024 ) (0 9216 0 ) 
4 1313 1314 0 (0 9216 -1024 ) (-1024 9216 -1024 ) (-1024 10240 -1024 ) (0 10240 -1024 ) 
4 1314 1444 0 (-1024 9216 -1440 ) (-1024 9216 -1024 ) (-1024 10240 -1024 ) (-1024 10240 -1440 ) 
4 1314 1319 0 (-1024 9216 -1024 ) (-1024 9216 -1440 ) (0 9216 -1440 ) (0 9216 -1024 ) 
4 1315 1445 0 (-1024 8192 2048 ) (-1024 8192 2240 ) (-1024 9216 2240 ) (-1024 9216 2048 ) 
4 1315 1320 0 (-1024 8192 2240 ) (-1024 8192 2048 ) (0 8192 2048 ) (0 8192 2240 ) 
4 1315 1316 0 (0 8192 2048 ) (-1024 8192 2048 ) (-1024 9216 2048 ) (0 9216 2048 ) 
4 1316 1446 0 (-1024 8192 1024 ) (-1024 8192 2048 ) (-1024 9216 2048 ) (-1024 9216 1024 ) 
4 1316 1321 0 (-1024 8192 2048 ) (-1024 8192 1024 ) (0 8192 1024 ) (0 8192 2048 ) 
4 1316 1317 0 (0 8192 1024 ) (-1024 8192 1024 ) (-1024 9216 1024 ) (0 9216 1024 ) 
4 1317 1447 0 (-1024 8192 0 ) (-1024 8192 1024 ) (-1024 9216 1024 ) (-1024 9216 0 ) 
4 1317 1322 0 (-1024 8192 1024 ) (-1024 8192 0 ) (0 8192 0 ) (0 8192 1024 ) 
4 1317 1318 0 (0 8192 0 ) (-1024 8192 0 ) (-1024 9216 0 ) (0 9216 0 ) 
4 1318 1448 0 (-1024 8192 -1024 ) (-1024 8192 0 ) (-1024 9216 0 ) (-1024 9216 -1024 ) 
4 1318 1323 0 (-1024 8192 0 ) (-1024 8192 -1024 ) (0 8192 -1024 ) (0 8192 0 ) 
4 1318 1319 0 (0 8192 -1024 ) (-1024 8192 -1024 ) (-1024 9216 -1024 ) (0 9216 -1024 ) 
4 1319 1449 0 (-1024 8192 -1440 ) (-1024 8192 -1024 ) (-1024 9216 -1024 ) (-1024 9216 -1440 ) 
4 1319 1324 0 (-1024 8192 -1024 ) (-1024 8192 -1440 ) (0 8192 -1440 ) (0 8192 -1024 ) 
4 1320 1450 0 (-1024 7168 2048 ) (-1024 7168 2240 ) (-1024 8192 2240 ) (-1024 8192 2048 ) 
4 1320 1325 0 (-1024 7168 2240 ) (-1024 7168 2048 ) (0 7168 2048 ) (0 7168 2240 ) 
4 1320 1321 0 (0 7168 2048 ) (-1024 7168 2048 ) (-1024 8192 2048 ) (0 8192 2048 ) 
4 1321 1451 0 (-1024 7168 1024 ) (-1024 7168 2048 ) (-1024 8192 2048 ) (-1024 8192 1024 ) 
4 1321 1326 0 (-1024 7168 2048 ) (-1024 7168 1024 ) (0 7168 1024 ) (0 7168 2048 ) 
4 1321 1322 0 (0 7168 1024 ) (-1024 7168 1024 ) (-1024 8192 1024 ) (0 8192 1024 ) 
4 1322 1452 0 (-1024 7168 0 ) (-1024 7168 1024 ) (-1024 8192 1024 ) (-1024 8192 0 ) 
4 1322 1327 0 (-1024 7168 1024 ) (-1024 7168 0 ) (0 7168 0 ) (0 7168 1024 ) 
4 1322 1323 0 (0 7168 0 ) (-1024 7168 0 ) (-1024 8192 0 ) (0 8192 0 ) 
4 1323 1453 0 (-1024 7168 -1024 ) (-1024 7168 0 ) (-1024 8192 0 ) (-1024 8192 -1024 ) 
4 1323 1328 0 (-1024 7168 0 ) (-1024 7168 -1024 ) (0 7168 -1024 ) (0 7168 0 ) 
4 1323 1324 0 (0 7168 -1024 ) (-1024 7168 -1024 ) (-1024 8192 -1024 ) (0 8192 -1024 ) 
4 1324 1454 0 (-1024 7168 -1440 ) (-1024 7168 -1024 ) (-1024 8192 -1024 ) (-1024 8192 -1440 ) 
4 1324 1329 0 (-1024 7168 -1024 ) (-1024 7168 -1440 ) (0 7168 -1440 ) (0 7168 -1024 ) 
4 1325 1455 0 (-1024 6144 2048 ) (-1024 6144 2240 ) (-1024 7168 2240 ) (-1024 7168 2048 ) 
4 1325 1330 0 (-1024 6144 2240 ) (-1024 6144 2048 ) (0 6144 2048 ) (0 6144 2240 ) 
4 1325 1326 0 (0 6144 2048 ) (-1024 6144 2048 ) (-1024 7168 2048 ) (0 7168 2048 ) 
4 1326 1456 0 (-1024 6144 1024 ) (-1024 6144 2048 ) (-1024 7168 2048 ) (-1024 7168 1024 ) 
4 1326 1331 0 (-1024 6144 2048 ) (-1024 6144 1024 ) (0 6144 1024 ) (0 6144 2048 ) 
4 1326 1327 0 (0 6144 1024 ) (-1024 6144 1024 ) (-1024 7168 1024 ) (0 7168 1024 ) 
4 1327 1457 0 (-1024 6144 0 ) (-1024 6144 1024 ) (-1024 7168 1024 ) (-1024 7168 0 ) 
4 1327 1332 0 (-1024 6144 1024 ) (-1024 6144 0 ) (0 6144 0 ) (0 6144 1024 ) 
4 1327 1328 0 (0 6144 0 ) (-1024 6144 0 ) (-1024 7168 0 ) (0 7168 0 ) 
4 1328 1458 0 (-1024 6144 -1024 ) (-1024 6144 0 ) (-1024 7168 0 ) (-1024 7168 -1024 ) 
4 1328 1333 0 (-1024 6144 0 ) (-1024 6144 -1024 ) (0 6144 -1024 ) (0 6144 0 ) 
4 1328 1329 0 (0 6144 -1024 ) (-1024 6144 -1024 ) (-1024 7168 -1024 ) (0 7168 -1024 ) 
4 1329 1459 0 (-1024 6144 -1440 ) (-1024 6144 -1024 ) (-1024 7168 -1024 ) (-1024 7168 -1440 ) 
4 1329 1334 0 (-1024 6144 -1024 ) (-1024 6144 -1440 ) (0 6144 -1440 ) (0 6144 -1024 ) 
4 1330 1460 0 (-1024 5120 2048 ) (-1024 5120 2240 ) (-1024 6144 2240 ) (-1024 6144 2048 ) 
4 1330 1335 0 (-1024 5120 2240 ) (-1024 5120 2048 ) (0 5120 2048 ) (0 5120 2240 ) 
4 1330 1331 0 (0 5120 2048 ) (-1024 5120 2048 ) (-1024 6144 2048 ) (0 6144 2048 ) 
4 1331 1461 0 (-1024 5120 1024 ) (-1024 5120 2048 ) (-1024 6144 2048 ) (-1024 6144 1024 ) 
4 1331 1336 0 (-1024 5120 2048 ) (-1024 5120 1024 ) (0 5120 1024 ) (0 5120 2048 ) 
4 1331 1332 0 (0 5120 1024 ) (-1024 5120 1024 ) (-1024 6144 1024 ) (0 6144 1024 ) 
4 1332 1462 0 (-1024 5120 0 ) (-1024 5120 1024 ) (-1024 6144 1024 ) (-1024 6144 0 ) 
4 1332 1337 0 (-1024 5120 1024 ) (-1024 5120 0 ) (0 5120 0 ) (0 5120 1024 ) 
4 1332 1333 0 (0 5120 0 ) (-1024 5120 0 ) (-1024 6144 0 ) (0 6144 0 ) 
4 1333 1463 0 (-1024 5120 -1024 ) (-1024 5120 0 ) (-1024 6144 0 ) (-1024 6144 -1024 ) 
4 1333 1338 0 (-1024 5120 0 ) (-1024 5120 -1024 ) (0 5120 -1024 ) (0 5120 0 ) 
4 1333 1334 0 (0 5120 -1024 ) (-1024 5120 -1024 ) (-1024 6144 -1024 ) (0 6144 -1024 ) 
4 1334 1464 0 (-1024 5120 -1440 ) (-1024 5120 -1024 ) (-1024 6144 -1024 ) (-1024 6144 -1440 ) 
4 1334 1339 0 (-1024 5120 -1024 ) (-1024 5120 -1440 ) (0 5120 -1440 ) (0 5120 -1024 ) 
4 1335 1465 0 (-1024 4096 2048 ) (-1024 4096 2240 ) (-1024 5120 2240 ) (-1024 5120 2048 ) 
4 1335 1340 0 (-1024 4096 2240 ) (-1024 4096 2048 ) (0 4096 2048 ) (0 4096 2240 ) 
4 1335 1336 0 (0 4096 2048 ) (-1024 4096 2048 ) (-1024 5120 2048 ) (0 5120 2048 ) 
4 1336 1466 0 (-1024 4096 1024 ) (-1024 4096 2048 ) (-1024 5120 2048 ) (-1024 5120 1024 ) 
4 1336 1341 0 (-1024 4096 2048 ) (-1024 4096 1024 ) (0 4096 1024 ) (0 4096 2048 ) 
4 1336 1337 0 (0 4096 1024 ) (-1024 4096 1024 ) (-1024 5120 1024 ) (0 5120 1024 ) 
4 1337 1467 0 (-1024 4096 0 ) (-1024 4096 1024 ) (-1024 5120 1024 ) (-1024 5120 0 ) 
4 1337 1342 0 (-1024 4096 1024 ) (-1024 4096 0 ) (0 4096 0 ) (0 4096 1024 ) 
4 1337 1338 0 (0 4096 0 ) (-1024 4096 0 ) (-1024 5120 0 ) (0 5120 0 ) 
4 1338 1468 0 (-1024 4096 -1024 ) (-1024 4096 0 ) (-1024 5120 0 ) (-1024 5120 -1024 ) 
4 1338 1343 0 (-1024 4096 0 ) (-1024 4096 -1024 ) (0 4096 -1024 ) (0 4096 0 ) 
4 1338 1339 0 (0 4096 -1024 ) (-1024 4096 -1024 ) (-1024 5120 -1024 ) (0 5120 -1024 ) 
4 1339 1469 0 (-1024 4096 -1440 ) (-1024 4096 -1024 ) (-1024 5120 -1024 ) (-1024 5120 -1440 ) 
4 1339 1344 0 (-1024 4096 -1024 ) (-1024 4096 -1440 ) (0 4096 -1440 ) (0 4096 -1024 ) 
4 1340 1470 0 (-1024 3072 2048 ) (-1024 3072 2240 ) (-1024 4096 2240 ) (-1024 4096 2048 ) 
4 1340 1345 0 (-1024 3072 2240 ) (-1024 3072 2048 ) (0 3072 2048 ) (0 3072 2240 ) 
4 1340 1341 0 (0 3072 2048 ) (-1024 3072 2048 ) (-1024 4096 2048 ) (0 4096 2048 ) 
4 1341 1471 0 (-1024 3072 1024 ) (-1024 3072 2048 ) (-1024 4096 2048 ) (-1024 4096 1024 ) 
4 1341 1346 0 (-1024 3072 2048 ) (-1024 3072 1024 ) (0 3072 1024 ) (0 3072 2048 ) 
4 1341 1342 0 (0 3072 1024 ) (-1024 3072 1024 ) (-1024 4096 1024 ) (0 4096 1024 ) 
4 1342 1472 0 (-1024 3072 0 ) (-1024 3072 1024 ) (-1024 4096 1024 ) (-1024 4096 0 ) 
4 1342 1347 0 (-1024 3072 1024 ) (-1024 3072 0 ) (0 3072 0 ) (0 3072 1024 ) 
4 1342 1343 0 (0 3072 0 ) (-1024 3072 0 ) (-1024 4096 0 ) (0 4096 0 ) 
4 1343 1473 0 (-1024 3072 -1024 ) (-1024 3072 0 ) (-1024 4096 0 ) (-1024 4096 -1024 ) 
4 1343 1348 0 (-1024 3072 0 ) (-1024 3072 -1024 ) (0 3072 -1024 ) (0 3072 0 ) 
4 1343 1344 0 (0 3072 -1024 ) (-1024 3072 -1024 ) (-1024 4096 -1024 ) (0 4096 -1024 ) 
4 1344 1474 0 (-1024 3072 -1440 ) (-1024 3072 -1024 ) (-1024 4096 -1024 ) (-1024 4096 -1440 ) 
4 1344 1349 0 (-1024 3072 -1024 ) (-1024 3072 -1440 ) (0 3072 -1440 ) (0 3072 -1024 ) 
4 1345 1475 0 (-1024 2048 2048 ) (-1024 2048 2240 ) (-1024 3072 2240 ) (-1024 3072 2048 ) 
4 1345 1350 0 (-1024 2048 2240 ) (-1024 2048 2048 ) (0 2048 2048 ) (0 2048 2240 ) 
4 1345 1346 0 (0 2048 2048 ) (-1024 2048 2048 ) (-1024 3072 2048 ) (0 3072 2048 ) 
4 1346 1476 0 (-1024 2048 1024 ) (-1024 2048 2048 ) (-1024 3072 2048 ) (-1024 3072 1024 ) 
4 1346 1351 0 (-1024 2048 2048 ) (-1024 2048 1024 ) (0 2048 1024 ) (0 2048 2048 ) 
4 1346 1347 0 (0 2048 1024 ) (-1024 2048 1024 ) (-1024 3072 1024 ) (0 3072 1024 ) 
4 1347 1477 0 (-1024 2048 0 ) (-1024 2048 1024 ) (-1024 3072 1024 ) (-1024 3072 0 ) 
4 1347 1352 0 (-1024 2048 1024 ) (-1024 2048 0 ) (0 2048 0 ) (0 2048 1024 ) 
4 1347 1348 0 (0 2048 0 ) (-1024 2048 0 ) (-1024 3072 0 ) (0 3072 0 ) 
4 1348 1478 0 (-1024 2048 -1024 ) (-1024 2048 0 ) (-1024 3072 0 ) (-1024 3072 -1024 ) 
4 1348 1353 0 (-1024 2048 0 ) (-1024 2048 -1024 ) (0 2048 -1024 ) (0 2048 0 ) 
4 1348 1349 0 (0 2048 -1024 ) (-1024 2048 -1024 ) (-1024 3072 -1024 ) (0 3072 -1024 ) 
4 1349 1479 0 (-1024 2048 -1440 ) (-1024 2048 -1024 ) (-1024 3072 -1024 ) (-1024 3072 -1440 ) 
4 1349 1354 0 (-1024 2048 -1024 ) (-1024 2048 -1440 ) (0 2048 -1440 ) (0 2048 -1024 ) 
4 1350 1480 0 (-1024 1024 2048 ) (-1024 1024 2240 ) (-1024 2048 2240 ) (-1024 2048 2048 ) 
4 1350 1355 0 (-1024 1024 2240 ) (-1024 1024 2048 ) (0 1024 2048 ) (0 1024 2240 ) 
4 1350 1351 0 (0 1024 2048 ) (-1024 1024 2048 ) (-1024 2048 2048 ) (0 2048 2048 ) 
4 1351 1481 0 (-1024 1024 1024 ) (-1024 1024 2048 ) (-1024 2048 2048 ) (-1024 2048 1024 ) 
4 1351 1356 0 (-1024 1024 2048 ) (-1024 1024 1024 ) (0 1024 1024 ) (0 1024 2048 ) 
4 1351 1352 0 (0 1024 1024 ) (-1024 1024 1024 ) (-1024 2048 1024 ) (0 2048 1024 ) 
4 1352 1482 0 (-1024 1024 0 ) (-1024 1024 1024 ) (-1024 2048 1024 ) (-1024 2048 0 ) 
4 1352 1357 0 (-1024 1024 1024 ) (-1024 1024 0 ) (0 1024 0 ) (0 1024 1024 ) 
4 1352 1353 0 (0 1024 0 ) (-1024 1024 0 ) (-1024 2048 0 ) (0 2048 0 ) 
4 1353 1483 0 (-1024 1024 -1024 ) (-1024 1024 0 ) (-1024 2048 0 ) (-1024 2048 -1024 ) 
4 1353 1358 0 (-1024 1024 0 ) (-1024 1024 -1024 ) (0 1024 -1024 ) (0 1024 0 ) 
4 1353 1354 0 (0 1024 -1024 ) (-1024 1024 -1024 ) (-1024 2048 -1024 ) (0 2048 -1024 ) 
4 1354 1484 0 (-1024 1024 -1440 ) (-1024 1024 -1024 ) (-1024 2048 -1024 ) (-1024 2048 -1440 ) 
4 1354 1359 0 (-1024 1024 -1024 ) (-1024 1024 -1440 ) (0 1024 -1440 ) (0 1024 -1024 ) 
4 1355 1485 0 (-1024 0 2048 ) (-1024 0 2240 ) (-1024 1024 2240 ) (-1024 1024 2048 ) 
4 1355 1360 0 (-1024 0 2240 ) (-1024 0 2048 ) (0 0 2048 ) (0 0 2240 ) 
4 1355 1356 0 (0 0 2048 ) (-1024 0 2048 ) (-1024 1024 2048 ) (0 1024 2048 ) 
4 1356 1486 0 (-1024 0 1024 ) (-1024 0 2048 ) (-1024 1024 2048 ) (-1024 1024 1024 ) 
4 1356 1361 0 (-1024 0 2048 ) (-1024 0 1024 ) (0 0 1024 ) (0 0 2048 ) 
4 1356 1357 0 (0 0 1024 ) (-1024 0 1024 ) (-1024 1024 1024 ) (0 1024 1024 ) 
4 1357 1487 0 (-1024 0 0 ) (-1024 0 1024 ) (-1024 1024 1024 ) (-1024 1024 0 ) 
4 1357 1362 0 (-1024 0 1024 ) (-1024 0 0 ) (0 0 0 ) (0 0 1024 ) 
4 1357 1358 0 (0 0 0 ) (-1024 0 0 ) (-1024 1024 0 ) (0 1024 0 ) 
4 1358 1488 0 (-1024 0 -1024 ) (-1024 0 0 ) (-1024 1024 0 ) (-1024 1024 -1024 ) 
4 1358 1363 0 (-1024 0 0 ) (-1024 0 -1024 ) (0 0 -1024 ) (0 0 0 ) 
4 1358 1359 0 (0 0 -1024 ) (-1024 0 -1024 ) (-1024 1024 -1024 ) (0 1024 -1024 ) 
4 1359 1489 0 (-1024 0 -1440 ) (-1024 0 -1024 ) (-1024 1024 -1024 ) (-1024 1024 -1440 ) 
4 1359 1364 0 (-1024 0 -1024 ) (-1024 0 -1440 ) (0 0 -1440 ) (0 0 -1024 ) 
4 1360 1490 0 (-1024 -1024 2048 ) (-1024 -1024 2240 ) (-1024 0 2240 ) (-1024 0 2048 ) 
4 1360 1365 0 (-1024 -1024 2240 ) (-1024 -1024 2048 ) (0 -1024 2048 ) (0 -1024 2240 ) 
4 1360 1361 0 (0 -1024 2048 ) (-1024 -1024 2048 ) (-1024 0 2048 ) (0 0 2048 ) 
4 1361 1491 0 (-1024 -1024 1024 ) (-1024 -1024 2048 ) (-1024 0 2048 ) (-1024 0 1024 ) 
4 1361 1366 0 (-1024 -1024 2048 ) (-1024 -1024 1024 ) (0 -1024 1024 ) (0 -1024 2048 ) 
4 1361 1362 0 (0 -1024 1024 ) (-1024 -1024 1024 ) (-1024 0 1024 ) (0 0 1024 ) 
4 1362 1492 0 (-1024 -1024 0 ) (-1024 -1024 1024 ) (-1024 0 1024 ) (-1024 0 0 ) 
4 1362 1367 0 (-1024 -1024 1024 ) (-1024 -1024 0 ) (0 -1024 0 ) (0 -1024 1024 ) 
4 1362 1363 0 (0 -1024 0 ) (-1024 -1024 0 ) (-1024 0 0 ) (0 0 0 ) 
4 1363 1493 0 (-1024 -1024 -1024 ) (-1024 -1024 0 ) (-1024 0 0 ) (-1024 0 -1024 ) 
4 1363 1368 0 (-1024 -1024 0 ) (-1024 -1024 -1024 ) (0 -1024 -1024 ) (0 -1024 0 ) 
4 1363 1364 0 (0 -1024 -1024 ) (-1024 -1024 -1024 ) (-1024 0 -1024 ) (0 0 -1024 ) 
4 1364 1494 0 (-1024 -1024 -1440 ) (-1024 -1024 -1024 ) (-1024 0 -1024 ) (-1024 0 -1440 ) 
4 1364 1369 0 (-1024 -1024 -1024 ) (-1024 -1024 -1440 ) (0 -1024 -1440 ) (0 -1024 -1024 ) 
4 1365 1495 0 (-1024 -2048 2048 ) (-1024 -2048 2240 ) (-1024 -1024 2240 ) (-1024 -1024 2048 ) 
4 1365 1370 0 (-1024 -2048 2240 ) (-1024 -2048 2048 ) (0 -2048 2048 ) (0 -2048 2240 ) 
4 1365 1366 0 (0 -2048 2048 ) (-1024 -2048 2048 ) (-1024 -1024 2048 ) (0 -1024 2048 ) 
4 1366 1496 0 (-1024 -2048 1024 ) (-1024 -2048 2048 ) (-1024 -1024 2048 ) (-1024 -1024 1024 ) 
4 1366 1371 0 (-1024 -2048 2048 ) (-1024 -2048 1024 ) (0 -2048 1024 ) (0 -2048 2048 ) 
4 1366 1367 0 (0 -2048 1024 ) (-1024 -2048 1024 ) (-1024 -1024 1024 ) (0 -1024 1024 ) 
4 1367 1497 0 (-1024 -2048 0 ) (-1024 -2048 1024 ) (-1024 -1024 1024 ) (-1024 -1024 0 ) 
4 1367 1372 0 (-1024 -2048 1024 ) (-1024 -2048 0 ) (0 -2048 0 ) (0 -2048 1024 ) 
4 1367 1368 0 (0 -2048 0 ) (-1024 -2048 0 ) (-1024 -1024 0 ) (0 -1024 0 ) 
4 1368 1498 0 (-1024 -2048 -1024 ) (-1024 -2048 0 ) (-1024 -1024 0 ) (-1024 -1024 -1024 ) 
4 1368 1373 0 (-1024 -2048 0 ) (-1024 -2048 -1024 ) (0 -2048 -1024 ) (0 -2048 0 ) 
4 1368 1369 0 (0 -2048 -1024 ) (-1024 -2048 -1024 ) (-1024 -1024 -1024 ) (0 -1024 -1024 ) 
4 1369 1499 0 (-1024 -2048 -1440 ) (-1024 -2048 -1024 ) (-1024 -1024 -1024 ) (-1024 -1024 -1440 ) 
4 1369 1374 0 (-1024 -2048 -1024 ) (-1024 -2048 -1440 ) (0 -2048 -1440 ) (0 -2048 -1024 ) 
4 1370 1500 0 (-1024 -3072 2048 ) (-1024 -3072 2240 ) (-1024 -2048 2240 ) (-1024 -2048 2048 ) 
4 1370 1375 0 (-1024 -3072 2240 ) (-1024 -3072 2048 ) (0 -3072 2048 ) (0 -3072 2240 ) 
4 1370 1371 0 (0 -3072 2048 ) (-1024 -3072 2048 ) (-1024 -2048 2048 ) (0 -2048 2048 ) 
4 1371 1501 0 (-1024 -3072 1024 ) (-1024 -3072 2048 ) (-1024 -2048 2048 ) (-1024 -2048 1024 ) 
4 1371 1376 0 (-1024 -3072 2048 ) (-1024 -3072 1024 ) (0 -3072 1024 ) (0 -3072 2048 ) 
4 1371 1372 0 (0 -3072 1024 ) (-1024 -3072 1024 ) (-1024 -2048 1024 ) (0 -2048 1024 ) 
4 1372 1502 0 (-1024 -3072 0 ) (-1024 -3072 1024 ) (-1024 -2048 1024 ) (-1024 -2048 0 ) 
4 1372 1377 0 (-1024 -3072 1024 ) (-1024 -3072 0 ) (0 -3072 0 ) (0 -3072 1024 ) 
4 1372 1373 0 (0 -3072 0 ) (-1024 -3072 0 ) (-1024 -2048 0 ) (0 -2048 0 ) 
4 1373 1503 0 (-1024 -3072 -1024 ) (-1024 -3072 0 ) (-1024 -2048 0 ) (-1024 -2048 -1024 ) 
4 1373 1378 0 (-1024 -3072 0 ) (-1024 -3072 -1024 ) (0 -3072 -1024 ) (0 -3072 0 ) 
4 1373 1374 0 (0 -3072 -1024 ) (-1024 -3072 -1024 ) (-1024 -2048 -1024 ) (0 -2048 -1024 ) 
4 1374 1504 0 (-1024 -3072 -1440 ) (-1024 -3072 -1024 ) (-1024 -2048 -1024 ) (-1024 -2048 -1440 ) 
4 1374 1379 0 (-1024 -3072 -1024 ) (-1024 -3072 -1440 ) (0 -3072 -1440 ) (0 -3072 -1024 ) 
4 1375 1505 0 (-1024 -4096 2048 ) (-1024 -4096 2240 ) (-1024 -3072 2240 ) (-1024 -3072 2048 ) 
4 1375 1380 0 (-1024 -4096 2240 ) (-1024 -4096 2048 ) (0 -4096 2048 ) (0 -4096 2240 ) 
4 1375 1376 0 (0 -4096 2048 ) (-1024 -4096 2048 ) (-1024 -3072 2048 ) (0 -3072 2048 ) 
4 1376 1506 0 (-1024 -4096 1024 ) (-1024 -4096 2048 ) (-1024 -3072 2048 ) (-1024 -3072 1024 ) 
4 1376 1381 0 (-1024 -4096 2048 ) (-1024 -4096 1024 ) (0 -4096 1024 ) (0 -4096 2048 ) 
4 1376 1377 0 (0 -4096 1024 ) (-1024 -4096 1024 ) (-1024 -3072 1024 ) (0 -3072 1024 ) 
4 1377 1507 0 (-1024 -4096 0 ) (-1024 -4096 1024 ) (-1024 -3072 1024 ) (-1024 -3072 0 ) 
4 1377 1382 0 (-1024 -4096 1024 ) (-1024 -4096 0 ) (0 -4096 0 ) (0 -4096 1024 ) 
4 1377 1378 0 (0 -4096 0 ) (-1024 -4096 0 ) (-1024 -3072 0 ) (0 -3072 0 ) 
4 1378 1508 0 (-1024 -4096 -1024 ) (-1024 -4096 0 ) (-1024 -3072 0 ) (-1024 -3072 -1024 ) 
4 1378 1383 0 (-1024 -4096 0 ) (-1024 -4096 -1024 ) (0 -4096 -1024 ) (0 -4096 0 ) 
4 1378 1379 0 (0 -4096 -1024 ) (-1024 -4096 -1024 ) (-1024 -3072 -1024 ) (0 -3072 -1024 ) 
4 1379 1509 0 (-1024 -4096 -1440 ) (-1024 -4096 -1024 ) (-1024 -3072 -1024 ) (-1024 -3072 -1440 ) 
4 1379 1384 0 (-1024 -4096 -1024 ) (-1024 -4096 -1440 ) (0 -4096 -1440 ) (0 -4096 -1024 ) 
4 1380 1510 0 (-1024 -5120 2048 ) (-1024 -5120 2240 ) (-1024 -4096 2240 ) (-1024 -4096 2048 ) 
4 1380 1385 0 (-1024 -5120 2240 ) (-1024 -5120 2048 ) (0 -5120 2048 ) (0 -5120 2240 ) 
4 1380 1381 0 (0 -5120 2048 ) (-1024 -5120 2048 ) (-1024 -4096 2048 ) (0 -4096 2048 ) 
4 1381 1511 0 (-1024 -5120 1024 ) (-1024 -5120 2048 ) (-1024 -4096 2048 ) (-1024 -4096 1024 ) 
4 1381 1386 0 (-1024 -5120 2048 ) (-1024 -5120 1024 ) (0 -5120 1024 ) (0 -5120 2048 ) 
4 1381 1382 0 (0 -5120 1024 ) (-1024 -5120 1024 ) (-1024 -4096 1024 ) (0 -4096 1024 ) 
4 1382 1512 0 (-1024 -5120 0 ) (-1024 -5120 1024 ) (-1024 -4096 1024 ) (-1024 -4096 0 ) 
4 1382 1387 0 (-1024 -5120 1024 ) (-1024 -5120 0 ) (0 -5120 0 ) (0 -5120 1024 ) 
4 1382 1383 0 (0 -5120 0 ) (-1024 -5120 0 ) (-1024 -4096 0 ) (0 -4096 0 ) 
4 1383 1513 0 (-1024 -5120 -1024 ) (-1024 -5120 0 ) (-1024 -4096 0 ) (-1024 -4096 -1024 ) 
4 1383 1388 0 (-1024 -5120 0 ) (-1024 -5120 -1024 ) (0 -5120 -1024 ) (0 -5120 0 ) 
4 1383 1384 0 (0 -5120 -1024 ) (-1024 -5120 -1024 ) (-1024 -4096 -1024 ) (0 -4096 -1024 ) 
4 1384 1514 0 (-1024 -5120 -1440 ) (-1024 -5120 -1024 ) (-1024 -4096 -1024 ) (-1024 -4096 -1440 ) 
4 1384 1389 0 (-1024 -5120 -1024 ) (-1024 -5120 -1440 ) (0 -5120 -1440 ) (0 -5120 -1024 ) 
4 1385 1515 0 (-1024 -6144 2048 ) (-1024 -6144 2240 ) (-1024 -5120 2240 ) (-1024 -5120 2048 ) 
4 1385 1390 0 (-1024 -6144 2240 ) (-1024 -6144 2048 ) (0 -6144 2048 ) (0 -6144 2240 ) 
4 1385 1386 0 (0 -6144 2048 ) (-1024 -6144 2048 ) (-1024 -5120 2048 ) (0 -5120 2048 ) 
4 1386 1516 0 (-1024 -6144 1024 ) (-1024 -6144 2048 ) (-1024 -5120 2048 ) (-1024 -5120 1024 ) 
4 1386 1391 0 (-1024 -6144 2048 ) (-1024 -6144 1024 ) (0 -6144 1024 ) (0 -6144 2048 ) 
4 1386 1387 0 (0 -6144 1024 ) (-1024 -6144 1024 ) (-1024 -5120 1024 ) (0 -5120 1024 ) 
4 1387 1517 0 (-1024 -6144 0 ) (-1024 -6144 1024 ) (-1024 -5120 1024 ) (-1024 -5120 0 ) 
4 1387 1392 0 (-1024 -6144 1024 ) (-1024 -6144 0 ) (0 -6144 0 ) (0 -6144 1024 ) 
4 1387 1388 0 (0 -6144 0 ) (-1024 -6144 0 ) (-1024 -5120 0 ) (0 -5120 0 ) 
4 1388 1518 0 (-1024 -6144 -1024 ) (-1024 -6144 0 ) (-1024 -5120 0 ) (-1024 -5120 -1024 ) 
4 1388 1393 0 (-1024 -6144 0 ) (-1024 -6144 -1024 ) (0 -6144 -1024 ) (0 -6144 0 ) 
4 1388 1389 0 (0 -6144 -1024 ) (-1024 -6144 -1024 ) (-1024 -5120 -1024 ) (0 -5120 -1024 ) 
4 1389 1519 0 (-1024 -6144 -1440 ) (-1024 -6144 -1024 ) (-1024 -5120 -1024 ) (-1024 -5120 -1440 ) 
4 1389 1394 0 (-1024 -6144 -1024 ) (-1024 -6144 -1440 ) (0 -6144 -1440 ) (0 -6144 -1024 ) 
4 1390 1520 0 (-1024 -7168 2048 ) (-1024 -7168 2240 ) (-1024 -6144 2240 ) (-1024 -6144 2048 ) 
4 1390 1395 0 (-1024 -7168 2240 ) (-1024 -7168 2048 ) (0 -7168 2048 ) (0 -7168 2240 ) 
4 1390 1391 0 (0 -7168 2048 ) (-1024 -7168 2048 ) (-1024 -6144 2048 ) (0 -6144 2048 ) 
4 1391 1521 0 (-1024 -7168 1024 ) (-1024 -7168 2048 ) (-1024 -6144 2048 ) (-1024 -6144 1024 ) 
4 1391 1396 0 (-1024 -7168 2048 ) (-1024 -7168 1024 ) (0 -7168 1024 ) (0 -7168 2048 ) 
4 1391 1392 0 (0 -7168 1024 ) (-1024 -7168 1024 ) (-1024 -6144 1024 ) (0 -6144 1024 ) 
4 1392 1522 0 (-1024 -7168 0 ) (-1024 -7168 1024 ) (-1024 -6144 1024 ) (-1024 -6144 0 ) 
4 1392 1397 0 (-1024 -7168 1024 ) (-1024 -7168 0 ) (0 -7168 0 ) (0 -7168 1024 ) 
4 1392 1393 0 (0 -7168 0 ) (-1024 -7168 0 ) (-1024 -6144 0 ) (0 -6144 0 ) 
4 1393 1523 0 (-1024 -7168 -1024 ) (-1024 -7168 0 ) (-1024 -6144 0 ) (-1024 -6144 -1024 ) 
4 1393 1398 0 (-1024 -7168 0 ) (-1024 -7168 -1024 ) (0 -7168 -1024 ) (0 -7168 0 ) 
4 1393 1394 0 (0 -7168 -1024 ) (-1024 -7168 -1024 ) (-1024 -6144 -1024 ) (0 -6144 -1024 ) 
4 1394 1524 0 (-1024 -7168 -1440 ) (-1024 -7168 -1024 ) (-1024 -6144 -1024 ) (-1024 -6144 -1440 ) 
4 1394 1399 0 (-1024 -7168 -1024 ) (-1024 -7168 -1440 ) (0 -7168 -1440 ) (0 -7168 -1024 ) 
4 1395 1525 0 (-1024 -8192 2048 ) (-1024 -8192 2240 ) (-1024 -7168 2240 ) (-1024 -7168 2048 ) 
4 1395 1400 0 (-1024 -8192 2240 ) (-1024 -8192 2048 ) (0 -8192 2048 ) (0 -8192 2240 ) 
4 1395 1396 0 (0 -8192 2048 ) (-1024 -8192 2048 ) (-1024 -7168 2048 ) (0 -7168 2048 ) 
4 1396 1526 0 (-1024 -8192 1024 ) (-1024 -8192 2048 ) (-1024 -7168 2048 ) (-1024 -7168 1024 ) 
4 1396 1401 0 (-1024 -8192 2048 ) (-1024 -8192 1024 ) (0 -8192 1024 ) (0 -8192 2048 ) 
4 1396 1397 0 (0 -8192 1024 ) (-1024 -8192 1024 ) (-1024 -7168 1024 ) (0 -7168 1024 ) 
4 1397 1527 0 (-1024 -8192 0 ) (-1024 -8192 1024 ) (-1024 -7168 1024 ) (-1024 -7168 0 ) 
4 1397 1402 0 (-1024 -8192 1024 ) (-1024 -8192 0 ) (0 -8192 0 ) (0 -8192 1024 ) 
4 1397 1398 0 (0 -8192 0 ) (-1024 -8192 0 ) (-1024 -7168 0 ) (0 -7168 0 ) 
4 1398 1528 0 (-1024 -8192 -1024 ) (-1024 -8192 0 ) (-1024 -7168 0 ) (-1024 -7168 -1024 ) 
4 1398 1403 0 (-1024 -8192 0 ) (-1024 -8192 -1024 ) (0 -8192 -1024 ) (0 -8192 0 ) 
4 1398 1399 0 (0 -8192 -1024 ) (-1024 -8192 -1024 ) (-1024 -7168 -1024 ) (0 -7168 -1024 ) 
4 1399 1529 0 (-1024 -8192 -1440 ) (-1024 -8192 -1024 ) (-1024 -7168 -1024 ) (-1024 -7168 -1440 ) 
4 1399 1404 0 (-1024 -8192 -1024 ) (-1024 -8192 -1440 ) (0 -8192 -1440 ) (0 -8192 -1024 ) 
4 1400 1530 0 (-1024 -9216 2048 ) (-1024 -9216 2240 ) (-1024 -8192 2240 ) (-1024 -8192 2048 ) 
4 1400 1405 0 (-1024 -9216 2240 ) (-1024 -9216 2048 ) (0 -9216 2048 ) (0 -9216 2240 ) 
4 1400 1401 0 (0 -9216 2048 ) (-1024 -9216 2048 ) (-1024 -8192 2048 ) (0 -8192 2048 ) 
4 1401 1531 0 (-1024 -9216 1024 ) (-1024 -9216 2048 ) (-1024 -8192 2048 ) (-1024 -8192 1024 ) 
4 1401 1406 0 (-1024 -9216 2048 ) (-1024 -9216 1024 ) (0 -9216 1024 ) (0 -9216 2048 ) 
4 1401 1402 0 (0 -9216 1024 ) (-1024 -9216 1024 ) (-1024 -8192 1024 ) (0 -8192 1024 ) 
4 1402 1532 0 (-1024 -9216 0 ) (-1024 -9216 1024 ) (-1024 -8192 1024 ) (-1024 -8192 0 ) 
4 1402 1407 0 (-1024 -9216 1024 ) (-1024 -9216 0 ) (0 -9216 0 ) (0 -9216 1024 ) 
4 1402 1403 0 (0 -9216 0 ) (-1024 -9216 0 ) (-1024 -8192 0 ) (0 -8192 0 ) 
4 1403 1533 0 (-1024 -9216 -1024 ) (-1024 -9216 0 ) (-1024 -8192 0 ) (-1024 -8192 -1024 ) 
4 1403 1408 0 (-1024 -9216 0 ) (-1024 -9216 -1024 ) (0 -9216 -1024 ) (0 -9216 0 ) 
4 1403 1404 0 (0 -9216 -1024 ) (-1024 -9216 -1024 ) (-1024 -8192 -1024 ) (0 -8192 -1024 ) 
4 1404 1534 0 (-1024 -9216 -1440 ) (-1024 -9216 -1024 ) (-1024 -8192 -1024 ) (-1024 -8192 -1440 ) 
4 1404 1409 0 (-1024 -9216 -1024 ) (-1024 -9216 -1440 ) (0 -9216 -1440 ) (0 -9216 -1024 ) 
4 1405 1535 0 (-1024 -10240 2048 ) (-1024 -10240 2240 ) (-1024 -9216 2240 ) (-1024 -9216 2048 ) 
4 1405 1410 0 (-1024 -10240 2240 ) (-1024 -10240 2048 ) (0 -10240 2048 ) (0 -10240 2240 ) 
4 1405 1406 0 (0 -10240 2048 ) (-1024 -10240 2048 ) (-1024 -9216 2048 ) (0 -9216 2048 ) 
4 1406 1536 0 (-1024 -10240 1024 ) (-1024 -10240 2048 ) (-1024 -9216 2048 ) (-1024 -9216 1024 ) 
4 1406 1411 0 (-1024 -10240 2048 ) (-1024 -10240 1024 ) (0 -10240 1024 ) (0 -10240 2048 ) 
4 1406 1407 0 (0 -10240 1024 ) (-1024 -10240 1024 ) (-1024 -9216 1024 ) (0 -9216 1024 ) 
4 1407 1537 0 (-1024 -10240 0 ) (-1024 -10240 1024 ) (-1024 -9216 1024 ) (-1024 -9216 0 ) 
4 1407 1412 0 (-1024 -10240 1024 ) (-1024 -10240 0 ) (0 -10240 0 ) (0 -10240 1024 ) 
4 1407 1408 0 (0 -10240 0 ) (-1024 -10240 0 ) (-1024 -9216 0 ) (0 -9216 0 ) 
4 1408 1538 0 (-1024 -10240 -1024 ) (-1024 -10240 0 ) (-1024 -9216 0 ) (-1024 -9216 -1024 ) 
4 1408 1413 0 (-1024 -10240 0 ) (-1024 -10240 -1024 ) (0 -10240 -1024 ) (0 -10240 0 ) 
4 1408 1409 0 (0 -10240 -1024 ) (-1024 -10240 -1024 ) (-1024 -9216 -1024 ) (0 -9216 -1024 ) 
4 1409 1539 0 (-1024 -10240 -1440 ) (-1024 -10240 -1024 ) (-1024 -9216 -1024 ) (-1024 -9216 -1440 ) 
4 1409 1414 0 (-1024 -10240 -1024 ) (-1024 -10240 -1440 ) (0 -10240 -1440 ) (0 -10240 -1024 ) 
4 1410 1540 0 (-1024 -11264 2048 ) (-1024 -11264 2240 ) (-1024 -10240 2240 ) (-1024 -10240 2048 ) 
4 1410 1415 0 (-1024 -11264 2240 ) (-1024 -11264 2048 ) (0 -11264 2048 ) (0 -11264 2240 ) 
4 1410 1411 0 (0 -11264 2048 ) (-1024 -11264 2048 ) (-1024 -10240 2048 ) (0 -10240 2048 ) 
4 1411 1541 0 (-1024 -11264 1024 ) (-1024 -11264 2048 ) (-1024 -10240 2048 ) (-1024 -10240 1024 ) 
4 1411 1416 0 (-1024 -11264 2048 ) (-1024 -11264 1024 ) (0 -11264 1024 ) (0 -11264 2048 ) 
4 1411 1412 0 (0 -11264 1024 ) (-1024 -11264 1024 ) (-1024 -10240 1024 ) (0 -10240 1024 ) 
4 1412 1542 0 (-1024 -11264 0 ) (-1024 -11264 1024 ) (-1024 -10240 1024 ) (-1024 -10240 0 ) 
4 1412 1417 0 (-1024 -11264 1024 ) (-1024 -11264 0 ) (0 -11264 0 ) (0 -11264 1024 ) 
4 1412 1413 0 (0 -11264 0 ) (-1024 -11264 0 ) (-1024 -10240 0 ) (0 -10240 0 ) 
4 1413 1543 0 (-1024 -11264 -1024 ) (-1024 -11264 0 ) (-1024 -10240 0 ) (-1024 -10240 -1024 ) 
4 1413 1418 0 (-1024 -11264 0 ) (-1024 -11264 -1024 ) (0 -11264 -1024 ) (0 -11264 0 ) 
4 1413 1414 0 (0 -11264 -1024 ) (-1024 -11264 -1024 ) (-1024 -10240 -1024 ) (0 -10240 -1024 ) 
4 1414 1544 0 (-1024 -11264 -1440 ) (-1024 -11264 -1024 ) (-1024 -10240 -1024 ) (-1024 -10240 -1440 ) 
4 1414 1419 0 (-1024 -11264 -1024 ) (-1024 -11264 -1440 ) (0 -11264 -1440 ) (0 -11264 -1024 ) 
4 1415 1545 0 (-1024 -12288 2048 ) (-1024 -12288 2240 ) (-1024 -11264 2240 ) (-1024 -11264 2048 ) 
4 1415 1420 0 (-1024 -12288 2240 ) (-1024 -12288 2048 ) (0 -12288 2048 ) (0 -12288 2240 ) 
4 1415 1416 0 (0 -12288 2048 ) (-1024 -12288 2048 ) (-1024 -11264 2048 ) (0 -11264 2048 ) 
4 1416 1546 0 (-1024 -12288 1024 ) (-1024 -12288 2048 ) (-1024 -11264 2048 ) (-1024 -11264 1024 ) 
4 1416 1421 0 (-1024 -12288 2048 ) (-1024 -12288 1024 ) (0 -12288 1024 ) (0 -12288 2048 ) 
4 1416 1417 0 (0 -12288 1024 ) (-1024 -12288 1024 ) (-1024 -11264 1024 ) (0 -11264 1024 ) 
4 1417 1547 0 (-1024 -12288 0 ) (-1024 -12288 1024 ) (-1024 -11264 1024 ) (-1024 -11264 0 ) 
4 1417 1422 0 (-1024 -12288 1024 ) (-1024 -12288 0 ) (0 -12288 0 ) (0 -12288 1024 ) 
4 1417 1418 0 (0 -12288 0 ) (-1024 -12288 0 ) (-1024 -11264 0 ) (0 -11264 0 ) 
4 1418 1548 0 (-1024 -12288 -1024 ) (-1024 -12288 0 ) (-1024 -11264 0 ) (-1024 -11264 -1024 ) 
4 1418 1423 0 (-1024 -12288 0 ) (-1024 -12288 -1024 ) (0 -12288 -1024 ) (0 -12288 0 ) 
4 1418 1419 0 (0 -12288 -1024 ) (-1024 -12288 -1024 ) (-1024 -11264 -1024 ) (0 -11264 -1024 ) 
4 1419 1549 0 (-1024 -12288 -1440 ) (-1024 -12288 -1024 ) (-1024 -11264 -1024 ) (-1024 -11264 -1440 ) 
4 1419 1424 0 (-1024 -12288 -1024 ) (-1024 -12288 -1440 ) (0 -12288 -1440 ) (0 -12288 -1024 ) 
4 1420 1550 0 (-1024 -13312 2048 ) (-1024 -13312 2240 ) (-1024 -12288 2240 ) (-1024 -12288 2048 ) 
4 1420 1425 0 (-1024 -13312 2240 ) (-1024 -13312 2048 ) (0 -13312 2048 ) (0 -13312 2240 ) 
4 1420 1421 0 (0 -13312 2048 ) (-1024 -13312 2048 ) (-1024 -12288 2048 ) (0 -12288 2048 ) 
4 1421 1551 0 (-1024 -13312 1024 ) (-1024 -13312 2048 ) (-1024 -12288 2048 ) (-1024 -12288 1024 ) 
4 1421 1426 0 (-1024 -13312 2048 ) (-1024 -13312 1024 ) (0 -13312 1024 ) (0 -13312 2048 ) 
4 1421 1422 0 (0 -13312 1024 ) (-1024 -13312 1024 ) (-1024 -12288 1024 ) (0 -12288 1024 ) 
4 1422 1552 0 (-1024 -13312 0 ) (-1024 -13312 1024 ) (-1024 -12288 1024 ) (-1024 -12288 0 ) 
4 1422 1427 0 (-1024 -13312 1024 ) (-1024 -13312 0 ) (0 -13312 0 ) (0 -13312 1024 ) 
4 1422 1423 0 (0 -13312 0 ) (-1024 -13312 0 ) (-1024 -12288 0 ) (0 -12288 0 ) 
4 1423 1553 0 (-1024 -13312 -1024 ) (-1024 -13312 0 ) (-1024 -12288 0 ) (-1024 -12288 -1024 ) 
4 1423 1428 0 (-1024 -13312 0 ) (-1024 -13312 -1024 ) (0 -13312 -1024 ) (0 -13312 0 ) 
4 1423 1424 0 (0 -13312 -1024 ) (-1024 -13312 -1024 ) (-1024 -12288 -1024 ) (0 -12288 -1024 ) 
4 1424 1554 0 (-1024 -13312 -1440 ) (-1024 -13312 -1024 ) (-1024 -12288 -1024 ) (-1024 -12288 -1440 ) 
4 1424 1429 0 (-1024 -13312 -1024 ) (-1024 -13312 -1440 ) (0 -13312 -1440 ) (0 -13312 -1024 ) 
4 1425 1555 0 (-1024 -13312 2240 ) (-1024 -13312 2048 ) (-1024 -13408 2048 ) (-1024 -13408 2240 ) 
4 1425 1426 0 (-1024 -13408 2048 ) (-1024 -13312 2048 ) (0 -13312 2048 ) (0 -13408 2048 ) 
4 1426 1556 0 (-1024 -13408 2048 ) (-1024 -13312 2048 ) (-1024 -13312 1024 ) (-1024 -13408 1024 ) 
4 1426 1427 0 (-1024 -13408 1024 ) (-1024 -13312 1024 ) (0 -13312 1024 ) (0 -13408 1024 ) 
4 1427 1557 0 (-1024 -13408 1024 ) (-1024 -13312 1024 ) (-1024 -13312 0 ) (-1024 -13408 0 ) 
4 1427 1428 0 (-1024 -13408 0 ) (-1024 -13312 0 ) (0 -13312 0 ) (0 -13408 0 ) 
4 1428 1558 0 (-1024 -13408 0 ) (-1024 -13312 0 ) (-1024 -13312 -1024 ) (-1024 -13408 -1024 ) 
4 1428 1429 0 (-1024 -13408 -1024 ) (-1024 -13312 -1024 ) (0 -13312 -1024 ) (0 -13408 -1024 ) 
4 1429 1559 0 (-1024 -13408 -1440 ) (-1024 -13408 -1024 ) (-1024 -13312 -1024 ) (-1024 -13312 -1440 ) 
4 1430 1560 0 (-2048 11312 2048 ) (-2048 11264 2048 ) (-2048 11264 2240 ) (-2048 11312 2240 ) 
4 1430 1435 0 (-2048 11264 2240 ) (-2048 11264 2048 ) (-1024 11264 2048 ) (-1024 11264 2240 ) 
4 1430 1431 0 (-1024 11264 2048 ) (-2048 11264 2048 ) (-2048 11312 2048 ) (-1024 11312 2048 ) 
4 1431 1561 0 (-2048 11312 1024 ) (-2048 11264 1024 ) (-2048 11264 2048 ) (-2048 11312 2048 ) 
4 1431 1436 0 (-2048 11264 2048 ) (-2048 11264 1024 ) (-1024 11264 1024 ) (-1024 11264 2048 ) 
4 1431 1432 0 (-1024 11264 1024 ) (-2048 11264 1024 ) (-2048 11312 1024 ) (-1024 11312 1024 ) 
4 1432 1562 0 (-2048 11312 0 ) (-2048 11264 0 ) (-2048 11264 1024 ) (-2048 11312 1024 ) 
4 1432 1437 0 (-2048 11264 1024 ) (-2048 11264 0 ) (-1024 11264 0 ) (-1024 11264 1024 ) 
4 1432 1433 0 (-1024 11264 0 ) (-2048 11264 0 ) (-2048 11312 0 ) (-1024 11312 0 ) 
4 1433 1563 0 (-2048 11312 -1024 ) (-2048 11264 -1024 ) (-2048 11264 0 ) (-2048 11312 0 ) 
4 1433 1438 0 (-2048 11264 0 ) (-2048 11264 -1024 ) (-1024 11264 -1024 ) (-1024 11264 0 ) 
4 1433 1434 0 (-1024 11264 -1024 ) (-2048 11264 -1024 ) (-2048 11312 -1024 ) (-1024 11312 -1024 ) 
4 1434 1564 0 (-2048 11312 -1440 ) (-2048 11264 -1440 ) (-2048 11264 -1024 ) (-2048 11312 -1024 ) 
4 1434 1439 0 (-2048 11264 -1024 ) (-2048 11264 -1440 ) (-1024 11264 -1440 ) (-1024 11264 -1024 ) 
4 1435 1565 0 (-2048 10240 2048 ) (-2048 10240 2240 ) (-2048 11264 2240 ) (-2048 11264 2048 ) 
4 1435 1440 0 (-2048 10240 2240 ) (-2048 10240 2048 ) (-1024 10240 2048 ) (-1024 10240 2240 ) 
4 1435 1436 0 (-1024 10240 2048 ) (-2048 10240 2048 ) (-2048 11264 2048 ) (-1024 11264 2048 ) 
4 1436 1566 0 (-2048 10240 1024 ) (-2048 10240 2048 ) (-2048 11264 2048 ) (-2048 11264 1024 ) 
4 1436 1441 0 (-2048 10240 2048 ) (-2048 10240 1024 ) (-1024 10240 1024 ) (-1024 10240 2048 ) 
4 1436 1437 0 (-1024 10240 1024 ) (-2048 10240 1024 ) (-2048 11264 1024 ) (-1024 11264 1024 ) 
4 1437 1567 0 (-2048 10240 0 ) (-2048 10240 1024 ) (-2048 11264 1024 ) (-2048 11264 0 ) 
4 1437 1442 0 (-2048 10240 1024 ) (-2048 10240 0 ) (-1024 10240 0 ) (-1024 10240 1024 ) 
4 1437 1438 0 (-1024 10240 0 ) (-2048 10240 0 ) (-2048 11264 0 ) (-1024 11264 0 ) 
4 1438 1568 0 (-2048 10240 -1024 ) (-2048 10240 0 ) (-2048 11264 0 ) (-2048 11264 -1024 ) 
4 1438 1443 0 (-2048 10240 0 ) (-2048 10240 -1024 ) (-1024 10240 -1024 ) (-1024 10240 0 ) 
4 1438 1439 0 (-1024 10240 -1024 ) (-2048 10240 -1024 ) (-2048 11264 -1024 ) (-1024 11264 -1024 ) 
4 1439 1569 0 (-2048 10240 -1440 ) (-2048 10240 -1024 ) (-2048 11264 -1024 ) (-2048 11264 -1440 ) 
4 1439 1444 0 (-2048 10240 -1024 ) (-2048 10240 -1440 ) (-1024 10240 -1440 ) (-1024 10240 -1024 ) 
4 1440 1570 0 (-2048 9216 2048 ) (-2048 9216 2240 ) (-2048 10240 2240 ) (-2048 10240 2048 ) 
4 1440 1445 0 (-2048 9216 2240 ) (-2048 9216 2048 ) (-1024 9216 2048 ) (-1024 9216 2240 ) 
4 1440 1441 0 (-1024 9216 2048 ) (-2048 9216 2048 ) (-2048 10240 2048 ) (-1024 10240 2048 ) 
4 1441 1571 0 (-2048 9216 1024 ) (-2048 9216 2048 ) (-2048 10240 2048 ) (-2048 10240 1024 ) 
4 1441 1446 0 (-2048 9216 2048 ) (-2048 9216 1024 ) (-1024 9216 1024 ) (-1024 9216 2048 ) 
4 1441 1442 0 (-1024 9216 1024 ) (-2048 9216 1024 ) (-2048 10240 1024 ) (-1024 10240 1024 ) 
4 1442 1572 0 (-2048 9216 0 ) (-2048 9216 1024 ) (-2048 10240 1024 ) (-2048 10240 0 ) 
4 1442 1447 0 (-2048 9216 1024 ) (-2048 9216 0 ) (-1024 9216 0 ) (-1024 9216 1024 ) 
4 1442 1443 0 (-1024 9216 0 ) (-2048 9216 0 ) (-2048 10240 0 ) (-1024 10240 0 ) 
4 1443 1573 0 (-2048 9216 -1024 ) (-2048 9216 0 ) (-2048 10240 0 ) (-2048 10240 -1024 ) 
4 1443 1448 0 (-2048 9216 0 ) (-2048 9216 -1024 ) (-1024 9216 -1024 ) (-1024 9216 0 ) 
4 1443 1444 0 (-1024 9216 -1024 ) (-2048 9216 -1024 ) (-2048 10240 -1024 ) (-1024 10240 -1024 ) 
4 1444 1574 0 (-2048 9216 -1440 ) (-2048 9216 -1024 ) (-2048 10240 -1024 ) (-2048 10240 -1440 ) 
4 1444 1449 0 (-2048 9216 -1024 ) (-2048 9216 -1440 ) (-1024 9216 -1440 ) (-1024 9216 -1024 ) 
4 1445 1575 0 (-2048 8192 2048 ) (-2048 8192 2240 ) (-2048 9216 2240 ) (-2048 9216 2048 ) 
4 1445 1450 0 (-2048 8192 2240 ) (-2048 8192 2048 ) (-1024 8192 2048 ) (-1024 8192 2240 ) 
4 1445 1446 0 (-1024 8192 2048 ) (-2048 8192 2048 ) (-2048 9216 2048 ) (-1024 9216 2048 ) 
4 1446 1576 0 (-2048 8192 1024 ) (-2048 8192 2048 ) (-2048 9216 2048 ) (-2048 9216 1024 ) 
4 1446 1451 0 (-2048 8192 2048 ) (-2048 8192 1024 ) (-1024 8192 1024 ) (-1024 8192 2048 ) 
4 1446 1447 0 (-1024 8192 1024 ) (-2048 8192 1024 ) (-2048 9216 1024 ) (-1024 9216 1024 ) 
4 1447 1577 0 (-2048 8192 0 ) (-2048 8192 1024 ) (-2048 9216 1024 ) (-2048 9216 0 ) 
4 1447 1452 0 (-2048 8192 1024 ) (-2048 8192 0 ) (-1024 8192 0 ) (-1024 8192 1024 ) 
4 1447 1448 0 (-1024 8192 0 ) (-2048 8192 0 ) (-2048 9216 0 ) (-1024 9216 0 ) 
4 1448 1578 0 (-2048 8192 -1024 ) (-2048 8192 0 ) (-2048 9216 0 ) (-2048 9216 -1024 ) 
4 1448 1453 0 (-2048 8192 0 ) (-2048 8192 -1024 ) (-1024 8192 -1024 ) (-1024 8192 0 ) 
4 1448 1449 0 (-1024 8192 -1024 ) (-2048 8192 -1024 ) (-2048 9216 -1024 ) (-1024 9216 -1024 ) 
4 1449 1579 0 (-2048 8192 -1440 ) (-2048 8192 -1024 ) (-2048 9216 -1024 ) (-2048 9216 -1440 ) 
4 1449 1454 0 (-2048 8192 -1024 ) (-2048 8192 -1440 ) (-1024 8192 -1440 ) (-1024 8192 -1024 ) 
4 1450 1580 0 (-2048 7168 2048 ) (-2048 7168 2240 ) (-2048 8192 2240 ) (-2048 8192 2048 ) 
4 1450 1455 0 (-2048 7168 2240 ) (-2048 7168 2048 ) (-1024 7168 2048 ) (-1024 7168 2240 ) 
4 1450 1451 0 (-1024 7168 2048 ) (-2048 7168 2048 ) (-2048 8192 2048 ) (-1024 8192 2048 ) 
4 1451 1581 0 (-2048 7168 1024 ) (-2048 7168 2048 ) (-2048 8192 2048 ) (-2048 8192 1024 ) 
4 1451 1456 0 (-2048 7168 2048 ) (-2048 7168 1024 ) (-1024 7168 1024 ) (-1024 7168 2048 ) 
4 1451 1452 0 (-1024 7168 1024 ) (-2048 7168 1024 ) (-2048 8192 1024 ) (-1024 8192 1024 ) 
4 1452 1582 0 (-2048 7168 0 ) (-2048 7168 1024 ) (-2048 8192 1024 ) (-2048 8192 0 ) 
4 1452 1457 0 (-2048 7168 1024 ) (-2048 7168 0 ) (-1024 7168 0 ) (-1024 7168 1024 ) 
4 1452 1453 0 (-1024 7168 0 ) (-2048 7168 0 ) (-2048 8192 0 ) (-1024 8192 0 ) 
4 1453 1583 0 (-2048 7168 -1024 ) (-2048 7168 0 ) (-2048 8192 0 ) (-2048 8192 -1024 ) 
4 1453 1458 0 (-2048 7168 0 ) (-2048 7168 -1024 ) (-1024 7168 -1024 ) (-1024 7168 0 ) 
4 1453 1454 0 (-1024 7168 -1024 ) (-2048 7168 -1024 ) (-2048 8192 -1024 ) (-1024 8192 -1024 ) 
4 1454 1584 0 (-2048 7168 -1440 ) (-2048 7168 -1024 ) (-2048 8192 -1024 ) (-2048 8192 -1440 ) 
4 1454 1459 0 (-2048 7168 -1024 ) (-2048 7168 -1440 ) (-1024 7168 -1440 ) (-1024 7168 -1024 ) 
4 1455 1585 0 (-2048 6144 2048 ) (-2048 6144 2240 ) (-2048 7168 2240 ) (-2048 7168 2048 ) 
4 1455 1460 0 (-2048 6144 2240 ) (-2048 6144 2048 ) (-1024 6144 2048 ) (-1024 6144 2240 ) 
4 1455 1456 0 (-1024 6144 2048 ) (-2048 6144 2048 ) (-2048 7168 2048 ) (-1024 7168 2048 ) 
4 1456 1586 0 (-2048 6144 1024 ) (-2048 6144 2048 ) (-2048 7168 2048 ) (-2048 7168 1024 ) 
4 1456 1461 0 (-2048 6144 2048 ) (-2048 6144 1024 ) (-1024 6144 1024 ) (-1024 6144 2048 ) 
4 1456 1457 0 (-1024 6144 1024 ) (-2048 6144 1024 ) (-2048 7168 1024 ) (-1024 7168 1024 ) 
4 1457 1587 0 (-2048 6144 0 ) (-2048 6144 1024 ) (-2048 7168 1024 ) (-2048 7168 0 ) 
4 1457 1462 0 (-2048 6144 1024 ) (-2048 6144 0 ) (-1024 6144 0 ) (-1024 6144 1024 ) 
4 1457 1458 0 (-1024 6144 0 ) (-2048 6144 0 ) (-2048 7168 0 ) (-1024 7168 0 ) 
4 1458 1588 0 (-2048 6144 -1024 ) (-2048 6144 0 ) (-2048 7168 0 ) (-2048 7168 -1024 ) 
4 1458 1463 0 (-2048 6144 0 ) (-2048 6144 -1024 ) (-1024 6144 -1024 ) (-1024 6144 0 ) 
4 1458 1459 0 (-1024 6144 -1024 ) (-2048 6144 -1024 ) (-2048 7168 -1024 ) (-1024 7168 -1024 ) 
4 1459 1589 0 (-2048 6144 -1440 ) (-2048 6144 -1024 ) (-2048 7168 -1024 ) (-2048 7168 -1440 ) 
4 1459 1464 0 (-2048 6144 -1024 ) (-2048 6144 -1440 ) (-1024 6144 -1440 ) (-1024 6144 -1024 ) 
4 1460 1590 0 (-2048 5120 2048 ) (-2048 5120 2240 ) (-2048 6144 2240 ) (-2048 6144 2048 ) 
4 1460 1465 0 (-2048 5120 2240 ) (-2048 5120 2048 ) (-1024 5120 2048 ) (-1024 5120 2240 ) 
4 1460 1461 0 (-1024 5120 2048 ) (-2048 5120 2048 ) (-2048 6144 2048 ) (-1024 6144 2048 ) 
4 1461 1591 0 (-2048 5120 1024 ) (-2048 5120 2048 ) (-2048 6144 2048 ) (-2048 6144 1024 ) 
4 1461 1466 0 (-2048 5120 2048 ) (-2048 5120 1024 ) (-1024 5120 1024 ) (-1024 5120 2048 ) 
4 1461 1462 0 (-1024 5120 1024 ) (-2048 5120 1024 ) (-2048 6144 1024 ) (-1024 6144 1024 ) 
4 1462 1592 0 (-2048 5120 0 ) (-2048 5120 1024 ) (-2048 6144 1024 ) (-2048 6144 0 ) 
4 1462 1467 0 (-2048 5120 1024 ) (-2048 5120 0 ) (-1024 5120 0 ) (-1024 5120 1024 ) 
4 1462 1463 0 (-1024 5120 0 ) (-2048 5120 0 ) (-2048 6144 0 ) (-1024 6144 0 ) 
4 1463 1593 0 (-2048 5120 -1024 ) (-2048 5120 0 ) (-2048 6144 0 ) (-2048 6144 -1024 ) 
4 1463 1468 0 (-2048 5120 0 ) (-2048 5120 -1024 ) (-1024 5120 -1024 ) (-1024 5120 0 ) 
4 1463 1464 0 (-1024 5120 -1024 ) (-2048 5120 -1024 ) (-2048 6144 -1024 ) (-1024 6144 -1024 ) 
4 1464 1594 0 (-2048 5120 -1440 ) (-2048 5120 -1024 ) (-2048 6144 -1024 ) (-2048 6144 -1440 ) 
4 1464 1469 0 (-2048 5120 -1024 ) (-2048 5120 -1440 ) (-1024 5120 -1440 ) (-1024 5120 -1024 ) 
4 1465 1595 0 (-2048 4096 2048 ) (-2048 4096 2240 ) (-2048 5120 2240 ) (-2048 5120 2048 ) 
4 1465 1470 0 (-2048 4096 2240 ) (-2048 4096 2048 ) (-1024 4096 2048 ) (-1024 4096 2240 ) 
4 1465 1466 0 (-1024 4096 2048 ) (-2048 4096 2048 ) (-2048 5120 2048 ) (-1024 5120 2048 ) 
4 1466 1596 0 (-2048 4096 1024 ) (-2048 4096 2048 ) (-2048 5120 2048 ) (-2048 5120 1024 ) 
4 1466 1471 0 (-2048 4096 2048 ) (-2048 4096 1024 ) (-1024 4096 1024 ) (-1024 4096 2048 ) 
4 1466 1467 0 (-1024 4096 1024 ) (-2048 4096 1024 ) (-2048 5120 1024 ) (-1024 5120 1024 ) 
4 1467 1597 0 (-2048 4096 0 ) (-2048 4096 1024 ) (-2048 5120 1024 ) (-2048 5120 0 ) 
4 1467 1472 0 (-2048 4096 1024 ) (-2048 4096 0 ) (-1024 4096 0 ) (-1024 4096 1024 ) 
4 1467 1468 0 (-1024 4096 0 ) (-2048 4096 0 ) (-2048 5120 0 ) (-1024 5120 0 ) 
4 1468 1598 0 (-2048 4096 -1024 ) (-2048 4096 0 ) (-2048 5120 0 ) (-2048 5120 -1024 ) 
4 1468 1473 0 (-2048 4096 0 ) (-2048 4096 -1024 ) (-1024 4096 -1024 ) (-1024 4096 0 ) 
4 1468 1469 0 (-1024 4096 -1024 ) (-2048 4096 -1024 ) (-2048 5120 -1024 ) (-1024 5120 -1024 ) 
4 1469 1599 0 (-2048 4096 -1440 ) (-2048 4096 -1024 ) (-2048 5120 -1024 ) (-2048 5120 -1440 ) 
4 1469 1474 0 (-2048 4096 -1024 ) (-2048 4096 -1440 ) (-1024 4096 -1440 ) (-1024 4096 -1024 ) 
4 1470 1600 0 (-2048 3072 2048 ) (-2048 3072 2240 ) (-2048 4096 2240 ) (-2048 4096 2048 ) 
4 1470 1475 0 (-2048 3072 2240 ) (-2048 3072 2048 ) (-1024 3072 2048 ) (-1024 3072 2240 ) 
4 1470 1471 0 (-1024 3072 2048 ) (-2048 3072 2048 ) (-2048 4096 2048 ) (-1024 4096 2048 ) 
4 1471 1601 0 (-2048 3072 1024 ) (-2048 3072 2048 ) (-2048 4096 2048 ) (-2048 4096 1024 ) 
4 1471 1476 0 (-2048 3072 2048 ) (-2048 3072 1024 ) (-1024 3072 1024 ) (-1024 3072 2048 ) 
4 1471 1472 0 (-1024 3072 1024 ) (-2048 3072 1024 ) (-2048 4096 1024 ) (-1024 4096 1024 ) 
4 1472 1602 0 (-2048 3072 0 ) (-2048 3072 1024 ) (-2048 4096 1024 ) (-2048 4096 0 ) 
4 1472 1477 0 (-2048 3072 1024 ) (-2048 3072 0 ) (-1024 3072 0 ) (-1024 3072 1024 ) 
4 1472 1473 0 (-1024 3072 0 ) (-2048 3072 0 ) (-2048 4096 0 ) (-1024 4096 0 ) 
4 1473 1603 0 (-2048 3072 -1024 ) (-2048 3072 0 ) (-2048 4096 0 ) (-2048 4096 -1024 ) 
4 1473 1478 0 (-2048 3072 0 ) (-2048 3072 -1024 ) (-1024 3072 -1024 ) (-1024 3072 0 ) 
4 1473 1474 0 (-1024 3072 -1024 ) (-2048 3072 -1024 ) (-2048 4096 -1024 ) (-1024 4096 -1024 ) 
4 1474 1604 0 (-2048 3072 -1440 ) (-2048 3072 -1024 ) (-2048 4096 -1024 ) (-2048 4096 -1440 ) 
4 1474 1479 0 (-2048 3072 -1024 ) (-2048 3072 -1440 ) (-1024 3072 -1440 ) (-1024 3072 -1024 ) 
4 1475 1605 0 (-2048 2048 2048 ) (-2048 2048 2240 ) (-2048 3072 2240 ) (-2048 3072 2048 ) 
4 1475 1480 0 (-2048 2048 2240 ) (-2048 2048 2048 ) (-1024 2048 2048 ) (-1024 2048 2240 ) 
4 1475 1476 0 (-1024 2048 2048 ) (-2048 2048 2048 ) (-2048 3072 2048 ) (-1024 3072 2048 ) 
4 1476 1606 0 (-2048 2048 1024 ) (-2048 2048 2048 ) (-2048 3072 2048 ) (-2048 3072 1024 ) 
4 1476 1481 0 (-2048 2048 2048 ) (-2048 2048 1024 ) (-1024 2048 1024 ) (-1024 2048 2048 ) 
4 1476 1477 0 (-1024 2048 1024 ) (-2048 2048 1024 ) (-2048 3072 1024 ) (-1024 3072 1024 ) 
4 1477 1607 0 (-2048 2048 0 ) (-2048 2048 1024 ) (-2048 3072 1024 ) (-2048 3072 0 ) 
4 1477 1482 0 (-2048 2048 1024 ) (-2048 2048 0 ) (-1024 2048 0 ) (-1024 2048 1024 ) 
4 1477 1478 0 (-1024 2048 0 ) (-2048 2048 0 ) (-2048 3072 0 ) (-1024 3072 0 ) 
4 1478 1608 0 (-2048 2048 -1024 ) (-2048 2048 0 ) (-2048 3072 0 ) (-2048 3072 -1024 ) 
4 1478 1483 0 (-2048 2048 0 ) (-2048 2048 -1024 ) (-1024 2048 -1024 ) (-1024 2048 0 ) 
4 1478 1479 0 (-1024 2048 -1024 ) (-2048 2048 -1024 ) (-2048 3072 -1024 ) (-1024 3072 -1024 ) 
4 1479 1609 0 (-2048 2048 -1440 ) (-2048 2048 -1024 ) (-2048 3072 -1024 ) (-2048 3072 -1440 ) 
4 1479 1484 0 (-2048 2048 -1024 ) (-2048 2048 -1440 ) (-1024 2048 -1440 ) (-1024 2048 -1024 ) 
4 1480 1610 0 (-2048 1024 2048 ) (-2048 1024 2240 ) (-2048 2048 2240 ) (-2048 2048 2048 ) 
4 1480 1485 0 (-2048 1024 2240 ) (-2048 1024 2048 ) (-1024 1024 2048 ) (-1024 1024 2240 ) 
4 1480 1481 0 (-1024 1024 2048 ) (-2048 1024 2048 ) (-2048 2048 2048 ) (-1024 2048 2048 ) 
4 1481 1611 0 (-2048 1024 1024 ) (-2048 1024 2048 ) (-2048 2048 2048 ) (-2048 2048 1024 ) 
4 1481 1486 0 (-2048 1024 2048 ) (-2048 1024 1024 ) (-1024 1024 1024 ) (-1024 1024 2048 ) 
4 1481 1482 0 (-1024 1024 1024 ) (-2048 1024 1024 ) (-2048 2048 1024 ) (-1024 2048 1024 ) 
4 1482 1612 0 (-2048 1024 0 ) (-2048 1024 1024 ) (-2048 2048 1024 ) (-2048 2048 0 ) 
4 1482 1487 0 (-2048 1024 1024 ) (-2048 1024 0 ) (-1024 1024 0 ) (-1024 1024 1024 ) 
4 1482 1483 0 (-1024 1024 0 ) (-2048 1024 0 ) (-2048 2048 0 ) (-1024 2048 0 ) 
4 1483 1613 0 (-2048 1024 -1024 ) (-2048 1024 0 ) (-2048 2048 0 ) (-2048 2048 -1024 ) 
4 1483 1488 0 (-2048 1024 0 ) (-2048 1024 -1024 ) (-1024 1024 -1024 ) (-1024 1024 0 ) 
4 1483 1484 0 (-1024 1024 -1024 ) (-2048 1024 -1024 ) (-2048 2048 -1024 ) (-1024 2048 -1024 ) 
4 1484 1614 0 (-2048 1024 -1440 ) (-2048 1024 -1024 ) (-2048 2048 -1024 ) (-2048 2048 -1440 ) 
4 1484 1489 0 (-2048 1024 -1024 ) (-2048 1024 -1440 ) (-1024 1024 -1440 ) (-1024 1024 -1024 ) 
4 1485 1615 0 (-2048 0 2048 ) (-2048 0 2240 ) (-2048 1024 2240 ) (-2048 1024 2048 ) 
4 1485 1490 0 (-2048 0 2240 ) (-2048 0 2048 ) (-1024 0 2048 ) (-1024 0 2240 ) 
4 1485 1486 0 (-1024 0 2048 ) (-2048 0 2048 ) (-2048 1024 2048 ) (-1024 1024 2048 ) 
4 1486 1616 0 (-2048 0 1024 ) (-2048 0 2048 ) (-2048 1024 2048 ) (-2048 1024 1024 ) 
4 1486 1491 0 (-2048 0 2048 ) (-2048 0 1024 ) (-1024 0 1024 ) (-1024 0 2048 ) 
4 1486 1487 0 (-1024 0 1024 ) (-2048 0 1024 ) (-2048 1024 1024 ) (-1024 1024 1024 ) 
4 1487 1617 0 (-2048 0 0 ) (-2048 0 1024 ) (-2048 1024 1024 ) (-2048 1024 0 ) 
4 1487 1492 0 (-2048 0 1024 ) (-2048 0 0 ) (-1024 0 0 ) (-1024 0 1024 ) 
4 1487 1488 0 (-1024 0 0 ) (-2048 0 0 ) (-2048 1024 0 ) (-1024 1024 0 ) 
4 1488 1618 0 (-2048 0 -1024 ) (-2048 0 0 ) (-2048 1024 0 ) (-2048 1024 -1024 ) 
4 1488 1493 0 (-2048 0 0 ) (-2048 0 -1024 ) (-1024 0 -1024 ) (-1024 0 0 ) 
4 1488 1489 0 (-1024 0 -1024 ) (-2048 0 -1024 ) (-2048 1024 -1024 ) (-1024 1024 -1024 ) 
4 1489 1619 0 (-2048 0 -1440 ) (-2048 0 -1024 ) (-2048 1024 -1024 ) (-2048 1024 -1440 ) 
4 1489 1494 0 (-2048 0 -1024 ) (-2048 0 -1440 ) (-1024 0 -1440 ) (-1024 0 -1024 ) 
4 1490 1620 0 (-2048 -1024 2048 ) (-2048 -1024 2240 ) (-2048 0 2240 ) (-2048 0 2048 ) 
4 1490 1495 0 (-2048 -1024 2240 ) (-2048 -1024 2048 ) (-1024 -1024 2048 ) (-1024 -1024 2240 ) 
4 1490 1491 0 (-1024 -1024 2048 ) (-2048 -1024 2048 ) (-2048 0 2048 ) (-1024 0 2048 ) 
4 1491 1621 0 (-2048 -1024 1024 ) (-2048 -1024 2048 ) (-2048 0 2048 ) (-2048 0 1024 ) 
4 1491 1496 0 (-2048 -1024 2048 ) (-2048 -1024 1024 ) (-1024 -1024 1024 ) (-1024 -1024 2048 ) 
4 1491 1492 0 (-1024 -1024 1024 ) (-2048 -1024 1024 ) (-2048 0 1024 ) (-1024 0 1024 ) 
4 1492 1622 0 (-2048 -1024 0 ) (-2048 -1024 1024 ) (-2048 0 1024 ) (-2048 0 0 ) 
4 1492 1497 0 (-2048 -1024 1024 ) (-2048 -1024 0 ) (-1024 -1024 0 ) (-1024 -1024 1024 ) 
4 1492 1493 0 (-1024 -1024 0 ) (-2048 -1024 0 ) (-2048 0 0 ) (-1024 0 0 ) 
4 1493 1623 0 (-2048 -1024 -1024 ) (-2048 -1024 0 ) (-2048 0 0 ) (-2048 0 -1024 ) 
4 1493 1498 0 (-2048 -1024 0 ) (-2048 -1024 -1024 ) (-1024 -1024 -1024 ) (-1024 -1024 0 ) 
4 1493 1494 0 (-1024 -1024 -1024 ) (-2048 -1024 -1024 ) (-2048 0 -1024 ) (-1024 0 -1024 ) 
4 1494 1624 0 (-2048 -1024 -1440 ) (-2048 -1024 -1024 ) (-2048 0 -1024 ) (-2048 0 -1440 ) 
4 1494 1499 0 (-2048 -1024 -1024 ) (-2048 -1024 -1440 ) (-1024 -1024 -1440 ) (-1024 -1024 -1024 ) 
4 1495 1625 0 (-2048 -2048 2048 ) (-2048 -2048 2240 ) (-2048 -1024 2240 ) (-2048 -1024 2048 ) 
4 1495 1500 0 (-2048 -2048 2240 ) (-2048 -2048 2048 ) (-1024 -2048 2048 ) (-1024 -2048 2240 ) 
4 1495 1496 0 (-1024 -2048 2048 ) (-2048 -2048 2048 ) (-2048 -1024 2048 ) (-1024 -1024 2048 ) 
4 1496 1626 0 (-2048 -2048 1024 ) (-2048 -2048 2048 ) (-2048 -1024 2048 ) (-2048 -1024 1024 ) 
4 1496 1501 0 (-2048 -2048 2048 ) (-2048 -2048 1024 ) (-1024 -2048 1024 ) (-1024 -2048 2048 ) 
4 1496 1497 0 (-1024 -2048 1024 ) (-2048 -2048 1024 ) (-2048 -1024 1024 ) (-1024 -1024 1024 ) 
4 1497 1627 0 (-2048 -2048 0 ) (-2048 -2048 1024 ) (-2048 -1024 1024 ) (-2048 -1024 0 ) 
4 1497 1502 0 (-2048 -2048 1024 ) (-2048 -2048 0 ) (-1024 -2048 0 ) (-1024 -2048 1024 ) 
4 1497 1498 0 (-1024 -2048 0 ) (-2048 -2048 0 ) (-2048 -1024 0 ) (-1024 -1024 0 ) 
4 1498 1628 0 (-2048 -2048 -1024 ) (-2048 -2048 0 ) (-2048 -1024 0 ) (-2048 -1024 -1024 ) 
4 1498 1503 0 (-2048 -2048 0 ) (-2048 -2048 -1024 ) (-1024 -2048 -1024 ) (-1024 -2048 0 ) 
4 1498 1499 0 (-1024 -2048 -1024 ) (-2048 -2048 -1024 ) (-2048 -1024 -1024 ) (-1024 -1024 -1024 ) 
4 1499 1629 0 (-2048 -2048 -1440 ) (-2048 -2048 -1024 ) (-2048 -1024 -1024 ) (-2048 -1024 -1440 ) 
4 1499 1504 0 (-2048 -2048 -1024 ) (-2048 -2048 -1440 ) (-1024 -2048 -1440 ) (-1024 -2048 -1024 ) 
4 1500 1630 0 (-2048 -3072 2048 ) (-2048 -3072 2240 ) (-2048 -2048 2240 ) (-2048 -2048 2048 ) 
4 1500 1505 0 (-2048 -3072 2240 ) (-2048 -3072 2048 ) (-1024 -3072 2048 ) (-1024 -3072 2240 ) 
4 1500 1501 0 (-1024 -3072 2048 ) (-2048 -3072 2048 ) (-2048 -2048 2048 ) (-1024 -2048 2048 ) 
4 1501 1631 0 (-2048 -3072 1024 ) (-2048 -3072 2048 ) (-2048 -2048 2048 ) (-2048 -2048 1024 ) 
4 1501 1506 0 (-2048 -3072 2048 ) (-2048 -3072 1024 ) (-1024 -3072 1024 ) (-1024 -3072 2048 ) 
4 1501 1502 0 (-1024 -3072 1024 ) (-2048 -3072 1024 ) (-2048 -2048 1024 ) (-1024 -2048 1024 ) 
4 1502 1632 0 (-2048 -3072 0 ) (-2048 -3072 1024 ) (-2048 -2048 1024 ) (-2048 -2048 0 ) 
4 1502 1507 0 (-2048 -3072 1024 ) (-2048 -3072 0 ) (-1024 -3072 0 ) (-1024 -3072 1024 ) 
4 1502 1503 0 (-1024 -3072 0 ) (-2048 -3072 0 ) (-2048 -2048 0 ) (-1024 -2048 0 ) 
4 1503 1633 0 (-2048 -3072 -1024 ) (-2048 -3072 0 ) (-2048 -2048 0 ) (-2048 -2048 -1024 ) 
4 1503 1508 0 (-2048 -3072 0 ) (-2048 -3072 -1024 ) (-1024 -3072 -1024 ) (-1024 -3072 0 ) 
4 1503 1504 0 (-1024 -3072 -1024 ) (-2048 -3072 -1024 ) (-2048 -2048 -1024 ) (-1024 -2048 -1024 ) 
4 1504 1634 0 (-2048 -3072 -1440 ) (-2048 -3072 -1024 ) (-2048 -2048 -1024 ) (-2048 -2048 -1440 ) 
4 1504 1509 0 (-2048 -3072 -1024 ) (-2048 -3072 -1440 ) (-1024 -3072 -1440 ) (-1024 -3072 -1024 ) 
4 1505 1635 0 (-2048 -4096 2048 ) (-2048 -4096 2240 ) (-2048 -3072 2240 ) (-2048 -3072 2048 ) 
4 1505 1510 0 (-2048 -4096 2240 ) (-2048 -4096 2048 ) (-1024 -4096 2048 ) (-1024 -4096 2240 ) 
4 1505 1506 0 (-1024 -4096 2048 ) (-2048 -4096 2048 ) (-2048 -3072 2048 ) (-1024 -3072 2048 ) 
4 1506 1636 0 (-2048 -4096 1024 ) (-2048 -4096 2048 ) (-2048 -3072 2048 ) (-2048 -3072 1024 ) 
4 1506 1511 0 (-2048 -4096 2048 ) (-2048 -4096 1024 ) (-1024 -4096 1024 ) (-1024 -4096 2048 ) 
4 1506 1507 0 (-1024 -4096 1024 ) (-2048 -4096 1024 ) (-2048 -3072 1024 ) (-1024 -3072 1024 ) 
4 1507 1637 0 (-2048 -4096 0 ) (-2048 -4096 1024 ) (-2048 -3072 1024 ) (-2048 -3072 0 ) 
4 1507 1512 0 (-2048 -4096 1024 ) (-2048 -4096 0 ) (-1024 -4096 0 ) (-1024 -4096 1024 ) 
4 1507 1508 0 (-1024 -4096 0 ) (-2048 -4096 0 ) (-2048 -3072 0 ) (-1024 -3072 0 ) 
4 1508 1638 0 (-2048 -4096 -1024 ) (-2048 -4096 0 ) (-2048 -3072 0 ) (-2048 -3072 -1024 ) 
4 1508 1513 0 (-2048 -4096 0 ) (-2048 -4096 -1024 ) (-1024 -4096 -1024 ) (-1024 -4096 0 ) 
4 1508 1509 0 (-1024 -4096 -1024 ) (-2048 -4096 -1024 ) (-2048 -3072 -1024 ) (-1024 -3072 -1024 ) 
4 1509 1639 0 (-2048 -4096 -1440 ) (-2048 -4096 -1024 ) (-2048 -3072 -1024 ) (-2048 -3072 -1440 ) 
4 1509 1514 0 (-2048 -4096 -1024 ) (-2048 -4096 -1440 ) (-1024 -4096 -1440 ) (-1024 -4096 -1024 ) 
4 1510 1640 0 (-2048 -5120 2048 ) (-2048 -5120 2240 ) (-2048 -4096 2240 ) (-2048 -4096 2048 ) 
4 1510 1515 0 (-2048 -5120 2240 ) (-2048 -5120 2048 ) (-1024 -5120 2048 ) (-1024 -5120 2240 ) 
4 1510 1511 0 (-1024 -5120 2048 ) (-2048 -5120 2048 ) (-2048 -4096 2048 ) (-1024 -4096 2048 ) 
4 1511 1641 0 (-2048 -5120 1024 ) (-2048 -5120 2048 ) (-2048 -4096 2048 ) (-2048 -4096 1024 ) 
4 1511 1516 0 (-2048 -5120 2048 ) (-2048 -5120 1024 ) (-1024 -5120 1024 ) (-1024 -5120 2048 ) 
4 1511 1512 0 (-1024 -5120 1024 ) (-2048 -5120 1024 ) (-2048 -4096 1024 ) (-1024 -4096 1024 ) 
4 1512 1642 0 (-2048 -5120 0 ) (-2048 -5120 1024 ) (-2048 -4096 1024 ) (-2048 -4096 0 ) 
4 1512 1517 0 (-2048 -5120 1024 ) (-2048 -5120 0 ) (-1024 -5120 0 ) (-1024 -5120 1024 ) 
4 1512 1513 0 (-1024 -5120 0 ) (-2048 -5120 0 ) (-2048 -4096 0 ) (-1024 -4096 0 ) 
4 1513 1643 0 (-2048 -5120 -1024 ) (-2048 -5120 0 ) (-2048 -4096 0 ) (-2048 -4096 -1024 ) 
4 1513 1518 0 (-2048 -5120 0 ) (-2048 -5120 -1024 ) (-1024 -5120 -1024 ) (-1024 -5120 0 ) 
4 1513 1514 0 (-1024 -5120 -1024 ) (-2048 -5120 -1024 ) (-2048 -4096 -1024 ) (-1024 -4096 -1024 ) 
4 1514 1644 0 (-2048 -5120 -1440 ) (-2048 -5120 -1024 ) (-2048 -4096 -1024 ) (-2048 -4096 -1440 ) 
4 1514 1519 0 (-2048 -5120 -1024 ) (-2048 -5120 -1440 ) (-1024 -5120 -1440 ) (-1024 -5120 -1024 ) 
4 1515 1645 0 (-2048 -6144 2048 ) (-2048 -6144 2240 ) (-2048 -5120 2240 ) (-2048 -5120 2048 ) 
4 1515 1520 0 (-2048 -6144 2240 ) (-2048 -6144 2048 ) (-1024 -6144 2048 ) (-1024 -6144 2240 ) 
4 1515 1516 0 (-1024 -6144 2048 ) (-2048 -6144 2048 ) (-2048 -5120 2048 ) (-1024 -5120 2048 ) 
4 1516 1646 0 (-2048 -6144 1024 ) (-2048 -6144 2048 ) (-2048 -5120 2048 ) (-2048 -5120 1024 ) 
4 1516 1521 0 (-2048 -6144 2048 ) (-2048 -6144 1024 ) (-1024 -6144 1024 ) (-1024 -6144 2048 ) 
4 1516 1517 0 (-1024 -6144 1024 ) (-2048 -6144 1024 ) (-2048 -5120 1024 ) (-1024 -5120 1024 ) 
4 1517 1647 0 (-2048 -6144 0 ) (-2048 -6144 1024 ) (-2048 -5120 1024 ) (-2048 -5120 0 ) 
4 1517 1522 0 (-2048 -6144 1024 ) (-2048 -6144 0 ) (-1024 -6144 0 ) (-1024 -6144 1024 ) 
4 1517 1518 0 (-1024 -6144 0 ) (-2048 -6144 0 ) (-2048 -5120 0 ) (-1024 -5120 0 ) 
4 1518 1648 0 (-2048 -6144 -1024 ) (-2048 -6144 0 ) (-2048 -5120 0 ) (-2048 -5120 -1024 ) 
4 1518 1523 0 (-2048 -6144 0 ) (-2048 -6144 -1024 ) (-1024 -6144 -1024 ) (-1024 -6144 0 ) 
4 1518 1519 0 (-1024 -6144 -1024 ) (-2048 -6144 -1024 ) (-2048 -5120 -1024 ) (-1024 -5120 -1024 ) 
4 1519 1649 0 (-2048 -6144 -1440 ) (-2048 -6144 -1024 ) (-2048 -5120 -1024 ) (-2048 -5120 -1440 ) 
4 1519 1524 0 (-2048 -6144 -1024 ) (-2048 -6144 -1440 ) (-1024 -6144 -1440 ) (-1024 -6144 -1024 ) 
4 1520 1650 0 (-2048 -7168 2048 ) (-2048 -7168 2240 ) (-2048 -6144 2240 ) (-2048 -6144 2048 ) 
4 1520 1525 0 (-2048 -7168 2240 ) (-2048 -7168 2048 ) (-1024 -7168 2048 ) (-1024 -7168 2240 ) 
4 1520 1521 0 (-1024 -7168 2048 ) (-2048 -7168 2048 ) (-2048 -6144 2048 ) (-1024 -6144 2048 ) 
4 1521 1651 0 (-2048 -7168 1024 ) (-2048 -7168 2048 ) (-2048 -6144 2048 ) (-2048 -6144 1024 ) 
4 1521 1526 0 (-2048 -7168 2048 ) (-2048 -7168 1024 ) (-1024 -7168 1024 ) (-1024 -7168 2048 ) 
4 1521 1522 0 (-1024 -7168 1024 ) (-2048 -7168 1024 ) (-2048 -6144 1024 ) (-1024 -6144 1024 ) 
4 1522 1652 0 (-2048 -7168 0 ) (-2048 -7168 1024 ) (-2048 -6144 1024 ) (-2048 -6144 0 ) 
4 1522 1527 0 (-2048 -7168 1024 ) (-2048 -7168 0 ) (-1024 -7168 0 ) (-1024 -7168 1024 ) 
4 1522 1523 0 (-1024 -7168 0 ) (-2048 -7168 0 ) (-2048 -6144 0 ) (-1024 -6144 0 ) 
4 1523 1653 0 (-2048 -7168 -1024 ) (-2048 -7168 0 ) (-2048 -6144 0 ) (-2048 -6144 -1024 ) 
4 1523 1528 0 (-2048 -7168 0 ) (-2048 -7168 -1024 ) (-1024 -7168 -1024 ) (-1024 -7168 0 ) 
4 1523 1524 0 (-1024 -7168 -1024 ) (-2048 -7168 -1024 ) (-2048 -6144 -1024 ) (-1024 -6144 -1024 ) 
4 1524 1654 0 (-2048 -7168 -1440 ) (-2048 -7168 -1024 ) (-2048 -6144 -1024 ) (-2048 -6144 -1440 ) 
4 1524 1529 0 (-2048 -7168 -1024 ) (-2048 -7168 -1440 ) (-1024 -7168 -1440 ) (-1024 -7168 -1024 ) 
4 1525 1655 0 (-2048 -8192 2048 ) (-2048 -8192 2240 ) (-2048 -7168 2240 ) (-2048 -7168 2048 ) 
4 1525 1530 0 (-2048 -8192 2240 ) (-2048 -8192 2048 ) (-1024 -8192 2048 ) (-1024 -8192 2240 ) 
4 1525 1526 0 (-1024 -8192 2048 ) (-2048 -8192 2048 ) (-2048 -7168 2048 ) (-1024 -7168 2048 ) 
4 1526 1656 0 (-2048 -8192 1024 ) (-2048 -8192 2048 ) (-2048 -7168 2048 ) (-2048 -7168 1024 ) 
4 1526 1531 0 (-2048 -8192 2048 ) (-2048 -8192 1024 ) (-1024 -8192 1024 ) (-1024 -8192 2048 ) 
4 1526 1527 0 (-1024 -8192 1024 ) (-2048 -8192 1024 ) (-2048 -7168 1024 ) (-1024 -7168 1024 ) 
4 1527 1657 0 (-2048 -8192 0 ) (-2048 -8192 1024 ) (-2048 -7168 1024 ) (-2048 -7168 0 ) 
4 1527 1532 0 (-2048 -8192 1024 ) (-2048 -8192 0 ) (-1024 -8192 0 ) (-1024 -8192 1024 ) 
4 1527 1528 0 (-1024 -8192 0 ) (-2048 -8192 0 ) (-2048 -7168 0 ) (-1024 -7168 0 ) 
4 1528 1658 0 (-2048 -8192 -1024 ) (-2048 -8192 0 ) (-2048 -7168 0 ) (-2048 -7168 -1024 ) 
4 1528 1533 0 (-2048 -8192 0 ) (-2048 -8192 -1024 ) (-1024 -8192 -1024 ) (-1024 -8192 0 ) 
4 1528 1529 0 (-1024 -8192 -1024 ) (-2048 -8192 -1024 ) (-2048 -7168 -1024 ) (-1024 -7168 -1024 ) 
4 1529 1659 0 (-2048 -8192 -1440 ) (-2048 -8192 -1024 ) (-2048 -7168 -1024 ) (-2048 -7168 -1440 ) 
4 1529 1534 0 (-2048 -8192 -1024 ) (-2048 -8192 -1440 ) (-1024 -8192 -1440 ) (-1024 -8192 -1024 ) 
4 1530 1660 0 (-2048 -9216 2048 ) (-2048 -9216 2240 ) (-2048 -8192 2240 ) (-2048 -8192 2048 ) 
4 1530 1535 0 (-2048 -9216 2240 ) (-2048 -9216 2048 ) (-1024 -9216 2048 ) (-1024 -9216 2240 ) 
4 1530 1531 0 (-1024 -9216 2048 ) (-2048 -9216 2048 ) (-2048 -8192 2048 ) (-1024 -8192 2048 ) 
4 1531 1661 0 (-2048 -9216 1024 ) (-2048 -9216 2048 ) (-2048 -8192 2048 ) (-2048 -8192 1024 ) 
4 1531 1536 0 (-2048 -9216 2048 ) (-2048 -9216 1024 ) (-1024 -9216 1024 ) (-1024 -9216 2048 ) 
4 1531 1532 0 (-1024 -9216 1024 ) (-2048 -9216 1024 ) (-2048 -8192 1024 ) (-1024 -8192 1024 ) 
4 1532 1662 0 (-2048 -9216 0 ) (-2048 -9216 1024 ) (-2048 -8192 1024 ) (-2048 -8192 0 ) 
4 1532 1537 0 (-2048 -9216 1024 ) (-2048 -9216 0 ) (-1024 -9216 0 ) (-1024 -9216 1024 ) 
4 1532 1533 0 (-1024 -9216 0 ) (-2048 -9216 0 ) (-2048 -8192 0 ) (-1024 -8192 0 ) 
4 1533 1663 0 (-2048 -9216 -1024 ) (-2048 -9216 0 ) (-2048 -8192 0 ) (-2048 -8192 -1024 ) 
4 1533 1538 0 (-2048 -9216 0 ) (-2048 -9216 -1024 ) (-1024 -9216 -1024 ) (-1024 -9216 0 ) 
4 1533 1534 0 (-1024 -9216 -1024 ) (-2048 -9216 -1024 ) (-2048 -8192 -1024 ) (-1024 -8192 -1024 ) 
4 1534 1664 0 (-2048 -9216 -1440 ) (-2048 -9216 -1024 ) (-2048 -8192 -1024 ) (-2048 -8192 -1440 ) 
4 1534 1539 0 (-2048 -9216 -1024 ) (-2048 -9216 -1440 ) (-1024 -9216 -1440 ) (-1024 -9216 -1024 ) 
4 1535 1665 0 (-2048 -10240 2048 ) (-2048 -10240 2240 ) (-2048 -9216 2240 ) (-2048 -9216 2048 ) 
4 1535 1540 0 (-2048 -10240 2240 ) (-2048 -10240 2048 ) (-1024 -10240 2048 ) (-1024 -10240 2240 ) 
4 1535 1536 0 (-1024 -10240 2048 ) (-2048 -10240 2048 ) (-2048 -9216 2048 ) (-1024 -9216 2048 ) 
4 1536 1666 0 (-2048 -10240 1024 ) (-2048 -10240 2048 ) (-2048 -9216 2048 ) (-2048 -9216 1024 ) 
4 1536 1541 0 (-2048 -10240 2048 ) (-2048 -10240 1024 ) (-1024 -10240 1024 ) (-1024 -10240 2048 ) 
4 1536 1537 0 (-1024 -10240 1024 ) (-2048 -10240 1024 ) (-2048 -9216 1024 ) (-1024 -9216 1024 ) 
4 1537 1667 0 (-2048 -10240 0 ) (-2048 -10240 1024 ) (-2048 -9216 1024 ) (-2048 -9216 0 ) 
4 1537 1542 0 (-2048 -10240 1024 ) (-2048 -10240 0 ) (-1024 -10240 0 ) (-1024 -10240 1024 ) 
4 1537 1538 0 (-1024 -10240 0 ) (-2048 -10240 0 ) (-2048 -9216 0 ) (-1024 -9216 0 ) 
4 1538 1668 0 (-2048 -10240 -1024 ) (-2048 -10240 0 ) (-2048 -9216 0 ) (-2048 -9216 -1024 ) 
4 1538 1543 0 (-2048 -10240 0 ) (-2048 -10240 -1024 ) (-1024 -10240 -1024 ) (-1024 -10240 0 ) 
4 1538 1539 0 (-1024 -10240 -1024 ) (-2048 -10240 -1024 ) (-2048 -9216 -1024 ) (-1024 -9216 -1024 ) 
4 1539 1669 0 (-2048 -10240 -1440 ) (-2048 -10240 -1024 ) (-2048 -9216 -1024 ) (-2048 -9216 -1440 ) 
4 1539 1544 0 (-2048 -10240 -1024 ) (-2048 -10240 -1440 ) (-1024 -10240 -1440 ) (-1024 -10240 -1024 ) 
4 1540 1670 0 (-2048 -11264 2048 ) (-2048 -11264 2240 ) (-2048 -10240 2240 ) (-2048 -10240 2048 ) 
4 1540 1545 0 (-2048 -11264 2240 ) (-2048 -11264 2048 ) (-1024 -11264 2048 ) (-1024 -11264 2240 ) 
4 1540 1541 0 (-1024 -11264 2048 ) (-2048 -11264 2048 ) (-2048 -10240 2048 ) (-1024 -10240 2048 ) 
4 1541 1671 0 (-2048 -11264 1024 ) (-2048 -11264 2048 ) (-2048 -10240 2048 ) (-2048 -10240 1024 ) 
4 1541 1546 0 (-2048 -11264 2048 ) (-2048 -11264 1024 ) (-1024 -11264 1024 ) (-1024 -11264 2048 ) 
4 1541 1542 0 (-1024 -11264 1024 ) (-2048 -11264 1024 ) (-2048 -10240 1024 ) (-1024 -10240 1024 ) 
4 1542 1672 0 (-2048 -11264 0 ) (-2048 -11264 1024 ) (-2048 -10240 1024 ) (-2048 -10240 0 ) 
4 1542 1547 0 (-2048 -11264 1024 ) (-2048 -11264 0 ) (-1024 -11264 0 ) (-1024 -11264 1024 ) 
4 1542 1543 0 (-1024 -11264 0 ) (-2048 -11264 0 ) (-2048 -10240 0 ) (-1024 -10240 0 ) 
4 1543 1673 0 (-2048 -11264 -1024 ) (-2048 -11264 0 ) (-2048 -10240 0 ) (-2048 -10240 -1024 ) 
4 1543 1548 0 (-2048 -11264 0 ) (-2048 -11264 -1024 ) (-1024 -11264 -1024 ) (-1024 -11264 0 ) 
4 1543 1544 0 (-1024 -11264 -1024 ) (-2048 -11264 -1024 ) (-2048 -10240 -1024 ) (-1024 -10240 -1024 ) 
4 1544 1674 0 (-2048 -11264 -1440 ) (-2048 -11264 -1024 ) (-2048 -10240 -1024 ) (-2048 -10240 -1440 ) 
4 1544 1549 0 (-2048 -11264 -1024 ) (-2048 -11264 -1440 ) (-1024 -11264 -1440 ) (-1024 -11264 -1024 ) 
4 1545 1675 0 (-2048 -12288 2048 ) (-2048 -12288 2240 ) (-2048 -11264 2240 ) (-2048 -11264 2048 ) 
4 1545 1550 0 (-2048 -12288 2240 ) (-2048 -12288 2048 ) (-1024 -12288 2048 ) (-1024 -12288 2240 ) 
4 1545 1546 0 (-1024 -12288 2048 ) (-2048 -12288 2048 ) (-2048 -11264 2048 ) (-1024 -11264 2048 ) 
4 1546 1676 0 (-2048 -12288 1024 ) (-2048 -12288 2048 ) (-2048 -11264 2048 ) (-2048 -11264 1024 ) 
4 1546 1551 0 (-2048 -12288 2048 ) (-2048 -12288 1024 ) (-1024 -12288 1024 ) (-1024 -12288 2048 ) 
4 1546 1547 0 (-1024 -12288 1024 ) (-2048 -12288 1024 ) (-2048 -11264 1024 ) (-1024 -11264 1024 ) 
4 1547 1677 0 (-2048 -12288 0 ) (-2048 -12288 1024 ) (-2048 -11264 1024 ) (-2048 -11264 0 ) 
4 1547 1552 0 (-2048 -12288 1024 ) (-2048 -12288 0 ) (-1024 -12288 0 ) (-1024 -12288 1024 ) 
4 1547 1548 0 (-1024 -12288 0 ) (-2048 -12288 0 ) (-2048 -11264 0 ) (-1024 -11264 0 ) 
4 1548 1678 0 (-2048 -12288 -1024 ) (-2048 -12288 0 ) (-2048 -11264 0 ) (-2048 -11264 -1024 ) 
4 1548 1553 0 (-2048 -12288 0 ) (-2048 -12288 -1024 ) (-1024 -12288 -1024 ) (-1024 -12288 0 ) 
4 1548 1549 0 (-1024 -12288 -1024 ) (-2048 -12288 -1024 ) (-2048 -11264 -1024 ) (-1024 -11264 -1024 ) 
4 1549 1679 0 (-2048 -12288 -1440 ) (-2048 -12288 -1024 ) (-2048 -11264 -1024 ) (-2048 -11264 -1440 ) 
4 1549 1554 0 (-2048 -12288 -1024 ) (-2048 -12288 -1440 ) (-1024 -12288 -1440 ) (-1024 -12288 -1024 ) 
4 1550 1680 0 (-2048 -13312 2048 ) (-2048 -13312 2240 ) (-2048 -12288 2240 ) (-2048 -12288 2048 ) 
4 1550 1555 0 (-2048 -13312 2240 ) (-2048 -13312 2048 ) (-1024 -13312 2048 ) (-1024 -13312 2240 ) 
4 1550 1551 0 (-1024 -13312 2048 ) (-2048 -13312 2048 ) (-2048 -12288 2048 ) (-1024 -12288 2048 ) 
4 1551 1681 0 (-2048 -13312 1024 ) (-2048 -13312 2048 ) (-2048 -12288 2048 ) (-2048 -12288 1024 ) 
4 1551 1556 0 (-2048 -13312 2048 ) (-2048 -13312 1024 ) (-1024 -13312 1024 ) (-1024 -13312 2048 ) 
4 1551 1552 0 (-1024 -13312 1024 ) (-2048 -13312 1024 ) (-2048 -12288 1024 ) (-1024 -12288 1024 ) 
4 1552 1682 0 (-2048 -13312 0 ) (-2048 -13312 1024 ) (-2048 -12288 1024 ) (-2048 -12288 0 ) 
4 1552 1557 0 (-2048 -13312 1024 ) (-2048 -13312 0 ) (-1024 -13312 0 ) (-1024 -13312 1024 ) 
4 1552 1553 0 (-1024 -13312 0 ) (-2048 -13312 0 ) (-2048 -12288 0 ) (-1024 -12288 0 ) 
4 1553 1683 0 (-2048 -13312 -1024 ) (-2048 -13312 0 ) (-2048 -12288 0 ) (-2048 -12288 -1024 ) 
4 1553 1558 0 (-2048 -13312 0 ) (-2048 -13312 -1024 ) (-1024 -13312 -1024 ) (-1024 -13312 0 ) 
4 1553 1554 0 (-1024 -13312 -1024 ) (-2048 -13312 -1024 ) (-2048 -12288 -1024 ) (-1024 -12288 -1024 ) 
4 1554 1684 0 (-2048 -13312 -1440 ) (-2048 -13312 -1024 ) (-2048 -12288 -1024 ) (-2048 -12288 -1440 ) 
4 1554 1559 0 (-2048 -13312 -1024 ) (-2048 -13312 -1440 ) (-1024 -13312 -1440 ) (-1024 -13312 -1024 ) 
4 1555 1685 0 (-2048 -13408 2240 ) (-2048 -13312 2240 ) (-2048 -13312 2048 ) (-2048 -13408 2048 ) 
4 1555 1556 0 (-2048 -13408 2048 ) (-2048 -13312 2048 ) (-1024 -13312 2048 ) (-1024 -13408 2048 ) 
4 1556 1686 0 (-2048 -13408 2048 ) (-2048 -13312 2048 ) (-2048 -13312 1024 ) (-2048 -13408 1024 ) 
4 1556 1557 0 (-2048 -13408 1024 ) (-2048 -13312 1024 ) (-1024 -13312 1024 ) (-1024 -13408 1024 ) 
4 1557 1687 0 (-2048 -13408 1024 ) (-2048 -13312 1024 ) (-2048 -13312 0 ) (-2048 -13408 0 ) 
4 1557 1558 0 (-2048 -13408 0 ) (-2048 -13312 0 ) (-1024 -13312 0 ) (-1024 -13408 0 ) 
4 1558 1688 0 (-2048 -13408 0 ) (-2048 -13312 0 ) (-2048 -13312 -1024 ) (-2048 -13408 -1024 ) 
4 1558 1559 0 (-2048 -13408 -1024 ) (-2048 -13312 -1024 ) (-1024 -13312 -1024 ) (-1024 -13408 -1024 ) 
4 1559 1689 0 (-2048 -13408 -1024 ) (-2048 -13312 -1024 ) (-2048 -13312 -1440 ) (-2048 -13408 -1440 ) 
4 1560 1690 0 (-3072 11264 2048 ) (-3072 11264 2240 ) (-3072 11312 2240 ) (-3072 11312 2048 ) 
4 1560 1565 0 (-3072 11264 2240 ) (-3072 11264 2048 ) (-2048 11264 2048 ) (-2048 11264 2240 ) 
4 1560 1561 0 (-2048 11264 2048 ) (-3072 11264 2048 ) (-3072 11312 2048 ) (-2048 11312 2048 ) 
4 1561 1691 0 (-3072 11264 1024 ) (-3072 11264 2048 ) (-3072 11312 2048 ) (-3072 11312 1024 ) 
4 1561 1566 0 (-3072 11264 2048 ) (-3072 11264 1024 ) (-2048 11264 1024 ) (-2048 11264 2048 ) 
4 1561 1562 0 (-2048 11264 1024 ) (-3072 11264 1024 ) (-3072 11312 1024 ) (-2048 11312 1024 ) 
4 1562 1692 0 (-3072 11264 0 ) (-3072 11264 1024 ) (-3072 11312 1024 ) (-3072 11312 0 ) 
4 1562 1567 0 (-3072 11264 1024 ) (-3072 11264 0 ) (-2048 11264 0 ) (-2048 11264 1024 ) 
4 1562 1563 0 (-2048 11264 0 ) (-3072 11264 0 ) (-3072 11312 0 ) (-2048 11312 0 ) 
4 1563 1693 0 (-3072 11264 -1024 ) (-3072 11264 0 ) (-3072 11312 0 ) (-3072 11312 -1024 ) 
4 1563 1568 0 (-3072 11264 0 ) (-3072 11264 -1024 ) (-2048 11264 -1024 ) (-2048 11264 0 ) 
4 1563 1564 0 (-2048 11264 -1024 ) (-3072 11264 -1024 ) (-3072 11312 -1024 ) (-2048 11312 -1024 ) 
4 1564 1694 0 (-3072 11264 -1440 ) (-3072 11264 -1024 ) (-3072 11312 -1024 ) (-3072 11312 -1440 ) 
4 1564 1569 0 (-3072 11264 -1024 ) (-3072 11264 -1440 ) (-2048 11264 -1440 ) (-2048 11264 -1024 ) 
4 1565 1695 0 (-3072 10240 2048 ) (-3072 10240 2240 ) (-3072 11264 2240 ) (-3072 11264 2048 ) 
4 1565 1570 0 (-3072 10240 2240 ) (-3072 10240 2048 ) (-2048 10240 2048 ) (-2048 10240 2240 ) 
4 1565 1566 0 (-2048 10240 2048 ) (-3072 10240 2048 ) (-3072 11264 2048 ) (-2048 11264 2048 ) 
4 1566 1696 0 (-3072 10240 1024 ) (-3072 10240 2048 ) (-3072 11264 2048 ) (-3072 11264 1024 ) 
4 1566 1571 0 (-3072 10240 2048 ) (-3072 10240 1024 ) (-2048 10240 1024 ) (-2048 10240 2048 ) 
4 1566 1567 0 (-2048 10240 1024 ) (-3072 10240 1024 ) (-3072 11264 1024 ) (-2048 11264 1024 ) 
4 1567 1697 0 (-3072 10240 0 ) (-3072 10240 1024 ) (-3072 11264 1024 ) (-3072 11264 0 ) 
4 1567 1572 0 (-3072 10240 1024 ) (-3072 10240 0 ) (-2048 10240 0 ) (-2048 10240 1024 ) 
4 1567 1568 0 (-2048 10240 0 ) (-3072 10240 0 ) (-3072 11264 0 ) (-2048 11264 0 ) 
4 1568 1698 0 (-3072 10240 -1024 ) (-3072 10240 0 ) (-3072 11264 0 ) (-3072 11264 -1024 ) 
4 1568 1573 0 (-3072 10240 0 ) (-3072 10240 -1024 ) (-2048 10240 -1024 ) (-2048 10240 0 ) 
4 1568 1569 0 (-2048 10240 -1024 ) (-3072 10240 -1024 ) (-3072 11264 -1024 ) (-2048 11264 -1024 ) 
4 1569 1699 0 (-3072 10240 -1440 ) (-3072 10240 -1024 ) (-3072 11264 -1024 ) (-3072 11264 -1440 ) 
4 1569 1574 0 (-3072 10240 -1024 ) (-3072 10240 -1440 ) (-2048 10240 -1440 ) (-2048 10240 -1024 ) 
4 1570 1700 0 (-3072 9216 2048 ) (-3072 9216 2240 ) (-3072 10240 2240 ) (-3072 10240 2048 ) 
4 1570 1575 0 (-3072 9216 2240 ) (-3072 9216 2048 ) (-2048 9216 2048 ) (-2048 9216 2240 ) 
4 1570 1571 0 (-2048 9216 2048 ) (-3072 9216 2048 ) (-3072 10240 2048 ) (-2048 10240 2048 ) 
4 1571 1701 0 (-3072 9216 1024 ) (-3072 9216 2048 ) (-3072 10240 2048 ) (-3072 10240 1024 ) 
4 1571 1576 0 (-3072 9216 2048 ) (-3072 9216 1024 ) (-2048 9216 1024 ) (-2048 9216 2048 ) 
4 1571 1572 0 (-2048 9216 1024 ) (-3072 9216 1024 ) (-3072 10240 1024 ) (-2048 10240 1024 ) 
4 1572 1702 0 (-3072 9216 0 ) (-3072 9216 1024 ) (-3072 10240 1024 ) (-3072 10240 0 ) 
4 1572 1577 0 (-3072 9216 1024 ) (-3072 9216 0 ) (-2048 9216 0 ) (-2048 9216 1024 ) 
4 1572 1573 0 (-2048 9216 0 ) (-3072 9216 0 ) (-3072 10240 0 ) (-2048 10240 0 ) 
4 1573 1703 0 (-3072 9216 -1024 ) (-3072 9216 0 ) (-3072 10240 0 ) (-3072 10240 -1024 ) 
4 1573 1578 0 (-3072 9216 0 ) (-3072 9216 -1024 ) (-2048 9216 -1024 ) (-2048 9216 0 ) 
4 1573 1574 0 (-2048 9216 -1024 ) (-3072 9216 -1024 ) (-3072 10240 -1024 ) (-2048 10240 -1024 ) 
4 1574 1704 0 (-3072 9216 -1440 ) (-3072 9216 -1024 ) (-3072 10240 -1024 ) (-3072 10240 -1440 ) 
4 1574 1579 0 (-3072 9216 -1024 ) (-3072 9216 -1440 ) (-2048 9216 -1440 ) (-2048 9216 -1024 ) 
4 1575 1705 0 (-3072 8192 2048 ) (-3072 8192 2240 ) (-3072 9216 2240 ) (-3072 9216 2048 ) 
4 1575 1580 0 (-3072 8192 2240 ) (-3072 8192 2048 ) (-2048 8192 2048 ) (-2048 8192 2240 ) 
4 1575 1576 0 (-2048 8192 2048 ) (-3072 8192 2048 ) (-3072 9216 2048 ) (-2048 9216 2048 ) 
4 1576 1706 0 (-3072 8192 1024 ) (-3072 8192 2048 ) (-3072 9216 2048 ) (-3072 9216 1024 ) 
4 1576 1581 0 (-3072 8192 2048 ) (-3072 8192 1024 ) (-2048 8192 1024 ) (-2048 8192 2048 ) 
4 1576 1577 0 (-2048 8192 1024 ) (-3072 8192 1024 ) (-3072 9216 1024 ) (-2048 9216 1024 ) 
4 1577 1707 0 (-3072 8192 0 ) (-3072 8192 1024 ) (-3072 9216 1024 ) (-3072 9216 0 ) 
4 1577 1582 0 (-3072 8192 1024 ) (-3072 8192 0 ) (-2048 8192 0 ) (-2048 8192 1024 ) 
4 1577 1578 0 (-2048 8192 0 ) (-3072 8192 0 ) (-3072 9216 0 ) (-2048 9216 0 ) 
4 1578 1708 0 (-3072 8192 -1024 ) (-3072 8192 0 ) (-3072 9216 0 ) (-3072 9216 -1024 ) 
4 1578 1583 0 (-3072 8192 0 ) (-3072 8192 -1024 ) (-2048 8192 -1024 ) (-2048 8192 0 ) 
4 1578 1579 0 (-2048 8192 -1024 ) (-3072 8192 -1024 ) (-3072 9216 -1024 ) (-2048 9216 -1024 ) 
4 1579 1709 0 (-3072 8192 -1440 ) (-3072 8192 -1024 ) (-3072 9216 -1024 ) (-3072 9216 -1440 ) 
4 1579 1584 0 (-3072 8192 -1024 ) (-3072 8192 -1440 ) (-2048 8192 -1440 ) (-2048 8192 -1024 ) 
4 1580 1710 0 (-3072 7168 2048 ) (-3072 7168 2240 ) (-3072 8192 2240 ) (-3072 8192 2048 ) 
4 1580 1585 0 (-3072 7168 2240 ) (-3072 7168 2048 ) (-2048 7168 2048 ) (-2048 7168 2240 ) 
4 1580 1581 0 (-2048 7168 2048 ) (-3072 7168 2048 ) (-3072 8192 2048 ) (-2048 8192 2048 ) 
4 1581 1711 0 (-3072 7168 1024 ) (-3072 7168 2048 ) (-3072 8192 2048 ) (-3072 8192 1024 ) 
4 1581 1586 0 (-3072 7168 2048 ) (-3072 7168 1024 ) (-2048 7168 1024 ) (-2048 7168 2048 ) 
4 1581 1582 0 (-2048 7168 1024 ) (-3072 7168 1024 ) (-3072 8192 1024 ) (-2048 8192 1024 ) 
4 1582 1712 0 (-3072 7168 0 ) (-3072 7168 1024 ) (-3072 8192 1024 ) (-3072 8192 0 ) 
4 1582 1587 0 (-3072 7168 1024 ) (-3072 7168 0 ) (-2048 7168 0 ) (-2048 7168 1024 ) 
4 1582 1583 0 (-2048 7168 0 ) (-3072 7168 0 ) (-3072 8192 0 ) (-2048 8192 0 ) 
4 1583 1713 0 (-3072 7168 -1024 ) (-3072 7168 0 ) (-3072 8192 0 ) (-3072 8192 -1024 ) 
4 1583 1588 0 (-3072 7168 0 ) (-3072 7168 -1024 ) (-2048 7168 -1024 ) (-2048 7168 0 ) 
4 1583 1584 0 (-2048 7168 -1024 ) (-3072 7168 -1024 ) (-3072 8192 -1024 ) (-2048 8192 -1024 ) 
4 1584 1714 0 (-3072 7168 -1440 ) (-3072 7168 -1024 ) (-3072 8192 -1024 ) (-3072 8192 -1440 ) 
4 1584 1589 0 (-3072 7168 -1024 ) (-3072 7168 -1440 ) (-2048 7168 -1440 ) (-2048 7168 -1024 ) 
4 1585 1715 0 (-3072 6144 2048 ) (-3072 6144 2240 ) (-3072 7168 2240 ) (-3072 7168 2048 ) 
4 1585 1590 0 (-3072 6144 2240 ) (-3072 6144 2048 ) (-2048 6144 2048 ) (-2048 6144 2240 ) 
4 1585 1586 0 (-2048 6144 2048 ) (-3072 6144 2048 ) (-3072 7168 2048 ) (-2048 7168 2048 ) 
4 1586 1716 0 (-3072 6144 1024 ) (-3072 6144 2048 ) (-3072 7168 2048 ) (-3072 7168 1024 ) 
4 1586 1591 0 (-3072 6144 2048 ) (-3072 6144 1024 ) (-2048 6144 1024 ) (-2048 6144 2048 ) 
4 1586 1587 0 (-2048 6144 1024 ) (-3072 6144 1024 ) (-3072 7168 1024 ) (-2048 7168 1024 ) 
4 1587 1717 0 (-3072 6144 0 ) (-3072 6144 1024 ) (-3072 7168 1024 ) (-3072 7168 0 ) 
4 1587 1592 0 (-3072 6144 1024 ) (-3072 6144 0 ) (-2048 6144 0 ) (-2048 6144 1024 ) 
4 1587 1588 0 (-2048 6144 0 ) (-3072 6144 0 ) (-3072 7168 0 ) (-2048 7168 0 ) 
4 1588 1718 0 (-3072 6144 -1024 ) (-3072 6144 0 ) (-3072 7168 0 ) (-3072 7168 -1024 ) 
4 1588 1593 0 (-3072 6144 0 ) (-3072 6144 -1024 ) (-2048 6144 -1024 ) (-2048 6144 0 ) 
4 1588 1589 0 (-2048 6144 -1024 ) (-3072 6144 -1024 ) (-3072 7168 -1024 ) (-2048 7168 -1024 ) 
4 1589 1719 0 (-3072 6144 -1440 ) (-3072 6144 -1024 ) (-3072 7168 -1024 ) (-3072 7168 -1440 ) 
4 1589 1594 0 (-3072 6144 -1024 ) (-3072 6144 -1440 ) (-2048 6144 -1440 ) (-2048 6144 -1024 ) 
4 1590 1720 0 (-3072 5120 2048 ) (-3072 5120 2240 ) (-3072 6144 2240 ) (-3072 6144 2048 ) 
4 1590 1595 0 (-3072 5120 2240 ) (-3072 5120 2048 ) (-2048 5120 2048 ) (-2048 5120 2240 ) 
4 1590 1591 0 (-2048 5120 2048 ) (-3072 5120 2048 ) (-3072 6144 2048 ) (-2048 6144 2048 ) 
4 1591 1721 0 (-3072 5120 1024 ) (-3072 5120 2048 ) (-3072 6144 2048 ) (-3072 6144 1024 ) 
4 1591 1596 0 (-3072 5120 2048 ) (-3072 5120 1024 ) (-2048 5120 1024 ) (-2048 5120 2048 ) 
4 1591 1592 0 (-2048 5120 1024 ) (-3072 5120 1024 ) (-3072 6144 1024 ) (-2048 6144 1024 ) 
4 1592 1722 0 (-3072 5120 0 ) (-3072 5120 1024 ) (-3072 6144 1024 ) (-3072 6144 0 ) 
4 1592 1597 0 (-3072 5120 1024 ) (-3072 5120 0 ) (-2048 5120 0 ) (-2048 5120 1024 ) 
4 1592 1593 0 (-2048 5120 0 ) (-3072 5120 0 ) (-3072 6144 0 ) (-2048 6144 0 ) 
4 1593 1723 0 (-3072 5120 -1024 ) (-3072 5120 0 ) (-3072 6144 0 ) (-3072 6144 -1024 ) 
4 1593 1598 0 (-3072 5120 0 ) (-3072 5120 -1024 ) (-2048 5120 -1024 ) (-2048 5120 0 ) 
4 1593 1594 0 (-2048 5120 -1024 ) (-3072 5120 -1024 ) (-3072 6144 -1024 ) (-2048 6144 -1024 ) 
4 1594 1724 0 (-3072 5120 -1440 ) (-3072 5120 -1024 ) (-3072 6144 -1024 ) (-3072 6144 -1440 ) 
4 1594 1599 0 (-3072 5120 -1024 ) (-3072 5120 -1440 ) (-2048 5120 -1440 ) (-2048 5120 -1024 ) 
4 1595 1725 0 (-3072 4096 2048 ) (-3072 4096 2240 ) (-3072 5120 2240 ) (-3072 5120 2048 ) 
4 1595 1600 0 (-3072 4096 2240 ) (-3072 4096 2048 ) (-2048 4096 2048 ) (-2048 4096 2240 ) 
4 1595 1596 0 (-2048 4096 2048 ) (-3072 4096 2048 ) (-3072 5120 2048 ) (-2048 5120 2048 ) 
4 1596 1726 0 (-3072 4096 1024 ) (-3072 4096 2048 ) (-3072 5120 2048 ) (-3072 5120 1024 ) 
4 1596 1601 0 (-3072 4096 2048 ) (-3072 4096 1024 ) (-2048 4096 1024 ) (-2048 4096 2048 ) 
4 1596 1597 0 (-2048 4096 1024 ) (-3072 4096 1024 ) (-3072 5120 1024 ) (-2048 5120 1024 ) 
4 1597 1727 0 (-3072 4096 0 ) (-3072 4096 1024 ) (-3072 5120 1024 ) (-3072 5120 0 ) 
4 1597 1602 0 (-3072 4096 1024 ) (-3072 4096 0 ) (-2048 4096 0 ) (-2048 4096 1024 ) 
4 1597 1598 0 (-2048 4096 0 ) (-3072 4096 0 ) (-3072 5120 0 ) (-2048 5120 0 ) 
4 1598 1728 0 (-3072 4096 -1024 ) (-3072 4096 0 ) (-3072 5120 0 ) (-3072 5120 -1024 ) 
4 1598 1603 0 (-3072 4096 0 ) (-3072 4096 -1024 ) (-2048 4096 -1024 ) (-2048 4096 0 ) 
4 1598 1599 0 (-2048 4096 -1024 ) (-3072 4096 -1024 ) (-3072 5120 -1024 ) (-2048 5120 -1024 ) 
4 1599 1729 0 (-3072 4096 -1440 ) (-3072 4096 -1024 ) (-3072 5120 -1024 ) (-3072 5120 -1440 ) 
4 1599 1604 0 (-3072 4096 -1024 ) (-3072 4096 -1440 ) (-2048 4096 -1440 ) (-2048 4096 -1024 ) 
4 1600 1730 0 (-3072 3072 2048 ) (-3072 3072 2240 ) (-3072 4096 2240 ) (-3072 4096 2048 ) 
4 1600 1605 0 (-3072 3072 2240 ) (-3072 3072 2048 ) (-2048 3072 2048 ) (-2048 3072 2240 ) 
4 1600 1601 0 (-2048 3072 2048 ) (-3072 3072 2048 ) (-3072 4096 2048 ) (-2048 4096 2048 ) 
4 1601 1731 0 (-3072 3072 1024 ) (-3072 3072 2048 ) (-3072 4096 2048 ) (-3072 4096 1024 ) 
4 1601 1606 0 (-3072 3072 2048 ) (-3072 3072 1024 ) (-2048 3072 1024 ) (-2048 3072 2048 ) 
4 1601 1602 0 (-2048 3072 1024 ) (-3072 3072 1024 ) (-3072 4096 1024 ) (-2048 4096 1024 ) 
4 1602 1732 0 (-3072 3072 0 ) (-3072 3072 1024 ) (-3072 4096 1024 ) (-3072 4096 0 ) 
4 1602 1607 0 (-3072 3072 1024 ) (-3072 3072 0 ) (-2048 3072 0 ) (-2048 3072 1024 ) 
4 1602 1603 0 (-2048 3072 0 ) (-3072 3072 0 ) (-3072 4096 0 ) (-2048 4096 0 ) 
4 1603 1733 0 (-3072 3072 -1024 ) (-3072 3072 0 ) (-3072 4096 0 ) (-3072 4096 -1024 ) 
4 1603 1608 0 (-3072 3072 0 ) (-3072 3072 -1024 ) (-2048 3072 -1024 ) (-2048 3072 0 ) 
4 1603 1604 0 (-2048 3072 -1024 ) (-3072 3072 -1024 ) (-3072 4096 -1024 ) (-2048 4096 -1024 ) 
4 1604 1734 0 (-3072 3072 -1440 ) (-3072 3072 -1024 ) (-3072 4096 -1024 ) (-3072 4096 -1440 ) 
4 1604 1609 0 (-3072 3072 -1024 ) (-3072 3072 -1440 ) (-2048 3072 -1440 ) (-2048 3072 -1024 ) 
4 1605 1735 0 (-3072 2048 2048 ) (-3072 2048 2240 ) (-3072 3072 2240 ) (-3072 3072 2048 ) 
4 1605 1610 0 (-3072 2048 2240 ) (-3072 2048 2048 ) (-2048 2048 2048 ) (-2048 2048 2240 ) 
4 1605 1606 0 (-2048 2048 2048 ) (-3072 2048 2048 ) (-3072 3072 2048 ) (-2048 3072 2048 ) 
4 1606 1736 0 (-3072 2048 1024 ) (-3072 2048 2048 ) (-3072 3072 2048 ) (-3072 3072 1024 ) 
4 1606 1611 0 (-3072 2048 2048 ) (-3072 2048 1024 ) (-2048 2048 1024 ) (-2048 2048 2048 ) 
4 1606 1607 0 (-2048 2048 1024 ) (-3072 2048 1024 ) (-3072 3072 1024 ) (-2048 3072 1024 ) 
4 1607 1737 0 (-3072 2048 0 ) (-3072 2048 1024 ) (-3072 3072 1024 ) (-3072 3072 0 ) 
4 1607 1612 0 (-3072 2048 1024 ) (-3072 2048 0 ) (-2048 2048 0 ) (-2048 2048 1024 ) 
4 1607 1608 0 (-2048 2048 0 ) (-3072 2048 0 ) (-3072 3072 0 ) (-2048 3072 0 ) 
4 1608 1738 0 (-3072 2048 -1024 ) (-3072 2048 0 ) (-3072 3072 0 ) (-3072 3072 -1024 ) 
4 1608 1613 0 (-3072 2048 0 ) (-3072 2048 -1024 ) (-2048 2048 -1024 ) (-2048 2048 0 ) 
4 1608 1609 0 (-2048 2048 -1024 ) (-3072 2048 -1024 ) (-3072 3072 -1024 ) (-2048 3072 -1024 ) 
4 1609 1739 0 (-3072 2048 -1440 ) (-3072 2048 -1024 ) (-3072 3072 -1024 ) (-3072 3072 -1440 ) 
4 1609 1614 0 (-3072 2048 -1024 ) (-3072 2048 -1440 ) (-2048 2048 -1440 ) (-2048 2048 -1024 ) 
4 1610 1740 0 (-3072 1024 2048 ) (-3072 1024 2240 ) (-3072 2048 2240 ) (-3072 2048 2048 ) 
4 1610 1615 0 (-3072 1024 2240 ) (-3072 1024 2048 ) (-2048 1024 2048 ) (-2048 1024 2240 ) 
4 1610 1611 0 (-2048 1024 2048 ) (-3072 1024 2048 ) (-3072 2048 2048 ) (-2048 2048 2048 ) 
4 1611 1741 0 (-3072 1024 1024 ) (-3072 1024 2048 ) (-3072 2048 2048 ) (-3072 2048 1024 ) 
4 1611 1616 0 (-3072 1024 2048 ) (-3072 1024 1024 ) (-2048 1024 1024 ) (-2048 1024 2048 ) 
4 1611 1612 0 (-2048 1024 1024 ) (-3072 1024 1024 ) (-3072 2048 1024 ) (-2048 2048 1024 ) 
4 1612 1742 0 (-3072 1024 0 ) (-3072 1024 1024 ) (-3072 2048 1024 ) (-3072 2048 0 ) 
4 1612 1617 0 (-3072 1024 1024 ) (-3072 1024 0 ) (-2048 1024 0 ) (-2048 1024 1024 ) 
4 1612 1613 0 (-2048 1024 0 ) (-3072 1024 0 ) (-3072 2048 0 ) (-2048 2048 0 ) 
4 1613 1743 0 (-3072 1024 -1024 ) (-3072 1024 0 ) (-3072 2048 0 ) (-3072 2048 -1024 ) 
4 1613 1618 0 (-3072 1024 0 ) (-3072 1024 -1024 ) (-2048 1024 -1024 ) (-2048 1024 0 ) 
4 1613 1614 0 (-2048 1024 -1024 ) (-3072 1024 -1024 ) (-3072 2048 -1024 ) (-2048 2048 -1024 ) 
4 1614 1744 0 (-3072 1024 -1440 ) (-3072 1024 -1024 ) (-3072 2048 -1024 ) (-3072 2048 -1440 ) 
4 1614 1619 0 (-3072 1024 -1024 ) (-3072 1024 -1440 ) (-2048 1024 -1440 ) (-2048 1024 -1024 ) 
4 1615 1745 0 (-3072 0 2048 ) (-3072 0 2240 ) (-3072 1024 2240 ) (-3072 1024 2048 ) 
4 1615 1620 0 (-3072 0 2240 ) (-3072 0 2048 ) (-2048 0 2048 ) (-2048 0 2240 ) 
4 1615 1616 0 (-2048 0 2048 ) (-3072 0 2048 ) (-3072 1024 2048 ) (-2048 1024 2048 ) 
4 1616 1746 0 (-3072 0 1024 ) (-3072 0 2048 ) (-3072 1024 2048 ) (-3072 1024 1024 ) 
4 1616 1621 0 (-3072 0 2048 ) (-3072 0 1024 ) (-2048 0 1024 ) (-2048 0 2048 ) 
4 1616 1617 0 (-2048 0 1024 ) (-3072 0 1024 ) (-3072 1024 1024 ) (-2048 1024 1024 ) 
4 1617 1747 0 (-3072 0 0 ) (-3072 0 1024 ) (-3072 1024 1024 ) (-3072 1024 0 ) 
4 1617 1622 0 (-3072 0 1024 ) (-3072 0 0 ) (-2048 0 0 ) (-2048 0 1024 ) 
4 1617 1618 0 (-2048 0 0 ) (-3072 0 0 ) (-3072 1024 0 ) (-2048 1024 0 ) 
4 1618 1748 0 (-3072 0 -1024 ) (-3072 0 0 ) (-3072 1024 0 ) (-3072 1024 -1024 ) 
4 1618 1623 0 (-3072 0 0 ) (-3072 0 -1024 ) (-2048 0 -1024 ) (-2048 0 0 ) 
4 1618 1619 0 (-2048 0 -1024 ) (-3072 0 -1024 ) (-3072 1024 -1024 ) (-2048 1024 -1024 ) 
4 1619 1749 0 (-3072 0 -1440 ) (-3072 0 -1024 ) (-3072 1024 -1024 ) (-3072 1024 -1440 ) 
4 1619 1624 0 (-3072 0 -1024 ) (-3072 0 -1440 ) (-2048 0 -1440 ) (-2048 0 -1024 ) 
4 1620 1750 0 (-3072 -1024 2048 ) (-3072 -1024 2240 ) (-3072 0 2240 ) (-3072 0 2048 ) 
4 1620 1625 0 (-3072 -1024 2240 ) (-3072 -1024 2048 ) (-2048 -1024 2048 ) (-2048 -1024 2240 ) 
4 1620 1621 0 (-2048 -1024 2048 ) (-3072 -1024 2048 ) (-3072 0 2048 ) (-2048 0 2048 ) 
4 1621 1751 0 (-3072 -1024 1024 ) (-3072 -1024 2048 ) (-3072 0 2048 ) (-3072 0 1024 ) 
4 1621 1626 0 (-3072 -1024 2048 ) (-3072 -1024 1024 ) (-2048 -1024 1024 ) (-2048 -1024 2048 ) 
4 1621 1622 0 (-2048 -1024 1024 ) (-3072 -1024 1024 ) (-3072 0 1024 ) (-2048 0 1024 ) 
4 1622 1752 0 (-3072 -1024 0 ) (-3072 -1024 1024 ) (-3072 0 1024 ) (-3072 0 0 ) 
4 1622 1627 0 (-3072 -1024 1024 ) (-3072 -1024 0 ) (-2048 -1024 0 ) (-2048 -1024 1024 ) 
4 1622 1623 0 (-2048 -1024 0 ) (-3072 -1024 0 ) (-3072 0 0 ) (-2048 0 0 ) 
4 1623 1753 0 (-3072 -1024 -1024 ) (-3072 -1024 0 ) (-3072 0 0 ) (-3072 0 -1024 ) 
4 1623 1628 0 (-3072 -1024 0 ) (-3072 -1024 -1024 ) (-2048 -1024 -1024 ) (-2048 -1024 0 ) 
4 1623 1624 0 (-2048 -1024 -1024 ) (-3072 -1024 -1024 ) (-3072 0 -1024 ) (-2048 0 -1024 ) 
4 1624 1754 0 (-3072 -1024 -1440 ) (-3072 -1024 -1024 ) (-3072 0 -1024 ) (-3072 0 -1440 ) 
4 1624 1629 0 (-3072 -1024 -1024 ) (-3072 -1024 -1440 ) (-2048 -1024 -1440 ) (-2048 -1024 -1024 ) 
4 1625 1755 0 (-3072 -2048 2048 ) (-3072 -2048 2240 ) (-3072 -1024 2240 ) (-3072 -1024 2048 ) 
4 1625 1630 0 (-3072 -2048 2240 ) (-3072 -2048 2048 ) (-2048 -2048 2048 ) (-2048 -2048 2240 ) 
4 1625 1626 0 (-2048 -2048 2048 ) (-3072 -2048 2048 ) (-3072 -1024 2048 ) (-2048 -1024 2048 ) 
4 1626 1756 0 (-3072 -2048 1024 ) (-3072 -2048 2048 ) (-3072 -1024 2048 ) (-3072 -1024 1024 ) 
4 1626 1631 0 (-3072 -2048 2048 ) (-3072 -2048 1024 ) (-2048 -2048 1024 ) (-2048 -2048 2048 ) 
4 1626 1627 0 (-2048 -2048 1024 ) (-3072 -2048 1024 ) (-3072 -1024 1024 ) (-2048 -1024 1024 ) 
4 1627 1757 0 (-3072 -2048 0 ) (-3072 -2048 1024 ) (-3072 -1024 1024 ) (-3072 -1024 0 ) 
4 1627 1632 0 (-3072 -2048 1024 ) (-3072 -2048 0 ) (-2048 -2048 0 ) (-2048 -2048 1024 ) 
4 1627 1628 0 (-2048 -2048 0 ) (-3072 -2048 0 ) (-3072 -1024 0 ) (-2048 -1024 0 ) 
4 1628 1758 0 (-3072 -2048 -1024 ) (-3072 -2048 0 ) (-3072 -1024 0 ) (-3072 -1024 -1024 ) 
4 1628 1633 0 (-3072 -2048 0 ) (-3072 -2048 -1024 ) (-2048 -2048 -1024 ) (-2048 -2048 0 ) 
4 1628 1629 0 (-2048 -2048 -1024 ) (-3072 -2048 -1024 ) (-3072 -1024 -1024 ) (-2048 -1024 -1024 ) 
4 1629 1759 0 (-3072 -2048 -1440 ) (-3072 -2048 -1024 ) (-3072 -1024 -1024 ) (-3072 -1024 -1440 ) 
4 1629 1634 0 (-3072 -2048 -1024 ) (-3072 -2048 -1440 ) (-2048 -2048 -1440 ) (-2048 -2048 -1024 ) 
4 1630 1760 0 (-3072 -3072 2048 ) (-3072 -3072 2240 ) (-3072 -2048 2240 ) (-3072 -2048 2048 ) 
4 1630 1635 0 (-3072 -3072 2240 ) (-3072 -3072 2048 ) (-2048 -3072 2048 ) (-2048 -3072 2240 ) 
4 1630 1631 0 (-2048 -3072 2048 ) (-3072 -3072 2048 ) (-3072 -2048 2048 ) (-2048 -2048 2048 ) 
4 1631 1761 0 (-3072 -3072 1024 ) (-3072 -3072 2048 ) (-3072 -2048 2048 ) (-3072 -2048 1024 ) 
4 1631 1636 0 (-3072 -3072 2048 ) (-3072 -3072 1024 ) (-2048 -3072 1024 ) (-2048 -3072 2048 ) 
4 1631 1632 0 (-2048 -3072 1024 ) (-3072 -3072 1024 ) (-3072 -2048 1024 ) (-2048 -2048 1024 ) 
4 1632 1762 0 (-3072 -3072 0 ) (-3072 -3072 1024 ) (-3072 -2048 1024 ) (-3072 -2048 0 ) 
4 1632 1637 0 (-3072 -3072 1024 ) (-3072 -3072 0 ) (-2048 -3072 0 ) (-2048 -3072 1024 ) 
4 1632 1633 0 (-2048 -3072 0 ) (-3072 -3072 0 ) (-3072 -2048 0 ) (-2048 -2048 0 ) 
4 1633 1763 0 (-3072 -3072 -1024 ) (-3072 -3072 0 ) (-3072 -2048 0 ) (-3072 -2048 -1024 ) 
4 1633 1638 0 (-3072 -3072 0 ) (-3072 -3072 -1024 ) (-2048 -3072 -1024 ) (-2048 -3072 0 ) 
4 1633 1634 0 (-2048 -3072 -1024 ) (-3072 -3072 -1024 ) (-3072 -2048 -1024 ) (-2048 -2048 -1024 ) 
4 1634 1764 0 (-3072 -3072 -1440 ) (-3072 -3072 -1024 ) (-3072 -2048 -1024 ) (-3072 -2048 -1440 ) 
4 1634 1639 0 (-3072 -3072 -1024 ) (-3072 -3072 -1440 ) (-2048 -3072 -1440 ) (-2048 -3072 -1024 ) 
4 1635 1765 0 (-3072 -4096 2048 ) (-3072 -4096 2240 ) (-3072 -3072 2240 ) (-3072 -3072 2048 ) 
4 1635 1640 0 (-3072 -4096 2240 ) (-3072 -4096 2048 ) (-2048 -4096 2048 ) (-2048 -4096 2240 ) 
4 1635 1636 0 (-2048 -4096 2048 ) (-3072 -4096 2048 ) (-3072 -3072 2048 ) (-2048 -3072 2048 ) 
4 1636 1766 0 (-3072 -4096 1024 ) (-3072 -4096 2048 ) (-3072 -3072 2048 ) (-3072 -3072 1024 ) 
4 1636 1641 0 (-3072 -4096 2048 ) (-3072 -4096 1024 ) (-2048 -4096 1024 ) (-2048 -4096 2048 ) 
4 1636 1637 0 (-2048 -4096 1024 ) (-3072 -4096 1024 ) (-3072 -3072 1024 ) (-2048 -3072 1024 ) 
4 1637 1767 0 (-3072 -4096 0 ) (-3072 -4096 1024 ) (-3072 -3072 1024 ) (-3072 -3072 0 ) 
4 1637 1642 0 (-3072 -4096 1024 ) (-3072 -4096 0 ) (-2048 -4096 0 ) (-2048 -4096 1024 ) 
4 1637 1638 0 (-2048 -4096 0 ) (-3072 -4096 0 ) (-3072 -3072 0 ) (-2048 -3072 0 ) 
4 1638 1768 0 (-3072 -4096 -1024 ) (-3072 -4096 0 ) (-3072 -3072 0 ) (-3072 -3072 -1024 ) 
4 1638 1643 0 (-3072 -4096 0 ) (-3072 -4096 -1024 ) (-2048 -4096 -1024 ) (-2048 -4096 0 ) 
4 1638 1639 0 (-2048 -4096 -1024 ) (-3072 -4096 -1024 ) (-3072 -3072 -1024 ) (-2048 -3072 -1024 ) 
4 1639 1769 0 (-3072 -4096 -1440 ) (-3072 -4096 -1024 ) (-3072 -3072 -1024 ) (-3072 -3072 -1440 ) 
4 1639 1644 0 (-3072 -4096 -1024 ) (-3072 -4096 -1440 ) (-2048 -4096 -1440 ) (-2048 -4096 -1024 ) 
4 1640 1770 0 (-3072 -5120 2048 ) (-3072 -5120 2240 ) (-3072 -4096 2240 ) (-3072 -4096 2048 ) 
4 1640 1645 0 (-3072 -5120 2240 ) (-3072 -5120 2048 ) (-2048 -5120 2048 ) (-2048 -5120 2240 ) 
4 1640 1641 0 (-2048 -5120 2048 ) (-3072 -5120 2048 ) (-3072 -4096 2048 ) (-2048 -4096 2048 ) 
4 1641 1771 0 (-3072 -5120 1024 ) (-3072 -5120 2048 ) (-3072 -4096 2048 ) (-3072 -4096 1024 ) 
4 1641 1646 0 (-3072 -5120 2048 ) (-3072 -5120 1024 ) (-2048 -5120 1024 ) (-2048 -5120 2048 ) 
4 1641 1642 0 (-2048 -5120 1024 ) (-3072 -5120 1024 ) (-3072 -4096 1024 ) (-2048 -4096 1024 ) 
4 1642 1772 0 (-3072 -5120 0 ) (-3072 -5120 1024 ) (-3072 -4096 1024 ) (-3072 -4096 0 ) 
4 1642 1647 0 (-3072 -5120 1024 ) (-3072 -5120 0 ) (-2048 -5120 0 ) (-2048 -5120 1024 ) 
4 1642 1643 0 (-2048 -5120 0 ) (-3072 -5120 0 ) (-3072 -4096 0 ) (-2048 -4096 0 ) 
4 1643 1773 0 (-3072 -5120 -1024 ) (-3072 -5120 0 ) (-3072 -4096 0 ) (-3072 -4096 -1024 ) 
4 1643 1648 0 (-3072 -5120 0 ) (-3072 -5120 -1024 ) (-2048 -5120 -1024 ) (-2048 -5120 0 ) 
4 1643 1644 0 (-2048 -5120 -1024 ) (-3072 -5120 -1024 ) (-3072 -4096 -1024 ) (-2048 -4096 -1024 ) 
4 1644 1774 0 (-3072 -5120 -1440 ) (-3072 -5120 -1024 ) (-3072 -4096 -1024 ) (-3072 -4096 -1440 ) 
4 1644 1649 0 (-3072 -5120 -1024 ) (-3072 -5120 -1440 ) (-2048 -5120 -1440 ) (-2048 -5120 -1024 ) 
4 1645 1775 0 (-3072 -6144 2048 ) (-3072 -6144 2240 ) (-3072 -5120 2240 ) (-3072 -5120 2048 ) 
4 1645 1650 0 (-3072 -6144 2240 ) (-3072 -6144 2048 ) (-2048 -6144 2048 ) (-2048 -6144 2240 ) 
4 1645 1646 0 (-2048 -6144 2048 ) (-3072 -6144 2048 ) (-3072 -5120 2048 ) (-2048 -5120 2048 ) 
4 1646 1776 0 (-3072 -6144 1024 ) (-3072 -6144 2048 ) (-3072 -5120 2048 ) (-3072 -5120 1024 ) 
4 1646 1651 0 (-3072 -6144 2048 ) (-3072 -6144 1024 ) (-2048 -6144 1024 ) (-2048 -6144 2048 ) 
4 1646 1647 0 (-2048 -6144 1024 ) (-3072 -6144 1024 ) (-3072 -5120 1024 ) (-2048 -5120 1024 ) 
4 1647 1777 0 (-3072 -6144 0 ) (-3072 -6144 1024 ) (-3072 -5120 1024 ) (-3072 -5120 0 ) 
4 1647 1652 0 (-3072 -6144 1024 ) (-3072 -6144 0 ) (-2048 -6144 0 ) (-2048 -6144 1024 ) 
4 1647 1648 0 (-2048 -6144 0 ) (-3072 -6144 0 ) (-3072 -5120 0 ) (-2048 -5120 0 ) 
4 1648 1778 0 (-3072 -6144 -1024 ) (-3072 -6144 0 ) (-3072 -5120 0 ) (-3072 -5120 -1024 ) 
4 1648 1653 0 (-3072 -6144 0 ) (-3072 -6144 -1024 ) (-2048 -6144 -1024 ) (-2048 -6144 0 ) 
4 1648 1649 0 (-2048 -6144 -1024 ) (-3072 -6144 -1024 ) (-3072 -5120 -1024 ) (-2048 -5120 -1024 ) 
4 1649 1779 0 (-3072 -6144 -1440 ) (-3072 -6144 -1024 ) (-3072 -5120 -1024 ) (-3072 -5120 -1440 ) 
4 1649 1654 0 (-3072 -6144 -1024 ) (-3072 -6144 -1440 ) (-2048 -6144 -1440 ) (-2048 -6144 -1024 ) 
4 1650 1780 0 (-3072 -7168 2048 ) (-3072 -7168 2240 ) (-3072 -6144 2240 ) (-3072 -6144 2048 ) 
4 1650 1655 0 (-3072 -7168 2240 ) (-3072 -7168 2048 ) (-2048 -7168 2048 ) (-2048 -7168 2240 ) 
4 1650 1651 0 (-2048 -7168 2048 ) (-3072 -7168 2048 ) (-3072 -6144 2048 ) (-2048 -6144 2048 ) 
4 1651 1781 0 (-3072 -7168 1024 ) (-3072 -7168 2048 ) (-3072 -6144 2048 ) (-3072 -6144 1024 ) 
4 1651 1656 0 (-3072 -7168 2048 ) (-3072 -7168 1024 ) (-2048 -7168 1024 ) (-2048 -7168 2048 ) 
4 1651 1652 0 (-2048 -7168 1024 ) (-3072 -7168 1024 ) (-3072 -6144 1024 ) (-2048 -6144 1024 ) 
4 1652 1782 0 (-3072 -7168 0 ) (-3072 -7168 1024 ) (-3072 -6144 1024 ) (-3072 -6144 0 ) 
4 1652 1657 0 (-3072 -7168 1024 ) (-3072 -7168 0 ) (-2048 -7168 0 ) (-2048 -7168 1024 ) 
4 1652 1653 0 (-2048 -7168 0 ) (-3072 -7168 0 ) (-3072 -6144 0 ) (-2048 -6144 0 ) 
4 1653 1783 0 (-3072 -7168 -1024 ) (-3072 -7168 0 ) (-3072 -6144 0 ) (-3072 -6144 -1024 ) 
4 1653 1658 0 (-3072 -7168 0 ) (-3072 -7168 -1024 ) (-2048 -7168 -1024 ) (-2048 -7168 0 ) 
4 1653 1654 0 (-2048 -7168 -1024 ) (-3072 -7168 -1024 ) (-3072 -6144 -1024 ) (-2048 -6144 -1024 ) 
4 1654 1784 0 (-3072 -7168 -1440 ) (-3072 -7168 -1024 ) (-3072 -6144 -1024 ) (-3072 -6144 -1440 ) 
4 1654 1659 0 (-3072 -7168 -1024 ) (-3072 -7168 -1440 ) (-2048 -7168 -1440 ) (-2048 -7168 -1024 ) 
4 1655 1785 0 (-3072 -8192 2048 ) (-3072 -8192 2240 ) (-3072 -7168 2240 ) (-3072 -7168 2048 ) 
4 1655 1660 0 (-3072 -8192 2240 ) (-3072 -8192 2048 ) (-2048 -8192 2048 ) (-2048 -8192 2240 ) 
4 1655 1656 0 (-2048 -8192 2048 ) (-3072 -8192 2048 ) (-3072 -7168 2048 ) (-2048 -7168 2048 ) 
4 1656 1786 0 (-3072 -8192 1024 ) (-3072 -8192 2048 ) (-3072 -7168 2048 ) (-3072 -7168 1024 ) 
4 1656 1661 0 (-3072 -8192 2048 ) (-3072 -8192 1024 ) (-2048 -8192 1024 ) (-2048 -8192 2048 ) 
4 1656 1657 0 (-2048 -8192 1024 ) (-3072 -8192 1024 ) (-3072 -7168 1024 ) (-2048 -7168 1024 ) 
4 1657 1787 0 (-3072 -8192 0 ) (-3072 -8192 1024 ) (-3072 -7168 1024 ) (-3072 -7168 0 ) 
4 1657 1662 0 (-3072 -8192 1024 ) (-3072 -8192 0 ) (-2048 -8192 0 ) (-2048 -8192 1024 ) 
4 1657 1658 0 (-2048 -8192 0 ) (-3072 -8192 0 ) (-3072 -7168 0 ) (-2048 -7168 0 ) 
4 1658 1788 0 (-3072 -8192 -1024 ) (-3072 -8192 0 ) (-3072 -7168 0 ) (-3072 -7168 -1024 ) 
4 1658 1663 0 (-3072 -8192 0 ) (-3072 -8192 -1024 ) (-2048 -8192 -1024 ) (-2048 -8192 0 ) 
4 1658 1659 0 (-2048 -8192 -1024 ) (-3072 -8192 -1024 ) (-3072 -7168 -1024 ) (-2048 -7168 -1024 ) 
4 1659 1789 0 (-3072 -8192 -1440 ) (-3072 -8192 -1024 ) (-3072 -7168 -1024 ) (-3072 -7168 -1440 ) 
4 1659 1664 0 (-3072 -8192 -1024 ) (-3072 -8192 -1440 ) (-2048 -8192 -1440 ) (-2048 -8192 -1024 ) 
4 1660 1790 0 (-3072 -9216 2048 ) (-3072 -9216 2240 ) (-3072 -8192 2240 ) (-3072 -8192 2048 ) 
4 1660 1665 0 (-3072 -9216 2240 ) (-3072 -9216 2048 ) (-2048 -9216 2048 ) (-2048 -9216 2240 ) 
4 1660 1661 0 (-2048 -9216 2048 ) (-3072 -9216 2048 ) (-3072 -8192 2048 ) (-2048 -8192 2048 ) 
4 1661 1791 0 (-3072 -9216 1024 ) (-3072 -9216 2048 ) (-3072 -8192 2048 ) (-3072 -8192 1024 ) 
4 1661 1666 0 (-3072 -9216 2048 ) (-3072 -9216 1024 ) (-2048 -9216 1024 ) (-2048 -9216 2048 ) 
4 1661 1662 0 (-2048 -9216 1024 ) (-3072 -9216 1024 ) (-3072 -8192 1024 ) (-2048 -8192 1024 ) 
4 1662 1792 0 (-3072 -9216 0 ) (-3072 -9216 1024 ) (-3072 -8192 1024 ) (-3072 -8192 0 ) 
4 1662 1667 0 (-3072 -9216 1024 ) (-3072 -9216 0 ) (-2048 -9216 0 ) (-2048 -9216 1024 ) 
4 1662 1663 0 (-2048 -9216 0 ) (-3072 -9216 0 ) (-3072 -8192 0 ) (-2048 -8192 0 ) 
4 1663 1793 0 (-3072 -9216 -1024 ) (-3072 -9216 0 ) (-3072 -8192 0 ) (-3072 -8192 -1024 ) 
4 1663 1668 0 (-3072 -9216 0 ) (-3072 -9216 -1024 ) (-2048 -9216 -1024 ) (-2048 -9216 0 ) 
4 1663 1664 0 (-2048 -9216 -1024 ) (-3072 -9216 -1024 ) (-3072 -8192 -1024 ) (-2048 -8192 -1024 ) 
4 1664 1794 0 (-3072 -9216 -1440 ) (-3072 -9216 -1024 ) (-3072 -8192 -1024 ) (-3072 -8192 -1440 ) 
4 1664 1669 0 (-3072 -9216 -1024 ) (-3072 -9216 -1440 ) (-2048 -9216 -1440 ) (-2048 -9216 -1024 ) 
4 1665 1795 0 (-3072 -10240 2048 ) (-3072 -10240 2240 ) (-3072 -9216 2240 ) (-3072 -9216 2048 ) 
4 1665 1670 0 (-3072 -10240 2240 ) (-3072 -10240 2048 ) (-2048 -10240 2048 ) (-2048 -10240 2240 ) 
4 1665 1666 0 (-2048 -10240 2048 ) (-3072 -10240 2048 ) (-3072 -9216 2048 ) (-2048 -9216 2048 ) 
4 1666 1796 0 (-3072 -10240 1024 ) (-3072 -10240 2048 ) (-3072 -9216 2048 ) (-3072 -9216 1024 ) 
4 1666 1671 0 (-3072 -10240 2048 ) (-3072 -10240 1024 ) (-2048 -10240 1024 ) (-2048 -10240 2048 ) 
4 1666 1667 0 (-2048 -10240 1024 ) (-3072 -10240 1024 ) (-3072 -9216 1024 ) (-2048 -9216 1024 ) 
4 1667 1797 0 (-3072 -10240 0 ) (-3072 -10240 1024 ) (-3072 -9216 1024 ) (-3072 -9216 0 ) 
4 1667 1672 0 (-3072 -10240 1024 ) (-3072 -10240 0 ) (-2048 -10240 0 ) (-2048 -10240 1024 ) 
4 1667 1668 0 (-2048 -10240 0 ) (-3072 -10240 0 ) (-3072 -9216 0 ) (-2048 -9216 0 ) 
4 1668 1798 0 (-3072 -10240 -1024 ) (-3072 -10240 0 ) (-3072 -9216 0 ) (-3072 -9216 -1024 ) 
4 1668 1673 0 (-3072 -10240 0 ) (-3072 -10240 -1024 ) (-2048 -10240 -1024 ) (-2048 -10240 0 ) 
4 1668 1669 0 (-2048 -10240 -1024 ) (-3072 -10240 -1024 ) (-3072 -9216 -1024 ) (-2048 -9216 -1024 ) 
4 1669 1799 0 (-3072 -10240 -1440 ) (-3072 -10240 -1024 ) (-3072 -9216 -1024 ) (-3072 -9216 -1440 ) 
4 1669 1674 0 (-3072 -10240 -1024 ) (-3072 -10240 -1440 ) (-2048 -10240 -1440 ) (-2048 -10240 -1024 ) 
4 1670 1800 0 (-3072 -11264 2048 ) (-3072 -11264 2240 ) (-3072 -10240 2240 ) (-3072 -10240 2048 ) 
4 1670 1675 0 (-3072 -11264 2240 ) (-3072 -11264 2048 ) (-2048 -11264 2048 ) (-2048 -11264 2240 ) 
4 1670 1671 0 (-2048 -11264 2048 ) (-3072 -11264 2048 ) (-3072 -10240 2048 ) (-2048 -10240 2048 ) 
4 1671 1801 0 (-3072 -11264 1024 ) (-3072 -11264 2048 ) (-3072 -10240 2048 ) (-3072 -10240 1024 ) 
4 1671 1676 0 (-3072 -11264 2048 ) (-3072 -11264 1024 ) (-2048 -11264 1024 ) (-2048 -11264 2048 ) 
4 1671 1672 0 (-2048 -11264 1024 ) (-3072 -11264 1024 ) (-3072 -10240 1024 ) (-2048 -10240 1024 ) 
4 1672 1802 0 (-3072 -11264 0 ) (-3072 -11264 1024 ) (-3072 -10240 1024 ) (-3072 -10240 0 ) 
4 1672 1677 0 (-3072 -11264 1024 ) (-3072 -11264 0 ) (-2048 -11264 0 ) (-2048 -11264 1024 ) 
4 1672 1673 0 (-2048 -11264 0 ) (-3072 -11264 0 ) (-3072 -10240 0 ) (-2048 -10240 0 ) 
4 1673 1803 0 (-3072 -11264 -1024 ) (-3072 -11264 0 ) (-3072 -10240 0 ) (-3072 -10240 -1024 ) 
4 1673 1678 0 (-3072 -11264 0 ) (-3072 -11264 -1024 ) (-2048 -11264 -1024 ) (-2048 -11264 0 ) 
4 1673 1674 0 (-2048 -11264 -1024 ) (-3072 -11264 -1024 ) (-3072 -10240 -1024 ) (-2048 -10240 -1024 ) 
4 1674 1804 0 (-3072 -11264 -1440 ) (-3072 -11264 -1024 ) (-3072 -10240 -1024 ) (-3072 -10240 -1440 ) 
4 1674 1679 0 (-3072 -11264 -1024 ) (-3072 -11264 -1440 ) (-2048 -11264 -1440 ) (-2048 -11264 -1024 ) 
4 1675 1805 0 (-3072 -12288 2048 ) (-3072 -12288 2240 ) (-3072 -11264 2240 ) (-3072 -11264 2048 ) 
4 1675 1680 0 (-3072 -12288 2240 ) (-3072 -12288 2048 ) (-2048 -12288 2048 ) (-2048 -12288 2240 ) 
4 1675 1676 0 (-2048 -12288 2048 ) (-3072 -12288 2048 ) (-3072 -11264 2048 ) (-2048 -11264 2048 ) 
4 1676 1806 0 (-3072 -12288 1024 ) (-3072 -12288 2048 ) (-3072 -11264 2048 ) (-3072 -11264 1024 ) 
4 1676 1681 0 (-3072 -12288 2048 ) (-3072 -12288 1024 ) (-2048 -12288 1024 ) (-2048 -12288 2048 ) 
4 1676 1677 0 (-2048 -12288 1024 ) (-3072 -12288 1024 ) (-3072 -11264 1024 ) (-2048 -11264 1024 ) 
4 1677 1807 0 (-3072 -12288 0 ) (-3072 -12288 1024 ) (-3072 -11264 1024 ) (-3072 -11264 0 ) 
4 1677 1682 0 (-3072 -12288 1024 ) (-3072 -12288 0 ) (-2048 -12288 0 ) (-2048 -12288 1024 ) 
4 1677 1678 0 (-2048 -12288 0 ) (-3072 -12288 0 ) (-3072 -11264 0 ) (-2048 -11264 0 ) 
4 1678 1808 0 (-3072 -12288 -1024 ) (-3072 -12288 0 ) (-3072 -11264 0 ) (-3072 -11264 -1024 ) 
4 1678 1683 0 (-3072 -12288 0 ) (-3072 -12288 -1024 ) (-2048 -12288 -1024 ) (-2048 -12288 0 ) 
4 1678 1679 0 (-2048 -12288 -1024 ) (-3072 -12288 -1024 ) (-3072 -11264 -1024 ) (-2048 -11264 -1024 ) 
4 1679 1809 0 (-3072 -12288 -1440 ) (-3072 -12288 -1024 ) (-3072 -11264 -1024 ) (-3072 -11264 -1440 ) 
4 1679 1684 0 (-3072 -12288 -1024 ) (-3072 -12288 -1440 ) (-2048 -12288 -1440 ) (-2048 -12288 -1024 ) 
4 1680 1810 0 (-3072 -13312 2048 ) (-3072 -13312 2240 ) (-3072 -12288 2240 ) (-3072 -12288 2048 ) 
4 1680 1685 0 (-3072 -13312 2240 ) (-3072 -13312 2048 ) (-2048 -13312 2048 ) (-2048 -13312 2240 ) 
4 1680 1681 0 (-2048 -13312 2048 ) (-3072 -13312 2048 ) (-3072 -12288 2048 ) (-2048 -12288 2048 ) 
4 1681 1811 0 (-3072 -13312 1024 ) (-3072 -13312 2048 ) (-3072 -12288 2048 ) (-3072 -12288 1024 ) 
4 1681 1686 0 (-3072 -13312 2048 ) (-3072 -13312 1024 ) (-2048 -13312 1024 ) (-2048 -13312 2048 ) 
4 1681 1682 0 (-2048 -13312 1024 ) (-3072 -13312 1024 ) (-3072 -12288 1024 ) (-2048 -12288 1024 ) 
4 1682 1812 0 (-3072 -13312 0 ) (-3072 -13312 1024 ) (-3072 -12288 1024 ) (-3072 -12288 0 ) 
4 1682 1687 0 (-3072 -13312 1024 ) (-3072 -13312 0 ) (-2048 -13312 0 ) (-2048 -13312 1024 ) 
4 1682 1683 0 (-2048 -13312 0 ) (-3072 -13312 0 ) (-3072 -12288 0 ) (-2048 -12288 0 ) 
4 1683 1813 0 (-3072 -13312 -1024 ) (-3072 -13312 0 ) (-3072 -12288 0 ) (-3072 -12288 -1024 ) 
4 1683 1688 0 (-3072 -13312 0 ) (-3072 -13312 -1024 ) (-2048 -13312 -1024 ) (-2048 -13312 0 ) 
4 1683 1684 0 (-2048 -13312 -1024 ) (-3072 -13312 -1024 ) (-3072 -12288 -1024 ) (-2048 -12288 -1024 ) 
4 1684 1814 0 (-3072 -13312 -1440 ) (-3072 -13312 -1024 ) (-3072 -12288 -1024 ) (-3072 -12288 -1440 ) 
4 1684 1689 0 (-3072 -13312 -1024 ) (-3072 -13312 -1440 ) (-2048 -13312 -1440 ) (-2048 -13312 -1024 ) 
4 1685 1815 0 (-3072 -13312 2240 ) (-3072 -13312 2048 ) (-3072 -13408 2048 ) (-3072 -13408 2240 ) 
4 1685 1686 0 (-3072 -13408 2048 ) (-3072 -13312 2048 ) (-2048 -13312 2048 ) (-2048 -13408 2048 ) 
4 1686 1816 0 (-3072 -13408 2048 ) (-3072 -13312 2048 ) (-3072 -13312 1024 ) (-3072 -13408 1024 ) 
4 1686 1687 0 (-3072 -13408 1024 ) (-3072 -13312 1024 ) (-2048 -13312 1024 ) (-2048 -13408 1024 ) 
4 1687 1817 0 (-3072 -13408 1024 ) (-3072 -13312 1024 ) (-3072 -13312 0 ) (-3072 -13408 0 ) 
4 1687 1688 0 (-3072 -13408 0 ) (-3072 -13312 0 ) (-2048 -13312 0 ) (-2048 -13408 0 ) 
4 1688 1818 0 (-3072 -13408 0 ) (-3072 -13312 0 ) (-3072 -13312 -1024 ) (-3072 -13408 -1024 ) 
4 1688 1689 0 (-3072 -13408 -1024 ) (-3072 -13312 -1024 ) (-2048 -13312 -1024 ) (-2048 -13408 -1024 ) 
4 1689 1819 0 (-3072 -13408 -1440 ) (-3072 -13408 -1024 ) (-3072 -13312 -1024 ) (-3072 -13312 -1440 ) 
4 1690 1820 0 (-4096 11312 2048 ) (-4096 11264 2048 ) (-4096 11264 2240 ) (-4096 11312 2240 ) 
4 1690 1695 0 (-4096 11264 2240 ) (-4096 11264 2048 ) (-3072 11264 2048 ) (-3072 11264 2240 ) 
4 1690 1691 0 (-3072 11264 2048 ) (-4096 11264 2048 ) (-4096 11312 2048 ) (-3072 11312 2048 ) 
4 1691 1821 0 (-4096 11312 1024 ) (-4096 11264 1024 ) (-4096 11264 2048 ) (-4096 11312 2048 ) 
4 1691 1696 0 (-4096 11264 2048 ) (-4096 11264 1024 ) (-3072 11264 1024 ) (-3072 11264 2048 ) 
4 1691 1692 0 (-3072 11264 1024 ) (-4096 11264 1024 ) (-4096 11312 1024 ) (-3072 11312 1024 ) 
4 1692 1822 0 (-4096 11312 0 ) (-4096 11264 0 ) (-4096 11264 1024 ) (-4096 11312 1024 ) 
4 1692 1697 0 (-4096 11264 1024 ) (-4096 11264 0 ) (-3072 11264 0 ) (-3072 11264 1024 ) 
4 1692 1693 0 (-3072 11264 0 ) (-4096 11264 0 ) (-4096 11312 0 ) (-3072 11312 0 ) 
4 1693 1823 0 (-4096 11312 -1024 ) (-4096 11264 -1024 ) (-4096 11264 0 ) (-4096 11312 0 ) 
4 1693 1698 0 (-4096 11264 0 ) (-4096 11264 -1024 ) (-3072 11264 -1024 ) (-3072 11264 0 ) 
4 1693 1694 0 (-3072 11264 -1024 ) (-4096 11264 -1024 ) (-4096 11312 -1024 ) (-3072 11312 -1024 ) 
4 1694 1824 0 (-4096 11312 -1440 ) (-4096 11264 -1440 ) (-4096 11264 -1024 ) (-4096 11312 -1024 ) 
4 1694 1699 0 (-4096 11264 -1024 ) (-4096 11264 -1440 ) (-3072 11264 -1440 ) (-3072 11264 -1024 ) 
4 1695 1825 0 (-4096 10240 2048 ) (-4096 10240 2240 ) (-4096 11264 2240 ) (-4096 11264 2048 ) 
4 1695 1700 0 (-4096 10240 2240 ) (-4096 10240 2048 ) (-3072 10240 2048 ) (-3072 10240 2240 ) 
4 1695 1696 0 (-3072 10240 2048 ) (-4096 10240 2048 ) (-4096 11264 2048 ) (-3072 11264 2048 ) 
4 1696 1826 0 (-4096 10240 1024 ) (-4096 10240 2048 ) (-4096 11264 2048 ) (-4096 11264 1024 ) 
4 1696 1701 0 (-4096 10240 2048 ) (-4096 10240 1024 ) (-3072 10240 1024 ) (-3072 10240 2048 ) 
4 1696 1697 0 (-3072 10240 1024 ) (-4096 10240 1024 ) (-4096 11264 1024 ) (-3072 11264 1024 ) 
4 1697 1827 0 (-4096 10240 0 ) (-4096 10240 1024 ) (-4096 11264 1024 ) (-4096 11264 0 ) 
4 1697 1702 0 (-4096 10240 1024 ) (-4096 10240 0 ) (-3072 10240 0 ) (-3072 10240 1024 ) 
4 1697 1698 0 (-3072 10240 0 ) (-4096 10240 0 ) (-4096 11264 0 ) (-3072 11264 0 ) 
4 1698 1828 0 (-4096 10240 -1024 ) (-4096 10240 0 ) (-4096 11264 0 ) (-4096 11264 -1024 ) 
4 1698 1703 0 (-4096 10240 0 ) (-4096 10240 -1024 ) (-3072 10240 -1024 ) (-3072 10240 0 ) 
4 1698 1699 0 (-3072 10240 -1024 ) (-4096 10240 -1024 ) (-4096 11264 -1024 ) (-3072 11264 -1024 ) 
4 1699 1829 0 (-4096 10240 -1440 ) (-4096 10240 -1024 ) (-4096 11264 -1024 ) (-4096 11264 -1440 ) 
4 1699 1704 0 (-4096 10240 -1024 ) (-4096 10240 -1440 ) (-3072 10240 -1440 ) (-3072 10240 -1024 ) 
4 1700 1830 0 (-4096 9216 2048 ) (-4096 9216 2240 ) (-4096 10240 2240 ) (-4096 10240 2048 ) 
4 1700 1705 0 (-4096 9216 2240 ) (-4096 9216 2048 ) (-3072 9216 2048 ) (-3072 9216 2240 ) 
4 1700 1701 0 (-3072 9216 2048 ) (-4096 9216 2048 ) (-4096 10240 2048 ) (-3072 10240 2048 ) 
4 1701 1831 0 (-4096 9216 1024 ) (-4096 9216 2048 ) (-4096 10240 2048 ) (-4096 10240 1024 ) 
4 1701 1706 0 (-4096 9216 2048 ) (-4096 9216 1024 ) (-3072 9216 1024 ) (-3072 9216 2048 ) 
4 1701 1702 0 (-3072 9216 1024 ) (-4096 9216 1024 ) (-4096 10240 1024 ) (-3072 10240 1024 ) 
4 1702 1832 0 (-4096 9216 0 ) (-4096 9216 1024 ) (-4096 10240 1024 ) (-4096 10240 0 ) 
4 1702 1707 0 (-4096 9216 1024 ) (-4096 9216 0 ) (-3072 9216 0 ) (-3072 9216 1024 ) 
4 1702 1703 0 (-3072 9216 0 ) (-4096 9216 0 ) (-4096 10240 0 ) (-3072 10240 0 ) 
4 1703 1833 0 (-4096 9216 -1024 ) (-4096 9216 0 ) (-4096 10240 0 ) (-4096 10240 -1024 ) 
4 1703 1708 0 (-4096 9216 0 ) (-4096 9216 -1024 ) (-3072 9216 -1024 ) (-3072 9216 0 ) 
4 1703 1704 0 (-3072 9216 -1024 ) (-4096 9216 -1024 ) (-4096 10240 -1024 ) (-3072 10240 -1024 ) 
4 1704 1834 0 (-4096 9216 -1440 ) (-4096 9216 -1024 ) (-4096 10240 -1024 ) (-4096 10240 -1440 ) 
4 1704 1709 0 (-4096 9216 -1024 ) (-4096 9216 -1440 ) (-3072 9216 -1440 ) (-3072 9216 -1024 ) 
4 1705 1835 0 (-4096 8192 2048 ) (-4096 8192 2240 ) (-4096 9216 2240 ) (-4096 9216 2048 ) 
4 1705 1710 0 (-4096 8192 2240 ) (-4096 8192 2048 ) (-3072 8192 2048 ) (-3072 8192 2240 ) 
4 1705 1706 0 (-3072 8192 2048 ) (-4096 8192 2048 ) (-4096 9216 2048 ) (-3072 9216 2048 ) 
4 1706 1836 0 (-4096 8192 1024 ) (-4096 8192 2048 ) (-4096 9216 2048 ) (-4096 9216 1024 ) 
4 1706 1711 0 (-4096 8192 2048 ) (-4096 8192 1024 ) (-3072 8192 1024 ) (-3072 8192 2048 ) 
4 1706 1707 0 (-3072 8192 1024 ) (-4096 8192 1024 ) (-4096 9216 1024 ) (-3072 9216 1024 ) 
4 1707 1837 0 (-4096 8192 0 ) (-4096 8192 1024 ) (-4096 9216 1024 ) (-4096 9216 0 ) 
4 1707 1712 0 (-4096 8192 1024 ) (-4096 8192 0 ) (-3072 8192 0 ) (-3072 8192 1024 ) 
4 1707 1708 0 (-3072 8192 0 ) (-4096 8192 0 ) (-4096 9216 0 ) (-3072 9216 0 ) 
4 1708 1838 0 (-4096 8192 -1024 ) (-4096 8192 0 ) (-4096 9216 0 ) (-4096 9216 -1024 ) 
4 1708 1713 0 (-4096 8192 0 ) (-4096 8192 -1024 ) (-3072 8192 -1024 ) (-3072 8192 0 ) 
4 1708 1709 0 (-3072 8192 -1024 ) (-4096 8192 -1024 ) (-4096 9216 -1024 ) (-3072 9216 -1024 ) 
4 1709 1839 0 (-4096 8192 -1440 ) (-4096 8192 -1024 ) (-4096 9216 -1024 ) (-4096 9216 -1440 ) 
4 1709 1714 0 (-4096 8192 -1024 ) (-4096 8192 -1440 ) (-3072 8192 -1440 ) (-3072 8192 -1024 ) 
4 1710 1840 0 (-4096 7168 2048 ) (-4096 7168 2240 ) (-4096 8192 2240 ) (-4096 8192 2048 ) 
4 1710 1715 0 (-4096 7168 2240 ) (-4096 7168 2048 ) (-3072 7168 2048 ) (-3072 7168 2240 ) 
4 1710 1711 0 (-3072 7168 2048 ) (-4096 7168 2048 ) (-4096 8192 2048 ) (-3072 8192 2048 ) 
4 1711 1841 0 (-4096 7168 1024 ) (-4096 7168 2048 ) (-4096 8192 2048 ) (-4096 8192 1024 ) 
4 1711 1716 0 (-4096 7168 2048 ) (-4096 7168 1024 ) (-3072 7168 1024 ) (-3072 7168 2048 ) 
4 1711 1712 0 (-3072 7168 1024 ) (-4096 7168 1024 ) (-4096 8192 1024 ) (-3072 8192 1024 ) 
4 1712 1842 0 (-4096 7168 0 ) (-4096 7168 1024 ) (-4096 8192 1024 ) (-4096 8192 0 ) 
4 1712 1717 0 (-4096 7168 1024 ) (-4096 7168 0 ) (-3072 7168 0 ) (-3072 7168 1024 ) 
4 1712 1713 0 (-3072 7168 0 ) (-4096 7168 0 ) (-4096 8192 0 ) (-3072 8192 0 ) 
4 1713 1843 0 (-4096 7168 -1024 ) (-4096 7168 0 ) (-4096 8192 0 ) (-4096 8192 -1024 ) 
4 1713 1718 0 (-4096 7168 0 ) (-4096 7168 -1024 ) (-3072 7168 -1024 ) (-3072 7168 0 ) 
4 1713 1714 0 (-3072 7168 -1024 ) (-4096 7168 -1024 ) (-4096 8192 -1024 ) (-3072 8192 -1024 ) 
4 1714 1844 0 (-4096 7168 -1440 ) (-4096 7168 -1024 ) (-4096 8192 -1024 ) (-4096 8192 -1440 ) 
4 1714 1719 0 (-4096 7168 -1024 ) (-4096 7168 -1440 ) (-3072 7168 -1440 ) (-3072 7168 -1024 ) 
4 1715 1845 0 (-4096 6144 2048 ) (-4096 6144 2240 ) (-4096 7168 2240 ) (-4096 7168 2048 ) 
4 1715 1720 0 (-4096 6144 2240 ) (-4096 6144 2048 ) (-3072 6144 2048 ) (-3072 6144 2240 ) 
4 1715 1716 0 (-3072 6144 2048 ) (-4096 6144 2048 ) (-4096 7168 2048 ) (-3072 7168 2048 ) 
4 1716 1846 0 (-4096 6144 1024 ) (-4096 6144 2048 ) (-4096 7168 2048 ) (-4096 7168 1024 ) 
4 1716 1721 0 (-4096 6144 2048 ) (-4096 6144 1024 ) (-3072 6144 1024 ) (-3072 6144 2048 ) 
4 1716 1717 0 (-3072 6144 1024 ) (-4096 6144 1024 ) (-4096 7168 1024 ) (-3072 7168 1024 ) 
4 1717 1847 0 (-4096 6144 0 ) (-4096 6144 1024 ) (-4096 7168 1024 ) (-4096 7168 0 ) 
4 1717 1722 0 (-4096 6144 1024 ) (-4096 6144 0 ) (-3072 6144 0 ) (-3072 6144 1024 ) 
4 1717 1718 0 (-3072 6144 0 ) (-4096 6144 0 ) (-4096 7168 0 ) (-3072 7168 0 ) 
4 1718 1848 0 (-4096 6144 -1024 ) (-4096 6144 0 ) (-4096 7168 0 ) (-4096 7168 -1024 ) 
4 1718 1723 0 (-4096 6144 0 ) (-4096 6144 -1024 ) (-3072 6144 -1024 ) (-3072 6144 0 ) 
4 1718 1719 0 (-3072 6144 -1024 ) (-4096 6144 -1024 ) (-4096 7168 -1024 ) (-3072 7168 -1024 ) 
4 1719 1849 0 (-4096 6144 -1440 ) (-4096 6144 -1024 ) (-4096 7168 -1024 ) (-4096 7168 -1440 ) 
4 1719 1724 0 (-4096 6144 -1024 ) (-4096 6144 -1440 ) (-3072 6144 -1440 ) (-3072 6144 -1024 ) 
4 1720 1850 0 (-4096 5120 2048 ) (-4096 5120 2240 ) (-4096 6144 2240 ) (-4096 6144 2048 ) 
4 1720 1725 0 (-4096 5120 2240 ) (-4096 5120 2048 ) (-3072 5120 2048 ) (-3072 5120 2240 ) 
4 1720 1721 0 (-3072 5120 2048 ) (-4096 5120 2048 ) (-4096 6144 2048 ) (-3072 6144 2048 ) 
4 1721 1851 0 (-4096 5120 1024 ) (-4096 5120 2048 ) (-4096 6144 2048 ) (-4096 6144 1024 ) 
4 1721 1726 0 (-4096 5120 2048 ) (-4096 5120 1024 ) (-3072 5120 1024 ) (-3072 5120 2048 ) 
4 1721 1722 0 (-3072 5120 1024 ) (-4096 5120 1024 ) (-4096 6144 1024 ) (-3072 6144 1024 ) 
4 1722 1852 0 (-4096 5120 0 ) (-4096 5120 1024 ) (-4096 6144 1024 ) (-4096 6144 0 ) 
4 1722 1727 0 (-4096 5120 1024 ) (-4096 5120 0 ) (-3072 5120 0 ) (-3072 5120 1024 ) 
4 1722 1723 0 (-3072 5120 0 ) (-4096 5120 0 ) (-4096 6144 0 ) (-3072 6144 0 ) 
4 1723 1853 0 (-4096 5120 -1024 ) (-4096 5120 0 ) (-4096 6144 0 ) (-4096 6144 -1024 ) 
4 1723 1728 0 (-4096 5120 0 ) (-4096 5120 -1024 ) (-3072 5120 -1024 ) (-3072 5120 0 ) 
4 1723 1724 0 (-3072 5120 -1024 ) (-4096 5120 -1024 ) (-4096 6144 -1024 ) (-3072 6144 -1024 ) 
4 1724 1854 0 (-4096 5120 -1440 ) (-4096 5120 -1024 ) (-4096 6144 -1024 ) (-4096 6144 -1440 ) 
4 1724 1729 0 (-4096 5120 -1024 ) (-4096 5120 -1440 ) (-3072 5120 -1440 ) (-3072 5120 -1024 ) 
4 1725 1855 0 (-4096 4096 2048 ) (-4096 4096 2240 ) (-4096 5120 2240 ) (-4096 5120 2048 ) 
4 1725 1730 0 (-4096 4096 2240 ) (-4096 4096 2048 ) (-3072 4096 2048 ) (-3072 4096 2240 ) 
4 1725 1726 0 (-3072 4096 2048 ) (-4096 4096 2048 ) (-4096 5120 2048 ) (-3072 5120 2048 ) 
4 1726 1856 0 (-4096 4096 1024 ) (-4096 4096 2048 ) (-4096 5120 2048 ) (-4096 5120 1024 ) 
4 1726 1731 0 (-4096 4096 2048 ) (-4096 4096 1024 ) (-3072 4096 1024 ) (-3072 4096 2048 ) 
4 1726 1727 0 (-3072 4096 1024 ) (-4096 4096 1024 ) (-4096 5120 1024 ) (-3072 5120 1024 ) 
4 1727 1857 0 (-4096 4096 0 ) (-4096 4096 1024 ) (-4096 5120 1024 ) (-4096 5120 0 ) 
4 1727 1732 0 (-4096 4096 1024 ) (-4096 4096 0 ) (-3072 4096 0 ) (-3072 4096 1024 ) 
4 1727 1728 0 (-3072 4096 0 ) (-4096 4096 0 ) (-4096 5120 0 ) (-3072 5120 0 ) 
4 1728 1858 0 (-4096 4096 -1024 ) (-4096 4096 0 ) (-4096 5120 0 ) (-4096 5120 -1024 ) 
4 1728 1733 0 (-4096 4096 0 ) (-4096 4096 -1024 ) (-3072 4096 -1024 ) (-3072 4096 0 ) 
4 1728 1729 0 (-3072 4096 -1024 ) (-4096 4096 -1024 ) (-4096 5120 -1024 ) (-3072 5120 -1024 ) 
4 1729 1859 0 (-4096 4096 -1440 ) (-4096 4096 -1024 ) (-4096 5120 -1024 ) (-4096 5120 -1440 ) 
4 1729 1734 0 (-4096 4096 -1024 ) (-4096 4096 -1440 ) (-3072 4096 -1440 ) (-3072 4096 -1024 ) 
4 1730 1860 0 (-4096 3072 2048 ) (-4096 3072 2240 ) (-4096 4096 2240 ) (-4096 4096 2048 ) 
4 1730 1735 0 (-4096 3072 2240 ) (-4096 3072 2048 ) (-3072 3072 2048 ) (-3072 3072 2240 ) 
4 1730 1731 0 (-3072 3072 2048 ) (-4096 3072 2048 ) (-4096 4096 2048 ) (-3072 4096 2048 ) 
4 1731 1861 0 (-4096 3072 1024 ) (-4096 3072 2048 ) (-4096 4096 2048 ) (-4096 4096 1024 ) 
4 1731 1736 0 (-4096 3072 2048 ) (-4096 3072 1024 ) (-3072 3072 1024 ) (-3072 3072 2048 ) 
4 1731 1732 0 (-3072 3072 1024 ) (-4096 3072 1024 ) (-4096 4096 1024 ) (-3072 4096 1024 ) 
4 1732 1862 0 (-4096 3072 0 ) (-4096 3072 1024 ) (-4096 4096 1024 ) (-4096 4096 0 ) 
4 1732 1737 0 (-4096 3072 1024 ) (-4096 3072 0 ) (-3072 3072 0 ) (-3072 3072 1024 ) 
4 1732 1733 0 (-3072 3072 0 ) (-4096 3072 0 ) (-4096 4096 0 ) (-3072 4096 0 ) 
4 1733 1863 0 (-4096 3072 -1024 ) (-4096 3072 0 ) (-4096 4096 0 ) (-4096 4096 -1024 ) 
4 1733 1738 0 (-4096 3072 0 ) (-4096 3072 -1024 ) (-3072 3072 -1024 ) (-3072 3072 0 ) 
4 1733 1734 0 (-3072 3072 -1024 ) (-4096 3072 -1024 ) (-4096 4096 -1024 ) (-3072 4096 -1024 ) 
4 1734 1864 0 (-4096 3072 -1440 ) (-4096 3072 -1024 ) (-4096 4096 -1024 ) (-4096 4096 -1440 ) 
4 1734 1739 0 (-4096 3072 -1024 ) (-4096 3072 -1440 ) (-3072 3072 -1440 ) (-3072 3072 -1024 ) 
4 1735 1865 0 (-4096 2048 2048 ) (-4096 2048 2240 ) (-4096 3072 2240 ) (-4096 3072 2048 ) 
4 1735 1740 0 (-4096 2048 2240 ) (-4096 2048 2048 ) (-3072 2048 2048 ) (-3072 2048 2240 ) 
4 1735 1736 0 (-3072 2048 2048 ) (-4096 2048 2048 ) (-4096 3072 2048 ) (-3072 3072 2048 ) 
4 1736 1866 0 (-4096 2048 1024 ) (-4096 2048 2048 ) (-4096 3072 2048 ) (-4096 3072 1024 ) 
4 1736 1741 0 (-4096 2048 2048 ) (-4096 2048 1024 ) (-3072 2048 1024 ) (-3072 2048 2048 ) 
4 1736 1737 0 (-3072 2048 1024 ) (-4096 2048 1024 ) (-4096 3072 1024 ) (-3072 3072 1024 ) 
4 1737 1867 0 (-4096 2048 0 ) (-4096 2048 1024 ) (-4096 3072 1024 ) (-4096 3072 0 ) 
4 1737 1742 0 (-4096 2048 1024 ) (-4096 2048 0 ) (-3072 2048 0 ) (-3072 2048 1024 ) 
4 1737 1738 0 (-3072 2048 0 ) (-4096 2048 0 ) (-4096 3072 0 ) (-3072 3072 0 ) 
4 1738 1868 0 (-4096 2048 -1024 ) (-4096 2048 0 ) (-4096 3072 0 ) (-4096 3072 -1024 ) 
4 1738 1743 0 (-4096 2048 0 ) (-4096 2048 -1024 ) (-3072 2048 -1024 ) (-3072 2048 0 ) 
4 1738 1739 0 (-3072 2048 -1024 ) (-4096 2048 -1024 ) (-4096 3072 -1024 ) (-3072 3072 -1024 ) 
4 1739 1869 0 (-4096 2048 -1440 ) (-4096 2048 -1024 ) (-4096 3072 -1024 ) (-4096 3072 -1440 ) 
4 1739 1744 0 (-4096 2048 -1024 ) (-4096 2048 -1440 ) (-3072 2048 -1440 ) (-3072 2048 -1024 ) 
4 1740 1870 0 (-4096 1024 2048 ) (-4096 1024 2240 ) (-4096 2048 2240 ) (-4096 2048 2048 ) 
4 1740 1745 0 (-4096 1024 2240 ) (-4096 1024 2048 ) (-3072 1024 2048 ) (-3072 1024 2240 ) 
4 1740 1741 0 (-3072 1024 2048 ) (-4096 1024 2048 ) (-4096 2048 2048 ) (-3072 2048 2048 ) 
4 1741 1871 0 (-4096 1024 1024 ) (-4096 1024 2048 ) (-4096 2048 2048 ) (-4096 2048 1024 ) 
4 1741 1746 0 (-4096 1024 2048 ) (-4096 1024 1024 ) (-3072 1024 1024 ) (-3072 1024 2048 ) 
4 1741 1742 0 (-3072 1024 1024 ) (-4096 1024 1024 ) (-4096 2048 1024 ) (-3072 2048 1024 ) 
4 1742 1872 0 (-4096 1024 0 ) (-4096 1024 1024 ) (-4096 2048 1024 ) (-4096 2048 0 ) 
4 1742 1747 0 (-4096 1024 1024 ) (-4096 1024 0 ) (-3072 1024 0 ) (-3072 1024 1024 ) 
4 1742 1743 0 (-3072 1024 0 ) (-4096 1024 0 ) (-4096 2048 0 ) (-3072 2048 0 ) 
4 1743 1873 0 (-4096 1024 -1024 ) (-4096 1024 0 ) (-4096 2048 0 ) (-4096 2048 -1024 ) 
4 1743 1748 0 (-4096 1024 0 ) (-4096 1024 -1024 ) (-3072 1024 -1024 ) (-3072 1024 0 ) 
4 1743 1744 0 (-3072 1024 -1024 ) (-4096 1024 -1024 ) (-4096 2048 -1024 ) (-3072 2048 -1024 ) 
4 1744 1874 0 (-4096 1024 -1440 ) (-4096 1024 -1024 ) (-4096 2048 -1024 ) (-4096 2048 -1440 ) 
4 1744 1749 0 (-4096 1024 -1024 ) (-4096 1024 -1440 ) (-3072 1024 -1440 ) (-3072 1024 -1024 ) 
4 1745 1875 0 (-4096 0 2048 ) (-4096 0 2240 ) (-4096 1024 2240 ) (-4096 1024 2048 ) 
4 1745 1750 0 (-4096 0 2240 ) (-4096 0 2048 ) (-3072 0 2048 ) (-3072 0 2240 ) 
4 1745 1746 0 (-3072 0 2048 ) (-4096 0 2048 ) (-4096 1024 2048 ) (-3072 1024 2048 ) 
4 1746 1876 0 (-4096 0 1024 ) (-4096 0 2048 ) (-4096 1024 2048 ) (-4096 1024 1024 ) 
4 1746 1751 0 (-4096 0 2048 ) (-4096 0 1024 ) (-3072 0 1024 ) (-3072 0 2048 ) 
4 1746 1747 0 (-3072 0 1024 ) (-4096 0 1024 ) (-4096 1024 1024 ) (-3072 1024 1024 ) 
4 1747 1877 0 (-4096 0 0 ) (-4096 0 1024 ) (-4096 1024 1024 ) (-4096 1024 0 ) 
4 1747 1752 0 (-4096 0 1024 ) (-4096 0 0 ) (-3072 0 0 ) (-3072 0 1024 ) 
4 1747 1748 0 (-3072 0 0 ) (-4096 0 0 ) (-4096 1024 0 ) (-3072 1024 0 ) 
4 1748 1878 0 (-4096 0 -1024 ) (-4096 0 0 ) (-4096 1024 0 ) (-4096 1024 -1024 ) 
4 1748 1753 0 (-4096 0 0 ) (-4096 0 -1024 ) (-3072 0 -1024 ) (-3072 0 0 ) 
4 1748 1749 0 (-3072 0 -1024 ) (-4096 0 -1024 ) (-4096 1024 -1024 ) (-3072 1024 -1024 ) 
4 1749 1879 0 (-4096 0 -1440 ) (-4096 0 -1024 ) (-4096 1024 -1024 ) (-4096 1024 -1440 ) 
4 1749 1754 0 (-4096 0 -1024 ) (-4096 0 -1440 ) (-3072 0 -1440 ) (-3072 0 -1024 ) 
4 1750 1880 0 (-4096 -1024 2048 ) (-4096 -1024 2240 ) (-4096 0 2240 ) (-4096 0 2048 ) 
4 1750 1755 0 (-4096 -1024 2240 ) (-4096 -1024 2048 ) (-3072 -1024 2048 ) (-3072 -1024 2240 ) 
4 1750 1751 0 (-3072 -1024 2048 ) (-4096 -1024 2048 ) (-4096 0 2048 ) (-3072 0 2048 ) 
4 1751 1881 0 (-4096 -1024 1024 ) (-4096 -1024 2048 ) (-4096 0 2048 ) (-4096 0 1024 ) 
4 1751 1756 0 (-4096 -1024 2048 ) (-4096 -1024 1024 ) (-3072 -1024 1024 ) (-3072 -1024 2048 ) 
4 1751 1752 0 (-3072 -1024 1024 ) (-4096 -1024 1024 ) (-4096 0 1024 ) (-3072 0 1024 ) 
4 1752 1882 0 (-4096 -1024 0 ) (-4096 -1024 1024 ) (-4096 0 1024 ) (-4096 0 0 ) 
4 1752 1757 0 (-4096 -1024 1024 ) (-4096 -1024 0 ) (-3072 -1024 0 ) (-3072 -1024 1024 ) 
4 1752 1753 0 (-3072 -1024 0 ) (-4096 -1024 0 ) (-4096 0 0 ) (-3072 0 0 ) 
4 1753 1883 0 (-4096 -1024 -1024 ) (-4096 -1024 0 ) (-4096 0 0 ) (-4096 0 -1024 ) 
4 1753 1758 0 (-4096 -1024 0 ) (-4096 -1024 -1024 ) (-3072 -1024 -1024 ) (-3072 -1024 0 ) 
4 1753 1754 0 (-3072 -1024 -1024 ) (-4096 -1024 -1024 ) (-4096 0 -1024 ) (-3072 0 -1024 ) 
4 1754 1884 0 (-4096 -1024 -1440 ) (-4096 -1024 -1024 ) (-4096 0 -1024 ) (-4096 0 -1440 ) 
4 1754 1759 0 (-4096 -1024 -1024 ) (-4096 -1024 -1440 ) (-3072 -1024 -1440 ) (-3072 -1024 -1024 ) 
4 1755 1885 0 (-4096 -2048 2048 ) (-4096 -2048 2240 ) (-4096 -1024 2240 ) (-4096 -1024 2048 ) 
4 1755 1760 0 (-4096 -2048 2240 ) (-4096 -2048 2048 ) (-3072 -2048 2048 ) (-3072 -2048 2240 ) 
4 1755 1756 0 (-3072 -2048 2048 ) (-4096 -2048 2048 ) (-4096 -1024 2048 ) (-3072 -1024 2048 ) 
4 1756 1886 0 (-4096 -2048 1024 ) (-4096 -2048 2048 ) (-4096 -1024 2048 ) (-4096 -1024 1024 ) 
4 1756 1761 0 (-4096 -2048 2048 ) (-4096 -2048 1024 ) (-3072 -2048 1024 ) (-3072 -2048 2048 ) 
4 1756 1757 0 (-3072 -2048 1024 ) (-4096 -2048 1024 ) (-4096 -1024 1024 ) (-3072 -1024 1024 ) 
4 1757 1887 0 (-4096 -2048 0 ) (-4096 -2048 1024 ) (-4096 -1024 1024 ) (-4096 -1024 0 ) 
4 1757 1762 0 (-4096 -2048 1024 ) (-4096 -2048 0 ) (-3072 -2048 0 ) (-3072 -2048 1024 ) 
4 1757 1758 0 (-3072 -2048 0 ) (-4096 -2048 0 ) (-4096 -1024 0 ) (-3072 -1024 0 ) 
4 1758 1888 0 (-4096 -2048 -1024 ) (-4096 -2048 0 ) (-4096 -1024 0 ) (-4096 -1024 -1024 ) 
4 1758 1763 0 (-4096 -2048 0 ) (-4096 -2048 -1024 ) (-3072 -2048 -1024 ) (-3072 -2048 0 ) 
4 1758 1759 0 (-3072 -2048 -1024 ) (-4096 -2048 -1024 ) (-4096 -1024 -1024 ) (-3072 -1024 -1024 ) 
4 1759 1889 0 (-4096 -2048 -1440 ) (-4096 -2048 -1024 ) (-4096 -1024 -1024 ) (-4096 -1024 -1440 ) 
4 1759 1764 0 (-4096 -2048 -1024 ) (-4096 -2048 -1440 ) (-3072 -2048 -1440 ) (-3072 -2048 -1024 ) 
4 1760 1890 0 (-4096 -3072 2048 ) (-4096 -3072 2240 ) (-4096 -2048 2240 ) (-4096 -2048 2048 ) 
4 1760 1765 0 (-4096 -3072 2240 ) (-4096 -3072 2048 ) (-3072 -3072 2048 ) (-3072 -3072 2240 ) 
4 1760 1761 0 (-3072 -3072 2048 ) (-4096 -3072 2048 ) (-4096 -2048 2048 ) (-3072 -2048 2048 ) 
4 1761 1891 0 (-4096 -3072 1024 ) (-4096 -3072 2048 ) (-4096 -2048 2048 ) (-4096 -2048 1024 ) 
4 1761 1766 0 (-4096 -3072 2048 ) (-4096 -3072 1024 ) (-3072 -3072 1024 ) (-3072 -3072 2048 ) 
4 1761 1762 0 (-3072 -3072 1024 ) (-4096 -3072 1024 ) (-4096 -2048 1024 ) (-3072 -2048 1024 ) 
4 1762 1892 0 (-4096 -3072 0 ) (-4096 -3072 1024 ) (-4096 -2048 1024 ) (-4096 -2048 0 ) 
4 1762 1767 0 (-4096 -3072 1024 ) (-4096 -3072 0 ) (-3072 -3072 0 ) (-3072 -3072 1024 ) 
4 1762 1763 0 (-3072 -3072 0 ) (-4096 -3072 0 ) (-4096 -2048 0 ) (-3072 -2048 0 ) 
4 1763 1893 0 (-4096 -3072 -1024 ) (-4096 -3072 0 ) (-4096 -2048 0 ) (-4096 -2048 -1024 ) 
4 1763 1768 0 (-4096 -3072 0 ) (-4096 -3072 -1024 ) (-3072 -3072 -1024 ) (-3072 -3072 0 ) 
4 1763 1764 0 (-3072 -3072 -1024 ) (-4096 -3072 -1024 ) (-4096 -2048 -1024 ) (-3072 -2048 -1024 ) 
4 1764 1894 0 (-4096 -3072 -1440 ) (-4096 -3072 -1024 ) (-4096 -2048 -1024 ) (-4096 -2048 -1440 ) 
4 1764 1769 0 (-4096 -3072 -1024 ) (-4096 -3072 -1440 ) (-3072 -3072 -1440 ) (-3072 -3072 -1024 ) 
4 1765 1895 0 (-4096 -4096 2048 ) (-4096 -4096 2240 ) (-4096 -3072 2240 ) (-4096 -3072 2048 ) 
4 1765 1770 0 (-4096 -4096 2240 ) (-4096 -4096 2048 ) (-3072 -4096 2048 ) (-3072 -4096 2240 ) 
4 1765 1766 0 (-3072 -4096 2048 ) (-4096 -4096 2048 ) (-4096 -3072 2048 ) (-3072 -3072 2048 ) 
4 1766 1896 0 (-4096 -4096 1024 ) (-4096 -4096 2048 ) (-4096 -3072 2048 ) (-4096 -3072 1024 ) 
4 1766 1771 0 (-4096 -4096 2048 ) (-4096 -4096 1024 ) (-3072 -4096 1024 ) (-3072 -4096 2048 ) 
4 1766 1767 0 (-3072 -4096 1024 ) (-4096 -4096 1024 ) (-4096 -3072 1024 ) (-3072 -3072 1024 ) 
4 1767 1897 0 (-4096 -4096 0 ) (-4096 -4096 1024 ) (-4096 -3072 1024 ) (-4096 -3072 0 ) 
4 1767 1772 0 (-4096 -4096 1024 ) (-4096 -4096 0 ) (-3072 -4096 0 ) (-3072 -4096 1024 ) 
4 1767 1768 0 (-3072 -4096 0 ) (-4096 -4096 0 ) (-4096 -3072 0 ) (-3072 -3072 0 ) 
4 1768 1898 0 (-4096 -4096 -1024 ) (-4096 -4096 0 ) (-4096 -3072 0 ) (-4096 -3072 -1024 ) 
4 1768 1773 0 (-4096 -4096 0 ) (-4096 -4096 -1024 ) (-3072 -4096 -1024 ) (-3072 -4096 0 ) 
4 1768 1769 0 (-3072 -4096 -1024 ) (-4096 -4096 -1024 ) (-4096 -3072 -1024 ) (-3072 -3072 -1024 ) 
4 1769 1899 0 (-4096 -4096 -1440 ) (-4096 -4096 -1024 ) (-4096 -3072 -1024 ) (-4096 -3072 -1440 ) 
4 1769 1774 0 (-4096 -4096 -1024 ) (-4096 -4096 -1440 ) (-3072 -4096 -1440 ) (-3072 -4096 -1024 ) 
4 1770 1900 0 (-4096 -5120 2048 ) (-4096 -5120 2240 ) (-4096 -4096 2240 ) (-4096 -4096 2048 ) 
4 1770 1775 0 (-4096 -5120 2240 ) (-4096 -5120 2048 ) (-3072 -5120 2048 ) (-3072 -5120 2240 ) 
4 1770 1771 0 (-3072 -5120 2048 ) (-4096 -5120 2048 ) (-4096 -4096 2048 ) (-3072 -4096 2048 ) 
4 1771 1901 0 (-4096 -5120 1024 ) (-4096 -5120 2048 ) (-4096 -4096 2048 ) (-4096 -4096 1024 ) 
4 1771 1776 0 (-4096 -5120 2048 ) (-4096 -5120 1024 ) (-3072 -5120 1024 ) (-3072 -5120 2048 ) 
4 1771 1772 0 (-3072 -5120 1024 ) (-4096 -5120 1024 ) (-4096 -4096 1024 ) (-3072 -4096 1024 ) 
4 1772 1902 0 (-4096 -5120 0 ) (-4096 -5120 1024 ) (-4096 -4096 1024 ) (-4096 -4096 0 ) 
4 1772 1777 0 (-4096 -5120 1024 ) (-4096 -5120 0 ) (-3072 -5120 0 ) (-3072 -5120 1024 ) 
4 1772 1773 0 (-3072 -5120 0 ) (-4096 -5120 0 ) (-4096 -4096 0 ) (-3072 -4096 0 ) 
4 1773 1903 0 (-4096 -5120 -1024 ) (-4096 -5120 0 ) (-4096 -4096 0 ) (-4096 -4096 -1024 ) 
4 1773 1778 0 (-4096 -5120 0 ) (-4096 -5120 -1024 ) (-3072 -5120 -1024 ) (-3072 -5120 0 ) 
4 1773 1774 0 (-3072 -5120 -1024 ) (-4096 -5120 -1024 ) (-4096 -4096 -1024 ) (-3072 -4096 -1024 ) 
4 1774 1904 0 (-4096 -5120 -1440 ) (-4096 -5120 -1024 ) (-4096 -4096 -1024 ) (-4096 -4096 -1440 ) 
4 1774 1779 0 (-4096 -5120 -1024 ) (-4096 -5120 -1440 ) (-3072 -5120 -1440 ) (-3072 -5120 -1024 ) 
4 1775 1905 0 (-4096 -6144 2048 ) (-4096 -6144 2240 ) (-4096 -5120 2240 ) (-4096 -5120 2048 ) 
4 1775 1780 0 (-4096 -6144 2240 ) (-4096 -6144 2048 ) (-3072 -6144 2048 ) (-3072 -6144 2240 ) 
4 1775 1776 0 (-3072 -6144 2048 ) (-4096 -6144 2048 ) (-4096 -5120 2048 ) (-3072 -5120 2048 ) 
4 1776 1906 0 (-4096 -6144 1024 ) (-4096 -6144 2048 ) (-4096 -5120 2048 ) (-4096 -5120 1024 ) 
4 1776 1781 0 (-4096 -6144 2048 ) (-4096 -6144 1024 ) (-3072 -6144 1024 ) (-3072 -6144 2048 ) 
4 1776 1777 0 (-3072 -6144 1024 ) (-4096 -6144 1024 ) (-4096 -5120 1024 ) (-3072 -5120 1024 ) 
4 1777 1907 0 (-4096 -6144 0 ) (-4096 -6144 1024 ) (-4096 -5120 1024 ) (-4096 -5120 0 ) 
4 1777 1782 0 (-4096 -6144 1024 ) (-4096 -6144 0 ) (-3072 -6144 0 ) (-3072 -6144 1024 ) 
4 1777 1778 0 (-3072 -6144 0 ) (-4096 -6144 0 ) (-4096 -5120 0 ) (-3072 -5120 0 ) 
4 1778 1908 0 (-4096 -6144 -1024 ) (-4096 -6144 0 ) (-4096 -5120 0 ) (-4096 -5120 -1024 ) 
4 1778 1783 0 (-4096 -6144 0 ) (-4096 -6144 -1024 ) (-3072 -6144 -1024 ) (-3072 -6144 0 ) 
4 1778 1779 0 (-3072 -6144 -1024 ) (-4096 -6144 -1024 ) (-4096 -5120 -1024 ) (-3072 -5120 -1024 ) 
4 1779 1909 0 (-4096 -6144 -1440 ) (-4096 -6144 -1024 ) (-4096 -5120 -1024 ) (-4096 -5120 -1440 ) 
4 1779 1784 0 (-4096 -6144 -1024 ) (-4096 -6144 -1440 ) (-3072 -6144 -1440 ) (-3072 -6144 -1024 ) 
4 1780 1910 0 (-4096 -7168 2048 ) (-4096 -7168 2240 ) (-4096 -6144 2240 ) (-4096 -6144 2048 ) 
4 1780 1785 0 (-4096 -7168 2240 ) (-4096 -7168 2048 ) (-3072 -7168 2048 ) (-3072 -7168 2240 ) 
4 1780 1781 0 (-3072 -7168 2048 ) (-4096 -7168 2048 ) (-4096 -6144 2048 ) (-3072 -6144 2048 ) 
4 1781 1911 0 (-4096 -7168 1024 ) (-4096 -7168 2048 ) (-4096 -6144 2048 ) (-4096 -6144 1024 ) 
4 1781 1786 0 (-4096 -7168 2048 ) (-4096 -7168 1024 ) (-3072 -7168 1024 ) (-3072 -7168 2048 ) 
4 1781 1782 0 (-3072 -7168 1024 ) (-4096 -7168 1024 ) (-4096 -6144 1024 ) (-3072 -6144 1024 ) 
4 1782 1912 0 (-4096 -7168 0 ) (-4096 -7168 1024 ) (-4096 -6144 1024 ) (-4096 -6144 0 ) 
4 1782 1787 0 (-4096 -7168 1024 ) (-4096 -7168 0 ) (-3072 -7168 0 ) (-3072 -7168 1024 ) 
4 1782 1783 0 (-3072 -7168 0 ) (-4096 -7168 0 ) (-4096 -6144 0 ) (-3072 -6144 0 ) 
4 1783 1913 0 (-4096 -7168 -1024 ) (-4096 -7168 0 ) (-4096 -6144 0 ) (-4096 -6144 -1024 ) 
4 1783 1788 0 (-4096 -7168 0 ) (-4096 -7168 -1024 ) (-3072 -7168 -1024 ) (-3072 -7168 0 ) 
4 1783 1784 0 (-3072 -7168 -1024 ) (-4096 -7168 -1024 ) (-4096 -6144 -1024 ) (-3072 -6144 -1024 ) 
4 1784 1914 0 (-4096 -7168 -1440 ) (-4096 -7168 -1024 ) (-4096 -6144 -1024 ) (-4096 -6144 -1440 ) 
4 1784 1789 0 (-4096 -7168 -1024 ) (-4096 -7168 -1440 ) (-3072 -7168 -1440 ) (-3072 -7168 -1024 ) 
4 1785 1915 0 (-4096 -8192 2048 ) (-4096 -8192 2240 ) (-4096 -7168 2240 ) (-4096 -7168 2048 ) 
4 1785 1790 0 (-4096 -8192 2240 ) (-4096 -8192 2048 ) (-3072 -8192 2048 ) (-3072 -8192 2240 ) 
4 1785 1786 0 (-3072 -8192 2048 ) (-4096 -8192 2048 ) (-4096 -7168 2048 ) (-3072 -7168 2048 ) 
4 1786 1916 0 (-4096 -8192 1024 ) (-4096 -8192 2048 ) (-4096 -7168 2048 ) (-4096 -7168 1024 ) 
4 1786 1791 0 (-4096 -8192 2048 ) (-4096 -8192 1024 ) (-3072 -8192 1024 ) (-3072 -8192 2048 ) 
4 1786 1787 0 (-3072 -8192 1024 ) (-4096 -8192 1024 ) (-4096 -7168 1024 ) (-3072 -7168 1024 ) 
4 1787 1917 0 (-4096 -8192 0 ) (-4096 -8192 1024 ) (-4096 -7168 1024 ) (-4096 -7168 0 ) 
4 1787 1792 0 (-4096 -8192 1024 ) (-4096 -8192 0 ) (-3072 -8192 0 ) (-3072 -8192 1024 ) 
4 1787 1788 0 (-3072 -8192 0 ) (-4096 -8192 0 ) (-4096 -7168 0 ) (-3072 -7168 0 ) 
4 1788 1918 0 (-4096 -8192 -1024 ) (-4096 -8192 0 ) (-4096 -7168 0 ) (-4096 -7168 -1024 ) 
4 1788 1793 0 (-4096 -8192 0 ) (-4096 -8192 -1024 ) (-3072 -8192 -1024 ) (-3072 -8192 0 ) 
4 1788 1789 0 (-3072 -8192 -1024 ) (-4096 -8192 -1024 ) (-4096 -7168 -1024 ) (-3072 -7168 -1024 ) 
4 1789 1919 0 (-4096 -8192 -1440 ) (-4096 -8192 -1024 ) (-4096 -7168 -1024 ) (-4096 -7168 -1440 ) 
4 1789 1794 0 (-4096 -8192 -1024 ) (-4096 -8192 -1440 ) (-3072 -8192 -1440 ) (-3072 -8192 -1024 ) 
4 1790 1920 0 (-4096 -9216 2048 ) (-4096 -9216 2240 ) (-4096 -8192 2240 ) (-4096 -8192 2048 ) 
4 1790 1795 0 (-4096 -9216 2240 ) (-4096 -9216 2048 ) (-3072 -9216 2048 ) (-3072 -9216 2240 ) 
4 1790 1791 0 (-3072 -9216 2048 ) (-4096 -9216 2048 ) (-4096 -8192 2048 ) (-3072 -8192 2048 ) 
4 1791 1921 0 (-4096 -9216 1024 ) (-4096 -9216 2048 ) (-4096 -8192 2048 ) (-4096 -8192 1024 ) 
4 1791 1796 0 (-4096 -9216 2048 ) (-4096 -9216 1024 ) (-3072 -9216 1024 ) (-3072 -9216 2048 ) 
4 1791 1792 0 (-3072 -9216 1024 ) (-4096 -9216 1024 ) (-4096 -8192 1024 ) (-3072 -8192 1024 ) 
4 1792 1922 0 (-4096 -9216 0 ) (-4096 -9216 1024 ) (-4096 -8192 1024 ) (-4096 -8192 0 ) 
4 1792 1797 0 (-4096 -9216 1024 ) (-4096 -9216 0 ) (-3072 -9216 0 ) (-3072 -9216 1024 ) 
4 1792 1793 0 (-3072 -9216 0 ) (-4096 -9216 0 ) (-4096 -8192 0 ) (-3072 -8192 0 ) 
4 1793 1923 0 (-4096 -9216 -1024 ) (-4096 -9216 0 ) (-4096 -8192 0 ) (-4096 -8192 -1024 ) 
4 1793 1798 0 (-4096 -9216 0 ) (-4096 -9216 -1024 ) (-3072 -9216 -1024 ) (-3072 -9216 0 ) 
4 1793 1794 0 (-3072 -9216 -1024 ) (-4096 -9216 -1024 ) (-4096 -8192 -1024 ) (-3072 -8192 -1024 ) 
4 1794 1924 0 (-4096 -9216 -1440 ) (-4096 -9216 -1024 ) (-4096 -8192 -1024 ) (-4096 -8192 -1440 ) 
4 1794 1799 0 (-4096 -9216 -1024 ) (-4096 -9216 -1440 ) (-3072 -9216 -1440 ) (-3072 -9216 -1024 ) 
4 1795 1925 0 (-4096 -10240 2048 ) (-4096 -10240 2240 ) (-4096 -9216 2240 ) (-4096 -9216 2048 ) 
4 1795 1800 0 (-4096 -10240 2240 ) (-4096 -10240 2048 ) (-3072 -10240 2048 ) (-3072 -10240 2240 ) 
4 1795 1796 0 (-3072 -10240 2048 ) (-4096 -10240 2048 ) (-4096 -9216 2048 ) (-3072 -9216 2048 ) 
4 1796 1926 0 (-4096 -10240 1024 ) (-4096 -10240 2048 ) (-4096 -9216 2048 ) (-4096 -9216 1024 ) 
4 1796 1801 0 (-4096 -10240 2048 ) (-4096 -10240 1024 ) (-3072 -10240 1024 ) (-3072 -10240 2048 ) 
4 1796 1797 0 (-3072 -10240 1024 ) (-4096 -10240 1024 ) (-4096 -9216 1024 ) (-3072 -9216 1024 ) 
4 1797 1927 0 (-4096 -10240 0 ) (-4096 -10240 1024 ) (-4096 -9216 1024 ) (-4096 -9216 0 ) 
4 1797 1802 0 (-4096 -10240 1024 ) (-4096 -10240 0 ) (-3072 -10240 0 ) (-3072 -10240 1024 ) 
4 1797 1798 0 (-3072 -10240 0 ) (-4096 -10240 0 ) (-4096 -9216 0 ) (-3072 -9216 0 ) 
4 1798 1928 0 (-4096 -10240 -1024 ) (-4096 -10240 0 ) (-4096 -9216 0 ) (-4096 -9216 -1024 ) 
4 1798 1803 0 (-4096 -10240 0 ) (-4096 -10240 -1024 ) (-3072 -10240 -1024 ) (-3072 -10240 0 ) 
4 1798 1799 0 (-3072 -10240 -1024 ) (-4096 -10240 -1024 ) (-4096 -9216 -1024 ) (-3072 -9216 -1024 ) 
4 1799 1929 0 (-4096 -10240 -1440 ) (-4096 -10240 -1024 ) (-4096 -9216 -1024 ) (-4096 -9216 -1440 ) 
4 1799 1804 0 (-4096 -10240 -1024 ) (-4096 -10240 -1440 ) (-3072 -10240 -1440 ) (-3072 -10240 -1024 ) 
4 1800 1930 0 (-4096 -11264 2048 ) (-4096 -11264 2240 ) (-4096 -10240 2240 ) (-4096 -10240 2048 ) 
4 1800 1805 0 (-4096 -11264 2240 ) (-4096 -11264 2048 ) (-3072 -11264 2048 ) (-3072 -11264 2240 ) 
4 1800 1801 0 (-3072 -11264 2048 ) (-4096 -11264 2048 ) (-4096 -10240 2048 ) (-3072 -10240 2048 ) 
4 1801 1931 0 (-4096 -11264 1024 ) (-4096 -11264 2048 ) (-4096 -10240 2048 ) (-4096 -10240 1024 ) 
4 1801 1806 0 (-4096 -11264 2048 ) (-4096 -11264 1024 ) (-3072 -11264 1024 ) (-3072 -11264 2048 ) 
4 1801 1802 0 (-3072 -11264 1024 ) (-4096 -11264 1024 ) (-4096 -10240 1024 ) (-3072 -10240 1024 ) 
4 1802 1932 0 (-4096 -11264 0 ) (-4096 -11264 1024 ) (-4096 -10240 1024 ) (-4096 -10240 0 ) 
4 1802 1807 0 (-4096 -11264 1024 ) (-4096 -11264 0 ) (-3072 -11264 0 ) (-3072 -11264 1024 ) 
4 1802 1803 0 (-3072 -11264 0 ) (-4096 -11264 0 ) (-4096 -10240 0 ) (-3072 -10240 0 ) 
4 1803 1933 0 (-4096 -11264 -1024 ) (-4096 -11264 0 ) (-4096 -10240 0 ) (-4096 -10240 -1024 ) 
4 1803 1808 0 (-4096 -11264 0 ) (-4096 -11264 -1024 ) (-3072 -11264 -1024 ) (-3072 -11264 0 ) 
4 1803 1804 0 (-3072 -11264 -1024 ) (-4096 -11264 -1024 ) (-4096 -10240 -1024 ) (-3072 -10240 -1024 ) 
4 1804 1934 0 (-4096 -11264 -1440 ) (-4096 -11264 -1024 ) (-4096 -10240 -1024 ) (-4096 -10240 -1440 ) 
4 1804 1809 0 (-4096 -11264 -1024 ) (-4096 -11264 -1440 ) (-3072 -11264 -1440 ) (-3072 -11264 -1024 ) 
4 1805 1935 0 (-4096 -12288 2048 ) (-4096 -12288 2240 ) (-4096 -11264 2240 ) (-4096 -11264 2048 ) 
4 1805 1810 0 (-4096 -12288 2240 ) (-4096 -12288 2048 ) (-3072 -12288 2048 ) (-3072 -12288 2240 ) 
4 1805 1806 0 (-3072 -12288 2048 ) (-4096 -12288 2048 ) (-4096 -11264 2048 ) (-3072 -11264 2048 ) 
4 1806 1936 0 (-4096 -12288 1024 ) (-4096 -12288 2048 ) (-4096 -11264 2048 ) (-4096 -11264 1024 ) 
4 1806 1811 0 (-4096 -12288 2048 ) (-4096 -12288 1024 ) (-3072 -12288 1024 ) (-3072 -12288 2048 ) 
4 1806 1807 0 (-3072 -12288 1024 ) (-4096 -12288 1024 ) (-4096 -11264 1024 ) (-3072 -11264 1024 ) 
4 1807 1937 0 (-4096 -12288 0 ) (-4096 -12288 1024 ) (-4096 -11264 1024 ) (-4096 -11264 0 ) 
4 1807 1812 0 (-4096 -12288 1024 ) (-4096 -12288 0 ) (-3072 -12288 0 ) (-3072 -12288 1024 ) 
4 1807 1808 0 (-3072 -12288 0 ) (-4096 -12288 0 ) (-4096 -11264 0 ) (-3072 -11264 0 ) 
4 1808 1938 0 (-4096 -12288 -1024 ) (-4096 -12288 0 ) (-4096 -11264 0 ) (-4096 -11264 -1024 ) 
4 1808 1813 0 (-4096 -12288 0 ) (-4096 -12288 -1024 ) (-3072 -12288 -1024 ) (-3072 -12288 0 ) 
4 1808 1809 0 (-3072 -12288 -1024 ) (-4096 -12288 -1024 ) (-4096 -11264 -1024 ) (-3072 -11264 -1024 ) 
4 1809 1939 0 (-4096 -12288 -1440 ) (-4096 -12288 -1024 ) (-4096 -11264 -1024 ) (-4096 -11264 -1440 ) 
4 1809 1814 0 (-4096 -12288 -1024 ) (-4096 -12288 -1440 ) (-3072 -12288 -1440 ) (-3072 -12288 -1024 ) 
4 1810 1940 0 (-4096 -13312 2048 ) (-4096 -13312 2240 ) (-4096 -12288 2240 ) (-4096 -12288 2048 ) 
4 1810 1815 0 (-4096 -13312 2240 ) (-4096 -13312 2048 ) (-3072 -13312 2048 ) (-3072 -13312 2240 ) 
4 1810 1811 0 (-3072 -13312 2048 ) (-4096 -13312 2048 ) (-4096 -12288 2048 ) (-3072 -12288 2048 ) 
4 1811 1941 0 (-4096 -13312 1024 ) (-4096 -13312 2048 ) (-4096 -12288 2048 ) (-4096 -12288 1024 ) 
4 1811 1816 0 (-4096 -13312 2048 ) (-4096 -13312 1024 ) (-3072 -13312 1024 ) (-3072 -13312 2048 ) 
4 1811 1812 0 (-3072 -13312 1024 ) (-4096 -13312 1024 ) (-4096 -12288 1024 ) (-3072 -12288 1024 ) 
4 1812 1942 0 (-4096 -13312 0 ) (-4096 -13312 1024 ) (-4096 -12288 1024 ) (-4096 -12288 0 ) 
4 1812 1817 0 (-4096 -13312 1024 ) (-4096 -13312 0 ) (-3072 -13312 0 ) (-3072 -13312 1024 ) 
4 1812 1813 0 (-3072 -13312 0 ) (-4096 -13312 0 ) (-4096 -12288 0 ) (-3072 -12288 0 ) 
4 1813 1943 0 (-4096 -13312 -1024 ) (-4096 -13312 0 ) (-4096 -12288 0 ) (-4096 -12288 -1024 ) 
4 1813 1818 0 (-4096 -13312 0 ) (-4096 -13312 -1024 ) (-3072 -13312 -1024 ) (-3072 -13312 0 ) 
4 1813 1814 0 (-3072 -13312 -1024 ) (-4096 -13312 -1024 ) (-4096 -12288 -1024 ) (-3072 -12288 -1024 ) 
4 1814 1944 0 (-4096 -13312 -1440 ) (-4096 -13312 -1024 ) (-4096 -12288 -1024 ) (-4096 -12288 -1440 ) 
4 1814 1819 0 (-4096 -13312 -1024 ) (-4096 -13312 -1440 ) (-3072 -13312 -1440 ) (-3072 -13312 -1024 ) 
4 1815 1945 0 (-4096 -13408 2240 ) (-4096 -13312 2240 ) (-4096 -13312 2048 ) (-4096 -13408 2048 ) 
4 1815 1816 0 (-4096 -13408 2048 ) (-4096 -13312 2048 ) (-3072 -13312 2048 ) (-3072 -13408 2048 ) 
4 1816 1946 0 (-4096 -13408 2048 ) (-4096 -13312 2048 ) (-4096 -13312 1024 ) (-4096 -13408 1024 ) 
4 1816 1817 0 (-4096 -13408 1024 ) (-4096 -13312 1024 ) (-3072 -13312 1024 ) (-3072 -13408 1024 ) 
4 1817 1947 0 (-4096 -13408 1024 ) (-4096 -13312 1024 ) (-4096 -13312 0 ) (-4096 -13408 0 ) 
4 1817 1818 0 (-4096 -13408 0 ) (-4096 -13312 0 ) (-3072 -13312 0 ) (-3072 -13408 0 ) 
4 1818 1948 0 (-4096 -13408 0 ) (-4096 -13312 0 ) (-4096 -13312 -1024 ) (-4096 -13408 -1024 ) 
4 1818 1819 0 (-4096 -13408 -1024 ) (-4096 -13312 -1024 ) (-3072 -13312 -1024 ) (-3072 -13408 -1024 ) 
4 1819 1949 0 (-4096 -13408 -1024 ) (-4096 -13312 -1024 ) (-4096 -13312 -1440 ) (-4096 -13408 -1440 ) 
4 1820 1950 0 (-5120 11264 2048 ) (-5120 11264 2240 ) (-5120 11312 2240 ) (-5120 11312 2048 ) 
4 1820 1825 0 (-5120 11264 2240 ) (-5120 11264 2048 ) (-4096 11264 2048 ) (-4096 11264 2240 ) 
4 1820 1821 0 (-4096 11264 2048 ) (-5120 11264 2048 ) (-5120 11312 2048 ) (-4096 11312 2048 ) 
4 1821 1951 0 (-5120 11264 1024 ) (-5120 11264 2048 ) (-5120 11312 2048 ) (-5120 11312 1024 ) 
4 1821 1826 0 (-5120 11264 2048 ) (-5120 11264 1024 ) (-4096 11264 1024 ) (-4096 11264 2048 ) 
4 1821 1822 0 (-4096 11264 1024 ) (-5120 11264 1024 ) (-5120 11312 1024 ) (-4096 11312 1024 ) 
4 1822 1952 0 (-5120 11264 0 ) (-5120 11264 1024 ) (-5120 11312 1024 ) (-5120 11312 0 ) 
4 1822 1827 0 (-5120 11264 1024 ) (-5120 11264 0 ) (-4096 11264 0 ) (-4096 11264 1024 ) 
4 1822 1823 0 (-4096 11264 0 ) (-5120 11264 0 ) (-5120 11312 0 ) (-4096 11312 0 ) 
4 1823 1953 0 (-5120 11264 -1024 ) (-5120 11264 0 ) (-5120 11312 0 ) (-5120 11312 -1024 ) 
4 1823 1828 0 (-5120 11264 0 ) (-5120 11264 -1024 ) (-4096 11264 -1024 ) (-4096 11264 0 ) 
4 1823 1824 0 (-4096 11264 -1024 ) (-5120 11264 -1024 ) (-5120 11312 -1024 ) (-4096 11312 -1024 ) 
4 1824 1954 0 (-5120 11264 -1440 ) (-5120 11264 -1024 ) (-5120 11312 -1024 ) (-5120 11312 -1440 ) 
4 1824 1829 0 (-5120 11264 -1024 ) (-5120 11264 -1440 ) (-4096 11264 -1440 ) (-4096 11264 -1024 ) 
4 1825 1955 0 (-5120 10240 2048 ) (-5120 10240 2240 ) (-5120 11264 2240 ) (-5120 11264 2048 ) 
4 1825 1830 0 (-5120 10240 2240 ) (-5120 10240 2048 ) (-4096 10240 2048 ) (-4096 10240 2240 ) 
4 1825 1826 0 (-4096 10240 2048 ) (-5120 10240 2048 ) (-5120 11264 2048 ) (-4096 11264 2048 ) 
4 1826 1956 0 (-5120 10240 1024 ) (-5120 10240 2048 ) (-5120 11264 2048 ) (-5120 11264 1024 ) 
4 1826 1831 0 (-5120 10240 2048 ) (-5120 10240 1024 ) (-4096 10240 1024 ) (-4096 10240 2048 ) 
4 1826 1827 0 (-4096 10240 1024 ) (-5120 10240 1024 ) (-5120 11264 1024 ) (-4096 11264 1024 ) 
4 1827 1957 0 (-5120 10240 0 ) (-5120 10240 1024 ) (-5120 11264 1024 ) (-5120 11264 0 ) 
4 1827 1832 0 (-5120 10240 1024 ) (-5120 10240 0 ) (-4096 10240 0 ) (-4096 10240 1024 ) 
4 1827 1828 0 (-4096 10240 0 ) (-5120 10240 0 ) (-5120 11264 0 ) (-4096 11264 0 ) 
4 1828 1958 0 (-5120 10240 -1024 ) (-5120 10240 0 ) (-5120 11264 0 ) (-5120 11264 -1024 ) 
4 1828 1833 0 (-5120 10240 0 ) (-5120 10240 -1024 ) (-4096 10240 -1024 ) (-4096 10240 0 ) 
4 1828 1829 0 (-4096 10240 -1024 ) (-5120 10240 -1024 ) (-5120 11264 -1024 ) (-4096 11264 -1024 ) 
4 1829 1959 0 (-5120 10240 -1440 ) (-5120 10240 -1024 ) (-5120 11264 -1024 ) (-5120 11264 -1440 ) 
4 1829 1834 0 (-5120 10240 -1024 ) (-5120 10240 -1440 ) (-4096 10240 -1440 ) (-4096 10240 -1024 ) 
4 1830 1960 0 (-5120 9216 2048 ) (-5120 9216 2240 ) (-5120 10240 2240 ) (-5120 10240 2048 ) 
4 1830 1835 0 (-5120 9216 2240 ) (-5120 9216 2048 ) (-4096 9216 2048 ) (-4096 9216 2240 ) 
4 1830 1831 0 (-4096 9216 2048 ) (-5120 9216 2048 ) (-5120 10240 2048 ) (-4096 10240 2048 ) 
4 1831 1961 0 (-5120 9216 1024 ) (-5120 9216 2048 ) (-5120 10240 2048 ) (-5120 10240 1024 ) 
4 1831 1836 0 (-5120 9216 2048 ) (-5120 9216 1024 ) (-4096 9216 1024 ) (-4096 9216 2048 ) 
4 1831 1832 0 (-4096 9216 1024 ) (-5120 9216 1024 ) (-5120 10240 1024 ) (-4096 10240 1024 ) 
4 1832 1962 0 (-5120 9216 0 ) (-5120 9216 1024 ) (-5120 10240 1024 ) (-5120 10240 0 ) 
4 1832 1837 0 (-5120 9216 1024 ) (-5120 9216 0 ) (-4096 9216 0 ) (-4096 9216 1024 ) 
4 1832 1833 0 (-4096 9216 0 ) (-5120 9216 0 ) (-5120 10240 0 ) (-4096 10240 0 ) 
4 1833 1963 0 (-5120 9216 -1024 ) (-5120 9216 0 ) (-5120 10240 0 ) (-5120 10240 -1024 ) 
4 1833 1838 0 (-5120 9216 0 ) (-5120 9216 -1024 ) (-4096 9216 -1024 ) (-4096 9216 0 ) 
4 1833 1834 0 (-4096 9216 -1024 ) (-5120 9216 -1024 ) (-5120 10240 -1024 ) (-4096 10240 -1024 ) 
4 1834 1964 0 (-5120 9216 -1440 ) (-5120 9216 -1024 ) (-5120 10240 -1024 ) (-5120 10240 -1440 ) 
4 1834 1839 0 (-5120 9216 -1024 ) (-5120 9216 -1440 ) (-4096 9216 -1440 ) (-4096 9216 -1024 ) 
4 1835 1965 0 (-5120 8192 2048 ) (-5120 8192 2240 ) (-5120 9216 2240 ) (-5120 9216 2048 ) 
4 1835 1840 0 (-5120 8192 2240 ) (-5120 8192 2048 ) (-4096 8192 2048 ) (-4096 8192 2240 ) 
4 1835 1836 0 (-4096 8192 2048 ) (-5120 8192 2048 ) (-5120 9216 2048 ) (-4096 9216 2048 ) 
4 1836 1966 0 (-5120 8192 1024 ) (-5120 8192 2048 ) (-5120 9216 2048 ) (-5120 9216 1024 ) 
4 1836 1841 0 (-5120 8192 2048 ) (-5120 8192 1024 ) (-4096 8192 1024 ) (-4096 8192 2048 ) 
4 1836 1837 0 (-4096 8192 1024 ) (-5120 8192 1024 ) (-5120 9216 1024 ) (-4096 9216 1024 ) 
4 1837 1967 0 (-5120 8192 0 ) (-5120 8192 1024 ) (-5120 9216 1024 ) (-5120 9216 0 ) 
4 1837 1842 0 (-5120 8192 1024 ) (-5120 8192 0 ) (-4096 8192 0 ) (-4096 8192 1024 ) 
4 1837 1838 0 (-4096 8192 0 ) (-5120 8192 0 ) (-5120 9216 0 ) (-4096 9216 0 ) 
4 1838 1968 0 (-5120 8192 -1024 ) (-5120 8192 0 ) (-5120 9216 0 ) (-5120 9216 -1024 ) 
4 1838 1843 0 (-5120 8192 0 ) (-5120 8192 -1024 ) (-4096 8192 -1024 ) (-4096 8192 0 ) 
4 1838 1839 0 (-4096 8192 -1024 ) (-5120 8192 -1024 ) (-5120 9216 -1024 ) (-4096 9216 -1024 ) 
4 1839 1969 0 (-5120 8192 -1440 ) (-5120 8192 -1024 ) (-5120 9216 -1024 ) (-5120 9216 -1440 ) 
4 1839 1844 0 (-5120 8192 -1024 ) (-5120 8192 -1440 ) (-4096 8192 -1440 ) (-4096 8192 -1024 ) 
4 1840 1970 0 (-5120 7168 2048 ) (-5120 7168 2240 ) (-5120 8192 2240 ) (-5120 8192 2048 ) 
4 1840 1845 0 (-5120 7168 2240 ) (-5120 7168 2048 ) (-4096 7168 2048 ) (-4096 7168 2240 ) 
4 1840 1841 0 (-4096 7168 2048 ) (-5120 7168 2048 ) (-5120 8192 2048 ) (-4096 8192 2048 ) 
4 1841 1971 0 (-5120 7168 1024 ) (-5120 7168 2048 ) (-5120 8192 2048 ) (-5120 8192 1024 ) 
4 1841 1846 0 (-5120 7168 2048 ) (-5120 7168 1024 ) (-4096 7168 1024 ) (-4096 7168 2048 ) 
4 1841 1842 0 (-4096 7168 1024 ) (-5120 7168 1024 ) (-5120 8192 1024 ) (-4096 8192 1024 ) 
4 1842 1972 0 (-5120 7168 0 ) (-5120 7168 1024 ) (-5120 8192 1024 ) (-5120 8192 0 ) 
4 1842 1847 0 (-5120 7168 1024 ) (-5120 7168 0 ) (-4096 7168 0 ) (-4096 7168 1024 ) 
4 1842 1843 0 (-4096 7168 0 ) (-5120 7168 0 ) (-5120 8192 0 ) (-4096 8192 0 ) 
4 1843 1973 0 (-5120 7168 -1024 ) (-5120 7168 0 ) (-5120 8192 0 ) (-5120 8192 -1024 ) 
4 1843 1848 0 (-5120 7168 0 ) (-5120 7168 -1024 ) (-4096 7168 -1024 ) (-4096 7168 0 ) 
4 1843 1844 0 (-4096 7168 -1024 ) (-5120 7168 -1024 ) (-5120 8192 -1024 ) (-4096 8192 -1024 ) 
4 1844 1974 0 (-5120 7168 -1440 ) (-5120 7168 -1024 ) (-5120 8192 -1024 ) (-5120 8192 -1440 ) 
4 1844 1849 0 (-5120 7168 -1024 ) (-5120 7168 -1440 ) (-4096 7168 -1440 ) (-4096 7168 -1024 ) 
4 1845 1975 0 (-5120 6144 2048 ) (-5120 6144 2240 ) (-5120 7168 2240 ) (-5120 7168 2048 ) 
4 1845 1850 0 (-5120 6144 2240 ) (-5120 6144 2048 ) (-4096 6144 2048 ) (-4096 6144 2240 ) 
4 1845 1846 0 (-4096 6144 2048 ) (-5120 6144 2048 ) (-5120 7168 2048 ) (-4096 7168 2048 ) 
4 1846 1976 0 (-5120 6144 1024 ) (-5120 6144 2048 ) (-5120 7168 2048 ) (-5120 7168 1024 ) 
4 1846 1851 0 (-5120 6144 2048 ) (-5120 6144 1024 ) (-4096 6144 1024 ) (-4096 6144 2048 ) 
4 1846 1847 0 (-4096 6144 1024 ) (-5120 6144 1024 ) (-5120 7168 1024 ) (-4096 7168 1024 ) 
4 1847 1977 0 (-5120 6144 0 ) (-5120 6144 1024 ) (-5120 7168 1024 ) (-5120 7168 0 ) 
4 1847 1852 0 (-5120 6144 1024 ) (-5120 6144 0 ) (-4096 6144 0 ) (-4096 6144 1024 ) 
4 1847 1848 0 (-4096 6144 0 ) (-5120 6144 0 ) (-5120 7168 0 ) (-4096 7168 0 ) 
4 1848 1978 0 (-5120 6144 -1024 ) (-5120 6144 0 ) (-5120 7168 0 ) (-5120 7168 -1024 ) 
4 1848 1853 0 (-5120 6144 0 ) (-5120 6144 -1024 ) (-4096 6144 -1024 ) (-4096 6144 0 ) 
4 1848 1849 0 (-4096 6144 -1024 ) (-5120 6144 -1024 ) (-5120 7168 -1024 ) (-4096 7168 -1024 ) 
4 1849 1979 0 (-5120 6144 -1440 ) (-5120 6144 -1024 ) (-5120 7168 -1024 ) (-5120 7168 -1440 ) 
4 1849 1854 0 (-5120 6144 -1024 ) (-5120 6144 -1440 ) (-4096 6144 -1440 ) (-4096 6144 -1024 ) 
4 1850 1980 0 (-5120 5120 2048 ) (-5120 5120 2240 ) (-5120 6144 2240 ) (-5120 6144 2048 ) 
4 1850 1855 0 (-5120 5120 2240 ) (-5120 5120 2048 ) (-4096 5120 2048 ) (-4096 5120 2240 ) 
4 1850 1851 0 (-4096 5120 2048 ) (-5120 5120 2048 ) (-5120 6144 2048 ) (-4096 6144 2048 ) 
4 1851 1981 0 (-5120 5120 1024 ) (-5120 5120 2048 ) (-5120 6144 2048 ) (-5120 6144 1024 ) 
4 1851 1856 0 (-5120 5120 2048 ) (-5120 5120 1024 ) (-4096 5120 1024 ) (-4096 5120 2048 ) 
4 1851 1852 0 (-4096 5120 1024 ) (-5120 5120 1024 ) (-5120 6144 1024 ) (-4096 6144 1024 ) 
4 1852 1982 0 (-5120 5120 0 ) (-5120 5120 1024 ) (-5120 6144 1024 ) (-5120 6144 0 ) 
4 1852 1857 0 (-5120 5120 1024 ) (-5120 5120 0 ) (-4096 5120 0 ) (-4096 5120 1024 ) 
4 1852 1853 0 (-4096 5120 0 ) (-5120 5120 0 ) (-5120 6144 0 ) (-4096 6144 0 ) 
4 1853 1983 0 (-5120 5120 -1024 ) (-5120 5120 0 ) (-5120 6144 0 ) (-5120 6144 -1024 ) 
4 1853 1858 0 (-5120 5120 0 ) (-5120 5120 -1024 ) (-4096 5120 -1024 ) (-4096 5120 0 ) 
4 1853 1854 0 (-4096 5120 -1024 ) (-5120 5120 -1024 ) (-5120 6144 -1024 ) (-4096 6144 -1024 ) 
4 1854 1984 0 (-5120 5120 -1440 ) (-5120 5120 -1024 ) (-5120 6144 -1024 ) (-5120 6144 -1440 ) 
4 1854 1859 0 (-5120 5120 -1024 ) (-5120 5120 -1440 ) (-4096 5120 -1440 ) (-4096 5120 -1024 ) 
4 1855 1985 0 (-5120 4096 2048 ) (-5120 4096 2240 ) (-5120 5120 2240 ) (-5120 5120 2048 ) 
4 1855 1860 0 (-5120 4096 2240 ) (-5120 4096 2048 ) (-4096 4096 2048 ) (-4096 4096 2240 ) 
4 1855 1856 0 (-4096 4096 2048 ) (-5120 4096 2048 ) (-5120 5120 2048 ) (-4096 5120 2048 ) 
4 1856 1986 0 (-5120 4096 1024 ) (-5120 4096 2048 ) (-5120 5120 2048 ) (-5120 5120 1024 ) 
4 1856 1861 0 (-5120 4096 2048 ) (-5120 4096 1024 ) (-4096 4096 1024 ) (-4096 4096 2048 ) 
4 1856 1857 0 (-4096 4096 1024 ) (-5120 4096 1024 ) (-5120 5120 1024 ) (-4096 5120 1024 ) 
4 1857 1987 0 (-5120 4096 0 ) (-5120 4096 1024 ) (-5120 5120 1024 ) (-5120 5120 0 ) 
4 1857 1862 0 (-5120 4096 1024 ) (-5120 4096 0 ) (-4096 4096 0 ) (-4096 4096 1024 ) 
4 1857 1858 0 (-4096 4096 0 ) (-5120 4096 0 ) (-5120 5120 0 ) (-4096 5120 0 ) 
4 1858 1988 0 (-5120 4096 -1024 ) (-5120 4096 0 ) (-5120 5120 0 ) (-5120 5120 -1024 ) 
4 1858 1863 0 (-5120 4096 0 ) (-5120 4096 -1024 ) (-4096 4096 -1024 ) (-4096 4096 0 ) 
4 1858 1859 0 (-4096 4096 -1024 ) (-5120 4096 -1024 ) (-5120 5120 -1024 ) (-4096 5120 -1024 ) 
4 1859 1989 0 (-5120 4096 -1440 ) (-5120 4096 -1024 ) (-5120 5120 -1024 ) (-5120 5120 -1440 ) 
4 1859 1864 0 (-5120 4096 -1024 ) (-5120 4096 -1440 ) (-4096 4096 -1440 ) (-4096 4096 -1024 ) 
4 1860 1990 0 (-5120 3072 2048 ) (-5120 3072 2240 ) (-5120 4096 2240 ) (-5120 4096 2048 ) 
4 1860 1865 0 (-5120 3072 2240 ) (-5120 3072 2048 ) (-4096 3072 2048 ) (-4096 3072 2240 ) 
4 1860 1861 0 (-4096 3072 2048 ) (-5120 3072 2048 ) (-5120 4096 2048 ) (-4096 4096 2048 ) 
4 1861 1991 0 (-5120 3072 1024 ) (-5120 3072 2048 ) (-5120 4096 2048 ) (-5120 4096 1024 ) 
4 1861 1866 0 (-5120 3072 2048 ) (-5120 3072 1024 ) (-4096 3072 1024 ) (-4096 3072 2048 ) 
4 1861 1862 0 (-4096 3072 1024 ) (-5120 3072 1024 ) (-5120 4096 1024 ) (-4096 4096 1024 ) 
4 1862 1992 0 (-5120 3072 0 ) (-5120 3072 1024 ) (-5120 4096 1024 ) (-5120 4096 0 ) 
4 1862 1867 0 (-5120 3072 1024 ) (-5120 3072 0 ) (-4096 3072 0 ) (-4096 3072 1024 ) 
4 1862 1863 0 (-4096 3072 0 ) (-5120 3072 0 ) (-5120 4096 0 ) (-4096 4096 0 ) 
4 1863 1993 0 (-5120 3072 -1024 ) (-5120 3072 0 ) (-5120 4096 0 ) (-5120 4096 -1024 ) 
4 1863 1868 0 (-5120 3072 0 ) (-5120 3072 -1024 ) (-4096 3072 -1024 ) (-4096 3072 0 ) 
4 1863 1864 0 (-4096 3072 -1024 ) (-5120 3072 -1024 ) (-5120 4096 -1024 ) (-4096 4096 -1024 ) 
4 1864 1994 0 (-5120 3072 -1440 ) (-5120 3072 -1024 ) (-5120 4096 -1024 ) (-5120 4096 -1440 ) 
4 1864 1869 0 (-5120 3072 -1024 ) (-5120 3072 -1440 ) (-4096 3072 -1440 ) (-4096 3072 -1024 ) 
4 1865 1995 0 (-5120 2048 2048 ) (-5120 2048 2240 ) (-5120 3072 2240 ) (-5120 3072 2048 ) 
4 1865 1870 0 (-5120 2048 2240 ) (-5120 2048 2048 ) (-4096 2048 2048 ) (-4096 2048 2240 ) 
4 1865 1866 0 (-4096 2048 2048 ) (-5120 2048 2048 ) (-5120 3072 2048 ) (-4096 3072 2048 ) 
4 1866 1996 0 (-5120 2048 1024 ) (-5120 2048 2048 ) (-5120 3072 2048 ) (-5120 3072 1024 ) 
4 1866 1871 0 (-5120 2048 2048 ) (-5120 2048 1024 ) (-4096 2048 1024 ) (-4096 2048 2048 ) 
4 1866 1867 0 (-4096 2048 1024 ) (-5120 2048 1024 ) (-5120 3072 1024 ) (-4096 3072 1024 ) 
4 1867 1997 0 (-5120 2048 0 ) (-5120 2048 1024 ) (-5120 3072 1024 ) (-5120 3072 0 ) 
4 1867 1872 0 (-5120 2048 1024 ) (-5120 2048 0 ) (-4096 2048 0 ) (-4096 2048 1024 ) 
4 1867 1868 0 (-4096 2048 0 ) (-5120 2048 0 ) (-5120 3072 0 ) (-4096 3072 0 ) 
4 1868 1998 0 (-5120 2048 -1024 ) (-5120 2048 0 ) (-5120 3072 0 ) (-5120 3072 -1024 ) 
4 1868 1873 0 (-5120 2048 0 ) (-5120 2048 -1024 ) (-4096 2048 -1024 ) (-4096 2048 0 ) 
4 1868 1869 0 (-4096 2048 -1024 ) (-5120 2048 -1024 ) (-5120 3072 -1024 ) (-4096 3072 -1024 ) 
4 1869 1999 0 (-5120 2048 -1440 ) (-5120 2048 -1024 ) (-5120 3072 -1024 ) (-5120 3072 -1440 ) 
4 1869 1874 0 (-5120 2048 -1024 ) (-5120 2048 -1440 ) (-4096 2048 -1440 ) (-4096 2048 -1024 ) 
4 1870 2000 0 (-5120 1024 2048 ) (-5120 1024 2240 ) (-5120 2048 2240 ) (-5120 2048 2048 ) 
4 1870 1875 0 (-5120 1024 2240 ) (-5120 1024 2048 ) (-4096 1024 2048 ) (-4096 1024 2240 ) 
4 1870 1871 0 (-4096 1024 2048 ) (-5120 1024 2048 ) (-5120 2048 2048 ) (-4096 2048 2048 ) 
4 1871 2001 0 (-5120 1024 1024 ) (-5120 1024 2048 ) (-5120 2048 2048 ) (-5120 2048 1024 ) 
4 1871 1876 0 (-5120 1024 2048 ) (-5120 1024 1024 ) (-4096 1024 1024 ) (-4096 1024 2048 ) 
4 1871 1872 0 (-4096 1024 1024 ) (-5120 1024 1024 ) (-5120 2048 1024 ) (-4096 2048 1024 ) 
4 1872 2002 0 (-5120 1024 0 ) (-5120 1024 1024 ) (-5120 2048 1024 ) (-5120 2048 0 ) 
4 1872 1877 0 (-5120 1024 1024 ) (-5120 1024 0 ) (-4096 1024 0 ) (-4096 1024 1024 ) 
4 1872 1873 0 (-4096 1024 0 ) (-5120 1024 0 ) (-5120 2048 0 ) (-4096 2048 0 ) 
4 1873 2003 0 (-5120 1024 -1024 ) (-5120 1024 0 ) (-5120 2048 0 ) (-5120 2048 -1024 ) 
4 1873 1878 0 (-5120 1024 0 ) (-5120 1024 -1024 ) (-4096 1024 -1024 ) (-4096 1024 0 ) 
4 1873 1874 0 (-4096 1024 -1024 ) (-5120 1024 -1024 ) (-5120 2048 -1024 ) (-4096 2048 -1024 ) 
4 1874 2004 0 (-5120 1024 -1440 ) (-5120 1024 -1024 ) (-5120 2048 -1024 ) (-5120 2048 -1440 ) 
4 1874 1879 0 (-5120 1024 -1024 ) (-5120 1024 -1440 ) (-4096 1024 -1440 ) (-4096 1024 -1024 ) 
4 1875 2005 0 (-5120 0 2048 ) (-5120 0 2240 ) (-5120 1024 2240 ) (-5120 1024 2048 ) 
4 1875 1880 0 (-5120 0 2240 ) (-5120 0 2048 ) (-4096 0 2048 ) (-4096 0 2240 ) 
4 1875 1876 0 (-4096 0 2048 ) (-5120 0 2048 ) (-5120 1024 2048 ) (-4096 1024 2048 ) 
4 1876 2006 0 (-5120 0 1024 ) (-5120 0 2048 ) (-5120 1024 2048 ) (-5120 1024 1024 ) 
4 1876 1881 0 (-5120 0 2048 ) (-5120 0 1024 ) (-4096 0 1024 ) (-4096 0 2048 ) 
4 1876 1877 0 (-4096 0 1024 ) (-5120 0 1024 ) (-5120 1024 1024 ) (-4096 1024 1024 ) 
4 1877 2007 0 (-5120 0 0 ) (-5120 0 1024 ) (-5120 1024 1024 ) (-5120 1024 0 ) 
4 1877 1882 0 (-5120 0 1024 ) (-5120 0 0 ) (-4096 0 0 ) (-4096 0 1024 ) 
4 1877 1878 0 (-4096 0 0 ) (-5120 0 0 ) (-5120 1024 0 ) (-4096 1024 0 ) 
4 1878 2008 0 (-5120 0 -1024 ) (-5120 0 0 ) (-5120 1024 0 ) (-5120 1024 -1024 ) 
4 1878 1883 0 (-5120 0 0 ) (-5120 0 -1024 ) (-4096 0 -1024 ) (-4096 0 0 ) 
4 1878 1879 0 (-4096 0 -1024 ) (-5120 0 -1024 ) (-5120 1024 -1024 ) (-4096 1024 -1024 ) 
4 1879 2009 0 (-5120 0 -1440 ) (-5120 0 -1024 ) (-5120 1024 -1024 ) (-5120 1024 -1440 ) 
4 1879 1884 0 (-5120 0 -1024 ) (-5120 0 -1440 ) (-4096 0 -1440 ) (-4096 0 -1024 ) 
4 1880 2010 0 (-5120 -1024 2048 ) (-5120 -1024 2240 ) (-5120 0 2240 ) (-5120 0 2048 ) 
4 1880 1885 0 (-5120 -1024 2240 ) (-5120 -1024 2048 ) (-4096 -1024 2048 ) (-4096 -1024 2240 ) 
4 1880 1881 0 (-4096 -1024 2048 ) (-5120 -1024 2048 ) (-5120 0 2048 ) (-4096 0 2048 ) 
4 1881 2011 0 (-5120 -1024 1024 ) (-5120 -1024 2048 ) (-5120 0 2048 ) (-5120 0 1024 ) 
4 1881 1886 0 (-5120 -1024 2048 ) (-5120 -1024 1024 ) (-4096 -1024 1024 ) (-4096 -1024 2048 ) 
4 1881 1882 0 (-4096 -1024 1024 ) (-5120 -1024 1024 ) (-5120 0 1024 ) (-4096 0 1024 ) 
4 1882 2012 0 (-5120 -1024 0 ) (-5120 -1024 1024 ) (-5120 0 1024 ) (-5120 0 0 ) 
4 1882 1887 0 (-5120 -1024 1024 ) (-5120 -1024 0 ) (-4096 -1024 0 ) (-4096 -1024 1024 ) 
4 1882 1883 0 (-4096 -1024 0 ) (-5120 -1024 0 ) (-5120 0 0 ) (-4096 0 0 ) 
4 1883 2013 0 (-5120 -1024 -1024 ) (-5120 -1024 0 ) (-5120 0 0 ) (-5120 0 -1024 ) 
4 1883 1888 0 (-5120 -1024 0 ) (-5120 -1024 -1024 ) (-4096 -1024 -1024 ) (-4096 -1024 0 ) 
4 1883 1884 0 (-4096 -1024 -1024 ) (-5120 -1024 -1024 ) (-5120 0 -1024 ) (-4096 0 -1024 ) 
4 1884 2014 0 (-5120 -1024 -1440 ) (-5120 -1024 -1024 ) (-5120 0 -1024 ) (-5120 0 -1440 ) 
4 1884 1889 0 (-5120 -1024 -1024 ) (-5120 -1024 -1440 ) (-4096 -1024 -1440 ) (-4096 -1024 -1024 ) 
4 1885 2015 0 (-5120 -2048 2048 ) (-5120 -2048 2240 ) (-5120 -1024 2240 ) (-5120 -1024 2048 ) 
4 1885 1890 0 (-5120 -2048 2240 ) (-5120 -2048 2048 ) (-4096 -2048 2048 ) (-4096 -2048 2240 ) 
4 1885 1886 0 (-4096 -2048 2048 ) (-5120 -2048 2048 ) (-5120 -1024 2048 ) (-4096 -1024 2048 ) 
4 1886 2016 0 (-5120 -2048 1024 ) (-5120 -2048 2048 ) (-5120 -1024 2048 ) (-5120 -1024 1024 ) 
4 1886 1891 0 (-5120 -2048 2048 ) (-5120 -2048 1024 ) (-4096 -2048 1024 ) (-4096 -2048 2048 ) 
4 1886 1887 0 (-4096 -2048 1024 ) (-5120 -2048 1024 ) (-5120 -1024 1024 ) (-4096 -1024 1024 ) 
4 1887 2017 0 (-5120 -2048 0 ) (-5120 -2048 1024 ) (-5120 -1024 1024 ) (-5120 -1024 0 ) 
4 1887 1892 0 (-5120 -2048 1024 ) (-5120 -2048 0 ) (-4096 -2048 0 ) (-4096 -2048 1024 ) 
4 1887 1888 0 (-4096 -2048 0 ) (-5120 -2048 0 ) (-5120 -1024 0 ) (-4096 -1024 0 ) 
4 1888 2018 0 (-5120 -2048 -1024 ) (-5120 -2048 0 ) (-5120 -1024 0 ) (-5120 -1024 -1024 ) 
4 1888 1893 0 (-5120 -2048 0 ) (-5120 -2048 -1024 ) (-4096 -2048 -1024 ) (-4096 -2048 0 ) 
4 1888 1889 0 (-4096 -2048 -1024 ) (-5120 -2048 -1024 ) (-5120 -1024 -1024 ) (-4096 -1024 -1024 ) 
4 1889 2019 0 (-5120 -2048 -1440 ) (-5120 -2048 -1024 ) (-5120 -1024 -1024 ) (-5120 -1024 -1440 ) 
4 1889 1894 0 (-5120 -2048 -1024 ) (-5120 -2048 -1440 ) (-4096 -2048 -1440 ) (-4096 -2048 -1024 ) 
4 1890 2020 0 (-5120 -3072 2048 ) (-5120 -3072 2240 ) (-5120 -2048 2240 ) (-5120 -2048 2048 ) 
4 1890 1895 0 (-5120 -3072 2240 ) (-5120 -3072 2048 ) (-4096 -3072 2048 ) (-4096 -3072 2240 ) 
4 1890 1891 0 (-4096 -3072 2048 ) (-5120 -3072 2048 ) (-5120 -2048 2048 ) (-4096 -2048 2048 ) 
4 1891 2021 0 (-5120 -3072 1024 ) (-5120 -3072 2048 ) (-5120 -2048 2048 ) (-5120 -2048 1024 ) 
4 1891 1896 0 (-5120 -3072 2048 ) (-5120 -3072 1024 ) (-4096 -3072 1024 ) (-4096 -3072 2048 ) 
4 1891 1892 0 (-4096 -3072 1024 ) (-5120 -3072 1024 ) (-5120 -2048 1024 ) (-4096 -2048 1024 ) 
4 1892 2022 0 (-5120 -3072 0 ) (-5120 -3072 1024 ) (-5120 -2048 1024 ) (-5120 -2048 0 ) 
4 1892 1897 0 (-5120 -3072 1024 ) (-5120 -3072 0 ) (-4096 -3072 0 ) (-4096 -3072 1024 ) 
4 1892 1893 0 (-4096 -3072 0 ) (-5120 -3072 0 ) (-5120 -2048 0 ) (-4096 -2048 0 ) 
4 1893 2023 0 (-5120 -3072 -1024 ) (-5120 -3072 0 ) (-5120 -2048 0 ) (-5120 -2048 -1024 ) 
4 1893 1898 0 (-5120 -3072 0 ) (-5120 -3072 -1024 ) (-4096 -3072 -1024 ) (-4096 -3072 0 ) 
4 1893 1894 0 (-4096 -3072 -1024 ) (-5120 -3072 -1024 ) (-5120 -2048 -1024 ) (-4096 -2048 -1024 ) 
4 1894 2024 0 (-5120 -3072 -1440 ) (-5120 -3072 -1024 ) (-5120 -2048 -1024 ) (-5120 -2048 -1440 ) 
4 1894 1899 0 (-5120 -3072 -1024 ) (-5120 -3072 -1440 ) (-4096 -3072 -1440 ) (-4096 -3072 -1024 ) 
4 1895 2025 0 (-5120 -4096 2048 ) (-5120 -4096 2240 ) (-5120 -3072 2240 ) (-5120 -3072 2048 ) 
4 1895 1900 0 (-5120 -4096 2240 ) (-5120 -4096 2048 ) (-4096 -4096 2048 ) (-4096 -4096 2240 ) 
4 1895 1896 0 (-4096 -4096 2048 ) (-5120 -4096 2048 ) (-5120 -3072 2048 ) (-4096 -3072 2048 ) 
4 1896 2026 0 (-5120 -4096 1024 ) (-5120 -4096 2048 ) (-5120 -3072 2048 ) (-5120 -3072 1024 ) 
4 1896 1901 0 (-5120 -4096 2048 ) (-5120 -4096 1024 ) (-4096 -4096 1024 ) (-4096 -4096 2048 ) 
4 1896 1897 0 (-4096 -4096 1024 ) (-5120 -4096 1024 ) (-5120 -3072 1024 ) (-4096 -3072 1024 ) 
4 1897 2027 0 (-5120 -4096 0 ) (-5120 -4096 1024 ) (-5120 -3072 1024 ) (-5120 -3072 0 ) 
4 1897 1902 0 (-5120 -4096 1024 ) (-5120 -4096 0 ) (-4096 -4096 0 ) (-4096 -4096 1024 ) 
4 1897 1898 0 (-4096 -4096 0 ) (-5120 -4096 0 ) (-5120 -3072 0 ) (-4096 -3072 0 ) 
4 1898 2028 0 (-5120 -4096 -1024 ) (-5120 -4096 0 ) (-5120 -3072 0 ) (-5120 -3072 -1024 ) 
4 1898 1903 0 (-5120 -4096 0 ) (-5120 -4096 -1024 ) (-4096 -4096 -1024 ) (-4096 -4096 0 ) 
4 1898 1899 0 (-4096 -4096 -1024 ) (-5120 -4096 -1024 ) (-5120 -3072 -1024 ) (-4096 -3072 -1024 ) 
4 1899 2029 0 (-5120 -4096 -1440 ) (-5120 -4096 -1024 ) (-5120 -3072 -1024 ) (-5120 -3072 -1440 ) 
4 1899 1904 0 (-5120 -4096 -1024 ) (-5120 -4096 -1440 ) (-4096 -4096 -1440 ) (-4096 -4096 -1024 ) 
4 1900 2030 0 (-5120 -5120 2048 ) (-5120 -5120 2240 ) (-5120 -4096 2240 ) (-5120 -4096 2048 ) 
4 1900 1905 0 (-5120 -5120 2240 ) (-5120 -5120 2048 ) (-4096 -5120 2048 ) (-4096 -5120 2240 ) 
4 1900 1901 0 (-4096 -5120 2048 ) (-5120 -5120 2048 ) (-5120 -4096 2048 ) (-4096 -4096 2048 ) 
4 1901 2031 0 (-5120 -5120 1024 ) (-5120 -5120 2048 ) (-5120 -4096 2048 ) (-5120 -4096 1024 ) 
4 1901 1906 0 (-5120 -5120 2048 ) (-5120 -5120 1024 ) (-4096 -5120 1024 ) (-4096 -5120 2048 ) 
4 1901 1902 0 (-4096 -5120 1024 ) (-5120 -5120 1024 ) (-5120 -4096 1024 ) (-4096 -4096 1024 ) 
4 1902 2032 0 (-5120 -5120 0 ) (-5120 -5120 1024 ) (-5120 -4096 1024 ) (-5120 -4096 0 ) 
4 1902 1907 0 (-5120 -5120 1024 ) (-5120 -5120 0 ) (-4096 -5120 0 ) (-4096 -5120 1024 ) 
4 1902 1903 0 (-4096 -5120 0 ) (-5120 -5120 0 ) (-5120 -4096 0 ) (-4096 -4096 0 ) 
4 1903 2033 0 (-5120 -5120 -1024 ) (-5120 -5120 0 ) (-5120 -4096 0 ) (-5120 -4096 -1024 ) 
4 1903 1908 0 (-5120 -5120 0 ) (-5120 -5120 -1024 ) (-4096 -5120 -1024 ) (-4096 -5120 0 ) 
4 1903 1904 0 (-4096 -5120 -1024 ) (-5120 -5120 -1024 ) (-5120 -4096 -1024 ) (-4096 -4096 -1024 ) 
4 1904 2034 0 (-5120 -5120 -1440 ) (-5120 -5120 -1024 ) (-5120 -4096 -1024 ) (-5120 -4096 -1440 ) 
4 1904 1909 0 (-5120 -5120 -1024 ) (-5120 -5120 -1440 ) (-4096 -5120 -1440 ) (-4096 -5120 -1024 ) 
4 1905 2035 0 (-5120 -6144 2048 ) (-5120 -6144 2240 ) (-5120 -5120 2240 ) (-5120 -5120 2048 ) 
4 1905 1910 0 (-5120 -6144 2240 ) (-5120 -6144 2048 ) (-4096 -6144 2048 ) (-4096 -6144 2240 ) 
4 1905 1906 0 (-4096 -6144 2048 ) (-5120 -6144 2048 ) (-5120 -5120 2048 ) (-4096 -5120 2048 ) 
4 1906 2036 0 (-5120 -6144 1024 ) (-5120 -6144 2048 ) (-5120 -5120 2048 ) (-5120 -5120 1024 ) 
4 1906 1911 0 (-5120 -6144 2048 ) (-5120 -6144 1024 ) (-4096 -6144 1024 ) (-4096 -6144 2048 ) 
4 1906 1907 0 (-4096 -6144 1024 ) (-5120 -6144 1024 ) (-5120 -5120 1024 ) (-4096 -5120 1024 ) 
4 1907 2037 0 (-5120 -6144 0 ) (-5120 -6144 1024 ) (-5120 -5120 1024 ) (-5120 -5120 0 ) 
4 1907 1912 0 (-5120 -6144 1024 ) (-5120 -6144 0 ) (-4096 -6144 0 ) (-4096 -6144 1024 ) 
4 1907 1908 0 (-4096 -6144 0 ) (-5120 -6144 0 ) (-5120 -5120 0 ) (-4096 -5120 0 ) 
4 1908 2038 0 (-5120 -6144 -1024 ) (-5120 -6144 0 ) (-5120 -5120 0 ) (-5120 -5120 -1024 ) 
4 1908 1913 0 (-5120 -6144 0 ) (-5120 -6144 -1024 ) (-4096 -6144 -1024 ) (-4096 -6144 0 ) 
4 1908 1909 0 (-4096 -6144 -1024 ) (-5120 -6144 -1024 ) (-5120 -5120 -1024 ) (-4096 -5120 -1024 ) 
4 1909 2039 0 (-5120 -6144 -1440 ) (-5120 -6144 -1024 ) (-5120 -5120 -1024 ) (-5120 -5120 -1440 ) 
4 1909 1914 0 (-5120 -6144 -1024 ) (-5120 -6144 -1440 ) (-4096 -6144 -1440 ) (-4096 -6144 -1024 ) 
4 1910 2040 0 (-5120 -7168 2048 ) (-5120 -7168 2240 ) (-5120 -6144 2240 ) (-5120 -6144 2048 ) 
4 1910 1915 0 (-5120 -7168 2240 ) (-5120 -7168 2048 ) (-4096 -7168 2048 ) (-4096 -7168 2240 ) 
4 1910 1911 0 (-4096 -7168 2048 ) (-5120 -7168 2048 ) (-5120 -6144 2048 ) (-4096 -6144 2048 ) 
4 1911 2041 0 (-5120 -7168 1024 ) (-5120 -7168 2048 ) (-5120 -6144 2048 ) (-5120 -6144 1024 ) 
4 1911 1916 0 (-5120 -7168 2048 ) (-5120 -7168 1024 ) (-4096 -7168 1024 ) (-4096 -7168 2048 ) 
4 1911 1912 0 (-4096 -7168 1024 ) (-5120 -7168 1024 ) (-5120 -6144 1024 ) (-4096 -6144 1024 ) 
4 1912 2042 0 (-5120 -7168 0 ) (-5120 -7168 1024 ) (-5120 -6144 1024 ) (-5120 -6144 0 ) 
4 1912 1917 0 (-5120 -7168 1024 ) (-5120 -7168 0 ) (-4096 -7168 0 ) (-4096 -7168 1024 ) 
4 1912 1913 0 (-4096 -7168 0 ) (-5120 -7168 0 ) (-5120 -6144 0 ) (-4096 -6144 0 ) 
4 1913 2043 0 (-5120 -7168 -1024 ) (-5120 -7168 0 ) (-5120 -6144 0 ) (-5120 -6144 -1024 ) 
4 1913 1918 0 (-5120 -7168 0 ) (-5120 -7168 -1024 ) (-4096 -7168 -1024 ) (-4096 -7168 0 ) 
4 1913 1914 0 (-4096 -7168 -1024 ) (-5120 -7168 -1024 ) (-5120 -6144 -1024 ) (-4096 -6144 -1024 ) 
4 1914 2044 0 (-5120 -7168 -1440 ) (-5120 -7168 -1024 ) (-5120 -6144 -1024 ) (-5120 -6144 -1440 ) 
4 1914 1919 0 (-5120 -7168 -1024 ) (-5120 -7168 -1440 ) (-4096 -7168 -1440 ) (-4096 -7168 -1024 ) 
4 1915 2045 0 (-5120 -8192 2048 ) (-5120 -8192 2240 ) (-5120 -7168 2240 ) (-5120 -7168 2048 ) 
4 1915 1920 0 (-5120 -8192 2240 ) (-5120 -8192 2048 ) (-4096 -8192 2048 ) (-4096 -8192 2240 ) 
4 1915 1916 0 (-4096 -8192 2048 ) (-5120 -8192 2048 ) (-5120 -7168 2048 ) (-4096 -7168 2048 ) 
4 1916 2046 0 (-5120 -8192 1024 ) (-5120 -8192 2048 ) (-5120 -7168 2048 ) (-5120 -7168 1024 ) 
4 1916 1921 0 (-5120 -8192 2048 ) (-5120 -8192 1024 ) (-4096 -8192 1024 ) (-4096 -8192 2048 ) 
4 1916 1917 0 (-4096 -8192 1024 ) (-5120 -8192 1024 ) (-5120 -7168 1024 ) (-4096 -7168 1024 ) 
4 1917 2047 0 (-5120 -8192 0 ) (-5120 -8192 1024 ) (-5120 -7168 1024 ) (-5120 -7168 0 ) 
4 1917 1922 0 (-5120 -8192 1024 ) (-5120 -8192 0 ) (-4096 -8192 0 ) (-4096 -8192 1024 ) 
4 1917 1918 0 (-4096 -8192 0 ) (-5120 -8192 0 ) (-5120 -7168 0 ) (-4096 -7168 0 ) 
4 1918 2048 0 (-5120 -8192 -1024 ) (-5120 -8192 0 ) (-5120 -7168 0 ) (-5120 -7168 -1024 ) 
4 1918 1923 0 (-5120 -8192 0 ) (-5120 -8192 -1024 ) (-4096 -8192 -1024 ) (-4096 -8192 0 ) 
4 1918 1919 0 (-4096 -8192 -1024 ) (-5120 -8192 -1024 ) (-5120 -7168 -1024 ) (-4096 -7168 -1024 ) 
4 1919 2049 0 (-5120 -8192 -1440 ) (-5120 -8192 -1024 ) (-5120 -7168 -1024 ) (-5120 -7168 -1440 ) 
4 1919 1924 0 (-5120 -8192 -1024 ) (-5120 -8192 -1440 ) (-4096 -8192 -1440 ) (-4096 -8192 -1024 ) 
4 1920 2050 0 (-5120 -9216 2048 ) (-5120 -9216 2240 ) (-5120 -8192 2240 ) (-5120 -8192 2048 ) 
4 1920 1925 0 (-5120 -9216 2240 ) (-5120 -9216 2048 ) (-4096 -9216 2048 ) (-4096 -9216 2240 ) 
4 1920 1921 0 (-4096 -9216 2048 ) (-5120 -9216 2048 ) (-5120 -8192 2048 ) (-4096 -8192 2048 ) 
4 1921 2051 0 (-5120 -9216 1024 ) (-5120 -9216 2048 ) (-5120 -8192 2048 ) (-5120 -8192 1024 ) 
4 1921 1926 0 (-5120 -9216 2048 ) (-5120 -9216 1024 ) (-4096 -9216 1024 ) (-4096 -9216 2048 ) 
4 1921 1922 0 (-4096 -9216 1024 ) (-5120 -9216 1024 ) (-5120 -8192 1024 ) (-4096 -8192 1024 ) 
4 1922 2052 0 (-5120 -9216 0 ) (-5120 -9216 1024 ) (-5120 -8192 1024 ) (-5120 -8192 0 ) 
4 1922 1927 0 (-5120 -9216 1024 ) (-5120 -9216 0 ) (-4096 -9216 0 ) (-4096 -9216 1024 ) 
4 1922 1923 0 (-4096 -9216 0 ) (-5120 -9216 0 ) (-5120 -8192 0 ) (-4096 -8192 0 ) 
4 1923 2053 0 (-5120 -9216 -1024 ) (-5120 -9216 0 ) (-5120 -8192 0 ) (-5120 -8192 -1024 ) 
4 1923 1928 0 (-5120 -9216 0 ) (-5120 -9216 -1024 ) (-4096 -9216 -1024 ) (-4096 -9216 0 ) 
4 1923 1924 0 (-4096 -9216 -1024 ) (-5120 -9216 -1024 ) (-5120 -8192 -1024 ) (-4096 -8192 -1024 ) 
4 1924 2054 0 (-5120 -9216 -1440 ) (-5120 -9216 -1024 ) (-5120 -8192 -1024 ) (-5120 -8192 -1440 ) 
4 1924 1929 0 (-5120 -9216 -1024 ) (-5120 -9216 -1440 ) (-4096 -9216 -1440 ) (-4096 -9216 -1024 ) 
4 1925 2055 0 (-5120 -10240 2048 ) (-5120 -10240 2240 ) (-5120 -9216 2240 ) (-5120 -9216 2048 ) 
4 1925 1930 0 (-5120 -10240 2240 ) (-5120 -10240 2048 ) (-4096 -10240 2048 ) (-4096 -10240 2240 ) 
4 1925 1926 0 (-4096 -10240 2048 ) (-5120 -10240 2048 ) (-5120 -9216 2048 ) (-4096 -9216 2048 ) 
4 1926 2056 0 (-5120 -10240 1024 ) (-5120 -10240 2048 ) (-5120 -9216 2048 ) (-5120 -9216 1024 ) 
4 1926 1931 0 (-5120 -10240 2048 ) (-5120 -10240 1024 ) (-4096 -10240 1024 ) (-4096 -10240 2048 ) 
4 1926 1927 0 (-4096 -10240 1024 ) (-5120 -10240 1024 ) (-5120 -9216 1024 ) (-4096 -9216 1024 ) 
4 1927 2057 0 (-5120 -10240 0 ) (-5120 -10240 1024 ) (-5120 -9216 1024 ) (-5120 -9216 0 ) 
4 1927 1932 0 (-5120 -10240 1024 ) (-5120 -10240 0 ) (-4096 -10240 0 ) (-4096 -10240 1024 ) 
4 1927 1928 0 (-4096 -10240 0 ) (-5120 -10240 0 ) (-5120 -9216 0 ) (-4096 -9216 0 ) 
4 1928 2058 0 (-5120 -10240 -1024 ) (-5120 -10240 0 ) (-5120 -9216 0 ) (-5120 -9216 -1024 ) 
4 1928 1933 0 (-5120 -10240 0 ) (-5120 -10240 -1024 ) (-4096 -10240 -1024 ) (-4096 -10240 0 ) 
4 1928 1929 0 (-4096 -10240 -1024 ) (-5120 -10240 -1024 ) (-5120 -9216 -1024 ) (-4096 -9216 -1024 ) 
4 1929 2059 0 (-5120 -10240 -1440 ) (-5120 -10240 -1024 ) (-5120 -9216 -1024 ) (-5120 -9216 -1440 ) 
4 1929 1934 0 (-5120 -10240 -1024 ) (-5120 -10240 -1440 ) (-4096 -10240 -1440 ) (-4096 -10240 -1024 ) 
4 1930 2060 0 (-5120 -11264 2048 ) (-5120 -11264 2240 ) (-5120 -10240 2240 ) (-5120 -10240 2048 ) 
4 1930 1935 0 (-5120 -11264 2240 ) (-5120 -11264 2048 ) (-4096 -11264 2048 ) (-4096 -11264 2240 ) 
4 1930 1931 0 (-4096 -11264 2048 ) (-5120 -11264 2048 ) (-5120 -10240 2048 ) (-4096 -10240 2048 ) 
4 1931 2061 0 (-5120 -11264 1024 ) (-5120 -11264 2048 ) (-5120 -10240 2048 ) (-5120 -10240 1024 ) 
4 1931 1936 0 (-5120 -11264 2048 ) (-5120 -11264 1024 ) (-4096 -11264 1024 ) (-4096 -11264 2048 ) 
4 1931 1932 0 (-4096 -11264 1024 ) (-5120 -11264 1024 ) (-5120 -10240 1024 ) (-4096 -10240 1024 ) 
4 1932 2062 0 (-5120 -11264 0 ) (-5120 -11264 1024 ) (-5120 -10240 1024 ) (-5120 -10240 0 ) 
4 1932 1937 0 (-5120 -11264 1024 ) (-5120 -11264 0 ) (-4096 -11264 0 ) (-4096 -11264 1024 ) 
4 1932 1933 0 (-4096 -11264 0 ) (-5120 -11264 0 ) (-5120 -10240 0 ) (-4096 -10240 0 ) 
4 1933 2063 0 (-5120 -11264 -1024 ) (-5120 -11264 0 ) (-5120 -10240 0 ) (-5120 -10240 -1024 ) 
4 1933 1938 0 (-5120 -11264 0 ) (-5120 -11264 -1024 ) (-4096 -11264 -1024 ) (-4096 -11264 0 ) 
4 1933 1934 0 (-4096 -11264 -1024 ) (-5120 -11264 -1024 ) (-5120 -10240 -1024 ) (-4096 -10240 -1024 ) 
4 1934 2064 0 (-5120 -11264 -1440 ) (-5120 -11264 -1024 ) (-5120 -10240 -1024 ) (-5120 -10240 -1440 ) 
4 1934 1939 0 (-5120 -11264 -1024 ) (-5120 -11264 -1440 ) (-4096 -11264 -1440 ) (-4096 -11264 -1024 ) 
4 1935 2065 0 (-5120 -12288 2048 ) (-5120 -12288 2240 ) (-5120 -11264 2240 ) (-5120 -11264 2048 ) 
4 1935 1940 0 (-5120 -12288 2240 ) (-5120 -12288 2048 ) (-4096 -12288 2048 ) (-4096 -12288 2240 ) 
4 1935 1936 0 (-4096 -12288 2048 ) (-5120 -12288 2048 ) (-5120 -11264 2048 ) (-4096 -11264 2048 ) 
4 1936 2066 0 (-5120 -12288 1024 ) (-5120 -12288 2048 ) (-5120 -11264 2048 ) (-5120 -11264 1024 ) 
4 1936 1941 0 (-5120 -12288 2048 ) (-5120 -12288 1024 ) (-4096 -12288 1024 ) (-4096 -12288 2048 ) 
4 1936 1937 0 (-4096 -12288 1024 ) (-5120 -12288 1024 ) (-5120 -11264 1024 ) (-4096 -11264 1024 ) 
4 1937 2067 0 (-5120 -12288 0 ) (-5120 -12288 1024 ) (-5120 -11264 1024 ) (-5120 -11264 0 ) 
4 1937 1942 0 (-5120 -12288 1024 ) (-5120 -12288 0 ) (-4096 -12288 0 ) (-4096 -12288 1024 ) 
4 1937 1938 0 (-4096 -12288 0 ) (-5120 -12288 0 ) (-5120 -11264 0 ) (-4096 -11264 0 ) 
4 1938 2068 0 (-5120 -12288 -1024 ) (-5120 -12288 0 ) (-5120 -11264 0 ) (-5120 -11264 -1024 ) 
4 1938 1943 0 (-5120 -12288 0 ) (-5120 -12288 -1024 ) (-4096 -12288 -1024 ) (-4096 -12288 0 ) 
4 1938 1939 0 (-4096 -12288 -1024 ) (-5120 -12288 -1024 ) (-5120 -11264 -1024 ) (-4096 -11264 -1024 ) 
4 1939 2069 0 (-5120 -12288 -1440 ) (-5120 -12288 -1024 ) (-5120 -11264 -1024 ) (-5120 -11264 -1440 ) 
4 1939 1944 0 (-5120 -12288 -1024 ) (-5120 -12288 -1440 ) (-4096 -12288 -1440 ) (-4096 -12288 -1024 ) 
4 1940 2070 0 (-5120 -13312 2048 ) (-5120 -13312 2240 ) (-5120 -12288 2240 ) (-5120 -12288 2048 ) 
4 1940 1945 0 (-5120 -13312 2240 ) (-5120 -13312 2048 ) (-4096 -13312 2048 ) (-4096 -13312 2240 ) 
4 1940 1941 0 (-4096 -13312 2048 ) (-5120 -13312 2048 ) (-5120 -12288 2048 ) (-4096 -12288 2048 ) 
4 1941 2071 0 (-5120 -13312 1024 ) (-5120 -13312 2048 ) (-5120 -12288 2048 ) (-5120 -12288 1024 ) 
4 1941 1946 0 (-5120 -13312 2048 ) (-5120 -13312 1024 ) (-4096 -13312 1024 ) (-4096 -13312 2048 ) 
4 1941 1942 0 (-4096 -13312 1024 ) (-5120 -13312 1024 ) (-5120 -12288 1024 ) (-4096 -12288 1024 ) 
4 1942 2072 0 (-5120 -13312 0 ) (-5120 -13312 1024 ) (-5120 -12288 1024 ) (-5120 -12288 0 ) 
4 1942 1947 0 (-5120 -13312 1024 ) (-5120 -13312 0 ) (-4096 -13312 0 ) (-4096 -13312 1024 ) 
4 1942 1943 0 (-4096 -13312 0 ) (-5120 -13312 0 ) (-5120 -12288 0 ) (-4096 -12288 0 ) 
4 1943 2073 0 (-5120 -13312 -1024 ) (-5120 -13312 0 ) (-5120 -12288 0 ) (-5120 -12288 -1024 ) 
4 1943 1948 0 (-5120 -13312 0 ) (-5120 -13312 -1024 ) (-4096 -13312 -1024 ) (-4096 -13312 0 ) 
4 1943 1944 0 (-4096 -13312 -1024 ) (-5120 -13312 -1024 ) (-5120 -12288 -1024 ) (-4096 -12288 -1024 ) 
4 1944 2074 0 (-5120 -13312 -1440 ) (-5120 -13312 -1024 ) (-5120 -12288 -1024 ) (-5120 -12288 -1440 ) 
4 1944 1949 0 (-5120 -13312 -1024 ) (-5120 -13312 -1440 ) (-4096 -13312 -1440 ) (-4096 -13312 -1024 ) 
4 1945 2075 0 (-5120 -13312 2240 ) (-5120 -13312 2048 ) (-5120 -13408 2048 ) (-5120 -13408 2240 ) 
4 1945 1946 0 (-5120 -13408 2048 ) (-5120 -13312 2048 ) (-4096 -13312 2048 ) (-4096 -13408 2048 ) 
4 1946 2076 0 (-5120 -13408 2048 ) (-5120 -13312 2048 ) (-5120 -13312 1024 ) (-5120 -13408 1024 ) 
4 1946 1947 0 (-5120 -13408 1024 ) (-5120 -13312 1024 ) (-4096 -13312 1024 ) (-4096 -13408 1024 ) 
4 1947 2077 0 (-5120 -13408 1024 ) (-5120 -13312 1024 ) (-5120 -13312 0 ) (-5120 -13408 0 ) 
4 1947 1948 0 (-5120 -13408 0 ) (-5120 -13312 0 ) (-4096 -13312 0 ) (-4096 -13408 0 ) 
4 1948 2078 0 (-5120 -13408 0 ) (-5120 -13312 0 ) (-5120 -13312 -1024 ) (-5120 -13408 -1024 ) 
4 1948 1949 0 (-5120 -13408 -1024 ) (-5120 -13312 -1024 ) (-4096 -13312 -1024 ) (-4096 -13408 -1024 ) 
4 1949 2079 0 (-5120 -13408 -1440 ) (-5120 -13408 -1024 ) (-5120 -13312 -1024 ) (-5120 -13312 -1440 ) 
4 1950 2080 0 (-6144 11312 2048 ) (-6144 11264 2048 ) (-6144 11264 2240 ) (-6144 11312 2240 ) 
4 1950 1955 0 (-6144 11264 2240 ) (-6144 11264 2048 ) (-5120 11264 2048 ) (-5120 11264 2240 ) 
4 1950 1951 0 (-5120 11264 2048 ) (-6144 11264 2048 ) (-6144 11312 2048 ) (-5120 11312 2048 ) 
4 1951 2081 0 (-6144 11312 1024 ) (-6144 11264 1024 ) (-6144 11264 2048 ) (-6144 11312 2048 ) 
4 1951 1956 0 (-6144 11264 2048 ) (-6144 11264 1024 ) (-5120 11264 1024 ) (-5120 11264 2048 ) 
4 1951 1952 0 (-5120 11264 1024 ) (-6144 11264 1024 ) (-6144 11312 1024 ) (-5120 11312 1024 ) 
4 1952 2082 0 (-6144 11312 0 ) (-6144 11264 0 ) (-6144 11264 1024 ) (-6144 11312 1024 ) 
4 1952 1957 0 (-6144 11264 1024 ) (-6144 11264 0 ) (-5120 11264 0 ) (-5120 11264 1024 ) 
4 1952 1953 0 (-5120 11264 0 ) (-6144 11264 0 ) (-6144 11312 0 ) (-5120 11312 0 ) 
4 1953 2083 0 (-6144 11312 -1024 ) (-6144 11264 -1024 ) (-6144 11264 0 ) (-6144 11312 0 ) 
4 1953 1958 0 (-6144 11264 0 ) (-6144 11264 -1024 ) (-5120 11264 -1024 ) (-5120 11264 0 ) 
4 1953 1954 0 (-5120 11264 -1024 ) (-6144 11264 -1024 ) (-6144 11312 -1024 ) (-5120 11312 -1024 ) 
4 1954 2084 0 (-6144 11312 -1440 ) (-6144 11264 -1440 ) (-6144 11264 -1024 ) (-6144 11312 -1024 ) 
4 1954 1959 0 (-6144 11264 -1024 ) (-6144 11264 -1440 ) (-5120 11264 -1440 ) (-5120 11264 -1024 ) 
4 1955 2085 0 (-6144 10240 2048 ) (-6144 10240 2240 ) (-6144 11264 2240 ) (-6144 11264 2048 ) 
4 1955 1960 0 (-6144 10240 2240 ) (-6144 10240 2048 ) (-5120 10240 2048 ) (-5120 10240 2240 ) 
4 1955 1956 0 (-5120 10240 2048 ) (-6144 10240 2048 ) (-6144 11264 2048 ) (-5120 11264 2048 ) 
4 1956 2086 0 (-6144 10240 1024 ) (-6144 10240 2048 ) (-6144 11264 2048 ) (-6144 11264 1024 ) 
4 1956 1961 0 (-6144 10240 2048 ) (-6144 10240 1024 ) (-5120 10240 1024 ) (-5120 10240 2048 ) 
4 1956 1957 0 (-5120 10240 1024 ) (-6144 10240 1024 ) (-6144 11264 1024 ) (-5120 11264 1024 ) 
4 1957 2087 0 (-6144 10240 0 ) (-6144 10240 1024 ) (-6144 11264 1024 ) (-6144 11264 0 ) 
4 1957 1962 0 (-6144 10240 1024 ) (-6144 10240 0 ) (-5120 10240 0 ) (-5120 10240 1024 ) 
4 1957 1958 0 (-5120 10240 0 ) (-6144 10240 0 ) (-6144 11264 0 ) (-5120 11264 0 ) 
4 1958 2088 0 (-6144 10240 -1024 ) (-6144 10240 0 ) (-6144 11264 0 ) (-6144 11264 -1024 ) 
4 1958 1963 0 (-6144 10240 0 ) (-6144 10240 -1024 ) (-5120 10240 -1024 ) (-5120 10240 0 ) 
4 1958 1959 0 (-5120 10240 -1024 ) (-6144 10240 -1024 ) (-6144 11264 -1024 ) (-5120 11264 -1024 ) 
4 1959 2089 0 (-6144 10240 -1440 ) (-6144 10240 -1024 ) (-6144 11264 -1024 ) (-6144 11264 -1440 ) 
4 1959 1964 0 (-6144 10240 -1024 ) (-6144 10240 -1440 ) (-5120 10240 -1440 ) (-5120 10240 -1024 ) 
4 1960 2090 0 (-6144 9216 2048 ) (-6144 9216 2240 ) (-6144 10240 2240 ) (-6144 10240 2048 ) 
4 1960 1965 0 (-6144 9216 2240 ) (-6144 9216 2048 ) (-5120 9216 2048 ) (-5120 9216 2240 ) 
4 1960 1961 0 (-5120 9216 2048 ) (-6144 9216 2048 ) (-6144 10240 2048 ) (-5120 10240 2048 ) 
4 1961 2091 0 (-6144 9216 1024 ) (-6144 9216 2048 ) (-6144 10240 2048 ) (-6144 10240 1024 ) 
4 1961 1966 0 (-6144 9216 2048 ) (-6144 9216 1024 ) (-5120 9216 1024 ) (-5120 9216 2048 ) 
4 1961 1962 0 (-5120 9216 1024 ) (-6144 9216 1024 ) (-6144 10240 1024 ) (-5120 10240 1024 ) 
4 1962 2092 0 (-6144 9216 0 ) (-6144 9216 1024 ) (-6144 10240 1024 ) (-6144 10240 0 ) 
4 1962 1967 0 (-6144 9216 1024 ) (-6144 9216 0 ) (-5120 9216 0 ) (-5120 9216 1024 ) 
4 1962 1963 0 (-5120 9216 0 ) (-6144 9216 0 ) (-6144 10240 0 ) (-5120 10240 0 ) 
4 1963 2093 0 (-6144 9216 -1024 ) (-6144 9216 0 ) (-6144 10240 0 ) (-6144 10240 -1024 ) 
4 1963 1968 0 (-6144 9216 0 ) (-6144 9216 -1024 ) (-5120 9216 -1024 ) (-5120 9216 0 ) 
4 1963 1964 0 (-5120 9216 -1024 ) (-6144 9216 -1024 ) (-6144 10240 -1024 ) (-5120 10240 -1024 ) 
4 1964 2094 0 (-6144 9216 -1440 ) (-6144 9216 -1024 ) (-6144 10240 -1024 ) (-6144 10240 -1440 ) 
4 1964 1969 0 (-6144 9216 -1024 ) (-6144 9216 -1440 ) (-5120 9216 -1440 ) (-5120 9216 -1024 ) 
4 1965 2095 0 (-6144 8192 2048 ) (-6144 8192 2240 ) (-6144 9216 2240 ) (-6144 9216 2048 ) 
4 1965 1970 0 (-6144 8192 2240 ) (-6144 8192 2048 ) (-5120 8192 2048 ) (-5120 8192 2240 ) 
4 1965 1966 0 (-5120 8192 2048 ) (-6144 8192 2048 ) (-6144 9216 2048 ) (-5120 9216 2048 ) 
4 1966 2096 0 (-6144 8192 1024 ) (-6144 8192 2048 ) (-6144 9216 2048 ) (-6144 9216 1024 ) 
4 1966 1971 0 (-6144 8192 2048 ) (-6144 8192 1024 ) (-5120 8192 1024 ) (-5120 8192 2048 ) 
4 1966 1967 0 (-5120 8192 1024 ) (-6144 8192 1024 ) (-6144 9216 1024 ) (-5120 9216 1024 ) 
4 1967 2097 0 (-6144 8192 0 ) (-6144 8192 1024 ) (-6144 9216 1024 ) (-6144 9216 0 ) 
4 1967 1972 0 (-6144 8192 1024 ) (-6144 8192 0 ) (-5120 8192 0 ) (-5120 8192 1024 ) 
4 1967 1968 0 (-5120 8192 0 ) (-6144 8192 0 ) (-6144 9216 0 ) (-5120 9216 0 ) 
4 1968 2098 0 (-6144 8192 -1024 ) (-6144 8192 0 ) (-6144 9216 0 ) (-6144 9216 -1024 ) 
4 1968 1973 0 (-6144 8192 0 ) (-6144 8192 -1024 ) (-5120 8192 -1024 ) (-5120 8192 0 ) 
4 1968 1969 0 (-5120 8192 -1024 ) (-6144 8192 -1024 ) (-6144 9216 -1024 ) (-5120 9216 -1024 ) 
4 1969 2099 0 (-6144 8192 -1440 ) (-6144 8192 -1024 ) (-6144 9216 -1024 ) (-6144 9216 -1440 ) 
4 1969 1974 0 (-6144 8192 -1024 ) (-6144 8192 -1440 ) (-5120 8192 -1440 ) (-5120 8192 -1024 ) 
4 1970 2100 0 (-6144 7168 2048 ) (-6144 7168 2240 ) (-6144 8192 2240 ) (-6144 8192 2048 ) 
4 1970 1975 0 (-6144 7168 2240 ) (-6144 7168 2048 ) (-5120 7168 2048 ) (-5120 7168 2240 ) 
4 1970 1971 0 (-5120 7168 2048 ) (-6144 7168 2048 ) (-6144 8192 2048 ) (-5120 8192 2048 ) 
4 1971 2101 0 (-6144 7168 1024 ) (-6144 7168 2048 ) (-6144 8192 2048 ) (-6144 8192 1024 ) 
4 1971 1976 0 (-6144 7168 2048 ) (-6144 7168 1024 ) (-5120 7168 1024 ) (-5120 7168 2048 ) 
4 1971 1972 0 (-5120 7168 1024 ) (-6144 7168 1024 ) (-6144 8192 1024 ) (-5120 8192 1024 ) 
4 1972 2102 0 (-6144 7168 0 ) (-6144 7168 1024 ) (-6144 8192 1024 ) (-6144 8192 0 ) 
4 1972 1977 0 (-6144 7168 1024 ) (-6144 7168 0 ) (-5120 7168 0 ) (-5120 7168 1024 ) 
4 1972 1973 0 (-5120 7168 0 ) (-6144 7168 0 ) (-6144 8192 0 ) (-5120 8192 0 ) 
4 1973 2103 0 (-6144 7168 -1024 ) (-6144 7168 0 ) (-6144 8192 0 ) (-6144 8192 -1024 ) 
4 1973 1978 0 (-6144 7168 0 ) (-6144 7168 -1024 ) (-5120 7168 -1024 ) (-5120 7168 0 ) 
4 1973 1974 0 (-5120 7168 -1024 ) (-6144 7168 -1024 ) (-6144 8192 -1024 ) (-5120 8192 -1024 ) 
4 1974 2104 0 (-6144 7168 -1440 ) (-6144 7168 -1024 ) (-6144 8192 -1024 ) (-6144 8192 -1440 ) 
4 1974 1979 0 (-6144 7168 -1024 ) (-6144 7168 -1440 ) (-5120 7168 -1440 ) (-5120 7168 -1024 ) 
4 1975 2105 0 (-6144 6144 2048 ) (-6144 6144 2240 ) (-6144 7168 2240 ) (-6144 7168 2048 ) 
4 1975 1980 0 (-6144 6144 2240 ) (-6144 6144 2048 ) (-5120 6144 2048 ) (-5120 6144 2240 ) 
4 1975 1976 0 (-5120 6144 2048 ) (-6144 6144 2048 ) (-6144 7168 2048 ) (-5120 7168 2048 ) 
4 1976 2106 0 (-6144 6144 1024 ) (-6144 6144 2048 ) (-6144 7168 2048 ) (-6144 7168 1024 ) 
4 1976 1981 0 (-6144 6144 2048 ) (-6144 6144 1024 ) (-5120 6144 1024 ) (-5120 6144 2048 ) 
4 1976 1977 0 (-5120 6144 1024 ) (-6144 6144 1024 ) (-6144 7168 1024 ) (-5120 7168 1024 ) 
4 1977 2107 0 (-6144 6144 0 ) (-6144 6144 1024 ) (-6144 7168 1024 ) (-6144 7168 0 ) 
4 1977 1982 0 (-6144 6144 1024 ) (-6144 6144 0 ) (-5120 6144 0 ) (-5120 6144 1024 ) 
4 1977 1978 0 (-5120 6144 0 ) (-6144 6144 0 ) (-6144 7168 0 ) (-5120 7168 0 ) 
4 1978 2108 0 (-6144 6144 -1024 ) (-6144 6144 0 ) (-6144 7168 0 ) (-6144 7168 -1024 ) 
4 1978 1983 0 (-6144 6144 0 ) (-6144 6144 -1024 ) (-5120 6144 -1024 ) (-5120 6144 0 ) 
4 1978 1979 0 (-5120 6144 -1024 ) (-6144 6144 -1024 ) (-6144 7168 -1024 ) (-5120 7168 -1024 ) 
4 1979 2109 0 (-6144 6144 -1440 ) (-6144 6144 -1024 ) (-6144 7168 -1024 ) (-6144 7168 -1440 ) 
4 1979 1984 0 (-6144 6144 -1024 ) (-6144 6144 -1440 ) (-5120 6144 -1440 ) (-5120 6144 -1024 ) 
4 1980 2110 0 (-6144 5120 2048 ) (-6144 5120 2240 ) (-6144 6144 2240 ) (-6144 6144 2048 ) 
4 1980 1985 0 (-6144 5120 2240 ) (-6144 5120 2048 ) (-5120 5120 2048 ) (-5120 5120 2240 ) 
4 1980 1981 0 (-5120 5120 2048 ) (-6144 5120 2048 ) (-6144 6144 2048 ) (-5120 6144 2048 ) 
4 1981 2111 0 (-6144 5120 1024 ) (-6144 5120 2048 ) (-6144 6144 2048 ) (-6144 6144 1024 ) 
4 1981 1986 0 (-6144 5120 2048 ) (-6144 5120 1024 ) (-5120 5120 1024 ) (-5120 5120 2048 ) 
4 1981 1982 0 (-5120 5120 1024 ) (-6144 5120 1024 ) (-6144 6144 1024 ) (-5120 6144 1024 ) 
4 1982 2112 0 (-6144 5120 0 ) (-6144 5120 1024 ) (-6144 6144 1024 ) (-6144 6144 0 ) 
4 1982 1987 0 (-6144 5120 1024 ) (-6144 5120 0 ) (-5120 5120 0 ) (-5120 5120 1024 ) 
4 1982 1983 0 (-5120 5120 0 ) (-6144 5120 0 ) (-6144 6144 0 ) (-5120 6144 0 ) 
4 1983 2113 0 (-6144 5120 -1024 ) (-6144 5120 0 ) (-6144 6144 0 ) (-6144 6144 -1024 ) 
4 1983 1988 0 (-6144 5120 0 ) (-6144 5120 -1024 ) (-5120 5120 -1024 ) (-5120 5120 0 ) 
4 1983 1984 0 (-5120 5120 -1024 ) (-6144 5120 -1024 ) (-6144 6144 -1024 ) (-5120 6144 -1024 ) 
4 1984 2114 0 (-6144 5120 -1440 ) (-6144 5120 -1024 ) (-6144 6144 -1024 ) (-6144 6144 -1440 ) 
4 1984 1989 0 (-6144 5120 -1024 ) (-6144 5120 -1440 ) (-5120 5120 -1440 ) (-5120 5120 -1024 ) 
4 1985 2115 0 (-6144 4096 2048 ) (-6144 4096 2240 ) (-6144 5120 2240 ) (-6144 5120 2048 ) 
4 1985 1990 0 (-6144 4096 2240 ) (-6144 4096 2048 ) (-5120 4096 2048 ) (-5120 4096 2240 ) 
4 1985 1986 0 (-5120 4096 2048 ) (-6144 4096 2048 ) (-6144 5120 2048 ) (-5120 5120 2048 ) 
4 1986 2116 0 (-6144 4096 1024 ) (-6144 4096 2048 ) (-6144 5120 2048 ) (-6144 5120 1024 ) 
4 1986 1991 0 (-6144 4096 2048 ) (-6144 4096 1024 ) (-5120 4096 1024 ) (-5120 4096 2048 ) 
4 1986 1987 0 (-5120 4096 1024 ) (-6144 4096 1024 ) (-6144 5120 1024 ) (-5120 5120 1024 ) 
4 1987 2117 0 (-6144 4096 0 ) (-6144 4096 1024 ) (-6144 5120 1024 ) (-6144 5120 0 ) 
4 1987 1992 0 (-6144 4096 1024 ) (-6144 4096 0 ) (-5120 4096 0 ) (-5120 4096 1024 ) 
4 1987 1988 0 (-5120 4096 0 ) (-6144 4096 0 ) (-6144 5120 0 ) (-5120 5120 0 ) 
4 1988 2118 0 (-6144 4096 -1024 ) (-6144 4096 0 ) (-6144 5120 0 ) (-6144 5120 -1024 ) 
4 1988 1993 0 (-6144 4096 0 ) (-6144 4096 -1024 ) (-5120 4096 -1024 ) (-5120 4096 0 ) 
4 1988 1989 0 (-5120 4096 -1024 ) (-6144 4096 -1024 ) (-6144 5120 -1024 ) (-5120 5120 -1024 ) 
4 1989 2119 0 (-6144 4096 -1440 ) (-6144 4096 -1024 ) (-6144 5120 -1024 ) (-6144 5120 -1440 ) 
4 1989 1994 0 (-6144 4096 -1024 ) (-6144 4096 -1440 ) (-5120 4096 -1440 ) (-5120 4096 -1024 ) 
4 1990 2120 0 (-6144 3072 2048 ) (-6144 3072 2240 ) (-6144 4096 2240 ) (-6144 4096 2048 ) 
4 1990 1995 0 (-6144 3072 2240 ) (-6144 3072 2048 ) (-5120 3072 2048 ) (-5120 3072 2240 ) 
4 1990 1991 0 (-5120 3072 2048 ) (-6144 3072 2048 ) (-6144 4096 2048 ) (-5120 4096 2048 ) 
4 1991 2121 0 (-6144 3072 1024 ) (-6144 3072 2048 ) (-6144 4096 2048 ) (-6144 4096 1024 ) 
4 1991 1996 0 (-6144 3072 2048 ) (-6144 3072 1024 ) (-5120 3072 1024 ) (-5120 3072 2048 ) 
4 1991 1992 0 (-5120 3072 1024 ) (-6144 3072 1024 ) (-6144 4096 1024 ) (-5120 4096 1024 ) 
4 1992 2122 0 (-6144 3072 0 ) (-6144 3072 1024 ) (-6144 4096 1024 ) (-6144 4096 0 ) 
4 1992 1997 0 (-6144 3072 1024 ) (-6144 3072 0 ) (-5120 3072 0 ) (-5120 3072 1024 ) 
4 1992 1993 0 (-5120 3072 0 ) (-6144 3072 0 ) (-6144 4096 0 ) (-5120 4096 0 ) 
4 1993 2123 0 (-6144 3072 -1024 ) (-6144 3072 0 ) (-6144 4096 0 ) (-6144 4096 -1024 ) 
4 1993 1998 0 (-6144 3072 0 ) (-6144 3072 -1024 ) (-5120 3072 -1024 ) (-5120 3072 0 ) 
4 1993 1994 0 (-5120 3072 -1024 ) (-6144 3072 -1024 ) (-6144 4096 -1024 ) (-5120 4096 -1024 ) 
4 1994 2124 0 (-6144 3072 -1440 ) (-6144 3072 -1024 ) (-6144 4096 -1024 ) (-6144 4096 -1440 ) 
4 1994 1999 0 (-6144 3072 -1024 ) (-6144 3072 -1440 ) (-5120 3072 -1440 ) (-5120 3072 -1024 ) 
4 1995 2125 0 (-6144 2048 2048 ) (-6144 2048 2240 ) (-6144 3072 2240 ) (-6144 3072 2048 ) 
4 1995 2000 0 (-6144 2048 2240 ) (-6144 2048 2048 ) (-5120 2048 2048 ) (-5120 2048 2240 ) 
4 1995 1996 0 (-5120 2048 2048 ) (-6144 2048 2048 ) (-6144 3072 2048 ) (-5120 3072 2048 ) 
4 1996 2126 0 (-6144 2048 1024 ) (-6144 2048 2048 ) (-6144 3072 2048 ) (-6144 3072 1024 ) 
4 1996 2001 0 (-6144 2048 2048 ) (-6144 2048 1024 ) (-5120 2048 1024 ) (-5120 2048 2048 ) 
4 1996 1997 0 (-5120 2048 1024 ) (-6144 2048 1024 ) (-6144 3072 1024 ) (-5120 3072 1024 ) 
4 1997 2127 0 (-6144 2048 0 ) (-6144 2048 1024 ) (-6144 3072 1024 ) (-6144 3072 0 ) 
4 1997 2002 0 (-6144 2048 1024 ) (-6144 2048 0 ) (-5120 2048 0 ) (-5120 2048 1024 ) 
4 1997 1998 0 (-5120 2048 0 ) (-6144 2048 0 ) (-6144 3072 0 ) (-5120 3072 0 ) 
4 1998 2128 0 (-6144 2048 -1024 ) (-6144 2048 0 ) (-6144 3072 0 ) (-6144 3072 -1024 ) 
4 1998 2003 0 (-6144 2048 0 ) (-6144 2048 -1024 ) (-5120 2048 -1024 ) (-5120 2048 0 ) 
4 1998 1999 0 (-5120 2048 -1024 ) (-6144 2048 -1024 ) (-6144 3072 -1024 ) (-5120 3072 -1024 ) 
4 1999 2129 0 (-6144 2048 -1440 ) (-6144 2048 -1024 ) (-6144 3072 -1024 ) (-6144 3072 -1440 ) 
4 1999 2004 0 (-6144 2048 -1024 ) (-6144 2048 -1440 ) (-5120 2048 -1440 ) (-5120 2048 -1024 ) 
4 2000 2130 0 (-6144 1024 2048 ) (-6144 1024 2240 ) (-6144 2048 2240 ) (-6144 2048 2048 ) 
4 2000 2005 0 (-6144 1024 2240 ) (-6144 1024 2048 ) (-5120 1024 2048 ) (-5120 1024 2240 ) 
4 2000 2001 0 (-5120 1024 2048 ) (-6144 1024 2048 ) (-6144 2048 2048 ) (-5120 2048 2048 ) 
4 2001 2131 0 (-6144 1024 1024 ) (-6144 1024 2048 ) (-6144 2048 2048 ) (-6144 2048 1024 ) 
4 2001 2006 0 (-6144 1024 2048 ) (-6144 1024 1024 ) (-5120 1024 1024 ) (-5120 1024 2048 ) 
4 2001 2002 0 (-5120 1024 1024 ) (-6144 1024 1024 ) (-6144 2048 1024 ) (-5120 2048 1024 ) 
4 2002 2132 0 (-6144 1024 0 ) (-6144 1024 1024 ) (-6144 2048 1024 ) (-6144 2048 0 ) 
4 2002 2007 0 (-6144 1024 1024 ) (-6144 1024 0 ) (-5120 1024 0 ) (-5120 1024 1024 ) 
4 2002 2003 0 (-5120 1024 0 ) (-6144 1024 0 ) (-6144 2048 0 ) (-5120 2048 0 ) 
4 2003 2133 0 (-6144 1024 -1024 ) (-6144 1024 0 ) (-6144 2048 0 ) (-6144 2048 -1024 ) 
4 2003 2008 0 (-6144 1024 0 ) (-6144 1024 -1024 ) (-5120 1024 -1024 ) (-5120 1024 0 ) 
4 2003 2004 0 (-5120 1024 -1024 ) (-6144 1024 -1024 ) (-6144 2048 -1024 ) (-5120 2048 -1024 ) 
4 2004 2134 0 (-6144 1024 -1440 ) (-6144 1024 -1024 ) (-6144 2048 -1024 ) (-6144 2048 -1440 ) 
4 2004 2009 0 (-6144 1024 -1024 ) (-6144 1024 -1440 ) (-5120 1024 -1440 ) (-5120 1024 -1024 ) 
4 2005 2135 0 (-6144 0 2048 ) (-6144 0 2240 ) (-6144 1024 2240 ) (-6144 1024 2048 ) 
4 2005 2010 0 (-6144 0 2240 ) (-6144 0 2048 ) (-5120 0 2048 ) (-5120 0 2240 ) 
4 2005 2006 0 (-5120 0 2048 ) (-6144 0 2048 ) (-6144 1024 2048 ) (-5120 1024 2048 ) 
4 2006 2136 0 (-6144 0 1024 ) (-6144 0 2048 ) (-6144 1024 2048 ) (-6144 1024 1024 ) 
4 2006 2011 0 (-6144 0 2048 ) (-6144 0 1024 ) (-5120 0 1024 ) (-5120 0 2048 ) 
4 2006 2007 0 (-5120 0 1024 ) (-6144 0 1024 ) (-6144 1024 1024 ) (-5120 1024 1024 ) 
4 2007 2137 0 (-6144 0 0 ) (-6144 0 1024 ) (-6144 1024 1024 ) (-6144 1024 0 ) 
4 2007 2012 0 (-6144 0 1024 ) (-6144 0 0 ) (-5120 0 0 ) (-5120 0 1024 ) 
4 2007 2008 0 (-5120 0 0 ) (-6144 0 0 ) (-6144 1024 0 ) (-5120 1024 0 ) 
4 2008 2138 0 (-6144 0 -1024 ) (-6144 0 0 ) (-6144 1024 0 ) (-6144 1024 -1024 ) 
4 2008 2013 0 (-6144 0 0 ) (-6144 0 -1024 ) (-5120 0 -1024 ) (-5120 0 0 ) 
4 2008 2009 0 (-5120 0 -1024 ) (-6144 0 -1024 ) (-6144 1024 -1024 ) (-5120 1024 -1024 ) 
4 2009 2139 0 (-6144 0 -1440 ) (-6144 0 -1024 ) (-6144 1024 -1024 ) (-6144 1024 -1440 ) 
4 2009 2014 0 (-6144 0 -1024 ) (-6144 0 -1440 ) (-5120 0 -1440 ) (-5120 0 -1024 ) 
4 2010 2140 0 (-6144 -1024 2048 ) (-6144 -1024 2240 ) (-6144 0 2240 ) (-6144 0 2048 ) 
4 2010 2015 0 (-6144 -1024 2240 ) (-6144 -1024 2048 ) (-5120 -1024 2048 ) (-5120 -1024 2240 ) 
4 2010 2011 0 (-5120 -1024 2048 ) (-6144 -1024 2048 ) (-6144 0 2048 ) (-5120 0 2048 ) 
4 2011 2141 0 (-6144 -1024 1024 ) (-6144 -1024 2048 ) (-6144 0 2048 ) (-6144 0 1024 ) 
4 2011 2016 0 (-6144 -1024 2048 ) (-6144 -1024 1024 ) (-5120 -1024 1024 ) (-5120 -1024 2048 ) 
4 2011 2012 0 (-5120 -1024 1024 ) (-6144 -1024 1024 ) (-6144 0 1024 ) (-5120 0 1024 ) 
4 2012 2142 0 (-6144 -1024 0 ) (-6144 -1024 1024 ) (-6144 0 1024 ) (-6144 0 0 ) 
4 2012 2017 0 (-6144 -1024 1024 ) (-6144 -1024 0 ) (-5120 -1024 0 ) (-5120 -1024 1024 ) 
4 2012 2013 0 (-5120 -1024 0 ) (-6144 -1024 0 ) (-6144 0 0 ) (-5120 0 0 ) 
4 2013 2143 0 (-6144 -1024 -1024 ) (-6144 -1024 0 ) (-6144 0 0 ) (-6144 0 -1024 ) 
4 2013 2018 0 (-6144 -1024 0 ) (-6144 -1024 -1024 ) (-5120 -1024 -1024 ) (-5120 -1024 0 ) 
4 2013 2014 0 (-5120 -1024 -1024 ) (-6144 -1024 -1024 ) (-6144 0 -1024 ) (-5120 0 -1024 ) 
4 2014 2144 0 (-6144 -1024 -1440 ) (-6144 -1024 -1024 ) (-6144 0 -1024 ) (-6144 0 -1440 ) 
4 2014 2019 0 (-6144 -1024 -1024 ) (-6144 -1024 -1440 ) (-5120 -1024 -1440 ) (-5120 -1024 -1024 ) 
4 2015 2145 0 (-6144 -2048 2048 ) (-6144 -2048 2240 ) (-6144 -1024 2240 ) (-6144 -1024 2048 ) 
4 2015 2020 0 (-6144 -2048 2240 ) (-6144 -2048 2048 ) (-5120 -2048 2048 ) (-5120 -2048 2240 ) 
4 2015 2016 0 (-5120 -2048 2048 ) (-6144 -2048 2048 ) (-6144 -1024 2048 ) (-5120 -1024 2048 ) 
4 2016 2146 0 (-6144 -2048 1024 ) (-6144 -2048 2048 ) (-6144 -1024 2048 ) (-6144 -1024 1024 ) 
4 2016 2021 0 (-6144 -2048 2048 ) (-6144 -2048 1024 ) (-5120 -2048 1024 ) (-5120 -2048 2048 ) 
4 2016 2017 0 (-5120 -2048 1024 ) (-6144 -2048 1024 ) (-6144 -1024 1024 ) (-5120 -1024 1024 ) 
4 2017 2147 0 (-6144 -2048 0 ) (-6144 -2048 1024 ) (-6144 -1024 1024 ) (-6144 -1024 0 ) 
4 2017 2022 0 (-6144 -2048 1024 ) (-6144 -2048 0 ) (-5120 -2048 0 ) (-5120 -2048 1024 ) 
4 2017 2018 0 (-5120 -2048 0 ) (-6144 -2048 0 ) (-6144 -1024 0 ) (-5120 -1024 0 ) 
4 2018 2148 0 (-6144 -2048 -1024 ) (-6144 -2048 0 ) (-6144 -1024 0 ) (-6144 -1024 -1024 ) 
4 2018 2023 0 (-6144 -2048 0 ) (-6144 -2048 -1024 ) (-5120 -2048 -1024 ) (-5120 -2048 0 ) 
4 2018 2019 0 (-5120 -2048 -1024 ) (-6144 -2048 -1024 ) (-6144 -1024 -1024 ) (-5120 -1024 -1024 ) 
4 2019 2149 0 (-6144 -2048 -1440 ) (-6144 -2048 -1024 ) (-6144 -1024 -1024 ) (-6144 -1024 -1440 ) 
4 2019 2024 0 (-6144 -2048 -1024 ) (-6144 -2048 -1440 ) (-5120 -2048 -1440 ) (-5120 -2048 -1024 ) 
4 2020 2150 0 (-6144 -3072 2048 ) (-6144 -3072 2240 ) (-6144 -2048 2240 ) (-6144 -2048 2048 ) 
4 2020 2025 0 (-6144 -3072 2240 ) (-6144 -3072 2048 ) (-5120 -3072 2048 ) (-5120 -3072 2240 ) 
4 2020 2021 0 (-5120 -3072 2048 ) (-6144 -3072 2048 ) (-6144 -2048 2048 ) (-5120 -2048 2048 ) 
4 2021 2151 0 (-6144 -3072 1024 ) (-6144 -3072 2048 ) (-6144 -2048 2048 ) (-6144 -2048 1024 ) 
4 2021 2026 0 (-6144 -3072 2048 ) (-6144 -3072 1024 ) (-5120 -3072 1024 ) (-5120 -3072 2048 ) 
4 2021 2022 0 (-5120 -3072 1024 ) (-6144 -3072 1024 ) (-6144 -2048 1024 ) (-5120 -2048 1024 ) 
4 2022 2152 0 (-6144 -3072 0 ) (-6144 -3072 1024 ) (-6144 -2048 1024 ) (-6144 -2048 0 ) 
4 2022 2027 0 (-6144 -3072 1024 ) (-6144 -3072 0 ) (-5120 -3072 0 ) (-5120 -3072 1024 ) 
4 2022 2023 0 (-5120 -3072 0 ) (-6144 -3072 0 ) (-6144 -2048 0 ) (-5120 -2048 0 ) 
4 2023 2153 0 (-6144 -3072 -1024 ) (-6144 -3072 0 ) (-6144 -2048 0 ) (-6144 -2048 -1024 ) 
4 2023 2028 0 (-6144 -3072 0 ) (-6144 -3072 -1024 ) (-5120 -3072 -1024 ) (-5120 -3072 0 ) 
4 2023 2024 0 (-5120 -3072 -1024 ) (-6144 -3072 -1024 ) (-6144 -2048 -1024 ) (-5120 -2048 -1024 ) 
4 2024 2154 0 (-6144 -3072 -1440 ) (-6144 -3072 -1024 ) (-6144 -2048 -1024 ) (-6144 -2048 -1440 ) 
4 2024 2029 0 (-6144 -3072 -1024 ) (-6144 -3072 -1440 ) (-5120 -3072 -1440 ) (-5120 -3072 -1024 ) 
4 2025 2155 0 (-6144 -4096 2048 ) (-6144 -4096 2240 ) (-6144 -3072 2240 ) (-6144 -3072 2048 ) 
4 2025 2030 0 (-6144 -4096 2240 ) (-6144 -4096 2048 ) (-5120 -4096 2048 ) (-5120 -4096 2240 ) 
4 2025 2026 0 (-5120 -4096 2048 ) (-6144 -4096 2048 ) (-6144 -3072 2048 ) (-5120 -3072 2048 ) 
4 2026 2156 0 (-6144 -4096 1024 ) (-6144 -4096 2048 ) (-6144 -3072 2048 ) (-6144 -3072 1024 ) 
4 2026 2031 0 (-6144 -4096 2048 ) (-6144 -4096 1024 ) (-5120 -4096 1024 ) (-5120 -4096 2048 ) 
4 2026 2027 0 (-5120 -4096 1024 ) (-6144 -4096 1024 ) (-6144 -3072 1024 ) (-5120 -3072 1024 ) 
4 2027 2157 0 (-6144 -4096 0 ) (-6144 -4096 1024 ) (-6144 -3072 1024 ) (-6144 -3072 0 ) 
4 2027 2032 0 (-6144 -4096 1024 ) (-6144 -4096 0 ) (-5120 -4096 0 ) (-5120 -4096 1024 ) 
4 2027 2028 0 (-5120 -4096 0 ) (-6144 -4096 0 ) (-6144 -3072 0 ) (-5120 -3072 0 ) 
4 2028 2158 0 (-6144 -4096 -1024 ) (-6144 -4096 0 ) (-6144 -3072 0 ) (-6144 -3072 -1024 ) 
4 2028 2033 0 (-6144 -4096 0 ) (-6144 -4096 -1024 ) (-5120 -4096 -1024 ) (-5120 -4096 0 ) 
4 2028 2029 0 (-5120 -4096 -1024 ) (-6144 -4096 -1024 ) (-6144 -3072 -1024 ) (-5120 -3072 -1024 ) 
4 2029 2159 0 (-6144 -4096 -1440 ) (-6144 -4096 -1024 ) (-6144 -3072 -1024 ) (-6144 -3072 -1440 ) 
4 2029 2034 0 (-6144 -4096 -1024 ) (-6144 -4096 -1440 ) (-5120 -4096 -1440 ) (-5120 -4096 -1024 ) 
4 2030 2160 0 (-6144 -5120 2048 ) (-6144 -5120 2240 ) (-6144 -4096 2240 ) (-6144 -4096 2048 ) 
4 2030 2035 0 (-6144 -5120 2240 ) (-6144 -5120 2048 ) (-5120 -5120 2048 ) (-5120 -5120 2240 ) 
4 2030 2031 0 (-5120 -5120 2048 ) (-6144 -5120 2048 ) (-6144 -4096 2048 ) (-5120 -4096 2048 ) 
4 2031 2161 0 (-6144 -5120 1024 ) (-6144 -5120 2048 ) (-6144 -4096 2048 ) (-6144 -4096 1024 ) 
4 2031 2036 0 (-6144 -5120 2048 ) (-6144 -5120 1024 ) (-5120 -5120 1024 ) (-5120 -5120 2048 ) 
4 2031 2032 0 (-5120 -5120 1024 ) (-6144 -5120 1024 ) (-6144 -4096 1024 ) (-5120 -4096 1024 ) 
4 2032 2162 0 (-6144 -5120 0 ) (-6144 -5120 1024 ) (-6144 -4096 1024 ) (-6144 -4096 0 ) 
4 2032 2037 0 (-6144 -5120 1024 ) (-6144 -5120 0 ) (-5120 -5120 0 ) (-5120 -5120 1024 ) 
4 2032 2033 0 (-5120 -5120 0 ) (-6144 -5120 0 ) (-6144 -4096 0 ) (-5120 -4096 0 ) 
4 2033 2163 0 (-6144 -5120 -1024 ) (-6144 -5120 0 ) (-6144 -4096 0 ) (-6144 -4096 -1024 ) 
4 2033 2038 0 (-6144 -5120 0 ) (-6144 -5120 -1024 ) (-5120 -5120 -1024 ) (-5120 -5120 0 ) 
4 2033 2034 0 (-5120 -5120 -1024 ) (-6144 -5120 -1024 ) (-6144 -4096 -1024 ) (-5120 -4096 -1024 ) 
4 2034 2164 0 (-6144 -5120 -1440 ) (-6144 -5120 -1024 ) (-6144 -4096 -1024 ) (-6144 -4096 -1440 ) 
4 2034 2039 0 (-6144 -5120 -1024 ) (-6144 -5120 -1440 ) (-5120 -5120 -1440 ) (-5120 -5120 -1024 ) 
4 2035 2165 0 (-6144 -6144 2048 ) (-6144 -6144 2240 ) (-6144 -5120 2240 ) (-6144 -5120 2048 ) 
4 2035 2040 0 (-6144 -6144 2240 ) (-6144 -6144 2048 ) (-5120 -6144 2048 ) (-5120 -6144 2240 ) 
4 2035 2036 0 (-5120 -6144 2048 ) (-6144 -6144 2048 ) (-6144 -5120 2048 ) (-5120 -5120 2048 ) 
4 2036 2166 0 (-6144 -6144 1024 ) (-6144 -6144 2048 ) (-6144 -5120 2048 ) (-6144 -5120 1024 ) 
4 2036 2041 0 (-6144 -6144 2048 ) (-6144 -6144 1024 ) (-5120 -6144 1024 ) (-5120 -6144 2048 ) 
4 2036 2037 0 (-5120 -6144 1024 ) (-6144 -6144 1024 ) (-6144 -5120 1024 ) (-5120 -5120 1024 ) 
4 2037 2167 0 (-6144 -6144 0 ) (-6144 -6144 1024 ) (-6144 -5120 1024 ) (-6144 -5120 0 ) 
4 2037 2042 0 (-6144 -6144 1024 ) (-6144 -6144 0 ) (-5120 -6144 0 ) (-5120 -6144 1024 ) 
4 2037 2038 0 (-5120 -6144 0 ) (-6144 -6144 0 ) (-6144 -5120 0 ) (-5120 -5120 0 ) 
4 2038 2168 0 (-6144 -6144 -1024 ) (-6144 -6144 0 ) (-6144 -5120 0 ) (-6144 -5120 -1024 ) 
4 2038 2043 0 (-6144 -6144 0 ) (-6144 -6144 -1024 ) (-5120 -6144 -1024 ) (-5120 -6144 0 ) 
4 2038 2039 0 (-5120 -6144 -1024 ) (-6144 -6144 -1024 ) (-6144 -5120 -1024 ) (-5120 -5120 -1024 ) 
4 2039 2169 0 (-6144 -6144 -1440 ) (-6144 -6144 -1024 ) (-6144 -5120 -1024 ) (-6144 -5120 -1440 ) 
4 2039 2044 0 (-6144 -6144 -1024 ) (-6144 -6144 -1440 ) (-5120 -6144 -1440 ) (-5120 -6144 -1024 ) 
4 2040 2170 0 (-6144 -7168 2048 ) (-6144 -7168 2240 ) (-6144 -6144 2240 ) (-6144 -6144 2048 ) 
4 2040 2045 0 (-6144 -7168 2240 ) (-6144 -7168 2048 ) (-5120 -7168 2048 ) (-5120 -7168 2240 ) 
4 2040 2041 0 (-5120 -7168 2048 ) (-6144 -7168 2048 ) (-6144 -6144 2048 ) (-5120 -6144 2048 ) 
4 2041 2171 0 (-6144 -7168 1024 ) (-6144 -7168 2048 ) (-6144 -6144 2048 ) (-6144 -6144 1024 ) 
4 2041 2046 0 (-6144 -7168 2048 ) (-6144 -7168 1024 ) (-5120 -7168 1024 ) (-5120 -7168 2048 ) 
4 2041 2042 0 (-5120 -7168 1024 ) (-6144 -7168 1024 ) (-6144 -6144 1024 ) (-5120 -6144 1024 ) 
4 2042 2172 0 (-6144 -7168 0 ) (-6144 -7168 1024 ) (-6144 -6144 1024 ) (-6144 -6144 0 ) 
4 2042 2047 0 (-6144 -7168 1024 ) (-6144 -7168 0 ) (-5120 -7168 0 ) (-5120 -7168 1024 ) 
4 2042 2043 0 (-5120 -7168 0 ) (-6144 -7168 0 ) (-6144 -6144 0 ) (-5120 -6144 0 ) 
4 2043 2173 0 (-6144 -7168 -1024 ) (-6144 -7168 0 ) (-6144 -6144 0 ) (-6144 -6144 -1024 ) 
4 2043 2048 0 (-6144 -7168 0 ) (-6144 -7168 -1024 ) (-5120 -7168 -1024 ) (-5120 -7168 0 ) 
4 2043 2044 0 (-5120 -7168 -1024 ) (-6144 -7168 -1024 ) (-6144 -6144 -1024 ) (-5120 -6144 -1024 ) 
4 2044 2174 0 (-6144 -7168 -1440 ) (-6144 -7168 -1024 ) (-6144 -6144 -1024 ) (-6144 -6144 -1440 ) 
4 2044 2049 0 (-6144 -7168 -1024 ) (-6144 -7168 -1440 ) (-5120 -7168 -1440 ) (-5120 -7168 -1024 ) 
4 2045 2175 0 (-6144 -8192 2048 ) (-6144 -8192 2240 ) (-6144 -7168 2240 ) (-6144 -7168 2048 ) 
4 2045 2050 0 (-6144 -8192 2240 ) (-6144 -8192 2048 ) (-5120 -8192 2048 ) (-5120 -8192 2240 ) 
4 2045 2046 0 (-5120 -8192 2048 ) (-6144 -8192 2048 ) (-6144 -7168 2048 ) (-5120 -7168 2048 ) 
4 2046 2176 0 (-6144 -8192 1024 ) (-6144 -8192 2048 ) (-6144 -7168 2048 ) (-6144 -7168 1024 ) 
4 2046 2051 0 (-6144 -8192 2048 ) (-6144 -8192 1024 ) (-5120 -8192 1024 ) (-5120 -8192 2048 ) 
4 2046 2047 0 (-5120 -8192 1024 ) (-6144 -8192 1024 ) (-6144 -7168 1024 ) (-5120 -7168 1024 ) 
4 2047 2177 0 (-6144 -8192 0 ) (-6144 -8192 1024 ) (-6144 -7168 1024 ) (-6144 -7168 0 ) 
4 2047 2052 0 (-6144 -8192 1024 ) (-6144 -8192 0 ) (-5120 -8192 0 ) (-5120 -8192 1024 ) 
4 2047 2048 0 (-5120 -8192 0 ) (-6144 -8192 0 ) (-6144 -7168 0 ) (-5120 -7168 0 ) 
4 2048 2178 0 (-6144 -8192 -1024 ) (-6144 -8192 0 ) (-6144 -7168 0 ) (-6144 -7168 -1024 ) 
4 2048 2053 0 (-6144 -8192 0 ) (-6144 -8192 -1024 ) (-5120 -8192 -1024 ) (-5120 -8192 0 ) 
4 2048 2049 0 (-5120 -8192 -1024 ) (-6144 -8192 -1024 ) (-6144 -7168 -1024 ) (-5120 -7168 -1024 ) 
4 2049 2179 0 (-6144 -8192 -1440 ) (-6144 -8192 -1024 ) (-6144 -7168 -1024 ) (-6144 -7168 -1440 ) 
4 2049 2054 0 (-6144 -8192 -1024 ) (-6144 -8192 -1440 ) (-5120 -8192 -1440 ) (-5120 -8192 -1024 ) 
4 2050 2180 0 (-6144 -9216 2048 ) (-6144 -9216 2240 ) (-6144 -8192 2240 ) (-6144 -8192 2048 ) 
4 2050 2055 0 (-6144 -9216 2240 ) (-6144 -9216 2048 ) (-5120 -9216 2048 ) (-5120 -9216 2240 ) 
4 2050 2051 0 (-5120 -9216 2048 ) (-6144 -9216 2048 ) (-6144 -8192 2048 ) (-5120 -8192 2048 ) 
4 2051 2181 0 (-6144 -9216 1024 ) (-6144 -9216 2048 ) (-6144 -8192 2048 ) (-6144 -8192 1024 ) 
4 2051 2056 0 (-6144 -9216 2048 ) (-6144 -9216 1024 ) (-5120 -9216 1024 ) (-5120 -9216 2048 ) 
4 2051 2052 0 (-5120 -9216 1024 ) (-6144 -9216 1024 ) (-6144 -8192 1024 ) (-5120 -8192 1024 ) 
4 2052 2182 0 (-6144 -9216 0 ) (-6144 -9216 1024 ) (-6144 -8192 1024 ) (-6144 -8192 0 ) 
4 2052 2057 0 (-6144 -9216 1024 ) (-6144 -9216 0 ) (-5120 -9216 0 ) (-5120 -9216 1024 ) 
4 2052 2053 0 (-5120 -9216 0 ) (-6144 -9216 0 ) (-6144 -8192 0 ) (-5120 -8192 0 ) 
4 2053 2183 0 (-6144 -9216 -1024 ) (-6144 -9216 0 ) (-6144 -8192 0 ) (-6144 -8192 -1024 ) 
4 2053 2058 0 (-6144 -9216 0 ) (-6144 -9216 -1024 ) (-5120 -9216 -1024 ) (-5120 -9216 0 ) 
4 2053 2054 0 (-5120 -9216 -1024 ) (-6144 -9216 -1024 ) (-6144 -8192 -1024 ) (-5120 -8192 -1024 ) 
4 2054 2184 0 (-6144 -9216 -1440 ) (-6144 -9216 -1024 ) (-6144 -8192 -1024 ) (-6144 -8192 -1440 ) 
4 2054 2059 0 (-6144 -9216 -1024 ) (-6144 -9216 -1440 ) (-5120 -9216 -1440 ) (-5120 -9216 -1024 ) 
4 2055 2185 0 (-6144 -10240 2048 ) (-6144 -10240 2240 ) (-6144 -9216 2240 ) (-6144 -9216 2048 ) 
4 2055 2060 0 (-6144 -10240 2240 ) (-6144 -10240 2048 ) (-5120 -10240 2048 ) (-5120 -10240 2240 ) 
4 2055 2056 0 (-5120 -10240 2048 ) (-6144 -10240 2048 ) (-6144 -9216 2048 ) (-5120 -9216 2048 ) 
4 2056 2186 0 (-6144 -10240 1024 ) (-6144 -10240 2048 ) (-6144 -9216 2048 ) (-6144 -9216 1024 ) 
4 2056 2061 0 (-6144 -10240 2048 ) (-6144 -10240 1024 ) (-5120 -10240 1024 ) (-5120 -10240 2048 ) 
4 2056 2057 0 (-5120 -10240 1024 ) (-6144 -10240 1024 ) (-6144 -9216 1024 ) (-5120 -9216 1024 ) 
4 2057 2187 0 (-6144 -10240 0 ) (-6144 -10240 1024 ) (-6144 -9216 1024 ) (-6144 -9216 0 ) 
4 2057 2062 0 (-6144 -10240 1024 ) (-6144 -10240 0 ) (-5120 -10240 0 ) (-5120 -10240 1024 ) 
4 2057 2058 0 (-5120 -10240 0 ) (-6144 -10240 0 ) (-6144 -9216 0 ) (-5120 -9216 0 ) 
4 2058 2188 0 (-6144 -10240 -1024 ) (-6144 -10240 0 ) (-6144 -9216 0 ) (-6144 -9216 -1024 ) 
4 2058 2063 0 (-6144 -10240 0 ) (-6144 -10240 -1024 ) (-5120 -10240 -1024 ) (-5120 -10240 0 ) 
4 2058 2059 0 (-5120 -10240 -1024 ) (-6144 -10240 -1024 ) (-6144 -9216 -1024 ) (-5120 -9216 -1024 ) 
4 2059 2189 0 (-6144 -10240 -1440 ) (-6144 -10240 -1024 ) (-6144 -9216 -1024 ) (-6144 -9216 -1440 ) 
4 2059 2064 0 (-6144 -10240 -1024 ) (-6144 -10240 -1440 ) (-5120 -10240 -1440 ) (-5120 -10240 -1024 ) 
4 2060 2190 0 (-6144 -11264 2048 ) (-6144 -11264 2240 ) (-6144 -10240 2240 ) (-6144 -10240 2048 ) 
4 2060 2065 0 (-6144 -11264 2240 ) (-6144 -11264 2048 ) (-5120 -11264 2048 ) (-5120 -11264 2240 ) 
4 2060 2061 0 (-5120 -11264 2048 ) (-6144 -11264 2048 ) (-6144 -10240 2048 ) (-5120 -10240 2048 ) 
4 2061 2191 0 (-6144 -11264 1024 ) (-6144 -11264 2048 ) (-6144 -10240 2048 ) (-6144 -10240 1024 ) 
4 2061 2066 0 (-6144 -11264 2048 ) (-6144 -11264 1024 ) (-5120 -11264 1024 ) (-5120 -11264 2048 ) 
4 2061 2062 0 (-5120 -11264 1024 ) (-6144 -11264 1024 ) (-6144 -10240 1024 ) (-5120 -10240 1024 ) 
4 2062 2192 0 (-6144 -11264 0 ) (-6144 -11264 1024 ) (-6144 -10240 1024 ) (-6144 -10240 0 ) 
4 2062 2067 0 (-6144 -11264 1024 ) (-6144 -11264 0 ) (-5120 -11264 0 ) (-5120 -11264 1024 ) 
4 2062 2063 0 (-5120 -11264 0 ) (-6144 -11264 0 ) (-6144 -10240 0 ) (-5120 -10240 0 ) 
4 2063 2193 0 (-6144 -11264 -1024 ) (-6144 -11264 0 ) (-6144 -10240 0 ) (-6144 -10240 -1024 ) 
4 2063 2068 0 (-6144 -11264 0 ) (-6144 -11264 -1024 ) (-5120 -11264 -1024 ) (-5120 -11264 0 ) 
4 2063 2064 0 (-5120 -11264 -1024 ) (-6144 -11264 -1024 ) (-6144 -10240 -1024 ) (-5120 -10240 -1024 ) 
4 2064 2194 0 (-6144 -11264 -1440 ) (-6144 -11264 -1024 ) (-6144 -10240 -1024 ) (-6144 -10240 -1440 ) 
4 2064 2069 0 (-6144 -11264 -1024 ) (-6144 -11264 -1440 ) (-5120 -11264 -1440 ) (-5120 -11264 -1024 ) 
4 2065 2195 0 (-6144 -12288 2048 ) (-6144 -12288 2240 ) (-6144 -11264 2240 ) (-6144 -11264 2048 ) 
4 2065 2070 0 (-6144 -12288 2240 ) (-6144 -12288 2048 ) (-5120 -12288 2048 ) (-5120 -12288 2240 ) 
4 2065 2066 0 (-5120 -12288 2048 ) (-6144 -12288 2048 ) (-6144 -11264 2048 ) (-5120 -11264 2048 ) 
4 2066 2196 0 (-6144 -12288 1024 ) (-6144 -12288 2048 ) (-6144 -11264 2048 ) (-6144 -11264 1024 ) 
4 2066 2071 0 (-6144 -12288 2048 ) (-6144 -12288 1024 ) (-5120 -12288 1024 ) (-5120 -12288 2048 ) 
4 2066 2067 0 (-5120 -12288 1024 ) (-6144 -12288 1024 ) (-6144 -11264 1024 ) (-5120 -11264 1024 ) 
4 2067 2197 0 (-6144 -12288 0 ) (-6144 -12288 1024 ) (-6144 -11264 1024 ) (-6144 -11264 0 ) 
4 2067 2072 0 (-6144 -12288 1024 ) (-6144 -12288 0 ) (-5120 -12288 0 ) (-5120 -12288 1024 ) 
4 2067 2068 0 (-5120 -12288 0 ) (-6144 -12288 0 ) (-6144 -11264 0 ) (-5120 -11264 0 ) 
4 2068 2198 0 (-6144 -12288 -1024 ) (-6144 -12288 0 ) (-6144 -11264 0 ) (-6144 -11264 -1024 ) 
4 2068 2073 0 (-6144 -12288 0 ) (-6144 -12288 -1024 ) (-5120 -12288 -1024 ) (-5120 -12288 0 ) 
4 2068 2069 0 (-5120 -12288 -1024 ) (-6144 -12288 -1024 ) (-6144 -11264 -1024 ) (-5120 -11264 -1024 ) 
4 2069 2199 0 (-6144 -12288 -1440 ) (-6144 -12288 -1024 ) (-6144 -11264 -1024 ) (-6144 -11264 -1440 ) 
4 2069 2074 0 (-6144 -12288 -1024 ) (-6144 -12288 -1440 ) (-5120 -12288 -1440 ) (-5120 -12288 -1024 ) 
4 2070 2200 0 (-6144 -13312 2048 ) (-6144 -13312 2240 ) (-6144 -12288 2240 ) (-6144 -12288 2048 ) 
4 2070 2075 0 (-6144 -13312 2240 ) (-6144 -13312 2048 ) (-5120 -13312 2048 ) (-5120 -13312 2240 ) 
4 2070 2071 0 (-5120 -13312 2048 ) (-6144 -13312 2048 ) (-6144 -12288 2048 ) (-5120 -12288 2048 ) 
4 2071 2201 0 (-6144 -13312 1024 ) (-6144 -13312 2048 ) (-6144 -12288 2048 ) (-6144 -12288 1024 ) 
4 2071 2076 0 (-6144 -13312 2048 ) (-6144 -13312 1024 ) (-5120 -13312 1024 ) (-5120 -13312 2048 ) 
4 2071 2072 0 (-5120 -13312 1024 ) (-6144 -13312 1024 ) (-6144 -12288 1024 ) (-5120 -12288 1024 ) 
4 2072 2202 0 (-6144 -13312 0 ) (-6144 -13312 1024 ) (-6144 -12288 1024 ) (-6144 -12288 0 ) 
4 2072 2077 0 (-6144 -13312 1024 ) (-6144 -13312 0 ) (-5120 -13312 0 ) (-5120 -13312 1024 ) 
4 2072 2073 0 (-5120 -13312 0 ) (-6144 -13312 0 ) (-6144 -12288 0 ) (-5120 -12288 0 ) 
4 2073 2203 0 (-6144 -13312 -1024 ) (-6144 -13312 0 ) (-6144 -12288 0 ) (-6144 -12288 -1024 ) 
4 2073 2078 0 (-6144 -13312 0 ) (-6144 -13312 -1024 ) (-5120 -13312 -1024 ) (-5120 -13312 0 ) 
4 2073 2074 0 (-5120 -13312 -1024 ) (-6144 -13312 -1024 ) (-6144 -12288 -1024 ) (-5120 -12288 -1024 ) 
4 2074 2204 0 (-6144 -13312 -1440 ) (-6144 -13312 -1024 ) (-6144 -12288 -1024 ) (-6144 -12288 -1440 ) 
4 2074 2079 0 (-6144 -13312 -1024 ) (-6144 -13312 -1440 ) (-5120 -13312 -1440 ) (-5120 -13312 -1024 ) 
4 2075 2205 0 (-6144 -13408 2240 ) (-6144 -13312 2240 ) (-6144 -13312 2048 ) (-6144 -13408 2048 ) 
4 2075 2076 0 (-6144 -13408 2048 ) (-6144 -13312 2048 ) (-5120 -13312 2048 ) (-5120 -13408 2048 ) 
4 2076 2206 0 (-6144 -13408 2048 ) (-6144 -13312 2048 ) (-6144 -13312 1024 ) (-6144 -13408 1024 ) 
4 2076 2077 0 (-6144 -13408 1024 ) (-6144 -13312 1024 ) (-5120 -13312 1024 ) (-5120 -13408 1024 ) 
4 2077 2207 0 (-6144 -13408 1024 ) (-6144 -13312 1024 ) (-6144 -13312 0 ) (-6144 -13408 0 ) 
4 2077 2078 0 (-6144 -13408 0 ) (-6144 -13312 0 ) (-5120 -13312 0 ) (-5120 -13408 0 ) 
4 2078 2208 0 (-6144 -13408 0 ) (-6144 -13312 0 ) (-6144 -13312 -1024 ) (-6144 -13408 -1024 ) 
4 2078 2079 0 (-6144 -13408 -1024 ) (-6144 -13312 -1024 ) (-5120 -13312 -1024 ) (-5120 -13408 -1024 ) 
4 2079 2209 0 (-6144 -13408 -1024 ) (-6144 -13312 -1024 ) (-6144 -13312 -1440 ) (-6144 -13408 -1440 ) 
4 2080 2210 0 (-7168 11264 2048 ) (-7168 11264 2240 ) (-7168 11312 2240 ) (-7168 11312 2048 ) 
4 2080 2085 0 (-7168 11264 2240 ) (-7168 11264 2048 ) (-6144 11264 2048 ) (-6144 11264 2240 ) 
4 2080 2081 0 (-6144 11264 2048 ) (-7168 11264 2048 ) (-7168 11312 2048 ) (-6144 11312 2048 ) 
4 2081 2211 0 (-7168 11264 1024 ) (-7168 11264 2048 ) (-7168 11312 2048 ) (-7168 11312 1024 ) 
4 2081 2086 0 (-7168 11264 2048 ) (-7168 11264 1024 ) (-6144 11264 1024 ) (-6144 11264 2048 ) 
4 2081 2082 0 (-6144 11264 1024 ) (-7168 11264 1024 ) (-7168 11312 1024 ) (-6144 11312 1024 ) 
4 2082 2212 0 (-7168 11264 0 ) (-7168 11264 1024 ) (-7168 11312 1024 ) (-7168 11312 0 ) 
4 2082 2087 0 (-7168 11264 1024 ) (-7168 11264 0 ) (-6144 11264 0 ) (-6144 11264 1024 ) 
4 2082 2083 0 (-6144 11264 0 ) (-7168 11264 0 ) (-7168 11312 0 ) (-6144 11312 0 ) 
4 2083 2213 0 (-7168 11264 -1024 ) (-7168 11264 0 ) (-7168 11312 0 ) (-7168 11312 -1024 ) 
4 2083 2088 0 (-7168 11264 0 ) (-7168 11264 -1024 ) (-6144 11264 -1024 ) (-6144 11264 0 ) 
4 2083 2084 0 (-6144 11264 -1024 ) (-7168 11264 -1024 ) (-7168 11312 -1024 ) (-6144 11312 -1024 ) 
4 2084 2214 0 (-7168 11264 -1440 ) (-7168 11264 -1024 ) (-7168 11312 -1024 ) (-7168 11312 -1440 ) 
4 2084 2089 0 (-7168 11264 -1024 ) (-7168 11264 -1440 ) (-6144 11264 -1440 ) (-6144 11264 -1024 ) 
4 2085 2215 0 (-7168 10240 2048 ) (-7168 10240 2240 ) (-7168 11264 2240 ) (-7168 11264 2048 ) 
4 2085 2090 0 (-7168 10240 2240 ) (-7168 10240 2048 ) (-6144 10240 2048 ) (-6144 10240 2240 ) 
4 2085 2086 0 (-6144 10240 2048 ) (-7168 10240 2048 ) (-7168 11264 2048 ) (-6144 11264 2048 ) 
4 2086 2216 0 (-7168 10240 1024 ) (-7168 10240 2048 ) (-7168 11264 2048 ) (-7168 11264 1024 ) 
4 2086 2091 0 (-7168 10240 2048 ) (-7168 10240 1024 ) (-6144 10240 1024 ) (-6144 10240 2048 ) 
4 2086 2087 0 (-6144 10240 1024 ) (-7168 10240 1024 ) (-7168 11264 1024 ) (-6144 11264 1024 ) 
4 2087 2217 0 (-7168 10240 0 ) (-7168 10240 1024 ) (-7168 11264 1024 ) (-7168 11264 0 ) 
4 2087 2092 0 (-7168 10240 1024 ) (-7168 10240 0 ) (-6144 10240 0 ) (-6144 10240 1024 ) 
4 2087 2088 0 (-6144 10240 0 ) (-7168 10240 0 ) (-7168 11264 0 ) (-6144 11264 0 ) 
4 2088 2218 0 (-7168 10240 -1024 ) (-7168 10240 0 ) (-7168 11264 0 ) (-7168 11264 -1024 ) 
4 2088 2093 0 (-7168 10240 0 ) (-7168 10240 -1024 ) (-6144 10240 -1024 ) (-6144 10240 0 ) 
4 2088 2089 0 (-6144 10240 -1024 ) (-7168 10240 -1024 ) (-7168 11264 -1024 ) (-6144 11264 -1024 ) 
4 2089 2219 0 (-7168 10240 -1440 ) (-7168 10240 -1024 ) (-7168 11264 -1024 ) (-7168 11264 -1440 ) 
4 2089 2094 0 (-7168 10240 -1024 ) (-7168 10240 -1440 ) (-6144 10240 -1440 ) (-6144 10240 -1024 ) 
4 2090 2220 0 (-7168 9216 2048 ) (-7168 9216 2240 ) (-7168 10240 2240 ) (-7168 10240 2048 ) 
4 2090 2095 0 (-7168 9216 2240 ) (-7168 9216 2048 ) (-6144 9216 2048 ) (-6144 9216 2240 ) 
4 2090 2091 0 (-6144 9216 2048 ) (-7168 9216 2048 ) (-7168 10240 2048 ) (-6144 10240 2048 ) 
4 2091 2221 0 (-7168 9216 1024 ) (-7168 9216 2048 ) (-7168 10240 2048 ) (-7168 10240 1024 ) 
4 2091 2096 0 (-7168 9216 2048 ) (-7168 9216 1024 ) (-6144 9216 1024 ) (-6144 9216 2048 ) 
4 2091 2092 0 (-6144 9216 1024 ) (-7168 9216 1024 ) (-7168 10240 1024 ) (-6144 10240 1024 ) 
4 2092 2222 0 (-7168 9216 0 ) (-7168 9216 1024 ) (-7168 10240 1024 ) (-7168 10240 0 ) 
4 2092 2097 0 (-7168 9216 1024 ) (-7168 9216 0 ) (-6144 9216 0 ) (-6144 9216 1024 ) 
4 2092 2093 0 (-6144 9216 0 ) (-7168 9216 0 ) (-7168 10240 0 ) (-6144 10240 0 ) 
4 2093 2223 0 (-7168 9216 -1024 ) (-7168 9216 0 ) (-7168 10240 0 ) (-7168 10240 -1024 ) 
4 2093 2098 0 (-7168 9216 0 ) (-7168 9216 -1024 ) (-6144 9216 -1024 ) (-6144 9216 0 ) 
4 2093 2094 0 (-6144 9216 -1024 ) (-7168 9216 -1024 ) (-7168 10240 -1024 ) (-6144 10240 -1024 ) 
4 2094 2224 0 (-7168 9216 -1440 ) (-7168 9216 -1024 ) (-7168 10240 -1024 ) (-7168 10240 -1440 ) 
4 2094 2099 0 (-7168 9216 -1024 ) (-7168 9216 -1440 ) (-6144 9216 -1440 ) (-6144 9216 -1024 ) 
4 2095 2225 0 (-7168 8192 2048 ) (-7168 8192 2240 ) (-7168 9216 2240 ) (-7168 9216 2048 ) 
4 2095 2100 0 (-7168 8192 2240 ) (-7168 8192 2048 ) (-6144 8192 2048 ) (-6144 8192 2240 ) 
4 2095 2096 0 (-6144 8192 2048 ) (-7168 8192 2048 ) (-7168 9216 2048 ) (-6144 9216 2048 ) 
4 2096 2226 0 (-7168 8192 1024 ) (-7168 8192 2048 ) (-7168 9216 2048 ) (-7168 9216 1024 ) 
4 2096 2101 0 (-7168 8192 2048 ) (-7168 8192 1024 ) (-6144 8192 1024 ) (-6144 8192 2048 ) 
4 2096 2097 0 (-6144 8192 1024 ) (-7168 8192 1024 ) (-7168 9216 1024 ) (-6144 9216 1024 ) 
4 2097 2227 0 (-7168 8192 0 ) (-7168 8192 1024 ) (-7168 9216 1024 ) (-7168 9216 0 ) 
4 2097 2102 0 (-7168 8192 1024 ) (-7168 8192 0 ) (-6144 8192 0 ) (-6144 8192 1024 ) 
4 2097 2098 0 (-6144 8192 0 ) (-7168 8192 0 ) (-7168 9216 0 ) (-6144 9216 0 ) 
4 2098 2228 0 (-7168 8192 -1024 ) (-7168 8192 0 ) (-7168 9216 0 ) (-7168 9216 -1024 ) 
4 2098 2103 0 (-7168 8192 0 ) (-7168 8192 -1024 ) (-6144 8192 -1024 ) (-6144 8192 0 ) 
4 2098 2099 0 (-6144 8192 -1024 ) (-7168 8192 -1024 ) (-7168 9216 -1024 ) (-6144 9216 -1024 ) 
4 2099 2229 0 (-7168 8192 -1440 ) (-7168 8192 -1024 ) (-7168 9216 -1024 ) (-7168 9216 -1440 ) 
4 2099 2104 0 (-7168 8192 -1024 ) (-7168 8192 -1440 ) (-6144 8192 -1440 ) (-6144 8192 -1024 ) 
4 2100 2230 0 (-7168 7168 2048 ) (-7168 7168 2240 ) (-7168 8192 2240 ) (-7168 8192 2048 ) 
4 2100 2105 0 (-7168 7168 2240 ) (-7168 7168 2048 ) (-6144 7168 2048 ) (-6144 7168 2240 ) 
4 2100 2101 0 (-6144 7168 2048 ) (-7168 7168 2048 ) (-7168 8192 2048 ) (-6144 8192 2048 ) 
4 2101 2231 0 (-7168 7168 1024 ) (-7168 7168 2048 ) (-7168 8192 2048 ) (-7168 8192 1024 ) 
4 2101 2106 0 (-7168 7168 2048 ) (-7168 7168 1024 ) (-6144 7168 1024 ) (-6144 7168 2048 ) 
4 2101 2102 0 (-6144 7168 1024 ) (-7168 7168 1024 ) (-7168 8192 1024 ) (-6144 8192 1024 ) 
4 2102 2232 0 (-7168 7168 0 ) (-7168 7168 1024 ) (-7168 8192 1024 ) (-7168 8192 0 ) 
4 2102 2107 0 (-7168 7168 1024 ) (-7168 7168 0 ) (-6144 7168 0 ) (-6144 7168 1024 ) 
4 2102 2103 0 (-6144 7168 0 ) (-7168 7168 0 ) (-7168 8192 0 ) (-6144 8192 0 ) 
4 2103 2233 0 (-7168 7168 -1024 ) (-7168 7168 0 ) (-7168 8192 0 ) (-7168 8192 -1024 ) 
4 2103 2108 0 (-7168 7168 0 ) (-7168 7168 -1024 ) (-6144 7168 -1024 ) (-6144 7168 0 ) 
4 2103 2104 0 (-6144 7168 -1024 ) (-7168 7168 -1024 ) (-7168 8192 -1024 ) (-6144 8192 -1024 ) 
4 2104 2234 0 (-7168 7168 -1440 ) (-7168 7168 -1024 ) (-7168 8192 -1024 ) (-7168 8192 -1440 ) 
4 2104 2109 0 (-7168 7168 -1024 ) (-7168 7168 -1440 ) (-6144 7168 -1440 ) (-6144 7168 -1024 ) 
4 2105 2235 0 (-7168 6144 2048 ) (-7168 6144 2240 ) (-7168 7168 2240 ) (-7168 7168 2048 ) 
4 2105 2110 0 (-7168 6144 2240 ) (-7168 6144 2048 ) (-6144 6144 2048 ) (-6144 6144 2240 ) 
4 2105 2106 0 (-6144 6144 2048 ) (-7168 6144 2048 ) (-7168 7168 2048 ) (-6144 7168 2048 ) 
4 2106 2236 0 (-7168 6144 1024 ) (-7168 6144 2048 ) (-7168 7168 2048 ) (-7168 7168 1024 ) 
4 2106 2111 0 (-7168 6144 2048 ) (-7168 6144 1024 ) (-6144 6144 1024 ) (-6144 6144 2048 ) 
4 2106 2107 0 (-6144 6144 1024 ) (-7168 6144 1024 ) (-7168 7168 1024 ) (-6144 7168 1024 ) 
4 2107 2237 0 (-7168 6144 0 ) (-7168 6144 1024 ) (-7168 7168 1024 ) (-7168 7168 0 ) 
4 2107 2112 0 (-7168 6144 1024 ) (-7168 6144 0 ) (-6144 6144 0 ) (-6144 6144 1024 ) 
4 2107 2108 0 (-6144 6144 0 ) (-7168 6144 0 ) (-7168 7168 0 ) (-6144 7168 0 ) 
4 2108 2238 0 (-7168 6144 -1024 ) (-7168 6144 0 ) (-7168 7168 0 ) (-7168 7168 -1024 ) 
4 2108 2113 0 (-7168 6144 0 ) (-7168 6144 -1024 ) (-6144 6144 -1024 ) (-6144 6144 0 ) 
4 2108 2109 0 (-6144 6144 -1024 ) (-7168 6144 -1024 ) (-7168 7168 -1024 ) (-6144 7168 -1024 ) 
4 2109 2239 0 (-7168 6144 -1440 ) (-7168 6144 -1024 ) (-7168 7168 -1024 ) (-7168 7168 -1440 ) 
4 2109 2114 0 (-7168 6144 -1024 ) (-7168 6144 -1440 ) (-6144 6144 -1440 ) (-6144 6144 -1024 ) 
4 2110 2240 0 (-7168 5120 2048 ) (-7168 5120 2240 ) (-7168 6144 2240 ) (-7168 6144 2048 ) 
4 2110 2115 0 (-7168 5120 2240 ) (-7168 5120 2048 ) (-6144 5120 2048 ) (-6144 5120 2240 ) 
4 2110 2111 0 (-6144 5120 2048 ) (-7168 5120 2048 ) (-7168 6144 2048 ) (-6144 6144 2048 ) 
4 2111 2241 0 (-7168 5120 1024 ) (-7168 5120 2048 ) (-7168 6144 2048 ) (-7168 6144 1024 ) 
4 2111 2116 0 (-7168 5120 2048 ) (-7168 5120 1024 ) (-6144 5120 1024 ) (-6144 5120 2048 ) 
4 2111 2112 0 (-6144 5120 1024 ) (-7168 5120 1024 ) (-7168 6144 1024 ) (-6144 6144 1024 ) 
4 2112 2242 0 (-7168 5120 0 ) (-7168 5120 1024 ) (-7168 6144 1024 ) (-7168 6144 0 ) 
4 2112 2117 0 (-7168 5120 1024 ) (-7168 5120 0 ) (-6144 5120 0 ) (-6144 5120 1024 ) 
4 2112 2113 0 (-6144 5120 0 ) (-7168 5120 0 ) (-7168 6144 0 ) (-6144 6144 0 ) 
4 2113 2243 0 (-7168 5120 -1024 ) (-7168 5120 0 ) (-7168 6144 0 ) (-7168 6144 -1024 ) 
4 2113 2118 0 (-7168 5120 0 ) (-7168 5120 -1024 ) (-6144 5120 -1024 ) (-6144 5120 0 ) 
4 2113 2114 0 (-6144 5120 -1024 ) (-7168 5120 -1024 ) (-7168 6144 -1024 ) (-6144 6144 -1024 ) 
4 2114 2244 0 (-7168 5120 -1440 ) (-7168 5120 -1024 ) (-7168 6144 -1024 ) (-7168 6144 -1440 ) 
4 2114 2119 0 (-7168 5120 -1024 ) (-7168 5120 -1440 ) (-6144 5120 -1440 ) (-6144 5120 -1024 ) 
4 2115 2245 0 (-7168 4096 2048 ) (-7168 4096 2240 ) (-7168 5120 2240 ) (-7168 5120 2048 ) 
4 2115 2120 0 (-7168 4096 2240 ) (-7168 4096 2048 ) (-6144 4096 2048 ) (-6144 4096 2240 ) 
4 2115 2116 0 (-6144 4096 2048 ) (-7168 4096 2048 ) (-7168 5120 2048 ) (-6144 5120 2048 ) 
4 2116 2246 0 (-7168 4096 1024 ) (-7168 4096 2048 ) (-7168 5120 2048 ) (-7168 5120 1024 ) 
4 2116 2121 0 (-7168 4096 2048 ) (-7168 4096 1024 ) (-6144 4096 1024 ) (-6144 4096 2048 ) 
4 2116 2117 0 (-6144 4096 1024 ) (-7168 4096 1024 ) (-7168 5120 1024 ) (-6144 5120 1024 ) 
4 2117 2247 0 (-7168 4096 0 ) (-7168 4096 1024 ) (-7168 5120 1024 ) (-7168 5120 0 ) 
4 2117 2122 0 (-7168 4096 1024 ) (-7168 4096 0 ) (-6144 4096 0 ) (-6144 4096 1024 ) 
4 2117 2118 0 (-6144 4096 0 ) (-7168 4096 0 ) (-7168 5120 0 ) (-6144 5120 0 ) 
4 2118 2248 0 (-7168 4096 -1024 ) (-7168 4096 0 ) (-7168 5120 0 ) (-7168 5120 -1024 ) 
4 2118 2123 0 (-7168 4096 0 ) (-7168 4096 -1024 ) (-6144 4096 -1024 ) (-6144 4096 0 ) 
4 2118 2119 0 (-6144 4096 -1024 ) (-7168 4096 -1024 ) (-7168 5120 -1024 ) (-6144 5120 -1024 ) 
4 2119 2249 0 (-7168 4096 -1440 ) (-7168 4096 -1024 ) (-7168 5120 -1024 ) (-7168 5120 -1440 ) 
4 2119 2124 0 (-7168 4096 -1024 ) (-7168 4096 -1440 ) (-6144 4096 -1440 ) (-6144 4096 -1024 ) 
4 2120 2250 0 (-7168 3072 2048 ) (-7168 3072 2240 ) (-7168 4096 2240 ) (-7168 4096 2048 ) 
4 2120 2125 0 (-7168 3072 2240 ) (-7168 3072 2048 ) (-6144 3072 2048 ) (-6144 3072 2240 ) 
4 2120 2121 0 (-6144 3072 2048 ) (-7168 3072 2048 ) (-7168 4096 2048 ) (-6144 4096 2048 ) 
4 2121 2251 0 (-7168 3072 1024 ) (-7168 3072 2048 ) (-7168 4096 2048 ) (-7168 4096 1024 ) 
4 2121 2126 0 (-7168 3072 2048 ) (-7168 3072 1024 ) (-6144 3072 1024 ) (-6144 3072 2048 ) 
4 2121 2122 0 (-6144 3072 1024 ) (-7168 3072 1024 ) (-7168 4096 1024 ) (-6144 4096 1024 ) 
4 2122 2252 0 (-7168 3072 0 ) (-7168 3072 1024 ) (-7168 4096 1024 ) (-7168 4096 0 ) 
4 2122 2127 0 (-7168 3072 1024 ) (-7168 3072 0 ) (-6144 3072 0 ) (-6144 3072 1024 ) 
4 2122 2123 0 (-6144 3072 0 ) (-7168 3072 0 ) (-7168 4096 0 ) (-6144 4096 0 ) 
4 2123 2253 0 (-7168 3072 -1024 ) (-7168 3072 0 ) (-7168 4096 0 ) (-7168 4096 -1024 ) 
4 2123 2128 0 (-7168 3072 0 ) (-7168 3072 -1024 ) (-6144 3072 -1024 ) (-6144 3072 0 ) 
4 2123 2124 0 (-6144 3072 -1024 ) (-7168 3072 -1024 ) (-7168 4096 -1024 ) (-6144 4096 -1024 ) 
4 2124 2254 0 (-7168 3072 -1440 ) (-7168 3072 -1024 ) (-7168 4096 -1024 ) (-7168 4096 -1440 ) 
4 2124 2129 0 (-7168 3072 -1024 ) (-7168 3072 -1440 ) (-6144 3072 -1440 ) (-6144 3072 -1024 ) 
4 2125 2255 0 (-7168 2048 2048 ) (-7168 2048 2240 ) (-7168 3072 2240 ) (-7168 3072 2048 ) 
4 2125 2130 0 (-7168 2048 2240 ) (-7168 2048 2048 ) (-6144 2048 2048 ) (-6144 2048 2240 ) 
4 2125 2126 0 (-6144 2048 2048 ) (-7168 2048 2048 ) (-7168 3072 2048 ) (-6144 3072 2048 ) 
4 2126 2256 0 (-7168 2048 1024 ) (-7168 2048 2048 ) (-7168 3072 2048 ) (-7168 3072 1024 ) 
4 2126 2131 0 (-7168 2048 2048 ) (-7168 2048 1024 ) (-6144 2048 1024 ) (-6144 2048 2048 ) 
4 2126 2127 0 (-6144 2048 1024 ) (-7168 2048 1024 ) (-7168 3072 1024 ) (-6144 3072 1024 ) 
4 2127 2257 0 (-7168 2048 0 ) (-7168 2048 1024 ) (-7168 3072 1024 ) (-7168 3072 0 ) 
4 2127 2132 0 (-7168 2048 1024 ) (-7168 2048 0 ) (-6144 2048 0 ) (-6144 2048 1024 ) 
4 2127 2128 0 (-6144 2048 0 ) (-7168 2048 0 ) (-7168 3072 0 ) (-6144 3072 0 ) 
4 2128 2258 0 (-7168 2048 -1024 ) (-7168 2048 0 ) (-7168 3072 0 ) (-7168 3072 -1024 ) 
4 2128 2133 0 (-7168 2048 0 ) (-7168 2048 -1024 ) (-6144 2048 -1024 ) (-6144 2048 0 ) 
4 2128 2129 0 (-6144 2048 -1024 ) (-7168 2048 -1024 ) (-7168 3072 -1024 ) (-6144 3072 -1024 ) 
4 2129 2259 0 (-7168 2048 -1440 ) (-7168 2048 -1024 ) (-7168 3072 -1024 ) (-7168 3072 -1440 ) 
4 2129 2134 0 (-7168 2048 -1024 ) (-7168 2048 -1440 ) (-6144 2048 -1440 ) (-6144 2048 -1024 ) 
4 2130 2260 0 (-7168 1024 2048 ) (-7168 1024 2240 ) (-7168 2048 2240 ) (-7168 2048 2048 ) 
4 2130 2135 0 (-7168 1024 2240 ) (-7168 1024 2048 ) (-6144 1024 2048 ) (-6144 1024 2240 ) 
4 2130 2131 0 (-6144 1024 2048 ) (-7168 1024 2048 ) (-7168 2048 2048 ) (-6144 2048 2048 ) 
4 2131 2261 0 (-7168 1024 1024 ) (-7168 1024 2048 ) (-7168 2048 2048 ) (-7168 2048 1024 ) 
4 2131 2136 0 (-7168 1024 2048 ) (-7168 1024 1024 ) (-6144 1024 1024 ) (-6144 1024 2048 ) 
4 2131 2132 0 (-6144 1024 1024 ) (-7168 1024 1024 ) (-7168 2048 1024 ) (-6144 2048 1024 ) 
4 2132 2262 0 (-7168 1024 0 ) (-7168 1024 1024 ) (-7168 2048 1024 ) (-7168 2048 0 ) 
4 2132 2137 0 (-7168 1024 1024 ) (-7168 1024 0 ) (-6144 1024 0 ) (-6144 1024 1024 ) 
4 2132 2133 0 (-6144 1024 0 ) (-7168 1024 0 ) (-7168 2048 0 ) (-6144 2048 0 ) 
4 2133 2263 0 (-7168 1024 -1024 ) (-7168 1024 0 ) (-7168 2048 0 ) (-7168 2048 -1024 ) 
4 2133 2138 0 (-7168 1024 0 ) (-7168 1024 -1024 ) (-6144 1024 -1024 ) (-6144 1024 0 ) 
4 2133 2134 0 (-6144 1024 -1024 ) (-7168 1024 -1024 ) (-7168 2048 -1024 ) (-6144 2048 -1024 ) 
4 2134 2264 0 (-7168 1024 -1440 ) (-7168 1024 -1024 ) (-7168 2048 -1024 ) (-7168 2048 -1440 ) 
4 2134 2139 0 (-7168 1024 -1024 ) (-7168 1024 -1440 ) (-6144 1024 -1440 ) (-6144 1024 -1024 ) 
4 2135 2265 0 (-7168 0 2048 ) (-7168 0 2240 ) (-7168 1024 2240 ) (-7168 1024 2048 ) 
4 2135 2140 0 (-7168 0 2240 ) (-7168 0 2048 ) (-6144 0 2048 ) (-6144 0 2240 ) 
4 2135 2136 0 (-6144 0 2048 ) (-7168 0 2048 ) (-7168 1024 2048 ) (-6144 1024 2048 ) 
4 2136 2266 0 (-7168 0 1024 ) (-7168 0 2048 ) (-7168 1024 2048 ) (-7168 1024 1024 ) 
4 2136 2141 0 (-7168 0 2048 ) (-7168 0 1024 ) (-6144 0 1024 ) (-6144 0 2048 ) 
4 2136 2137 0 (-6144 0 1024 ) (-7168 0 1024 ) (-7168 1024 1024 ) (-6144 1024 1024 ) 
4 2137 2267 0 (-7168 0 0 ) (-7168 0 1024 ) (-7168 1024 1024 ) (-7168 1024 0 ) 
4 2137 2142 0 (-7168 0 1024 ) (-7168 0 0 ) (-6144 0 0 ) (-6144 0 1024 ) 
4 2137 2138 0 (-6144 0 0 ) (-7168 0 0 ) (-7168 1024 0 ) (-6144 1024 0 ) 
4 2138 2268 0 (-7168 0 -1024 ) (-7168 0 0 ) (-7168 1024 0 ) (-7168 1024 -1024 ) 
4 2138 2143 0 (-7168 0 0 ) (-7168 0 -1024 ) (-6144 0 -1024 ) (-6144 0 0 ) 
4 2138 2139 0 (-6144 0 -1024 ) (-7168 0 -1024 ) (-7168 1024 -1024 ) (-6144 1024 -1024 ) 
4 2139 2269 0 (-7168 0 -1440 ) (-7168 0 -1024 ) (-7168 1024 -1024 ) (-7168 1024 -1440 ) 
4 2139 2144 0 (-7168 0 -1024 ) (-7168 0 -1440 ) (-6144 0 -1440 ) (-6144 0 -1024 ) 
4 2140 2270 0 (-7168 -1024 2048 ) (-7168 -1024 2240 ) (-7168 0 2240 ) (-7168 0 2048 ) 
4 2140 2145 0 (-7168 -1024 2240 ) (-7168 -1024 2048 ) (-6144 -1024 2048 ) (-6144 -1024 2240 ) 
4 2140 2141 0 (-6144 -1024 2048 ) (-7168 -1024 2048 ) (-7168 0 2048 ) (-6144 0 2048 ) 
4 2141 2271 0 (-7168 -1024 1024 ) (-7168 -1024 2048 ) (-7168 0 2048 ) (-7168 0 1024 ) 
4 2141 2146 0 (-7168 -1024 2048 ) (-7168 -1024 1024 ) (-6144 -1024 1024 ) (-6144 -1024 2048 ) 
4 2141 2142 0 (-6144 -1024 1024 ) (-7168 -1024 1024 ) (-7168 0 1024 ) (-6144 0 1024 ) 
4 2142 2272 0 (-7168 -1024 0 ) (-7168 -1024 1024 ) (-7168 0 1024 ) (-7168 0 0 ) 
4 2142 2147 0 (-7168 -1024 1024 ) (-7168 -1024 0 ) (-6144 -1024 0 ) (-6144 -1024 1024 ) 
4 2142 2143 0 (-6144 -1024 0 ) (-7168 -1024 0 ) (-7168 0 0 ) (-6144 0 0 ) 
4 2143 2273 0 (-7168 -1024 -1024 ) (-7168 -1024 0 ) (-7168 0 0 ) (-7168 0 -1024 ) 
4 2143 2148 0 (-7168 -1024 0 ) (-7168 -1024 -1024 ) (-6144 -1024 -1024 ) (-6144 -1024 0 ) 
4 2143 2144 0 (-6144 -1024 -1024 ) (-7168 -1024 -1024 ) (-7168 0 -1024 ) (-6144 0 -1024 ) 
4 2144 2274 0 (-7168 -1024 -1440 ) (-7168 -1024 -1024 ) (-7168 0 -1024 ) (-7168 0 -1440 ) 
4 2144 2149 0 (-7168 -1024 -1024 ) (-7168 -1024 -1440 ) (-6144 -1024 -1440 ) (-6144 -1024 -1024 ) 
4 2145 2275 0 (-7168 -2048 2048 ) (-7168 -2048 2240 ) (-7168 -1024 2240 ) (-7168 -1024 2048 ) 
4 2145 2150 0 (-7168 -2048 2240 ) (-7168 -2048 2048 ) (-6144 -2048 2048 ) (-6144 -2048 2240 ) 
4 2145 2146 0 (-6144 -2048 2048 ) (-7168 -2048 2048 ) (-7168 -1024 2048 ) (-6144 -1024 2048 ) 
4 2146 2276 0 (-7168 -2048 1024 ) (-7168 -2048 2048 ) (-7168 -1024 2048 ) (-7168 -1024 1024 ) 
4 2146 2151 0 (-7168 -2048 2048 ) (-7168 -2048 1024 ) (-6144 -2048 1024 ) (-6144 -2048 2048 ) 
4 2146 2147 0 (-6144 -2048 1024 ) (-7168 -2048 1024 ) (-7168 -1024 1024 ) (-6144 -1024 1024 ) 
4 2147 2277 0 (-7168 -2048 0 ) (-7168 -2048 1024 ) (-7168 -1024 1024 ) (-7168 -1024 0 ) 
4 2147 2152 0 (-7168 -2048 1024 ) (-7168 -2048 0 ) (-6144 -2048 0 ) (-6144 -2048 1024 ) 
4 2147 2148 0 (-6144 -2048 0 ) (-7168 -2048 0 ) (-7168 -1024 0 ) (-6144 -1024 0 ) 
4 2148 2278 0 (-7168 -2048 -1024 ) (-7168 -2048 0 ) (-7168 -1024 0 ) (-7168 -1024 -1024 ) 
4 2148 2153 0 (-7168 -2048 0 ) (-7168 -2048 -1024 ) (-6144 -2048 -1024 ) (-6144 -2048 0 ) 
4 2148 2149 0 (-6144 -2048 -1024 ) (-7168 -2048 -1024 ) (-7168 -1024 -1024 ) (-6144 -1024 -1024 ) 
4 2149 2279 0 (-7168 -2048 -1440 ) (-7168 -2048 -1024 ) (-7168 -1024 -1024 ) (-7168 -1024 -1440 ) 
4 2149 2154 0 (-7168 -2048 -1024 ) (-7168 -2048 -1440 ) (-6144 -2048 -1440 ) (-6144 -2048 -1024 ) 
4 2150 2280 0 (-7168 -3072 2048 ) (-7168 -3072 2240 ) (-7168 -2048 2240 ) (-7168 -2048 2048 ) 
4 2150 2155 0 (-7168 -3072 2240 ) (-7168 -3072 2048 ) (-6144 -3072 2048 ) (-6144 -3072 2240 ) 
4 2150 2151 0 (-6144 -3072 2048 ) (-7168 -3072 2048 ) (-7168 -2048 2048 ) (-6144 -2048 2048 ) 
4 2151 2281 0 (-7168 -3072 1024 ) (-7168 -3072 2048 ) (-7168 -2048 2048 ) (-7168 -2048 1024 ) 
4 2151 2156 0 (-7168 -3072 2048 ) (-7168 -3072 1024 ) (-6144 -3072 1024 ) (-6144 -3072 2048 ) 
4 2151 2152 0 (-6144 -3072 1024 ) (-7168 -3072 1024 ) (-7168 -2048 1024 ) (-6144 -2048 1024 ) 
4 2152 2282 0 (-7168 -3072 0 ) (-7168 -3072 1024 ) (-7168 -2048 1024 ) (-7168 -2048 0 ) 
4 2152 2157 0 (-7168 -3072 1024 ) (-7168 -3072 0 ) (-6144 -3072 0 ) (-6144 -3072 1024 ) 
4 2152 2153 0 (-6144 -3072 0 ) (-7168 -3072 0 ) (-7168 -2048 0 ) (-6144 -2048 0 ) 
4 2153 2283 0 (-7168 -3072 -1024 ) (-7168 -3072 0 ) (-7168 -2048 0 ) (-7168 -2048 -1024 ) 
4 2153 2158 0 (-7168 -3072 0 ) (-7168 -3072 -1024 ) (-6144 -3072 -1024 ) (-6144 -3072 0 ) 
4 2153 2154 0 (-6144 -3072 -1024 ) (-7168 -3072 -1024 ) (-7168 -2048 -1024 ) (-6144 -2048 -1024 ) 
4 2154 2284 0 (-7168 -3072 -1440 ) (-7168 -3072 -1024 ) (-7168 -2048 -1024 ) (-7168 -2048 -1440 ) 
4 2154 2159 0 (-7168 -3072 -1024 ) (-7168 -3072 -1440 ) (-6144 -3072 -1440 ) (-6144 -3072 -1024 ) 
4 2155 2285 0 (-7168 -4096 2048 ) (-7168 -4096 2240 ) (-7168 -3072 2240 ) (-7168 -3072 2048 ) 
4 2155 2160 0 (-7168 -4096 2240 ) (-7168 -4096 2048 ) (-6144 -4096 2048 ) (-6144 -4096 2240 ) 
4 2155 2156 0 (-6144 -4096 2048 ) (-7168 -4096 2048 ) (-7168 -3072 2048 ) (-6144 -3072 2048 ) 
4 2156 2286 0 (-7168 -4096 1024 ) (-7168 -4096 2048 ) (-7168 -3072 2048 ) (-7168 -3072 1024 ) 
4 2156 2161 0 (-7168 -4096 2048 ) (-7168 -4096 1024 ) (-6144 -4096 1024 ) (-6144 -4096 2048 ) 
4 2156 2157 0 (-6144 -4096 1024 ) (-7168 -4096 1024 ) (-7168 -3072 1024 ) (-6144 -3072 1024 ) 
4 2157 2287 0 (-7168 -4096 0 ) (-7168 -4096 1024 ) (-7168 -3072 1024 ) (-7168 -3072 0 ) 
4 2157 2162 0 (-7168 -4096 1024 ) (-7168 -4096 0 ) (-6144 -4096 0 ) (-6144 -4096 1024 ) 
4 2157 2158 0 (-6144 -4096 0 ) (-7168 -4096 0 ) (-7168 -3072 0 ) (-6144 -3072 0 ) 
4 2158 2288 0 (-7168 -4096 -1024 ) (-7168 -4096 0 ) (-7168 -3072 0 ) (-7168 -3072 -1024 ) 
4 2158 2163 0 (-7168 -4096 0 ) (-7168 -4096 -1024 ) (-6144 -4096 -1024 ) (-6144 -4096 0 ) 
4 2158 2159 0 (-6144 -4096 -1024 ) (-7168 -4096 -1024 ) (-7168 -3072 -1024 ) (-6144 -3072 -1024 ) 
4 2159 2289 0 (-7168 -4096 -1440 ) (-7168 -4096 -1024 ) (-7168 -3072 -1024 ) (-7168 -3072 -1440 ) 
4 2159 2164 0 (-7168 -4096 -1024 ) (-7168 -4096 -1440 ) (-6144 -4096 -1440 ) (-6144 -4096 -1024 ) 
4 2160 2290 0 (-7168 -5120 2048 ) (-7168 -5120 2240 ) (-7168 -4096 2240 ) (-7168 -4096 2048 ) 
4 2160 2165 0 (-7168 -5120 2240 ) (-7168 -5120 2048 ) (-6144 -5120 2048 ) (-6144 -5120 2240 ) 
4 2160 2161 0 (-6144 -5120 2048 ) (-7168 -5120 2048 ) (-7168 -4096 2048 ) (-6144 -4096 2048 ) 
4 2161 2291 0 (-7168 -5120 1024 ) (-7168 -5120 2048 ) (-7168 -4096 2048 ) (-7168 -4096 1024 ) 
4 2161 2166 0 (-7168 -5120 2048 ) (-7168 -5120 1024 ) (-6144 -5120 1024 ) (-6144 -5120 2048 ) 
4 2161 2162 0 (-6144 -5120 1024 ) (-7168 -5120 1024 ) (-7168 -4096 1024 ) (-6144 -4096 1024 ) 
4 2162 2292 0 (-7168 -5120 0 ) (-7168 -5120 1024 ) (-7168 -4096 1024 ) (-7168 -4096 0 ) 
4 2162 2167 0 (-7168 -5120 1024 ) (-7168 -5120 0 ) (-6144 -5120 0 ) (-6144 -5120 1024 ) 
4 2162 2163 0 (-6144 -5120 0 ) (-7168 -5120 0 ) (-7168 -4096 0 ) (-6144 -4096 0 ) 
4 2163 2293 0 (-7168 -5120 -1024 ) (-7168 -5120 0 ) (-7168 -4096 0 ) (-7168 -4096 -1024 ) 
4 2163 2168 0 (-7168 -5120 0 ) (-7168 -5120 -1024 ) (-6144 -5120 -1024 ) (-6144 -5120 0 ) 
4 2163 2164 0 (-6144 -5120 -1024 ) (-7168 -5120 -1024 ) (-7168 -4096 -1024 ) (-6144 -4096 -1024 ) 
4 2164 2294 0 (-7168 -5120 -1440 ) (-7168 -5120 -1024 ) (-7168 -4096 -1024 ) (-7168 -4096 -1440 ) 
4 2164 2169 0 (-7168 -5120 -1024 ) (-7168 -5120 -1440 ) (-6144 -5120 -1440 ) (-6144 -5120 -1024 ) 
4 2165 2295 0 (-7168 -6144 2048 ) (-7168 -6144 2240 ) (-7168 -5120 2240 ) (-7168 -5120 2048 ) 
4 2165 2170 0 (-7168 -6144 2240 ) (-7168 -6144 2048 ) (-6144 -6144 2048 ) (-6144 -6144 2240 ) 
4 2165 2166 0 (-6144 -6144 2048 ) (-7168 -6144 2048 ) (-7168 -5120 2048 ) (-6144 -5120 2048 ) 
4 2166 2296 0 (-7168 -6144 1024 ) (-7168 -6144 2048 ) (-7168 -5120 2048 ) (-7168 -5120 1024 ) 
4 2166 2171 0 (-7168 -6144 2048 ) (-7168 -6144 1024 ) (-6144 -6144 1024 ) (-6144 -6144 2048 ) 
4 2166 2167 0 (-6144 -6144 1024 ) (-7168 -6144 1024 ) (-7168 -5120 1024 ) (-6144 -5120 1024 ) 
4 2167 2297 0 (-7168 -6144 0 ) (-7168 -6144 1024 ) (-7168 -5120 1024 ) (-7168 -5120 0 ) 
4 2167 2172 0 (-7168 -6144 1024 ) (-7168 -6144 0 ) (-6144 -6144 0 ) (-6144 -6144 1024 ) 
4 2167 2168 0 (-6144 -6144 0 ) (-7168 -6144 0 ) (-7168 -5120 0 ) (-6144 -5120 0 ) 
4 2168 2298 0 (-7168 -6144 -1024 ) (-7168 -6144 0 ) (-7168 -5120 0 ) (-7168 -5120 -1024 ) 
4 2168 2173 0 (-7168 -6144 0 ) (-7168 -6144 -1024 ) (-6144 -6144 -1024 ) (-6144 -6144 0 ) 
4 2168 2169 0 (-6144 -6144 -1024 ) (-7168 -6144 -1024 ) (-7168 -5120 -1024 ) (-6144 -5120 -1024 ) 
4 2169 2299 0 (-7168 -6144 -1440 ) (-7168 -6144 -1024 ) (-7168 -5120 -1024 ) (-7168 -5120 -1440 ) 
4 2169 2174 0 (-7168 -6144 -1024 ) (-7168 -6144 -1440 ) (-6144 -6144 -1440 ) (-6144 -6144 -1024 ) 
4 2170 2300 0 (-7168 -7168 2048 ) (-7168 -7168 2240 ) (-7168 -6144 2240 ) (-7168 -6144 2048 ) 
4 2170 2175 0 (-7168 -7168 2240 ) (-7168 -7168 2048 ) (-6144 -7168 2048 ) (-6144 -7168 2240 ) 
4 2170 2171 0 (-6144 -7168 2048 ) (-7168 -7168 2048 ) (-7168 -6144 2048 ) (-6144 -6144 2048 ) 
4 2171 2301 0 (-7168 -7168 1024 ) (-7168 -7168 2048 ) (-7168 -6144 2048 ) (-7168 -6144 1024 ) 
4 2171 2176 0 (-7168 -7168 2048 ) (-7168 -7168 1024 ) (-6144 -7168 1024 ) (-6144 -7168 2048 ) 
4 2171 2172 0 (-6144 -7168 1024 ) (-7168 -7168 1024 ) (-7168 -6144 1024 ) (-6144 -6144 1024 ) 
4 2172 2302 0 (-7168 -7168 0 ) (-7168 -7168 1024 ) (-7168 -6144 1024 ) (-7168 -6144 0 ) 
4 2172 2177 0 (-7168 -7168 1024 ) (-7168 -7168 0 ) (-6144 -7168 0 ) (-6144 -7168 1024 ) 
4 2172 2173 0 (-6144 -7168 0 ) (-7168 -7168 0 ) (-7168 -6144 0 ) (-6144 -6144 0 ) 
4 2173 2303 0 (-7168 -7168 -1024 ) (-7168 -7168 0 ) (-7168 -6144 0 ) (-7168 -6144 -1024 ) 
4 2173 2178 0 (-7168 -7168 0 ) (-7168 -7168 -1024 ) (-6144 -7168 -1024 ) (-6144 -7168 0 ) 
4 2173 2174 0 (-6144 -7168 -1024 ) (-7168 -7168 -1024 ) (-7168 -6144 -1024 ) (-6144 -6144 -1024 ) 
4 2174 2304 0 (-7168 -7168 -1440 ) (-7168 -7168 -1024 ) (-7168 -6144 -1024 ) (-7168 -6144 -1440 ) 
4 2174 2179 0 (-7168 -7168 -1024 ) (-7168 -7168 -1440 ) (-6144 -7168 -1440 ) (-6144 -7168 -1024 ) 
4 2175 2305 0 (-7168 -8192 2048 ) (-7168 -8192 2240 ) (-7168 -7168 2240 ) (-7168 -7168 2048 ) 
4 2175 2180 0 (-7168 -8192 2240 ) (-7168 -8192 2048 ) (-6144 -8192 2048 ) (-6144 -8192 2240 ) 
4 2175 2176 0 (-6144 -8192 2048 ) (-7168 -8192 2048 ) (-7168 -7168 2048 ) (-6144 -7168 2048 ) 
4 2176 2306 0 (-7168 -8192 1024 ) (-7168 -8192 2048 ) (-7168 -7168 2048 ) (-7168 -7168 1024 ) 
4 2176 2181 0 (-7168 -8192 2048 ) (-7168 -8192 1024 ) (-6144 -8192 1024 ) (-6144 -8192 2048 ) 
4 2176 2177 0 (-6144 -8192 1024 ) (-7168 -8192 1024 ) (-7168 -7168 1024 ) (-6144 -7168 1024 ) 
4 2177 2307 0 (-7168 -8192 0 ) (-7168 -8192 1024 ) (-7168 -7168 1024 ) (-7168 -7168 0 ) 
4 2177 2182 0 (-7168 -8192 1024 ) (-7168 -8192 0 ) (-6144 -8192 0 ) (-6144 -8192 1024 ) 
4 2177 2178 0 (-6144 -8192 0 ) (-7168 -8192 0 ) (-7168 -7168 0 ) (-6144 -7168 0 ) 
4 2178 2308 0 (-7168 -8192 -1024 ) (-7168 -8192 0 ) (-7168 -7168 0 ) (-7168 -7168 -1024 ) 
4 2178 2183 0 (-7168 -8192 0 ) (-7168 -8192 -1024 ) (-6144 -8192 -1024 ) (-6144 -8192 0 ) 
4 2178 2179 0 (-6144 -8192 -1024 ) (-7168 -8192 -1024 ) (-7168 -7168 -1024 ) (-6144 -7168 -1024 ) 
4 2179 2309 0 (-7168 -8192 -1440 ) (-7168 -8192 -1024 ) (-7168 -7168 -1024 ) (-7168 -7168 -1440 ) 
4 2179 2184 0 (-7168 -8192 -1024 ) (-7168 -8192 -1440 ) (-6144 -8192 -1440 ) (-6144 -8192 -1024 ) 
4 2180 2310 0 (-7168 -9216 2048 ) (-7168 -9216 2240 ) (-7168 -8192 2240 ) (-7168 -8192 2048 ) 
4 2180 2185 0 (-7168 -9216 2240 ) (-7168 -9216 2048 ) (-6144 -9216 2048 ) (-6144 -9216 2240 ) 
4 2180 2181 0 (-6144 -9216 2048 ) (-7168 -9216 2048 ) (-7168 -8192 2048 ) (-6144 -8192 2048 ) 
4 2181 2311 0 (-7168 -9216 1024 ) (-7168 -9216 2048 ) (-7168 -8192 2048 ) (-7168 -8192 1024 ) 
4 2181 2186 0 (-7168 -9216 2048 ) (-7168 -9216 1024 ) (-6144 -9216 1024 ) (-6144 -9216 2048 ) 
4 2181 2182 0 (-6144 -9216 1024 ) (-7168 -9216 1024 ) (-7168 -8192 1024 ) (-6144 -8192 1024 ) 
4 2182 2312 0 (-7168 -9216 0 ) (-7168 -9216 1024 ) (-7168 -8192 1024 ) (-7168 -8192 0 ) 
4 2182 2187 0 (-7168 -9216 1024 ) (-7168 -9216 0 ) (-6144 -9216 0 ) (-6144 -9216 1024 ) 
4 2182 2183 0 (-6144 -9216 0 ) (-7168 -9216 0 ) (-7168 -8192 0 ) (-6144 -8192 0 ) 
4 2183 2313 0 (-7168 -9216 -1024 ) (-7168 -9216 0 ) (-7168 -8192 0 ) (-7168 -8192 -1024 ) 
4 2183 2188 0 (-7168 -9216 0 ) (-7168 -9216 -1024 ) (-6144 -9216 -1024 ) (-6144 -9216 0 ) 
4 2183 2184 0 (-6144 -9216 -1024 ) (-7168 -9216 -1024 ) (-7168 -8192 -1024 ) (-6144 -8192 -1024 ) 
4 2184 2314 0 (-7168 -9216 -1440 ) (-7168 -9216 -1024 ) (-7168 -8192 -1024 ) (-7168 -8192 -1440 ) 
4 2184 2189 0 (-7168 -9216 -1024 ) (-7168 -9216 -1440 ) (-6144 -9216 -1440 ) (-6144 -9216 -1024 ) 
4 2185 2315 0 (-7168 -10240 2048 ) (-7168 -10240 2240 ) (-7168 -9216 2240 ) (-7168 -9216 2048 ) 
4 2185 2190 0 (-7168 -10240 2240 ) (-7168 -10240 2048 ) (-6144 -10240 2048 ) (-6144 -10240 2240 ) 
4 2185 2186 0 (-6144 -10240 2048 ) (-7168 -10240 2048 ) (-7168 -9216 2048 ) (-6144 -9216 2048 ) 
4 2186 2316 0 (-7168 -10240 1024 ) (-7168 -10240 2048 ) (-7168 -9216 2048 ) (-7168 -9216 1024 ) 
4 2186 2191 0 (-7168 -10240 2048 ) (-7168 -10240 1024 ) (-6144 -10240 1024 ) (-6144 -10240 2048 ) 
4 2186 2187 0 (-6144 -10240 1024 ) (-7168 -10240 1024 ) (-7168 -9216 1024 ) (-6144 -9216 1024 ) 
4 2187 2317 0 (-7168 -10240 0 ) (-7168 -10240 1024 ) (-7168 -9216 1024 ) (-7168 -9216 0 ) 
4 2187 2192 0 (-7168 -10240 1024 ) (-7168 -10240 0 ) (-6144 -10240 0 ) (-6144 -10240 1024 ) 
4 2187 2188 0 (-6144 -10240 0 ) (-7168 -10240 0 ) (-7168 -9216 0 ) (-6144 -9216 0 ) 
4 2188 2318 0 (-7168 -10240 -1024 ) (-7168 -10240 0 ) (-7168 -9216 0 ) (-7168 -9216 -1024 ) 
4 2188 2193 0 (-7168 -10240 0 ) (-7168 -10240 -1024 ) (-6144 -10240 -1024 ) (-6144 -10240 0 ) 
4 2188 2189 0 (-6144 -10240 -1024 ) (-7168 -10240 -1024 ) (-7168 -9216 -1024 ) (-6144 -9216 -1024 ) 
4 2189 2319 0 (-7168 -10240 -1440 ) (-7168 -10240 -1024 ) (-7168 -9216 -1024 ) (-7168 -9216 -1440 ) 
4 2189 2194 0 (-7168 -10240 -1024 ) (-7168 -10240 -1440 ) (-6144 -10240 -1440 ) (-6144 -10240 -1024 ) 
4 2190 2320 0 (-7168 -11264 2048 ) (-7168 -11264 2240 ) (-7168 -10240 2240 ) (-7168 -10240 2048 ) 
4 2190 2195 0 (-7168 -11264 2240 ) (-7168 -11264 2048 ) (-6144 -11264 2048 ) (-6144 -11264 2240 ) 
4 2190 2191 0 (-6144 -11264 2048 ) (-7168 -11264 2048 ) (-7168 -10240 2048 ) (-6144 -10240 2048 ) 
4 2191 2321 0 (-7168 -11264 1024 ) (-7168 -11264 2048 ) (-7168 -10240 2048 ) (-7168 -10240 1024 ) 
4 2191 2196 0 (-7168 -11264 2048 ) (-7168 -11264 1024 ) (-6144 -11264 1024 ) (-6144 -11264 2048 ) 
4 2191 2192 0 (-6144 -11264 1024 ) (-7168 -11264 1024 ) (-7168 -10240 1024 ) (-6144 -10240 1024 ) 
4 2192 2322 0 (-7168 -11264 0 ) (-7168 -11264 1024 ) (-7168 -10240 1024 ) (-7168 -10240 0 ) 
4 2192 2197 0 (-7168 -11264 1024 ) (-7168 -11264 0 ) (-6144 -11264 0 ) (-6144 -11264 1024 ) 
4 2192 2193 0 (-6144 -11264 0 ) (-7168 -11264 0 ) (-7168 -10240 0 ) (-6144 -10240 0 ) 
4 2193 2323 0 (-7168 -11264 -1024 ) (-7168 -11264 0 ) (-7168 -10240 0 ) (-7168 -10240 -1024 ) 
4 2193 2198 0 (-7168 -11264 0 ) (-7168 -11264 -1024 ) (-6144 -11264 -1024 ) (-6144 -11264 0 ) 
4 2193 2194 0 (-6144 -11264 -1024 ) (-7168 -11264 -1024 ) (-7168 -10240 -1024 ) (-6144 -10240 -1024 ) 
4 2194 2324 0 (-7168 -11264 -1440 ) (-7168 -11264 -1024 ) (-7168 -10240 -1024 ) (-7168 -10240 -1440 ) 
4 2194 2199 0 (-7168 -11264 -1024 ) (-7168 -11264 -1440 ) (-6144 -11264 -1440 ) (-6144 -11264 -1024 ) 
4 2195 2325 0 (-7168 -12288 2048 ) (-7168 -12288 2240 ) (-7168 -11264 2240 ) (-7168 -11264 2048 ) 
4 2195 2200 0 (-7168 -12288 2240 ) (-7168 -12288 2048 ) (-6144 -12288 2048 ) (-6144 -12288 2240 ) 
4 2195 2196 0 (-6144 -12288 2048 ) (-7168 -12288 2048 ) (-7168 -11264 2048 ) (-6144 -11264 2048 ) 
4 2196 2326 0 (-7168 -12288 1024 ) (-7168 -12288 2048 ) (-7168 -11264 2048 ) (-7168 -11264 1024 ) 
4 2196 2201 0 (-7168 -12288 2048 ) (-7168 -12288 1024 ) (-6144 -12288 1024 ) (-6144 -12288 2048 ) 
4 2196 2197 0 (-6144 -12288 1024 ) (-7168 -12288 1024 ) (-7168 -11264 1024 ) (-6144 -11264 1024 ) 
4 2197 2327 0 (-7168 -12288 0 ) (-7168 -12288 1024 ) (-7168 -11264 1024 ) (-7168 -11264 0 ) 
4 2197 2202 0 (-7168 -12288 1024 ) (-7168 -12288 0 ) (-6144 -12288 0 ) (-6144 -12288 1024 ) 
4 2197 2198 0 (-6144 -12288 0 ) (-7168 -12288 0 ) (-7168 -11264 0 ) (-6144 -11264 0 ) 
4 2198 2328 0 (-7168 -12288 -1024 ) (-7168 -12288 0 ) (-7168 -11264 0 ) (-7168 -11264 -1024 ) 
4 2198 2203 0 (-7168 -12288 0 ) (-7168 -12288 -1024 ) (-6144 -12288 -1024 ) (-6144 -12288 0 ) 
4 2198 2199 0 (-6144 -12288 -1024 ) (-7168 -12288 -1024 ) (-7168 -11264 -1024 ) (-6144 -11264 -1024 ) 
4 2199 2329 0 (-7168 -12288 -1440 ) (-7168 -12288 -1024 ) (-7168 -11264 -1024 ) (-7168 -11264 -1440 ) 
4 2199 2204 0 (-7168 -12288 -1024 ) (-7168 -12288 -1440 ) (-6144 -12288 -1440 ) (-6144 -12288 -1024 ) 
4 2200 2330 0 (-7168 -13312 2048 ) (-7168 -13312 2240 ) (-7168 -12288 2240 ) (-7168 -12288 2048 ) 
4 2200 2205 0 (-7168 -13312 2240 ) (-7168 -13312 2048 ) (-6144 -13312 2048 ) (-6144 -13312 2240 ) 
4 2200 2201 0 (-6144 -13312 2048 ) (-7168 -13312 2048 ) (-7168 -12288 2048 ) (-6144 -12288 2048 ) 
4 2201 2331 0 (-7168 -13312 1024 ) (-7168 -13312 2048 ) (-7168 -12288 2048 ) (-7168 -12288 1024 ) 
4 2201 2206 0 (-7168 -13312 2048 ) (-7168 -13312 1024 ) (-6144 -13312 1024 ) (-6144 -13312 2048 ) 
4 2201 2202 0 (-6144 -13312 1024 ) (-7168 -13312 1024 ) (-7168 -12288 1024 ) (-6144 -12288 1024 ) 
4 2202 2332 0 (-7168 -13312 0 ) (-7168 -13312 1024 ) (-7168 -12288 1024 ) (-7168 -12288 0 ) 
4 2202 2207 0 (-7168 -13312 1024 ) (-7168 -13312 0 ) (-6144 -13312 0 ) (-6144 -13312 1024 ) 
4 2202 2203 0 (-6144 -13312 0 ) (-7168 -13312 0 ) (-7168 -12288 0 ) (-6144 -12288 0 ) 
4 2203 2333 0 (-7168 -13312 -1024 ) (-7168 -13312 0 ) (-7168 -12288 0 ) (-7168 -12288 -1024 ) 
4 2203 2208 0 (-7168 -13312 0 ) (-7168 -13312 -1024 ) (-6144 -13312 -1024 ) (-6144 -13312 0 ) 
4 2203 2204 0 (-6144 -13312 -1024 ) (-7168 -13312 -1024 ) (-7168 -12288 -1024 ) (-6144 -12288 -1024 ) 
4 2204 2334 0 (-7168 -13312 -1440 ) (-7168 -13312 -1024 ) (-7168 -12288 -1024 ) (-7168 -12288 -1440 ) 
4 2204 2209 0 (-7168 -13312 -1024 ) (-7168 -13312 -1440 ) (-6144 -13312 -1440 ) (-6144 -13312 -1024 ) 
4 2205 2335 0 (-7168 -13312 2240 ) (-7168 -13312 2048 ) (-7168 -13408 2048 ) (-7168 -13408 2240 ) 
4 2205 2206 0 (-7168 -13408 2048 ) (-7168 -13312 2048 ) (-6144 -13312 2048 ) (-6144 -13408 2048 ) 
4 2206 2336 0 (-7168 -13408 2048 ) (-7168 -13312 2048 ) (-7168 -13312 1024 ) (-7168 -13408 1024 ) 
4 2206 2207 0 (-7168 -13408 1024 ) (-7168 -13312 1024 ) (-6144 -13312 1024 ) (-6144 -13408 1024 ) 
4 2207 2337 0 (-7168 -13408 1024 ) (-7168 -13312 1024 ) (-7168 -13312 0 ) (-7168 -13408 0 ) 
4 2207 2208 0 (-7168 -13408 0 ) (-7168 -13312 0 ) (-6144 -13312 0 ) (-6144 -13408 0 ) 
4 2208 2338 0 (-7168 -13408 0 ) (-7168 -13312 0 ) (-7168 -13312 -1024 ) (-7168 -13408 -1024 ) 
4 2208 2209 0 (-7168 -13408 -1024 ) (-7168 -13312 -1024 ) (-6144 -13312 -1024 ) (-6144 -13408 -1024 ) 
4 2209 2339 0 (-7168 -13408 -1440 ) (-7168 -13408 -1024 ) (-7168 -13312 -1024 ) (-7168 -13312 -1440 ) 
4 2210 2340 0 (-8192 11312 2048 ) (-8192 11264 2048 ) (-8192 11264 2240 ) (-8192 11312 2240 ) 
4 2210 2215 0 (-8192 11264 2240 ) (-8192 11264 2048 ) (-7168 11264 2048 ) (-7168 11264 2240 ) 
4 2210 2211 0 (-7168 11264 2048 ) (-8192 11264 2048 ) (-8192 11312 2048 ) (-7168 11312 2048 ) 
4 2211 2341 0 (-8192 11312 1024 ) (-8192 11264 1024 ) (-8192 11264 2048 ) (-8192 11312 2048 ) 
4 2211 2216 0 (-8192 11264 2048 ) (-8192 11264 1024 ) (-7168 11264 1024 ) (-7168 11264 2048 ) 
4 2211 2212 0 (-7168 11264 1024 ) (-8192 11264 1024 ) (-8192 11312 1024 ) (-7168 11312 1024 ) 
4 2212 2342 0 (-8192 11312 0 ) (-8192 11264 0 ) (-8192 11264 1024 ) (-8192 11312 1024 ) 
4 2212 2217 0 (-8192 11264 1024 ) (-8192 11264 0 ) (-7168 11264 0 ) (-7168 11264 1024 ) 
4 2212 2213 0 (-7168 11264 0 ) (-8192 11264 0 ) (-8192 11312 0 ) (-7168 11312 0 ) 
4 2213 2343 0 (-8192 11312 -1024 ) (-8192 11264 -1024 ) (-8192 11264 0 ) (-8192 11312 0 ) 
4 2213 2218 0 (-8192 11264 0 ) (-8192 11264 -1024 ) (-7168 11264 -1024 ) (-7168 11264 0 ) 
4 2213 2214 0 (-7168 11264 -1024 ) (-8192 11264 -1024 ) (-8192 11312 -1024 ) (-7168 11312 -1024 ) 
4 2214 2344 0 (-8192 11312 -1440 ) (-8192 11264 -1440 ) (-8192 11264 -1024 ) (-8192 11312 -1024 ) 
4 2214 2219 0 (-8192 11264 -1024 ) (-8192 11264 -1440 ) (-7168 11264 -1440 ) (-7168 11264 -1024 ) 
4 2215 2345 0 (-8192 10240 2048 ) (-8192 10240 2240 ) (-8192 11264 2240 ) (-8192 11264 2048 ) 
4 2215 2220 0 (-8192 10240 2240 ) (-8192 10240 2048 ) (-7168 10240 2048 ) (-7168 10240 2240 ) 
4 2215 2216 0 (-7168 10240 2048 ) (-8192 10240 2048 ) (-8192 11264 2048 ) (-7168 11264 2048 ) 
4 2216 2346 0 (-8192 10240 1024 ) (-8192 10240 2048 ) (-8192 11264 2048 ) (-8192 11264 1024 ) 
4 2216 2221 0 (-8192 10240 2048 ) (-8192 10240 1024 ) (-7168 10240 1024 ) (-7168 10240 2048 ) 
4 2216 2217 0 (-7168 10240 1024 ) (-8192 10240 1024 ) (-8192 11264 1024 ) (-7168 11264 1024 ) 
4 2217 2347 0 (-8192 10240 0 ) (-8192 10240 1024 ) (-8192 11264 1024 ) (-8192 11264 0 ) 
4 2217 2222 0 (-8192 10240 1024 ) (-8192 10240 0 ) (-7168 10240 0 ) (-7168 10240 1024 ) 
4 2217 2218 0 (-7168 10240 0 ) (-8192 10240 0 ) (-8192 11264 0 ) (-7168 11264 0 ) 
4 2218 2348 0 (-8192 10240 -1024 ) (-8192 10240 0 ) (-8192 11264 0 ) (-8192 11264 -1024 ) 
4 2218 2223 0 (-8192 10240 0 ) (-8192 10240 -1024 ) (-7168 10240 -1024 ) (-7168 10240 0 ) 
4 2218 2219 0 (-7168 10240 -1024 ) (-8192 10240 -1024 ) (-8192 11264 -1024 ) (-7168 11264 -1024 ) 
4 2219 2349 0 (-8192 10240 -1440 ) (-8192 10240 -1024 ) (-8192 11264 -1024 ) (-8192 11264 -1440 ) 
4 2219 2224 0 (-8192 10240 -1024 ) (-8192 10240 -1440 ) (-7168 10240 -1440 ) (-7168 10240 -1024 ) 
4 2220 2350 0 (-8192 9216 2048 ) (-8192 9216 2240 ) (-8192 10240 2240 ) (-8192 10240 2048 ) 
4 2220 2225 0 (-8192 9216 2240 ) (-8192 9216 2048 ) (-7168 9216 2048 ) (-7168 9216 2240 ) 
4 2220 2221 0 (-7168 9216 2048 ) (-8192 9216 2048 ) (-8192 10240 2048 ) (-7168 10240 2048 ) 
4 2221 2351 0 (-8192 9216 1024 ) (-8192 9216 2048 ) (-8192 10240 2048 ) (-8192 10240 1024 ) 
4 2221 2226 0 (-8192 9216 2048 ) (-8192 9216 1024 ) (-7168 9216 1024 ) (-7168 9216 2048 ) 
4 2221 2222 0 (-7168 9216 1024 ) (-8192 9216 1024 ) (-8192 10240 1024 ) (-7168 10240 1024 ) 
4 2222 2352 0 (-8192 9216 0 ) (-8192 9216 1024 ) (-8192 10240 1024 ) (-8192 10240 0 ) 
4 2222 2227 0 (-8192 9216 1024 ) (-8192 9216 0 ) (-7168 9216 0 ) (-7168 9216 1024 ) 
4 2222 2223 0 (-7168 9216 0 ) (-8192 9216 0 ) (-8192 10240 0 ) (-7168 10240 0 ) 
4 2223 2353 0 (-8192 9216 -1024 ) (-8192 9216 0 ) (-8192 10240 0 ) (-8192 10240 -1024 ) 
4 2223 2228 0 (-8192 9216 0 ) (-8192 9216 -1024 ) (-7168 9216 -1024 ) (-7168 9216 0 ) 
4 2223 2224 0 (-7168 9216 -1024 ) (-8192 9216 -1024 ) (-8192 10240 -1024 ) (-7168 10240 -1024 ) 
4 2224 2354 0 (-8192 9216 -1440 ) (-8192 9216 -1024 ) (-8192 10240 -1024 ) (-8192 10240 -1440 ) 
4 2224 2229 0 (-8192 9216 -1024 ) (-8192 9216 -1440 ) (-7168 9216 -1440 ) (-7168 9216 -1024 ) 
4 2225 2355 0 (-8192 8192 2048 ) (-8192 8192 2240 ) (-8192 9216 2240 ) (-8192 9216 2048 ) 
4 2225 2230 0 (-8192 8192 2240 ) (-8192 8192 2048 ) (-7168 8192 2048 ) (-7168 8192 2240 ) 
4 2225 2226 0 (-7168 8192 2048 ) (-8192 8192 2048 ) (-8192 9216 2048 ) (-7168 9216 2048 ) 
4 2226 2356 0 (-8192 8192 1024 ) (-8192 8192 2048 ) (-8192 9216 2048 ) (-8192 9216 1024 ) 
4 2226 2231 0 (-8192 8192 2048 ) (-8192 8192 1024 ) (-7168 8192 1024 ) (-7168 8192 2048 ) 
4 2226 2227 0 (-7168 8192 1024 ) (-8192 8192 1024 ) (-8192 9216 1024 ) (-7168 9216 1024 ) 
4 2227 2357 0 (-8192 8192 0 ) (-8192 8192 1024 ) (-8192 9216 1024 ) (-8192 9216 0 ) 
4 2227 2232 0 (-8192 8192 1024 ) (-8192 8192 0 ) (-7168 8192 0 ) (-7168 8192 1024 ) 
4 2227 2228 0 (-7168 8192 0 ) (-8192 8192 0 ) (-8192 9216 0 ) (-7168 9216 0 ) 
4 2228 2358 0 (-8192 8192 -1024 ) (-8192 8192 0 ) (-8192 9216 0 ) (-8192 9216 -1024 ) 
4 2228 2233 0 (-8192 8192 0 ) (-8192 8192 -1024 ) (-7168 8192 -1024 ) (-7168 8192 0 ) 
4 2228 2229 0 (-7168 8192 -1024 ) (-8192 8192 -1024 ) (-8192 9216 -1024 ) (-7168 9216 -1024 ) 
4 2229 2359 0 (-8192 8192 -1440 ) (-8192 8192 -1024 ) (-8192 9216 -1024 ) (-8192 9216 -1440 ) 
4 2229 2234 0 (-8192 8192 -1024 ) (-8192 8192 -1440 ) (-7168 8192 -1440 ) (-7168 8192 -1024 ) 
4 2230 2360 0 (-8192 7168 2048 ) (-8192 7168 2240 ) (-8192 8192 2240 ) (-8192 8192 2048 ) 
4 2230 2235 0 (-8192 7168 2240 ) (-8192 7168 2048 ) (-7168 7168 2048 ) (-7168 7168 2240 ) 
4 2230 2231 0 (-7168 7168 2048 ) (-8192 7168 2048 ) (-8192 8192 2048 ) (-7168 8192 2048 ) 
4 2231 2361 0 (-8192 7168 1024 ) (-8192 7168 2048 ) (-8192 8192 2048 ) (-8192 8192 1024 ) 
4 2231 2236 0 (-8192 7168 2048 ) (-8192 7168 1024 ) (-7168 7168 1024 ) (-7168 7168 2048 ) 
4 2231 2232 0 (-7168 7168 1024 ) (-8192 7168 1024 ) (-8192 8192 1024 ) (-7168 8192 1024 ) 
4 2232 2362 0 (-8192 7168 0 ) (-8192 7168 1024 ) (-8192 8192 1024 ) (-8192 8192 0 ) 
4 2232 2237 0 (-8192 7168 1024 ) (-8192 7168 0 ) (-7168 7168 0 ) (-7168 7168 1024 ) 
4 2232 2233 0 (-7168 7168 0 ) (-8192 7168 0 ) (-8192 8192 0 ) (-7168 8192 0 ) 
4 2233 2363 0 (-8192 7168 -1024 ) (-8192 7168 0 ) (-8192 8192 0 ) (-8192 8192 -1024 ) 
4 2233 2238 0 (-8192 7168 0 ) (-8192 7168 -1024 ) (-7168 7168 -1024 ) (-7168 7168 0 ) 
4 2233 2234 0 (-7168 7168 -1024 ) (-8192 7168 -1024 ) (-8192 8192 -1024 ) (-7168 8192 -1024 ) 
4 2234 2364 0 (-8192 7168 -1440 ) (-8192 7168 -1024 ) (-8192 8192 -1024 ) (-8192 8192 -1440 ) 
4 2234 2239 0 (-8192 7168 -1024 ) (-8192 7168 -1440 ) (-7168 7168 -1440 ) (-7168 7168 -1024 ) 
4 2235 2365 0 (-8192 6144 2048 ) (-8192 6144 2240 ) (-8192 7168 2240 ) (-8192 7168 2048 ) 
4 2235 2240 0 (-8192 6144 2240 ) (-8192 6144 2048 ) (-7168 6144 2048 ) (-7168 6144 2240 ) 
4 2235 2236 0 (-7168 6144 2048 ) (-8192 6144 2048 ) (-8192 7168 2048 ) (-7168 7168 2048 ) 
4 2236 2366 0 (-8192 6144 1024 ) (-8192 6144 2048 ) (-8192 7168 2048 ) (-8192 7168 1024 ) 
4 2236 2241 0 (-8192 6144 2048 ) (-8192 6144 1024 ) (-7168 6144 1024 ) (-7168 6144 2048 ) 
4 2236 2237 0 (-7168 6144 1024 ) (-8192 6144 1024 ) (-8192 7168 1024 ) (-7168 7168 1024 ) 
4 2237 2367 0 (-8192 6144 0 ) (-8192 6144 1024 ) (-8192 7168 1024 ) (-8192 7168 0 ) 
4 2237 2242 0 (-8192 6144 1024 ) (-8192 6144 0 ) (-7168 6144 0 ) (-7168 6144 1024 ) 
4 2237 2238 0 (-7168 6144 0 ) (-8192 6144 0 ) (-8192 7168 0 ) (-7168 7168 0 ) 
4 2238 2368 0 (-8192 6144 -1024 ) (-8192 6144 0 ) (-8192 7168 0 ) (-8192 7168 -1024 ) 
4 2238 2243 0 (-8192 6144 0 ) (-8192 6144 -1024 ) (-7168 6144 -1024 ) (-7168 6144 0 ) 
4 2238 2239 0 (-7168 6144 -1024 ) (-8192 6144 -1024 ) (-8192 7168 -1024 ) (-7168 7168 -1024 ) 
4 2239 2369 0 (-8192 6144 -1440 ) (-8192 6144 -1024 ) (-8192 7168 -1024 ) (-8192 7168 -1440 ) 
4 2239 2244 0 (-8192 6144 -1024 ) (-8192 6144 -1440 ) (-7168 6144 -1440 ) (-7168 6144 -1024 ) 
4 2240 2370 0 (-8192 5120 2048 ) (-8192 5120 2240 ) (-8192 6144 2240 ) (-8192 6144 2048 ) 
4 2240 2245 0 (-8192 5120 2240 ) (-8192 5120 2048 ) (-7168 5120 2048 ) (-7168 5120 2240 ) 
4 2240 2241 0 (-7168 5120 2048 ) (-8192 5120 2048 ) (-8192 6144 2048 ) (-7168 6144 2048 ) 
4 2241 2371 0 (-8192 5120 1024 ) (-8192 5120 2048 ) (-8192 6144 2048 ) (-8192 6144 1024 ) 
4 2241 2246 0 (-8192 5120 2048 ) (-8192 5120 1024 ) (-7168 5120 1024 ) (-7168 5120 2048 ) 
4 2241 2242 0 (-7168 5120 1024 ) (-8192 5120 1024 ) (-8192 6144 1024 ) (-7168 6144 1024 ) 
4 2242 2372 0 (-8192 5120 0 ) (-8192 5120 1024 ) (-8192 6144 1024 ) (-8192 6144 0 ) 
4 2242 2247 0 (-8192 5120 1024 ) (-8192 5120 0 ) (-7168 5120 0 ) (-7168 5120 1024 ) 
4 2242 2243 0 (-7168 5120 0 ) (-8192 5120 0 ) (-8192 6144 0 ) (-7168 6144 0 ) 
4 2243 2373 0 (-8192 5120 -1024 ) (-8192 5120 0 ) (-8192 6144 0 ) (-8192 6144 -1024 ) 
4 2243 2248 0 (-8192 5120 0 ) (-8192 5120 -1024 ) (-7168 5120 -1024 ) (-7168 5120 0 ) 
4 2243 2244 0 (-7168 5120 -1024 ) (-8192 5120 -1024 ) (-8192 6144 -1024 ) (-7168 6144 -1024 ) 
4 2244 2374 0 (-8192 5120 -1440 ) (-8192 5120 -1024 ) (-8192 6144 -1024 ) (-8192 6144 -1440 ) 
4 2244 2249 0 (-8192 5120 -1024 ) (-8192 5120 -1440 ) (-7168 5120 -1440 ) (-7168 5120 -1024 ) 
4 2245 2375 0 (-8192 4096 2048 ) (-8192 4096 2240 ) (-8192 5120 2240 ) (-8192 5120 2048 ) 
4 2245 2250 0 (-8192 4096 2240 ) (-8192 4096 2048 ) (-7168 4096 2048 ) (-7168 4096 2240 ) 
4 2245 2246 0 (-7168 4096 2048 ) (-8192 4096 2048 ) (-8192 5120 2048 ) (-7168 5120 2048 ) 
4 2246 2376 0 (-8192 4096 1024 ) (-8192 4096 2048 ) (-8192 5120 2048 ) (-8192 5120 1024 ) 
4 2246 2251 0 (-8192 4096 2048 ) (-8192 4096 1024 ) (-7168 4096 1024 ) (-7168 4096 2048 ) 
4 2246 2247 0 (-7168 4096 1024 ) (-8192 4096 1024 ) (-8192 5120 1024 ) (-7168 5120 1024 ) 
4 2247 2377 0 (-8192 4096 0 ) (-8192 4096 1024 ) (-8192 5120 1024 ) (-8192 5120 0 ) 
4 2247 2252 0 (-8192 4096 1024 ) (-8192 4096 0 ) (-7168 4096 0 ) (-7168 4096 1024 ) 
4 2247 2248 0 (-7168 4096 0 ) (-8192 4096 0 ) (-8192 5120 0 ) (-7168 5120 0 ) 
4 2248 2378 0 (-8192 4096 -1024 ) (-8192 4096 0 ) (-8192 5120 0 ) (-8192 5120 -1024 ) 
4 2248 2253 0 (-8192 4096 0 ) (-8192 4096 -1024 ) (-7168 4096 -1024 ) (-7168 4096 0 ) 
4 2248 2249 0 (-7168 4096 -1024 ) (-8192 4096 -1024 ) (-8192 5120 -1024 ) (-7168 5120 -1024 ) 
4 2249 2379 0 (-8192 4096 -1440 ) (-8192 4096 -1024 ) (-8192 5120 -1024 ) (-8192 5120 -1440 ) 
4 2249 2254 0 (-8192 4096 -1024 ) (-8192 4096 -1440 ) (-7168 4096 -1440 ) (-7168 4096 -1024 ) 
4 2250 2380 0 (-8192 3072 2048 ) (-8192 3072 2240 ) (-8192 4096 2240 ) (-8192 4096 2048 ) 
4 2250 2255 0 (-8192 3072 2240 ) (-8192 3072 2048 ) (-7168 3072 2048 ) (-7168 3072 2240 ) 
4 2250 2251 0 (-7168 3072 2048 ) (-8192 3072 2048 ) (-8192 4096 2048 ) (-7168 4096 2048 ) 
4 2251 2381 0 (-8192 3072 1024 ) (-8192 3072 2048 ) (-8192 4096 2048 ) (-8192 4096 1024 ) 
4 2251 2256 0 (-8192 3072 2048 ) (-8192 3072 1024 ) (-7168 3072 1024 ) (-7168 3072 2048 ) 
4 2251 2252 0 (-7168 3072 1024 ) (-8192 3072 1024 ) (-8192 4096 1024 ) (-7168 4096 1024 ) 
4 2252 2382 0 (-8192 3072 0 ) (-8192 3072 1024 ) (-8192 4096 1024 ) (-8192 4096 0 ) 
4 2252 2257 0 (-8192 3072 1024 ) (-8192 3072 0 ) (-7168 3072 0 ) (-7168 3072 1024 ) 
4 2252 2253 0 (-7168 3072 0 ) (-8192 3072 0 ) (-8192 4096 0 ) (-7168 4096 0 ) 
4 2253 2383 0 (-8192 3072 -1024 ) (-8192 3072 0 ) (-8192 4096 0 ) (-8192 4096 -1024 ) 
4 2253 2258 0 (-8192 3072 0 ) (-8192 3072 -1024 ) (-7168 3072 -1024 ) (-7168 3072 0 ) 
4 2253 2254 0 (-7168 3072 -1024 ) (-8192 3072 -1024 ) (-8192 4096 -1024 ) (-7168 4096 -1024 ) 
4 2254 2384 0 (-8192 3072 -1440 ) (-8192 3072 -1024 ) (-8192 4096 -1024 ) (-8192 4096 -1440 ) 
4 2254 2259 0 (-8192 3072 -1024 ) (-8192 3072 -1440 ) (-7168 3072 -1440 ) (-7168 3072 -1024 ) 
4 2255 2385 0 (-8192 2048 2048 ) (-8192 2048 2240 ) (-8192 3072 2240 ) (-8192 3072 2048 ) 
4 2255 2260 0 (-8192 2048 2240 ) (-8192 2048 2048 ) (-7168 2048 2048 ) (-7168 2048 2240 ) 
4 2255 2256 0 (-7168 2048 2048 ) (-8192 2048 2048 ) (-8192 3072 2048 ) (-7168 3072 2048 ) 
4 2256 2386 0 (-8192 2048 1024 ) (-8192 2048 2048 ) (-8192 3072 2048 ) (-8192 3072 1024 ) 
4 2256 2261 0 (-8192 2048 2048 ) (-8192 2048 1024 ) (-7168 2048 1024 ) (-7168 2048 2048 ) 
4 2256 2257 0 (-7168 2048 1024 ) (-8192 2048 1024 ) (-8192 3072 1024 ) (-7168 3072 1024 ) 
4 2257 2387 0 (-8192 2048 0 ) (-8192 2048 1024 ) (-8192 3072 1024 ) (-8192 3072 0 ) 
4 2257 2262 0 (-8192 2048 1024 ) (-8192 2048 0 ) (-7168 2048 0 ) (-7168 2048 1024 ) 
4 2257 2258 0 (-7168 2048 0 ) (-8192 2048 0 ) (-8192 3072 0 ) (-7168 3072 0 ) 
4 2258 2388 0 (-8192 2048 -1024 ) (-8192 2048 0 ) (-8192 3072 0 ) (-8192 3072 -1024 ) 
4 2258 2263 0 (-8192 2048 0 ) (-8192 2048 -1024 ) (-7168 2048 -1024 ) (-7168 2048 0 ) 
4 2258 2259 0 (-7168 2048 -1024 ) (-8192 2048 -1024 ) (-8192 3072 -1024 ) (-7168 3072 -1024 ) 
4 2259 2389 0 (-8192 2048 -1440 ) (-8192 2048 -1024 ) (-8192 3072 -1024 ) (-8192 3072 -1440 ) 
4 2259 2264 0 (-8192 2048 -1024 ) (-8192 2048 -1440 ) (-7168 2048 -1440 ) (-7168 2048 -1024 ) 
4 2260 2390 0 (-8192 1024 2048 ) (-8192 1024 2240 ) (-8192 2048 2240 ) (-8192 2048 2048 ) 
4 2260 2265 0 (-8192 1024 2240 ) (-8192 1024 2048 ) (-7168 1024 2048 ) (-7168 1024 2240 ) 
4 2260 2261 0 (-7168 1024 2048 ) (-8192 1024 2048 ) (-8192 2048 2048 ) (-7168 2048 2048 ) 
4 2261 2391 0 (-8192 1024 1024 ) (-8192 1024 2048 ) (-8192 2048 2048 ) (-8192 2048 1024 ) 
4 2261 2266 0 (-8192 1024 2048 ) (-8192 1024 1024 ) (-7168 1024 1024 ) (-7168 1024 2048 ) 
4 2261 2262 0 (-7168 1024 1024 ) (-8192 1024 1024 ) (-8192 2048 1024 ) (-7168 2048 1024 ) 
4 2262 2392 0 (-8192 1024 0 ) (-8192 1024 1024 ) (-8192 2048 1024 ) (-8192 2048 0 ) 
4 2262 2267 0 (-8192 1024 1024 ) (-8192 1024 0 ) (-7168 1024 0 ) (-7168 1024 1024 ) 
4 2262 2263 0 (-7168 1024 0 ) (-8192 1024 0 ) (-8192 2048 0 ) (-7168 2048 0 ) 
4 2263 2393 0 (-8192 1024 -1024 ) (-8192 1024 0 ) (-8192 2048 0 ) (-8192 2048 -1024 ) 
4 2263 2268 0 (-8192 1024 0 ) (-8192 1024 -1024 ) (-7168 1024 -1024 ) (-7168 1024 0 ) 
4 2263 2264 0 (-7168 1024 -1024 ) (-8192 1024 -1024 ) (-8192 2048 -1024 ) (-7168 2048 -1024 ) 
4 2264 2394 0 (-8192 1024 -1440 ) (-8192 1024 -1024 ) (-8192 2048 -1024 ) (-8192 2048 -1440 ) 
4 2264 2269 0 (-8192 1024 -1024 ) (-8192 1024 -1440 ) (-7168 1024 -1440 ) (-7168 1024 -1024 ) 
4 2265 2395 0 (-8192 0 2048 ) (-8192 0 2240 ) (-8192 1024 2240 ) (-8192 1024 2048 ) 
4 2265 2270 0 (-8192 0 2240 ) (-8192 0 2048 ) (-7168 0 2048 ) (-7168 0 2240 ) 
4 2265 2266 0 (-7168 0 2048 ) (-8192 0 2048 ) (-8192 1024 2048 ) (-7168 1024 2048 ) 
4 2266 2396 0 (-8192 0 1024 ) (-8192 0 2048 ) (-8192 1024 2048 ) (-8192 1024 1024 ) 
4 2266 2271 0 (-8192 0 2048 ) (-8192 0 1024 ) (-7168 0 1024 ) (-7168 0 2048 ) 
4 2266 2267 0 (-7168 0 1024 ) (-8192 0 1024 ) (-8192 1024 1024 ) (-7168 1024 1024 ) 
4 2267 2397 0 (-8192 0 0 ) (-8192 0 1024 ) (-8192 1024 1024 ) (-8192 1024 0 ) 
4 2267 2272 0 (-8192 0 1024 ) (-8192 0 0 ) (-7168 0 0 ) (-7168 0 1024 ) 
4 2267 2268 0 (-7168 0 0 ) (-8192 0 0 ) (-8192 1024 0 ) (-7168 1024 0 ) 
4 2268 2398 0 (-8192 0 -1024 ) (-8192 0 0 ) (-8192 1024 0 ) (-8192 1024 -1024 ) 
4 2268 2273 0 (-8192 0 0 ) (-8192 0 -1024 ) (-7168 0 -1024 ) (-7168 0 0 ) 
4 2268 2269 0 (-7168 0 -1024 ) (-8192 0 -1024 ) (-8192 1024 -1024 ) (-7168 1024 -1024 ) 
4 2269 2399 0 (-8192 0 -1440 ) (-8192 0 -1024 ) (-8192 1024 -1024 ) (-8192 1024 -1440 ) 
4 2269 2274 0 (-8192 0 -1024 ) (-8192 0 -1440 ) (-7168 0 -1440 ) (-7168 0 -1024 ) 
4 2270 2400 0 (-8192 -1024 2048 ) (-8192 -1024 2240 ) (-8192 0 2240 ) (-8192 0 2048 ) 
4 2270 2275 0 (-8192 -1024 2240 ) (-8192 -1024 2048 ) (-7168 -1024 2048 ) (-7168 -1024 2240 ) 
4 2270 2271 0 (-7168 -1024 2048 ) (-8192 -1024 2048 ) (-8192 0 2048 ) (-7168 0 2048 ) 
4 2271 2401 0 (-8192 -1024 1024 ) (-8192 -1024 2048 ) (-8192 0 2048 ) (-8192 0 1024 ) 
4 2271 2276 0 (-8192 -1024 2048 ) (-8192 -1024 1024 ) (-7168 -1024 1024 ) (-7168 -1024 2048 ) 
4 2271 2272 0 (-7168 -1024 1024 ) (-8192 -1024 1024 ) (-8192 0 1024 ) (-7168 0 1024 ) 
4 2272 2402 0 (-8192 -1024 0 ) (-8192 -1024 1024 ) (-8192 0 1024 ) (-8192 0 0 ) 
4 2272 2277 0 (-8192 -1024 1024 ) (-8192 -1024 0 ) (-7168 -1024 0 ) (-7168 -1024 1024 ) 
4 2272 2273 0 (-7168 -1024 0 ) (-8192 -1024 0 ) (-8192 0 0 ) (-7168 0 0 ) 
4 2273 2403 0 (-8192 -1024 -1024 ) (-8192 -1024 0 ) (-8192 0 0 ) (-8192 0 -1024 ) 
4 2273 2278 0 (-8192 -1024 0 ) (-8192 -1024 -1024 ) (-7168 -1024 -1024 ) (-7168 -1024 0 ) 
4 2273 2274 0 (-7168 -1024 -1024 ) (-8192 -1024 -1024 ) (-8192 0 -1024 ) (-7168 0 -1024 ) 
4 2274 2404 0 (-8192 -1024 -1440 ) (-8192 -1024 -1024 ) (-8192 0 -1024 ) (-8192 0 -1440 ) 
4 2274 2279 0 (-8192 -1024 -1024 ) (-8192 -1024 -1440 ) (-7168 -1024 -1440 ) (-7168 -1024 -1024 ) 
4 2275 2405 0 (-8192 -2048 2048 ) (-8192 -2048 2240 ) (-8192 -1024 2240 ) (-8192 -1024 2048 ) 
4 2275 2280 0 (-8192 -2048 2240 ) (-8192 -2048 2048 ) (-7168 -2048 2048 ) (-7168 -2048 2240 ) 
4 2275 2276 0 (-7168 -2048 2048 ) (-8192 -2048 2048 ) (-8192 -1024 2048 ) (-7168 -1024 2048 ) 
4 2276 2406 0 (-8192 -2048 1024 ) (-8192 -2048 2048 ) (-8192 -1024 2048 ) (-8192 -1024 1024 ) 
4 2276 2281 0 (-8192 -2048 2048 ) (-8192 -2048 1024 ) (-7168 -2048 1024 ) (-7168 -2048 2048 ) 
4 2276 2277 0 (-7168 -2048 1024 ) (-8192 -2048 1024 ) (-8192 -1024 1024 ) (-7168 -1024 1024 ) 
4 2277 2407 0 (-8192 -2048 0 ) (-8192 -2048 1024 ) (-8192 -1024 1024 ) (-8192 -1024 0 ) 
4 2277 2282 0 (-8192 -2048 1024 ) (-8192 -2048 0 ) (-7168 -2048 0 ) (-7168 -2048 1024 ) 
4 2277 2278 0 (-7168 -2048 0 ) (-8192 -2048 0 ) (-8192 -1024 0 ) (-7168 -1024 0 ) 
4 2278 2408 0 (-8192 -2048 -1024 ) (-8192 -2048 0 ) (-8192 -1024 0 ) (-8192 -1024 -1024 ) 
4 2278 2283 0 (-8192 -2048 0 ) (-8192 -2048 -1024 ) (-7168 -2048 -1024 ) (-7168 -2048 0 ) 
4 2278 2279 0 (-7168 -2048 -1024 ) (-8192 -2048 -1024 ) (-8192 -1024 -1024 ) (-7168 -1024 -1024 ) 
4 2279 2409 0 (-8192 -2048 -1440 ) (-8192 -2048 -1024 ) (-8192 -1024 -1024 ) (-8192 -1024 -1440 ) 
4 2279 2284 0 (-8192 -2048 -1024 ) (-8192 -2048 -1440 ) (-7168 -2048 -1440 ) (-7168 -2048 -1024 ) 
4 2280 2410 0 (-8192 -3072 2048 ) (-8192 -3072 2240 ) (-8192 -2048 2240 ) (-8192 -2048 2048 ) 
4 2280 2285 0 (-8192 -3072 2240 ) (-8192 -3072 2048 ) (-7168 -3072 2048 ) (-7168 -3072 2240 ) 
4 2280 2281 0 (-7168 -3072 2048 ) (-8192 -3072 2048 ) (-8192 -2048 2048 ) (-7168 -2048 2048 ) 
4 2281 2411 0 (-8192 -3072 1024 ) (-8192 -3072 2048 ) (-8192 -2048 2048 ) (-8192 -2048 1024 ) 
4 2281 2286 0 (-8192 -3072 2048 ) (-8192 -3072 1024 ) (-7168 -3072 1024 ) (-7168 -3072 2048 ) 
4 2281 2282 0 (-7168 -3072 1024 ) (-8192 -3072 1024 ) (-8192 -2048 1024 ) (-7168 -2048 1024 ) 
4 2282 2412 0 (-8192 -3072 0 ) (-8192 -3072 1024 ) (-8192 -2048 1024 ) (-8192 -2048 0 ) 
4 2282 2287 0 (-8192 -3072 1024 ) (-8192 -3072 0 ) (-7168 -3072 0 ) (-7168 -3072 1024 ) 
4 2282 2283 0 (-7168 -3072 0 ) (-8192 -3072 0 ) (-8192 -2048 0 ) (-7168 -2048 0 ) 
4 2283 2413 0 (-8192 -3072 -1024 ) (-8192 -3072 0 ) (-8192 -2048 0 ) (-8192 -2048 -1024 ) 
4 2283 2288 0 (-8192 -3072 0 ) (-8192 -3072 -1024 ) (-7168 -3072 -1024 ) (-7168 -3072 0 ) 
4 2283 2284 0 (-7168 -3072 -1024 ) (-8192 -3072 -1024 ) (-8192 -2048 -1024 ) (-7168 -2048 -1024 ) 
4 2284 2414 0 (-8192 -3072 -1440 ) (-8192 -3072 -1024 ) (-8192 -2048 -1024 ) (-8192 -2048 -1440 ) 
4 2284 2289 0 (-8192 -3072 -1024 ) (-8192 -3072 -1440 ) (-7168 -3072 -1440 ) (-7168 -3072 -1024 ) 
4 2285 2415 0 (-8192 -4096 2048 ) (-8192 -4096 2240 ) (-8192 -3072 2240 ) (-8192 -3072 2048 ) 
4 2285 2290 0 (-8192 -4096 2240 ) (-8192 -4096 2048 ) (-7168 -4096 2048 ) (-7168 -4096 2240 ) 
4 2285 2286 0 (-7168 -4096 2048 ) (-8192 -4096 2048 ) (-8192 -3072 2048 ) (-7168 -3072 2048 ) 
4 2286 2416 0 (-8192 -4096 1024 ) (-8192 -4096 2048 ) (-8192 -3072 2048 ) (-8192 -3072 1024 ) 
4 2286 2291 0 (-8192 -4096 2048 ) (-8192 -4096 1024 ) (-7168 -4096 1024 ) (-7168 -4096 2048 ) 
4 2286 2287 0 (-7168 -4096 1024 ) (-8192 -4096 1024 ) (-8192 -3072 1024 ) (-7168 -3072 1024 ) 
4 2287 2417 0 (-8192 -4096 0 ) (-8192 -4096 1024 ) (-8192 -3072 1024 ) (-8192 -3072 0 ) 
4 2287 2292 0 (-8192 -4096 1024 ) (-8192 -4096 0 ) (-7168 -4096 0 ) (-7168 -4096 1024 ) 
4 2287 2288 0 (-7168 -4096 0 ) (-8192 -4096 0 ) (-8192 -3072 0 ) (-7168 -3072 0 ) 
4 2288 2418 0 (-8192 -4096 -1024 ) (-8192 -4096 0 ) (-8192 -3072 0 ) (-8192 -3072 -1024 ) 
4 2288 2293 0 (-8192 -4096 0 ) (-8192 -4096 -1024 ) (-7168 -4096 -1024 ) (-7168 -4096 0 ) 
4 2288 2289 0 (-7168 -4096 -1024 ) (-8192 -4096 -1024 ) (-8192 -3072 -1024 ) (-7168 -3072 -1024 ) 
4 2289 2419 0 (-8192 -4096 -1440 ) (-8192 -4096 -1024 ) (-8192 -3072 -1024 ) (-8192 -3072 -1440 ) 
4 2289 2294 0 (-8192 -4096 -1024 ) (-8192 -4096 -1440 ) (-7168 -4096 -1440 ) (-7168 -4096 -1024 ) 
4 2290 2420 0 (-8192 -5120 2048 ) (-8192 -5120 2240 ) (-8192 -4096 2240 ) (-8192 -4096 2048 ) 
4 2290 2295 0 (-8192 -5120 2240 ) (-8192 -5120 2048 ) (-7168 -5120 2048 ) (-7168 -5120 2240 ) 
4 2290 2291 0 (-7168 -5120 2048 ) (-8192 -5120 2048 ) (-8192 -4096 2048 ) (-7168 -4096 2048 ) 
4 2291 2421 0 (-8192 -5120 1024 ) (-8192 -5120 2048 ) (-8192 -4096 2048 ) (-8192 -4096 1024 ) 
4 2291 2296 0 (-8192 -5120 2048 ) (-8192 -5120 1024 ) (-7168 -5120 1024 ) (-7168 -5120 2048 ) 
4 2291 2292 0 (-7168 -5120 1024 ) (-8192 -5120 1024 ) (-8192 -4096 1024 ) (-7168 -4096 1024 ) 
4 2292 2422 0 (-8192 -5120 0 ) (-8192 -5120 1024 ) (-8192 -4096 1024 ) (-8192 -4096 0 ) 
4 2292 2297 0 (-8192 -5120 1024 ) (-8192 -5120 0 ) (-7168 -5120 0 ) (-7168 -5120 1024 ) 
4 2292 2293 0 (-7168 -5120 0 ) (-8192 -5120 0 ) (-8192 -4096 0 ) (-7168 -4096 0 ) 
4 2293 2423 0 (-8192 -5120 -1024 ) (-8192 -5120 0 ) (-8192 -4096 0 ) (-8192 -4096 -1024 ) 
4 2293 2298 0 (-8192 -5120 0 ) (-8192 -5120 -1024 ) (-7168 -5120 -1024 ) (-7168 -5120 0 ) 
4 2293 2294 0 (-7168 -5120 -1024 ) (-8192 -5120 -1024 ) (-8192 -4096 -1024 ) (-7168 -4096 -1024 ) 
4 2294 2424 0 (-8192 -5120 -1440 ) (-8192 -5120 -1024 ) (-8192 -4096 -1024 ) (-8192 -4096 -1440 ) 
4 2294 2299 0 (-8192 -5120 -1024 ) (-8192 -5120 -1440 ) (-7168 -5120 -1440 ) (-7168 -5120 -1024 ) 
4 2295 2425 0 (-8192 -6144 2048 ) (-8192 -6144 2240 ) (-8192 -5120 2240 ) (-8192 -5120 2048 ) 
4 2295 2300 0 (-8192 -6144 2240 ) (-8192 -6144 2048 ) (-7168 -6144 2048 ) (-7168 -6144 2240 ) 
4 2295 2296 0 (-7168 -6144 2048 ) (-8192 -6144 2048 ) (-8192 -5120 2048 ) (-7168 -5120 2048 ) 
4 2296 2426 0 (-8192 -6144 1024 ) (-8192 -6144 2048 ) (-8192 -5120 2048 ) (-8192 -5120 1024 ) 
4 2296 2301 0 (-8192 -6144 2048 ) (-8192 -6144 1024 ) (-7168 -6144 1024 ) (-7168 -6144 2048 ) 
4 2296 2297 0 (-7168 -6144 1024 ) (-8192 -6144 1024 ) (-8192 -5120 1024 ) (-7168 -5120 1024 ) 
4 2297 2427 0 (-8192 -6144 0 ) (-8192 -6144 1024 ) (-8192 -5120 1024 ) (-8192 -5120 0 ) 
4 2297 2302 0 (-8192 -6144 1024 ) (-8192 -6144 0 ) (-7168 -6144 0 ) (-7168 -6144 1024 ) 
4 2297 2298 0 (-7168 -6144 0 ) (-8192 -6144 0 ) (-8192 -5120 0 ) (-7168 -5120 0 ) 
4 2298 2428 0 (-8192 -6144 -1024 ) (-8192 -6144 0 ) (-8192 -5120 0 ) (-8192 -5120 -1024 ) 
4 2298 2303 0 (-8192 -6144 0 ) (-8192 -6144 -1024 ) (-7168 -6144 -1024 ) (-7168 -6144 0 ) 
4 2298 2299 0 (-7168 -6144 -1024 ) (-8192 -6144 -1024 ) (-8192 -5120 -1024 ) (-7168 -5120 -1024 ) 
4 2299 2429 0 (-8192 -6144 -1440 ) (-8192 -6144 -1024 ) (-8192 -5120 -1024 ) (-8192 -5120 -1440 ) 
4 2299 2304 0 (-8192 -6144 -1024 ) (-8192 -6144 -1440 ) (-7168 -6144 -1440 ) (-7168 -6144 -1024 ) 
4 2300 2430 0 (-8192 -7168 2048 ) (-8192 -7168 2240 ) (-8192 -6144 2240 ) (-8192 -6144 2048 ) 
4 2300 2305 0 (-8192 -7168 2240 ) (-8192 -7168 2048 ) (-7168 -7168 2048 ) (-7168 -7168 2240 ) 
4 2300 2301 0 (-7168 -7168 2048 ) (-8192 -7168 2048 ) (-8192 -6144 2048 ) (-7168 -6144 2048 ) 
4 2301 2431 0 (-8192 -7168 1024 ) (-8192 -7168 2048 ) (-8192 -6144 2048 ) (-8192 -6144 1024 ) 
4 2301 2306 0 (-8192 -7168 2048 ) (-8192 -7168 1024 ) (-7168 -7168 1024 ) (-7168 -7168 2048 ) 
4 2301 2302 0 (-7168 -7168 1024 ) (-8192 -7168 1024 ) (-8192 -6144 1024 ) (-7168 -6144 1024 ) 
4 2302 2432 0 (-8192 -7168 0 ) (-8192 -7168 1024 ) (-8192 -6144 1024 ) (-8192 -6144 0 ) 
4 2302 2307 0 (-8192 -7168 1024 ) (-8192 -7168 0 ) (-7168 -7168 0 ) (-7168 -7168 1024 ) 
4 2302 2303 0 (-7168 -7168 0 ) (-8192 -7168 0 ) (-8192 -6144 0 ) (-7168 -6144 0 ) 
4 2303 2433 0 (-8192 -7168 -1024 ) (-8192 -7168 0 ) (-8192 -6144 0 ) (-8192 -6144 -1024 ) 
4 2303 2308 0 (-8192 -7168 0 ) (-8192 -7168 -1024 ) (-7168 -7168 -1024 ) (-7168 -7168 0 ) 
4 2303 2304 0 (-7168 -7168 -1024 ) (-8192 -7168 -1024 ) (-8192 -6144 -1024 ) (-7168 -6144 -1024 ) 
4 2304 2434 0 (-8192 -7168 -1440 ) (-8192 -7168 -1024 ) (-8192 -6144 -1024 ) (-8192 -6144 -1440 ) 
4 2304 2309 0 (-8192 -7168 -1024 ) (-8192 -7168 -1440 ) (-7168 -7168 -1440 ) (-7168 -7168 -1024 ) 
4 2305 2435 0 (-8192 -8192 2048 ) (-8192 -8192 2240 ) (-8192 -7168 2240 ) (-8192 -7168 2048 ) 
4 2305 2310 0 (-8192 -8192 2240 ) (-8192 -8192 2048 ) (-7168 -8192 2048 ) (-7168 -8192 2240 ) 
4 2305 2306 0 (-7168 -8192 2048 ) (-8192 -8192 2048 ) (-8192 -7168 2048 ) (-7168 -7168 2048 ) 
4 2306 2436 0 (-8192 -8192 1024 ) (-8192 -8192 2048 ) (-8192 -7168 2048 ) (-8192 -7168 1024 ) 
4 2306 2311 0 (-8192 -8192 2048 ) (-8192 -8192 1024 ) (-7168 -8192 1024 ) (-7168 -8192 2048 ) 
4 2306 2307 0 (-7168 -8192 1024 ) (-8192 -8192 1024 ) (-8192 -7168 1024 ) (-7168 -7168 1024 ) 
4 2307 2437 0 (-8192 -8192 0 ) (-8192 -8192 1024 ) (-8192 -7168 1024 ) (-8192 -7168 0 ) 
4 2307 2312 0 (-8192 -8192 1024 ) (-8192 -8192 0 ) (-7168 -8192 0 ) (-7168 -8192 1024 ) 
4 2307 2308 0 (-7168 -8192 0 ) (-8192 -8192 0 ) (-8192 -7168 0 ) (-7168 -7168 0 ) 
4 2308 2438 0 (-8192 -8192 -1024 ) (-8192 -8192 0 ) (-8192 -7168 0 ) (-8192 -7168 -1024 ) 
4 2308 2313 0 (-8192 -8192 0 ) (-8192 -8192 -1024 ) (-7168 -8192 -1024 ) (-7168 -8192 0 ) 
4 2308 2309 0 (-7168 -8192 -1024 ) (-8192 -8192 -1024 ) (-8192 -7168 -1024 ) (-7168 -7168 -1024 ) 
4 2309 2439 0 (-8192 -8192 -1440 ) (-8192 -8192 -1024 ) (-8192 -7168 -1024 ) (-8192 -7168 -1440 ) 
4 2309 2314 0 (-8192 -8192 -1024 ) (-8192 -8192 -1440 ) (-7168 -8192 -1440 ) (-7168 -8192 -1024 ) 
4 2310 2440 0 (-8192 -9216 2048 ) (-8192 -9216 2240 ) (-8192 -8192 2240 ) (-8192 -8192 2048 ) 
4 2310 2315 0 (-8192 -9216 2240 ) (-8192 -9216 2048 ) (-7168 -9216 2048 ) (-7168 -9216 2240 ) 
4 2310 2311 0 (-7168 -9216 2048 ) (-8192 -9216 2048 ) (-8192 -8192 2048 ) (-7168 -8192 2048 ) 
4 2311 2441 0 (-8192 -9216 1024 ) (-8192 -9216 2048 ) (-8192 -8192 2048 ) (-8192 -8192 1024 ) 
4 2311 2316 0 (-8192 -9216 2048 ) (-8192 -9216 1024 ) (-7168 -9216 1024 ) (-7168 -9216 2048 ) 
4 2311 2312 0 (-7168 -9216 1024 ) (-8192 -9216 1024 ) (-8192 -8192 1024 ) (-7168 -8192 1024 ) 
4 2312 2442 0 (-8192 -9216 0 ) (-8192 -9216 1024 ) (-8192 -8192 1024 ) (-8192 -8192 0 ) 
4 2312 2317 0 (-8192 -9216 1024 ) (-8192 -9216 0 ) (-7168 -9216 0 ) (-7168 -9216 1024 ) 
4 2312 2313 0 (-7168 -9216 0 ) (-8192 -9216 0 ) (-8192 -8192 0 ) (-7168 -8192 0 ) 
4 2313 2443 0 (-8192 -9216 -1024 ) (-8192 -9216 0 ) (-8192 -8192 0 ) (-8192 -8192 -1024 ) 
4 2313 2318 0 (-8192 -9216 0 ) (-8192 -9216 -1024 ) (-7168 -9216 -1024 ) (-7168 -9216 0 ) 
4 2313 2314 0 (-7168 -9216 -1024 ) (-8192 -9216 -1024 ) (-8192 -8192 -1024 ) (-7168 -8192 -1024 ) 
4 2314 2444 0 (-8192 -9216 -1440 ) (-8192 -9216 -1024 ) (-8192 -8192 -1024 ) (-8192 -8192 -1440 ) 
4 2314 2319 0 (-8192 -9216 -1024 ) (-8192 -9216 -1440 ) (-7168 -9216 -1440 ) (-7168 -9216 -1024 ) 
4 2315 2445 0 (-8192 -10240 2048 ) (-8192 -10240 2240 ) (-8192 -9216 2240 ) (-8192 -9216 2048 ) 
4 2315 2320 0 (-8192 -10240 2240 ) (-8192 -10240 2048 ) (-7168 -10240 2048 ) (-7168 -10240 2240 ) 
4 2315 2316 0 (-7168 -10240 2048 ) (-8192 -10240 2048 ) (-8192 -9216 2048 ) (-7168 -9216 2048 ) 
4 2316 2446 0 (-8192 -10240 1024 ) (-8192 -10240 2048 ) (-8192 -9216 2048 ) (-8192 -9216 1024 ) 
4 2316 2321 0 (-8192 -10240 2048 ) (-8192 -10240 1024 ) (-7168 -10240 1024 ) (-7168 -10240 2048 ) 
4 2316 2317 0 (-7168 -10240 1024 ) (-8192 -10240 1024 ) (-8192 -9216 1024 ) (-7168 -9216 1024 ) 
4 2317 2447 0 (-8192 -10240 0 ) (-8192 -10240 1024 ) (-8192 -9216 1024 ) (-8192 -9216 0 ) 
4 2317 2322 0 (-8192 -10240 1024 ) (-8192 -10240 0 ) (-7168 -10240 0 ) (-7168 -10240 1024 ) 
4 2317 2318 0 (-7168 -10240 0 ) (-8192 -10240 0 ) (-8192 -9216 0 ) (-7168 -9216 0 ) 
4 2318 2448 0 (-8192 -10240 -1024 ) (-8192 -10240 0 ) (-8192 -9216 0 ) (-8192 -9216 -1024 ) 
4 2318 2323 0 (-8192 -10240 0 ) (-8192 -10240 -1024 ) (-7168 -10240 -1024 ) (-7168 -10240 0 ) 
4 2318 2319 0 (-7168 -10240 -1024 ) (-8192 -10240 -1024 ) (-8192 -9216 -1024 ) (-7168 -9216 -1024 ) 
4 2319 2449 0 (-8192 -10240 -1440 ) (-8192 -10240 -1024 ) (-8192 -9216 -1024 ) (-8192 -9216 -1440 ) 
4 2319 2324 0 (-8192 -10240 -1024 ) (-8192 -10240 -1440 ) (-7168 -10240 -1440 ) (-7168 -10240 -1024 ) 
4 2320 2450 0 (-8192 -11264 2048 ) (-8192 -11264 2240 ) (-8192 -10240 2240 ) (-8192 -10240 2048 ) 
4 2320 2325 0 (-8192 -11264 2240 ) (-8192 -11264 2048 ) (-7168 -11264 2048 ) (-7168 -11264 2240 ) 
4 2320 2321 0 (-7168 -11264 2048 ) (-8192 -11264 2048 ) (-8192 -10240 2048 ) (-7168 -10240 2048 ) 
4 2321 2451 0 (-8192 -11264 1024 ) (-8192 -11264 2048 ) (-8192 -10240 2048 ) (-8192 -10240 1024 ) 
4 2321 2326 0 (-8192 -11264 2048 ) (-8192 -11264 1024 ) (-7168 -11264 1024 ) (-7168 -11264 2048 ) 
4 2321 2322 0 (-7168 -11264 1024 ) (-8192 -11264 1024 ) (-8192 -10240 1024 ) (-7168 -10240 1024 ) 
4 2322 2452 0 (-8192 -11264 0 ) (-8192 -11264 1024 ) (-8192 -10240 1024 ) (-8192 -10240 0 ) 
4 2322 2327 0 (-8192 -11264 1024 ) (-8192 -11264 0 ) (-7168 -11264 0 ) (-7168 -11264 1024 ) 
4 2322 2323 0 (-7168 -11264 0 ) (-8192 -11264 0 ) (-8192 -10240 0 ) (-7168 -10240 0 ) 
4 2323 2453 0 (-8192 -11264 -1024 ) (-8192 -11264 0 ) (-8192 -10240 0 ) (-8192 -10240 -1024 ) 
4 2323 2328 0 (-8192 -11264 0 ) (-8192 -11264 -1024 ) (-7168 -11264 -1024 ) (-7168 -11264 0 ) 
4 2323 2324 0 (-7168 -11264 -1024 ) (-8192 -11264 -1024 ) (-8192 -10240 -1024 ) (-7168 -10240 -1024 ) 
4 2324 2454 0 (-8192 -11264 -1440 ) (-8192 -11264 -1024 ) (-8192 -10240 -1024 ) (-8192 -10240 -1440 ) 
4 2324 2329 0 (-8192 -11264 -1024 ) (-8192 -11264 -1440 ) (-7168 -11264 -1440 ) (-7168 -11264 -1024 ) 
4 2325 2455 0 (-8192 -12288 2048 ) (-8192 -12288 2240 ) (-8192 -11264 2240 ) (-8192 -11264 2048 ) 
4 2325 2330 0 (-8192 -12288 2240 ) (-8192 -12288 2048 ) (-7168 -12288 2048 ) (-7168 -12288 2240 ) 
4 2325 2326 0 (-7168 -12288 2048 ) (-8192 -12288 2048 ) (-8192 -11264 2048 ) (-7168 -11264 2048 ) 
4 2326 2456 0 (-8192 -12288 1024 ) (-8192 -12288 2048 ) (-8192 -11264 2048 ) (-8192 -11264 1024 ) 
4 2326 2331 0 (-8192 -12288 2048 ) (-8192 -12288 1024 ) (-7168 -12288 1024 ) (-7168 -12288 2048 ) 
4 2326 2327 0 (-7168 -12288 1024 ) (-8192 -12288 1024 ) (-8192 -11264 1024 ) (-7168 -11264 1024 ) 
4 2327 2457 0 (-8192 -12288 0 ) (-8192 -12288 1024 ) (-8192 -11264 1024 ) (-8192 -11264 0 ) 
4 2327 2332 0 (-8192 -12288 1024 ) (-8192 -12288 0 ) (-7168 -12288 0 ) (-7168 -12288 1024 ) 
4 2327 2328 0 (-7168 -12288 0 ) (-8192 -12288 0 ) (-8192 -11264 0 ) (-7168 -11264 0 ) 
4 2328 2458 0 (-8192 -12288 -1024 ) (-8192 -12288 0 ) (-8192 -11264 0 ) (-8192 -11264 -1024 ) 
4 2328 2333 0 (-8192 -12288 0 ) (-8192 -12288 -1024 ) (-7168 -12288 -1024 ) (-7168 -12288 0 ) 
4 2328 2329 0 (-7168 -12288 -1024 ) (-8192 -12288 -1024 ) (-8192 -11264 -1024 ) (-7168 -11264 -1024 ) 
4 2329 2459 0 (-8192 -12288 -1440 ) (-8192 -12288 -1024 ) (-8192 -11264 -1024 ) (-8192 -11264 -1440 ) 
4 2329 2334 0 (-8192 -12288 -1024 ) (-8192 -12288 -1440 ) (-7168 -12288 -1440 ) (-7168 -12288 -1024 ) 
4 2330 2460 0 (-8192 -13312 2048 ) (-8192 -13312 2240 ) (-8192 -12288 2240 ) (-8192 -12288 2048 ) 
4 2330 2335 0 (-8192 -13312 2240 ) (-8192 -13312 2048 ) (-7168 -13312 2048 ) (-7168 -13312 2240 ) 
4 2330 2331 0 (-7168 -13312 2048 ) (-8192 -13312 2048 ) (-8192 -12288 2048 ) (-7168 -12288 2048 ) 
4 2331 2461 0 (-8192 -13312 1024 ) (-8192 -13312 2048 ) (-8192 -12288 2048 ) (-8192 -12288 1024 ) 
4 2331 2336 0 (-8192 -13312 2048 ) (-8192 -13312 1024 ) (-7168 -13312 1024 ) (-7168 -13312 2048 ) 
4 2331 2332 0 (-7168 -13312 1024 ) (-8192 -13312 1024 ) (-8192 -12288 1024 ) (-7168 -12288 1024 ) 
4 2332 2462 0 (-8192 -13312 0 ) (-8192 -13312 1024 ) (-8192 -12288 1024 ) (-8192 -12288 0 ) 
4 2332 2337 0 (-8192 -13312 1024 ) (-8192 -13312 0 ) (-7168 -13312 0 ) (-7168 -13312 1024 ) 
4 2332 2333 0 (-7168 -13312 0 ) (-8192 -13312 0 ) (-8192 -12288 0 ) (-7168 -12288 0 ) 
4 2333 2463 0 (-8192 -13312 -1024 ) (-8192 -13312 0 ) (-8192 -12288 0 ) (-8192 -12288 -1024 ) 
4 2333 2338 0 (-8192 -13312 0 ) (-8192 -13312 -1024 ) (-7168 -13312 -1024 ) (-7168 -13312 0 ) 
4 2333 2334 0 (-7168 -13312 -1024 ) (-8192 -13312 -1024 ) (-8192 -12288 -1024 ) (-7168 -12288 -1024 ) 
4 2334 2464 0 (-8192 -13312 -1440 ) (-8192 -13312 -1024 ) (-8192 -12288 -1024 ) (-8192 -12288 -1440 ) 
4 2334 2339 0 (-8192 -13312 -1024 ) (-8192 -13312 -1440 ) (-7168 -13312 -1440 ) (-7168 -13312 -1024 ) 
4 2335 2465 0 (-8192 -13408 2240 ) (-8192 -13312 2240 ) (-8192 -13312 2048 ) (-8192 -13408 2048 ) 
4 2335 2336 0 (-8192 -13408 2048 ) (-8192 -13312 2048 ) (-7168 -13312 2048 ) (-7168 -13408 2048 ) 
4 2336 2466 0 (-8192 -13408 2048 ) (-8192 -13312 2048 ) (-8192 -13312 1024 ) (-8192 -13408 1024 ) 
4 2336 2337 0 (-8192 -13408 1024 ) (-8192 -13312 1024 ) (-7168 -13312 1024 ) (-7168 -13408 1024 ) 
4 2337 2467 0 (-8192 -13408 1024 ) (-8192 -13312 1024 ) (-8192 -13312 0 ) (-8192 -13408 0 ) 
4 2337 2338 0 (-8192 -13408 0 ) (-8192 -13312 0 ) (-7168 -13312 0 ) (-7168 -13408 0 ) 
4 2338 2468 0 (-8192 -13408 0 ) (-8192 -13312 0 ) (-8192 -13312 -1024 ) (-8192 -13408 -1024 ) 
4 2338 2339 0 (-8192 -13408 -1024 ) (-8192 -13312 -1024 ) (-7168 -13312 -1024 ) (-7168 -13408 -1024 ) 
4 2339 2469 0 (-8192 -13408 -1024 ) (-8192 -13312 -1024 ) (-8192 -13312 -1440 ) (-8192 -13408 -1440 ) 
4 2340 2470 0 (-9216 11264 2048 ) (-9216 11264 2240 ) (-9216 11312 2240 ) (-9216 11312 2048 ) 
4 2340 2345 0 (-9216 11264 2240 ) (-9216 11264 2048 ) (-8192 11264 2048 ) (-8192 11264 2240 ) 
4 2340 2341 0 (-8192 11264 2048 ) (-9216 11264 2048 ) (-9216 11312 2048 ) (-8192 11312 2048 ) 
4 2341 2471 0 (-9216 11264 1024 ) (-9216 11264 2048 ) (-9216 11312 2048 ) (-9216 11312 1024 ) 
4 2341 2346 0 (-9216 11264 2048 ) (-9216 11264 1024 ) (-8192 11264 1024 ) (-8192 11264 2048 ) 
4 2341 2342 0 (-8192 11264 1024 ) (-9216 11264 1024 ) (-9216 11312 1024 ) (-8192 11312 1024 ) 
4 2342 2472 0 (-9216 11264 0 ) (-9216 11264 1024 ) (-9216 11312 1024 ) (-9216 11312 0 ) 
4 2342 2347 0 (-9216 11264 1024 ) (-9216 11264 0 ) (-8192 11264 0 ) (-8192 11264 1024 ) 
4 2342 2343 0 (-8192 11264 0 ) (-9216 11264 0 ) (-9216 11312 0 ) (-8192 11312 0 ) 
4 2343 2473 0 (-9216 11264 -1024 ) (-9216 11264 0 ) (-9216 11312 0 ) (-9216 11312 -1024 ) 
4 2343 2348 0 (-9216 11264 0 ) (-9216 11264 -1024 ) (-8192 11264 -1024 ) (-8192 11264 0 ) 
4 2343 2344 0 (-8192 11264 -1024 ) (-9216 11264 -1024 ) (-9216 11312 -1024 ) (-8192 11312 -1024 ) 
4 2344 2474 0 (-9216 11264 -1440 ) (-9216 11264 -1024 ) (-9216 11312 -1024 ) (-9216 11312 -1440 ) 
4 2344 2349 0 (-9216 11264 -1024 ) (-9216 11264 -1440 ) (-8192 11264 -1440 ) (-8192 11264 -1024 ) 
4 2345 2475 0 (-9216 10240 2048 ) (-9216 10240 2240 ) (-9216 11264 2240 ) (-9216 11264 2048 ) 
4 2345 2350 0 (-9216 10240 2240 ) (-9216 10240 2048 ) (-8192 10240 2048 ) (-8192 10240 2240 ) 
4 2345 2346 0 (-8192 10240 2048 ) (-9216 10240 2048 ) (-9216 11264 2048 ) (-8192 11264 2048 ) 
4 2346 2476 0 (-9216 10240 1024 ) (-9216 10240 2048 ) (-9216 11264 2048 ) (-9216 11264 1024 ) 
4 2346 2351 0 (-9216 10240 2048 ) (-9216 10240 1024 ) (-8192 10240 1024 ) (-8192 10240 2048 ) 
4 2346 2347 0 (-8192 10240 1024 ) (-9216 10240 1024 ) (-9216 11264 1024 ) (-8192 11264 1024 ) 
4 2347 2477 0 (-9216 10240 0 ) (-9216 10240 1024 ) (-9216 11264 1024 ) (-9216 11264 0 ) 
4 2347 2352 0 (-9216 10240 1024 ) (-9216 10240 0 ) (-8192 10240 0 ) (-8192 10240 1024 ) 
4 2347 2348 0 (-8192 10240 0 ) (-9216 10240 0 ) (-9216 11264 0 ) (-8192 11264 0 ) 
4 2348 2478 0 (-9216 10240 -1024 ) (-9216 10240 0 ) (-9216 11264 0 ) (-9216 11264 -1024 ) 
4 2348 2353 0 (-9216 10240 0 ) (-9216 10240 -1024 ) (-8192 10240 -1024 ) (-8192 10240 0 ) 
4 2348 2349 0 (-8192 10240 -1024 ) (-9216 10240 -1024 ) (-9216 11264 -1024 ) (-8192 11264 -1024 ) 
4 2349 2479 0 (-9216 10240 -1440 ) (-9216 10240 -1024 ) (-9216 11264 -1024 ) (-9216 11264 -1440 ) 
4 2349 2354 0 (-9216 10240 -1024 ) (-9216 10240 -1440 ) (-8192 10240 -1440 ) (-8192 10240 -1024 ) 
4 2350 2480 0 (-9216 9216 2048 ) (-9216 9216 2240 ) (-9216 10240 2240 ) (-9216 10240 2048 ) 
4 2350 2355 0 (-9216 9216 2240 ) (-9216 9216 2048 ) (-8192 9216 2048 ) (-8192 9216 2240 ) 
4 2350 2351 0 (-8192 9216 2048 ) (-9216 9216 2048 ) (-9216 10240 2048 ) (-8192 10240 2048 ) 
4 2351 2481 0 (-9216 9216 1024 ) (-9216 9216 2048 ) (-9216 10240 2048 ) (-9216 10240 1024 ) 
4 2351 2356 0 (-9216 9216 2048 ) (-9216 9216 1024 ) (-8192 9216 1024 ) (-8192 9216 2048 ) 
4 2351 2352 0 (-8192 9216 1024 ) (-9216 9216 1024 ) (-9216 10240 1024 ) (-8192 10240 1024 ) 
4 2352 2482 0 (-9216 9216 0 ) (-9216 9216 1024 ) (-9216 10240 1024 ) (-9216 10240 0 ) 
4 2352 2357 0 (-9216 9216 1024 ) (-9216 9216 0 ) (-8192 9216 0 ) (-8192 9216 1024 ) 
4 2352 2353 0 (-8192 9216 0 ) (-9216 9216 0 ) (-9216 10240 0 ) (-8192 10240 0 ) 
4 2353 2483 0 (-9216 9216 -1024 ) (-9216 9216 0 ) (-9216 10240 0 ) (-9216 10240 -1024 ) 
4 2353 2358 0 (-9216 9216 0 ) (-9216 9216 -1024 ) (-8192 9216 -1024 ) (-8192 9216 0 ) 
4 2353 2354 0 (-8192 9216 -1024 ) (-9216 9216 -1024 ) (-9216 10240 -1024 ) (-8192 10240 -1024 ) 
4 2354 2484 0 (-9216 9216 -1440 ) (-9216 9216 -1024 ) (-9216 10240 -1024 ) (-9216 10240 -1440 ) 
4 2354 2359 0 (-9216 9216 -1024 ) (-9216 9216 -1440 ) (-8192 9216 -1440 ) (-8192 9216 -1024 ) 
4 2355 2485 0 (-9216 8192 2048 ) (-9216 8192 2240 ) (-9216 9216 2240 ) (-9216 9216 2048 ) 
4 2355 2360 0 (-9216 8192 2240 ) (-9216 8192 2048 ) (-8192 8192 2048 ) (-8192 8192 2240 ) 
4 2355 2356 0 (-8192 8192 2048 ) (-9216 8192 2048 ) (-9216 9216 2048 ) (-8192 9216 2048 ) 
4 2356 2486 0 (-9216 8192 1024 ) (-9216 8192 2048 ) (-9216 9216 2048 ) (-9216 9216 1024 ) 
4 2356 2361 0 (-9216 8192 2048 ) (-9216 8192 1024 ) (-8192 8192 1024 ) (-8192 8192 2048 ) 
4 2356 2357 0 (-8192 8192 1024 ) (-9216 8192 1024 ) (-9216 9216 1024 ) (-8192 9216 1024 ) 
4 2357 2487 0 (-9216 8192 0 ) (-9216 8192 1024 ) (-9216 9216 1024 ) (-9216 9216 0 ) 
4 2357 2362 0 (-9216 8192 1024 ) (-9216 8192 0 ) (-8192 8192 0 ) (-8192 8192 1024 ) 
4 2357 2358 0 (-8192 8192 0 ) (-9216 8192 0 ) (-9216 9216 0 ) (-8192 9216 0 ) 
4 2358 2488 0 (-9216 8192 -1024 ) (-9216 8192 0 ) (-9216 9216 0 ) (-9216 9216 -1024 ) 
4 2358 2363 0 (-9216 8192 0 ) (-9216 8192 -1024 ) (-8192 8192 -1024 ) (-8192 8192 0 ) 
4 2358 2359 0 (-8192 8192 -1024 ) (-9216 8192 -1024 ) (-9216 9216 -1024 ) (-8192 9216 -1024 ) 
4 2359 2489 0 (-9216 8192 -1440 ) (-9216 8192 -1024 ) (-9216 9216 -1024 ) (-9216 9216 -1440 ) 
4 2359 2364 0 (-9216 8192 -1024 ) (-9216 8192 -1440 ) (-8192 8192 -1440 ) (-8192 8192 -1024 ) 
4 2360 2490 0 (-9216 7168 2048 ) (-9216 7168 2240 ) (-9216 8192 2240 ) (-9216 8192 2048 ) 
4 2360 2365 0 (-9216 7168 2240 ) (-9216 7168 2048 ) (-8192 7168 2048 ) (-8192 7168 2240 ) 
4 2360 2361 0 (-8192 7168 2048 ) (-9216 7168 2048 ) (-9216 8192 2048 ) (-8192 8192 2048 ) 
4 2361 2491 0 (-9216 7168 1024 ) (-9216 7168 2048 ) (-9216 8192 2048 ) (-9216 8192 1024 ) 
4 2361 2366 0 (-9216 7168 2048 ) (-9216 7168 1024 ) (-8192 7168 1024 ) (-8192 7168 2048 ) 
4 2361 2362 0 (-8192 7168 1024 ) (-9216 7168 1024 ) (-9216 8192 1024 ) (-8192 8192 1024 ) 
4 2362 2492 0 (-9216 7168 0 ) (-9216 7168 1024 ) (-9216 8192 1024 ) (-9216 8192 0 ) 
4 2362 2367 0 (-9216 7168 1024 ) (-9216 7168 0 ) (-8192 7168 0 ) (-8192 7168 1024 ) 
4 2362 2363 0 (-8192 7168 0 ) (-9216 7168 0 ) (-9216 8192 0 ) (-8192 8192 0 ) 
4 2363 2493 0 (-9216 7168 -1024 ) (-9216 7168 0 ) (-9216 8192 0 ) (-9216 8192 -1024 ) 
4 2363 2368 0 (-9216 7168 0 ) (-9216 7168 -1024 ) (-8192 7168 -1024 ) (-8192 7168 0 ) 
4 2363 2364 0 (-8192 7168 -1024 ) (-9216 7168 -1024 ) (-9216 8192 -1024 ) (-8192 8192 -1024 ) 
4 2364 2494 0 (-9216 7168 -1440 ) (-9216 7168 -1024 ) (-9216 8192 -1024 ) (-9216 8192 -1440 ) 
4 2364 2369 0 (-9216 7168 -1024 ) (-9216 7168 -1440 ) (-8192 7168 -1440 ) (-8192 7168 -1024 ) 
4 2365 2495 0 (-9216 6144 2048 ) (-9216 6144 2240 ) (-9216 7168 2240 ) (-9216 7168 2048 ) 
4 2365 2370 0 (-9216 6144 2240 ) (-9216 6144 2048 ) (-8192 6144 2048 ) (-8192 6144 2240 ) 
4 2365 2366 0 (-8192 6144 2048 ) (-9216 6144 2048 ) (-9216 7168 2048 ) (-8192 7168 2048 ) 
4 2366 2496 0 (-9216 6144 1024 ) (-9216 6144 2048 ) (-9216 7168 2048 ) (-9216 7168 1024 ) 
4 2366 2371 0 (-9216 6144 2048 ) (-9216 6144 1024 ) (-8192 6144 1024 ) (-8192 6144 2048 ) 
4 2366 2367 0 (-8192 6144 1024 ) (-9216 6144 1024 ) (-9216 7168 1024 ) (-8192 7168 1024 ) 
4 2367 2497 0 (-9216 6144 0 ) (-9216 6144 1024 ) (-9216 7168 1024 ) (-9216 7168 0 ) 
4 2367 2372 0 (-9216 6144 1024 ) (-9216 6144 0 ) (-8192 6144 0 ) (-8192 6144 1024 ) 
4 2367 2368 0 (-8192 6144 0 ) (-9216 6144 0 ) (-9216 7168 0 ) (-8192 7168 0 ) 
4 2368 2498 0 (-9216 6144 -1024 ) (-9216 6144 0 ) (-9216 7168 0 ) (-9216 7168 -1024 ) 
4 2368 2373 0 (-9216 6144 0 ) (-9216 6144 -1024 ) (-8192 6144 -1024 ) (-8192 6144 0 ) 
4 2368 2369 0 (-8192 6144 -1024 ) (-9216 6144 -1024 ) (-9216 7168 -1024 ) (-8192 7168 -1024 ) 
4 2369 2499 0 (-9216 6144 -1440 ) (-9216 6144 -1024 ) (-9216 7168 -1024 ) (-9216 7168 -1440 ) 
4 2369 2374 0 (-9216 6144 -1024 ) (-9216 6144 -1440 ) (-8192 6144 -1440 ) (-8192 6144 -1024 ) 
4 2370 2500 0 (-9216 5120 2048 ) (-9216 5120 2240 ) (-9216 6144 2240 ) (-9216 6144 2048 ) 
4 2370 2375 0 (-9216 5120 2240 ) (-9216 5120 2048 ) (-8192 5120 2048 ) (-8192 5120 2240 ) 
4 2370 2371 0 (-8192 5120 2048 ) (-9216 5120 2048 ) (-9216 6144 2048 ) (-8192 6144 2048 ) 
4 2371 2501 0 (-9216 5120 1024 ) (-9216 5120 2048 ) (-9216 6144 2048 ) (-9216 6144 1024 ) 
4 2371 2376 0 (-9216 5120 2048 ) (-9216 5120 1024 ) (-8192 5120 1024 ) (-8192 5120 2048 ) 
4 2371 2372 0 (-8192 5120 1024 ) (-9216 5120 1024 ) (-9216 6144 1024 ) (-8192 6144 1024 ) 
4 2372 2502 0 (-9216 5120 0 ) (-9216 5120 1024 ) (-9216 6144 1024 ) (-9216 6144 0 ) 
4 2372 2377 0 (-9216 5120 1024 ) (-9216 5120 0 ) (-8192 5120 0 ) (-8192 5120 1024 ) 
4 2372 2373 0 (-8192 5120 0 ) (-9216 5120 0 ) (-9216 6144 0 ) (-8192 6144 0 ) 
4 2373 2503 0 (-9216 5120 -1024 ) (-9216 5120 0 ) (-9216 6144 0 ) (-9216 6144 -1024 ) 
4 2373 2378 0 (-9216 5120 0 ) (-9216 5120 -1024 ) (-8192 5120 -1024 ) (-8192 5120 0 ) 
4 2373 2374 0 (-8192 5120 -1024 ) (-9216 5120 -1024 ) (-9216 6144 -1024 ) (-8192 6144 -1024 ) 
4 2374 2504 0 (-9216 5120 -1440 ) (-9216 5120 -1024 ) (-9216 6144 -1024 ) (-9216 6144 -1440 ) 
4 2374 2379 0 (-9216 5120 -1024 ) (-9216 5120 -1440 ) (-8192 5120 -1440 ) (-8192 5120 -1024 ) 
4 2375 2505 0 (-9216 4096 2048 ) (-9216 4096 2240 ) (-9216 5120 2240 ) (-9216 5120 2048 ) 
4 2375 2380 0 (-9216 4096 2240 ) (-9216 4096 2048 ) (-8192 4096 2048 ) (-8192 4096 2240 ) 
4 2375 2376 0 (-8192 4096 2048 ) (-9216 4096 2048 ) (-9216 5120 2048 ) (-8192 5120 2048 ) 
4 2376 2506 0 (-9216 4096 1024 ) (-9216 4096 2048 ) (-9216 5120 2048 ) (-9216 5120 1024 ) 
4 2376 2381 0 (-9216 4096 2048 ) (-9216 4096 1024 ) (-8192 4096 1024 ) (-8192 4096 2048 ) 
4 2376 2377 0 (-8192 4096 1024 ) (-9216 4096 1024 ) (-9216 5120 1024 ) (-8192 5120 1024 ) 
4 2377 2507 0 (-9216 4096 0 ) (-9216 4096 1024 ) (-9216 5120 1024 ) (-9216 5120 0 ) 
4 2377 2382 0 (-9216 4096 1024 ) (-9216 4096 0 ) (-8192 4096 0 ) (-8192 4096 1024 ) 
4 2377 2378 0 (-8192 4096 0 ) (-9216 4096 0 ) (-9216 5120 0 ) (-8192 5120 0 ) 
4 2378 2508 0 (-9216 4096 -1024 ) (-9216 4096 0 ) (-9216 5120 0 ) (-9216 5120 -1024 ) 
4 2378 2383 0 (-9216 4096 0 ) (-9216 4096 -1024 ) (-8192 4096 -1024 ) (-8192 4096 0 ) 
4 2378 2379 0 (-8192 4096 -1024 ) (-9216 4096 -1024 ) (-9216 5120 -1024 ) (-8192 5120 -1024 ) 
4 2379 2509 0 (-9216 4096 -1440 ) (-9216 4096 -1024 ) (-9216 5120 -1024 ) (-9216 5120 -1440 ) 
4 2379 2384 0 (-9216 4096 -1024 ) (-9216 4096 -1440 ) (-8192 4096 -1440 ) (-8192 4096 -1024 ) 
4 2380 2510 0 (-9216 3072 2048 ) (-9216 3072 2240 ) (-9216 4096 2240 ) (-9216 4096 2048 ) 
4 2380 2385 0 (-9216 3072 2240 ) (-9216 3072 2048 ) (-8192 3072 2048 ) (-8192 3072 2240 ) 
4 2380 2381 0 (-8192 3072 2048 ) (-9216 3072 2048 ) (-9216 4096 2048 ) (-8192 4096 2048 ) 
4 2381 2511 0 (-9216 3072 1024 ) (-9216 3072 2048 ) (-9216 4096 2048 ) (-9216 4096 1024 ) 
4 2381 2386 0 (-9216 3072 2048 ) (-9216 3072 1024 ) (-8192 3072 1024 ) (-8192 3072 2048 ) 
4 2381 2382 0 (-8192 3072 1024 ) (-9216 3072 1024 ) (-9216 4096 1024 ) (-8192 4096 1024 ) 
4 2382 2512 0 (-9216 3072 0 ) (-9216 3072 1024 ) (-9216 4096 1024 ) (-9216 4096 0 ) 
4 2382 2387 0 (-9216 3072 1024 ) (-9216 3072 0 ) (-8192 3072 0 ) (-8192 3072 1024 ) 
4 2382 2383 0 (-8192 3072 0 ) (-9216 3072 0 ) (-9216 4096 0 ) (-8192 4096 0 ) 
4 2383 2513 0 (-9216 3072 -1024 ) (-9216 3072 0 ) (-9216 4096 0 ) (-9216 4096 -1024 ) 
4 2383 2388 0 (-9216 3072 0 ) (-9216 3072 -1024 ) (-8192 3072 -1024 ) (-8192 3072 0 ) 
4 2383 2384 0 (-8192 3072 -1024 ) (-9216 3072 -1024 ) (-9216 4096 -1024 ) (-8192 4096 -1024 ) 
4 2384 2514 0 (-9216 3072 -1440 ) (-9216 3072 -1024 ) (-9216 4096 -1024 ) (-9216 4096 -1440 ) 
4 2384 2389 0 (-9216 3072 -1024 ) (-9216 3072 -1440 ) (-8192 3072 -1440 ) (-8192 3072 -1024 ) 
4 2385 2515 0 (-9216 2048 2048 ) (-9216 2048 2240 ) (-9216 3072 2240 ) (-9216 3072 2048 ) 
4 2385 2390 0 (-9216 2048 2240 ) (-9216 2048 2048 ) (-8192 2048 2048 ) (-8192 2048 2240 ) 
4 2385 2386 0 (-8192 2048 2048 ) (-9216 2048 2048 ) (-9216 3072 2048 ) (-8192 3072 2048 ) 
4 2386 2516 0 (-9216 2048 1024 ) (-9216 2048 2048 ) (-9216 3072 2048 ) (-9216 3072 1024 ) 
4 2386 2391 0 (-9216 2048 2048 ) (-9216 2048 1024 ) (-8192 2048 1024 ) (-8192 2048 2048 ) 
4 2386 2387 0 (-8192 2048 1024 ) (-9216 2048 1024 ) (-9216 3072 1024 ) (-8192 3072 1024 ) 
4 2387 2517 0 (-9216 2048 0 ) (-9216 2048 1024 ) (-9216 3072 1024 ) (-9216 3072 0 ) 
4 2387 2392 0 (-9216 2048 1024 ) (-9216 2048 0 ) (-8192 2048 0 ) (-8192 2048 1024 ) 
4 2387 2388 0 (-8192 2048 0 ) (-9216 2048 0 ) (-9216 3072 0 ) (-8192 3072 0 ) 
4 2388 2518 0 (-9216 2048 -1024 ) (-9216 2048 0 ) (-9216 3072 0 ) (-9216 3072 -1024 ) 
4 2388 2393 0 (-9216 2048 0 ) (-9216 2048 -1024 ) (-8192 2048 -1024 ) (-8192 2048 0 ) 
4 2388 2389 0 (-8192 2048 -1024 ) (-9216 2048 -1024 ) (-9216 3072 -1024 ) (-8192 3072 -1024 ) 
4 2389 2519 0 (-9216 2048 -1440 ) (-9216 2048 -1024 ) (-9216 3072 -1024 ) (-9216 3072 -1440 ) 
4 2389 2394 0 (-9216 2048 -1024 ) (-9216 2048 -1440 ) (-8192 2048 -1440 ) (-8192 2048 -1024 ) 
4 2390 2520 0 (-9216 1024 2048 ) (-9216 1024 2240 ) (-9216 2048 2240 ) (-9216 2048 2048 ) 
4 2390 2395 0 (-9216 1024 2240 ) (-9216 1024 2048 ) (-8192 1024 2048 ) (-8192 1024 2240 ) 
4 2390 2391 0 (-8192 1024 2048 ) (-9216 1024 2048 ) (-9216 2048 2048 ) (-8192 2048 2048 ) 
4 2391 2521 0 (-9216 1024 1024 ) (-9216 1024 2048 ) (-9216 2048 2048 ) (-9216 2048 1024 ) 
4 2391 2396 0 (-9216 1024 2048 ) (-9216 1024 1024 ) (-8192 1024 1024 ) (-8192 1024 2048 ) 
4 2391 2392 0 (-8192 1024 1024 ) (-9216 1024 1024 ) (-9216 2048 1024 ) (-8192 2048 1024 ) 
4 2392 2522 0 (-9216 1024 0 ) (-9216 1024 1024 ) (-9216 2048 1024 ) (-9216 2048 0 ) 
4 2392 2397 0 (-9216 1024 1024 ) (-9216 1024 0 ) (-8192 1024 0 ) (-8192 1024 1024 ) 
4 2392 2393 0 (-8192 1024 0 ) (-9216 1024 0 ) (-9216 2048 0 ) (-8192 2048 0 ) 
4 2393 2523 0 (-9216 1024 -1024 ) (-9216 1024 0 ) (-9216 2048 0 ) (-9216 2048 -1024 ) 
4 2393 2398 0 (-9216 1024 0 ) (-9216 1024 -1024 ) (-8192 1024 -1024 ) (-8192 1024 0 ) 
4 2393 2394 0 (-8192 1024 -1024 ) (-9216 1024 -1024 ) (-9216 2048 -1024 ) (-8192 2048 -1024 ) 
4 2394 2524 0 (-9216 1024 -1440 ) (-9216 1024 -1024 ) (-9216 2048 -1024 ) (-9216 2048 -1440 ) 
4 2394 2399 0 (-9216 1024 -1024 ) (-9216 1024 -1440 ) (-8192 1024 -1440 ) (-8192 1024 -1024 ) 
4 2395 2525 0 (-9216 0 2048 ) (-9216 0 2240 ) (-9216 1024 2240 ) (-9216 1024 2048 ) 
4 2395 2400 0 (-9216 0 2240 ) (-9216 0 2048 ) (-8192 0 2048 ) (-8192 0 2240 ) 
4 2395 2396 0 (-8192 0 2048 ) (-9216 0 2048 ) (-9216 1024 2048 ) (-8192 1024 2048 ) 
4 2396 2526 0 (-9216 0 1024 ) (-9216 0 2048 ) (-9216 1024 2048 ) (-9216 1024 1024 ) 
4 2396 2401 0 (-9216 0 2048 ) (-9216 0 1024 ) (-8192 0 1024 ) (-8192 0 2048 ) 
4 2396 2397 0 (-8192 0 1024 ) (-9216 0 1024 ) (-9216 1024 1024 ) (-8192 1024 1024 ) 
4 2397 2527 0 (-9216 0 0 ) (-9216 0 1024 ) (-9216 1024 1024 ) (-9216 1024 0 ) 
4 2397 2402 0 (-9216 0 1024 ) (-9216 0 0 ) (-8192 0 0 ) (-8192 0 1024 ) 
4 2397 2398 0 (-8192 0 0 ) (-9216 0 0 ) (-9216 1024 0 ) (-8192 1024 0 ) 
4 2398 2528 0 (-9216 0 -1024 ) (-9216 0 0 ) (-9216 1024 0 ) (-9216 1024 -1024 ) 
4 2398 2403 0 (-9216 0 0 ) (-9216 0 -1024 ) (-8192 0 -1024 ) (-8192 0 0 ) 
4 2398 2399 0 (-8192 0 -1024 ) (-9216 0 -1024 ) (-9216 1024 -1024 ) (-8192 1024 -1024 ) 
4 2399 2529 0 (-9216 0 -1440 ) (-9216 0 -1024 ) (-9216 1024 -1024 ) (-9216 1024 -1440 ) 
4 2399 2404 0 (-9216 0 -1024 ) (-9216 0 -1440 ) (-8192 0 -1440 ) (-8192 0 -1024 ) 
4 2400 2530 0 (-9216 -1024 2048 ) (-9216 -1024 2240 ) (-9216 0 2240 ) (-9216 0 2048 ) 
4 2400 2405 0 (-9216 -1024 2240 ) (-9216 -1024 2048 ) (-8192 -1024 2048 ) (-8192 -1024 2240 ) 
4 2400 2401 0 (-8192 -1024 2048 ) (-9216 -1024 2048 ) (-9216 0 2048 ) (-8192 0 2048 ) 
4 2401 2531 0 (-9216 -1024 1024 ) (-9216 -1024 2048 ) (-9216 0 2048 ) (-9216 0 1024 ) 
4 2401 2406 0 (-9216 -1024 2048 ) (-9216 -1024 1024 ) (-8192 -1024 1024 ) (-8192 -1024 2048 ) 
4 2401 2402 0 (-8192 -1024 1024 ) (-9216 -1024 1024 ) (-9216 0 1024 ) (-8192 0 1024 ) 
4 2402 2532 0 (-9216 -1024 0 ) (-9216 -1024 1024 ) (-9216 0 1024 ) (-9216 0 0 ) 
4 2402 2407 0 (-9216 -1024 1024 ) (-9216 -1024 0 ) (-8192 -1024 0 ) (-8192 -1024 1024 ) 
4 2402 2403 0 (-8192 -1024 0 ) (-9216 -1024 0 ) (-9216 0 0 ) (-8192 0 0 ) 
4 2403 2533 0 (-9216 -1024 -1024 ) (-9216 -1024 0 ) (-9216 0 0 ) (-9216 0 -1024 ) 
4 2403 2408 0 (-9216 -1024 0 ) (-9216 -1024 -1024 ) (-8192 -1024 -1024 ) (-8192 -1024 0 ) 
4 2403 2404 0 (-8192 -1024 -1024 ) (-9216 -1024 -1024 ) (-9216 0 -1024 ) (-8192 0 -1024 ) 
4 2404 2534 0 (-9216 -1024 -1440 ) (-9216 -1024 -1024 ) (-9216 0 -1024 ) (-9216 0 -1440 ) 
4 2404 2409 0 (-9216 -1024 -1024 ) (-9216 -1024 -1440 ) (-8192 -1024 -1440 ) (-8192 -1024 -1024 ) 
4 2405 2535 0 (-9216 -2048 2048 ) (-9216 -2048 2240 ) (-9216 -1024 2240 ) (-9216 -1024 2048 ) 
4 2405 2410 0 (-9216 -2048 2240 ) (-9216 -2048 2048 ) (-8192 -2048 2048 ) (-8192 -2048 2240 ) 
4 2405 2406 0 (-8192 -2048 2048 ) (-9216 -2048 2048 ) (-9216 -1024 2048 ) (-8192 -1024 2048 ) 
4 2406 2536 0 (-9216 -2048 1024 ) (-9216 -2048 2048 ) (-9216 -1024 2048 ) (-9216 -1024 1024 ) 
4 2406 2411 0 (-9216 -2048 2048 ) (-9216 -2048 1024 ) (-8192 -2048 1024 ) (-8192 -2048 2048 ) 
4 2406 2407 0 (-8192 -2048 1024 ) (-9216 -2048 1024 ) (-9216 -1024 1024 ) (-8192 -1024 1024 ) 
4 2407 2537 0 (-9216 -2048 0 ) (-9216 -2048 1024 ) (-9216 -1024 1024 ) (-9216 -1024 0 ) 
4 2407 2412 0 (-9216 -2048 1024 ) (-9216 -2048 0 ) (-8192 -2048 0 ) (-8192 -2048 1024 ) 
4 2407 2408 0 (-8192 -2048 0 ) (-9216 -2048 0 ) (-9216 -1024 0 ) (-8192 -1024 0 ) 
4 2408 2538 0 (-9216 -2048 -1024 ) (-9216 -2048 0 ) (-9216 -1024 0 ) (-9216 -1024 -1024 ) 
4 2408 2413 0 (-9216 -2048 0 ) (-9216 -2048 -1024 ) (-8192 -2048 -1024 ) (-8192 -2048 0 ) 
4 2408 2409 0 (-8192 -2048 -1024 ) (-9216 -2048 -1024 ) (-9216 -1024 -1024 ) (-8192 -1024 -1024 ) 
4 2409 2539 0 (-9216 -2048 -1440 ) (-9216 -2048 -1024 ) (-9216 -1024 -1024 ) (-9216 -1024 -1440 ) 
4 2409 2414 0 (-9216 -2048 -1024 ) (-9216 -2048 -1440 ) (-8192 -2048 -1440 ) (-8192 -2048 -1024 ) 
4 2410 2540 0 (-9216 -3072 2048 ) (-9216 -3072 2240 ) (-9216 -2048 2240 ) (-9216 -2048 2048 ) 
4 2410 2415 0 (-9216 -3072 2240 ) (-9216 -3072 2048 ) (-8192 -3072 2048 ) (-8192 -3072 2240 ) 
4 2410 2411 0 (-8192 -3072 2048 ) (-9216 -3072 2048 ) (-9216 -2048 2048 ) (-8192 -2048 2048 ) 
4 2411 2541 0 (-9216 -3072 1024 ) (-9216 -3072 2048 ) (-9216 -2048 2048 ) (-9216 -2048 1024 ) 
4 2411 2416 0 (-9216 -3072 2048 ) (-9216 -3072 1024 ) (-8192 -3072 1024 ) (-8192 -3072 2048 ) 
4 2411 2412 0 (-8192 -3072 1024 ) (-9216 -3072 1024 ) (-9216 -2048 1024 ) (-8192 -2048 1024 ) 
4 2412 2542 0 (-9216 -3072 0 ) (-9216 -3072 1024 ) (-9216 -2048 1024 ) (-9216 -2048 0 ) 
4 2412 2417 0 (-9216 -3072 1024 ) (-9216 -3072 0 ) (-8192 -3072 0 ) (-8192 -3072 1024 ) 
4 2412 2413 0 (-8192 -3072 0 ) (-9216 -3072 0 ) (-9216 -2048 0 ) (-8192 -2048 0 ) 
4 2413 2543 0 (-9216 -3072 -1024 ) (-9216 -3072 0 ) (-9216 -2048 0 ) (-9216 -2048 -1024 ) 
4 2413 2418 0 (-9216 -3072 0 ) (-9216 -3072 -1024 ) (-8192 -3072 -1024 ) (-8192 -3072 0 ) 
4 2413 2414 0 (-8192 -3072 -1024 ) (-9216 -3072 -1024 ) (-9216 -2048 -1024 ) (-8192 -2048 -1024 ) 
4 2414 2544 0 (-9216 -3072 -1440 ) (-9216 -3072 -1024 ) (-9216 -2048 -1024 ) (-9216 -2048 -1440 ) 
4 2414 2419 0 (-9216 -3072 -1024 ) (-9216 -3072 -1440 ) (-8192 -3072 -1440 ) (-8192 -3072 -1024 ) 
4 2415 2545 0 (-9216 -4096 2048 ) (-9216 -4096 2240 ) (-9216 -3072 2240 ) (-9216 -3072 2048 ) 
4 2415 2420 0 (-9216 -4096 2240 ) (-9216 -4096 2048 ) (-8192 -4096 2048 ) (-8192 -4096 2240 ) 
4 2415 2416 0 (-8192 -4096 2048 ) (-9216 -4096 2048 ) (-9216 -3072 2048 ) (-8192 -3072 2048 ) 
4 2416 2546 0 (-9216 -4096 1024 ) (-9216 -4096 2048 ) (-9216 -3072 2048 ) (-9216 -3072 1024 ) 
4 2416 2421 0 (-9216 -4096 2048 ) (-9216 -4096 1024 ) (-8192 -4096 1024 ) (-8192 -4096 2048 ) 
4 2416 2417 0 (-8192 -4096 1024 ) (-9216 -4096 1024 ) (-9216 -3072 1024 ) (-8192 -3072 1024 ) 
4 2417 2547 0 (-9216 -4096 0 ) (-9216 -4096 1024 ) (-9216 -3072 1024 ) (-9216 -3072 0 ) 
4 2417 2422 0 (-9216 -4096 1024 ) (-9216 -4096 0 ) (-8192 -4096 0 ) (-8192 -4096 1024 ) 
4 2417 2418 0 (-8192 -4096 0 ) (-9216 -4096 0 ) (-9216 -3072 0 ) (-8192 -3072 0 ) 
4 2418 2548 0 (-9216 -4096 -1024 ) (-9216 -4096 0 ) (-9216 -3072 0 ) (-9216 -3072 -1024 ) 
4 2418 2423 0 (-9216 -4096 0 ) (-9216 -4096 -1024 ) (-8192 -4096 -1024 ) (-8192 -4096 0 ) 
4 2418 2419 0 (-8192 -4096 -1024 ) (-9216 -4096 -1024 ) (-9216 -3072 -1024 ) (-8192 -3072 -1024 ) 
4 2419 2549 0 (-9216 -4096 -1440 ) (-9216 -4096 -1024 ) (-9216 -3072 -1024 ) (-9216 -3072 -1440 ) 
4 2419 2424 0 (-9216 -4096 -1024 ) (-9216 -4096 -1440 ) (-8192 -4096 -1440 ) (-8192 -4096 -1024 ) 
4 2420 2550 0 (-9216 -5120 2048 ) (-9216 -5120 2240 ) (-9216 -4096 2240 ) (-9216 -4096 2048 ) 
4 2420 2425 0 (-9216 -5120 2240 ) (-9216 -5120 2048 ) (-8192 -5120 2048 ) (-8192 -5120 2240 ) 
4 2420 2421 0 (-8192 -5120 2048 ) (-9216 -5120 2048 ) (-9216 -4096 2048 ) (-8192 -4096 2048 ) 
4 2421 2551 0 (-9216 -5120 1024 ) (-9216 -5120 2048 ) (-9216 -4096 2048 ) (-9216 -4096 1024 ) 
4 2421 2426 0 (-9216 -5120 2048 ) (-9216 -5120 1024 ) (-8192 -5120 1024 ) (-8192 -5120 2048 ) 
4 2421 2422 0 (-8192 -5120 1024 ) (-9216 -5120 1024 ) (-9216 -4096 1024 ) (-8192 -4096 1024 ) 
4 2422 2552 0 (-9216 -5120 0 ) (-9216 -5120 1024 ) (-9216 -4096 1024 ) (-9216 -4096 0 ) 
4 2422 2427 0 (-9216 -5120 1024 ) (-9216 -5120 0 ) (-8192 -5120 0 ) (-8192 -5120 1024 ) 
4 2422 2423 0 (-8192 -5120 0 ) (-9216 -5120 0 ) (-9216 -4096 0 ) (-8192 -4096 0 ) 
4 2423 2553 0 (-9216 -5120 -1024 ) (-9216 -5120 0 ) (-9216 -4096 0 ) (-9216 -4096 -1024 ) 
4 2423 2428 0 (-9216 -5120 0 ) (-9216 -5120 -1024 ) (-8192 -5120 -1024 ) (-8192 -5120 0 ) 
4 2423 2424 0 (-8192 -5120 -1024 ) (-9216 -5120 -1024 ) (-9216 -4096 -1024 ) (-8192 -4096 -1024 ) 
4 2424 2554 0 (-9216 -5120 -1440 ) (-9216 -5120 -1024 ) (-9216 -4096 -1024 ) (-9216 -4096 -1440 ) 
4 2424 2429 0 (-9216 -5120 -1024 ) (-9216 -5120 -1440 ) (-8192 -5120 -1440 ) (-8192 -5120 -1024 ) 
4 2425 2555 0 (-9216 -6144 2048 ) (-9216 -6144 2240 ) (-9216 -5120 2240 ) (-9216 -5120 2048 ) 
4 2425 2430 0 (-9216 -6144 2240 ) (-9216 -6144 2048 ) (-8192 -6144 2048 ) (-8192 -6144 2240 ) 
4 2425 2426 0 (-8192 -6144 2048 ) (-9216 -6144 2048 ) (-9216 -5120 2048 ) (-8192 -5120 2048 ) 
4 2426 2556 0 (-9216 -6144 1024 ) (-9216 -6144 2048 ) (-9216 -5120 2048 ) (-9216 -5120 1024 ) 
4 2426 2431 0 (-9216 -6144 2048 ) (-9216 -6144 1024 ) (-8192 -6144 1024 ) (-8192 -6144 2048 ) 
4 2426 2427 0 (-8192 -6144 1024 ) (-9216 -6144 1024 ) (-9216 -5120 1024 ) (-8192 -5120 1024 ) 
4 2427 2557 0 (-9216 -6144 0 ) (-9216 -6144 1024 ) (-9216 -5120 1024 ) (-9216 -5120 0 ) 
4 2427 2432 0 (-9216 -6144 1024 ) (-9216 -6144 0 ) (-8192 -6144 0 ) (-8192 -6144 1024 ) 
4 2427 2428 0 (-8192 -6144 0 ) (-9216 -6144 0 ) (-9216 -5120 0 ) (-8192 -5120 0 ) 
4 2428 2558 0 (-9216 -6144 -1024 ) (-9216 -6144 0 ) (-9216 -5120 0 ) (-9216 -5120 -1024 ) 
4 2428 2433 0 (-9216 -6144 0 ) (-9216 -6144 -1024 ) (-8192 -6144 -1024 ) (-8192 -6144 0 ) 
4 2428 2429 0 (-8192 -6144 -1024 ) (-9216 -6144 -1024 ) (-9216 -5120 -1024 ) (-8192 -5120 -1024 ) 
4 2429 2559 0 (-9216 -6144 -1440 ) (-9216 -6144 -1024 ) (-9216 -5120 -1024 ) (-9216 -5120 -1440 ) 
4 2429 2434 0 (-9216 -6144 -1024 ) (-9216 -6144 -1440 ) (-8192 -6144 -1440 ) (-8192 -6144 -1024 ) 
4 2430 2560 0 (-9216 -7168 2048 ) (-9216 -7168 2240 ) (-9216 -6144 2240 ) (-9216 -6144 2048 ) 
4 2430 2435 0 (-9216 -7168 2240 ) (-9216 -7168 2048 ) (-8192 -7168 2048 ) (-8192 -7168 2240 ) 
4 2430 2431 0 (-8192 -7168 2048 ) (-9216 -7168 2048 ) (-9216 -6144 2048 ) (-8192 -6144 2048 ) 
4 2431 2561 0 (-9216 -7168 1024 ) (-9216 -7168 2048 ) (-9216 -6144 2048 ) (-9216 -6144 1024 ) 
4 2431 2436 0 (-9216 -7168 2048 ) (-9216 -7168 1024 ) (-8192 -7168 1024 ) (-8192 -7168 2048 ) 
4 2431 2432 0 (-8192 -7168 1024 ) (-9216 -7168 1024 ) (-9216 -6144 1024 ) (-8192 -6144 1024 ) 
4 2432 2562 0 (-9216 -7168 0 ) (-9216 -7168 1024 ) (-9216 -6144 1024 ) (-9216 -6144 0 ) 
4 2432 2437 0 (-9216 -7168 1024 ) (-9216 -7168 0 ) (-8192 -7168 0 ) (-8192 -7168 1024 ) 
4 2432 2433 0 (-8192 -7168 0 ) (-9216 -7168 0 ) (-9216 -6144 0 ) (-8192 -6144 0 ) 
4 2433 2563 0 (-9216 -7168 -1024 ) (-9216 -7168 0 ) (-9216 -6144 0 ) (-9216 -6144 -1024 ) 
4 2433 2438 0 (-9216 -7168 0 ) (-9216 -7168 -1024 ) (-8192 -7168 -1024 ) (-8192 -7168 0 ) 
4 2433 2434 0 (-8192 -7168 -1024 ) (-9216 -7168 -1024 ) (-9216 -6144 -1024 ) (-8192 -6144 -1024 ) 
4 2434 2564 0 (-9216 -7168 -1440 ) (-9216 -7168 -1024 ) (-9216 -6144 -1024 ) (-9216 -6144 -1440 ) 
4 2434 2439 0 (-9216 -7168 -1024 ) (-9216 -7168 -1440 ) (-8192 -7168 -1440 ) (-8192 -7168 -1024 ) 
4 2435 2565 0 (-9216 -8192 2048 ) (-9216 -8192 2240 ) (-9216 -7168 2240 ) (-9216 -7168 2048 ) 
4 2435 2440 0 (-9216 -8192 2240 ) (-9216 -8192 2048 ) (-8192 -8192 2048 ) (-8192 -8192 2240 ) 
4 2435 2436 0 (-8192 -8192 2048 ) (-9216 -8192 2048 ) (-9216 -7168 2048 ) (-8192 -7168 2048 ) 
4 2436 2566 0 (-9216 -8192 1024 ) (-9216 -8192 2048 ) (-9216 -7168 2048 ) (-9216 -7168 1024 ) 
4 2436 2441 0 (-9216 -8192 2048 ) (-9216 -8192 1024 ) (-8192 -8192 1024 ) (-8192 -8192 2048 ) 
4 2436 2437 0 (-8192 -8192 1024 ) (-9216 -8192 1024 ) (-9216 -7168 1024 ) (-8192 -7168 1024 ) 
4 2437 2567 0 (-9216 -8192 0 ) (-9216 -8192 1024 ) (-9216 -7168 1024 ) (-9216 -7168 0 ) 
4 2437 2442 0 (-9216 -8192 1024 ) (-9216 -8192 0 ) (-8192 -8192 0 ) (-8192 -8192 1024 ) 
4 2437 2438 0 (-8192 -8192 0 ) (-9216 -8192 0 ) (-9216 -7168 0 ) (-8192 -7168 0 ) 
4 2438 2568 0 (-9216 -8192 -1024 ) (-9216 -8192 0 ) (-9216 -7168 0 ) (-9216 -7168 -1024 ) 
4 2438 2443 0 (-9216 -8192 0 ) (-9216 -8192 -1024 ) (-8192 -8192 -1024 ) (-8192 -8192 0 ) 
4 2438 2439 0 (-8192 -8192 -1024 ) (-9216 -8192 -1024 ) (-9216 -7168 -1024 ) (-8192 -7168 -1024 ) 
4 2439 2569 0 (-9216 -8192 -1440 ) (-9216 -8192 -1024 ) (-9216 -7168 -1024 ) (-9216 -7168 -1440 ) 
4 2439 2444 0 (-9216 -8192 -1024 ) (-9216 -8192 -1440 ) (-8192 -8192 -1440 ) (-8192 -8192 -1024 ) 
4 2440 2570 0 (-9216 -9216 2048 ) (-9216 -9216 2240 ) (-9216 -8192 2240 ) (-9216 -8192 2048 ) 
4 2440 2445 0 (-9216 -9216 2240 ) (-9216 -9216 2048 ) (-8192 -9216 2048 ) (-8192 -9216 2240 ) 
4 2440 2441 0 (-8192 -9216 2048 ) (-9216 -9216 2048 ) (-9216 -8192 2048 ) (-8192 -8192 2048 ) 
4 2441 2571 0 (-9216 -9216 1024 ) (-9216 -9216 2048 ) (-9216 -8192 2048 ) (-9216 -8192 1024 ) 
4 2441 2446 0 (-9216 -9216 2048 ) (-9216 -9216 1024 ) (-8192 -9216 1024 ) (-8192 -9216 2048 ) 
4 2441 2442 0 (-8192 -9216 1024 ) (-9216 -9216 1024 ) (-9216 -8192 1024 ) (-8192 -8192 1024 ) 
4 2442 2572 0 (-9216 -9216 0 ) (-9216 -9216 1024 ) (-9216 -8192 1024 ) (-9216 -8192 0 ) 
4 2442 2447 0 (-9216 -9216 1024 ) (-9216 -9216 0 ) (-8192 -9216 0 ) (-8192 -9216 1024 ) 
4 2442 2443 0 (-8192 -9216 0 ) (-9216 -9216 0 ) (-9216 -8192 0 ) (-8192 -8192 0 ) 
4 2443 2573 0 (-9216 -9216 -1024 ) (-9216 -9216 0 ) (-9216 -8192 0 ) (-9216 -8192 -1024 ) 
4 2443 2448 0 (-9216 -9216 0 ) (-9216 -9216 -1024 ) (-8192 -9216 -1024 ) (-8192 -9216 0 ) 
4 2443 2444 0 (-8192 -9216 -1024 ) (-9216 -9216 -1024 ) (-9216 -8192 -1024 ) (-8192 -8192 -1024 ) 
4 2444 2574 0 (-9216 -9216 -1440 ) (-9216 -9216 -1024 ) (-9216 -8192 -1024 ) (-9216 -8192 -1440 ) 
4 2444 2449 0 (-9216 -9216 -1024 ) (-9216 -9216 -1440 ) (-8192 -9216 -1440 ) (-8192 -9216 -1024 ) 
4 2445 2575 0 (-9216 -10240 2048 ) (-9216 -10240 2240 ) (-9216 -9216 2240 ) (-9216 -9216 2048 ) 
4 2445 2450 0 (-9216 -10240 2240 ) (-9216 -10240 2048 ) (-8192 -10240 2048 ) (-8192 -10240 2240 ) 
4 2445 2446 0 (-8192 -10240 2048 ) (-9216 -10240 2048 ) (-9216 -9216 2048 ) (-8192 -9216 2048 ) 
4 2446 2576 0 (-9216 -10240 1024 ) (-9216 -10240 2048 ) (-9216 -9216 2048 ) (-9216 -9216 1024 ) 
4 2446 2451 0 (-9216 -10240 2048 ) (-9216 -10240 1024 ) (-8192 -10240 1024 ) (-8192 -10240 2048 ) 
4 2446 2447 0 (-8192 -10240 1024 ) (-9216 -10240 1024 ) (-9216 -9216 1024 ) (-8192 -9216 1024 ) 
4 2447 2577 0 (-9216 -10240 0 ) (-9216 -10240 1024 ) (-9216 -9216 1024 ) (-9216 -9216 0 ) 
4 2447 2452 0 (-9216 -10240 1024 ) (-9216 -10240 0 ) (-8192 -10240 0 ) (-8192 -10240 1024 ) 
4 2447 2448 0 (-8192 -10240 0 ) (-9216 -10240 0 ) (-9216 -9216 0 ) (-8192 -9216 0 ) 
4 2448 2578 0 (-9216 -10240 -1024 ) (-9216 -10240 0 ) (-9216 -9216 0 ) (-9216 -9216 -1024 ) 
4 2448 2453 0 (-9216 -10240 0 ) (-9216 -10240 -1024 ) (-8192 -10240 -1024 ) (-8192 -10240 0 ) 
4 2448 2449 0 (-8192 -10240 -1024 ) (-9216 -10240 -1024 ) (-9216 -9216 -1024 ) (-8192 -9216 -1024 ) 
4 2449 2579 0 (-9216 -10240 -1440 ) (-9216 -10240 -1024 ) (-9216 -9216 -1024 ) (-9216 -9216 -1440 ) 
4 2449 2454 0 (-9216 -10240 -1024 ) (-9216 -10240 -1440 ) (-8192 -10240 -1440 ) (-8192 -10240 -1024 ) 
4 2450 2580 0 (-9216 -11264 2048 ) (-9216 -11264 2240 ) (-9216 -10240 2240 ) (-9216 -10240 2048 ) 
4 2450 2455 0 (-9216 -11264 2240 ) (-9216 -11264 2048 ) (-8192 -11264 2048 ) (-8192 -11264 2240 ) 
4 2450 2451 0 (-8192 -11264 2048 ) (-9216 -11264 2048 ) (-9216 -10240 2048 ) (-8192 -10240 2048 ) 
4 2451 2581 0 (-9216 -11264 1024 ) (-9216 -11264 2048 ) (-9216 -10240 2048 ) (-9216 -10240 1024 ) 
4 2451 2456 0 (-9216 -11264 2048 ) (-9216 -11264 1024 ) (-8192 -11264 1024 ) (-8192 -11264 2048 ) 
4 2451 2452 0 (-8192 -11264 1024 ) (-9216 -11264 1024 ) (-9216 -10240 1024 ) (-8192 -10240 1024 ) 
4 2452 2582 0 (-9216 -11264 0 ) (-9216 -11264 1024 ) (-9216 -10240 1024 ) (-9216 -10240 0 ) 
4 2452 2457 0 (-9216 -11264 1024 ) (-9216 -11264 0 ) (-8192 -11264 0 ) (-8192 -11264 1024 ) 
4 2452 2453 0 (-8192 -11264 0 ) (-9216 -11264 0 ) (-9216 -10240 0 ) (-8192 -10240 0 ) 
4 2453 2583 0 (-9216 -11264 -1024 ) (-9216 -11264 0 ) (-9216 -10240 0 ) (-9216 -10240 -1024 ) 
4 2453 2458 0 (-9216 -11264 0 ) (-9216 -11264 -1024 ) (-8192 -11264 -1024 ) (-8192 -11264 0 ) 
4 2453 2454 0 (-8192 -11264 -1024 ) (-9216 -11264 -1024 ) (-9216 -10240 -1024 ) (-8192 -10240 -1024 ) 
4 2454 2584 0 (-9216 -11264 -1440 ) (-9216 -11264 -1024 ) (-9216 -10240 -1024 ) (-9216 -10240 -1440 ) 
4 2454 2459 0 (-9216 -11264 -1024 ) (-9216 -11264 -1440 ) (-8192 -11264 -1440 ) (-8192 -11264 -1024 ) 
4 2455 2585 0 (-9216 -12288 2048 ) (-9216 -12288 2240 ) (-9216 -11264 2240 ) (-9216 -11264 2048 ) 
4 2455 2460 0 (-9216 -12288 2240 ) (-9216 -12288 2048 ) (-8192 -12288 2048 ) (-8192 -12288 2240 ) 
4 2455 2456 0 (-8192 -12288 2048 ) (-9216 -12288 2048 ) (-9216 -11264 2048 ) (-8192 -11264 2048 ) 
4 2456 2586 0 (-9216 -12288 1024 ) (-9216 -12288 2048 ) (-9216 -11264 2048 ) (-9216 -11264 1024 ) 
4 2456 2461 0 (-9216 -12288 2048 ) (-9216 -12288 1024 ) (-8192 -12288 1024 ) (-8192 -12288 2048 ) 
4 2456 2457 0 (-8192 -12288 1024 ) (-9216 -12288 1024 ) (-9216 -11264 1024 ) (-8192 -11264 1024 ) 
4 2457 2587 0 (-9216 -12288 0 ) (-9216 -12288 1024 ) (-9216 -11264 1024 ) (-9216 -11264 0 ) 
4 2457 2462 0 (-9216 -12288 1024 ) (-9216 -12288 0 ) (-8192 -12288 0 ) (-8192 -12288 1024 ) 
4 2457 2458 0 (-8192 -12288 0 ) (-9216 -12288 0 ) (-9216 -11264 0 ) (-8192 -11264 0 ) 
4 2458 2588 0 (-9216 -12288 -1024 ) (-9216 -12288 0 ) (-9216 -11264 0 ) (-9216 -11264 -1024 ) 
4 2458 2463 0 (-9216 -12288 0 ) (-9216 -12288 -1024 ) (-8192 -12288 -1024 ) (-8192 -12288 0 ) 
4 2458 2459 0 (-8192 -12288 -1024 ) (-9216 -12288 -1024 ) (-9216 -11264 -1024 ) (-8192 -11264 -1024 ) 
4 2459 2589 0 (-9216 -12288 -1440 ) (-9216 -12288 -1024 ) (-9216 -11264 -1024 ) (-9216 -11264 -1440 ) 
4 2459 2464 0 (-9216 -12288 -1024 ) (-9216 -12288 -1440 ) (-8192 -12288 -1440 ) (-8192 -12288 -1024 ) 
4 2460 2590 0 (-9216 -13312 2048 ) (-9216 -13312 2240 ) (-9216 -12288 2240 ) (-9216 -12288 2048 ) 
4 2460 2465 0 (-9216 -13312 2240 ) (-9216 -13312 2048 ) (-8192 -13312 2048 ) (-8192 -13312 2240 ) 
4 2460 2461 0 (-8192 -13312 2048 ) (-9216 -13312 2048 ) (-9216 -12288 2048 ) (-8192 -12288 2048 ) 
4 2461 2591 0 (-9216 -13312 1024 ) (-9216 -13312 2048 ) (-9216 -12288 2048 ) (-9216 -12288 1024 ) 
4 2461 2466 0 (-9216 -13312 2048 ) (-9216 -13312 1024 ) (-8192 -13312 1024 ) (-8192 -13312 2048 ) 
4 2461 2462 0 (-8192 -13312 1024 ) (-9216 -13312 1024 ) (-9216 -12288 1024 ) (-8192 -12288 1024 ) 
4 2462 2592 0 (-9216 -13312 0 ) (-9216 -13312 1024 ) (-9216 -12288 1024 ) (-9216 -12288 0 ) 
4 2462 2467 0 (-9216 -13312 1024 ) (-9216 -13312 0 ) (-8192 -13312 0 ) (-8192 -13312 1024 ) 
4 2462 2463 0 (-8192 -13312 0 ) (-9216 -13312 0 ) (-9216 -12288 0 ) (-8192 -12288 0 ) 
4 2463 2593 0 (-9216 -13312 -1024 ) (-9216 -13312 0 ) (-9216 -12288 0 ) (-9216 -12288 -1024 ) 
4 2463 2468 0 (-9216 -13312 0 ) (-9216 -13312 -1024 ) (-8192 -13312 -1024 ) (-8192 -13312 0 ) 
4 2463 2464 0 (-8192 -13312 -1024 ) (-9216 -13312 -1024 ) (-9216 -12288 -1024 ) (-8192 -12288 -1024 ) 
4 2464 2594 0 (-9216 -13312 -1440 ) (-9216 -13312 -1024 ) (-9216 -12288 -1024 ) (-9216 -12288 -1440 ) 
4 2464 2469 0 (-9216 -13312 -1024 ) (-9216 -13312 -1440 ) (-8192 -13312 -1440 ) (-8192 -13312 -1024 ) 
4 2465 2595 0 (-9216 -13312 2240 ) (-9216 -13312 2048 ) (-9216 -13408 2048 ) (-9216 -13408 2240 ) 
4 2465 2466 0 (-9216 -13408 2048 ) (-9216 -13312 2048 ) (-8192 -13312 2048 ) (-8192 -13408 2048 ) 
4 2466 2596 0 (-9216 -13408 2048 ) (-9216 -13312 2048 ) (-9216 -13312 1024 ) (-9216 -13408 1024 ) 
4 2466 2467 0 (-9216 -13408 1024 ) (-9216 -13312 1024 ) (-8192 -13312 1024 ) (-8192 -13408 1024 ) 
4 2467 2597 0 (-9216 -13408 1024 ) (-9216 -13312 1024 ) (-9216 -13312 0 ) (-9216 -13408 0 ) 
4 2467 2468 0 (-9216 -13408 0 ) (-9216 -13312 0 ) (-8192 -13312 0 ) (-8192 -13408 0 ) 
4 2468 2598 0 (-9216 -13408 0 ) (-9216 -13312 0 ) (-9216 -13312 -1024 ) (-9216 -13408 -1024 ) 
4 2468 2469 0 (-9216 -13408 -1024 ) (-9216 -13312 -1024 ) (-8192 -13312 -1024 ) (-8192 -13408 -1024 ) 
4 2469 2599 0 (-9216 -13408 -1440 ) (-9216 -13408 -1024 ) (-9216 -13312 -1024 ) (-9216 -13312 -1440 ) 
4 2470 2475 0 (-9707.949219 11264 2048 ) (-9216 11264 2048 ) (-9216 11264 2240 ) (-9711.190430 11264 2240 ) 
4 2470 2471 0 (-9216 11264 2048 ) (-9707.949219 11264 2048 ) (-9707.949219 11312 2048 ) (-9216 11312 2048 ) 
4 2471 2476 0 (-9690.666992 11264 1024 ) (-9216 11264 1024 ) (-9216 11264 2048 ) (-9707.949219 11264 2048 ) 
4 2471 2472 0 (-9216 11264 1024 ) (-9690.666992 11264 1024 ) (-9690.666992 11312 1024 ) (-9216 11312 1024 ) 
4 2472 2477 0 (-9673.383789 11264 0 ) (-9216 11264 0 ) (-9216 11264 1024 ) (-9690.666992 11264 1024 ) 
4 2472 2473 0 (-9216 11264 0 ) (-9673.383789 11264 0 ) (-9673.383789 11312 0 ) (-9216 11312 0 ) 
4 2473 2478 0 (-9656.101562 11264 -1024 ) (-9216 11264 -1024 ) (-9216 11264 0 ) (-9673.383789 11264 0 ) 
4 2473 2474 0 (-9216 11264 -1024 ) (-9656.101562 11264 -1024 ) (-9656.101562 11312 -1024 ) (-9216 11312 -1024 ) 
4 2474 2479 0 (-9649.080078 11264 -1440 ) (-9216 11264 -1440 ) (-9216 11264 -1024 ) (-9656.101562 11264 -1024 ) 
4 2475 2480 0 (-9216 10240 2048 ) (-9216 10240 2240 ) (-9711.190430 10240 2240 ) (-9707.949219 10240 2048 ) 
4 2475 2476 0 (-9216 10240 2048 ) (-9707.949219 10240 2048 ) (-9707.949219 11264 2048 ) (-9216 11264 2048 ) 
4 2476 2481 0 (-9216 10240 1024 ) (-9216 10240 2048 ) (-9707.949219 10240 2048 ) (-9690.666992 10240 1024 ) 
4 2476 2477 0 (-9216 10240 1024 ) (-9690.666992 10240 1024 ) (-9690.666992 11264 1024 ) (-9216 11264 1024 ) 
4 2477 2482 0 (-9216 10240 0 ) (-9216 10240 1024 ) (-9690.666992 10240 1024 ) (-9673.383789 10240 0 ) 
4 2477 2478 0 (-9216 10240 0 ) (-9673.383789 10240 0 ) (-9673.383789 11264 0 ) (-9216 11264 0 ) 
4 2478 2483 0 (-9216 10240 -1024 ) (-9216 10240 0 ) (-9673.383789 10240 0 ) (-9656.101562 10240 -1024 ) 
4 2478 2479 0 (-9216 10240 -1024 ) (-9656.101562 10240 -1024 ) (-9656.101562 11264 -1024 ) (-9216 11264 -1024 ) 
4 2479 2484 0 (-9216 10240 -1440 ) (-9216 10240 -1024 ) (-9656.101562 10240 -1024 ) (-9649.080078 10240 -1440 ) 
4 2480 2485 0 (-9707.949219 9216 2048 ) (-9216 9216 2048 ) (-9216 9216 2240 ) (-9711.190430 9216 2240 ) 
4 2480 2481 0 (-9216 9216 2048 ) (-9707.949219 9216 2048 ) (-9707.949219 10240 2048 ) (-9216 10240 2048 ) 
4 2481 2486 0 (-9690.666992 9216 1024 ) (-9216 9216 1024 ) (-9216 9216 2048 ) (-9707.949219 9216 2048 ) 
4 2481 2482 0 (-9216 9216 1024 ) (-9690.666992 9216 1024 ) (-9690.666992 10240 1024 ) (-9216 10240 1024 ) 
4 2482 2487 0 (-9673.383789 9216 0 ) (-9216 9216 0 ) (-9216 9216 1024 ) (-9690.666992 9216 1024 ) 
4 2482 2483 0 (-9216 9216 0 ) (-9673.383789 9216 0 ) (-9673.383789 10240 0 ) (-9216 10240 0 ) 
4 2483 2488 0 (-9656.101562 9216 -1024 ) (-9216 9216 -1024 ) (-9216 9216 0 ) (-9673.383789 9216 0 ) 
4 2483 2484 0 (-9216 9216 -1024 ) (-9656.101562 9216 -1024 ) (-9656.101562 10240 -1024 ) (-9216 10240 -1024 ) 
4 2484 2489 0 (-9649.080078 9216 -1440 ) (-9216 9216 -1440 ) (-9216 9216 -1024 ) (-9656.101562 9216 -1024 ) 
4 2485 2490 0 (-9216 8192 2048 ) (-9216 8192 2240 ) (-9711.190430 8192 2240 ) (-9707.949219 8192 2048 ) 
4 2485 2486 0 (-9216 8192 2048 ) (-9707.949219 8192 2048 ) (-9707.949219 9216 2048 ) (-9216 9216 2048 ) 
4 2486 2491 0 (-9216 8192 1024 ) (-9216 8192 2048 ) (-9707.949219 8192 2048 ) (-9690.666992 8192 1024 ) 
4 2486 2487 0 (-9216 8192 1024 ) (-9690.666992 8192 1024 ) (-9690.666992 9216 1024 ) (-9216 9216 1024 ) 
4 2487 2492 0 (-9216 8192 0 ) (-9216 8192 1024 ) (-9690.666992 8192 1024 ) (-9673.383789 8192 0 ) 
4 2487 2488 0 (-9216 8192 0 ) (-9673.383789 8192 0 ) (-9673.383789 9216 0 ) (-9216 9216 0 ) 
4 2488 2493 0 (-9216 8192 -1024 ) (-9216 8192 0 ) (-9673.383789 8192 0 ) (-9656.101562 8192 -1024 ) 
4 2488 2489 0 (-9216 8192 -1024 ) (-9656.101562 8192 -1024 ) (-9656.101562 9216 -1024 ) (-9216 9216 -1024 ) 
4 2489 2494 0 (-9216 8192 -1440 ) (-9216 8192 -1024 ) (-9656.101562 8192 -1024 ) (-9649.080078 8192 -1440 ) 
4 2490 2495 0 (-9707.949219 7168 2048 ) (-9216 7168 2048 ) (-9216 7168 2240 ) (-9711.190430 7168 2240 ) 
4 2490 2491 0 (-9216 7168 2048 ) (-9707.949219 7168 2048 ) (-9707.949219 8192 2048 ) (-9216 8192 2048 ) 
4 2491 2496 0 (-9690.666992 7168 1024 ) (-9216 7168 1024 ) (-9216 7168 2048 ) (-9707.949219 7168 2048 ) 
4 2491 2492 0 (-9216 7168 1024 ) (-9690.666992 7168 1024 ) (-9690.666992 8192 1024 ) (-9216 8192 1024 ) 
4 2492 2497 0 (-9673.383789 7168 0 ) (-9216 7168 0 ) (-9216 7168 1024 ) (-9690.666992 7168 1024 ) 
4 2492 2493 0 (-9216 7168 0 ) (-9673.383789 7168 0 ) (-9673.383789 8192 0 ) (-9216 8192 0 ) 
4 2493 2498 0 (-9656.101562 7168 -1024 ) (-9216 7168 -1024 ) (-9216 7168 0 ) (-9673.383789 7168 0 ) 
4 2493 2494 0 (-9216 7168 -1024 ) (-9656.101562 7168 -1024 ) (-9656.101562 8192 -1024 ) (-9216 8192 -1024 ) 
4 2494 2499 0 (-9649.080078 7168 -1440 ) (-9216 7168 -1440 ) (-9216 7168 -1024 ) (-9656.101562 7168 -1024 ) 
4 2495 2500 0 (-9216 6144 2048 ) (-9216 6144 2240 ) (-9711.190430 6144 2240 ) (-9707.949219 6144 2048 ) 
4 2495 2496 0 (-9216 6144 2048 ) (-9707.949219 6144 2048 ) (-9707.949219 7168 2048 ) (-9216 7168 2048 ) 
4 2496 2501 0 (-9216 6144 1024 ) (-9216 6144 2048 ) (-9707.949219 6144 2048 ) (-9690.666992 6144 1024 ) 
4 2496 2497 0 (-9216 6144 1024 ) (-9690.666992 6144 1024 ) (-9690.666992 7168 1024 ) (-9216 7168 1024 ) 
4 2497 2502 0 (-9216 6144 0 ) (-9216 6144 1024 ) (-9690.666992 6144 1024 ) (-9673.383789 6144 0 ) 
4 2497 2498 0 (-9216 6144 0 ) (-9673.383789 6144 0 ) (-9673.383789 7168 0 ) (-9216 7168 0 ) 
4 2498 2503 0 (-9216 6144 -1024 ) (-9216 6144 0 ) (-9673.383789 6144 0 ) (-9656.101562 6144 -1024 ) 
4 2498 2499 0 (-9216 6144 -1024 ) (-9656.101562 6144 -1024 ) (-9656.101562 7168 -1024 ) (-9216 7168 -1024 ) 
4 2499 2504 0 (-9216 6144 -1440 ) (-9216 6144 -1024 ) (-9656.101562 6144 -1024 ) (-9649.080078 6144 -1440 ) 
4 2500 2505 0 (-9707.949219 5120 2048 ) (-9216 5120 2048 ) (-9216 5120 2240 ) (-9711.190430 5120 2240 ) 
4 2500 2501 0 (-9216 5120 2048 ) (-9707.949219 5120 2048 ) (-9707.949219 6144 2048 ) (-9216 6144 2048 ) 
4 2501 2506 0 (-9690.666992 5120 1024 ) (-9216 5120 1024 ) (-9216 5120 2048 ) (-9707.949219 5120 2048 ) 
4 2501 2502 0 (-9216 5120 1024 ) (-9690.666992 5120 1024 ) (-9690.666992 6144 1024 ) (-9216 6144 1024 ) 
4 2502 2507 0 (-9673.383789 5120 0 ) (-9216 5120 0 ) (-9216 5120 1024 ) (-9690.666992 5120 1024 ) 
4 2502 2503 0 (-9216 5120 0 ) (-9673.383789 5120 0 ) (-9673.383789 6144 0 ) (-9216 6144 0 ) 
4 2503 2508 0 (-9656.101562 5120 -1024 ) (-9216 5120 -1024 ) (-9216 5120 0 ) (-9673.383789 5120 0 ) 
4 2503 2504 0 (-9216 5120 -1024 ) (-9656.101562 5120 -1024 ) (-9656.101562 6144 -1024 ) (-9216 6144 -1024 ) 
4 2504 2509 0 (-9649.080078 5120 -1440 ) (-9216 5120 -1440 ) (-9216 5120 -1024 ) (-9656.101562 5120 -1024 ) 
4 2505 2510 0 (-9216 4096 2048 ) (-9216 4096 2240 ) (-9711.190430 4096 2240 ) (-9707.949219 4096 2048 ) 
4 2505 2506 0 (-9216 4096 2048 ) (-9707.949219 4096 2048 ) (-9707.949219 5120 2048 ) (-9216 5120 2048 ) 
4 2506 2511 0 (-9216 4096 1024 ) (-9216 4096 2048 ) (-9707.949219 4096 2048 ) (-9690.666992 4096 1024 ) 
4 2506 2507 0 (-9216 4096 1024 ) (-9690.666992 4096 1024 ) (-9690.666992 5120 1024 ) (-9216 5120 1024 ) 
4 2507 2512 0 (-9216 4096 0 ) (-9216 4096 1024 ) (-9690.666992 4096 1024 ) (-9673.383789 4096 0 ) 
4 2507 2508 0 (-9216 4096 0 ) (-9673.383789 4096 0 ) (-9673.383789 5120 0 ) (-9216 5120 0 ) 
4 2508 2513 0 (-9216 4096 -1024 ) (-9216 4096 0 ) (-9673.383789 4096 0 ) (-9656.101562 4096 -1024 ) 
4 2508 2509 0 (-9216 4096 -1024 ) (-9656.101562 4096 -1024 ) (-9656.101562 5120 -1024 ) (-9216 5120 -1024 ) 
4 2509 2514 0 (-9216 4096 -1440 ) (-9216 4096 -1024 ) (-9656.101562 4096 -1024 ) (-9649.080078 4096 -1440 ) 
4 2510 2515 0 (-9707.949219 3072 2048 ) (-9216 3072 2048 ) (-9216 3072 2240 ) (-9711.190430 3072 2240 ) 
4 2510 2511 0 (-9216 3072 2048 ) (-9707.949219 3072 2048 ) (-9707.949219 4096 2048 ) (-9216 4096 2048 ) 
4 2511 2516 0 (-9690.666992 3072 1024 ) (-9216 3072 1024 ) (-9216 3072 2048 ) (-9707.949219 3072 2048 ) 
4 2511 2512 0 (-9216 3072 1024 ) (-9690.666992 3072 1024 ) (-9690.666992 4096 1024 ) (-9216 4096 1024 ) 
4 2512 2517 0 (-9673.383789 3072 0 ) (-9216 3072 0 ) (-9216 3072 1024 ) (-9690.666992 3072 1024 ) 
4 2512 2513 0 (-9216 3072 0 ) (-9673.383789 3072 0 ) (-9673.383789 4096 0 ) (-9216 4096 0 ) 
4 2513 2518 0 (-9656.101562 3072 -1024 ) (-9216 3072 -1024 ) (-9216 3072 0 ) (-9673.383789 3072 0 ) 
4 2513 2514 0 (-9216 3072 -1024 ) (-9656.101562 3072 -1024 ) (-9656.101562 4096 -1024 ) (-9216 4096 -1024 ) 
4 2514 2519 0 (-9649.080078 3072 -1440 ) (-9216 3072 -1440 ) (-9216 3072 -1024 ) (-9656.101562 3072 -1024 ) 
4 2515 2520 0 (-9216 2048 2048 ) (-9216 2048 2240 ) (-9711.190430 2048 2240 ) (-9707.949219 2048 2048 ) 
4 2515 2516 0 (-9216 2048 2048 ) (-9707.949219 2048 2048 ) (-9707.949219 3072 2048 ) (-9216 3072 2048 ) 
4 2516 2521 0 (-9216 2048 1024 ) (-9216 2048 2048 ) (-9707.949219 2048 2048 ) (-9690.666992 2048 1024 ) 
4 2516 2517 0 (-9216 2048 1024 ) (-9690.666992 2048 1024 ) (-9690.666992 3072 1024 ) (-9216 3072 1024 ) 
4 2517 2522 0 (-9216 2048 0 ) (-9216 2048 1024 ) (-9690.666992 2048 1024 ) (-9673.383789 2048 0 ) 
4 2517 2518 0 (-9216 2048 0 ) (-9673.383789 2048 0 ) (-9673.383789 3072 0 ) (-9216 3072 0 ) 
4 2518 2523 0 (-9216 2048 -1024 ) (-9216 2048 0 ) (-9673.383789 2048 0 ) (-9656.101562 2048 -1024 ) 
4 2518 2519 0 (-9216 2048 -1024 ) (-9656.101562 2048 -1024 ) (-9656.101562 3072 -1024 ) (-9216 3072 -1024 ) 
4 2519 2524 0 (-9216 2048 -1440 ) (-9216 2048 -1024 ) (-9656.101562 2048 -1024 ) (-9649.080078 2048 -1440 ) 
4 2520 2525 0 (-9707.949219 1024 2048 ) (-9216 1024 2048 ) (-9216 1024 2240 ) (-9711.190430 1024 2240 ) 
4 2520 2521 0 (-9216 1024 2048 ) (-9707.949219 1024 2048 ) (-9707.949219 2048 2048 ) (-9216 2048 2048 ) 
4 2521 2526 0 (-9690.666992 1024 1024 ) (-9216 1024 1024 ) (-9216 1024 2048 ) (-9707.949219 1024 2048 ) 
4 2521 2522 0 (-9216 1024 1024 ) (-9690.666992 1024 1024 ) (-9690.666992 2048 1024 ) (-9216 2048 1024 ) 
4 2522 2527 0 (-9673.383789 1024 0 ) (-9216 1024 0 ) (-9216 1024 1024 ) (-9690.666992 1024 1024 ) 
4 2522 2523 0 (-9216 1024 0 ) (-9673.383789 1024 0 ) (-9673.383789 2048 0 ) (-9216 2048 0 ) 
4 2523 2528 0 (-9656.101562 1024 -1024 ) (-9216 1024 -1024 ) (-9216 1024 0 ) (-9673.383789 1024 0 ) 
4 2523 2524 0 (-9216 1024 -1024 ) (-9656.101562 1024 -1024 ) (-9656.101562 2048 -1024 ) (-9216 2048 -1024 ) 
4 2524 2529 0 (-9649.080078 1024 -1440 ) (-9216 1024 -1440 ) (-9216 1024 -1024 ) (-9656.101562 1024 -1024 ) 
4 2525 2530 0 (-9216 0 2048 ) (-9216 0 2240 ) (-9711.190430 0 2240 ) (-9707.949219 0 2048 ) 
4 2525 2526 0 (-9216 0 2048 ) (-9707.949219 0 2048 ) (-9707.949219 1024 2048 ) (-9216 1024 2048 ) 
4 2526 2531 0 (-9216 0 1024 ) (-9216 0 2048 ) (-9707.949219 0 2048 ) (-9690.666992 0 1024 ) 
4 2526 2527 0 (-9216 0 1024 ) (-9690.666992 0 1024 ) (-9690.666992 1024 1024 ) (-9216 1024 1024 ) 
4 2527 2532 0 (-9216 0 0 ) (-9216 0 1024 ) (-9690.666992 0 1024 ) (-9673.383789 0 0 ) 
4 2527 2528 0 (-9216 0 0 ) (-9673.383789 0 0 ) (-9673.383789 1024 0 ) (-9216 1024 0 ) 
4 2528 2533 0 (-9216 0 -1024 ) (-9216 0 0 ) (-9673.383789 0 0 ) (-9656.101562 0 -1024 ) 
4 2528 2529 0 (-9216 0 -1024 ) (-9656.101562 0 -1024 ) (-9656.101562 1024 -1024 ) (-9216 1024 -1024 ) 
4 2529 2534 0 (-9216 0 -1440 ) (-9216 0 -1024 ) (-9656.101562 0 -1024 ) (-9649.080078 0 -1440 ) 
4 2530 2535 0 (-9707.949219 -1024 2048 ) (-9216 -1024 2048 ) (-9216 -1024 2240 ) (-9711.190430 -1024 2240 ) 
4 2530 2531 0 (-9216 -1024 2048 ) (-9707.949219 -1024 2048 ) (-9707.949219 0 2048 ) (-9216 0 2048 ) 
4 2531 2536 0 (-9690.666992 -1024 1024 ) (-9216 -1024 1024 ) (-9216 -1024 2048 ) (-9707.949219 -1024 2048 ) 
4 2531 2532 0 (-9216 -1024 1024 ) (-9690.666992 -1024 1024 ) (-9690.666992 0 1024 ) (-9216 0 1024 ) 
4 2532 2537 0 (-9673.383789 -1024 0 ) (-9216 -1024 0 ) (-9216 -1024 1024 ) (-9690.666992 -1024 1024 ) 
4 2532 2533 0 (-9216 -1024 0 ) (-9673.383789 -1024 0 ) (-9673.383789 0 0 ) (-9216 0 0 ) 
4 2533 2538 0 (-9656.101562 -1024 -1024 ) (-9216 -1024 -1024 ) (-9216 -1024 0 ) (-9673.383789 -1024 0 ) 
4 2533 2534 0 (-9216 -1024 -1024 ) (-9656.101562 -1024 -1024 ) (-9656.101562 0 -1024 ) (-9216 0 -1024 ) 
4 2534 2539 0 (-9649.080078 -1024 -1440 ) (-9216 -1024 -1440 ) (-9216 -1024 -1024 ) (-9656.101562 -1024 -1024 ) 
4 2535 2540 0 (-9216 -2048 2048 ) (-9216 -2048 2240 ) (-9711.190430 -2048 2240 ) (-9707.949219 -2048 2048 ) 
4 2535 2536 0 (-9216 -2048 2048 ) (-9707.949219 -2048 2048 ) (-9707.949219 -1024 2048 ) (-9216 -1024 2048 ) 
4 2536 2541 0 (-9216 -2048 1024 ) (-9216 -2048 2048 ) (-9707.949219 -2048 2048 ) (-9690.666992 -2048 1024 ) 
4 2536 2537 0 (-9216 -2048 1024 ) (-9690.666992 -2048 1024 ) (-9690.666992 -1024 1024 ) (-9216 -1024 1024 ) 
4 2537 2542 0 (-9216 -2048 0 ) (-9216 -2048 1024 ) (-9690.666992 -2048 1024 ) (-9673.383789 -2048 0 ) 
4 2537 2538 0 (-9216 -2048 0 ) (-9673.383789 -2048 0 ) (-9673.383789 -1024 0 ) (-9216 -1024 0 ) 
4 2538 2543 0 (-9216 -2048 -1024 ) (-9216 -2048 0 ) (-9673.383789 -2048 0 ) (-9656.101562 -2048 -1024 ) 
4 2538 2539 0 (-9216 -2048 -1024 ) (-9656.101562 -2048 -1024 ) (-9656.101562 -1024 -1024 ) (-9216 -1024 -1024 ) 
4 2539 2544 0 (-9216 -2048 -1440 ) (-9216 -2048 -1024 ) (-9656.101562 -2048 -1024 ) (-9649.080078 -2048 -1440 ) 
4 2540 2545 0 (-9707.949219 -3072 2048 ) (-9216 -3072 2048 ) (-9216 -3072 2240 ) (-9711.190430 -3072 2240 ) 
4 2540 2541 0 (-9216 -3072 2048 ) (-9707.949219 -3072 2048 ) (-9707.949219 -2048 2048 ) (-9216 -2048 2048 ) 
4 2541 2546 0 (-9690.666992 -3072 1024 ) (-9216 -3072 1024 ) (-9216 -3072 2048 ) (-9707.949219 -3072 2048 ) 
4 2541 2542 0 (-9216 -3072 1024 ) (-9690.666992 -3072 1024 ) (-9690.666992 -2048 1024 ) (-9216 -2048 1024 ) 
4 2542 2547 0 (-9673.383789 -3072 0 ) (-9216 -3072 0 ) (-9216 -3072 1024 ) (-9690.666992 -3072 1024 ) 
4 2542 2543 0 (-9216 -3072 0 ) (-9673.383789 -3072 0 ) (-9673.383789 -2048 0 ) (-9216 -2048 0 ) 
4 2543 2548 0 (-9656.101562 -3072 -1024 ) (-9216 -3072 -1024 ) (-9216 -3072 0 ) (-9673.383789 -3072 0 ) 
4 2543 2544 0 (-9216 -3072 -1024 ) (-9656.101562 -3072 -1024 ) (-9656.101562 -2048 -1024 ) (-9216 -2048 -1024 ) 
4 2544 2549 0 (-9649.080078 -3072 -1440 ) (-9216 -3072 -1440 ) (-9216 -3072 -1024 ) (-9656.101562 -3072 -1024 ) 
4 2545 2550 0 (-9216 -4096 2048 ) (-9216 -4096 2240 ) (-9711.190430 -4096 2240 ) (-9707.949219 -4096 2048 ) 
4 2545 2546 0 (-9216 -4096 2048 ) (-9707.949219 -4096 2048 ) (-9707.949219 -3072 2048 ) (-9216 -3072 2048 ) 
4 2546 2551 0 (-9216 -4096 1024 ) (-9216 -4096 2048 ) (-9707.949219 -4096 2048 ) (-9690.666992 -4096 1024 ) 
4 2546 2547 0 (-9216 -4096 1024 ) (-9690.666992 -4096 1024 ) (-9690.666992 -3072 1024 ) (-9216 -3072 1024 ) 
4 2547 2552 0 (-9216 -4096 0 ) (-9216 -4096 1024 ) (-9690.666992 -4096 1024 ) (-9673.383789 -4096 0 ) 
4 2547 2548 0 (-9216 -4096 0 ) (-9673.383789 -4096 0 ) (-9673.383789 -3072 0 ) (-9216 -3072 0 ) 
4 2548 2553 0 (-9216 -4096 -1024 ) (-9216 -4096 0 ) (-9673.383789 -4096 0 ) (-9656.101562 -4096 -1024 ) 
4 2548 2549 0 (-9216 -4096 -1024 ) (-9656.101562 -4096 -1024 ) (-9656.101562 -3072 -1024 ) (-9216 -3072 -1024 ) 
4 2549 2554 0 (-9216 -4096 -1440 ) (-9216 -4096 -1024 ) (-9656.101562 -4096 -1024 ) (-9649.080078 -4096 -1440 ) 
4 2550 2555 0 (-9707.949219 -5120 2048 ) (-9216 -5120 2048 ) (-9216 -5120 2240 ) (-9711.190430 -5120 2240 ) 
4 2550 2551 0 (-9216 -5120 2048 ) (-9707.949219 -5120 2048 ) (-9707.949219 -4096 2048 ) (-9216 -4096 2048 ) 
4 2551 2556 0 (-9690.666992 -5120 1024 ) (-9216 -5120 1024 ) (-9216 -5120 2048 ) (-9707.949219 -5120 2048 ) 
4 2551 2552 0 (-9216 -5120 1024 ) (-9690.666992 -5120 1024 ) (-9690.666992 -4096 1024 ) (-9216 -4096 1024 ) 
4 2552 2557 0 (-9673.383789 -5120 0 ) (-9216 -5120 0 ) (-9216 -5120 1024 ) (-9690.666992 -5120 1024 ) 
4 2552 2553 0 (-9216 -5120 0 ) (-9673.383789 -5120 0 ) (-9673.383789 -4096 0 ) (-9216 -4096 0 ) 
4 2553 2558 0 (-9656.101562 -5120 -1024 ) (-9216 -5120 -1024 ) (-9216 -5120 0 ) (-9673.383789 -5120 0 ) 
4 2553 2554 0 (-9216 -5120 -1024 ) (-9656.101562 -5120 -1024 ) (-9656.101562 -4096 -1024 ) (-9216 -4096 -1024 ) 
4 2554 2559 0 (-9649.080078 -5120 -1440 ) (-9216 -5120 -1440 ) (-9216 -5120 -1024 ) (-9656.101562 -5120 -1024 ) 
4 2555 2560 0 (-9216 -6144 2048 ) (-9216 -6144 2240 ) (-9711.190430 -6144 2240 ) (-9707.949219 -6144 2048 ) 
4 2555 2556 0 (-9216 -6144 2048 ) (-9707.949219 -6144 2048 ) (-9707.949219 -5120 2048 ) (-9216 -5120 2048 ) 
4 2556 2561 0 (-9216 -6144 1024 ) (-9216 -6144 2048 ) (-9707.949219 -6144 2048 ) (-9690.666992 -6144 1024 ) 
4 2556 2557 0 (-9216 -6144 1024 ) (-9690.666992 -6144 1024 ) (-9690.666992 -5120 1024 ) (-9216 -5120 1024 ) 
4 2557 2562 0 (-9216 -6144 0 ) (-9216 -6144 1024 ) (-9690.666992 -6144 1024 ) (-9673.383789 -6144 0 ) 
4 2557 2558 0 (-9216 -6144 0 ) (-9673.383789 -6144 0 ) (-9673.383789 -5120 0 ) (-9216 -5120 0 ) 
4 2558 2563 0 (-9216 -6144 -1024 ) (-9216 -6144 0 ) (-9673.383789 -6144 0 ) (-9656.101562 -6144 -1024 ) 
4 2558 2559 0 (-9216 -6144 -1024 ) (-9656.101562 -6144 -1024 ) (-9656.101562 -5120 -1024 ) (-9216 -5120 -1024 ) 
4 2559 2564 0 (-9216 -6144 -1440 ) (-9216 -6144 -1024 ) (-9656.101562 -6144 -1024 ) (-9649.080078 -6144 -1440 ) 
4 2560 2565 0 (-9707.949219 -7168 2048 ) (-9216 -7168 2048 ) (-9216 -7168 2240 ) (-9711.190430 -7168 2240 ) 
4 2560 2561 0 (-9216 -7168 2048 ) (-9707.949219 -7168 2048 ) (-9707.949219 -6144 2048 ) (-9216 -6144 2048 ) 
4 2561 2566 0 (-9690.666992 -7168 1024 ) (-9216 -7168 1024 ) (-9216 -7168 2048 ) (-9707.949219 -7168 2048 ) 
4 2561 2562 0 (-9216 -7168 1024 ) (-9690.666992 -7168 1024 ) (-9690.666992 -6144 1024 ) (-9216 -6144 1024 ) 
4 2562 2567 0 (-9673.383789 -7168 0 ) (-9216 -7168 0 ) (-9216 -7168 1024 ) (-9690.666992 -7168 1024 ) 
4 2562 2563 0 (-9216 -7168 0 ) (-9673.383789 -7168 0 ) (-9673.383789 -6144 0 ) (-9216 -6144 0 ) 
4 2563 2568 0 (-9656.101562 -7168 -1024 ) (-9216 -7168 -1024 ) (-9216 -7168 0 ) (-9673.383789 -7168 0 ) 
4 2563 2564 0 (-9216 -7168 -1024 ) (-9656.101562 -7168 -1024 ) (-9656.101562 -6144 -1024 ) (-9216 -6144 -1024 ) 
4 2564 2569 0 (-9649.080078 -7168 -1440 ) (-9216 -7168 -1440 ) (-9216 -7168 -1024 ) (-9656.101562 -7168 -1024 ) 
4 2565 2570 0 (-9216 -8192 2048 ) (-9216 -8192 2240 ) (-9711.190430 -8192 2240 ) (-9707.949219 -8192 2048 ) 
4 2565 2566 0 (-9216 -8192 2048 ) (-9707.949219 -8192 2048 ) (-9707.949219 -7168 2048 ) (-9216 -7168 2048 ) 
4 2566 2571 0 (-9216 -8192 1024 ) (-9216 -8192 2048 ) (-9707.949219 -8192 2048 ) (-9690.666992 -8192 1024 ) 
4 2566 2567 0 (-9216 -8192 1024 ) (-9690.666992 -8192 1024 ) (-9690.666992 -7168 1024 ) (-9216 -7168 1024 ) 
4 2567 2572 0 (-9216 -8192 0 ) (-9216 -8192 1024 ) (-9690.666992 -8192 1024 ) (-9673.383789 -8192 0 ) 
4 2567 2568 0 (-9216 -8192 0 ) (-9673.383789 -8192 0 ) (-9673.383789 -7168 0 ) (-9216 -7168 0 ) 
4 2568 2573 0 (-9216 -8192 -1024 ) (-9216 -8192 0 ) (-9673.383789 -8192 0 ) (-9656.101562 -8192 -1024 ) 
4 2568 2569 0 (-9216 -8192 -1024 ) (-9656.101562 -8192 -1024 ) (-9656.101562 -7168 -1024 ) (-9216 -7168 -1024 ) 
4 2569 2574 0 (-9216 -8192 -1440 ) (-9216 -8192 -1024 ) (-9656.101562 -8192 -1024 ) (-9649.080078 -8192 -1440 ) 
4 2570 2575 0 (-9707.949219 -9216 2048 ) (-9216 -9216 2048 ) (-9216 -9216 2240 ) (-9711.190430 -9216 2240 ) 
4 2570 2571 0 (-9216 -9216 2048 ) (-9707.949219 -9216 2048 ) (-9707.949219 -8192 2048 ) (-9216 -8192 2048 ) 
4 2571 2576 0 (-9690.666992 -9216 1024 ) (-9216 -9216 1024 ) (-9216 -9216 2048 ) (-9707.949219 -9216 2048 ) 
4 2571 2572 0 (-9216 -9216 1024 ) (-9690.666992 -9216 1024 ) (-9690.666992 -8192 1024 ) (-9216 -8192 1024 ) 
4 2572 2577 0 (-9673.383789 -9216 0 ) (-9216 -9216 0 ) (-9216 -9216 1024 ) (-9690.666992 -9216 1024 ) 
4 2572 2573 0 (-9216 -9216 0 ) (-9673.383789 -9216 0 ) (-9673.383789 -8192 0 ) (-9216 -8192 0 ) 
4 2573 2578 0 (-9656.101562 -9216 -1024 ) (-9216 -9216 -1024 ) (-9216 -9216 0 ) (-9673.383789 -9216 0 ) 
4 2573 2574 0 (-9216 -9216 -1024 ) (-9656.101562 -9216 -1024 ) (-9656.101562 -8192 -1024 ) (-9216 -8192 -1024 ) 
4 2574 2579 0 (-9649.080078 -9216 -1440 ) (-9216 -9216 -1440 ) (-9216 -9216 -1024 ) (-9656.101562 -9216 -1024 ) 
4 2575 2580 0 (-9216 -10240 2048 ) (-9216 -10240 2240 ) (-9711.190430 -10240 2240 ) (-9707.949219 -10240 2048 ) 
4 2575 2576 0 (-9216 -10240 2048 ) (-9707.949219 -10240 2048 ) (-9707.949219 -9216 2048 ) (-9216 -9216 2048 ) 
4 2576 2581 0 (-9216 -10240 1024 ) (-9216 -10240 2048 ) (-9707.949219 -10240 2048 ) (-9690.666992 -10240 1024 ) 
4 2576 2577 0 (-9216 -10240 1024 ) (-9690.666992 -10240 1024 ) (-9690.666992 -9216 1024 ) (-9216 -9216 1024 ) 
4 2577 2582 0 (-9216 -10240 0 ) (-9216 -10240 1024 ) (-9690.666992 -10240 1024 ) (-9673.383789 -10240 0 ) 
4 2577 2578 0 (-9216 -10240 0 ) (-9673.383789 -10240 0 ) (-9673.383789 -9216 0 ) (-9216 -9216 0 ) 
4 2578 2583 0 (-9216 -10240 -1024 ) (-9216 -10240 0 ) (-9673.383789 -10240 0 ) (-9656.101562 -10240 -1024 ) 
4 2578 2579 0 (-9216 -10240 -1024 ) (-9656.101562 -10240 -1024 ) (-9656.101562 -9216 -1024 ) (-9216 -9216 -1024 ) 
4 2579 2584 0 (-9216 -10240 -1440 ) (-9216 -10240 -1024 ) (-9656.101562 -10240 -1024 ) (-9649.080078 -10240 -1440 ) 
4 2580 2585 0 (-9707.949219 -11264 2048 ) (-9216 -11264 2048 ) (-9216 -11264 2240 ) (-9711.190430 -11264 2240 ) 
4 2580 2581 0 (-9216 -11264 2048 ) (-9707.949219 -11264 2048 ) (-9707.949219 -10240 2048 ) (-9216 -10240 2048 ) 
4 2581 2586 0 (-9690.666992 -11264 1024 ) (-9216 -11264 1024 ) (-9216 -11264 2048 ) (-9707.949219 -11264 2048 ) 
4 2581 2582 0 (-9216 -11264 1024 ) (-9690.666992 -11264 1024 ) (-9690.666992 -10240 1024 ) (-9216 -10240 1024 ) 
4 2582 2587 0 (-9673.383789 -11264 0 ) (-9216 -11264 0 ) (-9216 -11264 1024 ) (-9690.666992 -11264 1024 ) 
4 2582 2583 0 (-9216 -11264 0 ) (-9673.383789 -11264 0 ) (-9673.383789 -10240 0 ) (-9216 -10240 0 ) 
4 2583 2588 0 (-9656.101562 -11264 -1024 ) (-9216 -11264 -1024 ) (-9216 -11264 0 ) (-9673.383789 -11264 0 ) 
4 2583 2584 0 (-9216 -11264 -1024 ) (-9656.101562 -11264 -1024 ) (-9656.101562 -10240 -1024 ) (-9216 -10240 -1024 ) 
4 2584 2589 0 (-9649.080078 -11264 -1440 ) (-9216 -11264 -1440 ) (-9216 -11264 -1024 ) (-9656.101562 -11264 -1024 ) 
4 2585 2590 0 (-9216 -12288 2048 ) (-9216 -12288 2240 ) (-9711.190430 -12288 2240 ) (-9707.949219 -12288 2048 ) 
4 2585 2586 0 (-9216 -12288 2048 ) (-9707.949219 -12288 2048 ) (-9707.949219 -11264 2048 ) (-9216 -11264 2048 ) 
4 2586 2591 0 (-9216 -12288 1024 ) (-9216 -12288 2048 ) (-9707.949219 -12288 2048 ) (-9690.666992 -12288 1024 ) 
4 2586 2587 0 (-9216 -12288 1024 ) (-9690.666992 -12288 1024 ) (-9690.666992 -11264 1024 ) (-9216 -11264 1024 ) 
4 2587 2592 0 (-9216 -12288 0 ) (-9216 -12288 1024 ) (-9690.666992 -12288 1024 ) (-9673.383789 -12288 0 ) 
4 2587 2588 0 (-9216 -12288 0 ) (-9673.383789 -12288 0 ) (-9673.383789 -11264 0 ) (-9216 -11264 0 ) 
4 2588 2593 0 (-9216 -12288 -1024 ) (-9216 -12288 0 ) (-9673.383789 -12288 0 ) (-9656.101562 -12288 -1024 ) 
4 2588 2589 0 (-9216 -12288 -1024 ) (-9656.101562 -12288 -1024 ) (-9656.101562 -11264 -1024 ) (-9216 -11264 -1024 ) 
4 2589 2594 0 (-9216 -12288 -1440 ) (-9216 -12288 -1024 ) (-9656.101562 -12288 -1024 ) (-9649.080078 -12288 -1440 ) 
4 2590 2595 0 (-9707.949219 -13312 2048 ) (-9216 -13312 2048 ) (-9216 -13312 2240 ) (-9711.190430 -13312 2240 ) 
4 2590 2591 0 (-9216 -13312 2048 ) (-9707.949219 -13312 2048 ) (-9707.949219 -12288 2048 ) (-9216 -12288 2048 ) 
4 2591 2596 0 (-9690.666992 -13312 1024 ) (-9216 -13312 1024 ) (-9216 -13312 2048 ) (-9707.949219 -13312 2048 ) 
4 2591 2592 0 (-9216 -13312 1024 ) (-9690.666992 -13312 1024 ) (-9690.666992 -12288 1024 ) (-9216 -12288 1024 ) 
4 2592 2597 0 (-9673.383789 -13312 0 ) (-9216 -13312 0 ) (-9216 -13312 1024 ) (-9690.666992 -13312 1024 ) 
4 2592 2593 0 (-9216 -13312 0 ) (-9673.383789 -13312 0 ) (-9673.383789 -12288 0 ) (-9216 -12288 0 ) 
4 2593 2598 0 (-9656.101562 -13312 -1024 ) (-9216 -13312 -1024 ) (-9216 -13312 0 ) (-9673.383789 -13312 0 ) 
4 2593 2594 0 (-9216 -13312 -1024 ) (-9656.101562 -13312 -1024 ) (-9656.101562 -12288 -1024 ) (-9216 -12288 -1024 ) 
4 2594 2599 0 (-9649.080078 -13312 -1440 ) (-9216 -13312 -1440 ) (-9216 -13312 -1024 ) (-9656.101562 -13312 -1024 ) 
4 2595 2596 0 (-9707.949219 -13312 2048 ) (-9216 -13312 2048 ) (-9216 -13408 2048 ) (-9707.949219 -13408 2048 ) 
4 2596 2597 0 (-9690.666992 -13312 1024 ) (-9216 -13312 1024 ) (-9216 -13408 1024 ) (-9690.666992 -13408 1024 ) 
4 2597 2598 0 (-9673.383789 -13312 0 ) (-9216 -13312 0 ) (-9216 -13408 0 ) (-9673.383789 -13408 0 ) 
4 2598 2599 0 (-9656.101562 -13312 -1024 ) (-9216 -13312 -1024 ) (-9216 -13408 -1024 ) (-9656.101562 -13408 -1024 ) 
4 0 (9216 11312 2240 ) (9937.083984 11312 2240 ) (9940.337891 11312 2048 ) (9216 11312 2048 ) 
4 0 (9937.083984 11312 2240 ) (9216 11312 2240 ) (9216 11264 2240 ) (9937.083984 11264 2240 ) 
4 0 (9940.338867 11264 2048 ) (9940.338867 11312 2048 ) (9937.084961 11312 2240 ) (9937.084961 11264 2240 ) 
4 1 (9216 11312 2048 ) (9940.337891 11312 2048 ) (9957.694336 11312 1024 ) (9216 11312 1024 ) 
4 1 (9957.695312 11264 1024 ) (9957.695312 11312 1024 ) (9940.339844 11312 2048 ) (9940.339844 11264 2048 ) 
4 2 (9216 11312 1024 ) (9957.694336 11312 1024 ) (9975.049805 11312 0 ) (9216 11312 0 ) 
4 2 (9975.050781 11264 0 ) (9975.050781 11312 0 ) (9957.695312 11312 1024 ) (9957.695312 11264 1024 ) 
4 3 (9216 11312 0 ) (9975.049805 11312 0 ) (9992.406250 11312 -1024 ) (9216 11312 -1024 ) 
4 3 (9992.407227 11264 -1024 ) (9992.407227 11312 -1024 ) (9975.051758 11312 0 ) (9975.051758 11264 0 ) 
4 4 (9216 11312 -1024 ) (9992.406250 11312 -1024 ) (9999.457031 11312 -1440 ) (9216 11312 -1440 ) 
4 4 (9999.457031 11264 -1440 ) (9216 11264 -1440 ) (9216 11312 -1440 ) (9999.457031 11312 -1440 ) 
4 4 (9999.458008 11264 -1440 ) (9999.458008 11312 -1440 ) (9992.407227 11312 -1024 ) (9992.407227 11264 -1024 ) 
4 5 (9937.083984 11264 2240 ) (9216 11264 2240 ) (9216 10240 2240 ) (9937.083984 10240 2240 ) 
4 5 (9940.338867 10240 2048 ) (9940.338867 11264 2048 ) (9937.084961 11264 2240 ) (9937.084961 10240 2240 ) 
4 6 (9957.695312 10240 1024 ) (9957.695312 11264 1024 ) (9940.339844 11264 2048 ) (9940.339844 10240 2048 ) 
4 7 (9975.050781 10240 0 ) (9975.050781 11264 0 ) (9957.695312 11264 1024 ) (9957.695312 10240 1024 ) 
4 8 (9992.407227 10240 -1024 ) (9992.407227 11264 -1024 ) (9975.051758 11264 0 ) (9975.051758 10240 0 ) 
4 9 (9999.457031 10240 -1440 ) (9216 10240 -1440 ) (9216 11264 -1440 ) (9999.457031 11264 -1440 ) 
4 9 (9999.458008 10240 -1440 ) (9999.458008 11264 -1440 ) (9992.407227 11264 -1024 ) (9992.407227 10240 -1024 ) 
4 10 (9937.083984 10240 2240 ) (9216 10240 2240 ) (9216 9216 2240 ) (9937.083984 9216 2240 ) 
4 10 (9940.338867 9216 2048 ) (9940.338867 10240 2048 ) (9937.084961 10240 2240 ) (9937.084961 9216 2240 ) 
4 11 (9957.695312 9216 1024 ) (9957.695312 10240 1024 ) (9940.339844 10240 2048 ) (9940.339844 9216 2048 ) 
4 12 (9975.050781 9216 0 ) (9975.050781 10240 0 ) (9957.695312 10240 1024 ) (9957.695312 9216 1024 ) 
4 13 (9992.407227 9216 -1024 ) (9992.407227 10240 -1024 ) (9975.051758 10240 0 ) (9975.051758 9216 0 ) 
4 14 (9999.457031 9216 -1440 ) (9216 9216 -1440 ) (9216 10240 -1440 ) (9999.457031 10240 -1440 ) 
4 14 (9999.458008 9216 -1440 ) (9999.458008 10240 -1440 ) (9992.407227 10240 -1024 ) (9992.407227 9216 -1024 ) 
4 15 (9937.083984 9216 2240 ) (9216 9216 2240 ) (9216 8192 2240 ) (9937.083984 8192 2240 ) 
4 15 (9940.338867 8192 2048 ) (9940.338867 9216 2048 ) (9937.084961 9216 2240 ) (9937.084961 8192 2240 ) 
4 16 (9957.695312 8192 1024 ) (9957.695312 9216 1024 ) (9940.339844 9216 2048 ) (9940.339844 8192 2048 ) 
4 17 (9975.050781 8192 0 ) (9975.050781 9216 0 ) (9957.695312 9216 1024 ) (9957.695312 8192 1024 ) 
4 18 (9992.407227 8192 -1024 ) (9992.407227 9216 -1024 ) (9975.051758 9216 0 ) (9975.051758 8192 0 ) 
4 19 (9999.457031 8192 -1440 ) (9216 8192 -1440 ) (9216 9216 -1440 ) (9999.457031 9216 -1440 ) 
4 19 (9999.458008 8192 -1440 ) (9999.458008 9216 -1440 ) (9992.407227 9216 -1024 ) (9992.407227 8192 -1024 ) 
4 20 (9937.083984 8192 2240 ) (9216 8192 2240 ) (9216 7168 2240 ) (9937.083984 7168 2240 ) 
4 20 (9940.338867 7168 2048 ) (9940.338867 8192 2048 ) (9937.084961 8192 2240 ) (9937.084961 7168 2240 ) 
4 21 (9957.695312 7168 1024 ) (9957.695312 8192 1024 ) (9940.339844 8192 2048 ) (9940.339844 7168 2048 ) 
4 22 (9975.050781 7168 0 ) (9975.050781 8192 0 ) (9957.695312 8192 1024 ) (9957.695312 7168 1024 ) 
4 23 (9992.407227 7168 -1024 ) (9992.407227 8192 -1024 ) (9975.051758 8192 0 ) (9975.051758 7168 0 ) 
4 24 (9999.457031 7168 -1440 ) (9216 7168 -1440 ) (9216 8192 -1440 ) (9999.457031 8192 -1440 ) 
4 24 (9999.458008 7168 -1440 ) (9999.458008 8192 -1440 ) (9992.407227 8192 -1024 ) (9992.407227 7168 -1024 ) 
4 25 (9937.083984 7168 2240 ) (9216 7168 2240 ) (9216 6144 2240 ) (9937.083984 6144 2240 ) 
4 25 (9940.338867 6144 2048 ) (9940.338867 7168 2048 ) (9937.084961 7168 2240 ) (9937.084961 6144 2240 ) 
4 26 (9957.695312 6144 1024 ) (9957.695312 7168 1024 ) (9940.339844 7168 2048 ) (9940.339844 6144 2048 ) 
4 27 (9975.050781 6144 0 ) (9975.050781 7168 0 ) (9957.695312 7168 1024 ) (9957.695312 6144 1024 ) 
4 28 (9992.407227 6144 -1024 ) (9992.407227 7168 -1024 ) (9975.051758 7168 0 ) (9975.051758 6144 0 ) 
4 29 (9999.457031 6144 -1440 ) (9216 6144 -1440 ) (9216 7168 -1440 ) (9999.457031 7168 -1440 ) 
4 29 (9999.458008 6144 -1440 ) (9999.458008 7168 -1440 ) (9992.407227 7168 -1024 ) (9992.407227 6144 -1024 ) 
4 30 (9937.083984 6144 2240 ) (9216 6144 2240 ) (9216 5120 2240 ) (9937.083984 5120 2240 ) 
4 30 (9940.338867 5120 2048 ) (9940.338867 6144 2048 ) (9937.084961 6144 2240 ) (9937.084961 5120 2240 ) 
4 31 (9957.695312 5120 1024 ) (9957.695312 6144 1024 ) (9940.339844 6144 2048 ) (9940.339844 5120 2048 ) 
4 32 (9975.050781 5120 0 ) (9975.050781 6144 0 ) (9957.695312 6144 1024 ) (9957.695312 5120 1024 ) 
4 33 (9992.407227 5120 -1024 ) (9992.407227 6144 -1024 ) (9975.051758 6144 0 ) (9975.051758 5120 0 ) 
4 34 (9999.457031 5120 -1440 ) (9216 5120 -1440 ) (9216 6144 -1440 ) (9999.457031 6144 -1440 ) 
4 34 (9999.458008 5120 -1440 ) (9999.458008 6144 -1440 ) (9992.407227 6144 -1024 ) (9992.407227 5120 -1024 ) 
4 35 (9937.083984 5120 2240 ) (9216 5120 2240 ) (9216 4096 2240 ) (9937.083984 4096 2240 ) 
4 35 (9940.338867 4096 2048 ) (9940.338867 5120 2048 ) (9937.084961 5120 2240 ) (9937.084961 4096 2240 ) 
4 36 (9957.695312 4096 1024 ) (9957.695312 5120 1024 ) (9940.339844 5120 2048 ) (9940.339844 4096 2048 ) 
4 37 (9975.050781 4096 0 ) (9975.050781 5120 0 ) (9957.695312 5120 1024 ) (9957.695312 4096 1024 ) 
4 38 (9992.407227 4096 -1024 ) (9992.407227 5120 -1024 ) (9975.051758 5120 0 ) (9975.051758 4096 0 ) 
4 39 (9999.457031 4096 -1440 ) (9216 4096 -1440 ) (9216 5120 -1440 ) (9999.457031 5120 -1440 ) 
4 39 (9999.458008 4096 -1440 ) (9999.458008 5120 -1440 ) (9992.407227 5120 -1024 ) (9992.407227 4096 -1024 ) 
4 40 (9937.083984 4096 2240 ) (9216 4096 2240 ) (9216 3072 2240 ) (9937.083984 3072 2240 ) 
4 40 (9940.338867 3072 2048 ) (9940.338867 4096 2048 ) (9937.084961 4096 2240 ) (9937.084961 3072 2240 ) 
4 41 (9957.695312 3072 1024 ) (9957.695312 4096 1024 ) (9940.339844 4096 2048 ) (9940.339844 3072 2048 ) 
4 42 (9975.050781 3072 0 ) (9975.050781 4096 0 ) (9957.695312 4096 1024 ) (9957.695312 3072 1024 ) 
4 43 (9992.407227 3072 -1024 ) (9992.407227 4096 -1024 ) (9975.051758 4096 0 ) (9975.051758 3072 0 ) 
4 44 (9999.457031 3072 -1440 ) (9216 3072 -1440 ) (9216 4096 -1440 ) (9999.457031 4096 -1440 ) 
4 44 (9999.458008 3072 -1440 ) (9999.458008 4096 -1440 ) (9992.407227 4096 -1024 ) (9992.407227 3072 -1024 ) 
4 45 (9937.083984 3072 2240 ) (9216 3072 2240 ) (9216 2048 2240 ) (9937.083984 2048 2240 ) 
4 45 (9940.338867 2048 2048 ) (9940.338867 3072 2048 ) (9937.084961 3072 2240 ) (9937.084961 2048 2240 ) 
4 46 (9957.695312 2048 1024 ) (9957.695312 3072 1024 ) (9940.339844 3072 2048 ) (9940.339844 2048 2048 ) 
4 47 (9975.050781 2048 0 ) (9975.050781 3072 0 ) (9957.695312 3072 1024 ) (9957.695312 2048 1024 ) 
4 48 (9992.407227 2048 -1024 ) (9992.407227 3072 -1024 ) (9975.051758 3072 0 ) (9975.051758 2048 0 ) 
4 49 (9999.457031 2048 -1440 ) (9216 2048 -1440 ) (9216 3072 -1440 ) (9999.457031 3072 -1440 ) 
4 49 (9999.458008 2048 -1440 ) (9999.458008 3072 -1440 ) (9992.407227 3072 -1024 ) (9992.407227 2048 -1024 ) 
4 50 (9937.083984 2048 2240 ) (9216 2048 2240 ) (9216 1024 2240 ) (9937.083984 1024 2240 ) 
4 50 (9940.338867 1024 2048 ) (9940.338867 2048 2048 ) (9937.084961 2048 2240 ) (9937.084961 1024 2240 ) 
4 51 (9957.695312 1024 1024 ) (9957.695312 2048 1024 ) (9940.339844 2048 2048 ) (9940.339844 1024 2048 ) 
4 52 (9975.050781 1024 0 ) (9975.050781 2048 0 ) (9957.695312 2048 1024 ) (9957.695312 1024 1024 ) 
4 53 (9992.407227 1024 -1024 ) (9992.407227 2048 -1024 ) (9975.051758 2048 0 ) (9975.051758 1024 0 ) 
4 54 (9999.457031 1024 -1440 ) (9216 1024 -1440 ) (9216 2048 -1440 ) (9999.457031 2048 -1440 ) 
4 54 (9999.458008 1024 -1440 ) (9999.458008 2048 -1440 ) (9992.407227 2048 -1024 ) (9992.407227 1024 -1024 ) 
4 55 (9937.083984 1024 2240 ) (9216 1024 2240 ) (9216 0 2240 ) (9937.083984 0 2240 ) 
4 55 (9940.338867 0 2048 ) (9940.338867 1024 2048 ) (9937.084961 1024 2240 ) (9937.084961 0 2240 ) 
4 56 (9957.695312 0 1024 ) (9957.695312 1024 1024 ) (9940.339844 1024 2048 ) (9940.339844 0 2048 ) 
4 57 (9975.050781 0 0 ) (9975.050781 1024 0 ) (9957.695312 1024 1024 ) (9957.695312 0 1024 ) 
4 58 (9992.407227 0 -1024 ) (9992.407227 1024 -1024 ) (9975.051758 1024 0 ) (9975.051758 0 0 ) 
4 59 (9999.457031 0 -1440 ) (9216 0 -1440 ) (9216 1024 -1440 ) (9999.457031 1024 -1440 ) 
4 59 (9999.458008 0 -1440 ) (9999.458008 1024 -1440 ) (9992.407227 1024 -1024 ) (9992.407227 0 -1024 ) 
4 60 (9937.083984 0 2240 ) (9216 0 2240 ) (9216 -1024 2240 ) (9937.083984 -1024 2240 ) 
4 60 (9940.338867 -1024 2048 ) (9940.338867 0 2048 ) (9937.084961 0 2240 ) (9937.084961 -1024 2240 ) 
4 61 (9957.695312 -1024 1024 ) (9957.695312 0 1024 ) (9940.339844 0 2048 ) (9940.339844 -1024 2048 ) 
4 62 (9975.050781 -1024 0 ) (9975.050781 0 0 ) (9957.695312 0 1024 ) (9957.695312 -1024 1024 ) 
4 63 (9992.407227 -1024 -1024 ) (9992.407227 0 -1024 ) (9975.051758 0 0 ) (9975.051758 -1024 0 ) 
4 64 (9999.457031 -1024 -1440 ) (9216 -1024 -1440 ) (9216 0 -1440 ) (9999.457031 0 -1440 ) 
4 64 (9999.458008 -1024 -1440 ) (9999.458008 0 -1440 ) (9992.407227 0 -1024 ) (9992.407227 -1024 -1024 ) 
4 65 (9937.083984 -1024 2240 ) (9216 -1024 2240 ) (9216 -2048 2240 ) (9937.083984 -2048 2240 ) 
4 65 (9940.338867 -2048 2048 ) (9940.338867 -1024 2048 ) (9937.084961 -1024 2240 ) (9937.084961 -2048 2240 ) 
4 66 (9957.695312 -2048 1024 ) (9957.695312 -1024 1024 ) (9940.339844 -1024 2048 ) (9940.339844 -2048 2048 ) 
4 67 (9975.050781 -2048 0 ) (9975.050781 -1024 0 ) (9957.695312 -1024 1024 ) (9957.695312 -2048 1024 ) 
4 68 (9992.407227 -2048 -1024 ) (9992.407227 -1024 -1024 ) (9975.051758 -1024 0 ) (9975.051758 -2048 0 ) 
4 69 (9999.457031 -2048 -1440 ) (9216 -2048 -1440 ) (9216 -1024 -1440 ) (9999.457031 -1024 -1440 ) 
4 69 (9999.458008 -2048 -1440 ) (9999.458008 -1024 -1440 ) (9992.407227 -1024 -1024 ) (9992.407227 -2048 -1024 ) 
4 70 (9937.083984 -2048 2240 ) (9216 -2048 2240 ) (9216 -3072 2240 ) (9937.083984 -3072 2240 ) 
4 70 (9940.338867 -3072 2048 ) (9940.338867 -2048 2048 ) (9937.084961 -2048 2240 ) (9937.084961 -3072 2240 ) 
4 71 (9957.695312 -3072 1024 ) (9957.695312 -2048 1024 ) (9940.339844 -2048 2048 ) (9940.339844 -3072 2048 ) 
4 72 (9975.050781 -3072 0 ) (9975.050781 -2048 0 ) (9957.695312 -2048 1024 ) (9957.695312 -3072 1024 ) 
4 73 (9992.407227 -3072 -1024 ) (9992.407227 -2048 -1024 ) (9975.051758 -2048 0 ) (9975.051758 -3072 0 ) 
4 74 (9999.457031 -3072 -1440 ) (9216 -3072 -1440 ) (9216 -2048 -1440 ) (9999.457031 -2048 -1440 ) 
4 74 (9999.458008 -3072 -1440 ) (9999.458008 -2048 -1440 ) (9992.407227 -2048 -1024 ) (9992.407227 -3072 -1024 ) 
4 75 (9937.083984 -3072 2240 ) (9216 -3072 2240 ) (9216 -4096 2240 ) (9937.083984 -4096 2240 ) 
4 75 (9940.338867 -4096 2048 ) (9940.338867 -3072 2048 ) (9937.084961 -3072 2240 ) (9937.084961 -4096 2240 ) 
4 76 (9957.695312 -4096 1024 ) (9957.695312 -3072 1024 ) (9940.339844 -3072 2048 ) (9940.339844 -4096 2048 ) 
4 77 (9975.050781 -4096 0 ) (9975.050781 -3072 0 ) (9957.695312 -3072 1024 ) (9957.695312 -4096 1024 ) 
4 78 (9992.407227 -4096 -1024 ) (9992.407227 -3072 -1024 ) (9975.051758 -3072 0 ) (9975.051758 -4096 0 ) 
4 79 (9999.457031 -4096 -1440 ) (9216 -4096 -1440 ) (9216 -3072 -1440 ) (9999.457031 -3072 -1440 ) 
4 79 (9999.458008 -4096 -1440 ) (9999.458008 -3072 -1440 ) (9992.407227 -3072 -1024 ) (9992.407227 -4096 -1024 ) 
4 80 (9937.083984 -4096 2240 ) (9216 -4096 2240 ) (9216 -5120 2240 ) (9937.083984 -5120 2240 ) 
4 80 (9940.338867 -5120 2048 ) (9940.338867 -4096 2048 ) (9937.084961 -4096 2240 ) (9937.084961 -5120 2240 ) 
4 81 (9957.695312 -5120 1024 ) (9957.695312 -4096 1024 ) (9940.339844 -4096 2048 ) (9940.339844 -5120 2048 ) 
4 82 (9975.050781 -5120 0 ) (9975.050781 -4096 0 ) (9957.695312 -4096 1024 ) (9957.695312 -5120 1024 ) 
4 83 (9992.407227 -5120 -1024 ) (9992.407227 -4096 -1024 ) (9975.051758 -4096 0 ) (9975.051758 -5120 0 ) 
4 84 (9999.457031 -5120 -1440 ) (9216 -5120 -1440 ) (9216 -4096 -1440 ) (9999.457031 -4096 -1440 ) 
4 84 (9999.458008 -5120 -1440 ) (9999.458008 -4096 -1440 ) (9992.407227 -4096 -1024 ) (9992.407227 -5120 -1024 ) 
4 85 (9937.083984 -5120 2240 ) (9216 -5120 2240 ) (9216 -6144 2240 ) (9937.083984 -6144 2240 ) 
4 85 (9940.338867 -6144 2048 ) (9940.338867 -5120 2048 ) (9937.084961 -5120 2240 ) (9937.084961 -6144 2240 ) 
4 86 (9957.695312 -6144 1024 ) (9957.695312 -5120 1024 ) (9940.339844 -5120 2048 ) (9940.339844 -6144 2048 ) 
4 87 (9975.050781 -6144 0 ) (9975.050781 -5120 0 ) (9957.695312 -5120 1024 ) (9957.695312 -6144 1024 ) 
4 88 (9992.407227 -6144 -1024 ) (9992.407227 -5120 -1024 ) (9975.051758 -5120 0 ) (9975.051758 -6144 0 ) 
4 89 (9999.457031 -6144 -1440 ) (9216 -6144 -1440 ) (9216 -5120 -1440 ) (9999.457031 -5120 -1440 ) 
4 89 (9999.458008 -6144 -1440 ) (9999.458008 -5120 -1440 ) (9992.407227 -5120 -1024 ) (9992.407227 -6144 -1024 ) 
4 90 (9937.083984 -6144 2240 ) (9216 -6144 2240 ) (9216 -7168 2240 ) (9937.083984 -7168 2240 ) 
4 90 (9940.338867 -7168 2048 ) (9940.338867 -6144 2048 ) (9937.084961 -6144 2240 ) (9937.084961 -7168 2240 ) 
4 91 (9957.695312 -7168 1024 ) (9957.695312 -6144 1024 ) (9940.339844 -6144 2048 ) (9940.339844 -7168 2048 ) 
4 92 (9975.050781 -7168 0 ) (9975.050781 -6144 0 ) (9957.695312 -6144 1024 ) (9957.695312 -7168 1024 ) 
4 93 (9992.407227 -7168 -1024 ) (9992.407227 -6144 -1024 ) (9975.051758 -6144 0 ) (9975.051758 -7168 0 ) 
4 94 (9999.457031 -7168 -1440 ) (9216 -7168 -1440 ) (9216 -6144 -1440 ) (9999.457031 -6144 -1440 ) 
4 94 (9999.458008 -7168 -1440 ) (9999.458008 -6144 -1440 ) (9992.407227 -6144 -1024 ) (9992.407227 -7168 -1024 ) 
4 95 (9937.083984 -7168 2240 ) (9216 -7168 2240 ) (9216 -8192 2240 ) (9937.083984 -8192 2240 ) 
4 95 (9940.338867 -8192 2048 ) (9940.338867 -7168 2048 ) (9937.084961 -7168 2240 ) (9937.084961 -8192 2240 ) 
4 96 (9957.695312 -8192 1024 ) (9957.695312 -7168 1024 ) (9940.339844 -7168 2048 ) (9940.339844 -8192 2048 ) 
4 97 (9975.050781 -8192 0 ) (9975.050781 -7168 0 ) (9957.695312 -7168 1024 ) (9957.695312 -8192 1024 ) 
4 98 (9992.407227 -8192 -1024 ) (9992.407227 -7168 -1024 ) (9975.051758 -7168 0 ) (9975.051758 -8192 0 ) 
4 99 (9999.457031 -8192 -1440 ) (9216 -8192 -1440 ) (9216 -7168 -1440 ) (9999.457031 -7168 -1440 ) 
4 99 (9999.458008 -8192 -1440 ) (9999.458008 -7168 -1440 ) (9992.407227 -7168 -1024 ) (9992.407227 -8192 -1024 ) 
4 100 (9937.083984 -8192 2240 ) (9216 -8192 2240 ) (9216 -9216 2240 ) (9937.083984 -9216 2240 ) 
4 100 (9940.338867 -9216 2048 ) (9940.338867 -8192 2048 ) (9937.084961 -8192 2240 ) (9937.084961 -9216 2240 ) 
4 101 (9957.695312 -9216 1024 ) (9957.695312 -8192 1024 ) (9940.339844 -8192 2048 ) (9940.339844 -9216 2048 ) 
4 102 (9975.050781 -9216 0 ) (9975.050781 -8192 0 ) (9957.695312 -8192 1024 ) (9957.695312 -9216 1024 ) 
4 103 (9992.407227 -9216 -1024 ) (9992.407227 -8192 -1024 ) (9975.051758 -8192 0 ) (9975.051758 -9216 0 ) 
4 104 (9999.457031 -9216 -1440 ) (9216 -9216 -1440 ) (9216 -8192 -1440 ) (9999.457031 -8192 -1440 ) 
4 104 (9999.458008 -9216 -1440 ) (9999.458008 -8192 -1440 ) (9992.407227 -8192 -1024 ) (9992.407227 -9216 -1024 ) 
4 105 (9937.083984 -9216 2240 ) (9216 -9216 2240 ) (9216 -10240 2240 ) (9937.083984 -10240 2240 ) 
4 105 (9940.338867 -10240 2048 ) (9940.338867 -9216 2048 ) (9937.084961 -9216 2240 ) (9937.084961 -10240 2240 ) 
4 106 (9957.695312 -10240 1024 ) (9957.695312 -9216 1024 ) (9940.339844 -9216 2048 ) (9940.339844 -10240 2048 ) 
4 107 (9975.050781 -10240 0 ) (9975.050781 -9216 0 ) (9957.695312 -9216 1024 ) (9957.695312 -10240 1024 ) 
4 108 (9992.407227 -10240 -1024 ) (9992.407227 -9216 -1024 ) (9975.051758 -9216 0 ) (9975.051758 -10240 0 ) 
4 109 (9999.457031 -10240 -1440 ) (9216 -10240 -1440 ) (9216 -9216 -1440 ) (9999.457031 -9216 -1440 ) 
4 109 (9999.458008 -10240 -1440 ) (9999.458008 -9216 -1440 ) (9992.407227 -9216 -1024 ) (9992.407227 -10240 -1024 ) 
4 110 (9937.083984 -10240 2240 ) (9216 -10240 2240 ) (9216 -11264 2240 ) (9937.083984 -11264 2240 ) 
4 110 (9940.338867 -11264 2048 ) (9940.338867 -10240 2048 ) (9937.084961 -10240 2240 ) (9937.084961 -11264 2240 ) 
4 111 (9957.695312 -11264 1024 ) (9957.695312 -10240 1024 ) (9940.339844 -10240 2048 ) (9940.339844 -11264 2048 ) 
4 112 (9975.050781 -11264 0 ) (9975.050781 -10240 0 ) (9957.695312 -10240 1024 ) (9957.695312 -11264 1024 ) 
4 113 (9992.407227 -11264 -1024 ) (9992.407227 -10240 -1024 ) (9975.051758 -10240 0 ) (9975.051758 -11264 0 ) 
4 114 (9999.457031 -11264 -1440 ) (9216 -11264 -1440 ) (9216 -10240 -1440 ) (9999.457031 -10240 -1440 ) 
4 114 (9999.458008 -11264 -1440 ) (9999.458008 -10240 -1440 ) (9992.407227 -10240 -1024 ) (9992.407227 -11264 -1024 ) 
4 115 (9937.083984 -11264 2240 ) (9216 -11264 2240 ) (9216 -12288 2240 ) (9937.083984 -12288 2240 ) 
4 115 (9940.338867 -12288 2048 ) (9940.338867 -11264 2048 ) (9937.084961 -11264 2240 ) (9937.084961 -12288 2240 ) 
4 116 (9957.695312 -12288 1024 ) (9957.695312 -11264 1024 ) (9940.339844 -11264 2048 ) (9940.339844 -12288 2048 ) 
4 117 (9975.050781 -12288 0 ) (9975.050781 -11264 0 ) (9957.695312 -11264 1024 ) (9957.695312 -12288 1024 ) 
4 118 (9992.407227 -12288 -1024 ) (9992.407227 -11264 -1024 ) (9975.051758 -11264 0 ) (9975.051758 -12288 0 ) 
4 119 (9999.457031 -12288 -1440 ) (9216 -12288 -1440 ) (9216 -11264 -1440 ) (9999.457031 -11264 -1440 ) 
4 119 (9999.458008 -12288 -1440 ) (9999.458008 -11264 -1440 ) (9992.407227 -11264 -1024 ) (9992.407227 -12288 -1024 ) 
4 120 (9937.083984 -12288 2240 ) (9216 -12288 2240 ) (9216 -13312 2240 ) (9937.083984 -13312 2240 ) 
4 120 (9940.338867 -13312 2048 ) (9940.338867 -12288 2048 ) (9937.084961 -12288 2240 ) (9937.084961 -13312 2240 ) 
4 121 (9957.695312 -13312 1024 ) (9957.695312 -12288 1024 ) (9940.339844 -12288 2048 ) (9940.339844 -13312 2048 ) 
4 122 (9975.050781 -13312 0 ) (9975.050781 -12288 0 ) (9957.695312 -12288 1024 ) (9957.695312 -13312 1024 ) 
4 123 (9992.407227 -13312 -1024 ) (9992.407227 -12288 -1024 ) (9975.051758 -12288 0 ) (9975.051758 -13312 0 ) 
4 124 (9999.457031 -13312 -1440 ) (9216 -13312 -1440 ) (9216 -12288 -1440 ) (9999.457031 -12288 -1440 ) 
4 124 (9999.458008 -13312 -1440 ) (9999.458008 -12288 -1440 ) (9992.407227 -12288 -1024 ) (9992.407227 -13312 -1024 ) 
4 125 (9216 -13408 2048 ) (9940.337891 -13408 2048 ) (9937.083984 -13408 2240 ) (9216 -13408 2240 ) 
4 125 (9937.083984 -13408 2240 ) (9937.083984 -13312 2240 ) (9216 -13312 2240 ) (9216 -13408 2240 ) 
4 125 (9937.084961 -13408 2240 ) (9940.338867 -13408 2048 ) (9940.338867 -13312 2048 ) (9937.084961 -13312 2240 ) 
4 126 (9216 -13408 1024 ) (9957.694336 -13408 1024 ) (9940.337891 -13408 2048 ) (9216 -13408 2048 ) 
4 126 (9940.339844 -13408 2048 ) (9957.695312 -13408 1024 ) (9957.695312 -13312 1024 ) (9940.339844 -13312 2048 ) 
4 127 (9216 -13408 0 ) (9975.049805 -13408 0 ) (9957.694336 -13408 1024 ) (9216 -13408 1024 ) 
4 127 (9957.695312 -13408 1024 ) (9975.050781 -13408 0 ) (9975.050781 -13312 0 ) (9957.695312 -13312 1024 ) 
4 128 (9216 -13408 -1024 ) (9992.406250 -13408 -1024 ) (9975.049805 -13408 0 ) (9216 -13408 0 ) 
4 128 (9975.051758 -13408 0 ) (9992.407227 -13408 -1024 ) (9992.407227 -13312 -1024 ) (9975.051758 -13312 0 ) 
4 129 (9216 -13408 -1440 ) (9999.457031 -13408 -1440 ) (9992.406250 -13408 -1024 ) (9216 -13408 -1024 ) 
4 129 (9216 -13408 -1440 ) (9216 -13312 -1440 ) (9999.457031 -13312 -1440 ) (9999.457031 -13408 -1440 ) 
4 129 (9992.407227 -13408 -1024 ) (9999.458008 -13408 -1440 ) (9999.458008 -13312 -1440 ) (9992.407227 -13312 -1024 ) 
4 130 (9216 11312 2240 ) (8192 11312 2240 ) (8192 11264 2240 ) (9216 11264 2240 ) 
4 130 (8192 11312 2240 ) (9216 11312 2240 ) (9216 11312 2048 ) (8192 11312 2048 ) 
4 131 (8192 11312 2048 ) (9216 11312 2048 ) (9216 11312 1024 ) (8192 11312 1024 ) 
4 132 (8192 11312 1024 ) (9216 11312 1024 ) (9216 11312 0 ) (8192 11312 0 ) 
4 133 (8192 11312 0 ) (9216 11312 0 ) (9216 11312 -1024 ) (8192 11312 -1024 ) 
4 134 (9216 11264 -1440 ) (8192 11264 -1440 ) (8192 11312 -1440 ) (9216 11312 -1440 ) 
4 134 (8192 11312 -1024 ) (9216 11312 -1024 ) (9216 11312 -1440 ) (8192 11312 -1440 ) 
4 135 (9216 11264 2240 ) (8192 11264 2240 ) (8192 10240 2240 ) (9216 10240 2240 ) 
4 139 (9216 10240 -1440 ) (8192 10240 -1440 ) (8192 11264 -1440 ) (9216 11264 -1440 ) 
4 140 (9216 10240 2240 ) (8192 10240 2240 ) (8192 9216 2240 ) (9216 9216 2240 ) 
4 144 (9216 9216 -1440 ) (8192 9216 -1440 ) (8192 10240 -1440 ) (9216 10240 -1440 ) 
4 145 (9216 9216 2240 ) (8192 9216 2240 ) (8192 8192 2240 ) (9216 8192 2240 ) 
4 149 (9216 8192 -1440 ) (8192 8192 -1440 ) (8192 9216 -1440 ) (9216 9216 -1440 ) 
4 150 (9216 8192 2240 ) (8192 8192 2240 ) (8192 7168 2240 ) (9216 7168 2240 ) 
4 154 (9216 7168 -1440 ) (8192 7168 -1440 ) (8192 8192 -1440 ) (9216 8192 -1440 ) 
4 155 (9216 7168 2240 ) (8192 7168 2240 ) (8192 6144 2240 ) (9216 6144 2240 ) 
4 159 (9216 6144 -1440 ) (8192 6144 -1440 ) (8192 7168 -1440 ) (9216 7168 -1440 ) 
4 160 (9216 6144 2240 ) (8192 6144 2240 ) (8192 5120 2240 ) (9216 5120 2240 ) 
4 164 (9216 5120 -1440 ) (8192 5120 -1440 ) (8192 6144 -1440 ) (9216 6144 -1440 ) 
4 165 (9216 5120 2240 ) (8192 5120 2240 ) (8192 4096 2240 ) (9216 4096 2240 ) 
4 169 (9216 4096 -1440 ) (8192 4096 -1440 ) (8192 5120 -1440 ) (9216 5120 -1440 ) 
4 170 (9216 4096 2240 ) (8192 4096 2240 ) (8192 3072 2240 ) (9216 3072 2240 ) 
4 174 (9216 3072 -1440 ) (8192 3072 -1440 ) (8192 4096 -1440 ) (9216 4096 -1440 ) 
4 175 (9216 3072 2240 ) (8192 3072 2240 ) (8192 2048 2240 ) (9216 2048 2240 ) 
4 179 (9216 2048 -1440 ) (8192 2048 -1440 ) (8192 3072 -1440 ) (9216 3072 -1440 ) 
4 180 (9216 2048 2240 ) (8192 2048 2240 ) (8192 1024 2240 ) (9216 1024 2240 ) 
4 184 (9216 1024 -1440 ) (8192 1024 -1440 ) (8192 2048 -1440 ) (9216 2048 -1440 ) 
4 185 (9216 1024 2240 ) (8192 1024 2240 ) (8192 0 2240 ) (9216 0 2240 ) 
4 189 (9216 0 -1440 ) (8192 0 -1440 ) (8192 1024 -1440 ) (9216 1024 -1440 ) 
4 190 (9216 0 2240 ) (8192 0 2240 ) (8192 -1024 2240 ) (9216 -1024 2240 ) 
4 194 (9216 -1024 -1440 ) (8192 -1024 -1440 ) (8192 0 -1440 ) (9216 0 -1440 ) 
4 195 (9216 -1024 2240 ) (8192 -1024 2240 ) (8192 -2048 2240 ) (9216 -2048 2240 ) 
4 199 (9216 -2048 -1440 ) (8192 -2048 -1440 ) (8192 -1024 -1440 ) (9216 -1024 -1440 ) 
4 200 (9216 -2048 2240 ) (8192 -2048 2240 ) (8192 -3072 2240 ) (9216 -3072 2240 ) 
4 204 (9216 -3072 -1440 ) (8192 -3072 -1440 ) (8192 -2048 -1440 ) (9216 -2048 -1440 ) 
4 205 (9216 -3072 2240 ) (8192 -3072 2240 ) (8192 -4096 2240 ) (9216 -4096 2240 ) 
4 209 (9216 -4096 -1440 ) (8192 -4096 -1440 ) (8192 -3072 -1440 ) (9216 -3072 -1440 ) 
4 210 (9216 -4096 2240 ) (8192 -4096 2240 ) (8192 -5120 2240 ) (9216 -5120 2240 ) 
4 214 (9216 -5120 -1440 ) (8192 -5120 -1440 ) (8192 -4096 -1440 ) (9216 -4096 -1440 ) 
4 215 (9216 -5120 2240 ) (8192 -5120 2240 ) (8192 -6144 2240 ) (9216 -6144 2240 ) 
4 219 (9216 -6144 -1440 ) (8192 -6144 -1440 ) (8192 -5120 -1440 ) (9216 -5120 -1440 ) 
4 220 (9216 -6144 2240 ) (8192 -6144 2240 ) (8192 -7168 2240 ) (9216 -7168 2240 ) 
4 224 (9216 -7168 -1440 ) (8192 -7168 -1440 ) (8192 -6144 -1440 ) (9216 -6144 -1440 ) 
4 225 (9216 -7168 2240 ) (8192 -7168 2240 ) (8192 -8192 2240 ) (9216 -8192 2240 ) 
4 229 (9216 -8192 -1440 ) (8192 -8192 -1440 ) (8192 -7168 -1440 ) (9216 -7168 -1440 ) 
4 230 (9216 -8192 2240 ) (8192 -8192 2240 ) (8192 -9216 2240 ) (9216 -9216 2240 ) 
4 234 (9216 -9216 -1440 ) (8192 -9216 -1440 ) (8192 -8192 -1440 ) (9216 -8192 -1440 ) 
4 235 (9216 -9216 2240 ) (8192 -9216 2240 ) (8192 -10240 2240 ) (9216 -10240 2240 ) 
4 239 (9216 -10240 -1440 ) (8192 -10240 -1440 ) (8192 -9216 -1440 ) (9216 -9216 -1440 ) 
4 240 (9216 -10240 2240 ) (8192 -10240 2240 ) (8192 -11264 2240 ) (9216 -11264 2240 ) 
4 244 (9216 -11264 -1440 ) (8192 -11264 -1440 ) (8192 -10240 -1440 ) (9216 -10240 -1440 ) 
4 245 (9216 -11264 2240 ) (8192 -11264 2240 ) (8192 -12288 2240 ) (9216 -12288 2240 ) 
4 249 (9216 -12288 -1440 ) (8192 -12288 -1440 ) (8192 -11264 -1440 ) (9216 -11264 -1440 ) 
4 250 (9216 -12288 2240 ) (8192 -12288 2240 ) (8192 -13312 2240 ) (9216 -13312 2240 ) 
4 254 (9216 -13312 -1440 ) (8192 -13312 -1440 ) (8192 -12288 -1440 ) (9216 -12288 -1440 ) 
4 255 (9216 -13408 2240 ) (9216 -13312 2240 ) (8192 -13312 2240 ) (8192 -13408 2240 ) 
4 255 (8192 -13408 2048 ) (9216 -13408 2048 ) (9216 -13408 2240 ) (8192 -13408 2240 ) 
4 256 (8192 -13408 1024 ) (9216 -13408 1024 ) (9216 -13408 2048 ) (8192 -13408 2048 ) 
4 257 (8192 -13408 0 ) (9216 -13408 0 ) (9216 -13408 1024 ) (8192 -13408 1024 ) 
4 258 (8192 -13408 -1024 ) (9216 -13408 -1024 ) (9216 -13408 0 ) (8192 -13408 0 ) 
4 259 (8192 -13408 -1440 ) (8192 -13312 -1440 ) (9216 -13312 -1440 ) (9216 -13408 -1440 ) 
4 259 (8192 -13408 -1440 ) (9216 -13408 -1440 ) (9216 -13408 -1024 ) (8192 -13408 -1024 ) 
4 260 (8192 11312 2240 ) (8192 11312 2048 ) (7168 11312 2048 ) (7168 11312 2240 ) 
4 260 (8192 11312 2240 ) (7168 11312 2240 ) (7168 11264 2240 ) (8192 11264 2240 ) 
4 261 (7168 11312 2048 ) (8192 11312 2048 ) (8192 11312 1024 ) (7168 11312 1024 ) 
4 262 (7168 11312 1024 ) (8192 11312 1024 ) (8192 11312 0 ) (7168 11312 0 ) 
4 263 (7168 11312 0 ) (8192 11312 0 ) (8192 11312 -1024 ) (7168 11312 -1024 ) 
4 264 (7168 11312 -1440 ) (7168 11312 -1024 ) (8192 11312 -1024 ) (8192 11312 -1440 ) 
4 264 (8192 11264 -1440 ) (7168 11264 -1440 ) (7168 11312 -1440 ) (8192 11312 -1440 ) 
4 265 (8192 11264 2240 ) (7168 11264 2240 ) (7168 10240 2240 ) (8192 10240 2240 ) 
4 269 (8192 10240 -1440 ) (7168 10240 -1440 ) (7168 11264 -1440 ) (8192 11264 -1440 ) 
4 270 (8192 10240 2240 ) (7168 10240 2240 ) (7168 9216 2240 ) (8192 9216 2240 ) 
4 274 (8192 9216 -1440 ) (7168 9216 -1440 ) (7168 10240 -1440 ) (8192 10240 -1440 ) 
4 275 (8192 9216 2240 ) (7168 9216 2240 ) (7168 8192 2240 ) (8192 8192 2240 ) 
4 279 (8192 8192 -1440 ) (7168 8192 -1440 ) (7168 9216 -1440 ) (8192 9216 -1440 ) 
4 280 (8192 8192 2240 ) (7168 8192 2240 ) (7168 7168 2240 ) (8192 7168 2240 ) 
4 284 (8192 7168 -1440 ) (7168 7168 -1440 ) (7168 8192 -1440 ) (8192 8192 -1440 ) 
4 285 (8192 7168 2240 ) (7168 7168 2240 ) (7168 6144 2240 ) (8192 6144 2240 ) 
4 289 (8192 6144 -1440 ) (7168 6144 -1440 ) (7168 7168 -1440 ) (8192 7168 -1440 ) 
4 290 (8192 6144 2240 ) (7168 6144 2240 ) (7168 5120 2240 ) (8192 5120 2240 ) 
4 294 (8192 5120 -1440 ) (7168 5120 -1440 ) (7168 6144 -1440 ) (8192 6144 -1440 ) 
4 295 (8192 5120 2240 ) (7168 5120 2240 ) (7168 4096 2240 ) (8192 4096 2240 ) 
4 299 (8192 4096 -1440 ) (7168 4096 -1440 ) (7168 5120 -1440 ) (8192 5120 -1440 ) 
4 300 (8192 4096 2240 ) (7168 4096 2240 ) (7168 3072 2240 ) (8192 3072 2240 ) 
4 304 (8192 3072 -1440 ) (7168 3072 -1440 ) (7168 4096 -1440 ) (8192 4096 -1440 ) 
4 305 (8192 3072 2240 ) (7168 3072 2240 ) (7168 2048 2240 ) (8192 2048 2240 ) 
4 309 (8192 2048 -1440 ) (7168 2048 -1440 ) (7168 3072 -1440 ) (8192 3072 -1440 ) 
4 310 (8192 2048 2240 ) (7168 2048 2240 ) (7168 1024 2240 ) (8192 1024 2240 ) 
4 314 (8192 1024 -1440 ) (7168 1024 -1440 ) (7168 2048 -1440 ) (8192 2048 -1440 ) 
4 315 (8192 1024 2240 ) (7168 1024 2240 ) (7168 0 2240 ) (8192 0 2240 ) 
4 319 (8192 0 -1440 ) (7168 0 -1440 ) (7168 1024 -1440 ) (8192 1024 -1440 ) 
4 320 (8192 0 2240 ) (7168 0 2240 ) (7168 -1024 2240 ) (8192 -1024 2240 ) 
4 324 (8192 -1024 -1440 ) (7168 -1024 -1440 ) (7168 0 -1440 ) (8192 0 -1440 ) 
4 325 (8192 -1024 2240 ) (7168 -1024 2240 ) (7168 -2048 2240 ) (8192 -2048 2240 ) 
4 329 (8192 -2048 -1440 ) (7168 -2048 -1440 ) (7168 -1024 -1440 ) (8192 -1024 -1440 ) 
4 330 (8192 -2048 2240 ) (7168 -2048 2240 ) (7168 -3072 2240 ) (8192 -3072 2240 ) 
4 334 (8192 -3072 -1440 ) (7168 -3072 -1440 ) (7168 -2048 -1440 ) (8192 -2048 -1440 ) 
4 335 (8192 -3072 2240 ) (7168 -3072 2240 ) (7168 -4096 2240 ) (8192 -4096 2240 ) 
4 339 (8192 -4096 -1440 ) (7168 -4096 -1440 ) (7168 -3072 -1440 ) (8192 -3072 -1440 ) 
4 340 (8192 -4096 2240 ) (7168 -4096 2240 ) (7168 -5120 2240 ) (8192 -5120 2240 ) 
4 344 (8192 -5120 -1440 ) (7168 -5120 -1440 ) (7168 -4096 -1440 ) (8192 -4096 -1440 ) 
4 345 (8192 -5120 2240 ) (7168 -5120 2240 ) (7168 -6144 2240 ) (8192 -6144 2240 ) 
4 349 (8192 -6144 -1440 ) (7168 -6144 -1440 ) (7168 -5120 -1440 ) (8192 -5120 -1440 ) 
4 350 (8192 -6144 2240 ) (7168 -6144 2240 ) (7168 -7168 2240 ) (8192 -7168 2240 ) 
4 354 (8192 -7168 -1440 ) (7168 -7168 -1440 ) (7168 -6144 -1440 ) (8192 -6144 -1440 ) 
4 355 (8192 -7168 2240 ) (7168 -7168 2240 ) (7168 -8192 2240 ) (8192 -8192 2240 ) 
4 359 (8192 -8192 -1440 ) (7168 -8192 -1440 ) (7168 -7168 -1440 ) (8192 -7168 -1440 ) 
4 360 (8192 -8192 2240 ) (7168 -8192 2240 ) (7168 -9216 2240 ) (8192 -9216 2240 ) 
4 364 (8192 -9216 -1440 ) (7168 -9216 -1440 ) (7168 -8192 -1440 ) (8192 -8192 -1440 ) 
4 365 (8192 -9216 2240 ) (7168 -9216 2240 ) (7168 -10240 2240 ) (8192 -10240 2240 ) 
4 369 (8192 -10240 -1440 ) (7168 -10240 -1440 ) (7168 -9216 -1440 ) (8192 -9216 -1440 ) 
4 370 (8192 -10240 2240 ) (7168 -10240 2240 ) (7168 -11264 2240 ) (8192 -11264 2240 ) 
4 374 (8192 -11264 -1440 ) (7168 -11264 -1440 ) (7168 -10240 -1440 ) (8192 -10240 -1440 ) 
4 375 (8192 -11264 2240 ) (7168 -11264 2240 ) (7168 -12288 2240 ) (8192 -12288 2240 ) 
4 379 (8192 -12288 -1440 ) (7168 -12288 -1440 ) (7168 -11264 -1440 ) (8192 -11264 -1440 ) 
4 380 (8192 -12288 2240 ) (7168 -12288 2240 ) (7168 -13312 2240 ) (8192 -13312 2240 ) 
4 384 (8192 -13312 -1440 ) (7168 -13312 -1440 ) (7168 -12288 -1440 ) (8192 -12288 -1440 ) 
4 385 (7168 -13408 2240 ) (7168 -13408 2048 ) (8192 -13408 2048 ) (8192 -13408 2240 ) 
4 385 (8192 -13312 2240 ) (7168 -13312 2240 ) (7168 -13408 2240 ) (8192 -13408 2240 ) 
4 386 (7168 -13408 1024 ) (8192 -13408 1024 ) (8192 -13408 2048 ) (7168 -13408 2048 ) 
4 387 (7168 -13408 0 ) (8192 -13408 0 ) (8192 -13408 1024 ) (7168 -13408 1024 ) 
4 388 (7168 -13408 -1024 ) (8192 -13408 -1024 ) (8192 -13408 0 ) (7168 -13408 0 ) 
4 389 (8192 -13408 -1440 ) (8192 -13408 -1024 ) (7168 -13408 -1024 ) (7168 -13408 -1440 ) 
4 389 (8192 -13408 -1440 ) (7168 -13408 -1440 ) (7168 -13312 -1440 ) (8192 -13312 -1440 ) 
4 390 (7168 11312 2240 ) (6144 11312 2240 ) (6144 11264 2240 ) (7168 11264 2240 ) 
4 390 (6144 11312 2240 ) (7168 11312 2240 ) (7168 11312 2048 ) (6144 11312 2048 ) 
4 391 (6144 11312 2048 ) (7168 11312 2048 ) (7168 11312 1024 ) (6144 11312 1024 ) 
4 392 (6144 11312 1024 ) (7168 11312 1024 ) (7168 11312 0 ) (6144 11312 0 ) 
4 393 (6144 11312 0 ) (7168 11312 0 ) (7168 11312 -1024 ) (6144 11312 -1024 ) 
4 394 (7168 11264 -1440 ) (6144 11264 -1440 ) (6144 11312 -1440 ) (7168 11312 -1440 ) 
4 394 (6144 11312 -1024 ) (7168 11312 -1024 ) (7168 11312 -1440 ) (6144 11312 -1440 ) 
4 395 (7168 11264 2240 ) (6144 11264 2240 ) (6144 10240 2240 ) (7168 10240 2240 ) 
4 399 (7168 10240 -1440 ) (6144 10240 -1440 ) (6144 11264 -1440 ) (7168 11264 -1440 ) 
4 400 (7168 10240 2240 ) (6144 10240 2240 ) (6144 9216 2240 ) (7168 9216 2240 ) 
4 404 (7168 9216 -1440 ) (6144 9216 -1440 ) (6144 10240 -1440 ) (7168 10240 -1440 ) 
4 405 (7168 9216 2240 ) (6144 9216 2240 ) (6144 8192 2240 ) (7168 8192 2240 ) 
4 409 (7168 8192 -1440 ) (6144 8192 -1440 ) (6144 9216 -1440 ) (7168 9216 -1440 ) 
4 410 (7168 8192 2240 ) (6144 8192 2240 ) (6144 7168 2240 ) (7168 7168 2240 ) 
4 414 (7168 7168 -1440 ) (6144 7168 -1440 ) (6144 8192 -1440 ) (7168 8192 -1440 ) 
4 415 (7168 7168 2240 ) (6144 7168 2240 ) (6144 6144 2240 ) (7168 6144 2240 ) 
4 419 (7168 6144 -1440 ) (6144 6144 -1440 ) (6144 7168 -1440 ) (7168 7168 -1440 ) 
4 420 (7168 6144 2240 ) (6144 6144 2240 ) (6144 5120 2240 ) (7168 5120 2240 ) 
4 424 (7168 5120 -1440 ) (6144 5120 -1440 ) (6144 6144 -1440 ) (7168 6144 -1440 ) 
4 425 (7168 5120 2240 ) (6144 5120 2240 ) (6144 4096 2240 ) (7168 4096 2240 ) 
4 429 (7168 4096 -1440 ) (6144 4096 -1440 ) (6144 5120 -1440 ) (7168 5120 -1440 ) 
4 430 (7168 4096 2240 ) (6144 4096 2240 ) (6144 3072 2240 ) (7168 3072 2240 ) 
4 434 (7168 3072 -1440 ) (6144 3072 -1440 ) (6144 4096 -1440 ) (7168 4096 -1440 ) 
4 435 (7168 3072 2240 ) (6144 3072 2240 ) (6144 2048 2240 ) (7168 2048 2240 ) 
4 439 (7168 2048 -1440 ) (6144 2048 -1440 ) (6144 3072 -1440 ) (7168 3072 -1440 ) 
4 440 (7168 2048 2240 ) (6144 2048 2240 ) (6144 1024 2240 ) (7168 1024 2240 ) 
4 444 (7168 1024 -1440 ) (6144 1024 -1440 ) (6144 2048 -1440 ) (7168 2048 -1440 ) 
4 445 (7168 1024 2240 ) (6144 1024 2240 ) (6144 0 2240 ) (7168 0 2240 ) 
4 449 (7168 0 -1440 ) (6144 0 -1440 ) (6144 1024 -1440 ) (7168 1024 -1440 ) 
4 450 (7168 0 2240 ) (6144 0 2240 ) (6144 -1024 2240 ) (7168 -1024 2240 ) 
4 454 (7168 -1024 -1440 ) (6144 -1024 -1440 ) (6144 0 -1440 ) (7168 0 -1440 ) 
4 455 (7168 -1024 2240 ) (6144 -1024 2240 ) (6144 -2048 2240 ) (7168 -2048 2240 ) 
4 459 (7168 -2048 -1440 ) (6144 -2048 -1440 ) (6144 -1024 -1440 ) (7168 -1024 -1440 ) 
4 460 (7168 -2048 2240 ) (6144 -2048 2240 ) (6144 -3072 2240 ) (7168 -3072 2240 ) 
4 464 (7168 -3072 -1440 ) (6144 -3072 -1440 ) (6144 -2048 -1440 ) (7168 -2048 -1440 ) 
4 465 (7168 -3072 2240 ) (6144 -3072 2240 ) (6144 -4096 2240 ) (7168 -4096 2240 ) 
4 469 (7168 -4096 -1440 ) (6144 -4096 -1440 ) (6144 -3072 -1440 ) (7168 -3072 -1440 ) 
4 470 (7168 -4096 2240 ) (6144 -4096 2240 ) (6144 -5120 2240 ) (7168 -5120 2240 ) 
4 474 (7168 -5120 -1440 ) (6144 -5120 -1440 ) (6144 -4096 -1440 ) (7168 -4096 -1440 ) 
4 475 (7168 -5120 2240 ) (6144 -5120 2240 ) (6144 -6144 2240 ) (7168 -6144 2240 ) 
4 479 (7168 -6144 -1440 ) (6144 -6144 -1440 ) (6144 -5120 -1440 ) (7168 -5120 -1440 ) 
4 480 (7168 -6144 2240 ) (6144 -6144 2240 ) (6144 -7168 2240 ) (7168 -7168 2240 ) 
4 484 (7168 -7168 -1440 ) (6144 -7168 -1440 ) (6144 -6144 -1440 ) (7168 -6144 -1440 ) 
4 485 (7168 -7168 2240 ) (6144 -7168 2240 ) (6144 -8192 2240 ) (7168 -8192 2240 ) 
4 489 (7168 -8192 -1440 ) (6144 -8192 -1440 ) (6144 -7168 -1440 ) (7168 -7168 -1440 ) 
4 490 (7168 -8192 2240 ) (6144 -8192 2240 ) (6144 -9216 2240 ) (7168 -9216 2240 ) 
4 494 (7168 -9216 -1440 ) (6144 -9216 -1440 ) (6144 -8192 -1440 ) (7168 -8192 -1440 ) 
4 495 (7168 -9216 2240 ) (6144 -9216 2240 ) (6144 -10240 2240 ) (7168 -10240 2240 ) 
4 499 (7168 -10240 -1440 ) (6144 -10240 -1440 ) (6144 -9216 -1440 ) (7168 -9216 -1440 ) 
4 500 (7168 -10240 2240 ) (6144 -10240 2240 ) (6144 -11264 2240 ) (7168 -11264 2240 ) 
4 504 (7168 -11264 -1440 ) (6144 -11264 -1440 ) (6144 -10240 -1440 ) (7168 -10240 -1440 ) 
4 505 (7168 -11264 2240 ) (6144 -11264 2240 ) (6144 -12288 2240 ) (7168 -12288 2240 ) 
4 509 (7168 -12288 -1440 ) (6144 -12288 -1440 ) (6144 -11264 -1440 ) (7168 -11264 -1440 ) 
4 510 (7168 -12288 2240 ) (6144 -12288 2240 ) (6144 -13312 2240 ) (7168 -13312 2240 ) 
4 514 (7168 -13312 -1440 ) (6144 -13312 -1440 ) (6144 -12288 -1440 ) (7168 -12288 -1440 ) 
4 515 (7168 -13408 2240 ) (7168 -13312 2240 ) (6144 -13312 2240 ) (6144 -13408 2240 ) 
4 515 (6144 -13408 2048 ) (7168 -13408 2048 ) (7168 -13408 2240 ) (6144 -13408 2240 ) 
4 516 (6144 -13408 1024 ) (7168 -13408 1024 ) (7168 -13408 2048 ) (6144 -13408 2048 ) 
4 517 (6144 -13408 0 ) (7168 -13408 0 ) (7168 -13408 1024 ) (6144 -13408 1024 ) 
4 518 (6144 -13408 -1024 ) (7168 -13408 -1024 ) (7168 -13408 0 ) (6144 -13408 0 ) 
4 519 (6144 -13408 -1440 ) (6144 -13312 -1440 ) (7168 -13312 -1440 ) (7168 -13408 -1440 ) 
4 519 (6144 -13408 -1440 ) (7168 -13408 -1440 ) (7168 -13408 -1024 ) (6144 -13408 -1024 ) 
4 520 (6144 11312 2240 ) (6144 11312 2048 ) (5120 11312 2048 ) (5120 11312 2240 ) 
4 520 (6144 11312 2240 ) (5120 11312 2240 ) (5120 11264 2240 ) (6144 11264 2240 ) 
4 521 (5120 11312 2048 ) (6144 11312 2048 ) (6144 11312 1024 ) (5120 11312 1024 ) 
4 522 (5120 11312 1024 ) (6144 11312 1024 ) (6144 11312 0 ) (5120 11312 0 ) 
4 523 (5120 11312 0 ) (6144 11312 0 ) (6144 11312 -1024 ) (5120 11312 -1024 ) 
4 524 (5120 11312 -1440 ) (5120 11312 -1024 ) (6144 11312 -1024 ) (6144 11312 -1440 ) 
4 524 (6144 11264 -1440 ) (5120 11264 -1440 ) (5120 11312 -1440 ) (6144 11312 -1440 ) 
4 525 (6144 11264 2240 ) (5120 11264 2240 ) (5120 10240 2240 ) (6144 10240 2240 ) 
4 529 (6144 10240 -1440 ) (5120 10240 -1440 ) (5120 11264 -1440 ) (6144 11264 -1440 ) 
4 530 (6144 10240 2240 ) (5120 10240 2240 ) (5120 9216 2240 ) (6144 9216 2240 ) 
4 534 (6144 9216 -1440 ) (5120 9216 -1440 ) (5120 10240 -1440 ) (6144 10240 -1440 ) 
4 535 (6144 9216 2240 ) (5120 9216 2240 ) (5120 8192 2240 ) (6144 8192 2240 ) 
4 539 (6144 8192 -1440 ) (5120 8192 -1440 ) (5120 9216 -1440 ) (6144 9216 -1440 ) 
4 540 (6144 8192 2240 ) (5120 8192 2240 ) (5120 7168 2240 ) (6144 7168 2240 ) 
4 544 (6144 7168 -1440 ) (5120 7168 -1440 ) (5120 8192 -1440 ) (6144 8192 -1440 ) 
4 545 (6144 7168 2240 ) (5120 7168 2240 ) (5120 6144 2240 ) (6144 6144 2240 ) 
4 549 (6144 6144 -1440 ) (5120 6144 -1440 ) (5120 7168 -1440 ) (6144 7168 -1440 ) 
4 550 (6144 6144 2240 ) (5120 6144 2240 ) (5120 5120 2240 ) (6144 5120 2240 ) 
4 554 (6144 5120 -1440 ) (5120 5120 -1440 ) (5120 6144 -1440 ) (6144 6144 -1440 ) 
4 555 (6144 5120 2240 ) (5120 5120 2240 ) (5120 4096 2240 ) (6144 4096 2240 ) 
4 559 (6144 4096 -1440 ) (5120 4096 -1440 ) (5120 5120 -1440 ) (6144 5120 -1440 ) 
4 560 (6144 4096 2240 ) (5120 4096 2240 ) (5120 3072 2240 ) (6144 3072 2240 ) 
4 564 (6144 3072 -1440 ) (5120 3072 -1440 ) (5120 4096 -1440 ) (6144 4096 -1440 ) 
4 565 (6144 3072 2240 ) (5120 3072 2240 ) (5120 2048 2240 ) (6144 2048 2240 ) 
4 569 (6144 2048 -1440 ) (5120 2048 -1440 ) (5120 3072 -1440 ) (6144 3072 -1440 ) 
4 570 (6144 2048 2240 ) (5120 2048 2240 ) (5120 1024 2240 ) (6144 1024 2240 ) 
4 574 (6144 1024 -1440 ) (5120 1024 -1440 ) (5120 2048 -1440 ) (6144 2048 -1440 ) 
4 575 (6144 1024 2240 ) (5120 1024 2240 ) (5120 0 2240 ) (6144 0 2240 ) 
4 579 (6144 0 -1440 ) (5120 0 -1440 ) (5120 1024 -1440 ) (6144 1024 -1440 ) 
4 580 (6144 0 2240 ) (5120 0 2240 ) (5120 -1024 2240 ) (6144 -1024 2240 ) 
4 584 (6144 -1024 -1440 ) (5120 -1024 -1440 ) (5120 0 -1440 ) (6144 0 -1440 ) 
4 585 (6144 -1024 2240 ) (5120 -1024 2240 ) (5120 -2048 2240 ) (6144 -2048 2240 ) 
4 589 (6144 -2048 -1440 ) (5120 -2048 -1440 ) (5120 -1024 -1440 ) (6144 -1024 -1440 ) 
4 590 (6144 -2048 2240 ) (5120 -2048 2240 ) (5120 -3072 2240 ) (6144 -3072 2240 ) 
4 594 (6144 -3072 -1440 ) (5120 -3072 -1440 ) (5120 -2048 -1440 ) (6144 -2048 -1440 ) 
4 595 (6144 -3072 2240 ) (5120 -3072 2240 ) (5120 -4096 2240 ) (6144 -4096 2240 ) 
4 599 (6144 -4096 -1440 ) (5120 -4096 -1440 ) (5120 -3072 -1440 ) (6144 -3072 -1440 ) 
4 600 (6144 -4096 2240 ) (5120 -4096 2240 ) (5120 -5120 2240 ) (6144 -5120 2240 ) 
4 604 (6144 -5120 -1440 ) (5120 -5120 -1440 ) (5120 -4096 -1440 ) (6144 -4096 -1440 ) 
4 605 (6144 -5120 2240 ) (5120 -5120 2240 ) (5120 -6144 2240 ) (6144 -6144 2240 ) 
4 609 (6144 -6144 -1440 ) (5120 -6144 -1440 ) (5120 -5120 -1440 ) (6144 -5120 -1440 ) 
4 610 (6144 -6144 2240 ) (5120 -6144 2240 ) (5120 -7168 2240 ) (6144 -7168 2240 ) 
4 614 (6144 -7168 -1440 ) (5120 -7168 -1440 ) (5120 -6144 -1440 ) (6144 -6144 -1440 ) 
4 615 (6144 -7168 2240 ) (5120 -7168 2240 ) (5120 -8192 2240 ) (6144 -8192 2240 ) 
4 619 (6144 -8192 -1440 ) (5120 -8192 -1440 ) (5120 -7168 -1440 ) (6144 -7168 -1440 ) 
4 620 (6144 -8192 2240 ) (5120 -8192 2240 ) (5120 -9216 2240 ) (6144 -9216 2240 ) 
4 624 (6144 -9216 -1440 ) (5120 -9216 -1440 ) (5120 -8192 -1440 ) (6144 -8192 -1440 ) 
4 625 (6144 -9216 2240 ) (5120 -9216 2240 ) (5120 -10240 2240 ) (6144 -10240 2240 ) 
4 629 (6144 -10240 -1440 ) (5120 -10240 -1440 ) (5120 -9216 -1440 ) (6144 -9216 -1440 ) 
4 630 (6144 -10240 2240 ) (5120 -10240 2240 ) (5120 -11264 2240 ) (6144 -11264 2240 ) 
4 634 (6144 -11264 -1440 ) (5120 -11264 -1440 ) (5120 -10240 -1440 ) (6144 -10240 -1440 ) 
4 635 (6144 -11264 2240 ) (5120 -11264 2240 ) (5120 -12288 2240 ) (6144 -12288 2240 ) 
4 639 (6144 -12288 -1440 ) (5120 -12288 -1440 ) (5120 -11264 -1440 ) (6144 -11264 -1440 ) 
4 640 (6144 -12288 2240 ) (5120 -12288 2240 ) (5120 -13312 2240 ) (6144 -13312 2240 ) 
4 644 (6144 -13312 -1440 ) (5120 -13312 -1440 ) (5120 -12288 -1440 ) (6144 -12288 -1440 ) 
4 645 (5120 -13408 2240 ) (5120 -13408 2048 ) (6144 -13408 2048 ) (6144 -13408 2240 ) 
4 645 (6144 -13312 2240 ) (5120 -13312 2240 ) (5120 -13408 2240 ) (6144 -13408 2240 ) 
4 646 (5120 -13408 1024 ) (6144 -13408 1024 ) (6144 -13408 2048 ) (5120 -13408 2048 ) 
4 647 (5120 -13408 0 ) (6144 -13408 0 ) (6144 -13408 1024 ) (5120 -13408 1024 ) 
4 648 (5120 -13408 -1024 ) (6144 -13408 -1024 ) (6144 -13408 0 ) (5120 -13408 0 ) 
4 649 (6144 -13408 -1440 ) (6144 -13408 -1024 ) (5120 -13408 -1024 ) (5120 -13408 -1440 ) 
4 649 (6144 -13408 -1440 ) (5120 -13408 -1440 ) (5120 -13312 -1440 ) (6144 -13312 -1440 ) 
4 650 (5120 11312 2240 ) (4096 11312 2240 ) (4096 11264 2240 ) (5120 11264 2240 ) 
4 650 (4096 11312 2240 ) (5120 11312 2240 ) (5120 11312 2048 ) (4096 11312 2048 ) 
4 651 (4096 11312 2048 ) (5120 11312 2048 ) (5120 11312 1024 ) (4096 11312 1024 ) 
4 652 (4096 11312 1024 ) (5120 11312 1024 ) (5120 11312 0 ) (4096 11312 0 ) 
4 653 (4096 11312 0 ) (5120 11312 0 ) (5120 11312 -1024 ) (4096 11312 -1024 ) 
4 654 (5120 11264 -1440 ) (4096 11264 -1440 ) (4096 11312 -1440 ) (5120 11312 -1440 ) 
4 654 (4096 11312 -1024 ) (5120 11312 -1024 ) (5120 11312 -1440 ) (4096 11312 -1440 ) 
4 655 (5120 11264 2240 ) (4096 11264 2240 ) (4096 10240 2240 ) (5120 10240 2240 ) 
4 659 (5120 10240 -1440 ) (4096 10240 -1440 ) (4096 11264 -1440 ) (5120 11264 -1440 ) 
4 660 (5120 10240 2240 ) (4096 10240 2240 ) (4096 9216 2240 ) (5120 9216 2240 ) 
4 664 (5120 9216 -1440 ) (4096 9216 -1440 ) (4096 10240 -1440 ) (5120 10240 -1440 ) 
4 665 (5120 9216 2240 ) (4096 9216 2240 ) (4096 8192 2240 ) (5120 8192 2240 ) 
4 669 (5120 8192 -1440 ) (4096 8192 -1440 ) (4096 9216 -1440 ) (5120 9216 -1440 ) 
4 670 (5120 8192 2240 ) (4096 8192 2240 ) (4096 7168 2240 ) (5120 7168 2240 ) 
4 674 (5120 7168 -1440 ) (4096 7168 -1440 ) (4096 8192 -1440 ) (5120 8192 -1440 ) 
4 675 (5120 7168 2240 ) (4096 7168 2240 ) (4096 6144 2240 ) (5120 6144 2240 ) 
4 679 (5120 6144 -1440 ) (4096 6144 -1440 ) (4096 7168 -1440 ) (5120 7168 -1440 ) 
4 680 (5120 6144 2240 ) (4096 6144 2240 ) (4096 5120 2240 ) (5120 5120 2240 ) 
4 684 (5120 5120 -1440 ) (4096 5120 -1440 ) (4096 6144 -1440 ) (5120 6144 -1440 ) 
4 685 (5120 5120 2240 ) (4096 5120 2240 ) (4096 4096 2240 ) (5120 4096 2240 ) 
4 689 (5120 4096 -1440 ) (4096 4096 -1440 ) (4096 5120 -1440 ) (5120 5120 -1440 ) 
4 690 (5120 4096 2240 ) (4096 4096 2240 ) (4096 3072 2240 ) (5120 3072 2240 ) 
4 694 (5120 3072 -1440 ) (4096 3072 -1440 ) (4096 4096 -1440 ) (5120 4096 -1440 ) 
4 695 (5120 3072 2240 ) (4096 3072 2240 ) (4096 2048 2240 ) (5120 2048 2240 ) 
4 699 (5120 2048 -1440 ) (4096 2048 -1440 ) (4096 3072 -1440 ) (5120 3072 -1440 ) 
4 700 (5120 2048 2240 ) (4096 2048 2240 ) (4096 1024 2240 ) (5120 1024 2240 ) 
4 704 (5120 1024 -1440 ) (4096 1024 -1440 ) (4096 2048 -1440 ) (5120 2048 -1440 ) 
4 705 (5120 1024 2240 ) (4096 1024 2240 ) (4096 0 2240 ) (5120 0 2240 ) 
4 709 (5120 0 -1440 ) (4096 0 -1440 ) (4096 1024 -1440 ) (5120 1024 -1440 ) 
4 710 (5120 0 2240 ) (4096 0 2240 ) (4096 -1024 2240 ) (5120 -1024 2240 ) 
4 714 (5120 -1024 -1440 ) (4096 -1024 -1440 ) (4096 0 -1440 ) (5120 0 -1440 ) 
4 715 (5120 -1024 2240 ) (4096 -1024 2240 ) (4096 -2048 2240 ) (5120 -2048 2240 ) 
4 719 (5120 -2048 -1440 ) (4096 -2048 -1440 ) (4096 -1024 -1440 ) (5120 -1024 -1440 ) 
4 720 (5120 -2048 2240 ) (4096 -2048 2240 ) (4096 -3072 2240 ) (5120 -3072 2240 ) 
4 724 (5120 -3072 -1440 ) (4096 -3072 -1440 ) (4096 -2048 -1440 ) (5120 -2048 -1440 ) 
4 725 (5120 -3072 2240 ) (4096 -3072 2240 ) (4096 -4096 2240 ) (5120 -4096 2240 ) 
4 729 (5120 -4096 -1440 ) (4096 -4096 -1440 ) (4096 -3072 -1440 ) (5120 -3072 -1440 ) 
4 730 (5120 -4096 2240 ) (4096 -4096 2240 ) (4096 -5120 2240 ) (5120 -5120 2240 ) 
4 734 (5120 -5120 -1440 ) (4096 -5120 -1440 ) (4096 -4096 -1440 ) (5120 -4096 -1440 ) 
4 735 (5120 -5120 2240 ) (4096 -5120 2240 ) (4096 -6144 2240 ) (5120 -6144 2240 ) 
4 739 (5120 -6144 -1440 ) (4096 -6144 -1440 ) (4096 -5120 -1440 ) (5120 -5120 -1440 ) 
4 740 (5120 -6144 2240 ) (4096 -6144 2240 ) (4096 -7168 2240 ) (5120 -7168 2240 ) 
4 744 (5120 -7168 -1440 ) (4096 -7168 -1440 ) (4096 -6144 -1440 ) (5120 -6144 -1440 ) 
4 745 (5120 -7168 2240 ) (4096 -7168 2240 ) (4096 -8192 2240 ) (5120 -8192 2240 ) 
4 749 (5120 -8192 -1440 ) (4096 -8192 -1440 ) (4096 -7168 -1440 ) (5120 -7168 -1440 ) 
4 750 (5120 -8192 2240 ) (4096 -8192 2240 ) (4096 -9216 2240 ) (5120 -9216 2240 ) 
4 754 (5120 -9216 -1440 ) (4096 -9216 -1440 ) (4096 -8192 -1440 ) (5120 -8192 -1440 ) 
4 755 (5120 -9216 2240 ) (4096 -9216 2240 ) (4096 -10240 2240 ) (5120 -10240 2240 ) 
4 759 (5120 -10240 -1440 ) (4096 -10240 -1440 ) (4096 -9216 -1440 ) (5120 -9216 -1440 ) 
4 760 (5120 -10240 2240 ) (4096 -10240 2240 ) (4096 -11264 2240 ) (5120 -11264 2240 ) 
4 764 (5120 -11264 -1440 ) (4096 -11264 -1440 ) (4096 -10240 -1440 ) (5120 -10240 -1440 ) 
4 765 (5120 -11264 2240 ) (4096 -11264 2240 ) (4096 -12288 2240 ) (5120 -12288 2240 ) 
4 769 (5120 -12288 -1440 ) (4096 -12288 -1440 ) (4096 -11264 -1440 ) (5120 -11264 -1440 ) 
4 770 (5120 -12288 2240 ) (4096 -12288 2240 ) (4096 -13312 2240 ) (5120 -13312 2240 ) 
4 774 (5120 -13312 -1440 ) (4096 -13312 -1440 ) (4096 -12288 -1440 ) (5120 -12288 -1440 ) 
4 775 (5120 -13408 2240 ) (5120 -13312 2240 ) (4096 -13312 2240 ) (4096 -13408 2240 ) 
4 775 (4096 -13408 2048 ) (5120 -13408 2048 ) (5120 -13408 2240 ) (4096 -13408 2240 ) 
4 776 (4096 -13408 1024 ) (5120 -13408 1024 ) (5120 -13408 2048 ) (4096 -13408 2048 ) 
4 777 (4096 -13408 0 ) (5120 -13408 0 ) (5120 -13408 1024 ) (4096 -13408 1024 ) 
4 778 (4096 -13408 -1024 ) (5120 -13408 -1024 ) (5120 -13408 0 ) (4096 -13408 0 ) 
4 779 (4096 -13408 -1440 ) (4096 -13312 -1440 ) (5120 -13312 -1440 ) (5120 -13408 -1440 ) 
4 779 (4096 -13408 -1440 ) (5120 -13408 -1440 ) (5120 -13408 -1024 ) (4096 -13408 -1024 ) 
4 780 (4096 11312 2240 ) (4096 11312 2048 ) (3072 11312 2048 ) (3072 11312 2240 ) 
4 780 (4096 11312 2240 ) (3072 11312 2240 ) (3072 11264 2240 ) (4096 11264 2240 ) 
4 781 (3072 11312 2048 ) (4096 11312 2048 ) (4096 11312 1024 ) (3072 11312 1024 ) 
4 782 (3072 11312 1024 ) (4096 11312 1024 ) (4096 11312 0 ) (3072 11312 0 ) 
4 783 (3072 11312 0 ) (4096 11312 0 ) (4096 11312 -1024 ) (3072 11312 -1024 ) 
4 784 (3072 11312 -1440 ) (3072 11312 -1024 ) (4096 11312 -1024 ) (4096 11312 -1440 ) 
4 784 (4096 11264 -1440 ) (3072 11264 -1440 ) (3072 11312 -1440 ) (4096 11312 -1440 ) 
4 785 (4096 11264 2240 ) (3072 11264 2240 ) (3072 10240 2240 ) (4096 10240 2240 ) 
4 789 (4096 10240 -1440 ) (3072 10240 -1440 ) (3072 11264 -1440 ) (4096 11264 -1440 ) 
4 790 (4096 10240 2240 ) (3072 10240 2240 ) (3072 9216 2240 ) (4096 9216 2240 ) 
4 794 (4096 9216 -1440 ) (3072 9216 -1440 ) (3072 10240 -1440 ) (4096 10240 -1440 ) 
4 795 (4096 9216 2240 ) (3072 9216 2240 ) (3072 8192 2240 ) (4096 8192 2240 ) 
4 799 (4096 8192 -1440 ) (3072 8192 -1440 ) (3072 9216 -1440 ) (4096 9216 -1440 ) 
4 800 (4096 8192 2240 ) (3072 8192 2240 ) (3072 7168 2240 ) (4096 7168 2240 ) 
4 804 (4096 7168 -1440 ) (3072 7168 -1440 ) (3072 8192 -1440 ) (4096 8192 -1440 ) 
4 805 (4096 7168 2240 ) (3072 7168 2240 ) (3072 6144 2240 ) (4096 6144 2240 ) 
4 809 (4096 6144 -1440 ) (3072 6144 -1440 ) (3072 7168 -1440 ) (4096 7168 -1440 ) 
4 810 (4096 6144 2240 ) (3072 6144 2240 ) (3072 5120 2240 ) (4096 5120 2240 ) 
4 814 (4096 5120 -1440 ) (3072 5120 -1440 ) (3072 6144 -1440 ) (4096 6144 -1440 ) 
4 815 (4096 5120 2240 ) (3072 5120 2240 ) (3072 4096 2240 ) (4096 4096 2240 ) 
4 819 (4096 4096 -1440 ) (3072 4096 -1440 ) (3072 5120 -1440 ) (4096 5120 -1440 ) 
4 820 (4096 4096 2240 ) (3072 4096 2240 ) (3072 3072 2240 ) (4096 3072 2240 ) 
4 824 (4096 3072 -1440 ) (3072 3072 -1440 ) (3072 4096 -1440 ) (4096 4096 -1440 ) 
4 825 (4096 3072 2240 ) (3072 3072 2240 ) (3072 2048 2240 ) (4096 2048 2240 ) 
4 829 (4096 2048 -1440 ) (3072 2048 -1440 ) (3072 3072 -1440 ) (4096 3072 -1440 ) 
4 830 (4096 2048 2240 ) (3072 2048 2240 ) (3072 1024 2240 ) (4096 1024 2240 ) 
4 834 (4096 1024 -1440 ) (3072 1024 -1440 ) (3072 2048 -1440 ) (4096 2048 -1440 ) 
4 835 (4096 1024 2240 ) (3072 1024 2240 ) (3072 0 2240 ) (4096 0 2240 ) 
4 839 (4096 0 -1440 ) (3072 0 -1440 ) (3072 1024 -1440 ) (4096 1024 -1440 ) 
4 840 (4096 0 2240 ) (3072 0 2240 ) (3072 -1024 2240 ) (4096 -1024 2240 ) 
4 844 (4096 -1024 -1440 ) (3072 -1024 -1440 ) (3072 0 -1440 ) (4096 0 -1440 ) 
4 845 (4096 -1024 2240 ) (3072 -1024 2240 ) (3072 -2048 2240 ) (4096 -2048 2240 ) 
4 849 (4096 -2048 -1440 ) (3072 -2048 -1440 ) (3072 -1024 -1440 ) (4096 -1024 -1440 ) 
4 850 (4096 -2048 2240 ) (3072 -2048 2240 ) (3072 -3072 2240 ) (4096 -3072 2240 ) 
4 854 (4096 -3072 -1440 ) (3072 -3072 -1440 ) (3072 -2048 -1440 ) (4096 -2048 -1440 ) 
4 855 (4096 -3072 2240 ) (3072 -3072 2240 ) (3072 -4096 2240 ) (4096 -4096 2240 ) 
4 859 (4096 -4096 -1440 ) (3072 -4096 -1440 ) (3072 -3072 -1440 ) (4096 -3072 -1440 ) 
4 860 (4096 -4096 2240 ) (3072 -4096 2240 ) (3072 -5120 2240 ) (4096 -5120 2240 ) 
4 864 (4096 -5120 -1440 ) (3072 -5120 -1440 ) (3072 -4096 -1440 ) (4096 -4096 -1440 ) 
4 865 (4096 -5120 2240 ) (3072 -5120 2240 ) (3072 -6144 2240 ) (4096 -6144 2240 ) 
4 869 (4096 -6144 -1440 ) (3072 -6144 -1440 ) (3072 -5120 -1440 ) (4096 -5120 -1440 ) 
4 870 (4096 -6144 2240 ) (3072 -6144 2240 ) (3072 -7168 2240 ) (4096 -7168 2240 ) 
4 874 (4096 -7168 -1440 ) (3072 -7168 -1440 ) (3072 -6144 -1440 ) (4096 -6144 -1440 ) 
4 875 (4096 -7168 2240 ) (3072 -7168 2240 ) (3072 -8192 2240 ) (4096 -8192 2240 ) 
4 879 (4096 -8192 -1440 ) (3072 -8192 -1440 ) (3072 -7168 -1440 ) (4096 -7168 -1440 ) 
4 880 (4096 -8192 2240 ) (3072 -8192 2240 ) (3072 -9216 2240 ) (4096 -9216 2240 ) 
4 884 (4096 -9216 -1440 ) (3072 -9216 -1440 ) (3072 -8192 -1440 ) (4096 -8192 -1440 ) 
4 885 (4096 -9216 2240 ) (3072 -9216 2240 ) (3072 -10240 2240 ) (4096 -10240 2240 ) 
4 889 (4096 -10240 -1440 ) (3072 -10240 -1440 ) (3072 -9216 -1440 ) (4096 -9216 -1440 ) 
4 890 (4096 -10240 2240 ) (3072 -10240 2240 ) (3072 -11264 2240 ) (4096 -11264 2240 ) 
4 894 (4096 -11264 -1440 ) (3072 -11264 -1440 ) (3072 -10240 -1440 ) (4096 -10240 -1440 ) 
4 895 (4096 -11264 2240 ) (3072 -11264 2240 ) (3072 -12288 2240 ) (4096 -12288 2240 ) 
4 899 (4096 -12288 -1440 ) (3072 -12288 -1440 ) (3072 -11264 -1440 ) (4096 -11264 -1440 ) 
4 900 (4096 -12288 2240 ) (3072 -12288 2240 ) (3072 -13312 2240 ) (4096 -13312 2240 ) 
4 904 (4096 -13312 -1440 ) (3072 -13312 -1440 ) (3072 -12288 -1440 ) (4096 -12288 -1440 ) 
4 905 (3072 -13408 2240 ) (3072 -13408 2048 ) (4096 -13408 2048 ) (4096 -13408 2240 ) 
4 905 (4096 -13312 2240 ) (3072 -13312 2240 ) (3072 -13408 2240 ) (4096 -13408 2240 ) 
4 906 (3072 -13408 1024 ) (4096 -13408 1024 ) (4096 -13408 2048 ) (3072 -13408 2048 ) 
4 907 (3072 -13408 0 ) (4096 -13408 0 ) (4096 -13408 1024 ) (3072 -13408 1024 ) 
4 908 (3072 -13408 -1024 ) (4096 -13408 -1024 ) (4096 -13408 0 ) (3072 -13408 0 ) 
4 909 (4096 -13408 -1440 ) (4096 -13408 -1024 ) (3072 -13408 -1024 ) (3072 -13408 -1440 ) 
4 909 (4096 -13408 -1440 ) (3072 -13408 -1440 ) (3072 -13312 -1440 ) (4096 -13312 -1440 ) 
4 910 (3072 11312 2240 ) (2048 11312 2240 ) (2048 11264 2240 ) (3072 11264 2240 ) 
4 910 (2048 11312 2240 ) (3072 11312 2240 ) (3072 11312 2048 ) (2048 11312 2048 ) 
4 911 (2048 11312 2048 ) (3072 11312 2048 ) (3072 11312 1024 ) (2048 11312 1024 ) 
4 912 (2048 11312 1024 ) (3072 11312 1024 ) (3072 11312 0 ) (2048 11312 0 ) 
4 913 (2048 11312 0 ) (3072 11312 0 ) (3072 11312 -1024 ) (2048 11312 -1024 ) 
4 914 (3072 11264 -1440 ) (2048 11264 -1440 ) (2048 11312 -1440 ) (3072 11312 -1440 ) 
4 914 (2048 11312 -1024 ) (3072 11312 -1024 ) (3072 11312 -1440 ) (2048 11312 -1440 ) 
4 915 (3072 11264 2240 ) (2048 11264 2240 ) (2048 10240 2240 ) (3072 10240 2240 ) 
4 919 (3072 10240 -1440 ) (2048 10240 -1440 ) (2048 11264 -1440 ) (3072 11264 -1440 ) 
4 920 (3072 10240 2240 ) (2048 10240 2240 ) (2048 9216 2240 ) (3072 9216 2240 ) 
4 924 (3072 9216 -1440 ) (2048 9216 -1440 ) (2048 10240 -1440 ) (3072 10240 -1440 ) 
4 925 (3072 9216 2240 ) (2048 9216 2240 ) (2048 8192 2240 ) (3072 8192 2240 ) 
4 929 (3072 8192 -1440 ) (2048 8192 -1440 ) (2048 9216 -1440 ) (3072 9216 -1440 ) 
4 930 (3072 8192 2240 ) (2048 8192 2240 ) (2048 7168 2240 ) (3072 7168 2240 ) 
4 934 (3072 7168 -1440 ) (2048 7168 -1440 ) (2048 8192 -1440 ) (3072 8192 -1440 ) 
4 935 (3072 7168 2240 ) (2048 7168 2240 ) (2048 6144 2240 ) (3072 6144 2240 ) 
4 939 (3072 6144 -1440 ) (2048 6144 -1440 ) (2048 7168 -1440 ) (3072 7168 -1440 ) 
4 940 (3072 6144 2240 ) (2048 6144 2240 ) (2048 5120 2240 ) (3072 5120 2240 ) 
4 944 (3072 5120 -1440 ) (2048 5120 -1440 ) (2048 6144 -1440 ) (3072 6144 -1440 ) 
4 945 (3072 5120 2240 ) (2048 5120 2240 ) (2048 4096 2240 ) (3072 4096 2240 ) 
4 949 (3072 4096 -1440 ) (2048 4096 -1440 ) (2048 5120 -1440 ) (3072 5120 -1440 ) 
4 950 (3072 4096 2240 ) (2048 4096 2240 ) (2048 3072 2240 ) (3072 3072 2240 ) 
4 954 (3072 3072 -1440 ) (2048 3072 -1440 ) (2048 4096 -1440 ) (3072 4096 -1440 ) 
4 955 (3072 3072 2240 ) (2048 3072 2240 ) (2048 2048 2240 ) (3072 2048 2240 ) 
4 959 (3072 2048 -1440 ) (2048 2048 -1440 ) (2048 3072 -1440 ) (3072 3072 -1440 ) 
4 960 (3072 2048 2240 ) (2048 2048 2240 ) (2048 1024 2240 ) (3072 1024 2240 ) 
4 964 (3072 1024 -1440 ) (2048 1024 -1440 ) (2048 2048 -1440 ) (3072 2048 -1440 ) 
4 965 (3072 1024 2240 ) (2048 1024 2240 ) (2048 0 2240 ) (3072 0 2240 ) 
4 969 (3072 0 -1440 ) (2048 0 -1440 ) (2048 1024 -1440 ) (3072 1024 -1440 ) 
4 970 (3072 0 2240 ) (2048 0 2240 ) (2048 -1024 2240 ) (3072 -1024 2240 ) 
4 974 (3072 -1024 -1440 ) (2048 -1024 -1440 ) (2048 0 -1440 ) (3072 0 -1440 ) 
4 975 (3072 -1024 2240 ) (2048 -1024 2240 ) (2048 -2048 2240 ) (3072 -2048 2240 ) 
4 979 (3072 -2048 -1440 ) (2048 -2048 -1440 ) (2048 -1024 -1440 ) (3072 -1024 -1440 ) 
4 980 (3072 -2048 2240 ) (2048 -2048 2240 ) (2048 -3072 2240 ) (3072 -3072 2240 ) 
4 984 (3072 -3072 -1440 ) (2048 -3072 -1440 ) (2048 -2048 -1440 ) (3072 -2048 -1440 ) 
4 985 (3072 -3072 2240 ) (2048 -3072 2240 ) (2048 -4096 2240 ) (3072 -4096 2240 ) 
4 989 (3072 -4096 -1440 ) (2048 -4096 -1440 ) (2048 -3072 -1440 ) (3072 -3072 -1440 ) 
4 990 (3072 -4096 2240 ) (2048 -4096 2240 ) (2048 -5120 2240 ) (3072 -5120 2240 ) 
4 994 (3072 -5120 -1440 ) (2048 -5120 -1440 ) (2048 -4096 -1440 ) (3072 -4096 -1440 ) 
4 995 (3072 -5120 2240 ) (2048 -5120 2240 ) (2048 -6144 2240 ) (3072 -6144 2240 ) 
4 999 (3072 -6144 -1440 ) (2048 -6144 -1440 ) (2048 -5120 -1440 ) (3072 -5120 -1440 ) 
4 1000 (3072 -6144 2240 ) (2048 -6144 2240 ) (2048 -7168 2240 ) (3072 -7168 2240 ) 
4 1004 (3072 -7168 -1440 ) (2048 -7168 -1440 ) (2048 -6144 -1440 ) (3072 -6144 -1440 ) 
4 1005 (3072 -7168 2240 ) (2048 -7168 2240 ) (2048 -8192 2240 ) (3072 -8192 2240 ) 
4 1009 (3072 -8192 -1440 ) (2048 -8192 -1440 ) (2048 -7168 -1440 ) (3072 -7168 -1440 ) 
4 1010 (3072 -8192 2240 ) (2048 -8192 2240 ) (2048 -9216 2240 ) (3072 -9216 2240 ) 
4 1014 (3072 -9216 -1440 ) (2048 -9216 -1440 ) (2048 -8192 -1440 ) (3072 -8192 -1440 ) 
4 1015 (3072 -9216 2240 ) (2048 -9216 2240 ) (2048 -10240 2240 ) (3072 -10240 2240 ) 
4 1019 (3072 -10240 -1440 ) (2048 -10240 -1440 ) (2048 -9216 -1440 ) (3072 -9216 -1440 ) 
4 1020 (3072 -10240 2240 ) (2048 -10240 2240 ) (2048 -11264 2240 ) (3072 -11264 2240 ) 
4 1024 (3072 -11264 -1440 ) (2048 -11264 -1440 ) (2048 -10240 -1440 ) (3072 -10240 -1440 ) 
4 1025 (3072 -11264 2240 ) (2048 -11264 2240 ) (2048 -12288 2240 ) (3072 -12288 2240 ) 
4 1029 (3072 -12288 -1440 ) (2048 -12288 -1440 ) (2048 -11264 -1440 ) (3072 -11264 -1440 ) 
4 1030 (3072 -12288 2240 ) (2048 -12288 2240 ) (2048 -13312 2240 ) (3072 -13312 2240 ) 
4 1034 (3072 -13312 -1440 ) (2048 -13312 -1440 ) (2048 -12288 -1440 ) (3072 -12288 -1440 ) 
4 1035 (3072 -13408 2240 ) (3072 -13312 2240 ) (2048 -13312 2240 ) (2048 -13408 2240 ) 
4 1035 (2048 -13408 2048 ) (3072 -13408 2048 ) (3072 -13408 2240 ) (2048 -13408 2240 ) 
4 1036 (2048 -13408 1024 ) (3072 -13408 1024 ) (3072 -13408 2048 ) (2048 -13408 2048 ) 
4 1037 (2048 -13408 0 ) (3072 -13408 0 ) (3072 -13408 1024 ) (2048 -13408 1024 ) 
4 1038 (2048 -13408 -1024 ) (3072 -13408 -1024 ) (3072 -13408 0 ) (2048 -13408 0 ) 
4 1039 (2048 -13408 -1440 ) (2048 -13312 -1440 ) (3072 -13312 -1440 ) (3072 -13408 -1440 ) 
4 1039 (2048 -13408 -1440 ) (3072 -13408 -1440 ) (3072 -13408 -1024 ) (2048 -13408 -1024 ) 
4 1040 (2048 11312 2240 ) (2048 11312 2048 ) (1024 11312 2048 ) (1024 11312 2240 ) 
4 1040 (2048 11312 2240 ) (1024 11312 2240 ) (1024 11264 2240 ) (2048 11264 2240 ) 
4 1041 (1024 11312 2048 ) (2048 11312 2048 ) (2048 11312 1024 ) (1024 11312 1024 ) 
4 1042 (1024 11312 1024 ) (2048 11312 1024 ) (2048 11312 0 ) (1024 11312 0 ) 
4 1043 (1024 11312 0 ) (2048 11312 0 ) (2048 11312 -1024 ) (1024 11312 -1024 ) 
4 1044 (1024 11312 -1440 ) (1024 11312 -1024 ) (2048 11312 -1024 ) (2048 11312 -1440 ) 
4 1044 (2048 11264 -1440 ) (1024 11264 -1440 ) (1024 11312 -1440 ) (2048 11312 -1440 ) 
4 1045 (2048 11264 2240 ) (1024 11264 2240 ) (1024 10240 2240 ) (2048 10240 2240 ) 
4 1049 (2048 10240 -1440 ) (1024 10240 -1440 ) (1024 11264 -1440 ) (2048 11264 -1440 ) 
4 1050 (2048 10240 2240 ) (1024 10240 2240 ) (1024 9216 2240 ) (2048 9216 2240 ) 
4 1054 (2048 9216 -1440 ) (1024 9216 -1440 ) (1024 10240 -1440 ) (2048 10240 -1440 ) 
4 1055 (2048 9216 2240 ) (1024 9216 2240 ) (1024 8192 2240 ) (2048 8192 2240 ) 
4 1059 (2048 8192 -1440 ) (1024 8192 -1440 ) (1024 9216 -1440 ) (2048 9216 -1440 ) 
4 1060 (2048 8192 2240 ) (1024 8192 2240 ) (1024 7168 2240 ) (2048 7168 2240 ) 
4 1064 (2048 7168 -1440 ) (1024 7168 -1440 ) (1024 8192 -1440 ) (2048 8192 -1440 ) 
4 1065 (2048 7168 2240 ) (1024 7168 2240 ) (1024 6144 2240 ) (2048 6144 2240 ) 
4 1069 (2048 6144 -1440 ) (1024 6144 -1440 ) (1024 7168 -1440 ) (2048 7168 -1440 ) 
4 1070 (2048 6144 2240 ) (1024 6144 2240 ) (1024 5120 2240 ) (2048 5120 2240 ) 
4 1074 (2048 5120 -1440 ) (1024 5120 -1440 ) (1024 6144 -1440 ) (2048 6144 -1440 ) 
4 1075 (2048 5120 2240 ) (1024 5120 2240 ) (1024 4096 2240 ) (2048 4096 2240 ) 
4 1079 (2048 4096 -1440 ) (1024 4096 -1440 ) (1024 5120 -1440 ) (2048 5120 -1440 ) 
4 1080 (2048 4096 2240 ) (1024 4096 2240 ) (1024 3072 2240 ) (2048 3072 2240 ) 
4 1084 (2048 3072 -1440 ) (1024 3072 -1440 ) (1024 4096 -1440 ) (2048 4096 -1440 ) 
4 1085 (2048 3072 2240 ) (1024 3072 2240 ) (1024 2048 2240 ) (2048 2048 2240 ) 
4 1089 (2048 2048 -1440 ) (1024 2048 -1440 ) (1024 3072 -1440 ) (2048 3072 -1440 ) 
4 1090 (2048 2048 2240 ) (1024 2048 2240 ) (1024 1024 2240 ) (2048 1024 2240 ) 
4 1094 (2048 1024 -1440 ) (1024 1024 -1440 ) (1024 2048 -1440 ) (2048 2048 -1440 ) 
4 1095 (2048 1024 2240 ) (1024 1024 2240 ) (1024 0 2240 ) (2048 0 2240 ) 
4 1099 (2048 0 -1440 ) (1024 0 -1440 ) (1024 1024 -1440 ) (2048 1024 -1440 ) 
4 1100 (2048 0 2240 ) (1024 0 2240 ) (1024 -1024 2240 ) (2048 -1024 2240 ) 
4 1104 (2048 -1024 -1440 ) (1024 -1024 -1440 ) (1024 0 -1440 ) (2048 0 -1440 ) 
4 1105 (2048 -1024 2240 ) (1024 -1024 2240 ) (1024 -2048 2240 ) (2048 -2048 2240 ) 
4 1109 (2048 -2048 -1440 ) (1024 -2048 -1440 ) (1024 -1024 -1440 ) (2048 -1024 -1440 ) 
4 1110 (2048 -2048 2240 ) (1024 -2048 2240 ) (1024 -3072 2240 ) (2048 -3072 2240 ) 
4 1114 (2048 -3072 -1440 ) (1024 -3072 -1440 ) (1024 -2048 -1440 ) (2048 -2048 -1440 ) 
4 1115 (2048 -3072 2240 ) (1024 -3072 2240 ) (1024 -4096 2240 ) (2048 -4096 2240 ) 
4 1119 (2048 -4096 -1440 ) (1024 -4096 -1440 ) (1024 -3072 -1440 ) (2048 -3072 -1440 ) 
4 1120 (2048 -4096 2240 ) (1024 -4096 2240 ) (1024 -5120 2240 ) (2048 -5120 2240 ) 
4 1124 (2048 -5120 -1440 ) (1024 -5120 -1440 ) (1024 -4096 -1440 ) (2048 -4096 -1440 ) 
4 1125 (2048 -5120 2240 ) (1024 -5120 2240 ) (1024 -6144 2240 ) (2048 -6144 2240 ) 
4 1129 (2048 -6144 -1440 ) (1024 -6144 -1440 ) (1024 -5120 -1440 ) (2048 -5120 -1440 ) 
4 1130 (2048 -6144 2240 ) (1024 -6144 2240 ) (1024 -7168 2240 ) (2048 -7168 2240 ) 
4 1134 (2048 -7168 -1440 ) (1024 -7168 -1440 ) (1024 -6144 -1440 ) (2048 -6144 -1440 ) 
4 1135 (2048 -7168 2240 ) (1024 -7168 2240 ) (1024 -8192 2240 ) (2048 -8192 2240 ) 
4 1139 (2048 -8192 -1440 ) (1024 -8192 -1440 ) (1024 -7168 -1440 ) (2048 -7168 -1440 ) 
4 1140 (2048 -8192 2240 ) (1024 -8192 2240 ) (1024 -9216 2240 ) (2048 -9216 2240 ) 
4 1144 (2048 -9216 -1440 ) (1024 -9216 -1440 ) (1024 -8192 -1440 ) (2048 -8192 -1440 ) 
4 1145 (2048 -9216 2240 ) (1024 -9216 2240 ) (1024 -10240 2240 ) (2048 -10240 2240 ) 
4 1149 (2048 -10240 -1440 ) (1024 -10240 -1440 ) (1024 -9216 -1440 ) (2048 -9216 -1440 ) 
4 1150 (2048 -10240 2240 ) (1024 -10240 2240 ) (1024 -11264 2240 ) (2048 -11264 2240 ) 
4 1154 (2048 -11264 -1440 ) (1024 -11264 -1440 ) (1024 -10240 -1440 ) (2048 -10240 -1440 ) 
4 1155 (2048 -11264 2240 ) (1024 -11264 2240 ) (1024 -12288 2240 ) (2048 -12288 2240 ) 
4 1159 (2048 -12288 -1440 ) (1024 -12288 -1440 ) (1024 -11264 -1440 ) (2048 -11264 -1440 ) 
4 1160 (2048 -12288 2240 ) (1024 -12288 2240 ) (1024 -13312 2240 ) (2048 -13312 2240 ) 
4 1164 (2048 -13312 -1440 ) (1024 -13312 -1440 ) (1024 -12288 -1440 ) (2048 -12288 -1440 ) 
4 1165 (1024 -13408 2240 ) (1024 -13408 2048 ) (2048 -13408 2048 ) (2048 -13408 2240 ) 
4 1165 (2048 -13312 2240 ) (1024 -13312 2240 ) (1024 -13408 2240 ) (2048 -13408 2240 ) 
4 1166 (1024 -13408 1024 ) (2048 -13408 1024 ) (2048 -13408 2048 ) (1024 -13408 2048 ) 
4 1167 (1024 -13408 0 ) (2048 -13408 0 ) (2048 -13408 1024 ) (1024 -13408 1024 ) 
4 1168 (1024 -13408 -1024 ) (2048 -13408 -1024 ) (2048 -13408 0 ) (1024 -13408 0 ) 
4 1169 (2048 -13408 -1440 ) (2048 -13408 -1024 ) (1024 -13408 -1024 ) (1024 -13408 -1440 ) 
4 1169 (2048 -13408 -1440 ) (1024 -13408 -1440 ) (1024 -13312 -1440 ) (2048 -13312 -1440 ) 
4 1170 (1024 11312 2240 ) (0 11312 2240 ) (0 11264 2240 ) (1024 11264 2240 ) 
4 1170 (0 11312 2240 ) (1024 11312 2240 ) (1024 11312 2048 ) (0 11312 2048 ) 
4 1171 (0 11312 2048 ) (1024 11312 2048 ) (1024 11312 1024 ) (0 11312 1024 ) 
4 1172 (0 11312 1024 ) (1024 11312 1024 ) (1024 11312 0 ) (0 11312 0 ) 
4 1173 (0 11312 0 ) (1024 11312 0 ) (1024 11312 -1024 ) (0 11312 -1024 ) 
4 1174 (1024 11264 -1440 ) (0 11264 -1440 ) (0 11312 -1440 ) (1024 11312 -1440 ) 
4 1174 (0 11312 -1024 ) (1024 11312 -1024 ) (1024 11312 -1440 ) (0 11312 -1440 ) 
4 1175 (1024 11264 2240 ) (0 11264 2240 ) (0 10240 2240 ) (1024 10240 2240 ) 
4 1179 (1024 10240 -1440 ) (0 10240 -1440 ) (0 11264 -1440 ) (1024 11264 -1440 ) 
4 1180 (1024 10240 2240 ) (0 10240 2240 ) (0 9216 2240 ) (1024 9216 2240 ) 
4 1184 (1024 9216 -1440 ) (0 9216 -1440 ) (0 10240 -1440 ) (1024 10240 -1440 ) 
4 1185 (1024 9216 2240 ) (0 9216 2240 ) (0 8192 2240 ) (1024 8192 2240 ) 
4 1189 (1024 8192 -1440 ) (0 8192 -1440 ) (0 9216 -1440 ) (1024 9216 -1440 ) 
4 1190 (1024 8192 2240 ) (0 8192 2240 ) (0 7168 2240 ) (1024 7168 2240 ) 
4 1194 (1024 7168 -1440 ) (0 7168 -1440 ) (0 8192 -1440 ) (1024 8192 -1440 ) 
4 1195 (1024 7168 2240 ) (0 7168 2240 ) (0 6144 2240 ) (1024 6144 2240 ) 
4 1199 (1024 6144 -1440 ) (0 6144 -1440 ) (0 7168 -1440 ) (1024 7168 -1440 ) 
4 1200 (1024 6144 2240 ) (0 6144 2240 ) (0 5120 2240 ) (1024 5120 2240 ) 
4 1204 (1024 5120 -1440 ) (0 5120 -1440 ) (0 6144 -1440 ) (1024 6144 -1440 ) 
4 1205 (1024 5120 2240 ) (0 5120 2240 ) (0 4096 2240 ) (1024 4096 2240 ) 
4 1209 (1024 4096 -1440 ) (0 4096 -1440 ) (0 5120 -1440 ) (1024 5120 -1440 ) 
4 1210 (1024 4096 2240 ) (0 4096 2240 ) (0 3072 2240 ) (1024 3072 2240 ) 
4 1214 (1024 3072 -1440 ) (0 3072 -1440 ) (0 4096 -1440 ) (1024 4096 -1440 ) 
4 1215 (1024 3072 2240 ) (0 3072 2240 ) (0 2048 2240 ) (1024 2048 2240 ) 
4 1219 (1024 2048 -1440 ) (0 2048 -1440 ) (0 3072 -1440 ) (1024 3072 -1440 ) 
4 1220 (1024 2048 2240 ) (0 2048 2240 ) (0 1024 2240 ) (1024 1024 2240 ) 
4 1224 (1024 1024 -1440 ) (0 1024 -1440 ) (0 2048 -1440 ) (1024 2048 -1440 ) 
4 1225 (1024 1024 2240 ) (0 1024 2240 ) (0 0 2240 ) (1024 0 2240 ) 
4 1229 (1024 0 -1440 ) (0 0 -1440 ) (0 1024 -1440 ) (1024 1024 -1440 ) 
4 1230 (1024 0 2240 ) (0 0 2240 ) (0 -1024 2240 ) (1024 -1024 2240 ) 
4 1234 (1024 -1024 -1440 ) (0 -1024 -1440 ) (0 0 -1440 ) (1024 0 -1440 ) 
4 1235 (1024 -1024 2240 ) (0 -1024 2240 ) (0 -2048 2240 ) (1024 -2048 2240 ) 
4 1239 (1024 -2048 -1440 ) (0 -2048 -1440 ) (0 -1024 -1440 ) (1024 -1024 -1440 ) 
4 1240 (1024 -2048 2240 ) (0 -2048 2240 ) (0 -3072 2240 ) (1024 -3072 2240 ) 
4 1244 (1024 -3072 -1440 ) (0 -3072 -1440 ) (0 -2048 -1440 ) (1024 -2048 -1440 ) 
4 1245 (1024 -3072 2240 ) (0 -3072 2240 ) (0 -4096 2240 ) (1024 -4096 2240 ) 
4 1249 (1024 -4096 -1440 ) (0 -4096 -1440 ) (0 -3072 -1440 ) (1024 -3072 -1440 ) 
4 1250 (1024 -4096 2240 ) (0 -4096 2240 ) (0 -5120 2240 ) (1024 -5120 2240 ) 
4 1254 (1024 -5120 -1440 ) (0 -5120 -1440 ) (0 -4096 -1440 ) (1024 -4096 -1440 ) 
4 1255 (1024 -5120 2240 ) (0 -5120 2240 ) (0 -6144 2240 ) (1024 -6144 2240 ) 
4 1259 (1024 -6144 -1440 ) (0 -6144 -1440 ) (0 -5120 -1440 ) (1024 -5120 -1440 ) 
4 1260 (1024 -6144 2240 ) (0 -6144 2240 ) (0 -7168 2240 ) (1024 -7168 2240 ) 
4 1264 (1024 -7168 -1440 ) (0 -7168 -1440 ) (0 -6144 -1440 ) (1024 -6144 -1440 ) 
4 1265 (1024 -7168 2240 ) (0 -7168 2240 ) (0 -8192 2240 ) (1024 -8192 2240 ) 
4 1269 (1024 -8192 -1440 ) (0 -8192 -1440 ) (0 -7168 -1440 ) (1024 -7168 -1440 ) 
4 1270 (1024 -8192 2240 ) (0 -8192 2240 ) (0 -9216 2240 ) (1024 -9216 2240 ) 
4 1274 (1024 -9216 -1440 ) (0 -9216 -1440 ) (0 -8192 -1440 ) (1024 -8192 -1440 ) 
4 1275 (1024 -9216 2240 ) (0 -9216 2240 ) (0 -10240 2240 ) (1024 -10240 2240 ) 
4 1279 (1024 -10240 -1440 ) (0 -10240 -1440 ) (0 -9216 -1440 ) (1024 -9216 -1440 ) 
4 1280 (1024 -10240 2240 ) (0 -10240 2240 ) (0 -11264 2240 ) (1024 -11264 2240 ) 
4 1284 (1024 -11264 -1440 ) (0 -11264 -1440 ) (0 -10240 -1440 ) (1024 -10240 -1440 ) 
4 1285 (1024 -11264 2240 ) (0 -11264 2240 ) (0 -12288 2240 ) (1024 -12288 2240 ) 
4 1289 (1024 -12288 -1440 ) (0 -12288 -1440 ) (0 -11264 -1440 ) (1024 -11264 -1440 ) 
4 1290 (1024 -12288 2240 ) (0 -12288 2240 ) (0 -13312 2240 ) (1024 -13312 2240 ) 
4 1294 (1024 -13312 -1440 ) (0 -13312 -1440 ) (0 -12288 -1440 ) (1024 -12288 -1440 ) 
4 1295 (1024 -13408 2240 ) (1024 -13312 2240 ) (0 -13312 2240 ) (0 -13408 2240 ) 
4 1295 (0 -13408 2048 ) (1024 -13408 2048 ) (1024 -13408 2240 ) (0 -13408 2240 ) 
4 1296 (0 -13408 1024 ) (1024 -13408 1024 ) (1024 -13408 2048 ) (0 -13408 2048 ) 
4 1297 (0 -13408 0 ) (1024 -13408 0 ) (1024 -13408 1024 ) (0 -13408 1024 ) 
4 1298 (0 -13408 -1024 ) (1024 -13408 -1024 ) (1024 -13408 0 ) (0 -13408 0 ) 
4 1299 (0 -13408 -1440 ) (0 -13312 -1440 ) (1024 -13312 -1440 ) (1024 -13408 -1440 ) 
4 1299 (0 -13408 -1440 ) (1024 -13408 -1440 ) (1024 -13408 -1024 ) (0 -13408 -1024 ) 
4 1300 (0 11312 2240 ) (0 11312 2048 ) (-1024 11312 2048 ) (-1024 11312 2240 ) 
4 1300 (0 11312 2240 ) (-1024 11312 2240 ) (-1024 11264 2240 ) (0 11264 2240 ) 
4 1301 (-1024 11312 2048 ) (0 11312 2048 ) (0 11312 1024 ) (-1024 11312 1024 ) 
4 1302 (-1024 11312 1024 ) (0 11312 1024 ) (0 11312 0 ) (-1024 11312 0 ) 
4 1303 (-1024 11312 0 ) (0 11312 0 ) (0 11312 -1024 ) (-1024 11312 -1024 ) 
4 1304 (-1024 11312 -1440 ) (-1024 11312 -1024 ) (0 11312 -1024 ) (0 11312 -1440 ) 
4 1304 (0 11264 -1440 ) (-1024 11264 -1440 ) (-1024 11312 -1440 ) (0 11312 -1440 ) 
4 1305 (0 11264 2240 ) (-1024 11264 2240 ) (-1024 10240 2240 ) (0 10240 2240 ) 
4 1309 (0 10240 -1440 ) (-1024 10240 -1440 ) (-1024 11264 -1440 ) (0 11264 -1440 ) 
4 1310 (0 10240 2240 ) (-1024 10240 2240 ) (-1024 9216 2240 ) (0 9216 2240 ) 
4 1314 (0 9216 -1440 ) (-1024 9216 -1440 ) (-1024 10240 -1440 ) (0 10240 -1440 ) 
4 1315 (0 9216 2240 ) (-1024 9216 2240 ) (-1024 8192 2240 ) (0 8192 2240 ) 
4 1319 (0 8192 -1440 ) (-1024 8192 -1440 ) (-1024 9216 -1440 ) (0 9216 -1440 ) 
4 1320 (0 8192 2240 ) (-1024 8192 2240 ) (-1024 7168 2240 ) (0 7168 2240 ) 
4 1324 (0 7168 -1440 ) (-1024 7168 -1440 ) (-1024 8192 -1440 ) (0 8192 -1440 ) 
4 1325 (0 7168 2240 ) (-1024 7168 2240 ) (-1024 6144 2240 ) (0 6144 2240 ) 
4 1329 (0 6144 -1440 ) (-1024 6144 -1440 ) (-1024 7168 -1440 ) (0 7168 -1440 ) 
4 1330 (0 6144 2240 ) (-1024 6144 2240 ) (-1024 5120 2240 ) (0 5120 2240 ) 
4 1334 (0 5120 -1440 ) (-1024 5120 -1440 ) (-1024 6144 -1440 ) (0 6144 -1440 ) 
4 1335 (0 5120 2240 ) (-1024 5120 2240 ) (-1024 4096 2240 ) (0 4096 2240 ) 
4 1339 (0 4096 -1440 ) (-1024 4096 -1440 ) (-1024 5120 -1440 ) (0 5120 -1440 ) 
4 1340 (0 4096 2240 ) (-1024 4096 2240 ) (-1024 3072 2240 ) (0 3072 2240 ) 
4 1344 (0 3072 -1440 ) (-1024 3072 -1440 ) (-1024 4096 -1440 ) (0 4096 -1440 ) 
4 1345 (0 3072 2240 ) (-1024 3072 2240 ) (-1024 2048 2240 ) (0 2048 2240 ) 
4 1349 (0 2048 -1440 ) (-1024 2048 -1440 ) (-1024 3072 -1440 ) (0 3072 -1440 ) 
4 1350 (0 2048 2240 ) (-1024 2048 2240 ) (-1024 1024 2240 ) (0 1024 2240 ) 
4 1354 (0 1024 -1440 ) (-1024 1024 -1440 ) (-1024 2048 -1440 ) (0 2048 -1440 ) 
4 1355 (0 1024 2240 ) (-1024 1024 2240 ) (-1024 0 2240 ) (0 0 2240 ) 
4 1359 (0 0 -1440 ) (-1024 0 -1440 ) (-1024 1024 -1440 ) (0 1024 -1440 ) 
4 1360 (0 0 2240 ) (-1024 0 2240 ) (-1024 -1024 2240 ) (0 -1024 2240 ) 
4 1364 (0 -1024 -1440 ) (-1024 -1024 -1440 ) (-1024 0 -1440 ) (0 0 -1440 ) 
4 1365 (0 -1024 2240 ) (-1024 -1024 2240 ) (-1024 -2048 2240 ) (0 -2048 2240 ) 
4 1369 (0 -2048 -1440 ) (-1024 -2048 -1440 ) (-1024 -1024 -1440 ) (0 -1024 -1440 ) 
4 1370 (0 -2048 2240 ) (-1024 -2048 2240 ) (-1024 -3072 2240 ) (0 -3072 2240 ) 
4 1374 (0 -3072 -1440 ) (-1024 -3072 -1440 ) (-1024 -2048 -1440 ) (0 -2048 -1440 ) 
4 1375 (0 -3072 2240 ) (-1024 -3072 2240 ) (-1024 -4096 2240 ) (0 -4096 2240 ) 
4 1379 (0 -4096 -1440 ) (-1024 -4096 -1440 ) (-1024 -3072 -1440 ) (0 -3072 -1440 ) 
4 1380 (0 -4096 2240 ) (-1024 -4096 2240 ) (-1024 -5120 2240 ) (0 -5120 2240 ) 
4 1384 (0 -5120 -1440 ) (-1024 -5120 -1440 ) (-1024 -4096 -1440 ) (0 -4096 -1440 ) 
4 1385 (0 -5120 2240 ) (-1024 -5120 2240 ) (-1024 -6144 2240 ) (0 -6144 2240 ) 
4 1389 (0 -6144 -1440 ) (-1024 -6144 -1440 ) (-1024 -5120 -1440 ) (0 -5120 -1440 ) 
4 1390 (0 -6144 2240 ) (-1024 -6144 2240 ) (-1024 -7168 2240 ) (0 -7168 2240 ) 
4 1394 (0 -7168 -1440 ) (-1024 -7168 -1440 ) (-1024 -6144 -1440 ) (0 -6144 -1440 ) 
4 1395 (0 -7168 2240 ) (-1024 -7168 2240 ) (-1024 -8192 2240 ) (0 -8192 2240 ) 
4 1399 (0 -8192 -1440 ) (-1024 -8192 -1440 ) (-1024 -7168 -1440 ) (0 -7168 -1440 ) 
4 1400 (0 -8192 2240 ) (-1024 -8192 2240 ) (-1024 -9216 2240 ) (0 -9216 2240 ) 
4 1404 (0 -9216 -1440 ) (-1024 -9216 -1440 ) (-1024 -8192 -1440 ) (0 -8192 -1440 ) 
4 1405 (0 -9216 2240 ) (-1024 -9216 2240 ) (-1024 -10240 2240 ) (0 -10240 2240 ) 
4 1409 (0 -10240 -1440 ) (-1024 -10240 -1440 ) (-1024 -9216 -1440 ) (0 -9216 -1440 ) 
4 1410 (0 -10240 2240 ) (-1024 -10240 2240 ) (-1024 -11264 2240 ) (0 -11264 2240 ) 
4 1414 (0 -11264 -1440 ) (-1024 -11264 -1440 ) (-1024 -10240 -1440 ) (0 -10240 -1440 ) 
4 1415 (0 -11264 2240 ) (-1024 -11264 2240 ) (-1024 -12288 2240 ) (0 -12288 2240 ) 
4 1419 (0 -12288 -1440 ) (-1024 -12288 -1440 ) (-1024 -11264 -1440 ) (0 -11264 -1440 ) 
4 1420 (0 -12288 2240 ) (-1024 -12288 2240 ) (-1024 -13312 2240 ) (0 -13312 2240 ) 
4 1424 (0 -13312 -1440 ) (-1024 -13312 -1440 ) (-1024 -12288 -1440 ) (0 -12288 -1440 ) 
4 1425 (-1024 -13408 2240 ) (-1024 -13408 2048 ) (0 -13408 2048 ) (0 -13408 2240 ) 
4 1425 (0 -13312 2240 ) (-1024 -13312 2240 ) (-1024 -13408 2240 ) (0 -13408 2240 ) 
4 1426 (-1024 -13408 1024 ) (0 -13408 1024 ) (0 -13408 2048 ) (-1024 -13408 2048 ) 
4 1427 (-1024 -13408 0 ) (0 -13408 0 ) (0 -13408 1024 ) (-1024 -13408 1024 ) 
4 1428 (-1024 -13408 -1024 ) (0 -13408 -1024 ) (0 -13408 0 ) (-1024 -13408 0 ) 
4 1429 (0 -13408 -1440 ) (0 -13408 -1024 ) (-1024 -13408 -1024 ) (-1024 -13408 -1440 ) 
4 1429 (0 -13408 -1440 ) (-1024 -13408 -1440 ) (-1024 -13312 -1440 ) (0 -13312 -1440 ) 
4 1430 (-1024 11312 2240 ) (-2048 11312 2240 ) (-2048 11264 2240 ) (-1024 11264 2240 ) 
4 1430 (-2048 11312 2240 ) (-1024 11312 2240 ) (-1024 11312 2048 ) (-2048 11312 2048 ) 
4 1431 (-2048 11312 2048 ) (-1024 11312 2048 ) (-1024 11312 1024 ) (-2048 11312 1024 ) 
4 1432 (-2048 11312 1024 ) (-1024 11312 1024 ) (-1024 11312 0 ) (-2048 11312 0 ) 
4 1433 (-2048 11312 0 ) (-1024 11312 0 ) (-1024 11312 -1024 ) (-2048 11312 -1024 ) 
4 1434 (-1024 11264 -1440 ) (-2048 11264 -1440 ) (-2048 11312 -1440 ) (-1024 11312 -1440 ) 
4 1434 (-2048 11312 -1024 ) (-1024 11312 -1024 ) (-1024 11312 -1440 ) (-2048 11312 -1440 ) 
4 1435 (-1024 11264 2240 ) (-2048 11264 2240 ) (-2048 10240 2240 ) (-1024 10240 2240 ) 
4 1439 (-1024 10240 -1440 ) (-2048 10240 -1440 ) (-2048 11264 -1440 ) (-1024 11264 -1440 ) 
4 1440 (-1024 10240 2240 ) (-2048 10240 2240 ) (-2048 9216 2240 ) (-1024 9216 2240 ) 
4 1444 (-1024 9216 -1440 ) (-2048 9216 -1440 ) (-2048 10240 -1440 ) (-1024 10240 -1440 ) 
4 1445 (-1024 9216 2240 ) (-2048 9216 2240 ) (-2048 8192 2240 ) (-1024 8192 2240 ) 
4 1449 (-1024 8192 -1440 ) (-2048 8192 -1440 ) (-2048 9216 -1440 ) (-1024 9216 -1440 ) 
4 1450 (-1024 8192 2240 ) (-2048 8192 2240 ) (-2048 7168 2240 ) (-1024 7168 2240 ) 
4 1454 (-1024 7168 -1440 ) (-2048 7168 -1440 ) (-2048 8192 -1440 ) (-1024 8192 -1440 ) 
4 1455 (-1024 7168 2240 ) (-2048 7168 2240 ) (-2048 6144 2240 ) (-1024 6144 2240 ) 
4 1459 (-1024 6144 -1440 ) (-2048 6144 -1440 ) (-2048 7168 -1440 ) (-1024 7168 -1440 ) 
4 1460 (-1024 6144 2240 ) (-2048 6144 2240 ) (-2048 5120 2240 ) (-1024 5120 2240 ) 
4 1464 (-1024 5120 -1440 ) (-2048 5120 -1440 ) (-2048 6144 -1440 ) (-1024 6144 -1440 ) 
4 1465 (-1024 5120 2240 ) (-2048 5120 2240 ) (-2048 4096 2240 ) (-1024 4096 2240 ) 
4 1469 (-1024 4096 -1440 ) (-2048 4096 -1440 ) (-2048 5120 -1440 ) (-1024 5120 -1440 ) 
4 1470 (-1024 4096 2240 ) (-2048 4096 2240 ) (-2048 3072 2240 ) (-1024 3072 2240 ) 
4 1474 (-1024 3072 -1440 ) (-2048 3072 -1440 ) (-2048 4096 -1440 ) (-1024 4096 -1440 ) 
4 1475 (-1024 3072 2240 ) (-2048 3072 2240 ) (-2048 2048 2240 ) (-1024 2048 2240 ) 
4 1479 (-1024 2048 -1440 ) (-2048 2048 -1440 ) (-2048 3072 -1440 ) (-1024 3072 -1440 ) 
4 1480 (-1024 2048 2240 ) (-2048 2048 2240 ) (-2048 1024 2240 ) (-1024 1024 2240 ) 
4 1484 (-1024 1024 -1440 ) (-2048 1024 -1440 ) (-2048 2048 -1440 ) (-1024 2048 -1440 ) 
4 1485 (-1024 1024 2240 ) (-2048 1024 2240 ) (-2048 0 2240 ) (-1024 0 2240 ) 
4 1489 (-1024 0 -1440 ) (-2048 0 -1440 ) (-2048 1024 -1440 ) (-1024 1024 -1440 ) 
4 1490 (-1024 0 2240 ) (-2048 0 2240 ) (-2048 -1024 2240 ) (-1024 -1024 2240 ) 
4 1494 (-1024 -1024 -1440 ) (-2048 -1024 -1440 ) (-2048 0 -1440 ) (-1024 0 -1440 ) 
4 1495 (-1024 -1024 2240 ) (-2048 -1024 2240 ) (-2048 -2048 2240 ) (-1024 -2048 2240 ) 
4 1499 (-1024 -2048 -1440 ) (-2048 -2048 -1440 ) (-2048 -1024 -1440 ) (-1024 -1024 -1440 ) 
4 1500 (-1024 -2048 2240 ) (-2048 -2048 2240 ) (-2048 -3072 2240 ) (-1024 -3072 2240 ) 
4 1504 (-1024 -3072 -1440 ) (-2048 -3072 -1440 ) (-2048 -2048 -1440 ) (-1024 -2048 -1440 ) 
4 1505 (-1024 -3072 2240 ) (-2048 -3072 2240 ) (-2048 -4096 2240 ) (-1024 -4096 2240 ) 
4 1509 (-1024 -4096 -1440 ) (-2048 -4096 -1440 ) (-2048 -3072 -1440 ) (-1024 -3072 -1440 ) 
4 1510 (-1024 -4096 2240 ) (-2048 -4096 2240 ) (-2048 -5120 2240 ) (-1024 -5120 2240 ) 
4 1514 (-1024 -5120 -1440 ) (-2048 -5120 -1440 ) (-2048 -4096 -1440 ) (-1024 -4096 -1440 ) 
4 1515 (-1024 -5120 2240 ) (-2048 -5120 2240 ) (-2048 -6144 2240 ) (-1024 -6144 2240 ) 
4 1519 (-1024 -6144 -1440 ) (-2048 -6144 -1440 ) (-2048 -5120 -1440 ) (-1024 -5120 -1440 ) 
4 1520 (-1024 -6144 2240 ) (-2048 -6144 2240 ) (-2048 -7168 2240 ) (-1024 -7168 2240 ) 
4 1524 (-1024 -7168 -1440 ) (-2048 -7168 -1440 ) (-2048 -6144 -1440 ) (-1024 -6144 -1440 ) 
4 1525 (-1024 -7168 2240 ) (-2048 -7168 2240 ) (-2048 -8192 2240 ) (-1024 -8192 2240 ) 
4 1529 (-1024 -8192 -1440 ) (-2048 -8192 -1440 ) (-2048 -7168 -1440 ) (-1024 -7168 -1440 ) 
4 1530 (-1024 -8192 2240 ) (-2048 -8192 2240 ) (-2048 -9216 2240 ) (-1024 -9216 2240 ) 
4 1534 (-1024 -9216 -1440 ) (-2048 -9216 -1440 ) (-2048 -8192 -1440 ) (-1024 -8192 -1440 ) 
4 1535 (-1024 -9216 2240 ) (-2048 -9216 2240 ) (-2048 -10240 2240 ) (-1024 -10240 2240 ) 
4 1539 (-1024 -10240 -1440 ) (-2048 -10240 -1440 ) (-2048 -9216 -1440 ) (-1024 -9216 -1440 ) 
4 1540 (-1024 -10240 2240 ) (-2048 -10240 2240 ) (-2048 -11264 2240 ) (-1024 -11264 2240 ) 
4 1544 (-1024 -11264 -1440 ) (-2048 -11264 -1440 ) (-2048 -10240 -1440 ) (-1024 -10240 -1440 ) 
4 1545 (-1024 -11264 2240 ) (-2048 -11264 2240 ) (-2048 -12288 2240 ) (-1024 -12288 2240 ) 
4 1549 (-1024 -12288 -1440 ) (-2048 -12288 -1440 ) (-2048 -11264 -1440 ) (-1024 -11264 -1440 ) 
4 1550 (-1024 -12288 2240 ) (-2048 -12288 2240 ) (-2048 -13312 2240 ) (-1024 -13312 2240 ) 
4 1554 (-1024 -13312 -1440 ) (-2048 -13312 -1440 ) (-2048 -12288 -1440 ) (-1024 -12288 -1440 ) 
4 1555 (-1024 -13408 2240 ) (-1024 -13312 2240 ) (-2048 -13312 2240 ) (-2048 -13408 2240 ) 
4 1555 (-2048 -13408 2048 ) (-1024 -13408 2048 ) (-1024 -13408 2240 ) (-2048 -13408 2240 ) 
4 1556 (-2048 -13408 1024 ) (-1024 -13408 1024 ) (-1024 -13408 2048 ) (-2048 -13408 2048 ) 
4 1557 (-2048 -13408 0 ) (-1024 -13408 0 ) (-1024 -13408 1024 ) (-2048 -13408 1024 ) 
4 1558 (-2048 -13408 -1024 ) (-1024 -13408 -1024 ) (-1024 -13408 0 ) (-2048 -13408 0 ) 
4 1559 (-2048 -13408 -1440 ) (-2048 -13312 -1440 ) (-1024 -13312 -1440 ) (-1024 -13408 -1440 ) 
4 1559 (-2048 -13408 -1440 ) (-1024 -13408 -1440 ) (-1024 -13408 -1024 ) (-2048 -13408 -1024 ) 
4 1560 (-2048 11312 2240 ) (-2048 11312 2048 ) (-3072 11312 2048 ) (-3072 11312 2240 ) 
4 1560 (-2048 11312 2240 ) (-3072 11312 2240 ) (-3072 11264 2240 ) (-2048 11264 2240 ) 
4 1561 (-3072 11312 2048 ) (-2048 11312 2048 ) (-2048 11312 1024 ) (-3072 11312 1024 ) 
4 1562 (-3072 11312 1024 ) (-2048 11312 1024 ) (-2048 11312 0 ) (-3072 11312 0 ) 
4 1563 (-3072 11312 0 ) (-2048 11312 0 ) (-2048 11312 -1024 ) (-3072 11312 -1024 ) 
4 1564 (-3072 11312 -1440 ) (-3072 11312 -1024 ) (-2048 11312 -1024 ) (-2048 11312 -1440 ) 
4 1564 (-2048 11264 -1440 ) (-3072 11264 -1440 ) (-3072 11312 -1440 ) (-2048 11312 -1440 ) 
4 1565 (-2048 11264 2240 ) (-3072 11264 2240 ) (-3072 10240 2240 ) (-2048 10240 2240 ) 
4 1569 (-2048 10240 -1440 ) (-3072 10240 -1440 ) (-3072 11264 -1440 ) (-2048 11264 -1440 ) 
4 1570 (-2048 10240 2240 ) (-3072 10240 2240 ) (-3072 9216 2240 ) (-2048 9216 2240 ) 
4 1574 (-2048 9216 -1440 ) (-3072 9216 -1440 ) (-3072 10240 -1440 ) (-2048 10240 -1440 ) 
4 1575 (-2048 9216 2240 ) (-3072 9216 2240 ) (-3072 8192 2240 ) (-2048 8192 2240 ) 
4 1579 (-2048 8192 -1440 ) (-3072 8192 -1440 ) (-3072 9216 -1440 ) (-2048 9216 -1440 ) 
4 1580 (-2048 8192 2240 ) (-3072 8192 2240 ) (-3072 7168 2240 ) (-2048 7168 2240 ) 
4 1584 (-2048 7168 -1440 ) (-3072 7168 -1440 ) (-3072 8192 -1440 ) (-2048 8192 -1440 ) 
4 1585 (-2048 7168 2240 ) (-3072 7168 2240 ) (-3072 6144 2240 ) (-2048 6144 2240 ) 
4 1589 (-2048 6144 -1440 ) (-3072 6144 -1440 ) (-3072 7168 -1440 ) (-2048 7168 -1440 ) 
4 1590 (-2048 6144 2240 ) (-3072 6144 2240 ) (-3072 5120 2240 ) (-2048 5120 2240 ) 
4 1594 (-2048 5120 -1440 ) (-3072 5120 -1440 ) (-3072 6144 -1440 ) (-2048 6144 -1440 ) 
4 1595 (-2048 5120 2240 ) (-3072 5120 2240 ) (-3072 4096 2240 ) (-2048 4096 2240 ) 
4 1599 (-2048 4096 -1440 ) (-3072 4096 -1440 ) (-3072 5120 -1440 ) (-2048 5120 -1440 ) 
4 1600 (-2048 4096 2240 ) (-3072 4096 2240 ) (-3072 3072 2240 ) (-2048 3072 2240 ) 
4 1604 (-2048 3072 -1440 ) (-3072 3072 -1440 ) (-3072 4096 -1440 ) (-2048 4096 -1440 ) 
4 1605 (-2048 3072 2240 ) (-3072 3072 2240 ) (-3072 2048 2240 ) (-2048 2048 2240 ) 
4 1609 (-2048 2048 -1440 ) (-3072 2048 -1440 ) (-3072 3072 -1440 ) (-2048 3072 -1440 ) 
4 1610 (-2048 2048 2240 ) (-3072 2048 2240 ) (-3072 1024 2240 ) (-2048 1024 2240 ) 
4 1614 (-2048 1024 -1440 ) (-3072 1024 -1440 ) (-3072 2048 -1440 ) (-2048 2048 -1440 ) 
4 1615 (-2048 1024 2240 ) (-3072 1024 2240 ) (-3072 0 2240 ) (-2048 0 2240 ) 
4 1619 (-2048 0 -1440 ) (-3072 0 -1440 ) (-3072 1024 -1440 ) (-2048 1024 -1440 ) 
4 1620 (-2048 0 2240 ) (-3072 0 2240 ) (-3072 -1024 2240 ) (-2048 -1024 2240 ) 
4 1624 (-2048 -1024 -1440 ) (-3072 -1024 -1440 ) (-3072 0 -1440 ) (-2048 0 -1440 ) 
4 1625 (-2048 -1024 2240 ) (-3072 -1024 2240 ) (-3072 -2048 2240 ) (-2048 -2048 2240 ) 
4 1629 (-2048 -2048 -1440 ) (-3072 -2048 -1440 ) (-3072 -1024 -1440 ) (-2048 -1024 -1440 ) 
4 1630 (-2048 -2048 2240 ) (-3072 -2048 2240 ) (-3072 -3072 2240 ) (-2048 -3072 2240 ) 
4 1634 (-2048 -3072 -1440 ) (-3072 -3072 -1440 ) (-3072 -2048 -1440 ) (-2048 -2048 -1440 ) 
4 1635 (-2048 -3072 2240 ) (-3072 -3072 2240 ) (-3072 -4096 2240 ) (-2048 -4096 2240 ) 
4 1639 (-2048 -4096 -1440 ) (-3072 -4096 -1440 ) (-3072 -3072 -1440 ) (-2048 -3072 -1440 ) 
4 1640 (-2048 -4096 2240 ) (-3072 -4096 2240 ) (-3072 -5120 2240 ) (-2048 -5120 2240 ) 
4 1644 (-2048 -5120 -1440 ) (-3072 -5120 -1440 ) (-3072 -4096 -1440 ) (-2048 -4096 -1440 ) 
4 1645 (-2048 -5120 2240 ) (-3072 -5120 2240 ) (-3072 -6144 2240 ) (-2048 -6144 2240 ) 
4 1649 (-2048 -6144 -1440 ) (-3072 -6144 -1440 ) (-3072 -5120 -1440 ) (-2048 -5120 -1440 ) 
4 1650 (-2048 -6144 2240 ) (-3072 -6144 2240 ) (-3072 -7168 2240 ) (-2048 -7168 2240 ) 
4 1654 (-2048 -7168 -1440 ) (-3072 -7168 -1440 ) (-3072 -6144 -1440 ) (-2048 -6144 -1440 ) 
4 1655 (-2048 -7168 2240 ) (-3072 -7168 2240 ) (-3072 -8192 2240 ) (-2048 -8192 2240 ) 
4 1659 (-2048 -8192 -1440 ) (-3072 -8192 -1440 ) (-3072 -7168 -1440 ) (-2048 -7168 -1440 ) 
4 1660 (-2048 -8192 2240 ) (-3072 -8192 2240 ) (-3072 -9216 2240 ) (-2048 -9216 2240 ) 
4 1664 (-2048 -9216 -1440 ) (-3072 -9216 -1440 ) (-3072 -8192 -1440 ) (-2048 -8192 -1440 ) 
4 1665 (-2048 -9216 2240 ) (-3072 -9216 2240 ) (-3072 -10240 2240 ) (-2048 -10240 2240 ) 
4 1669 (-2048 -10240 -1440 ) (-3072 -10240 -1440 ) (-3072 -9216 -1440 ) (-2048 -9216 -1440 ) 
4 1670 (-2048 -10240 2240 ) (-3072 -10240 2240 ) (-3072 -11264 2240 ) (-2048 -11264 2240 ) 
4 1674 (-2048 -11264 -1440 ) (-3072 -11264 -1440 ) (-3072 -10240 -1440 ) (-2048 -10240 -1440 ) 
4 1675 (-2048 -11264 2240 ) (-3072 -11264 2240 ) (-3072 -12288 2240 ) (-2048 -12288 2240 ) 
4 1679 (-2048 -12288 -1440 ) (-3072 -12288 -1440 ) (-3072 -11264 -1440 ) (-2048 -11264 -1440 ) 
4 1680 (-2048 -12288 2240 ) (-3072 -12288 2240 ) (-3072 -13312 2240 ) (-2048 -13312 2240 ) 
4 1684 (-2048 -13312 -1440 ) (-3072 -13312 -1440 ) (-3072 -12288 -1440 ) (-2048 -12288 -1440 ) 
4 1685 (-3072 -13408 2240 ) (-3072 -13408 2048 ) (-2048 -13408 2048 ) (-2048 -13408 2240 ) 
4 1685 (-2048 -13312 2240 ) (-3072 -13312 2240 ) (-3072 -13408 2240 ) (-2048 -13408 2240 ) 
4 1686 (-3072 -13408 1024 ) (-2048 -13408 1024 ) (-2048 -13408 2048 ) (-3072 -13408 2048 ) 
4 1687 (-3072 -13408 0 ) (-2048 -13408 0 ) (-2048 -13408 1024 ) (-3072 -13408 1024 ) 
4 1688 (-3072 -13408 -1024 ) (-2048 -13408 -1024 ) (-2048 -13408 0 ) (-3072 -13408 0 ) 
4 1689 (-2048 -13408 -1440 ) (-2048 -13408 -1024 ) (-3072 -13408 -1024 ) (-3072 -13408 -1440 ) 
4 1689 (-2048 -13408 -1440 ) (-3072 -13408 -1440 ) (-3072 -13312 -1440 ) (-2048 -13312 -1440 ) 
4 1690 (-3072 11312 2240 ) (-4096 11312 2240 ) (-4096 11264 2240 ) (-3072 11264 2240 ) 
4 1690 (-4096 11312 2240 ) (-3072 11312 2240 ) (-3072 11312 2048 ) (-4096 11312 2048 ) 
4 1691 (-4096 11312 2048 ) (-3072 11312 2048 ) (-3072 11312 1024 ) (-4096 11312 1024 ) 
4 1692 (-4096 11312 1024 ) (-3072 11312 1024 ) (-3072 11312 0 ) (-4096 11312 0 ) 
4 1693 (-4096 11312 0 ) (-3072 11312 0 ) (-3072 11312 -1024 ) (-4096 11312 -1024 ) 
4 1694 (-3072 11264 -1440 ) (-4096 11264 -1440 ) (-4096 11312 -1440 ) (-3072 11312 -1440 ) 
4 1694 (-4096 11312 -1024 ) (-3072 11312 -1024 ) (-3072 11312 -1440 ) (-4096 11312 -1440 ) 
4 1695 (-3072 11264 2240 ) (-4096 11264 2240 ) (-4096 10240 2240 ) (-3072 10240 2240 ) 
4 1699 (-3072 10240 -1440 ) (-4096 10240 -1440 ) (-4096 11264 -1440 ) (-3072 11264 -1440 ) 
4 1700 (-3072 10240 2240 ) (-4096 10240 2240 ) (-4096 9216 2240 ) (-3072 9216 2240 ) 
4 1704 (-3072 9216 -1440 ) (-4096 9216 -1440 ) (-4096 10240 -1440 ) (-3072 10240 -1440 ) 
4 1705 (-3072 9216 2240 ) (-4096 9216 2240 ) (-4096 8192 2240 ) (-3072 8192 2240 ) 
4 1709 (-3072 8192 -1440 ) (-4096 8192 -1440 ) (-4096 9216 -1440 ) (-3072 9216 -1440 ) 
4 1710 (-3072 8192 2240 ) (-4096 8192 2240 ) (-4096 7168 2240 ) (-3072 7168 2240 ) 
4 1714 (-3072 7168 -1440 ) (-4096 7168 -1440 ) (-4096 8192 -1440 ) (-3072 8192 -1440 ) 
4 1715 (-3072 7168 2240 ) (-4096 7168 2240 ) (-4096 6144 2240 ) (-3072 6144 2240 ) 
4 1719 (-3072 6144 -1440 ) (-4096 6144 -1440 ) (-4096 7168 -1440 ) (-3072 7168 -1440 ) 
4 1720 (-3072 6144 2240 ) (-4096 6144 2240 ) (-4096 5120 2240 ) (-3072 5120 2240 ) 
4 1724 (-3072 5120 -1440 ) (-4096 5120 -1440 ) (-4096 6144 -1440 ) (-3072 6144 -1440 ) 
4 1725 (-3072 5120 2240 ) (-4096 5120 2240 ) (-4096 4096 2240 ) (-3072 4096 2240 ) 
4 1729 (-3072 4096 -1440 ) (-4096 4096 -1440 ) (-4096 5120 -1440 ) (-3072 5120 -1440 ) 
4 1730 (-3072 4096 2240 ) (-4096 4096 2240 ) (-4096 3072 2240 ) (-3072 3072 2240 ) 
4 1734 (-3072 3072 -1440 ) (-4096 3072 -1440 ) (-4096 4096 -1440 ) (-3072 4096 -1440 ) 
4 1735 (-3072 3072 2240 ) (-4096 3072 2240 ) (-4096 2048 2240 ) (-3072 2048 2240 ) 
4 1739 (-3072 2048 -1440 ) (-4096 2048 -1440 ) (-4096 3072 -1440 ) (-3072 3072 -1440 ) 
4 1740 (-3072 2048 2240 ) (-4096 2048 2240 ) (-4096 1024 2240 ) (-3072 1024 2240 ) 
4 1744 (-3072 1024 -1440 ) (-4096 1024 -1440 ) (-4096 2048 -1440 ) (-3072 2048 -1440 ) 
4 1745 (-3072 1024 2240 ) (-4096 1024 2240 ) (-4096 0 2240 ) (-3072 0 2240 ) 
4 1749 (-3072 0 -1440 ) (-4096 0 -1440 ) (-4096 1024 -1440 ) (-3072 1024 -1440 ) 
4 1750 (-3072 0 2240 ) (-4096 0 2240 ) (-4096 -1024 2240 ) (-3072 -1024 2240 ) 
4 1754 (-3072 -1024 -1440 ) (-4096 -1024 -1440 ) (-4096 0 -1440 ) (-3072 0 -1440 ) 
4 1755 (-3072 -1024 2240 ) (-4096 -1024 2240 ) (-4096 -2048 2240 ) (-3072 -2048 2240 ) 
4 1759 (-3072 -2048 -1440 ) (-4096 -2048 -1440 ) (-4096 -1024 -1440 ) (-3072 -1024 -1440 ) 
4 1760 (-3072 -2048 2240 ) (-4096 -2048 2240 ) (-4096 -3072 2240 ) (-3072 -3072 2240 ) 
4 1764 (-3072 -3072 -1440 ) (-4096 -3072 -1440 ) (-4096 -2048 -1440 ) (-3072 -2048 -1440 ) 
4 1765 (-3072 -3072 2240 ) (-4096 -3072 2240 ) (-4096 -4096 2240 ) (-3072 -4096 2240 ) 
4 1769 (-3072 -4096 -1440 ) (-4096 -4096 -1440 ) (-4096 -3072 -1440 ) (-3072 -3072 -1440 ) 
4 1770 (-3072 -4096 2240 ) (-4096 -4096 2240 ) (-4096 -5120 2240 ) (-3072 -5120 2240 ) 
4 1774 (-3072 -5120 -1440 ) (-4096 -5120 -1440 ) (-4096 -4096 -1440 ) (-3072 -4096 -1440 ) 
4 1775 (-3072 -5120 2240 ) (-4096 -5120 2240 ) (-4096 -6144 2240 ) (-3072 -6144 2240 ) 
4 1779 (-3072 -6144 -1440 ) (-4096 -6144 -1440 ) (-4096 -5120 -1440 ) (-3072 -5120 -1440 ) 
4 1780 (-3072 -6144 2240 ) (-4096 -6144 2240 ) (-4096 -7168 2240 ) (-3072 -7168 2240 ) 
4 1784 (-3072 -7168 -1440 ) (-4096 -7168 -1440 ) (-4096 -6144 -1440 ) (-3072 -6144 -1440 ) 
4 1785 (-3072 -7168 2240 ) (-4096 -7168 2240 ) (-4096 -8192 2240 ) (-3072 -8192 2240 ) 
4 1789 (-3072 -8192 -1440 ) (-4096 -8192 -1440 ) (-4096 -7168 -1440 ) (-3072 -7168 -1440 ) 
4 1790 (-3072 -8192 2240 ) (-4096 -8192 2240 ) (-4096 -9216 2240 ) (-3072 -9216 2240 ) 
4 1794 (-3072 -9216 -1440 ) (-4096 -9216 -1440 ) (-4096 -8192 -1440 ) (-3072 -8192 -1440 ) 
4 1795 (-3072 -9216 2240 ) (-4096 -9216 2240 ) (-4096 -10240 2240 ) (-3072 -10240 2240 ) 
4 1799 (-3072 -10240 -1440 ) (-4096 -10240 -1440 ) (-4096 -9216 -1440 ) (-3072 -9216 -1440 ) 
4 1800 (-3072 -10240 2240 ) (-4096 -10240 2240 ) (-4096 -11264 2240 ) (-3072 -11264 2240 ) 
4 1804 (-3072 -11264 -1440 ) (-4096 -11264 -1440 ) (-4096 -10240 -1440 ) (-3072 -10240 -1440 ) 
4 1805 (-3072 -11264 2240 ) (-4096 -11264 2240 ) (-4096 -12288 2240 ) (-3072 -12288 2240 ) 
4 1809 (-3072 -12288 -1440 ) (-4096 -12288 -1440 ) (-4096 -11264 -1440 ) (-3072 -11264 -1440 ) 
4 1810 (-3072 -12288 2240 ) (-4096 -12288 2240 ) (-4096 -13312 2240 ) (-3072 -13312 2240 ) 
4 1814 (-3072 -13312 -1440 ) (-4096 -13312 -1440 ) (-4096 -12288 -1440 ) (-3072 -12288 -1440 ) 
4 1815 (-3072 -13408 2240 ) (-3072 -13312 2240 ) (-4096 -13312 2240 ) (-4096 -13408 2240 ) 
4 1815 (-4096 -13408 2048 ) (-3072 -13408 2048 ) (-3072 -13408 2240 ) (-4096 -13408 2240 ) 
4 1816 (-4096 -13408 1024 ) (-3072 -13408 1024 ) (-3072 -13408 2048 ) (-4096 -13408 2048 ) 
4 1817 (-4096 -13408 0 ) (-3072 -13408 0 ) (-3072 -13408 1024 ) (-4096 -13408 1024 ) 
4 1818 (-4096 -13408 -1024 ) (-3072 -13408 -1024 ) (-3072 -13408 0 ) (-4096 -13408 0 ) 
4 1819 (-4096 -13408 -1440 ) (-4096 -13312 -1440 ) (-3072 -13312 -1440 ) (-3072 -13408 -1440 ) 
4 1819 (-4096 -13408 -1440 ) (-3072 -13408 -1440 ) (-3072 -13408 -1024 ) (-4096 -13408 -1024 ) 
4 1820 (-4096 11312 2240 ) (-4096 11312 2048 ) (-5120 11312 2048 ) (-5120 11312 2240 ) 
4 1820 (-4096 11312 2240 ) (-5120 11312 2240 ) (-5120 11264 2240 ) (-4096 11264 2240 ) 
4 1821 (-5120 11312 2048 ) (-4096 11312 2048 ) (-4096 11312 1024 ) (-5120 11312 1024 ) 
4 1822 (-5120 11312 1024 ) (-4096 11312 1024 ) (-4096 11312 0 ) (-5120 11312 0 ) 
4 1823 (-5120 11312 0 ) (-4096 11312 0 ) (-4096 11312 -1024 ) (-5120 11312 -1024 ) 
4 1824 (-5120 11312 -1440 ) (-5120 11312 -1024 ) (-4096 11312 -1024 ) (-4096 11312 -1440 ) 
4 1824 (-4096 11264 -1440 ) (-5120 11264 -1440 ) (-5120 11312 -1440 ) (-4096 11312 -1440 ) 
4 1825 (-4096 11264 2240 ) (-5120 11264 2240 ) (-5120 10240 2240 ) (-4096 10240 2240 ) 
4 1829 (-4096 10240 -1440 ) (-5120 10240 -1440 ) (-5120 11264 -1440 ) (-4096 11264 -1440 ) 
4 1830 (-4096 10240 2240 ) (-5120 10240 2240 ) (-5120 9216 2240 ) (-4096 9216 2240 ) 
4 1834 (-4096 9216 -1440 ) (-5120 9216 -1440 ) (-5120 10240 -1440 ) (-4096 10240 -1440 ) 
4 1835 (-4096 9216 2240 ) (-5120 9216 2240 ) (-5120 8192 2240 ) (-4096 8192 2240 ) 
4 1839 (-4096 8192 -1440 ) (-5120 8192 -1440 ) (-5120 9216 -1440 ) (-4096 9216 -1440 ) 
4 1840 (-4096 8192 2240 ) (-5120 8192 2240 ) (-5120 7168 2240 ) (-4096 7168 2240 ) 
4 1844 (-4096 7168 -1440 ) (-5120 7168 -1440 ) (-5120 8192 -1440 ) (-4096 8192 -1440 ) 
4 1845 (-4096 7168 2240 ) (-5120 7168 2240 ) (-5120 6144 2240 ) (-4096 6144 2240 ) 
4 1849 (-4096 6144 -1440 ) (-5120 6144 -1440 ) (-5120 7168 -1440 ) (-4096 7168 -1440 ) 
4 1850 (-4096 6144 2240 ) (-5120 6144 2240 ) (-5120 5120 2240 ) (-4096 5120 2240 ) 
4 1854 (-4096 5120 -1440 ) (-5120 5120 -1440 ) (-5120 6144 -1440 ) (-4096 6144 -1440 ) 
4 1855 (-4096 5120 2240 ) (-5120 5120 2240 ) (-5120 4096 2240 ) (-4096 4096 2240 ) 
4 1859 (-4096 4096 -1440 ) (-5120 4096 -1440 ) (-5120 5120 -1440 ) (-4096 5120 -1440 ) 
4 1860 (-4096 4096 2240 ) (-5120 4096 2240 ) (-5120 3072 2240 ) (-4096 3072 2240 ) 
4 1864 (-4096 3072 -1440 ) (-5120 3072 -1440 ) (-5120 4096 -1440 ) (-4096 4096 -1440 ) 
4 1865 (-4096 3072 2240 ) (-5120 3072 2240 ) (-5120 2048 2240 ) (-4096 2048 2240 ) 
4 1869 (-4096 2048 -1440 ) (-5120 2048 -1440 ) (-5120 3072 -1440 ) (-4096 3072 -1440 ) 
4 1870 (-4096 2048 2240 ) (-5120 2048 2240 ) (-5120 1024 2240 ) (-4096 1024 2240 ) 
4 1874 (-4096 1024 -1440 ) (-5120 1024 -1440 ) (-5120 2048 -1440 ) (-4096 2048 -1440 ) 
4 1875 (-4096 1024 2240 ) (-5120 1024 2240 ) (-5120 0 2240 ) (-4096 0 2240 ) 
4 1879 (-4096 0 -1440 ) (-5120 0 -1440 ) (-5120 1024 -1440 ) (-4096 1024 -1440 ) 
4 1880 (-4096 0 2240 ) (-5120 0 2240 ) (-5120 -1024 2240 ) (-4096 -1024 2240 ) 
4 1884 (-4096 -1024 -1440 ) (-5120 -1024 -1440 ) (-5120 0 -1440 ) (-4096 0 -1440 ) 
4 1885 (-4096 -1024 2240 ) (-5120 -1024 2240 ) (-5120 -2048 2240 ) (-4096 -2048 2240 ) 
4 1889 (-4096 -2048 -1440 ) (-5120 -2048 -1440 ) (-5120 -1024 -1440 ) (-4096 -1024 -1440 ) 
4 1890 (-4096 -2048 2240 ) (-5120 -2048 2240 ) (-5120 -3072 2240 ) (-4096 -3072 2240 ) 
4 1894 (-4096 -3072 -1440 ) (-5120 -3072 -1440 ) (-5120 -2048 -1440 ) (-4096 -2048 -1440 ) 
4 1895 (-4096 -3072 2240 ) (-5120 -3072 2240 ) (-5120 -4096 2240 ) (-4096 -4096 2240 ) 
4 1899 (-4096 -4096 -1440 ) (-5120 -4096 -1440 ) (-5120 -3072 -1440 ) (-4096 -3072 -1440 ) 
4 1900 (-4096 -4096 2240 ) (-5120 -4096 2240 ) (-5120 -5120 2240 ) (-4096 -5120 2240 ) 
4 1904 (-4096 -5120 -1440 ) (-5120 -5120 -1440 ) (-5120 -4096 -1440 ) (-4096 -4096 -1440 ) 
4 1905 (-4096 -5120 2240 ) (-5120 -5120 2240 ) (-5120 -6144 2240 ) (-4096 -6144 2240 ) 
4 1909 (-4096 -6144 -1440 ) (-5120 -6144 -1440 ) (-5120 -5120 -1440 ) (-4096 -5120 -1440 ) 
4 1910 (-4096 -6144 2240 ) (-5120 -6144 2240 ) (-5120 -7168 2240 ) (-4096 -7168 2240 ) 
4 1914 (-4096 -7168 -1440 ) (-5120 -7168 -1440 ) (-5120 -6144 -1440 ) (-4096 -6144 -1440 ) 
4 1915 (-4096 -7168 2240 ) (-5120 -7168 2240 ) (-5120 -8192 2240 ) (-4096 -8192 2240 ) 
4 1919 (-4096 -8192 -1440 ) (-5120 -8192 -1440 ) (-5120 -7168 -1440 ) (-4096 -7168 -1440 ) 
4 1920 (-4096 -8192 2240 ) (-5120 -8192 2240 ) (-5120 -9216 2240 ) (-4096 -9216 2240 ) 
4 1924 (-4096 -9216 -1440 ) (-5120 -9216 -1440 ) (-5120 -8192 -1440 ) (-4096 -8192 -1440 ) 
4 1925 (-4096 -9216 2240 ) (-5120 -9216 2240 ) (-5120 -10240 2240 ) (-4096 -10240 2240 ) 
4 1929 (-4096 -10240 -1440 ) (-5120 -10240 -1440 ) (-5120 -9216 -1440 ) (-4096 -9216 -1440 ) 
4 1930 (-4096 -10240 2240 ) (-5120 -10240 2240 ) (-5120 -11264 2240 ) (-4096 -11264 2240 ) 
4 1934 (-4096 -11264 -1440 ) (-5120 -11264 -1440 ) (-5120 -10240 -1440 ) (-4096 -10240 -1440 ) 
4 1935 (-4096 -11264 2240 ) (-5120 -11264 2240 ) (-5120 -12288 2240 ) (-4096 -12288 2240 ) 
4 1939 (-4096 -12288 -1440 ) (-5120 -12288 -1440 ) (-5120 -11264 -1440 ) (-4096 -11264 -1440 ) 
4 1940 (-4096 -12288 2240 ) (-5120 -12288 2240 ) (-5120 -13312 2240 ) (-4096 -13312 2240 ) 
4 1944 (-4096 -13312 -1440 ) (-5120 -13312 -1440 ) (-5120 -12288 -1440 ) (-4096 -12288 -1440 ) 
4 1945 (-5120 -13408 2240 ) (-5120 -13408 2048 ) (-4096 -13408 2048 ) (-4096 -13408 2240 ) 
4 1945 (-4096 -13312 2240 ) (-5120 -13312 2240 ) (-5120 -13408 2240 ) (-4096 -13408 2240 ) 
4 1946 (-5120 -13408 1024 ) (-4096 -13408 1024 ) (-4096 -13408 2048 ) (-5120 -13408 2048 ) 
4 1947 (-5120 -13408 0 ) (-4096 -13408 0 ) (-4096 -13408 1024 ) (-5120 -13408 1024 ) 
4 1948 (-5120 -13408 -1024 ) (-4096 -13408 -1024 ) (-4096 -13408 0 ) (-5120 -13408 0 ) 
4 1949 (-4096 -13408 -1440 ) (-4096 -13408 -1024 ) (-5120 -13408 -1024 ) (-5120 -13408 -1440 ) 
4 1949 (-4096 -13408 -1440 ) (-5120 -13408 -1440 ) (-5120 -13312 -1440 ) (-4096 -13312 -1440 ) 
4 1950 (-5120 11312 2240 ) (-6144 11312 2240 ) (-6144 11264 2240 ) (-5120 11264 2240 ) 
4 1950 (-6144 11312 2240 ) (-5120 11312 2240 ) (-5120 11312 2048 ) (-6144 11312 2048 ) 
4 1951 (-6144 11312 2048 ) (-5120 11312 2048 ) (-5120 11312 1024 ) (-6144 11312 1024 ) 
4 1952 (-6144 11312 1024 ) (-5120 11312 1024 ) (-5120 11312 0 ) (-6144 11312 0 ) 
4 1953 (-6144 11312 0 ) (-5120 11312 0 ) (-5120 11312 -1024 ) (-6144 11312 -1024 ) 
4 1954 (-5120 11264 -1440 ) (-6144 11264 -1440 ) (-6144 11312 -1440 ) (-5120 11312 -1440 ) 
4 1954 (-6144 11312 -1024 ) (-5120 11312 -1024 ) (-5120 11312 -1440 ) (-6144 11312 -1440 ) 
4 1955 (-5120 11264 2240 ) (-6144 11264 2240 ) (-6144 10240 2240 ) (-5120 10240 2240 ) 
4 1959 (-5120 10240 -1440 ) (-6144 10240 -1440 ) (-6144 11264 -1440 ) (-5120 11264 -1440 ) 
4 1960 (-5120 10240 2240 ) (-6144 10240 2240 ) (-6144 9216 2240 ) (-5120 9216 2240 ) 
4 1964 (-5120 9216 -1440 ) (-6144 9216 -1440 ) (-6144 10240 -1440 ) (-5120 10240 -1440 ) 
4 1965 (-5120 9216 2240 ) (-6144 9216 2240 ) (-6144 8192 2240 ) (-5120 8192 2240 ) 
4 1969 (-5120 8192 -1440 ) (-6144 8192 -1440 ) (-6144 9216 -1440 ) (-5120 9216 -1440 ) 
4 1970 (-5120 8192 2240 ) (-6144 8192 2240 ) (-6144 7168 2240 ) (-5120 7168 2240 ) 
4 1974 (-5120 7168 -1440 ) (-6144 7168 -1440 ) (-6144 8192 -1440 ) (-5120 8192 -1440 ) 
4 1975 (-5120 7168 2240 ) (-6144 7168 2240 ) (-6144 6144 2240 ) (-5120 6144 2240 ) 
4 1979 (-5120 6144 -1440 ) (-6144 6144 -1440 ) (-6144 7168 -1440 ) (-5120 7168 -1440 ) 
4 1980 (-5120 6144 2240 ) (-6144 6144 2240 ) (-6144 5120 2240 ) (-5120 5120 2240 ) 
4 1984 (-5120 5120 -1440 ) (-6144 5120 -1440 ) (-6144 6144 -1440 ) (-5120 6144 -1440 ) 
4 1985 (-5120 5120 2240 ) (-6144 5120 2240 ) (-6144 4096 2240 ) (-5120 4096 2240 ) 
4 1989 (-5120 4096 -1440 ) (-6144 4096 -1440 ) (-6144 5120 -1440 ) (-5120 5120 -1440 ) 
4 1990 (-5120 4096 2240 ) (-6144 4096 2240 ) (-6144 3072 2240 ) (-5120 3072 2240 ) 
4 1994 (-5120 3072 -1440 ) (-6144 3072 -1440 ) (-6144 4096 -1440 ) (-5120 4096 -1440 ) 
4 1995 (-5120 3072 2240 ) (-6144 3072 2240 ) (-6144 2048 2240 ) (-5120 2048 2240 ) 
4 1999 (-5120 2048 -1440 ) (-6144 2048 -1440 ) (-6144 3072 -1440 ) (-5120 3072 -1440 ) 
4 2000 (-5120 2048 2240 ) (-6144 2048 2240 ) (-6144 1024 2240 ) (-5120 1024 2240 ) 
4 2004 (-5120 1024 -1440 ) (-6144 1024 -1440 ) (-6144 2048 -1440 ) (-5120 2048 -1440 ) 
4 2005 (-5120 1024 2240 ) (-6144 1024 2240 ) (-6144 0 2240 ) (-5120 0 2240 ) 
4 2009 (-5120 0 -1440 ) (-6144 0 -1440 ) (-6144 1024 -1440 ) (-5120 1024 -1440 ) 
4 2010 (-5120 0 2240 ) (-6144 0 2240 ) (-6144 -1024 2240 ) (-5120 -1024 2240 ) 
4 2014 (-5120 -1024 -1440 ) (-6144 -1024 -1440 ) (-6144 0 -1440 ) (-5120 0 -1440 ) 
4 2015 (-5120 -1024 2240 ) (-6144 -1024 2240 ) (-6144 -2048 2240 ) (-5120 -2048 2240 ) 
4 2019 (-5120 -2048 -1440 ) (-6144 -2048 -1440 ) (-6144 -1024 -1440 ) (-5120 -1024 -1440 ) 
4 2020 (-5120 -2048 2240 ) (-6144 -2048 2240 ) (-6144 -3072 2240 ) (-5120 -3072 2240 ) 
4 2024 (-5120 -3072 -1440 ) (-6144 -3072 -1440 ) (-6144 -2048 -1440 ) (-5120 -2048 -1440 ) 
4 2025 (-5120 -3072 2240 ) (-6144 -3072 2240 ) (-6144 -4096 2240 ) (-5120 -4096 2240 ) 
4 2029 (-5120 -4096 -1440 ) (-6144 -4096 -1440 ) (-6144 -3072 -1440 ) (-5120 -3072 -1440 ) 
4 2030 (-5120 -4096 2240 ) (-6144 -4096 2240 ) (-6144 -5120 2240 ) (-5120 -5120 2240 ) 
4 2034 (-5120 -5120 -1440 ) (-6144 -5120 -1440 ) (-6144 -4096 -1440 ) (-5120 -4096 -1440 ) 
4 2035 (-5120 -5120 2240 ) (-6144 -5120 2240 ) (-6144 -6144 2240 ) (-5120 -6144 2240 ) 
4 2039 (-5120 -6144 -1440 ) (-6144 -6144 -1440 ) (-6144 -5120 -1440 ) (-5120 -5120 -1440 ) 
4 2040 (-5120 -6144 2240 ) (-6144 -6144 2240 ) (-6144 -7168 2240 ) (-5120 -7168 2240 ) 
4 2044 (-5120 -7168 -1440 ) (-6144 -7168 -1440 ) (-6144 -6144 -1440 ) (-5120 -6144 -1440 ) 
4 2045 (-5120 -7168 2240 ) (-6144 -7168 2240 ) (-6144 -8192 2240 ) (-5120 -8192 2240 ) 
4 2049 (-5120 -8192 -1440 ) (-6144 -8192 -1440 ) (-6144 -7168 -1440 ) (-5120 -7168 -1440 ) 
4 2050 (-5120 -8192 2240 ) (-6144 -8192 2240 ) (-6144 -9216 2240 ) (-5120 -9216 2240 ) 
4 2054 (-5120 -9216 -1440 ) (-6144 -9216 -1440 ) (-6144 -8192 -1440 ) (-5120 -8192 -1440 ) 
4 2055 (-5120 -9216 2240 ) (-6144 -9216 2240 ) (-6144 -10240 2240 ) (-5120 -10240 2240 ) 
4 2059 (-5120 -10240 -1440 ) (-6144 -10240 -1440 ) (-6144 -9216 -1440 ) (-5120 -9216 -1440 ) 
4 2060 (-5120 -10240 2240 ) (-6144 -10240 2240 ) (-6144 -11264 2240 ) (-5120 -11264 2240 ) 
4 2064 (-5120 -11264 -1440 ) (-6144 -11264 -1440 ) (-6144 -10240 -1440 ) (-5120 -10240 -1440 ) 
4 2065 (-5120 -11264 2240 ) (-6144 -11264 2240 ) (-6144 -12288 2240 ) (-5120 -12288 2240 ) 
4 2069 (-5120 -12288 -1440 ) (-6144 -12288 -1440 ) (-6144 -11264 -1440 ) (-5120 -11264 -1440 ) 
4 2070 (-5120 -12288 2240 ) (-6144 -12288 2240 ) (-6144 -13312 2240 ) (-5120 -13312 2240 ) 
4 2074 (-5120 -13312 -1440 ) (-6144 -13312 -1440 ) (-6144 -12288 -1440 ) (-5120 -12288 -1440 ) 
4 2075 (-5120 -13408 2240 ) (-5120 -13312 2240 ) (-6144 -13312 2240 ) (-6144 -13408 2240 ) 
4 2075 (-6144 -13408 2048 ) (-5120 -13408 2048 ) (-5120 -13408 2240 ) (-6144 -13408 2240 ) 
4 2076 (-6144 -13408 1024 ) (-5120 -13408 1024 ) (-5120 -13408 2048 ) (-6144 -13408 2048 ) 
4 2077 (-6144 -13408 0 ) (-5120 -13408 0 ) (-5120 -13408 1024 ) (-6144 -13408 1024 ) 
4 2078 (-6144 -13408 -1024 ) (-5120 -13408 -1024 ) (-5120 -13408 0 ) (-6144 -13408 0 ) 
4 2079 (-6144 -13408 -1440 ) (-6144 -13312 -1440 ) (-5120 -13312 -1440 ) (-5120 -13408 -1440 ) 
4 2079 (-6144 -13408 -1440 ) (-5120 -13408 -1440 ) (-5120 -13408 -1024 ) (-6144 -13408 -1024 ) 
4 2080 (-6144 11312 2240 ) (-6144 11312 2048 ) (-7168 11312 2048 ) (-7168 11312 2240 ) 
4 2080 (-6144 11312 2240 ) (-7168 11312 2240 ) (-7168 11264 2240 ) (-6144 11264 2240 ) 
4 2081 (-7168 11312 2048 ) (-6144 11312 2048 ) (-6144 11312 1024 ) (-7168 11312 1024 ) 
4 2082 (-7168 11312 1024 ) (-6144 11312 1024 ) (-6144 11312 0 ) (-7168 11312 0 ) 
4 2083 (-7168 11312 0 ) (-6144 11312 0 ) (-6144 11312 -1024 ) (-7168 11312 -1024 ) 
4 2084 (-7168 11312 -1440 ) (-7168 11312 -1024 ) (-6144 11312 -1024 ) (-6144 11312 -1440 ) 
4 2084 (-6144 11264 -1440 ) (-7168 11264 -1440 ) (-7168 11312 -1440 ) (-6144 11312 -1440 ) 
4 2085 (-6144 11264 2240 ) (-7168 11264 2240 ) (-7168 10240 2240 ) (-6144 10240 2240 ) 
4 2089 (-6144 10240 -1440 ) (-7168 10240 -1440 ) (-7168 11264 -1440 ) (-6144 11264 -1440 ) 
4 2090 (-6144 10240 2240 ) (-7168 10240 2240 ) (-7168 9216 2240 ) (-6144 9216 2240 ) 
4 2094 (-6144 9216 -1440 ) (-7168 9216 -1440 ) (-7168 10240 -1440 ) (-6144 10240 -1440 ) 
4 2095 (-6144 9216 2240 ) (-7168 9216 2240 ) (-7168 8192 2240 ) (-6144 8192 2240 ) 
4 2099 (-6144 8192 -1440 ) (-7168 8192 -1440 ) (-7168 9216 -1440 ) (-6144 9216 -1440 ) 
4 2100 (-6144 8192 2240 ) (-7168 8192 2240 ) (-7168 7168 2240 ) (-6144 7168 2240 ) 
4 2104 (-6144 7168 -1440 ) (-7168 7168 -1440 ) (-7168 8192 -1440 ) (-6144 8192 -1440 ) 
4 2105 (-6144 7168 2240 ) (-7168 7168 2240 ) (-7168 6144 2240 ) (-6144 6144 2240 ) 
4 2109 (-6144 6144 -1440 ) (-7168 6144 -1440 ) (-7168 7168 -1440 ) (-6144 7168 -1440 ) 
4 2110 (-6144 6144 2240 ) (-7168 6144 2240 ) (-7168 5120 2240 ) (-6144 5120 2240 ) 
4 2114 (-6144 5120 -1440 ) (-7168 5120 -1440 ) (-7168 6144 -1440 ) (-6144 6144 -1440 ) 
4 2115 (-6144 5120 2240 ) (-7168 5120 2240 ) (-7168 4096 2240 ) (-6144 4096 2240 ) 
4 2119 (-6144 4096 -1440 ) (-7168 4096 -1440 ) (-7168 5120 -1440 ) (-6144 5120 -1440 ) 
4 2120 (-6144 4096 2240 ) (-7168 4096 2240 ) (-7168 3072 2240 ) (-6144 3072 2240 ) 
4 2124 (-6144 3072 -1440 ) (-7168 3072 -1440 ) (-7168 4096 -1440 ) (-6144 4096 -1440 ) 
4 2125 (-6144 3072 2240 ) (-7168 3072 2240 ) (-7168 2048 2240 ) (-6144 2048 2240 ) 
4 2129 (-6144 2048 -1440 ) (-7168 2048 -1440 ) (-7168 3072 -1440 ) (-6144 3072 -1440 ) 
4 2130 (-6144 2048 2240 ) (-7168 2048 2240 ) (-7168 1024 2240 ) (-6144 1024 2240 ) 
4 2134 (-6144 1024 -1440 ) (-7168 1024 -1440 ) (-7168 2048 -1440 ) (-6144 2048 -1440 ) 
4 2135 (-6144 1024 2240 ) (-7168 1024 2240 ) (-7168 0 2240 ) (-6144 0 2240 ) 
4 2139 (-6144 0 -1440 ) (-7168 0 -1440 ) (-7168 1024 -1440 ) (-6144 1024 -1440 ) 
4 2140 (-6144 0 2240 ) (-7168 0 2240 ) (-7168 -1024 2240 ) (-6144 -1024 2240 ) 
4 2144 (-6144 -1024 -1440 ) (-7168 -1024 -1440 ) (-7168 0 -1440 ) (-6144 0 -1440 ) 
4 2145 (-6144 -1024 2240 ) (-7168 -1024 2240 ) (-7168 -2048 2240 ) (-6144 -2048 2240 ) 
4 2149 (-6144 -2048 -1440 ) (-7168 -2048 -1440 ) (-7168 -1024 -1440 ) (-6144 -1024 -1440 ) 
4 2150 (-6144 -2048 2240 ) (-7168 -2048 2240 ) (-7168 -3072 2240 ) (-6144 -3072 2240 ) 
4 2154 (-6144 -3072 -1440 ) (-7168 -3072 -1440 ) (-7168 -2048 -1440 ) (-6144 -2048 -1440 ) 
4 2155 (-6144 -3072 2240 ) (-7168 -3072 2240 ) (-7168 -4096 2240 ) (-6144 -4096 2240 ) 
4 2159 (-6144 -4096 -1440 ) (-7168 -4096 -1440 ) (-7168 -3072 -1440 ) (-6144 -3072 -1440 ) 
4 2160 (-6144 -4096 2240 ) (-7168 -4096 2240 ) (-7168 -5120 2240 ) (-6144 -5120 2240 ) 
4 2164 (-6144 -5120 -1440 ) (-7168 -5120 -1440 ) (-7168 -4096 -1440 ) (-6144 -4096 -1440 ) 
4 2165 (-6144 -5120 2240 ) (-7168 -5120 2240 ) (-7168 -6144 2240 ) (-6144 -6144 2240 ) 
4 2169 (-6144 -6144 -1440 ) (-7168 -6144 -1440 ) (-7168 -5120 -1440 ) (-6144 -5120 -1440 ) 
4 2170 (-6144 -6144 2240 ) (-7168 -6144 2240 ) (-7168 -7168 2240 ) (-6144 -7168 2240 ) 
4 2174 (-6144 -7168 -1440 ) (-7168 -7168 -1440 ) (-7168 -6144 -1440 ) (-6144 -6144 -1440 ) 
4 2175 (-6144 -7168 2240 ) (-7168 -7168 2240 ) (-7168 -8192 2240 ) (-6144 -8192 2240 ) 
4 2179 (-6144 -8192 -1440 ) (-7168 -8192 -1440 ) (-7168 -7168 -1440 ) (-6144 -7168 -1440 ) 
4 2180 (-6144 -8192 2240 ) (-7168 -8192 2240 ) (-7168 -9216 2240 ) (-6144 -9216 2240 ) 
4 2184 (-6144 -9216 -1440 ) (-7168 -9216 -1440 ) (-7168 -8192 -1440 ) (-6144 -8192 -1440 ) 
4 2185 (-6144 -9216 2240 ) (-7168 -9216 2240 ) (-7168 -10240 2240 ) (-6144 -10240 2240 ) 
4 2189 (-6144 -10240 -1440 ) (-7168 -10240 -1440 ) (-7168 -9216 -1440 ) (-6144 -9216 -1440 ) 
4 2190 (-6144 -10240 2240 ) (-7168 -10240 2240 ) (-7168 -11264 2240 ) (-6144 -11264 2240 ) 
4 2194 (-6144 -11264 -1440 ) (-7168 -11264 -1440 ) (-7168 -10240 -1440 ) (-6144 -10240 -1440 ) 
4 2195 (-6144 -11264 2240 ) (-7168 -11264 2240 ) (-7168 -12288 2240 ) (-6144 -12288 2240 ) 
4 2199 (-6144 -12288 -1440 ) (-7168 -12288 -1440 ) (-7168 -11264 -1440 ) (-6144 -11264 -1440 ) 
4 2200 (-6144 -12288 2240 ) (-7168 -12288 2240 ) (-7168 -13312 2240 ) (-6144 -13312 2240 ) 
4 2204 (-6144 -13312 -1440 ) (-7168 -13312 -1440 ) (-7168 -12288 -1440 ) (-6144 -12288 -1440 ) 
4 2205 (-7168 -13408 2240 ) (-7168 -13408 2048 ) (-6144 -13408 2048 ) (-6144 -13408 2240 ) 
4 2205 (-6144 -13312 2240 ) (-7168 -13312 2240 ) (-7168 -13408 2240 ) (-6144 -13408 2240 ) 
4 2206 (-7168 -13408 1024 ) (-6144 -13408 1024 ) (-6144 -13408 2048 ) (-7168 -13408 2048 ) 
4 2207 (-7168 -13408 0 ) (-6144 -13408 0 ) (-6144 -13408 1024 ) (-7168 -13408 1024 ) 
4 2208 (-7168 -13408 -1024 ) (-6144 -13408 -1024 ) (-6144 -13408 0 ) (-7168 -13408 0 ) 
4 2209 (-6144 -13408 -1440 ) (-6144 -13408 -1024 ) (-7168 -13408 -1024 ) (-7168 -13408 -1440 ) 
4 2209 (-6144 -13408 -1440 ) (-7168 -13408 -1440 ) (-7168 -13312 -1440 ) (-6144 -13312 -1440 ) 
4 2210 (-7168 11312 2240 ) (-8192 11312 2240 ) (-8192 11264 2240 ) (-7168 11264 2240 ) 
4 2210 (-8192 11312 2240 ) (-7168 11312 2240 ) (-7168 11312 2048 ) (-8192 11312 2048 ) 
4 2211 (-8192 11312 2048 ) (-7168 11312 2048 ) (-7168 11312 1024 ) (-8192 11312 1024 ) 
4 2212 (-8192 11312 1024 ) (-7168 11312 1024 ) (-7168 11312 0 ) (-8192 11312 0 ) 
4 2213 (-8192 11312 0 ) (-7168 11312 0 ) (-7168 11312 -1024 ) (-8192 11312 -1024 ) 
4 2214 (-7168 11264 -1440 ) (-8192 11264 -1440 ) (-8192 11312 -1440 ) (-7168 11312 -1440 ) 
4 2214 (-8192 11312 -1024 ) (-7168 11312 -1024 ) (-7168 11312 -1440 ) (-8192 11312 -1440 ) 
4 2215 (-7168 11264 2240 ) (-8192 11264 2240 ) (-8192 10240 2240 ) (-7168 10240 2240 ) 
4 2219 (-7168 10240 -1440 ) (-8192 10240 -1440 ) (-8192 11264 -1440 ) (-7168 11264 -1440 ) 
4 2220 (-7168 10240 2240 ) (-8192 10240 2240 ) (-8192 9216 2240 ) (-7168 9216 2240 ) 
4 2224 (-7168 9216 -1440 ) (-8192 9216 -1440 ) (-8192 10240 -1440 ) (-7168 10240 -1440 ) 
4 2225 (-7168 9216 2240 ) (-8192 9216 2240 ) (-8192 8192 2240 ) (-7168 8192 2240 ) 
4 2229 (-7168 8192 -1440 ) (-8192 8192 -1440 ) (-8192 9216 -1440 ) (-7168 9216 -1440 ) 
4 2230 (-7168 8192 2240 ) (-8192 8192 2240 ) (-8192 7168 2240 ) (-7168 7168 2240 ) 
4 2234 (-7168 7168 -1440 ) (-8192 7168 -1440 ) (-8192 8192 -1440 ) (-7168 8192 -1440 ) 
4 2235 (-7168 7168 2240 ) (-8192 7168 2240 ) (-8192 6144 2240 ) (-7168 6144 2240 ) 
4 2239 (-7168 6144 -1440 ) (-8192 6144 -1440 ) (-8192 7168 -1440 ) (-7168 7168 -1440 ) 
4 2240 (-7168 6144 2240 ) (-8192 6144 2240 ) (-8192 5120 2240 ) (-7168 5120 2240 ) 
4 2244 (-7168 5120 -1440 ) (-8192 5120 -1440 ) (-8192 6144 -1440 ) (-7168 6144 -1440 ) 
4 2245 (-7168 5120 2240 ) (-8192 5120 2240 ) (-8192 4096 2240 ) (-7168 4096 2240 ) 
4 2249 (-7168 4096 -1440 ) (-8192 4096 -1440 ) (-8192 5120 -1440 ) (-7168 5120 -1440 ) 
4 2250 (-7168 4096 2240 ) (-8192 4096 2240 ) (-8192 3072 2240 ) (-7168 3072 2240 ) 
4 2254 (-7168 3072 -1440 ) (-8192 3072 -1440 ) (-8192 4096 -1440 ) (-7168 4096 -1440 ) 
4 2255 (-7168 3072 2240 ) (-8192 3072 2240 ) (-8192 2048 2240 ) (-7168 2048 2240 ) 
4 2259 (-7168 2048 -1440 ) (-8192 2048 -1440 ) (-8192 3072 -1440 ) (-7168 3072 -1440 ) 
4 2260 (-7168 2048 2240 ) (-8192 2048 2240 ) (-8192 1024 2240 ) (-7168 1024 2240 ) 
4 2264 (-7168 1024 -1440 ) (-8192 1024 -1440 ) (-8192 2048 -1440 ) (-7168 2048 -1440 ) 
4 2265 (-7168 1024 2240 ) (-8192 1024 2240 ) (-8192 0 2240 ) (-7168 0 2240 ) 
4 2269 (-7168 0 -1440 ) (-8192 0 -1440 ) (-8192 1024 -1440 ) (-7168 1024 -1440 ) 
4 2270 (-7168 0 2240 ) (-8192 0 2240 ) (-8192 -1024 2240 ) (-7168 -1024 2240 ) 
4 2274 (-7168 -1024 -1440 ) (-8192 -1024 -1440 ) (-8192 0 -1440 ) (-7168 0 -1440 ) 
4 2275 (-7168 -1024 2240 ) (-8192 -1024 2240 ) (-8192 -2048 2240 ) (-7168 -2048 2240 ) 
4 2279 (-7168 -2048 -1440 ) (-8192 -2048 -1440 ) (-8192 -1024 -1440 ) (-7168 -1024 -1440 ) 
4 2280 (-7168 -2048 2240 ) (-8192 -2048 2240 ) (-8192 -3072 2240 ) (-7168 -3072 2240 ) 
4 2284 (-7168 -3072 -1440 ) (-8192 -3072 -1440 ) (-8192 -2048 -1440 ) (-7168 -2048 -1440 ) 
4 2285 (-7168 -3072 2240 ) (-8192 -3072 2240 ) (-8192 -4096 2240 ) (-7168 -4096 2240 ) 
4 2289 (-7168 -4096 -1440 ) (-8192 -4096 -1440 ) (-8192 -3072 -1440 ) (-7168 -3072 -1440 ) 
4 2290 (-7168 -4096 2240 ) (-8192 -4096 2240 ) (-8192 -5120 2240 ) (-7168 -5120 2240 ) 
4 2294 (-7168 -5120 -1440 ) (-8192 -5120 -1440 ) (-8192 -4096 -1440 ) (-7168 -4096 -1440 ) 
4 2295 (-7168 -5120 2240 ) (-8192 -5120 2240 ) (-8192 -6144 2240 ) (-7168 -6144 2240 ) 
4 2299 (-7168 -6144 -1440 ) (-8192 -6144 -1440 ) (-8192 -5120 -1440 ) (-7168 -5120 -1440 ) 
4 2300 (-7168 -6144 2240 ) (-8192 -6144 2240 ) (-8192 -7168 2240 ) (-7168 -7168 2240 ) 
4 2304 (-7168 -7168 -1440 ) (-8192 -7168 -1440 ) (-8192 -6144 -1440 ) (-7168 -6144 -1440 ) 
4 2305 (-7168 -7168 2240 ) (-8192 -7168 2240 ) (-8192 -8192 2240 ) (-7168 -8192 2240 ) 
4 2309 (-7168 -8192 -1440 ) (-8192 -8192 -1440 ) (-8192 -7168 -1440 ) (-7168 -7168 -1440 ) 
4 2310 (-7168 -8192 2240 ) (-8192 -8192 2240 ) (-8192 -9216 2240 ) (-7168 -9216 2240 ) 
4 2314 (-7168 -9216 -1440 ) (-8192 -9216 -1440 ) (-8192 -8192 -1440 ) (-7168 -8192 -1440 ) 
4 2315 (-7168 -9216 2240 ) (-8192 -9216 2240 ) (-8192 -10240 2240 ) (-7168 -10240 2240 ) 
4 2319 (-7168 -10240 -1440 ) (-8192 -10240 -1440 ) (-8192 -9216 -1440 ) (-7168 -9216 -1440 ) 
4 2320 (-7168 -10240 2240 ) (-8192 -10240 2240 ) (-8192 -11264 2240 ) (-7168 -11264 2240 ) 
4 2324 (-7168 -11264 -1440 ) (-8192 -11264 -1440 ) (-8192 -10240 -1440 ) (-7168 -10240 -1440 ) 
4 2325 (-7168 -11264 2240 ) (-8192 -11264 2240 ) (-8192 -12288 2240 ) (-7168 -12288 2240 ) 
4 2329 (-7168 -12288 -1440 ) (-8192 -12288 -1440 ) (-8192 -11264 -1440 ) (-7168 -11264 -1440 ) 
4 2330 (-7168 -12288 2240 ) (-8192 -12288 2240 ) (-8192 -13312 2240 ) (-7168 -13312 2240 ) 
4 2334 (-7168 -13312 -1440 ) (-8192 -13312 -1440 ) (-8192 -12288 -1440 ) (-7168 -12288 -1440 ) 
4 2335 (-7168 -13408 2240 ) (-7168 -13312 2240 ) (-8192 -13312 2240 ) (-8192 -13408 2240 ) 
4 2335 (-8192 -13408 2048 ) (-7168 -13408 2048 ) (-7168 -13408 2240 ) (-8192 -13408 2240 ) 
4 2336 (-8192 -13408 1024 ) (-7168 -13408 1024 ) (-7168 -13408 2048 ) (-8192 -13408 2048 ) 
4 2337 (-8192 -13408 0 ) (-7168 -13408 0 ) (-7168 -13408 1024 ) (-8192 -13408 1024 ) 
4 2338 (-8192 -13408 -1024 ) (-7168 -13408 -1024 ) (-7168 -13408 0 ) (-8192 -13408 0 ) 
4 2339 (-8192 -13408 -1440 ) (-8192 -13312 -1440 ) (-7168 -13312 -1440 ) (-7168 -13408 -1440 ) 
4 2339 (-8192 -13408 -1440 ) (-7168 -13408 -1440 ) (-7168 -13408 -1024 ) (-8192 -13408 -1024 ) 
4 2340 (-8192 11312 2240 ) (-8192 11312 2048 ) (-9216 11312 2048 ) (-9216 11312 2240 ) 
4 2340 (-8192 11312 2240 ) (-9216 11312 2240 ) (-9216 11264 2240 ) (-8192 11264 2240 ) 
4 2341 (-9216 11312 2048 ) (-8192 11312 2048 ) (-8192 11312 1024 ) (-9216 11312 1024 ) 
4 2342 (-9216 11312 1024 ) (-8192 11312 1024 ) (-8192 11312 0 ) (-9216 11312 0 ) 
4 2343 (-9216 11312 0 ) (-8192 11312 0 ) (-8192 11312 -1024 ) (-9216 11312 -1024 ) 
4 2344 (-9216 11312 -1440 ) (-9216 11312 -1024 ) (-8192 11312 -1024 ) (-8192 11312 -1440 ) 
4 2344 (-8192 11264 -1440 ) (-9216 11264 -1440 ) (-9216 11312 -1440 ) (-8192 11312 -1440 ) 
4 2345 (-8192 11264 2240 ) (-9216 11264 2240 ) (-9216 10240 2240 ) (-8192 10240 2240 ) 
4 2349 (-8192 10240 -1440 ) (-9216 10240 -1440 ) (-9216 11264 -1440 ) (-8192 11264 -1440 ) 
4 2350 (-8192 10240 2240 ) (-9216 10240 2240 ) (-9216 9216 2240 ) (-8192 9216 2240 ) 
4 2354 (-8192 9216 -1440 ) (-9216 9216 -1440 ) (-9216 10240 -1440 ) (-8192 10240 -1440 ) 
4 2355 (-8192 9216 2240 ) (-9216 9216 2240 ) (-9216 8192 2240 ) (-8192 8192 2240 ) 
4 2359 (-8192 8192 -1440 ) (-9216 8192 -1440 ) (-9216 9216 -1440 ) (-8192 9216 -1440 ) 
4 2360 (-8192 8192 2240 ) (-9216 8192 2240 ) (-9216 7168 2240 ) (-8192 7168 2240 ) 
4 2364 (-8192 7168 -1440 ) (-9216 7168 -1440 ) (-9216 8192 -1440 ) (-8192 8192 -1440 ) 
4 2365 (-8192 7168 2240 ) (-9216 7168 2240 ) (-9216 6144 2240 ) (-8192 6144 2240 ) 
4 2369 (-8192 6144 -1440 ) (-9216 6144 -1440 ) (-9216 7168 -1440 ) (-8192 7168 -1440 ) 
4 2370 (-8192 6144 2240 ) (-9216 6144 2240 ) (-9216 5120 2240 ) (-8192 5120 2240 ) 
4 2374 (-8192 5120 -1440 ) (-9216 5120 -1440 ) (-9216 6144 -1440 ) (-8192 6144 -1440 ) 
4 2375 (-8192 5120 2240 ) (-9216 5120 2240 ) (-9216 4096 2240 ) (-8192 4096 2240 ) 
4 2379 (-8192 4096 -1440 ) (-9216 4096 -1440 ) (-9216 5120 -1440 ) (-8192 5120 -1440 ) 
4 2380 (-8192 4096 2240 ) (-9216 4096 2240 ) (-9216 3072 2240 ) (-8192 3072 2240 ) 
4 2384 (-8192 3072 -1440 ) (-9216 3072 -1440 ) (-9216 4096 -1440 ) (-8192 4096 -1440 ) 
4 2385 (-8192 3072 2240 ) (-9216 3072 2240 ) (-9216 2048 2240 ) (-8192 2048 2240 ) 
4 2389 (-8192 2048 -1440 ) (-9216 2048 -1440 ) (-9216 3072 -1440 ) (-8192 3072 -1440 ) 
4 2390 (-8192 2048 2240 ) (-9216 2048 2240 ) (-9216 1024 2240 ) (-8192 1024 2240 ) 
4 2394 (-8192 1024 -1440 ) (-9216 1024 -1440 ) (-9216 2048 -1440 ) (-8192 2048 -1440 ) 
4 2395 (-8192 1024 2240 ) (-9216 1024 2240 ) (-9216 0 2240 ) (-8192 0 2240 ) 
4 2399 (-8192 0 -1440 ) (-9216 0 -1440 ) (-9216 1024 -1440 ) (-8192 1024 -1440 ) 
4 2400 (-8192 0 2240 ) (-9216 0 2240 ) (-9216 -1024 2240 ) (-8192 -1024 2240 ) 
4 2404 (-8192 -1024 -1440 ) (-9216 -1024 -1440 ) (-9216 0 -1440 ) (-8192 0 -1440 ) 
4 2405 (-8192 -1024 2240 ) (-9216 -1024 2240 ) (-9216 -2048 2240 ) (-8192 -2048 2240 ) 
4 2409 (-8192 -2048 -1440 ) (-9216 -2048 -1440 ) (-9216 -1024 -1440 ) (-8192 -1024 -1440 ) 
4 2410 (-8192 -2048 2240 ) (-9216 -2048 2240 ) (-9216 -3072 2240 ) (-8192 -3072 2240 ) 
4 2414 (-8192 -3072 -1440 ) (-9216 -3072 -1440 ) (-9216 -2048 -1440 ) (-8192 -2048 -1440 ) 
4 2415 (-8192 -3072 2240 ) (-9216 -3072 2240 ) (-9216 -4096 2240 ) (-8192 -4096 2240 ) 
4 2419 (-8192 -4096 -1440 ) (-9216 -4096 -1440 ) (-9216 -3072 -1440 ) (-8192 -3072 -1440 ) 
4 2420 (-8192 -4096 2240 ) (-9216 -4096 2240 ) (-9216 -5120 2240 ) (-8192 -5120 2240 ) 
4 2424 (-8192 -5120 -1440 ) (-9216 -5120 -1440 ) (-9216 -4096 -1440 ) (-8192 -4096 -1440 ) 
4 2425 (-8192 -5120 2240 ) (-9216 -5120 2240 ) (-9216 -6144 2240 ) (-8192 -6144 2240 ) 
4 2429 (-8192 -6144 -1440 ) (-9216 -6144 -1440 ) (-9216 -5120 -1440 ) (-8192 -5120 -1440 ) 
4 2430 (-8192 -6144 2240 ) (-9216 -6144 2240 ) (-9216 -7168 2240 ) (-8192 -7168 2240 ) 
4 2434 (-8192 -7168 -1440 ) (-9216 -7168 -1440 ) (-9216 -6144 -1440 ) (-8192 -6144 -1440 ) 
4 2435 (-8192 -7168 2240 ) (-9216 -7168 2240 ) (-9216 -8192 2240 ) (-8192 -8192 2240 ) 
4 2439 (-8192 -8192 -1440 ) (-9216 -8192 -1440 ) (-9216 -7168 -1440 ) (-8192 -7168 -1440 ) 
4 2440 (-8192 -8192 2240 ) (-9216 -8192 2240 ) (-9216 -9216 2240 ) (-8192 -9216 2240 ) 
4 2444 (-8192 -9216 -1440 ) (-9216 -9216 -1440 ) (-9216 -8192 -1440 ) (-8192 -8192 -1440 ) 
4 2445 (-8192 -9216 2240 ) (-9216 -9216 2240 ) (-9216 -10240 2240 ) (-8192 -10240 2240 ) 
4 2449 (-8192 -10240 -1440 ) (-9216 -10240 -1440 ) (-9216 -9216 -1440 ) (-8192 -9216 -1440 ) 
4 2450 (-8192 -10240 2240 ) (-9216 -10240 2240 ) (-9216 -11264 2240 ) (-8192 -11264 2240 ) 
4 2454 (-8192 -11264 -1440 ) (-9216 -11264 -1440 ) (-9216 -10240 -1440 ) (-8192 -10240 -1440 ) 
4 2455 (-8192 -11264 2240 ) (-9216 -11264 2240 ) (-9216 -12288 2240 ) (-8192 -12288 2240 ) 
4 2459 (-8192 -12288 -1440 ) (-9216 -12288 -1440 ) (-9216 -11264 -1440 ) (-8192 -11264 -1440 ) 
4 2460 (-8192 -12288 2240 ) (-9216 -12288 2240 ) (-9216 -13312 2240 ) (-8192 -13312 2240 ) 
4 2464 (-8192 -13312 -1440 ) (-9216 -13312 -1440 ) (-9216 -12288 -1440 ) (-8192 -12288 -1440 ) 
4 2465 (-9216 -13408 2240 ) (-9216 -13408 2048 ) (-8192 -13408 2048 ) (-8192 -13408 2240 ) 
4 2465 (-8192 -13312 2240 ) (-9216 -13312 2240 ) (-9216 -13408 2240 ) (-8192 -13408 2240 ) 
4 2466 (-9216 -13408 1024 ) (-8192 -13408 1024 ) (-8192 -13408 2048 ) (-9216 -13408 2048 ) 
4 2467 (-9216 -13408 0 ) (-8192 -13408 0 ) (-8192 -13408 1024 ) (-9216 -13408 1024 ) 
4 2468 (-9216 -13408 -1024 ) (-8192 -13408 -1024 ) (-8192 -13408 0 ) (-9216 -13408 0 ) 
4 2469 (-8192 -13408 -1440 ) (-8192 -13408 -1024 ) (-9216 -13408 -1024 ) (-9216 -13408 -1440 ) 
4 2469 (-8192 -13408 -1440 ) (-9216 -13408 -1440 ) (-9216 -13312 -1440 ) (-8192 -13312 -1440 ) 
4 2470 (-9711.190430 11312 2240 ) (-9216 11312 2240 ) (-9216 11312 2048 ) (-9707.949219 11312 2048 ) 
4 2470 (-9216 11312 2240 ) (-9711.190430 11312 2240 ) (-9711.190430 11264 2240 ) (-9216 11264 2240 ) 
4 2470 (-9711.190430 11312 2240 ) (-9707.950195 11312 2048 ) (-9707.950195 11264 2048 ) (-9711.190430 11264 2240 ) 
4 2471 (-9707.949219 11312 2048 ) (-9216 11312 2048 ) (-9216 11312 1024 ) (-9690.666992 11312 1024 ) 
4 2471 (-9707.949219 11312 2048 ) (-9690.666992 11312 1024 ) (-9690.666992 11264 1024 ) (-9707.949219 11264 2048 ) 
4 2472 (-9690.666992 11312 1024 ) (-9216 11312 1024 ) (-9216 11312 0 ) (-9673.383789 11312 0 ) 
4 2472 (-9690.666992 11312 1024 ) (-9673.384766 11312 0 ) (-9673.384766 11264 0 ) (-9690.666992 11264 1024 ) 
4 2473 (-9673.383789 11312 0 ) (-9216 11312 0 ) (-9216 11312 -1024 ) (-9656.101562 11312 -1024 ) 
4 2473 (-9673.383789 11312 0 ) (-9656.101562 11312 -1024 ) (-9656.101562 11264 -1024 ) (-9673.383789 11264 0 ) 
4 2474 (-9656.101562 11312 -1024 ) (-9216 11312 -1024 ) (-9216 11312 -1440 ) (-9649.080078 11312 -1440 ) 
4 2474 (-9216 11264 -1440 ) (-9649.080078 11264 -1440 ) (-9649.080078 11312 -1440 ) (-9216 11312 -1440 ) 
4 2474 (-9656.101562 11312 -1024 ) (-9649.080078 11312 -1440 ) (-9649.080078 11264 -1440 ) (-9656.101562 11264 -1024 ) 
4 2475 (-9216 11264 2240 ) (-9711.190430 11264 2240 ) (-9711.190430 10240 2240 ) (-9216 10240 2240 ) 
4 2475 (-9707.950195 11264 2048 ) (-9707.950195 10240 2048 ) (-9711.190430 10240 2240 ) (-9711.190430 11264 2240 ) 
4 2476 (-9690.666992 11264 1024 ) (-9690.666992 10240 1024 ) (-9707.949219 10240 2048 ) (-9707.949219 11264 2048 ) 
4 2477 (-9673.384766 11264 0 ) (-9673.384766 10240 0 ) (-9690.666992 10240 1024 ) (-9690.666992 11264 1024 ) 
4 2478 (-9656.101562 11264 -1024 ) (-9656.101562 10240 -1024 ) (-9673.383789 10240 0 ) (-9673.383789 11264 0 ) 
4 2479 (-9216 10240 -1440 ) (-9649.080078 10240 -1440 ) (-9649.080078 11264 -1440 ) (-9216 11264 -1440 ) 
4 2479 (-9649.080078 11264 -1440 ) (-9649.080078 10240 -1440 ) (-9656.101562 10240 -1024 ) (-9656.101562 11264 -1024 ) 
4 2480 (-9216 10240 2240 ) (-9711.190430 10240 2240 ) (-9711.190430 9216 2240 ) (-9216 9216 2240 ) 
4 2480 (-9707.950195 10240 2048 ) (-9707.950195 9216 2048 ) (-9711.190430 9216 2240 ) (-9711.190430 10240 2240 ) 
4 2481 (-9690.666992 10240 1024 ) (-9690.666992 9216 1024 ) (-9707.949219 9216 2048 ) (-9707.949219 10240 2048 ) 
4 2482 (-9673.384766 10240 0 ) (-9673.384766 9216 0 ) (-9690.666992 9216 1024 ) (-9690.666992 10240 1024 ) 
4 2483 (-9656.101562 10240 -1024 ) (-9656.101562 9216 -1024 ) (-9673.383789 9216 0 ) (-9673.383789 10240 0 ) 
4 2484 (-9216 9216 -1440 ) (-9649.080078 9216 -1440 ) (-9649.080078 10240 -1440 ) (-9216 10240 -1440 ) 
4 2484 (-9649.080078 10240 -1440 ) (-9649.080078 9216 -1440 ) (-9656.101562 9216 -1024 ) (-9656.101562 10240 -1024 ) 
4 2485 (-9216 9216 2240 ) (-9711.190430 9216 2240 ) (-9711.190430 8192 2240 ) (-9216 8192 2240 ) 
4 2485 (-9707.950195 9216 2048 ) (-9707.950195 8192 2048 ) (-9711.190430 8192 2240 ) (-9711.190430 9216 2240 ) 
4 2486 (-9690.666992 9216 1024 ) (-9690.666992 8192 1024 ) (-9707.949219 8192 2048 ) (-9707.949219 9216 2048 ) 
4 2487 (-9673.384766 9216 0 ) (-9673.384766 8192 0 ) (-9690.666992 8192 1024 ) (-9690.666992 9216 1024 ) 
4 2488 (-9656.101562 9216 -1024 ) (-9656.101562 8192 -1024 ) (-9673.383789 8192 0 ) (-9673.383789 9216 0 ) 
4 2489 (-9216 8192 -1440 ) (-9649.080078 8192 -1440 ) (-9649.080078 9216 -1440 ) (-9216 9216 -1440 ) 
4 2489 (-9649.080078 9216 -1440 ) (-9649.080078 8192 -1440 ) (-9656.101562 8192 -1024 ) (-9656.101562 9216 -1024 ) 
4 2490 (-9216 8192 2240 ) (-9711.190430 8192 2240 ) (-9711.190430 7168 2240 ) (-9216 7168 2240 ) 
4 2490 (-9707.950195 8192 2048 ) (-9707.950195 7168 2048 ) (-9711.190430 7168 2240 ) (-9711.190430 8192 2240 ) 
4 2491 (-9690.666992 8192 1024 ) (-9690.666992 7168 1024 ) (-9707.949219 7168 2048 ) (-9707.949219 8192 2048 ) 
4 2492 (-9673.384766 8192 0 ) (-9673.384766 7168 0 ) (-9690.666992 7168 1024 ) (-9690.666992 8192 1024 ) 
4 2493 (-9656.101562 8192 -1024 ) (-9656.101562 7168 -1024 ) (-9673.383789 7168 0 ) (-9673.383789 8192 0 ) 
4 2494 (-9216 7168 -1440 ) (-9649.080078 7168 -1440 ) (-9649.080078 8192 -1440 ) (-9216 8192 -1440 ) 
4 2494 (-9649.080078 8192 -1440 ) (-9649.080078 7168 -1440 ) (-9656.101562 7168 -1024 ) (-9656.101562 8192 -1024 ) 
4 2495 (-9216 7168 2240 ) (-9711.190430 7168 2240 ) (-9711.190430 6144 2240 ) (-9216 6144 2240 ) 
4 2495 (-9707.950195 7168 2048 ) (-9707.950195 6144 2048 ) (-9711.190430 6144 2240 ) (-9711.190430 7168 2240 ) 
4 2496 (-9690.666992 7168 1024 ) (-9690.666992 6144 1024 ) (-9707.949219 6144 2048 ) (-9707.949219 7168 2048 ) 
4 2497 (-9673.384766 7168 0 ) (-9673.384766 6144 0 ) (-9690.666992 6144 1024 ) (-9690.666992 7168 1024 ) 
4 2498 (-9656.101562 7168 -1024 ) (-9656.101562 6144 -1024 ) (-9673.383789 6144 0 ) (-9673.383789 7168 0 ) 
4 2499 (-9216 6144 -1440 ) (-9649.080078 6144 -1440 ) (-9649.080078 7168 -1440 ) (-9216 7168 -1440 ) 
4 2499 (-9649.080078 7168 -1440 ) (-9649.080078 6144 -1440 ) (-9656.101562 6144 -1024 ) (-9656.101562 7168 -1024 ) 
4 2500 (-9216 6144 2240 ) (-9711.190430 6144 2240 ) (-9711.190430 5120 2240 ) (-9216 5120 2240 ) 
4 2500 (-9707.950195 6144 2048 ) (-9707.950195 5120 2048 ) (-9711.190430 5120 2240 ) (-9711.190430 6144 2240 ) 
4 2501 (-9690.666992 6144 1024 ) (-9690.666992 5120 1024 ) (-9707.949219 5120 2048 ) (-9707.949219 6144 2048 ) 
4 2502 (-9673.384766 6144 0 ) (-9673.384766 5120 0 ) (-9690.666992 5120 1024 ) (-9690.666992 6144 1024 ) 
4 2503 (-9656.101562 6144 -1024 ) (-9656.101562 5120 -1024 ) (-9673.383789 5120 0 ) (-9673.383789 6144 0 ) 
4 2504 (-9216 5120 -1440 ) (-9649.080078 5120 -1440 ) (-9649.080078 6144 -1440 ) (-9216 6144 -1440 ) 
4 2504 (-9649.080078 6144 -1440 ) (-9649.080078 5120 -1440 ) (-9656.101562 5120 -1024 ) (-9656.101562 6144 -1024 ) 
4 2505 (-9216 5120 2240 ) (-9711.190430 5120 2240 ) (-9711.190430 4096 2240 ) (-9216 4096 2240 ) 
4 2505 (-9707.950195 5120 2048 ) (-9707.950195 4096 2048 ) (-9711.190430 4096 2240 ) (-9711.190430 5120 2240 ) 
4 2506 (-9690.666992 5120 1024 ) (-9690.666992 4096 1024 ) (-9707.949219 4096 2048 ) (-9707.949219 5120 2048 ) 
4 2507 (-9673.384766 5120 0 ) (-9673.384766 4096 0 ) (-9690.666992 4096 1024 ) (-9690.666992 5120 1024 ) 
4 2508 (-9656.101562 5120 -1024 ) (-9656.101562 4096 -1024 ) (-9673.383789 4096 0 ) (-9673.383789 5120 0 ) 
4 2509 (-9216 4096 -1440 ) (-9649.080078 4096 -1440 ) (-9649.080078 5120 -1440 ) (-9216 5120 -1440 ) 
4 2509 (-9649.080078 5120 -1440 ) (-9649.080078 4096 -1440 ) (-9656.101562 4096 -1024 ) (-9656.101562 5120 -1024 ) 
4 2510 (-9216 4096 2240 ) (-9711.190430 4096 2240 ) (-9711.190430 3072 2240 ) (-9216 3072 2240 ) 
4 2510 (-9707.950195 4096 2048 ) (-9707.950195 3072 2048 ) (-9711.190430 3072 2240 ) (-9711.190430 4096 2240 ) 
4 2511 (-9690.666992 4096 1024 ) (-9690.666992 3072 1024 ) (-9707.949219 3072 2048 ) (-9707.949219 4096 2048 ) 
4 2512 (-9673.384766 4096 0 ) (-9673.384766 3072 0 ) (-9690.666992 3072 1024 ) (-9690.666992 4096 1024 ) 
4 2513 (-9656.101562 4096 -1024 ) (-9656.101562 3072 -1024 ) (-9673.383789 3072 0 ) (-9673.383789 4096 0 ) 
4 2514 (-9216 3072 -1440 ) (-9649.080078 3072 -1440 ) (-9649.080078 4096 -1440 ) (-9216 4096 -1440 ) 
4 2514 (-9649.080078 4096 -1440 ) (-9649.080078 3072 -1440 ) (-9656.101562 3072 -1024 ) (-9656.101562 4096 -1024 ) 
4 2515 (-9216 3072 2240 ) (-9711.190430 3072 2240 ) (-9711.190430 2048 2240 ) (-9216 2048 2240 ) 
4 2515 (-9707.950195 3072 2048 ) (-9707.950195 2048 2048 ) (-9711.190430 2048 2240 ) (-9711.190430 3072 2240 ) 
4 2516 (-9690.666992 3072 1024 ) (-9690.666992 2048 1024 ) (-9707.949219 2048 2048 ) (-9707.949219 3072 2048 ) 
4 2517 (-9673.384766 3072 0 ) (-9673.384766 2048 0 ) (-9690.666992 2048 1024 ) (-9690.666992 3072 1024 ) 
4 2518 (-9656.101562 3072 -1024 ) (-9656.101562 2048 -1024 ) (-9673.383789 2048 0 ) (-9673.383789 3072 0 ) 
4 2519 (-9216 2048 -1440 ) (-9649.080078 2048 -1440 ) (-9649.080078 3072 -1440 ) (-9216 3072 -1440 ) 
4 2519 (-9649.080078 3072 -1440 ) (-9649.080078 2048 -1440 ) (-9656.101562 2048 -1024 ) (-9656.101562 3072 -1024 ) 
4 2520 (-9216 2048 2240 ) (-9711.190430 2048 2240 ) (-9711.190430 1024 2240 ) (-9216 1024 2240 ) 
4 2520 (-9707.950195 2048 2048 ) (-9707.950195 1024 2048 ) (-9711.190430 1024 2240 ) (-9711.190430 2048 2240 ) 
4 2521 (-9690.666992 2048 1024 ) (-9690.666992 1024 1024 ) (-9707.949219 1024 2048 ) (-9707.949219 2048 2048 ) 
4 2522 (-9673.384766 2048 0 ) (-9673.384766 1024 0 ) (-9690.666992 1024 1024 ) (-9690.666992 2048 1024 ) 
4 2523 (-9656.101562 2048 -1024 ) (-9656.101562 1024 -1024 ) (-9673.383789 1024 0 ) (-9673.383789 2048 0 ) 
4 2524 (-9216 1024 -1440 ) (-9649.080078 1024 -1440 ) (-9649.080078 2048 -1440 ) (-9216 2048 -1440 ) 
4 2524 (-9649.080078 2048 -1440 ) (-9649.080078 1024 -1440 ) (-9656.101562 1024 -1024 ) (-9656.101562 2048 -1024 ) 
4 2525 (-9216 1024 2240 ) (-9711.190430 1024 2240 ) (-9711.190430 0 2240 ) (-9216 0 2240 ) 
4 2525 (-9707.950195 1024 2048 ) (-9707.950195 0 2048 ) (-9711.190430 0 2240 ) (-9711.190430 1024 2240 ) 
4 2526 (-9690.666992 1024 1024 ) (-9690.666992 0 1024 ) (-9707.949219 0 2048 ) (-9707.949219 1024 2048 ) 
4 2527 (-9673.384766 1024 0 ) (-9673.384766 0 0 ) (-9690.666992 0 1024 ) (-9690.666992 1024 1024 ) 
4 2528 (-9656.101562 1024 -1024 ) (-9656.101562 0 -1024 ) (-9673.383789 0 0 ) (-9673.383789 1024 0 ) 
4 2529 (-9216 0 -1440 ) (-9649.080078 0 -1440 ) (-9649.080078 1024 -1440 ) (-9216 1024 -1440 ) 
4 2529 (-9649.080078 1024 -1440 ) (-9649.080078 0 -1440 ) (-9656.101562 0 -1024 ) (-9656.101562 1024 -1024 ) 
4 2530 (-9216 0 2240 ) (-9711.190430 0 2240 ) (-9711.190430 -1024 2240 ) (-9216 -1024 2240 ) 
4 2530 (-9707.950195 0 2048 ) (-9707.950195 -1024 2048 ) (-9711.190430 -1024 2240 ) (-9711.190430 0 2240 ) 
4 2531 (-9690.666992 0 1024 ) (-9690.666992 -1024 1024 ) (-9707.949219 -1024 2048 ) (-9707.949219 0 2048 ) 
4 2532 (-9673.384766 0 0 ) (-9673.384766 -1024 0 ) (-9690.666992 -1024 1024 ) (-9690.666992 0 1024 ) 
4 2533 (-9656.101562 0 -1024 ) (-9656.101562 -1024 -1024 ) (-9673.383789 -1024 0 ) (-9673.383789 0 0 ) 
4 2534 (-9216 -1024 -1440 ) (-9649.080078 -1024 -1440 ) (-9649.080078 0 -1440 ) (-9216 0 -1440 ) 
4 2534 (-9649.080078 0 -1440 ) (-9649.080078 -1024 -1440 ) (-9656.101562 -1024 -1024 ) (-9656.101562 0 -1024 ) 
4 2535 (-9216 -1024 2240 ) (-9711.190430 -1024 2240 ) (-9711.190430 -2048 2240 ) (-9216 -2048 2240 ) 
4 2535 (-9707.950195 -1024 2048 ) (-9707.950195 -2048 2048 ) (-9711.190430 -2048 2240 ) (-9711.190430 -1024 2240 ) 
4 2536 (-9690.666992 -1024 1024 ) (-9690.666992 -2048 1024 ) (-9707.950195 -2048 2048 ) (-9707.950195 -1024 2048 ) 
4 2537 (-9673.383789 -1024 0 ) (-9673.383789 -2048 0 ) (-9690.666992 -2048 1024 ) (-9690.666992 -1024 1024 ) 
4 2538 (-9656.100586 -1024 -1024 ) (-9656.100586 -2048 -1024 ) (-9673.383789 -2048 0 ) (-9673.383789 -1024 0 ) 
4 2539 (-9216 -2048 -1440 ) (-9649.080078 -2048 -1440 ) (-9649.080078 -1024 -1440 ) (-9216 -1024 -1440 ) 
4 2539 (-9649.080078 -1024 -1440 ) (-9649.080078 -2048 -1440 ) (-9656.101562 -2048 -1024 ) (-9656.101562 -1024 -1024 ) 
4 2540 (-9216 -2048 2240 ) (-9711.190430 -2048 2240 ) (-9711.190430 -3072 2240 ) (-9216 -3072 2240 ) 
4 2540 (-9707.950195 -2048 2048 ) (-9707.950195 -3072 2048 ) (-9711.190430 -3072 2240 ) (-9711.190430 -2048 2240 ) 
4 2541 (-9690.666992 -2048 1024 ) (-9690.666992 -3072 1024 ) (-9707.950195 -3072 2048 ) (-9707.950195 -2048 2048 ) 
4 2542 (-9673.383789 -2048 0 ) (-9673.383789 -3072 0 ) (-9690.666992 -3072 1024 ) (-9690.666992 -2048 1024 ) 
4 2543 (-9656.100586 -2048 -1024 ) (-9656.100586 -3072 -1024 ) (-9673.383789 -3072 0 ) (-9673.383789 -2048 0 ) 
4 2544 (-9216 -3072 -1440 ) (-9649.080078 -3072 -1440 ) (-9649.080078 -2048 -1440 ) (-9216 -2048 -1440 ) 
4 2544 (-9649.080078 -2048 -1440 ) (-9649.080078 -3072 -1440 ) (-9656.101562 -3072 -1024 ) (-9656.101562 -2048 -1024 ) 
4 2545 (-9216 -3072 2240 ) (-9711.190430 -3072 2240 ) (-9711.190430 -4096 2240 ) (-9216 -4096 2240 ) 
4 2545 (-9707.950195 -3072 2048 ) (-9707.950195 -4096 2048 ) (-9711.190430 -4096 2240 ) (-9711.190430 -3072 2240 ) 
4 2546 (-9690.666992 -3072 1024 ) (-9690.666992 -4096 1024 ) (-9707.950195 -4096 2048 ) (-9707.950195 -3072 2048 ) 
4 2547 (-9673.383789 -3072 0 ) (-9673.383789 -4096 0 ) (-9690.666992 -4096 1024 ) (-9690.666992 -3072 1024 ) 
4 2548 (-9656.100586 -3072 -1024 ) (-9656.100586 -4096 -1024 ) (-9673.383789 -4096 0 ) (-9673.383789 -3072 0 ) 
4 2549 (-9216 -4096 -1440 ) (-9649.080078 -4096 -1440 ) (-9649.080078 -3072 -1440 ) (-9216 -3072 -1440 ) 
4 2549 (-9649.080078 -3072 -1440 ) (-9649.080078 -4096 -1440 ) (-9656.101562 -4096 -1024 ) (-9656.101562 -3072 -1024 ) 
4 2550 (-9216 -4096 2240 ) (-9711.190430 -4096 2240 ) (-9711.190430 -5120 2240 ) (-9216 -5120 2240 ) 
4 2550 (-9707.950195 -4096 2048 ) (-9707.950195 -5120 2048 ) (-9711.190430 -5120 2240 ) (-9711.190430 -4096 2240 ) 
4 2551 (-9690.666992 -4096 1024 ) (-9690.666992 -5120 1024 ) (-9707.950195 -5120 2048 ) (-9707.950195 -4096 2048 ) 
4 2552 (-9673.383789 -4096 0 ) (-9673.383789 -5120 0 ) (-9690.666992 -5120 1024 ) (-9690.666992 -4096 1024 ) 
4 2553 (-9656.100586 -4096 -1024 ) (-9656.100586 -5120 -1024 ) (-9673.383789 -5120 0 ) (-9673.383789 -4096 0 ) 
4 2554 (-9216 -5120 -1440 ) (-9649.080078 -5120 -1440 ) (-9649.080078 -4096 -1440 ) (-9216 -4096 -1440 ) 
4 2554 (-9649.080078 -4096 -1440 ) (-9649.080078 -5120 -1440 ) (-9656.101562 -5120 -1024 ) (-9656.101562 -4096 -1024 ) 
4 2555 (-9216 -5120 2240 ) (-9711.190430 -5120 2240 ) (-9711.190430 -6144 2240 ) (-9216 -6144 2240 ) 
4 2555 (-9707.950195 -5120 2048 ) (-9707.950195 -6144 2048 ) (-9711.190430 -6144 2240 ) (-9711.190430 -5120 2240 ) 
4 2556 (-9690.666992 -5120 1024 ) (-9690.666992 -6144 1024 ) (-9707.950195 -6144 2048 ) (-9707.950195 -5120 2048 ) 
4 2557 (-9673.383789 -5120 0 ) (-9673.383789 -6144 0 ) (-9690.666992 -6144 1024 ) (-9690.666992 -5120 1024 ) 
4 2558 (-9656.100586 -5120 -1024 ) (-9656.100586 -6144 -1024 ) (-9673.383789 -6144 0 ) (-9673.383789 -5120 0 ) 
4 2559 (-9216 -6144 -1440 ) (-9649.080078 -6144 -1440 ) (-9649.080078 -5120 -1440 ) (-9216 -5120 -1440 ) 
4 2559 (-9649.080078 -5120 -1440 ) (-9649.080078 -6144 -1440 ) (-9656.101562 -6144 -1024 ) (-9656.101562 -5120 -1024 ) 
4 2560 (-9216 -6144 2240 ) (-9711.190430 -6144 2240 ) (-9711.190430 -7168 2240 ) (-9216 -7168 2240 ) 
4 2560 (-9707.950195 -6144 2048 ) (-9707.950195 -7168 2048 ) (-9711.190430 -7168 2240 ) (-9711.190430 -6144 2240 ) 
4 2561 (-9690.666992 -6144 1024 ) (-9690.666992 -7168 1024 ) (-9707.950195 -7168 2048 ) (-9707.950195 -6144 2048 ) 
4 2562 (-9673.383789 -6144 0 ) (-9673.383789 -7168 0 ) (-9690.666992 -7168 1024 ) (-9690.666992 -6144 1024 ) 
4 2563 (-9656.100586 -6144 -1024 ) (-9656.100586 -7168 -1024 ) (-9673.383789 -7168 0 ) (-9673.383789 -6144 0 ) 
4 2564 (-9216 -7168 -1440 ) (-9649.080078 -7168 -1440 ) (-9649.080078 -6144 -1440 ) (-9216 -6144 -1440 ) 
4 2564 (-9649.080078 -6144 -1440 ) (-9649.080078 -7168 -1440 ) (-9656.101562 -7168 -1024 ) (-9656.101562 -6144 -1024 ) 
4 2565 (-9216 -7168 2240 ) (-9711.190430 -7168 2240 ) (-9711.190430 -8192 2240 ) (-9216 -8192 2240 ) 
4 2565 (-9707.950195 -7168 2048 ) (-9707.950195 -8192 2048 ) (-9711.190430 -8192 2240 ) (-9711.190430 -7168 2240 ) 
4 2566 (-9690.666992 -7168 1024 ) (-9690.666992 -8192 1024 ) (-9707.950195 -8192 2048 ) (-9707.950195 -7168 2048 ) 
4 2567 (-9673.383789 -7168 0 ) (-9673.383789 -8192 0 ) (-9690.666992 -8192 1024 ) (-9690.666992 -7168 1024 ) 
4 2568 (-9656.100586 -7168 -1024 ) (-9656.100586 -8192 -1024 ) (-9673.383789 -8192 0 ) (-9673.383789 -7168 0 ) 
4 2569 (-9216 -8192 -1440 ) (-9649.080078 -8192 -1440 ) (-9649.080078 -7168 -1440 ) (-9216 -7168 -1440 ) 
4 2569 (-9649.080078 -7168 -1440 ) (-9649.080078 -8192 -1440 ) (-9656.101562 -8192 -1024 ) (-9656.101562 -7168 -1024 ) 
4 2570 (-9216 -8192 2240 ) (-9711.190430 -8192 2240 ) (-9711.190430 -9216 2240 ) (-9216 -9216 2240 ) 
4 2570 (-9707.950195 -8192 2048 ) (-9707.950195 -9216 2048 ) (-9711.190430 -9216 2240 ) (-9711.190430 -8192 2240 ) 
4 2571 (-9690.666992 -8192 1024 ) (-9690.666992 -9216 1024 ) (-9707.950195 -9216 2048 ) (-9707.950195 -8192 2048 ) 
4 2572 (-9673.383789 -8192 0 ) (-9673.383789 -9216 0 ) (-9690.666992 -9216 1024 ) (-9690.666992 -8192 1024 ) 
4 2573 (-9656.100586 -8192 -1024 ) (-9656.100586 -9216 -1024 ) (-9673.383789 -9216 0 ) (-9673.383789 -8192 0 ) 
4 2574 (-9216 -9216 -1440 ) (-9649.080078 -9216 -1440 ) (-9649.080078 -8192 -1440 ) (-9216 -8192 -1440 ) 
4 2574 (-9649.080078 -8192 -1440 ) (-9649.080078 -9216 -1440 ) (-9656.101562 -9216 -1024 ) (-9656.101562 -8192 -1024 ) 
4 2575 (-9216 -9216 2240 ) (-9711.190430 -9216 2240 ) (-9711.190430 -10240 2240 ) (-9216 -10240 2240 ) 
4 2575 (-9707.950195 -9216 2048 ) (-9707.950195 -10240 2048 ) (-9711.190430 -10240 2240 ) (-9711.190430 -9216 2240 ) 
4 2576 (-9690.666992 -9216 1024 ) (-9690.666992 -10240 1024 ) (-9707.950195 -10240 2048 ) (-9707.950195 -9216 2048 ) 
4 2577 (-9673.383789 -9216 0 ) (-9673.383789 -10240 0 ) (-9690.666992 -10240 1024 ) (-9690.666992 -9216 1024 ) 
4 2578 (-9656.100586 -9216 -1024 ) (-9656.100586 -10240 -1024 ) (-9673.383789 -10240 0 ) (-9673.383789 -9216 0 ) 
4 2579 (-9216 -10240 -1440 ) (-9649.080078 -10240 -1440 ) (-9649.080078 -9216 -1440 ) (-9216 -9216 -1440 ) 
4 2579 (-9649.080078 -9216 -1440 ) (-9649.080078 -10240 -1440 ) (-9656.101562 -10240 -1024 ) (-9656.101562 -9216 -1024 ) 
4 2580 (-9216 -10240 2240 ) (-9711.190430 -10240 2240 ) (-9711.190430 -11264 2240 ) (-9216 -11264 2240 ) 
4 2580 (-9707.950195 -10240 2048 ) (-9707.950195 -11264 2048 ) (-9711.190430 -11264 2240 ) (-9711.190430 -10240 2240 ) 
4 2581 (-9690.666992 -10240 1024 ) (-9690.666992 -11264 1024 ) (-9707.950195 -11264 2048 ) (-9707.950195 -10240 2048 ) 
4 2582 (-9673.383789 -10240 0 ) (-9673.383789 -11264 0 ) (-9690.666992 -11264 1024 ) (-9690.666992 -10240 1024 ) 
4 2583 (-9656.100586 -10240 -1024 ) (-9656.100586 -11264 -1024 ) (-9673.383789 -11264 0 ) (-9673.383789 -10240 0 ) 
4 2584 (-9216 -11264 -1440 ) (-9649.080078 -11264 -1440 ) (-9649.080078 -10240 -1440 ) (-9216 -10240 -1440 ) 
4 2584 (-9649.080078 -10240 -1440 ) (-9649.080078 -11264 -1440 ) (-9656.101562 -11264 -1024 ) (-9656.101562 -10240 -1024 ) 
4 2585 (-9216 -11264 2240 ) (-9711.190430 -11264 2240 ) (-9711.190430 -12288 2240 ) (-9216 -12288 2240 ) 
4 2585 (-9707.950195 -11264 2048 ) (-9707.950195 -12288 2048 ) (-9711.190430 -12288 2240 ) (-9711.190430 -11264 2240 ) 
4 2586 (-9690.666992 -11264 1024 ) (-9690.666992 -12288 1024 ) (-9707.950195 -12288 2048 ) (-9707.950195 -11264 2048 ) 
4 2587 (-9673.383789 -11264 0 ) (-9673.383789 -12288 0 ) (-9690.666992 -12288 1024 ) (-9690.666992 -11264 1024 ) 
4 2588 (-9656.100586 -11264 -1024 ) (-9656.100586 -12288 -1024 ) (-9673.383789 -12288 0 ) (-9673.383789 -11264 0 ) 
4 2589 (-9216 -12288 -1440 ) (-9649.080078 -12288 -1440 ) (-9649.080078 -11264 -1440 ) (-9216 -11264 -1440 ) 
4 2589 (-9649.080078 -11264 -1440 ) (-9649.080078 -12288 -1440 ) (-9656.101562 -12288 -1024 ) (-9656.101562 -11264 -1024 ) 
4 2590 (-9216 -12288 2240 ) (-9711.190430 -12288 2240 ) (-9711.190430 -13312 2240 ) (-9216 -13312 2240 ) 
4 2590 (-9707.950195 -12288 2048 ) (-9707.950195 -13312 2048 ) (-9711.190430 -13312 2240 ) (-9711.190430 -12288 2240 ) 
4 2591 (-9690.666992 -12288 1024 ) (-9690.666992 -13312 1024 ) (-9707.950195 -13312 2048 ) (-9707.950195 -12288 2048 ) 
4 2592 (-9673.383789 -12288 0 ) (-9673.383789 -13312 0 ) (-9690.666992 -13312 1024 ) (-9690.666992 -12288 1024 ) 
4 2593 (-9656.100586 -12288 -1024 ) (-9656.100586 -13312 -1024 ) (-9673.383789 -13312 0 ) (-9673.383789 -12288 0 ) 
4 2594 (-9216 -13312 -1440 ) (-9649.080078 -13312 -1440 ) (-9649.080078 -12288 -1440 ) (-9216 -12288 -1440 ) 
4 2594 (-9649.080078 -12288 -1440 ) (-9649.080078 -13312 -1440 ) (-9656.101562 -13312 -1024 ) (-9656.101562 -12288 -1024 ) 
4 2595 (-9707.949219 -13408 2048 ) (-9216 -13408 2048 ) (-9216 -13408 2240 ) (-9711.190430 -13408 2240 ) 
4 2595 (-9711.190430 -13408 2240 ) (-9216 -13408 2240 ) (-9216 -13312 2240 ) (-9711.190430 -13312 2240 ) 
4 2595 (-9707.950195 -13312 2048 ) (-9707.950195 -13408 2048 ) (-9711.190430 -13408 2240 ) (-9711.190430 -13312 2240 ) 
4 2596 (-9690.666992 -13408 1024 ) (-9216 -13408 1024 ) (-9216 -13408 2048 ) (-9707.949219 -13408 2048 ) 
4 2596 (-9690.666992 -13312 1024 ) (-9690.666992 -13408 1024 ) (-9707.950195 -13408 2048 ) (-9707.950195 -13312 2048 ) 
4 2597 (-9673.383789 -13408 0 ) (-9216 -13408 0 ) (-9216 -13408 1024 ) (-9690.666992 -13408 1024 ) 
4 2597 (-9673.383789 -13312 0 ) (-9673.383789 -13408 0 ) (-9690.666992 -13408 1024 ) (-9690.666992 -13312 1024 ) 
4 2598 (-9656.101562 -13408 -1024 ) (-9216 -13408 -1024 ) (-9216 -13408 0 ) (-9673.383789 -13408 0 ) 
4 2598 (-9656.100586 -13312 -1024 ) (-9656.100586 -13408 -1024 ) (-9673.383789 -13408 0 ) (-9673.383789 -13312 0 ) 
4 2599 (-9649.080078 -13408 -1440 ) (-9216 -13408 -1440 ) (-9216 -13408 -1024 ) (-9656.101562 -13408 -1024 ) 
4 2599 (-9649.080078 -13312 -1440 ) (-9216 -13312 -1440 ) (-9216 -13408 -1440 ) (-9649.080078 -13408 -1440 ) 
4 2599 (-9649.080078 -13312 -1440 ) (-9649.080078 -13408 -1440 ) (-9656.101562 -13408 -1024 ) (-9656.101562 -13312 -1024 ) 
