PRT1
627
2096
2580
4 0 351 0 (0 1024 1024 ) (0 1024 1660 ) (0 1532 1660 ) (0 1532 1024 ) 
4 0 3 0 (0 1024 1660 ) (0 1024 1024 ) (964 1024 1024 ) (964 1024 1660 ) 
4 0 1 0 (964 1024 1024 ) (0 1024 1024 ) (0 1532 1024 ) (964 1532 1024 ) 
4 1 352 0 (0 1024 0 ) (0 1024 1024 ) (0 1532 1024 ) (0 1532 0 ) 
4 1 4 0 (0 1024 1024 ) (0 1024 0 ) (964 1024 0 ) (964 1024 1024 ) 
4 1 2 0 (964 1024 0 ) (0 1024 0 ) (0 1532 0 ) (964 1532 0 ) 
4 2 353 0 (0 1024 -512 ) (0 1024 0 ) (0 1532 0 ) (0 1532 -512 ) 
4 2 225 0 (0 1024 0 ) (0 1024 -512 ) (964 1024 -512 ) (964 1024 0 ) 
4 3 354 0 (0 0 1024 ) (0 0 1660 ) (0 1024 1660 ) (0 1024 1024 ) 
4 3 226 0 (0 0 1660 ) (0 0 1024 ) (964 0 1024 ) (964 0 1660 ) 
4 3 9 0 (464 0 1024 ) (0 0 1024 ) (0 512 1024 ) (464 512 1024 ) 
4 3 8 0 (964 0 1024 ) (464 0 1024 ) (464 512 1024 ) (964 512 1024 ) 
4 3 7 0 (0 512 1024 ) (0 520 1024 ) (464 520 1024 ) (464 512 1024 ) 
4 3 5 0 (464 520 1024 ) (964 520 1024 ) (964 512 1024 ) (464 512 1024 ) 
4 3 4 0 (0 520 1024 ) (0 1024 1024 ) (964 1024 1024 ) (964 520 1024 ) 
4 4 363 0 (0 544 0 ) (0 520 0 ) (0 520 200 ) (0 544 200 ) 
4 4 361 0 (0 1024 200 ) (0 1024 0 ) (0 544 0 ) (0 544 200 ) 
4 4 359 0 (0 544 208 ) (0 544 200 ) (0 520 200 ) (0 520 208 ) 
4 4 356 0 (0 520 1024 ) (0 544 1024 ) (0 544 208 ) (0 520 208 ) 
4 4 355 0 (0 544 1024 ) (0 1024 1024 ) (0 1024 200 ) (0 544 200 ) 
4 4 225 0 (0 520 0 ) (0 1024 0 ) (964 1024 0 ) (964 520 0 ) 
4 4 7 0 (464 520 464 ) (464 520 1024 ) (0 520 1024 ) (0 520 576 ) 
4 4 6 0 (0 520 0 ) (464 520 0 ) (464 520 448 ) (0 520 560 ) 
4 4 5 0 (464 520 0 ) (964 520 0 ) (964 520 1024 ) (464 520 1024 ) 
4 5 225 0 (464 520 0 ) (964 520 0 ) (964 512 0 ) (464 512 0 ) 
4 5 170 0 (464 512 0 ) (964 512 0 ) (964 512 8 ) (464 512 8 ) 
4 5 163 0 (964 512 8 ) (964 512 200 ) (464 512 200 ) (464 512 8 ) 
4 5 150 0 (964 512 200 ) (964 512 208 ) (464 512 208 ) (464 512 200 ) 
4 5 128 0 (964 512 208 ) (964 512 240 ) (464 512 240 ) (464 512 208 ) 
4 5 111 0 (964 512 240 ) (964 512 248 ) (464 512 248 ) (464 512 240 ) 
4 5 8 0 (964 512 248 ) (964 512 1024 ) (464 512 1024 ) (464 512 248 ) 
4 5 7 0 (464 520 1024 ) (464 520 464 ) (464 512 464 ) (464 512 1024 ) 
4 5 6 0 (464 520 448 ) (464 520 0 ) (464 512 0 ) (464 512 448 ) 
4 6 363 0 (0 520 200 ) (0 520 0 ) (0 512 0 ) (0 512 200 ) 
4 6 359 0 (0 520 208 ) (0 520 200 ) (0 512 200 ) (0 512 208 ) 
4 6 358 0 (0 520 560 ) (0 520 208 ) (0 512 208 ) (0 512 560 ) 
4 6 225 0 (0 512 0 ) (0 520 0 ) (464 520 0 ) (464 512 0 ) 
4 6 180 0 (16 512 0 ) (24 512 0 ) (24 512 200 ) (16 512 200 ) 
4 6 181 0 (0 512 0 ) (16 512 0 ) (16 512 200 ) (0 512 200 ) 
4 6 179 0 (104 512 200 ) (32 512 200 ) (32 512 8 ) (104 512 8 ) 
4 6 177 0 (232 512 200 ) (176 512 200 ) (176 512 8 ) (232 512 8 ) 
4 6 178 0 (168 512 200 ) (112 512 200 ) (112 512 8 ) (168 512 8 ) 
4 6 176 0 (296 512 200 ) (240 512 200 ) (240 512 8 ) (296 512 8 ) 
4 6 174 0 (360 512 200 ) (304 512 200 ) (304 512 8 ) (360 512 8 ) 
4 6 173 0 (424 512 8 ) (424 512 200 ) (368 512 200 ) (368 512 8 ) 
4 6 170 0 (424 512 0 ) (464 512 0 ) (464 512 8 ) (424 512 8 ) 
4 6 163 0 (464 512 8 ) (464 512 200 ) (432 512 200 ) (432 512 8 ) 
4 6 152 0 (24 512 208 ) (0 512 208 ) (0 512 200 ) (24 512 200 ) 
4 6 151 0 (440 512 208 ) (424 512 208 ) (424 512 200 ) (440 512 200 ) 
4 6 150 0 (464 512 200 ) (464 512 208 ) (440 512 208 ) (440 512 200 ) 
4 6 128 0 (464 512 208 ) (464 512 240 ) (440 512 240 ) (440 512 208 ) 
4 6 111 0 (464 512 240 ) (464 512 248 ) (440 512 248 ) (440 512 240 ) 
4 6 64 0 (232 512 440 ) (176 512 440 ) (176 512 248 ) (232 512 248 ) 
4 6 63 0 (296 512 440 ) (240 512 440 ) (240 512 248 ) (296 512 248 ) 
4 6 65 0 (168 512 440 ) (112 512 440 ) (112 512 248 ) (168 512 248 ) 
4 6 62 0 (360 512 440 ) (304 512 440 ) (304 512 248 ) (360 512 248 ) 
4 6 66 0 (104 512 440 ) (48 512 440 ) (48 512 248 ) (104 512 248 ) 
4 6 61 0 (424 512 440 ) (368 512 440 ) (368 512 248 ) (424 512 248 ) 
4 6 67 0 (40 512 440 ) (0 512 440 ) (0 512 248 ) (40 512 248 ) 
4 6 50 0 (432 512 440 ) (424 512 440 ) (424 512 248 ) (432 512 248 ) 
4 6 49 0 (464 512 248 ) (464 512 440 ) (440 512 440 ) (440 512 248 ) 
4 6 35 0 (464 512 440 ) (464 512 448 ) (440 512 448 ) (440 512 440 ) 
3 6 11 0 (348 512 476 ) (0 512 560 ) (0 512 512 ) 
3 6 10 0 (464 512 448 ) (0 512 496 ) (0 512 448 ) 
4 7 357 0 (0 512 1024 ) (0 520 1024 ) (0 520 576 ) (0 512 576 ) 
4 7 9 0 (464 512 464 ) (464 512 1024 ) (0 512 1024 ) (0 512 576 ) 
4 8 227 0 (464 0 248 ) (964 0 248 ) (964 0 1024 ) (464 0 1024 ) 
4 8 111 0 (964 0 248 ) (464 0 248 ) (464 512 248 ) (964 512 248 ) 
4 8 49 0 (464 512 440 ) (464 512 248 ) (464 0 248 ) (464 0 440 ) 
4 8 35 0 (464 512 448 ) (464 512 440 ) (464 0 440 ) (464 0 448 ) 
4 8 33 0 (464 56 448 ) (464 8 448 ) (464 8 464 ) (464 56 464 ) 
4 8 30 0 (464 120 448 ) (464 72 448 ) (464 72 464 ) (464 120 464 ) 
4 8 27 0 (464 184 448 ) (464 136 448 ) (464 136 464 ) (464 184 464 ) 
4 8 24 0 (464 248 448 ) (464 200 448 ) (464 200 464 ) (464 248 464 ) 
4 8 21 0 (464 312 448 ) (464 264 448 ) (464 264 464 ) (464 312 464 ) 
4 8 18 0 (464 376 448 ) (464 328 448 ) (464 328 464 ) (464 376 464 ) 
4 8 15 0 (464 440 448 ) (464 392 448 ) (464 392 464 ) (464 440 464 ) 
4 8 12 0 (464 504 448 ) (464 456 448 ) (464 456 464 ) (464 504 464 ) 
4 8 9 0 (464 512 1024 ) (464 512 464 ) (464 0 464 ) (464 0 1024 ) 
4 9 394 0 (0 0 576 ) (0 0 1024 ) (0 496 1024 ) (0 496 576 ) 
4 9 369 0 (0 504 1024 ) (0 512 1024 ) (0 512 576 ) (0 504 576 ) 
4 9 371 0 (0 496 1024 ) (0 504 1024 ) (0 504 576 ) (0 496 576 ) 
4 9 229 0 (0 0 1024 ) (0 0 576 ) (464 0 464 ) (464 0 1024 ) 
4 9 33 0 (464 56 464 ) (464 8 464 ) (0 8 576 ) (0 56 576 ) 
4 9 32 0 (464 64 464 ) (464 56 464 ) (0 56 576 ) (0 64 576 ) 
4 9 30 0 (464 120 464 ) (464 72 464 ) (0 72 576 ) (0 120 576 ) 
4 9 29 0 (464 128 464 ) (464 120 464 ) (0 120 576 ) (0 128 576 ) 
4 9 27 0 (464 184 464 ) (464 136 464 ) (0 136 576 ) (0 184 576 ) 
4 9 26 0 (464 192 464 ) (464 184 464 ) (0 184 576 ) (0 192 576 ) 
4 9 24 0 (464 248 464 ) (464 200 464 ) (0 200 576 ) (0 248 576 ) 
4 9 23 0 (464 256 464 ) (464 248 464 ) (0 248 576 ) (0 256 576 ) 
4 9 21 0 (464 312 464 ) (464 264 464 ) (0 264 576 ) (0 312 576 ) 
4 9 20 0 (464 320 464 ) (464 312 464 ) (0 312 576 ) (0 320 576 ) 
4 9 17 0 (464 384 464 ) (464 376 464 ) (0 376 576 ) (0 384 576 ) 
4 9 18 0 (464 376 464 ) (464 328 464 ) (0 328 576 ) (0 376 576 ) 
4 9 14 0 (464 448 464 ) (464 440 464 ) (0 440 576 ) (0 448 576 ) 
4 9 15 0 (464 440 464 ) (464 392 464 ) (0 392 576 ) (0 440 576 ) 
4 9 11 0 (0 512 576 ) (464 512 464 ) (464 504 464 ) (0 504 576 ) 
4 9 12 0 (464 504 464 ) (464 456 464 ) (0 456 576 ) (0 504 576 ) 
4 10 413 0 (0 0 448 ) (0 0 496 ) (0 336 496 ) (0 336 448 ) 
4 10 395 0 (0 336 496 ) (0 496 496 ) (0 496 448 ) (0 336 448 ) 
4 10 370 0 (0 504 496 ) (0 512 496 ) (0 512 448 ) (0 504 448 ) 
4 10 371 0 (0 496 496 ) (0 504 496 ) (0 504 448 ) (0 496 448 ) 
3 10 228 0 (0 0 496 ) (0 0 448 ) (464 0 448 ) 
4 10 48 0 (24 496 448 ) (24 0 448 ) (0 0 448 ) (0 496 448 ) 
4 10 47 0 (128 0 448 ) (24 0 448 ) (24 144 448 ) (128 144 448 ) 
4 10 46 0 (128 248 448 ) (128 160 448 ) (40 160 448 ) (40 248 448 ) 
4 10 45 0 (40 376 448 ) (128 376 448 ) (128 264 448 ) (40 264 448 ) 
4 10 43 0 (128 160 448 ) (128 248 448 ) (144 248 448 ) (144 160 448 ) 
4 10 44 0 (144 0 448 ) (128 0 448 ) (128 96 448 ) (144 96 448 ) 
3 10 42 0 (200 360 448 ) (240 360 448 ) (240 268.571472 448 ) 
5 10 41 0 (240 0 448 ) (144 0 448 ) (144 360 448 ) (184 360 448 ) (240 232 448 ) 
4 10 40 0 (304 0 448 ) (256 0 448 ) (256 144 448 ) (304 144 448 ) 
4 10 39 0 (240 160 448 ) (240 216 448 ) (304 216 448 ) (304 160 448 ) 
5 10 38 0 (240 268.571472 448 ) (240 360 448 ) (320 360 448 ) (320 232 448 ) (256 232 448 ) 
4 10 37 0 (424 360 448 ) (424 0 448 ) (320 0 448 ) (320 360 448 ) 
4 10 36 0 (424 496 448 ) (424 376 448 ) (24 376 448 ) (24 496 448 ) 
4 10 35 0 (440 512 448 ) (464 512 448 ) (464 0 448 ) (440 0 448 ) 
4 10 34 0 (463.997955 0 448 ) (463.997955 8 448 ) (0 8 496 ) (0 0 496 ) 
4 10 33 0 (463.997955 8 448 ) (463.997955 56 448 ) (0 56 496 ) (0 8 496 ) 
4 10 31 0 (463.997955 64 448 ) (463.997955 72 448 ) (0 72 496 ) (0 64 496 ) 
4 10 30 0 (463.997955 72 448 ) (463.997955 120 448 ) (0 120 496 ) (0 72 496 ) 
4 10 28 0 (463.997955 128 448 ) (463.997955 136 448 ) (0 136 496 ) (0 128 496 ) 
4 10 27 0 (463.997955 136 448 ) (463.997955 184 448 ) (0 184 496 ) (0 136 496 ) 
4 10 25 0 (463.997955 192 448 ) (463.997955 200 448 ) (0 200 496 ) (0 192 496 ) 
4 10 24 0 (463.997955 200 448 ) (463.997955 248 448 ) (0 248 496 ) (0 200 496 ) 
4 10 22 0 (463.997955 256 448 ) (463.997955 264 448 ) (0 264 496 ) (0 256 496 ) 
4 10 21 0 (463.997955 264 448 ) (463.997955 312 448 ) (0 312 496 ) (0 264 496 ) 
4 10 19 0 (463.997955 320 448 ) (463.997955 328 448 ) (0 328 496 ) (0 320 496 ) 
4 10 18 0 (463.997955 328 448 ) (463.997955 376 448 ) (0 376 496 ) (0 328 496 ) 
4 10 16 0 (463.997955 384 448 ) (463.997955 392 448 ) (0 392 496 ) (0 384 496 ) 
4 10 15 0 (463.997955 392 448 ) (463.997955 440 448 ) (0 440 496 ) (0 392 496 ) 
4 10 13 0 (463.997955 448 448 ) (463.997955 456 448 ) (0 456 496 ) (0 448 496 ) 
4 10 12 0 (463.997955 456 448 ) (463.997955 504 448 ) (0 504 496 ) (0 456 496 ) 
4 11 369 0 (0 504 576 ) (0 512 576 ) (0 512 512 ) (0 504 512 ) 
3 11 12 0 (463.990204 504 464.001007 ) (0 504 575.998657 ) (0 504 512 ) 
4 12 435 0 (0 456 576 ) (0 496 576 ) (0 496 496 ) (0 456 496 ) 
4 12 371 0 (0 496 576 ) (0 504 576 ) (0 504 496 ) (0 496 496 ) 
4 12 13 0 (0 456 495.992310 ) (463.925873 456 448 ) (464 456 448 ) (0 456 560 ) 
4 13 436 0 (0 456 560 ) (0 456 496 ) (0 448 496 ) (0 448 560 ) 
3 13 14 0 (348 448 476 ) (0 448 560 ) (0 448 512 ) 
4 14 437 0 (0 440 576 ) (0 448 576 ) (0 448 512 ) (0 440 512 ) 
3 14 15 0 (463.990204 440 464.001007 ) (0 440 575.998657 ) (0 440 512 ) 
4 15 438 0 (0 392 576 ) (0 440 576 ) (0 440 496 ) (0 392 496 ) 
4 15 16 0 (0 392 495.992310 ) (463.925873 392 448 ) (464 392 448 ) (0 392 560 ) 
4 16 439 0 (0 392 560 ) (0 392 496 ) (0 384 496 ) (0 384 560 ) 
3 16 17 0 (348 384 476 ) (0 384 560 ) (0 384 512 ) 
4 17 440 0 (0 376 576 ) (0 384 576 ) (0 384 512 ) (0 376 512 ) 
3 17 18 0 (463.990204 376 464.001007 ) (0 376 575.998657 ) (0 376 512 ) 
4 18 441 0 (0 328 576 ) (0 376 576 ) (0 376 496 ) (0 328 496 ) 
4 18 19 0 (0 328 495.992310 ) (463.925873 328 448 ) (464 328 448 ) (0 328 560 ) 
4 19 442 0 (0 328 560 ) (0 328 496 ) (0 320 496 ) (0 320 560 ) 
3 19 20 0 (348 320 476 ) (0 320 560 ) (0 320 512 ) 
4 20 443 0 (0 312 576 ) (0 320 576 ) (0 320 512 ) (0 312 512 ) 
3 20 21 0 (463.990204 312 464.001007 ) (0 312 575.998657 ) (0 312 512 ) 
4 21 444 0 (0 264 576 ) (0 312 576 ) (0 312 496 ) (0 264 496 ) 
4 21 22 0 (0 264 495.992310 ) (463.925873 264 448 ) (464 264 448 ) (0 264 560 ) 
4 22 445 0 (0 264 560 ) (0 264 496 ) (0 256 496 ) (0 256 560 ) 
3 22 23 0 (348 256 476 ) (0 256 560 ) (0 256 512 ) 
4 23 446 0 (0 248 576 ) (0 256 576 ) (0 256 512 ) (0 248 512 ) 
3 23 24 0 (463.990204 248 464.001007 ) (0 248 575.998657 ) (0 248 512 ) 
4 24 447 0 (0 200 576 ) (0 248 576 ) (0 248 496 ) (0 200 496 ) 
4 24 25 0 (0 200 495.992310 ) (463.925873 200 448 ) (464 200 448 ) (0 200 560 ) 
4 25 448 0 (0 200 560 ) (0 200 496 ) (0 192 496 ) (0 192 560 ) 
3 25 26 0 (348 192 476 ) (0 192 560 ) (0 192 512 ) 
4 26 449 0 (0 184 576 ) (0 192 576 ) (0 192 512 ) (0 184 512 ) 
3 26 27 0 (463.990204 184 464.001007 ) (0 184 575.998657 ) (0 184 512 ) 
4 27 450 0 (0 136 576 ) (0 184 576 ) (0 184 496 ) (0 136 496 ) 
4 27 28 0 (0 136 495.992310 ) (463.925873 136 448 ) (464 136 448 ) (0 136 560 ) 
4 28 451 0 (0 136 560 ) (0 136 496 ) (0 128 496 ) (0 128 560 ) 
3 28 29 0 (348 128 476 ) (0 128 560 ) (0 128 512 ) 
4 29 452 0 (0 120 576 ) (0 128 576 ) (0 128 512 ) (0 120 512 ) 
3 29 30 0 (463.990204 120 464.001007 ) (0 120 575.998657 ) (0 120 512 ) 
4 30 453 0 (0 72 576 ) (0 120 576 ) (0 120 496 ) (0 72 496 ) 
4 30 31 0 (0 72 495.992310 ) (463.925873 72 448 ) (464 72 448 ) (0 72 560 ) 
4 31 454 0 (0 72 560 ) (0 72 496 ) (0 64 496 ) (0 64 560 ) 
3 31 32 0 (348 64 476 ) (0 64 560 ) (0 64 512 ) 
4 32 455 0 (0 56 576 ) (0 64 576 ) (0 64 512 ) (0 56 512 ) 
3 32 33 0 (463.990204 56 464.001007 ) (0 56 575.998657 ) (0 56 512 ) 
4 33 456 0 (0 8 576 ) (0 56 576 ) (0 56 496 ) (0 8 496 ) 
4 33 34 0 (0 8 495.992310 ) (463.925873 8 448 ) (464 8 448 ) (0 8 560 ) 
4 34 457 0 (0 0 496 ) (0 0 560 ) (0 8 560 ) (0 8 496 ) 
3 34 229 0 (0 0 560 ) (0 0 512 ) (348 0 476 ) 
4 35 233 0 (440 0 440 ) (464 0 440 ) (464 0 448 ) (440 0 448 ) 
4 35 49 0 (440 512 440 ) (464 512 440 ) (464 0 440 ) (440 0 440 ) 
4 36 68 0 (424 496 440 ) (424 376 440 ) (24 376 440 ) (24 496 440 ) 
4 36 48 0 (24 496 440 ) (24 376 440 ) (24 376 448 ) (24 496 448 ) 
4 36 45 0 (40 376 440 ) (128 376 440 ) (128 376 448 ) (40 376 448 ) 
4 37 234 0 (320 0 440 ) (424 0 440 ) (424 0 448 ) (320 0 448 ) 
4 37 100 0 (424 144 440 ) (424 0 440 ) (320 0 440 ) (320 144 440 ) 
4 37 94 0 (424 160 440 ) (424 144 440 ) (320 144 440 ) (320 160 440 ) 
4 37 89 0 (424 232 440 ) (424 160 440 ) (320 160 440 ) (320 232 440 ) 
4 37 88 0 (424 248 440 ) (424 232 440 ) (320 232 440 ) (320 248 440 ) 
4 37 84 0 (424 264 440 ) (424 248 440 ) (320 248 440 ) (320 264 440 ) 
4 37 81 0 (424 296 440 ) (424 288 440 ) (320 288 440 ) (320 296 440 ) 
4 37 82 0 (424 288 440 ) (424 264 440 ) (320 264 440 ) (320 288 440 ) 
4 37 80 0 (424 320 440 ) (424 296 440 ) (320 296 440 ) (320 320 440 ) 
4 37 77 0 (424 328 440 ) (424 320 440 ) (320 320 440 ) (320 328 440 ) 
4 37 76 0 (424 360 440 ) (424 328 440 ) (320 328 440 ) (320 360 440 ) 
4 37 38 0 (320 360 440 ) (320 232 440 ) (320 232 448 ) (320 360 448 ) 
4 38 88 0 (320 248 440 ) (320 232 440 ) (256 232 440 ) (249 248 440 ) 
4 38 84 0 (320 264 440 ) (320 248 440 ) (249 248 440 ) (242 264 440 ) 
4 38 81 0 (240 288 440 ) (240 296 440 ) (320 296 440 ) (320 288 440 ) 
5 38 82 0 (240 268.571472 440 ) (240 288 440 ) (320 288 440 ) (320 264 440 ) (242 264 440 ) 
4 38 80 0 (240 296 440 ) (240 320 440 ) (320 320 440 ) (320 296 440 ) 
4 38 77 0 (240 320 440 ) (240 328 440 ) (320 328 440 ) (320 320 440 ) 
4 38 76 0 (240 328 440 ) (240 360 440 ) (320 360 440 ) (320 328 440 ) 
4 38 42 0 (240 360 440 ) (240 268.571472 440 ) (240 268.571472 448 ) (240 360 448 ) 
4 39 92 0 (240 160 440 ) (240 216 440 ) (248 216 440 ) (248 160 440 ) 
4 39 91 0 (248 216 440 ) (304 216 440 ) (304 160 440 ) (248 160 440 ) 
4 39 41 0 (240 216 440 ) (240 160 440 ) (240 160 448 ) (240 216 448 ) 
4 40 235 0 (256 0 440 ) (304 0 440 ) (304 0 448 ) (256 0 448 ) 
4 40 104 0 (256 24 440 ) (256 144 440 ) (304 144 440 ) (304 24 440 ) 
4 40 110 0 (304 0 440 ) (256 0 440 ) (256 24 440 ) (304 24 440 ) 
4 41 236 0 (144 0 440 ) (240 0 440 ) (240 0 448 ) (144 0 448 ) 
4 41 107 0 (144 96 440 ) (144 104 440 ) (240 104 440 ) (240 96 440 ) 
4 41 108 0 (144 24 440 ) (144 96 440 ) (240 96 440 ) (240 24 440 ) 
4 41 106 0 (144 104 440 ) (144 144 440 ) (240 144 440 ) (240 104 440 ) 
4 41 110 0 (240 0 440 ) (144 0 440 ) (144 24 440 ) (240 24 440 ) 
4 41 96 0 (144 144 440 ) (144 160 440 ) (152 160 440 ) (152 144 440 ) 
4 41 95 0 (160 160 440 ) (240 160 440 ) (240 144 440 ) (160 144 440 ) 
4 41 93 0 (144 160 440 ) (144 232 440 ) (240 232 440 ) (240 160 440 ) 
4 41 88 0 (144 232 440 ) (144 248 440 ) (233 248 440 ) (240 232 440 ) 
4 41 84 0 (144 248 440 ) (144 264 440 ) (226 264 440 ) (233 248 440 ) 
3 41 82 0 (216 286.857178 440 ) (226 264 440 ) (216 264 440 ) 
5 41 83 0 (144 264 440 ) (144 296 440 ) (212 296 440 ) (216 286.857178 440 ) (216 264 440 ) 
4 41 80 0 (144 296 440 ) (144 320 440 ) (201.500015 320 440 ) (212 296 440 ) 
4 41 77 0 (144 320 440 ) (144 328 440 ) (198 328 440 ) (201.500015 320 440 ) 
4 41 76 0 (144 328 440 ) (144 360 440 ) (184 360 440 ) (198 328 440 ) 
4 41 43 0 (144 248 440 ) (144 160 440 ) (144 160 448 ) (144 248 448 ) 
4 41 44 0 (144 96 440 ) (144 0 440 ) (144 0 448 ) (144 96 448 ) 
4 42 81 0 (240 296 440 ) (240 288 440 ) (232 288 440 ) (232 296 440 ) 
3 42 82 0 (240 288 440 ) (240 268.571472 440 ) (231.500015 288 440 ) 
4 42 80 0 (240 320 440 ) (240 296 440 ) (228 296 440 ) (217.500015 320 440 ) 
4 42 77 0 (240 328 440 ) (240 320 440 ) (217.500015 320 440 ) (214 328 440 ) 
4 42 76 0 (200 360 440 ) (240 360 440 ) (240 328 440 ) (214 328 440 ) 
4 43 93 0 (128 160 440 ) (128 232 440 ) (144 232 440 ) (144 160 440 ) 
4 43 88 0 (128 232 440 ) (128 248 440 ) (144 248 440 ) (144 232 440 ) 
4 43 46 0 (128 248 440 ) (128 160 440 ) (128 160 448 ) (128 248 448 ) 
4 44 108 0 (128 24 440 ) (128 96 440 ) (144 96 440 ) (144 24 440 ) 
4 44 110 0 (144 0 440 ) (128 0 440 ) (128 24 440 ) (144 24 440 ) 
4 44 47 0 (128 96 440 ) (128 0 440 ) (128 0 448 ) (128 96 448 ) 
4 45 83 0 (128 296 440 ) (128 264 440 ) (40 264 440 ) (40 296 440 ) 
4 45 80 0 (128 320 440 ) (128 296 440 ) (40 296 440 ) (40 320 440 ) 
4 45 78 0 (128 328 440 ) (128 320 440 ) (40 320 440 ) (40 328 440 ) 
4 45 76 0 (128 360 440 ) (128 328 440 ) (40 328 440 ) (40 360 440 ) 
4 45 74 0 (40 376 440 ) (128 376 440 ) (128 360 440 ) (40 360 440 ) 
4 46 93 0 (128 232 440 ) (128 160 440 ) (40 160 440 ) (40 232 440 ) 
4 46 88 0 (128 248 440 ) (128 232 440 ) (40 232 440 ) (40 248 440 ) 
4 47 109 0 (24 24 440 ) (24 104 440 ) (128 104 440 ) (128 24 440 ) 
4 47 106 0 (24 104 440 ) (24 144 440 ) (128 144 440 ) (128 104 440 ) 
4 47 110 0 (128 0 440 ) (24 0 440 ) (24 24 440 ) (128 24 440 ) 
4 47 48 0 (24 144 440 ) (24 0 440 ) (24 0 448 ) (24 144 448 ) 
4 48 413 0 (0 0 440 ) (0 0 448 ) (0 336 448 ) (0 336 440 ) 
4 48 395 0 (0 336 448 ) (0 496 448 ) (0 496 440 ) (0 336 440 ) 
4 48 109 0 (24 104 440 ) (24 24 440 ) (0 24 440 ) (0 104 440 ) 
4 48 106 0 (24 144 440 ) (24 104 440 ) (0 104 440 ) (0 144 440 ) 
4 48 110 0 (24 24 440 ) (24 0 440 ) (0 0 440 ) (0 24 440 ) 
4 48 99 0 (24 160 440 ) (24 144 440 ) (0 144 440 ) (0 160 440 ) 
4 48 93 0 (24 232 440 ) (24 160 440 ) (0 160 440 ) (0 232 440 ) 
4 48 88 0 (24 248 440 ) (24 232 440 ) (0 232 440 ) (0 248 440 ) 
4 48 87 0 (24 264 440 ) (24 248 440 ) (0 248 440 ) (0 264 440 ) 
4 48 83 0 (24 296 440 ) (24 264 440 ) (0 264 440 ) (0 296 440 ) 
4 48 80 0 (24 320 440 ) (24 296 440 ) (0 296 440 ) (0 320 440 ) 
4 48 79 0 (24 328 440 ) (24 320 440 ) (0 320 440 ) (0 328 440 ) 
4 48 76 0 (24 360 440 ) (24 328 440 ) (0 328 440 ) (0 360 440 ) 
4 48 75 0 (24 376 440 ) (24 360 440 ) (0 360 440 ) (0 376 440 ) 
4 48 68 0 (24 496 440 ) (24 376 440 ) (0 376 440 ) (0 496 440 ) 
4 49 238 0 (440 0 248 ) (464 0 248 ) (464 0 440 ) (440 0 440 ) 
4 49 111 0 (464 0 248 ) (440 0 248 ) (440 512 248 ) (464 512 248 ) 
4 49 60 0 (440 64 248 ) (440 8 248 ) (440 8 440 ) (440 64 440 ) 
4 49 59 0 (440 128 248 ) (440 72 248 ) (440 72 440 ) (440 128 440 ) 
4 49 58 0 (440 192 248 ) (440 136 248 ) (440 136 440 ) (440 192 440 ) 
4 49 57 0 (440 256 248 ) (440 200 248 ) (440 200 440 ) (440 256 440 ) 
4 49 56 0 (440 320 248 ) (440 264 248 ) (440 264 440 ) (440 320 440 ) 
4 49 55 0 (440 360 248 ) (440 328 248 ) (440 328 440 ) (440 360 440 ) 
4 49 53 0 (440 384 248 ) (440 376 248 ) (440 376 440 ) (440 384 440 ) 
4 49 51 0 (440 496 248 ) (440 456 248 ) (440 456 440 ) (440 496 440 ) 
4 49 52 0 (440 448 248 ) (440 392 248 ) (440 392 440 ) (440 448 440 ) 
4 50 61 0 (424 512 248 ) (424 496 248 ) (424 496 440 ) (424 512 440 ) 
4 50 51 0 (424 496 440 ) (424 496 248 ) (432 496 248 ) (432 496 440 ) 
4 51 68 0 (424 496 248 ) (424 456 248 ) (424 456 440 ) (424 496 440 ) 
4 52 68 0 (424 448 248 ) (424 392 248 ) (424 392 440 ) (424 448 440 ) 
4 53 68 0 (424 384 248 ) (424 376 248 ) (424 376 440 ) (424 384 440 ) 
4 53 54 0 (424 376 440 ) (424 376 248 ) (432 376 248 ) (432 376 440 ) 
4 54 69 0 (424 376 248 ) (424 360 248 ) (424 360 440 ) (424 376 440 ) 
4 54 55 0 (424 360 440 ) (424 360 248 ) (432 360 248 ) (432 360 440 ) 
4 55 76 0 (424 360 248 ) (424 328 248 ) (424 328 440 ) (424 360 440 ) 
4 56 81 0 (424 296 248 ) (424 288 248 ) (424 288 440 ) (424 296 440 ) 
4 56 82 0 (424 288 248 ) (424 264 248 ) (424 264 440 ) (424 288 440 ) 
4 56 80 0 (424 320 248 ) (424 296 248 ) (424 296 440 ) (424 320 440 ) 
4 57 89 0 (424 232 248 ) (424 200 248 ) (424 200 440 ) (424 232 440 ) 
4 57 88 0 (424 248 248 ) (424 232 248 ) (424 232 440 ) (424 248 440 ) 
4 57 84 0 (424 256 248 ) (424 248 248 ) (424 248 440 ) (424 256 440 ) 
4 58 100 0 (424 144 248 ) (424 136 248 ) (424 136 440 ) (424 144 440 ) 
4 58 94 0 (424 160 248 ) (424 144 248 ) (424 144 440 ) (424 160 440 ) 
4 58 89 0 (424 192 248 ) (424 160 248 ) (424 160 440 ) (424 192 440 ) 
4 59 100 0 (424 128 248 ) (424 72 248 ) (424 72 440 ) (424 128 440 ) 
4 60 100 0 (424 64 248 ) (424 8 248 ) (424 8 440 ) (424 64 440 ) 
4 61 68 0 (368 496 248 ) (424 496 248 ) (424 496 440 ) (368 496 440 ) 
4 62 68 0 (304 496 248 ) (360 496 248 ) (360 496 440 ) (304 496 440 ) 
4 63 68 0 (240 496 248 ) (296 496 248 ) (296 496 440 ) (240 496 440 ) 
4 64 68 0 (176 496 248 ) (232 496 248 ) (232 496 440 ) (176 496 440 ) 
4 65 68 0 (112 496 248 ) (168 496 248 ) (168 496 440 ) (112 496 440 ) 
4 66 68 0 (48 496 248 ) (104 496 248 ) (104 496 440 ) (48 496 440 ) 
4 67 373 0 (0 496 440 ) (0 512 440 ) (0 512 248 ) (0 496 248 ) 
4 67 68 0 (0 496 248 ) (40 496 248 ) (40 496 440 ) (0 496 440 ) 
4 68 395 0 (0 376 440 ) (0 496 440 ) (0 496 248 ) (0 376 248 ) 
4 68 127 0 (0 376 248 ) (0 496 248 ) (24 496 248 ) (24 376 248 ) 
4 68 112 0 (24 496 248 ) (424 496 248 ) (424 376 248 ) (24 376 248 ) 
4 68 75 0 (0 376 248 ) (24 376 248 ) (24 376 440 ) (0 376 440 ) 
4 68 74 0 (32 376 248 ) (128 376 248 ) (128 376 440 ) (32 376 440 ) 
4 68 73 0 (136 376 248 ) (192 376 248 ) (192 376 440 ) (136 376 440 ) 
4 68 71 0 (256 376 248 ) (312 376 248 ) (312 376 440 ) (256 376 440 ) 
4 68 72 0 (200 376 248 ) (248 376 248 ) (248 376 440 ) (200 376 440 ) 
4 68 70 0 (320 376 248 ) (376 376 248 ) (376 376 440 ) (320 376 440 ) 
4 68 69 0 (384 376 248 ) (424 376 248 ) (424 376 440 ) (384 376 440 ) 
4 69 76 0 (384 360 248 ) (424 360 248 ) (424 360 440 ) (384 360 440 ) 
4 70 76 0 (320 360 248 ) (376 360 248 ) (376 360 440 ) (320 360 440 ) 
4 71 76 0 (256 360 248 ) (312 360 248 ) (312 360 440 ) (256 360 440 ) 
4 72 76 0 (200 360 248 ) (248 360 248 ) (248 360 440 ) (200 360 440 ) 
4 73 76 0 (136 360 248 ) (192 360 248 ) (192 360 440 ) (136 360 440 ) 
4 74 119 0 (40 376 248 ) (128 376 248 ) (128 360 248 ) (40 360 248 ) 
4 74 76 0 (32 360 248 ) (128 360 248 ) (128 360 440 ) (32 360 440 ) 
4 75 395 0 (0 360 440 ) (0 376 440 ) (0 376 248 ) (0 360 248 ) 
4 75 127 0 (0 360 248 ) (0 376 248 ) (24 376 248 ) (24 360 248 ) 
4 75 76 0 (0 360 248 ) (24 360 248 ) (24 360 440 ) (0 360 440 ) 
4 76 413 0 (0 328 440 ) (0 336 440 ) (0 336 248 ) (0 328 248 ) 
4 76 395 0 (0 336 440 ) (0 360 440 ) (0 360 248 ) (0 336 248 ) 
4 76 127 0 (0 328 248 ) (0 360 248 ) (24 360 248 ) (24 328 248 ) 
4 76 119 0 (40 360 248 ) (128 360 248 ) (128 328 248 ) (40 328 248 ) 
4 76 115 0 (200 360 248 ) (320 360 248 ) (320 328 248 ) (214 328 248 ) 
4 76 114 0 (144 360 248 ) (184 360 248 ) (198 328 248 ) (144 328 248 ) 
4 76 113 0 (320 360 248 ) (424 360 248 ) (424 328 248 ) (320 328 248 ) 
4 76 79 0 (0 328 248 ) (24 328 248 ) (24 328 440 ) (0 328 440 ) 
4 76 78 0 (40 328 248 ) (128 328 248 ) (128 328 440 ) (40 328 440 ) 
4 76 77 0 (144 328 248 ) (424 328 248 ) (424 328 440 ) (144 328 440 ) 
4 77 115 0 (214 328 248 ) (320 328 248 ) (320 320 248 ) (217.500015 320 248 ) 
4 77 114 0 (144 328 248 ) (198 328 248 ) (201.500000 320 248 ) (144 320 248 ) 
4 77 113 0 (320 328 248 ) (424 328 248 ) (424 320 248 ) (320 320 248 ) 
4 77 80 0 (144 320 248 ) (424 320 248 ) (424 320 440 ) (144 320 440 ) 
4 78 119 0 (40 328 248 ) (128 328 248 ) (128 320 248 ) (40 320 248 ) 
4 78 80 0 (40 320 248 ) (128 320 248 ) (128 320 440 ) (40 320 440 ) 
4 79 413 0 (0 320 440 ) (0 328 440 ) (0 328 248 ) (0 320 248 ) 
4 79 127 0 (0 320 248 ) (0 328 248 ) (24 328 248 ) (24 320 248 ) 
4 79 80 0 (0 320 248 ) (24 320 248 ) (24 320 440 ) (0 320 440 ) 
4 80 413 0 (0 296 440 ) (0 320 440 ) (0 320 248 ) (0 296 248 ) 
4 80 127 0 (0 296 248 ) (0 320 248 ) (24 320 248 ) (24 296 248 ) 
4 80 119 0 (40 320 248 ) (128 320 248 ) (128 296 248 ) (40 296 248 ) 
4 80 115 0 (217.500015 320 248 ) (320 320 248 ) (320 296 248 ) (228 296 248 ) 
4 80 114 0 (144 320 248 ) (201.500000 320 248 ) (212 296 248 ) (144 296 248 ) 
4 80 113 0 (320 320 248 ) (424 320 248 ) (424 296 248 ) (320 296 248 ) 
4 80 81 0 (232 296 248 ) (424 296 248 ) (424 296 440 ) (232 296 440 ) 
4 80 83 0 (0 296 248 ) (216 296 248 ) (216 296 440 ) (0 296 440 ) 
4 81 115 0 (232 296 248 ) (320 296 248 ) (320 288 248 ) (232 288 248 ) 
4 81 113 0 (320 296 248 ) (424 296 248 ) (424 288 248 ) (320 288 248 ) 
4 81 82 0 (232 288 248 ) (424 288 248 ) (424 288 440 ) (232 288 440 ) 
4 82 115 0 (320 264 248 ) (242 264 248 ) (231.500000 288 248 ) (320 288 248 ) 
3 82 114 0 (226 264 248 ) (216 264 248 ) (216 286.857178 248 ) 
4 82 113 0 (424 288 248 ) (424 264 248 ) (320 264 248 ) (320 288 248 ) 
4 82 84 0 (216 264 248 ) (424 264 248 ) (424 264 440 ) (216 264 440 ) 
4 82 83 0 (216 288 248 ) (216 264 248 ) (216 264 440 ) (216 288 440 ) 
4 83 413 0 (0 264 440 ) (0 296 440 ) (0 296 248 ) (0 264 248 ) 
4 83 127 0 (0 264 248 ) (0 296 248 ) (24 296 248 ) (24 264 248 ) 
4 83 119 0 (40 296 248 ) (128 296 248 ) (128 264 248 ) (40 264 248 ) 
5 83 114 0 (144 296 248 ) (212 296 248 ) (216 286.857178 248 ) (216 264 248 ) (144 264 248 ) 
4 83 85 0 (72 264 248 ) (136 264 248 ) (136 264 440 ) (72 264 440 ) 
4 83 86 0 (32 264 248 ) (64 264 248 ) (64 264 440 ) (32 264 440 ) 
4 83 84 0 (144 264 248 ) (216 264 248 ) (216 264 440 ) (144 264 440 ) 
4 83 87 0 (0 264 248 ) (24 264 248 ) (24 264 440 ) (0 264 440 ) 
4 84 115 0 (242 264 248 ) (320 264 248 ) (320 248 248 ) (249 248 248 ) 
4 84 114 0 (144 264 248 ) (226 264 248 ) (233 248 248 ) (144 248 248 ) 
4 84 113 0 (320 264 248 ) (424 264 248 ) (424 248 248 ) (320 248 248 ) 
4 84 88 0 (144 248 248 ) (424 248 248 ) (424 248 440 ) (144 248 440 ) 
4 85 88 0 (72 248 248 ) (136 248 248 ) (136 248 440 ) (72 248 440 ) 
4 86 88 0 (32 248 248 ) (64 248 248 ) (64 248 440 ) (32 248 440 ) 
4 87 413 0 (0 248 440 ) (0 264 440 ) (0 264 248 ) (0 248 248 ) 
4 87 127 0 (0 248 248 ) (0 264 248 ) (24 264 248 ) (24 248 248 ) 
4 87 88 0 (0 248 248 ) (24 248 248 ) (24 248 440 ) (0 248 440 ) 
4 88 413 0 (0 232 440 ) (0 248 440 ) (0 248 248 ) (0 232 248 ) 
4 88 127 0 (0 232 248 ) (0 248 248 ) (24 248 248 ) (24 232 248 ) 
4 88 120 0 (40 248 248 ) (128 248 248 ) (128 232 248 ) (40 232 248 ) 
4 88 118 0 (128 248 248 ) (144 248 248 ) (144 232 248 ) (128 232 248 ) 
4 88 115 0 (249 248 248 ) (320 248 248 ) (320 232 248 ) (256 232 248 ) 
4 88 114 0 (144 248 248 ) (233 248 248 ) (240 232 248 ) (144 232 248 ) 
4 88 113 0 (320 248 248 ) (424 248 248 ) (424 232 248 ) (320 232 248 ) 
4 88 90 0 (248 232 248 ) (304 232 248 ) (304 232 440 ) (248 232 440 ) 
4 88 89 0 (320 232 248 ) (424 232 248 ) (424 232 440 ) (320 232 440 ) 
4 88 93 0 (0 232 248 ) (240 232 248 ) (240 232 440 ) (0 232 440 ) 
4 89 113 0 (320 232 248 ) (424 232 248 ) (424 160 248 ) (320 160 248 ) 
4 89 94 0 (320 160 248 ) (424 160 248 ) (424 160 440 ) (320 160 440 ) 
4 89 91 0 (320 224 248 ) (320 160 248 ) (320 160 440 ) (320 224 440 ) 
4 90 91 0 (248 224 440 ) (248 224 248 ) (304 224 248 ) (304 224 440 ) 
4 91 116 0 (304 160 248 ) (248 160 248 ) (248 216 248 ) (304 216 248 ) 
4 91 94 0 (248 160 248 ) (320 160 248 ) (320 160 440 ) (248 160 440 ) 
4 91 92 0 (248 216 248 ) (248 160 248 ) (248 160 440 ) (248 216 440 ) 
4 92 116 0 (248 216 248 ) (248 160 248 ) (240 160 248 ) (240 216 248 ) 
4 92 93 0 (240 216 248 ) (240 160 248 ) (240 160 440 ) (240 216 440 ) 
4 93 413 0 (0 160 440 ) (0 232 440 ) (0 232 248 ) (0 160 248 ) 
4 93 127 0 (0 160 248 ) (0 232 248 ) (24 232 248 ) (24 160 248 ) 
4 93 120 0 (40 232 248 ) (128 232 248 ) (128 160 248 ) (40 160 248 ) 
4 93 118 0 (128 232 248 ) (144 232 248 ) (144 160 248 ) (128 160 248 ) 
4 93 117 0 (144 232 248 ) (240 232 248 ) (240 160 248 ) (144 160 248 ) 
4 93 99 0 (0 160 248 ) (24 160 248 ) (24 160 440 ) (0 160 440 ) 
4 93 98 0 (32 160 248 ) (64 160 248 ) (64 160 440 ) (32 160 440 ) 
4 93 97 0 (72 160 248 ) (128 160 248 ) (128 160 440 ) (72 160 440 ) 
4 93 96 0 (136 160 248 ) (152 160 248 ) (152 160 440 ) (136 160 440 ) 
4 93 95 0 (160 160 248 ) (240 160 248 ) (240 160 440 ) (160 160 440 ) 
4 94 121 0 (320 160 248 ) (424 160 248 ) (424 144 248 ) (320 144 248 ) 
4 94 101 0 (304 144 248 ) (320 144 248 ) (320 144 440 ) (304 144 440 ) 
4 94 104 0 (256 144 248 ) (304 144 248 ) (304 144 440 ) (256 144 440 ) 
4 94 100 0 (320 144 248 ) (424 144 248 ) (424 144 440 ) (320 144 440 ) 
4 95 123 0 (160 160 248 ) (240 160 248 ) (240 144 248 ) (160 144 248 ) 
4 95 106 0 (160 144 248 ) (240 144 248 ) (240 144 440 ) (160 144 440 ) 
4 96 106 0 (136 144 248 ) (152 144 248 ) (152 144 440 ) (136 144 440 ) 
4 97 106 0 (72 144 248 ) (128 144 248 ) (128 144 440 ) (72 144 440 ) 
4 98 106 0 (32 144 248 ) (64 144 248 ) (64 144 440 ) (32 144 440 ) 
4 99 413 0 (0 144 440 ) (0 160 440 ) (0 160 248 ) (0 144 248 ) 
4 99 127 0 (0 144 248 ) (0 160 248 ) (24 160 248 ) (24 144 248 ) 
4 99 106 0 (0 144 248 ) (24 144 248 ) (24 144 440 ) (0 144 440 ) 
4 100 238 0 (320 0 248 ) (424 0 248 ) (424 0 440 ) (320 0 440 ) 
4 100 121 0 (424 0 248 ) (320 0 248 ) (320 144 248 ) (424 144 248 ) 
4 100 103 0 (320 112 248 ) (320 32 248 ) (320 32 440 ) (320 112 440 ) 
4 100 101 0 (320 144 440 ) (320 144 248 ) (320 128 248 ) (320 128 440 ) 
4 100 110 0 (320 24 248 ) (320 0 248 ) (320 0 440 ) (320 24 440 ) 
4 101 102 0 (304 128 440 ) (304 128 248 ) (312 128 248 ) (312 128 440 ) 
4 101 104 0 (304 144 440 ) (304 144 248 ) (304 128 248 ) (304 128 440 ) 
4 102 103 0 (304 112 440 ) (304 112 248 ) (312 112 248 ) (312 112 440 ) 
4 102 104 0 (304 128 248 ) (304 112 248 ) (304 112 440 ) (304 128 440 ) 
4 103 104 0 (304 112 248 ) (304 32 248 ) (304 32 440 ) (304 112 440 ) 
4 104 122 0 (256 144 248 ) (304 144 248 ) (304 24 248 ) (256 24 248 ) 
4 104 105 0 (256 136 248 ) (256 32 248 ) (256 32 440 ) (256 136 440 ) 
4 104 110 0 (256 24 248 ) (304 24 248 ) (304 24 440 ) (256 24 440 ) 
4 105 107 0 (240 104 248 ) (240 96 248 ) (240 96 440 ) (240 104 440 ) 
4 105 108 0 (240 96 248 ) (240 32 248 ) (240 32 440 ) (240 96 440 ) 
4 105 106 0 (240 136 248 ) (240 104 248 ) (240 104 440 ) (240 136 440 ) 
4 106 413 0 (0 104 440 ) (0 144 440 ) (0 144 248 ) (0 104 248 ) 
4 106 127 0 (0 104 248 ) (0 144 248 ) (24 144 248 ) (24 104 248 ) 
4 106 124 0 (144 144 248 ) (240 144 248 ) (240 104 248 ) (144 104 248 ) 
4 106 125 0 (24 144 248 ) (128 144 248 ) (128 104 248 ) (24 104 248 ) 
4 106 107 0 (144 104 248 ) (240 104 248 ) (240 104 440 ) (144 104 440 ) 
4 106 109 0 (0 104 248 ) (128 104 248 ) (128 104 440 ) (0 104 440 ) 
4 107 124 0 (144 104 248 ) (240 104 248 ) (240 96 248 ) (144 96 248 ) 
4 107 108 0 (144 96 248 ) (240 96 248 ) (240 96 440 ) (144 96 440 ) 
4 108 126 0 (240 96 248 ) (240 24 248 ) (128 24 248 ) (128 96 248 ) 
4 108 109 0 (128 96 248 ) (128 24 248 ) (128 24 440 ) (128 96 440 ) 
4 108 110 0 (128 24 248 ) (240 24 248 ) (240 24 440 ) (128 24 440 ) 
4 109 413 0 (0 24 440 ) (0 104 440 ) (0 104 248 ) (0 24 248 ) 
4 109 127 0 (0 24 248 ) (0 104 248 ) (24 104 248 ) (24 24 248 ) 
4 109 125 0 (24 104 248 ) (128 104 248 ) (128 96 248 ) (24 96 248 ) 
4 109 126 0 (128 96 248 ) (128 24 248 ) (24 24 248 ) (24 96 248 ) 
4 109 110 0 (0 24 248 ) (128 24 248 ) (128 24 440 ) (0 24 440 ) 
4 110 413 0 (0 0 248 ) (0 0 440 ) (0 24 440 ) (0 24 248 ) 
4 110 241 0 (0 0 440 ) (0 0 248 ) (40 0 248 ) (40 0 440 ) 
4 110 240 0 (48 0 248 ) (104 0 248 ) (104 0 440 ) (48 0 440 ) 
4 110 239 0 (112 0 248 ) (136 0 248 ) (136 0 440 ) (112 0 440 ) 
4 110 238 0 (144 0 248 ) (320 0 248 ) (320 0 440 ) (144 0 440 ) 
4 110 127 0 (24 0 248 ) (0 0 248 ) (0 24 248 ) (24 24 248 ) 
4 110 126 0 (240 0 248 ) (24 0 248 ) (24 24 248 ) (240 24 248 ) 
4 110 122 0 (304 0 248 ) (256 0 248 ) (256 24 248 ) (304 24 248 ) 
4 111 325 0 (440 0 240 ) (464 0 240 ) (464 0 248 ) (440 0 248 ) 
4 111 227 0 (464 0 240 ) (964 0 240 ) (964 0 248 ) (464 0 248 ) 
4 111 128 0 (964 0 240 ) (440 0 240 ) (440 512 240 ) (964 512 240 ) 
4 112 127 0 (24 496 240 ) (24 376 240 ) (24 376 248 ) (24 496 248 ) 
4 112 119 0 (40 376 240 ) (128 376 240 ) (128 376 248 ) (40 376 248 ) 
4 113 132 0 (328 160 240 ) (320 160 240 ) (320 232 240 ) (328 232 240 ) 
4 113 131 0 (320 232 240 ) (320 352 240 ) (328 352 240 ) (328 232 240 ) 
4 113 129 0 (424 352 240 ) (424 160 240 ) (328 160 240 ) (328 352 240 ) 
4 113 121 0 (320 160 240 ) (424 160 240 ) (424 160 248 ) (320 160 248 ) 
4 113 115 0 (320 360 240 ) (320 232 240 ) (320 232 248 ) (320 360 248 ) 
4 114 118 0 (144 248 240 ) (144 232 240 ) (144 232 248 ) (144 248 248 ) 
4 114 117 0 (144 232 248 ) (144 232 240 ) (240 232 240 ) (240 232 248 ) 
4 115 131 0 (320 352 240 ) (320 232 240 ) (264 232 240 ) (208 352 240 ) 
4 116 117 0 (240 216 240 ) (240 160 240 ) (240 160 248 ) (240 216 248 ) 
4 117 123 0 (160 160 240 ) (240 160 240 ) (240 160 248 ) (160 160 248 ) 
4 117 118 0 (144 232 240 ) (144 160 240 ) (144 160 248 ) (144 232 248 ) 
4 118 120 0 (128 248 240 ) (128 160 240 ) (128 160 248 ) (128 248 248 ) 
4 121 326 0 (320 0 240 ) (424 0 240 ) (424 0 248 ) (320 0 248 ) 
4 121 132 0 (328 0 240 ) (320 0 240 ) (320 160 240 ) (328 160 240 ) 
4 121 130 0 (424 0 240 ) (416 0 240 ) (416 24 240 ) (424 24 240 ) 
4 121 129 0 (328 24 240 ) (328 160 240 ) (424 160 240 ) (424 24 240 ) 
4 122 327 0 (256 0 240 ) (304 0 240 ) (304 0 248 ) (256 0 248 ) 
4 123 124 0 (160 144 240 ) (240 144 240 ) (240 144 248 ) (160 144 248 ) 
4 124 126 0 (144 96 240 ) (240 96 240 ) (240 96 248 ) (144 96 248 ) 
4 125 127 0 (24 144 240 ) (24 96 240 ) (24 96 248 ) (24 144 248 ) 
4 125 126 0 (24 96 248 ) (24 96 240 ) (128 96 240 ) (128 96 248 ) 
4 126 328 0 (144 0 240 ) (240 0 240 ) (240 0 248 ) (144 0 248 ) 
4 126 127 0 (24 96 240 ) (24 0 240 ) (24 0 248 ) (24 96 248 ) 
4 127 413 0 (0 0 240 ) (0 0 248 ) (0 336 248 ) (0 336 240 ) 
4 127 395 0 (0 336 248 ) (0 496 248 ) (0 496 240 ) (0 336 240 ) 
4 128 325 0 (440 0 208 ) (464 0 208 ) (464 0 240 ) (440 0 240 ) 
4 128 227 0 (464 0 208 ) (964 0 208 ) (964 0 240 ) (464 0 240 ) 
4 128 150 0 (964 0 208 ) (440 0 208 ) (440 512 208 ) (964 512 208 ) 
4 128 147 0 (440 40 208 ) (440 16 208 ) (440 16 224 ) (440 40 224 ) 
4 128 148 0 (440 16 208 ) (440 8 208 ) (440 8 224 ) (440 16 224 ) 
4 128 146 0 (440 8 232 ) (440 24 232 ) (440 24 224 ) (440 8 224 ) 
4 128 145 0 (440 24 232 ) (440 40 232 ) (440 40 224 ) (440 24 224 ) 
4 128 142 0 (440 136 208 ) (440 64 208 ) (440 64 232 ) (440 136 232 ) 
4 128 138 0 (440 264 208 ) (440 192 208 ) (440 192 232 ) (440 264 232 ) 
4 128 136 0 (440 328 208 ) (440 320 208 ) (440 320 232 ) (440 328 232 ) 
4 128 135 0 (440 384 208 ) (440 328 208 ) (440 328 232 ) (440 384 232 ) 
4 128 133 0 (440 504 208 ) (440 456 208 ) (440 456 232 ) (440 504 232 ) 
4 128 134 0 (440 448 208 ) (440 392 208 ) (440 392 232 ) (440 448 232 ) 
4 128 137 0 (440 320 208 ) (440 264 208 ) (440 264 232 ) (440 320 232 ) 
4 128 141 0 (440 192 208 ) (440 136 208 ) (440 136 232 ) (440 192 232 ) 
4 128 144 0 (440 64 208 ) (440 40 208 ) (440 40 232 ) (440 64 232 ) 
4 128 130 0 (440 0 232 ) (440 0 240 ) (440 24 240 ) (440 24 232 ) 
4 128 129 0 (440 24 240 ) (440 352 240 ) (440 352 232 ) (440 24 232 ) 
4 129 145 0 (440 40 232 ) (440 24 232 ) (328 24 232 ) (328 40 232 ) 
4 129 142 0 (440 136 232 ) (440 64 232 ) (328 64 232 ) (328 136 232 ) 
4 129 138 0 (440 264 232 ) (440 192 232 ) (328 192 232 ) (328 264 232 ) 
4 129 136 0 (440 328 232 ) (440 320 232 ) (328 320 232 ) (328 328 232 ) 
4 129 135 0 (440 352 232 ) (440 328 232 ) (328 328 232 ) (328 352 232 ) 
4 129 137 0 (440 320 232 ) (440 264 232 ) (328 264 232 ) (328 320 232 ) 
4 129 141 0 (440 192 232 ) (440 136 232 ) (328 136 232 ) (328 192 232 ) 
4 129 144 0 (440 64 232 ) (440 40 232 ) (328 40 232 ) (328 64 232 ) 
4 129 132 0 (328 232 232 ) (328 24 232 ) (328 24 240 ) (328 232 240 ) 
4 129 131 0 (328 352 240 ) (328 352 232 ) (328 232 232 ) (328 232 240 ) 
4 129 130 0 (416 24 232 ) (440 24 232 ) (440 24 240 ) (416 24 240 ) 
4 130 146 0 (440 24 232 ) (440 8 232 ) (416 8 232 ) (416 24 232 ) 
4 131 140 0 (320 232 232 ) (264 232 232 ) (252.800003 256 232 ) (320 256 232 ) 
4 131 139 0 (252.800003 256 232 ) (249.066666 264 232 ) (320 264 232 ) (320 256 232 ) 
4 131 138 0 (328 264 232 ) (328 232 232 ) (320 232 232 ) (320 264 232 ) 
4 131 136 0 (328 328 232 ) (328 320 232 ) (222.933334 320 232 ) (219.199997 328 232 ) 
4 131 135 0 (208 352 232 ) (328 352 232 ) (328 328 232 ) (219.199997 328 232 ) 
4 131 137 0 (328 320 232 ) (328 264 232 ) (249.066666 264 232 ) (222.933334 320 232 ) 
4 131 132 0 (304 232 232 ) (328 232 232 ) (328 232 240 ) (304 232 240 ) 
4 132 149 0 (304 8 232 ) (304 40 232 ) (328 40 232 ) (328 8 232 ) 
4 132 143 0 (304 72 232 ) (304 128 232 ) (320 128 232 ) (320 72 232 ) 
4 132 142 0 (320 136 232 ) (328 136 232 ) (328 64 232 ) (320 64 232 ) 
4 132 140 0 (304 200 232 ) (304 232 232 ) (320 232 232 ) (320 200 232 ) 
4 132 138 0 (320 232 232 ) (328 232 232 ) (328 192 232 ) (320 192 232 ) 
4 132 141 0 (304 136 232 ) (304 192 232 ) (328 192 232 ) (328 136 232 ) 
4 132 144 0 (304 40 232 ) (304 64 232 ) (328 64 232 ) (328 40 232 ) 
4 133 423 0 (0 456 232 ) (0 496 232 ) (0 496 208 ) (0 456 208 ) 
4 133 381 0 (0 496 232 ) (0 504 232 ) (0 504 208 ) (0 496 208 ) 
4 133 153 0 (304 496 208 ) (424 496 208 ) (424 456 208 ) (304 456 208 ) 
4 133 152 0 (0 496 208 ) (0 504 208 ) (24 504 208 ) (24 496 208 ) 
4 133 151 0 (424 504 208 ) (440 504 208 ) (440 456 208 ) (424 456 208 ) 
4 134 424 0 (0 392 232 ) (0 448 232 ) (0 448 208 ) (0 392 208 ) 
4 134 153 0 (304 448 208 ) (424 448 208 ) (424 392 208 ) (304 392 208 ) 
4 134 151 0 (424 448 208 ) (440 448 208 ) (440 392 208 ) (424 392 208 ) 
4 135 425 0 (0 328 232 ) (0 384 232 ) (0 384 208 ) (0 328 208 ) 
4 135 155 0 (200 360 208 ) (424 360 208 ) (424 328 208 ) (214 328 208 ) 
4 135 154 0 (0 328 208 ) (0 360 208 ) (184 360 208 ) (198 328 208 ) 
4 135 153 0 (304 384 208 ) (424 384 208 ) (424 376 208 ) (304 376 208 ) 
4 135 151 0 (424 384 208 ) (440 384 208 ) (440 328 208 ) (424 328 208 ) 
4 135 136 0 (216 328 208 ) (440 328 208 ) (440 328 232 ) (216 328 232 ) 
5 136 155 0 (216 328 208 ) (424 328 208 ) (424 320 208 ) (217.500000 320 208 ) (216 323.428589 208 ) 
4 136 151 0 (424 328 208 ) (440 328 208 ) (440 320 208 ) (424 320 208 ) 
4 136 137 0 (216 320 208 ) (440 320 208 ) (440 320 232 ) (216 320 232 ) 
4 137 426 0 (0 264 232 ) (0 320 232 ) (0 320 208 ) (0 264 208 ) 
4 137 155 0 (217.500015 320 208 ) (424 320 208 ) (424 264 208 ) (242 264 208 ) 
4 137 154 0 (0 264 208 ) (0 320 208 ) (201.500031 320 208 ) (226 264 208 ) 
4 137 151 0 (424 320 208 ) (440 320 208 ) (440 264 208 ) (424 264 208 ) 
4 137 139 0 (240 264 208 ) (320 264 208 ) (320 264 232 ) (240 264 232 ) 
4 137 138 0 (320 264 208 ) (440 264 208 ) (440 264 232 ) (320 264 232 ) 
4 138 158 0 (424 216 208 ) (424 192 208 ) (328 192 208 ) (328 216 208 ) 
4 138 161 0 (328 192 208 ) (320 192 208 ) (320 216 208 ) (328 216 208 ) 
4 138 156 0 (424 232 208 ) (424 216 208 ) (320 216 208 ) (320 232 208 ) 
4 138 155 0 (320 264 208 ) (424 264 208 ) (424 232 208 ) (320 232 208 ) 
4 138 151 0 (424 264 208 ) (440 264 208 ) (440 192 208 ) (424 192 208 ) 
4 138 140 0 (320 256 208 ) (320 200 208 ) (320 200 232 ) (320 256 232 ) 
4 138 139 0 (320 264 232 ) (320 264 208 ) (320 256 208 ) (320 256 232 ) 
4 138 141 0 (320 192 208 ) (440 192 208 ) (440 192 232 ) (320 192 232 ) 
4 139 155 0 (242 264 208 ) (320 264 208 ) (320 256 208 ) (245.500015 256 208 ) 
4 139 140 0 (240 256 208 ) (320 256 208 ) (320 256 232 ) (240 256 232 ) 
4 140 427 0 (0 200 232 ) (0 256 232 ) (0 256 208 ) (0 200 208 ) 
4 140 162 0 (0 200 208 ) (0 216 208 ) (304 216 208 ) (304 200 208 ) 
4 140 157 0 (0 216 208 ) (0 232 208 ) (240 232 208 ) (240 216 208 ) 
4 140 155 0 (245.500015 256 208 ) (320 256 208 ) (320 232 208 ) (256 232 208 ) 
4 140 154 0 (0 232 208 ) (0 256 208 ) (229.500000 256 208 ) (240 232 208 ) 
4 141 428 0 (0 136 232 ) (0 192 232 ) (0 192 208 ) (0 136 208 ) 
4 141 162 0 (0 136 208 ) (0 192 208 ) (304 192 208 ) (304 136 208 ) 
4 141 158 0 (328 192 208 ) (424 192 208 ) (424 136 208 ) (328 136 208 ) 
4 141 161 0 (320 192 208 ) (328 192 208 ) (328 136 208 ) (320 136 208 ) 
4 141 142 0 (320 136 208 ) (440 136 208 ) (440 136 232 ) (320 136 232 ) 
4 142 158 0 (328 136 208 ) (424 136 208 ) (424 64 208 ) (328 64 208 ) 
4 142 161 0 (320 136 208 ) (328 136 208 ) (328 64 208 ) (320 64 208 ) 
4 142 143 0 (320 128 208 ) (320 72 208 ) (320 72 232 ) (320 128 232 ) 
4 142 144 0 (320 64 208 ) (440 64 208 ) (440 64 232 ) (320 64 232 ) 
4 143 429 0 (0 72 232 ) (0 128 232 ) (0 128 208 ) (0 72 208 ) 
4 143 162 0 (0 72 208 ) (0 128 208 ) (304 128 208 ) (304 72 208 ) 
4 144 430 0 (0 40 232 ) (0 64 232 ) (0 64 208 ) (0 40 208 ) 
4 144 162 0 (0 40 208 ) (0 64 208 ) (304 64 208 ) (304 40 208 ) 
4 144 159 0 (416 64 208 ) (424 64 208 ) (424 40 208 ) (416 40 208 ) 
4 144 161 0 (320 64 208 ) (328 64 208 ) (328 40 208 ) (320 40 208 ) 
4 144 149 0 (0 40 208 ) (328 40 208 ) (328 40 232 ) (0 40 232 ) 
4 144 147 0 (416 40 208 ) (440 40 208 ) (440 40 224 ) (416 40 224 ) 
4 144 145 0 (440 40 224 ) (440 40 232 ) (328 40 232 ) (328 40 224 ) 
4 145 149 0 (328 40 232 ) (328 40 224 ) (328 24 224 ) (328 24 232 ) 
4 145 147 0 (416 40 224 ) (440 40 224 ) (440 24 224 ) (416 24 224 ) 
4 145 146 0 (416 24 224 ) (440 24 224 ) (440 24 232 ) (416 24 232 ) 
4 146 147 0 (416 24 224 ) (440 24 224 ) (440 16 224 ) (416 16 224 ) 
4 146 148 0 (440 16 224 ) (440 8 224 ) (416 8 224 ) (416 16 224 ) 
4 147 159 0 (416 40 208 ) (424 40 208 ) (424 16 208 ) (416 16 208 ) 
4 147 148 0 (440 16 208 ) (440 16 224 ) (416 16 224 ) (416 16 208 ) 
4 148 160 0 (328 8 208 ) (328 16 208 ) (416 16 208 ) (416 8 208 ) 
4 148 159 0 (416 16 208 ) (424 16 208 ) (424 8 208 ) (416 8 208 ) 
4 148 149 0 (328 16 208 ) (328 8 208 ) (328 8 224 ) (328 16 224 ) 
4 149 430 0 (0 8 232 ) (0 40 232 ) (0 40 208 ) (0 8 208 ) 
4 149 162 0 (0 8 208 ) (0 40 208 ) (304 40 208 ) (304 8 208 ) 
4 149 161 0 (320 40 208 ) (328 40 208 ) (328 8 208 ) (320 8 208 ) 
4 150 340 0 (440 0 200 ) (964 0 200 ) (964 0 208 ) (440 0 208 ) 
4 150 165 0 (964 0 200 ) (448 0 200 ) (448 392 200 ) (964 392 200 ) 
4 150 163 0 (440 392 200 ) (440 512 200 ) (964 512 200 ) (964 392 200 ) 
4 150 151 0 (440 512 200 ) (440 192 200 ) (440 192 208 ) (440 512 208 ) 
4 151 168 0 (424 264 200 ) (424 360 200 ) (440 360 200 ) (440 264 200 ) 
4 151 169 0 (424 192 200 ) (424 256 200 ) (440 256 200 ) (440 192 200 ) 
4 151 167 0 (424 360 200 ) (424 376 200 ) (432 376 200 ) (432 360 200 ) 
4 151 166 0 (424 376 200 ) (424 384 200 ) (440 384 200 ) (440 376 200 ) 
4 151 164 0 (424 392 200 ) (424 496 200 ) (432 496 200 ) (432 392 200 ) 
4 151 163 0 (432 512 200 ) (440 512 200 ) (440 392 200 ) (432 392 200 ) 
4 151 158 0 (424 216 200 ) (424 192 200 ) (424 192 208 ) (424 216 208 ) 
4 151 156 0 (424 232 200 ) (424 216 200 ) (424 216 208 ) (424 232 208 ) 
4 151 155 0 (424 360 200 ) (424 232 200 ) (424 232 208 ) (424 360 208 ) 
4 151 153 0 (424 496 200 ) (424 376 200 ) (424 376 208 ) (424 496 208 ) 
4 152 383 0 (0 496 208 ) (0 512 208 ) (0 512 200 ) (0 496 200 ) 
4 152 180 0 (16 512 200 ) (24 512 200 ) (24 496 200 ) (16 496 200 ) 
4 152 181 0 (0 496 200 ) (0 512 200 ) (16 512 200 ) (16 496 200 ) 
4 153 175 0 (424 488 200 ) (424 376 200 ) (304 376 200 ) (304 488 200 ) 
4 154 459 0 (0 232 208 ) (0 360 208 ) (0 360 200 ) (0 232 200 ) 
4 154 220 0 (0 232 200 ) (0 352 200 ) (187.500015 352 200 ) (240 232 200 ) 
4 154 157 0 (0 232 200 ) (240 232 200 ) (240 232 208 ) (0 232 208 ) 
3 155 218 0 (256 232 200 ) (252.500000 240 200 ) (256 240 200 ) 
4 155 216 0 (208 360 200 ) (280 360 200 ) (280 240 200 ) (264 240 200 ) 
3 155 215 0 (200 360 200 ) (256 240 200 ) (252.500000 240 200 ) 
4 155 211 0 (328 352 200 ) (328 240 200 ) (304 240 200 ) (304 352 200 ) 
4 155 212 0 (304 240 200 ) (280 240 200 ) (280 352 200 ) (304 352 200 ) 
4 155 191 0 (416 232 200 ) (328 232 200 ) (328 352 200 ) (416 352 200 ) 
4 155 156 0 (320 232 200 ) (424 232 200 ) (424 232 208 ) (320 232 208 ) 
4 156 191 0 (328 232 200 ) (416 232 200 ) (416 216 200 ) (328 216 200 ) 
4 156 158 0 (328 216 200 ) (424 216 200 ) (424 216 208 ) (328 216 208 ) 
4 156 161 0 (320 216 200 ) (328 216 200 ) (328 216 208 ) (320 216 208 ) 
4 157 459 0 (0 216 208 ) (0 232 208 ) (0 232 200 ) (0 216 200 ) 
4 157 222 0 (0 216 200 ) (0 232 200 ) (240 232 200 ) (240 216 200 ) 
4 157 162 0 (0 216 200 ) (240 216 200 ) (240 216 208 ) (0 216 208 ) 
4 158 191 0 (328 64 200 ) (328 216 200 ) (416 216 200 ) (416 64 200 ) 
4 158 159 0 (416 64 200 ) (424 64 200 ) (424 64 208 ) (416 64 208 ) 
4 158 161 0 (328 216 208 ) (328 216 200 ) (328 64 200 ) (328 64 208 ) 
4 159 341 0 (416 0 200 ) (424 0 200 ) (424 0 208 ) (416 0 208 ) 
4 159 160 0 (416 40 200 ) (416 0 200 ) (416 0 208 ) (416 40 208 ) 
4 160 341 0 (328 0 200 ) (416 0 200 ) (416 0 208 ) (328 0 208 ) 
4 160 192 0 (416 0 200 ) (328 0 200 ) (328 40 200 ) (416 40 200 ) 
4 160 161 0 (328 40 200 ) (328 0 200 ) (328 0 208 ) (328 40 208 ) 
4 161 341 0 (320 0 200 ) (328 0 200 ) (328 0 208 ) (320 0 208 ) 
4 162 459 0 (0 0 200 ) (0 0 208 ) (0 216 208 ) (0 216 200 ) 
4 162 341 0 (0 0 208 ) (0 0 200 ) (304 0 200 ) (304 0 208 ) 
4 162 222 0 (304 0 200 ) (0 0 200 ) (0 216 200 ) (304 216 200 ) 
4 163 170 0 (432 512 8 ) (964 512 8 ) (964 392 8 ) (432 392 8 ) 
4 163 165 0 (448 392 8 ) (964 392 8 ) (964 392 200 ) (448 392 200 ) 
4 163 164 0 (432 496 8 ) (432 392 8 ) (432 392 200 ) (432 496 200 ) 
4 164 175 0 (424 392 200 ) (424 488 200 ) (424 488 8 ) (424 392 8 ) 
4 164 170 0 (424 392 8 ) (424 496 8 ) (432 496 8 ) (432 392 8 ) 
4 165 342 0 (964 0 200 ) (448 0 200 ) (448 0 8 ) (964 0 8 ) 
4 165 171 0 (964 0 8 ) (448 0 8 ) (448 392 8 ) (964 392 8 ) 
4 166 175 0 (424 376 200 ) (424 384 200 ) (424 384 8 ) (424 376 8 ) 
4 166 172 0 (424 376 8 ) (424 384 8 ) (440 384 8 ) (440 376 8 ) 
4 166 167 0 (424 376 200 ) (424 376 8 ) (432 376 8 ) (432 376 200 ) 
4 167 187 0 (424 360 200 ) (424 376 200 ) (424 376 8 ) (424 360 8 ) 
4 167 172 0 (424 360 8 ) (424 376 8 ) (432 376 8 ) (432 360 8 ) 
4 167 168 0 (424 360 200 ) (424 360 8 ) (432 360 8 ) (432 360 200 ) 
4 168 172 0 (424 264 8 ) (424 360 8 ) (440 360 8 ) (440 264 8 ) 
4 169 172 0 (424 192 8 ) (424 256 8 ) (440 256 8 ) (440 192 8 ) 
4 170 225 0 (424 392 0 ) (424 512 0 ) (964 512 0 ) (964 392 0 ) 
4 170 175 0 (424 488 0 ) (424 392 0 ) (424 392 8 ) (424 488 8 ) 
4 170 172 0 (440 392 8 ) (424 392 8 ) (424 392 0 ) (440 392 0 ) 
4 170 171 0 (964 392 0 ) (964 392 8 ) (448 392 8 ) (448 392 0 ) 
4 171 342 0 (448 0 0 ) (964 0 0 ) (964 0 8 ) (448 0 8 ) 
4 171 225 0 (964 0 0 ) (448 0 0 ) (448 392 0 ) (964 392 0 ) 
4 172 225 0 (424 192 0 ) (424 392 0 ) (440 392 0 ) (440 192 0 ) 
4 172 175 0 (424 392 0 ) (424 376 0 ) (424 376 8 ) (424 392 8 ) 
4 175 225 0 (424 488 0 ) (424 376 0 ) (304 376 0 ) (304 488 0 ) 
4 175 189 0 (320 376 200 ) (304 376 200 ) (304 376 8 ) (320 376 8 ) 
4 175 187 0 (424 376 8 ) (424 376 200 ) (392 376 200 ) (392 376 8 ) 
4 175 188 0 (384 376 200 ) (328 376 200 ) (328 376 8 ) (384 376 8 ) 
4 175 183 0 (304 408 200 ) (304 464 200 ) (304 464 8 ) (304 408 8 ) 
4 175 184 0 (304 376 8 ) (304 376 200 ) (304 400 200 ) (304 400 8 ) 
4 175 182 0 (304 472 200 ) (304 488 200 ) (304 488 8 ) (304 472 8 ) 
4 180 225 0 (16 512 0 ) (24 512 0 ) (24 496 0 ) (16 496 0 ) 
4 180 181 0 (16 496 200 ) (16 512 200 ) (16 512 0 ) (16 496 0 ) 
4 181 460 0 (0 488 200 ) (0 496 200 ) (0 496 0 ) (0 488 0 ) 
4 181 385 0 (0 496 200 ) (0 512 200 ) (0 512 0 ) (0 496 0 ) 
4 181 225 0 (0 488 0 ) (0 512 0 ) (16 512 0 ) (16 488 0 ) 
4 181 186 0 (0 488 0 ) (16 488 0 ) (16 488 200 ) (0 488 200 ) 
4 184 189 0 (304 376 8 ) (304 376 200 ) (288 376 200 ) (288 376 8 ) 
4 185 225 0 (200 488 0 ) (280 488 0 ) (280 376 0 ) (200 376 0 ) 
4 185 190 0 (200 376 0 ) (280 376 0 ) (280 376 200 ) (200 376 200 ) 
4 185 186 0 (200 488 200 ) (200 488 0 ) (200 384 0 ) (200 384 200 ) 
4 186 460 0 (0 384 200 ) (0 488 200 ) (0 488 0 ) (0 384 0 ) 
4 186 225 0 (0 384 0 ) (0 488 0 ) (200 488 0 ) (200 384 0 ) 
4 190 225 0 (200 376 0 ) (280 376 0 ) (280 360 0 ) (200 360 0 ) 
4 190 216 0 (280 360 16 ) (280 360 200 ) (208 360 200 ) (208 360 16 ) 
4 191 211 0 (328 240 200 ) (328 352 200 ) (328 352 192 ) (328 240 192 ) 
4 191 193 0 (328 80 192 ) (328 352 192 ) (416 352 192 ) (416 80 192 ) 
4 192 343 0 (416 0 200 ) (328 0 200 ) (328 0 192 ) (416 0 192 ) 
4 192 194 0 (328 0 192 ) (328 40 192 ) (416 40 192 ) (416 0 192 ) 
4 193 211 0 (328 240 192 ) (328 352 192 ) (328 352 176 ) (328 240 176 ) 
4 193 203 0 (328 96 176 ) (328 120 176 ) (416 120 176 ) (416 96 176 ) 
4 193 199 0 (328 120 176 ) (328 144 176 ) (416 144 176 ) (416 120 176 ) 
4 193 196 0 (328 144 176 ) (328 168 176 ) (416 168 176 ) (416 144 176 ) 
4 193 195 0 (328 168 176 ) (328 352 176 ) (416 352 176 ) (416 168 176 ) 
4 194 343 0 (416 0 192 ) (328 0 192 ) (328 0 176 ) (416 0 176 ) 
4 194 207 0 (328 0 176 ) (328 56 176 ) (416 56 176 ) (416 0 176 ) 
4 195 211 0 (328 240 176 ) (328 352 176 ) (328 352 112 ) (328 240 112 ) 
4 195 197 0 (328 192 112 ) (328 352 112 ) (416 352 112 ) (416 192 112 ) 
4 195 196 0 (416 168 128 ) (416 168 176 ) (328 168 176 ) (328 168 128 ) 
4 196 199 0 (416 144 144 ) (416 144 176 ) (328 144 176 ) (328 144 144 ) 
4 197 211 0 (328 352 112 ) (328 352 96 ) (328 240 96 ) (328 240 112 ) 
4 197 201 0 (328 216 96 ) (328 352 96 ) (416 352 96 ) (416 216 96 ) 
4 198 202 0 (328 144 96 ) (328 168 96 ) (416 168 96 ) (416 144 96 ) 
4 198 200 0 (328 144 96 ) (416 144 96 ) (416 144 112 ) (328 144 112 ) 
4 199 203 0 (416 120 160 ) (416 120 176 ) (328 120 176 ) (328 120 160 ) 
4 200 204 0 (416 120 96 ) (416 120 128 ) (328 120 128 ) (328 120 96 ) 
4 200 202 0 (416 120 96 ) (328 120 96 ) (328 144 96 ) (416 144 96 ) 
4 201 211 0 (328 352 96 ) (328 352 80 ) (328 240 80 ) (328 240 96 ) 
4 201 205 0 (328 240 80 ) (328 352 80 ) (416 352 80 ) (416 240 80 ) 
4 202 206 0 (328 120 80 ) (328 192 80 ) (416 192 80 ) (416 120 80 ) 
4 202 204 0 (328 120 80 ) (416 120 80 ) (416 120 96 ) (328 120 96 ) 
4 204 208 0 (416 96 80 ) (416 96 144 ) (328 96 144 ) (328 96 80 ) 
4 204 206 0 (416 96 80 ) (328 96 80 ) (328 120 80 ) (416 120 80 ) 
4 205 211 0 (328 352 80 ) (328 352 64 ) (328 240 64 ) (328 240 80 ) 
4 206 209 0 (328 96 64 ) (328 216 64 ) (416 216 64 ) (416 96 64 ) 
4 206 208 0 (328 96 64 ) (416 96 64 ) (416 96 80 ) (328 96 80 ) 
4 207 343 0 (416 0 176 ) (328 0 176 ) (328 0 160 ) (416 0 160 ) 
4 207 208 0 (328 0 160 ) (328 72 160 ) (416 72 160 ) (416 0 160 ) 
4 208 343 0 (328 0 160 ) (328 0 64 ) (416 0 64 ) (416 0 160 ) 
4 208 209 0 (328 0 64 ) (328 96 64 ) (416 96 64 ) (416 0 64 ) 
4 209 343 0 (416 0 48 ) (416 0 64 ) (328 0 64 ) (328 0 48 ) 
4 209 210 0 (328 0 48 ) (328 240 48 ) (416 240 48 ) (416 0 48 ) 
4 210 343 0 (328 0 0 ) (416 0 0 ) (416 0 48 ) (328 0 48 ) 
4 210 225 0 (416 0 0 ) (328 0 0 ) (328 352 0 ) (416 352 0 ) 
4 210 213 0 (328 352 0 ) (328 240 0 ) (328 240 32 ) (328 352 32 ) 
4 211 212 0 (304 352 200 ) (304 352 48 ) (304 240 48 ) (304 240 200 ) 
4 212 216 0 (280 240 32 ) (280 240 200 ) (280 352 200 ) (280 352 32 ) 
4 213 225 0 (328 352 0 ) (328 240 0 ) (304 240 0 ) (304 352 0 ) 
4 213 214 0 (304 240 0 ) (304 240 16 ) (304 352 16 ) (304 352 0 ) 
4 214 225 0 (304 240 0 ) (280 240 0 ) (280 352 0 ) (304 352 0 ) 
4 215 219 0 (200.003342 360 200 ) (200.003342 360 16 ) (203.503296 352 16 ) (203.503296 352 200 ) 
4 215 220 0 (203.503296 352 16 ) (252.502731 240 16 ) (252.502731 240 200 ) (203.503296 352 200 ) 
4 215 218 0 (252.500000 240 200 ) (252.500000 240 16 ) (256 240 16 ) (256 240 200 ) 
3 215 217 0 (256 240 16 ) (252.500000 240 16 ) (200 360 16 ) 
3 217 225 0 (200 360 0 ) (256 240 0 ) (252.500000 240 0 ) 
4 217 219 0 (200.003342 360 16 ) (200.003342 360 8 ) (203.503296 352 8 ) (203.503296 352 16 ) 
4 217 220 0 (203.503296 352 8 ) (252.502731 240 8 ) (252.502731 240 16 ) (203.503296 352 16 ) 
4 217 218 0 (252.500000 240 16 ) (252.500000 240 0 ) (256 240 0 ) (256 240 16 ) 
3 218 225 0 (256 232 0 ) (252.500000 240 0 ) (256 240 0 ) 
4 218 220 0 (256.002686 232 8 ) (256.002686 232 200 ) (252.502731 240 200 ) (252.502731 240 8 ) 
4 219 220 0 (200 352 8 ) (203.500000 352 8 ) (203.500000 352 200 ) (200 352 200 ) 
4 220 461 0 (0 232 200 ) (0 352 200 ) (0 352 8 ) (0 232 8 ) 
4 220 222 0 (256 232 8 ) (256 232 200 ) (0 232 200 ) (0 232 8 ) 
4 220 221 0 (240 232 8 ) (0 232 8 ) (0 352 8 ) (187.500015 352 8 ) 
4 221 461 0 (0 352 0 ) (0 232 0 ) (0 232 8 ) (0 352 8 ) 
4 221 225 0 (0 232 0 ) (0 352 0 ) (187.500031 352 0 ) (240 232 0 ) 
4 221 223 0 (0 232 0 ) (240 232 0 ) (240 232 8 ) (0 232 8 ) 
4 222 461 0 (0 0 8 ) (0 0 200 ) (0 232 200 ) (0 232 8 ) 
4 222 343 0 (0 0 200 ) (0 0 8 ) (320 0 8 ) (320 0 200 ) 
4 222 224 0 (304 0 8 ) (0 0 8 ) (0 216 8 ) (304 216 8 ) 
4 222 223 0 (0 232 8 ) (240 232 8 ) (240 216 8 ) (0 216 8 ) 
4 223 461 0 (0 216 8 ) (0 232 8 ) (0 232 0 ) (0 216 0 ) 
4 223 225 0 (0 216 0 ) (0 232 0 ) (240 232 0 ) (240 216 0 ) 
4 223 224 0 (0 216 0 ) (240 216 0 ) (240 216 8 ) (0 216 8 ) 
4 224 461 0 (0 0 0 ) (0 0 8 ) (0 216 8 ) (0 216 0 ) 
4 224 343 0 (0 0 8 ) (0 0 0 ) (304 0 0 ) (304 0 8 ) 
4 224 225 0 (304 0 0 ) (0 0 0 ) (0 216 0 ) (304 216 0 ) 
4 225 486 0 (0 0 -512 ) (0 0 0 ) (0 224 0 ) (0 224 -512 ) 
4 225 480 0 (0 224 0 ) (0 1024 0 ) (0 1024 -512 ) (0 224 -512 ) 
4 225 347 0 (0 0 0 ) (0 0 -512 ) (964 0 -512 ) (964 0 0 ) 
4 226 487 0 (0 -1024 1024 ) (0 -1024 1660 ) (0 0 1660 ) (0 0 1024 ) 
4 226 348 0 (0 -1024 1660 ) (0 -1024 1024 ) (964 -1024 1024 ) (964 -1024 1660 ) 
4 226 344 0 (964 -1024 1024 ) (0 -1024 1024 ) (0 -504 1024 ) (964 -504 1024 ) 
4 226 310 0 (0 -504 1024 ) (0 -496 1024 ) (360 -496 1024 ) (360 -504 1024 ) 
4 226 308 0 (0 -496 1024 ) (0 -488 1024 ) (360 -488 1024 ) (360 -496 1024 ) 
4 226 303 0 (360 -488 1024 ) (440 -488 1024 ) (440 -504 1024 ) (360 -504 1024 ) 
4 226 302 0 (440 -488 1024 ) (464 -488 1024 ) (464 -504 1024 ) (440 -504 1024 ) 
4 226 300 0 (0 -456 1024 ) (0 -448 1024 ) (424 -448 1024 ) (424 -456 1024 ) 
4 226 301 0 (0 -488 1024 ) (0 -456 1024 ) (424 -456 1024 ) (424 -488 1024 ) 
4 226 296 0 (424 -448 1024 ) (440 -448 1024 ) (440 -488 1024 ) (424 -488 1024 ) 
4 226 295 0 (440 -448 1024 ) (464 -448 1024 ) (464 -488 1024 ) (440 -488 1024 ) 
4 226 294 0 (0 -448 1024 ) (0 -440 1024 ) (424 -440 1024 ) (424 -448 1024 ) 
4 226 291 0 (0 -440 1024 ) (0 -392 1024 ) (424 -392 1024 ) (424 -440 1024 ) 
4 226 290 0 (0 -392 1024 ) (0 -384 1024 ) (424 -384 1024 ) (424 -392 1024 ) 
4 226 286 0 (424 -384 1024 ) (440 -384 1024 ) (440 -448 1024 ) (424 -448 1024 ) 
4 226 285 0 (440 -384 1024 ) (464 -384 1024 ) (464 -448 1024 ) (440 -448 1024 ) 
4 226 275 0 (0 -384 1024 ) (0 -376 1024 ) (464 -376 1024 ) (464 -384 1024 ) 
4 226 272 0 (0 -376 1024 ) (0 -328 1024 ) (464 -328 1024 ) (464 -376 1024 ) 
4 226 271 0 (0 -328 1024 ) (0 -320 1024 ) (464 -320 1024 ) (464 -328 1024 ) 
4 226 268 0 (0 -320 1024 ) (0 -312 1024 ) (464 -312 1024 ) (464 -320 1024 ) 
4 226 265 0 (0 -312 1024 ) (0 -264 1024 ) (464 -264 1024 ) (464 -312 1024 ) 
4 226 264 0 (0 -264 1024 ) (0 -256 1024 ) (464 -256 1024 ) (464 -264 1024 ) 
4 226 262 0 (0 -256 1024 ) (0 -248 1024 ) (464 -248 1024 ) (464 -256 1024 ) 
4 226 260 0 (0 -200 1024 ) (0 -192 1024 ) (464 -192 1024 ) (464 -200 1024 ) 
4 226 261 0 (0 -248 1024 ) (0 -200 1024 ) (464 -200 1024 ) (464 -248 1024 ) 
4 226 258 0 (0 -192 1024 ) (0 -184 1024 ) (464 -184 1024 ) (464 -192 1024 ) 
4 226 256 0 (0 -136 1024 ) (0 -128 1024 ) (464 -128 1024 ) (464 -136 1024 ) 
4 226 257 0 (0 -184 1024 ) (0 -136 1024 ) (464 -136 1024 ) (464 -184 1024 ) 
4 226 253 0 (0 -128 1024 ) (0 -120 1024 ) (464 -120 1024 ) (464 -128 1024 ) 
4 226 251 0 (0 -72 1024 ) (0 -64 1024 ) (464 -64 1024 ) (464 -72 1024 ) 
4 226 252 0 (0 -120 1024 ) (0 -72 1024 ) (464 -72 1024 ) (464 -120 1024 ) 
4 226 231 0 (0 -64 1024 ) (0 -56 1024 ) (464 -56 1024 ) (464 -64 1024 ) 
4 226 230 0 (0 -56 1024 ) (0 -8 1024 ) (464 -8 1024 ) (464 -56 1024 ) 
4 226 229 0 (0 -8 1024 ) (0 0 1024 ) (464 0 1024 ) (464 -8 1024 ) 
4 226 227 0 (464 0 1024 ) (964 0 1024 ) (964 -504 1024 ) (464 -504 1024 ) 
4 227 344 0 (964 -504 1024 ) (464 -504 1024 ) (464 -504 208 ) (964 -504 208 ) 
4 227 340 0 (964 -504 208 ) (464 -504 208 ) (464 0 208 ) (964 0 208 ) 
4 227 325 0 (464 0 208 ) (464 -504 208 ) (464 -504 248 ) (464 0 248 ) 
4 227 302 0 (464 -504 248 ) (464 -504 1024 ) (464 -488 1024 ) (464 -488 248 ) 
4 227 295 0 (464 -488 1024 ) (464 -448 1024 ) (464 -448 248 ) (464 -488 248 ) 
4 227 285 0 (464 -448 1024 ) (464 -384 1024 ) (464 -384 248 ) (464 -448 248 ) 
4 227 278 0 (464 -64 440 ) (464 -64 248 ) (464 -384 248 ) (464 -384 440 ) 
4 227 276 0 (464 -64 448 ) (464 -64 440 ) (464 -384 440 ) (464 -384 448 ) 
4 227 275 0 (464 -384 1024 ) (464 -376 1024 ) (464 -376 909.651917 ) (464 -384 909.651917 ) 
4 227 274 0 (464 -376 909.651917 ) (464 -376 448 ) (464 -384 448 ) (464 -384 909.651917 ) 
4 227 272 0 (464 -376 1024 ) (464 -328 1024 ) (464 -328 448 ) (464 -376 448 ) 
4 227 271 0 (464 -328 1024 ) (464 -320 1024 ) (464 -320 1016.372681 ) (464 -328 1016.372681 ) 
4 227 269 0 (464 -320 1016.372681 ) (464 -320 448 ) (464 -328 448 ) (464 -328 1016.372681 ) 
4 227 268 0 (464 -320 1024 ) (464 -312 1024 ) (464 -312 1016.372681 ) (464 -320 1016.372681 ) 
4 227 267 0 (464 -312 1016.372681 ) (464 -312 451.503418 ) (464 -320 451.503418 ) (464 -320 1016.372681 ) 
4 227 266 0 (464 -312 451.503418 ) (464 -312 448 ) (464 -320 448 ) (464 -320 451.503418 ) 
4 227 265 0 (464 -312 1024 ) (464 -264 1024 ) (464 -264 448 ) (464 -312 448 ) 
4 227 264 0 (464 -264 1024 ) (464 -256 1024 ) (464 -256 464 ) (464 -264 464 ) 
4 227 262 0 (464 -256 1024 ) (464 -248 1024 ) (464 -248 464 ) (464 -256 464 ) 
4 227 260 0 (464 -200 1024 ) (464 -192 1024 ) (464 -192 464 ) (464 -200 464 ) 
4 227 261 0 (464 -248 1024 ) (464 -200 1024 ) (464 -200 448 ) (464 -248 448 ) 
4 227 258 0 (464 -192 1024 ) (464 -184 1024 ) (464 -184 464 ) (464 -192 464 ) 
4 227 256 0 (464 -136 1024 ) (464 -128 1024 ) (464 -128 464 ) (464 -136 464 ) 
4 227 257 0 (464 -184 1024 ) (464 -136 1024 ) (464 -136 448 ) (464 -184 448 ) 
4 227 253 0 (464 -128 1024 ) (464 -120 1024 ) (464 -120 464 ) (464 -128 464 ) 
4 227 251 0 (464 -72 1024 ) (464 -64 1024 ) (464 -64 464 ) (464 -72 464 ) 
4 227 252 0 (464 -120 1024 ) (464 -72 1024 ) (464 -72 448 ) (464 -120 448 ) 
4 227 243 0 (464 -48 248 ) (464 -64 248 ) (464 -64 440 ) (464 -48 440 ) 
4 227 238 0 (464 0 440 ) (464 0 248 ) (464 -16 248 ) (464 -16 440 ) 
4 227 242 0 (464 -16 248 ) (464 -48 248 ) (464 -48 440 ) (464 -16 440 ) 
4 227 233 0 (464 0 448 ) (464 0 440 ) (464 -64 440 ) (464 -64 448 ) 
4 227 231 0 (464 -64 1024 ) (464 -56 1024 ) (464 -56 464 ) (464 -64 464 ) 
4 227 230 0 (464 -56 1024 ) (464 -8 1024 ) (464 -8 448 ) (464 -56 448 ) 
4 227 229 0 (464 -8 1024 ) (464 0 1024 ) (464 0 464 ) (464 -8 464 ) 
4 228 489 0 (0 0 496 ) (0 0 448 ) (0 -8 448 ) (0 -8 496 ) 
4 228 236 0 (144 0 448 ) (240 0 448 ) (240 -8 448 ) (144 -8 448 ) 
4 228 235 0 (256 0 448 ) (304 0 448 ) (304 -8 448 ) (256 -8 448 ) 
4 228 234 0 (320 0 448 ) (424 0 448 ) (424 -8 448 ) (320 -8 448 ) 
4 228 233 0 (440 0 448 ) (464 0 448 ) (464 -8 448 ) (440 -8 448 ) 
3 228 230 0 (0 -8 448 ) (464 -8 448 ) (0 -8 496 ) 
4 229 488 0 (0 -8 1024 ) (0 0 1024 ) (0 0 512 ) (0 -8 512 ) 
4 229 230 0 (464 -8 464 ) (464 -8 1024 ) (0 -8 1024 ) (0 -8 512 ) 
4 230 490 0 (0 -56 1024 ) (0 -8 1024 ) (0 -8 448 ) (0 -56 448 ) 
4 230 236 0 (144 -8 448 ) (240 -8 448 ) (240 -16 448 ) (144 -16 448 ) 
4 230 237 0 (0 -56 448 ) (0 -16 448 ) (240 -16 448 ) (240 -56 448 ) 
4 230 235 0 (256 -8 448 ) (304 -8 448 ) (304 -48 448 ) (256 -48 448 ) 
4 230 234 0 (320 -8 448 ) (424 -8 448 ) (424 -56 448 ) (320 -56 448 ) 
4 230 233 0 (440 -8 448 ) (464 -8 448 ) (464 -56 448 ) (440 -56 448 ) 
3 230 232 0 (0 -56 448 ) (464 -56 448 ) (0 -56 560 ) 
4 230 231 0 (464 -56 464 ) (464 -56 1024 ) (0 -56 1024 ) (0 -56 576 ) 
4 231 492 0 (0 -64 1024 ) (0 -56 1024 ) (0 -56 576 ) (0 -64 576 ) 
4 231 251 0 (464 -64 464 ) (464 -64 1024 ) (0 -64 1024 ) (0 -64 576 ) 
4 232 491 0 (0 -56 560 ) (0 -56 448 ) (0 -64 448 ) (0 -64 560 ) 
3 232 251 0 (348 -64 476 ) (0 -64 560 ) (0 -64 512 ) 
3 232 250 0 (464 -64 448 ) (0 -64 496 ) (0 -64 448 ) 
4 232 237 0 (240 -64 448 ) (0 -64 448 ) (0 -56 448 ) (240 -56 448 ) 
4 232 234 0 (424 -64 448 ) (320 -64 448 ) (320 -56 448 ) (424 -56 448 ) 
4 232 233 0 (464 -64 448 ) (440 -64 448 ) (440 -56 448 ) (464 -56 448 ) 
4 233 276 0 (464 -64 440 ) (464 -64 448 ) (440 -64 448 ) (440 -64 440 ) 
4 233 243 0 (464 -64 440 ) (440 -64 440 ) (440 -48 440 ) (464 -48 440 ) 
4 233 238 0 (440 -16 440 ) (440 0 440 ) (464 0 440 ) (464 -16 440 ) 
4 233 242 0 (440 -48 440 ) (440 -16 440 ) (464 -16 440 ) (464 -48 440 ) 
4 234 277 0 (424 -64 448 ) (320 -64 448 ) (320 -64 440 ) (424 -64 440 ) 
4 234 245 0 (424 -64 440 ) (320 -64 440 ) (320 -48 440 ) (424 -48 440 ) 
4 234 238 0 (320 -16 440 ) (320 0 440 ) (424 0 440 ) (424 -16 440 ) 
4 234 242 0 (320 -48 440 ) (320 -16 440 ) (424 -16 440 ) (424 -48 440 ) 
4 235 238 0 (256 -16 440 ) (256 0 440 ) (304 0 440 ) (304 -16 440 ) 
4 235 242 0 (256 -48 440 ) (256 -16 440 ) (304 -16 440 ) (304 -48 440 ) 
4 236 238 0 (144 0 440 ) (240 0 440 ) (240 -16 440 ) (144 -16 440 ) 
4 236 237 0 (144 -16 440 ) (240 -16 440 ) (240 -16 448 ) (144 -16 448 ) 
4 237 496 0 (0 -48 440 ) (0 -64 440 ) (0 -64 448 ) (0 -48 448 ) 
4 237 495 0 (0 -16 440 ) (0 -48 440 ) (0 -48 448 ) (0 -16 448 ) 
4 237 277 0 (240 -64 448 ) (0 -64 448 ) (0 -64 440 ) (240 -64 440 ) 
4 237 249 0 (104 -64 440 ) (0 -64 440 ) (0 -48 440 ) (104 -48 440 ) 
4 237 247 0 (240 -64 440 ) (144 -64 440 ) (144 -48 440 ) (240 -48 440 ) 
4 237 248 0 (136 -64 440 ) (112 -64 440 ) (112 -48 440 ) (136 -48 440 ) 
4 237 242 0 (0 -48 440 ) (0 -16 440 ) (240 -16 440 ) (240 -48 440 ) 
4 238 327 0 (256 0 248 ) (304 0 248 ) (304 -16 248 ) (256 -16 248 ) 
4 238 326 0 (320 0 248 ) (424 0 248 ) (424 -16 248 ) (320 -16 248 ) 
4 238 328 0 (144 0 248 ) (240 0 248 ) (240 -16 248 ) (144 -16 248 ) 
4 238 325 0 (440 0 248 ) (464 0 248 ) (464 -16 248 ) (440 -16 248 ) 
4 238 242 0 (144 -16 248 ) (464 -16 248 ) (464 -16 440 ) (144 -16 440 ) 
4 239 242 0 (112 -16 248 ) (136 -16 248 ) (136 -16 440 ) (112 -16 440 ) 
4 240 242 0 (48 -16 248 ) (104 -16 248 ) (104 -16 440 ) (48 -16 440 ) 
4 241 499 0 (0 0 440 ) (0 0 248 ) (0 -16 248 ) (0 -16 440 ) 
4 241 242 0 (0 -16 248 ) (40 -16 248 ) (40 -16 440 ) (0 -16 440 ) 
4 242 506 0 (0 -16 248 ) (0 -48 248 ) (0 -48 440 ) (0 -16 440 ) 
4 242 329 0 (128 -48 248 ) (0 -48 248 ) (0 -16 248 ) (128 -16 248 ) 
4 242 327 0 (304 -48 248 ) (256 -48 248 ) (256 -16 248 ) (304 -16 248 ) 
4 242 326 0 (424 -48 248 ) (320 -48 248 ) (320 -16 248 ) (424 -16 248 ) 
4 242 328 0 (240 -48 248 ) (144 -48 248 ) (144 -16 248 ) (240 -16 248 ) 
4 242 325 0 (464 -16 248 ) (464 -48 248 ) (440 -48 248 ) (440 -16 248 ) 
4 242 249 0 (0 -48 248 ) (104 -48 248 ) (104 -48 440 ) (0 -48 440 ) 
4 242 247 0 (144 -48 248 ) (240 -48 248 ) (240 -48 440 ) (144 -48 440 ) 
4 242 248 0 (112 -48 248 ) (136 -48 248 ) (136 -48 440 ) (112 -48 440 ) 
4 242 245 0 (320 -48 248 ) (424 -48 248 ) (424 -48 440 ) (320 -48 440 ) 
4 242 246 0 (248 -48 248 ) (312 -48 248 ) (312 -48 440 ) (248 -48 440 ) 
4 242 244 0 (424 -48 248 ) (440 -48 248 ) (440 -48 440 ) (424 -48 440 ) 
4 242 243 0 (440 -48 248 ) (464 -48 248 ) (464 -48 440 ) (440 -48 440 ) 
4 243 325 0 (464 -48 248 ) (464 -64 248 ) (440 -64 248 ) (440 -48 248 ) 
4 243 278 0 (440 -64 248 ) (464 -64 248 ) (464 -64 440 ) (440 -64 440 ) 
4 243 244 0 (440 -48 440 ) (440 -48 248 ) (440 -56 248 ) (440 -56 440 ) 
4 244 245 0 (424 -48 440 ) (424 -48 248 ) (424 -56 248 ) (424 -56 440 ) 
4 245 326 0 (424 -64 248 ) (320 -64 248 ) (320 -48 248 ) (424 -48 248 ) 
4 245 284 0 (320 -64 248 ) (424 -64 248 ) (424 -64 440 ) (320 -64 440 ) 
4 246 284 0 (248 -64 248 ) (312 -64 248 ) (312 -64 440 ) (248 -64 440 ) 
4 247 328 0 (240 -64 248 ) (144 -64 248 ) (144 -48 248 ) (240 -48 248 ) 
4 247 284 0 (144 -64 248 ) (240 -64 248 ) (240 -64 440 ) (144 -64 440 ) 
4 248 284 0 (112 -64 248 ) (136 -64 248 ) (136 -64 440 ) (112 -64 440 ) 
4 249 507 0 (0 -48 248 ) (0 -64 248 ) (0 -64 440 ) (0 -48 440 ) 
4 249 330 0 (104 -64 248 ) (0 -64 248 ) (0 -48 248 ) (104 -48 248 ) 
4 249 284 0 (0 -64 248 ) (104 -64 248 ) (104 -64 440 ) (0 -64 440 ) 
4 250 514 0 (0 -64 496 ) (0 -64 448 ) (0 -72 448 ) (0 -72 496 ) 
4 250 276 0 (440 -64 448 ) (464 -64 448 ) (464 -72 448 ) (440 -72 448 ) 
4 250 277 0 (0 -72 448 ) (0 -64 448 ) (424 -64 448 ) (424 -72 448 ) 
3 250 252 0 (0 -72 448 ) (464 -72 448 ) (0 -72 496 ) 
4 251 524 0 (0 -72 1024 ) (0 -64 1024 ) (0 -64 512 ) (0 -72 512 ) 
4 251 252 0 (464 -72 464 ) (464 -72 1024 ) (0 -72 1024 ) (0 -72 512 ) 
4 252 525 0 (0 -120 1024 ) (0 -72 1024 ) (0 -72 496 ) (0 -120 496 ) 
4 252 514 0 (0 -72 496 ) (0 -72 448 ) (0 -120 448 ) (0 -120 496 ) 
4 252 276 0 (440 -72 448 ) (464 -72 448 ) (464 -120 448 ) (440 -120 448 ) 
4 252 277 0 (0 -120 448 ) (0 -72 448 ) (424 -72 448 ) (424 -120 448 ) 
3 252 254 0 (0 -120 448 ) (464 -120 448 ) (0 -120 560 ) 
4 252 253 0 (464 -120 464 ) (464 -120 1024 ) (0 -120 1024 ) (0 -120 576 ) 
4 253 527 0 (0 -128 1024 ) (0 -120 1024 ) (0 -120 576 ) (0 -128 576 ) 
4 253 256 0 (464 -128 464 ) (464 -128 1024 ) (0 -128 1024 ) (0 -128 576 ) 
4 254 526 0 (0 -120 560 ) (0 -120 496 ) (0 -128 496 ) (0 -128 560 ) 
4 254 514 0 (0 -120 496 ) (0 -120 448 ) (0 -128 448 ) (0 -128 496 ) 
4 254 276 0 (440 -120 448 ) (464 -120 448 ) (464 -128 448 ) (440 -128 448 ) 
4 254 277 0 (0 -128 448 ) (0 -120 448 ) (424 -120 448 ) (424 -128 448 ) 
3 254 256 0 (348 -128 476 ) (0 -128 560 ) (0 -128 512 ) 
3 254 255 0 (0 -128 448 ) (464 -128 448 ) (0 -128 496 ) 
4 255 514 0 (0 -128 496 ) (0 -128 448 ) (0 -320 448 ) (0 -320 496 ) 
4 255 276 0 (440 -128 448 ) (464 -128 448 ) (464 -320 448 ) (440 -320 448 ) 
4 255 277 0 (0 -320 448 ) (0 -128 448 ) (424 -128 448 ) (424 -320 448 ) 
4 255 270 0 (0 -320 448 ) (404.261688 -320 448 ) (404.904205 -320 454.113373 ) (0 -320 496 ) 
3 255 269 0 (404.261688 -320 448 ) (464 -320 448 ) (404.904205 -320 454.113373 ) 
4 255 266 0 (0 -312 496 ) (0 -320 496 ) (463.997894 -320 448 ) (463.997894 -312 448 ) 
4 255 265 0 (0 -264 496 ) (0 -312 496 ) (463.997894 -312 448 ) (463.997894 -264 448 ) 
4 255 263 0 (0 -248 496 ) (0 -256 496 ) (463.997894 -256 448 ) (463.997894 -248 448 ) 
4 255 261 0 (0 -200 496 ) (0 -248 496 ) (463.997894 -248 448 ) (463.997894 -200 448 ) 
4 255 259 0 (0 -184 496 ) (0 -192 496 ) (463.997894 -192 448 ) (463.997894 -184 448 ) 
4 255 257 0 (0 -136 496 ) (0 -184 496 ) (463.997894 -184 448 ) (463.997894 -136 448 ) 
4 256 528 0 (0 -136 1024 ) (0 -128 1024 ) (0 -128 512 ) (0 -136 512 ) 
4 256 257 0 (464 -136 464 ) (464 -136 1024 ) (0 -136 1024 ) (0 -136 512 ) 
4 257 529 0 (0 -184 1024 ) (0 -136 1024 ) (0 -136 496 ) (0 -184 496 ) 
4 257 259 0 (0 -184 495.991943 ) (463.921875 -184 448 ) (464 -184 448 ) (0 -184 560 ) 
4 257 258 0 (464 -184 464 ) (464 -184 1024 ) (0 -184 1024 ) (0 -184 576 ) 
4 258 531 0 (0 -192 1024 ) (0 -184 1024 ) (0 -184 576 ) (0 -192 576 ) 
4 258 260 0 (464 -192 464 ) (464 -192 1024 ) (0 -192 1024 ) (0 -192 576 ) 
4 259 530 0 (0 -184 560 ) (0 -184 496 ) (0 -192 496 ) (0 -192 560 ) 
3 259 260 0 (348 -192 476 ) (0 -192 560 ) (0 -192 512 ) 
4 260 532 0 (0 -200 1024 ) (0 -192 1024 ) (0 -192 512 ) (0 -200 512 ) 
4 260 261 0 (464 -200 464 ) (464 -200 1024 ) (0 -200 1024 ) (0 -200 512 ) 
4 261 533 0 (0 -248 1024 ) (0 -200 1024 ) (0 -200 496 ) (0 -248 496 ) 
4 261 263 0 (0 -248 495.991943 ) (463.921875 -248 448 ) (464 -248 448 ) (0 -248 560 ) 
4 261 262 0 (464 -248 464 ) (464 -248 1024 ) (0 -248 1024 ) (0 -248 576 ) 
4 262 535 0 (0 -256 1024 ) (0 -248 1024 ) (0 -248 576 ) (0 -256 576 ) 
4 262 264 0 (464 -256 464 ) (464 -256 1024 ) (0 -256 1024 ) (0 -256 576 ) 
4 263 534 0 (0 -248 560 ) (0 -248 496 ) (0 -256 496 ) (0 -256 560 ) 
3 263 264 0 (348 -256 476 ) (0 -256 560 ) (0 -256 512 ) 
4 264 536 0 (0 -264 1024 ) (0 -256 1024 ) (0 -256 512 ) (0 -264 512 ) 
4 264 265 0 (464 -264 464 ) (464 -264 1024 ) (0 -264 1024 ) (0 -264 512 ) 
4 265 537 0 (0 -312 1024 ) (0 -264 1024 ) (0 -264 496 ) (0 -312 496 ) 
5 265 268 0 (464 -312 1016.372681 ) (464 -312 1024 ) (0 -312 1024 ) (0 -312 632.963562 ) (408.440796 -312 487.761810 ) 
3 265 267 0 (464 -312 451.503418 ) (464 -312 1016.372681 ) (406.768341 -312 471.849426 ) 
5 265 266 0 (0 -312 495.991943 ) (463.921875 -312 448 ) (464 -312 448 ) (464 -312 451.503418 ) (0 -312 616.456665 ) 
4 266 539 0 (0 -312 616.456604 ) (0 -312 496 ) (0 -320 496 ) (0 -320 616.456604 ) 
3 266 271 0 (294.330750 -320 511.821289 ) (0 -320 616.456604 ) (0 -320 573.879456 ) 
4 266 270 0 (406.768341 -320 471.849426 ) (0 -320 557.614441 ) (0 -320 496 ) (404.904205 -320 454.113373 ) 
4 266 269 0 (464 -320 448 ) (464 -320 451.503418 ) (406.768341 -320 471.849426 ) (404.904205 -320 454.113373 ) 
4 266 267 0 (464 -312 451.503326 ) (406.768341 -312 471.849335 ) (406.768127 -320 471.847473 ) (464 -320 451.501495 ) 
3 267 269 0 (464 -320 451.503418 ) (464 -320 1016.372681 ) (406.768341 -320 471.849426 ) 
4 267 268 0 (464 -312 1016.362244 ) (408.441071 -312 487.761719 ) (408.441071 -320 487.761719 ) (464 -320 1016.370056 ) 
4 268 538 0 (0 -320 1024 ) (0 -312 1024 ) (0 -312 632.963562 ) (0 -320 632.963562 ) 
5 268 271 0 (464 -320 1016.372681 ) (464 -320 1024 ) (0 -320 1024 ) (0 -320 632.963562 ) (408.440796 -320 487.761810 ) 
4 269 276 0 (440 -320 448 ) (464 -320 448 ) (464 -328 448 ) (440 -328 448 ) 
4 269 277 0 (404.261688 -320 448 ) (424 -320 448 ) (424 -328 448 ) (404.261688 -328 448 ) 
3 269 272 0 (404.261688 -328 448 ) (464 -328 448 ) (464 -328 1016.372681 ) 
4 269 271 0 (464 -320 1016.375000 ) (408.441010 -320 487.761749 ) (408.441833 -328 487.761536 ) (464 -328 1016.362549 ) 
4 269 270 0 (406.768555 -320 471.849335 ) (404.261902 -320 448 ) (404.262726 -328 448 ) (406.769379 -328 471.849152 ) 
4 270 547 0 (0 -320 557.614441 ) (0 -320 496 ) (0 -328 496 ) (0 -328 557.614441 ) 
4 270 514 0 (0 -320 496 ) (0 -320 448 ) (0 -328 448 ) (0 -328 496 ) 
4 270 277 0 (0 -328 448 ) (0 -320 448 ) (404.261688 -320 448 ) (404.261688 -328 448 ) 
4 270 272 0 (0 -328 448 ) (404.261688 -328 448 ) (406.768372 -328 471.849365 ) (0 -328 557.614441 ) 
4 271 545 0 (0 -328 1024 ) (0 -320 1024 ) (0 -320 573.879456 ) (0 -328 573.879456 ) 
5 271 272 0 (408.440826 -328 487.761749 ) (464 -328 1016.372681 ) (464 -328 1024 ) (0 -328 1024 ) (0 -328 573.879456 ) 
4 272 549 0 (0 -376 1024 ) (0 -328 1024 ) (0 -328 496 ) (0 -376 496 ) 
4 272 514 0 (0 -328 496 ) (0 -328 448 ) (0 -376 448 ) (0 -376 496 ) 
4 272 276 0 (440 -328 448 ) (464 -328 448 ) (464 -376 448 ) (440 -376 448 ) 
4 272 277 0 (0 -376 448 ) (0 -328 448 ) (424 -328 448 ) (424 -376 448 ) 
5 272 275 0 (464 -376 909.651917 ) (464 -376 1024 ) (0 -376 1024 ) (0 -376 645.550415 ) (361.310028 -376 464.852966 ) 
4 272 274 0 (360.236298 -376 448 ) (464 -376 448 ) (464 -376 909.651917 ) (357.710815 -376 449.263031 ) 
3 272 273 0 (0 -376 448 ) (360.236298 -376 448 ) (0 -376 628.160461 ) 
4 273 551 0 (0 -376 628.160461 ) (0 -376 496 ) (0 -384 496 ) (0 -384 628.160461 ) 
4 273 514 0 (0 -376 496 ) (0 -376 448 ) (0 -384 448 ) (0 -384 496 ) 
3 273 290 0 (0 -384 628.160461 ) (0 -384 588.600342 ) (250.982391 -384 502.639771 ) 
4 273 288 0 (0 -384 571.777649 ) (0 -384 448 ) (360.236298 -384 448 ) (357.710876 -384 449.263000 ) 
4 273 277 0 (360.236267 -384 448 ) (0 -384 448 ) (0 -376 448 ) (360.236298 -376 448 ) 
4 273 274 0 (360.230194 -376 448 ) (357.710205 -376 449.260284 ) (357.710236 -384 449.260284 ) (360.230194 -384 448 ) 
4 274 289 0 (424 -384 736.392944 ) (357.710815 -384 449.263031 ) (361.398529 -384 448 ) (424 -384 448 ) 
3 274 288 0 (357.710815 -384 449.263031 ) (360.236298 -384 448 ) (361.398529 -384 448 ) 
4 274 286 0 (440 -384 805.696533 ) (424 -384 736.392944 ) (424 -384 448 ) (440 -384 448 ) 
4 274 285 0 (464 -384 448 ) (464 -384 909.651917 ) (440 -384 805.696533 ) (440 -384 448 ) 
4 274 276 0 (464 -384 448 ) (440 -384 448 ) (440 -376 448 ) (464 -376 448 ) 
4 274 277 0 (424 -384 448 ) (360.236267 -384 448 ) (360.236298 -376 448 ) (424 -376 448 ) 
4 274 275 0 (464 -376 909.654968 ) (361.309418 -376 464.853241 ) (361.309418 -384 464.853241 ) (464 -384 909.655090 ) 
4 275 553 0 (0 -376 679.012817 ) (0 -376 645.550415 ) (0 -384 645.550476 ) (0 -384 679.012817 ) 
4 275 550 0 (0 -384 1024 ) (0 -376 1024 ) (0 -376 679.012817 ) (0 -384 679.012817 ) 
5 275 290 0 (424 -384 1024 ) (0 -384 1024 ) (0 -384 645.550415 ) (361.310028 -384 464.852966 ) (424 -384 736.392944 ) 
4 275 286 0 (440 -384 1024 ) (424 -384 1024 ) (424 -384 736.392944 ) (440 -384 805.696533 ) 
4 275 285 0 (464 -384 909.651917 ) (464 -384 1024 ) (440 -384 1024 ) (440 -384 805.696533 ) 
4 276 285 0 (464 -384 440 ) (464 -384 448 ) (440 -384 448 ) (440 -384 440 ) 
4 276 278 0 (464 -384 440 ) (440 -384 440 ) (440 -64 440 ) (464 -64 440 ) 
4 277 514 0 (0 -64 448 ) (0 -64 440 ) (0 -384 440 ) (0 -384 448 ) 
4 277 289 0 (424 -384 448 ) (361.398529 -384 448 ) (384.756470 -384 440 ) (424 -384 440 ) 
4 277 288 0 (361.398529 -384 448 ) (0 -384 448 ) (0 -384 440 ) (384.756470 -384 440 ) 
4 277 284 0 (424 -384 440 ) (0 -384 440 ) (0 -64 440 ) (424 -64 440 ) 
4 278 325 0 (464 -64 248 ) (464 -384 248 ) (440 -384 248 ) (440 -64 248 ) 
4 278 285 0 (440 -384 248 ) (464 -384 248 ) (464 -384 440 ) (440 -384 440 ) 
4 278 283 0 (440 -376 440 ) (440 -320 440 ) (440 -320 248 ) (440 -376 248 ) 
4 278 282 0 (440 -312 440 ) (440 -256 440 ) (440 -256 248 ) (440 -312 248 ) 
4 278 281 0 (440 -248 440 ) (440 -192 440 ) (440 -192 248 ) (440 -248 248 ) 
4 278 280 0 (440 -184 440 ) (440 -128 440 ) (440 -128 248 ) (440 -184 248 ) 
4 278 279 0 (440 -120 440 ) (440 -64 440 ) (440 -64 248 ) (440 -120 248 ) 
4 279 284 0 (424 -120 440 ) (424 -64 440 ) (424 -64 248 ) (424 -120 248 ) 
4 280 284 0 (424 -184 440 ) (424 -128 440 ) (424 -128 248 ) (424 -184 248 ) 
4 281 284 0 (424 -248 440 ) (424 -192 440 ) (424 -192 248 ) (424 -248 248 ) 
4 282 284 0 (424 -312 440 ) (424 -256 440 ) (424 -256 248 ) (424 -312 248 ) 
4 283 284 0 (424 -376 440 ) (424 -320 440 ) (424 -320 248 ) (424 -376 248 ) 
4 284 514 0 (0 -64 440 ) (0 -64 248 ) (0 -384 248 ) (0 -384 440 ) 
4 284 331 0 (424 -384 248 ) (0 -384 248 ) (0 -64 248 ) (424 -64 248 ) 
3 284 289 0 (424 -384 426.559235 ) (424 -384 440 ) (384.756470 -384 440 ) 
5 284 288 0 (0 -384 248 ) (424 -384 248 ) (424 -384 426.559235 ) (384.756470 -384 440 ) (0 -384 440 ) 
4 285 325 0 (464 -384 248 ) (464 -448 248 ) (440 -448 248 ) (440 -384 248 ) 
4 285 295 0 (440 -448 248 ) (464 -448 248 ) (464 -448 1024 ) (440 -448 1024 ) 
4 285 287 0 (440 -384 440 ) (440 -384 248 ) (440 -440 248 ) (440 -440 440 ) 
4 285 286 0 (440 -384 1024 ) (440 -384 448 ) (440 -448 448 ) (440 -448 1024 ) 
4 286 296 0 (440 -448 448 ) (440 -448 1024 ) (424 -448 1024 ) (424 -448 448 ) 
4 286 294 0 (424 -448 663.047546 ) (424 -448 1024 ) (424 -440 1024 ) (424 -440 663.047546 ) 
4 286 292 0 (424 -440 448 ) (424 -448 448 ) (424 -448 663.047546 ) (424 -440 663.047546 ) 
4 286 291 0 (424 -392 448 ) (424 -440 448 ) (424 -440 1024 ) (424 -392 1024 ) 
4 286 290 0 (424 -384 1024 ) (424 -384 736.392944 ) (424 -392 736.392944 ) (424 -392 1024 ) 
4 286 289 0 (424 -384 736.392944 ) (424 -384 448 ) (424 -392 448 ) (424 -392 736.392944 ) 
4 287 291 0 (424 -392 248 ) (424 -440 248 ) (424 -440 440 ) (424 -392 440 ) 
4 287 289 0 (424 -384 440 ) (424 -384 426.559235 ) (424 -392 426.559235 ) (424 -392 440 ) 
4 287 288 0 (424 -384 426.559235 ) (424 -384 248 ) (424 -392 248 ) (424 -392 426.559235 ) 
4 288 556 0 (0 -384 571.777649 ) (0 -384 496 ) (0 -392 496 ) (0 -392 571.777649 ) 
4 288 514 0 (0 -384 496 ) (0 -384 248 ) (0 -392 248 ) (0 -392 496 ) 
4 288 331 0 (0 -392 248 ) (0 -384 248 ) (424 -384 248 ) (424 -392 248 ) 
4 288 291 0 (0 -392 248 ) (424 -392 248 ) (424 -392 426.559174 ) (0 -392 571.777649 ) 
4 288 289 0 (357.710876 -392 449.263245 ) (424 -392 426.559509 ) (424 -384 426.559509 ) (357.710907 -384 449.263275 ) 
3 289 291 0 (424 -392 426.559174 ) (424 -392 736.392883 ) (357.710815 -392 449.262970 ) 
4 289 290 0 (361.309387 -392 464.853180 ) (424 -392 736.396057 ) (424 -384 736.396057 ) (361.309387 -384 464.853180 ) 
4 290 554 0 (0 -392 1024 ) (0 -384 1024 ) (0 -384 588.600281 ) (0 -392 588.600342 ) 
5 290 291 0 (424 -392 736.392883 ) (424 -392 1024 ) (0 -392 1024 ) (0 -392 588.600281 ) (361.310059 -392 464.852966 ) 
4 291 558 0 (0 -440 1024 ) (0 -392 1024 ) (0 -392 496 ) (0 -440 496 ) 
4 291 514 0 (0 -392 496 ) (0 -392 248 ) (0 -440 248 ) (0 -440 496 ) 
4 291 331 0 (0 -440 248 ) (0 -392 248 ) (424 -392 248 ) (424 -440 248 ) 
5 291 294 0 (327.979645 -440 412.905457 ) (424 -440 663.047607 ) (424 -440 1024 ) (0 -440 1024 ) (0 -440 638.913696 ) 
4 291 293 0 (0 -440 248 ) (264.678497 -440 248 ) (322.245758 -440 397.968140 ) (0 -440 620.025330 ) 
3 291 292 0 (264.678497 -440 248 ) (424 -440 248 ) (424 -440 663.047607 ) 
4 292 331 0 (424 -448 248 ) (264.678497 -448 248 ) (264.678497 -440 248 ) (424 -440 248 ) 
3 292 299 0 (424 -448 346.331543 ) (424 -448 663.047607 ) (322.245728 -448 397.968140 ) 
4 292 298 0 (264.678497 -448 248 ) (424 -448 248 ) (424 -448 346.331543 ) (322.245728 -448 397.968140 ) 
4 292 294 0 (424 -440 663.043823 ) (327.980804 -440 412.904633 ) (327.980042 -448 412.905182 ) (424 -448 663.043823 ) 
4 292 293 0 (322.246918 -440 397.967346 ) (264.679962 -440 248 ) (264.678406 -448 248 ) (322.246124 -448 397.967896 ) 
4 293 560 0 (0 -440 620.025330 ) (0 -440 496 ) (0 -448 496 ) (0 -448 620.025269 ) 
4 293 514 0 (0 -440 496 ) (0 -440 248 ) (0 -448 248 ) (0 -448 496 ) 
4 293 331 0 (264.678497 -448 248 ) (0 -448 248 ) (0 -440 248 ) (264.678497 -440 248 ) 
3 293 300 0 (223.984863 -448 465.679016 ) (0 -448 620.025330 ) (0 -448 579.343201 ) 
4 293 298 0 (0 -448 248 ) (264.678497 -448 248 ) (322.245758 -448 397.968140 ) (0 -448 561.496155 ) 
4 294 562 0 (0 -440 675.264587 ) (0 -440 638.913696 ) (0 -448 638.913757 ) (0 -448 675.264587 ) 
4 294 559 0 (0 -448 1024 ) (0 -440 1024 ) (0 -440 675.264587 ) (0 -448 675.264587 ) 
5 294 300 0 (327.979645 -448 412.905457 ) (424 -448 663.047607 ) (424 -448 1024 ) (0 -448 1024 ) (0 -448 638.913696 ) 
4 295 325 0 (464 -448 248 ) (464 -488 248 ) (440 -488 248 ) (440 -448 248 ) 
4 295 302 0 (440 -488 248 ) (464 -488 248 ) (464 -488 1024 ) (440 -488 1024 ) 
4 295 297 0 (440 -448 440 ) (440 -448 248 ) (440 -488 248 ) (440 -488 440 ) 
4 295 296 0 (440 -448 1024 ) (440 -448 448 ) (440 -488 448 ) (440 -488 1024 ) 
4 296 303 0 (440 -488 448 ) (440 -488 1024 ) (424 -488 1024 ) (424 -488 448 ) 
4 296 300 0 (424 -448 1024 ) (424 -448 663.047546 ) (424 -456 663.047546 ) (424 -456 1024 ) 
4 296 299 0 (424 -448 663.047546 ) (424 -448 448 ) (424 -456 448 ) (424 -456 663.047546 ) 
4 296 301 0 (424 -456 448 ) (424 -488 448 ) (424 -488 1024 ) (424 -456 1024 ) 
4 297 304 0 (424 -488 248 ) (432 -488 248 ) (432 -488 440 ) (424 -488 440 ) 
4 297 299 0 (424 -448 440 ) (424 -448 346.331543 ) (424 -456 346.331543 ) (424 -456 440 ) 
4 297 298 0 (424 -448 346.331543 ) (424 -448 248 ) (424 -456 248 ) (424 -456 346.331543 ) 
4 297 301 0 (424 -456 248 ) (424 -488 248 ) (424 -488 440 ) (424 -456 440 ) 
4 298 564 0 (0 -448 561.496155 ) (0 -448 496 ) (0 -456 496 ) (0 -456 561.496155 ) 
4 298 514 0 (0 -448 496 ) (0 -448 248 ) (0 -456 248 ) (0 -456 496 ) 
4 298 331 0 (0 -456 248 ) (0 -448 248 ) (424 -448 248 ) (424 -456 248 ) 
4 298 299 0 (322.246124 -456 397.969116 ) (424 -456 346.332825 ) (424 -448 346.332825 ) (322.246155 -448 397.969208 ) 
4 298 301 0 (0 -456 248 ) (424 -456 248 ) (424 -456 346.331573 ) (0 -456 561.496155 ) 
4 299 300 0 (327.980164 -456 412.905182 ) (424 -456 663.045898 ) (424 -448 663.045898 ) (327.980164 -448 412.905182 ) 
3 299 301 0 (424 -456 346.331573 ) (424 -456 663.047546 ) (322.245789 -456 397.968140 ) 
4 300 566 0 (0 -448 600.265930 ) (0 -448 579.343201 ) (0 -456 579.343201 ) (0 -456 600.265930 ) 
4 300 563 0 (0 -456 1024 ) (0 -448 1024 ) (0 -448 600.265930 ) (0 -456 600.265930 ) 
5 300 301 0 (424 -456 663.047546 ) (424 -456 1024 ) (0 -456 1024 ) (0 -456 579.343201 ) (327.979645 -456 412.905396 ) 
4 301 567 0 (0 -488 1024 ) (0 -456 1024 ) (0 -456 496 ) (0 -488 496 ) 
4 301 514 0 (0 -456 496 ) (0 -456 248 ) (0 -488 248 ) (0 -488 496 ) 
4 301 331 0 (424 -488 248 ) (0 -488 248 ) (0 -456 248 ) (424 -456 248 ) 
4 301 322 0 (112 -488 248 ) (168 -488 248 ) (168 -488 440 ) (112 -488 440 ) 
4 301 323 0 (48 -488 248 ) (104 -488 248 ) (104 -488 440 ) (48 -488 440 ) 
4 301 321 0 (176 -488 248 ) (232 -488 248 ) (232 -488 440 ) (176 -488 440 ) 
4 301 324 0 (0 -488 248 ) (40 -488 248 ) (40 -488 440 ) (0 -488 440 ) 
6 301 315 0 (240 -488 248 ) (264.678528 -488 248 ) (296 -488 329.595428 ) (296 -488 416.053864 ) (261.249756 -488 440 ) (240 -488 440 ) 
3 301 314 0 (296 -488 434.942352 ) (296 -488 440 ) (288.660431 -488 440 ) 
4 301 313 0 (327.979645 -488 412.905426 ) (338.380249 -488 440 ) (304 -488 440 ) (304 -488 429.429657 ) 
3 301 312 0 (304 -488 350.436188 ) (322.245758 -488 397.968109 ) (304 -488 410.541107 ) 
3 301 309 0 (0 -488 620.025269 ) (0 -488 448 ) (249.640274 -488 448 ) 
6 301 308 0 (341.451141 -488 448 ) (360 -488 496.321472 ) (360 -488 1024 ) (0 -488 1024 ) (0 -488 638.913696 ) (277.050964 -488 448 ) 
3 301 307 0 (264.678528 -488 248 ) (296 -488 248 ) (296 -488 329.595428 ) 
5 301 306 0 (304 -488 248 ) (360 -488 248 ) (360 -488 440 ) (338.380249 -488 440 ) (304 -488 350.436188 ) 
3 301 305 0 (360 -488 448 ) (360 -488 496.321472 ) (341.451141 -488 448 ) 
4 301 304 0 (368 -488 248 ) (424 -488 248 ) (424 -488 440 ) (368 -488 440 ) 
4 301 303 0 (424 -488 448 ) (424 -488 1024 ) (360 -488 1024 ) (360 -488 448 ) 
4 302 344 0 (464 -504 1024 ) (440 -504 1024 ) (440 -504 248 ) (464 -504 248 ) 
4 302 325 0 (464 -488 248 ) (464 -504 248 ) (440 -504 248 ) (440 -488 248 ) 
4 302 303 0 (440 -488 1024 ) (440 -488 448 ) (440 -504 448 ) (440 -504 1024 ) 
4 303 344 0 (440 -504 1024 ) (360 -504 1024 ) (360 -504 448 ) (440 -504 448 ) 
4 303 310 0 (360 -496 496.321472 ) (360 -504 496.321472 ) (360 -504 1024 ) (360 -496 1024 ) 
4 303 308 0 (360 -488 1024 ) (360 -488 496.321472 ) (360 -496 496.321472 ) (360 -496 1024 ) 
4 303 305 0 (360 -488 496.321472 ) (360 -488 448 ) (360 -504 448 ) (360 -504 496.321472 ) 
4 304 344 0 (368 -504 248 ) (432 -504 248 ) (432 -504 440 ) (368 -504 440 ) 
3 305 344 0 (360 -504 448 ) (360 -504 496.321472 ) (341.451141 -504 448 ) 
4 305 310 0 (360 -504 496.323120 ) (360 -496 496.323120 ) (341.450531 -496 448 ) (341.450531 -504 448 ) 
4 305 308 0 (360 -496 496.323120 ) (360 -488 496.323120 ) (341.450531 -488 448 ) (341.450531 -496 448 ) 
5 306 344 0 (304 -504 248 ) (360 -504 248 ) (360 -504 440 ) (338.380249 -504 440 ) (304 -504 350.436188 ) 
4 306 317 0 (327.979126 -504 412.905701 ) (338.379639 -504 440 ) (338.379639 -496 440 ) (327.979126 -496 412.905670 ) 
4 306 316 0 (304 -496 350.437805 ) (304 -504 350.437805 ) (322.245239 -504 397.968414 ) (322.245239 -496 397.968384 ) 
4 306 313 0 (338.379639 -488 440 ) (327.979156 -488 412.905762 ) (327.979156 -496 412.905762 ) (338.379639 -496 440 ) 
4 306 312 0 (322.245270 -488 397.968445 ) (304 -488 350.437805 ) (304 -496 350.437805 ) (322.245270 -496 397.968445 ) 
3 307 344 0 (264.678528 -504 248 ) (296 -504 248 ) (296 -504 329.595428 ) 
4 307 319 0 (264.677887 -496 248 ) (264.677887 -504 248 ) (296 -504 329.597046 ) (296 -496 329.597046 ) 
4 307 315 0 (296 -488 329.597046 ) (264.677887 -488 248 ) (264.677887 -496 248 ) (296 -496 329.597046 ) 
4 308 571 0 (0 -488 675.264587 ) (0 -488 638.913696 ) (0 -496 638.913757 ) (0 -496 675.264587 ) 
4 308 568 0 (0 -496 1024 ) (0 -488 1024 ) (0 -488 675.264587 ) (0 -496 675.264587 ) 
6 308 310 0 (341.445892 -496 448 ) (360 -496 496.335175 ) (360 -496 1024 ) (0 -496 1024 ) (0 -496 638.913696 ) (277.050995 -496 448 ) 
4 309 569 0 (0 -488 620.025269 ) (0 -488 448 ) (0 -496 448 ) (0 -496 620.025269 ) 
3 309 311 0 (0 -496 561.496155 ) (0 -496 448 ) (223.653687 -496 448 ) 
3 309 310 0 (0 -496 620.025269 ) (0 -496 579.343201 ) (223.984894 -496 465.678955 ) 
4 310 575 0 (0 -496 600.265930 ) (0 -496 579.343201 ) (0 -504 579.343201 ) (0 -504 600.265930 ) 
4 310 572 0 (0 -504 1024 ) (0 -496 1024 ) (0 -496 600.265930 ) (0 -504 600.265930 ) 
6 310 344 0 (360 -504 1024 ) (0 -504 1024 ) (0 -504 579.343201 ) (258.822754 -504 448 ) (341.451141 -504 448 ) (360 -504 496.321472 ) 
4 311 573 0 (0 -496 561.496155 ) (0 -496 448 ) (0 -504 448 ) (0 -504 561.496155 ) 
3 311 344 0 (0 -504 561.496155 ) (0 -504 448 ) (223.653809 -504 448 ) 
3 312 316 0 (304 -496 350.433685 ) (322.246704 -496 397.967468 ) (304 -496 407.227203 ) 
4 313 317 0 (327.980652 -496 412.904755 ) (338.381683 -496 440 ) (304 -496 440 ) (304 -496 429.429657 ) 
3 314 318 0 (296 -496 434.942352 ) (296 -496 440 ) (288.660431 -496 440 ) 
5 315 319 0 (240 -496 248 ) (264.678955 -496 248 ) (296 -496 329.593201 ) (296 -496 411.286896 ) (240 -496 439.704865 ) 
3 316 344 0 (304 -504 350.436188 ) (322.245758 -504 397.968140 ) (304 -504 407.227203 ) 
4 317 344 0 (327.979645 -504 412.905426 ) (338.380249 -504 440 ) (304 -504 440 ) (304 -504 425.074219 ) 
3 318 344 0 (296 -504 429.133911 ) (296 -504 440 ) (274.587463 -504 440 ) 
5 319 344 0 (240 -504 248 ) (264.678528 -504 248 ) (296 -504 329.595428 ) (296 -504 411.286896 ) (240 -504 439.704865 ) 
3 320 344 0 (240 -504 439.704865 ) (240 -504 440 ) (239.418411 -504 440 ) 
4 321 344 0 (176 -504 248 ) (232 -504 248 ) (232 -504 440 ) (176 -504 440 ) 
4 322 344 0 (112 -504 248 ) (168 -504 248 ) (168 -504 440 ) (112 -504 440 ) 
4 323 344 0 (48 -504 248 ) (104 -504 248 ) (104 -504 440 ) (48 -504 440 ) 
4 324 577 0 (0 -488 440 ) (0 -488 248 ) (0 -504 248 ) (0 -504 440 ) 
4 324 344 0 (0 -504 440 ) (0 -504 248 ) (40 -504 248 ) (40 -504 440 ) 
4 325 344 0 (440 -504 208 ) (464 -504 208 ) (464 -504 248 ) (440 -504 248 ) 
4 325 340 0 (464 -504 208 ) (440 -504 208 ) (440 0 208 ) (464 0 208 ) 
4 325 339 0 (440 -448 208 ) (440 -496 208 ) (440 -496 232 ) (440 -448 232 ) 
4 325 338 0 (440 -384 208 ) (440 -440 208 ) (440 -440 232 ) (440 -384 232 ) 
4 325 336 0 (440 -256 208 ) (440 -312 208 ) (440 -312 232 ) (440 -256 232 ) 
4 325 334 0 (440 -128 208 ) (440 -184 208 ) (440 -184 232 ) (440 -128 232 ) 
4 325 332 0 (440 0 208 ) (440 -56 208 ) (440 -56 232 ) (440 0 232 ) 
4 325 333 0 (440 -64 208 ) (440 -120 208 ) (440 -120 232 ) (440 -64 232 ) 
4 325 335 0 (440 -192 208 ) (440 -248 208 ) (440 -248 232 ) (440 -192 232 ) 
4 325 337 0 (440 -320 208 ) (440 -376 208 ) (440 -376 232 ) (440 -320 232 ) 
4 326 331 0 (320 -64 240 ) (424 -64 240 ) (424 -64 248 ) (320 -64 248 ) 
4 328 331 0 (144 -64 240 ) (240 -64 240 ) (240 -64 248 ) (144 -64 248 ) 
4 329 586 0 (0 -16 240 ) (0 -48 240 ) (0 -48 248 ) (0 -16 248 ) 
4 329 330 0 (0 -48 240 ) (104 -48 240 ) (104 -48 248 ) (0 -48 248 ) 
4 330 586 0 (0 -48 240 ) (0 -64 240 ) (0 -64 248 ) (0 -48 248 ) 
4 330 331 0 (0 -64 240 ) (104 -64 240 ) (104 -64 248 ) (0 -64 248 ) 
4 331 586 0 (0 -64 240 ) (0 -488 240 ) (0 -488 248 ) (0 -64 248 ) 
4 332 594 0 (0 0 232 ) (0 0 208 ) (0 -56 208 ) (0 -56 232 ) 
4 332 341 0 (0 -56 208 ) (0 0 208 ) (424 0 208 ) (424 -56 208 ) 
4 333 595 0 (0 -64 208 ) (0 -120 208 ) (0 -120 232 ) (0 -64 232 ) 
4 333 341 0 (0 -120 208 ) (0 -64 208 ) (424 -64 208 ) (424 -120 208 ) 
4 334 596 0 (0 -128 208 ) (0 -184 208 ) (0 -184 232 ) (0 -128 232 ) 
4 334 341 0 (0 -184 208 ) (0 -128 208 ) (424 -128 208 ) (424 -184 208 ) 
4 335 597 0 (0 -192 208 ) (0 -248 208 ) (0 -248 232 ) (0 -192 232 ) 
4 335 341 0 (0 -248 208 ) (0 -192 208 ) (424 -192 208 ) (424 -248 208 ) 
4 336 598 0 (0 -256 208 ) (0 -312 208 ) (0 -312 232 ) (0 -256 232 ) 
4 336 341 0 (0 -312 208 ) (0 -256 208 ) (424 -256 208 ) (424 -312 208 ) 
4 337 599 0 (0 -320 208 ) (0 -376 208 ) (0 -376 232 ) (0 -320 232 ) 
4 337 341 0 (0 -376 208 ) (0 -320 208 ) (424 -320 208 ) (424 -376 208 ) 
4 338 600 0 (0 -384 208 ) (0 -440 208 ) (0 -440 232 ) (0 -384 232 ) 
4 338 341 0 (0 -440 208 ) (0 -384 208 ) (424 -384 208 ) (424 -440 208 ) 
4 339 601 0 (0 -448 208 ) (0 -496 208 ) (0 -496 232 ) (0 -448 232 ) 
4 339 341 0 (0 -488 208 ) (0 -448 208 ) (424 -448 208 ) (424 -488 208 ) 
4 340 344 0 (964 -504 208 ) (440 -504 208 ) (440 -504 200 ) (964 -504 200 ) 
4 340 342 0 (964 -504 200 ) (448 -504 200 ) (448 0 200 ) (964 0 200 ) 
4 341 603 0 (0 0 208 ) (0 0 200 ) (0 -488 200 ) (0 -488 208 ) 
4 341 343 0 (0 -480 200 ) (0 0 200 ) (416 0 200 ) (416 -480 200 ) 
4 342 347 0 (448 0 0 ) (964 0 0 ) (964 -504 0 ) (448 -504 0 ) 
4 342 345 0 (448 -504 0 ) (964 -504 0 ) (964 -504 200 ) (448 -504 200 ) 
4 343 604 0 (0 0 200 ) (0 0 0 ) (0 -480 0 ) (0 -480 200 ) 
4 343 347 0 (0 -480 0 ) (0 0 0 ) (416 0 0 ) (416 -480 0 ) 
4 344 615 0 (0 -512 1024 ) (0 -504 1024 ) (0 -504 200 ) (0 -512 200 ) 
4 344 616 0 (0 -1024 200 ) (0 -1024 1024 ) (0 -512 1024 ) (0 -512 200 ) 
4 344 349 0 (0 -1024 1024 ) (0 -1024 200 ) (964 -1024 200 ) (964 -1024 1024 ) 
4 344 345 0 (448 -504 200 ) (964 -504 200 ) (964 -512 200 ) (448 -512 200 ) 
4 344 346 0 (964 -1024 200 ) (0 -1024 200 ) (0 -512 200 ) (964 -512 200 ) 
4 345 347 0 (448 -504 0 ) (964 -504 0 ) (964 -512 0 ) (448 -512 0 ) 
4 345 346 0 (448 -512 0 ) (964 -512 0 ) (964 -512 200 ) (448 -512 200 ) 
4 346 616 0 (0 -1024 0 ) (0 -1024 200 ) (0 -512 200 ) (0 -512 0 ) 
4 346 349 0 (0 -1024 200 ) (0 -1024 0 ) (964 -1024 0 ) (964 -1024 200 ) 
4 346 347 0 (964 -1024 0 ) (0 -1024 0 ) (0 -512 0 ) (964 -512 0 ) 
4 347 618 0 (0 -1024 -512 ) (0 -1024 0 ) (0 0 0 ) (0 0 -512 ) 
4 347 350 0 (0 -1024 0 ) (0 -1024 -512 ) (964 -1024 -512 ) (964 -1024 0 ) 
4 348 624 0 (0 -1024 1660 ) (0 -1024 1024 ) (0 -1432 1024 ) (0 -1432 1660 ) 
4 348 349 0 (0 -1432 1024 ) (0 -1024 1024 ) (964 -1024 1024 ) (964 -1432 1024 ) 
4 349 625 0 (0 -1432 1024 ) (0 -1024 1024 ) (0 -1024 0 ) (0 -1432 0 ) 
4 349 350 0 (0 -1432 0 ) (0 -1024 0 ) (964 -1024 0 ) (964 -1432 0 ) 
4 350 626 0 (0 -1432 0 ) (0 -1024 0 ) (0 -1024 -512 ) (0 -1432 -512 ) 
4 351 354 0 (-1020 1024 1024 ) (0 1024 1024 ) (0 1024 1660 ) (-1020 1024 1660 ) 
4 351 352 0 (0 1024 1024 ) (-1020 1024 1024 ) (-1020 1532 1024 ) (0 1532 1024 ) 
4 352 479 0 (-1020 1024 0 ) (-464 1024 0 ) (-464 1024 1024 ) (-1020 1024 1024 ) 
4 352 366 0 (-464 1024 0 ) (-424 1024 0 ) (-424 1024 200 ) (-464 1024 200 ) 
4 352 362 0 (-424 1024 0 ) (-416 1024 0 ) (-416 1024 200 ) (-424 1024 200 ) 
4 352 361 0 (-416 1024 0 ) (0 1024 0 ) (0 1024 200 ) (-416 1024 200 ) 
4 352 355 0 (0 1024 200 ) (0 1024 1024 ) (-464 1024 1024 ) (-464 1024 200 ) 
4 352 353 0 (0 1024 0 ) (-1020 1024 0 ) (-1020 1532 0 ) (0 1532 0 ) 
4 353 485 0 (-1020 1024 -64 ) (-1020 1024 -512 ) (-424 1024 -512 ) (-424 1024 -64 ) 
4 353 481 0 (-424 1024 0 ) (-1020 1024 0 ) (-1020 1024 -64 ) (-424 1024 -64 ) 
4 353 480 0 (0 1024 -512 ) (0 1024 0 ) (-424 1024 0 ) (-424 1024 -512 ) 
4 354 487 0 (0 0 1024 ) (0 0 1660 ) (-1020 0 1660 ) (-1020 0 1024 ) 
4 354 479 0 (-464 0 1024 ) (-1020 0 1024 ) (-1020 1024 1024 ) (-464 1024 1024 ) 
4 354 394 0 (0 0 1024 ) (-464 0 1024 ) (-464 496 1024 ) (0 496 1024 ) 
4 354 369 0 (-464 504 1024 ) (-464 512 1024 ) (0 512 1024 ) (0 504 1024 ) 
4 354 371 0 (-464 496 1024 ) (-464 504 1024 ) (0 504 1024 ) (0 496 1024 ) 
4 354 357 0 (-464 512 1024 ) (-464 520 1024 ) (0 520 1024 ) (0 512 1024 ) 
4 354 356 0 (-464 520 1024 ) (-464 544 1024 ) (0 544 1024 ) (0 520 1024 ) 
4 354 355 0 (-464 544 1024 ) (-464 1024 1024 ) (0 1024 1024 ) (0 544 1024 ) 
4 355 479 0 (-464 544 1024 ) (-464 1024 1024 ) (-464 1024 200 ) (-464 544 200 ) 
4 355 367 0 (-440 552 200 ) (-424 552 200 ) (-424 544 200 ) (-440 544 200 ) 
4 355 368 0 (-464 544 200 ) (-464 552 200 ) (-448 552 200 ) (-448 544 200 ) 
4 355 366 0 (-464 552 200 ) (-464 1024 200 ) (-424 1024 200 ) (-424 552 200 ) 
4 355 362 0 (-424 1024 200 ) (-416 1024 200 ) (-416 552 200 ) (-424 552 200 ) 
4 355 361 0 (-416 1024 200 ) (0 1024 200 ) (0 544 200 ) (-416 544 200 ) 
4 355 359 0 (-136 544 200 ) (0 544 200 ) (0 544 208 ) (-136 544 208 ) 
4 355 360 0 (-464 544 208 ) (-464 544 200 ) (-152 544 200 ) (-152 544 208 ) 
4 355 356 0 (-464 544 1024 ) (-464 544 208 ) (0 544 208 ) (0 544 1024 ) 
4 356 479 0 (-464 520 1024 ) (-464 544 1024 ) (-464 544 208 ) (-464 520 208 ) 
4 356 359 0 (-136 544 208 ) (0 544 208 ) (0 520 208 ) (-136 520 208 ) 
4 356 360 0 (-464 520 208 ) (-464 544 208 ) (-152 544 208 ) (-152 520 208 ) 
4 356 358 0 (-464 520 448 ) (-464 520 208 ) (0 520 208 ) (0 520 560 ) 
4 356 357 0 (-464 520 1024 ) (-464 520 464 ) (0 520 576 ) (0 520 1024 ) 
4 357 479 0 (-464 512 464 ) (-464 512 1024 ) (-464 520 1024 ) (-464 520 464 ) 
4 357 369 0 (-464 512 1024 ) (-464 512 464 ) (0 512 576 ) (0 512 1024 ) 
4 358 479 0 (-464 512 208 ) (-464 512 448 ) (-464 520 448 ) (-464 520 208 ) 
4 358 377 0 (-216 512 440 ) (-272 512 440 ) (-272 512 248 ) (-216 512 248 ) 
4 358 376 0 (-152 512 440 ) (-208 512 440 ) (-208 512 248 ) (-152 512 248 ) 
4 358 378 0 (-280 512 440 ) (-336 512 440 ) (-336 512 248 ) (-280 512 248 ) 
4 358 375 0 (-88 512 440 ) (-144 512 440 ) (-144 512 248 ) (-88 512 248 ) 
4 358 379 0 (-344 512 440 ) (-400 512 440 ) (-400 512 248 ) (-344 512 248 ) 
4 358 374 0 (-24 512 440 ) (-80 512 440 ) (-80 512 248 ) (-24 512 248 ) 
4 358 380 0 (-408 512 440 ) (-432 512 440 ) (-432 512 248 ) (-408 512 248 ) 
4 358 373 0 (0 512 248 ) (0 512 440 ) (-16 512 440 ) (-16 512 248 ) 
4 358 382 0 (-464 512 440 ) (-464 512 208 ) (-440 512 208 ) (-440 512 440 ) 
4 358 372 0 (-464 512 448 ) (-464 512 440 ) (-440 512 440 ) (-440 512 448 ) 
3 358 370 0 (-464 512 448 ) (0 512 448 ) (0 512 496 ) 
3 358 369 0 (0 512 512 ) (0 512 560 ) (-348 512 476 ) 
4 358 359 0 (0 512 208 ) (-136 512 208 ) (-136 520 208 ) (0 520 208 ) 
4 358 360 0 (-152 512 208 ) (-464 512 208 ) (-464 520 208 ) (-152 520 208 ) 
4 359 383 0 (-136 512 200 ) (0 512 200 ) (0 512 208 ) (-136 512 208 ) 
4 359 363 0 (0 512 200 ) (-128 512 200 ) (-128 544 200 ) (0 544 200 ) 
4 360 479 0 (-464 512 200 ) (-464 512 208 ) (-464 544 208 ) (-464 544 200 ) 
4 360 384 0 (-464 512 208 ) (-464 512 200 ) (-424 512 200 ) (-424 512 208 ) 
4 360 367 0 (-424 512 200 ) (-440 512 200 ) (-440 544 200 ) (-424 544 200 ) 
4 360 368 0 (-448 512 200 ) (-464 512 200 ) (-464 544 200 ) (-448 544 200 ) 
4 360 365 0 (-416 520 200 ) (-416 544 200 ) (-160 544 200 ) (-160 520 200 ) 
4 361 480 0 (-416 1024 0 ) (0 1024 0 ) (0 544 0 ) (-416 544 0 ) 
4 361 365 0 (-416 544 0 ) (-160 544 0 ) (-160 544 200 ) (-416 544 200 ) 
4 361 363 0 (-128 544 0 ) (0 544 0 ) (0 544 200 ) (-128 544 200 ) 
4 361 362 0 (-416 1024 0 ) (-416 552 0 ) (-416 552 200 ) (-416 1024 200 ) 
4 362 480 0 (-424 1024 0 ) (-416 1024 0 ) (-416 552 0 ) (-424 552 0 ) 
4 362 366 0 (-424 1024 0 ) (-424 552 0 ) (-424 552 200 ) (-424 1024 200 ) 
4 363 480 0 (0 544 0 ) (0 512 0 ) (-128 512 0 ) (-128 544 0 ) 
4 363 385 0 (-128 512 0 ) (0 512 0 ) (0 512 200 ) (-128 512 200 ) 
4 364 386 0 (-144 512 200 ) (-152 512 200 ) (-152 512 8 ) (-144 512 8 ) 
4 365 480 0 (-416 520 0 ) (-416 544 0 ) (-160 544 0 ) (-160 520 0 ) 
4 366 481 0 (-464 552 0 ) (-464 1024 0 ) (-424 1024 0 ) (-424 552 0 ) 
4 366 479 0 (-464 1024 0 ) (-464 552 0 ) (-464 552 200 ) (-464 1024 200 ) 
4 366 367 0 (-424 552 0 ) (-424 552 200 ) (-440 552 200 ) (-440 552 0 ) 
4 366 368 0 (-448 552 200 ) (-464 552 200 ) (-464 552 0 ) (-448 552 0 ) 
4 367 481 0 (-440 552 0 ) (-424 552 0 ) (-424 512 0 ) (-440 512 0 ) 
4 367 392 0 (-440 512 0 ) (-432 512 0 ) (-432 512 8 ) (-440 512 8 ) 
4 367 391 0 (-432 512 0 ) (-424 512 0 ) (-424 512 200 ) (-432 512 200 ) 
4 368 481 0 (-464 512 0 ) (-464 552 0 ) (-448 552 0 ) (-448 512 0 ) 
4 368 479 0 (-464 552 0 ) (-464 512 0 ) (-464 512 200 ) (-464 552 200 ) 
4 368 393 0 (-464 512 200 ) (-464 512 0 ) (-448 512 0 ) (-448 512 200 ) 
4 369 479 0 (-464 504 1024 ) (-464 512 1024 ) (-464 512 464 ) (-464 504 464 ) 
4 369 371 0 (-464 504 1024 ) (-464 504 464 ) (0 504 512 ) (0 504 1024 ) 
4 370 372 0 (-464 504 448 ) (-464 512 448 ) (-440 512 448 ) (-440 504 448 ) 
3 370 371 0 (-464 504 448 ) (0 504 448 ) (0 504 496 ) 
4 371 479 0 (-464 496 448 ) (-464 496 1024 ) (-464 504 1024 ) (-464 504 448 ) 
4 371 435 0 (-464 496 464 ) (-464 496 448 ) (0 496 496 ) (0 496 576 ) 
4 371 431 0 (-448 496 448 ) (-440 496 448 ) (-440 496 450.482758 ) (-448 496 449.655182 ) 
3 371 434 0 (-464 496 448 ) (-448 496 448 ) (-448 496 449.655182 ) 
4 371 414 0 (-440 496 448 ) (-424 496 448 ) (-424 496 452.137939 ) (-440 496 450.482758 ) 
4 371 412 0 (-424 496 448 ) (-344 496 448 ) (-344 496 460.413788 ) (-424 496 452.137939 ) 
4 371 396 0 (-344 496 448 ) (-200 496 448 ) (-200 496 475.310333 ) (-344 496 460.413788 ) 
4 371 395 0 (-200 496 448 ) (0 496 448 ) (0 496 496 ) (-200 496 475.310333 ) 
4 371 394 0 (-464 496 1024 ) (-464 496 464 ) (0 496 576 ) (0 496 1024 ) 
4 371 372 0 (-440 496 448 ) (-464 496 448 ) (-464 504 448 ) (-440 504 448 ) 
4 372 479 0 (-464 496 440 ) (-464 496 448 ) (-464 512 448 ) (-464 512 440 ) 
4 372 431 0 (-448 496 440 ) (-440 496 440 ) (-440 496 448 ) (-448 496 448 ) 
4 372 434 0 (-464 496 448 ) (-464 496 440 ) (-448 496 440 ) (-448 496 448 ) 
4 372 382 0 (-440 496 440 ) (-464 496 440 ) (-464 512 440 ) (-440 512 440 ) 
4 373 395 0 (0 496 248 ) (0 496 440 ) (-16 496 440 ) (-16 496 248 ) 
4 374 395 0 (-24 496 440 ) (-80 496 440 ) (-80 496 248 ) (-24 496 248 ) 
4 375 395 0 (-88 496 440 ) (-144 496 440 ) (-144 496 248 ) (-88 496 248 ) 
4 376 396 0 (-200 496 440 ) (-208 496 440 ) (-208 496 248 ) (-200 496 248 ) 
4 376 395 0 (-152 496 440 ) (-200 496 440 ) (-200 496 248 ) (-152 496 248 ) 
4 377 396 0 (-216 496 440 ) (-272 496 440 ) (-272 496 248 ) (-216 496 248 ) 
4 378 396 0 (-280 496 440 ) (-336 496 440 ) (-336 496 248 ) (-280 496 248 ) 
4 379 412 0 (-344 496 440 ) (-400 496 440 ) (-400 496 248 ) (-344 496 248 ) 
4 380 415 0 (-424 496 440 ) (-432 496 440 ) (-432 496 248 ) (-424 496 248 ) 
4 380 412 0 (-408 496 440 ) (-424 496 440 ) (-424 496 248 ) (-408 496 248 ) 
4 381 423 0 (-440 496 208 ) (0 496 208 ) (0 496 232 ) (-440 496 232 ) 
4 381 383 0 (0 496 208 ) (-136 496 208 ) (-136 504 208 ) (0 504 208 ) 
4 381 384 0 (-424 496 208 ) (-440 496 208 ) (-440 504 208 ) (-424 504 208 ) 
4 381 382 0 (-440 504 208 ) (-440 496 208 ) (-440 496 232 ) (-440 504 232 ) 
4 382 479 0 (-464 496 208 ) (-464 496 440 ) (-464 512 440 ) (-464 512 208 ) 
4 382 432 0 (-448 496 208 ) (-440 496 208 ) (-440 496 240 ) (-448 496 240 ) 
4 382 431 0 (-440 496 240 ) (-440 496 440 ) (-448 496 440 ) (-448 496 240 ) 
4 382 434 0 (-464 496 440 ) (-464 496 208 ) (-448 496 208 ) (-448 496 440 ) 
4 382 384 0 (-440 496 208 ) (-464 496 208 ) (-464 512 208 ) (-440 512 208 ) 
4 383 385 0 (0 496 200 ) (-128 496 200 ) (-128 512 200 ) (0 512 200 ) 
4 384 479 0 (-464 496 200 ) (-464 496 208 ) (-464 512 208 ) (-464 512 200 ) 
4 384 466 0 (-448 496 200 ) (-424 496 200 ) (-424 496 208 ) (-448 496 208 ) 
4 384 468 0 (-464 496 208 ) (-464 496 200 ) (-448 496 200 ) (-448 496 208 ) 
4 384 391 0 (-424 496 200 ) (-432 496 200 ) (-432 512 200 ) (-424 512 200 ) 
4 384 393 0 (-448 496 200 ) (-464 496 200 ) (-464 512 200 ) (-448 512 200 ) 
4 385 480 0 (-128 512 0 ) (0 512 0 ) (0 496 0 ) (-128 496 0 ) 
4 385 460 0 (-8 496 0 ) (0 496 0 ) (0 496 200 ) (-8 496 200 ) 
4 385 462 0 (-128 496 0 ) (-8 496 0 ) (-8 496 200 ) (-128 496 200 ) 
4 386 463 0 (-160 496 200 ) (-208 496 200 ) (-208 496 8 ) (-160 496 8 ) 
4 386 462 0 (-144 496 200 ) (-160 496 200 ) (-160 496 8 ) (-144 496 8 ) 
4 387 463 0 (-216 496 200 ) (-272 496 200 ) (-272 496 8 ) (-216 496 8 ) 
4 388 463 0 (-280 496 200 ) (-336 496 200 ) (-336 496 8 ) (-280 496 8 ) 
4 389 463 0 (-344 496 200 ) (-400 496 200 ) (-400 496 8 ) (-344 496 8 ) 
4 390 463 0 (-408 496 200 ) (-424 496 200 ) (-424 496 8 ) (-408 496 8 ) 
4 390 391 0 (-424 496 8 ) (-424 496 200 ) (-424 512 200 ) (-424 512 8 ) 
4 391 481 0 (-432 512 0 ) (-424 512 0 ) (-424 496 0 ) (-432 496 0 ) 
4 391 467 0 (-432 496 0 ) (-424 496 0 ) (-424 496 200 ) (-432 496 200 ) 
4 391 392 0 (-432 496 0 ) (-432 496 8 ) (-432 512 8 ) (-432 512 0 ) 
4 392 481 0 (-440 512 0 ) (-432 512 0 ) (-432 496 0 ) (-440 496 0 ) 
4 392 467 0 (-440 496 0 ) (-432 496 0 ) (-432 496 8 ) (-440 496 8 ) 
4 393 481 0 (-464 496 0 ) (-464 512 0 ) (-448 512 0 ) (-448 496 0 ) 
4 393 479 0 (-464 512 0 ) (-464 496 0 ) (-464 496 200 ) (-464 512 200 ) 
4 393 468 0 (-464 496 200 ) (-464 496 0 ) (-448 496 0 ) (-448 496 200 ) 
4 394 488 0 (0 0 576 ) (0 0 1024 ) (-464 0 1024 ) (-464 0 464 ) 
4 394 479 0 (-464 0 464 ) (-464 0 1024 ) (-464 496 1024 ) (-464 496 464 ) 
4 394 456 0 (-464 8 464 ) (-464 56 464 ) (0 56 576 ) (0 8 576 ) 
4 394 455 0 (-464 56 464 ) (-464 64 464 ) (0 64 576 ) (0 56 576 ) 
4 394 453 0 (-464 72 464 ) (-464 120 464 ) (0 120 576 ) (0 72 576 ) 
4 394 452 0 (-464 120 464 ) (-464 128 464 ) (0 128 576 ) (0 120 576 ) 
4 394 450 0 (-464 136 464 ) (-464 184 464 ) (0 184 576 ) (0 136 576 ) 
4 394 449 0 (-464 184 464 ) (-464 192 464 ) (0 192 576 ) (0 184 576 ) 
4 394 447 0 (-464 200 464 ) (-464 248 464 ) (0 248 576 ) (0 200 576 ) 
4 394 446 0 (-464 248 464 ) (-464 256 464 ) (0 256 576 ) (0 248 576 ) 
4 394 444 0 (-464 264 464 ) (-464 312 464 ) (0 312 576 ) (0 264 576 ) 
4 394 443 0 (-464 312 464 ) (-464 320 464 ) (0 320 576 ) (0 312 576 ) 
4 394 440 0 (-464 376 464 ) (-464 384 464 ) (0 384 576 ) (0 376 576 ) 
4 394 441 0 (-464 328 464 ) (-464 376 464 ) (0 376 576 ) (0 328 576 ) 
4 394 437 0 (-464 440 464 ) (-464 448 464 ) (0 448 576 ) (0 440 576 ) 
4 394 438 0 (-464 392 464 ) (-464 440 464 ) (0 440 576 ) (0 392 576 ) 
4 394 435 0 (-464 456 464 ) (-464 496 464 ) (0 496 576 ) (0 456 576 ) 
4 395 441 0 (-200 376 475.309265 ) (-200 336 475.309265 ) (0 336 495.998901 ) (0 376 495.998901 ) 
4 395 439 0 (-200 392 475.309265 ) (-200 384 475.309265 ) (0 384 495.998901 ) (0 392 495.998901 ) 
4 395 438 0 (-200 440 475.309265 ) (-200 392 475.309265 ) (0 392 495.998901 ) (0 440 495.998901 ) 
4 395 436 0 (-200 456 475.309265 ) (-200 448 475.309265 ) (0 448 495.998901 ) (0 456 495.998901 ) 
4 395 435 0 (0 496 495.998901 ) (-200 496 475.309265 ) (-200 456 475.309265 ) (0 456 495.998901 ) 
4 395 413 0 (0 336 240 ) (0 336 496.002930 ) (-200 336 475.313293 ) (-200 336 240 ) 
4 395 410 0 (-200 336 272 ) (-200 336 280 ) (-200 344 280 ) (-200 344 272 ) 
4 395 403 0 (-200 480 240 ) (-200 344 240 ) (-200 344 256 ) (-200 480 256 ) 
4 395 402 0 (-200 344 280 ) (-200 488 280 ) (-200 488 272 ) (-200 344 272 ) 
4 395 400 0 (-200 336 280 ) (-200 336 304 ) (-200 488 304 ) (-200 488 280 ) 
4 395 398 0 (-200 488 304 ) (-200 490 304 ) (-200 490 240 ) (-200 488 240 ) 
4 395 397 0 (-200 336 304 ) (-200 336 475.310333 ) (-200 490 475.310333 ) (-200 490 304 ) 
4 395 396 0 (-200 490 475.310333 ) (-200 496 475.310333 ) (-200 496 240 ) (-200 490 240 ) 
4 396 435 0 (-200 496 475.309265 ) (-344 496 460.412720 ) (-344 490 460.412720 ) (-200 490 475.309265 ) 
4 396 412 0 (-344 490 460.413788 ) (-344 496 460.413788 ) (-344 496 240 ) (-344 490 240 ) 
4 396 399 0 (-344 490 254 ) (-344 490 240 ) (-201 490 240 ) (-201 490 254 ) 
4 396 398 0 (-201 490 240 ) (-200 490 240 ) (-200 490 304 ) (-201 490 304 ) 
4 396 397 0 (-344 490 460.415985 ) (-344 490 304 ) (-200 490 304 ) (-200 490 475.310364 ) 
4 397 441 0 (-344 376 460.412720 ) (-344 336 460.412720 ) (-200 336 475.309265 ) (-200 376 475.309265 ) 
4 397 439 0 (-344 392 460.412720 ) (-344 384 460.412720 ) (-200 384 475.309265 ) (-200 392 475.309265 ) 
4 397 438 0 (-344 440 460.412720 ) (-344 392 460.412720 ) (-200 392 475.309265 ) (-200 440 475.309265 ) 
4 397 436 0 (-344 456 460.412720 ) (-344 448 460.412720 ) (-200 448 475.309265 ) (-200 456 475.309265 ) 
4 397 435 0 (-344 490 460.412720 ) (-344 456 460.412720 ) (-200 456 475.309265 ) (-200 490 475.309265 ) 
4 397 413 0 (-200 336 304 ) (-200 336 475.313293 ) (-344 336 460.416748 ) (-344 336 304 ) 
4 397 412 0 (-344 336 304 ) (-344 336 460.413788 ) (-344 490 460.413788 ) (-344 490 304 ) 
4 397 401 0 (-344 336 304 ) (-344 485 304 ) (-201 485 304 ) (-201 336 304 ) 
4 397 400 0 (-201 488 304 ) (-200 488 304 ) (-200 336 304 ) (-201 336 304 ) 
4 397 398 0 (-201 490 304 ) (-200 490 304 ) (-200 488 304 ) (-201 488 304 ) 
4 398 402 0 (-200 488 272 ) (-200 488 280 ) (-201 488 280 ) (-201 488 272 ) 
4 398 400 0 (-200 488 280 ) (-200 488 304 ) (-201 488 304 ) (-201 488 280 ) 
4 398 399 0 (-201 488 240 ) (-201 488 254 ) (-201 490 254 ) (-201 490 240 ) 
4 399 412 0 (-344 490 254 ) (-344 490 240 ) (-344 488 240 ) (-344 488 254 ) 
4 399 408 0 (-336 488 240 ) (-208 488 240 ) (-208 488 254 ) (-336 488 254 ) 
4 400 413 0 (-200 336 280 ) (-200 336 304 ) (-201 336 304 ) (-201 336 280 ) 
4 400 410 0 (-200 344 280 ) (-200 336 280 ) (-201 336 280 ) (-201 344 280 ) 
4 400 402 0 (-201 488 280 ) (-200 488 280 ) (-200 344 280 ) (-201 344 280 ) 
4 400 401 0 (-201 485 280 ) (-201 336 280 ) (-201 336 304 ) (-201 485 304 ) 
4 401 413 0 (-201 336 304 ) (-344 336 304 ) (-344 336 280 ) (-201 336 280 ) 
4 401 412 0 (-344 336 280 ) (-344 336 304 ) (-344 485 304 ) (-344 485 280 ) 
4 401 410 0 (-344 336 280 ) (-344 344 280 ) (-201 344 280 ) (-201 336 280 ) 
4 401 405 0 (-288 485 280 ) (-256 485 280 ) (-256 456 280 ) (-288 456 280 ) 
4 401 406 0 (-344 456 280 ) (-344 485 280 ) (-328 485 280 ) (-328 456 280 ) 
4 401 404 0 (-216 485 280 ) (-201 485 280 ) (-201 456 280 ) (-216 456 280 ) 
4 401 407 0 (-344 344 280 ) (-344 456 280 ) (-201 456 280 ) (-201 344 280 ) 
4 402 410 0 (-200 344 272 ) (-200 344 280 ) (-201 344 280 ) (-201 344 272 ) 
4 402 404 0 (-201 456 280 ) (-201 485 280 ) (-201 485 272 ) (-201 456 272 ) 
4 402 407 0 (-201 344 272 ) (-201 344 280 ) (-201 456 280 ) (-201 456 272 ) 
4 403 409 0 (-201 344 240 ) (-201 344 254 ) (-201 480 254 ) (-201 480 240 ) 
4 404 407 0 (-216 456 272 ) (-201 456 272 ) (-201 456 280 ) (-216 456 280 ) 
4 405 407 0 (-288 456 272 ) (-256 456 272 ) (-256 456 280 ) (-288 456 280 ) 
4 406 412 0 (-344 456 280 ) (-344 485 280 ) (-344 485 272 ) (-344 456 272 ) 
4 406 407 0 (-344 456 272 ) (-328 456 272 ) (-328 456 280 ) (-344 456 280 ) 
4 407 412 0 (-344 344 280 ) (-344 456 280 ) (-344 456 272 ) (-344 344 272 ) 
4 407 410 0 (-201 344 272 ) (-201 344 280 ) (-344 344 280 ) (-344 344 272 ) 
4 408 409 0 (-336 480 240 ) (-208 480 240 ) (-208 480 254 ) (-336 480 254 ) 
4 409 412 0 (-344 480 240 ) (-344 344 240 ) (-344 344 254 ) (-344 480 254 ) 
4 409 411 0 (-336 344 240 ) (-208 344 240 ) (-208 344 254 ) (-336 344 254 ) 
4 410 413 0 (-200 336 272 ) (-200 336 280 ) (-344 336 280 ) (-344 336 272 ) 
4 410 412 0 (-344 336 272 ) (-344 336 280 ) (-344 344 280 ) (-344 344 272 ) 
4 411 413 0 (-208 336 254 ) (-336 336 254 ) (-336 336 240 ) (-208 336 240 ) 
4 412 441 0 (-424 376 452.136871 ) (-424 336 452.136871 ) (-344 336 460.412720 ) (-344 376 460.412720 ) 
4 412 439 0 (-424 392 452.136871 ) (-424 384 452.136871 ) (-344 384 460.412720 ) (-344 392 460.412720 ) 
4 412 438 0 (-424 440 452.136871 ) (-424 392 452.136871 ) (-344 392 460.412720 ) (-344 440 460.412720 ) 
4 412 436 0 (-424 456 452.136871 ) (-424 448 452.136871 ) (-344 448 460.412720 ) (-344 456 460.412720 ) 
4 412 435 0 (-344 496 460.412720 ) (-424 496 452.136871 ) (-424 456 452.136871 ) (-344 456 460.412720 ) 
4 412 417 0 (-424 336 248 ) (-424 336 440 ) (-424 384 440 ) (-424 384 248 ) 
4 412 416 0 (-424 392 440 ) (-424 448 440 ) (-424 448 248 ) (-424 392 248 ) 
4 412 415 0 (-424 456 440 ) (-424 496 440 ) (-424 496 248 ) (-424 456 248 ) 
4 412 414 0 (-424 336 448 ) (-424 336 452.139404 ) (-424 496 452.139404 ) (-424 496 448 ) 
4 412 413 0 (-424 336 452.140900 ) (-424 336 240 ) (-344 336 240 ) (-344 336 460.416748 ) 
4 413 588 0 (-48 0 248 ) (-208 0 248 ) (-208 0 240 ) (-48 0 240 ) 
4 413 504 0 (-408 0 440 ) (-424 0 440 ) (-424 0 248 ) (-408 0 248 ) 
4 413 503 0 (-344 0 440 ) (-400 0 440 ) (-400 0 248 ) (-344 0 248 ) 
4 413 501 0 (-216 0 440 ) (-272 0 440 ) (-272 0 248 ) (-216 0 248 ) 
4 413 502 0 (-280 0 440 ) (-336 0 440 ) (-336 0 248 ) (-280 0 248 ) 
4 413 500 0 (-24 0 440 ) (-208 0 440 ) (-208 0 248 ) (-24 0 248 ) 
4 413 499 0 (0 0 248 ) (0 0 440 ) (-16 0 440 ) (-16 0 248 ) 
4 413 494 0 (-48 0 448 ) (-208 0 448 ) (-208 0 440 ) (-48 0 440 ) 
4 413 489 0 (0 0 448 ) (0 0 496 ) (-424 0 452.137939 ) (-424 0 448 ) 
4 413 457 0 (-424 8 452.136871 ) (-424 0 452.136871 ) (0 0 495.998932 ) (0 8 495.998932 ) 
4 413 456 0 (-424 56 452.136871 ) (-424 8 452.136871 ) (0 8 495.998932 ) (0 56 495.998932 ) 
4 413 454 0 (-424 72 452.136871 ) (-424 64 452.136871 ) (0 64 495.998932 ) (0 72 495.998932 ) 
4 413 453 0 (-424 120 452.136871 ) (-424 72 452.136871 ) (0 72 495.998932 ) (0 120 495.998932 ) 
4 413 451 0 (-424 136 452.136871 ) (-424 128 452.136871 ) (0 128 495.998932 ) (0 136 495.998932 ) 
4 413 450 0 (-424 184 452.136871 ) (-424 136 452.136871 ) (0 136 495.998932 ) (0 184 495.998932 ) 
4 413 448 0 (-424 200 452.136871 ) (-424 192 452.136871 ) (0 192 495.998932 ) (0 200 495.998932 ) 
4 413 447 0 (-424 248 452.136871 ) (-424 200 452.136871 ) (0 200 495.998932 ) (0 248 495.998901 ) 
4 413 445 0 (-424 264 452.136871 ) (-424 256 452.136871 ) (0 256 495.998901 ) (0 264 495.998901 ) 
4 413 444 0 (-424 312 452.136871 ) (-424 264 452.136871 ) (0 264 495.998901 ) (0 312 495.998901 ) 
4 413 442 0 (-424 328 452.136871 ) (-424 320 452.136871 ) (0 320 495.998901 ) (0 328 495.998901 ) 
4 413 441 0 (-424 336 452.136871 ) (-424 328 452.136871 ) (0 328 495.998901 ) (0 336 495.998901 ) 
4 413 419 0 (-424 200 440 ) (-424 256 440 ) (-424 256 248 ) (-424 200 248 ) 
4 413 418 0 (-424 264 440 ) (-424 320 440 ) (-424 320 248 ) (-424 264 248 ) 
4 413 420 0 (-424 136 440 ) (-424 192 440 ) (-424 192 248 ) (-424 136 248 ) 
4 413 417 0 (-424 328 440 ) (-424 336 440 ) (-424 336 248 ) (-424 328 248 ) 
4 413 421 0 (-424 72 440 ) (-424 128 440 ) (-424 128 248 ) (-424 72 248 ) 
4 413 422 0 (-424 8 440 ) (-424 64 440 ) (-424 64 248 ) (-424 8 248 ) 
4 413 414 0 (-424 0 448 ) (-424 0 452.139404 ) (-424 336 452.139404 ) (-424 336 448 ) 
4 414 489 0 (-424 0 452.137939 ) (-440 0 450.482758 ) (-440 0 448 ) (-424 0 448 ) 
4 414 457 0 (-440 8 450.481689 ) (-440 0 450.481689 ) (-424 0 452.136871 ) (-424 8 452.136871 ) 
4 414 456 0 (-440 56 450.481689 ) (-440 8 450.481689 ) (-424 8 452.136871 ) (-424 56 452.136871 ) 
4 414 454 0 (-440 72 450.481689 ) (-440 64 450.481689 ) (-424 64 452.136871 ) (-424 72 452.136871 ) 
4 414 453 0 (-440 120 450.481689 ) (-440 72 450.481689 ) (-424 72 452.136871 ) (-424 120 452.136871 ) 
4 414 451 0 (-440 136 450.481689 ) (-440 128 450.481689 ) (-424 128 452.136871 ) (-424 136 452.136871 ) 
4 414 450 0 (-440 184 450.481689 ) (-440 136 450.481689 ) (-424 136 452.136871 ) (-424 184 452.136871 ) 
4 414 448 0 (-440 200 450.481689 ) (-440 192 450.481689 ) (-424 192 452.136871 ) (-424 200 452.136871 ) 
4 414 447 0 (-440 248 450.481689 ) (-440 200 450.481689 ) (-424 200 452.136871 ) (-424 248 452.136871 ) 
4 414 445 0 (-440 264 450.481689 ) (-440 256 450.481689 ) (-424 256 452.136871 ) (-424 264 452.136871 ) 
4 414 444 0 (-440 312 450.481689 ) (-440 264 450.481689 ) (-424 264 452.136871 ) (-424 312 452.136871 ) 
4 414 442 0 (-440 328 450.481689 ) (-440 320 450.481689 ) (-424 320 452.136871 ) (-424 328 452.136871 ) 
4 414 441 0 (-440 376 450.481689 ) (-440 328 450.481689 ) (-424 328 452.136871 ) (-424 376 452.136871 ) 
4 414 439 0 (-440 392 450.481689 ) (-440 384 450.481689 ) (-424 384 452.136871 ) (-424 392 452.136871 ) 
4 414 438 0 (-440 440 450.481689 ) (-440 392 450.481689 ) (-424 392 452.136871 ) (-424 440 452.136871 ) 
4 414 436 0 (-440 456 450.481689 ) (-440 448 450.481689 ) (-424 448 452.136871 ) (-424 456 452.136871 ) 
4 414 435 0 (-424 496 452.136871 ) (-440 496 450.481689 ) (-440 456 450.481689 ) (-424 456 452.136871 ) 
4 414 431 0 (-440 0 448 ) (-440 0 450.484375 ) (-440 496 450.484375 ) (-440 496 448 ) 
4 415 431 0 (-440 456 440 ) (-440 496 440 ) (-440 496 248 ) (-440 456 248 ) 
4 416 431 0 (-440 392 440 ) (-440 448 440 ) (-440 448 248 ) (-440 392 248 ) 
4 417 431 0 (-440 328 440 ) (-440 384 440 ) (-440 384 248 ) (-440 328 248 ) 
4 418 431 0 (-440 264 440 ) (-440 320 440 ) (-440 320 248 ) (-440 264 248 ) 
4 419 431 0 (-440 200 440 ) (-440 256 440 ) (-440 256 248 ) (-440 200 248 ) 
4 420 431 0 (-440 136 440 ) (-440 192 440 ) (-440 192 248 ) (-440 136 248 ) 
4 421 431 0 (-440 72 440 ) (-440 128 440 ) (-440 128 248 ) (-440 72 248 ) 
4 422 431 0 (-440 8 440 ) (-440 64 440 ) (-440 64 248 ) (-440 8 248 ) 
4 423 469 0 (-440 456 208 ) (-440 480 208 ) (-424 480 208 ) (-424 456 208 ) 
4 423 466 0 (-440 480 208 ) (-440 496 208 ) (-424 496 208 ) (-424 480 208 ) 
4 423 432 0 (-440 496 208 ) (-440 480 208 ) (-440 480 232 ) (-440 496 232 ) 
4 424 469 0 (-440 392 208 ) (-440 448 208 ) (-424 448 208 ) (-424 392 208 ) 
4 425 458 0 (-8 360 208 ) (-160 360 208 ) (-160 376 208 ) (-8 376 208 ) 
4 425 459 0 (0 360 208 ) (0 328 208 ) (-424 328 208 ) (-424 360 208 ) 
4 425 433 0 (-440 384 208 ) (-440 328 208 ) (-440 328 232 ) (-440 384 232 ) 
4 426 459 0 (-424 320 208 ) (0 320 208 ) (0 264 208 ) (-424 264 208 ) 
4 426 433 0 (-440 320 208 ) (-440 264 208 ) (-440 264 232 ) (-440 320 232 ) 
4 427 459 0 (-424 256 208 ) (0 256 208 ) (0 200 208 ) (-424 200 208 ) 
4 427 433 0 (-440 256 208 ) (-440 200 208 ) (-440 200 232 ) (-440 256 232 ) 
4 428 459 0 (-424 192 208 ) (0 192 208 ) (0 136 208 ) (-424 136 208 ) 
4 428 433 0 (-440 192 208 ) (-440 136 208 ) (-440 136 232 ) (-440 192 232 ) 
4 429 459 0 (-424 128 208 ) (0 128 208 ) (0 72 208 ) (-424 72 208 ) 
4 429 433 0 (-440 128 208 ) (-440 72 208 ) (-440 72 232 ) (-440 128 232 ) 
4 430 459 0 (-424 64 208 ) (0 64 208 ) (0 8 208 ) (-424 8 208 ) 
4 430 433 0 (-440 64 208 ) (-440 8 208 ) (-440 8 232 ) (-440 64 232 ) 
4 431 602 0 (-448 0 248 ) (-448 0 240 ) (-440 0 240 ) (-440 0 248 ) 
4 431 505 0 (-448 0 440 ) (-448 0 248 ) (-440 0 248 ) (-440 0 440 ) 
4 431 498 0 (-448 0 448 ) (-448 0 440 ) (-440 0 440 ) (-440 0 448 ) 
4 431 489 0 (-440 0 450.482758 ) (-448 0 449.655182 ) (-448 0 448 ) (-440 0 448 ) 
4 431 457 0 (-448 8 449.654114 ) (-448 0 449.654114 ) (-440 0 450.481689 ) (-440 8 450.481689 ) 
4 431 456 0 (-448 56 449.654114 ) (-448 8 449.654114 ) (-440 8 450.481689 ) (-440 56 450.481689 ) 
4 431 454 0 (-448 72 449.654114 ) (-448 64 449.654114 ) (-440 64 450.481689 ) (-440 72 450.481689 ) 
4 431 453 0 (-448 120 449.654114 ) (-448 72 449.654114 ) (-440 72 450.481689 ) (-440 120 450.481689 ) 
4 431 451 0 (-448 136 449.654114 ) (-448 128 449.654114 ) (-440 128 450.481689 ) (-440 136 450.481689 ) 
4 431 450 0 (-448 184 449.654114 ) (-448 136 449.654114 ) (-440 136 450.481689 ) (-440 184 450.481689 ) 
4 431 448 0 (-448 200 449.654114 ) (-448 192 449.654114 ) (-440 192 450.481689 ) (-440 200 450.481689 ) 
4 431 447 0 (-448 248 449.654114 ) (-448 200 449.654114 ) (-440 200 450.481689 ) (-440 248 450.481689 ) 
4 431 445 0 (-448 264 449.654114 ) (-448 256 449.654114 ) (-440 256 450.481689 ) (-440 264 450.481689 ) 
4 431 444 0 (-448 312 449.654114 ) (-448 264 449.654114 ) (-440 264 450.481689 ) (-440 312 450.481689 ) 
4 431 442 0 (-448 328 449.654114 ) (-448 320 449.654114 ) (-440 320 450.481689 ) (-440 328 450.481689 ) 
4 431 441 0 (-448 376 449.654114 ) (-448 328 449.654114 ) (-440 328 450.481689 ) (-440 376 450.481689 ) 
4 431 439 0 (-448 392 449.654114 ) (-448 384 449.654114 ) (-440 384 450.481689 ) (-440 392 450.481689 ) 
4 431 438 0 (-448 440 449.654114 ) (-448 392 449.654114 ) (-440 392 450.481689 ) (-440 440 450.481689 ) 
4 431 436 0 (-448 456 449.654114 ) (-448 448 449.654114 ) (-440 448 450.481689 ) (-440 456 450.481689 ) 
4 431 435 0 (-440 496 450.481689 ) (-448 496 449.654114 ) (-448 456 449.654114 ) (-440 456 450.481689 ) 
4 431 432 0 (-448 480 240 ) (-448 496 240 ) (-440 496 240 ) (-440 480 240 ) 
4 431 433 0 (-448 0 240 ) (-448 392 240 ) (-440 392 240 ) (-440 0 240 ) 
4 431 434 0 (-448 0 240 ) (-448 0 449.656250 ) (-448 496 449.656250 ) (-448 496 240 ) 
4 432 466 0 (-448 480 208 ) (-448 496 208 ) (-440 496 208 ) (-440 480 208 ) 
4 432 434 0 (-448 496 208 ) (-448 480 208 ) (-448 480 240 ) (-448 496 240 ) 
4 433 602 0 (-448 0 240 ) (-448 0 208 ) (-440 0 208 ) (-440 0 240 ) 
4 433 472 0 (-440 0 208 ) (-448 0 208 ) (-448 392 208 ) (-440 392 208 ) 
4 433 434 0 (-448 392 208 ) (-448 0 208 ) (-448 0 240 ) (-448 392 240 ) 
4 434 602 0 (-464 0 248 ) (-464 0 208 ) (-448 0 208 ) (-448 0 248 ) 
4 434 505 0 (-464 0 440 ) (-464 0 248 ) (-448 0 248 ) (-448 0 440 ) 
4 434 498 0 (-464 0 448 ) (-464 0 440 ) (-448 0 440 ) (-448 0 448 ) 
3 434 489 0 (-448 0 449.655182 ) (-464 0 448 ) (-448 0 448 ) 
4 434 479 0 (-464 0 208 ) (-464 0 448 ) (-464 496 448 ) (-464 496 208 ) 
4 434 472 0 (-448 0 208 ) (-464 0 208 ) (-464 392 208 ) (-448 392 208 ) 
4 434 471 0 (-464 392 208 ) (-464 480 208 ) (-448 480 208 ) (-448 392 208 ) 
4 434 468 0 (-464 480 208 ) (-464 496 208 ) (-448 496 208 ) (-448 480 208 ) 
4 434 457 0 (-464 8 447.998932 ) (-464 0 447.998932 ) (-448 0 449.654114 ) (-448 8 449.654114 ) 
4 434 456 0 (-464 56 447.998932 ) (-464 8 447.998932 ) (-448 8 449.654114 ) (-448 56 449.654114 ) 
4 434 454 0 (-464 72 447.998932 ) (-464 64 447.998932 ) (-448 64 449.654114 ) (-448 72 449.654114 ) 
4 434 453 0 (-464 120 447.998932 ) (-464 72 447.998932 ) (-448 72 449.654114 ) (-448 120 449.654114 ) 
4 434 451 0 (-464 136 447.998932 ) (-464 128 447.998932 ) (-448 128 449.654114 ) (-448 136 449.654114 ) 
4 434 450 0 (-464 184 447.998932 ) (-464 136 447.998932 ) (-448 136 449.654114 ) (-448 184 449.654114 ) 
4 434 448 0 (-464 200 447.998932 ) (-464 192 447.998932 ) (-448 192 449.654114 ) (-448 200 449.654114 ) 
4 434 447 0 (-464 248 447.998932 ) (-464 200 447.998932 ) (-448 200 449.654114 ) (-448 248 449.654114 ) 
4 434 445 0 (-464 264 447.998932 ) (-464 256 447.998932 ) (-448 256 449.654114 ) (-448 264 449.654114 ) 
4 434 444 0 (-464 312 447.998932 ) (-464 264 447.998932 ) (-448 264 449.654114 ) (-448 312 449.654114 ) 
4 434 442 0 (-464 328 447.998932 ) (-464 320 447.998932 ) (-448 320 449.654114 ) (-448 328 449.654114 ) 
4 434 441 0 (-464 376 447.998932 ) (-464 328 447.998932 ) (-448 328 449.654114 ) (-448 376 449.654114 ) 
4 434 439 0 (-464 392 447.998932 ) (-464 384 447.998932 ) (-448 384 449.654114 ) (-448 392 449.654114 ) 
4 434 438 0 (-464 440 447.998932 ) (-464 392 447.998932 ) (-448 392 449.654114 ) (-448 440 449.654114 ) 
4 434 436 0 (-464 456 447.998932 ) (-464 448 447.998932 ) (-448 448 449.654114 ) (-448 456 449.654114 ) 
4 434 435 0 (-448 496 449.654114 ) (-464 496 447.998932 ) (-464 456 447.998932 ) (-448 456 449.654114 ) 
4 435 479 0 (-464 456 464 ) (-464 496 464 ) (-464 496 448 ) (-464 456 448 ) 
3 435 436 0 (-464 456 448 ) (0 456 496 ) (0 456 560 ) 
3 436 437 0 (0 448 512 ) (0 448 560 ) (-348 448 476 ) 
3 437 438 0 (0 440 512 ) (0 440 576 ) (-464 440 464 ) 
4 438 479 0 (-464 392 464 ) (-464 440 464 ) (-464 440 448 ) (-464 392 448 ) 
3 438 439 0 (-464 392 448 ) (0 392 496 ) (0 392 560 ) 
3 439 440 0 (0 384 512 ) (0 384 560 ) (-348 384 476 ) 
3 440 441 0 (0 376 512 ) (0 376 576 ) (-464 376 464 ) 
4 441 479 0 (-464 328 464 ) (-464 376 464 ) (-464 376 448 ) (-464 328 448 ) 
3 441 442 0 (-464 328 448 ) (0 328 496 ) (0 328 560 ) 
3 442 443 0 (0 320 512 ) (0 320 560 ) (-348 320 476 ) 
3 443 444 0 (0 312 512 ) (0 312 576 ) (-464 312 464 ) 
4 444 479 0 (-464 264 464 ) (-464 312 464 ) (-464 312 448 ) (-464 264 448 ) 
3 444 445 0 (-464 264 448 ) (0 264 496 ) (0 264 560 ) 
3 445 446 0 (0 256 512 ) (0 256 560 ) (-348 256 476 ) 
3 446 447 0 (0 248 512 ) (0 248 576 ) (-464 248 464 ) 
4 447 479 0 (-464 200 464 ) (-464 248 464 ) (-464 248 448 ) (-464 200 448 ) 
3 447 448 0 (-464 200 448 ) (0 200 496 ) (0 200 560 ) 
3 448 449 0 (0 192 512 ) (0 192 560 ) (-348 192 476 ) 
3 449 450 0 (0 184 512 ) (0 184 576 ) (-464 184 464 ) 
4 450 479 0 (-464 136 464 ) (-464 184 464 ) (-464 184 448 ) (-464 136 448 ) 
3 450 451 0 (-464 136 448 ) (0 136 496 ) (0 136 560 ) 
3 451 452 0 (0 128 512 ) (0 128 560 ) (-348 128 476 ) 
3 452 453 0 (0 120 512 ) (0 120 576 ) (-464 120 464 ) 
4 453 479 0 (-464 72 464 ) (-464 120 464 ) (-464 120 448 ) (-464 72 448 ) 
3 453 454 0 (-464 72 448 ) (0 72 496 ) (0 72 560 ) 
3 454 455 0 (0 64 512 ) (0 64 560 ) (-348 64 476 ) 
3 455 456 0 (0 56 512 ) (0 56 576 ) (-464 56 464 ) 
4 456 479 0 (-464 8 464 ) (-464 56 464 ) (-464 56 448 ) (-464 8 448 ) 
3 456 457 0 (-464 8 448 ) (0 8 496 ) (0 8 560 ) 
3 457 488 0 (0 0 512 ) (0 0 560 ) (-348 0 476 ) 
4 458 462 0 (-160 376 200 ) (-8 376 200 ) (-8 360 200 ) (-160 360 200 ) 
4 458 459 0 (-160 360 200 ) (-8 360 200 ) (-8 360 208 ) (-160 360 208 ) 
4 459 603 0 (0 0 200 ) (0 0 208 ) (-424 0 208 ) (-424 0 200 ) 
4 459 465 0 (-160 0 200 ) (-424 0 200 ) (-424 352 200 ) (-160 352 200 ) 
4 459 461 0 (0 0 200 ) (-8 0 200 ) (-8 352 200 ) (0 352 200 ) 
4 459 462 0 (-8 0 200 ) (-160 0 200 ) (-160 360 200 ) (-8 360 200 ) 
4 460 480 0 (-8 384 0 ) (-8 496 0 ) (0 496 0 ) (0 384 0 ) 
4 460 462 0 (-8 384 200 ) (-8 496 200 ) (-8 496 0 ) (-8 384 0 ) 
4 461 604 0 (0 0 0 ) (0 0 200 ) (-8 0 200 ) (-8 0 0 ) 
4 461 486 0 (0 0 0 ) (-8 0 0 ) (-8 224 0 ) (0 224 0 ) 
4 461 480 0 (-8 224 0 ) (-8 352 0 ) (0 352 0 ) (0 224 0 ) 
4 461 462 0 (-8 0 200 ) (-8 352 200 ) (-8 352 0 ) (-8 0 0 ) 
4 462 604 0 (-8 0 200 ) (-160 0 200 ) (-160 0 0 ) (-8 0 0 ) 
4 462 486 0 (-8 0 0 ) (-160 0 0 ) (-160 224 0 ) (-8 224 0 ) 
4 462 480 0 (-160 224 0 ) (-160 496 0 ) (-8 496 0 ) (-8 224 0 ) 
4 462 463 0 (-160 384 200 ) (-160 496 200 ) (-160 496 0 ) (-160 384 0 ) 
4 462 465 0 (-160 0 200 ) (-160 352 200 ) (-160 352 0 ) (-160 0 0 ) 
4 463 480 0 (-424 384 0 ) (-424 496 0 ) (-160 496 0 ) (-160 384 0 ) 
4 463 469 0 (-424 392 168 ) (-424 392 200 ) (-424 480 200 ) (-424 480 168 ) 
4 463 470 0 (-424 480 0 ) (-424 392 0 ) (-424 392 168 ) (-424 480 168 ) 
4 463 467 0 (-424 496 200 ) (-424 496 0 ) (-424 480 0 ) (-424 480 200 ) 
4 464 474 0 (-424 360 8 ) (-424 360 200 ) (-424 376 200 ) (-424 376 8 ) 
4 465 604 0 (-160 0 200 ) (-424 0 200 ) (-424 0 0 ) (-160 0 0 ) 
4 465 486 0 (-160 0 0 ) (-424 0 0 ) (-424 224 0 ) (-160 224 0 ) 
4 465 480 0 (-424 224 0 ) (-424 352 0 ) (-160 352 0 ) (-160 224 0 ) 
4 465 476 0 (-424 320 0 ) (-424 232 0 ) (-424 232 200 ) (-424 320 200 ) 
4 465 474 0 (-424 328 200 ) (-424 352 200 ) (-424 352 8 ) (-424 328 8 ) 
4 465 478 0 (-424 224 0 ) (-424 0 0 ) (-424 0 200 ) (-424 224 200 ) 
4 466 469 0 (-424 480 200 ) (-424 480 208 ) (-440 480 208 ) (-440 480 200 ) 
4 466 467 0 (-424 480 200 ) (-440 480 200 ) (-440 496 200 ) (-424 496 200 ) 
4 466 468 0 (-448 480 200 ) (-448 480 208 ) (-448 496 208 ) (-448 496 200 ) 
4 467 481 0 (-440 496 0 ) (-424 496 0 ) (-424 480 0 ) (-440 480 0 ) 
4 467 469 0 (-424 480 168 ) (-424 480 200 ) (-440 480 200 ) (-440 480 168 ) 
4 467 470 0 (-424 480 0 ) (-424 480 168 ) (-440 480 168 ) (-440 480 0 ) 
4 468 481 0 (-464 480 0 ) (-464 496 0 ) (-448 496 0 ) (-448 480 0 ) 
4 468 479 0 (-464 496 0 ) (-464 480 0 ) (-464 480 208 ) (-464 496 208 ) 
4 468 471 0 (-448 480 208 ) (-464 480 208 ) (-464 480 0 ) (-448 480 0 ) 
4 469 470 0 (-424 392 168 ) (-440 392 168 ) (-440 480 168 ) (-424 480 168 ) 
4 470 481 0 (-448 480 0 ) (-424 480 0 ) (-424 392 0 ) (-448 392 0 ) 
4 470 471 0 (-448 480 168 ) (-448 480 0 ) (-448 392 0 ) (-448 392 168 ) 
4 471 481 0 (-464 392 0 ) (-464 480 0 ) (-448 480 0 ) (-448 392 0 ) 
4 471 479 0 (-464 480 0 ) (-464 392 0 ) (-464 392 208 ) (-464 480 208 ) 
4 471 477 0 (-464 392 200 ) (-464 392 0 ) (-448 392 0 ) (-448 392 200 ) 
4 471 472 0 (-448 392 208 ) (-464 392 208 ) (-464 392 200 ) (-448 392 200 ) 
4 472 614 0 (-448 0 208 ) (-464 0 208 ) (-464 0 200 ) (-448 0 200 ) 
4 472 611 0 (-440 0 208 ) (-448 0 208 ) (-448 0 200 ) (-440 0 200 ) 
4 472 479 0 (-464 0 200 ) (-464 0 208 ) (-464 392 208 ) (-464 392 200 ) 
4 472 477 0 (-464 224 200 ) (-464 392 200 ) (-448 392 200 ) (-448 224 200 ) 
4 472 478 0 (-464 0 200 ) (-464 224 200 ) (-440 224 200 ) (-440 0 200 ) 
4 473 474 0 (-432 376 8 ) (-424 376 8 ) (-424 376 200 ) (-432 376 200 ) 
4 474 475 0 (-432 360 8 ) (-432 328 8 ) (-432 328 200 ) (-432 360 200 ) 
4 476 482 0 (-424 320 0 ) (-424 232 0 ) (-440 232 0 ) (-440 320 0 ) 
4 477 484 0 (-464 224 0 ) (-464 392 0 ) (-448 392 0 ) (-448 224 0 ) 
4 477 479 0 (-464 392 0 ) (-464 224 0 ) (-464 224 200 ) (-464 392 200 ) 
4 477 478 0 (-448 224 200 ) (-464 224 200 ) (-464 224 0 ) (-448 224 0 ) 
4 478 614 0 (-464 0 200 ) (-464 0 0 ) (-448 0 0 ) (-448 0 200 ) 
4 478 612 0 (-448 0 0 ) (-440 0 0 ) (-440 0 200 ) (-448 0 200 ) 
4 478 606 0 (-440 0 0 ) (-424 0 0 ) (-424 0 200 ) (-440 0 200 ) 
4 478 486 0 (-424 0 0 ) (-464 0 0 ) (-464 224 0 ) (-424 224 0 ) 
4 478 479 0 (-464 224 0 ) (-464 0 0 ) (-464 0 200 ) (-464 224 200 ) 
4 479 614 0 (-1020 0 208 ) (-1020 0 0 ) (-464 0 0 ) (-464 0 208 ) 
4 479 602 0 (-1020 0 248 ) (-1020 0 208 ) (-464 0 208 ) (-464 0 248 ) 
4 479 505 0 (-1020 0 440 ) (-1020 0 248 ) (-464 0 248 ) (-464 0 440 ) 
4 479 498 0 (-1020 0 448 ) (-1020 0 440 ) (-464 0 440 ) (-464 0 448 ) 
4 479 493 0 (-464 0 1024 ) (-1020 0 1024 ) (-1020 0 448 ) (-464 0 448 ) 
4 479 486 0 (-464 0 0 ) (-1020 0 0 ) (-1020 224 0 ) (-464 224 0 ) 
4 479 484 0 (-1020 224 0 ) (-1020 392 0 ) (-464 392 0 ) (-464 224 0 ) 
4 479 481 0 (-1020 392 0 ) (-1020 1024 0 ) (-464 1024 0 ) (-464 392 0 ) 
4 480 486 0 (-424 224 -512 ) (0 224 -512 ) (0 224 0 ) (-424 224 0 ) 
4 480 485 0 (-424 1024 -512 ) (-424 224 -512 ) (-424 224 -64 ) (-424 1024 -64 ) 
4 480 483 0 (-424 392 -56 ) (-424 392 -64 ) (-424 320 -64 ) (-424 320 -56 ) 
4 480 482 0 (-424 232 0 ) (-424 392 0 ) (-424 392 -56 ) (-424 232 -56 ) 
4 480 481 0 (-424 392 0 ) (-424 1024 0 ) (-424 1024 -64 ) (-424 392 -64 ) 
4 481 485 0 (-1020 1024 -64 ) (-424 1024 -64 ) (-424 392 -64 ) (-1020 392 -64 ) 
4 481 483 0 (-440 392 -64 ) (-424 392 -64 ) (-424 392 -56 ) (-440 392 -56 ) 
4 481 482 0 (-424 392 -56 ) (-424 392 0 ) (-440 392 0 ) (-440 392 -56 ) 
4 481 484 0 (-1020 392 0 ) (-1020 392 -64 ) (-448 392 -64 ) (-448 392 0 ) 
4 482 483 0 (-440 320 -56 ) (-440 392 -56 ) (-424 392 -56 ) (-424 320 -56 ) 
4 483 485 0 (-424 392 -64 ) (-424 320 -64 ) (-440 320 -64 ) (-440 392 -64 ) 
4 484 486 0 (-448 224 0 ) (-1020 224 0 ) (-1020 224 -64 ) (-448 224 -64 ) 
4 484 485 0 (-448 224 -64 ) (-1020 224 -64 ) (-1020 392 -64 ) (-448 392 -64 ) 
4 485 486 0 (-1020 224 -512 ) (-424 224 -512 ) (-424 224 -64 ) (-1020 224 -64 ) 
4 486 619 0 (-424 0 0 ) (-1020 0 0 ) (-1020 0 -512 ) (-424 0 -512 ) 
4 486 618 0 (0 0 -512 ) (0 0 0 ) (-424 0 0 ) (-424 0 -512 ) 
4 487 624 0 (-1020 -1024 1024 ) (0 -1024 1024 ) (0 -1024 1660 ) (-1020 -1024 1660 ) 
4 487 617 0 (-440 -1024 1024 ) (-1020 -1024 1024 ) (-1020 -504 1024 ) (-440 -504 1024 ) 
4 487 615 0 (-440 -512 1024 ) (-440 -504 1024 ) (0 -504 1024 ) (0 -512 1024 ) 
4 487 616 0 (0 -1024 1024 ) (-440 -1024 1024 ) (-440 -512 1024 ) (0 -512 1024 ) 
4 487 572 0 (-1020 -504 1024 ) (-1020 -496 1024 ) (0 -496 1024 ) (0 -504 1024 ) 
4 487 568 0 (-1020 -496 1024 ) (-1020 -488 1024 ) (0 -488 1024 ) (0 -496 1024 ) 
4 487 567 0 (-1020 -488 1024 ) (-1020 -456 1024 ) (0 -456 1024 ) (0 -488 1024 ) 
4 487 563 0 (-1020 -456 1024 ) (-1020 -448 1024 ) (0 -448 1024 ) (0 -456 1024 ) 
4 487 559 0 (-1020 -448 1024 ) (-1020 -440 1024 ) (0 -440 1024 ) (0 -448 1024 ) 
4 487 558 0 (-1020 -440 1024 ) (-1020 -392 1024 ) (0 -392 1024 ) (0 -440 1024 ) 
4 487 554 0 (-1020 -392 1024 ) (-1020 -384 1024 ) (0 -384 1024 ) (0 -392 1024 ) 
4 487 550 0 (-1020 -384 1024 ) (-1020 -376 1024 ) (0 -376 1024 ) (0 -384 1024 ) 
4 487 545 0 (-1020 -328 1024 ) (-1020 -320 1024 ) (0 -320 1024 ) (0 -328 1024 ) 
4 487 549 0 (-1020 -376 1024 ) (-1020 -328 1024 ) (0 -328 1024 ) (0 -376 1024 ) 
4 487 544 0 (-468.309174 -312 1024 ) (-464 -312 1024 ) (-464 -320 1024 ) (-468.309204 -320 1024 ) 
4 487 542 0 (-1020 -320 1024 ) (-1020 -312 1024 ) (-468.309174 -312 1024 ) (-468.309204 -320 1024 ) 
4 487 541 0 (-1020 -312 1024 ) (-1020 -64 1024 ) (-464 -64 1024 ) (-464 -312 1024 ) 
4 487 538 0 (0 -312 1024 ) (0 -320 1024 ) (-464 -320 1024 ) (-464 -312 1024 ) 
4 487 536 0 (0 -256 1024 ) (0 -264 1024 ) (-464 -264 1024 ) (-464 -256 1024 ) 
4 487 537 0 (0 -264 1024 ) (0 -312 1024 ) (-464 -312 1024 ) (-464 -264 1024 ) 
4 487 535 0 (0 -248 1024 ) (0 -256 1024 ) (-464 -256 1024 ) (-464 -248 1024 ) 
4 487 533 0 (0 -200 1024 ) (0 -248 1024 ) (-464 -248 1024 ) (-464 -200 1024 ) 
4 487 532 0 (0 -192 1024 ) (0 -200 1024 ) (-464 -200 1024 ) (-464 -192 1024 ) 
4 487 531 0 (0 -184 1024 ) (0 -192 1024 ) (-464 -192 1024 ) (-464 -184 1024 ) 
4 487 528 0 (0 -128 1024 ) (0 -136 1024 ) (-464 -136 1024 ) (-464 -128 1024 ) 
4 487 529 0 (0 -136 1024 ) (0 -184 1024 ) (-464 -184 1024 ) (-464 -136 1024 ) 
4 487 527 0 (0 -120 1024 ) (0 -128 1024 ) (-464 -128 1024 ) (-464 -120 1024 ) 
4 487 524 0 (-464 -64 1024 ) (0 -64 1024 ) (0 -72 1024 ) (-464 -72 1024 ) 
4 487 525 0 (0 -72 1024 ) (0 -120 1024 ) (-464 -120 1024 ) (-464 -72 1024 ) 
4 487 493 0 (-1020 -64 1024 ) (-1020 0 1024 ) (-464 0 1024 ) (-464 -64 1024 ) 
4 487 492 0 (0 -56 1024 ) (0 -64 1024 ) (-464 -64 1024 ) (-464 -56 1024 ) 
4 487 490 0 (0 -8 1024 ) (0 -56 1024 ) (-464 -56 1024 ) (-464 -8 1024 ) 
4 487 488 0 (-464 0 1024 ) (0 0 1024 ) (0 -8 1024 ) (-464 -8 1024 ) 
4 488 493 0 (-464 -8 464 ) (-464 -8 1024 ) (-464 0 1024 ) (-464 0 464 ) 
4 488 490 0 (-464 -8 1024 ) (-464 -8 464 ) (0 -8 512 ) (0 -8 1024 ) 
4 489 498 0 (-464 -8 448 ) (-464 0 448 ) (-440 0 448 ) (-440 -8 448 ) 
4 489 494 0 (-208 0 448 ) (-48 0 448 ) (-48 -8 448 ) (-208 -8 448 ) 
3 489 490 0 (-464 -8 448 ) (0 -8 448 ) (0 -8 496 ) 
4 490 498 0 (-464 -56 448 ) (-464 -8 448 ) (-440 -8 448 ) (-440 -56 448 ) 
4 490 496 0 (0 -48 448 ) (0 -56 448 ) (-32 -56 448 ) (-32 -48 448 ) 
4 490 497 0 (-224 -56 448 ) (-424 -56 448 ) (-424 -48 448 ) (-224 -48 448 ) 
4 490 495 0 (0 -16 448 ) (0 -48 448 ) (-424 -48 448 ) (-424 -16 448 ) 
4 490 494 0 (-208 -8 448 ) (-48 -8 448 ) (-48 -16 448 ) (-208 -16 448 ) 
4 490 493 0 (-464 -8 448 ) (-464 -56 448 ) (-464 -56 1024 ) (-464 -8 1024 ) 
4 490 492 0 (-464 -56 1024 ) (-464 -56 464 ) (0 -56 576 ) (0 -56 1024 ) 
3 490 491 0 (-464 -56 448 ) (0 -56 448 ) (0 -56 560 ) 
3 491 524 0 (0 -64 512 ) (0 -64 560 ) (-348 -64 476 ) 
3 491 523 0 (-440 -64 450.482758 ) (-464 -64 448 ) (-440 -64 448 ) 
4 491 515 0 (-424 -64 452.137939 ) (-440 -64 450.482758 ) (-440 -64 448 ) (-424 -64 448 ) 
4 491 514 0 (0 -64 448 ) (0 -64 496 ) (-424 -64 452.137939 ) (-424 -64 448 ) 
4 491 498 0 (-440 -64 448 ) (-464 -64 448 ) (-464 -56 448 ) (-440 -56 448 ) 
4 491 496 0 (0 -64 448 ) (-32 -64 448 ) (-32 -56 448 ) (0 -56 448 ) 
4 491 497 0 (-224 -64 448 ) (-424 -64 448 ) (-424 -56 448 ) (-224 -56 448 ) 
4 492 524 0 (0 -64 576 ) (0 -64 1024 ) (-464 -64 1024 ) (-464 -64 464 ) 
4 492 493 0 (-464 -64 464 ) (-464 -64 1024 ) (-464 -56 1024 ) (-464 -56 464 ) 
4 493 541 0 (-464 -64 1024 ) (-1020 -64 1024 ) (-1020 -64 448 ) (-464 -64 448 ) 
4 493 498 0 (-464 -64 448 ) (-1020 -64 448 ) (-1020 0 448 ) (-464 0 448 ) 
4 494 500 0 (-208 0 440 ) (-48 0 440 ) (-48 -16 440 ) (-208 -16 440 ) 
4 494 495 0 (-208 -16 440 ) (-48 -16 440 ) (-48 -16 448 ) (-208 -16 448 ) 
4 495 506 0 (-424 -48 440 ) (-424 -16 440 ) (0 -16 440 ) (0 -48 440 ) 
4 495 496 0 (-32 -48 440 ) (0 -48 440 ) (0 -48 448 ) (-32 -48 448 ) 
4 495 497 0 (-424 -48 448 ) (-424 -48 440 ) (-224 -48 440 ) (-224 -48 448 ) 
4 496 514 0 (0 -64 440 ) (0 -64 448 ) (-32 -64 448 ) (-32 -64 440 ) 
4 496 507 0 (0 -64 440 ) (-32 -64 440 ) (-32 -48 440 ) (0 -48 440 ) 
4 497 514 0 (-224 -64 448 ) (-424 -64 448 ) (-424 -64 440 ) (-224 -64 440 ) 
4 497 512 0 (-392 -64 440 ) (-424 -64 440 ) (-424 -48 440 ) (-392 -48 440 ) 
4 497 511 0 (-224 -64 440 ) (-384 -64 440 ) (-384 -48 440 ) (-224 -48 440 ) 
4 498 541 0 (-464 -64 448 ) (-1020 -64 448 ) (-1020 -64 440 ) (-541.333435 -64 440 ) 
4 498 523 0 (-440 -64 448 ) (-464 -64 448 ) (-541.333435 -64 440 ) (-440 -64 440 ) 
4 498 513 0 (-440 -64 440 ) (-1020 -64 440 ) (-1020 -48 440 ) (-440 -48 440 ) 
4 498 506 0 (-1020 -48 440 ) (-1020 -16 440 ) (-440 -16 440 ) (-440 -48 440 ) 
4 498 505 0 (-1020 -16 440 ) (-1020 0 440 ) (-440 0 440 ) (-440 -16 440 ) 
4 499 506 0 (-16 -16 248 ) (0 -16 248 ) (0 -16 440 ) (-16 -16 440 ) 
4 500 588 0 (-208 0 248 ) (-48 0 248 ) (-48 -16 248 ) (-208 -16 248 ) 
4 500 506 0 (-208 -16 248 ) (-24 -16 248 ) (-24 -16 440 ) (-208 -16 440 ) 
4 501 506 0 (-272 -16 248 ) (-216 -16 248 ) (-216 -16 440 ) (-272 -16 440 ) 
4 502 506 0 (-336 -16 248 ) (-280 -16 248 ) (-280 -16 440 ) (-336 -16 440 ) 
4 503 506 0 (-400 -16 248 ) (-344 -16 248 ) (-344 -16 440 ) (-400 -16 440 ) 
4 504 506 0 (-432 -16 248 ) (-408 -16 248 ) (-408 -16 440 ) (-432 -16 440 ) 
4 505 602 0 (-1020 0 248 ) (-440 0 248 ) (-440 -16 248 ) (-1020 -16 248 ) 
4 505 506 0 (-1020 -16 248 ) (-440 -16 248 ) (-440 -16 440 ) (-1020 -16 440 ) 
4 506 602 0 (-1020 -16 248 ) (-440 -16 248 ) (-440 -48 248 ) (-1020 -48 248 ) 
4 506 592 0 (-424 -16 248 ) (-384 -16 248 ) (-384 -48 248 ) (-424 -48 248 ) 
4 506 591 0 (-384 -16 248 ) (-224 -16 248 ) (-224 -48 248 ) (-384 -48 248 ) 
4 506 588 0 (-208 -16 248 ) (-48 -16 248 ) (-48 -48 248 ) (-208 -48 248 ) 
4 506 586 0 (-32 -16 248 ) (0 -16 248 ) (0 -48 248 ) (-32 -48 248 ) 
4 506 513 0 (-1020 -48 248 ) (-440 -48 248 ) (-440 -48 440 ) (-1020 -48 440 ) 
4 506 512 0 (-432 -48 248 ) (-392 -48 248 ) (-392 -48 440 ) (-432 -48 440 ) 
4 506 510 0 (-216 -48 248 ) (-160 -48 248 ) (-160 -48 440 ) (-216 -48 440 ) 
4 506 511 0 (-384 -48 248 ) (-224 -48 248 ) (-224 -48 440 ) (-384 -48 440 ) 
4 506 509 0 (-152 -48 248 ) (-96 -48 248 ) (-96 -48 440 ) (-152 -48 440 ) 
4 506 507 0 (-32 -48 248 ) (0 -48 248 ) (0 -48 440 ) (-32 -48 440 ) 
4 506 508 0 (-88 -48 248 ) (-40 -48 248 ) (-40 -48 440 ) (-88 -48 440 ) 
4 507 586 0 (-32 -48 248 ) (0 -48 248 ) (0 -64 248 ) (-32 -64 248 ) 
4 507 514 0 (-32 -64 248 ) (0 -64 248 ) (0 -64 440 ) (-32 -64 440 ) 
4 508 514 0 (-88 -64 248 ) (-40 -64 248 ) (-40 -64 440 ) (-88 -64 440 ) 
4 509 514 0 (-152 -64 248 ) (-96 -64 248 ) (-96 -64 440 ) (-152 -64 440 ) 
4 510 514 0 (-216 -64 248 ) (-160 -64 248 ) (-160 -64 440 ) (-216 -64 440 ) 
4 511 591 0 (-384 -48 248 ) (-224 -48 248 ) (-224 -64 248 ) (-384 -64 248 ) 
4 511 514 0 (-384 -64 248 ) (-224 -64 248 ) (-224 -64 440 ) (-384 -64 440 ) 
4 512 516 0 (-432 -64 248 ) (-424 -64 248 ) (-424 -64 440 ) (-432 -64 440 ) 
4 512 514 0 (-424 -64 248 ) (-392 -64 248 ) (-392 -64 440 ) (-424 -64 440 ) 
4 513 602 0 (-1020 -48 248 ) (-440 -48 248 ) (-440 -64 248 ) (-1020 -64 248 ) 
3 513 541 0 (-541.333435 -64 440 ) (-1020 -64 440 ) (-1020 -64 390.482758 ) 
5 513 523 0 (-1020 -64 248 ) (-440 -64 248 ) (-440 -64 440 ) (-541.333435 -64 440 ) (-1020 -64 390.482758 ) 
4 514 593 0 (-424 -64 248 ) (-384 -64 248 ) (-384 -488 248 ) (-424 -488 248 ) 
4 514 591 0 (-384 -64 248 ) (-224 -64 248 ) (-224 -488 248 ) (-384 -488 248 ) 
4 514 590 0 (-224 -64 248 ) (-208 -64 248 ) (-208 -488 248 ) (-224 -488 248 ) 
4 514 589 0 (-208 -64 248 ) (-48 -64 248 ) (-48 -488 248 ) (-208 -488 248 ) 
4 514 587 0 (-48 -64 248 ) (-32 -64 248 ) (-32 -488 248 ) (-48 -488 248 ) 
4 514 586 0 (-32 -64 248 ) (0 -64 248 ) (0 -488 248 ) (-32 -488 248 ) 
4 514 581 0 (-272 -488 248 ) (-216 -488 248 ) (-216 -488 440 ) (-272 -488 440 ) 
4 514 582 0 (-336 -488 248 ) (-280 -488 248 ) (-280 -488 440 ) (-336 -488 440 ) 
4 514 580 0 (-208 -488 248 ) (-152 -488 248 ) (-152 -488 440 ) (-208 -488 440 ) 
4 514 583 0 (-400 -488 248 ) (-344 -488 248 ) (-344 -488 440 ) (-400 -488 440 ) 
4 514 579 0 (-144 -488 248 ) (-88 -488 248 ) (-88 -488 440 ) (-144 -488 440 ) 
4 514 584 0 (-424 -488 248 ) (-408 -488 248 ) (-408 -488 440 ) (-424 -488 440 ) 
4 514 578 0 (-80 -488 248 ) (-24 -488 248 ) (-24 -488 440 ) (-80 -488 440 ) 
4 514 577 0 (-16 -488 248 ) (0 -488 248 ) (0 -488 440 ) (-16 -488 440 ) 
4 514 569 0 (0 -488 448 ) (0 -488 496 ) (-424 -488 452.137970 ) (-424 -488 448 ) 
4 514 567 0 (-424 -456 452.137543 ) (-424 -488 452.137482 ) (0 -488 496 ) (0 -456 496 ) 
4 514 564 0 (-424 -448 452.137543 ) (-424 -456 452.137543 ) (0 -456 496 ) (0 -448 496 ) 
4 514 560 0 (-424 -440 452.137543 ) (-424 -448 452.137543 ) (0 -448 496 ) (0 -440 496 ) 
4 514 558 0 (-424 -392 452.137634 ) (-424 -440 452.137543 ) (0 -440 496 ) (0 -392 496 ) 
4 514 556 0 (-424 -384 452.137665 ) (-424 -392 452.137634 ) (0 -392 496 ) (0 -384 496 ) 
4 514 551 0 (-424 -376 452.137695 ) (-424 -384 452.137665 ) (0 -384 496 ) (0 -376 496 ) 
4 514 547 0 (-424 -320 452.137787 ) (-424 -328 452.137787 ) (0 -328 496 ) (0 -320 496 ) 
4 514 549 0 (-424 -328 452.137787 ) (-424 -376 452.137695 ) (0 -376 496 ) (0 -328 496 ) 
4 514 539 0 (-424 -312 452.137817 ) (-424 -320 452.137787 ) (0 -320 496 ) (0 -312 496 ) 
4 514 537 0 (-424 -264 452.137909 ) (-424 -312 452.137817 ) (0 -312 496 ) (0 -264 496 ) 
4 514 534 0 (-424 -248 452.137909 ) (-424 -256 452.137909 ) (0 -256 496 ) (0 -248 496 ) 
4 514 533 0 (-424 -200 452.138000 ) (-424 -248 452.137909 ) (0 -248 496 ) (0 -200 496 ) 
4 514 530 0 (-424 -184 452.138062 ) (-424 -192 452.138031 ) (0 -192 496 ) (0 -184 496 ) 
4 514 529 0 (-424 -136 452.138153 ) (-424 -184 452.138062 ) (0 -184 496 ) (0 -136 496 ) 
4 514 526 0 (-424 -120 452.138184 ) (-424 -128 452.138153 ) (0 -128 496 ) (0 -120 496 ) 
4 514 525 0 (-424 -72 452.138275 ) (-424 -120 452.138184 ) (0 -120 496 ) (0 -72 496 ) 
4 514 522 0 (-424 -488 248 ) (-424 -488 440 ) (-424 -448 440 ) (-424 -448 248 ) 
4 514 518 0 (-424 -248 440 ) (-424 -192 440 ) (-424 -192 248 ) (-424 -248 248 ) 
4 514 519 0 (-424 -312 440 ) (-424 -256 440 ) (-424 -256 248 ) (-424 -312 248 ) 
4 514 517 0 (-424 -184 440 ) (-424 -128 440 ) (-424 -128 248 ) (-424 -184 248 ) 
4 514 520 0 (-424 -376 440 ) (-424 -320 440 ) (-424 -320 248 ) (-424 -376 248 ) 
4 514 516 0 (-424 -120 440 ) (-424 -64 440 ) (-424 -64 248 ) (-424 -120 248 ) 
4 514 521 0 (-424 -440 440 ) (-424 -384 440 ) (-424 -384 248 ) (-424 -440 248 ) 
4 514 515 0 (-424 -488 448 ) (-424 -488 452.136719 ) (-424 -64 452.136719 ) (-424 -64 448 ) 
4 515 569 0 (-424 -488 448 ) (-424 -488 452.137970 ) (-440 -488 450.482788 ) (-440 -488 448 ) 
4 515 567 0 (-440 -456 450.482361 ) (-440 -488 450.482300 ) (-424 -488 452.137482 ) (-424 -456 452.137543 ) 
4 515 564 0 (-440 -448 450.482361 ) (-440 -456 450.482361 ) (-424 -456 452.137543 ) (-424 -448 452.137543 ) 
4 515 560 0 (-440 -440 450.482391 ) (-440 -448 450.482361 ) (-424 -448 452.137543 ) (-424 -440 452.137543 ) 
4 515 558 0 (-440 -392 450.482483 ) (-440 -440 450.482391 ) (-424 -440 452.137543 ) (-424 -392 452.137634 ) 
4 515 556 0 (-440 -384 450.482483 ) (-440 -392 450.482483 ) (-424 -392 452.137634 ) (-424 -384 452.137665 ) 
4 515 551 0 (-440 -376 450.482483 ) (-440 -384 450.482483 ) (-424 -384 452.137665 ) (-424 -376 452.137695 ) 
4 515 547 0 (-440 -320 450.482605 ) (-440 -328 450.482574 ) (-424 -328 452.137787 ) (-424 -320 452.137787 ) 
4 515 549 0 (-440 -328 450.482574 ) (-440 -376 450.482483 ) (-424 -376 452.137695 ) (-424 -328 452.137787 ) 
4 515 539 0 (-440 -312 450.482635 ) (-440 -320 450.482605 ) (-424 -320 452.137787 ) (-424 -312 452.137817 ) 
4 515 537 0 (-440 -264 450.482727 ) (-440 -312 450.482635 ) (-424 -312 452.137817 ) (-424 -264 452.137909 ) 
4 515 534 0 (-440 -248 450.482758 ) (-440 -256 450.482727 ) (-424 -256 452.137909 ) (-424 -248 452.137909 ) 
4 515 533 0 (-440 -200 450.482849 ) (-440 -248 450.482758 ) (-424 -248 452.137909 ) (-424 -200 452.138000 ) 
4 515 530 0 (-440 -184 450.482849 ) (-440 -192 450.482849 ) (-424 -192 452.138031 ) (-424 -184 452.138062 ) 
4 515 529 0 (-440 -136 450.482941 ) (-440 -184 450.482849 ) (-424 -184 452.138062 ) (-424 -136 452.138153 ) 
4 515 526 0 (-440 -120 450.482971 ) (-440 -128 450.482971 ) (-424 -128 452.138153 ) (-424 -120 452.138184 ) 
4 515 525 0 (-440 -72 450.483063 ) (-440 -120 450.482971 ) (-424 -120 452.138184 ) (-424 -72 452.138275 ) 
4 515 523 0 (-440 -488 448 ) (-440 -488 450.484375 ) (-440 -64 450.484375 ) (-440 -64 448 ) 
4 516 523 0 (-440 -120 440 ) (-440 -64 440 ) (-440 -64 248 ) (-440 -120 248 ) 
4 517 523 0 (-440 -184 440 ) (-440 -128 440 ) (-440 -128 248 ) (-440 -184 248 ) 
4 518 523 0 (-440 -248 440 ) (-440 -192 440 ) (-440 -192 248 ) (-440 -248 248 ) 
4 519 523 0 (-440 -312 440 ) (-440 -256 440 ) (-440 -256 248 ) (-440 -312 248 ) 
4 520 523 0 (-440 -376 440 ) (-440 -320 440 ) (-440 -320 248 ) (-440 -376 248 ) 
4 521 523 0 (-440 -440 440 ) (-440 -384 440 ) (-440 -384 248 ) (-440 -440 248 ) 
4 522 584 0 (-432 -488 248 ) (-424 -488 248 ) (-424 -488 440 ) (-432 -488 440 ) 
4 522 523 0 (-440 -488 248 ) (-440 -488 440 ) (-440 -448 440 ) (-440 -448 248 ) 
4 523 602 0 (-1020 -64 248 ) (-440 -64 248 ) (-440 -488 248 ) (-1020 -488 248 ) 
5 523 585 0 (-1020 -488 248 ) (-440 -488 248 ) (-440 -488 440 ) (-541.333618 -488 440 ) (-1020 -488 390.482788 ) 
4 523 576 0 (-440 -488 440 ) (-440 -488 448 ) (-464 -488 448 ) (-541.333618 -488 440 ) 
3 523 569 0 (-440 -488 448 ) (-440 -488 450.482788 ) (-464 -488 448 ) 
4 523 567 0 (-1020 -456 390.482361 ) (-1020 -488 390.482300 ) (-440 -488 450.482300 ) (-440 -456 450.482361 ) 
4 523 564 0 (-1020 -448 390.482361 ) (-1020 -456 390.482361 ) (-440 -456 450.482361 ) (-440 -448 450.482361 ) 
4 523 560 0 (-1020 -440 390.482391 ) (-1020 -448 390.482361 ) (-440 -448 450.482361 ) (-440 -440 450.482391 ) 
4 523 558 0 (-1020 -392 390.482483 ) (-1020 -440 390.482391 ) (-440 -440 450.482391 ) (-440 -392 450.482483 ) 
4 523 556 0 (-1020 -384 390.482483 ) (-1020 -392 390.482483 ) (-440 -392 450.482483 ) (-440 -384 450.482483 ) 
4 523 551 0 (-1020 -376 390.482483 ) (-1020 -384 390.482483 ) (-440 -384 450.482483 ) (-440 -376 450.482483 ) 
4 523 547 0 (-1020 -320 390.482605 ) (-1020 -328 390.482574 ) (-440 -328 450.482574 ) (-440 -320 450.482605 ) 
4 523 549 0 (-1020 -328 390.482574 ) (-1020 -376 390.482483 ) (-440 -376 450.482483 ) (-440 -328 450.482574 ) 
4 523 543 0 (-529.563232 -320 441.217438 ) (-464 -320 448 ) (-464 -312 448 ) (-529.563171 -312 441.217468 ) 
4 523 542 0 (-1020 -312 390.482605 ) (-1020 -320 390.482605 ) (-529.563232 -320 441.217438 ) (-529.563171 -312 441.217468 ) 
4 523 541 0 (-464 -64 448 ) (-1020 -64 390.483093 ) (-1020 -312 390.482605 ) (-464 -312 448 ) 
4 523 539 0 (-464 -312 448 ) (-464 -320 448 ) (-440 -320 450.482605 ) (-440 -312 450.482635 ) 
4 523 537 0 (-464 -264 448 ) (-464 -312 448 ) (-440 -312 450.482635 ) (-440 -264 450.482727 ) 
4 523 534 0 (-464 -248 448 ) (-464 -256 448 ) (-440 -256 450.482727 ) (-440 -248 450.482758 ) 
4 523 533 0 (-464 -200 448 ) (-464 -248 448 ) (-440 -248 450.482758 ) (-440 -200 450.482849 ) 
4 523 530 0 (-464 -184 448 ) (-464 -192 448 ) (-440 -192 450.482849 ) (-440 -184 450.482849 ) 
4 523 529 0 (-464 -136 448 ) (-464 -184 448 ) (-440 -184 450.482849 ) (-440 -136 450.482941 ) 
4 523 526 0 (-464 -120 448 ) (-464 -128 448 ) (-440 -128 450.482971 ) (-440 -120 450.482971 ) 
4 523 525 0 (-464 -72 448 ) (-464 -120 448 ) (-440 -120 450.482971 ) (-440 -72 450.483063 ) 
4 524 541 0 (-464 -64 1024 ) (-464 -64 464 ) (-464 -72 464 ) (-464 -72 1024 ) 
4 524 525 0 (-464 -72 1024 ) (-464 -72 464 ) (0 -72 512 ) (0 -72 1024 ) 
4 525 541 0 (-464 -72 448 ) (-464 -120 448 ) (-464 -120 1024 ) (-464 -72 1024 ) 
4 525 527 0 (-464 -120 1024 ) (-464 -120 464 ) (0 -120 576 ) (0 -120 1024 ) 
3 525 526 0 (-464 -120 448 ) (0 -120 496 ) (0 -120 560 ) 
3 526 528 0 (0 -128 512 ) (0 -128 560 ) (-348 -128 476 ) 
4 527 541 0 (-464 -128 464 ) (-464 -128 1024 ) (-464 -120 1024 ) (-464 -120 464 ) 
4 527 528 0 (-464 -128 1024 ) (-464 -128 464 ) (0 -128 576 ) (0 -128 1024 ) 
4 528 541 0 (-464 -136 464 ) (-464 -136 1024 ) (-464 -128 1024 ) (-464 -128 464 ) 
4 528 529 0 (-464 -136 1024 ) (-464 -136 464 ) (0 -136 512 ) (0 -136 1024 ) 
4 529 541 0 (-464 -136 448 ) (-464 -184 448 ) (-464 -184 1024 ) (-464 -136 1024 ) 
4 529 531 0 (-464 -184 1024 ) (-464 -184 464 ) (0 -184 576 ) (0 -184 1024 ) 
3 529 530 0 (-464 -184 448 ) (0 -184 496 ) (0 -184 560 ) 
3 530 532 0 (0 -192 512 ) (0 -192 560 ) (-348 -192 476 ) 
4 531 541 0 (-464 -192 464 ) (-464 -192 1024 ) (-464 -184 1024 ) (-464 -184 464 ) 
4 531 532 0 (-464 -192 1024 ) (-464 -192 464 ) (0 -192 576 ) (0 -192 1024 ) 
4 532 541 0 (-464 -200 464 ) (-464 -200 1024 ) (-464 -192 1024 ) (-464 -192 464 ) 
4 532 533 0 (-464 -200 1024 ) (-464 -200 464 ) (0 -200 512 ) (0 -200 1024 ) 
4 533 541 0 (-464 -200 448 ) (-464 -248 448 ) (-464 -248 1024 ) (-464 -200 1024 ) 
4 533 535 0 (-464 -248 1024 ) (-464 -248 464 ) (0 -248 576 ) (0 -248 1024 ) 
3 533 534 0 (-464 -248 448 ) (0 -248 496 ) (0 -248 560 ) 
3 534 536 0 (0 -256 512 ) (0 -256 560 ) (-348 -256 476 ) 
4 535 541 0 (-464 -256 464 ) (-464 -256 1024 ) (-464 -248 1024 ) (-464 -248 464 ) 
4 535 536 0 (-464 -256 1024 ) (-464 -256 464 ) (0 -256 576 ) (0 -256 1024 ) 
4 536 541 0 (-464 -264 464 ) (-464 -264 1024 ) (-464 -256 1024 ) (-464 -256 464 ) 
4 536 537 0 (-464 -264 1024 ) (-464 -264 464 ) (0 -264 512 ) (0 -264 1024 ) 
4 537 541 0 (-464 -264 448 ) (-464 -312 448 ) (-464 -312 1024 ) (-464 -264 1024 ) 
3 537 540 0 (-464 -312 797.916809 ) (-464 -312 591.472534 ) (-41.310101 -312 647.649414 ) 
5 537 539 0 (-464 -312 575.782471 ) (-464 -312 448 ) (0 -312 496 ) (0 -312 616.456604 ) (-42.982693 -312 631.737061 ) 
4 537 538 0 (-464 -312 1024 ) (-464 -312 797.916809 ) (0 -312 632.963562 ) (0 -312 1024 ) 
4 538 545 0 (0 -320 632.963562 ) (0 -320 1024 ) (-464 -320 1024 ) (-464 -320 797.916809 ) 
4 538 544 0 (-464 -320 797.916809 ) (-464 -320 1024 ) (-464 -312 1024 ) (-464 -312 797.916809 ) 
4 538 540 0 (-41.307602 -320 647.649719 ) (-464 -320 797.917969 ) (-464 -312 797.917969 ) (-41.307594 -312 647.649719 ) 
5 539 547 0 (-464 -320 448 ) (0 -320 496 ) (0 -320 557.614441 ) (-49.672588 -320 568.087646 ) (-464 -320 568.766357 ) 
3 539 546 0 (-48 -320 584 ) (-184.932266 -320 612.871521 ) (-397.856873 -320 584.573120 ) 
4 539 545 0 (0 -320 573.879456 ) (0 -320 616.456604 ) (-42.982693 -320 631.737061 ) (-184.932266 -320 612.871521 ) 
4 539 543 0 (-464 -312 448 ) (-464 -320 448 ) (-464 -320 575.782471 ) (-464 -312 575.782471 ) 
3 540 546 0 (-464 -320 671.711487 ) (-464 -320 591.472534 ) (-230.576309 -320 622.495300 ) 
4 540 545 0 (-41.310101 -320 647.649414 ) (-464 -320 797.916809 ) (-464 -320 671.711487 ) (-230.576309 -320 622.495300 ) 
4 540 544 0 (-464 -320 591.472534 ) (-464 -320 797.916809 ) (-464 -312 797.916809 ) (-464 -312 591.472534 ) 
4 541 544 0 (-464 -312 591.472534 ) (-464 -312 1024 ) (-468.309204 -312 1024 ) (-514.475586 -312 584.764099 ) 
4 541 543 0 (-529.563293 -312 441.216858 ) (-464 -312 448 ) (-464 -312 575.782471 ) (-516.148071 -312 568.851807 ) 
4 541 542 0 (-1020 -312 1024 ) (-1020 -312 390.476562 ) (-529.563293 -312 441.216858 ) (-468.309204 -312 1024 ) 
4 542 548 0 (-516.148071 -320 568.851807 ) (-514.475586 -320 584.764160 ) (-1020 -320 585.592346 ) (-1020 -320 569.677185 ) 
4 542 547 0 (-1020 -320 390.482971 ) (-529.563171 -320 441.217804 ) (-516.148071 -320 568.851807 ) (-1020 -320 569.677185 ) 
4 542 546 0 (-514.475586 -320 584.764160 ) (-504.440674 -320 680.238220 ) (-1020 -320 788.941284 ) (-1020 -320 585.592346 ) 
4 542 545 0 (-504.440674 -320 680.238220 ) (-468.309204 -320 1024 ) (-1020 -320 1024 ) (-1020 -320 788.941284 ) 
4 542 544 0 (-514.475220 -312 584.764160 ) (-468.308899 -312 1024 ) (-468.308899 -320 1024 ) (-514.475220 -320 584.764160 ) 
4 542 543 0 (-529.562866 -312 441.217499 ) (-516.147705 -312 568.851868 ) (-516.147705 -320 568.851868 ) (-529.562866 -320 441.217621 ) 
4 543 547 0 (-529.563171 -320 441.217804 ) (-464 -320 448 ) (-464 -320 568.766357 ) (-516.148071 -320 568.851746 ) 
4 544 546 0 (-464 -320 591.472534 ) (-464 -320 671.711487 ) (-504.440674 -320 680.238220 ) (-514.475586 -320 584.764099 ) 
4 544 545 0 (-464 -320 671.711487 ) (-464 -320 1024 ) (-468.309204 -320 1024 ) (-504.440674 -320 680.238220 ) 
4 545 546 0 (-47.991489 -328 584 ) (-1020 -328 788.942444 ) (-1020 -320 788.942444 ) (-47.994831 -320 584 ) 
4 545 549 0 (-1020 -328 1024 ) (-1020 -328 788.941345 ) (0 -328 573.879456 ) (0 -328 1024 ) 
4 546 548 0 (-514.475586 -328 584.764160 ) (-1020 -328 585.592285 ) (-1020 -320 585.592285 ) (-514.475586 -320 584.764160 ) 
3 546 549 0 (-1020 -328 788.941345 ) (-1020 -328 585.592285 ) (-48 -328 584 ) 
4 547 548 0 (-1020 -320 569.677124 ) (-1020 -328 569.677124 ) (-516.148071 -328 568.851746 ) (-516.148071 -320 568.851746 ) 
5 547 549 0 (-1020 -328 569.677185 ) (-1020 -328 390.476562 ) (0 -328 495.993866 ) (0 -328 557.614441 ) (-49.672604 -328 568.087646 ) 
4 548 549 0 (-1020 -328 585.592285 ) (-1020 -328 569.677185 ) (-516.148071 -328 568.851807 ) (-514.475525 -328 584.764221 ) 
3 549 553 0 (0 -376 645.550415 ) (0 -376 679.012817 ) (-65.602989 -376 678.359619 ) 
4 549 552 0 (-542.905396 -376 673.607483 ) (-1020 -376 668.857422 ) (-1020 -376 653.303223 ) (-546.504639 -376 658.017578 ) 
5 549 551 0 (-1020 -376 390.482971 ) (0 -376 496 ) (0 -376 628.160400 ) (-69.202446 -376 662.769775 ) (-1020 -376 653.303223 ) 
4 549 550 0 (0 -376 679.012817 ) (0 -376 1024 ) (-1020 -376 1024 ) (-1020 -376 668.857422 ) 
4 550 557 0 (-1020 -384 732.980957 ) (-1020 -384 716.942993 ) (-662.231384 -384 672.419495 ) (-542.904663 -384 673.607544 ) 
3 550 556 0 (-1020 -384 716.942993 ) (-1020 -384 668.857422 ) (-662.231384 -384 672.419495 ) 
4 550 555 0 (-1020 -384 937.946533 ) (-1020 -384 732.980957 ) (-542.904663 -384 673.607544 ) (-256.523865 -384 676.458801 ) 
5 550 554 0 (0 -384 679.012817 ) (0 -384 1024 ) (-1020 -384 1024 ) (-1020 -384 937.946533 ) (-256.523865 -384 676.458801 ) 
4 550 553 0 (0 -384 679.012756 ) (-65.602959 -384 678.359558 ) (-65.603012 -376 678.359619 ) (0 -376 679.012817 ) 
4 550 552 0 (-542.905396 -384 673.607483 ) (-1020 -384 668.857422 ) (-1020 -376 668.857422 ) (-542.905396 -376 673.607483 ) 
6 551 556 0 (-1020 -384 390.482971 ) (0 -384 496 ) (0 -384 571.777588 ) (-83.599442 -384 600.410095 ) (-546.504578 -384 658.017578 ) (-1020 -384 653.303223 ) 
3 551 555 0 (-80 -384 616 ) (-212.392960 -384 661.344116 ) (-427.178436 -384 659.205627 ) 
4 551 554 0 (0 -384 588.600281 ) (0 -384 628.160400 ) (-69.202446 -384 662.769775 ) (-212.392960 -384 661.344116 ) 
4 551 552 0 (-1020 -376 653.303345 ) (-1020 -384 653.303345 ) (-546.504578 -384 658.017639 ) (-546.504639 -376 658.017639 ) 
3 552 557 0 (-542.905396 -384 673.607483 ) (-662.230896 -384 672.419434 ) (-546.504639 -384 658.017578 ) 
4 552 556 0 (-662.230896 -384 672.419434 ) (-1020 -384 668.857422 ) (-1020 -384 653.303223 ) (-546.504639 -384 658.017578 ) 
3 553 554 0 (0 -384 645.550415 ) (0 -384 679.012817 ) (-65.602989 -384 678.359619 ) 
4 554 558 0 (-1020 -392 1024 ) (-1020 -392 937.946533 ) (0 -392 588.600281 ) (0 -392 1024 ) 
4 554 555 0 (-79.987938 -392 615.998535 ) (-1020 -392 937.949158 ) (-1020 -384 937.949158 ) (-79.988197 -384 615.998596 ) 
3 555 558 0 (-1020 -392 937.946533 ) (-1020 -392 732.980957 ) (-80 -392 616 ) 
4 555 557 0 (-542.905151 -392 673.608215 ) (-1020 -392 732.981628 ) (-1020 -384 732.981628 ) (-542.905212 -384 673.608215 ) 
5 556 558 0 (-1020 -392 716.942993 ) (-1020 -392 390.476562 ) (0 -392 495.993866 ) (0 -392 571.777588 ) (-83.599297 -392 600.410095 ) 
4 556 557 0 (-1020 -384 716.942261 ) (-1020 -392 716.942261 ) (-546.504639 -392 658.017029 ) (-546.504700 -384 658.017029 ) 
4 557 558 0 (-1020 -392 732.980957 ) (-1020 -392 716.942993 ) (-546.504578 -392 658.017578 ) (-542.905273 -392 673.607544 ) 
3 558 562 0 (0 -440 638.913696 ) (0 -440 675.264587 ) (-65.064468 -440 683.749146 ) 
4 558 561 0 (-1020 -440 808.274780 ) (-1020 -440 792.589661 ) (-544.116882 -440 730.533569 ) (-538.382996 -440 745.470886 ) 
5 558 560 0 (-1020 -440 792.589661 ) (-1020 -440 390.476562 ) (0 -440 495.993866 ) (0 -440 620.025269 ) (-70.798317 -440 668.811890 ) 
4 558 559 0 (-1020 -440 1024 ) (-1020 -440 808.274780 ) (0 -440 675.264587 ) (0 -440 1024 ) 
4 559 565 0 (-1020 -448 875.365784 ) (-1020 -448 858.882019 ) (-656.712646 -448 760.901306 ) (-538.382751 -448 745.470825 ) 
3 559 564 0 (-1020 -448 858.882019 ) (-1020 -448 808.274780 ) (-656.712646 -448 760.901306 ) 
5 559 563 0 (0 -448 675.264587 ) (0 -448 1024 ) (-1020 -448 1024 ) (-1020 -448 875.365784 ) (-538.382751 -448 745.470825 ) 
4 559 562 0 (0 -448 675.265259 ) (-65.065628 -448 683.749939 ) (-65.065765 -440 683.750061 ) (0 -440 675.265320 ) 
4 559 561 0 (-538.382751 -448 745.471558 ) (-1020 -448 808.275513 ) (-1020 -440 808.275513 ) (-538.382751 -440 745.471619 ) 
3 560 566 0 (0 -448 579.343201 ) (0 -448 600.265930 ) (-88 -448 624 ) 
6 560 564 0 (-1020 -448 390.482971 ) (0 -448 496 ) (0 -448 561.496155 ) (-93.734085 -448 609.062805 ) (-544.116699 -448 730.533508 ) (-1020 -448 792.589661 ) 
4 560 563 0 (0 -448 600.265930 ) (0 -448 620.025269 ) (-70.798317 -448 668.811890 ) (-425.786987 -448 715.103088 ) 
4 560 561 0 (-544.117126 -440 730.532837 ) (-1020 -440 792.588928 ) (-1020 -448 792.588928 ) (-544.117188 -448 730.532898 ) 
3 561 565 0 (-538.382996 -448 745.470886 ) (-656.712830 -448 760.901367 ) (-544.116882 -448 730.533569 ) 
4 561 564 0 (-656.712830 -448 760.901367 ) (-1020 -448 808.274780 ) (-1020 -448 792.589661 ) (-544.116882 -448 730.533569 ) 
3 562 563 0 (0 -448 638.913696 ) (0 -448 675.264587 ) (-65.064468 -448 683.749146 ) 
4 563 567 0 (0 -456 600.265930 ) (0 -456 1024 ) (-1020 -456 1024 ) (-1020 -456 875.365784 ) 
4 563 566 0 (0 -456 600.263550 ) (-87.990280 -456 623.995056 ) (-87.992142 -448 623.996033 ) (0 -448 600.264038 ) 
4 563 565 0 (-538.383789 -456 745.468994 ) (-1020 -456 875.363892 ) (-1020 -448 875.363892 ) (-538.383667 -448 745.469177 ) 
5 564 567 0 (-1020 -456 390.482971 ) (0 -456 496 ) (0 -456 561.496155 ) (-93.733978 -456 609.062744 ) (-1020 -456 858.882019 ) 
4 564 565 0 (-1020 -448 858.880920 ) (-1020 -456 858.880920 ) (-544.117249 -456 730.532532 ) (-544.117310 -448 730.532593 ) 
4 565 567 0 (-538.382996 -456 745.470886 ) (-1020 -456 875.365784 ) (-1020 -456 858.882019 ) (-544.116943 -456 730.533630 ) 
3 566 567 0 (0 -456 579.343201 ) (0 -456 600.265930 ) (-88 -456 624 ) 
3 567 585 0 (-1020 -488 440 ) (-1020 -488 390.482788 ) (-541.333496 -488 440 ) 
4 567 576 0 (-1020 -488 448 ) (-1020 -488 440 ) (-541.333496 -488 440 ) (-464 -488 448 ) 
3 567 571 0 (0 -488 638.913696 ) (0 -488 675.264587 ) (-65.064468 -488 683.749146 ) 
4 567 570 0 (-538.383057 -488 745.470886 ) (-1020 -488 808.274719 ) (-1020 -488 792.589661 ) (-544.116882 -488 730.533569 ) 
6 567 569 0 (0 -488 496 ) (0 -488 620.025269 ) (-70.798317 -488 668.811890 ) (-1020 -488 792.589661 ) (-1020 -488 448 ) (-464 -488 448 ) 
4 567 568 0 (0 -488 675.264587 ) (0 -488 1024 ) (-1020 -488 1024 ) (-1020 -488 808.274719 ) 
4 568 574 0 (-1020 -496 875.365784 ) (-1020 -496 858.882019 ) (-656.712341 -496 760.901245 ) (-538.382507 -496 745.470764 ) 
3 568 573 0 (-1020 -496 858.882019 ) (-1020 -496 808.274719 ) (-656.712341 -496 760.901245 ) 
5 568 572 0 (-1020 -496 1024 ) (-1020 -496 875.365784 ) (-538.382507 -496 745.470764 ) (0 -496 675.264587 ) (0 -496 1024 ) 
4 568 571 0 (0 -496 675.263550 ) (-65.062569 -496 683.747864 ) (-65.062599 -488 683.747864 ) (0 -488 675.263550 ) 
4 568 570 0 (-538.383423 -496 745.469910 ) (-1020 -496 808.273743 ) (-1020 -488 808.273743 ) (-538.383423 -488 745.469910 ) 
4 569 576 0 (-1020 -496 448 ) (-1020 -488 448 ) (-440 -488 448 ) (-440 -496 448 ) 
3 569 575 0 (0 -496 579.343201 ) (0 -496 600.265930 ) (-88 -496 624 ) 
6 569 573 0 (-1020 -496 792.589661 ) (-1020 -496 448 ) (0 -496 448 ) (0 -496 561.496155 ) (-93.734085 -496 609.062805 ) (-544.116699 -496 730.533508 ) 
4 569 572 0 (0 -496 600.265930 ) (0 -496 620.025269 ) (-70.798317 -496 668.811890 ) (-425.786987 -496 715.103088 ) 
4 569 570 0 (-1020 -488 792.588196 ) (-1020 -496 792.588196 ) (-544.117310 -496 730.532532 ) (-544.117310 -488 730.532532 ) 
3 570 574 0 (-544.116882 -496 730.533569 ) (-538.383057 -496 745.470886 ) (-656.712402 -496 760.901245 ) 
4 570 573 0 (-1020 -496 808.274719 ) (-1020 -496 792.589661 ) (-544.116882 -496 730.533569 ) (-656.712402 -496 760.901245 ) 
3 571 572 0 (0 -496 638.913696 ) (0 -496 675.264587 ) (-65.064468 -496 683.749146 ) 
4 572 617 0 (-440 -504 1024 ) (-1020 -504 1024 ) (-1020 -504 875.365784 ) (-440 -504 718.936462 ) 
4 572 615 0 (0 -504 600.265930 ) (0 -504 1024 ) (-440 -504 1024 ) (-440 -504 718.936462 ) 
4 572 575 0 (-87.991539 -496 623.995667 ) (0 -496 600.263855 ) (0 -504 600.263855 ) (-87.991531 -504 623.995667 ) 
4 572 574 0 (-1020 -504 875.363708 ) (-1020 -496 875.363708 ) (-538.383667 -496 745.469055 ) (-538.383667 -504 745.469055 ) 
4 573 617 0 (-440 -504 702.452698 ) (-1020 -504 858.882019 ) (-1020 -504 448 ) (-440 -504 448 ) 
5 573 615 0 (0 -504 448 ) (0 -504 561.496155 ) (-93.733978 -504 609.062744 ) (-440 -504 702.452698 ) (-440 -504 448 ) 
4 573 576 0 (-440 -504 448 ) (-1020 -504 448 ) (-1020 -496 448 ) (-440 -496 448 ) 
4 573 574 0 (-544.117310 -496 730.532532 ) (-1020 -496 858.880798 ) (-1020 -504 858.880798 ) (-544.117249 -504 730.532471 ) 
4 574 617 0 (-538.382996 -504 745.470886 ) (-1020 -504 875.365784 ) (-1020 -504 858.882019 ) (-544.116943 -504 730.533630 ) 
3 575 615 0 (0 -504 579.343201 ) (0 -504 600.265930 ) (-88 -504 624 ) 
4 576 617 0 (-440 -504 448 ) (-1020 -504 448 ) (-1020 -504 440 ) (-440 -504 440 ) 
4 576 585 0 (-440 -504 440 ) (-1020 -504 440 ) (-1020 -488 440 ) (-440 -488 440 ) 
4 577 615 0 (0 -504 248 ) (0 -504 440 ) (-16 -504 440 ) (-16 -504 248 ) 
4 578 615 0 (-24 -504 440 ) (-80 -504 440 ) (-80 -504 248 ) (-24 -504 248 ) 
4 579 615 0 (-88 -504 440 ) (-144 -504 440 ) (-144 -504 248 ) (-88 -504 248 ) 
4 580 615 0 (-152 -504 440 ) (-208 -504 440 ) (-208 -504 248 ) (-152 -504 248 ) 
4 581 615 0 (-216 -504 440 ) (-272 -504 440 ) (-272 -504 248 ) (-216 -504 248 ) 
4 582 615 0 (-280 -504 440 ) (-336 -504 440 ) (-336 -504 248 ) (-280 -504 248 ) 
4 583 615 0 (-344 -504 440 ) (-400 -504 440 ) (-400 -504 248 ) (-344 -504 248 ) 
4 584 615 0 (-408 -504 440 ) (-432 -504 440 ) (-432 -504 248 ) (-408 -504 248 ) 
4 585 617 0 (-440 -504 440 ) (-1020 -504 440 ) (-1020 -504 248 ) (-440 -504 248 ) 
4 585 602 0 (-440 -504 248 ) (-1020 -504 248 ) (-1020 -488 248 ) (-440 -488 248 ) 
4 586 587 0 (-32 -64 240 ) (-32 -488 240 ) (-32 -488 248 ) (-32 -64 248 ) 
4 587 589 0 (-48 -64 240 ) (-48 -488 240 ) (-48 -488 248 ) (-48 -64 248 ) 
4 589 590 0 (-208 -64 240 ) (-208 -488 240 ) (-208 -488 248 ) (-208 -64 248 ) 
4 590 591 0 (-224 -64 240 ) (-224 -488 240 ) (-224 -488 248 ) (-224 -64 248 ) 
4 591 593 0 (-384 -64 240 ) (-384 -488 240 ) (-384 -488 248 ) (-384 -64 248 ) 
4 591 592 0 (-384 -16 248 ) (-384 -16 240 ) (-384 -48 240 ) (-384 -48 248 ) 
4 594 603 0 (-424 0 208 ) (0 0 208 ) (0 -56 208 ) (-424 -56 208 ) 
4 594 602 0 (-440 0 208 ) (-440 -56 208 ) (-440 -56 232 ) (-440 0 232 ) 
4 595 603 0 (-424 -64 208 ) (0 -64 208 ) (0 -120 208 ) (-424 -120 208 ) 
4 595 602 0 (-440 -64 208 ) (-440 -120 208 ) (-440 -120 232 ) (-440 -64 232 ) 
4 596 603 0 (-424 -128 208 ) (0 -128 208 ) (0 -184 208 ) (-424 -184 208 ) 
4 596 602 0 (-440 -128 208 ) (-440 -184 208 ) (-440 -184 232 ) (-440 -128 232 ) 
4 597 603 0 (-424 -192 208 ) (0 -192 208 ) (0 -248 208 ) (-424 -248 208 ) 
4 597 602 0 (-440 -192 208 ) (-440 -248 208 ) (-440 -248 232 ) (-440 -192 232 ) 
4 598 603 0 (-424 -256 208 ) (0 -256 208 ) (0 -312 208 ) (-424 -312 208 ) 
4 598 602 0 (-440 -256 208 ) (-440 -312 208 ) (-440 -312 232 ) (-440 -256 232 ) 
4 599 603 0 (-424 -320 208 ) (0 -320 208 ) (0 -376 208 ) (-424 -376 208 ) 
4 599 602 0 (-440 -320 208 ) (-440 -376 208 ) (-440 -376 232 ) (-440 -320 232 ) 
4 600 603 0 (-424 -384 208 ) (0 -384 208 ) (0 -440 208 ) (-424 -440 208 ) 
4 600 602 0 (-440 -384 208 ) (-440 -440 208 ) (-440 -440 232 ) (-440 -384 232 ) 
4 601 603 0 (-424 -448 208 ) (0 -448 208 ) (0 -488 208 ) (-424 -488 208 ) 
4 601 602 0 (-440 -448 208 ) (-440 -496 208 ) (-440 -496 232 ) (-440 -448 232 ) 
4 602 617 0 (-440 -504 248 ) (-1020 -504 248 ) (-1020 -504 208 ) (-440 -504 208 ) 
4 602 614 0 (-448 -504 208 ) (-1020 -504 208 ) (-1020 0 208 ) (-448 0 208 ) 
4 602 611 0 (-448 -256 208 ) (-448 0 208 ) (-440 0 208 ) (-440 -256 208 ) 
4 602 613 0 (-440 -504 208 ) (-448 -504 208 ) (-448 -256 208 ) (-440 -256 208 ) 
4 603 604 0 (-424 -480 200 ) (-424 0 200 ) (0 0 200 ) (0 -480 200 ) 
4 604 618 0 (-424 0 0 ) (0 0 0 ) (0 -480 0 ) (-424 -480 0 ) 
4 604 609 0 (-424 -480 8 ) (-424 -480 200 ) (-424 -456 200 ) (-424 -456 8 ) 
4 604 607 0 (-424 -200 0 ) (-424 -248 0 ) (-424 -248 200 ) (-424 -200 200 ) 
4 604 606 0 (-424 0 0 ) (-424 -192 0 ) (-424 -192 200 ) (-424 0 200 ) 
4 604 608 0 (-424 -256 0 ) (-424 -448 0 ) (-424 -448 200 ) (-424 -256 200 ) 
4 605 610 0 (-424 -504 8 ) (-424 -504 200 ) (-424 -488 200 ) (-424 -488 8 ) 
4 606 619 0 (-440 0 0 ) (-424 0 0 ) (-424 -192 0 ) (-440 -192 0 ) 
4 606 612 0 (-440 0 0 ) (-440 -192 0 ) (-440 -192 200 ) (-440 0 200 ) 
4 607 620 0 (-424 -200 0 ) (-424 -248 0 ) (-440 -248 0 ) (-440 -200 0 ) 
4 608 623 0 (-424 -256 0 ) (-424 -448 0 ) (-440 -448 0 ) (-440 -256 0 ) 
4 608 613 0 (-440 -256 0 ) (-440 -448 0 ) (-440 -448 200 ) (-440 -256 200 ) 
4 609 613 0 (-440 -488 200 ) (-440 -456 200 ) (-440 -456 8 ) (-440 -488 8 ) 
4 609 610 0 (-432 -488 8 ) (-424 -488 8 ) (-424 -488 200 ) (-432 -488 200 ) 
4 611 614 0 (-448 -256 200 ) (-448 -256 208 ) (-448 0 208 ) (-448 0 200 ) 
4 611 612 0 (-448 -192 200 ) (-448 0 200 ) (-440 0 200 ) (-440 -192 200 ) 
4 611 613 0 (-448 -256 208 ) (-448 -256 200 ) (-440 -256 200 ) (-440 -256 208 ) 
4 612 619 0 (-448 0 0 ) (-440 0 0 ) (-440 -192 0 ) (-448 -192 0 ) 
4 612 614 0 (-448 0 0 ) (-448 -192 0 ) (-448 -192 200 ) (-448 0 200 ) 
4 613 623 0 (-440 -256 0 ) (-440 -504 0 ) (-448 -504 0 ) (-448 -256 0 ) 
4 613 617 0 (-448 -504 0 ) (-440 -504 0 ) (-440 -504 208 ) (-448 -504 208 ) 
4 613 614 0 (-448 -256 0 ) (-448 -504 0 ) (-448 -504 208 ) (-448 -256 208 ) 
4 614 623 0 (-448 -256 0 ) (-448 -504 0 ) (-1020 -504 0 ) (-1020 -256 0 ) 
4 614 621 0 (-448 -192 0 ) (-448 -256 0 ) (-1020 -256 0 ) (-1020 -192 0 ) 
4 614 619 0 (-1020 0 0 ) (-448 0 0 ) (-448 -192 0 ) (-1020 -192 0 ) 
4 614 617 0 (-1020 -504 0 ) (-448 -504 0 ) (-448 -504 208 ) (-1020 -504 208 ) 
4 615 617 0 (-440 -504 1024 ) (-440 -504 200 ) (-440 -512 200 ) (-440 -512 1024 ) 
4 615 616 0 (-440 -512 1024 ) (-440 -512 200 ) (0 -512 200 ) (0 -512 1024 ) 
4 616 625 0 (-440 -1024 0 ) (0 -1024 0 ) (0 -1024 1024 ) (-440 -1024 1024 ) 
4 616 623 0 (-424 -1024 0 ) (-440 -1024 0 ) (-440 -512 0 ) (-424 -512 0 ) 
4 616 618 0 (0 -1024 0 ) (-424 -1024 0 ) (-424 -512 0 ) (0 -512 0 ) 
4 616 617 0 (-440 -512 0 ) (-440 -1024 0 ) (-440 -1024 1024 ) (-440 -512 1024 ) 
4 617 625 0 (-1020 -1024 0 ) (-440 -1024 0 ) (-440 -1024 1024 ) (-1020 -1024 1024 ) 
4 617 623 0 (-440 -1024 0 ) (-1020 -1024 0 ) (-1020 -504 0 ) (-440 -504 0 ) 
4 618 626 0 (0 -1024 -512 ) (0 -1024 0 ) (-424 -1024 0 ) (-424 -1024 -512 ) 
4 618 623 0 (-424 -1024 -512 ) (-424 -1024 0 ) (-424 -256 0 ) (-424 -256 -512 ) 
4 618 622 0 (-424 -192 -64 ) (-424 -192 -512 ) (-424 -256 -512 ) (-424 -256 -64 ) 
4 618 620 0 (-424 -248 0 ) (-424 -200 0 ) (-424 -200 -56 ) (-424 -248 -56 ) 
4 618 619 0 (-424 -192 0 ) (-424 0 0 ) (-424 0 -512 ) (-424 -192 -512 ) 
4 619 622 0 (-1020 -192 -512 ) (-424 -192 -512 ) (-424 -192 -64 ) (-1020 -192 -64 ) 
4 619 621 0 (-448 -192 0 ) (-1020 -192 0 ) (-1020 -192 -64 ) (-448 -192 -64 ) 
4 621 623 0 (-448 -256 0 ) (-1020 -256 0 ) (-1020 -256 -64 ) (-448 -256 -64 ) 
4 621 622 0 (-448 -256 -64 ) (-1020 -256 -64 ) (-1020 -192 -64 ) (-448 -192 -64 ) 
4 622 623 0 (-1020 -256 -512 ) (-424 -256 -512 ) (-424 -256 -64 ) (-1020 -256 -64 ) 
4 623 626 0 (-1020 -1024 -512 ) (-424 -1024 -512 ) (-424 -1024 0 ) (-1020 -1024 0 ) 
4 624 625 0 (-1020 -1024 1024 ) (0 -1024 1024 ) (0 -1432 1024 ) (-1020 -1432 1024 ) 
4 625 626 0 (-1020 -1024 0 ) (0 -1024 0 ) (0 -1432 0 ) (-1020 -1432 0 ) 
4 0 (964 1532 1660 ) (964 1532 1024 ) (0 1532 1024 ) (0 1532 1660 ) 
4 0 (964 1532 1660 ) (964 1024 1660 ) (964 1024 1024 ) (964 1532 1024 ) 
4 0 (0 1024 1660 ) (964 1024 1660 ) (964 1532 1660 ) (0 1532 1660 ) 
4 1 (964 1532 1024 ) (964 1024 1024 ) (964 1024 0 ) (964 1532 0 ) 
4 1 (0 1532 1024 ) (964 1532 1024 ) (964 1532 0 ) (0 1532 0 ) 
4 2 (964 1024 0 ) (964 1024 -512 ) (964 1532 -512 ) (964 1532 0 ) 
4 2 (964 1532 -512 ) (0 1532 -512 ) (0 1532 0 ) (964 1532 0 ) 
4 2 (0 1532 -512 ) (964 1532 -512 ) (964 1024 -512 ) (0 1024 -512 ) 
4 3 (964 0 1660 ) (964 0 1024 ) (964 1024 1024 ) (964 1024 1660 ) 
4 3 (0 0 1660 ) (964 0 1660 ) (964 1024 1660 ) (0 1024 1660 ) 
4 4 (464 520 448 ) (464 520 464 ) (0 520 576 ) (0 520 560 ) 
4 4 (964 1024 1024 ) (964 520 1024 ) (964 520 0 ) (964 1024 0 ) 
4 5 (464 520 464 ) (464 520 448 ) (464 512 448 ) (464 512 464 ) 
4 5 (964 520 1024 ) (964 512 1024 ) (964 512 0 ) (964 520 0 ) 
4 6 (112 512 200 ) (104 512 200 ) (104 512 8 ) (112 512 8 ) 
4 6 (176 512 200 ) (168 512 200 ) (168 512 8 ) (176 512 8 ) 
4 6 (240 512 200 ) (232 512 200 ) (232 512 8 ) (240 512 8 ) 
4 6 (32 512 200 ) (24 512 200 ) (24 512 8 ) (32 512 8 ) 
4 6 (304 512 8 ) (304 512 200 ) (296 512 200 ) (296 512 8 ) 
4 6 (24 512 0 ) (304 512 0 ) (304 512 8 ) (24 512 8 ) 
4 6 (368 512 200 ) (360 512 200 ) (360 512 8 ) (368 512 8 ) 
4 6 (304 512 0 ) (424 512 0 ) (424 512 8 ) (304 512 8 ) 
4 6 (432 512 200 ) (424 512 200 ) (424 512 8 ) (432 512 8 ) 
4 6 (424 512 208 ) (24 512 208 ) (24 512 200 ) (424 512 200 ) 
4 6 (0 512 232 ) (0 512 208 ) (440 512 208 ) (440 512 232 ) 
4 6 (440 512 240 ) (0 512 240 ) (0 512 232 ) (440 512 232 ) 
4 6 (24 512 248 ) (0 512 248 ) (0 512 240 ) (24 512 240 ) 
4 6 (424 512 248 ) (24 512 248 ) (24 512 240 ) (424 512 240 ) 
4 6 (440 512 248 ) (424 512 248 ) (424 512 240 ) (440 512 240 ) 
4 6 (240 512 440 ) (232 512 440 ) (232 512 248 ) (240 512 248 ) 
4 6 (176 512 440 ) (168 512 440 ) (168 512 248 ) (176 512 248 ) 
4 6 (304 512 440 ) (296 512 440 ) (296 512 248 ) (304 512 248 ) 
4 6 (112 512 440 ) (104 512 440 ) (104 512 248 ) (112 512 248 ) 
4 6 (368 512 440 ) (360 512 440 ) (360 512 248 ) (368 512 248 ) 
4 6 (48 512 440 ) (40 512 440 ) (40 512 248 ) (48 512 248 ) 
4 6 (440 512 440 ) (432 512 440 ) (432 512 248 ) (440 512 248 ) 
4 6 (24 512 448 ) (0 512 448 ) (0 512 440 ) (24 512 440 ) 
4 6 (424 512 448 ) (24 512 448 ) (24 512 440 ) (424 512 440 ) 
4 6 (440 512 448 ) (424 512 448 ) (424 512 440 ) (440 512 440 ) 
4 6 (464 512 448 ) (348 512 476 ) (0 512 512 ) (0 512 496 ) 
4 6 (0 512 559.997864 ) (464 512 447.997925 ) (464 520 447.997925 ) (0 520 559.997925 ) 
4 7 (0 520 576 ) (464 520 464 ) (464 512 464 ) (0 512 576 ) 
4 8 (464 8 448 ) (464 0 448 ) (464 0 464 ) (464 8 464 ) 
4 8 (464 64 448 ) (464 56 448 ) (464 56 464 ) (464 64 464 ) 
4 8 (464 72 448 ) (464 64 448 ) (464 64 464 ) (464 72 464 ) 
4 8 (464 128 448 ) (464 120 448 ) (464 120 464 ) (464 128 464 ) 
4 8 (464 136 448 ) (464 128 448 ) (464 128 464 ) (464 136 464 ) 
4 8 (464 192 448 ) (464 184 448 ) (464 184 464 ) (464 192 464 ) 
4 8 (464 200 448 ) (464 192 448 ) (464 192 464 ) (464 200 464 ) 
4 8 (464 256 448 ) (464 248 448 ) (464 248 464 ) (464 256 464 ) 
4 8 (464 264 448 ) (464 256 448 ) (464 256 464 ) (464 264 464 ) 
4 8 (464 320 448 ) (464 312 448 ) (464 312 464 ) (464 320 464 ) 
4 8 (464 328 448 ) (464 320 448 ) (464 320 464 ) (464 328 464 ) 
4 8 (464 384 448 ) (464 376 448 ) (464 376 464 ) (464 384 464 ) 
4 8 (464 392 448 ) (464 384 448 ) (464 384 464 ) (464 392 464 ) 
4 8 (464 448 448 ) (464 440 448 ) (464 440 464 ) (464 448 464 ) 
4 8 (464 456 448 ) (464 448 448 ) (464 448 464 ) (464 456 464 ) 
4 8 (464 512 464 ) (464 512 448 ) (464 504 448 ) (464 504 464 ) 
4 8 (964 0 1024 ) (964 0 248 ) (964 512 248 ) (964 512 1024 ) 
4 9 (464 8 464 ) (464 0 464 ) (0 0 576 ) (0 8 576 ) 
4 9 (464 72 464 ) (464 64 464 ) (0 64 576 ) (0 72 576 ) 
4 9 (464 136 464 ) (464 128 464 ) (0 128 576 ) (0 136 576 ) 
4 9 (464 200 464 ) (464 192 464 ) (0 192 576 ) (0 200 576 ) 
4 9 (464 264 464 ) (464 256 464 ) (0 256 576 ) (0 264 576 ) 
4 9 (464 328 464 ) (464 320 464 ) (0 320 576 ) (0 328 576 ) 
4 9 (464 392 464 ) (464 384 464 ) (0 384 576 ) (0 392 576 ) 
4 9 (464 456 464 ) (464 448 464 ) (0 448 576 ) (0 456 576 ) 
4 10 (0 512 448 ) (24 512 448 ) (24 496 448 ) (0 496 448 ) 
4 10 (24 144 448 ) (24 160 448 ) (128 160 448 ) (128 144 448 ) 
4 10 (128 264 448 ) (128 248 448 ) (40 248 448 ) (40 264 448 ) 
4 10 (24 160 448 ) (24 376 448 ) (40 376 448 ) (40 160 448 ) 
4 10 (128 96 448 ) (128 160 448 ) (144 160 448 ) (144 96 448 ) 
4 10 (128 248 448 ) (128 376 448 ) (144 376 448 ) (144 248 448 ) 
4 10 (184 360 448 ) (200 360 448 ) (240 268.571472 448 ) (240 232 448 ) 
4 10 (144 360 448 ) (144 376 448 ) (240 376 448 ) (240 360 448 ) 
4 10 (256 0 448 ) (240 0 448 ) (240 144 448 ) (256 144 448 ) 
4 10 (240 144 448 ) (240 160 448 ) (304 160 448 ) (304 144 448 ) 
4 10 (320 0 448 ) (304 0 448 ) (304 216 448 ) (320 216 448 ) 
4 10 (240 216 448 ) (240 232 448 ) (320 232 448 ) (320 216 448 ) 
3 10 (240 232 448 ) (240 268.571472 448 ) (256 232 448 ) 
4 10 (240 360 448 ) (240 376 448 ) (320 376 448 ) (320 360 448 ) 
4 10 (424 376 448 ) (424 360 448 ) (320 360 448 ) (320 376 448 ) 
4 10 (24 512 448 ) (424 512 448 ) (424 496 448 ) (24 496 448 ) 
4 10 (424 512 448 ) (440 512 448 ) (440 0 448 ) (424 0 448 ) 
4 10 (463.997955 56 448 ) (463.997955 64 448 ) (0 64 496 ) (0 56 496 ) 
4 10 (463.997955 120 448 ) (463.997955 128 448 ) (0 128 496 ) (0 120 496 ) 
4 10 (463.997955 184 448 ) (463.997955 192 448 ) (0 192 496 ) (0 184 496 ) 
4 10 (463.997955 248 448 ) (463.997955 256 448 ) (0 256 496 ) (0 248 496 ) 
4 10 (463.997955 312 448 ) (463.997955 320 448 ) (0 320 496 ) (0 312 496 ) 
4 10 (463.997955 376 448 ) (463.997955 384 448 ) (0 384 496 ) (0 376 496 ) 
4 10 (463.997955 440 448 ) (463.997955 448 448 ) (0 448 496 ) (0 440 496 ) 
4 10 (463.997955 504 448 ) (463.997955 512 448 ) (0 512 496 ) (0 504 496 ) 
4 11 (348 512 476 ) (0 512 560 ) (0 512 576 ) (464 512 464 ) 
4 11 (464 504 464 ) (0 504 512 ) (0 512 512 ) (464 512 464 ) 
4 12 (464 456 448 ) (464 456 463.998657 ) (0 456 575.998657 ) (0 456 560 ) 
6 12 (0 504 512 ) (463.990204 504 464.001007 ) (464 504 463.998657 ) (464 504 448 ) (463.925873 504 448 ) (0 504 495.992310 ) 
5 13 (0 448 495.992310 ) (463.925873 448 448 ) (464 448 448 ) (348 448 476 ) (0 448 512 ) 
4 13 (463.991058 456 448 ) (0 456 559.998535 ) (0 448 559.998352 ) (463.991058 448 448 ) 
4 14 (348 448 476 ) (0 448 560 ) (0 448 575.998657 ) (463.990204 448 464.001007 ) 
4 14 (464 440 464 ) (0 440 512 ) (0 448 512 ) (464 448 464 ) 
4 15 (464 392 448 ) (464 392 463.998657 ) (0 392 575.998657 ) (0 392 560 ) 
6 15 (0 440 512 ) (463.990204 440 464.001007 ) (464 440 463.998657 ) (464 440 448 ) (463.925873 440 448 ) (0 440 495.992310 ) 
5 16 (0 384 495.992310 ) (463.925873 384 448 ) (464 384 448 ) (348 384 476 ) (0 384 512 ) 
4 16 (463.991058 392 448 ) (0 392 559.998535 ) (0 384 559.998352 ) (463.991058 384 448 ) 
4 17 (348 384 476 ) (0 384 560 ) (0 384 575.998657 ) (463.990204 384 464.001007 ) 
4 17 (464 376 464 ) (0 376 512 ) (0 384 512 ) (464 384 464 ) 
4 18 (464 328 448 ) (464 328 463.998657 ) (0 328 575.998657 ) (0 328 560 ) 
6 18 (0 376 512 ) (463.990204 376 464.001007 ) (464 376 463.998657 ) (464 376 448 ) (463.925873 376 448 ) (0 376 495.992310 ) 
5 19 (0 320 495.992310 ) (463.925873 320 448 ) (464 320 448 ) (348 320 476 ) (0 320 512 ) 
4 19 (463.991058 328 448 ) (0 328 559.998535 ) (0 320 559.998352 ) (463.991058 320 448 ) 
4 20 (348 320 476 ) (0 320 560 ) (0 320 575.998657 ) (463.990204 320 464.001007 ) 
4 20 (464 312 464 ) (0 312 512 ) (0 320 512 ) (464 320 464 ) 
4 21 (464 264 448 ) (464 264 463.998657 ) (0 264 575.998657 ) (0 264 560 ) 
6 21 (0 312 512 ) (463.990204 312 464.001007 ) (464 312 463.998657 ) (464 312 448 ) (463.925873 312 448 ) (0 312 495.992310 ) 
5 22 (0 256 495.992310 ) (463.925873 256 448 ) (464 256 448 ) (348 256 476 ) (0 256 512 ) 
4 22 (463.991058 264 448 ) (0 264 559.998535 ) (0 256 559.998352 ) (463.991058 256 448 ) 
4 23 (348 256 476 ) (0 256 560 ) (0 256 575.998657 ) (463.990204 256 464.001007 ) 
4 23 (464 248 464 ) (0 248 512 ) (0 256 512 ) (464 256 464 ) 
4 24 (464 200 448 ) (464 200 463.998657 ) (0 200 575.998657 ) (0 200 560 ) 
6 24 (0 248 512 ) (463.990204 248 464.001007 ) (464 248 463.998657 ) (464 248 448 ) (463.925873 248 448 ) (0 248 495.992310 ) 
5 25 (0 192 495.992310 ) (463.925873 192 448 ) (464 192 448 ) (348 192 476 ) (0 192 512 ) 
4 25 (463.991058 200 448 ) (0 200 559.998535 ) (0 192 559.998352 ) (463.991058 192 448 ) 
4 26 (348 192 476 ) (0 192 560 ) (0 192 575.998657 ) (463.990204 192 464.001007 ) 
4 26 (464 184 464 ) (0 184 512 ) (0 192 512 ) (464 192 464 ) 
4 27 (464 136 448 ) (464 136 463.998657 ) (0 136 575.998657 ) (0 136 560 ) 
6 27 (0 184 512 ) (463.990204 184 464.001007 ) (464 184 463.998657 ) (464 184 448 ) (463.925873 184 448 ) (0 184 495.992310 ) 
5 28 (0 128 495.992310 ) (463.925873 128 448 ) (464 128 448 ) (348 128 476 ) (0 128 512 ) 
4 28 (463.991058 136 448 ) (0 136 559.998535 ) (0 128 559.998352 ) (463.991058 128 448 ) 
4 29 (348 128 476 ) (0 128 560 ) (0 128 575.998657 ) (463.990204 128 464.001007 ) 
4 29 (464 120 464 ) (0 120 512 ) (0 128 512 ) (464 128 464 ) 
4 30 (464 72 448 ) (464 72 463.998657 ) (0 72 575.998657 ) (0 72 560 ) 
6 30 (0 120 512 ) (463.990204 120 464.001007 ) (464 120 463.998657 ) (464 120 448 ) (463.925873 120 448 ) (0 120 495.992310 ) 
5 31 (0 64 495.992310 ) (463.925873 64 448 ) (464 64 448 ) (348 64 476 ) (0 64 512 ) 
4 31 (463.991058 72 448 ) (0 72 559.998535 ) (0 64 559.998352 ) (463.991058 64 448 ) 
4 32 (348 64 476 ) (0 64 560 ) (0 64 575.998657 ) (463.990204 64 464.001007 ) 
4 32 (464 56 464 ) (0 56 512 ) (0 64 512 ) (464 64 464 ) 
4 33 (464 8 448 ) (464 8 463.998657 ) (0 8 575.998657 ) (0 8 560 ) 
6 33 (0 56 512 ) (463.990204 56 464.001007 ) (464 56 463.998657 ) (464 56 448 ) (463.925873 56 448 ) (0 56 495.992310 ) 
4 34 (0 0 512 ) (0 0 496 ) (464 0 448 ) (348 0 476 ) 
4 34 (463.991058 8 448 ) (0 8 559.998535 ) (0 0 559.998474 ) (463.991058 0 448 ) 
4 35 (440 512 440 ) (440 0 440 ) (440 0 448 ) (440 512 448 ) 
4 36 (24 376 448 ) (24 376 440 ) (40 376 440 ) (40 376 448 ) 
4 36 (128 376 440 ) (144 376 440 ) (144 376 448 ) (128 376 448 ) 
4 36 (144 376 440 ) (240 376 440 ) (240 376 448 ) (144 376 448 ) 
4 36 (240 376 440 ) (320 376 440 ) (320 376 448 ) (240 376 448 ) 
4 36 (320 376 440 ) (424 376 440 ) (424 376 448 ) (320 376 448 ) 
4 36 (424 496 448 ) (424 376 448 ) (424 376 440 ) (424 496 440 ) 
4 36 (424 496 448 ) (424 496 440 ) (24 496 440 ) (24 496 448 ) 
4 37 (320 216 440 ) (320 0 440 ) (320 0 448 ) (320 216 448 ) 
4 37 (320 232 440 ) (320 216 440 ) (320 216 448 ) (320 232 448 ) 
4 37 (424 360 448 ) (424 0 448 ) (424 0 440 ) (424 360 440 ) 
4 37 (424 360 448 ) (424 360 440 ) (320 360 440 ) (320 360 448 ) 
4 38 (256 232 440 ) (320 232 440 ) (320 232 448 ) (256 232 448 ) 
4 38 (320 360 448 ) (320 360 440 ) (240 360 440 ) (240 360 448 ) 
4 38 (240 268.574524 448 ) (240 268.574524 440 ) (256.001373 232 440 ) (256.001373 232 448 ) 
4 39 (304 216 448 ) (304 216 440 ) (240 216 440 ) (240 216 448 ) 
4 39 (304 160 448 ) (304 160 440 ) (304 216 440 ) (304 216 448 ) 
4 39 (240 160 448 ) (240 160 440 ) (304 160 440 ) (304 160 448 ) 
4 40 (304 144 448 ) (304 0 448 ) (304 0 440 ) (304 144 440 ) 
4 40 (256 144 448 ) (304 144 448 ) (304 144 440 ) (256 144 440 ) 
4 40 (256 144 448 ) (256 144 440 ) (256 0 440 ) (256 0 448 ) 
4 41 (152 160 440 ) (160 160 440 ) (160 144 440 ) (152 144 440 ) 
4 41 (144 160 440 ) (144 96 440 ) (144 96 448 ) (144 160 448 ) 
4 41 (144 360 440 ) (144 248 440 ) (144 248 448 ) (144 360 448 ) 
4 41 (240 232.007782 448 ) (240 232.007782 440 ) (184.002045 360 440 ) (184.002045 360 448 ) 
4 41 (184 360 448 ) (184 360 440 ) (144 360 440 ) (144 360 448 ) 
4 41 (240 144 448 ) (240 0 448 ) (240 0 440 ) (240 144 440 ) 
4 41 (240 160 448 ) (240 144 448 ) (240 144 440 ) (240 160 440 ) 
4 41 (240 232 448 ) (240 216 448 ) (240 216 440 ) (240 232 440 ) 
4 42 (232 288 440 ) (231.500015 288 440 ) (228 296 440 ) (232 296 440 ) 
4 42 (200 360 448 ) (240 360 448 ) (240 360 440 ) (200 360 440 ) 
4 42 (200.001038 360 448 ) (200.001038 360 440 ) (240 268.572845 440 ) (240 268.572845 448 ) 
4 43 (144 248 448 ) (144 248 440 ) (128 248 440 ) (128 248 448 ) 
4 43 (128 160 448 ) (128 160 440 ) (144 160 440 ) (144 160 448 ) 
4 44 (128 0 440 ) (144 0 440 ) (144 0 448 ) (128 0 448 ) 
4 44 (144 96 448 ) (144 96 440 ) (128 96 440 ) (128 96 448 ) 
4 45 (40 264 448 ) (40 264 440 ) (128 264 440 ) (128 264 448 ) 
4 45 (40 376 448 ) (40 376 440 ) (40 264 440 ) (40 264 448 ) 
4 45 (128 264 448 ) (128 264 440 ) (128 376 440 ) (128 376 448 ) 
4 46 (40 160 440 ) (128 160 440 ) (128 160 448 ) (40 160 448 ) 
4 46 (40 248 440 ) (40 160 440 ) (40 160 448 ) (40 248 448 ) 
4 46 (128 248 448 ) (128 248 440 ) (40 248 440 ) (40 248 448 ) 
4 47 (24 0 440 ) (128 0 440 ) (128 0 448 ) (24 0 448 ) 
4 47 (128 144 448 ) (128 96 448 ) (128 96 440 ) (128 144 440 ) 
4 47 (128 144 448 ) (128 144 440 ) (24 144 440 ) (24 144 448 ) 
4 48 (0 0 448 ) (0 0 440 ) (24 0 440 ) (24 0 448 ) 
4 48 (24 376 448 ) (24 160 448 ) (24 160 440 ) (24 376 440 ) 
4 48 (24 160 448 ) (24 144 448 ) (24 144 440 ) (24 160 440 ) 
4 48 (0 496 448 ) (24 496 448 ) (24 496 440 ) (0 496 440 ) 
4 49 (440 72 248 ) (440 64 248 ) (440 64 440 ) (440 72 440 ) 
4 49 (440 8 248 ) (440 0 248 ) (440 0 440 ) (440 8 440 ) 
4 49 (440 136 248 ) (440 128 248 ) (440 128 440 ) (440 136 440 ) 
4 49 (440 200 248 ) (440 192 248 ) (440 192 440 ) (440 200 440 ) 
4 49 (440 264 248 ) (440 256 248 ) (440 256 440 ) (440 264 440 ) 
4 49 (440 328 248 ) (440 320 248 ) (440 320 440 ) (440 328 440 ) 
4 49 (440 376 248 ) (440 360 248 ) (440 360 440 ) (440 376 440 ) 
4 49 (440 392 248 ) (440 384 248 ) (440 384 440 ) (440 392 440 ) 
4 49 (440 456 248 ) (440 448 248 ) (440 448 440 ) (440 456 440 ) 
4 49 (440 512 248 ) (440 496 248 ) (440 496 440 ) (440 512 440 ) 
4 50 (424 496 248 ) (424 512 248 ) (432 512 248 ) (432 496 248 ) 
4 50 (424 496 440 ) (432 496 440 ) (432 512 440 ) (424 512 440 ) 
4 50 (432 512 440 ) (432 496 440 ) (432 496 248 ) (432 512 248 ) 
4 51 (424 456 248 ) (424 496 248 ) (440 496 248 ) (440 456 248 ) 
4 51 (432 496 440 ) (440 496 440 ) (440 496 248 ) (432 496 248 ) 
4 51 (424 496 440 ) (424 456 440 ) (440 456 440 ) (440 496 440 ) 
4 51 (424 456 440 ) (424 456 248 ) (440 456 248 ) (440 456 440 ) 
4 52 (424 392 248 ) (424 448 248 ) (440 448 248 ) (440 392 248 ) 
4 52 (424 392 440 ) (424 392 248 ) (440 392 248 ) (440 392 440 ) 
4 52 (440 448 440 ) (440 448 248 ) (424 448 248 ) (424 448 440 ) 
4 52 (424 448 440 ) (424 392 440 ) (440 392 440 ) (440 448 440 ) 
4 53 (424 376 248 ) (424 384 248 ) (440 384 248 ) (440 376 248 ) 
4 53 (432 376 248 ) (440 376 248 ) (440 376 440 ) (432 376 440 ) 
4 53 (424 384 440 ) (424 376 440 ) (440 376 440 ) (440 384 440 ) 
4 53 (440 384 440 ) (440 384 248 ) (424 384 248 ) (424 384 440 ) 
4 54 (424 360 248 ) (424 376 248 ) (432 376 248 ) (432 360 248 ) 
4 54 (432 376 440 ) (424 376 440 ) (424 360 440 ) (432 360 440 ) 
4 54 (432 360 440 ) (432 360 248 ) (432 376 248 ) (432 376 440 ) 
4 55 (424 328 248 ) (424 360 248 ) (440 360 248 ) (440 328 248 ) 
4 55 (424 360 440 ) (424 328 440 ) (440 328 440 ) (440 360 440 ) 
4 55 (432 360 440 ) (440 360 440 ) (440 360 248 ) (432 360 248 ) 
4 55 (424 328 440 ) (424 328 248 ) (440 328 248 ) (440 328 440 ) 
4 56 (424 264 248 ) (424 320 248 ) (440 320 248 ) (440 264 248 ) 
4 56 (424 320 440 ) (424 264 440 ) (440 264 440 ) (440 320 440 ) 
4 56 (440 320 440 ) (440 320 248 ) (424 320 248 ) (424 320 440 ) 
4 56 (424 264 440 ) (424 264 248 ) (440 264 248 ) (440 264 440 ) 
4 57 (424 200 248 ) (424 256 248 ) (440 256 248 ) (440 200 248 ) 
4 57 (424 200 440 ) (424 200 248 ) (440 200 248 ) (440 200 440 ) 
4 57 (424 256 440 ) (424 200 440 ) (440 200 440 ) (440 256 440 ) 
4 57 (440 256 440 ) (440 256 248 ) (424 256 248 ) (424 256 440 ) 
4 58 (424 136 248 ) (424 192 248 ) (440 192 248 ) (440 136 248 ) 
4 58 (424 136 440 ) (424 136 248 ) (440 136 248 ) (440 136 440 ) 
4 58 (424 192 440 ) (424 136 440 ) (440 136 440 ) (440 192 440 ) 
4 58 (440 192 440 ) (440 192 248 ) (424 192 248 ) (424 192 440 ) 
4 59 (424 72 248 ) (424 128 248 ) (440 128 248 ) (440 72 248 ) 
4 59 (424 72 440 ) (424 72 248 ) (440 72 248 ) (440 72 440 ) 
4 59 (424 128 440 ) (424 72 440 ) (440 72 440 ) (440 128 440 ) 
4 59 (440 128 440 ) (440 128 248 ) (424 128 248 ) (424 128 440 ) 
4 60 (424 8 248 ) (424 64 248 ) (440 64 248 ) (440 8 248 ) 
4 60 (424 8 440 ) (424 8 248 ) (440 8 248 ) (440 8 440 ) 
4 60 (424 64 440 ) (424 8 440 ) (440 8 440 ) (440 64 440 ) 
4 60 (440 64 440 ) (440 64 248 ) (424 64 248 ) (424 64 440 ) 
4 61 (368 512 248 ) (424 512 248 ) (424 496 248 ) (368 496 248 ) 
4 61 (368 512 248 ) (368 496 248 ) (368 496 440 ) (368 512 440 ) 
4 61 (368 496 440 ) (424 496 440 ) (424 512 440 ) (368 512 440 ) 
4 62 (304 512 248 ) (360 512 248 ) (360 496 248 ) (304 496 248 ) 
4 62 (304 512 248 ) (304 496 248 ) (304 496 440 ) (304 512 440 ) 
4 62 (304 496 440 ) (360 496 440 ) (360 512 440 ) (304 512 440 ) 
4 62 (360 512 440 ) (360 496 440 ) (360 496 248 ) (360 512 248 ) 
4 63 (240 512 248 ) (296 512 248 ) (296 496 248 ) (240 496 248 ) 
4 63 (240 512 248 ) (240 496 248 ) (240 496 440 ) (240 512 440 ) 
4 63 (240 496 440 ) (296 496 440 ) (296 512 440 ) (240 512 440 ) 
4 63 (296 512 440 ) (296 496 440 ) (296 496 248 ) (296 512 248 ) 
4 64 (176 512 248 ) (232 512 248 ) (232 496 248 ) (176 496 248 ) 
4 64 (176 512 248 ) (176 496 248 ) (176 496 440 ) (176 512 440 ) 
4 64 (176 496 440 ) (232 496 440 ) (232 512 440 ) (176 512 440 ) 
4 64 (232 512 440 ) (232 496 440 ) (232 496 248 ) (232 512 248 ) 
4 65 (112 512 248 ) (168 512 248 ) (168 496 248 ) (112 496 248 ) 
4 65 (168 512 440 ) (168 496 440 ) (168 496 248 ) (168 512 248 ) 
4 65 (112 496 440 ) (168 496 440 ) (168 512 440 ) (112 512 440 ) 
4 65 (112 512 248 ) (112 496 248 ) (112 496 440 ) (112 512 440 ) 
4 66 (48 512 248 ) (104 512 248 ) (104 496 248 ) (48 496 248 ) 
4 66 (104 512 440 ) (104 496 440 ) (104 496 248 ) (104 512 248 ) 
4 66 (48 496 440 ) (104 496 440 ) (104 512 440 ) (48 512 440 ) 
4 66 (48 512 248 ) (48 496 248 ) (48 496 440 ) (48 512 440 ) 
4 67 (0 496 248 ) (0 512 248 ) (24 512 248 ) (24 496 248 ) 
4 67 (24 512 248 ) (40 512 248 ) (40 496 248 ) (24 496 248 ) 
4 67 (40 512 440 ) (40 496 440 ) (40 496 248 ) (40 512 248 ) 
4 67 (24 496 440 ) (40 496 440 ) (40 512 440 ) (24 512 440 ) 
4 67 (0 496 440 ) (24 496 440 ) (24 512 440 ) (0 512 440 ) 
4 68 (24 376 248 ) (32 376 248 ) (32 376 440 ) (24 376 440 ) 
4 68 (128 376 248 ) (136 376 248 ) (136 376 440 ) (128 376 440 ) 
4 68 (192 376 248 ) (200 376 248 ) (200 376 440 ) (192 376 440 ) 
4 68 (248 376 248 ) (256 376 248 ) (256 376 440 ) (248 376 440 ) 
4 68 (312 376 248 ) (320 376 248 ) (320 376 440 ) (312 376 440 ) 
4 68 (376 376 248 ) (384 376 248 ) (384 376 440 ) (376 376 440 ) 
4 68 (424 456 440 ) (424 448 440 ) (424 448 248 ) (424 456 248 ) 
4 68 (424 392 440 ) (424 384 440 ) (424 384 248 ) (424 392 248 ) 
4 68 (40 496 440 ) (48 496 440 ) (48 496 248 ) (40 496 248 ) 
4 68 (360 496 440 ) (368 496 440 ) (368 496 248 ) (360 496 248 ) 
4 68 (104 496 440 ) (112 496 440 ) (112 496 248 ) (104 496 248 ) 
4 68 (296 496 440 ) (304 496 440 ) (304 496 248 ) (296 496 248 ) 
4 68 (168 496 440 ) (176 496 440 ) (176 496 248 ) (168 496 248 ) 
4 68 (232 496 440 ) (240 496 440 ) (240 496 248 ) (232 496 248 ) 
4 69 (384 376 248 ) (424 376 248 ) (424 360 248 ) (384 360 248 ) 
4 69 (384 376 440 ) (384 360 440 ) (424 360 440 ) (424 376 440 ) 
4 69 (384 376 440 ) (384 376 248 ) (384 360 248 ) (384 360 440 ) 
4 70 (320 376 248 ) (376 376 248 ) (376 360 248 ) (320 360 248 ) 
4 70 (376 376 440 ) (320 376 440 ) (320 360 440 ) (376 360 440 ) 
4 70 (376 360 440 ) (376 360 248 ) (376 376 248 ) (376 376 440 ) 
4 70 (320 376 440 ) (320 376 248 ) (320 360 248 ) (320 360 440 ) 
4 71 (256 376 248 ) (312 376 248 ) (312 360 248 ) (256 360 248 ) 
4 71 (256 360 440 ) (312 360 440 ) (312 376 440 ) (256 376 440 ) 
4 71 (312 360 440 ) (312 360 248 ) (312 376 248 ) (312 376 440 ) 
4 71 (256 376 440 ) (256 376 248 ) (256 360 248 ) (256 360 440 ) 
4 72 (200 376 248 ) (248 376 248 ) (248 360 248 ) (200 360 248 ) 
4 72 (200 376 440 ) (200 376 248 ) (200 360 248 ) (200 360 440 ) 
4 72 (248 360 440 ) (248 360 248 ) (248 376 248 ) (248 376 440 ) 
4 72 (248 360 440 ) (248 376 440 ) (240 376 440 ) (240 360 440 ) 
4 72 (200 360 440 ) (240 360 440 ) (240 376 440 ) (200 376 440 ) 
4 73 (136 376 248 ) (144 376 248 ) (144 360 248 ) (136 360 248 ) 
4 73 (144 376 248 ) (192 376 248 ) (192 360 248 ) (144 360 248 ) 
4 73 (136 376 440 ) (136 376 248 ) (136 360 248 ) (136 360 440 ) 
4 73 (192 360 440 ) (192 376 440 ) (144 376 440 ) (144 360 440 ) 
4 73 (136 360 440 ) (144 360 440 ) (144 376 440 ) (136 376 440 ) 
4 73 (192 360 440 ) (192 360 248 ) (192 376 248 ) (192 376 440 ) 
4 74 (32 376 248 ) (40 376 248 ) (40 360 248 ) (32 360 248 ) 
4 74 (32 376 440 ) (32 376 248 ) (32 360 248 ) (32 360 440 ) 
4 74 (32 360 440 ) (40 360 440 ) (40 376 440 ) (32 376 440 ) 
4 74 (128 360 440 ) (128 360 248 ) (128 376 248 ) (128 376 440 ) 
4 75 (24 360 440 ) (24 360 248 ) (24 376 248 ) (24 376 440 ) 
4 76 (24 360 248 ) (40 360 248 ) (40 328 248 ) (24 328 248 ) 
4 76 (128 360 248 ) (144 360 248 ) (144 328 248 ) (128 328 248 ) 
4 76 (184 360 248 ) (200 360 248 ) (214 328 248 ) (198 328 248 ) 
4 76 (24 328 248 ) (40 328 248 ) (40 328 440 ) (24 328 440 ) 
4 76 (128 328 248 ) (144 328 248 ) (144 328 440 ) (128 328 440 ) 
4 76 (40 328 440 ) (40 360 440 ) (24 360 440 ) (24 328 440 ) 
4 76 (144 328 440 ) (144 360 440 ) (128 360 440 ) (128 328 440 ) 
4 76 (198 328 440 ) (214 328 440 ) (200 360 440 ) (184 360 440 ) 
4 76 (376 360 440 ) (384 360 440 ) (384 360 248 ) (376 360 248 ) 
4 76 (312 360 440 ) (320 360 440 ) (320 360 248 ) (312 360 248 ) 
4 76 (248 360 440 ) (256 360 440 ) (256 360 248 ) (248 360 248 ) 
4 76 (192 360 440 ) (200 360 440 ) (200 360 248 ) (192 360 248 ) 
4 76 (128 360 440 ) (136 360 440 ) (136 360 248 ) (128 360 248 ) 
4 76 (24 360 440 ) (32 360 440 ) (32 360 248 ) (24 360 248 ) 
4 77 (198 328 248 ) (214 328 248 ) (217.500015 320 248 ) (201.500000 320 248 ) 
4 77 (424 328 440 ) (424 320 440 ) (424 320 248 ) (424 328 248 ) 
4 77 (198 328 440 ) (201.500015 320 440 ) (217.500015 320 440 ) (214 328 440 ) 
4 77 (144 328 440 ) (144 328 248 ) (144 320 248 ) (144 320 440 ) 
4 78 (40 328 440 ) (40 328 248 ) (40 320 248 ) (40 320 440 ) 
4 78 (128 320 440 ) (128 320 248 ) (128 328 248 ) (128 328 440 ) 
4 79 (24 320 440 ) (24 320 248 ) (24 328 248 ) (24 328 440 ) 
4 80 (24 320 248 ) (40 320 248 ) (40 296 248 ) (24 296 248 ) 
4 80 (128 320 248 ) (144 320 248 ) (144 296 248 ) (128 296 248 ) 
4 80 (201.500000 320 248 ) (217.500015 320 248 ) (228 296 248 ) (212 296 248 ) 
4 80 (216 296 248 ) (232 296 248 ) (232 296 440 ) (216 296 440 ) 
4 80 (40 296 440 ) (40 320 440 ) (24 320 440 ) (24 296 440 ) 
4 80 (144 296 440 ) (144 320 440 ) (128 320 440 ) (128 296 440 ) 
4 80 (201.500015 320 440 ) (212 296 440 ) (228 296 440 ) (217.500015 320 440 ) 
4 80 (128 320 440 ) (144 320 440 ) (144 320 248 ) (128 320 248 ) 
4 80 (24 320 440 ) (40 320 440 ) (40 320 248 ) (24 320 248 ) 
4 81 (232 296 440 ) (232 296 248 ) (232 288 248 ) (232 288 440 ) 
5 82 (242 264 248 ) (226 264 248 ) (216 286.857178 248 ) (216 288 248 ) (231.500000 288 248 ) 
4 82 (232 288 440 ) (232 288 248 ) (216 288 248 ) (216 288 440 ) 
6 82 (216 288 440 ) (216 286.857178 440 ) (226 264 440 ) (240 264 440 ) (240 268.571472 440 ) (231.500015 288 440 ) 
3 82 (242 264 440 ) (240 268.571472 440 ) (240 264 440 ) 
4 83 (24 296 248 ) (40 296 248 ) (40 264 248 ) (24 264 248 ) 
4 83 (128 296 248 ) (144 296 248 ) (144 264 248 ) (128 264 248 ) 
3 83 (212 296 248 ) (216 296 248 ) (216 286.857178 248 ) 
4 83 (64 264 248 ) (72 264 248 ) (72 264 440 ) (64 264 440 ) 
4 83 (136 264 248 ) (144 264 248 ) (144 264 440 ) (136 264 440 ) 
4 83 (24 264 248 ) (32 264 248 ) (32 264 440 ) (24 264 440 ) 
4 83 (216 288 440 ) (216 288 248 ) (216 296 248 ) (216 296 440 ) 
3 83 (216 296 440 ) (212 296 440 ) (216 286.857178 440 ) 
4 83 (144 264 440 ) (144 296 440 ) (128 296 440 ) (128 264 440 ) 
4 83 (40 264 440 ) (40 296 440 ) (24 296 440 ) (24 264 440 ) 
4 84 (226 264 248 ) (242 264 248 ) (249 248 248 ) (233 248 248 ) 
4 84 (144 264 440 ) (144 264 248 ) (144 248 248 ) (144 248 440 ) 
4 84 (424 264 440 ) (424 256 440 ) (424 256 248 ) (424 264 248 ) 
4 84 (226 264 440 ) (233 248 440 ) (240 248 440 ) (240 264 440 ) 
4 84 (249 248 440 ) (242 264 440 ) (240 264 440 ) (240 248 440 ) 
4 85 (72 264 248 ) (128 264 248 ) (128 248 248 ) (72 248 248 ) 
4 85 (128 264 248 ) (136 264 248 ) (136 248 248 ) (128 248 248 ) 
4 85 (72 264 440 ) (72 248 440 ) (128 248 440 ) (128 264 440 ) 
4 85 (136 248 440 ) (136 264 440 ) (128 264 440 ) (128 248 440 ) 
4 85 (136 248 440 ) (136 248 248 ) (136 264 248 ) (136 264 440 ) 
4 85 (72 264 440 ) (72 264 248 ) (72 248 248 ) (72 248 440 ) 
4 86 (40 264 248 ) (64 264 248 ) (64 248 248 ) (40 248 248 ) 
4 86 (32 264 248 ) (40 264 248 ) (40 248 248 ) (32 248 248 ) 
4 86 (64 248 440 ) (64 248 248 ) (64 264 248 ) (64 264 440 ) 
4 86 (32 248 440 ) (40 248 440 ) (40 264 440 ) (32 264 440 ) 
4 86 (64 264 440 ) (40 264 440 ) (40 248 440 ) (64 248 440 ) 
4 86 (32 264 440 ) (32 264 248 ) (32 248 248 ) (32 248 440 ) 
4 87 (24 248 440 ) (24 248 248 ) (24 264 248 ) (24 264 440 ) 
4 88 (24 248 248 ) (40 248 248 ) (40 232 248 ) (24 232 248 ) 
4 88 (233 248 248 ) (249 248 248 ) (256 232 248 ) (240 232 248 ) 
4 88 (240 232 248 ) (248 232 248 ) (248 232 440 ) (240 232 440 ) 
4 88 (304 232 248 ) (320 232 248 ) (320 232 440 ) (304 232 440 ) 
4 88 (40 232 440 ) (40 248 440 ) (24 248 440 ) (24 232 440 ) 
3 88 (233 248 440 ) (240 232 440 ) (240 248 440 ) 
4 88 (256 232 440 ) (249 248 440 ) (240 248 440 ) (240 232 440 ) 
4 88 (24 248 440 ) (32 248 440 ) (32 248 248 ) (24 248 248 ) 
4 88 (136 248 440 ) (144 248 440 ) (144 248 248 ) (136 248 248 ) 
4 88 (64 248 440 ) (72 248 440 ) (72 248 248 ) (64 248 248 ) 
4 89 (320 232 440 ) (320 232 248 ) (320 224 248 ) (320 224 440 ) 
4 89 (424 200 440 ) (424 192 440 ) (424 192 248 ) (424 200 248 ) 
4 90 (248 232 248 ) (304 232 248 ) (304 224 248 ) (248 224 248 ) 
4 90 (248 232 440 ) (248 232 248 ) (248 224 248 ) (248 224 440 ) 
4 90 (248 224 440 ) (304 224 440 ) (304 232 440 ) (248 232 440 ) 
4 90 (304 224 440 ) (304 224 248 ) (304 232 248 ) (304 232 440 ) 
4 91 (248 216 248 ) (248 224 248 ) (304 224 248 ) (304 216 248 ) 
4 91 (320 224 248 ) (320 160 248 ) (304 160 248 ) (304 224 248 ) 
4 91 (248 224 248 ) (248 216 248 ) (248 216 440 ) (248 224 440 ) 
4 91 (304 224 440 ) (320 224 440 ) (320 224 248 ) (304 224 248 ) 
4 91 (320 160 440 ) (320 216 440 ) (304 216 440 ) (304 160 440 ) 
4 91 (248 224 440 ) (248 216 440 ) (320 216 440 ) (320 224 440 ) 
4 92 (240 160 248 ) (248 160 248 ) (248 160 440 ) (240 160 440 ) 
4 92 (248 216 440 ) (248 216 248 ) (240 216 248 ) (240 216 440 ) 
4 93 (24 232 248 ) (40 232 248 ) (40 160 248 ) (24 160 248 ) 
4 93 (24 160 248 ) (32 160 248 ) (32 160 440 ) (24 160 440 ) 
4 93 (64 160 248 ) (72 160 248 ) (72 160 440 ) (64 160 440 ) 
4 93 (128 160 248 ) (136 160 248 ) (136 160 440 ) (128 160 440 ) 
4 93 (152 160 248 ) (160 160 248 ) (160 160 440 ) (152 160 440 ) 
4 93 (240 216 440 ) (240 216 248 ) (240 232 248 ) (240 232 440 ) 
4 93 (40 160 440 ) (40 232 440 ) (24 232 440 ) (24 160 440 ) 
4 94 (256 160 248 ) (304 160 248 ) (304 144 248 ) (256 144 248 ) 
4 94 (304 160 248 ) (320 160 248 ) (320 144 248 ) (304 144 248 ) 
4 94 (248 160 248 ) (256 160 248 ) (256 144 248 ) (248 144 248 ) 
4 94 (248 144 248 ) (256 144 248 ) (256 144 440 ) (248 144 440 ) 
4 94 (248 144 440 ) (304 144 440 ) (304 160 440 ) (248 160 440 ) 
4 94 (320 144 440 ) (320 160 440 ) (304 160 440 ) (304 144 440 ) 
4 94 (248 160 440 ) (248 160 248 ) (248 144 248 ) (248 144 440 ) 
4 95 (240 144 440 ) (240 144 248 ) (240 160 248 ) (240 160 440 ) 
4 95 (160 160 440 ) (160 160 248 ) (160 144 248 ) (160 144 440 ) 
4 96 (136 160 248 ) (152 160 248 ) (152 144 248 ) (136 144 248 ) 
4 96 (136 160 440 ) (136 160 248 ) (136 144 248 ) (136 144 440 ) 
4 96 (136 144 440 ) (144 144 440 ) (144 160 440 ) (136 160 440 ) 
4 96 (152 144 440 ) (152 144 248 ) (152 160 248 ) (152 160 440 ) 
4 97 (72 160 248 ) (128 160 248 ) (128 144 248 ) (72 144 248 ) 
4 97 (72 160 440 ) (72 160 248 ) (72 144 248 ) (72 144 440 ) 
4 97 (72 144 440 ) (128 144 440 ) (128 160 440 ) (72 160 440 ) 
4 97 (128 144 440 ) (128 144 248 ) (128 160 248 ) (128 160 440 ) 
4 98 (32 160 248 ) (64 160 248 ) (64 144 248 ) (32 144 248 ) 
4 98 (32 160 440 ) (32 160 248 ) (32 144 248 ) (32 144 440 ) 
4 98 (32 144 440 ) (64 144 440 ) (64 160 440 ) (32 160 440 ) 
4 98 (64 144 440 ) (64 144 248 ) (64 160 248 ) (64 160 440 ) 
4 99 (24 144 440 ) (24 144 248 ) (24 160 248 ) (24 160 440 ) 
4 100 (320 128 248 ) (320 112 248 ) (320 112 440 ) (320 128 440 ) 
4 100 (320 32 248 ) (320 24 248 ) (320 24 440 ) (320 32 440 ) 
4 100 (424 72 440 ) (424 64 440 ) (424 64 248 ) (424 72 248 ) 
4 100 (424 8 440 ) (424 0 440 ) (424 0 248 ) (424 8 248 ) 
4 100 (424 136 440 ) (424 128 440 ) (424 128 248 ) (424 136 248 ) 
4 101 (304 144 248 ) (320 144 248 ) (320 128 248 ) (304 128 248 ) 
4 101 (312 128 248 ) (320 128 248 ) (320 128 440 ) (312 128 440 ) 
4 101 (320 128 440 ) (320 144 440 ) (304 144 440 ) (304 128 440 ) 
4 102 (312 112 248 ) (304 112 248 ) (304 128 248 ) (312 128 248 ) 
4 102 (312 112 440 ) (312 128 440 ) (304 128 440 ) (304 112 440 ) 
4 102 (312 112 440 ) (312 112 248 ) (312 128 248 ) (312 128 440 ) 
4 103 (320 112 248 ) (320 32 248 ) (304 32 248 ) (304 112 248 ) 
4 103 (312 112 440 ) (320 112 440 ) (320 112 248 ) (312 112 248 ) 
4 103 (304 32 440 ) (304 32 248 ) (320 32 248 ) (320 32 440 ) 
4 103 (320 32 440 ) (320 112 440 ) (304 112 440 ) (304 32 440 ) 
4 104 (256 32 248 ) (256 24 248 ) (256 24 440 ) (256 32 440 ) 
4 104 (256 144 440 ) (256 144 248 ) (256 136 248 ) (256 136 440 ) 
4 104 (304 32 440 ) (304 24 440 ) (304 24 248 ) (304 32 248 ) 
4 105 (256 136 248 ) (256 32 248 ) (240 32 248 ) (240 136 248 ) 
4 105 (256 136 440 ) (256 136 248 ) (240 136 248 ) (240 136 440 ) 
4 105 (256 32 440 ) (256 136 440 ) (240 136 440 ) (240 32 440 ) 
4 105 (240 32 440 ) (240 32 248 ) (256 32 248 ) (256 32 440 ) 
4 106 (128 144 248 ) (144 144 248 ) (144 104 248 ) (128 104 248 ) 
4 106 (128 104 248 ) (144 104 248 ) (144 104 440 ) (128 104 440 ) 
4 106 (144 104 440 ) (144 144 440 ) (128 144 440 ) (128 104 440 ) 
4 106 (152 144 440 ) (160 144 440 ) (160 144 248 ) (152 144 248 ) 
4 106 (128 144 440 ) (136 144 440 ) (136 144 248 ) (128 144 248 ) 
4 106 (64 144 440 ) (72 144 440 ) (72 144 248 ) (64 144 248 ) 
4 106 (24 144 440 ) (32 144 440 ) (32 144 248 ) (24 144 248 ) 
4 106 (240 136 440 ) (240 136 248 ) (240 144 248 ) (240 144 440 ) 
4 107 (144 104 440 ) (144 104 248 ) (144 96 248 ) (144 96 440 ) 
4 108 (144 96 440 ) (144 96 248 ) (128 96 248 ) (128 96 440 ) 
4 108 (240 32 440 ) (240 24 440 ) (240 24 248 ) (240 32 248 ) 
4 109 (128 96 440 ) (128 96 248 ) (128 104 248 ) (128 104 440 ) 
4 110 (40 0 248 ) (48 0 248 ) (48 0 440 ) (40 0 440 ) 
4 110 (104 0 248 ) (112 0 248 ) (112 0 440 ) (104 0 440 ) 
4 110 (136 0 248 ) (144 0 248 ) (144 0 440 ) (136 0 440 ) 
4 110 (320 0 248 ) (304 0 248 ) (304 24 248 ) (320 24 248 ) 
4 110 (256 0 248 ) (240 0 248 ) (240 24 248 ) (256 24 248 ) 
4 110 (240 24 440 ) (256 24 440 ) (256 24 248 ) (240 24 248 ) 
4 110 (304 24 440 ) (320 24 440 ) (320 24 248 ) (304 24 248 ) 
4 110 (320 24 440 ) (304 24 440 ) (304 0 440 ) (320 0 440 ) 
4 110 (256 24 440 ) (240 24 440 ) (240 0 440 ) (256 0 440 ) 
4 111 (440 512 240 ) (440 0 240 ) (440 0 248 ) (440 512 248 ) 
4 111 (964 512 248 ) (964 0 248 ) (964 0 240 ) (964 512 240 ) 
4 112 (24 376 240 ) (24 496 240 ) (424 496 240 ) (424 376 240 ) 
4 112 (24 376 248 ) (24 376 240 ) (40 376 240 ) (40 376 248 ) 
4 112 (128 376 240 ) (144 376 240 ) (144 376 248 ) (128 376 248 ) 
4 112 (144 376 240 ) (320 376 240 ) (320 376 248 ) (144 376 248 ) 
4 112 (320 376 240 ) (424 376 240 ) (424 376 248 ) (320 376 248 ) 
4 112 (424 496 248 ) (424 376 248 ) (424 376 240 ) (424 496 240 ) 
4 112 (424 496 248 ) (424 496 240 ) (24 496 240 ) (24 496 248 ) 
4 113 (424 360 240 ) (424 352 240 ) (320 352 240 ) (320 360 240 ) 
4 113 (320 232 240 ) (320 160 240 ) (320 160 248 ) (320 232 248 ) 
4 113 (424 360 248 ) (424 160 248 ) (424 160 240 ) (424 360 240 ) 
4 113 (424 360 248 ) (424 360 240 ) (320 360 240 ) (320 360 248 ) 
4 114 (240 232 240 ) (144 232 240 ) (144 352 240 ) (187.500015 352 240 ) 
4 114 (144 352 240 ) (144 360 240 ) (184 360 240 ) (187.500015 352 240 ) 
4 114 (144 360 240 ) (144 248 240 ) (144 248 248 ) (144 360 248 ) 
4 114 (240.002380 232 248 ) (240.002380 232 240 ) (184.002411 360 240 ) (184.002411 360 248 ) 
4 114 (184 360 248 ) (184 360 240 ) (144 360 240 ) (144 360 248 ) 
4 115 (264 232 240 ) (256 232 240 ) (203.500000 352 240 ) (208 352 240 ) 
4 115 (320 360 240 ) (320 352 240 ) (203.500000 352 240 ) (200 360 240 ) 
4 115 (256 232 240 ) (304 232 240 ) (304 232 248 ) (256 232 248 ) 
4 115 (304 232 240 ) (320 232 240 ) (320 232 248 ) (304 232 248 ) 
4 115 (200 360 248 ) (320 360 248 ) (320 360 240 ) (200 360 240 ) 
4 115 (231.500015 288 248 ) (232 288 248 ) (232 296 248 ) (228 296 248 ) 
4 115 (200.001328 360 248 ) (200.001328 360 240 ) (256.001373 232 240 ) (256.001373 232 248 ) 
4 116 (304 160 240 ) (240 160 240 ) (240 216 240 ) (304 216 240 ) 
4 116 (256 160 240 ) (304 160 240 ) (304 160 248 ) (256 160 248 ) 
4 116 (240 160 240 ) (256 160 240 ) (256 160 248 ) (240 160 248 ) 
4 116 (304 216 248 ) (304 160 248 ) (304 160 240 ) (304 216 240 ) 
4 116 (304 216 248 ) (304 216 240 ) (240 216 240 ) (240 216 248 ) 
4 117 (240 160 240 ) (144 160 240 ) (144 232 240 ) (240 232 240 ) 
4 117 (144 160 240 ) (160 160 240 ) (160 160 248 ) (144 160 248 ) 
4 117 (240 216 248 ) (240 216 240 ) (240 232 240 ) (240 232 248 ) 
4 118 (144 232 240 ) (144 160 240 ) (128 160 240 ) (128 232 240 ) 
4 118 (144 248 240 ) (144 232 240 ) (128 232 240 ) (128 248 240 ) 
4 118 (128 160 240 ) (144 160 240 ) (144 160 248 ) (128 160 248 ) 
4 118 (144 248 248 ) (144 248 240 ) (128 248 240 ) (128 248 248 ) 
4 119 (128 352 240 ) (128 264 240 ) (40 264 240 ) (40 352 240 ) 
4 119 (40 376 240 ) (128 376 240 ) (128 352 240 ) (40 352 240 ) 
4 119 (40 264 248 ) (40 264 240 ) (128 264 240 ) (128 264 248 ) 
4 119 (40 376 248 ) (40 376 240 ) (40 264 240 ) (40 264 248 ) 
4 119 (128 264 248 ) (128 264 240 ) (128 376 240 ) (128 376 248 ) 
4 120 (128 232 240 ) (128 160 240 ) (40 160 240 ) (40 232 240 ) 
4 120 (128 248 240 ) (128 232 240 ) (40 232 240 ) (40 248 240 ) 
4 120 (40 160 240 ) (128 160 240 ) (128 160 248 ) (40 160 248 ) 
4 120 (40 248 240 ) (40 160 240 ) (40 160 248 ) (40 248 248 ) 
4 120 (128 248 248 ) (128 248 240 ) (40 248 240 ) (40 248 248 ) 
4 121 (416 0 240 ) (328 0 240 ) (328 24 240 ) (416 24 240 ) 
4 121 (320 160 248 ) (320 160 240 ) (320 0 240 ) (320 0 248 ) 
4 121 (424 160 248 ) (424 0 248 ) (424 0 240 ) (424 160 240 ) 
4 122 (304 0 240 ) (256 0 240 ) (256 144 240 ) (304 144 240 ) 
4 122 (304 144 248 ) (304 0 248 ) (304 0 240 ) (304 144 240 ) 
4 122 (256 144 240 ) (256 0 240 ) (256 0 248 ) (256 144 248 ) 
4 122 (304 144 248 ) (304 144 240 ) (256 144 240 ) (256 144 248 ) 
4 123 (160 160 240 ) (240 160 240 ) (240 144 240 ) (160 144 240 ) 
4 123 (240 144 248 ) (240 144 240 ) (240 160 240 ) (240 160 248 ) 
4 123 (160 160 248 ) (160 160 240 ) (160 144 240 ) (160 144 248 ) 
4 124 (144 144 240 ) (240 144 240 ) (240 96 240 ) (144 96 240 ) 
4 124 (240 144 248 ) (240 96 248 ) (240 96 240 ) (240 144 240 ) 
4 124 (144 144 248 ) (160 144 248 ) (160 144 240 ) (144 144 240 ) 
4 124 (144 144 248 ) (144 144 240 ) (144 96 240 ) (144 96 248 ) 
4 125 (24 96 240 ) (24 144 240 ) (128 144 240 ) (128 96 240 ) 
4 125 (128 96 248 ) (128 96 240 ) (128 144 240 ) (128 144 248 ) 
4 125 (128 144 248 ) (128 144 240 ) (24 144 240 ) (24 144 248 ) 
4 126 (24 0 240 ) (128 0 240 ) (128 0 248 ) (24 0 248 ) 
4 126 (128 0 240 ) (144 0 240 ) (144 0 248 ) (128 0 248 ) 
4 126 (240 0 240 ) (24 0 240 ) (24 96 240 ) (240 96 240 ) 
4 126 (128 96 248 ) (144 96 248 ) (144 96 240 ) (128 96 240 ) 
4 126 (240 96 248 ) (240 0 248 ) (240 0 240 ) (240 96 240 ) 
4 127 (0 0 248 ) (0 0 240 ) (24 0 240 ) (24 0 248 ) 
4 127 (24 0 240 ) (0 0 240 ) (0 232 240 ) (24 232 240 ) 
4 127 (0 232 240 ) (0 352 240 ) (24 352 240 ) (24 232 240 ) 
4 127 (0 352 240 ) (0 496 240 ) (24 496 240 ) (24 352 240 ) 
4 127 (24 376 248 ) (24 160 248 ) (24 160 240 ) (24 376 240 ) 
4 127 (24 160 248 ) (24 144 248 ) (24 144 240 ) (24 160 240 ) 
4 127 (0 496 248 ) (24 496 248 ) (24 496 240 ) (0 496 240 ) 
4 128 (440 8 208 ) (440 0 208 ) (440 0 224 ) (440 8 224 ) 
4 128 (440 0 224 ) (440 0 232 ) (440 8 232 ) (440 8 224 ) 
4 128 (440 392 208 ) (440 384 208 ) (440 384 232 ) (440 392 232 ) 
4 128 (440 456 208 ) (440 448 208 ) (440 448 232 ) (440 456 232 ) 
4 128 (440 512 208 ) (440 504 208 ) (440 504 232 ) (440 512 232 ) 
4 128 (440 352 240 ) (440 512 240 ) (440 512 232 ) (440 352 232 ) 
4 128 (964 512 240 ) (964 0 240 ) (964 0 208 ) (964 512 208 ) 
4 129 (328 24 240 ) (328 24 232 ) (416 24 232 ) (416 24 240 ) 
4 129 (440 24 240 ) (440 352 240 ) (424 352 240 ) (424 24 240 ) 
4 129 (328 352 240 ) (440 352 240 ) (440 352 232 ) (328 352 232 ) 
4 130 (416 0 232 ) (440 0 232 ) (440 0 240 ) (416 0 240 ) 
4 130 (440 8 232 ) (440 0 232 ) (416 0 232 ) (416 8 232 ) 
4 130 (440 24 240 ) (424 24 240 ) (424 0 240 ) (440 0 240 ) 
4 130 (416 24 240 ) (416 24 232 ) (416 0 232 ) (416 0 240 ) 
4 131 (264 232 232 ) (304 232 232 ) (304 232 240 ) (264 232 240 ) 
4 131 (208 352 240 ) (328 352 240 ) (328 352 232 ) (208 352 232 ) 
4 131 (208 352 240 ) (208 352 232 ) (264.001434 232 232 ) (264.001434 232 240 ) 
4 132 (304 0 232 ) (328 0 232 ) (328 0 240 ) (304 0 240 ) 
4 132 (328 0 232 ) (304 0 232 ) (304 8 232 ) (328 8 232 ) 
4 132 (304 64 232 ) (304 72 232 ) (320 72 232 ) (320 64 232 ) 
4 132 (304 128 232 ) (304 136 232 ) (320 136 232 ) (320 128 232 ) 
4 132 (304 192 232 ) (304 200 232 ) (320 200 232 ) (320 192 232 ) 
4 132 (328 24 240 ) (328 0 240 ) (328 0 232 ) (328 24 232 ) 
4 132 (320 160 240 ) (304 160 240 ) (304 0 240 ) (320 0 240 ) 
4 132 (304 232 240 ) (304 160 240 ) (320 160 240 ) (320 232 240 ) 
4 132 (304 232 240 ) (304 232 232 ) (304 0 232 ) (304 0 240 ) 
4 133 (0 456 208 ) (0 496 208 ) (304 496 208 ) (304 456 208 ) 
4 133 (24 504 208 ) (424 504 208 ) (424 496 208 ) (24 496 208 ) 
4 133 (0 504 232 ) (440 504 232 ) (440 504 208 ) (0 504 208 ) 
4 133 (0 504 232 ) (0 456 232 ) (440 456 232 ) (440 504 232 ) 
4 133 (0 456 208 ) (440 456 208 ) (440 456 232 ) (0 456 232 ) 
4 134 (0 392 208 ) (0 448 208 ) (304 448 208 ) (304 392 208 ) 
4 134 (0 392 208 ) (440 392 208 ) (440 392 232 ) (0 392 232 ) 
4 134 (0 448 232 ) (440 448 232 ) (440 448 208 ) (0 448 208 ) 
4 134 (0 448 232 ) (0 392 232 ) (440 392 232 ) (440 448 232 ) 
4 135 (184 360 208 ) (200 360 208 ) (214 328 208 ) (198 328 208 ) 
4 135 (0 360 208 ) (0 376 208 ) (424 376 208 ) (424 360 208 ) 
4 135 (0 376 208 ) (0 384 208 ) (304 384 208 ) (304 376 208 ) 
4 135 (0 328 208 ) (216 328 208 ) (216 328 232 ) (0 328 232 ) 
4 135 (0 384 232 ) (0 352 232 ) (440 352 232 ) (440 384 232 ) 
4 135 (219.199997 328 232 ) (208 352 232 ) (0 352 232 ) (0 328 232 ) 
4 135 (0 384 232 ) (440 384 232 ) (440 384 208 ) (0 384 208 ) 
3 136 (217.500000 320 208 ) (216 320 208 ) (216 323.428589 208 ) 
4 136 (216 320 232 ) (222.933334 320 232 ) (219.199997 328 232 ) (216 328 232 ) 
4 136 (216 328 232 ) (216 328 208 ) (216 320 208 ) (216 320 232 ) 
4 137 (201.500031 320 208 ) (217.500015 320 208 ) (242 264 208 ) (226 264 208 ) 
4 137 (0 264 208 ) (240 264 208 ) (240 264 232 ) (0 264 232 ) 
4 137 (0 320 232 ) (216 320 232 ) (216 320 208 ) (0 320 208 ) 
4 137 (249.066666 264 232 ) (222.933334 320 232 ) (0 320 232 ) (0 264 232 ) 
4 138 (320 200 208 ) (320 192 208 ) (320 192 232 ) (320 200 232 ) 
4 139 (240 264 208 ) (242 264 208 ) (245.500015 256 208 ) (240 256 208 ) 
4 139 (240 256 232 ) (252.800003 256 232 ) (249.066666 264 232 ) (240 264 232 ) 
4 139 (240 264 232 ) (240 264 208 ) (240 256 208 ) (240 256 232 ) 
4 140 (304 216 208 ) (320 216 208 ) (320 200 208 ) (304 200 208 ) 
4 140 (240 232 208 ) (320 232 208 ) (320 216 208 ) (240 216 208 ) 
4 140 (229.500000 256 208 ) (245.500015 256 208 ) (256 232 208 ) (240 232 208 ) 
4 140 (304 200 232 ) (304 232 232 ) (0 232 232 ) (0 200 232 ) 
4 140 (264 232 232 ) (252.800003 256 232 ) (0 256 232 ) (0 232 232 ) 
4 140 (0 256 232 ) (240 256 232 ) (240 256 208 ) (0 256 208 ) 
4 140 (0 200 208 ) (320 200 208 ) (320 200 232 ) (0 200 232 ) 
4 141 (304 192 208 ) (320 192 208 ) (320 136 208 ) (304 136 208 ) 
4 141 (424 192 208 ) (440 192 208 ) (440 136 208 ) (424 136 208 ) 
4 141 (0 136 208 ) (320 136 208 ) (320 136 232 ) (0 136 232 ) 
4 141 (0 192 232 ) (320 192 232 ) (320 192 208 ) (0 192 208 ) 
4 141 (304 136 232 ) (304 192 232 ) (0 192 232 ) (0 136 232 ) 
4 142 (424 136 208 ) (440 136 208 ) (440 64 208 ) (424 64 208 ) 
4 142 (320 72 208 ) (320 64 208 ) (320 64 232 ) (320 72 232 ) 
4 142 (320 136 232 ) (320 136 208 ) (320 128 208 ) (320 128 232 ) 
4 143 (304 128 208 ) (320 128 208 ) (320 72 208 ) (304 72 208 ) 
4 143 (0 128 232 ) (320 128 232 ) (320 128 208 ) (0 128 208 ) 
4 143 (304 72 232 ) (304 128 232 ) (0 128 232 ) (0 72 232 ) 
4 143 (0 72 208 ) (320 72 208 ) (320 72 232 ) (0 72 232 ) 
4 144 (304 64 208 ) (320 64 208 ) (320 40 208 ) (304 40 208 ) 
4 144 (328 64 208 ) (416 64 208 ) (416 40 208 ) (328 40 208 ) 
4 144 (424 64 208 ) (440 64 208 ) (440 40 208 ) (424 40 208 ) 
4 144 (328 40 208 ) (416 40 208 ) (416 40 224 ) (328 40 224 ) 
4 144 (0 64 232 ) (320 64 232 ) (320 64 208 ) (0 64 208 ) 
4 144 (304 40 232 ) (304 64 232 ) (0 64 232 ) (0 40 232 ) 
4 145 (328 24 224 ) (328 40 224 ) (416 40 224 ) (416 24 224 ) 
4 145 (328 24 232 ) (328 24 224 ) (416 24 224 ) (416 24 232 ) 
4 146 (416 8 224 ) (440 8 224 ) (440 8 232 ) (416 8 232 ) 
4 146 (416 24 232 ) (416 24 224 ) (416 8 224 ) (416 8 232 ) 
4 147 (424 40 208 ) (440 40 208 ) (440 16 208 ) (424 16 208 ) 
4 147 (416 16 208 ) (416 16 224 ) (416 40 224 ) (416 40 208 ) 
4 148 (424 16 208 ) (440 16 208 ) (440 8 208 ) (424 8 208 ) 
4 148 (416 16 208 ) (328 16 208 ) (328 16 224 ) (416 16 224 ) 
4 148 (440 8 208 ) (440 8 224 ) (328 8 224 ) (328 8 208 ) 
4 148 (416 8 224 ) (416 16 224 ) (328 16 224 ) (328 8 224 ) 
4 149 (304 40 208 ) (320 40 208 ) (320 8 208 ) (304 8 208 ) 
4 149 (304 8 232 ) (304 40 232 ) (0 40 232 ) (0 8 232 ) 
4 149 (328 24 232 ) (328 8 232 ) (328 8 224 ) (328 24 224 ) 
4 149 (328 16 224 ) (328 16 208 ) (328 40 208 ) (328 40 224 ) 
4 149 (0 8 208 ) (328 8 208 ) (328 8 232 ) (0 8 232 ) 
4 150 (448 0 200 ) (440 0 200 ) (440 392 200 ) (448 392 200 ) 
4 150 (440 192 200 ) (440 0 200 ) (440 0 208 ) (440 192 208 ) 
4 150 (964 512 208 ) (964 0 208 ) (964 0 200 ) (964 512 200 ) 
4 151 (424 256 200 ) (424 264 200 ) (440 264 200 ) (440 256 200 ) 
4 151 (432 376 200 ) (440 376 200 ) (440 360 200 ) (432 360 200 ) 
4 151 (424 384 200 ) (424 392 200 ) (440 392 200 ) (440 384 200 ) 
4 151 (424 496 200 ) (424 512 200 ) (432 512 200 ) (432 496 200 ) 
4 151 (424 376 200 ) (424 360 200 ) (424 360 208 ) (424 376 208 ) 
4 151 (424 512 200 ) (424 496 200 ) (424 496 208 ) (424 512 208 ) 
4 151 (424 384 208 ) (440 384 208 ) (440 392 208 ) (424 392 208 ) 
4 151 (424 448 208 ) (440 448 208 ) (440 456 208 ) (424 456 208 ) 
4 151 (424 504 208 ) (440 504 208 ) (440 512 208 ) (424 512 208 ) 
4 151 (424 192 208 ) (424 192 200 ) (440 192 200 ) (440 192 208 ) 
4 152 (0 496 200 ) (24 496 200 ) (24 496 208 ) (0 496 208 ) 
4 152 (24 504 208 ) (24 512 208 ) (0 512 208 ) (0 504 208 ) 
4 152 (24 512 208 ) (24 496 208 ) (24 496 200 ) (24 512 200 ) 
4 153 (304 496 200 ) (424 496 200 ) (424 488 200 ) (304 488 200 ) 
4 153 (304 376 200 ) (424 376 200 ) (424 376 208 ) (304 376 208 ) 
4 153 (304 384 208 ) (424 384 208 ) (424 392 208 ) (304 392 208 ) 
4 153 (304 448 208 ) (424 448 208 ) (424 456 208 ) (304 456 208 ) 
4 153 (304 496 208 ) (424 496 208 ) (424 496 200 ) (304 496 200 ) 
4 153 (304 496 208 ) (304 496 200 ) (304 376 200 ) (304 376 208 ) 
4 154 (0 352 200 ) (0 360 200 ) (184 360 200 ) (187.500015 352 200 ) 
4 154 (240.003723 232 208 ) (240.003723 232 200 ) (184.002045 360 200 ) (184.002045 360 208 ) 
4 154 (0 360 208 ) (184 360 208 ) (184 360 200 ) (0 360 200 ) 
4 154 (229.500031 256 208 ) (226 264 208 ) (0 264 208 ) (0 256 208 ) 
4 154 (201.500015 320 208 ) (198 328 208 ) (0 328 208 ) (0 320 208 ) 
4 155 (280 240 200 ) (280 232 200 ) (256 232 200 ) (256 240 200 ) 
4 155 (200 360 200 ) (208 360 200 ) (264 240 200 ) (256 240 200 ) 
4 155 (328 240 200 ) (328 232 200 ) (280 232 200 ) (280 240 200 ) 
4 155 (280 360 200 ) (328 360 200 ) (328 352 200 ) (280 352 200 ) 
4 155 (424 352 200 ) (424 232 200 ) (416 232 200 ) (416 352 200 ) 
4 155 (328 360 200 ) (424 360 200 ) (424 352 200 ) (328 352 200 ) 
4 155 (256 232 200 ) (320 232 200 ) (320 232 208 ) (256 232 208 ) 
3 155 (216 323.428589 208 ) (216 328 208 ) (214 328 208 ) 
4 155 (200 360 208 ) (424 360 208 ) (424 360 200 ) (200 360 200 ) 
4 155 (200.001038 360 208 ) (200.001038 360 200 ) (256 232 200 ) (256 232 208 ) 
4 156 (320 232 200 ) (328 232 200 ) (328 216 200 ) (320 216 200 ) 
4 156 (416 232 200 ) (424 232 200 ) (424 216 200 ) (416 216 200 ) 
4 156 (320 232 208 ) (320 232 200 ) (320 216 200 ) (320 216 208 ) 
4 157 (240 216 208 ) (240 216 200 ) (240 232 200 ) (240 232 208 ) 
4 158 (416 216 200 ) (424 216 200 ) (424 64 200 ) (416 64 200 ) 
4 158 (328 64 208 ) (328 64 200 ) (416 64 200 ) (416 64 208 ) 
4 158 (424 192 208 ) (424 64 208 ) (424 64 200 ) (424 192 200 ) 
4 159 (424 0 200 ) (416 0 200 ) (416 64 200 ) (424 64 200 ) 
4 159 (416 64 208 ) (416 64 200 ) (416 40 200 ) (416 40 208 ) 
4 159 (424 64 208 ) (424 0 208 ) (424 0 200 ) (424 64 200 ) 
4 159 (424 8 208 ) (416 8 208 ) (416 0 208 ) (424 0 208 ) 
4 160 (416 8 208 ) (328 8 208 ) (328 0 208 ) (416 0 208 ) 
4 160 (416 16 208 ) (416 40 208 ) (328 40 208 ) (328 16 208 ) 
4 160 (416 40 208 ) (416 40 200 ) (328 40 200 ) (328 40 208 ) 
4 161 (328 0 200 ) (320 0 200 ) (320 216 200 ) (328 216 200 ) 
4 161 (320 216 208 ) (320 216 200 ) (320 0 200 ) (320 0 208 ) 
4 161 (328 64 208 ) (328 40 208 ) (328 40 200 ) (328 64 200 ) 
4 161 (328 8 208 ) (320 8 208 ) (320 0 208 ) (328 0 208 ) 
4 162 (240 216 208 ) (304 216 208 ) (304 216 200 ) (240 216 200 ) 
4 162 (304 8 208 ) (0 8 208 ) (0 0 208 ) (304 0 208 ) 
4 162 (304 64 208 ) (304 72 208 ) (0 72 208 ) (0 64 208 ) 
4 162 (304 128 208 ) (304 136 208 ) (0 136 208 ) (0 128 208 ) 
4 162 (304 192 208 ) (304 200 208 ) (0 200 208 ) (0 192 208 ) 
4 162 (304 0 208 ) (304 0 200 ) (304 216 200 ) (304 216 208 ) 
4 163 (432 392 8 ) (440 392 8 ) (440 392 200 ) (432 392 200 ) 
4 163 (440 392 8 ) (448 392 8 ) (448 392 200 ) (440 392 200 ) 
4 163 (432 512 8 ) (432 496 8 ) (432 496 200 ) (432 512 200 ) 
4 163 (964 512 200 ) (964 392 200 ) (964 392 8 ) (964 512 8 ) 
4 164 (424 488 200 ) (424 496 200 ) (424 496 8 ) (424 488 8 ) 
4 164 (424 392 200 ) (424 392 8 ) (432 392 8 ) (432 392 200 ) 
4 164 (432 496 200 ) (432 496 8 ) (424 496 8 ) (424 496 200 ) 
4 165 (964 392 200 ) (964 0 200 ) (964 0 8 ) (964 392 8 ) 
4 165 (448 392 200 ) (448 392 8 ) (448 0 8 ) (448 0 200 ) 
4 166 (432 376 8 ) (440 376 8 ) (440 376 200 ) (432 376 200 ) 
4 166 (440 384 200 ) (440 376 200 ) (440 376 8 ) (440 384 8 ) 
4 166 (440 384 200 ) (440 384 8 ) (424 384 8 ) (424 384 200 ) 
4 167 (432 360 200 ) (432 360 8 ) (432 376 8 ) (432 376 200 ) 
4 168 (424 352 64 ) (424 352 8 ) (424 264 8 ) (424 264 64 ) 
4 168 (424 352 176 ) (424 352 64 ) (424 264 64 ) (424 264 176 ) 
4 168 (424 352 192 ) (424 352 176 ) (424 264 176 ) (424 264 192 ) 
4 168 (424 264 200 ) (424 352 200 ) (424 352 192 ) (424 264 192 ) 
4 168 (424 352 200 ) (424 360 200 ) (424 360 8 ) (424 352 8 ) 
4 168 (432 360 200 ) (440 360 200 ) (440 360 8 ) (432 360 8 ) 
4 168 (440 360 200 ) (440 264 200 ) (440 264 8 ) (440 360 8 ) 
4 168 (424 264 200 ) (424 264 8 ) (440 264 8 ) (440 264 200 ) 
4 169 (424 256 64 ) (424 256 8 ) (424 136 8 ) (424 136 64 ) 
4 169 (424 256 176 ) (424 256 64 ) (424 136 64 ) (424 136 176 ) 
4 169 (424 256 192 ) (424 256 176 ) (424 136 176 ) (424 136 192 ) 
4 169 (424 136 200 ) (424 256 200 ) (424 256 192 ) (424 136 192 ) 
4 169 (424 136 8 ) (424 192 8 ) (440 192 8 ) (440 136 8 ) 
4 169 (440 256 200 ) (440 256 8 ) (424 256 8 ) (424 256 200 ) 
4 169 (440 256 200 ) (440 136 200 ) (440 136 8 ) (440 256 8 ) 
4 169 (440 136 200 ) (440 192 200 ) (424 192 200 ) (424 136 200 ) 
4 169 (424 136 200 ) (424 136 8 ) (440 136 8 ) (440 136 200 ) 
4 170 (424 512 8 ) (424 512 0 ) (424 496 0 ) (424 496 8 ) 
4 170 (424 496 0 ) (424 488 0 ) (424 488 8 ) (424 496 8 ) 
4 170 (448 392 8 ) (440 392 8 ) (440 392 0 ) (448 392 0 ) 
4 170 (964 392 0 ) (964 512 0 ) (964 512 8 ) (964 392 8 ) 
4 170 (432 496 8 ) (432 512 8 ) (424 512 8 ) (424 496 8 ) 
4 171 (964 0 0 ) (964 392 0 ) (964 392 8 ) (964 0 8 ) 
4 171 (448 392 8 ) (448 392 0 ) (448 0 0 ) (448 0 8 ) 
4 172 (424 352 0 ) (424 192 0 ) (424 192 8 ) (424 352 8 ) 
4 172 (424 360 0 ) (424 352 0 ) (424 352 8 ) (424 360 8 ) 
4 172 (424 376 0 ) (424 360 0 ) (424 360 8 ) (424 376 8 ) 
4 172 (440 256 8 ) (440 264 8 ) (424 264 8 ) (424 256 8 ) 
4 172 (432 360 8 ) (440 360 8 ) (440 376 8 ) (432 376 8 ) 
4 172 (440 384 8 ) (440 392 8 ) (424 392 8 ) (424 384 8 ) 
4 172 (440 192 8 ) (440 192 0 ) (440 392 0 ) (440 392 8 ) 
4 172 (440 192 0 ) (440 192 8 ) (424 192 8 ) (424 192 0 ) 
4 173 (368 512 8 ) (368 496 8 ) (368 496 200 ) (368 512 200 ) 
4 173 (424 496 8 ) (368 496 8 ) (368 512 8 ) (424 512 8 ) 
4 173 (368 496 200 ) (424 496 200 ) (424 512 200 ) (368 512 200 ) 
4 173 (424 496 8 ) (424 512 8 ) (424 512 200 ) (424 496 200 ) 
4 173 (368 496 8 ) (424 496 8 ) (424 496 200 ) (368 496 200 ) 
4 174 (304 496 200 ) (304 512 200 ) (304 512 8 ) (304 496 8 ) 
4 174 (304 496 200 ) (304 496 8 ) (360 496 8 ) (360 496 200 ) 
4 174 (304 496 200 ) (360 496 200 ) (360 512 200 ) (304 512 200 ) 
4 174 (360 496 8 ) (304 496 8 ) (304 512 8 ) (360 512 8 ) 
4 174 (360 512 200 ) (360 496 200 ) (360 496 8 ) (360 512 8 ) 
4 175 (328 376 200 ) (320 376 200 ) (320 376 8 ) (328 376 8 ) 
4 175 (392 376 200 ) (384 376 200 ) (384 376 8 ) (392 376 8 ) 
4 175 (304 376 0 ) (424 376 0 ) (424 376 8 ) (304 376 8 ) 
4 175 (304 400 200 ) (304 408 200 ) (304 408 8 ) (304 400 8 ) 
4 175 (304 464 200 ) (304 472 200 ) (304 472 8 ) (304 464 8 ) 
4 175 (304 376 0 ) (304 376 8 ) (304 488 8 ) (304 488 0 ) 
4 175 (424 488 200 ) (424 488 0 ) (304 488 0 ) (304 488 200 ) 
4 175 (424 384 8 ) (424 392 8 ) (424 392 200 ) (424 384 200 ) 
4 176 (296 512 200 ) (296 496 200 ) (296 496 8 ) (296 512 8 ) 
4 176 (240 496 8 ) (296 496 8 ) (296 496 200 ) (240 496 200 ) 
4 176 (240 496 200 ) (296 496 200 ) (296 512 200 ) (240 512 200 ) 
4 176 (296 496 8 ) (240 496 8 ) (240 512 8 ) (296 512 8 ) 
4 176 (240 512 8 ) (240 496 8 ) (240 496 200 ) (240 512 200 ) 
4 177 (176 496 8 ) (232 496 8 ) (232 496 200 ) (176 496 200 ) 
4 177 (176 496 200 ) (232 496 200 ) (232 512 200 ) (176 512 200 ) 
4 177 (232 496 8 ) (176 496 8 ) (176 512 8 ) (232 512 8 ) 
4 177 (232 512 200 ) (232 496 200 ) (232 496 8 ) (232 512 8 ) 
4 177 (176 512 8 ) (176 496 8 ) (176 496 200 ) (176 512 200 ) 
4 178 (112 512 8 ) (112 496 8 ) (112 496 200 ) (112 512 200 ) 
4 178 (168 512 200 ) (168 496 200 ) (168 496 8 ) (168 512 8 ) 
4 178 (168 496 8 ) (112 496 8 ) (112 512 8 ) (168 512 8 ) 
4 178 (112 496 200 ) (168 496 200 ) (168 512 200 ) (112 512 200 ) 
4 178 (112 496 8 ) (168 496 8 ) (168 496 200 ) (112 496 200 ) 
4 179 (32 512 8 ) (32 496 8 ) (32 496 200 ) (32 512 200 ) 
4 179 (104 496 8 ) (32 496 8 ) (32 512 8 ) (104 512 8 ) 
4 179 (32 496 200 ) (104 496 200 ) (104 512 200 ) (32 512 200 ) 
4 179 (32 496 8 ) (104 496 8 ) (104 496 200 ) (32 496 200 ) 
4 179 (104 512 200 ) (104 496 200 ) (104 496 8 ) (104 512 8 ) 
4 180 (24 496 8 ) (24 512 8 ) (24 512 200 ) (24 496 200 ) 
4 180 (24 496 8 ) (24 496 0 ) (24 512 0 ) (24 512 8 ) 
4 180 (16 496 200 ) (16 496 0 ) (24 496 0 ) (24 496 200 ) 
4 181 (16 496 0 ) (16 496 200 ) (16 488 200 ) (16 488 0 ) 
4 181 (16 488 200 ) (16 496 200 ) (0 496 200 ) (0 488 200 ) 
4 182 (288 472 200 ) (288 472 8 ) (304 472 8 ) (304 472 200 ) 
4 182 (288 488 200 ) (288 488 8 ) (288 472 8 ) (288 472 200 ) 
4 182 (288 472 200 ) (304 472 200 ) (304 488 200 ) (288 488 200 ) 
4 182 (288 488 8 ) (288 488 200 ) (304 488 200 ) (304 488 8 ) 
4 182 (288 488 8 ) (304 488 8 ) (304 472 8 ) (288 472 8 ) 
4 183 (304 464 200 ) (304 464 8 ) (288 464 8 ) (288 464 200 ) 
4 183 (304 464 8 ) (304 408 8 ) (288 408 8 ) (288 464 8 ) 
4 183 (288 464 200 ) (288 408 200 ) (304 408 200 ) (304 464 200 ) 
4 183 (288 464 8 ) (288 408 8 ) (288 408 200 ) (288 464 200 ) 
4 183 (288 408 200 ) (288 408 8 ) (304 408 8 ) (304 408 200 ) 
4 184 (304 400 200 ) (304 400 8 ) (288 400 8 ) (288 400 200 ) 
4 184 (304 400 8 ) (304 376 8 ) (288 376 8 ) (288 400 8 ) 
4 184 (288 400 200 ) (288 376 200 ) (304 376 200 ) (304 400 200 ) 
4 184 (288 400 8 ) (288 376 8 ) (288 376 200 ) (288 400 200 ) 
4 185 (200 384 0 ) (200 376 0 ) (200 376 200 ) (200 384 200 ) 
4 185 (280 376 200 ) (280 376 8 ) (280 488 8 ) (280 488 200 ) 
4 185 (280 376 8 ) (280 376 0 ) (280 488 0 ) (280 488 8 ) 
4 185 (200 488 200 ) (280 488 200 ) (280 488 0 ) (200 488 0 ) 
4 185 (200 376 200 ) (280 376 200 ) (280 488 200 ) (200 488 200 ) 
4 186 (16 488 200 ) (24 488 200 ) (24 488 0 ) (16 488 0 ) 
4 186 (24 488 200 ) (200 488 200 ) (200 488 0 ) (24 488 0 ) 
4 186 (200 384 200 ) (200 488 200 ) (0 488 200 ) (0 384 200 ) 
4 186 (0 384 0 ) (200 384 0 ) (200 384 200 ) (0 384 200 ) 
4 187 (424 360 8 ) (424 360 200 ) (392 360 200 ) (392 360 8 ) 
4 187 (424 360 8 ) (392 360 8 ) (392 376 8 ) (424 376 8 ) 
4 187 (392 360 200 ) (424 360 200 ) (424 376 200 ) (392 376 200 ) 
4 187 (392 376 200 ) (392 376 8 ) (392 360 8 ) (392 360 200 ) 
4 188 (384 360 200 ) (328 360 200 ) (328 360 8 ) (384 360 8 ) 
4 188 (328 376 200 ) (328 376 8 ) (328 360 8 ) (328 360 200 ) 
4 188 (384 360 200 ) (384 360 8 ) (384 376 8 ) (384 376 200 ) 
4 188 (328 360 200 ) (384 360 200 ) (384 376 200 ) (328 376 200 ) 
4 188 (384 360 8 ) (328 360 8 ) (328 376 8 ) (384 376 8 ) 
4 189 (320 360 200 ) (288 360 200 ) (288 360 8 ) (320 360 8 ) 
4 189 (288 376 200 ) (288 376 8 ) (288 360 8 ) (288 360 200 ) 
4 189 (288 360 200 ) (320 360 200 ) (320 376 200 ) (288 376 200 ) 
4 189 (320 360 8 ) (288 360 8 ) (288 376 8 ) (320 376 8 ) 
4 189 (320 360 200 ) (320 360 8 ) (320 376 8 ) (320 376 200 ) 
4 190 (200 360 0 ) (280 360 0 ) (280 360 16 ) (200 360 16 ) 
4 190 (208 360 200 ) (200 360 200 ) (200 360 16 ) (208 360 16 ) 
4 190 (280 360 200 ) (280 360 0 ) (280 376 0 ) (280 376 200 ) 
4 190 (200 376 200 ) (200 376 0 ) (200 360 0 ) (200 360 200 ) 
4 190 (200 360 200 ) (280 360 200 ) (280 376 200 ) (200 376 200 ) 
4 191 (328 64 200 ) (328 232 200 ) (328 232 192 ) (328 64 192 ) 
4 191 (328 232 200 ) (328 240 200 ) (328 240 192 ) (328 232 192 ) 
4 191 (328 64 192 ) (328 80 192 ) (416 80 192 ) (416 64 192 ) 
4 191 (416 352 200 ) (416 352 192 ) (328 352 192 ) (328 352 200 ) 
4 191 (416 64 200 ) (416 64 192 ) (416 352 192 ) (416 352 200 ) 
4 191 (328 64 200 ) (328 64 192 ) (416 64 192 ) (416 64 200 ) 
4 192 (328 0 192 ) (328 0 200 ) (328 40 200 ) (328 40 192 ) 
4 192 (416 40 200 ) (416 40 192 ) (328 40 192 ) (328 40 200 ) 
4 192 (416 40 200 ) (416 0 200 ) (416 0 192 ) (416 40 192 ) 
4 193 (328 80 192 ) (328 232 192 ) (328 232 176 ) (328 80 176 ) 
4 193 (328 232 192 ) (328 240 192 ) (328 240 176 ) (328 232 176 ) 
4 193 (328 80 176 ) (328 96 176 ) (416 96 176 ) (416 80 176 ) 
4 193 (416 352 192 ) (416 352 176 ) (328 352 176 ) (328 352 192 ) 
4 193 (416 352 192 ) (416 80 192 ) (416 80 176 ) (416 352 176 ) 
4 193 (328 80 176 ) (416 80 176 ) (416 80 192 ) (328 80 192 ) 
4 194 (328 0 176 ) (328 0 192 ) (328 56 192 ) (328 56 176 ) 
4 194 (328 56 192 ) (416 56 192 ) (416 56 176 ) (328 56 176 ) 
4 194 (416 56 192 ) (416 0 192 ) (416 0 176 ) (416 56 176 ) 
4 194 (416 40 192 ) (416 56 192 ) (328 56 192 ) (328 40 192 ) 
4 195 (328 168 176 ) (328 232 176 ) (328 232 112 ) (328 168 112 ) 
4 195 (328 232 176 ) (328 240 176 ) (328 240 112 ) (328 232 112 ) 
4 195 (328 168 112 ) (328 192 112 ) (416 192 112 ) (416 168 112 ) 
4 195 (328 168 112 ) (416 168 112 ) (416 168 128 ) (328 168 128 ) 
4 195 (416 168 112 ) (416 352 112 ) (416 352 176 ) (416 168 176 ) 
4 195 (416 352 176 ) (416 352 112 ) (328 352 112 ) (328 352 176 ) 
4 196 (328 144 176 ) (328 168 176 ) (328 168 128 ) (328 144 128 ) 
4 196 (416 144 128 ) (416 144 144 ) (328 144 144 ) (328 144 128 ) 
4 196 (416 144 128 ) (416 168 128 ) (416 168 176 ) (416 144 176 ) 
4 196 (416 144 128 ) (328 144 128 ) (328 168 128 ) (416 168 128 ) 
4 197 (328 232 96 ) (328 192 96 ) (328 192 112 ) (328 232 112 ) 
4 197 (328 240 96 ) (328 232 96 ) (328 232 112 ) (328 240 112 ) 
4 197 (328 192 96 ) (328 216 96 ) (416 216 96 ) (416 192 96 ) 
4 197 (416 352 112 ) (416 352 96 ) (328 352 96 ) (328 352 112 ) 
4 197 (416 192 112 ) (416 192 96 ) (416 352 96 ) (416 352 112 ) 
4 197 (328 192 96 ) (416 192 96 ) (416 192 112 ) (328 192 112 ) 
4 198 (328 168 96 ) (328 144 96 ) (328 144 112 ) (328 168 112 ) 
4 198 (328 168 112 ) (416 168 112 ) (416 168 96 ) (328 168 96 ) 
4 198 (416 168 112 ) (416 144 112 ) (416 144 96 ) (416 168 96 ) 
4 198 (416 168 112 ) (328 168 112 ) (328 144 112 ) (416 144 112 ) 
4 199 (328 120 176 ) (328 144 176 ) (328 144 144 ) (328 120 144 ) 
4 199 (416 120 144 ) (416 120 160 ) (328 120 160 ) (328 120 144 ) 
4 199 (416 120 144 ) (328 120 144 ) (328 144 144 ) (416 144 144 ) 
4 199 (416 120 144 ) (416 144 144 ) (416 144 176 ) (416 120 176 ) 
4 200 (328 144 128 ) (328 144 96 ) (328 120 96 ) (328 120 128 ) 
4 200 (328 144 112 ) (328 144 128 ) (416 144 128 ) (416 144 112 ) 
4 200 (416 120 128 ) (416 120 96 ) (416 144 96 ) (416 144 128 ) 
4 200 (416 144 128 ) (328 144 128 ) (328 120 128 ) (416 120 128 ) 
4 201 (328 232 80 ) (328 216 80 ) (328 216 96 ) (328 232 96 ) 
4 201 (328 240 80 ) (328 232 80 ) (328 232 96 ) (328 240 96 ) 
4 201 (328 216 80 ) (328 240 80 ) (416 240 80 ) (416 216 80 ) 
4 201 (416 352 96 ) (416 352 80 ) (328 352 80 ) (328 352 96 ) 
4 201 (416 216 96 ) (416 216 80 ) (416 352 80 ) (416 352 96 ) 
4 201 (328 216 80 ) (416 216 80 ) (416 216 96 ) (328 216 96 ) 
4 202 (328 192 80 ) (328 120 80 ) (328 120 96 ) (328 192 96 ) 
4 202 (328 192 96 ) (416 192 96 ) (416 192 80 ) (328 192 80 ) 
4 202 (416 192 96 ) (416 120 96 ) (416 120 80 ) (416 192 80 ) 
4 202 (416 168 96 ) (416 192 96 ) (328 192 96 ) (328 168 96 ) 
4 203 (328 96 176 ) (328 120 176 ) (328 120 160 ) (328 96 160 ) 
4 203 (416 96 160 ) (416 96 176 ) (328 96 176 ) (328 96 160 ) 
4 203 (416 96 160 ) (328 96 160 ) (328 120 160 ) (416 120 160 ) 
4 203 (416 120 160 ) (416 120 176 ) (416 96 176 ) (416 96 160 ) 
4 204 (328 120 144 ) (328 120 80 ) (328 96 80 ) (328 96 144 ) 
4 204 (328 120 128 ) (328 120 144 ) (416 120 144 ) (416 120 128 ) 
4 204 (416 120 80 ) (416 120 144 ) (416 96 144 ) (416 96 80 ) 
4 204 (416 120 144 ) (328 120 144 ) (328 96 144 ) (416 96 144 ) 
4 205 (328 240 64 ) (328 352 64 ) (416 352 64 ) (416 240 64 ) 
4 205 (416 352 80 ) (416 352 64 ) (328 352 64 ) (328 352 80 ) 
4 205 (416 352 80 ) (416 240 80 ) (416 240 64 ) (416 352 64 ) 
4 205 (328 240 64 ) (416 240 64 ) (416 240 80 ) (328 240 80 ) 
4 206 (328 216 64 ) (328 96 64 ) (328 96 80 ) (328 216 80 ) 
4 206 (328 216 80 ) (416 216 80 ) (416 216 64 ) (328 216 64 ) 
4 206 (416 216 80 ) (416 96 80 ) (416 96 64 ) (416 216 64 ) 
4 206 (416 192 80 ) (416 216 80 ) (328 216 80 ) (328 192 80 ) 
4 207 (328 0 160 ) (328 0 176 ) (328 72 176 ) (328 72 160 ) 
4 207 (416 72 160 ) (416 72 176 ) (416 0 176 ) (416 0 160 ) 
4 207 (416 56 176 ) (416 72 176 ) (328 72 176 ) (328 56 176 ) 
4 207 (328 72 176 ) (416 72 176 ) (416 72 160 ) (328 72 160 ) 
4 208 (328 0 64 ) (328 0 160 ) (328 96 160 ) (328 96 64 ) 
4 208 (416 72 160 ) (416 96 160 ) (328 96 160 ) (328 72 160 ) 
4 208 (416 96 160 ) (416 0 160 ) (416 0 64 ) (416 96 64 ) 
4 208 (328 96 144 ) (328 96 160 ) (416 96 160 ) (416 96 144 ) 
4 209 (328 0 48 ) (328 0 64 ) (328 232 64 ) (328 232 48 ) 
4 209 (328 232 64 ) (328 240 64 ) (328 240 48 ) (328 232 48 ) 
4 209 (416 216 64 ) (416 240 64 ) (328 240 64 ) (328 216 64 ) 
4 209 (416 0 48 ) (416 240 48 ) (416 240 64 ) (416 0 64 ) 
4 209 (328 240 64 ) (416 240 64 ) (416 240 48 ) (328 240 48 ) 
4 210 (328 216 0 ) (328 0 0 ) (328 0 8 ) (328 216 8 ) 
4 210 (328 232 0 ) (328 216 0 ) (328 216 8 ) (328 232 8 ) 
4 210 (328 0 8 ) (328 0 48 ) (328 232 48 ) (328 232 8 ) 
4 210 (328 240 32 ) (328 240 48 ) (328 352 48 ) (328 352 32 ) 
4 210 (328 240 0 ) (328 232 0 ) (328 232 48 ) (328 240 48 ) 
4 210 (416 240 48 ) (416 352 48 ) (328 352 48 ) (328 240 48 ) 
4 210 (416 0 48 ) (416 0 0 ) (416 352 0 ) (416 352 48 ) 
4 210 (416 352 48 ) (416 352 0 ) (328 352 0 ) (328 352 48 ) 
4 211 (328 240 48 ) (328 240 200 ) (304 240 200 ) (304 240 48 ) 
4 211 (328 240 48 ) (328 352 48 ) (328 352 64 ) (328 240 64 ) 
4 211 (304 352 48 ) (304 352 200 ) (328 352 200 ) (328 352 48 ) 
4 211 (328 240 48 ) (304 240 48 ) (304 352 48 ) (328 352 48 ) 
4 212 (304 240 32 ) (280 240 32 ) (280 352 32 ) (304 352 32 ) 
4 212 (304 240 48 ) (304 240 32 ) (304 352 32 ) (304 352 48 ) 
4 212 (304 352 200 ) (304 352 32 ) (280 352 32 ) (280 352 200 ) 
4 212 (280 240 200 ) (280 240 32 ) (304 240 32 ) (304 240 200 ) 
4 213 (304 240 16 ) (304 240 32 ) (304 352 32 ) (304 352 16 ) 
4 213 (304 352 32 ) (328 352 32 ) (328 352 0 ) (304 352 0 ) 
4 213 (304 240 0 ) (328 240 0 ) (328 240 32 ) (304 240 32 ) 
4 213 (328 352 32 ) (304 352 32 ) (304 240 32 ) (328 240 32 ) 
4 214 (280 352 0 ) (280 240 0 ) (280 240 16 ) (280 352 16 ) 
4 214 (280 240 16 ) (280 240 0 ) (304 240 0 ) (304 240 16 ) 
4 214 (304 352 16 ) (304 352 0 ) (280 352 0 ) (280 352 16 ) 
4 214 (280 240 16 ) (304 240 16 ) (304 352 16 ) (280 352 16 ) 
4 215 (256.004395 240 200 ) (256.004395 240 16 ) (200.004395 360 16 ) (200.004395 360 200 ) 
4 216 (264 240 16 ) (280 240 16 ) (280 240 200 ) (264 240 200 ) 
4 216 (280 240 16 ) (264 240 16 ) (208 360 16 ) (280 360 16 ) 
4 216 (280 352 200 ) (280 352 16 ) (280 360 16 ) (280 360 200 ) 
4 216 (280 352 16 ) (280 352 32 ) (280 240 32 ) (280 240 16 ) 
4 216 (207.998016 360 200 ) (207.998016 360 16 ) (263.998016 240 16 ) (263.998016 240 200 ) 
4 217 (203.503296 352 0 ) (252.502731 240 0 ) (252.502731 240 8 ) (203.503296 352 8 ) 
4 217 (200.003342 360 8 ) (200.003342 360 0 ) (203.503296 352 0 ) (203.503296 352 8 ) 
4 217 (200 360 0 ) (200 360 16 ) (256.001068 240 16 ) (256.001068 240 0 ) 
4 218 (252.502731 240 0 ) (256.002686 232 0 ) (256.002686 232 8 ) (252.502731 240 8 ) 
4 218 (256 232 200 ) (256 232 0 ) (256 240 0 ) (256 240 200 ) 
3 219 (200 359.991486 8 ) (203.496338 352 8 ) (200 352 8 ) 
3 219 (200 352 200 ) (203.500000 352 200 ) (200 360 200 ) 
4 219 (200 360 200 ) (200 360 8 ) (200 352 8 ) (200 352 200 ) 
4 220 (203.496338 352 8 ) (255.997330 232 8 ) (240 232 8 ) (187.500015 352 8 ) 
4 220 (0 352 200 ) (200 352 200 ) (200 352 8 ) (0 352 8 ) 
4 220 (187.500015 352 200 ) (240 232 200 ) (256 232 200 ) (203.500000 352 200 ) 
4 221 (0 352 8 ) (187.500015 352 8 ) (187.500015 352 0 ) (0 352 0 ) 
4 221 (187.502945 352 0 ) (187.502945 352 8 ) (240.002945 232 8 ) (240.002945 232 0 ) 
4 222 (320 216 8 ) (320 0 8 ) (304 0 8 ) (304 216 8 ) 
4 222 (240 232 8 ) (320 232 8 ) (320 216 8 ) (240 216 8 ) 
4 222 (256 232 8 ) (256 232 200 ) (280 232 200 ) (280 232 8 ) 
4 222 (320 232 8 ) (280 232 8 ) (280 232 200 ) (320 232 200 ) 
4 222 (320 216 200 ) (304 216 200 ) (304 0 200 ) (320 0 200 ) 
4 222 (240 216 200 ) (320 216 200 ) (320 232 200 ) (240 232 200 ) 
4 222 (320 0 200 ) (320 0 8 ) (320 232 8 ) (320 232 200 ) 
4 223 (240 232 0 ) (240 232 8 ) (240 216 8 ) (240 216 0 ) 
4 224 (240 216 8 ) (304 216 8 ) (304 216 0 ) (240 216 0 ) 
4 224 (304 0 8 ) (304 0 0 ) (304 216 0 ) (304 216 8 ) 
4 225 (964 0 -512 ) (0 0 -512 ) (0 1024 -512 ) (964 1024 -512 ) 
4 225 (328 216 0 ) (304 216 0 ) (304 0 0 ) (328 0 0 ) 
4 225 (240 216 0 ) (328 216 0 ) (328 232 0 ) (240 232 0 ) 
4 225 (240 232 0 ) (256 232 0 ) (203.500015 352 0 ) (187.500031 352 0 ) 
4 225 (203.500015 352 0 ) (200 360 0 ) (0 360 0 ) (0 352 0 ) 
4 225 (256 240 0 ) (256 232 0 ) (280 232 0 ) (280 240 0 ) 
4 225 (256 240 0 ) (280 240 0 ) (280 360 0 ) (200 360 0 ) 
4 225 (280 240 0 ) (280 232 0 ) (328 232 0 ) (328 240 0 ) 
4 225 (280 352 0 ) (328 352 0 ) (328 360 0 ) (280 360 0 ) 
4 225 (424 352 0 ) (416 352 0 ) (416 0 0 ) (424 0 0 ) 
4 225 (424 352 0 ) (424 360 0 ) (328 360 0 ) (328 352 0 ) 
4 225 (288 360 0 ) (424 360 0 ) (424 376 0 ) (288 376 0 ) 
4 225 (280 360 0 ) (288 360 0 ) (288 376 0 ) (280 376 0 ) 
4 225 (200 360 0 ) (200 376 0 ) (0 376 0 ) (0 360 0 ) 
4 225 (200 376 0 ) (200 384 0 ) (0 384 0 ) (0 376 0 ) 
4 225 (280 376 0 ) (304 376 0 ) (304 488 0 ) (280 488 0 ) 
4 225 (16 496 0 ) (16 488 0 ) (24 488 0 ) (24 496 0 ) 
4 225 (24 496 0 ) (304 496 0 ) (304 512 0 ) (24 512 0 ) 
4 225 (24 496 0 ) (24 488 0 ) (304 488 0 ) (304 496 0 ) 
4 225 (304 496 0 ) (424 496 0 ) (424 512 0 ) (304 512 0 ) 
4 225 (304 496 0 ) (304 488 0 ) (424 488 0 ) (424 496 0 ) 
4 225 (440 192 0 ) (424 192 0 ) (424 0 0 ) (440 0 0 ) 
4 225 (448 392 0 ) (440 392 0 ) (440 0 0 ) (448 0 0 ) 
4 225 (964 1024 0 ) (964 0 0 ) (964 0 -512 ) (964 1024 -512 ) 
4 226 (964 0 1660 ) (0 0 1660 ) (0 -1024 1660 ) (964 -1024 1660 ) 
4 226 (964 0 1660 ) (964 -1024 1660 ) (964 -1024 1024 ) (964 0 1024 ) 
4 227 (464 -256 464 ) (464 -256 448 ) (464 -264 448 ) (464 -264 464 ) 
4 227 (464 -248 464 ) (464 -248 448 ) (464 -256 448 ) (464 -256 464 ) 
4 227 (464 -192 464 ) (464 -192 448 ) (464 -200 448 ) (464 -200 464 ) 
4 227 (464 -184 464 ) (464 -184 448 ) (464 -192 448 ) (464 -192 464 ) 
4 227 (464 -128 464 ) (464 -128 448 ) (464 -136 448 ) (464 -136 464 ) 
4 227 (464 -120 464 ) (464 -120 448 ) (464 -128 448 ) (464 -128 464 ) 
4 227 (464 -64 464 ) (464 -64 448 ) (464 -72 448 ) (464 -72 464 ) 
4 227 (464 -56 464 ) (464 -56 448 ) (464 -64 448 ) (464 -64 464 ) 
4 227 (464 0 464 ) (464 0 448 ) (464 -8 448 ) (464 -8 464 ) 
4 227 (964 0 1024 ) (964 -504 1024 ) (964 -504 208 ) (964 0 208 ) 
4 228 (0 -8 448 ) (0 0 448 ) (144 0 448 ) (144 -8 448 ) 
4 228 (304 0 448 ) (320 0 448 ) (320 -8 448 ) (304 -8 448 ) 
4 228 (424 0 448 ) (440 0 448 ) (440 -8 448 ) (424 -8 448 ) 
4 228 (240 0 448 ) (256 0 448 ) (256 -8 448 ) (240 -8 448 ) 
4 228 (0 -8 496 ) (463.997894 -8 448 ) (463.997894 0 448 ) (0 0 496 ) 
4 229 (464 0 464 ) (348 0 476 ) (0 0 560 ) (0 0 576 ) 
4 229 (464 -8 464 ) (0 -8 512 ) (0 0 512 ) (464 0 464 ) 
4 230 (0 -16 448 ) (0 -8 448 ) (144 -8 448 ) (144 -16 448 ) 
4 230 (304 -48 448 ) (304 -56 448 ) (256 -56 448 ) (256 -48 448 ) 
4 230 (304 -8 448 ) (320 -8 448 ) (320 -56 448 ) (304 -56 448 ) 
4 230 (424 -8 448 ) (440 -8 448 ) (440 -56 448 ) (424 -56 448 ) 
4 230 (240 -8 448 ) (256 -8 448 ) (256 -56 448 ) (240 -56 448 ) 
4 230 (464 -56 448 ) (464 -56 464 ) (0 -56 576 ) (0 -56 560 ) 
4 230 (0 -8 496 ) (0 -8 512 ) (464 -8 464 ) (464 -8 448 ) 
4 231 (0 -56 576 ) (464 -56 464 ) (464 -64 464 ) (0 -64 576 ) 
4 232 (464 -64 448 ) (348 -64 476 ) (0 -64 512 ) (0 -64 496 ) 
4 232 (304 -64 448 ) (256 -64 448 ) (256 -56 448 ) (304 -56 448 ) 
4 232 (320 -64 448 ) (304 -64 448 ) (304 -56 448 ) (320 -56 448 ) 
4 232 (440 -64 448 ) (424 -64 448 ) (424 -56 448 ) (440 -56 448 ) 
4 232 (256 -64 448 ) (240 -64 448 ) (240 -56 448 ) (256 -56 448 ) 
4 232 (463.991058 -56 448 ) (0 -56 559.997864 ) (0 -64 559.997803 ) (463.991058 -64 448 ) 
4 233 (440 0 440 ) (440 -64 440 ) (440 -64 448 ) (440 0 448 ) 
4 234 (424 0 448 ) (424 -64 448 ) (424 -64 440 ) (424 0 440 ) 
4 234 (320 0 440 ) (320 -64 440 ) (320 -64 448 ) (320 0 448 ) 
4 235 (256 0 440 ) (256 -48 440 ) (256 -48 448 ) (256 0 448 ) 
4 235 (304 0 448 ) (304 -48 448 ) (304 -48 440 ) (304 0 440 ) 
4 235 (256 -48 448 ) (256 -48 440 ) (304 -48 440 ) (304 -48 448 ) 
4 236 (240 0 448 ) (240 -16 448 ) (240 -16 440 ) (240 0 440 ) 
4 236 (144 0 440 ) (144 -16 440 ) (144 -16 448 ) (144 0 448 ) 
4 237 (112 -64 440 ) (104 -64 440 ) (104 -48 440 ) (112 -48 440 ) 
4 237 (144 -64 440 ) (136 -64 440 ) (136 -48 440 ) (144 -48 440 ) 
4 237 (0 -16 448 ) (144 -16 448 ) (144 -16 440 ) (0 -16 440 ) 
4 237 (240 -16 448 ) (240 -64 448 ) (240 -64 440 ) (240 -16 440 ) 
4 238 (240 0 248 ) (256 0 248 ) (256 -16 248 ) (240 -16 248 ) 
4 238 (304 0 248 ) (320 0 248 ) (320 -16 248 ) (304 -16 248 ) 
4 238 (424 0 248 ) (440 0 248 ) (440 -16 248 ) (424 -16 248 ) 
4 238 (424 0 440 ) (440 0 440 ) (440 0 248 ) (424 0 248 ) 
4 238 (256 -16 440 ) (256 0 440 ) (240 0 440 ) (240 -16 440 ) 
4 238 (440 -16 440 ) (440 0 440 ) (424 0 440 ) (424 -16 440 ) 
4 238 (320 -16 440 ) (320 0 440 ) (304 0 440 ) (304 -16 440 ) 
4 238 (144 0 248 ) (144 -16 248 ) (144 -16 440 ) (144 0 440 ) 
4 239 (112 0 248 ) (128 0 248 ) (128 -16 248 ) (112 -16 248 ) 
4 239 (128 0 248 ) (136 0 248 ) (136 -16 248 ) (128 -16 248 ) 
4 239 (112 0 248 ) (112 -16 248 ) (112 -16 440 ) (112 0 440 ) 
4 239 (112 -16 440 ) (136 -16 440 ) (136 0 440 ) (112 0 440 ) 
4 239 (136 0 440 ) (136 -16 440 ) (136 -16 248 ) (136 0 248 ) 
4 240 (48 0 248 ) (104 0 248 ) (104 -16 248 ) (48 -16 248 ) 
4 240 (48 0 248 ) (48 -16 248 ) (48 -16 440 ) (48 0 440 ) 
4 240 (48 -16 440 ) (104 -16 440 ) (104 0 440 ) (48 0 440 ) 
4 240 (104 0 440 ) (104 -16 440 ) (104 -16 248 ) (104 0 248 ) 
4 241 (0 0 248 ) (40 0 248 ) (40 -16 248 ) (0 -16 248 ) 
4 241 (40 -16 440 ) (40 0 440 ) (0 0 440 ) (0 -16 440 ) 
4 241 (40 0 440 ) (40 -16 440 ) (40 -16 248 ) (40 0 248 ) 
4 242 (144 -48 248 ) (128 -48 248 ) (128 -16 248 ) (144 -16 248 ) 
4 242 (256 -48 248 ) (240 -48 248 ) (240 -16 248 ) (256 -16 248 ) 
4 242 (320 -48 248 ) (304 -48 248 ) (304 -16 248 ) (320 -16 248 ) 
4 242 (440 -48 248 ) (424 -48 248 ) (424 -16 248 ) (440 -16 248 ) 
4 242 (104 -48 248 ) (112 -48 248 ) (112 -48 440 ) (104 -48 440 ) 
4 242 (136 -48 248 ) (144 -48 248 ) (144 -48 440 ) (136 -48 440 ) 
4 242 (312 -48 248 ) (320 -48 248 ) (320 -48 440 ) (312 -48 440 ) 
4 242 (240 -48 248 ) (248 -48 248 ) (248 -48 440 ) (240 -48 440 ) 
4 242 (40 -16 440 ) (48 -16 440 ) (48 -16 248 ) (40 -16 248 ) 
4 242 (104 -16 440 ) (112 -16 440 ) (112 -16 248 ) (104 -16 248 ) 
4 242 (136 -16 440 ) (144 -16 440 ) (144 -16 248 ) (136 -16 248 ) 
4 242 (320 -48 440 ) (320 -16 440 ) (304 -16 440 ) (304 -48 440 ) 
4 242 (440 -48 440 ) (440 -16 440 ) (424 -16 440 ) (424 -48 440 ) 
4 242 (256 -48 440 ) (256 -16 440 ) (240 -16 440 ) (240 -48 440 ) 
4 243 (440 -56 248 ) (440 -64 248 ) (440 -64 440 ) (440 -56 440 ) 
4 244 (424 -56 248 ) (424 -48 248 ) (440 -48 248 ) (440 -56 248 ) 
4 244 (440 -56 440 ) (440 -48 440 ) (424 -48 440 ) (424 -56 440 ) 
4 244 (424 -56 440 ) (424 -56 248 ) (440 -56 248 ) (440 -56 440 ) 
4 245 (424 -56 440 ) (424 -64 440 ) (424 -64 248 ) (424 -56 248 ) 
4 245 (320 -48 440 ) (320 -48 248 ) (320 -64 248 ) (320 -64 440 ) 
4 246 (312 -64 248 ) (248 -64 248 ) (248 -48 248 ) (312 -48 248 ) 
4 246 (312 -64 440 ) (312 -64 248 ) (312 -48 248 ) (312 -48 440 ) 
4 246 (304 -48 440 ) (256 -48 440 ) (256 -64 440 ) (304 -64 440 ) 
4 246 (312 -48 440 ) (304 -48 440 ) (304 -64 440 ) (312 -64 440 ) 
4 246 (256 -48 440 ) (248 -48 440 ) (248 -64 440 ) (256 -64 440 ) 
4 246 (248 -48 440 ) (248 -48 248 ) (248 -64 248 ) (248 -64 440 ) 
4 247 (240 -64 440 ) (240 -64 248 ) (240 -48 248 ) (240 -48 440 ) 
4 247 (144 -48 440 ) (144 -48 248 ) (144 -64 248 ) (144 -64 440 ) 
4 248 (128 -64 248 ) (112 -64 248 ) (112 -48 248 ) (128 -48 248 ) 
4 248 (136 -64 248 ) (128 -64 248 ) (128 -48 248 ) (136 -48 248 ) 
4 248 (112 -48 440 ) (112 -48 248 ) (112 -64 248 ) (112 -64 440 ) 
4 248 (136 -64 440 ) (136 -64 248 ) (136 -48 248 ) (136 -48 440 ) 
4 249 (104 -64 440 ) (104 -64 248 ) (104 -48 248 ) (104 -48 440 ) 
4 250 (424 -64 448 ) (440 -64 448 ) (440 -72 448 ) (424 -72 448 ) 
4 250 (0 -72 496 ) (463.997894 -72 448 ) (463.997894 -64 448 ) (0 -64 496 ) 
4 251 (348 -64 476 ) (0 -64 560 ) (0 -64 576 ) (464 -64 464 ) 
4 251 (464 -72 464 ) (0 -72 512 ) (0 -64 512 ) (464 -64 464 ) 
4 252 (424 -72 448 ) (440 -72 448 ) (440 -120 448 ) (424 -120 448 ) 
4 252 (464 -120 448 ) (464 -120 464 ) (0 -120 576 ) (0 -120 560 ) 
4 252 (0 -72 496 ) (0 -72 512 ) (464 -72 464 ) (464 -72 448 ) 
4 253 (464 -128 464 ) (0 -128 576 ) (0 -120 576 ) (464 -120 464 ) 
4 254 (424 -120 448 ) (440 -120 448 ) (440 -128 448 ) (424 -128 448 ) 
4 254 (464 -128 448 ) (348 -128 476 ) (0 -128 512 ) (0 -128 496 ) 
4 254 (463.991058 -120 448 ) (0 -120 559.997864 ) (0 -128 559.997803 ) (463.991058 -128 448 ) 
4 255 (424 -128 448 ) (440 -128 448 ) (440 -320 448 ) (424 -320 448 ) 
4 255 (0 -256 496 ) (0 -264 496 ) (463.997894 -264 448 ) (463.997894 -256 448 ) 
4 255 (0 -192 496 ) (0 -200 496 ) (463.997894 -200 448 ) (463.997894 -192 448 ) 
4 255 (463.997894 -128 448 ) (0 -128 496 ) (0 -136 496 ) (463.997894 -136 448 ) 
4 256 (348 -128 476 ) (0 -128 560 ) (0 -128 576 ) (464 -128 464 ) 
4 256 (464 -136 464 ) (0 -136 512 ) (0 -128 512 ) (464 -128 464 ) 
4 257 (464 -184 448 ) (464 -184 464 ) (0 -184 576 ) (0 -184 560 ) 
5 257 (0 -136 512 ) (464 -136 464 ) (464 -136 448 ) (463.921875 -136 448 ) (0 -136 495.991943 ) 
4 258 (464 -192 464 ) (0 -192 576 ) (0 -184 576 ) (464 -184 464 ) 
5 259 (0 -192 495.991943 ) (463.921875 -192 448 ) (464 -192 448 ) (348 -192 476 ) (0 -192 512 ) 
4 259 (463.991058 -184 448 ) (0 -184 559.998535 ) (0 -192 559.998352 ) (463.991058 -192 448 ) 
4 260 (348 -192 476 ) (0 -192 560 ) (0 -192 576 ) (464 -192 464 ) 
4 260 (464 -200 464 ) (0 -200 512 ) (0 -192 512 ) (464 -192 464 ) 
4 261 (464 -248 448 ) (464 -248 464 ) (0 -248 576 ) (0 -248 560 ) 
5 261 (0 -200 512 ) (464 -200 464 ) (464 -200 448 ) (463.921875 -200 448 ) (0 -200 495.991943 ) 
4 262 (464 -256 464 ) (0 -256 576 ) (0 -248 576 ) (464 -248 464 ) 
5 263 (0 -256 495.991943 ) (463.921875 -256 448 ) (464 -256 448 ) (348 -256 476 ) (0 -256 512 ) 
4 263 (463.991058 -248 448 ) (0 -248 559.998535 ) (0 -256 559.998352 ) (463.991058 -256 448 ) 
4 264 (348 -256 476 ) (0 -256 560 ) (0 -256 576 ) (464 -256 464 ) 
4 264 (464 -264 464 ) (0 -264 512 ) (0 -256 512 ) (464 -256 464 ) 
4 265 (0 -312 632.963562 ) (0 -312 616.456665 ) (406.768341 -312 471.849426 ) (408.440796 -312 487.761810 ) 
5 265 (0 -264 512 ) (464 -264 464 ) (464 -264 448 ) (463.921875 -264 448 ) (0 -264 495.991943 ) 
4 266 (406.768341 -320 471.849426 ) (294.330750 -320 511.821289 ) (0 -320 573.879456 ) (0 -320 557.614441 ) 
4 266 (406.768341 -312 471.849335 ) (0 -312 616.456543 ) (0 -320 616.453979 ) (406.768127 -320 471.847473 ) 
4 267 (408.441071 -312 487.761719 ) (406.768127 -312 471.844849 ) (406.768127 -320 471.844849 ) (408.441071 -320 487.761719 ) 
4 268 (0 -312 632.964905 ) (408.444336 -312 487.762268 ) (408.444336 -320 487.762268 ) (0 -320 632.965271 ) 
4 269 (424 -320 448 ) (440 -320 448 ) (440 -328 448 ) (424 -328 448 ) 
4 269 (408.441010 -320 487.761749 ) (406.768555 -320 471.849335 ) (406.769379 -328 471.849152 ) (408.441833 -328 487.761536 ) 
4 270 (0 -328 557.613953 ) (406.765991 -328 471.849518 ) (406.765991 -320 471.849518 ) (0 -320 557.614075 ) 
4 271 (408.440796 -320 487.761810 ) (294.330719 -320 511.821289 ) (0 -320 616.456604 ) (0 -320 632.963562 ) 
4 271 (0 -320 573.879700 ) (408.438263 -320 487.762665 ) (408.438263 -328 487.762665 ) (0 -328 573.879822 ) 
4 272 (424 -328 448 ) (440 -328 448 ) (440 -376 448 ) (424 -376 448 ) 
4 272 (0 -376 645.550415 ) (0 -376 628.160461 ) (357.710815 -376 449.263031 ) (361.310028 -376 464.852966 ) 
4 272 (0 -328 557.614441 ) (0 -328 573.879456 ) (408.440826 -328 487.761749 ) (406.768372 -328 471.849365 ) 
4 273 (0 -384 588.600342 ) (0 -384 571.777649 ) (357.710876 -384 449.263000 ) (250.982391 -384 502.639771 ) 
4 273 (357.710205 -376 449.260284 ) (0 -376 628.157410 ) (0 -384 628.156616 ) (357.710236 -384 449.260284 ) 
4 274 (440 -384 448 ) (424 -384 448 ) (424 -376 448 ) (440 -376 448 ) 
4 274 (361.309418 -376 464.853241 ) (357.710571 -376 449.264954 ) (357.710571 -384 449.264954 ) (361.309418 -384 464.853241 ) 
4 275 (0 -376 645.549988 ) (361.311249 -376 464.851807 ) (361.311249 -384 464.851807 ) (0 -384 645.549866 ) 
4 276 (440 -64 440 ) (440 -384 440 ) (440 -384 448 ) (440 -64 448 ) 
4 277 (424 -64 448 ) (424 -384 448 ) (424 -384 440 ) (424 -64 440 ) 
4 277 (256 -64 440 ) (240 -64 440 ) (240 -64 448 ) (256 -64 448 ) 
4 277 (320 -64 440 ) (304 -64 440 ) (304 -64 448 ) (320 -64 448 ) 
4 277 (304 -64 440 ) (256 -64 440 ) (256 -64 448 ) (304 -64 448 ) 
4 278 (440 -320 440 ) (440 -312 440 ) (440 -312 248 ) (440 -320 248 ) 
4 278 (440 -256 440 ) (440 -248 440 ) (440 -248 248 ) (440 -256 248 ) 
4 278 (440 -192 440 ) (440 -184 440 ) (440 -184 248 ) (440 -192 248 ) 
4 278 (440 -128 440 ) (440 -120 440 ) (440 -120 248 ) (440 -128 248 ) 
4 278 (440 -384 248 ) (440 -384 440 ) (440 -376 440 ) (440 -376 248 ) 
4 279 (424 -120 248 ) (424 -64 248 ) (440 -64 248 ) (440 -120 248 ) 
4 279 (424 -64 440 ) (440 -64 440 ) (440 -64 248 ) (424 -64 248 ) 
4 279 (440 -120 440 ) (440 -64 440 ) (424 -64 440 ) (424 -120 440 ) 
4 279 (424 -120 440 ) (424 -120 248 ) (440 -120 248 ) (440 -120 440 ) 
4 280 (424 -184 248 ) (424 -128 248 ) (440 -128 248 ) (440 -184 248 ) 
4 280 (440 -184 440 ) (440 -128 440 ) (424 -128 440 ) (424 -184 440 ) 
4 280 (440 -128 440 ) (440 -128 248 ) (424 -128 248 ) (424 -128 440 ) 
4 280 (424 -184 440 ) (424 -184 248 ) (440 -184 248 ) (440 -184 440 ) 
4 281 (424 -248 248 ) (424 -192 248 ) (440 -192 248 ) (440 -248 248 ) 
4 281 (424 -248 440 ) (424 -248 248 ) (440 -248 248 ) (440 -248 440 ) 
4 281 (440 -248 440 ) (440 -192 440 ) (424 -192 440 ) (424 -248 440 ) 
4 281 (440 -192 440 ) (440 -192 248 ) (424 -192 248 ) (424 -192 440 ) 
4 282 (424 -312 248 ) (424 -256 248 ) (440 -256 248 ) (440 -312 248 ) 
4 282 (424 -312 440 ) (424 -312 248 ) (440 -312 248 ) (440 -312 440 ) 
4 282 (440 -312 440 ) (440 -256 440 ) (424 -256 440 ) (424 -312 440 ) 
4 282 (440 -256 440 ) (440 -256 248 ) (424 -256 248 ) (424 -256 440 ) 
4 283 (424 -376 248 ) (424 -320 248 ) (440 -320 248 ) (440 -376 248 ) 
4 283 (424 -376 440 ) (424 -376 248 ) (440 -376 248 ) (440 -376 440 ) 
4 283 (440 -376 440 ) (440 -320 440 ) (424 -320 440 ) (424 -376 440 ) 
4 283 (440 -320 440 ) (440 -320 248 ) (424 -320 248 ) (424 -320 440 ) 
4 284 (424 -320 248 ) (424 -312 248 ) (424 -312 440 ) (424 -320 440 ) 
4 284 (424 -256 248 ) (424 -248 248 ) (424 -248 440 ) (424 -256 440 ) 
4 284 (424 -192 248 ) (424 -184 248 ) (424 -184 440 ) (424 -192 440 ) 
4 284 (424 -128 248 ) (424 -120 248 ) (424 -120 440 ) (424 -128 440 ) 
4 284 (424 -376 248 ) (424 -376 440 ) (424 -384 440 ) (424 -384 248 ) 
4 284 (240 -64 440 ) (248 -64 440 ) (248 -64 248 ) (240 -64 248 ) 
4 284 (312 -64 440 ) (320 -64 440 ) (320 -64 248 ) (312 -64 248 ) 
4 284 (136 -64 440 ) (144 -64 440 ) (144 -64 248 ) (136 -64 248 ) 
4 284 (104 -64 440 ) (112 -64 440 ) (112 -64 248 ) (104 -64 248 ) 
4 285 (440 -440 248 ) (440 -448 248 ) (440 -448 440 ) (440 -440 440 ) 
4 285 (440 -384 448 ) (440 -384 440 ) (440 -448 440 ) (440 -448 448 ) 
4 286 (424 -448 448 ) (424 -384 448 ) (440 -384 448 ) (440 -448 448 ) 
4 287 (424 -440 248 ) (424 -384 248 ) (440 -384 248 ) (440 -440 248 ) 
4 287 (424 -384 440 ) (440 -384 440 ) (440 -384 248 ) (424 -384 248 ) 
4 287 (440 -440 440 ) (440 -384 440 ) (424 -384 440 ) (424 -440 440 ) 
4 287 (440 -440 248 ) (440 -440 440 ) (424 -440 440 ) (424 -440 248 ) 
4 288 (0 -392 571.777710 ) (357.710876 -392 449.263245 ) (357.710907 -384 449.263275 ) (0 -384 571.777954 ) 
4 289 (357.710571 -384 449.264954 ) (357.710571 -392 449.264954 ) (361.309387 -392 464.853180 ) (361.309387 -384 464.853180 ) 
4 289 (424 -392 448 ) (424 -392 440 ) (424 -384 440 ) (424 -384 448 ) 
4 290 (361.310028 -384 464.852966 ) (250.982346 -384 502.639801 ) (0 -384 628.160461 ) (0 -384 645.550415 ) 
4 290 (0 -384 588.601257 ) (361.317535 -384 464.851288 ) (361.317535 -392 464.851288 ) (0 -392 588.601196 ) 
4 291 (322.245758 -440 397.968140 ) (327.979645 -440 412.905457 ) (0 -440 638.913696 ) (0 -440 620.025330 ) 
4 291 (424 -392 448 ) (424 -440 448 ) (424 -440 440 ) (424 -392 440 ) 
4 291 (361.310059 -392 464.852966 ) (357.710815 -392 449.262970 ) (0 -392 571.777649 ) (0 -392 588.600281 ) 
4 292 (327.980804 -440 412.904633 ) (322.246918 -440 397.967346 ) (322.246124 -448 397.967896 ) (327.980042 -448 412.905182 ) 
4 292 (424 -440 448 ) (424 -448 448 ) (424 -448 440 ) (424 -440 440 ) 
4 292 (424 -440 440 ) (424 -448 440 ) (424 -448 248 ) (424 -440 248 ) 
4 293 (322.245758 -448 397.968140 ) (223.984863 -448 465.679016 ) (0 -448 579.343201 ) (0 -448 561.496155 ) 
4 293 (0 -448 620.027100 ) (322.246490 -448 397.967651 ) (322.246490 -440 397.967651 ) (0 -440 620.025330 ) 
4 294 (0 -440 638.907410 ) (327.978943 -440 412.900177 ) (327.978943 -448 412.900177 ) (0 -448 638.907959 ) 
4 295 (440 -448 448 ) (440 -448 440 ) (440 -488 440 ) (440 -488 448 ) 
4 296 (424 -488 448 ) (424 -448 448 ) (440 -448 448 ) (440 -488 448 ) 
4 297 (440 -488 248 ) (424 -488 248 ) (424 -448 248 ) (440 -448 248 ) 
4 297 (432 -488 248 ) (440 -488 248 ) (440 -488 440 ) (432 -488 440 ) 
4 297 (424 -448 440 ) (440 -448 440 ) (440 -448 248 ) (424 -448 248 ) 
4 297 (440 -488 440 ) (440 -448 440 ) (424 -448 440 ) (424 -488 440 ) 
4 298 (0 -456 561.497070 ) (322.246124 -456 397.969116 ) (322.246155 -448 397.969208 ) (0 -448 561.497437 ) 
4 299 (322.245300 -448 397.965271 ) (322.245300 -456 397.965271 ) (327.980164 -456 412.905182 ) (327.980164 -448 412.905182 ) 
4 299 (424 -456 448 ) (424 -456 440 ) (424 -448 440 ) (424 -448 448 ) 
4 300 (223.984848 -448 465.679016 ) (0 -448 620.025330 ) (0 -448 638.913696 ) (327.979645 -448 412.905457 ) 
4 300 (0 -448 579.342712 ) (327.980072 -448 412.904633 ) (327.980072 -456 412.904633 ) (0 -456 579.342590 ) 
4 301 (104 -488 248 ) (112 -488 248 ) (112 -488 440 ) (104 -488 440 ) 
4 301 (168 -488 248 ) (176 -488 248 ) (176 -488 440 ) (168 -488 440 ) 
4 301 (40 -488 248 ) (48 -488 248 ) (48 -488 440 ) (40 -488 440 ) 
4 301 (296 -488 416.053864 ) (296 -488 434.942352 ) (288.660431 -488 440 ) (261.249756 -488 440 ) 
4 301 (304 -488 410.541107 ) (304 -488 429.429657 ) (296 -488 434.942352 ) (296 -488 416.053864 ) 
4 301 (304 -488 429.429657 ) (304 -488 440 ) (296 -488 440 ) (296 -488 434.942352 ) 
4 301 (296 -488 329.595428 ) (304 -488 350.436188 ) (304 -488 410.541107 ) (296 -488 416.053864 ) 
4 301 (322.245758 -488 397.968109 ) (327.979645 -488 412.905426 ) (304 -488 429.429657 ) (304 -488 410.541107 ) 
4 301 (232 -488 248 ) (240 -488 248 ) (240 -488 440 ) (232 -488 440 ) 
4 301 (277.050964 -488 448 ) (249.640274 -488 448 ) (261.249725 -488 440 ) (288.660400 -488 440 ) 
4 301 (249.640274 -488 448 ) (0 -488 448 ) (0 -488 440 ) (261.249725 -488 440 ) 
4 301 (338.380249 -488 440 ) (341.451141 -488 448 ) (277.050964 -488 448 ) (288.660400 -488 440 ) 
4 301 (0 -488 638.913696 ) (0 -488 620.025269 ) (249.640274 -488 448 ) (277.050964 -488 448 ) 
4 301 (296 -488 248 ) (304 -488 248 ) (304 -488 350.436188 ) (296 -488 329.595428 ) 
4 301 (360 -488 440 ) (360 -488 448 ) (341.451141 -488 448 ) (338.380249 -488 440 ) 
4 301 (360 -488 248 ) (368 -488 248 ) (368 -488 440 ) (360 -488 440 ) 
4 301 (424 -488 440 ) (424 -488 448 ) (360 -488 448 ) (360 -488 440 ) 
4 301 (327.979645 -456 412.905396 ) (322.245789 -456 397.968140 ) (0 -456 561.496155 ) (0 -456 579.343201 ) 
4 301 (424 -456 448 ) (424 -488 448 ) (424 -488 440 ) (424 -456 440 ) 
4 302 (440 -488 440 ) (440 -488 248 ) (440 -504 248 ) (440 -504 440 ) 
4 302 (440 -488 448 ) (440 -488 440 ) (440 -504 440 ) (440 -504 448 ) 
4 303 (360 -504 448 ) (360 -488 448 ) (440 -488 448 ) (440 -504 448 ) 
4 304 (432 -504 248 ) (368 -504 248 ) (368 -488 248 ) (432 -488 248 ) 
4 304 (432 -504 248 ) (432 -488 248 ) (432 -488 440 ) (432 -504 440 ) 
4 304 (368 -504 440 ) (432 -504 440 ) (432 -488 440 ) (368 -488 440 ) 
4 304 (368 -504 440 ) (368 -488 440 ) (368 -488 248 ) (368 -504 248 ) 
4 305 (341.453125 -504 448 ) (341.453125 -488 448 ) (360 -488 448 ) (360 -504 448 ) 
4 306 (360 -504 248 ) (304 -504 248 ) (304 -488 248 ) (360 -488 248 ) 
4 306 (322.245239 -504 397.968414 ) (327.979126 -504 412.905701 ) (327.979126 -496 412.905670 ) (322.245239 -496 397.968384 ) 
4 306 (327.979156 -488 412.905762 ) (322.245270 -488 397.968445 ) (322.245270 -496 397.968445 ) (327.979156 -496 412.905762 ) 
4 306 (304 -504 350.435455 ) (304 -488 350.435455 ) (304 -488 248 ) (304 -504 248 ) 
4 306 (360 -504 440 ) (360 -504 248 ) (360 -488 248 ) (360 -488 440 ) 
4 306 (360 -504 440 ) (360 -488 440 ) (338.378906 -488 440 ) (338.378906 -504 440 ) 
4 307 (296 -504 248 ) (264.678528 -504 248 ) (264.678528 -488 248 ) (296 -488 248 ) 
4 307 (296 -504 248 ) (296 -488 248 ) (296 -488 329.593475 ) (296 -504 329.593475 ) 
4 308 (341.453125 -496 448 ) (277.051025 -496 448 ) (277.051025 -488 448 ) (341.453125 -488 448 ) 
4 308 (0 -488 638.906372 ) (277.042145 -488 448 ) (277.042145 -496 448 ) (0 -496 638.907593 ) 
5 309 (0 -496 579.343201 ) (0 -496 561.496155 ) (223.653687 -496 448 ) (249.640305 -496 448 ) (223.984894 -496 465.678955 ) 
4 309 (249.640335 -496 448 ) (0 -496 448 ) (0 -488 448 ) (249.640335 -488 448 ) 
4 309 (0 -496 620.026733 ) (249.643204 -496 448 ) (249.643204 -488 448 ) (0 -488 620.027283 ) 
4 310 (258.822845 -496 448 ) (341.453125 -496 448 ) (341.453125 -504 448 ) (258.822845 -504 448 ) 
4 310 (0 -496 579.344360 ) (258.824219 -496 448 ) (258.824219 -504 448 ) (0 -504 579.343872 ) 
5 310 (277.050995 -496 448 ) (258.822784 -496 448 ) (223.984894 -496 465.678955 ) (0 -496 620.025269 ) (0 -496 638.913696 ) 
4 311 (0 -496 448 ) (223.653763 -496 448 ) (223.653763 -504 448 ) (0 -504 448 ) 
4 311 (0 -504 561.497437 ) (223.656387 -504 448 ) (223.656387 -496 448 ) (0 -496 561.497498 ) 
3 312 (322.246704 -496 397.967468 ) (304 -496 410.541107 ) (304 -496 407.227203 ) 
4 312 (304 -488 350.434723 ) (304 -496 350.434723 ) (304 -496 410.541107 ) (304 -488 410.541107 ) 
4 312 (304 -488 410.539520 ) (304 -496 410.539520 ) (322.245270 -496 397.966858 ) (322.245270 -488 397.966858 ) 
4 313 (304 -496 429.429657 ) (304 -496 440 ) (304 -488 440 ) (304 -488 429.429657 ) 
4 313 (304 -496 440 ) (338.378906 -496 440 ) (338.378906 -488 440 ) (304 -488 440 ) 
4 313 (327.974731 -496 412.901062 ) (304 -496 429.424011 ) (304 -488 429.424011 ) (327.974731 -488 412.901062 ) 
4 314 (296 -488 434.938629 ) (296 -496 434.938629 ) (288.654999 -496 440 ) (288.654999 -488 440 ) 
4 314 (288.660461 -496 440 ) (296 -496 440 ) (296 -488 440 ) (288.660461 -488 440 ) 
4 314 (296 -488 434.942352 ) (296 -488 440 ) (296 -496 440 ) (296 -496 434.942352 ) 
4 315 (240 -488 248 ) (264.678528 -488 248 ) (264.678528 -496 248 ) (240 -496 248 ) 
5 315 (296 -496 411.286896 ) (296 -496 416.053864 ) (261.249756 -496 440 ) (240 -496 440 ) (240 -496 439.704865 ) 
4 315 (296 -488 416.053864 ) (296 -496 416.053864 ) (296 -496 329.591553 ) (296 -488 329.591553 ) 
4 315 (240 -496 248 ) (240 -496 440 ) (240 -488 440 ) (240 -488 248 ) 
4 315 (240 -496 440 ) (261.249756 -496 440 ) (261.249756 -488 440 ) (240 -488 440 ) 
4 315 (261.251282 -488 440 ) (261.251282 -496 440 ) (296 -496 416.054138 ) (296 -488 416.054138 ) 
4 316 (304 -496 407.227203 ) (304 -496 350.436188 ) (304 -504 350.436188 ) (304 -504 407.227203 ) 
4 316 (322.247864 -496 397.966431 ) (304 -496 407.226440 ) (304 -504 407.226440 ) (322.247864 -504 397.966431 ) 
4 317 (304 -496 440 ) (304 -496 425.074219 ) (304 -504 425.074219 ) (304 -504 440 ) 
4 317 (304 -496 440 ) (304 -504 440 ) (338.378906 -504 440 ) (338.378906 -496 440 ) 
3 317 (304 -496 425.074219 ) (304 -496 429.429657 ) (327.980652 -496 412.904755 ) 
4 317 (304 -504 425.073425 ) (304 -496 425.073425 ) (327.979401 -496 412.904755 ) (327.979401 -504 412.904755 ) 
4 318 (274.584320 -504 440 ) (274.584320 -496 440 ) (296 -496 429.132080 ) (296 -504 429.132080 ) 
4 318 (296 -496 440 ) (274.587494 -496 440 ) (274.587463 -504 440 ) (296 -504 440 ) 
4 318 (274.587524 -496 440 ) (288.660431 -496 440 ) (296 -496 434.942352 ) (296 -496 429.133942 ) 
4 318 (296 -504 440 ) (296 -504 429.133911 ) (296 -496 429.133911 ) (296 -496 440 ) 
4 319 (264.678528 -504 248 ) (240 -504 248 ) (240 -496 248 ) (264.678528 -496 248 ) 
4 319 (240 -496 439.704865 ) (240 -496 248 ) (240 -504 248 ) (240 -504 439.704865 ) 
4 319 (296 -504 411.286896 ) (296 -504 329.595398 ) (296 -496 329.595398 ) (296 -496 411.286896 ) 
4 319 (240 -496 439.702423 ) (240 -504 439.702423 ) (296 -504 411.285065 ) (296 -496 411.285065 ) 
3 320 (239.418411 -496 440 ) (240 -496 440 ) (240 -496 439.704865 ) 
4 320 (240 -496 440 ) (239.418427 -496 440 ) (239.418396 -504 440 ) (240 -504 440 ) 
4 320 (240 -504 440 ) (240 -504 439.704865 ) (240 -496 439.704865 ) (240 -496 440 ) 
4 320 (239.417328 -504 440 ) (239.417328 -496 440 ) (240 -496 439.704315 ) (240 -504 439.704315 ) 
4 321 (232 -504 248 ) (176 -504 248 ) (176 -488 248 ) (232 -488 248 ) 
4 321 (176 -504 440 ) (176 -488 440 ) (176 -488 248 ) (176 -504 248 ) 
4 321 (232 -504 248 ) (232 -496 248 ) (232 -496 440 ) (232 -504 440 ) 
4 321 (232 -496 248 ) (232 -488 248 ) (232 -488 440 ) (232 -496 440 ) 
4 321 (176 -496 440 ) (232 -496 440 ) (232 -488 440 ) (176 -488 440 ) 
4 321 (232 -496 440 ) (176 -496 440 ) (176 -504 440 ) (232 -504 440 ) 
4 322 (168 -504 248 ) (112 -504 248 ) (112 -488 248 ) (168 -488 248 ) 
4 322 (112 -496 440 ) (168 -496 440 ) (168 -488 440 ) (112 -488 440 ) 
4 322 (168 -496 440 ) (112 -496 440 ) (112 -504 440 ) (168 -504 440 ) 
4 322 (168 -504 248 ) (168 -488 248 ) (168 -488 440 ) (168 -504 440 ) 
4 322 (112 -504 440 ) (112 -488 440 ) (112 -488 248 ) (112 -504 248 ) 
4 323 (104 -504 248 ) (48 -504 248 ) (48 -488 248 ) (104 -488 248 ) 
4 323 (104 -504 248 ) (104 -488 248 ) (104 -488 440 ) (104 -504 440 ) 
4 323 (104 -496 440 ) (48 -496 440 ) (48 -504 440 ) (104 -504 440 ) 
4 323 (48 -496 440 ) (104 -496 440 ) (104 -488 440 ) (48 -488 440 ) 
4 323 (48 -504 440 ) (48 -488 440 ) (48 -488 248 ) (48 -504 248 ) 
4 324 (40 -504 248 ) (0 -504 248 ) (0 -488 248 ) (40 -488 248 ) 
4 324 (40 -504 248 ) (40 -488 248 ) (40 -488 440 ) (40 -504 440 ) 
4 324 (40 -496 440 ) (0 -496 440 ) (0 -504 440 ) (40 -504 440 ) 
4 324 (0 -496 440 ) (40 -496 440 ) (40 -488 440 ) (0 -488 440 ) 
4 325 (440 -496 208 ) (440 -504 208 ) (440 -504 232 ) (440 -496 232 ) 
4 325 (440 -440 208 ) (440 -448 208 ) (440 -448 232 ) (440 -440 232 ) 
4 325 (440 -376 208 ) (440 -384 208 ) (440 -384 232 ) (440 -376 232 ) 
4 325 (440 -248 208 ) (440 -256 208 ) (440 -256 232 ) (440 -248 232 ) 
4 325 (440 -312 208 ) (440 -320 208 ) (440 -320 232 ) (440 -312 232 ) 
4 325 (440 -120 208 ) (440 -128 208 ) (440 -128 232 ) (440 -120 232 ) 
4 325 (440 -184 208 ) (440 -192 208 ) (440 -192 232 ) (440 -184 232 ) 
4 325 (440 -56 208 ) (440 -64 208 ) (440 -64 232 ) (440 -56 232 ) 
4 325 (440 -504 232 ) (440 -504 240 ) (440 0 240 ) (440 0 232 ) 
4 325 (440 -488 248 ) (440 -64 248 ) (440 -64 240 ) (440 -488 240 ) 
4 325 (440 -504 240 ) (440 -504 248 ) (440 -488 248 ) (440 -488 240 ) 
4 325 (440 -64 248 ) (440 0 248 ) (440 0 240 ) (440 -64 240 ) 
4 326 (320 0 240 ) (424 0 240 ) (424 -64 240 ) (320 -64 240 ) 
4 326 (320 0 240 ) (320 -48 240 ) (320 -48 248 ) (320 0 248 ) 
4 326 (320 -48 240 ) (320 -64 240 ) (320 -64 248 ) (320 -48 248 ) 
4 326 (424 0 248 ) (424 -64 248 ) (424 -64 240 ) (424 0 240 ) 
4 327 (256 0 240 ) (304 0 240 ) (304 -48 240 ) (256 -48 240 ) 
4 327 (304 0 248 ) (304 -48 248 ) (304 -48 240 ) (304 0 240 ) 
4 327 (256 -48 240 ) (304 -48 240 ) (304 -48 248 ) (256 -48 248 ) 
4 327 (256 0 240 ) (256 -48 240 ) (256 -48 248 ) (256 0 248 ) 
4 328 (144 0 240 ) (240 0 240 ) (240 -64 240 ) (144 -64 240 ) 
4 328 (144 0 240 ) (144 -64 240 ) (144 -64 248 ) (144 0 248 ) 
4 328 (240 0 248 ) (240 -48 248 ) (240 -48 240 ) (240 0 240 ) 
4 328 (240 -48 248 ) (240 -64 248 ) (240 -64 240 ) (240 -48 240 ) 
4 329 (128 -16 240 ) (128 -48 240 ) (0 -48 240 ) (0 -16 240 ) 
4 329 (104 -48 240 ) (128 -48 240 ) (128 -48 248 ) (104 -48 248 ) 
4 329 (128 -16 248 ) (128 -48 248 ) (128 -48 240 ) (128 -16 240 ) 
4 329 (0 -16 248 ) (128 -16 248 ) (128 -16 240 ) (0 -16 240 ) 
4 330 (104 -64 240 ) (0 -64 240 ) (0 -48 240 ) (104 -48 240 ) 
4 330 (104 -64 248 ) (104 -64 240 ) (104 -48 240 ) (104 -48 248 ) 
4 331 (424 -488 240 ) (0 -488 240 ) (0 -64 240 ) (424 -64 240 ) 
4 331 (0 -488 240 ) (424 -488 240 ) (424 -488 248 ) (0 -488 248 ) 
4 331 (104 -64 248 ) (128 -64 248 ) (128 -64 240 ) (104 -64 240 ) 
4 331 (128 -64 248 ) (144 -64 248 ) (144 -64 240 ) (128 -64 240 ) 
4 331 (240 -64 248 ) (320 -64 248 ) (320 -64 240 ) (240 -64 240 ) 
4 331 (424 -488 248 ) (424 -488 240 ) (424 -64 240 ) (424 -64 248 ) 
4 332 (424 0 208 ) (440 0 208 ) (440 -56 208 ) (424 -56 208 ) 
4 332 (0 -56 232 ) (440 -56 232 ) (440 0 232 ) (0 0 232 ) 
4 332 (328 0 232 ) (328 0 208 ) (0 0 208 ) (0 0 232 ) 
4 332 (328 0 224 ) (440 0 224 ) (440 0 208 ) (328 0 208 ) 
4 332 (416 0 224 ) (328 0 224 ) (328 0 232 ) (416 0 232 ) 
4 332 (416 0 224 ) (416 0 232 ) (440 0 232 ) (440 0 224 ) 
4 332 (0 -56 208 ) (440 -56 208 ) (440 -56 232 ) (0 -56 232 ) 
4 333 (424 -64 208 ) (440 -64 208 ) (440 -120 208 ) (424 -120 208 ) 
4 333 (0 -120 208 ) (440 -120 208 ) (440 -120 232 ) (0 -120 232 ) 
4 333 (0 -64 232 ) (440 -64 232 ) (440 -64 208 ) (0 -64 208 ) 
4 333 (0 -64 232 ) (0 -120 232 ) (440 -120 232 ) (440 -64 232 ) 
4 334 (424 -128 208 ) (440 -128 208 ) (440 -184 208 ) (424 -184 208 ) 
4 334 (0 -184 208 ) (440 -184 208 ) (440 -184 232 ) (0 -184 232 ) 
4 334 (0 -128 232 ) (0 -184 232 ) (440 -184 232 ) (440 -128 232 ) 
4 334 (0 -128 232 ) (440 -128 232 ) (440 -128 208 ) (0 -128 208 ) 
4 335 (424 -192 208 ) (440 -192 208 ) (440 -248 208 ) (424 -248 208 ) 
4 335 (0 -248 208 ) (440 -248 208 ) (440 -248 232 ) (0 -248 232 ) 
4 335 (0 -192 232 ) (440 -192 232 ) (440 -192 208 ) (0 -192 208 ) 
4 335 (0 -192 232 ) (0 -248 232 ) (440 -248 232 ) (440 -192 232 ) 
4 336 (424 -256 208 ) (440 -256 208 ) (440 -312 208 ) (424 -312 208 ) 
4 336 (0 -312 208 ) (440 -312 208 ) (440 -312 232 ) (0 -312 232 ) 
4 336 (0 -256 232 ) (0 -312 232 ) (440 -312 232 ) (440 -256 232 ) 
4 336 (0 -256 232 ) (440 -256 232 ) (440 -256 208 ) (0 -256 208 ) 
4 337 (424 -320 208 ) (440 -320 208 ) (440 -376 208 ) (424 -376 208 ) 
4 337 (0 -376 208 ) (440 -376 208 ) (440 -376 232 ) (0 -376 232 ) 
4 337 (0 -320 232 ) (440 -320 232 ) (440 -320 208 ) (0 -320 208 ) 
4 337 (0 -320 232 ) (0 -376 232 ) (440 -376 232 ) (440 -320 232 ) 
4 338 (424 -384 208 ) (440 -384 208 ) (440 -440 208 ) (424 -440 208 ) 
4 338 (0 -384 232 ) (440 -384 232 ) (440 -384 208 ) (0 -384 208 ) 
4 338 (0 -384 232 ) (0 -440 232 ) (440 -440 232 ) (440 -384 232 ) 
4 338 (0 -440 208 ) (440 -440 208 ) (440 -440 232 ) (0 -440 232 ) 
4 339 (424 -448 208 ) (440 -448 208 ) (440 -488 208 ) (424 -488 208 ) 
4 339 (0 -496 208 ) (0 -488 208 ) (440 -488 208 ) (440 -496 208 ) 
4 339 (0 -448 232 ) (0 -496 232 ) (440 -496 232 ) (440 -448 232 ) 
4 339 (0 -448 232 ) (440 -448 232 ) (440 -448 208 ) (0 -448 208 ) 
4 339 (0 -496 208 ) (440 -496 208 ) (440 -496 232 ) (0 -496 232 ) 
4 340 (448 -504 200 ) (440 -504 200 ) (440 0 200 ) (448 0 200 ) 
4 340 (440 0 200 ) (440 -488 200 ) (440 -488 208 ) (440 0 208 ) 
4 340 (440 -488 200 ) (440 -504 200 ) (440 -504 208 ) (440 -488 208 ) 
4 340 (964 0 208 ) (964 -504 208 ) (964 -504 200 ) (964 0 200 ) 
4 341 (0 -488 200 ) (0 -480 200 ) (416 -480 200 ) (416 -488 200 ) 
4 341 (416 0 200 ) (424 0 200 ) (424 -488 200 ) (416 -488 200 ) 
4 341 (0 -488 200 ) (424 -488 200 ) (424 -488 208 ) (0 -488 208 ) 
4 341 (424 -448 208 ) (424 -440 208 ) (0 -440 208 ) (0 -448 208 ) 
4 341 (424 -384 208 ) (424 -376 208 ) (0 -376 208 ) (0 -384 208 ) 
4 341 (424 -256 208 ) (424 -248 208 ) (0 -248 208 ) (0 -256 208 ) 
4 341 (424 -320 208 ) (424 -312 208 ) (0 -312 208 ) (0 -320 208 ) 
4 341 (424 -128 208 ) (424 -120 208 ) (0 -120 208 ) (0 -128 208 ) 
4 341 (424 -192 208 ) (424 -184 208 ) (0 -184 208 ) (0 -192 208 ) 
4 341 (424 -64 208 ) (424 -56 208 ) (0 -56 208 ) (0 -64 208 ) 
4 341 (304 0 208 ) (320 0 208 ) (320 0 200 ) (304 0 200 ) 
4 341 (424 0 208 ) (424 -488 208 ) (424 -488 200 ) (424 0 200 ) 
4 342 (448 0 0 ) (448 -504 0 ) (448 -504 200 ) (448 0 200 ) 
4 342 (964 0 200 ) (964 -504 200 ) (964 -504 0 ) (964 0 0 ) 
4 343 (416 0 200 ) (416 -480 200 ) (416 -480 0 ) (416 0 0 ) 
4 343 (304 0 8 ) (328 0 8 ) (328 0 0 ) (304 0 0 ) 
4 343 (320 0 200 ) (328 0 200 ) (328 0 8 ) (320 0 8 ) 
4 343 (0 -480 0 ) (416 -480 0 ) (416 -480 200 ) (0 -480 200 ) 
4 344 (0 -512 200 ) (0 -504 200 ) (448 -504 200 ) (448 -512 200 ) 
4 344 (440 -504 200 ) (0 -504 200 ) (0 -504 208 ) (440 -504 208 ) 
4 344 (440 -504 232 ) (440 -504 208 ) (0 -504 208 ) (0 -504 232 ) 
4 344 (440 -504 240 ) (440 -504 232 ) (0 -504 232 ) (0 -504 240 ) 
4 344 (440 -504 248 ) (440 -504 240 ) (0 -504 240 ) (0 -504 248 ) 
4 344 (104 -504 440 ) (112 -504 440 ) (112 -504 248 ) (104 -504 248 ) 
4 344 (168 -504 440 ) (176 -504 440 ) (176 -504 248 ) (168 -504 248 ) 
4 344 (40 -504 440 ) (48 -504 440 ) (48 -504 248 ) (40 -504 248 ) 
5 344 (232 -504 440 ) (239.418411 -504 440 ) (240 -504 439.704865 ) (240 -504 248 ) (232 -504 248 ) 
5 344 (240 -504 439.704865 ) (240 -504 440 ) (274.587463 -504 440 ) (296 -504 429.133911 ) (296 -504 411.286896 ) 
4 344 (296 -504 411.286896 ) (296 -504 429.133911 ) (304 -504 425.074219 ) (304 -504 407.227203 ) 
4 344 (296 -504 429.133911 ) (296 -504 440 ) (304 -504 440 ) (304 -504 425.074219 ) 
4 344 (296 -504 411.286896 ) (304 -504 407.227203 ) (304 -504 350.436188 ) (296 -504 329.595428 ) 
4 344 (304 -504 407.227203 ) (304 -504 425.074219 ) (327.979645 -504 412.905426 ) (322.245758 -504 397.968140 ) 
4 344 (223.653809 -504 448 ) (258.822754 -504 448 ) (274.587463 -504 440 ) (239.418396 -504 440 ) 
4 344 (223.653809 -504 448 ) (239.418396 -504 440 ) (0 -504 440 ) (0 -504 448 ) 
4 344 (258.822754 -504 448 ) (341.451141 -504 448 ) (338.380249 -504 440 ) (274.587463 -504 440 ) 
4 344 (258.822754 -504 448 ) (223.653809 -504 448 ) (0 -504 561.496155 ) (0 -504 579.343201 ) 
4 344 (296 -504 329.595428 ) (304 -504 350.436188 ) (304 -504 248 ) (296 -504 248 ) 
4 344 (338.380249 -504 440 ) (341.451141 -504 448 ) (360 -504 448 ) (360 -504 440 ) 
4 344 (368 -504 440 ) (368 -504 248 ) (360 -504 248 ) (360 -504 440 ) 
4 344 (432 -504 440 ) (440 -504 440 ) (440 -504 248 ) (432 -504 248 ) 
4 344 (440 -504 448 ) (440 -504 440 ) (360 -504 440 ) (360 -504 448 ) 
4 344 (964 -1024 1024 ) (964 -1024 200 ) (964 -504 200 ) (964 -504 1024 ) 
4 345 (964 -512 0 ) (964 -504 0 ) (964 -504 200 ) (964 -512 200 ) 
4 345 (448 -512 0 ) (448 -512 200 ) (448 -504 200 ) (448 -504 0 ) 
4 346 (0 -512 200 ) (448 -512 200 ) (448 -512 0 ) (0 -512 0 ) 
4 346 (964 -1024 0 ) (964 -512 0 ) (964 -512 200 ) (964 -1024 200 ) 
4 347 (964 0 -512 ) (964 0 0 ) (964 -1024 0 ) (964 -1024 -512 ) 
4 347 (448 -512 0 ) (448 -504 0 ) (0 -504 0 ) (0 -512 0 ) 
4 347 (416 -504 0 ) (416 -480 0 ) (0 -480 0 ) (0 -504 0 ) 
4 347 (416 -504 0 ) (448 -504 0 ) (448 0 0 ) (416 0 0 ) 
4 347 (0 0 -512 ) (964 0 -512 ) (964 -1024 -512 ) (0 -1024 -512 ) 
4 348 (964 -1024 1660 ) (0 -1024 1660 ) (0 -1432 1660 ) (964 -1432 1660 ) 
4 348 (0 -1432 1660 ) (0 -1432 1024 ) (964 -1432 1024 ) (964 -1432 1660 ) 
4 348 (964 -1024 1660 ) (964 -1432 1660 ) (964 -1432 1024 ) (964 -1024 1024 ) 
4 349 (0 -1432 0 ) (964 -1432 0 ) (964 -1432 1024 ) (0 -1432 1024 ) 
4 349 (964 -1024 1024 ) (964 -1432 1024 ) (964 -1432 0 ) (964 -1024 0 ) 
4 350 (0 -1432 -512 ) (964 -1432 -512 ) (964 -1432 0 ) (0 -1432 0 ) 
4 350 (0 -1432 -512 ) (0 -1024 -512 ) (964 -1024 -512 ) (964 -1432 -512 ) 
4 350 (964 -1024 0 ) (964 -1432 0 ) (964 -1432 -512 ) (964 -1024 -512 ) 
4 351 (-1020 1532 1660 ) (0 1532 1660 ) (0 1532 1024 ) (-1020 1532 1024 ) 
4 351 (0 1532 1660 ) (-1020 1532 1660 ) (-1020 1024 1660 ) (0 1024 1660 ) 
4 351 (-1020 1532 1660 ) (-1020 1532 1024 ) (-1020 1024 1024 ) (-1020 1024 1660 ) 
4 352 (-1020 1532 0 ) (-1020 1024 0 ) (-1020 1024 1024 ) (-1020 1532 1024 ) 
4 352 (0 1532 1024 ) (0 1532 0 ) (-1020 1532 0 ) (-1020 1532 1024 ) 
4 353 (-1020 1532 0 ) (-1020 1532 -512 ) (-1020 1024 -512 ) (-1020 1024 0 ) 
4 353 (-1020 1532 -512 ) (-1020 1532 0 ) (0 1532 0 ) (0 1532 -512 ) 
4 353 (0 1024 -512 ) (-1020 1024 -512 ) (-1020 1532 -512 ) (0 1532 -512 ) 
4 354 (0 1024 1660 ) (-1020 1024 1660 ) (-1020 0 1660 ) (0 0 1660 ) 
4 354 (-1020 1024 1024 ) (-1020 0 1024 ) (-1020 0 1660 ) (-1020 1024 1660 ) 
4 355 (-448 552 200 ) (-440 552 200 ) (-440 544 200 ) (-448 544 200 ) 
4 355 (-416 552 200 ) (-416 544 200 ) (-424 544 200 ) (-424 552 200 ) 
4 355 (-152 544 200 ) (-136 544 200 ) (-136 544 208 ) (-152 544 208 ) 
4 356 (-152 544 208 ) (-136 544 208 ) (-136 520 208 ) (-152 520 208 ) 
4 356 (-464 520 464 ) (-464 520 448 ) (0 520 560 ) (0 520 576 ) 
4 357 (0 512 576 ) (-464 512 464 ) (-464 520 464 ) (0 520 576 ) 
4 358 (-440 512 208 ) (0 512 208 ) (0 512 248 ) (-440 512 248 ) 
4 358 (-208 512 440 ) (-216 512 440 ) (-216 512 248 ) (-208 512 248 ) 
4 358 (-272 512 440 ) (-280 512 440 ) (-280 512 248 ) (-272 512 248 ) 
4 358 (-144 512 440 ) (-152 512 440 ) (-152 512 248 ) (-144 512 248 ) 
4 358 (-336 512 440 ) (-344 512 440 ) (-344 512 248 ) (-336 512 248 ) 
4 358 (-80 512 440 ) (-88 512 440 ) (-88 512 248 ) (-80 512 248 ) 
4 358 (-400 512 440 ) (-408 512 440 ) (-408 512 248 ) (-400 512 248 ) 
4 358 (-16 512 440 ) (-24 512 440 ) (-24 512 248 ) (-16 512 248 ) 
4 358 (-432 512 440 ) (-440 512 440 ) (-440 512 248 ) (-432 512 248 ) 
4 358 (-440 512 440 ) (0 512 440 ) (0 512 448 ) (-440 512 448 ) 
4 358 (-464 512 448 ) (0 512 496 ) (0 512 512 ) (-348 512 476 ) 
4 358 (-136 512 208 ) (-152 512 208 ) (-152 520 208 ) (-136 520 208 ) 
4 358 (0 520 559.998657 ) (-464 520 447.998901 ) (-464 512 447.998444 ) (0 512 559.998474 ) 
4 359 (-128 512 200 ) (-136 512 200 ) (-136 536 200 ) (-128 536 200 ) 
4 359 (-136 536 200 ) (-136 544 200 ) (-128 544 200 ) (-128 536 200 ) 
4 359 (-136 512 208 ) (-136 544 208 ) (-136 544 200 ) (-136 512 200 ) 
4 360 (-424 512 200 ) (-152 512 200 ) (-152 512 208 ) (-424 512 208 ) 
4 360 (-440 512 200 ) (-448 512 200 ) (-448 544 200 ) (-440 544 200 ) 
4 360 (-160 512 200 ) (-416 512 200 ) (-416 520 200 ) (-160 520 200 ) 
4 360 (-152 512 200 ) (-160 512 200 ) (-160 544 200 ) (-152 544 200 ) 
4 360 (-416 512 200 ) (-424 512 200 ) (-424 544 200 ) (-416 544 200 ) 
4 360 (-152 512 200 ) (-152 544 200 ) (-152 544 208 ) (-152 512 208 ) 
4 361 (-128 544 8 ) (-128 544 200 ) (-152 544 200 ) (-152 544 8 ) 
4 361 (-152 544 200 ) (-160 544 200 ) (-160 544 8 ) (-152 544 8 ) 
4 361 (-160 544 0 ) (-128 544 0 ) (-128 544 8 ) (-160 544 8 ) 
4 361 (-416 552 0 ) (-416 544 0 ) (-416 544 200 ) (-416 552 200 ) 
4 362 (-424 552 200 ) (-424 552 0 ) (-416 552 0 ) (-416 552 200 ) 
4 363 (-128 536 8 ) (-128 512 8 ) (-128 512 200 ) (-128 536 200 ) 
4 363 (-128 544 200 ) (-128 544 8 ) (-128 536 8 ) (-128 536 200 ) 
4 363 (-128 544 8 ) (-128 544 0 ) (-128 512 0 ) (-128 512 8 ) 
4 364 (-136 512 200 ) (-144 512 200 ) (-144 512 8 ) (-136 512 8 ) 
4 364 (-136 536 200 ) (-136 536 8 ) (-152 536 8 ) (-152 536 200 ) 
4 364 (-136 512 8 ) (-152 512 8 ) (-152 536 8 ) (-136 536 8 ) 
4 364 (-136 536 200 ) (-152 536 200 ) (-152 512 200 ) (-136 512 200 ) 
4 364 (-152 536 8 ) (-152 512 8 ) (-152 512 200 ) (-152 536 200 ) 
4 364 (-136 512 200 ) (-136 512 8 ) (-136 536 8 ) (-136 536 200 ) 
4 365 (-416 544 200 ) (-416 544 0 ) (-416 520 0 ) (-416 520 200 ) 
4 365 (-160 520 8 ) (-160 520 0 ) (-160 544 0 ) (-160 544 8 ) 
4 365 (-160 520 200 ) (-160 520 8 ) (-160 544 8 ) (-160 544 200 ) 
4 365 (-416 520 200 ) (-416 520 0 ) (-160 520 0 ) (-160 520 200 ) 
4 366 (-440 552 200 ) (-448 552 200 ) (-448 552 0 ) (-440 552 0 ) 
4 367 (-432 512 8 ) (-432 512 200 ) (-440 512 200 ) (-440 512 8 ) 
4 367 (-424 552 200 ) (-424 544 200 ) (-424 544 0 ) (-424 552 0 ) 
4 367 (-424 544 200 ) (-424 512 200 ) (-424 512 0 ) (-424 544 0 ) 
4 367 (-440 552 200 ) (-440 552 0 ) (-440 512 0 ) (-440 512 200 ) 
4 368 (-448 512 200 ) (-448 512 0 ) (-448 552 0 ) (-448 552 200 ) 
4 369 (0 504 512 ) (-464 504 464 ) (-464 512 464 ) (0 512 512 ) 
4 369 (0 512 576 ) (0 512 560 ) (-348 512 476 ) (-464 512 464 ) 
4 370 (-440 512 448 ) (0 512 448 ) (0 504 448 ) (-440 504 448 ) 
4 370 (0 512 496 ) (-463.997894 512 448 ) (-463.997894 504 448 ) (0 504 496 ) 
4 371 (0 496 448 ) (-440 496 448 ) (-440 504 448 ) (0 504 448 ) 
4 371 (0 504 512 ) (0 504 496 ) (-464 504 448 ) (-464 504 464 ) 
4 372 (-440 512 448 ) (-440 496 448 ) (-440 496 440 ) (-440 512 440 ) 
4 373 (0 496 248 ) (-16 496 248 ) (-16 504 248 ) (0 504 248 ) 
4 373 (-16 504 248 ) (-16 512 248 ) (0 512 248 ) (0 504 248 ) 
4 373 (-16 512 248 ) (-16 496 248 ) (-16 496 440 ) (-16 512 440 ) 
4 373 (0 512 440 ) (-16 512 440 ) (-16 496 440 ) (0 496 440 ) 
4 374 (-24 496 248 ) (-80 496 248 ) (-80 504 248 ) (-24 504 248 ) 
4 374 (-80 504 248 ) (-80 512 248 ) (-24 512 248 ) (-24 504 248 ) 
4 374 (-80 512 248 ) (-80 496 248 ) (-80 496 440 ) (-80 512 440 ) 
4 374 (-24 512 440 ) (-80 512 440 ) (-80 496 440 ) (-24 496 440 ) 
4 374 (-24 512 440 ) (-24 496 440 ) (-24 496 248 ) (-24 512 248 ) 
4 375 (-88 496 248 ) (-144 496 248 ) (-144 504 248 ) (-88 504 248 ) 
4 375 (-144 504 248 ) (-144 512 248 ) (-88 512 248 ) (-88 504 248 ) 
4 375 (-144 512 248 ) (-144 496 248 ) (-144 496 440 ) (-144 512 440 ) 
4 375 (-88 512 440 ) (-144 512 440 ) (-144 496 440 ) (-88 496 440 ) 
4 375 (-88 512 440 ) (-88 496 440 ) (-88 496 248 ) (-88 512 248 ) 
4 376 (-152 496 248 ) (-208 496 248 ) (-208 504 248 ) (-152 504 248 ) 
4 376 (-208 504 248 ) (-208 512 248 ) (-152 512 248 ) (-152 504 248 ) 
4 376 (-208 512 248 ) (-208 496 248 ) (-208 496 440 ) (-208 512 440 ) 
4 376 (-152 512 440 ) (-208 512 440 ) (-208 496 440 ) (-152 496 440 ) 
4 376 (-152 512 440 ) (-152 496 440 ) (-152 496 248 ) (-152 512 248 ) 
4 377 (-216 496 248 ) (-272 496 248 ) (-272 504 248 ) (-216 504 248 ) 
4 377 (-272 504 248 ) (-272 512 248 ) (-216 512 248 ) (-216 504 248 ) 
4 377 (-272 512 248 ) (-272 496 248 ) (-272 496 440 ) (-272 512 440 ) 
4 377 (-216 512 440 ) (-272 512 440 ) (-272 496 440 ) (-216 496 440 ) 
4 377 (-216 512 440 ) (-216 496 440 ) (-216 496 248 ) (-216 512 248 ) 
4 378 (-280 496 248 ) (-336 496 248 ) (-336 504 248 ) (-280 504 248 ) 
4 378 (-336 504 248 ) (-336 512 248 ) (-280 512 248 ) (-280 504 248 ) 
4 378 (-280 512 440 ) (-280 496 440 ) (-280 496 248 ) (-280 512 248 ) 
4 378 (-280 512 440 ) (-336 512 440 ) (-336 496 440 ) (-280 496 440 ) 
4 378 (-336 512 248 ) (-336 496 248 ) (-336 496 440 ) (-336 512 440 ) 
4 379 (-344 496 248 ) (-400 496 248 ) (-400 504 248 ) (-344 504 248 ) 
4 379 (-400 504 248 ) (-400 512 248 ) (-344 512 248 ) (-344 504 248 ) 
4 379 (-344 512 440 ) (-344 496 440 ) (-344 496 248 ) (-344 512 248 ) 
4 379 (-344 512 440 ) (-400 512 440 ) (-400 496 440 ) (-344 496 440 ) 
4 379 (-400 512 248 ) (-400 496 248 ) (-400 496 440 ) (-400 512 440 ) 
4 380 (-408 496 248 ) (-432 496 248 ) (-432 504 248 ) (-408 504 248 ) 
4 380 (-432 504 248 ) (-432 512 248 ) (-408 512 248 ) (-408 504 248 ) 
4 380 (-408 512 440 ) (-408 496 440 ) (-408 496 248 ) (-408 512 248 ) 
4 380 (-408 512 440 ) (-432 512 440 ) (-432 496 440 ) (-408 496 440 ) 
4 380 (-432 512 248 ) (-432 496 248 ) (-432 496 440 ) (-432 512 440 ) 
4 381 (-136 496 208 ) (-424 496 208 ) (-424 504 208 ) (-136 504 208 ) 
4 381 (0 504 232 ) (0 504 208 ) (-440 504 208 ) (-440 504 232 ) 
4 381 (0 504 232 ) (-440 504 232 ) (-440 496 232 ) (0 496 232 ) 
4 382 (-440 504 232 ) (-440 504 248 ) (-440 496 248 ) (-440 496 232 ) 
4 382 (-440 512 248 ) (-440 504 248 ) (-440 504 208 ) (-440 512 208 ) 
4 382 (-440 512 248 ) (-440 512 440 ) (-440 496 440 ) (-440 496 248 ) 
4 383 (-136 496 200 ) (0 496 200 ) (0 496 208 ) (-136 496 208 ) 
4 383 (-128 496 200 ) (-136 496 200 ) (-136 512 200 ) (-128 512 200 ) 
4 383 (-136 504 208 ) (0 504 208 ) (0 512 208 ) (-136 512 208 ) 
4 383 (-136 512 200 ) (-136 496 200 ) (-136 496 208 ) (-136 512 208 ) 
4 384 (-432 496 200 ) (-440 496 200 ) (-440 512 200 ) (-432 512 200 ) 
4 384 (-440 496 200 ) (-448 496 200 ) (-448 512 200 ) (-440 512 200 ) 
4 384 (-424 512 208 ) (-424 496 208 ) (-424 496 200 ) (-424 512 200 ) 
4 384 (-424 504 208 ) (-424 512 208 ) (-440 512 208 ) (-440 504 208 ) 
4 385 (-128 496 8 ) (-128 496 200 ) (-128 512 200 ) (-128 512 8 ) 
4 385 (-128 496 0 ) (-128 496 8 ) (-128 512 8 ) (-128 512 0 ) 
4 386 (-208 512 8 ) (-208 496 8 ) (-208 496 200 ) (-208 512 200 ) 
4 386 (-152 512 8 ) (-160 512 8 ) (-160 512 200 ) (-152 512 200 ) 
4 386 (-208 512 8 ) (-208 512 200 ) (-160 512 200 ) (-160 512 8 ) 
4 386 (-144 512 200 ) (-208 512 200 ) (-208 496 200 ) (-144 496 200 ) 
4 386 (-208 512 8 ) (-144 512 8 ) (-144 496 8 ) (-208 496 8 ) 
4 386 (-144 512 200 ) (-144 496 200 ) (-144 496 8 ) (-144 512 8 ) 
4 387 (-272 512 8 ) (-272 496 8 ) (-272 496 200 ) (-272 512 200 ) 
4 387 (-216 512 8 ) (-272 512 8 ) (-272 512 200 ) (-216 512 200 ) 
4 387 (-216 512 200 ) (-272 512 200 ) (-272 496 200 ) (-216 496 200 ) 
4 387 (-272 512 8 ) (-216 512 8 ) (-216 496 8 ) (-272 496 8 ) 
4 387 (-216 512 200 ) (-216 496 200 ) (-216 496 8 ) (-216 512 8 ) 
4 388 (-336 512 8 ) (-280 512 8 ) (-280 496 8 ) (-336 496 8 ) 
4 388 (-280 512 200 ) (-336 512 200 ) (-336 496 200 ) (-280 496 200 ) 
4 388 (-280 512 8 ) (-336 512 8 ) (-336 512 200 ) (-280 512 200 ) 
4 388 (-336 512 8 ) (-336 496 8 ) (-336 496 200 ) (-336 512 200 ) 
4 388 (-280 512 200 ) (-280 496 200 ) (-280 496 8 ) (-280 512 8 ) 
4 389 (-344 512 200 ) (-344 496 200 ) (-344 496 8 ) (-344 512 8 ) 
4 389 (-400 512 8 ) (-344 512 8 ) (-344 496 8 ) (-400 496 8 ) 
4 389 (-344 512 200 ) (-400 512 200 ) (-400 496 200 ) (-344 496 200 ) 
4 389 (-344 512 8 ) (-400 512 8 ) (-400 512 200 ) (-344 512 200 ) 
4 389 (-400 512 8 ) (-400 496 8 ) (-400 496 200 ) (-400 512 200 ) 
4 390 (-408 512 200 ) (-408 496 200 ) (-408 496 8 ) (-408 512 8 ) 
4 390 (-424 496 8 ) (-424 512 8 ) (-408 512 8 ) (-408 496 8 ) 
4 390 (-408 512 200 ) (-424 512 200 ) (-424 496 200 ) (-408 496 200 ) 
4 390 (-408 512 8 ) (-416 512 8 ) (-416 512 200 ) (-408 512 200 ) 
4 390 (-424 512 8 ) (-424 512 200 ) (-416 512 200 ) (-416 512 8 ) 
4 391 (-432 496 8 ) (-432 496 200 ) (-432 512 200 ) (-432 512 8 ) 
4 391 (-424 512 0 ) (-424 512 8 ) (-424 496 8 ) (-424 496 0 ) 
4 392 (-440 496 0 ) (-440 496 8 ) (-440 512 8 ) (-440 512 0 ) 
4 392 (-432 496 8 ) (-432 512 8 ) (-440 512 8 ) (-440 496 8 ) 
4 393 (-448 512 0 ) (-448 512 200 ) (-448 496 200 ) (-448 496 0 ) 
4 394 (-464 0 464 ) (-464 8 464 ) (0 8 576 ) (0 0 576 ) 
4 394 (-464 64 464 ) (-464 72 464 ) (0 72 576 ) (0 64 576 ) 
4 394 (-464 128 464 ) (-464 136 464 ) (0 136 576 ) (0 128 576 ) 
4 394 (-464 192 464 ) (-464 200 464 ) (0 200 576 ) (0 192 576 ) 
4 394 (-464 256 464 ) (-464 264 464 ) (0 264 576 ) (0 256 576 ) 
4 394 (-464 320 464 ) (-464 328 464 ) (0 328 576 ) (0 320 576 ) 
4 394 (-464 384 464 ) (-464 392 464 ) (0 392 576 ) (0 384 576 ) 
4 394 (-464 448 464 ) (-464 456 464 ) (0 456 576 ) (0 448 576 ) 
4 395 (-200 384 475.309265 ) (-200 376 475.309265 ) (0 376 495.998901 ) (0 384 495.998901 ) 
4 395 (-200 448 475.309265 ) (-200 440 475.309265 ) (0 440 495.998901 ) (0 448 495.998901 ) 
4 395 (-200 336 240 ) (-200 336 254 ) (-200 344 254 ) (-200 344 240 ) 
4 395 (-200 336 254 ) (-200 336 272 ) (-200 344 272 ) (-200 344 254 ) 
4 395 (-200 488 256 ) (-200 488 240 ) (-200 480 240 ) (-200 480 256 ) 
4 395 (-200 488 272 ) (-200 488 256 ) (-200 344 256 ) (-200 344 272 ) 
4 395 (-200 496 240 ) (-200 496 248 ) (0 496 248 ) (0 496 240 ) 
4 395 (-144 496 248 ) (-152 496 248 ) (-152 496 440 ) (-144 496 440 ) 
4 395 (-80 496 248 ) (-88 496 248 ) (-88 496 440 ) (-80 496 440 ) 
4 395 (-16 496 248 ) (-24 496 248 ) (-24 496 440 ) (-16 496 440 ) 
4 395 (-200 496 448 ) (0 496 448 ) (0 496 440 ) (-200 496 440 ) 
4 395 (0 336 240 ) (-200 336 240 ) (-200 496 240 ) (0 496 240 ) 
4 396 (-344 490 304 ) (-344 490 254 ) (-201 490 254 ) (-201 490 304 ) 
4 396 (-344 490 240 ) (-344 496 240 ) (-200 496 240 ) (-200 490 240 ) 
4 396 (-344 496 448 ) (-200 496 448 ) (-200 496 440 ) (-344 496 440 ) 
4 396 (-336 496 248 ) (-344 496 248 ) (-344 496 440 ) (-336 496 440 ) 
4 396 (-272 496 248 ) (-280 496 248 ) (-280 496 440 ) (-272 496 440 ) 
4 396 (-208 496 248 ) (-216 496 248 ) (-216 496 440 ) (-208 496 440 ) 
4 396 (-200 496 240 ) (-344 496 240 ) (-344 496 248 ) (-200 496 248 ) 
4 397 (-344 384 460.412720 ) (-344 376 460.412720 ) (-200 376 475.309265 ) (-200 384 475.309265 ) 
4 397 (-344 448 460.412720 ) (-344 440 460.412720 ) (-200 440 475.309265 ) (-200 448 475.309265 ) 
4 397 (-344 485 304 ) (-344 488 304 ) (-201 488 304 ) (-201 485 304 ) 
4 397 (-344 488 304 ) (-344 490 304 ) (-201 490 304 ) (-201 488 304 ) 
4 398 (-201 488 240 ) (-200 488 240 ) (-200 488 256 ) (-201 488 256 ) 
4 398 (-200 488 256 ) (-200 488 272 ) (-201 488 272 ) (-201 488 256 ) 
4 398 (-201 488 254 ) (-201 488 304 ) (-201 490 304 ) (-201 490 254 ) 
4 398 (-201 490 240 ) (-200 490 240 ) (-200 488 240 ) (-201 488 240 ) 
4 399 (-344 488 240 ) (-336 488 240 ) (-336 488 254 ) (-344 488 254 ) 
4 399 (-208 488 240 ) (-201 488 240 ) (-201 488 254 ) (-208 488 254 ) 
4 399 (-344 488 240 ) (-344 490 240 ) (-201 490 240 ) (-201 488 240 ) 
4 399 (-344 488 254 ) (-201 488 254 ) (-201 490 254 ) (-344 490 254 ) 
4 400 (-201 488 304 ) (-201 488 280 ) (-201 485 280 ) (-201 485 304 ) 
4 401 (-328 485 280 ) (-288 485 280 ) (-288 456 280 ) (-328 456 280 ) 
4 401 (-256 485 280 ) (-216 485 280 ) (-216 456 280 ) (-256 456 280 ) 
4 401 (-344 485 304 ) (-201 485 304 ) (-201 485 280 ) (-344 485 280 ) 
4 402 (-201 485 280 ) (-201 488 280 ) (-201 488 272 ) (-201 485 272 ) 
4 402 (-200 344 272 ) (-201 344 272 ) (-201 488 272 ) (-200 488 272 ) 
4 403 (-201 344 240 ) (-200 344 240 ) (-200 344 254 ) (-201 344 254 ) 
4 403 (-200 344 254 ) (-200 344 256 ) (-201 344 256 ) (-201 344 254 ) 
4 403 (-201 344 254 ) (-201 344 256 ) (-201 480 256 ) (-201 480 254 ) 
4 403 (-200 480 240 ) (-200 344 240 ) (-201 344 240 ) (-201 480 240 ) 
4 403 (-200 480 256 ) (-201 480 256 ) (-201 344 256 ) (-200 344 256 ) 
4 403 (-200 480 240 ) (-201 480 240 ) (-201 480 256 ) (-200 480 256 ) 
4 404 (-201 480 272 ) (-201 456 272 ) (-216 456 272 ) (-216 480 272 ) 
4 404 (-201 485 272 ) (-201 480 272 ) (-216 480 272 ) (-216 485 272 ) 
4 404 (-216 485 280 ) (-216 485 272 ) (-216 456 272 ) (-216 456 280 ) 
4 404 (-216 485 280 ) (-201 485 280 ) (-201 485 272 ) (-216 485 272 ) 
4 405 (-256 456 272 ) (-288 456 272 ) (-288 480 272 ) (-256 480 272 ) 
4 405 (-288 480 272 ) (-288 485 272 ) (-256 485 272 ) (-256 480 272 ) 
4 405 (-256 456 280 ) (-256 456 272 ) (-256 485 272 ) (-256 485 280 ) 
4 405 (-288 485 280 ) (-256 485 280 ) (-256 485 272 ) (-288 485 272 ) 
4 405 (-288 485 280 ) (-288 485 272 ) (-288 456 272 ) (-288 456 280 ) 
4 406 (-328 456 272 ) (-344 456 272 ) (-344 480 272 ) (-328 480 272 ) 
4 406 (-344 480 272 ) (-344 485 272 ) (-328 485 272 ) (-328 480 272 ) 
4 406 (-328 456 280 ) (-328 456 272 ) (-328 485 272 ) (-328 485 280 ) 
4 406 (-344 485 280 ) (-328 485 280 ) (-328 485 272 ) (-344 485 272 ) 
4 407 (-201 456 272 ) (-201 344 272 ) (-344 344 272 ) (-344 456 272 ) 
4 407 (-328 456 280 ) (-288 456 280 ) (-288 456 272 ) (-328 456 272 ) 
4 407 (-256 456 280 ) (-216 456 280 ) (-216 456 272 ) (-256 456 272 ) 
4 408 (-208 488 240 ) (-208 488 254 ) (-208 480 254 ) (-208 480 240 ) 
4 408 (-336 488 240 ) (-208 488 240 ) (-208 480 240 ) (-336 480 240 ) 
4 408 (-208 488 254 ) (-336 488 254 ) (-336 480 254 ) (-208 480 254 ) 
4 408 (-336 480 240 ) (-336 480 254 ) (-336 488 254 ) (-336 488 240 ) 
4 409 (-344 344 240 ) (-336 344 240 ) (-336 344 254 ) (-344 344 254 ) 
4 409 (-208 344 240 ) (-201 344 240 ) (-201 344 254 ) (-208 344 254 ) 
4 409 (-344 344 240 ) (-344 480 240 ) (-201 480 240 ) (-201 344 240 ) 
4 409 (-208 480 254 ) (-201 480 254 ) (-201 480 240 ) (-208 480 240 ) 
4 409 (-344 480 254 ) (-336 480 254 ) (-336 480 240 ) (-344 480 240 ) 
4 409 (-344 344 254 ) (-201 344 254 ) (-201 480 254 ) (-344 480 254 ) 
4 410 (-344 336 272 ) (-344 344 272 ) (-200 344 272 ) (-200 336 272 ) 
4 411 (-208 336 240 ) (-208 344 240 ) (-208 344 254 ) (-208 336 254 ) 
4 411 (-336 344 240 ) (-208 344 240 ) (-208 336 240 ) (-336 336 240 ) 
4 411 (-336 336 254 ) (-208 336 254 ) (-208 344 254 ) (-336 344 254 ) 
4 411 (-336 336 254 ) (-336 344 254 ) (-336 344 240 ) (-336 336 240 ) 
4 412 (-424 384 452.136871 ) (-424 376 452.136871 ) (-344 376 460.412720 ) (-344 384 460.412720 ) 
4 412 (-424 448 452.136871 ) (-424 440 452.136871 ) (-344 440 460.412720 ) (-344 448 460.412720 ) 
4 412 (-424 384 440 ) (-424 392 440 ) (-424 392 248 ) (-424 384 248 ) 
4 412 (-424 448 440 ) (-424 456 440 ) (-424 456 248 ) (-424 448 248 ) 
4 412 (-424 336 240 ) (-424 336 248 ) (-424 496 248 ) (-424 496 240 ) 
4 412 (-424 336 440 ) (-424 336 448 ) (-424 496 448 ) (-424 496 440 ) 
4 412 (-424 496 448 ) (-344 496 448 ) (-344 496 440 ) (-424 496 440 ) 
4 412 (-400 496 248 ) (-408 496 248 ) (-408 496 440 ) (-400 496 440 ) 
4 412 (-344 496 240 ) (-424 496 240 ) (-424 496 248 ) (-344 496 248 ) 
4 412 (-344 488 254 ) (-344 490 254 ) (-344 490 304 ) (-344 488 304 ) 
4 412 (-344 485 280 ) (-344 488 280 ) (-344 488 304 ) (-344 485 304 ) 
4 412 (-344 485 272 ) (-344 488 272 ) (-344 488 280 ) (-344 485 280 ) 
4 412 (-344 480 272 ) (-344 480 254 ) (-344 488 254 ) (-344 488 272 ) 
4 412 (-344 480 254 ) (-344 480 240 ) (-344 488 240 ) (-344 488 254 ) 
4 412 (-344 480 254 ) (-344 480 272 ) (-344 344 272 ) (-344 344 254 ) 
4 412 (-344 344 254 ) (-344 344 272 ) (-344 336 272 ) (-344 336 254 ) 
4 412 (-344 344 240 ) (-344 344 254 ) (-344 336 254 ) (-344 336 240 ) 
4 412 (-344 496 240 ) (-344 336 240 ) (-424 336 240 ) (-424 496 240 ) 
4 413 (-224 0 248 ) (-424 0 248 ) (-424 0 240 ) (-224 0 240 ) 
4 413 (-208 0 248 ) (-224 0 248 ) (-224 0 240 ) (-208 0 240 ) 
4 413 (-32 0 248 ) (-48 0 248 ) (-48 0 240 ) (-32 0 240 ) 
4 413 (0 0 240 ) (0 0 248 ) (-32 0 248 ) (-32 0 240 ) 
4 413 (-400 0 440 ) (-408 0 440 ) (-408 0 248 ) (-400 0 248 ) 
4 413 (-336 0 440 ) (-344 0 440 ) (-344 0 248 ) (-336 0 248 ) 
4 413 (-272 0 440 ) (-280 0 440 ) (-280 0 248 ) (-272 0 248 ) 
4 413 (-208 0 440 ) (-216 0 440 ) (-216 0 248 ) (-208 0 248 ) 
4 413 (-16 0 440 ) (-24 0 440 ) (-24 0 248 ) (-16 0 248 ) 
4 413 (-208 0 448 ) (-424 0 448 ) (-424 0 440 ) (-208 0 440 ) 
4 413 (0 0 440 ) (0 0 448 ) (-48 0 448 ) (-48 0 440 ) 
4 413 (-424 64 452.136871 ) (-424 56 452.136871 ) (0 56 495.998932 ) (0 64 495.998932 ) 
4 413 (-424 128 452.136871 ) (-424 120 452.136871 ) (0 120 495.998932 ) (0 128 495.998932 ) 
4 413 (-424 192 452.136871 ) (-424 184 452.136871 ) (0 184 495.998932 ) (0 192 495.998932 ) 
4 413 (-424 256 452.136871 ) (-424 248 452.136871 ) (0 248 495.998901 ) (0 256 495.998901 ) 
4 413 (-424 320 452.136871 ) (-424 312 452.136871 ) (0 312 495.998901 ) (0 320 495.998901 ) 
4 413 (-424 256 440 ) (-424 264 440 ) (-424 264 248 ) (-424 256 248 ) 
4 413 (-424 192 440 ) (-424 200 440 ) (-424 200 248 ) (-424 192 248 ) 
4 413 (-424 320 440 ) (-424 328 440 ) (-424 328 248 ) (-424 320 248 ) 
4 413 (-424 128 440 ) (-424 136 440 ) (-424 136 248 ) (-424 128 248 ) 
4 413 (-424 64 440 ) (-424 72 440 ) (-424 72 248 ) (-424 64 248 ) 
4 413 (-424 0 248 ) (-424 0 440 ) (-424 8 440 ) (-424 8 248 ) 
4 413 (-424 0 240 ) (-424 0 248 ) (-424 336 248 ) (-424 336 240 ) 
4 413 (-424 0 440 ) (-424 0 448 ) (-424 336 448 ) (-424 336 440 ) 
4 413 (-344 336 254 ) (-344 336 272 ) (-200 336 272 ) (-200 336 254 ) 
4 413 (-208 336 240 ) (-208 336 254 ) (-200 336 254 ) (-200 336 240 ) 
4 413 (-336 336 240 ) (-344 336 240 ) (-344 336 254 ) (-336 336 254 ) 
4 413 (0 0 240 ) (-424 0 240 ) (-424 336 240 ) (0 336 240 ) 
4 414 (-440 64 450.481689 ) (-440 56 450.481689 ) (-424 56 452.136871 ) (-424 64 452.136871 ) 
4 414 (-440 128 450.481689 ) (-440 120 450.481689 ) (-424 120 452.136871 ) (-424 128 452.136871 ) 
4 414 (-440 192 450.481689 ) (-440 184 450.481689 ) (-424 184 452.136871 ) (-424 192 452.136871 ) 
4 414 (-440 256 450.481689 ) (-440 248 450.481689 ) (-424 248 452.136871 ) (-424 256 452.136871 ) 
4 414 (-440 320 450.481689 ) (-440 312 450.481689 ) (-424 312 452.136871 ) (-424 320 452.136871 ) 
4 414 (-440 384 450.481689 ) (-440 376 450.481689 ) (-424 376 452.136871 ) (-424 384 452.136871 ) 
4 414 (-440 448 450.481689 ) (-440 440 450.481689 ) (-424 440 452.136871 ) (-424 448 452.136871 ) 
4 414 (-440 0 448 ) (-440 496 448 ) (-424 496 448 ) (-424 0 448 ) 
4 415 (-440 456 248 ) (-424 456 248 ) (-424 456 440 ) (-440 456 440 ) 
4 415 (-432 496 248 ) (-440 496 248 ) (-440 496 440 ) (-432 496 440 ) 
4 415 (-424 456 440 ) (-424 496 440 ) (-440 496 440 ) (-440 456 440 ) 
4 415 (-440 456 248 ) (-440 496 248 ) (-424 496 248 ) (-424 456 248 ) 
4 416 (-440 392 248 ) (-424 392 248 ) (-424 392 440 ) (-440 392 440 ) 
4 416 (-424 392 440 ) (-424 448 440 ) (-440 448 440 ) (-440 392 440 ) 
4 416 (-440 392 248 ) (-440 448 248 ) (-424 448 248 ) (-424 392 248 ) 
4 416 (-440 448 440 ) (-424 448 440 ) (-424 448 248 ) (-440 448 248 ) 
4 417 (-440 328 248 ) (-424 328 248 ) (-424 328 440 ) (-440 328 440 ) 
4 417 (-424 328 440 ) (-424 384 440 ) (-440 384 440 ) (-440 328 440 ) 
4 417 (-440 328 248 ) (-440 384 248 ) (-424 384 248 ) (-424 328 248 ) 
4 417 (-440 384 440 ) (-424 384 440 ) (-424 384 248 ) (-440 384 248 ) 
4 418 (-440 264 248 ) (-424 264 248 ) (-424 264 440 ) (-440 264 440 ) 
4 418 (-424 264 440 ) (-424 320 440 ) (-440 320 440 ) (-440 264 440 ) 
4 418 (-440 264 248 ) (-440 320 248 ) (-424 320 248 ) (-424 264 248 ) 
4 418 (-440 320 440 ) (-424 320 440 ) (-424 320 248 ) (-440 320 248 ) 
4 419 (-440 200 248 ) (-440 256 248 ) (-424 256 248 ) (-424 200 248 ) 
4 419 (-424 200 440 ) (-424 256 440 ) (-440 256 440 ) (-440 200 440 ) 
4 419 (-440 200 248 ) (-424 200 248 ) (-424 200 440 ) (-440 200 440 ) 
4 419 (-440 256 440 ) (-424 256 440 ) (-424 256 248 ) (-440 256 248 ) 
4 420 (-440 192 440 ) (-424 192 440 ) (-424 192 248 ) (-440 192 248 ) 
4 420 (-440 136 248 ) (-440 192 248 ) (-424 192 248 ) (-424 136 248 ) 
4 420 (-424 136 440 ) (-424 192 440 ) (-440 192 440 ) (-440 136 440 ) 
4 420 (-440 136 248 ) (-424 136 248 ) (-424 136 440 ) (-440 136 440 ) 
4 421 (-440 128 440 ) (-424 128 440 ) (-424 128 248 ) (-440 128 248 ) 
4 421 (-440 72 248 ) (-440 128 248 ) (-424 128 248 ) (-424 72 248 ) 
4 421 (-424 72 440 ) (-424 128 440 ) (-440 128 440 ) (-440 72 440 ) 
4 421 (-440 72 248 ) (-424 72 248 ) (-424 72 440 ) (-440 72 440 ) 
4 422 (-440 64 440 ) (-424 64 440 ) (-424 64 248 ) (-440 64 248 ) 
4 422 (-440 8 248 ) (-440 64 248 ) (-424 64 248 ) (-424 8 248 ) 
4 422 (-424 8 440 ) (-424 64 440 ) (-440 64 440 ) (-440 8 440 ) 
4 422 (-440 8 248 ) (-424 8 248 ) (-424 8 440 ) (-440 8 440 ) 
4 423 (-424 496 208 ) (0 496 208 ) (0 456 208 ) (-424 456 208 ) 
4 423 (-440 480 208 ) (-440 456 208 ) (-440 456 232 ) (-440 480 232 ) 
4 423 (-200 456 232 ) (0 456 232 ) (0 496 232 ) (-200 496 232 ) 
4 423 (-344 456 232 ) (-200 456 232 ) (-200 496 232 ) (-344 496 232 ) 
4 423 (-344 456 232 ) (-344 496 232 ) (-424 496 232 ) (-424 456 232 ) 
4 423 (-424 456 232 ) (-424 496 232 ) (-440 496 232 ) (-440 456 232 ) 
4 423 (0 456 232 ) (-440 456 232 ) (-440 456 208 ) (0 456 208 ) 
4 424 (-424 448 208 ) (0 448 208 ) (0 392 208 ) (-424 392 208 ) 
4 424 (-440 448 208 ) (-440 392 208 ) (-440 392 232 ) (-440 448 232 ) 
4 424 (0 392 232 ) (-440 392 232 ) (-440 392 208 ) (0 392 208 ) 
4 424 (0 448 208 ) (-440 448 208 ) (-440 448 232 ) (0 448 232 ) 
4 424 (-424 392 232 ) (-424 448 232 ) (-440 448 232 ) (-440 392 232 ) 
4 424 (-344 392 232 ) (-344 448 232 ) (-424 448 232 ) (-424 392 232 ) 
4 424 (-344 448 232 ) (-344 392 232 ) (-200 392 232 ) (-200 448 232 ) 
4 424 (-200 448 232 ) (-200 392 232 ) (0 392 232 ) (0 448 232 ) 
4 425 (-440 328 208 ) (-440 384 208 ) (-424 384 208 ) (-424 328 208 ) 
4 425 (0 376 208 ) (0 360 208 ) (-8 360 208 ) (-8 376 208 ) 
4 425 (-160 360 208 ) (-424 360 208 ) (-424 376 208 ) (-160 376 208 ) 
4 425 (-424 384 208 ) (0 384 208 ) (0 376 208 ) (-424 376 208 ) 
4 425 (0 328 232 ) (-440 328 232 ) (-440 328 208 ) (0 328 208 ) 
4 425 (-200 384 232 ) (-200 336 232 ) (0 336 232 ) (0 384 232 ) 
4 425 (-344 384 232 ) (-344 336 232 ) (-200 336 232 ) (-200 384 232 ) 
4 425 (-344 336 232 ) (-344 384 232 ) (-424 384 232 ) (-424 336 232 ) 
4 425 (0 328 232 ) (0 336 232 ) (-424 336 232 ) (-424 328 232 ) 
4 425 (-424 328 232 ) (-424 384 232 ) (-440 384 232 ) (-440 328 232 ) 
4 425 (0 384 208 ) (-440 384 208 ) (-440 384 232 ) (0 384 232 ) 
4 426 (-440 264 208 ) (-440 320 208 ) (-424 320 208 ) (-424 264 208 ) 
4 426 (0 264 232 ) (-440 264 232 ) (-440 264 208 ) (0 264 208 ) 
4 426 (0 320 208 ) (-440 320 208 ) (-440 320 232 ) (0 320 232 ) 
4 426 (-424 264 232 ) (-424 320 232 ) (-440 320 232 ) (-440 264 232 ) 
4 426 (0 264 232 ) (0 320 232 ) (-424 320 232 ) (-424 264 232 ) 
4 427 (-440 200 208 ) (-440 256 208 ) (-424 256 208 ) (-424 200 208 ) 
4 427 (0 200 232 ) (-440 200 232 ) (-440 200 208 ) (0 200 208 ) 
4 427 (0 200 232 ) (0 256 232 ) (-424 256 232 ) (-424 200 232 ) 
4 427 (-424 200 232 ) (-424 256 232 ) (-440 256 232 ) (-440 200 232 ) 
4 427 (0 256 208 ) (-440 256 208 ) (-440 256 232 ) (0 256 232 ) 
4 428 (-440 136 208 ) (-440 192 208 ) (-424 192 208 ) (-424 136 208 ) 
4 428 (0 136 232 ) (-440 136 232 ) (-440 136 208 ) (0 136 208 ) 
4 428 (0 192 208 ) (-440 192 208 ) (-440 192 232 ) (0 192 232 ) 
4 428 (-424 136 232 ) (-424 192 232 ) (-440 192 232 ) (-440 136 232 ) 
4 428 (0 136 232 ) (0 192 232 ) (-424 192 232 ) (-424 136 232 ) 
4 429 (-440 72 208 ) (-440 128 208 ) (-424 128 208 ) (-424 72 208 ) 
4 429 (0 72 232 ) (-440 72 232 ) (-440 72 208 ) (0 72 208 ) 
4 429 (0 72 232 ) (0 128 232 ) (-424 128 232 ) (-424 72 232 ) 
4 429 (-424 72 232 ) (-424 128 232 ) (-440 128 232 ) (-440 72 232 ) 
4 429 (0 128 208 ) (-440 128 208 ) (-440 128 232 ) (0 128 232 ) 
4 430 (-440 8 208 ) (-440 64 208 ) (-424 64 208 ) (-424 8 208 ) 
4 430 (0 64 208 ) (-440 64 208 ) (-440 64 232 ) (0 64 232 ) 
4 430 (0 8 232 ) (-440 8 232 ) (-440 8 208 ) (0 8 208 ) 
4 430 (-424 8 232 ) (-424 64 232 ) (-440 64 232 ) (-440 8 232 ) 
4 430 (0 8 232 ) (0 64 232 ) (-424 64 232 ) (-424 8 232 ) 
4 431 (-448 64 449.654114 ) (-448 56 449.654114 ) (-440 56 450.481689 ) (-440 64 450.481689 ) 
4 431 (-448 128 449.654114 ) (-448 120 449.654114 ) (-440 120 450.481689 ) (-440 128 450.481689 ) 
4 431 (-448 192 449.654114 ) (-448 184 449.654114 ) (-440 184 450.481689 ) (-440 192 450.481689 ) 
4 431 (-448 256 449.654114 ) (-448 248 449.654114 ) (-440 248 450.481689 ) (-440 256 450.481689 ) 
4 431 (-448 320 449.654114 ) (-448 312 449.654114 ) (-440 312 450.481689 ) (-440 320 450.481689 ) 
4 431 (-448 384 449.654114 ) (-448 376 449.654114 ) (-440 376 450.481689 ) (-440 384 450.481689 ) 
4 431 (-448 448 449.654114 ) (-448 440 449.654114 ) (-440 440 450.481689 ) (-440 448 450.481689 ) 
4 431 (-448 392 240 ) (-448 480 240 ) (-440 480 240 ) (-440 392 240 ) 
4 431 (-440 256 248 ) (-440 264 248 ) (-440 264 440 ) (-440 256 440 ) 
4 431 (-440 192 248 ) (-440 200 248 ) (-440 200 440 ) (-440 192 440 ) 
4 431 (-440 320 248 ) (-440 328 248 ) (-440 328 440 ) (-440 320 440 ) 
4 431 (-440 128 248 ) (-440 136 248 ) (-440 136 440 ) (-440 128 440 ) 
4 431 (-440 384 248 ) (-440 392 248 ) (-440 392 440 ) (-440 384 440 ) 
4 431 (-440 64 248 ) (-440 72 248 ) (-440 72 440 ) (-440 64 440 ) 
4 431 (-440 448 248 ) (-440 456 248 ) (-440 456 440 ) (-440 448 440 ) 
4 431 (-440 8 248 ) (-440 8 440 ) (-440 0 440 ) (-440 0 248 ) 
4 431 (-440 496 240 ) (-440 496 248 ) (-440 0 248 ) (-440 0 240 ) 
4 431 (-440 496 440 ) (-440 496 448 ) (-440 0 448 ) (-440 0 440 ) 
4 432 (-440 480 232 ) (-440 496 232 ) (-440 496 240 ) (-440 480 240 ) 
4 432 (-440 480 208 ) (-440 480 240 ) (-448 480 240 ) (-448 480 208 ) 
4 433 (-448 392 208 ) (-448 392 240 ) (-440 392 240 ) (-440 392 208 ) 
4 433 (-440 392 232 ) (-440 392 240 ) (-440 0 240 ) (-440 0 232 ) 
4 433 (-440 8 232 ) (-440 0 232 ) (-440 0 208 ) (-440 8 208 ) 
4 433 (-440 328 232 ) (-440 320 232 ) (-440 320 208 ) (-440 328 208 ) 
4 433 (-440 392 232 ) (-440 384 232 ) (-440 384 208 ) (-440 392 208 ) 
4 433 (-440 200 232 ) (-440 192 232 ) (-440 192 208 ) (-440 200 208 ) 
4 433 (-440 264 232 ) (-440 256 232 ) (-440 256 208 ) (-440 264 208 ) 
4 433 (-440 72 232 ) (-440 64 232 ) (-440 64 208 ) (-440 72 208 ) 
4 433 (-440 136 232 ) (-440 128 232 ) (-440 128 208 ) (-440 136 208 ) 
4 434 (-464 64 447.998932 ) (-464 56 447.998932 ) (-448 56 449.654114 ) (-448 64 449.654114 ) 
4 434 (-464 128 447.998932 ) (-464 120 447.998932 ) (-448 120 449.654114 ) (-448 128 449.654114 ) 
4 434 (-464 192 447.998932 ) (-464 184 447.998932 ) (-448 184 449.654114 ) (-448 192 449.654114 ) 
4 434 (-464 256 447.998932 ) (-464 248 447.998932 ) (-448 248 449.654114 ) (-448 256 449.654114 ) 
4 434 (-464 320 447.998932 ) (-464 312 447.998932 ) (-448 312 449.654114 ) (-448 320 449.654114 ) 
4 434 (-464 384 447.998932 ) (-464 376 447.998932 ) (-448 376 449.654114 ) (-448 384 449.654114 ) 
4 434 (-464 448 447.998932 ) (-464 440 447.998932 ) (-448 440 449.654114 ) (-448 448 449.654114 ) 
4 434 (-448 480 240 ) (-448 392 240 ) (-448 392 208 ) (-448 480 208 ) 
4 435 (-464 456 448 ) (0 456 560 ) (0 456 576 ) (-464 456 464 ) 
4 436 (-464 448 448 ) (0 448 496 ) (0 448 512 ) (-348 448 476 ) 
4 436 (0 456 559.998352 ) (-463.991058 456 448 ) (-463.991058 448 448 ) (0 448 559.998535 ) 
4 437 (-464 448 464 ) (0 448 576 ) (0 448 560 ) (-348 448 476 ) 
4 437 (0 440 512 ) (-464 440 464 ) (-464 448 464 ) (0 448 512 ) 
4 438 (-464 392 448 ) (0 392 560 ) (0 392 576 ) (-464 392 464 ) 
4 438 (-464 440 464 ) (0 440 512 ) (0 440 496 ) (-464 440 448 ) 
4 439 (-464 384 448 ) (0 384 496 ) (0 384 512 ) (-348 384 476 ) 
4 439 (0 392 559.998352 ) (-463.991058 392 448 ) (-463.991058 384 448 ) (0 384 559.998535 ) 
4 440 (-464 384 464 ) (0 384 576 ) (0 384 560 ) (-348 384 476 ) 
4 440 (0 376 512 ) (-464 376 464 ) (-464 384 464 ) (0 384 512 ) 
4 441 (-464 328 448 ) (0 328 560 ) (0 328 576 ) (-464 328 464 ) 
4 441 (-464 376 464 ) (0 376 512 ) (0 376 496 ) (-464 376 448 ) 
4 442 (-464 320 448 ) (0 320 496 ) (0 320 512 ) (-348 320 476 ) 
4 442 (0 328 559.998352 ) (-463.991058 328 448 ) (-463.991058 320 448 ) (0 320 559.998535 ) 
4 443 (-464 320 464 ) (0 320 576 ) (0 320 560 ) (-348 320 476 ) 
4 443 (0 312 512 ) (-464 312 464 ) (-464 320 464 ) (0 320 512 ) 
4 444 (-464 264 448 ) (0 264 560 ) (0 264 576 ) (-464 264 464 ) 
4 444 (-464 312 464 ) (0 312 512 ) (0 312 496 ) (-464 312 448 ) 
4 445 (-464 256 448 ) (0 256 496 ) (0 256 512 ) (-348 256 476 ) 
4 445 (0 264 559.998352 ) (-463.991058 264 448 ) (-463.991058 256 448 ) (0 256 559.998535 ) 
4 446 (-464 256 464 ) (0 256 576 ) (0 256 560 ) (-348 256 476 ) 
4 446 (0 248 512 ) (-464 248 464 ) (-464 256 464 ) (0 256 512 ) 
4 447 (-464 200 448 ) (0 200 560 ) (0 200 576 ) (-464 200 464 ) 
4 447 (-464 248 464 ) (0 248 512 ) (0 248 496 ) (-464 248 448 ) 
4 448 (-464 192 448 ) (0 192 496 ) (0 192 512 ) (-348 192 476 ) 
4 448 (0 200 559.998352 ) (-463.991058 200 448 ) (-463.991058 192 448 ) (0 192 559.998535 ) 
4 449 (-464 192 464 ) (0 192 576 ) (0 192 560 ) (-348 192 476 ) 
4 449 (0 184 512 ) (-464 184 464 ) (-464 192 464 ) (0 192 512 ) 
4 450 (-464 136 448 ) (0 136 560 ) (0 136 576 ) (-464 136 464 ) 
4 450 (-464 184 464 ) (0 184 512 ) (0 184 496 ) (-464 184 448 ) 
4 451 (-464 128 448 ) (0 128 496 ) (0 128 512 ) (-348 128 476 ) 
4 451 (0 136 559.998352 ) (-463.991058 136 448 ) (-463.991058 128 448 ) (0 128 559.998535 ) 
4 452 (-464 128 464 ) (0 128 576 ) (0 128 560 ) (-348 128 476 ) 
4 452 (0 120 512 ) (-464 120 464 ) (-464 128 464 ) (0 128 512 ) 
4 453 (-464 72 448 ) (0 72 560 ) (0 72 576 ) (-464 72 464 ) 
4 453 (-464 120 464 ) (0 120 512 ) (0 120 496 ) (-464 120 448 ) 
4 454 (-464 64 448 ) (0 64 496 ) (0 64 512 ) (-348 64 476 ) 
4 454 (0 72 559.998352 ) (-463.991058 72 448 ) (-463.991058 64 448 ) (0 64 559.998535 ) 
4 455 (-464 64 464 ) (0 64 576 ) (0 64 560 ) (-348 64 476 ) 
4 455 (0 56 512 ) (-464 56 464 ) (-464 64 464 ) (0 64 512 ) 
4 456 (-464 8 448 ) (0 8 560 ) (0 8 576 ) (-464 8 464 ) 
4 456 (-464 56 464 ) (0 56 512 ) (0 56 496 ) (-464 56 448 ) 
4 457 (0 0 496 ) (0 0 512 ) (-348 0 476 ) (-464 0 448 ) 
4 457 (0 8 559.998352 ) (-463.991058 8 448 ) (-463.991058 0 448 ) (0 0 559.998352 ) 
4 458 (-160 376 208 ) (-160 376 200 ) (-160 360 200 ) (-160 360 208 ) 
4 458 (-160 376 208 ) (-8 376 208 ) (-8 376 200 ) (-160 376 200 ) 
4 458 (-8 360 208 ) (-8 360 200 ) (-8 376 200 ) (-8 376 208 ) 
4 459 (-424 0 208 ) (-424 360 208 ) (-424 360 200 ) (-424 0 200 ) 
4 459 (-424 352 200 ) (-424 360 200 ) (-160 360 200 ) (-160 352 200 ) 
4 459 (-8 352 200 ) (-8 360 200 ) (0 360 200 ) (0 352 200 ) 
4 459 (-8 360 208 ) (0 360 208 ) (0 360 200 ) (-8 360 200 ) 
4 459 (-160 360 208 ) (-160 360 200 ) (-424 360 200 ) (-424 360 208 ) 
4 459 (0 8 208 ) (-424 8 208 ) (-424 0 208 ) (0 0 208 ) 
4 459 (-424 320 208 ) (0 320 208 ) (0 328 208 ) (-424 328 208 ) 
4 459 (-424 192 208 ) (0 192 208 ) (0 200 208 ) (-424 200 208 ) 
4 459 (-424 256 208 ) (0 256 208 ) (0 264 208 ) (-424 264 208 ) 
4 459 (-424 64 208 ) (0 64 208 ) (0 72 208 ) (-424 72 208 ) 
4 459 (-424 128 208 ) (0 128 208 ) (0 136 208 ) (-424 136 208 ) 
4 460 (-8 384 200 ) (-8 384 0 ) (0 384 0 ) (0 384 200 ) 
4 460 (-8 384 200 ) (0 384 200 ) (0 496 200 ) (-8 496 200 ) 
4 461 (0 352 200 ) (0 352 0 ) (-8 352 0 ) (-8 352 200 ) 
4 462 (-160 360 200 ) (-160 376 200 ) (-160 376 8 ) (-160 360 8 ) 
4 462 (-160 376 200 ) (-160 384 200 ) (-160 384 8 ) (-160 376 8 ) 
4 462 (-160 384 8 ) (-160 384 0 ) (-160 360 0 ) (-160 360 8 ) 
4 462 (-160 352 200 ) (-160 360 200 ) (-160 360 0 ) (-160 352 0 ) 
4 462 (-8 352 0 ) (-8 384 0 ) (-8 384 200 ) (-8 352 200 ) 
4 462 (-160 376 200 ) (-8 376 200 ) (-8 496 200 ) (-160 496 200 ) 
4 462 (-160 496 8 ) (-128 496 8 ) (-128 496 0 ) (-160 496 0 ) 
4 462 (-144 496 8 ) (-144 496 200 ) (-128 496 200 ) (-128 496 8 ) 
4 463 (-424 384 8 ) (-424 384 200 ) (-424 392 200 ) (-424 392 8 ) 
4 463 (-424 392 0 ) (-424 384 0 ) (-424 384 8 ) (-424 392 8 ) 
4 463 (-160 384 8 ) (-160 384 200 ) (-424 384 200 ) (-424 384 8 ) 
4 463 (-160 384 0 ) (-160 384 8 ) (-424 384 8 ) (-424 384 0 ) 
4 463 (-272 496 8 ) (-280 496 8 ) (-280 496 200 ) (-272 496 200 ) 
4 463 (-336 496 8 ) (-344 496 8 ) (-344 496 200 ) (-336 496 200 ) 
4 463 (-208 496 8 ) (-216 496 8 ) (-216 496 200 ) (-208 496 200 ) 
4 463 (-400 496 8 ) (-408 496 8 ) (-408 496 200 ) (-400 496 200 ) 
4 463 (-424 496 8 ) (-160 496 8 ) (-160 496 0 ) (-424 496 0 ) 
4 463 (-160 384 200 ) (-160 496 200 ) (-424 496 200 ) (-424 384 200 ) 
4 464 (-424 376 200 ) (-360 376 200 ) (-360 376 8 ) (-424 376 8 ) 
4 464 (-360 360 200 ) (-424 360 200 ) (-424 360 8 ) (-360 360 8 ) 
4 464 (-360 360 200 ) (-360 376 200 ) (-424 376 200 ) (-424 360 200 ) 
4 464 (-360 360 8 ) (-424 360 8 ) (-424 376 8 ) (-360 376 8 ) 
4 464 (-360 360 200 ) (-360 360 8 ) (-360 376 8 ) (-360 376 200 ) 
4 465 (-424 232 0 ) (-424 224 0 ) (-424 224 200 ) (-424 232 200 ) 
4 465 (-424 320 8 ) (-424 320 200 ) (-424 328 200 ) (-424 328 8 ) 
4 465 (-424 352 0 ) (-424 320 0 ) (-424 320 8 ) (-424 352 8 ) 
4 465 (-424 352 0 ) (-424 352 200 ) (-160 352 200 ) (-160 352 0 ) 
4 466 (-440 480 208 ) (-448 480 208 ) (-448 480 200 ) (-440 480 200 ) 
4 466 (-440 480 200 ) (-448 480 200 ) (-448 496 200 ) (-440 496 200 ) 
4 466 (-424 480 200 ) (-424 496 200 ) (-424 496 208 ) (-424 480 208 ) 
4 467 (-440 496 8 ) (-440 496 200 ) (-432 496 200 ) (-432 496 8 ) 
4 467 (-440 480 0 ) (-440 480 200 ) (-440 496 200 ) (-440 496 0 ) 
4 468 (-448 496 0 ) (-448 496 200 ) (-448 480 200 ) (-448 480 0 ) 
4 469 (-424 392 168 ) (-424 392 200 ) (-440 392 200 ) (-440 392 168 ) 
4 469 (-424 392 200 ) (-424 392 208 ) (-440 392 208 ) (-440 392 200 ) 
4 469 (-424 448 208 ) (-424 456 208 ) (-440 456 208 ) (-440 448 208 ) 
4 469 (-424 392 200 ) (-424 480 200 ) (-424 480 208 ) (-424 392 208 ) 
4 469 (-440 480 208 ) (-440 480 168 ) (-440 392 168 ) (-440 392 208 ) 
4 470 (-440 392 168 ) (-448 392 168 ) (-448 392 0 ) (-440 392 0 ) 
4 470 (-424 392 8 ) (-424 392 168 ) (-440 392 168 ) (-440 392 8 ) 
4 470 (-424 392 0 ) (-424 392 8 ) (-440 392 8 ) (-440 392 0 ) 
4 470 (-440 480 168 ) (-448 480 168 ) (-448 392 168 ) (-440 392 168 ) 
4 470 (-440 480 168 ) (-440 480 0 ) (-448 480 0 ) (-448 480 168 ) 
4 471 (-448 392 208 ) (-448 392 168 ) (-448 480 168 ) (-448 480 208 ) 
4 472 (-448 392 200 ) (-440 392 200 ) (-440 224 200 ) (-448 224 200 ) 
4 472 (-440 392 200 ) (-448 392 200 ) (-448 392 208 ) (-440 392 208 ) 
4 472 (-440 0 208 ) (-440 0 200 ) (-440 392 200 ) (-440 392 208 ) 
4 473 (-440 376 200 ) (-440 384 200 ) (-440 384 8 ) (-440 376 8 ) 
4 473 (-440 376 200 ) (-440 376 8 ) (-432 376 8 ) (-432 376 200 ) 
4 473 (-440 376 8 ) (-440 384 8 ) (-424 384 8 ) (-424 376 8 ) 
4 473 (-424 376 8 ) (-424 384 8 ) (-424 384 200 ) (-424 376 200 ) 
4 473 (-440 384 200 ) (-440 376 200 ) (-424 376 200 ) (-424 384 200 ) 
4 473 (-424 384 200 ) (-424 384 8 ) (-440 384 8 ) (-440 384 200 ) 
4 474 (-432 376 200 ) (-432 376 8 ) (-432 360 8 ) (-432 360 200 ) 
4 474 (-432 376 8 ) (-424 376 8 ) (-424 328 8 ) (-432 328 8 ) 
4 474 (-424 360 8 ) (-424 360 200 ) (-424 352 200 ) (-424 352 8 ) 
4 474 (-432 376 200 ) (-432 328 200 ) (-424 328 200 ) (-424 376 200 ) 
4 474 (-432 328 8 ) (-424 328 8 ) (-424 328 200 ) (-432 328 200 ) 
4 475 (-440 328 200 ) (-440 360 200 ) (-440 360 8 ) (-440 328 8 ) 
4 475 (-440 328 200 ) (-440 328 8 ) (-432 328 8 ) (-432 328 200 ) 
4 475 (-432 360 200 ) (-440 360 200 ) (-440 328 200 ) (-432 328 200 ) 
4 475 (-440 328 8 ) (-440 360 8 ) (-432 360 8 ) (-432 328 8 ) 
4 475 (-432 360 200 ) (-432 360 8 ) (-440 360 8 ) (-440 360 200 ) 
4 476 (-440 232 200 ) (-440 320 200 ) (-440 320 0 ) (-440 232 0 ) 
4 476 (-440 320 200 ) (-440 232 200 ) (-424 232 200 ) (-424 320 200 ) 
4 476 (-424 320 8 ) (-424 320 0 ) (-440 320 0 ) (-440 320 8 ) 
4 476 (-424 320 200 ) (-424 320 8 ) (-440 320 8 ) (-440 320 200 ) 
4 476 (-440 232 200 ) (-440 232 0 ) (-424 232 0 ) (-424 232 200 ) 
4 477 (-448 392 0 ) (-448 392 200 ) (-448 224 200 ) (-448 224 0 ) 
4 478 (-440 224 0 ) (-448 224 0 ) (-448 224 200 ) (-440 224 200 ) 
4 478 (-440 224 0 ) (-440 224 200 ) (-424 224 200 ) (-424 224 0 ) 
4 478 (-440 224 200 ) (-440 0 200 ) (-424 0 200 ) (-424 224 200 ) 
4 479 (-464 520 448 ) (-464 520 464 ) (-464 512 464 ) (-464 512 448 ) 
4 479 (-464 504 464 ) (-464 504 448 ) (-464 512 448 ) (-464 512 464 ) 
4 479 (-464 448 448 ) (-464 456 448 ) (-464 456 464 ) (-464 448 464 ) 
4 479 (-464 440 448 ) (-464 448 448 ) (-464 448 464 ) (-464 440 464 ) 
4 479 (-464 384 448 ) (-464 392 448 ) (-464 392 464 ) (-464 384 464 ) 
4 479 (-464 376 448 ) (-464 384 448 ) (-464 384 464 ) (-464 376 464 ) 
4 479 (-464 320 448 ) (-464 328 448 ) (-464 328 464 ) (-464 320 464 ) 
4 479 (-464 312 448 ) (-464 320 448 ) (-464 320 464 ) (-464 312 464 ) 
4 479 (-464 256 448 ) (-464 264 448 ) (-464 264 464 ) (-464 256 464 ) 
4 479 (-464 248 448 ) (-464 256 448 ) (-464 256 464 ) (-464 248 464 ) 
4 479 (-464 192 448 ) (-464 200 448 ) (-464 200 464 ) (-464 192 464 ) 
4 479 (-464 184 448 ) (-464 192 448 ) (-464 192 464 ) (-464 184 464 ) 
4 479 (-464 128 448 ) (-464 136 448 ) (-464 136 464 ) (-464 128 464 ) 
4 479 (-464 120 448 ) (-464 128 448 ) (-464 128 464 ) (-464 120 464 ) 
4 479 (-464 64 448 ) (-464 72 448 ) (-464 72 464 ) (-464 64 464 ) 
4 479 (-464 56 448 ) (-464 64 448 ) (-464 64 464 ) (-464 56 464 ) 
4 479 (-464 8 448 ) (-464 8 464 ) (-464 0 464 ) (-464 0 448 ) 
4 479 (-1020 1024 0 ) (-1020 0 0 ) (-1020 0 1024 ) (-1020 1024 1024 ) 
4 480 (-424 320 -64 ) (-424 232 -64 ) (-424 232 -56 ) (-424 320 -56 ) 
4 480 (-424 224 -64 ) (-424 224 0 ) (-424 232 0 ) (-424 232 -64 ) 
4 480 (-424 552 0 ) (-424 544 0 ) (-416 544 0 ) (-416 552 0 ) 
4 480 (-416 544 0 ) (-424 544 0 ) (-424 512 0 ) (-416 512 0 ) 
4 480 (-128 544 0 ) (-160 544 0 ) (-160 512 0 ) (-128 512 0 ) 
4 480 (-160 520 0 ) (-416 520 0 ) (-416 512 0 ) (-160 512 0 ) 
4 480 (-424 496 0 ) (-128 496 0 ) (-128 512 0 ) (-424 512 0 ) 
4 480 (0 352 0 ) (0 384 0 ) (-8 384 0 ) (-8 352 0 ) 
4 480 (-160 352 0 ) (-160 360 0 ) (-424 360 0 ) (-424 352 0 ) 
4 480 (-160 360 0 ) (-160 384 0 ) (-424 384 0 ) (-424 360 0 ) 
4 480 (-424 1024 -512 ) (0 1024 -512 ) (0 224 -512 ) (-424 224 -512 ) 
4 481 (-448 392 -64 ) (-440 392 -64 ) (-440 392 0 ) (-448 392 0 ) 
4 481 (-1020 1024 -64 ) (-1020 392 -64 ) (-1020 392 0 ) (-1020 1024 0 ) 
4 481 (-448 480 0 ) (-440 480 0 ) (-440 496 0 ) (-448 496 0 ) 
4 481 (-448 496 0 ) (-440 496 0 ) (-440 512 0 ) (-448 512 0 ) 
4 481 (-448 512 0 ) (-440 512 0 ) (-440 552 0 ) (-448 552 0 ) 
4 482 (-424 232 -56 ) (-440 232 -56 ) (-440 320 -56 ) (-424 320 -56 ) 
4 482 (-440 392 0 ) (-440 392 -56 ) (-440 232 -56 ) (-440 232 0 ) 
4 482 (-440 320 0 ) (-424 320 0 ) (-424 392 0 ) (-440 392 0 ) 
4 482 (-424 232 -56 ) (-424 232 0 ) (-440 232 0 ) (-440 232 -56 ) 
4 483 (-440 392 -56 ) (-440 392 -64 ) (-440 320 -64 ) (-440 320 -56 ) 
4 483 (-424 320 -56 ) (-440 320 -56 ) (-440 320 -64 ) (-424 320 -64 ) 
4 484 (-448 232 0 ) (-448 232 -64 ) (-448 392 -64 ) (-448 392 0 ) 
4 484 (-448 232 0 ) (-448 224 0 ) (-448 224 -64 ) (-448 232 -64 ) 
4 484 (-1020 392 -64 ) (-1020 224 -64 ) (-1020 224 0 ) (-1020 392 0 ) 
4 485 (-1020 1024 -512 ) (-424 1024 -512 ) (-424 224 -512 ) (-1020 224 -512 ) 
4 485 (-448 232 -64 ) (-448 224 -64 ) (-424 224 -64 ) (-424 232 -64 ) 
4 485 (-440 392 -64 ) (-448 392 -64 ) (-448 232 -64 ) (-440 232 -64 ) 
4 485 (-440 320 -64 ) (-440 232 -64 ) (-424 232 -64 ) (-424 320 -64 ) 
4 485 (-1020 1024 -512 ) (-1020 224 -512 ) (-1020 224 -64 ) (-1020 1024 -64 ) 
4 486 (0 0 -512 ) (-1020 0 -512 ) (-1020 224 -512 ) (0 224 -512 ) 
4 486 (-448 224 -64 ) (-448 224 0 ) (-424 224 0 ) (-424 224 -64 ) 
4 486 (-1020 224 0 ) (-1020 224 -512 ) (-1020 0 -512 ) (-1020 0 0 ) 
4 487 (-1020 0 1660 ) (-1020 0 1024 ) (-1020 -1024 1024 ) (-1020 -1024 1660 ) 
4 487 (0 0 1660 ) (-1020 0 1660 ) (-1020 -1024 1660 ) (0 -1024 1660 ) 
4 488 (0 -8 512 ) (-464 -8 464 ) (-464 0 464 ) (0 0 512 ) 
4 488 (-348 0 476 ) (-464 0 464 ) (0 0 576 ) (0 0 560 ) 
4 489 (-440 0 448 ) (-424 0 448 ) (-424 -8 448 ) (-440 -8 448 ) 
4 489 (-424 0 448 ) (-208 0 448 ) (-208 -8 448 ) (-424 -8 448 ) 
4 489 (-48 0 448 ) (0 0 448 ) (0 -8 448 ) (-48 -8 448 ) 
4 489 (-464 0 448 ) (-464 -8 448 ) (0 -8 496 ) (0 0 496 ) 
4 490 (-440 -8 448 ) (-424 -8 448 ) (-424 -56 448 ) (-440 -56 448 ) 
4 490 (-32 -56 448 ) (-224 -56 448 ) (-224 -48 448 ) (-32 -48 448 ) 
4 490 (-424 -8 448 ) (-208 -8 448 ) (-208 -16 448 ) (-424 -16 448 ) 
4 490 (-48 -8 448 ) (0 -8 448 ) (0 -16 448 ) (-48 -16 448 ) 
4 490 (-464 -56 464 ) (-464 -56 448 ) (0 -56 560 ) (0 -56 576 ) 
4 490 (0 -8 512 ) (0 -8 496 ) (-464 -8 448 ) (-464 -8 464 ) 
4 491 (0 -64 496 ) (0 -64 512 ) (-348 -64 476 ) (-464 -64 448 ) 
4 491 (-424 -64 448 ) (-440 -64 448 ) (-440 -56 448 ) (-424 -56 448 ) 
4 491 (-32 -64 448 ) (-224 -64 448 ) (-224 -56 448 ) (-32 -56 448 ) 
4 491 (0 -56 559.996216 ) (-463.984772 -56 448 ) (-463.984772 -64 448 ) (0 -64 559.996338 ) 
4 492 (0 -64 576 ) (-464 -64 464 ) (-464 -56 464 ) (0 -56 576 ) 
4 493 (-464 0 464 ) (-464 -8 464 ) (-464 -8 448 ) (-464 0 448 ) 
4 493 (-464 -56 464 ) (-464 -64 464 ) (-464 -64 448 ) (-464 -56 448 ) 
4 493 (-1020 0 448 ) (-1020 -64 448 ) (-1020 -64 1024 ) (-1020 0 1024 ) 
4 494 (-48 0 448 ) (-48 -16 448 ) (-48 -16 440 ) (-48 0 440 ) 
4 494 (-208 0 440 ) (-208 -16 440 ) (-208 -16 448 ) (-208 0 448 ) 
4 495 (-424 -16 440 ) (-424 -48 440 ) (-424 -48 448 ) (-424 -16 448 ) 
4 495 (-224 -48 440 ) (-32 -48 440 ) (-32 -48 448 ) (-224 -48 448 ) 
4 495 (-48 -16 448 ) (0 -16 448 ) (0 -16 440 ) (-48 -16 440 ) 
4 495 (-208 -16 448 ) (-208 -16 440 ) (-424 -16 440 ) (-424 -16 448 ) 
4 496 (-32 -48 448 ) (-32 -48 440 ) (-32 -64 440 ) (-32 -64 448 ) 
4 497 (-384 -64 440 ) (-392 -64 440 ) (-392 -48 440 ) (-384 -48 440 ) 
4 497 (-424 -48 440 ) (-424 -64 440 ) (-424 -64 448 ) (-424 -48 448 ) 
4 497 (-224 -64 448 ) (-224 -64 440 ) (-224 -48 440 ) (-224 -48 448 ) 
4 498 (-1020 0 440 ) (-1020 -64 440 ) (-1020 -64 448 ) (-1020 0 448 ) 
4 498 (-440 0 448 ) (-440 -64 448 ) (-440 -64 440 ) (-440 0 440 ) 
4 499 (-16 0 248 ) (0 0 248 ) (0 -16 248 ) (-16 -16 248 ) 
4 499 (-16 -16 440 ) (0 -16 440 ) (0 0 440 ) (-16 0 440 ) 
4 499 (-16 0 248 ) (-16 -16 248 ) (-16 -16 440 ) (-16 0 440 ) 
4 500 (-48 0 248 ) (-32 0 248 ) (-32 -16 248 ) (-48 -16 248 ) 
4 500 (-32 0 248 ) (-24 0 248 ) (-24 -16 248 ) (-32 -16 248 ) 
4 500 (-48 -16 440 ) (-24 -16 440 ) (-24 0 440 ) (-48 0 440 ) 
4 500 (-24 0 440 ) (-24 -16 440 ) (-24 -16 248 ) (-24 0 248 ) 
4 500 (-208 0 248 ) (-208 -16 248 ) (-208 -16 440 ) (-208 0 440 ) 
4 501 (-272 0 248 ) (-224 0 248 ) (-224 -16 248 ) (-272 -16 248 ) 
4 501 (-224 0 248 ) (-216 0 248 ) (-216 -16 248 ) (-224 -16 248 ) 
4 501 (-272 -16 440 ) (-216 -16 440 ) (-216 0 440 ) (-272 0 440 ) 
4 501 (-216 0 440 ) (-216 -16 440 ) (-216 -16 248 ) (-216 0 248 ) 
4 501 (-272 0 248 ) (-272 -16 248 ) (-272 -16 440 ) (-272 0 440 ) 
4 502 (-336 0 248 ) (-280 0 248 ) (-280 -16 248 ) (-336 -16 248 ) 
4 502 (-336 0 248 ) (-336 -16 248 ) (-336 -16 440 ) (-336 0 440 ) 
4 502 (-280 0 440 ) (-280 -16 440 ) (-280 -16 248 ) (-280 0 248 ) 
4 502 (-336 -16 440 ) (-280 -16 440 ) (-280 0 440 ) (-336 0 440 ) 
4 503 (-400 0 248 ) (-344 0 248 ) (-344 -16 248 ) (-400 -16 248 ) 
4 503 (-400 0 248 ) (-400 -16 248 ) (-400 -16 440 ) (-400 0 440 ) 
4 503 (-400 -16 440 ) (-344 -16 440 ) (-344 0 440 ) (-400 0 440 ) 
4 503 (-344 0 440 ) (-344 -16 440 ) (-344 -16 248 ) (-344 0 248 ) 
4 504 (-424 0 248 ) (-408 0 248 ) (-408 -16 248 ) (-424 -16 248 ) 
4 504 (-432 0 248 ) (-424 0 248 ) (-424 -16 248 ) (-432 -16 248 ) 
4 504 (-432 0 248 ) (-432 -16 248 ) (-432 -16 440 ) (-432 0 440 ) 
4 504 (-432 0 440 ) (-424 0 440 ) (-424 0 248 ) (-432 0 248 ) 
4 504 (-408 -16 440 ) (-408 0 440 ) (-424 0 440 ) (-424 -16 440 ) 
4 504 (-432 -16 440 ) (-424 -16 440 ) (-424 0 440 ) (-432 0 440 ) 
4 504 (-408 0 440 ) (-408 -16 440 ) (-408 -16 248 ) (-408 0 248 ) 
4 505 (-1020 0 248 ) (-1020 -16 248 ) (-1020 -16 440 ) (-1020 0 440 ) 
4 505 (-440 0 440 ) (-440 -16 440 ) (-440 -16 248 ) (-440 0 248 ) 
4 506 (-440 -16 248 ) (-424 -16 248 ) (-424 -48 248 ) (-440 -48 248 ) 
4 506 (-224 -16 248 ) (-208 -16 248 ) (-208 -48 248 ) (-224 -48 248 ) 
4 506 (-48 -16 248 ) (-32 -16 248 ) (-32 -48 248 ) (-48 -48 248 ) 
4 506 (-440 -48 248 ) (-432 -48 248 ) (-432 -48 440 ) (-440 -48 440 ) 
4 506 (-224 -48 248 ) (-216 -48 248 ) (-216 -48 440 ) (-224 -48 440 ) 
4 506 (-160 -48 248 ) (-152 -48 248 ) (-152 -48 440 ) (-160 -48 440 ) 
4 506 (-392 -48 248 ) (-384 -48 248 ) (-384 -48 440 ) (-392 -48 440 ) 
4 506 (-96 -48 248 ) (-88 -48 248 ) (-88 -48 440 ) (-96 -48 440 ) 
4 506 (-40 -48 248 ) (-32 -48 248 ) (-32 -48 440 ) (-40 -48 440 ) 
4 506 (-424 -48 440 ) (-424 -16 440 ) (-440 -16 440 ) (-440 -48 440 ) 
4 506 (-24 -16 440 ) (-16 -16 440 ) (-16 -16 248 ) (-24 -16 248 ) 
4 506 (-216 -16 440 ) (-208 -16 440 ) (-208 -16 248 ) (-216 -16 248 ) 
4 506 (-280 -16 440 ) (-272 -16 440 ) (-272 -16 248 ) (-280 -16 248 ) 
4 506 (-344 -16 440 ) (-336 -16 440 ) (-336 -16 248 ) (-344 -16 248 ) 
4 506 (-408 -16 440 ) (-400 -16 440 ) (-400 -16 248 ) (-408 -16 248 ) 
4 506 (-440 -16 440 ) (-432 -16 440 ) (-432 -16 248 ) (-440 -16 248 ) 
4 506 (-1020 -16 440 ) (-1020 -16 248 ) (-1020 -48 248 ) (-1020 -48 440 ) 
4 507 (-32 -48 440 ) (-32 -48 248 ) (-32 -64 248 ) (-32 -64 440 ) 
4 508 (-88 -48 248 ) (-48 -48 248 ) (-48 -64 248 ) (-88 -64 248 ) 
4 508 (-48 -48 248 ) (-40 -48 248 ) (-40 -64 248 ) (-48 -64 248 ) 
4 508 (-88 -48 440 ) (-88 -48 248 ) (-88 -64 248 ) (-88 -64 440 ) 
4 508 (-40 -64 440 ) (-40 -64 248 ) (-40 -48 248 ) (-40 -48 440 ) 
4 508 (-40 -48 440 ) (-88 -48 440 ) (-88 -64 440 ) (-40 -64 440 ) 
4 509 (-152 -48 248 ) (-96 -48 248 ) (-96 -64 248 ) (-152 -64 248 ) 
4 509 (-152 -48 440 ) (-152 -48 248 ) (-152 -64 248 ) (-152 -64 440 ) 
4 509 (-96 -48 440 ) (-152 -48 440 ) (-152 -64 440 ) (-96 -64 440 ) 
4 509 (-96 -64 440 ) (-96 -64 248 ) (-96 -48 248 ) (-96 -48 440 ) 
4 510 (-216 -48 248 ) (-208 -48 248 ) (-208 -64 248 ) (-216 -64 248 ) 
4 510 (-208 -48 248 ) (-160 -48 248 ) (-160 -64 248 ) (-208 -64 248 ) 
4 510 (-160 -48 440 ) (-216 -48 440 ) (-216 -64 440 ) (-160 -64 440 ) 
4 510 (-160 -64 440 ) (-160 -64 248 ) (-160 -48 248 ) (-160 -48 440 ) 
4 510 (-216 -48 440 ) (-216 -48 248 ) (-216 -64 248 ) (-216 -64 440 ) 
4 511 (-224 -64 440 ) (-224 -64 248 ) (-224 -48 248 ) (-224 -48 440 ) 
4 511 (-384 -48 440 ) (-384 -48 248 ) (-384 -64 248 ) (-384 -64 440 ) 
4 512 (-424 -48 248 ) (-392 -48 248 ) (-392 -64 248 ) (-424 -64 248 ) 
4 512 (-432 -48 248 ) (-424 -48 248 ) (-424 -64 248 ) (-432 -64 248 ) 
4 512 (-432 -48 440 ) (-432 -48 248 ) (-432 -64 248 ) (-432 -64 440 ) 
4 512 (-424 -48 440 ) (-432 -48 440 ) (-432 -64 440 ) (-424 -64 440 ) 
4 512 (-392 -64 440 ) (-392 -64 248 ) (-392 -48 248 ) (-392 -48 440 ) 
4 513 (-1020 -48 440 ) (-1020 -48 248 ) (-1020 -64 248 ) (-1020 -64 440 ) 
4 513 (-440 -64 440 ) (-440 -64 248 ) (-440 -48 248 ) (-440 -48 440 ) 
4 514 (-280 -488 248 ) (-272 -488 248 ) (-272 -488 440 ) (-280 -488 440 ) 
4 514 (-216 -488 248 ) (-208 -488 248 ) (-208 -488 440 ) (-216 -488 440 ) 
4 514 (-344 -488 248 ) (-336 -488 248 ) (-336 -488 440 ) (-344 -488 440 ) 
4 514 (-152 -488 248 ) (-144 -488 248 ) (-144 -488 440 ) (-152 -488 440 ) 
4 514 (-408 -488 248 ) (-400 -488 248 ) (-400 -488 440 ) (-408 -488 440 ) 
4 514 (-88 -488 248 ) (-80 -488 248 ) (-80 -488 440 ) (-88 -488 440 ) 
4 514 (-24 -488 248 ) (-16 -488 248 ) (-16 -488 440 ) (-24 -488 440 ) 
4 514 (0 -488 440 ) (0 -488 448 ) (-424 -488 448 ) (-424 -488 440 ) 
4 514 (-424 -256 452.137909 ) (-424 -264 452.137909 ) (0 -264 496 ) (0 -256 496 ) 
4 514 (-424 -192 452.138031 ) (-424 -200 452.138000 ) (0 -200 496 ) (0 -192 496 ) 
4 514 (-424 -128 452.138153 ) (-424 -136 452.138153 ) (0 -136 496 ) (0 -128 496 ) 
4 514 (0 -64 496 ) (-424 -64 452.138275 ) (-424 -72 452.138275 ) (0 -72 496 ) 
4 514 (-424 -448 440 ) (-424 -440 440 ) (-424 -440 248 ) (-424 -448 248 ) 
4 514 (-424 -256 440 ) (-424 -248 440 ) (-424 -248 248 ) (-424 -256 248 ) 
4 514 (-424 -192 440 ) (-424 -184 440 ) (-424 -184 248 ) (-424 -192 248 ) 
4 514 (-424 -320 440 ) (-424 -312 440 ) (-424 -312 248 ) (-424 -320 248 ) 
4 514 (-424 -128 440 ) (-424 -120 440 ) (-424 -120 248 ) (-424 -128 248 ) 
4 514 (-424 -384 440 ) (-424 -376 440 ) (-424 -376 248 ) (-424 -384 248 ) 
4 514 (-424 -488 440 ) (-424 -488 448 ) (-424 -64 448 ) (-424 -64 440 ) 
4 514 (-32 -64 440 ) (-224 -64 440 ) (-224 -64 448 ) (-32 -64 448 ) 
4 514 (-40 -64 440 ) (-32 -64 440 ) (-32 -64 248 ) (-40 -64 248 ) 
4 514 (-96 -64 440 ) (-88 -64 440 ) (-88 -64 248 ) (-96 -64 248 ) 
4 514 (-392 -64 440 ) (-384 -64 440 ) (-384 -64 248 ) (-392 -64 248 ) 
4 514 (-160 -64 440 ) (-152 -64 440 ) (-152 -64 248 ) (-160 -64 248 ) 
4 514 (-224 -64 440 ) (-216 -64 440 ) (-216 -64 248 ) (-224 -64 248 ) 
4 515 (-440 -256 450.482727 ) (-440 -264 450.482727 ) (-424 -264 452.137909 ) (-424 -256 452.137909 ) 
4 515 (-440 -192 450.482849 ) (-440 -200 450.482849 ) (-424 -200 452.138000 ) (-424 -192 452.138031 ) 
4 515 (-440 -128 450.482971 ) (-440 -136 450.482941 ) (-424 -136 452.138153 ) (-424 -128 452.138153 ) 
4 515 (-424 -64 452.138275 ) (-440 -64 450.483093 ) (-440 -72 450.483063 ) (-424 -72 452.138275 ) 
4 515 (-440 -488 448 ) (-440 -64 448 ) (-424 -64 448 ) (-424 -488 448 ) 
4 516 (-440 -64 248 ) (-424 -64 248 ) (-424 -120 248 ) (-440 -120 248 ) 
4 516 (-424 -120 248 ) (-424 -120 440 ) (-440 -120 440 ) (-440 -120 248 ) 
4 516 (-440 -64 440 ) (-432 -64 440 ) (-432 -64 248 ) (-440 -64 248 ) 
4 516 (-424 -120 440 ) (-424 -64 440 ) (-440 -64 440 ) (-440 -120 440 ) 
4 517 (-424 -128 248 ) (-424 -184 248 ) (-440 -184 248 ) (-440 -128 248 ) 
4 517 (-424 -184 248 ) (-424 -184 440 ) (-440 -184 440 ) (-440 -184 248 ) 
4 517 (-424 -184 440 ) (-424 -128 440 ) (-440 -128 440 ) (-440 -184 440 ) 
4 517 (-440 -128 248 ) (-440 -128 440 ) (-424 -128 440 ) (-424 -128 248 ) 
4 518 (-424 -192 248 ) (-424 -248 248 ) (-440 -248 248 ) (-440 -192 248 ) 
4 518 (-424 -248 440 ) (-424 -192 440 ) (-440 -192 440 ) (-440 -248 440 ) 
4 518 (-440 -192 248 ) (-440 -192 440 ) (-424 -192 440 ) (-424 -192 248 ) 
4 518 (-424 -248 248 ) (-424 -248 440 ) (-440 -248 440 ) (-440 -248 248 ) 
4 519 (-424 -256 248 ) (-424 -312 248 ) (-440 -312 248 ) (-440 -256 248 ) 
4 519 (-440 -256 248 ) (-440 -256 440 ) (-424 -256 440 ) (-424 -256 248 ) 
4 519 (-424 -312 440 ) (-424 -256 440 ) (-440 -256 440 ) (-440 -312 440 ) 
4 519 (-424 -312 248 ) (-424 -312 440 ) (-440 -312 440 ) (-440 -312 248 ) 
4 520 (-424 -320 248 ) (-424 -376 248 ) (-440 -376 248 ) (-440 -320 248 ) 
4 520 (-440 -320 248 ) (-440 -320 440 ) (-424 -320 440 ) (-424 -320 248 ) 
4 520 (-424 -376 440 ) (-424 -320 440 ) (-440 -320 440 ) (-440 -376 440 ) 
4 520 (-424 -376 248 ) (-424 -376 440 ) (-440 -376 440 ) (-440 -376 248 ) 
4 521 (-424 -384 248 ) (-424 -440 248 ) (-440 -440 248 ) (-440 -384 248 ) 
4 521 (-424 -440 248 ) (-424 -440 440 ) (-440 -440 440 ) (-440 -440 248 ) 
4 521 (-440 -384 248 ) (-440 -384 440 ) (-424 -384 440 ) (-424 -384 248 ) 
4 521 (-424 -440 440 ) (-424 -384 440 ) (-440 -384 440 ) (-440 -440 440 ) 
4 522 (-424 -448 248 ) (-424 -488 248 ) (-440 -488 248 ) (-440 -448 248 ) 
4 522 (-440 -488 248 ) (-432 -488 248 ) (-432 -488 440 ) (-440 -488 440 ) 
4 522 (-424 -488 440 ) (-424 -448 440 ) (-440 -448 440 ) (-440 -488 440 ) 
4 522 (-440 -448 248 ) (-440 -448 440 ) (-424 -448 440 ) (-424 -448 248 ) 
4 523 (-464 -256 448 ) (-464 -264 448 ) (-440 -264 450.482727 ) (-440 -256 450.482727 ) 
4 523 (-464 -192 448 ) (-464 -200 448 ) (-440 -200 450.482849 ) (-440 -192 450.482849 ) 
4 523 (-464 -128 448 ) (-464 -136 448 ) (-440 -136 450.482941 ) (-440 -128 450.482971 ) 
4 523 (-440 -64 450.483093 ) (-464 -64 448 ) (-464 -72 448 ) (-440 -72 450.483063 ) 
4 523 (-440 -64 440 ) (-440 -64 448 ) (-440 -488 448 ) (-440 -488 440 ) 
4 523 (-440 -384 248 ) (-440 -376 248 ) (-440 -376 440 ) (-440 -384 440 ) 
4 523 (-440 -128 248 ) (-440 -120 248 ) (-440 -120 440 ) (-440 -128 440 ) 
4 523 (-440 -320 248 ) (-440 -312 248 ) (-440 -312 440 ) (-440 -320 440 ) 
4 523 (-440 -192 248 ) (-440 -184 248 ) (-440 -184 440 ) (-440 -192 440 ) 
4 523 (-440 -256 248 ) (-440 -248 248 ) (-440 -248 440 ) (-440 -256 440 ) 
4 523 (-440 -448 248 ) (-440 -440 248 ) (-440 -440 440 ) (-440 -448 440 ) 
4 523 (-1020 -488 248 ) (-1020 -488 390.480469 ) (-1020 -64 390.480469 ) (-1020 -64 248 ) 
4 524 (-348 -64 476 ) (-464 -64 464 ) (0 -64 576 ) (0 -64 560 ) 
4 524 (0 -72 512 ) (-464 -72 464 ) (-464 -64 464 ) (0 -64 512 ) 
4 525 (-464 -120 464 ) (-464 -120 448 ) (0 -120 560 ) (0 -120 576 ) 
4 525 (0 -72 512 ) (0 -72 496 ) (-464 -72 448 ) (-464 -72 464 ) 
4 526 (-464 -128 448 ) (0 -128 496 ) (0 -128 512 ) (-348 -128 476 ) 
4 526 (0 -120 559.995972 ) (-463.969543 -120 448.003448 ) (-463.991547 -128 448 ) (0 -128 559.998840 ) 
4 527 (0 -128 576 ) (-464 -128 464 ) (-464 -120 464 ) (0 -120 576 ) 
4 528 (0 -128 576 ) (0 -128 560 ) (-348 -128 476 ) (-464 -128 464 ) 
4 528 (0 -136 512 ) (-464 -136 464 ) (-464 -128 464 ) (0 -128 512 ) 
4 529 (-464 -184 464 ) (-464 -184 448 ) (0 -184 560 ) (0 -184 576 ) 
4 529 (0 -136 512 ) (0 -136 496 ) (-464 -136 448 ) (-464 -136 464 ) 
4 530 (-464 -192 448 ) (0 -192 496 ) (0 -192 512 ) (-348 -192 476 ) 
4 530 (0 -184 559.995972 ) (-463.969543 -184 448.003448 ) (-463.991547 -192 448 ) (0 -192 559.998840 ) 
4 531 (0 -192 576 ) (-464 -192 464 ) (-464 -184 464 ) (0 -184 576 ) 
4 532 (0 -192 576 ) (0 -192 560 ) (-348 -192 476 ) (-464 -192 464 ) 
4 532 (0 -200 512 ) (-464 -200 464 ) (-464 -192 464 ) (0 -192 512 ) 
4 533 (-464 -248 464 ) (-464 -248 448 ) (0 -248 560 ) (0 -248 576 ) 
4 533 (0 -200 512 ) (0 -200 496 ) (-464 -200 448 ) (-464 -200 464 ) 
4 534 (-464 -256 448 ) (0 -256 496 ) (0 -256 512 ) (-348 -256 476 ) 
4 534 (0 -248 559.995972 ) (-463.969543 -248 448.003448 ) (-463.991547 -256 448 ) (0 -256 559.998840 ) 
4 535 (0 -256 576 ) (-464 -256 464 ) (-464 -248 464 ) (0 -248 576 ) 
4 536 (0 -256 576 ) (0 -256 560 ) (-348 -256 476 ) (-464 -256 464 ) 
4 536 (0 -264 512 ) (-464 -264 464 ) (-464 -256 464 ) (0 -256 512 ) 
4 537 (-464 -312 591.472534 ) (-464 -312 575.782471 ) (-9.185109 -312 636.228882 ) (-41.310101 -312 647.649414 ) 
4 537 (0 -312 616.456604 ) (0 -312 632.963562 ) (-9.185109 -312 636.228882 ) (-42.982693 -312 631.737061 ) 
4 537 (0 -264 512 ) (0 -264 496 ) (-464 -264 448 ) (-464 -264 464 ) 
4 538 (-9.182590 -320 636.229187 ) (-41.307602 -320 647.649719 ) (-41.307594 -312 647.649719 ) (-9.182585 -312 636.229187 ) 
4 538 (0 -320 632.964783 ) (-9.182590 -320 636.229187 ) (-9.182585 -312 636.229187 ) (0 -312 632.964783 ) 
5 539 (-49.672588 -320 568.087646 ) (-125.746094 -320 584.127380 ) (-397.856873 -320 584.573120 ) (-464 -320 575.782471 ) (-464 -320 568.766357 ) 
4 539 (0 -320 557.614441 ) (0 -320 573.879456 ) (-48 -320 584 ) (-125.746094 -320 584.127380 ) 
4 539 (-42.981300 -312 631.736633 ) (-464 -312 575.781799 ) (-464 -320 575.781799 ) (-42.981316 -320 631.736633 ) 
4 539 (0 -312 616.456238 ) (-42.989975 -312 631.739563 ) (-42.989975 -320 631.739563 ) (0 -320 616.456543 ) 
4 540 (-464 -320 591.472107 ) (-464 -312 591.472107 ) (-41.308662 -312 647.648926 ) (-41.308662 -320 647.648926 ) 
4 541 (-464 -312 575.782471 ) (-464 -312 591.472534 ) (-514.475586 -312 584.764099 ) (-516.148071 -312 568.851807 ) 
4 541 (-1020 -64 1024 ) (-1020 -64 390.484375 ) (-1020 -312 390.484375 ) (-1020 -312 1024 ) 
4 541 (-464 -256 464 ) (-464 -264 464 ) (-464 -264 448 ) (-464 -256 448 ) 
4 541 (-464 -248 464 ) (-464 -256 464 ) (-464 -256 448 ) (-464 -248 448 ) 
4 541 (-464 -192 464 ) (-464 -200 464 ) (-464 -200 448 ) (-464 -192 448 ) 
4 541 (-464 -184 464 ) (-464 -192 464 ) (-464 -192 448 ) (-464 -184 448 ) 
4 541 (-464 -128 464 ) (-464 -136 464 ) (-464 -136 448 ) (-464 -128 448 ) 
4 541 (-464 -120 464 ) (-464 -128 464 ) (-464 -128 448 ) (-464 -120 448 ) 
4 541 (-464 -72 464 ) (-464 -72 448 ) (-464 -64 448 ) (-464 -64 464 ) 
4 542 (-516.147705 -312 568.851868 ) (-514.475220 -312 584.764160 ) (-514.475220 -320 584.764160 ) (-516.147705 -320 568.851868 ) 
4 542 (-1020 -312 390.484375 ) (-1020 -320 390.484375 ) (-1020 -320 1024 ) (-1020 -312 1024 ) 
3 543 (-464 -320 568.766357 ) (-464 -320 575.782471 ) (-516.148071 -320 568.851746 ) 
4 543 (-464 -312 575.781921 ) (-516.150574 -312 568.850830 ) (-516.150574 -320 568.850830 ) (-464 -320 575.781921 ) 
4 544 (-514.476257 -320 584.763367 ) (-514.476257 -312 584.763367 ) (-464 -312 591.471802 ) (-464 -320 591.471802 ) 
4 545 (0 -328 573.881287 ) (-47.991489 -328 584 ) (-47.994831 -320 584 ) (0 -320 573.880554 ) 
4 545 (-184.932388 -320 612.871460 ) (-230.576309 -320 622.495300 ) (-41.310101 -320 647.649414 ) (-9.185109 -320 636.228882 ) 
4 545 (-42.982693 -320 631.737061 ) (-9.185109 -320 636.228882 ) (0 -320 632.963562 ) (0 -320 616.456604 ) 
4 545 (-1020 -320 1024 ) (-1020 -320 788.941345 ) (-1020 -328 788.941345 ) (-1020 -328 1024 ) 
4 546 (-125.746117 -328 584.127319 ) (-514.475586 -328 584.764160 ) (-514.475586 -320 584.764160 ) (-125.746086 -320 584.127319 ) 
4 546 (-48.011665 -320 584 ) (-48.011665 -328 584 ) (-125.746117 -328 584.127319 ) (-125.746086 -320 584.127319 ) 
4 546 (-1020 -320 788.941345 ) (-1020 -320 585.592285 ) (-1020 -328 585.592285 ) (-1020 -328 788.941345 ) 
5 546 (-184.932388 -320 612.871460 ) (-397.856781 -320 584.573120 ) (-464 -320 584.681519 ) (-464 -320 591.472534 ) (-230.576309 -320 622.495300 ) 
3 546 (-514.475586 -320 584.764099 ) (-464 -320 591.472534 ) (-464 -320 584.681519 ) 
4 547 (-516.148071 -328 568.851746 ) (-49.663994 -328 568.087585 ) (-49.663994 -320 568.087585 ) (-516.148071 -320 568.851746 ) 
4 547 (0 -320 557.614380 ) (-49.673450 -320 568.087646 ) (-49.674332 -328 568.087646 ) (0 -328 557.614075 ) 
4 547 (-1020 -320 569.677185 ) (-1020 -320 390.476562 ) (-1020 -328 390.477692 ) (-1020 -328 569.677185 ) 
4 548 (-1020 -320 585.592285 ) (-1020 -320 569.677185 ) (-1020 -328 569.677185 ) (-1020 -328 585.592285 ) 
4 548 (-516.147888 -328 568.852539 ) (-516.147888 -320 568.852539 ) (-514.475403 -320 584.764160 ) (-514.475403 -328 584.764160 ) 
4 549 (0 -376 628.160400 ) (0 -376 645.550415 ) (-65.602989 -376 678.359619 ) (-99.696159 -376 678.020203 ) 
4 549 (-69.202446 -376 662.769775 ) (-99.696159 -376 678.020203 ) (-542.905396 -376 673.607483 ) (-546.504639 -376 658.017578 ) 
4 549 (-514.475525 -328 584.764221 ) (-125.746429 -328 584.127441 ) (-49.672604 -328 568.087646 ) (-516.148071 -328 568.851807 ) 
4 549 (-125.746429 -328 584.127441 ) (-48 -328 584 ) (0 -328 573.879456 ) (0 -328 557.614441 ) 
4 549 (-1020 -328 390.477692 ) (-1020 -376 390.484375 ) (-1020 -376 1024 ) (-1020 -328 1024 ) 
4 550 (-65.602959 -384 678.359558 ) (-99.696037 -384 678.020142 ) (-99.696190 -376 678.020203 ) (-65.603012 -376 678.359619 ) 
4 550 (-99.696037 -384 678.020142 ) (-542.905396 -384 673.607483 ) (-542.905396 -376 673.607483 ) (-99.696190 -376 678.020203 ) 
4 550 (-1020 -376 1024 ) (-1020 -376 668.857483 ) (-1020 -384 668.857422 ) (-1020 -384 1024 ) 
4 551 (-83.599442 -384 600.410095 ) (-157.151123 -384 625.601318 ) (-427.178436 -384 659.205627 ) (-546.504578 -384 658.017578 ) 
4 551 (0 -384 571.777588 ) (0 -384 588.600281 ) (-80 -384 616 ) (-157.151123 -384 625.601318 ) 
4 551 (0 -376 628.158997 ) (-69.205963 -376 662.769714 ) (-69.206291 -384 662.769714 ) (0 -384 628.158447 ) 
4 551 (-546.504578 -384 658.017639 ) (-69.203926 -384 662.769775 ) (-69.203926 -376 662.769775 ) (-546.504639 -376 658.017639 ) 
4 551 (-1020 -376 653.303223 ) (-1020 -376 390.476562 ) (-1020 -384 390.484375 ) (-1020 -384 653.303223 ) 
4 552 (-1020 -376 668.857483 ) (-1020 -376 653.303223 ) (-1020 -384 653.303223 ) (-1020 -384 668.857422 ) 
4 552 (-546.503784 -384 658.022644 ) (-546.503784 -376 658.022644 ) (-542.905762 -376 673.607544 ) (-542.905762 -384 673.607544 ) 
4 553 (0 -384 645.549255 ) (-65.607437 -384 678.361267 ) (-65.607437 -376 678.361267 ) (0 -376 645.549866 ) 
4 554 (0 -392 588.602966 ) (-79.987938 -392 615.998535 ) (-79.988197 -384 615.998596 ) (0 -384 588.602905 ) 
4 554 (-212.393005 -384 661.344116 ) (-256.523834 -384 676.458801 ) (-99.696159 -384 678.020203 ) (-69.202446 -384 662.769775 ) 
4 554 (-99.696159 -384 678.020203 ) (-65.602989 -384 678.359619 ) (0 -384 645.550415 ) (0 -384 628.160400 ) 
4 554 (-1020 -384 1024 ) (-1020 -384 937.946533 ) (-1020 -392 937.946533 ) (-1020 -392 1024 ) 
4 555 (-157.154388 -392 625.602417 ) (-542.905151 -392 673.608215 ) (-542.905212 -384 673.608215 ) (-157.154419 -384 625.602417 ) 
4 555 (-79.993576 -384 616 ) (-79.993576 -392 616 ) (-157.154388 -392 625.602417 ) (-157.154419 -384 625.602417 ) 
4 555 (-1020 -384 937.946533 ) (-1020 -384 732.980957 ) (-1020 -392 732.980957 ) (-1020 -392 937.946533 ) 
4 555 (-212.393005 -384 661.344116 ) (-427.178528 -384 659.205627 ) (-542.905396 -384 673.607483 ) (-256.523834 -384 676.458801 ) 
4 556 (-546.504639 -392 658.017029 ) (-83.605942 -392 600.410522 ) (-83.605942 -384 600.410522 ) (-546.504700 -384 658.017029 ) 
4 556 (0 -384 571.776367 ) (-83.604630 -384 600.410767 ) (-83.604233 -392 600.410706 ) (0 -392 571.776550 ) 
4 556 (-1020 -384 716.942993 ) (-1020 -384 390.476562 ) (-1020 -392 390.477539 ) (-1020 -392 716.942993 ) 
4 557 (-1020 -384 732.980957 ) (-1020 -384 716.942993 ) (-1020 -392 716.942993 ) (-1020 -392 732.980957 ) 
4 557 (-546.503784 -392 658.022644 ) (-546.503784 -384 658.022644 ) (-542.905762 -384 673.607666 ) (-542.905762 -392 673.607666 ) 
4 558 (0 -440 620.025269 ) (0 -440 638.913696 ) (-65.064468 -440 683.749146 ) (-98.872818 -440 688.157837 ) 
4 558 (-544.116882 -440 730.533569 ) (-70.798317 -440 668.811890 ) (-98.872818 -440 688.157837 ) (-538.382996 -440 745.470886 ) 
4 558 (-1020 -392 390.477539 ) (-1020 -440 390.483398 ) (-1020 -440 1024 ) (-1020 -392 1024 ) 
4 558 (-157.150848 -392 625.601257 ) (-80 -392 616 ) (0 -392 588.600281 ) (0 -392 571.777588 ) 
4 558 (-542.905273 -392 673.607544 ) (-157.150848 -392 625.601257 ) (-83.599297 -392 600.410095 ) (-546.504578 -392 658.017578 ) 
4 559 (-65.065628 -448 683.749939 ) (-98.874023 -448 688.158630 ) (-98.874161 -440 688.158752 ) (-65.065765 -440 683.750061 ) 
4 559 (-98.874023 -448 688.158630 ) (-538.382751 -448 745.471558 ) (-538.382751 -440 745.471619 ) (-98.874161 -440 688.158752 ) 
4 559 (-1020 -448 808.274780 ) (-1020 -448 1024 ) (-1020 -440 1024 ) (-1020 -440 808.274780 ) 
4 560 (0 -448 561.496155 ) (0 -448 579.343201 ) (-88 -448 624 ) (-163.063980 -448 644.245178 ) 
4 560 (-93.734085 -448 609.062805 ) (-163.063980 -448 644.245178 ) (-425.786987 -448 715.103088 ) (-544.116699 -448 730.533508 ) 
4 560 (0 -440 620.024170 ) (-70.798775 -440 668.811890 ) (-70.798180 -448 668.811829 ) (0 -448 620.025330 ) 
4 560 (-70.797844 -448 668.811096 ) (-70.797844 -440 668.811096 ) (-544.117126 -440 730.532837 ) (-544.117188 -448 730.532898 ) 
4 560 (-1020 -440 390.483398 ) (-1020 -448 390.484375 ) (-1020 -448 792.589722 ) (-1020 -440 792.589661 ) 
4 561 (-1020 -448 792.589722 ) (-1020 -448 808.274780 ) (-1020 -440 808.274780 ) (-1020 -440 792.589661 ) 
4 561 (-544.117981 -448 730.527771 ) (-544.117981 -440 730.527771 ) (-538.381958 -440 745.470703 ) (-538.381958 -448 745.470703 ) 
4 562 (0 -448 638.908630 ) (-65.073486 -448 683.749573 ) (-65.073486 -440 683.749573 ) (0 -440 638.907959 ) 
4 563 (-87.990280 -456 623.995056 ) (-163.054276 -456 644.240295 ) (-163.056000 -448 644.241150 ) (-87.992142 -448 623.996033 ) 
4 563 (-163.054276 -456 644.240295 ) (-538.383789 -456 745.468994 ) (-538.383667 -448 745.469177 ) (-163.056000 -448 644.241150 ) 
4 563 (-1020 -448 1024 ) (-1020 -448 875.365784 ) (-1020 -456 875.365784 ) (-1020 -456 1024 ) 
4 563 (-425.787140 -448 715.103149 ) (-538.382996 -448 745.470886 ) (-98.872818 -448 688.157837 ) (-70.798317 -448 668.811890 ) 
4 563 (-98.872818 -448 688.157837 ) (-65.064468 -448 683.749146 ) (0 -448 638.913696 ) (0 -448 620.025269 ) 
4 564 (0 -448 561.494629 ) (-93.737396 -448 609.063660 ) (-93.735130 -456 609.062988 ) (0 -456 561.495850 ) 
4 564 (-544.117249 -456 730.532532 ) (-93.738014 -456 609.062622 ) (-93.738014 -448 609.062622 ) (-544.117310 -448 730.532593 ) 
4 564 (-1020 -448 858.882019 ) (-1020 -448 390.476562 ) (-1020 -456 390.484375 ) (-1020 -456 858.882019 ) 
4 565 (-1020 -448 875.365784 ) (-1020 -448 858.882019 ) (-1020 -456 858.882019 ) (-1020 -456 875.365784 ) 
4 565 (-544.117981 -456 730.527771 ) (-544.117981 -448 730.527771 ) (-538.382019 -448 745.470642 ) (-538.382019 -456 745.470642 ) 
4 566 (0 -456 579.342834 ) (-88.003487 -456 624.001160 ) (-88.003487 -448 624.001160 ) (0 -448 579.342590 ) 
4 567 (0 -488 620.025269 ) (0 -488 638.913696 ) (-65.064468 -488 683.749146 ) (-98.872818 -488 688.157837 ) 
4 567 (-70.798317 -488 668.811890 ) (-98.872818 -488 688.157837 ) (-538.383057 -488 745.470886 ) (-544.116882 -488 730.533569 ) 
4 567 (-544.116943 -456 730.533630 ) (-538.382996 -456 745.470886 ) (-163.064041 -456 644.245239 ) (-93.733978 -456 609.062744 ) 
4 567 (-163.064041 -456 644.245239 ) (-88 -456 624 ) (0 -456 579.343201 ) (0 -456 561.496155 ) 
4 567 (-1020 -456 1024 ) (-1020 -456 390.476562 ) (-1020 -488 390.476562 ) (-1020 -488 1024 ) 
4 568 (-65.062569 -496 683.747864 ) (-98.870964 -496 688.156555 ) (-98.870941 -488 688.156555 ) (-65.062599 -488 683.747864 ) 
4 568 (-98.870964 -496 688.156555 ) (-538.383423 -496 745.469910 ) (-538.383423 -488 745.469910 ) (-98.870941 -488 688.156555 ) 
4 568 (-1020 -488 1024 ) (-1020 -488 808.274719 ) (-1020 -496 808.274780 ) (-1020 -496 1024 ) 
4 569 (-440 -488 448 ) (0 -488 448 ) (0 -496 448 ) (-440 -496 448 ) 
4 569 (0 -496 561.496155 ) (0 -496 579.343201 ) (-88 -496 624 ) (-163.063980 -496 644.245178 ) 
4 569 (-93.734085 -496 609.062805 ) (-163.063980 -496 644.245178 ) (-425.786987 -496 715.103088 ) (-544.116699 -496 730.533508 ) 
4 569 (-70.798180 -496 668.811829 ) (0 -496 620.025330 ) (0 -488 620.025330 ) (-70.798180 -488 668.811829 ) 
4 569 (-544.117310 -496 730.532532 ) (-70.797844 -496 668.811096 ) (-70.797844 -488 668.811096 ) (-544.117310 -488 730.532532 ) 
4 569 (-1020 -488 792.589661 ) (-1020 -488 448 ) (-1020 -496 448 ) (-1020 -496 792.589661 ) 
4 570 (-1020 -488 808.274719 ) (-1020 -488 792.589661 ) (-1020 -496 792.589661 ) (-1020 -496 808.274780 ) 
4 570 (-544.117981 -496 730.527771 ) (-544.117981 -488 730.527771 ) (-538.381958 -488 745.470703 ) (-538.381958 -496 745.470703 ) 
4 571 (0 -496 638.908752 ) (-65.073486 -496 683.749573 ) (-65.073486 -488 683.749573 ) (0 -488 638.908752 ) 
4 572 (-163.055389 -496 644.240845 ) (-87.991539 -496 623.995667 ) (-87.991531 -504 623.995667 ) (-163.055374 -504 644.240845 ) 
4 572 (-538.383667 -496 745.469055 ) (-163.055389 -496 644.240845 ) (-163.055374 -504 644.240845 ) (-538.383667 -504 745.469055 ) 
4 572 (-1020 -504 875.365784 ) (-1020 -504 1024 ) (-1020 -496 1024 ) (-1020 -496 875.365784 ) 
4 572 (-538.383057 -496 745.470886 ) (-98.872818 -496 688.157837 ) (-70.798317 -496 668.811890 ) (-425.787140 -496 715.103149 ) 
4 572 (-98.872818 -496 688.157837 ) (-65.064468 -496 683.749146 ) (0 -496 638.913696 ) (0 -496 620.025269 ) 
4 573 (0 -504 448 ) (-440 -504 448 ) (-440 -496 448 ) (0 -496 448 ) 
4 573 (0 -496 561.495667 ) (-93.735466 -496 609.063110 ) (-93.735474 -504 609.063110 ) (0 -504 561.495667 ) 
4 573 (-93.738014 -504 609.062622 ) (-93.738014 -496 609.062622 ) (-544.117310 -496 730.532532 ) (-544.117249 -504 730.532471 ) 
4 573 (-1020 -496 448 ) (-1020 -504 448 ) (-1020 -504 858.882019 ) (-1020 -496 858.882019 ) 
4 574 (-1020 -504 858.882019 ) (-1020 -504 875.365784 ) (-1020 -496 875.365784 ) (-1020 -496 858.882019 ) 
4 574 (-544.117981 -504 730.527771 ) (-544.117981 -496 730.527771 ) (-538.382019 -496 745.470642 ) (-538.382019 -504 745.470642 ) 
4 575 (-88.003487 -504 624.001160 ) (-88.003487 -496 624.001160 ) (0 -496 579.342590 ) (0 -504 579.342590 ) 
4 576 (-1020 -488 448 ) (-1020 -488 440 ) (-1020 -504 440 ) (-1020 -504 448 ) 
4 576 (-440 -488 448 ) (-440 -504 448 ) (-440 -504 440 ) (-440 -488 440 ) 
4 577 (0 -504 248 ) (-16 -504 248 ) (-16 -488 248 ) (0 -488 248 ) 
4 577 (-16 -504 440 ) (-16 -488 440 ) (-16 -488 248 ) (-16 -504 248 ) 
4 577 (0 -488 440 ) (-16 -488 440 ) (-16 -504 440 ) (0 -504 440 ) 
4 578 (-24 -504 248 ) (-80 -504 248 ) (-80 -488 248 ) (-24 -488 248 ) 
4 578 (-80 -504 440 ) (-80 -488 440 ) (-80 -488 248 ) (-80 -504 248 ) 
4 578 (-24 -488 440 ) (-80 -488 440 ) (-80 -504 440 ) (-24 -504 440 ) 
4 578 (-24 -504 248 ) (-24 -488 248 ) (-24 -488 440 ) (-24 -504 440 ) 
4 579 (-88 -504 248 ) (-144 -504 248 ) (-144 -488 248 ) (-88 -488 248 ) 
4 579 (-144 -504 440 ) (-144 -488 440 ) (-144 -488 248 ) (-144 -504 248 ) 
4 579 (-88 -488 440 ) (-144 -488 440 ) (-144 -504 440 ) (-88 -504 440 ) 
4 579 (-88 -504 248 ) (-88 -488 248 ) (-88 -488 440 ) (-88 -504 440 ) 
4 580 (-152 -504 248 ) (-208 -504 248 ) (-208 -488 248 ) (-152 -488 248 ) 
4 580 (-208 -504 440 ) (-208 -488 440 ) (-208 -488 248 ) (-208 -504 248 ) 
4 580 (-152 -488 440 ) (-208 -488 440 ) (-208 -504 440 ) (-152 -504 440 ) 
4 580 (-152 -504 248 ) (-152 -488 248 ) (-152 -488 440 ) (-152 -504 440 ) 
4 581 (-224 -504 248 ) (-272 -504 248 ) (-272 -488 248 ) (-224 -488 248 ) 
4 581 (-216 -504 248 ) (-224 -504 248 ) (-224 -488 248 ) (-216 -488 248 ) 
4 581 (-216 -504 248 ) (-216 -488 248 ) (-216 -488 440 ) (-216 -504 440 ) 
4 581 (-216 -488 440 ) (-272 -488 440 ) (-272 -504 440 ) (-216 -504 440 ) 
4 581 (-272 -504 440 ) (-272 -488 440 ) (-272 -488 248 ) (-272 -504 248 ) 
4 582 (-280 -504 248 ) (-336 -504 248 ) (-336 -488 248 ) (-280 -488 248 ) 
4 582 (-280 -504 248 ) (-280 -488 248 ) (-280 -488 440 ) (-280 -504 440 ) 
4 582 (-280 -488 440 ) (-336 -488 440 ) (-336 -504 440 ) (-280 -504 440 ) 
4 582 (-336 -504 440 ) (-336 -488 440 ) (-336 -488 248 ) (-336 -504 248 ) 
4 583 (-344 -504 248 ) (-400 -504 248 ) (-400 -488 248 ) (-344 -488 248 ) 
4 583 (-344 -504 248 ) (-344 -488 248 ) (-344 -488 440 ) (-344 -504 440 ) 
4 583 (-344 -488 440 ) (-400 -488 440 ) (-400 -504 440 ) (-344 -504 440 ) 
4 583 (-400 -504 440 ) (-400 -488 440 ) (-400 -488 248 ) (-400 -504 248 ) 
4 584 (-408 -504 248 ) (-432 -504 248 ) (-432 -488 248 ) (-408 -488 248 ) 
4 584 (-408 -504 248 ) (-408 -488 248 ) (-408 -488 440 ) (-408 -504 440 ) 
4 584 (-408 -488 440 ) (-432 -488 440 ) (-432 -504 440 ) (-408 -504 440 ) 
4 584 (-432 -504 440 ) (-432 -488 440 ) (-432 -488 248 ) (-432 -504 248 ) 
4 585 (-440 -504 248 ) (-440 -488 248 ) (-440 -488 440 ) (-440 -504 440 ) 
4 585 (-1020 -488 440 ) (-1020 -488 248 ) (-1020 -504 248 ) (-1020 -504 440 ) 
4 586 (-32 -16 240 ) (-32 -64 240 ) (-32 -64 248 ) (-32 -16 248 ) 
4 586 (0 -16 240 ) (0 -488 240 ) (-32 -488 240 ) (-32 -16 240 ) 
4 586 (-32 -488 240 ) (0 -488 240 ) (0 -488 248 ) (-32 -488 248 ) 
4 586 (0 -16 248 ) (0 -16 240 ) (-32 -16 240 ) (-32 -16 248 ) 
4 587 (-48 -488 240 ) (-32 -488 240 ) (-32 -488 248 ) (-48 -488 248 ) 
4 587 (-32 -64 240 ) (-32 -488 240 ) (-48 -488 240 ) (-48 -64 240 ) 
4 587 (-32 -64 248 ) (-32 -64 240 ) (-48 -64 240 ) (-48 -64 248 ) 
4 588 (-208 0 240 ) (-208 -48 240 ) (-208 -48 248 ) (-208 0 248 ) 
4 588 (-208 -48 248 ) (-208 -48 240 ) (-48 -48 240 ) (-48 -48 248 ) 
4 588 (-48 0 248 ) (-48 -48 248 ) (-48 -48 240 ) (-48 0 240 ) 
4 588 (-208 0 240 ) (-48 0 240 ) (-48 -48 240 ) (-208 -48 240 ) 
4 589 (-208 -488 240 ) (-48 -488 240 ) (-48 -488 248 ) (-208 -488 248 ) 
4 589 (-48 -64 240 ) (-48 -488 240 ) (-208 -488 240 ) (-208 -64 240 ) 
4 589 (-48 -64 248 ) (-48 -64 240 ) (-208 -64 240 ) (-208 -64 248 ) 
4 590 (-224 -488 240 ) (-224 -64 240 ) (-208 -64 240 ) (-208 -488 240 ) 
4 590 (-224 -488 248 ) (-224 -488 240 ) (-208 -488 240 ) (-208 -488 248 ) 
4 590 (-208 -64 248 ) (-208 -64 240 ) (-224 -64 240 ) (-224 -64 248 ) 
4 591 (-384 -48 240 ) (-384 -64 240 ) (-384 -64 248 ) (-384 -48 248 ) 
4 591 (-384 -16 248 ) (-224 -16 248 ) (-224 -16 240 ) (-384 -16 240 ) 
4 591 (-384 -488 240 ) (-224 -488 240 ) (-224 -488 248 ) (-384 -488 248 ) 
4 591 (-224 -16 248 ) (-224 -64 248 ) (-224 -64 240 ) (-224 -16 240 ) 
4 591 (-224 -16 240 ) (-224 -488 240 ) (-384 -488 240 ) (-384 -16 240 ) 
4 592 (-424 -48 248 ) (-424 -48 240 ) (-384 -48 240 ) (-384 -48 248 ) 
4 592 (-424 -16 240 ) (-424 -48 240 ) (-424 -48 248 ) (-424 -16 248 ) 
4 592 (-424 -48 240 ) (-424 -16 240 ) (-384 -16 240 ) (-384 -48 240 ) 
4 592 (-384 -16 248 ) (-384 -16 240 ) (-424 -16 240 ) (-424 -16 248 ) 
4 593 (-424 -488 240 ) (-384 -488 240 ) (-384 -488 248 ) (-424 -488 248 ) 
4 593 (-384 -488 240 ) (-424 -488 240 ) (-424 -64 240 ) (-384 -64 240 ) 
4 593 (-424 -64 240 ) (-424 -488 240 ) (-424 -488 248 ) (-424 -64 248 ) 
4 593 (-384 -64 248 ) (-384 -64 240 ) (-424 -64 240 ) (-424 -64 248 ) 
4 594 (-440 -56 208 ) (-440 0 208 ) (-424 0 208 ) (-424 -56 208 ) 
4 594 (-440 0 208 ) (-440 0 232 ) (0 0 232 ) (0 0 208 ) 
4 594 (0 -56 232 ) (0 0 232 ) (-440 0 232 ) (-440 -56 232 ) 
4 594 (0 -56 232 ) (-440 -56 232 ) (-440 -56 208 ) (0 -56 208 ) 
4 595 (-440 -120 208 ) (-440 -64 208 ) (-424 -64 208 ) (-424 -120 208 ) 
4 595 (0 -120 232 ) (-440 -120 232 ) (-440 -120 208 ) (0 -120 208 ) 
4 595 (0 -64 208 ) (-440 -64 208 ) (-440 -64 232 ) (0 -64 232 ) 
4 595 (0 -120 232 ) (0 -64 232 ) (-440 -64 232 ) (-440 -120 232 ) 
4 596 (-440 -184 208 ) (-440 -128 208 ) (-424 -128 208 ) (-424 -184 208 ) 
4 596 (0 -184 232 ) (-440 -184 232 ) (-440 -184 208 ) (0 -184 208 ) 
4 596 (0 -184 232 ) (0 -128 232 ) (-440 -128 232 ) (-440 -184 232 ) 
4 596 (0 -128 208 ) (-440 -128 208 ) (-440 -128 232 ) (0 -128 232 ) 
4 597 (-440 -248 208 ) (-440 -192 208 ) (-424 -192 208 ) (-424 -248 208 ) 
4 597 (0 -248 232 ) (-440 -248 232 ) (-440 -248 208 ) (0 -248 208 ) 
4 597 (0 -192 208 ) (-440 -192 208 ) (-440 -192 232 ) (0 -192 232 ) 
4 597 (0 -248 232 ) (0 -192 232 ) (-440 -192 232 ) (-440 -248 232 ) 
4 598 (-440 -312 208 ) (-440 -256 208 ) (-424 -256 208 ) (-424 -312 208 ) 
4 598 (0 -312 232 ) (-440 -312 232 ) (-440 -312 208 ) (0 -312 208 ) 
4 598 (0 -312 232 ) (0 -256 232 ) (-440 -256 232 ) (-440 -312 232 ) 
4 598 (0 -256 208 ) (-440 -256 208 ) (-440 -256 232 ) (0 -256 232 ) 
4 599 (-440 -376 208 ) (-440 -320 208 ) (-424 -320 208 ) (-424 -376 208 ) 
4 599 (0 -376 232 ) (-440 -376 232 ) (-440 -376 208 ) (0 -376 208 ) 
4 599 (0 -320 208 ) (-440 -320 208 ) (-440 -320 232 ) (0 -320 232 ) 
4 599 (0 -376 232 ) (0 -320 232 ) (-440 -320 232 ) (-440 -376 232 ) 
4 600 (-440 -440 208 ) (-440 -384 208 ) (-424 -384 208 ) (-424 -440 208 ) 
4 600 (0 -384 208 ) (-440 -384 208 ) (-440 -384 232 ) (0 -384 232 ) 
4 600 (0 -440 232 ) (0 -384 232 ) (-440 -384 232 ) (-440 -440 232 ) 
4 600 (0 -440 232 ) (-440 -440 232 ) (-440 -440 208 ) (0 -440 208 ) 
4 601 (-440 -496 208 ) (-440 -448 208 ) (-424 -448 208 ) (-424 -496 208 ) 
4 601 (0 -488 208 ) (0 -496 208 ) (-424 -496 208 ) (-424 -488 208 ) 
4 601 (0 -496 232 ) (0 -448 232 ) (-440 -448 232 ) (-440 -496 232 ) 
4 601 (0 -448 208 ) (-440 -448 208 ) (-440 -448 232 ) (0 -448 232 ) 
4 601 (0 -496 232 ) (-440 -496 232 ) (-440 -496 208 ) (0 -496 208 ) 
4 602 (-440 0 232 ) (-440 0 240 ) (-440 -504 240 ) (-440 -504 232 ) 
4 602 (-440 -488 240 ) (-440 -488 248 ) (-440 -504 248 ) (-440 -504 240 ) 
4 602 (-440 -488 240 ) (-440 0 240 ) (-440 0 248 ) (-440 -488 248 ) 
4 602 (-440 -56 232 ) (-440 -64 232 ) (-440 -64 208 ) (-440 -56 208 ) 
4 602 (-440 -184 232 ) (-440 -192 232 ) (-440 -192 208 ) (-440 -184 208 ) 
4 602 (-440 -120 232 ) (-440 -128 232 ) (-440 -128 208 ) (-440 -120 208 ) 
4 602 (-440 -312 232 ) (-440 -320 232 ) (-440 -320 208 ) (-440 -312 208 ) 
4 602 (-440 -248 232 ) (-440 -256 232 ) (-440 -256 208 ) (-440 -248 208 ) 
4 602 (-440 -376 232 ) (-440 -384 232 ) (-440 -384 208 ) (-440 -376 208 ) 
4 602 (-440 -440 232 ) (-440 -448 232 ) (-440 -448 208 ) (-440 -440 208 ) 
4 602 (-440 -496 232 ) (-440 -504 232 ) (-440 -504 208 ) (-440 -496 208 ) 
4 602 (-1020 0 208 ) (-1020 -504 208 ) (-1020 -504 248 ) (-1020 0 248 ) 
4 603 (-424 -488 200 ) (-424 -488 208 ) (-424 0 208 ) (-424 0 200 ) 
4 603 (-424 -488 208 ) (-424 -488 200 ) (0 -488 200 ) (0 -488 208 ) 
4 603 (0 -488 200 ) (-424 -488 200 ) (-424 -480 200 ) (0 -480 200 ) 
4 603 (-424 -448 208 ) (0 -448 208 ) (0 -440 208 ) (-424 -440 208 ) 
4 603 (-424 -384 208 ) (0 -384 208 ) (0 -376 208 ) (-424 -376 208 ) 
4 603 (-424 -256 208 ) (0 -256 208 ) (0 -248 208 ) (-424 -248 208 ) 
4 603 (-424 -320 208 ) (0 -320 208 ) (0 -312 208 ) (-424 -312 208 ) 
4 603 (-424 -128 208 ) (0 -128 208 ) (0 -120 208 ) (-424 -120 208 ) 
4 603 (-424 -192 208 ) (0 -192 208 ) (0 -184 208 ) (-424 -184 208 ) 
4 603 (-424 -64 208 ) (0 -64 208 ) (0 -56 208 ) (-424 -56 208 ) 
4 604 (-424 -456 200 ) (-424 -448 200 ) (-424 -448 8 ) (-424 -456 8 ) 
4 604 (-424 -448 0 ) (-424 -480 0 ) (-424 -480 8 ) (-424 -448 8 ) 
4 604 (-424 -192 0 ) (-424 -200 0 ) (-424 -200 200 ) (-424 -192 200 ) 
4 604 (-424 -248 0 ) (-424 -256 0 ) (-424 -256 200 ) (-424 -248 200 ) 
4 604 (0 -480 200 ) (-424 -480 200 ) (-424 -480 0 ) (0 -480 0 ) 
4 605 (-368 -504 200 ) (-424 -504 200 ) (-424 -504 8 ) (-368 -504 8 ) 
4 605 (-368 -488 200 ) (-424 -488 200 ) (-424 -504 200 ) (-368 -504 200 ) 
4 605 (-368 -488 200 ) (-368 -488 8 ) (-424 -488 8 ) (-424 -488 200 ) 
4 605 (-368 -504 8 ) (-424 -504 8 ) (-424 -488 8 ) (-368 -488 8 ) 
4 605 (-368 -488 200 ) (-368 -504 200 ) (-368 -504 8 ) (-368 -488 8 ) 
4 606 (-424 -192 0 ) (-424 -192 200 ) (-440 -192 200 ) (-440 -192 0 ) 
4 606 (-424 -192 200 ) (-424 0 200 ) (-440 0 200 ) (-440 -192 200 ) 
4 607 (-440 -200 0 ) (-440 -248 0 ) (-440 -248 200 ) (-440 -200 200 ) 
4 607 (-424 -248 0 ) (-424 -248 200 ) (-440 -248 200 ) (-440 -248 0 ) 
4 607 (-424 -248 200 ) (-424 -200 200 ) (-440 -200 200 ) (-440 -248 200 ) 
4 607 (-440 -200 0 ) (-440 -200 200 ) (-424 -200 200 ) (-424 -200 0 ) 
4 608 (-424 -448 8 ) (-424 -448 200 ) (-440 -448 200 ) (-440 -448 8 ) 
4 608 (-424 -448 0 ) (-424 -448 8 ) (-440 -448 8 ) (-440 -448 0 ) 
4 608 (-440 -256 0 ) (-440 -256 200 ) (-424 -256 200 ) (-424 -256 0 ) 
4 608 (-424 -448 200 ) (-424 -256 200 ) (-440 -256 200 ) (-440 -448 200 ) 
4 609 (-440 -488 8 ) (-432 -488 8 ) (-432 -488 200 ) (-440 -488 200 ) 
4 609 (-424 -480 8 ) (-424 -480 200 ) (-424 -488 200 ) (-424 -488 8 ) 
4 609 (-424 -488 200 ) (-424 -456 200 ) (-440 -456 200 ) (-440 -488 200 ) 
4 609 (-440 -488 8 ) (-440 -456 8 ) (-424 -456 8 ) (-424 -488 8 ) 
4 609 (-440 -456 200 ) (-424 -456 200 ) (-424 -456 8 ) (-440 -456 8 ) 
4 610 (-424 -504 8 ) (-424 -504 200 ) (-432 -504 200 ) (-432 -504 8 ) 
4 610 (-432 -504 200 ) (-424 -504 200 ) (-424 -488 200 ) (-432 -488 200 ) 
4 610 (-432 -488 8 ) (-424 -488 8 ) (-424 -504 8 ) (-432 -504 8 ) 
4 610 (-432 -488 200 ) (-432 -488 8 ) (-432 -504 8 ) (-432 -504 200 ) 
4 611 (-440 -256 200 ) (-448 -256 200 ) (-448 -192 200 ) (-440 -192 200 ) 
4 611 (-440 -256 200 ) (-440 0 200 ) (-440 0 208 ) (-440 -256 208 ) 
4 612 (-440 -192 0 ) (-440 -192 200 ) (-448 -192 200 ) (-448 -192 0 ) 
4 613 (-440 -256 200 ) (-440 -256 0 ) (-448 -256 0 ) (-448 -256 200 ) 
4 613 (-440 -488 8 ) (-440 -488 200 ) (-440 -504 200 ) (-440 -504 8 ) 
4 613 (-440 -456 8 ) (-440 -448 8 ) (-440 -448 200 ) (-440 -456 200 ) 
4 613 (-440 -448 8 ) (-440 -504 8 ) (-440 -504 0 ) (-440 -448 0 ) 
4 613 (-440 -256 200 ) (-440 -256 208 ) (-440 -504 208 ) (-440 -504 200 ) 
4 614 (-448 -192 200 ) (-448 -256 200 ) (-448 -256 0 ) (-448 -192 0 ) 
4 614 (-1020 0 0 ) (-1020 -504 0 ) (-1020 -504 208 ) (-1020 0 208 ) 
4 615 (-440 -504 702.452698 ) (-440 -504 718.936462 ) (-163.064041 -504 644.245239 ) (-93.733978 -504 609.062744 ) 
4 615 (-163.064041 -504 644.245239 ) (-88 -504 624 ) (0 -504 579.343201 ) (0 -504 561.496155 ) 
4 615 (-440 -504 440 ) (-440 -504 448 ) (0 -504 448 ) (0 -504 440 ) 
4 615 (-16 -504 248 ) (-24 -504 248 ) (-24 -504 440 ) (-16 -504 440 ) 
4 615 (-432 -504 248 ) (-440 -504 248 ) (-440 -504 440 ) (-432 -504 440 ) 
4 615 (-80 -504 248 ) (-88 -504 248 ) (-88 -504 440 ) (-80 -504 440 ) 
4 615 (-400 -504 248 ) (-408 -504 248 ) (-408 -504 440 ) (-400 -504 440 ) 
4 615 (-144 -504 248 ) (-152 -504 248 ) (-152 -504 440 ) (-144 -504 440 ) 
4 615 (-336 -504 248 ) (-344 -504 248 ) (-344 -504 440 ) (-336 -504 440 ) 
4 615 (-208 -504 248 ) (-216 -504 248 ) (-216 -504 440 ) (-208 -504 440 ) 
4 615 (-272 -504 248 ) (-280 -504 248 ) (-280 -504 440 ) (-272 -504 440 ) 
4 615 (-440 -504 232 ) (-440 -504 240 ) (0 -504 240 ) (0 -504 232 ) 
4 615 (-224 -504 240 ) (-224 -504 248 ) (0 -504 248 ) (0 -504 240 ) 
4 615 (-224 -504 240 ) (-440 -504 240 ) (-440 -504 248 ) (-224 -504 248 ) 
4 615 (-440 -504 208 ) (-440 -504 232 ) (0 -504 232 ) (0 -504 208 ) 
4 615 (-424 -504 200 ) (-424 -504 208 ) (0 -504 208 ) (0 -504 200 ) 
4 615 (-440 -504 200 ) (-440 -504 208 ) (-424 -504 208 ) (-424 -504 200 ) 
4 615 (0 -512 200 ) (-440 -512 200 ) (-440 -504 200 ) (0 -504 200 ) 
4 616 (0 -512 200 ) (0 -512 0 ) (-440 -512 0 ) (-440 -512 200 ) 
4 617 (-440 -504 702.452698 ) (-544.116943 -504 730.533630 ) (-538.382996 -504 745.470886 ) (-440 -504 718.936462 ) 
4 617 (-440 -512 200 ) (-440 -512 0 ) (-440 -504 0 ) (-440 -504 200 ) 
4 617 (-1020 -504 1024 ) (-1020 -504 0 ) (-1020 -1024 0 ) (-1020 -1024 1024 ) 
4 618 (-424 -200 0 ) (-424 -192 0 ) (-424 -192 -56 ) (-424 -200 -56 ) 
4 618 (-424 -192 -56 ) (-424 -192 -64 ) (-424 -248 -64 ) (-424 -248 -56 ) 
4 618 (-424 -256 0 ) (-424 -248 0 ) (-424 -248 -64 ) (-424 -256 -64 ) 
4 618 (-424 -512 0 ) (0 -512 0 ) (0 -504 0 ) (-424 -504 0 ) 
4 618 (-424 -488 0 ) (-424 -504 0 ) (0 -504 0 ) (0 -488 0 ) 
4 618 (-424 -480 0 ) (-424 -488 0 ) (0 -488 0 ) (0 -480 0 ) 
4 618 (0 -1024 -512 ) (-424 -1024 -512 ) (-424 0 -512 ) (0 0 -512 ) 
4 619 (-440 -192 0 ) (-448 -192 0 ) (-448 -192 -64 ) (-440 -192 -64 ) 
4 619 (-424 -192 -56 ) (-424 -192 0 ) (-440 -192 0 ) (-440 -192 -56 ) 
4 619 (-424 -192 -64 ) (-424 -192 -56 ) (-440 -192 -56 ) (-440 -192 -64 ) 
4 619 (-1020 0 -512 ) (-424 0 -512 ) (-424 -192 -512 ) (-1020 -192 -512 ) 
4 619 (-1020 0 -512 ) (-1020 -192 -512 ) (-1020 -192 0 ) (-1020 0 0 ) 
4 620 (-440 -200 -56 ) (-440 -248 -56 ) (-440 -248 0 ) (-440 -200 0 ) 
4 620 (-424 -248 -56 ) (-440 -248 -56 ) (-440 -200 -56 ) (-424 -200 -56 ) 
4 620 (-440 -248 0 ) (-440 -248 -56 ) (-424 -248 -56 ) (-424 -248 0 ) 
4 620 (-424 -200 0 ) (-424 -200 -56 ) (-440 -200 -56 ) (-440 -200 0 ) 
4 621 (-1020 -192 0 ) (-1020 -192 -64 ) (-1020 -256 -64 ) (-1020 -256 0 ) 
4 621 (-448 -256 0 ) (-448 -256 -64 ) (-448 -192 -64 ) (-448 -192 0 ) 
4 622 (-424 -192 -512 ) (-424 -256 -512 ) (-1020 -256 -512 ) (-1020 -192 -512 ) 
4 622 (-424 -248 -64 ) (-440 -248 -64 ) (-440 -256 -64 ) (-424 -256 -64 ) 
4 622 (-424 -248 -64 ) (-424 -192 -64 ) (-440 -192 -64 ) (-440 -248 -64 ) 
4 622 (-440 -192 -64 ) (-448 -192 -64 ) (-448 -256 -64 ) (-440 -256 -64 ) 
4 622 (-1020 -256 -512 ) (-1020 -256 -64 ) (-1020 -192 -64 ) (-1020 -192 -512 ) 
4 623 (-424 -256 -512 ) (-424 -1024 -512 ) (-1020 -1024 -512 ) (-1020 -256 -512 ) 
4 623 (-440 -448 0 ) (-440 -504 0 ) (-424 -504 0 ) (-424 -448 0 ) 
4 623 (-424 -512 0 ) (-424 -504 0 ) (-440 -504 0 ) (-440 -512 0 ) 
4 623 (-440 -256 -64 ) (-440 -256 0 ) (-424 -256 0 ) (-424 -256 -64 ) 
4 623 (-440 -256 -64 ) (-448 -256 -64 ) (-448 -256 0 ) (-440 -256 0 ) 
4 623 (-1020 -256 0 ) (-1020 -256 -512 ) (-1020 -1024 -512 ) (-1020 -1024 0 ) 
4 624 (-1020 -1024 1660 ) (-1020 -1024 1024 ) (-1020 -1432 1024 ) (-1020 -1432 1660 ) 
4 624 (-1020 -1432 1024 ) (0 -1432 1024 ) (0 -1432 1660 ) (-1020 -1432 1660 ) 
4 624 (0 -1024 1660 ) (-1020 -1024 1660 ) (-1020 -1432 1660 ) (0 -1432 1660 ) 
4 625 (-1020 -1432 0 ) (0 -1432 0 ) (0 -1432 1024 ) (-1020 -1432 1024 ) 
4 625 (-1020 -1024 0 ) (-1020 -1432 0 ) (-1020 -1432 1024 ) (-1020 -1024 1024 ) 
4 626 (-1020 -1432 -512 ) (0 -1432 -512 ) (0 -1432 0 ) (-1020 -1432 0 ) 
4 626 (-1020 -1024 -512 ) (0 -1024 -512 ) (0 -1432 -512 ) (-1020 -1432 -512 ) 
4 626 (-1020 -1024 -512 ) (-1020 -1432 -512 ) (-1020 -1432 0 ) (-1020 -1024 0 ) 
