PRT1
537
1937
2233
4 0 269 0 (0 1560 1024 ) (0 1024 1024 ) (0 1024 1516 ) (0 1560 1516 ) 
4 0 9 0 (0 1024 1516 ) (0 1024 1024 ) (956 1024 1024 ) (956 1024 1516 ) 
4 0 5 0 (456 1024 1024 ) (0 1024 1024 ) (0 1072 1024 ) (456 1072 1024 ) 
4 0 3 0 (0 1072 1024 ) (0 1088 1024 ) (456 1088 1024 ) (456 1072 1024 ) 
4 0 2 0 (0 1088 1024 ) (0 1560 1024 ) (456 1560 1024 ) (456 1088 1024 ) 
4 0 1 0 (956 1024 1024 ) (456 1024 1024 ) (456 1560 1024 ) (956 1560 1024 ) 
4 1 71 0 (456 1024 0 ) (464 1024 0 ) (464 1024 32 ) (456 1024 32 ) 
4 1 70 0 (464 1024 32 ) (464 1024 200 ) (456 1024 200 ) (456 1024 32 ) 
4 1 32 0 (464 1024 208 ) (464 1024 224 ) (456 1024 225.931030 ) (456 1024 209.103439 ) 
4 1 24 0 (464 1024 200 ) (464 1024 208 ) (456 1024 208 ) (456 1024 200 ) 
3 1 13 0 (464 1024 208 ) (456 1024 209.103439 ) (456 1024 208 ) 
4 1 11 0 (464 1024 224 ) (464 1024 1024 ) (456 1024 1024 ) (456 1024 225.931030 ) 
4 1 10 0 (464 1024 0 ) (956 1024 0 ) (956 1024 1024 ) (464 1024 1024 ) 
4 1 8 0 (956 1024 0 ) (456 1024 0 ) (456 1560 0 ) (956 1560 0 ) 
4 1 6 0 (456 1072 0 ) (456 1024 0 ) (456 1024 16 ) (456 1072 16 ) 
4 1 5 0 (456 1024 32 ) (456 1024 1024 ) (456 1072 1024 ) (456 1072 32 ) 
4 1 4 0 (456 1088 0 ) (456 1072 0 ) (456 1072 16 ) (456 1088 16 ) 
4 1 3 0 (456 1072 32 ) (456 1072 1024 ) (456 1088 1024 ) (456 1088 32 ) 
4 1 2 0 (456 1560 1024 ) (456 1560 0 ) (456 1088 0 ) (456 1088 1024 ) 
4 2 271 0 (0 1560 0 ) (0 1088 0 ) (0 1088 32 ) (0 1560 32 ) 
4 2 270 0 (0 1088 32 ) (0 1088 1024 ) (0 1560 1024 ) (0 1560 32 ) 
4 2 8 0 (0 1088 0 ) (0 1560 0 ) (456 1560 0 ) (456 1088 0 ) 
4 2 4 0 (0 1088 0 ) (456 1088 0 ) (456 1088 16 ) (0 1088 16 ) 
4 2 3 0 (456 1088 32 ) (456 1088 1024 ) (0 1088 1024 ) (0 1088 32 ) 
4 3 270 0 (0 1072 32 ) (0 1072 1024 ) (0 1088 1024 ) (0 1088 32 ) 
4 3 5 0 (456 1072 32 ) (456 1072 1024 ) (0 1072 1024 ) (0 1072 32 ) 
4 4 272 0 (0 1088 0 ) (0 1072 0 ) (0 1072 16 ) (0 1088 16 ) 
4 4 8 0 (0 1072 0 ) (0 1088 0 ) (456 1088 0 ) (456 1072 0 ) 
4 4 7 0 (176 1072 0 ) (256 1072 0 ) (256 1072 8 ) (176 1072 8 ) 
4 4 6 0 (440 1072 0 ) (456 1072 0 ) (456 1072 16 ) (440 1072 16 ) 
4 5 273 0 (0 1024 32 ) (0 1024 1024 ) (0 1072 1024 ) (0 1072 32 ) 
4 5 70 0 (0 1024 200 ) (0 1024 32 ) (456 1024 32 ) (456 1024 200 ) 
4 5 32 0 (0 1024 336 ) (0 1024 272 ) (456 1024 209.103455 ) (456 1024 225.931046 ) 
4 5 26 0 (0 1024 208 ) (0 1024 200 ) (144 1024 200 ) (144 1024 208 ) 
4 5 25 0 (144 1024 200 ) (440 1024 200 ) (440 1024 208 ) (144 1024 208 ) 
4 5 24 0 (440 1024 200 ) (456 1024 200 ) (456 1024 208 ) (440 1024 208 ) 
5 5 13 0 (0 1024 264 ) (0 1024 208 ) (456 1024 208 ) (456 1024 209.103455 ) (58 1024 264 ) 
3 5 12 0 (0 1024 272 ) (0 1024 264 ) (58 1024 264 ) 
4 5 11 0 (0 1024 1024 ) (0 1024 336 ) (456 1024 225.931046 ) (456 1024 1024 ) 
4 6 73 0 (440 1024 0 ) (456 1024 0 ) (456 1024 16 ) (440 1024 16 ) 
4 6 8 0 (456 1024 0 ) (440 1024 0 ) (440 1072 0 ) (456 1072 0 ) 
4 7 73 0 (176 1024 0 ) (256 1024 0 ) (256 1024 8 ) (176 1024 8 ) 
4 7 8 0 (256 1024 0 ) (176 1024 0 ) (176 1072 0 ) (256 1072 0 ) 
4 8 277 0 (0 1560 -656 ) (0 1024 -656 ) (0 1024 0 ) (0 1560 0 ) 
4 8 112 0 (0 1024 0 ) (0 1024 -656 ) (956 1024 -656 ) (956 1024 0 ) 
4 9 278 0 (0 0 1024 ) (0 0 1516 ) (0 1024 1516 ) (0 1024 1024 ) 
4 9 113 0 (0 0 1516 ) (0 0 1024 ) (956 0 1024 ) (956 0 1516 ) 
4 9 11 0 (464 0 1024 ) (0 0 1024 ) (0 1024 1024 ) (464 1024 1024 ) 
4 9 10 0 (956 0 1024 ) (464 0 1024 ) (464 1024 1024 ) (956 1024 1024 ) 
4 10 114 0 (464 0 0 ) (956 0 0 ) (956 0 1024 ) (464 0 1024 ) 
4 10 112 0 (956 0 0 ) (464 0 0 ) (464 1024 0 ) (956 1024 0 ) 
4 10 81 0 (464 672 0 ) (464 0 0 ) (464 0 200 ) (464 672 200 ) 
4 10 75 0 (464 704 0 ) (464 672 0 ) (464 672 200 ) (464 704 200 ) 
4 10 74 0 (464 768 0 ) (464 704 0 ) (464 704 200 ) (464 768 200 ) 
4 10 71 0 (464 1024 0 ) (464 768 0 ) (464 768 32 ) (464 1024 32 ) 
4 10 70 0 (464 768 32 ) (464 768 200 ) (464 1024 200 ) (464 1024 32 ) 
4 10 68 0 (464 8 224 ) (464 56 224 ) (464 56 208 ) (464 8 208 ) 
4 10 65 0 (464 72 224 ) (464 120 224 ) (464 120 208 ) (464 72 208 ) 
4 10 62 0 (464 136 224 ) (464 160 224 ) (464 160 208 ) (464 136 208 ) 
4 10 60 0 (464 160 224 ) (464 168 224 ) (464 168 208 ) (464 160 208 ) 
4 10 59 0 (464 168 224 ) (464 184 224 ) (464 184 208 ) (464 168 208 ) 
4 10 56 0 (464 200 224 ) (464 248 224 ) (464 248 208 ) (464 200 208 ) 
4 10 53 0 (464 264 224 ) (464 312 224 ) (464 312 208 ) (464 264 208 ) 
4 10 50 0 (464 328 224 ) (464 376 224 ) (464 376 208 ) (464 328 208 ) 
4 10 47 0 (464 392 224 ) (464 440 224 ) (464 440 208 ) (464 392 208 ) 
4 10 44 0 (464 456 224 ) (464 504 224 ) (464 504 208 ) (464 456 208 ) 
4 10 41 0 (464 520 224 ) (464 568 224 ) (464 568 208 ) (464 520 208 ) 
4 10 38 0 (464 584 224 ) (464 632 224 ) (464 632 208 ) (464 584 208 ) 
4 10 35 0 (464 648 224 ) (464 688 224 ) (464 688 208 ) (464 648 208 ) 
4 10 32 0 (464 704 224 ) (464 1024 224 ) (464 1024 208 ) (464 704 208 ) 
4 10 24 0 (464 0 200 ) (464 0 208 ) (464 1024 208 ) (464 1024 200 ) 
4 10 11 0 (464 0 224 ) (464 0 1024 ) (464 1024 1024 ) (464 1024 224 ) 
4 11 279 0 (0 0 336 ) (0 0 1024 ) (0 1024 1024 ) (0 1024 336 ) 
4 11 115 0 (0 0 1024 ) (0 0 336 ) (464 0 224 ) (464 0 1024 ) 
4 11 68 0 (464 56 224.001373 ) (464 8 224.001373 ) (0 8 336.001465 ) (0 56 336.001465 ) 
4 11 67 0 (464 64 224.001373 ) (464 56 224.001373 ) (0 56 336.001465 ) (0 64 336.001465 ) 
4 11 65 0 (464 120 224.001373 ) (464 72 224.001373 ) (0 72 336.001465 ) (0 120 336.001465 ) 
4 11 64 0 (464 128 224.001373 ) (464 120 224.001373 ) (0 120 336.001465 ) (0 128 336.001465 ) 
4 11 62 0 (464 160 224.001373 ) (464 136 224.001373 ) (0 136 336.001465 ) (0 160 336.001465 ) 
4 11 61 0 (416 160 235.587585 ) (0 160 336.001465 ) (0 168 336.001465 ) (416 168 235.587585 ) 
4 11 60 0 (464 168 224.001373 ) (464 160 224.001373 ) (416 160 235.587585 ) (416 168 235.587585 ) 
4 11 59 0 (464 184 224.001373 ) (464 168 224.001373 ) (0 168 336.001465 ) (0 184 336.001465 ) 
4 11 58 0 (464 192 224.001373 ) (464 184 224.001373 ) (0 184 336.001465 ) (0 192 336.001465 ) 
4 11 56 0 (464 248 224.001373 ) (464 200 224.001373 ) (0 200 336.001465 ) (0 248 336.001465 ) 
4 11 55 0 (464 256 224.001373 ) (464 248 224.001373 ) (0 248 336.001465 ) (0 256 336.001465 ) 
4 11 53 0 (464 312 224.001373 ) (464 264 224.001373 ) (0 264 336.001465 ) (0 312 336.001465 ) 
4 11 52 0 (464 320 224.001373 ) (464 312 224.001373 ) (0 312 336.001465 ) (0 320 336.001465 ) 
4 11 50 0 (464 376 224.001373 ) (464 328 224.001373 ) (0 328 336.001465 ) (0 376 336.001465 ) 
4 11 49 0 (464 384 224.001373 ) (464 376 224.001373 ) (0 376 336.001465 ) (0 384 336.001465 ) 
4 11 47 0 (464 440 224.001373 ) (464 392 224.001373 ) (0 392 336.001465 ) (0 440 336.001434 ) 
4 11 46 0 (464 448 224.001373 ) (464 440 224.001373 ) (0 440 336.001434 ) (0 448 336.001434 ) 
4 11 43 0 (464 512 224.001373 ) (464 504 224.001373 ) (0 504 336.001434 ) (0 512 336.001434 ) 
4 11 44 0 (464 504 224.001373 ) (464 456 224.001373 ) (0 456 336.001434 ) (0 504 336.001434 ) 
4 11 40 0 (464 576 224.001373 ) (464 568 224.001373 ) (0 568 336.001434 ) (0 576 336.001434 ) 
4 11 41 0 (464 568 224.001373 ) (464 520 224.001373 ) (0 520 336.001434 ) (0 568 336.001434 ) 
4 11 37 0 (464 640 224.001373 ) (464 632 224.001373 ) (0 632 336.001434 ) (0 640 336.001434 ) 
4 11 38 0 (464 632 224.001373 ) (464 584 224.001373 ) (0 584 336.001434 ) (0 632 336.001434 ) 
4 11 34 0 (464 696 224.001373 ) (464 688 224.001373 ) (0 688 336.001434 ) (0 696 336.001434 ) 
4 11 35 0 (464 688 224.001373 ) (464 648 224.001373 ) (0 648 336.001434 ) (0 688 336.001434 ) 
4 11 32 0 (0 1024 336.001434 ) (464 1024 224.001373 ) (464 704 224.001373 ) (0 704 336.001434 ) 
4 12 317 0 (0 0 264 ) (0 0 272 ) (0 8 272 ) (0 8 264 ) 
4 12 316 0 (0 8 272 ) (0 56 272 ) (0 56 264 ) (0 8 264 ) 
4 12 315 0 (0 56 272 ) (0 64 272 ) (0 64 264 ) (0 56 264 ) 
4 12 280 0 (0 120 272 ) (0 1024 272 ) (0 1024 264 ) (0 120 264 ) 
4 12 282 0 (0 64 272 ) (0 120 272 ) (0 120 264 ) (0 64 264 ) 
4 12 187 0 (0 0 272 ) (0 0 264 ) (40 0 264 ) (40 0 266.482758 ) 
3 12 134 0 (40 0 264 ) (58 0 264 ) (40 0 266.482758 ) 
4 12 69 0 (0 0 272 ) (58.002434 0 264 ) (58.002434 8 264 ) (0 8 272 ) 
4 12 68 0 (58.002434 8 264 ) (58.002422 56 264 ) (0 56 272 ) (0 8 272 ) 
4 12 66 0 (58.002422 64 264 ) (58.002422 72 264 ) (0 72 272 ) (0 64 272 ) 
4 12 65 0 (58.002422 72 264 ) (58.002411 120 264 ) (0 120 272 ) (0 72 272 ) 
4 12 63 0 (58.002411 128 264 ) (58.002411 136 264 ) (0 136 272 ) (0 128 272 ) 
4 12 62 0 (58.002411 136 264 ) (58.002403 160 264 ) (0 160 272 ) (0 136 272 ) 
4 12 61 0 (58.002403 160 264 ) (58.002403 168 264 ) (0 168 272 ) (0 160 272 ) 
4 12 59 0 (58.002403 168 264 ) (58.002399 184 264 ) (0 184 272 ) (0 168 272 ) 
4 12 57 0 (58.002399 192 264 ) (58.002399 200 264 ) (0 200 272 ) (0 192 272 ) 
4 12 56 0 (58.002399 200 264 ) (58.002388 248 264 ) (0 248 272 ) (0 200 272 ) 
4 12 54 0 (58.002388 256 264 ) (58.002384 264 264 ) (0 264 272 ) (0 256 272 ) 
4 12 53 0 (58.002384 264 264 ) (58.002373 312 264 ) (0 312 272 ) (0 264 272 ) 
4 12 51 0 (58.002373 320 264 ) (58.002369 328 264 ) (0 328 272 ) (0 320 272 ) 
4 12 50 0 (58.002369 328 264 ) (58.002357 376 264 ) (0 376 272 ) (0 328 272 ) 
4 12 48 0 (58.002357 384 264 ) (58.002357 392 264 ) (0 392 272 ) (0 384 272 ) 
4 12 47 0 (58.002357 392 264 ) (58.002346 440 264 ) (0 440 272 ) (0 392 272 ) 
4 12 45 0 (58.002346 448 264 ) (58.002346 456 264 ) (0 456 272 ) (0 448 272 ) 
4 12 44 0 (58.002346 456 264 ) (58.002335 504 264 ) (0 504 272 ) (0 456 272 ) 
4 12 42 0 (58.002335 512 264 ) (58.002335 520 264 ) (0 520 272 ) (0 512 272 ) 
4 12 41 0 (58.002335 520 264 ) (58.002323 568 264 ) (0 568 272 ) (0 520 272 ) 
4 12 39 0 (58.002323 576 264 ) (58.002323 584 264 ) (0 584 272 ) (0 576 272 ) 
4 12 38 0 (58.002323 584 264 ) (58.002312 632 264 ) (0 632 272 ) (0 584 272 ) 
4 12 36 0 (58.002312 640 264 ) (58.002312 648 264 ) (0 648 272 ) (0 640 272 ) 
4 12 35 0 (58.002312 648 264 ) (58.002304 688 264 ) (0 688 272 ) (0 648 272 ) 
4 12 33 0 (58.002300 696 264 ) (58.002300 704 264 ) (0 704 272 ) (0 696 272 ) 
4 12 32 0 (58.002300 704 264 ) (58.002239 1024 264 ) (0 1024 272 ) (0 704 272 ) 
4 12 22 0 (0 24 264 ) (0 32 264 ) (8 32 264 ) (8 24 264 ) 
4 12 23 0 (40 0 264 ) (0 0 264 ) (0 24 264 ) (40 24 264 ) 
4 12 21 0 (58.003906 32 264 ) (58.003906 0 264 ) (48 0 264 ) (48 32 264 ) 
4 12 17 0 (8 32 264 ) (0 32 264 ) (0 168 264 ) (8 168 264 ) 
4 12 15 0 (58.003902 168 264 ) (58.003902 160 264 ) (16 160 264 ) (16 168 264 ) 
4 12 16 0 (58.003902 160 264 ) (58.003906 32 264 ) (16 32 264 ) (16 160 264 ) 
4 12 13 0 (0 1024 264 ) (58.003876 1024 264 ) (58.003902 168 264 ) (0 168 264 ) 
4 13 281 0 (0 1024 224 ) (0 1024 208 ) (0 168 208 ) (0 168 224 ) 
4 13 280 0 (0 168 264 ) (0 1024 264 ) (0 1024 224 ) (0 168 224 ) 
4 13 59 0 (464 168 208 ) (464 184 208 ) (58.002399 184 264 ) (58.002403 168 264 ) 
4 13 57 0 (464 192 208 ) (464 200 208 ) (58.002399 200 264 ) (58.002399 192 264 ) 
4 13 56 0 (464 200 208 ) (464 248 208 ) (58.002388 248 264 ) (58.002399 200 264 ) 
4 13 54 0 (464 256 208 ) (464 264 208 ) (58.002384 264 264 ) (58.002388 256 264 ) 
4 13 53 0 (464 264 208 ) (464 312 208 ) (58.002373 312 264 ) (58.002384 264 264 ) 
4 13 51 0 (464 320 208 ) (464 328 208 ) (58.002369 328 264 ) (58.002373 320 264 ) 
4 13 50 0 (464 328 208 ) (464 376 208 ) (58.002357 376 264 ) (58.002369 328 264 ) 
4 13 48 0 (464 384 208 ) (464 392 208 ) (58.002357 392 264 ) (58.002357 384 264 ) 
4 13 47 0 (464 392 208 ) (464 440 208 ) (58.002346 440 264 ) (58.002357 392 264 ) 
4 13 45 0 (464 448 208 ) (464 456 208 ) (58.002346 456 264 ) (58.002346 448 264 ) 
4 13 44 0 (464 456 208 ) (464 504 208 ) (58.002335 504 264 ) (58.002346 456 264 ) 
4 13 42 0 (464 512 208 ) (464 520 208 ) (58.002335 520 264 ) (58.002335 512 264 ) 
4 13 41 0 (464 520 208 ) (464 568 208 ) (58.002323 568 264 ) (58.002335 520 264 ) 
4 13 39 0 (464 576 208 ) (464 584 208 ) (58.002323 584 264 ) (58.002323 576 264 ) 
4 13 38 0 (464 584 208 ) (464 632 208 ) (58.002312 632 264 ) (58.002323 584 264 ) 
4 13 36 0 (464 640 208 ) (464 648 208 ) (58.002312 648 264 ) (58.002312 640 264 ) 
4 13 35 0 (464 648 208 ) (464 688 208 ) (58.002304 688 264 ) (58.002312 648 264 ) 
4 13 33 0 (464 696 208 ) (464 704 208 ) (58.002300 704 264 ) (58.002300 696 264 ) 
4 13 32 0 (464 704 208 ) (464 1024 208 ) (58.002239 1024 264 ) (58.002300 704 264 ) 
4 13 29 0 (424 184 208 ) (0 184 208 ) (0 680 208 ) (424 680 208 ) 
4 13 28 0 (128 680 208 ) (0 680 208 ) (0 696 208 ) (128 696 208 ) 
4 13 27 0 (128 696 208 ) (0 696 208 ) (0 744 208 ) (128 744 208 ) 
4 13 26 0 (0 1024 208 ) (144 1024 208 ) (144 760 208 ) (0 760 208 ) 
4 13 25 0 (144 1024 208 ) (440 1024 208 ) (440 696 208 ) (144 696 208 ) 
4 13 24 0 (440 1024 208 ) (464 1024 208 ) (464 168 208 ) (440 168 208 ) 
4 13 18 0 (0 168 208 ) (8 168 208 ) (8 168 224 ) (0 168 224 ) 
4 13 17 0 (8 168 224 ) (8 168 264 ) (0 168 264 ) (0 168 224 ) 
3 13 15 0 (339.095306 168 225.228561 ) (58.007812 168 264 ) (16 168 264 ) 
3 13 14 0 (416 168 208 ) (464 168 208 ) (416 168 214.620819 ) 
4 14 68 0 (464 32 208 ) (464 56 208 ) (416 56 214.621017 ) (416 32 214.621017 ) 
4 14 66 0 (464 64 208 ) (464 72 208 ) (416 72 214.621017 ) (416 64 214.621017 ) 
4 14 65 0 (464 72 208 ) (464 120 208 ) (416 120 214.621017 ) (416 72 214.621017 ) 
4 14 63 0 (464 128 208 ) (464 136 208 ) (416 136 214.621017 ) (416 128 214.621017 ) 
4 14 62 0 (464 136 208 ) (464 160 208 ) (416 160 214.621017 ) (416 136 214.621017 ) 
4 14 60 0 (464 160 208 ) (464 168 208 ) (416 168 214.621017 ) (416 160 214.621017 ) 
4 14 24 0 (464 168 208 ) (464 32 208 ) (440 32 208 ) (440 168 208 ) 
3 14 21 0 (416 32 208 ) (464 32 208 ) (416 32 214.620819 ) 
4 14 16 0 (416 160 208 ) (416 32 208 ) (416 32 214.620682 ) (416 160 214.620682 ) 
4 15 61 0 (339.094482 168 225.228668 ) (58.002403 168 264 ) (58.002403 160 264 ) (339.094482 160 225.228668 ) 
3 15 16 0 (16 160 264 ) (339.075867 160 225.230911 ) (58 160 264 ) 
4 16 68 0 (58.002419 56 264 ) (58.002426 32 264 ) (416 32 214.621017 ) (416 56 214.621017 ) 
4 16 66 0 (58.002419 72 264 ) (58.002419 64 264 ) (416 64 214.621017 ) (416 72 214.621017 ) 
4 16 65 0 (58.002407 120 264 ) (58.002419 72 264 ) (416 72 214.621017 ) (416 120 214.621017 ) 
4 16 63 0 (58.002407 136 264 ) (58.002407 128 264 ) (416 128 214.621017 ) (416 136 214.621017 ) 
4 16 62 0 (58.002403 160 264 ) (58.002407 136 264 ) (416 136 214.621017 ) (416 160 214.621017 ) 
4 16 30 0 (416 32 208 ) (16 32 208 ) (16 160 208 ) (416 160 208 ) 
5 16 21 0 (48 32 208 ) (416 32 208 ) (416 32 214.620819 ) (58.007812 32 264 ) (48 32 264 ) 
4 17 316 0 (0 32 264 ) (0 56 264 ) (0 56 224 ) (0 32 224 ) 
4 17 315 0 (0 56 264 ) (0 64 264 ) (0 64 224 ) (0 56 224 ) 
4 17 280 0 (0 120 264 ) (0 168 264 ) (0 168 224 ) (0 120 224 ) 
4 17 282 0 (0 64 264 ) (0 120 264 ) (0 120 224 ) (0 64 224 ) 
4 17 22 0 (8 32 224 ) (8 32 264 ) (0 32 264 ) (0 32 224 ) 
4 17 19 0 (8 120 224 ) (8 64 224 ) (0 64 224 ) (0 120 224 ) 
4 17 18 0 (0 168 224 ) (8 168 224 ) (8 128 224 ) (0 128 224 ) 
4 17 20 0 (8 56 224 ) (8 32 224 ) (0 32 224 ) (0 56 224 ) 
4 18 281 0 (0 168 224 ) (0 168 208 ) (0 128 208 ) (0 128 224 ) 
4 19 282 0 (0 120 208 ) (0 64 208 ) (0 64 224 ) (0 120 224 ) 
4 20 316 0 (0 56 208 ) (0 32 208 ) (0 32 224 ) (0 56 224 ) 
4 20 22 0 (0 32 208 ) (8 32 208 ) (8 32 224 ) (0 32 224 ) 
5 21 135 0 (48 0 208 ) (152 0 208 ) (152 0 251.034485 ) (58 0 264 ) (48 0 264 ) 
4 21 131 0 (152 0 208 ) (416 0 208 ) (416 0 214.620682 ) (152 0 251.034485 ) 
4 21 129 0 (416 0 208 ) (424 0 208 ) (424 0 213.517227 ) (416 0 214.620682 ) 
4 21 118 0 (424 0 208 ) (440 0 208 ) (440 0 211.310333 ) (424 0 213.517227 ) 
4 21 117 0 (440 0 208 ) (448 0 208 ) (448 0 210.206879 ) (440 0 211.310333 ) 
3 21 116 0 (448 0 208 ) (464 0 208 ) (448 0 210.206879 ) 
4 21 69 0 (58.002434 0 264 ) (464 0 208 ) (464 8 208 ) (58.002434 8 264 ) 
4 21 68 0 (464 8 208 ) (464 32 208 ) (58.002426 32 264 ) (58.002434 8 264 ) 
4 21 31 0 (416 0 208 ) (48 0 208 ) (48 32 208 ) (416 32 208 ) 
4 21 24 0 (464 32 208 ) (464 0 208 ) (440 0 208 ) (440 32 208 ) 
4 22 316 0 (0 24 264 ) (0 32 264 ) (0 32 208 ) (0 24 208 ) 
4 22 23 0 (0 24 208 ) (8 24 208 ) (8 24 264 ) (0 24 264 ) 
4 23 317 0 (0 0 208 ) (0 0 264 ) (0 8 264 ) (0 8 208 ) 
4 23 316 0 (0 8 264 ) (0 24 264 ) (0 24 208 ) (0 8 208 ) 
4 23 187 0 (0 0 264 ) (0 0 224 ) (40 0 224 ) (40 0 264 ) 
4 24 117 0 (440 0 200 ) (448 0 200 ) (448 0 208 ) (440 0 208 ) 
4 24 116 0 (448 0 200 ) (464 0 200 ) (464 0 208 ) (448 0 208 ) 
4 24 81 0 (464 672 200 ) (464 0 200 ) (448 0 200 ) (448 672 200 ) 
4 24 75 0 (464 704 200 ) (464 672 200 ) (448 672 200 ) (448 704 200 ) 
4 24 74 0 (464 768 200 ) (464 704 200 ) (440 704 200 ) (440 768 200 ) 
4 24 70 0 (440 1024 200 ) (464 1024 200 ) (464 768 200 ) (440 768 200 ) 
4 24 25 0 (440 1024 200 ) (440 696 200 ) (440 696 208 ) (440 1024 208 ) 
4 25 79 0 (152 704 200 ) (152 768 200 ) (192 768 200 ) (192 704 200 ) 
4 25 76 0 (376 696 200 ) (192 696 200 ) (192 768 200 ) (376 768 200 ) 
4 25 74 0 (440 768 200 ) (440 704 200 ) (376 704 200 ) (376 768 200 ) 
4 25 70 0 (144 1024 200 ) (440 1024 200 ) (440 768 200 ) (144 768 200 ) 
4 25 26 0 (144 1024 200 ) (144 760 200 ) (144 760 208 ) (144 1024 208 ) 
4 26 318 0 (0 760 208 ) (0 1024 208 ) (0 1024 200 ) (0 760 200 ) 
4 26 70 0 (0 1024 200 ) (144 1024 200 ) (144 768 200 ) (0 768 200 ) 
4 27 80 0 (120 696 200 ) (8 696 200 ) (8 736 200 ) (120 736 200 ) 
4 27 28 0 (0 696 200 ) (128 696 200 ) (128 696 208 ) (0 696 208 ) 
4 28 80 0 (120 680 200 ) (8 680 200 ) (8 696 200 ) (120 696 200 ) 
4 28 29 0 (0 680 200 ) (128 680 200 ) (128 680 208 ) (0 680 208 ) 
4 29 319 0 (0 184 208 ) (0 680 208 ) (0 680 200 ) (0 184 200 ) 
4 29 102 0 (0 192 200 ) (0 672 200 ) (136 672 200 ) (136 192 200 ) 
4 29 101 0 (136 672 200 ) (264 672 200 ) (264 192 200 ) (136 192 200 ) 
4 29 85 0 (264 192 200 ) (264 672 200 ) (408 672 200 ) (408 192 200 ) 
4 29 83 0 (408 192 200 ) (408 672 200 ) (416 672 200 ) (416 192 200 ) 
4 29 80 0 (8 680 200 ) (120 680 200 ) (120 672 200 ) (8 672 200 ) 
4 29 76 0 (192 680 200 ) (376 680 200 ) (376 672 200 ) (192 672 200 ) 
4 30 106 0 (264 32 200 ) (16 32 200 ) (16 160 200 ) (264 160 200 ) 
4 30 87 0 (408 32 200 ) (264 32 200 ) (264 154 200 ) (408 154 200 ) 
4 30 86 0 (264 154 200 ) (264 160 200 ) (408 160 200 ) (408 154 200 ) 
4 30 84 0 (416 32 200 ) (408 32 200 ) (408 160 200 ) (416 160 200 ) 
4 30 31 0 (48 32 200 ) (416 32 200 ) (416 32 208 ) (48 32 208 ) 
4 31 135 0 (48 0 200 ) (152 0 200 ) (152 0 208 ) (48 0 208 ) 
4 31 131 0 (152 0 200 ) (416 0 200 ) (416 0 208 ) (152 0 208 ) 
4 31 110 0 (264 0 200 ) (48 0 200 ) (48 8 200 ) (264 8 200 ) 
4 31 107 0 (48 8 200 ) (48 32 200 ) (264 32 200 ) (264 8 200 ) 
4 31 87 0 (408 0 200 ) (264 0 200 ) (264 32 200 ) (408 32 200 ) 
4 31 84 0 (416 0 200 ) (408 0 200 ) (408 32 200 ) (416 32 200 ) 
4 32 283 0 (0 704 336 ) (0 1024 336 ) (0 1024 272 ) (0 704 272 ) 
3 32 33 0 (0 704 272.004791 ) (463.953552 704 208.011230 ) (0 704 320 ) 
4 33 284 0 (0 704 320 ) (0 704 272 ) (0 696 272 ) (0 696 320 ) 
3 33 34 0 (309.333557 696 245.333298 ) (0 696 320 ) (0 696 288 ) 
4 34 285 0 (0 688 336 ) (0 696 336 ) (0 696 288 ) (0 688 288 ) 
3 34 35 0 (464 688 224 ) (0 688 336 ) (0 688 288 ) 
4 35 286 0 (0 648 336 ) (0 688 336 ) (0 688 272 ) (0 648 272 ) 
3 35 36 0 (0 648 272.004791 ) (463.953552 648 208.011230 ) (0 648 320 ) 
4 36 287 0 (0 648 320 ) (0 648 272 ) (0 640 272 ) (0 640 320 ) 
3 36 37 0 (309.333557 640 245.333298 ) (0 640 320 ) (0 640 288 ) 
4 37 288 0 (0 632 336 ) (0 640 336 ) (0 640 288 ) (0 632 288 ) 
3 37 38 0 (464 632 224 ) (0 632 336 ) (0 632 288 ) 
4 38 289 0 (0 584 336 ) (0 632 336 ) (0 632 272 ) (0 584 272 ) 
3 38 39 0 (0 584 272.004791 ) (463.953552 584 208.011230 ) (0 584 320 ) 
4 39 290 0 (0 584 320 ) (0 584 272 ) (0 576 272 ) (0 576 320 ) 
3 39 40 0 (309.333557 576 245.333298 ) (0 576 320 ) (0 576 288 ) 
4 40 291 0 (0 568 336 ) (0 576 336 ) (0 576 288 ) (0 568 288 ) 
3 40 41 0 (464 568 224 ) (0 568 336 ) (0 568 288 ) 
4 41 292 0 (0 520 336 ) (0 568 336 ) (0 568 272 ) (0 520 272 ) 
3 41 42 0 (0 520 272.004791 ) (463.953552 520 208.011230 ) (0 520 320 ) 
4 42 293 0 (0 520 320 ) (0 520 272 ) (0 512 272 ) (0 512 320 ) 
3 42 43 0 (309.333557 512 245.333298 ) (0 512 320 ) (0 512 288 ) 
4 43 294 0 (0 504 336 ) (0 512 336 ) (0 512 288 ) (0 504 288 ) 
3 43 44 0 (464 504 224 ) (0 504 336 ) (0 504 288 ) 
4 44 295 0 (0 456 336 ) (0 504 336 ) (0 504 272 ) (0 456 272 ) 
3 44 45 0 (0 456 272.004791 ) (463.953552 456 208.011230 ) (0 456 320 ) 
4 45 296 0 (0 456 320 ) (0 456 272 ) (0 448 272 ) (0 448 320 ) 
3 45 46 0 (309.333557 448 245.333298 ) (0 448 320 ) (0 448 288 ) 
4 46 297 0 (0 440 336 ) (0 448 336 ) (0 448 288 ) (0 440 288 ) 
3 46 47 0 (464 440 224 ) (0 440 336 ) (0 440 288 ) 
4 47 298 0 (0 392 336 ) (0 440 336 ) (0 440 272 ) (0 392 272 ) 
3 47 48 0 (0 392 272.004791 ) (463.953552 392 208.011230 ) (0 392 320 ) 
4 48 299 0 (0 392 320 ) (0 392 272 ) (0 384 272 ) (0 384 320 ) 
3 48 49 0 (309.333557 384 245.333298 ) (0 384 320 ) (0 384 288 ) 
4 49 300 0 (0 376 336 ) (0 384 336 ) (0 384 288 ) (0 376 288 ) 
3 49 50 0 (464 376 224 ) (0 376 336 ) (0 376 288 ) 
4 50 301 0 (0 328 336 ) (0 376 336 ) (0 376 272 ) (0 328 272 ) 
3 50 51 0 (0 328 272.004791 ) (463.953552 328 208.011230 ) (0 328 320 ) 
4 51 302 0 (0 328 320 ) (0 328 272 ) (0 320 272 ) (0 320 320 ) 
3 51 52 0 (309.333557 320 245.333298 ) (0 320 320 ) (0 320 288 ) 
4 52 303 0 (0 312 336 ) (0 320 336 ) (0 320 288 ) (0 312 288 ) 
3 52 53 0 (464 312 224 ) (0 312 336 ) (0 312 288 ) 
4 53 304 0 (0 264 336 ) (0 312 336 ) (0 312 272 ) (0 264 272 ) 
3 53 54 0 (0 264 272.004791 ) (463.953552 264 208.011230 ) (0 264 320 ) 
4 54 305 0 (0 264 320 ) (0 264 272 ) (0 256 272 ) (0 256 320 ) 
3 54 55 0 (309.333557 256 245.333298 ) (0 256 320 ) (0 256 288 ) 
4 55 306 0 (0 248 336 ) (0 256 336 ) (0 256 288 ) (0 248 288 ) 
3 55 56 0 (464 248 224 ) (0 248 336 ) (0 248 288 ) 
4 56 307 0 (0 200 336 ) (0 248 336 ) (0 248 272 ) (0 200 272 ) 
3 56 57 0 (0 200 272.004791 ) (463.953552 200 208.011230 ) (0 200 320 ) 
4 57 308 0 (0 200 320 ) (0 200 272 ) (0 192 272 ) (0 192 320 ) 
3 57 58 0 (309.333557 192 245.333298 ) (0 192 320 ) (0 192 288 ) 
4 58 309 0 (0 184 336 ) (0 192 336 ) (0 192 288 ) (0 184 288 ) 
3 58 59 0 (464 184 224 ) (0 184 336 ) (0 184 288 ) 
4 59 310 0 (0 168 336 ) (0 184 336 ) (0 184 272 ) (0 168 272 ) 
5 59 61 0 (0 168 272.004791 ) (339.344635 168 225.198654 ) (416 168 216 ) (416 168 235.586227 ) (0 168 336 ) 
4 59 60 0 (416 168 214.625504 ) (464 168 208.004822 ) (464 168 224 ) (416 168 235.586227 ) 
4 60 62 0 (416 160 214.625504 ) (464 160 208.004822 ) (464 160 224 ) (416 160 235.586227 ) 
4 60 61 0 (416 168 235.582809 ) (416 168 216 ) (416 160 216 ) (416 160 235.586212 ) 
4 61 310 0 (0 160 336 ) (0 168 336 ) (0 168 272 ) (0 160 272 ) 
5 61 62 0 (0 160 272.004791 ) (339.344635 160 225.198654 ) (416 160 216 ) (416 160 235.586227 ) (0 160 336 ) 
4 62 310 0 (0 136 336 ) (0 160 336 ) (0 160 272 ) (0 136 272 ) 
3 62 63 0 (0 136 272.004791 ) (463.953552 136 208.011230 ) (0 136 320 ) 
4 63 311 0 (0 136 320 ) (0 136 272 ) (0 128 272 ) (0 128 320 ) 
3 63 64 0 (309.333557 128 245.333298 ) (0 128 320 ) (0 128 288 ) 
4 64 312 0 (0 120 336 ) (0 128 336 ) (0 128 288 ) (0 120 288 ) 
3 64 65 0 (464 120 224 ) (0 120 336 ) (0 120 288 ) 
4 65 313 0 (0 72 336 ) (0 120 336 ) (0 120 272 ) (0 72 272 ) 
3 65 66 0 (0 72 272.004791 ) (463.953552 72 208.011230 ) (0 72 320 ) 
4 66 314 0 (0 72 320 ) (0 72 272 ) (0 64 272 ) (0 64 320 ) 
3 66 67 0 (309.333557 64 245.333298 ) (0 64 320 ) (0 64 288 ) 
4 67 315 0 (0 56 336 ) (0 64 336 ) (0 64 288 ) (0 56 288 ) 
3 67 68 0 (464 56 224 ) (0 56 336 ) (0 56 288 ) 
4 68 316 0 (0 8 336 ) (0 56 336 ) (0 56 272 ) (0 8 272 ) 
3 68 69 0 (0 8 272.004791 ) (463.953552 8 208.011230 ) (0 8 320 ) 
4 69 317 0 (0 0 272 ) (0 0 320 ) (0 8 320 ) (0 8 272 ) 
3 69 210 0 (0 0 320 ) (0 0 288 ) (309.333344 0 245.333328 ) 
4 70 328 0 (0 768 200 ) (0 1024 200 ) (0 1024 32 ) (0 768 32 ) 
4 70 79 0 (192 768 200 ) (152 768 200 ) (152 768 32 ) (192 768 32 ) 
4 70 76 0 (376 768 200 ) (192 768 200 ) (192 768 32 ) (376 768 32 ) 
4 70 74 0 (464 768 32 ) (464 768 200 ) (376 768 200 ) (376 768 32 ) 
4 70 72 0 (456 768 32 ) (0 768 32 ) (0 1008 32 ) (456 1008 32 ) 
4 70 71 0 (464 768 32 ) (456 768 32 ) (456 1024 32 ) (464 1024 32 ) 
4 71 112 0 (456 1024 0 ) (464 1024 0 ) (464 768 0 ) (456 768 0 ) 
4 71 74 0 (456 768 0 ) (464 768 0 ) (464 768 32 ) (456 768 32 ) 
4 71 72 0 (456 768 16 ) (456 768 32 ) (456 1008 32 ) (456 1008 16 ) 
4 71 73 0 (456 1024 0 ) (456 768 0 ) (456 768 16 ) (456 1024 16 ) 
4 72 329 0 (0 1008 16 ) (0 768 16 ) (0 768 32 ) (0 1008 32 ) 
4 72 79 0 (192 768 32 ) (152 768 32 ) (152 768 16 ) (192 768 16 ) 
4 72 76 0 (376 768 32 ) (192 768 32 ) (192 768 16 ) (376 768 16 ) 
4 72 74 0 (456 768 16 ) (456 768 32 ) (376 768 32 ) (376 768 16 ) 
4 72 73 0 (456 1008 16 ) (456 768 16 ) (0 768 16 ) (0 1008 16 ) 
4 73 330 0 (0 1024 16 ) (0 1024 0 ) (0 768 0 ) (0 768 16 ) 
4 73 112 0 (0 768 0 ) (0 1024 0 ) (456 1024 0 ) (456 768 0 ) 
4 73 79 0 (152 768 0 ) (192 768 0 ) (192 768 16 ) (152 768 16 ) 
4 73 77 0 (192 768 0 ) (376 768 0 ) (376 768 8 ) (192 768 8 ) 
4 73 76 0 (376 768 8 ) (376 768 16 ) (192 768 16 ) (192 768 8 ) 
4 73 74 0 (376 768 0 ) (456 768 0 ) (456 768 16 ) (376 768 16 ) 
4 74 112 0 (376 768 0 ) (464 768 0 ) (464 704 0 ) (376 704 0 ) 
4 74 77 0 (376 768 8 ) (376 768 0 ) (376 704 0 ) (376 704 8 ) 
4 74 76 0 (376 768 200 ) (376 768 8 ) (376 704 8 ) (376 704 200 ) 
4 74 75 0 (448 704 0 ) (464 704 0 ) (464 704 200 ) (448 704 200 ) 
4 75 112 0 (464 704 0 ) (464 672 0 ) (448 672 0 ) (448 704 0 ) 
4 75 81 0 (448 672 0 ) (464 672 0 ) (464 672 200 ) (448 672 200 ) 
4 76 101 0 (264 672 200 ) (192 672 200 ) (192 672 8 ) (264 672 8 ) 
4 76 85 0 (376 672 8 ) (376 672 200 ) (264 672 200 ) (264 672 8 ) 
4 76 79 0 (192 768 200 ) (192 768 8 ) (192 704 8 ) (192 704 200 ) 
4 76 77 0 (192 696 8 ) (192 768 8 ) (376 768 8 ) (376 696 8 ) 
4 76 78 0 (192 672 8 ) (192 680 8 ) (376 680 8 ) (376 672 8 ) 
4 77 112 0 (192 768 0 ) (376 768 0 ) (376 696 0 ) (192 696 0 ) 
4 77 79 0 (192 768 8 ) (192 768 0 ) (192 704 0 ) (192 704 8 ) 
4 78 112 0 (376 680 0 ) (376 672 0 ) (192 672 0 ) (192 680 0 ) 
4 78 101 0 (192 672 0 ) (264 672 0 ) (264 672 8 ) (192 672 8 ) 
4 78 85 0 (264 672 0 ) (376 672 0 ) (376 672 8 ) (264 672 8 ) 
4 79 112 0 (152 768 0 ) (192 768 0 ) (192 704 0 ) (152 704 0 ) 
4 80 102 0 (120 672 200 ) (8 672 200 ) (8 672 40 ) (120 672 40 ) 
4 81 116 0 (448 0 0 ) (464 0 0 ) (464 0 200 ) (448 0 200 ) 
4 81 112 0 (464 0 0 ) (448 0 0 ) (448 672 0 ) (464 672 0 ) 
4 81 82 0 (448 0 48 ) (448 0 160 ) (448 40 160 ) (448 40 48 ) 
4 82 130 0 (424 0 160 ) (416 0 160 ) (416 0 48 ) (424 0 48 ) 
4 82 120 0 (448 0 48 ) (448 0 160 ) (424 0 160 ) (424 0 48 ) 
4 82 84 0 (416 0 48 ) (416 0 160 ) (416 40 160 ) (416 40 48 ) 
4 83 112 0 (408 192 0 ) (408 672 0 ) (416 672 0 ) (416 192 0 ) 
4 83 85 0 (408 672 200 ) (408 672 0 ) (408 192 0 ) (408 192 200 ) 
4 84 131 0 (408 0 0 ) (416 0 0 ) (416 0 200 ) (408 0 200 ) 
4 84 112 0 (416 0 0 ) (408 0 0 ) (408 160 0 ) (416 160 0 ) 
4 84 97 0 (408 144 0 ) (408 8 0 ) (408 8 16 ) (408 144 16 ) 
4 84 93 0 (408 120 40 ) (408 149 40 ) (408 149 32 ) (408 120 32 ) 
4 84 92 0 (408 149 40 ) (408 152 40 ) (408 152 32 ) (408 149 32 ) 
4 84 96 0 (408 0 32 ) (408 0 40 ) (408 120 40 ) (408 120 32 ) 
4 84 90 0 (408 149 64 ) (408 152 64 ) (408 152 40 ) (408 149 40 ) 
4 84 91 0 (408 0 40 ) (408 0 64 ) (408 149 64 ) (408 149 40 ) 
4 84 88 0 (408 154 0 ) (408 152 0 ) (408 152 64 ) (408 154 64 ) 
4 84 87 0 (408 0 64 ) (408 0 200 ) (408 154 200 ) (408 154 64 ) 
4 84 86 0 (408 160 0 ) (408 154 0 ) (408 154 200 ) (408 160 200 ) 
4 85 112 0 (264 192 0 ) (264 672 0 ) (408 672 0 ) (408 192 0 ) 
4 85 101 0 (264 672 200 ) (264 672 0 ) (264 192 0 ) (264 192 200 ) 
4 86 112 0 (264 154 0 ) (264 160 0 ) (408 160 0 ) (408 154 0 ) 
4 86 106 0 (264 160 0 ) (264 154 0 ) (264 154 200 ) (264 160 200 ) 
4 86 89 0 (264 154 14 ) (264 154 0 ) (407 154 0 ) (407 154 14 ) 
4 86 88 0 (407 154 0 ) (408 154 0 ) (408 154 64 ) (407 154 64 ) 
4 86 87 0 (264 154 200 ) (264 154 64 ) (408 154 64 ) (408 154 200 ) 
4 87 131 0 (408 0 64 ) (408 0 200 ) (264 0 200 ) (264 0 64 ) 
4 87 110 0 (264 0 64 ) (264 0 200 ) (264 8 200 ) (264 8 64 ) 
4 87 107 0 (264 8 200 ) (264 32 200 ) (264 32 64 ) (264 8 64 ) 
4 87 106 0 (264 32 200 ) (264 154 200 ) (264 154 64 ) (264 32 64 ) 
4 87 90 0 (407 152 64 ) (408 152 64 ) (408 149 64 ) (407 149 64 ) 
4 87 91 0 (264 0 64 ) (264 149 64 ) (408 149 64 ) (408 0 64 ) 
4 87 88 0 (407 154 64 ) (408 154 64 ) (408 152 64 ) (407 152 64 ) 
4 88 112 0 (407 154 0 ) (408 154 0 ) (408 152 0 ) (407 152 0 ) 
4 88 92 0 (408 152 32 ) (408 152 40 ) (407 152 40 ) (407 152 32 ) 
4 88 90 0 (408 152 40 ) (408 152 64 ) (407 152 64 ) (407 152 40 ) 
4 88 89 0 (407 152 0 ) (407 152 14 ) (407 154 14 ) (407 154 0 ) 
4 89 112 0 (264 152 0 ) (264 154 0 ) (407 154 0 ) (407 152 0 ) 
4 89 106 0 (264 154 0 ) (264 152 0 ) (264 152 14 ) (264 154 14 ) 
4 89 99 0 (272 152 0 ) (400 152 0 ) (400 152 14 ) (272 152 14 ) 
4 90 92 0 (407 152 40 ) (408 152 40 ) (408 149 40 ) (407 149 40 ) 
4 90 91 0 (407 149 40 ) (408 149 40 ) (408 149 64 ) (407 149 64 ) 
4 91 131 0 (408 0 40 ) (408 0 64 ) (264 0 64 ) (264 0 40 ) 
4 91 110 0 (264 0 40 ) (264 0 64 ) (264 8 64 ) (264 8 40 ) 
4 91 107 0 (264 8 64 ) (264 32 64 ) (264 32 40 ) (264 8 40 ) 
4 91 106 0 (264 32 64 ) (264 149 64 ) (264 149 40 ) (264 32 40 ) 
4 91 94 0 (320 149 40 ) (352 149 40 ) (352 120 40 ) (320 120 40 ) 
4 91 93 0 (392 149 40 ) (408 149 40 ) (408 120 40 ) (392 120 40 ) 
4 91 95 0 (264 120 40 ) (264 149 40 ) (280 149 40 ) (280 120 40 ) 
4 91 96 0 (264 0 40 ) (264 120 40 ) (408 120 40 ) (408 0 40 ) 
4 92 93 0 (407 149 32 ) (408 149 32 ) (408 149 40 ) (407 149 40 ) 
4 93 96 0 (392 120 32 ) (408 120 32 ) (408 120 40 ) (392 120 40 ) 
4 94 96 0 (320 120 32 ) (352 120 32 ) (352 120 40 ) (320 120 40 ) 
4 95 106 0 (264 120 40 ) (264 149 40 ) (264 149 32 ) (264 120 32 ) 
4 95 96 0 (264 120 32 ) (280 120 32 ) (280 120 40 ) (264 120 40 ) 
4 96 131 0 (408 0 32 ) (408 0 40 ) (264 0 40 ) (264 0 32 ) 
4 96 110 0 (264 0 32 ) (264 0 40 ) (264 8 40 ) (264 8 32 ) 
4 96 107 0 (264 8 40 ) (264 32 40 ) (264 32 32 ) (264 8 32 ) 
4 96 106 0 (264 32 40 ) (264 120 40 ) (264 120 32 ) (264 32 32 ) 
4 97 112 0 (407 8 0 ) (407 144 0 ) (408 144 0 ) (408 8 0 ) 
4 97 98 0 (407 144 0 ) (407 8 0 ) (407 8 14 ) (407 144 14 ) 
4 98 112 0 (400 8 0 ) (400 144 0 ) (407 144 0 ) (407 8 0 ) 
4 98 99 0 (400 144 14 ) (400 144 0 ) (400 8 0 ) (400 8 14 ) 
4 99 131 0 (272 0 0 ) (400 0 0 ) (400 0 14 ) (272 0 14 ) 
4 99 112 0 (400 0 0 ) (272 0 0 ) (272 152 0 ) (400 152 0 ) 
4 99 100 0 (272 144 0 ) (272 8 0 ) (272 8 14 ) (272 144 14 ) 
4 100 112 0 (264 8 0 ) (264 144 0 ) (272 144 0 ) (272 8 0 ) 
4 100 107 0 (264 32 0 ) (264 8 0 ) (264 8 14 ) (264 32 14 ) 
4 100 106 0 (264 144 0 ) (264 32 0 ) (264 32 14 ) (264 144 14 ) 
4 101 112 0 (136 672 0 ) (264 672 0 ) (264 192 0 ) (136 192 0 ) 
4 101 103 0 (136 672 24 ) (136 672 0 ) (136 632 0 ) (136 632 24 ) 
4 101 105 0 (136 632 0 ) (136 192 0 ) (136 192 40 ) (136 632 40 ) 
4 101 102 0 (136 672 200 ) (136 672 40 ) (136 192 40 ) (136 192 200 ) 
4 102 339 0 (0 192 200 ) (0 632 200 ) (0 632 40 ) (0 192 40 ) 
4 102 334 0 (0 632 200 ) (0 672 200 ) (0 672 40 ) (0 632 40 ) 
4 102 105 0 (136 632 40 ) (136 192 40 ) (0 192 40 ) (0 632 40 ) 
4 103 112 0 (128 672 0 ) (136 672 0 ) (136 632 0 ) (128 632 0 ) 
4 103 104 0 (128 632 0 ) (128 632 24 ) (128 640 24 ) (128 640 0 ) 
4 103 105 0 (128 632 0 ) (136 632 0 ) (136 632 24 ) (128 632 24 ) 
4 104 335 0 (0 640 0 ) (0 632 0 ) (0 632 24 ) (0 640 24 ) 
4 104 112 0 (0 632 0 ) (0 640 0 ) (128 640 0 ) (128 632 0 ) 
4 104 105 0 (0 632 0 ) (128 632 0 ) (128 632 24 ) (0 632 24 ) 
4 105 339 0 (0 632 0 ) (0 192 0 ) (0 192 40 ) (0 632 40 ) 
4 105 112 0 (0 192 0 ) (0 632 0 ) (136 632 0 ) (136 192 0 ) 
4 106 112 0 (264 160 0 ) (264 32 0 ) (16 32 0 ) (16 160 0 ) 
4 106 107 0 (48 32 0 ) (264 32 0 ) (264 32 200 ) (48 32 200 ) 
4 107 112 0 (264 32 0 ) (264 8 0 ) (48 8 0 ) (48 32 0 ) 
4 107 110 0 (48 8 0 ) (264 8 0 ) (264 8 200 ) (48 8 200 ) 
4 108 111 0 (16 8 200 ) (8 8 200 ) (8 8 8 ) (16 8 8 ) 
4 108 109 0 (8 8 8 ) (8 8 200 ) (8 24 200 ) (8 24 8 ) 
4 109 343 0 (0 24 200 ) (0 120 200 ) (0 120 8 ) (0 24 8 ) 
4 109 111 0 (8 8 8 ) (8 8 200 ) (0 8 200 ) (0 8 8 ) 
4 110 135 0 (48 0 0 ) (152 0 0 ) (152 0 200 ) (48 0 200 ) 
4 110 131 0 (152 0 0 ) (264 0 0 ) (264 0 200 ) (152 0 200 ) 
4 110 112 0 (264 0 0 ) (48 0 0 ) (48 8 0 ) (264 8 0 ) 
4 111 345 0 (0 0 0 ) (0 0 200 ) (0 8 200 ) (0 8 0 ) 
4 111 207 0 (8 0 0 ) (16 0 0 ) (16 0 200 ) (8 0 200 ) 
4 111 209 0 (0 0 200 ) (0 0 0 ) (8 0 0 ) (8 0 200 ) 
4 111 112 0 (16 0 0 ) (0 0 0 ) (0 8 0 ) (16 8 0 ) 
4 112 372 0 (0 0 -656 ) (0 0 0 ) (0 1024 0 ) (0 1024 -656 ) 
4 112 265 0 (0 0 0 ) (0 0 -656 ) (956 0 -656 ) (956 0 0 ) 
4 113 373 0 (0 -1024 1024 ) (0 -1024 1516 ) (0 0 1516 ) (0 0 1024 ) 
4 113 266 0 (0 -1024 1516 ) (0 -1024 1024 ) (956 -1024 1024 ) (956 -1024 1516 ) 
4 113 115 0 (0 -720 1024 ) (0 0 1024 ) (464 0 1024 ) (464 -720 1024 ) 
4 113 264 0 (464 -1024 1024 ) (0 -1024 1024 ) (0 -720 1024 ) (464 -720 1024 ) 
4 113 114 0 (956 -1024 1024 ) (464 -1024 1024 ) (464 0 1024 ) (956 0 1024 ) 
4 114 267 0 (464 -1024 0 ) (956 -1024 0 ) (956 -1024 1024 ) (464 -1024 1024 ) 
4 114 265 0 (956 -1024 0 ) (464 -1024 0 ) (464 0 0 ) (956 0 0 ) 
4 114 254 0 (464 -704 0 ) (464 -720 0 ) (464 -720 200 ) (464 -704 200 ) 
4 114 252 0 (464 -720 200 ) (464 -720 208 ) (464 -704 208 ) (464 -704 200 ) 
4 114 251 0 (464 -720 208 ) (464 -720 224 ) (464 -704 224 ) (464 -704 208 ) 
4 114 248 0 (464 -688 224 ) (464 -648 224 ) (464 -648 208 ) (464 -688 208 ) 
4 114 245 0 (464 -632 224 ) (464 -584 224 ) (464 -584 208 ) (464 -632 208 ) 
4 114 242 0 (464 -568 224 ) (464 -520 224 ) (464 -520 208 ) (464 -568 208 ) 
4 114 239 0 (464 -504 224 ) (464 -456 224 ) (464 -456 208 ) (464 -504 208 ) 
4 114 236 0 (464 -440 224 ) (464 -392 224 ) (464 -392 208 ) (464 -440 208 ) 
4 114 233 0 (464 -376 224 ) (464 -328 224 ) (464 -328 208 ) (464 -376 208 ) 
4 114 230 0 (464 -312 224 ) (464 -264 224 ) (464 -264 208 ) (464 -312 208 ) 
4 114 224 0 (464 -248 224 ) (464 -200 224 ) (464 -200 208 ) (464 -248 208 ) 
4 114 221 0 (464 -184 224 ) (464 -176 224 ) (464 -176 208 ) (464 -184 208 ) 
4 114 217 0 (464 -176 224 ) (464 -136 224 ) (464 -136 208 ) (464 -176 208 ) 
4 114 214 0 (464 -120 224 ) (464 -72 224 ) (464 -72 208 ) (464 -120 208 ) 
4 114 211 0 (464 -56 224 ) (464 -8 224 ) (464 -8 208 ) (464 -56 208 ) 
4 114 116 0 (464 0 0 ) (464 -704 0 ) (464 -704 208 ) (464 0 208 ) 
4 114 115 0 (464 -720 224 ) (464 -720 1024 ) (464 0 1024 ) (464 0 224 ) 
4 114 264 0 (464 -720 0 ) (464 -1024 0 ) (464 -1024 1024 ) (464 -720 1024 ) 
4 115 374 0 (0 -720 1024 ) (0 0 1024 ) (0 0 336 ) (0 -720 336 ) 
4 115 251 0 (464 -720 224.001373 ) (24 -720 330.208282 ) (24 -704 330.208282 ) (464 -704 224.001373 ) 
4 115 253 0 (24 -720 330.208282 ) (0 -720 336.001373 ) (0 -704 336.001373 ) (24 -704 330.208282 ) 
4 115 250 0 (0 -704 336.001373 ) (0 -696 336.001373 ) (464 -696 224.001373 ) (464 -704 224.001373 ) 
4 115 248 0 (0 -688 336.001373 ) (0 -648 336.001373 ) (464 -648 224.001373 ) (464 -688 224.001373 ) 
4 115 247 0 (0 -648 336.001373 ) (0 -640 336.001373 ) (464 -640 224.001373 ) (464 -648 224.001373 ) 
4 115 245 0 (0 -632 336.001373 ) (0 -584 336.001373 ) (464 -584 224.001373 ) (464 -632 224.001373 ) 
4 115 244 0 (0 -584 336.001373 ) (0 -576 336.001373 ) (464 -576 224.001373 ) (464 -584 224.001373 ) 
4 115 242 0 (0 -568 336.001373 ) (0 -520 336.001373 ) (464 -520 224.001373 ) (464 -568 224.001373 ) 
4 115 241 0 (0 -520 336.001373 ) (0 -512 336.001373 ) (464 -512 224.001373 ) (464 -520 224.001373 ) 
4 115 239 0 (0 -504 336.001373 ) (0 -456 336.001343 ) (464 -456 224.001373 ) (464 -504 224.001373 ) 
4 115 238 0 (0 -456 336.001343 ) (0 -448 336.001343 ) (464 -448 224.001373 ) (464 -456 224.001373 ) 
4 115 236 0 (0 -440 336.001343 ) (0 -392 336.001343 ) (464 -392 224.001373 ) (464 -440 224.001373 ) 
4 115 235 0 (0 -392 336.001343 ) (0 -384 336.001343 ) (464 -384 224.001373 ) (464 -392 224.001373 ) 
4 115 232 0 (0 -328 336.001343 ) (0 -320 336.001343 ) (464 -320 224.001373 ) (464 -328 224.001373 ) 
4 115 233 0 (0 -376 336.001343 ) (0 -328 336.001343 ) (464 -328 224.001373 ) (464 -376 224.001373 ) 
4 115 229 0 (0 -264 336.001343 ) (0 -256 336.001343 ) (464 -256 224.001373 ) (464 -264 224.001373 ) 
4 115 230 0 (0 -312 336.001343 ) (0 -264 336.001343 ) (464 -264 224.001373 ) (464 -312 224.001373 ) 
4 115 222 0 (0 -248 336.001343 ) (0 -192 336.001343 ) (464 -192 224.001373 ) (464 -248 224.001373 ) 
4 115 221 0 (0 -184 336.001343 ) (0 -176 336.001343 ) (464 -176 224.001373 ) (464 -184 224.001373 ) 
4 115 217 0 (0 -176 336.001343 ) (0 -136 336.001343 ) (464 -136 224.001373 ) (464 -176 224.001373 ) 
4 115 216 0 (0 -136 336.001343 ) (0 -128 336.001343 ) (464 -128 224.001373 ) (464 -136 224.001373 ) 
4 115 213 0 (0 -72 336.001343 ) (0 -64 336.001343 ) (464 -64 224.001373 ) (464 -72 224.001373 ) 
4 115 214 0 (0 -120 336.001343 ) (0 -72 336.001343 ) (464 -72 224.001373 ) (464 -120 224.001373 ) 
4 115 210 0 (0 -8 336.001343 ) (0 0 336.001343 ) (464 0 224.001373 ) (464 -8 224.001373 ) 
4 115 211 0 (0 -56 336.001343 ) (0 -8 336.001343 ) (464 -8 224.001373 ) (464 -56 224.001373 ) 
4 115 264 0 (464 -720 224 ) (464 -720 1024 ) (0 -720 1024 ) (0 -720 336 ) 
4 116 265 0 (448 0 0 ) (464 0 0 ) (464 -704 0 ) (448 -704 0 ) 
4 116 254 0 (448 -704 0 ) (464 -704 0 ) (464 -704 200 ) (448 -704 200 ) 
4 116 252 0 (464 -704 200 ) (464 -704 208 ) (448 -704 208 ) (448 -704 200 ) 
3 116 251 0 (464 -704 208 ) (448 -704 210.206894 ) (448 -704 208 ) 
4 116 249 0 (464 -696 208 ) (464 -688 208 ) (448 -688 210.206467 ) (448 -696 210.206467 ) 
4 116 248 0 (464 -688 208 ) (464 -648 208 ) (448 -648 210.206467 ) (448 -688 210.206467 ) 
4 116 246 0 (464 -640 208 ) (464 -632 208 ) (448 -632 210.206467 ) (448 -640 210.206467 ) 
4 116 245 0 (464 -632 208 ) (464 -584 208 ) (448 -584 210.206467 ) (448 -632 210.206467 ) 
4 116 243 0 (464 -576 208 ) (464 -568 208 ) (448 -568 210.206467 ) (448 -576 210.206467 ) 
4 116 242 0 (464 -568 208 ) (464 -520 208 ) (448 -520 210.206467 ) (448 -568 210.206467 ) 
4 116 240 0 (464 -512 208 ) (464 -504 208 ) (448 -504 210.206467 ) (448 -512 210.206467 ) 
4 116 239 0 (464 -504 208 ) (464 -456 208 ) (448 -456 210.206467 ) (448 -504 210.206467 ) 
4 116 237 0 (464 -448 208 ) (464 -440 208 ) (448 -440 210.206467 ) (448 -448 210.206467 ) 
4 116 236 0 (464 -440 208 ) (464 -392 208 ) (448 -392 210.206467 ) (448 -440 210.206467 ) 
4 116 234 0 (464 -384 208 ) (464 -376 208 ) (448 -376 210.206467 ) (448 -384 210.206467 ) 
4 116 233 0 (464 -376 208 ) (464 -328 208 ) (448 -328 210.206467 ) (448 -376 210.206467 ) 
4 116 231 0 (464 -320 208 ) (464 -312 208 ) (448 -312 210.206467 ) (448 -320 210.206467 ) 
4 116 230 0 (464 -312 208 ) (464 -264 208 ) (448 -264 210.206467 ) (448 -312 210.206467 ) 
4 116 226 0 (464 -256 208 ) (464 -248 208 ) (448 -248 210.206467 ) (448 -256 210.206467 ) 
4 116 224 0 (464 -248 208 ) (464 -200 208 ) (448 -200 210.206467 ) (448 -248 210.206467 ) 
4 116 219 0 (464 -192 208 ) (464 -176 208 ) (448 -176 210.206467 ) (448 -192 210.206467 ) 
4 116 217 0 (464 -176 208 ) (464 -136 208 ) (448 -136 210.206467 ) (448 -176 210.206467 ) 
4 116 215 0 (464 -128 208 ) (464 -120 208 ) (448 -120 210.206467 ) (448 -128 210.206467 ) 
4 116 214 0 (464 -120 208 ) (464 -72 208 ) (448 -72 210.206467 ) (448 -120 210.206467 ) 
4 116 212 0 (464 -64 208 ) (464 -56 208 ) (448 -56 210.206467 ) (448 -64 210.206467 ) 
4 116 211 0 (464 -56 208 ) (464 -8 208 ) (448 -8 210.206467 ) (448 -56 210.206467 ) 
4 116 120 0 (448 0 160 ) (448 0 48 ) (448 -96 48 ) (448 -96 160 ) 
4 116 117 0 (448 -704 200 ) (448 -704 210.203125 ) (448 0 210.203125 ) (448 0 200 ) 
4 117 252 0 (448 -704 200 ) (448 -704 208 ) (440 -704 208 ) (440 -704 200 ) 
4 117 251 0 (448 -704 208 ) (448 -704 210.206894 ) (440 -704 211.310349 ) (440 -704 208 ) 
4 117 249 0 (448 -696 210.206467 ) (448 -688 210.206467 ) (440 -688 211.309921 ) (440 -696 211.309921 ) 
4 117 248 0 (448 -688 210.206467 ) (448 -648 210.206467 ) (440 -648 211.309921 ) (440 -688 211.309921 ) 
4 117 246 0 (448 -640 210.206467 ) (448 -632 210.206467 ) (440 -632 211.309921 ) (440 -640 211.309921 ) 
4 117 245 0 (448 -632 210.206467 ) (448 -584 210.206467 ) (440 -584 211.309921 ) (440 -632 211.309921 ) 
4 117 243 0 (448 -576 210.206467 ) (448 -568 210.206467 ) (440 -568 211.309921 ) (440 -576 211.309921 ) 
4 117 242 0 (448 -568 210.206467 ) (448 -520 210.206467 ) (440 -520 211.309921 ) (440 -568 211.309921 ) 
4 117 240 0 (448 -512 210.206467 ) (448 -504 210.206467 ) (440 -504 211.309921 ) (440 -512 211.309921 ) 
4 117 239 0 (448 -504 210.206467 ) (448 -456 210.206467 ) (440 -456 211.309921 ) (440 -504 211.309921 ) 
4 117 237 0 (448 -448 210.206467 ) (448 -440 210.206467 ) (440 -440 211.309921 ) (440 -448 211.309921 ) 
4 117 236 0 (448 -440 210.206467 ) (448 -392 210.206467 ) (440 -392 211.309921 ) (440 -440 211.309921 ) 
4 117 234 0 (448 -384 210.206467 ) (448 -376 210.206467 ) (440 -376 211.309921 ) (440 -384 211.309921 ) 
4 117 233 0 (448 -376 210.206467 ) (448 -328 210.206467 ) (440 -328 211.309921 ) (440 -376 211.309921 ) 
4 117 231 0 (448 -320 210.206467 ) (448 -312 210.206467 ) (440 -312 211.309921 ) (440 -320 211.309921 ) 
4 117 230 0 (448 -312 210.206467 ) (448 -264 210.206467 ) (440 -264 211.309921 ) (440 -312 211.309921 ) 
4 117 226 0 (448 -256 210.206467 ) (448 -248 210.206467 ) (440 -248 211.309921 ) (440 -256 211.309921 ) 
4 117 224 0 (448 -248 210.206467 ) (448 -200 210.206467 ) (440 -200 211.309921 ) (440 -248 211.309921 ) 
4 117 219 0 (448 -192 210.206467 ) (448 -176 210.206467 ) (440 -176 211.309921 ) (440 -192 211.309921 ) 
4 117 217 0 (448 -176 210.206467 ) (448 -136 210.206467 ) (440 -136 211.309921 ) (440 -176 211.309921 ) 
4 117 215 0 (448 -128 210.206467 ) (448 -120 210.206467 ) (440 -120 211.309921 ) (440 -128 211.309921 ) 
4 117 214 0 (448 -120 210.206467 ) (448 -72 210.206467 ) (440 -72 211.309921 ) (440 -120 211.309921 ) 
4 117 212 0 (448 -64 210.206467 ) (448 -56 210.206467 ) (440 -56 211.309921 ) (440 -64 211.309921 ) 
4 117 211 0 (448 -56 210.206467 ) (448 -8 210.206467 ) (440 -8 211.309921 ) (440 -56 211.309921 ) 
4 117 119 0 (440 -456 200 ) (440 -704 200 ) (440 -704 208 ) (440 -456 208 ) 
4 117 118 0 (440 -704 208 ) (440 -704 211.310577 ) (440 0 211.310577 ) (440 0 208 ) 
4 118 251 0 (440 -704 211.310349 ) (424 -704 213.517242 ) (424 -704 208 ) (440 -704 208 ) 
4 118 249 0 (440 -696 211.309921 ) (440 -688 211.309921 ) (424 -688 213.516815 ) (424 -696 213.516815 ) 
4 118 248 0 (440 -688 211.309921 ) (440 -648 211.309921 ) (424 -648 213.516815 ) (424 -688 213.516815 ) 
4 118 246 0 (440 -640 211.309921 ) (440 -632 211.309921 ) (424 -632 213.516815 ) (424 -640 213.516815 ) 
4 118 245 0 (440 -632 211.309921 ) (440 -584 211.309921 ) (424 -584 213.516815 ) (424 -632 213.516815 ) 
4 118 243 0 (440 -576 211.309921 ) (440 -568 211.309921 ) (424 -568 213.516815 ) (424 -576 213.516815 ) 
4 118 242 0 (440 -568 211.309921 ) (440 -520 211.309921 ) (424 -520 213.516815 ) (424 -568 213.516815 ) 
4 118 240 0 (440 -512 211.309921 ) (440 -504 211.309921 ) (424 -504 213.516815 ) (424 -512 213.516815 ) 
4 118 239 0 (440 -504 211.309921 ) (440 -456 211.309921 ) (424 -456 213.516815 ) (424 -504 213.516815 ) 
4 118 237 0 (440 -448 211.309921 ) (440 -440 211.309921 ) (424 -440 213.516815 ) (424 -448 213.516815 ) 
4 118 236 0 (440 -440 211.309921 ) (440 -392 211.309921 ) (424 -392 213.516815 ) (424 -440 213.516815 ) 
4 118 234 0 (440 -384 211.309921 ) (440 -376 211.309921 ) (424 -376 213.516815 ) (424 -384 213.516815 ) 
4 118 233 0 (440 -376 211.309921 ) (440 -328 211.309921 ) (424 -328 213.516815 ) (424 -376 213.516815 ) 
4 118 231 0 (440 -320 211.309921 ) (440 -312 211.309921 ) (424 -312 213.516815 ) (424 -320 213.516815 ) 
4 118 230 0 (440 -312 211.309921 ) (440 -264 211.309921 ) (424 -264 213.516815 ) (424 -312 213.516815 ) 
4 118 226 0 (440 -256 211.309921 ) (440 -248 211.309921 ) (424 -248 213.516815 ) (424 -256 213.516815 ) 
4 118 224 0 (440 -248 211.309921 ) (440 -200 211.309921 ) (424 -200 213.516815 ) (424 -248 213.516815 ) 
4 118 219 0 (440 -192 211.309921 ) (440 -176 211.309921 ) (424 -176 213.516815 ) (424 -192 213.516815 ) 
4 118 217 0 (440 -176 211.309921 ) (440 -136 211.309921 ) (424 -136 213.516815 ) (424 -176 213.516815 ) 
4 118 215 0 (440 -128 211.309921 ) (440 -120 211.309921 ) (424 -120 213.516815 ) (424 -128 213.516815 ) 
4 118 214 0 (440 -120 211.309921 ) (440 -72 211.309921 ) (424 -72 213.516815 ) (424 -120 213.516815 ) 
4 118 212 0 (440 -64 211.309921 ) (440 -56 211.309921 ) (424 -56 213.516815 ) (424 -64 213.516815 ) 
4 118 211 0 (440 -56 211.309921 ) (440 -8 211.309921 ) (424 -8 213.516815 ) (424 -56 213.516815 ) 
4 118 158 0 (424 -704 208 ) (424 -704 213.511734 ) (424 -272 213.511719 ) (424 -272 208 ) 
4 118 151 0 (424 -272 213.511719 ) (424 -256 213.511719 ) (424 -256 208 ) (424 -272 208 ) 
4 118 145 0 (424 -248 213.511719 ) (424 -176 213.511719 ) (424 -176 208 ) (424 -248 208 ) 
4 118 138 0 (424 -176 213.511719 ) (424 -160 213.511719 ) (424 -160 208 ) (424 -176 208 ) 
4 118 129 0 (424 -160 213.511719 ) (424 0 213.511719 ) (424 0 208 ) (424 -160 208 ) 
4 118 119 0 (424 -704 208 ) (424 -456 208 ) (440 -456 208 ) (440 -704 208 ) 
4 119 252 0 (424 -704 208 ) (424 -704 200 ) (440 -704 200 ) (440 -704 208 ) 
4 119 158 0 (424 -704 200 ) (424 -704 208 ) (424 -456 208 ) (424 -456 200 ) 
4 119 125 0 (424 -568 200 ) (424 -456 200 ) (440 -456 200 ) (440 -568 200 ) 
4 119 126 0 (424 -672 200 ) (424 -576 200 ) (440 -576 200 ) (440 -672 200 ) 
4 119 127 0 (424 -704 200 ) (424 -680 200 ) (440 -680 200 ) (440 -704 200 ) 
4 120 130 0 (424 0 160 ) (424 0 48 ) (424 -96 48 ) (424 -96 160 ) 
4 121 145 0 (424 -248 200 ) (424 -184 200 ) (424 -184 8 ) (424 -248 8 ) 
4 121 122 0 (432 -256 8 ) (440 -256 8 ) (440 -256 200 ) (432 -256 200 ) 
4 123 158 0 (424 -312 200 ) (424 -280 200 ) (424 -280 8 ) (424 -312 8 ) 
4 124 158 0 (424 -376 200 ) (424 -320 200 ) (424 -320 8 ) (424 -376 8 ) 
4 125 158 0 (424 -568 200 ) (424 -384 200 ) (424 -384 8 ) (424 -568 8 ) 
4 125 128 0 (424 -568 8 ) (424 -456 8 ) (440 -456 8 ) (440 -568 8 ) 
4 126 158 0 (424 -672 200 ) (424 -576 200 ) (424 -576 8 ) (424 -672 8 ) 
4 126 128 0 (424 -672 8 ) (424 -576 8 ) (440 -576 8 ) (440 -672 8 ) 
4 127 255 0 (440 -704 200 ) (432 -704 200 ) (432 -704 8 ) (440 -704 8 ) 
4 127 158 0 (424 -704 8 ) (424 -704 200 ) (424 -680 200 ) (424 -680 8 ) 
4 127 128 0 (424 -704 8 ) (424 -680 8 ) (440 -680 8 ) (440 -704 8 ) 
4 128 265 0 (440 -456 0 ) (440 -704 0 ) (424 -704 0 ) (424 -456 0 ) 
4 128 256 0 (424 -704 0 ) (432 -704 0 ) (432 -704 8 ) (424 -704 8 ) 
4 128 255 0 (432 -704 0 ) (440 -704 0 ) (440 -704 8 ) (432 -704 8 ) 
4 128 158 0 (424 -456 0 ) (424 -704 0 ) (424 -704 8 ) (424 -456 8 ) 
4 129 217 0 (424 -160 213.516815 ) (424 -136 213.516815 ) (416 -136 214.620270 ) (416 -160 214.620270 ) 
4 129 215 0 (424 -128 213.516815 ) (424 -120 213.516815 ) (416 -120 214.620270 ) (416 -128 214.620270 ) 
4 129 214 0 (424 -120 213.516815 ) (424 -72 213.516815 ) (416 -72 214.620270 ) (416 -120 214.620270 ) 
4 129 212 0 (424 -64 213.516815 ) (424 -56 213.516815 ) (416 -56 214.620270 ) (416 -64 214.620270 ) 
4 129 211 0 (424 -56 213.516815 ) (424 -8 213.516815 ) (416 -8 214.620270 ) (416 -56 214.620270 ) 
4 129 138 0 (424 -160 208 ) (424 -160 213.515625 ) (416 -160 214.618973 ) (416 -160 208 ) 
4 129 132 0 (416 -160 208 ) (416 -160 214.609375 ) (416 -152 214.609375 ) (416 -152 208 ) 
4 129 131 0 (416 -152 214.609375 ) (416 0 214.609390 ) (416 0 208 ) (416 -152 208 ) 
4 130 131 0 (416 -96 48 ) (416 -96 160 ) (416 0 160 ) (416 0 48 ) 
4 131 265 0 (152 0 0 ) (416 0 0 ) (416 -152 0 ) (152 -152 0 ) 
4 131 217 0 (152 -136 251.034058 ) (152 -152 251.034058 ) (416 -152 214.620270 ) (416 -136 214.620270 ) 
4 131 215 0 (152 -120 251.034058 ) (152 -128 251.034058 ) (416 -128 214.620270 ) (416 -120 214.620270 ) 
4 131 214 0 (152 -72 251.034058 ) (152 -120 251.034058 ) (416 -120 214.620270 ) (416 -72 214.620270 ) 
4 131 212 0 (152 -56 251.034058 ) (152 -64 251.034058 ) (416 -64 214.620270 ) (416 -56 214.620270 ) 
4 131 211 0 (152 -8 251.034058 ) (152 -56 251.034058 ) (416 -56 214.620270 ) (416 -8 214.620270 ) 
4 131 135 0 (152 0 0 ) (152 -152 0 ) (152 -152 251.031250 ) (152 0 251.031250 ) 
4 131 133 0 (152 -152 251.031250 ) (152 -152 248 ) (216 -152 240 ) (216 -152 242.201706 ) 
4 131 132 0 (216 -152 0 ) (416 -152 0 ) (416 -152 214.609375 ) (216 -152 242.201706 ) 
4 132 265 0 (416 -152 0 ) (416 -160 0 ) (216 -160 0 ) (216 -152 0 ) 
4 132 217 0 (216 -160 242.206467 ) (416 -160 214.620270 ) (416 -152 214.620270 ) (216 -152 242.206467 ) 
4 132 141 0 (384 -160 200 ) (216 -160 200 ) (216 -160 8 ) (384 -160 8 ) 
4 132 140 0 (416 -160 8 ) (416 -160 200 ) (392 -160 200 ) (392 -160 8 ) 
4 132 138 0 (416 -160 208 ) (416 -160 214.618973 ) (216 -160 242.202789 ) (216 -160 208 ) 
4 132 133 0 (216 -152 242.203125 ) (216 -152 240 ) (216 -160 240 ) (216 -160 242.203125 ) 
4 133 217 0 (152 -152 251.034058 ) (152 -160 251.034058 ) (216 -160 242.206467 ) (216 -152 242.206467 ) 
5 133 138 0 (216 -160 240 ) (216 -160 242.202789 ) (173.966614 -160 248 ) (160 -160 248 ) (160 -160 247 ) 
3 133 137 0 (173.966614 -160 248 ) (152 -160 251.029617 ) (152 -160 248 ) 
4 133 135 0 (152 -160 248 ) (152 -160 251.031250 ) (152 -152 251.031250 ) (152 -152 248 ) 
4 134 217 0 (40 -136 266.482330 ) (40 -160 266.482330 ) (57.996899 -160 264 ) (57.996899 -136 264 ) 
4 134 215 0 (40 -120 266.482330 ) (40 -128 266.482330 ) (57.996899 -128 264 ) (57.996899 -120 264 ) 
4 134 214 0 (40 -72 266.482330 ) (40 -120 266.482330 ) (57.996899 -120 264 ) (57.996902 -72 264 ) 
4 134 212 0 (40 -56 266.482330 ) (40 -64 266.482330 ) (57.996902 -64 264 ) (57.996902 -56 264 ) 
4 134 211 0 (40 -8 266.482330 ) (40 -56 266.482330 ) (57.996902 -56 264 ) (57.996902 -8 264 ) 
4 134 187 0 (40 -160 264 ) (40 -160 266.472656 ) (40 0 266.472656 ) (40 0 264 ) 
3 134 137 0 (40 -160 266.476562 ) (40 -160 264 ) (57.956627 -160 264 ) 
4 134 136 0 (48 -160 264 ) (40 -160 264 ) (40 -128 264 ) (48 -128 264 ) 
4 134 135 0 (58 0 264 ) (58 -160 264 ) (48 -160 264 ) (48 0 264 ) 
4 135 265 0 (48 0 0 ) (152 0 0 ) (152 -160 0 ) (48 -160 0 ) 
4 135 217 0 (57.996899 -136 264 ) (57.996899 -160 264 ) (152 -160 251.034058 ) (152 -136 251.034058 ) 
4 135 215 0 (57.996899 -120 264 ) (57.996899 -128 264 ) (152 -128 251.034058 ) (152 -120 251.034058 ) 
4 135 214 0 (57.996902 -72 264 ) (57.996899 -120 264 ) (152 -120 251.034058 ) (152 -72 251.034058 ) 
4 135 212 0 (57.996902 -56 264 ) (57.996902 -64 264 ) (152 -64 251.034058 ) (152 -56 251.034058 ) 
4 135 211 0 (57.996902 -8 264 ) (57.996902 -56 264 ) (152 -56 251.034058 ) (152 -8 251.034058 ) 
4 135 144 0 (48 -160 0 ) (152 -160 0 ) (152 -160 8 ) (48 -160 8 ) 
4 135 143 0 (152 -160 8 ) (152 -160 200 ) (48 -160 200 ) (48 -160 8 ) 
4 135 139 0 (152 -160 200 ) (152 -160 248 ) (48 -160 248 ) (48 -160 200 ) 
5 135 137 0 (152 -160 248 ) (152 -160 251.029617 ) (57.956627 -160 264 ) (48 -160 264 ) (48 -160 248 ) 
4 135 136 0 (48 -128 0 ) (48 -160 0 ) (48 -160 264 ) (48 -128 264 ) 
4 136 265 0 (48 -128 0 ) (48 -160 0 ) (40 -160 0 ) (40 -128 0 ) 
4 136 197 0 (40 -128 0 ) (40 -160 0 ) (40 -160 200 ) (40 -128 200 ) 
4 136 194 0 (40 -160 200 ) (40 -160 208 ) (40 -128 208 ) (40 -128 200 ) 
4 136 190 0 (40 -160 208 ) (40 -160 224 ) (40 -136 224 ) (40 -136 208 ) 
4 136 187 0 (40 -160 224 ) (40 -160 264 ) (40 -128 264 ) (40 -128 224 ) 
4 136 144 0 (40 -160 8 ) (40 -160 0 ) (48 -160 0 ) (48 -160 8 ) 
4 136 143 0 (40 -160 200 ) (40 -160 8 ) (48 -160 8 ) (48 -160 200 ) 
4 136 139 0 (40 -160 248 ) (40 -160 200 ) (48 -160 200 ) (48 -160 248 ) 
4 136 137 0 (40 -160 264 ) (40 -160 248 ) (48 -160 248 ) (48 -160 264 ) 
4 137 217 0 (173.996902 -160 248 ) (40 -160 266.482330 ) (40 -176 266.482330 ) (173.996902 -176 248 ) 
4 137 187 0 (40 -176 248 ) (40 -176 266.472656 ) (40 -160 266.472656 ) (40 -160 248 ) 
4 137 149 0 (40 -176 266.476562 ) (40 -176 248 ) (152 -176 248 ) (152 -176 251.029617 ) 
4 137 148 0 (152 -176 248 ) (160 -176 248 ) (160 -176 249.926270 ) (152 -176 251.029617 ) 
3 137 146 0 (160 -176 248 ) (173.966675 -176 248 ) (160 -176 249.926270 ) 
4 137 139 0 (152 -176 248 ) (40 -176 248 ) (40 -160 248 ) (152 -160 248 ) 
4 137 138 0 (174 -176 248 ) (160 -176 248 ) (160 -160 248 ) (174 -160 248 ) 
4 138 217 0 (424 -176 213.516815 ) (424 -160 213.516815 ) (173.996902 -160 248 ) (173.996902 -176 248 ) 
5 138 146 0 (176 -176 247.719559 ) (173.966675 -176 248 ) (160 -176 248 ) (160 -176 208 ) (176 -176 208 ) 
4 138 145 0 (424 -176 208 ) (424 -176 213.515625 ) (184 -176 246.616211 ) (184 -176 208 ) 
4 139 194 0 (40 -176 200 ) (40 -176 208 ) (40 -160 208 ) (40 -160 200 ) 
4 139 190 0 (40 -176 208 ) (40 -176 224 ) (40 -160 224 ) (40 -160 208 ) 
4 139 187 0 (40 -176 224 ) (40 -176 248 ) (40 -160 248 ) (40 -160 224 ) 
4 139 149 0 (40 -176 248 ) (40 -176 200 ) (152 -176 200 ) (152 -176 248 ) 
4 139 143 0 (152 -176 200 ) (40 -176 200 ) (40 -160 200 ) (152 -160 200 ) 
4 140 145 0 (392 -176 8 ) (424 -176 8 ) (424 -176 200 ) (392 -176 200 ) 
4 141 145 0 (216 -176 8 ) (384 -176 8 ) (384 -176 200 ) (216 -176 200 ) 
4 142 145 0 (184 -176 8 ) (208 -176 8 ) (208 -176 200 ) (184 -176 200 ) 
4 143 197 0 (40 -176 8 ) (40 -176 200 ) (40 -160 200 ) (40 -160 8 ) 
4 143 149 0 (40 -176 200 ) (40 -176 8 ) (152 -176 8 ) (152 -176 200 ) 
4 143 144 0 (152 -176 8 ) (40 -176 8 ) (40 -160 8 ) (152 -160 8 ) 
4 144 265 0 (152 -176 0 ) (40 -176 0 ) (40 -160 0 ) (152 -160 0 ) 
4 144 197 0 (40 -160 0 ) (40 -176 0 ) (40 -176 8 ) (40 -160 8 ) 
4 144 149 0 (40 -176 8 ) (40 -176 0 ) (152 -176 0 ) (152 -176 8 ) 
4 145 265 0 (424 -176 0 ) (424 -248 0 ) (184 -248 0 ) (184 -176 0 ) 
4 145 224 0 (424 -248 213.516815 ) (424 -200 213.516815 ) (184 -200 246.620255 ) (184 -248 246.620255 ) 
4 145 219 0 (424 -192 213.516815 ) (424 -176 213.516815 ) (184 -176 246.620255 ) (184 -192 246.620255 ) 
4 146 228 0 (160 -248 249.930603 ) (160 -256 249.930603 ) (176 -256 247.723709 ) (176 -248 247.723709 ) 
4 146 225 0 (173.996887 -248 248 ) (176 -248 247.723709 ) (176 -200 247.723709 ) (173.996887 -200 248 ) 
4 146 223 0 (160 -200 249.930603 ) (160 -248 249.930603 ) (173.996887 -248 248 ) (173.996887 -200 248 ) 
4 146 220 0 (176 -176 247.723709 ) (173.996887 -176 248 ) (173.996887 -192 248 ) (176 -192 247.723709 ) 
4 146 218 0 (173.996887 -176 248 ) (160 -176 249.930603 ) (160 -192 249.930603 ) (173.996887 -192 248 ) 
4 146 151 0 (176 -256 208 ) (176 -256 247.719559 ) (160 -256 249.926270 ) (160 -256 208 ) 
4 146 148 0 (160 -176 249.929688 ) (160 -176 248 ) (160 -256 248 ) (160 -256 249.937500 ) 
4 147 156 0 (176 -256 8 ) (176 -256 200 ) (160 -256 200 ) (160 -256 8 ) 
4 148 228 0 (152 -248 251.034058 ) (152 -256 251.034058 ) (160 -256 249.930603 ) (160 -248 249.930603 ) 
4 148 223 0 (152 -200 251.034058 ) (152 -248 251.034058 ) (160 -248 249.930603 ) (160 -200 249.930603 ) 
4 148 218 0 (160 -176 249.930603 ) (152 -176 251.034058 ) (152 -192 251.034058 ) (160 -192 249.930603 ) 
4 148 151 0 (160 -256 248 ) (160 -256 249.926270 ) (152 -256 251.029617 ) (152 -256 248 ) 
4 148 150 0 (152 -248 248 ) (152 -256 248 ) (152 -256 251.031250 ) (152 -248 251.031250 ) 
4 148 149 0 (152 -176 251.031250 ) (152 -176 248 ) (152 -248 248 ) (152 -248 251.031250 ) 
4 149 265 0 (40 -248 0 ) (40 -176 0 ) (152 -176 0 ) (152 -248 0 ) 
4 149 223 0 (40 -200 266.482330 ) (40 -248 266.482330 ) (152 -248 251.034058 ) (152 -200 251.034058 ) 
4 149 218 0 (152 -176 251.034058 ) (40 -176 266.482330 ) (40 -192 266.482330 ) (152 -192 251.034058 ) 
4 149 197 0 (40 -176 0 ) (40 -248 0 ) (40 -248 200 ) (40 -176 200 ) 
4 149 194 0 (40 -248 200 ) (40 -248 208 ) (40 -176 208 ) (40 -176 200 ) 
4 149 190 0 (40 -192 224 ) (40 -176 224 ) (40 -176 208 ) (40 -192 208 ) 
4 149 191 0 (40 -248 208 ) (40 -248 224 ) (40 -200 224 ) (40 -200 208 ) 
4 149 187 0 (40 -248 224 ) (40 -248 266.472656 ) (40 -176 266.472656 ) (40 -176 224 ) 
4 149 150 0 (40 -248 266.476562 ) (40 -248 264 ) (152 -248 248 ) (152 -248 251.031250 ) 
4 150 228 0 (40 -248 266.482330 ) (40 -256 266.482330 ) (152 -256 251.034058 ) (152 -248 251.034058 ) 
4 150 187 0 (40 -256 264 ) (40 -256 266.472656 ) (40 -248 266.472656 ) (40 -248 264 ) 
4 150 151 0 (40 -256 266.476562 ) (40 -256 264 ) (152 -256 248 ) (152 -256 251.029617 ) 
4 151 230 0 (424 -272 213.516815 ) (424 -264 213.516815 ) (40 -264 266.482330 ) (40 -272 266.482330 ) 
4 151 192 0 (40 -272 208 ) (40 -272 224 ) (40 -264 224 ) (40 -264 208 ) 
4 151 187 0 (40 -272 224 ) (40 -272 266.472656 ) (40 -256 266.472656 ) (40 -256 224 ) 
4 151 160 0 (40 -272 266.476562 ) (40 -272 208 ) (144 -272 208 ) (144 -272 252.132980 ) 
4 151 159 0 (144 -272 208 ) (360 -272 208 ) (360 -272 222.342453 ) (144 -272 252.132980 ) 
4 151 158 0 (360 -272 208 ) (424 -272 208 ) (424 -272 213.515625 ) (360 -272 222.342453 ) 
4 152 158 0 (376 -272 8 ) (424 -272 8 ) (424 -272 200 ) (376 -272 200 ) 
4 153 163 0 (312 -272 8 ) (360 -272 8 ) (360 -272 200 ) (312 -272 200 ) 
4 153 158 0 (360 -272 8 ) (368 -272 8 ) (368 -272 200 ) (360 -272 200 ) 
4 154 163 0 (248 -272 8 ) (304 -272 8 ) (304 -272 200 ) (248 -272 200 ) 
4 155 178 0 (184 -272 8 ) (216 -272 8 ) (216 -272 200 ) (184 -272 200 ) 
4 155 163 0 (216 -272 8 ) (240 -272 8 ) (240 -272 200 ) (216 -272 200 ) 
4 156 179 0 (120 -272 8 ) (152 -272 8 ) (152 -272 200 ) (120 -272 200 ) 
4 156 178 0 (152 -272 8 ) (176 -272 8 ) (176 -272 200 ) (152 -272 200 ) 
4 157 179 0 (48 -272 8 ) (112 -272 8 ) (112 -272 200 ) (48 -272 200 ) 
4 158 265 0 (424 -272 0 ) (424 -704 0 ) (360 -704 0 ) (360 -272 0 ) 
4 158 257 0 (424 -704 8 ) (424 -704 200 ) (368 -704 200 ) (368 -704 8 ) 
4 158 251 0 (424 -704 208 ) (424 -704 213.517242 ) (360 -704 222.344833 ) (360 -704 208 ) 
4 158 249 0 (424 -696 213.516815 ) (424 -688 213.516815 ) (360 -688 222.344406 ) (360 -696 222.344406 ) 
4 158 248 0 (424 -688 213.516815 ) (424 -648 213.516815 ) (360 -648 222.344406 ) (360 -688 222.344406 ) 
4 158 246 0 (424 -640 213.516815 ) (424 -632 213.516815 ) (360 -632 222.344406 ) (360 -640 222.344406 ) 
4 158 245 0 (424 -632 213.516815 ) (424 -584 213.516815 ) (360 -584 222.344406 ) (360 -632 222.344406 ) 
4 158 243 0 (424 -576 213.516815 ) (424 -568 213.516815 ) (360 -568 222.344406 ) (360 -576 222.344406 ) 
4 158 242 0 (424 -568 213.516815 ) (424 -520 213.516815 ) (360 -520 222.344406 ) (360 -568 222.344406 ) 
4 158 240 0 (424 -512 213.516815 ) (424 -504 213.516815 ) (360 -504 222.344406 ) (360 -512 222.344406 ) 
4 158 239 0 (424 -504 213.516815 ) (424 -456 213.516815 ) (360 -456 222.344406 ) (360 -504 222.344406 ) 
4 158 237 0 (424 -448 213.516815 ) (424 -440 213.516815 ) (360 -440 222.344406 ) (360 -448 222.344406 ) 
4 158 236 0 (424 -440 213.516815 ) (424 -392 213.516815 ) (360 -392 222.344406 ) (360 -440 222.344406 ) 
4 158 234 0 (424 -384 213.516815 ) (424 -376 213.516815 ) (360 -376 222.344406 ) (360 -384 222.344406 ) 
4 158 233 0 (424 -376 213.516815 ) (424 -328 213.516815 ) (360 -328 222.344406 ) (360 -376 222.344406 ) 
4 158 231 0 (424 -320 213.516815 ) (424 -312 213.516815 ) (360 -312 222.344406 ) (360 -320 222.344406 ) 
4 158 230 0 (424 -312 213.516815 ) (424 -272 213.516815 ) (360 -272 222.344406 ) (360 -312 222.344406 ) 
4 158 175 0 (360 -678 0 ) (360 -680 0 ) (360 -680 14 ) (360 -678 14 ) 
4 158 171 0 (360 -534 0 ) (360 -670 0 ) (360 -670 14 ) (360 -534 14 ) 
4 158 167 0 (360 -646 40 ) (360 -646 32 ) (360 -675 32 ) (360 -675 40 ) 
4 158 166 0 (360 -675 64 ) (360 -646 64 ) (360 -646 40 ) (360 -675 40 ) 
4 158 165 0 (360 -646 64 ) (360 -526 64 ) (360 -526 32 ) (360 -646 32 ) 
4 158 164 0 (360 -680 64 ) (360 -680 200 ) (360 -526 200 ) (360 -526 64 ) 
4 158 177 0 (360 -680 0 ) (360 -704 0 ) (360 -704 200 ) (360 -680 200 ) 
4 158 163 0 (360 -272 200 ) (360 -272 0 ) (360 -526 0 ) (360 -526 200 ) 
4 158 159 0 (360 -272 222.343750 ) (360 -272 200 ) (360 -704 200 ) (360 -704 222.343750 ) 
4 159 251 0 (360 -704 208 ) (360 -704 222.344833 ) (144 -704 252.137939 ) (144 -704 208 ) 
4 159 249 0 (360 -696 222.344406 ) (360 -688 222.344406 ) (144 -688 252.137527 ) (144 -696 252.137527 ) 
4 159 248 0 (360 -688 222.344406 ) (360 -648 222.344406 ) (144 -648 252.137527 ) (144 -688 252.137527 ) 
4 159 246 0 (360 -640 222.344406 ) (360 -632 222.344406 ) (144 -632 252.137527 ) (144 -640 252.137527 ) 
4 159 245 0 (360 -632 222.344406 ) (360 -584 222.344406 ) (144 -584 252.137527 ) (144 -632 252.137527 ) 
4 159 243 0 (360 -576 222.344406 ) (360 -568 222.344406 ) (144 -568 252.137527 ) (144 -576 252.137527 ) 
4 159 242 0 (360 -568 222.344406 ) (360 -520 222.344406 ) (144 -520 252.137527 ) (144 -568 252.137527 ) 
4 159 240 0 (360 -512 222.344406 ) (360 -504 222.344406 ) (144 -504 252.137527 ) (144 -512 252.137527 ) 
4 159 239 0 (360 -504 222.344406 ) (360 -456 222.344406 ) (144 -456 252.137512 ) (144 -504 252.137527 ) 
4 159 237 0 (360 -448 222.344406 ) (360 -440 222.344406 ) (144 -440 252.137512 ) (144 -448 252.137512 ) 
4 159 236 0 (360 -440 222.344406 ) (360 -392 222.344406 ) (144 -392 252.137512 ) (144 -440 252.137512 ) 
4 159 234 0 (360 -384 222.344406 ) (360 -376 222.344406 ) (144 -376 252.137512 ) (144 -384 252.137512 ) 
4 159 233 0 (360 -376 222.344406 ) (360 -328 222.344406 ) (144 -328 252.137512 ) (144 -376 252.137512 ) 
4 159 231 0 (360 -320 222.344406 ) (360 -312 222.344406 ) (144 -312 252.137512 ) (144 -320 252.137512 ) 
4 159 230 0 (360 -312 222.344406 ) (360 -272 222.344406 ) (144 -272 252.137512 ) (144 -312 252.137512 ) 
4 159 182 0 (152 -480 200 ) (152 -664 200 ) (144 -664 200 ) (144 -480 200 ) 
4 159 179 0 (144 -272 200 ) (152 -272 200 ) (152 -424 200 ) (144 -424 200 ) 
4 159 178 0 (152 -272 200 ) (216 -272 200 ) (216 -704 200 ) (152 -704 200 ) 
4 159 164 0 (360 -526 200 ) (360 -680 200 ) (216 -680 200 ) (216 -526 200 ) 
4 159 177 0 (360 -680 200 ) (360 -704 200 ) (216 -704 200 ) (216 -680 200 ) 
4 159 163 0 (216 -272 200 ) (360 -272 200 ) (360 -526 200 ) (216 -526 200 ) 
4 159 161 0 (144 -272 208 ) (144 -272 200 ) (144 -432 200 ) (144 -432 208 ) 
4 159 160 0 (144 -272 252.139069 ) (144 -272 208 ) (144 -704 208 ) (144 -704 252.139069 ) 
4 160 251 0 (144 -704 252.137939 ) (40 -704 266.482758 ) (40 -704 208 ) (144 -704 208 ) 
4 160 249 0 (144 -696 252.137527 ) (144 -688 252.137527 ) (40 -688 266.482361 ) (40 -696 266.482361 ) 
4 160 248 0 (144 -688 252.137527 ) (144 -648 252.137527 ) (40 -648 266.482361 ) (40 -688 266.482361 ) 
4 160 246 0 (144 -640 252.137527 ) (144 -632 252.137527 ) (40 -632 266.482361 ) (40 -640 266.482361 ) 
4 160 245 0 (144 -632 252.137527 ) (144 -584 252.137527 ) (40 -584 266.482361 ) (40 -632 266.482361 ) 
4 160 243 0 (144 -576 252.137527 ) (144 -568 252.137527 ) (40 -568 266.482361 ) (40 -576 266.482361 ) 
4 160 242 0 (144 -568 252.137527 ) (144 -520 252.137527 ) (40 -520 266.482361 ) (40 -568 266.482361 ) 
4 160 240 0 (144 -512 252.137527 ) (144 -504 252.137527 ) (40 -504 266.482361 ) (40 -512 266.482361 ) 
4 160 239 0 (144 -504 252.137527 ) (144 -456 252.137512 ) (40 -456 266.482361 ) (40 -504 266.482361 ) 
4 160 237 0 (144 -448 252.137512 ) (144 -440 252.137512 ) (40 -440 266.482361 ) (40 -448 266.482361 ) 
4 160 236 0 (144 -440 252.137512 ) (144 -392 252.137512 ) (40 -392 266.482330 ) (40 -440 266.482361 ) 
4 160 234 0 (144 -384 252.137512 ) (144 -376 252.137512 ) (40 -376 266.482330 ) (40 -384 266.482330 ) 
4 160 233 0 (144 -376 252.137512 ) (144 -328 252.137512 ) (40 -328 266.482330 ) (40 -376 266.482330 ) 
4 160 231 0 (144 -320 252.137512 ) (144 -312 252.137512 ) (40 -312 266.482330 ) (40 -320 266.482330 ) 
4 160 230 0 (144 -312 252.137512 ) (144 -272 252.137512 ) (40 -272 266.482330 ) (40 -312 266.482330 ) 
4 160 192 0 (40 -320 224 ) (40 -272 224 ) (40 -272 208 ) (40 -320 208 ) 
4 160 193 0 (40 -704 208 ) (40 -704 224 ) (40 -328 224 ) (40 -328 208 ) 
4 160 187 0 (40 -704 224 ) (40 -704 266.472626 ) (40 -272 266.472656 ) (40 -272 224 ) 
4 160 162 0 (40 -704 208 ) (40 -448 208 ) (128 -448 208 ) (128 -704 208 ) 
4 160 161 0 (40 -432 208 ) (40 -272 208 ) (144 -272 208 ) (144 -432 208 ) 
4 161 195 0 (40 -376 208 ) (40 -280 208 ) (40 -280 200 ) (40 -376 200 ) 
4 161 179 0 (40 -424 200 ) (40 -272 200 ) (144 -272 200 ) (144 -424 200 ) 
4 162 186 0 (40 -704 200 ) (40 -448 200 ) (128 -448 200 ) (128 -704 200 ) 
4 163 265 0 (216 -526 0 ) (216 -272 0 ) (360 -272 0 ) (360 -526 0 ) 
4 163 178 0 (216 -526 200 ) (216 -272 200 ) (216 -272 0 ) (216 -526 0 ) 
4 163 172 0 (224 -526 0 ) (352 -526 0 ) (352 -526 14 ) (224 -526 14 ) 
4 163 165 0 (216 -526 64 ) (216 -526 32 ) (360 -526 32 ) (360 -526 64 ) 
4 163 164 0 (216 -526 200 ) (216 -526 64 ) (360 -526 64 ) (360 -526 200 ) 
4 164 178 0 (216 -680 200 ) (216 -526 200 ) (216 -526 64 ) (216 -680 64 ) 
4 164 176 0 (217 -680 64 ) (216 -680 64 ) (216 -678 64 ) (217 -678 64 ) 
4 164 170 0 (216 -678 64 ) (216 -675 64 ) (217 -675 64 ) (217 -678 64 ) 
4 164 166 0 (216 -675 64 ) (216 -646 64 ) (360 -646 64 ) (360 -675 64 ) 
4 164 165 0 (216 -646 64 ) (216 -526 64 ) (360 -526 64 ) (360 -646 64 ) 
4 164 177 0 (216 -680 200 ) (216 -680 64 ) (360 -680 64 ) (360 -680 200 ) 
4 165 178 0 (216 -526 64 ) (216 -526 32 ) (216 -646 32 ) (216 -646 64 ) 
4 165 169 0 (216 -646 32 ) (232 -646 32 ) (232 -646 40 ) (216 -646 40 ) 
4 165 167 0 (344 -646 32 ) (360 -646 32 ) (360 -646 40 ) (344 -646 40 ) 
4 165 168 0 (272 -646 32 ) (304 -646 32 ) (304 -646 40 ) (272 -646 40 ) 
4 165 166 0 (360 -646 40 ) (360 -646 64 ) (216 -646 64 ) (216 -646 40 ) 
4 166 178 0 (216 -675 40 ) (216 -675 64 ) (216 -646 64 ) (216 -646 40 ) 
4 166 170 0 (217 -675 64 ) (216 -675 64 ) (216 -675 40 ) (217 -675 40 ) 
4 166 169 0 (232 -675 40 ) (216 -675 40 ) (216 -646 40 ) (232 -646 40 ) 
4 166 167 0 (360 -675 40 ) (344 -675 40 ) (344 -646 40 ) (360 -646 40 ) 
4 166 168 0 (304 -675 40 ) (272 -675 40 ) (272 -646 40 ) (304 -646 40 ) 
4 169 178 0 (216 -646 32 ) (216 -675 32 ) (216 -675 40 ) (216 -646 40 ) 
4 169 170 0 (216 -675 32 ) (217 -675 32 ) (217 -675 40 ) (216 -675 40 ) 
4 170 178 0 (216 -675 32 ) (216 -678 32 ) (216 -678 64 ) (216 -675 64 ) 
4 170 176 0 (217 -678 64 ) (216 -678 64 ) (216 -678 32 ) (217 -678 32 ) 
4 171 265 0 (360 -534 0 ) (360 -670 0 ) (352 -670 0 ) (352 -534 0 ) 
4 171 172 0 (352 -670 14 ) (352 -534 14 ) (352 -534 0 ) (352 -670 0 ) 
4 172 265 0 (224 -526 0 ) (352 -526 0 ) (352 -678 0 ) (224 -678 0 ) 
4 172 175 0 (224 -678 14 ) (224 -678 0 ) (352 -678 0 ) (352 -678 14 ) 
4 172 173 0 (224 -670 14 ) (224 -534 14 ) (224 -534 0 ) (224 -670 0 ) 
4 173 265 0 (224 -534 0 ) (224 -670 0 ) (217 -670 0 ) (217 -534 0 ) 
4 173 174 0 (217 -534 14 ) (217 -534 0 ) (217 -670 0 ) (217 -670 14 ) 
4 174 265 0 (216 -670 0 ) (216 -534 0 ) (217 -534 0 ) (217 -670 0 ) 
4 174 178 0 (216 -534 0 ) (216 -670 0 ) (216 -670 16 ) (216 -534 16 ) 
4 175 265 0 (217 -678 0 ) (360 -678 0 ) (360 -680 0 ) (217 -680 0 ) 
4 175 176 0 (217 -678 14 ) (217 -678 0 ) (217 -680 0 ) (217 -680 14 ) 
4 175 177 0 (217 -680 0 ) (360 -680 0 ) (360 -680 14 ) (217 -680 14 ) 
4 176 265 0 (216 -680 0 ) (216 -678 0 ) (217 -678 0 ) (217 -680 0 ) 
4 176 178 0 (216 -678 0 ) (216 -680 0 ) (216 -680 64 ) (216 -678 64 ) 
4 176 177 0 (216 -680 64 ) (216 -680 0 ) (217 -680 0 ) (217 -680 64 ) 
4 177 265 0 (360 -704 0 ) (216 -704 0 ) (216 -680 0 ) (360 -680 0 ) 
4 177 260 0 (232 -704 200 ) (216 -704 200 ) (216 -704 8 ) (232 -704 8 ) 
4 177 259 0 (296 -704 200 ) (240 -704 200 ) (240 -704 8 ) (296 -704 8 ) 
4 177 258 0 (360 -704 8 ) (360 -704 200 ) (304 -704 200 ) (304 -704 8 ) 
4 177 178 0 (216 -704 0 ) (216 -704 200 ) (216 -680 200 ) (216 -680 0 ) 
4 178 265 0 (216 -704 0 ) (152 -704 0 ) (152 -272 0 ) (216 -272 0 ) 
4 178 261 0 (168 -704 200 ) (152 -704 200 ) (152 -704 8 ) (168 -704 8 ) 
4 178 260 0 (216 -704 8 ) (216 -704 200 ) (176 -704 200 ) (176 -704 8 ) 
4 178 182 0 (152 -664 200 ) (152 -480 200 ) (152 -480 0 ) (152 -664 0 ) 
4 178 179 0 (152 -424 200 ) (152 -272 200 ) (152 -272 0 ) (152 -424 0 ) 
4 179 265 0 (40 -424 0 ) (40 -272 0 ) (152 -272 0 ) (152 -424 0 ) 
4 179 199 0 (40 -416 200 ) (40 -384 200 ) (40 -384 8 ) (40 -416 8 ) 
4 179 198 0 (40 -280 0 ) (40 -376 0 ) (40 -376 200 ) (40 -280 200 ) 
4 180 183 0 (136 -448 200 ) (128 -448 200 ) (128 -448 8 ) (136 -448 8 ) 
4 180 186 0 (128 -448 200 ) (96 -448 200 ) (96 -448 8 ) (128 -448 8 ) 
4 181 201 0 (40 -448 8 ) (40 -448 200 ) (40 -432 200 ) (40 -432 8 ) 
4 181 186 0 (88 -448 200 ) (40 -448 200 ) (40 -448 8 ) (88 -448 8 ) 
4 182 265 0 (144 -664 0 ) (144 -480 0 ) (152 -480 0 ) (152 -664 0 ) 
4 182 184 0 (144 -664 8 ) (144 -664 200 ) (144 -480 200 ) (144 -480 8 ) 
4 183 186 0 (128 -448 200 ) (128 -448 8 ) (128 -472 8 ) (128 -472 200 ) 
4 184 186 0 (128 -480 8 ) (128 -664 8 ) (128 -664 200 ) (128 -480 200 ) 
4 185 261 0 (144 -704 8 ) (144 -704 200 ) (128 -704 200 ) (128 -704 8 ) 
4 185 186 0 (128 -672 8 ) (128 -704 8 ) (128 -704 200 ) (128 -672 200 ) 
4 186 265 0 (128 -704 0 ) (40 -704 0 ) (40 -448 0 ) (128 -448 0 ) 
4 186 262 0 (104 -704 200 ) (40 -704 200 ) (40 -704 8 ) (104 -704 8 ) 
4 186 261 0 (128 -704 8 ) (128 -704 200 ) (112 -704 200 ) (112 -704 8 ) 
4 186 203 0 (40 -576 200 ) (40 -520 200 ) (40 -520 8 ) (40 -576 8 ) 
4 186 204 0 (40 -640 200 ) (40 -584 200 ) (40 -584 8 ) (40 -640 8 ) 
4 186 202 0 (40 -512 200 ) (40 -448 200 ) (40 -448 8 ) (40 -512 8 ) 
4 186 205 0 (40 -680 200 ) (40 -648 200 ) (40 -648 8 ) (40 -680 8 ) 
4 186 206 0 (40 -704 8 ) (40 -704 200 ) (40 -688 200 ) (40 -688 8 ) 
4 187 414 0 (0 -360 224 ) (0 -704 224 ) (0 -704 272 ) (0 -360 272 ) 
4 187 401 0 (0 -320 224 ) (0 -360 224 ) (0 -360 272 ) (0 -320 272 ) 
4 187 395 0 (0 -256 224 ) (0 -264 224 ) (0 -264 248 ) (0 -256 248 ) 
4 187 397 0 (0 -264 224 ) (0 -320 224 ) (0 -320 248 ) (0 -264 248 ) 
4 187 392 0 (0 -232 224 ) (0 -240 224 ) (0 -240 248 ) (0 -232 248 ) 
4 187 393 0 (0 -240 224 ) (0 -256 224 ) (0 -256 248 ) (0 -240 248 ) 
4 187 390 0 (0 -320 248 ) (0 -320 256 ) (0 -232 256 ) (0 -232 248 ) 
4 187 389 0 (0 -320 256 ) (0 -320 272 ) (0 -232 272 ) (0 -232 256 ) 
4 187 384 0 (0 -192 224 ) (0 -232 224 ) (0 -232 272 ) (0 -192 272 ) 
4 187 383 0 (0 -184 224 ) (0 -192 224 ) (0 -192 272 ) (0 -184 272 ) 
4 187 382 0 (0 -136 224 ) (0 -184 224 ) (0 -184 272 ) (0 -136 272 ) 
4 187 381 0 (0 -128 224 ) (0 -136 224 ) (0 -136 272 ) (0 -128 272 ) 
4 187 380 0 (0 -120 224 ) (0 -128 224 ) (0 -128 272 ) (0 -120 272 ) 
4 187 379 0 (0 -72 224 ) (0 -120 224 ) (0 -120 272 ) (0 -72 272 ) 
4 187 378 0 (0 -64 224 ) (0 -72 224 ) (0 -72 272 ) (0 -64 272 ) 
4 187 377 0 (0 -56 224 ) (0 -64 224 ) (0 -64 272 ) (0 -56 272 ) 
4 187 375 0 (0 0 272 ) (0 0 224 ) (0 -56 224 ) (0 -56 272 ) 
4 187 251 0 (40 -704 224 ) (40 -704 266.482758 ) (24 -704 268.689667 ) (24 -704 224 ) 
4 187 253 0 (24 -704 268.689667 ) (0 -704 272 ) (0 -704 224 ) (24 -704 224 ) 
4 187 249 0 (40 -696 266.482361 ) (40 -688 266.482361 ) (0 -688 272 ) (0 -696 272 ) 
4 187 248 0 (40 -688 266.482361 ) (40 -648 266.482361 ) (0 -648 272 ) (0 -688 272 ) 
4 187 246 0 (40 -640 266.482361 ) (40 -632 266.482361 ) (0 -632 272 ) (0 -640 272 ) 
4 187 245 0 (40 -632 266.482361 ) (40 -584 266.482361 ) (0 -584 272 ) (0 -632 272 ) 
4 187 243 0 (40 -576 266.482361 ) (40 -568 266.482361 ) (0 -568 272 ) (0 -576 272 ) 
4 187 242 0 (40 -568 266.482361 ) (40 -520 266.482361 ) (0 -520 272 ) (0 -568 272 ) 
4 187 240 0 (40 -512 266.482361 ) (40 -504 266.482361 ) (0 -504 272 ) (0 -512 272 ) 
4 187 239 0 (40 -504 266.482361 ) (40 -456 266.482361 ) (0 -456 272 ) (0 -504 272 ) 
4 187 237 0 (40 -448 266.482361 ) (40 -440 266.482361 ) (0 -440 272 ) (0 -448 272 ) 
4 187 236 0 (40 -440 266.482361 ) (40 -392 266.482330 ) (0 -392 272 ) (0 -440 272 ) 
4 187 234 0 (40 -384 266.482330 ) (40 -376 266.482330 ) (0 -376 272 ) (0 -384 272 ) 
4 187 233 0 (40 -376 266.482330 ) (40 -328 266.482330 ) (0 -328 272 ) (0 -376 272 ) 
4 187 231 0 (40 -320 266.482330 ) (40 -312 266.482330 ) (0 -312 272 ) (0 -320 272 ) 
4 187 230 0 (40 -312 266.482330 ) (40 -264 266.482330 ) (0 -264 272 ) (0 -312 272 ) 
4 187 228 0 (40 -256 266.482330 ) (40 -248 266.482330 ) (0 -248 272 ) (0 -256 272 ) 
4 187 223 0 (40 -248 266.482330 ) (40 -200 266.482330 ) (0 -200 272 ) (0 -248 272 ) 
4 187 218 0 (40 -192 266.482330 ) (40 -176 266.482330 ) (0 -176 272 ) (0 -192 272 ) 
4 187 217 0 (40 -176 266.482330 ) (40 -136 266.482330 ) (0 -136 272 ) (0 -176 272 ) 
4 187 215 0 (40 -128 266.482330 ) (40 -120 266.482330 ) (0 -120 272 ) (0 -128 272 ) 
4 187 214 0 (40 -120 266.482330 ) (40 -72 266.482330 ) (0 -72 272 ) (0 -120 272 ) 
4 187 212 0 (40 -64 266.482330 ) (40 -56 266.482330 ) (0 -56 272 ) (0 -64 272 ) 
4 187 211 0 (40 -56 266.482330 ) (40 -8 266.482330 ) (0 -8 272 ) (0 -56 272 ) 
4 187 190 0 (40 -136 224 ) (40 -192 224 ) (0 -192 224 ) (0 -136 224 ) 
4 187 191 0 (40 -200 224 ) (40 -256 224 ) (0 -256 224 ) (0 -200 224 ) 
4 187 189 0 (40 -72 224 ) (40 -128 224 ) (0 -128 224 ) (0 -72 224 ) 
4 187 192 0 (40 -264 224 ) (40 -320 224 ) (0 -320 224 ) (0 -264 224 ) 
4 187 188 0 (40 -8 224 ) (40 -64 224 ) (0 -64 224 ) (0 -8 224 ) 
4 187 193 0 (40 -328 224 ) (40 -704 224 ) (0 -704 224 ) (0 -328 224 ) 
4 188 377 0 (0 -56 208 ) (0 -64 208 ) (0 -64 224 ) (0 -56 224 ) 
4 188 376 0 (0 -8 208 ) (0 -56 208 ) (0 -56 224 ) (0 -8 224 ) 
4 189 380 0 (0 -120 208 ) (0 -128 208 ) (0 -128 224 ) (0 -120 224 ) 
4 189 379 0 (0 -72 208 ) (0 -120 208 ) (0 -120 224 ) (0 -72 224 ) 
4 189 196 0 (0 -96 208 ) (0 -80 208 ) (8 -80 208 ) (8 -96 208 ) 
4 190 383 0 (0 -184 208 ) (0 -192 208 ) (0 -192 224 ) (0 -184 224 ) 
4 190 382 0 (0 -136 208 ) (0 -184 208 ) (0 -184 224 ) (0 -136 224 ) 
4 190 194 0 (40 -136 208 ) (40 -192 208 ) (24 -192 208 ) (24 -136 208 ) 
4 191 392 0 (0 -232 208 ) (0 -240 208 ) (0 -240 224 ) (0 -232 224 ) 
4 191 393 0 (0 -240 208 ) (0 -256 208 ) (0 -256 224 ) (0 -240 224 ) 
4 191 385 0 (0 -200 208 ) (0 -232 208 ) (0 -232 224 ) (0 -200 224 ) 
4 191 194 0 (40 -200 208 ) (40 -248 208 ) (24 -248 208 ) (24 -200 208 ) 
4 192 397 0 (0 -264 208 ) (0 -320 208 ) (0 -320 224 ) (0 -264 224 ) 
4 192 195 0 (40 -280 208 ) (40 -320 208 ) (24 -320 208 ) (24 -280 208 ) 
4 193 414 0 (0 -360 208 ) (0 -704 208 ) (0 -704 224 ) (0 -360 224 ) 
4 193 402 0 (0 -328 208 ) (0 -360 208 ) (0 -360 224 ) (0 -328 224 ) 
4 193 251 0 (40 -704 208 ) (40 -704 224 ) (24 -704 224 ) (24 -704 208 ) 
4 193 253 0 (24 -704 224 ) (0 -704 224 ) (0 -704 208 ) (24 -704 208 ) 
4 193 195 0 (40 -328 208 ) (40 -376 208 ) (24 -376 208 ) (24 -328 208 ) 
4 194 197 0 (40 -128 200 ) (40 -248 200 ) (24 -248 200 ) (24 -128 200 ) 
4 195 198 0 (40 -280 200 ) (40 -376 200 ) (24 -376 200 ) (24 -280 200 ) 
4 196 386 0 (0 -80 200 ) (0 -96 200 ) (0 -96 208 ) (0 -80 208 ) 
4 196 209 0 (8 -80 200 ) (8 -96 200 ) (0 -96 200 ) (0 -80 200 ) 
4 197 265 0 (40 -128 0 ) (40 -248 0 ) (16 -248 0 ) (16 -128 0 ) 
4 197 208 0 (16 -128 0 ) (16 -248 0 ) (16 -248 200 ) (16 -128 200 ) 
4 198 265 0 (40 -280 0 ) (40 -376 0 ) (16 -376 0 ) (16 -280 0 ) 
4 198 208 0 (16 -280 0 ) (16 -376 0 ) (16 -376 200 ) (16 -280 200 ) 
4 200 201 0 (32 -432 8 ) (40 -432 8 ) (40 -432 200 ) (32 -432 200 ) 
4 201 202 0 (32 -448 8 ) (40 -448 8 ) (40 -448 200 ) (32 -448 200 ) 
4 206 262 0 (40 -704 8 ) (40 -704 200 ) (32 -704 200 ) (32 -704 8 ) 
4 207 265 0 (8 0 0 ) (16 0 0 ) (16 -80 0 ) (8 -80 0 ) 
4 207 209 0 (8 0 0 ) (8 -80 0 ) (8 -80 200 ) (8 0 200 ) 
4 208 265 0 (16 -96 0 ) (16 -704 0 ) (8 -704 0 ) (8 -96 0 ) 
4 208 263 0 (8 -704 0 ) (16 -704 0 ) (16 -704 200 ) (8 -704 200 ) 
4 208 209 0 (8 -96 0 ) (8 -704 0 ) (8 -704 200 ) (8 -96 200 ) 
4 209 475 0 (0 -232 0 ) (0 -600 0 ) (0 -600 200 ) (0 -232 200 ) 
4 209 484 0 (0 -600 0 ) (0 -704 0 ) (0 -704 200 ) (0 -600 200 ) 
4 209 456 0 (0 0 200 ) (0 0 0 ) (0 -232 0 ) (0 -232 200 ) 
4 209 265 0 (0 -704 0 ) (0 0 0 ) (8 0 0 ) (8 -704 0 ) 
4 209 263 0 (0 -704 0 ) (8 -704 0 ) (8 -704 200 ) (0 -704 200 ) 
4 210 375 0 (0 0 336 ) (0 0 288 ) (0 -8 288 ) (0 -8 336 ) 
3 210 211 0 (464 -8 224 ) (0 -8 336 ) (0 -8 288 ) 
4 211 375 0 (0 -8 272 ) (0 -56 272 ) (0 -56 336 ) (0 -8 336 ) 
3 211 212 0 (0 -56 272.003418 ) (463.967834 -56 208.007782 ) (0 -56 320 ) 
4 212 377 0 (0 -56 272 ) (0 -64 272 ) (0 -64 320 ) (0 -56 320 ) 
3 212 213 0 (309.333649 -64 245.333282 ) (0 -64 320 ) (0 -64 288 ) 
4 213 378 0 (0 -72 288 ) (0 -72 336 ) (0 -64 336 ) (0 -64 288 ) 
3 213 214 0 (464 -72 224 ) (0 -72 336 ) (0 -72 288 ) 
4 214 379 0 (0 -72 272 ) (0 -120 272 ) (0 -120 336 ) (0 -72 336 ) 
3 214 215 0 (0 -120 272.003418 ) (463.967834 -120 208.007782 ) (0 -120 320 ) 
4 215 380 0 (0 -120 272 ) (0 -128 272 ) (0 -128 320 ) (0 -120 320 ) 
3 215 216 0 (309.333649 -128 245.333282 ) (0 -128 320 ) (0 -128 288 ) 
4 216 381 0 (0 -136 288 ) (0 -136 336 ) (0 -128 336 ) (0 -128 288 ) 
3 216 217 0 (464 -136 224 ) (0 -136 336 ) (0 -136 288 ) 
4 217 382 0 (0 -136 272 ) (0 -176 272 ) (0 -176 336 ) (0 -136 336 ) 
5 217 221 0 (463.967834 -176 208.007782 ) (464 -176 208.003342 ) (464 -176 224 ) (0 -176 336 ) (0 -176 320 ) 
4 217 219 0 (184 -176 246.624069 ) (463.967834 -176 208.007782 ) (298.285797 -176 248 ) (184 -176 248 ) 
3 217 220 0 (174.024582 -176 248 ) (176 -176 247.727524 ) (176 -176 248 ) 
4 217 218 0 (0 -176 272.003418 ) (174.024582 -176 248 ) (298.285797 -176 248 ) (0 -176 320 ) 
4 218 383 0 (0 -184 272 ) (0 -192 272 ) (0 -192 320 ) (0 -184 320 ) 
4 218 382 0 (0 -176 272 ) (0 -184 272 ) (0 -184 320 ) (0 -176 320 ) 
4 218 222 0 (290 -192 248 ) (298.285797 -192 248 ) (0 -192 320 ) (0 -192 288 ) 
4 218 221 0 (298.292419 -176 248 ) (0 -176 320.001617 ) (0 -184 320.001617 ) (298.292542 -184 248 ) 
4 218 219 0 (184 -176 248 ) (298.285156 -176 248 ) (298.285156 -192 248 ) (184 -192 248 ) 
4 218 220 0 (173.991226 -176 248 ) (176 -176 248 ) (176 -192 248 ) (174 -192 248 ) 
3 219 222 0 (309.333435 -192 245.333328 ) (298.285797 -192 248 ) (290 -192 248 ) 
4 219 221 0 (464 -176 208.001617 ) (298.292419 -176 248 ) (298.292542 -184 248 ) (464 -184 208.001678 ) 
4 221 382 0 (0 -184 336 ) (0 -176 336 ) (0 -176 320 ) (0 -184 320 ) 
4 222 398 0 (0 -248 320 ) (0 -248 336 ) (0 -232 336 ) (0 -232 320 ) 
4 222 389 0 (0 -248 288 ) (0 -248 320 ) (0 -232 320 ) (0 -232 288 ) 
4 222 384 0 (0 -232 336 ) (0 -192 336 ) (0 -192 288 ) (0 -232 288 ) 
3 222 227 0 (176 -248 263.723999 ) (309.335968 -248 245.332703 ) (176 -248 277.517242 ) 
4 222 228 0 (0 -248 320 ) (0 -248 288 ) (176 -248 263.723999 ) (176 -248 277.517242 ) 
4 222 224 0 (464 -248 224 ) (290.001373 -248 248 ) (290.001465 -200 248 ) (463.992889 -200 224.001175 ) 
4 222 223 0 (290.001373 -248 248 ) (0 -248 288 ) (0 -200 288 ) (290.001465 -200 248 ) 
4 223 389 0 (0 -232 272 ) (0 -248 272 ) (0 -248 288 ) (0 -232 288 ) 
4 223 384 0 (0 -200 272 ) (0 -232 272 ) (0 -232 288 ) (0 -200 288 ) 
4 223 227 0 (225.599915 -248 248 ) (289.998199 -248 248 ) (176 -248 263.723999 ) (176 -248 256 ) 
5 223 228 0 (0 -248 272.003418 ) (174.024567 -248 248 ) (176 -248 248 ) (176 -248 263.723999 ) (0 -248 288 ) 
4 223 225 0 (176 -248 248 ) (174 -248 248 ) (174.001465 -200 248 ) (176 -200 248 ) 
4 223 224 0 (290 -200 248 ) (290 -248 248 ) (184 -248 248 ) (184 -200 248 ) 
5 224 227 0 (424 -248 216 ) (424 -248 217.655197 ) (309.336121 -248 245.332687 ) (289.998199 -248 248 ) (225.599884 -248 248 ) 
3 224 226 0 (424 -248 213.520584 ) (463.967834 -248 208.007782 ) (424 -248 217.655197 ) 
3 225 228 0 (174.024567 -248 248 ) (176 -248 247.727524 ) (176 -248 248 ) 
4 226 227 0 (424 -256 216 ) (424 -256 217.656250 ) (424 -248 217.656250 ) (424 -248 216 ) 
3 227 229 0 (309.333679 -256 245.333282 ) (176 -256 277.517273 ) (176 -256 263.724152 ) 
4 227 228 0 (176 -256 256 ) (176 -256 277.515625 ) (176 -248 277.515625 ) (176 -248 256 ) 
4 228 389 0 (0 -248 272 ) (0 -256 272 ) (0 -256 320 ) (0 -248 320 ) 
4 228 229 0 (176 -256 263.724121 ) (176 -256 277.517273 ) (0 -256 320 ) (0 -256 288 ) 
4 229 399 0 (0 -264 320 ) (0 -264 336 ) (0 -256 336 ) (0 -256 320 ) 
4 229 389 0 (0 -264 288 ) (0 -264 320 ) (0 -256 320 ) (0 -256 288 ) 
3 229 230 0 (464 -264 224 ) (0 -264 336 ) (0 -264 288 ) 
4 230 400 0 (0 -312 320 ) (0 -312 336 ) (0 -264 336 ) (0 -264 320 ) 
4 230 389 0 (0 -264 272 ) (0 -312 272 ) (0 -312 320 ) (0 -264 320 ) 
3 230 231 0 (0 -312 272.003418 ) (463.967834 -312 208.007782 ) (0 -312 320 ) 
4 231 389 0 (0 -312 272 ) (0 -320 272 ) (0 -320 320 ) (0 -312 320 ) 
3 231 232 0 (309.333649 -320 245.333282 ) (0 -320 320 ) (0 -320 288 ) 
4 232 401 0 (0 -328 288 ) (0 -328 336 ) (0 -320 336 ) (0 -320 288 ) 
3 232 233 0 (464 -328 224 ) (0 -328 336 ) (0 -328 288 ) 
4 233 427 0 (0 -376 320 ) (0 -376 336 ) (0 -360 336 ) (0 -360 320 ) 
4 233 424 0 (0 -360 272 ) (0 -376 272 ) (0 -376 320 ) (0 -360 320 ) 
4 233 401 0 (0 -328 272 ) (0 -360 272 ) (0 -360 336 ) (0 -328 336 ) 
3 233 234 0 (0 -376 272.003418 ) (463.967834 -376 208.007782 ) (0 -376 320 ) 
4 234 424 0 (0 -376 272 ) (0 -384 272 ) (0 -384 320 ) (0 -376 320 ) 
3 234 235 0 (309.333649 -384 245.333282 ) (0 -384 320 ) (0 -384 288 ) 
4 235 428 0 (0 -392 288 ) (0 -392 336 ) (0 -384 336 ) (0 -384 288 ) 
3 235 236 0 (464 -392 224 ) (0 -392 336 ) (0 -392 288 ) 
4 236 433 0 (0 -440 320 ) (0 -440 336 ) (0 -392 336 ) (0 -392 320 ) 
4 236 430 0 (0 -392 272 ) (0 -440 272 ) (0 -440 320 ) (0 -392 320 ) 
3 236 237 0 (0 -440 272.003418 ) (463.967834 -440 208.007782 ) (0 -440 320 ) 
4 237 430 0 (0 -440 272 ) (0 -448 272 ) (0 -448 320 ) (0 -440 320 ) 
3 237 238 0 (309.333649 -448 245.333282 ) (0 -448 320 ) (0 -448 288 ) 
4 238 438 0 (0 -456 320 ) (0 -456 336 ) (0 -448 336 ) (0 -448 320 ) 
4 238 434 0 (0 -456 288 ) (0 -456 320 ) (0 -448 320 ) (0 -448 288 ) 
3 238 239 0 (464 -456 224 ) (0 -456 336 ) (0 -456 288 ) 
4 239 439 0 (0 -504 320 ) (0 -504 336 ) (0 -456 336 ) (0 -456 320 ) 
4 239 435 0 (0 -456 272 ) (0 -504 272 ) (0 -504 288 ) (0 -456 288 ) 
4 239 434 0 (0 -504 288 ) (0 -504 320 ) (0 -456 320 ) (0 -456 288 ) 
3 239 240 0 (0 -504 272.003418 ) (463.967834 -504 208.007782 ) (0 -504 320 ) 
4 240 435 0 (0 -504 272 ) (0 -512 272 ) (0 -512 288 ) (0 -504 288 ) 
4 240 434 0 (0 -512 288 ) (0 -512 320 ) (0 -504 320 ) (0 -504 288 ) 
3 240 241 0 (309.333649 -512 245.333282 ) (0 -512 320 ) (0 -512 288 ) 
4 241 440 0 (0 -520 288 ) (0 -520 336 ) (0 -512 336 ) (0 -512 288 ) 
3 241 242 0 (464 -520 224 ) (0 -520 336 ) (0 -520 288 ) 
4 242 445 0 (0 -568 320 ) (0 -568 336 ) (0 -520 336 ) (0 -520 320 ) 
4 242 442 0 (0 -520 272 ) (0 -568 272 ) (0 -568 320 ) (0 -520 320 ) 
3 242 243 0 (0 -568 272.003418 ) (463.967834 -568 208.007782 ) (0 -568 320 ) 
4 243 442 0 (0 -568 272 ) (0 -576 272 ) (0 -576 320 ) (0 -568 320 ) 
3 243 244 0 (309.333649 -576 245.333282 ) (0 -576 320 ) (0 -576 288 ) 
4 244 446 0 (0 -584 288 ) (0 -584 336 ) (0 -576 336 ) (0 -576 288 ) 
3 244 245 0 (464 -584 224 ) (0 -584 336 ) (0 -584 288 ) 
4 245 447 0 (0 -584 272 ) (0 -600 272 ) (0 -600 288 ) (0 -584 288 ) 
4 245 446 0 (0 -600 288 ) (0 -600 336 ) (0 -584 336 ) (0 -584 288 ) 
4 245 450 0 (0 -600 272 ) (0 -632 272 ) (0 -632 336 ) (0 -600 336 ) 
3 245 246 0 (0 -632 272.003418 ) (463.967834 -632 208.007782 ) (0 -632 320 ) 
4 246 451 0 (0 -632 272 ) (0 -640 272 ) (0 -640 320 ) (0 -632 320 ) 
3 246 247 0 (309.333649 -640 245.333282 ) (0 -640 320 ) (0 -640 288 ) 
4 247 452 0 (0 -648 288 ) (0 -648 336 ) (0 -640 336 ) (0 -640 288 ) 
3 247 248 0 (464 -648 224 ) (0 -648 336 ) (0 -648 288 ) 
4 248 453 0 (0 -648 272 ) (0 -688 272 ) (0 -688 336 ) (0 -648 336 ) 
3 248 249 0 (0 -688 272.003418 ) (463.967834 -688 208.007782 ) (0 -688 320 ) 
4 249 454 0 (0 -688 272 ) (0 -696 272 ) (0 -696 320 ) (0 -688 320 ) 
3 249 250 0 (309.333649 -696 245.333282 ) (0 -696 320 ) (0 -696 288 ) 
4 250 455 0 (0 -704 288 ) (0 -704 336 ) (0 -696 336 ) (0 -696 288 ) 
3 250 251 0 (464 -704 224 ) (24 -704 330.206909 ) (24 -704 284.689667 ) 
4 250 253 0 (24 -704 330.206909 ) (0 -704 336 ) (0 -704 288 ) (24 -704 284.689667 ) 
4 251 252 0 (424 -704 208 ) (464 -704 208 ) (464 -720 208 ) (424 -720 208 ) 
4 251 253 0 (24 -704 330.207275 ) (24 -704 208 ) (24 -720 208 ) (24 -720 330.207275 ) 
4 251 264 0 (464 -720 208 ) (464 -720 224 ) (24 -720 330.206909 ) (24 -720 208 ) 
4 252 254 0 (448 -704 200 ) (464 -704 200 ) (464 -720 200 ) (448 -720 200 ) 
4 252 255 0 (432 -704 200 ) (440 -704 200 ) (440 -720 200 ) (432 -720 200 ) 
4 252 264 0 (464 -720 200 ) (464 -720 208 ) (424 -720 208 ) (424 -720 200 ) 
4 253 514 0 (0 -720 200 ) (0 -720 336 ) (0 -704 336 ) (0 -704 200 ) 
4 253 263 0 (0 -704 200 ) (16 -704 200 ) (16 -720 200 ) (0 -720 200 ) 
4 253 264 0 (24 -720 330.206909 ) (0 -720 336 ) (0 -720 200 ) (24 -720 200 ) 
4 254 265 0 (448 -704 0 ) (464 -704 0 ) (464 -720 0 ) (448 -720 0 ) 
4 254 264 0 (448 -720 0 ) (464 -720 0 ) (464 -720 200 ) (448 -720 200 ) 
4 255 265 0 (432 -704 0 ) (440 -704 0 ) (440 -720 0 ) (432 -720 0 ) 
4 255 256 0 (432 -720 0 ) (432 -720 8 ) (432 -704 8 ) (432 -704 0 ) 
4 255 264 0 (432 -720 0 ) (440 -720 0 ) (440 -720 200 ) (432 -720 200 ) 
4 256 265 0 (424 -704 0 ) (432 -704 0 ) (432 -720 0 ) (424 -720 0 ) 
4 256 264 0 (424 -720 0 ) (432 -720 0 ) (432 -720 8 ) (424 -720 8 ) 
4 257 264 0 (424 -720 8 ) (424 -720 200 ) (368 -720 200 ) (368 -720 8 ) 
4 258 264 0 (360 -720 200 ) (304 -720 200 ) (304 -720 8 ) (360 -720 8 ) 
4 259 264 0 (296 -720 200 ) (240 -720 200 ) (240 -720 8 ) (296 -720 8 ) 
4 260 264 0 (232 -720 200 ) (176 -720 200 ) (176 -720 8 ) (232 -720 8 ) 
4 261 264 0 (168 -720 200 ) (112 -720 200 ) (112 -720 8 ) (168 -720 8 ) 
4 262 264 0 (104 -720 200 ) (32 -720 200 ) (32 -720 8 ) (104 -720 8 ) 
4 263 514 0 (0 -704 0 ) (0 -720 0 ) (0 -720 200 ) (0 -704 200 ) 
4 263 265 0 (0 -720 0 ) (0 -704 0 ) (16 -704 0 ) (16 -720 0 ) 
4 263 264 0 (0 -720 0 ) (16 -720 0 ) (16 -720 200 ) (0 -720 200 ) 
4 264 514 0 (0 -736 336 ) (0 -720 336 ) (0 -720 0 ) (0 -736 0 ) 
4 264 519 0 (0 -1024 0 ) (0 -1024 336 ) (0 -736 336 ) (0 -736 0 ) 
4 264 374 0 (0 -1024 336 ) (0 -1024 1024 ) (0 -720 1024 ) (0 -720 336 ) 
4 264 267 0 (0 -1024 1024 ) (0 -1024 0 ) (464 -1024 0 ) (464 -1024 1024 ) 
4 264 265 0 (464 -1024 0 ) (0 -1024 0 ) (0 -720 0 ) (464 -720 0 ) 
4 265 521 0 (0 -1024 -656 ) (0 -1024 0 ) (0 0 0 ) (0 0 -656 ) 
4 265 268 0 (0 -1024 0 ) (0 -1024 -656 ) (956 -1024 -656 ) (956 -1024 0 ) 
4 266 522 0 (0 -1024 1516 ) (0 -1024 1024 ) (0 -1404 1024 ) (0 -1404 1516 ) 
4 266 267 0 (0 -1404 1024 ) (0 -1024 1024 ) (956 -1024 1024 ) (956 -1404 1024 ) 
4 267 523 0 (0 -1404 1024 ) (0 -1024 1024 ) (0 -1024 0 ) (0 -1404 0 ) 
4 267 268 0 (0 -1404 0 ) (0 -1024 0 ) (956 -1024 0 ) (956 -1404 0 ) 
4 268 524 0 (0 -1404 0 ) (0 -1024 0 ) (0 -1024 -656 ) (0 -1404 -656 ) 
4 269 525 0 (-1024 1024 1024 ) (-1024 1024 1516 ) (-1024 1560 1516 ) (-1024 1560 1024 ) 
4 269 278 0 (-1024 1024 1516 ) (-1024 1024 1024 ) (0 1024 1024 ) (0 1024 1516 ) 
4 269 276 0 (-328 1024 1024 ) (-1024 1024 1024 ) (-1024 1560 1024 ) (-328 1560 1024 ) 
4 269 273 0 (0 1024 1024 ) (-328 1024 1024 ) (-328 1072 1024 ) (0 1072 1024 ) 
4 269 270 0 (-328 1072 1024 ) (-328 1560 1024 ) (0 1560 1024 ) (0 1072 1024 ) 
4 270 276 0 (-328 1072 32 ) (-328 1072 1024 ) (-328 1560 1024 ) (-328 1560 32 ) 
4 270 273 0 (-328 1072 1024 ) (-328 1072 32 ) (0 1072 32 ) (0 1072 1024 ) 
4 270 271 0 (-328 1088 32 ) (-328 1560 32 ) (0 1560 32 ) (0 1088 32 ) 
4 271 277 0 (-328 1088 0 ) (-328 1560 0 ) (0 1560 0 ) (0 1088 0 ) 
4 271 276 0 (-328 1560 0 ) (-328 1088 0 ) (-328 1088 32 ) (-328 1560 32 ) 
4 271 272 0 (-328 1088 16 ) (-328 1088 0 ) (0 1088 0 ) (0 1088 16 ) 
4 272 277 0 (-328 1072 0 ) (-328 1088 0 ) (0 1088 0 ) (0 1072 0 ) 
4 272 276 0 (-328 1088 0 ) (-328 1072 0 ) (-328 1072 16 ) (-328 1088 16 ) 
4 272 274 0 (-80 1072 0 ) (0 1072 0 ) (0 1072 8 ) (-80 1072 8 ) 
4 272 275 0 (-328 1072 8 ) (-328 1072 0 ) (-248 1072 0 ) (-248 1072 8 ) 
4 273 328 0 (0 1024 32 ) (0 1024 200 ) (-328 1024 200 ) (-328 1024 32 ) 
4 273 320 0 (-16 1024 208 ) (-328 1024 208 ) (-328 1024 200 ) (-16 1024 200 ) 
4 273 318 0 (0 1024 200 ) (0 1024 208 ) (-16 1024 208 ) (-16 1024 200 ) 
4 273 283 0 (0 1024 272 ) (0 1024 336 ) (-328 1024 256.827606 ) (-328 1024 226.758606 ) 
4 273 281 0 (0 1024 208 ) (0 1024 224 ) (-328 1024 224 ) (-328 1024 208 ) 
4 273 280 0 (0 1024 224 ) (0 1024 272 ) (-328 1024 226.758606 ) (-328 1024 224 ) 
4 273 279 0 (0 1024 336 ) (0 1024 1024 ) (-328 1024 1024 ) (-328 1024 256.827606 ) 
4 273 276 0 (-328 1024 32 ) (-328 1024 1024 ) (-328 1072 1024 ) (-328 1072 32 ) 
4 274 330 0 (-80 1024 0 ) (0 1024 0 ) (0 1024 8 ) (-80 1024 8 ) 
4 274 277 0 (0 1024 0 ) (-80 1024 0 ) (-80 1072 0 ) (0 1072 0 ) 
4 275 330 0 (-328 1024 0 ) (-248 1024 0 ) (-248 1024 8 ) (-328 1024 8 ) 
4 275 277 0 (-248 1024 0 ) (-328 1024 0 ) (-328 1072 0 ) (-248 1072 0 ) 
4 275 276 0 (-328 1072 0 ) (-328 1024 0 ) (-328 1024 8 ) (-328 1072 8 ) 
4 276 526 0 (-1024 1024 0 ) (-1024 1024 1024 ) (-1024 1560 1024 ) (-1024 1560 0 ) 
4 276 331 0 (-464 1024 0 ) (-328 1024 0 ) (-328 1024 32 ) (-464 1024 32 ) 
4 276 328 0 (-328 1024 32 ) (-328 1024 200 ) (-464 1024 200 ) (-464 1024 32 ) 
4 276 320 0 (-328 1024 200 ) (-328 1024 208 ) (-464 1024 208 ) (-464 1024 200 ) 
4 276 283 0 (-328 1024 226.758606 ) (-328 1024 256.827606 ) (-464 1024 224 ) (-464 1024 208 ) 
4 276 281 0 (-328 1024 208 ) (-328 1024 224 ) (-348 1024 224 ) (-464 1024 208 ) 
3 276 280 0 (-328 1024 224 ) (-328 1024 226.758606 ) (-348 1024 224 ) 
4 276 279 0 (-328 1024 256.827606 ) (-328 1024 1024 ) (-464 1024 1024 ) (-464 1024 224 ) 
4 276 371 0 (-1024 1024 1024 ) (-1024 1024 0 ) (-464 1024 0 ) (-464 1024 1024 ) 
4 276 277 0 (-328 1024 0 ) (-1024 1024 0 ) (-1024 1560 0 ) (-328 1560 0 ) 
4 277 527 0 (-1024 1024 -656 ) (-1024 1024 0 ) (-1024 1560 0 ) (-1024 1560 -656 ) 
4 277 372 0 (-1024 1024 0 ) (-1024 1024 -656 ) (0 1024 -656 ) (0 1024 0 ) 
4 278 528 0 (-1024 0 1024 ) (-1024 0 1516 ) (-1024 1024 1516 ) (-1024 1024 1024 ) 
4 278 373 0 (-1024 0 1516 ) (-1024 0 1024 ) (0 0 1024 ) (0 0 1516 ) 
4 278 279 0 (0 0 1024 ) (-464 0 1024 ) (-464 1024 1024 ) (0 1024 1024 ) 
4 278 371 0 (-464 0 1024 ) (-1024 0 1024 ) (-1024 1024 1024 ) (-464 1024 1024 ) 
4 279 374 0 (0 0 336 ) (0 0 1024 ) (-464 0 1024 ) (-464 0 224 ) 
4 279 316 0 (-464 8 224 ) (-464 56 224 ) (0 56 336 ) (0 8 336 ) 
4 279 315 0 (-464 56 224 ) (-464 64 224 ) (0 64 336 ) (0 56 336 ) 
4 279 313 0 (-464 72 224 ) (-464 120 224 ) (0 120 336 ) (0 72 336 ) 
4 279 312 0 (-464 120 224 ) (-464 128 224 ) (0 128 336 ) (0 120 336 ) 
4 279 310 0 (-464 136 224 ) (-464 184 224 ) (0 184 336 ) (0 136 336 ) 
4 279 309 0 (-464 184 224 ) (-464 192 224 ) (0 192 336 ) (0 184 336 ) 
4 279 307 0 (-464 200 224 ) (-464 248 224 ) (0 248 336 ) (0 200 336 ) 
4 279 306 0 (-464 248 224 ) (-464 256 224 ) (0 256 336 ) (0 248 336 ) 
4 279 304 0 (-464 264 224 ) (-464 312 224 ) (0 312 336 ) (0 264 336 ) 
4 279 303 0 (-464 312 224 ) (-464 320 224 ) (0 320 336 ) (0 312 336 ) 
4 279 301 0 (-464 328 224 ) (-464 376 224 ) (0 376 336 ) (0 328 336 ) 
4 279 300 0 (-464 376 224 ) (-464 384 224 ) (0 384 336 ) (0 376 336 ) 
4 279 297 0 (-464 440 224 ) (-464 448 224 ) (0 448 336 ) (0 440 336 ) 
4 279 298 0 (-464 392 224 ) (-464 440 224 ) (0 440 336 ) (0 392 336 ) 
4 279 294 0 (-464 504 224 ) (-464 512 224 ) (0 512 336 ) (0 504 336 ) 
4 279 295 0 (-464 456 224 ) (-464 504 224 ) (0 504 336 ) (0 456 336 ) 
4 279 291 0 (-464 568 224 ) (-464 576 224 ) (0 576 336 ) (0 568 336 ) 
4 279 292 0 (-464 520 224 ) (-464 568 224 ) (0 568 336 ) (0 520 336 ) 
4 279 288 0 (-464 632 224 ) (-464 640 224 ) (0 640 336 ) (0 632 336 ) 
4 279 289 0 (-464 584 224 ) (-464 632 224 ) (0 632 336 ) (0 584 336 ) 
4 279 285 0 (-464 688 224 ) (-464 696 224 ) (0 696 336 ) (0 688 336 ) 
4 279 286 0 (-464 648 224 ) (-464 688 224 ) (0 688 336 ) (0 648 336 ) 
4 279 283 0 (-464 704 224 ) (-464 1024 224 ) (0 1024 336 ) (0 704 336 ) 
4 279 371 0 (-464 0 224 ) (-464 0 1024 ) (-464 1024 1024 ) (-464 1024 224 ) 
4 280 312 0 (-348.003906 120 224 ) (0 120 272 ) (0 128 272 ) (-348.003906 128 224 ) 
4 280 311 0 (0 128 272 ) (0 136 272 ) (-348.003906 136 224 ) (-348.003906 128 224 ) 
4 280 310 0 (0 136 272 ) (0 184 272 ) (-348.003906 184 224 ) (-348.003906 136 224 ) 
4 280 308 0 (0 192 272 ) (0 200 272 ) (-348.003906 200 224 ) (-348.003906 192 224 ) 
4 280 307 0 (0 200 272 ) (0 248 272 ) (-348.003906 248 224 ) (-348.003906 200 224 ) 
4 280 305 0 (0 256 272 ) (0 264 272 ) (-348.003906 264 224 ) (-348.003906 256 224 ) 
4 280 304 0 (0 264 272 ) (0 312 272 ) (-348.003906 312 224 ) (-348.003906 264 224 ) 
4 280 302 0 (0 320 272 ) (0 328 272 ) (-348.003906 328 224 ) (-348.003906 320 224 ) 
4 280 301 0 (0 328 272 ) (0 376 272 ) (-348.003906 376 224 ) (-348.003906 328 224 ) 
4 280 299 0 (0 384 272 ) (0 392 272 ) (-348.003906 392 224 ) (-348.003906 384 224 ) 
4 280 298 0 (0 392 272 ) (0 440 272 ) (-348.003906 440 224 ) (-348.003906 392 224 ) 
4 280 296 0 (0 448 272 ) (0 456 272 ) (-348.003906 456 224 ) (-348.003906 448 224 ) 
4 280 295 0 (0 456 272 ) (0 504 272 ) (-348.003906 504 224 ) (-348.003906 456 224 ) 
4 280 293 0 (0 512 272 ) (0 520 272 ) (-348.003906 520 224 ) (-348.003906 512 224 ) 
4 280 292 0 (0 520 272 ) (0 568 272 ) (-348.003906 568 224 ) (-348.003906 520 224 ) 
4 280 290 0 (0 576 272 ) (0 584 272 ) (-348.003906 584 224 ) (-348.003906 576 224 ) 
4 280 289 0 (0 584 272 ) (0 632 272 ) (-348.003906 632 224 ) (-348.003906 584 224 ) 
4 280 287 0 (0 640 272 ) (0 648 272 ) (-348.003906 648 224 ) (-348.003906 640 224 ) 
4 280 286 0 (0 648 272 ) (0 688 272 ) (-348.003906 688 224 ) (-348.003906 648 224 ) 
4 280 284 0 (0 696 272 ) (0 704 272 ) (-348.003906 704 224 ) (-348.003906 696 224 ) 
4 280 283 0 (0 704 272 ) (0 1024 272 ) (-348.003906 1024 224 ) (-348.003906 704 224 ) 
4 280 281 0 (-348 128 224 ) (-348 1024 224 ) (0 1024 224 ) (0 128 224 ) 
3 280 282 0 (0 120 271.993469 ) (-347.952515 120 224 ) (0 120 224 ) 
4 281 326 0 (-440 184 208 ) (-424 184 208 ) (-424 128 208 ) (-440 128 208 ) 
4 281 325 0 (-424 184 208 ) (-312 184 208 ) (-312 128 208 ) (-424 128 208 ) 
4 281 327 0 (-464 128 208 ) (-464 184 208 ) (-440 184 208 ) (-440 128 208 ) 
4 281 324 0 (-464 184 208 ) (-464 392 208 ) (-312 392 208 ) (-312 184 208 ) 
4 281 323 0 (-296 392 208 ) (-16 392 208 ) (-16 184 208 ) (-296 184 208 ) 
4 281 321 0 (-464 680 208 ) (-464 696 208 ) (-448 696 208 ) (-448 680 208 ) 
4 281 322 0 (-464 392 208 ) (-464 680 208 ) (-16 680 208 ) (-16 392 208 ) 
4 281 320 0 (-464 696 208 ) (-464 1024 208 ) (-16 1024 208 ) (-16 696 208 ) 
4 281 318 0 (-16 1024 208 ) (0 1024 208 ) (0 760 208 ) (-16 760 208 ) 
4 281 319 0 (0 680 208 ) (0 184 208 ) (-16 184 208 ) (-16 680 208 ) 
4 281 311 0 (-464 136 208 ) (-464 128 208 ) (-348.003906 128 224 ) (-348.003906 136 224 ) 
4 281 310 0 (-464 184 208 ) (-464 136 208 ) (-348.003906 136 224 ) (-348.003906 184 224 ) 
4 281 308 0 (-464 200 208 ) (-464 192 208 ) (-348.003906 192 224 ) (-348.003906 200 224 ) 
4 281 307 0 (-464 248 208 ) (-464 200 208 ) (-348.003906 200 224 ) (-348.003906 248 224 ) 
4 281 305 0 (-464 264 208 ) (-464 256 208 ) (-348.003906 256 224 ) (-348.003906 264 224 ) 
4 281 304 0 (-464 312 208 ) (-464 264 208 ) (-348.003906 264 224 ) (-348.003906 312 224 ) 
4 281 302 0 (-464 328 208 ) (-464 320 208 ) (-348.003906 320 224 ) (-348.003906 328 224 ) 
4 281 301 0 (-464 376 208 ) (-464 328 208 ) (-348.003906 328 224 ) (-348.003906 376 224 ) 
4 281 299 0 (-464 392 208 ) (-464 384 208 ) (-348.003906 384 224 ) (-348.003906 392 224 ) 
4 281 298 0 (-464 440 208 ) (-464 392 208 ) (-348.003906 392 224 ) (-348.003906 440 224 ) 
4 281 296 0 (-464 456 208 ) (-464 448 208 ) (-348.003906 448 224 ) (-348.003906 456 224 ) 
4 281 295 0 (-464 504 208 ) (-464 456 208 ) (-348.003906 456 224 ) (-348.003906 504 224 ) 
4 281 293 0 (-464 520 208 ) (-464 512 208 ) (-348.003906 512 224 ) (-348.003906 520 224 ) 
4 281 292 0 (-464 568 208 ) (-464 520 208 ) (-348.003906 520 224 ) (-348.003906 568 224 ) 
4 281 290 0 (-464 584 208 ) (-464 576 208 ) (-348.003906 576 224 ) (-348.003906 584 224 ) 
4 281 289 0 (-464 632 208 ) (-464 584 208 ) (-348.003906 584 224 ) (-348.003906 632 224 ) 
4 281 287 0 (-464 648 208 ) (-464 640 208 ) (-348.003906 640 224 ) (-348.003906 648 224 ) 
4 281 286 0 (-464 688 208 ) (-464 648 208 ) (-348.003906 648 224 ) (-348.003906 688 224 ) 
4 281 284 0 (-464 704 208 ) (-464 696 208 ) (-348.003906 696 224 ) (-348.003906 704 224 ) 
4 281 283 0 (-464 1024 208 ) (-464 704 208 ) (-348.003906 704 224 ) (-348.003906 1024 224 ) 
4 282 326 0 (-440 120 208 ) (-424 120 208 ) (-424 64 208 ) (-440 64 208 ) 
4 282 325 0 (-424 120 208 ) (-312 120 208 ) (-312 64 208 ) (-424 64 208 ) 
4 282 327 0 (-464 64 208 ) (-464 120 208 ) (-440 120 208 ) (-440 64 208 ) 
3 282 315 0 (0 64 224 ) (0 64 272 ) (-348 64 224 ) 
4 282 314 0 (-464 72 208 ) (-464 64 208 ) (0 64 272 ) (0 72 272 ) 
4 282 313 0 (-464 120 208 ) (-464 72 208 ) (0 72 272 ) (0 120 272 ) 
4 283 284 0 (-463.943268 704 208 ) (0 704 271.992188 ) (0 704 320 ) (-464 704 208 ) 
4 283 371 0 (-464 704 224 ) (-464 1024 224 ) (-464 1024 208 ) (-464 704 208 ) 
3 284 285 0 (0 696 288 ) (0 696 320 ) (-309.333344 696 245.333328 ) 
4 285 286 0 (0 688 288 ) (0 688 336.003174 ) (-464 688 224.003067 ) (-464 688 224 ) 
4 286 287 0 (-463.943268 648 208 ) (0 648 271.992188 ) (0 648 320 ) (-464 648 208 ) 
4 286 371 0 (-464 648 224 ) (-464 688 224 ) (-464 688 208 ) (-464 648 208 ) 
3 287 288 0 (0 640 288 ) (0 640 320 ) (-309.333344 640 245.333328 ) 
4 288 289 0 (0 632 288 ) (0 632 336.003174 ) (-464 632 224.003067 ) (-464 632 224 ) 
4 289 290 0 (-463.943268 584 208 ) (0 584 271.992188 ) (0 584 320 ) (-464 584 208 ) 
4 289 371 0 (-464 584 224 ) (-464 632 224 ) (-464 632 208 ) (-464 584 208 ) 
3 290 291 0 (0 576 288 ) (0 576 320 ) (-309.333344 576 245.333328 ) 
4 291 292 0 (0 568 288 ) (0 568 336.003174 ) (-464 568 224.003067 ) (-464 568 224 ) 
4 292 293 0 (-463.943268 520 208 ) (0 520 271.992188 ) (0 520 320 ) (-464 520 208 ) 
4 292 371 0 (-464 520 224 ) (-464 568 224 ) (-464 568 208 ) (-464 520 208 ) 
3 293 294 0 (0 512 288 ) (0 512 320 ) (-309.333344 512 245.333328 ) 
4 294 295 0 (0 504 288 ) (0 504 336.003174 ) (-464 504 224.003067 ) (-464 504 224 ) 
4 295 296 0 (-463.943268 456 208 ) (0 456 271.992188 ) (0 456 320 ) (-464 456 208 ) 
4 295 371 0 (-464 456 224 ) (-464 504 224 ) (-464 504 208 ) (-464 456 208 ) 
3 296 297 0 (0 448 288 ) (0 448 320 ) (-309.333344 448 245.333328 ) 
4 297 298 0 (0 440 288 ) (0 440 336.003174 ) (-464 440 224.003067 ) (-464 440 224 ) 
4 298 299 0 (-463.943268 392 208 ) (0 392 271.992188 ) (0 392 320 ) (-464 392 208 ) 
4 298 371 0 (-464 392 224 ) (-464 440 224 ) (-464 440 208 ) (-464 392 208 ) 
3 299 300 0 (0 384 288 ) (0 384 320 ) (-309.333344 384 245.333328 ) 
4 300 301 0 (0 376 288 ) (0 376 336.003174 ) (-464 376 224.003067 ) (-464 376 224 ) 
4 301 302 0 (-463.943268 328 208 ) (0 328 271.992188 ) (0 328 320 ) (-464 328 208 ) 
4 301 371 0 (-464 328 224 ) (-464 376 224 ) (-464 376 208 ) (-464 328 208 ) 
3 302 303 0 (0 320 288 ) (0 320 320 ) (-309.333344 320 245.333328 ) 
4 303 304 0 (0 312 288 ) (0 312 336.003174 ) (-464 312 224.003067 ) (-464 312 224 ) 
4 304 305 0 (-463.943268 264 208 ) (0 264 271.992188 ) (0 264 320 ) (-464 264 208 ) 
4 304 371 0 (-464 264 224 ) (-464 312 224 ) (-464 312 208 ) (-464 264 208 ) 
3 305 306 0 (0 256 288 ) (0 256 320 ) (-309.333344 256 245.333328 ) 
4 306 307 0 (0 248 288 ) (0 248 336.003174 ) (-464 248 224.003067 ) (-464 248 224 ) 
4 307 308 0 (-463.943268 200 208 ) (0 200 271.992188 ) (0 200 320 ) (-464 200 208 ) 
4 307 371 0 (-464 200 224 ) (-464 248 224 ) (-464 248 208 ) (-464 200 208 ) 
3 308 309 0 (0 192 288 ) (0 192 320 ) (-309.333344 192 245.333328 ) 
4 309 310 0 (0 184 288 ) (0 184 336.003174 ) (-464 184 224.003067 ) (-464 184 224 ) 
4 310 311 0 (-463.943268 136 208 ) (0 136 271.992188 ) (0 136 320 ) (-464 136 208 ) 
4 310 371 0 (-464 136 224 ) (-464 184 224 ) (-464 184 208 ) (-464 136 208 ) 
4 311 312 0 (-347.943298 128 224 ) (0 128 271.992188 ) (0 128 320 ) (-397.714294 128 224 ) 
5 312 313 0 (-347.943298 120 224 ) (0 120 271.992188 ) (0 120 336.003174 ) (-464 120 224.003067 ) (-464 120 224 ) 
4 313 314 0 (-463.943268 72 208 ) (0 72 271.992188 ) (0 72 320 ) (-464 72 208 ) 
4 313 371 0 (-464 72 224 ) (-464 120 224 ) (-464 120 208 ) (-464 72 208 ) 
4 314 315 0 (-348 64 224 ) (0 64 272 ) (0 64 320 ) (-397.714294 64 224 ) 
3 315 316 0 (0 56 335.991791 ) (-463.965637 56 224 ) (0 56 224 ) 
4 316 326 0 (-440 56 208 ) (-424 56 208 ) (-424 8 208 ) (-440 8 208 ) 
4 316 325 0 (-424 56 208 ) (-312 56 208 ) (-312 8 208 ) (-424 8 208 ) 
4 316 327 0 (-464 8 208 ) (-464 56 208 ) (-440 56 208 ) (-440 8 208 ) 
3 316 317 0 (-464 8 208 ) (0 8 208 ) (0 8 320 ) 
4 316 371 0 (-464 8 224 ) (-464 56 224 ) (-464 56 208 ) (-464 8 208 ) 
3 317 375 0 (0 0 224 ) (0 0 320 ) (-397.714294 0 224 ) 
4 317 325 0 (-312 0 208 ) (-424 0 208 ) (-424 8 208 ) (-312 8 208 ) 
4 317 327 0 (-440 0 208 ) (-464 0 208 ) (-464 8 208 ) (-440 8 208 ) 
4 318 328 0 (-16 1024 200 ) (0 1024 200 ) (0 768 200 ) (-16 768 200 ) 
4 318 320 0 (-16 1024 200 ) (-16 760 200 ) (-16 760 208 ) (-16 1024 208 ) 
4 319 339 0 (0 632 200 ) (0 192 200 ) (-16 192 200 ) (-16 632 200 ) 
4 319 334 0 (0 672 200 ) (0 632 200 ) (-16 632 200 ) (-16 672 200 ) 
4 319 323 0 (-16 392 200 ) (-16 184 200 ) (-16 184 208 ) (-16 392 208 ) 
4 319 322 0 (-16 680 200 ) (-16 392 200 ) (-16 392 208 ) (-16 680 208 ) 
4 320 363 0 (-464 696 200 ) (-464 768 200 ) (-424 768 200 ) (-424 696 200 ) 
4 320 360 0 (-424 768 200 ) (-312 768 200 ) (-312 696 200 ) (-424 696 200 ) 
4 320 350 0 (-312 768 200 ) (-296 768 200 ) (-296 696 200 ) (-312 696 200 ) 
4 320 333 0 (-64 696 200 ) (-296 696 200 ) (-296 704 200 ) (-64 704 200 ) 
4 320 332 0 (-296 768 200 ) (-24 768 200 ) (-24 704 200 ) (-296 704 200 ) 
4 320 328 0 (-464 768 200 ) (-464 1024 200 ) (-16 1024 200 ) (-16 768 200 ) 
4 320 321 0 (-464 696 200 ) (-448 696 200 ) (-448 696 208 ) (-464 696 208 ) 
4 320 371 0 (-464 696 208 ) (-464 1024 208 ) (-464 1024 200 ) (-464 696 200 ) 
4 321 363 0 (-464 680 200 ) (-464 696 200 ) (-448 696 200 ) (-448 680 200 ) 
4 321 322 0 (-464 680 200 ) (-448 680 200 ) (-448 680 208 ) (-464 680 208 ) 
4 321 371 0 (-464 680 208 ) (-464 696 208 ) (-464 696 200 ) (-464 680 200 ) 
4 322 363 0 (-464 392 200 ) (-464 680 200 ) (-424 680 200 ) (-424 392 200 ) 
4 322 361 0 (-320 680 200 ) (-312 680 200 ) (-312 392 200 ) (-320 392 200 ) 
4 322 362 0 (-424 680 200 ) (-320 680 200 ) (-320 392 200 ) (-424 392 200 ) 
4 322 350 0 (-312 680 200 ) (-296 680 200 ) (-296 392 200 ) (-312 392 200 ) 
4 322 339 0 (-16 632 200 ) (-16 392 200 ) (-168 392 200 ) (-168 632 200 ) 
4 322 342 0 (-168 392 200 ) (-296 392 200 ) (-296 632 200 ) (-168 632 200 ) 
4 322 338 0 (-296 680 200 ) (-64 680 200 ) (-64 632 200 ) (-296 632 200 ) 
4 322 334 0 (-16 672 200 ) (-16 632 200 ) (-64 632 200 ) (-64 672 200 ) 
4 322 324 0 (-464 392 200 ) (-312 392 200 ) (-312 392 208 ) (-464 392 208 ) 
4 322 323 0 (-296 392 200 ) (-16 392 200 ) (-16 392 208 ) (-296 392 208 ) 
4 322 371 0 (-464 392 208 ) (-464 680 208 ) (-464 680 200 ) (-464 392 200 ) 
4 323 339 0 (-168 392 200 ) (-16 392 200 ) (-16 192 200 ) (-168 192 200 ) 
4 323 342 0 (-296 392 200 ) (-168 392 200 ) (-168 184 200 ) (-296 184 200 ) 
4 324 363 0 (-464 184 200 ) (-464 392 200 ) (-424 392 200 ) (-424 184 200 ) 
4 324 361 0 (-320 392 200 ) (-312 392 200 ) (-312 184 200 ) (-320 184 200 ) 
4 324 362 0 (-424 392 200 ) (-320 392 200 ) (-320 184 200 ) (-424 184 200 ) 
4 324 326 0 (-440 184 200 ) (-424 184 200 ) (-424 184 208 ) (-440 184 208 ) 
4 324 325 0 (-424 184 200 ) (-312 184 200 ) (-312 184 208 ) (-424 184 208 ) 
4 324 327 0 (-464 184 200 ) (-440 184 200 ) (-440 184 208 ) (-464 184 208 ) 
4 324 371 0 (-464 184 208 ) (-464 392 208 ) (-464 392 200 ) (-464 184 200 ) 
4 325 387 0 (-312 0 208 ) (-424 0 208 ) (-424 0 200 ) (-312 0 200 ) 
4 325 361 0 (-312 0 200 ) (-320 0 200 ) (-320 184 200 ) (-312 184 200 ) 
4 325 362 0 (-320 0 200 ) (-424 0 200 ) (-424 184 200 ) (-320 184 200 ) 
4 325 326 0 (-424 184 208 ) (-424 184 200 ) (-424 8 200 ) (-424 8 208 ) 
4 326 364 0 (-440 8 200 ) (-440 24 200 ) (-432 24 200 ) (-432 8 200 ) 
4 326 363 0 (-440 24 200 ) (-440 184 200 ) (-424 184 200 ) (-424 24 200 ) 
4 326 327 0 (-440 184 208 ) (-440 184 200 ) (-440 8 200 ) (-440 8 208 ) 
4 327 388 0 (-440 0 208 ) (-464 0 208 ) (-464 0 200 ) (-440 0 200 ) 
4 327 365 0 (-440 0 200 ) (-464 0 200 ) (-464 24 200 ) (-440 24 200 ) 
4 327 363 0 (-464 24 200 ) (-464 184 200 ) (-440 184 200 ) (-440 24 200 ) 
4 327 371 0 (-464 0 200 ) (-464 0 208 ) (-464 184 208 ) (-464 184 200 ) 
4 328 363 0 (-424 768 200 ) (-464 768 200 ) (-464 768 32 ) (-424 768 32 ) 
4 328 360 0 (-312 768 200 ) (-424 768 200 ) (-424 768 32 ) (-312 768 32 ) 
4 328 350 0 (-296 768 200 ) (-312 768 200 ) (-312 768 32 ) (-296 768 32 ) 
4 328 332 0 (-24 768 200 ) (-296 768 200 ) (-296 768 32 ) (-24 768 32 ) 
4 328 329 0 (0 768 32 ) (-328 768 32 ) (-328 1008 32 ) (0 1008 32 ) 
4 328 331 0 (-328 768 32 ) (-464 768 32 ) (-464 1024 32 ) (-328 1024 32 ) 
4 328 371 0 (-464 768 32 ) (-464 768 200 ) (-464 1024 200 ) (-464 1024 32 ) 
4 329 360 0 (-312 768 32 ) (-328 768 32 ) (-328 768 16 ) (-312 768 16 ) 
4 329 350 0 (-296 768 32 ) (-312 768 32 ) (-312 768 16 ) (-296 768 16 ) 
4 329 332 0 (-24 768 32 ) (-296 768 32 ) (-296 768 16 ) (-24 768 16 ) 
4 329 330 0 (0 768 16 ) (-328 768 16 ) (-328 1008 16 ) (0 1008 16 ) 
4 329 331 0 (-328 768 16 ) (-328 768 32 ) (-328 1008 32 ) (-328 1008 16 ) 
4 330 372 0 (-328 1024 0 ) (0 1024 0 ) (0 768 0 ) (-328 768 0 ) 
4 330 366 0 (-328 768 0 ) (-312 768 0 ) (-312 768 8 ) (-328 768 8 ) 
4 330 360 0 (-312 768 8 ) (-312 768 16 ) (-328 768 16 ) (-328 768 8 ) 
4 330 358 0 (-312 768 0 ) (-296 768 0 ) (-296 768 8 ) (-312 768 8 ) 
4 330 350 0 (-296 768 8 ) (-296 768 16 ) (-312 768 16 ) (-312 768 8 ) 
4 330 332 0 (-296 768 0 ) (-24 768 0 ) (-24 768 16 ) (-296 768 16 ) 
4 330 331 0 (-328 1024 0 ) (-328 768 0 ) (-328 768 16 ) (-328 1024 16 ) 
4 331 372 0 (-464 768 0 ) (-464 1024 0 ) (-328 1024 0 ) (-328 768 0 ) 
4 331 366 0 (-464 768 8 ) (-464 768 0 ) (-328 768 0 ) (-328 768 8 ) 
4 331 363 0 (-464 768 32 ) (-464 768 8 ) (-424 768 8 ) (-424 768 32 ) 
4 331 360 0 (-424 768 8 ) (-328 768 8 ) (-328 768 32 ) (-424 768 32 ) 
4 331 371 0 (-464 1024 0 ) (-464 768 0 ) (-464 768 32 ) (-464 1024 32 ) 
4 332 372 0 (-296 704 0 ) (-296 768 0 ) (-24 768 0 ) (-24 704 0 ) 
4 332 358 0 (-296 768 8 ) (-296 768 0 ) (-296 704 0 ) (-296 704 8 ) 
4 332 350 0 (-296 768 200 ) (-296 768 8 ) (-296 704 8 ) (-296 704 200 ) 
4 332 333 0 (-296 704 200 ) (-296 704 0 ) (-64 704 0 ) (-64 704 200 ) 
4 333 372 0 (-296 696 0 ) (-296 704 0 ) (-64 704 0 ) (-64 696 0 ) 
4 333 358 0 (-296 704 0 ) (-296 696 0 ) (-296 696 8 ) (-296 704 8 ) 
4 333 350 0 (-296 696 8 ) (-296 696 200 ) (-296 704 200 ) (-296 704 8 ) 
4 333 337 0 (-296 696 200 ) (-296 696 8 ) (-64 696 8 ) (-64 696 200 ) 
4 334 339 0 (0 632 40 ) (0 632 200 ) (-64 632 200 ) (-64 632 40 ) 
4 334 338 0 (-64 632 40 ) (-64 632 200 ) (-64 672 200 ) (-64 672 40 ) 
4 334 336 0 (-8 632 40 ) (-64 632 40 ) (-64 672 40 ) (-8 672 40 ) 
4 335 372 0 (0 672 0 ) (0 632 0 ) (-8 632 0 ) (-8 672 0 ) 
4 335 339 0 (-8 632 0 ) (0 632 0 ) (0 632 24 ) (-8 632 24 ) 
4 335 336 0 (-8 632 0 ) (-8 632 24 ) (-8 672 24 ) (-8 672 0 ) 
4 336 372 0 (-8 632 0 ) (-64 632 0 ) (-64 672 0 ) (-8 672 0 ) 
4 336 339 0 (-64 632 0 ) (-8 632 0 ) (-8 632 40 ) (-64 632 40 ) 
4 336 338 0 (-64 672 0 ) (-64 632 0 ) (-64 632 40 ) (-64 672 40 ) 
4 337 350 0 (-296 680 8 ) (-296 680 200 ) (-296 696 200 ) (-296 696 8 ) 
4 337 338 0 (-296 680 200 ) (-296 680 8 ) (-64 680 8 ) (-64 680 200 ) 
4 338 372 0 (-296 632 0 ) (-296 680 0 ) (-64 680 0 ) (-64 632 0 ) 
4 338 359 0 (-296 680 0 ) (-296 632 0 ) (-296 632 8 ) (-296 680 8 ) 
4 338 350 0 (-296 632 8 ) (-296 632 200 ) (-296 680 200 ) (-296 680 8 ) 
4 338 339 0 (-168 632 0 ) (-64 632 0 ) (-64 632 200 ) (-168 632 200 ) 
4 338 342 0 (-296 632 200 ) (-296 632 0 ) (-168 632 0 ) (-168 632 200 ) 
4 339 372 0 (-168 632 0 ) (0 632 0 ) (0 192 0 ) (-168 192 0 ) 
4 339 342 0 (-168 632 200 ) (-168 632 0 ) (-168 192 0 ) (-168 192 200 ) 
4 340 344 0 (-16 168 200 ) (-64 168 200 ) (-64 168 8 ) (-16 168 8 ) 
4 341 346 0 (-144 168 200 ) (-152 168 200 ) (-152 168 8 ) (-144 168 8 ) 
4 341 344 0 (-72 168 200 ) (-144 168 200 ) (-144 168 8 ) (-72 168 8 ) 
4 342 372 0 (-296 168 0 ) (-296 632 0 ) (-168 632 0 ) (-168 168 0 ) 
4 342 359 0 (-296 632 0 ) (-296 392 0 ) (-296 392 8 ) (-296 632 8 ) 
4 342 355 0 (-296 168 8 ) (-296 168 200 ) (-296 176 200 ) (-296 176 8 ) 
4 342 354 0 (-296 184 200 ) (-296 240 200 ) (-296 240 8 ) (-296 184 8 ) 
4 342 353 0 (-296 248 200 ) (-296 288 200 ) (-296 288 8 ) (-296 248 8 ) 
4 342 351 0 (-296 312 200 ) (-296 368 200 ) (-296 368 8 ) (-296 312 8 ) 
4 342 350 0 (-296 376 200 ) (-296 632 200 ) (-296 632 8 ) (-296 376 8 ) 
4 342 349 0 (-296 168 200 ) (-296 168 0 ) (-168 168 0 ) (-168 168 200 ) 
4 344 372 0 (-144 8 0 ) (-144 168 0 ) (-16 168 0 ) (-16 8 0 ) 
4 344 348 0 (-144 56 8 ) (-144 8 8 ) (-144 8 200 ) (-144 56 200 ) 
4 344 346 0 (-144 168 200 ) (-144 168 8 ) (-144 128 8 ) (-144 128 200 ) 
4 344 347 0 (-144 120 8 ) (-144 64 8 ) (-144 64 200 ) (-144 120 200 ) 
4 344 345 0 (-144 8 200 ) (-144 8 0 ) (-16 8 0 ) (-16 8 200 ) 
4 345 457 0 (-144 0 0 ) (-80 0 0 ) (-80 0 200 ) (-144 0 200 ) 
4 345 456 0 (-80 0 0 ) (0 0 0 ) (0 0 200 ) (-80 0 200 ) 
4 345 372 0 (0 0 0 ) (-144 0 0 ) (-144 8 0 ) (0 8 0 ) 
4 345 348 0 (-144 0 8 ) (-144 0 200 ) (-144 8 200 ) (-144 8 8 ) 
4 349 462 0 (-296 0 0 ) (-168 0 0 ) (-168 0 200 ) (-296 0 200 ) 
4 349 372 0 (-168 0 0 ) (-296 0 0 ) (-296 168 0 ) (-168 168 0 ) 
4 349 355 0 (-296 120 200 ) (-296 168 200 ) (-296 168 8 ) (-296 120 8 ) 
4 349 356 0 (-296 56 200 ) (-296 112 200 ) (-296 112 8 ) (-296 56 8 ) 
4 349 357 0 (-296 0 8 ) (-296 0 200 ) (-296 48 200 ) (-296 48 8 ) 
4 350 361 0 (-312 680 8 ) (-312 376 8 ) (-312 376 200 ) (-312 680 200 ) 
4 350 360 0 (-312 768 200 ) (-312 768 8 ) (-312 696 8 ) (-312 696 200 ) 
4 350 359 0 (-312 392 8 ) (-312 680 8 ) (-296 680 8 ) (-296 392 8 ) 
4 350 358 0 (-312 696 8 ) (-312 768 8 ) (-296 768 8 ) (-296 696 8 ) 
4 351 361 0 (-312 368 8 ) (-312 312 8 ) (-312 312 200 ) (-312 368 200 ) 
4 352 361 0 (-312 304 8 ) (-312 288 8 ) (-312 288 200 ) (-312 304 200 ) 
4 352 353 0 (-312 288 200 ) (-312 288 8 ) (-304 288 8 ) (-304 288 200 ) 
4 353 361 0 (-312 288 8 ) (-312 248 8 ) (-312 248 200 ) (-312 288 200 ) 
4 354 361 0 (-312 240 8 ) (-312 184 8 ) (-312 184 200 ) (-312 240 200 ) 
4 355 361 0 (-312 176 8 ) (-312 120 8 ) (-312 120 200 ) (-312 176 200 ) 
4 356 361 0 (-312 112 8 ) (-312 56 8 ) (-312 56 200 ) (-312 112 200 ) 
4 357 468 0 (-296 0 8 ) (-296 0 200 ) (-312 0 200 ) (-312 0 8 ) 
4 357 361 0 (-312 48 8 ) (-312 0 8 ) (-312 0 200 ) (-312 48 200 ) 
4 358 372 0 (-312 696 0 ) (-312 768 0 ) (-296 768 0 ) (-296 696 0 ) 
4 358 366 0 (-312 768 8 ) (-312 768 0 ) (-312 696 0 ) (-312 696 8 ) 
4 359 372 0 (-312 392 0 ) (-312 680 0 ) (-296 680 0 ) (-296 392 0 ) 
4 359 367 0 (-312 680 0 ) (-312 392 0 ) (-312 392 8 ) (-312 680 8 ) 
4 360 366 0 (-424 768 8 ) (-312 768 8 ) (-312 696 8 ) (-424 696 8 ) 
4 360 363 0 (-424 768 200 ) (-424 768 8 ) (-424 696 8 ) (-424 696 200 ) 
4 360 362 0 (-424 696 200 ) (-424 696 8 ) (-320 696 8 ) (-320 696 200 ) 
4 361 472 0 (-312 0 8 ) (-312 0 200 ) (-320 0 200 ) (-320 0 8 ) 
4 361 369 0 (-312 8 8 ) (-312 0 8 ) (-320 0 8 ) (-320 8 8 ) 
4 361 367 0 (-312 680 8 ) (-312 8 8 ) (-320 8 8 ) (-320 680 8 ) 
4 361 362 0 (-320 680 8 ) (-320 0 8 ) (-320 0 200 ) (-320 680 200 ) 
4 362 472 0 (-320 0 200 ) (-424 0 200 ) (-424 0 8 ) (-320 0 8 ) 
4 362 369 0 (-320 0 8 ) (-424 0 8 ) (-424 8 8 ) (-320 8 8 ) 
4 362 367 0 (-424 8 8 ) (-424 680 8 ) (-320 680 8 ) (-320 8 8 ) 
4 362 363 0 (-424 696 8 ) (-424 24 8 ) (-424 24 200 ) (-424 696 200 ) 
4 363 367 0 (-424 680 8 ) (-424 24 8 ) (-448 24 8 ) (-448 680 8 ) 
4 363 368 0 (-464 24 8 ) (-464 696 8 ) (-448 696 8 ) (-448 24 8 ) 
4 363 366 0 (-464 696 8 ) (-464 768 8 ) (-424 768 8 ) (-424 696 8 ) 
4 363 364 0 (-440 24 8 ) (-432 24 8 ) (-432 24 200 ) (-440 24 200 ) 
4 363 365 0 (-464 24 8 ) (-440 24 8 ) (-440 24 200 ) (-464 24 200 ) 
4 363 371 0 (-464 24 200 ) (-464 768 200 ) (-464 768 8 ) (-464 24 8 ) 
4 364 367 0 (-440 24 8 ) (-432 24 8 ) (-432 8 8 ) (-440 8 8 ) 
4 364 365 0 (-440 24 200 ) (-440 24 8 ) (-440 8 8 ) (-440 8 200 ) 
4 365 509 0 (-440 0 200 ) (-448 0 200 ) (-448 0 8 ) (-440 0 8 ) 
4 365 513 0 (-448 0 200 ) (-464 0 200 ) (-464 0 8 ) (-448 0 8 ) 
4 365 370 0 (-464 0 8 ) (-464 8 8 ) (-440 8 8 ) (-440 0 8 ) 
4 365 367 0 (-448 24 8 ) (-440 24 8 ) (-440 8 8 ) (-448 8 8 ) 
4 365 368 0 (-464 8 8 ) (-464 24 8 ) (-448 24 8 ) (-448 8 8 ) 
4 365 371 0 (-464 0 8 ) (-464 0 200 ) (-464 24 200 ) (-464 24 8 ) 
4 366 372 0 (-464 696 0 ) (-464 768 0 ) (-312 768 0 ) (-312 696 0 ) 
4 366 368 0 (-448 696 8 ) (-464 696 8 ) (-464 696 0 ) (-448 696 0 ) 
4 366 371 0 (-464 768 0 ) (-464 696 0 ) (-464 696 8 ) (-464 768 8 ) 
4 367 372 0 (-312 680 0 ) (-312 8 0 ) (-448 8 0 ) (-448 680 0 ) 
4 367 370 0 (-440 8 8 ) (-448 8 8 ) (-448 8 0 ) (-440 8 0 ) 
4 367 369 0 (-312 8 0 ) (-312 8 8 ) (-424 8 8 ) (-424 8 0 ) 
4 367 368 0 (-448 680 0 ) (-448 8 0 ) (-448 8 8 ) (-448 680 8 ) 
4 368 372 0 (-464 8 0 ) (-464 696 0 ) (-448 696 0 ) (-448 8 0 ) 
4 368 370 0 (-448 8 8 ) (-464 8 8 ) (-464 8 0 ) (-448 8 0 ) 
4 368 371 0 (-464 696 0 ) (-464 8 0 ) (-464 8 8 ) (-464 696 8 ) 
4 369 472 0 (-424 0 0 ) (-312 0 0 ) (-312 0 8 ) (-424 0 8 ) 
4 369 372 0 (-312 0 0 ) (-424 0 0 ) (-424 8 0 ) (-312 8 0 ) 
4 370 510 0 (-448 0 0 ) (-440 0 0 ) (-440 0 8 ) (-448 0 8 ) 
4 370 513 0 (-464 0 0 ) (-448 0 0 ) (-448 0 8 ) (-464 0 8 ) 
4 370 372 0 (-440 0 0 ) (-464 0 0 ) (-464 8 0 ) (-440 8 0 ) 
4 370 371 0 (-464 8 0 ) (-464 0 0 ) (-464 0 8 ) (-464 8 8 ) 
4 371 529 0 (-1024 0 0 ) (-1024 0 1024 ) (-1024 1024 1024 ) (-1024 1024 0 ) 
4 371 520 0 (-1024 0 1024 ) (-1024 0 0 ) (-464 0 0 ) (-464 0 1024 ) 
4 371 372 0 (-464 0 0 ) (-1024 0 0 ) (-1024 1024 0 ) (-464 1024 0 ) 
4 372 530 0 (-1024 0 -656 ) (-1024 0 0 ) (-1024 1024 0 ) (-1024 1024 -656 ) 
4 372 521 0 (-1024 0 0 ) (-1024 0 -656 ) (0 0 -656 ) (0 0 0 ) 
4 373 531 0 (-1024 -1024 1024 ) (-1024 -1024 1516 ) (-1024 0 1516 ) (-1024 0 1024 ) 
4 373 522 0 (-1024 -1024 1516 ) (-1024 -1024 1024 ) (0 -1024 1024 ) (0 -1024 1516 ) 
4 373 374 0 (0 -1024 1024 ) (-464 -1024 1024 ) (-464 0 1024 ) (0 0 1024 ) 
4 373 520 0 (-464 -1024 1024 ) (-1024 -1024 1024 ) (-1024 0 1024 ) (-464 0 1024 ) 
4 374 523 0 (0 -1024 336 ) (0 -1024 1024 ) (-464 -1024 1024 ) (-464 -1024 224 ) 
4 374 515 0 (-440 -704 229.794479 ) (-424 -704 233.656555 ) (-424 -736 233.656555 ) (-440 -736 229.794479 ) 
4 374 514 0 (-424 -704 233.656555 ) (0 -704 336.001434 ) (0 -736 336.001434 ) (-424 -736 233.656555 ) 
4 374 518 0 (-464 -736 224.001373 ) (-464 -704 224.001373 ) (-440 -704 229.794479 ) (-440 -736 229.794479 ) 
4 374 455 0 (-464 -704 224.001373 ) (-464 -696 224.001373 ) (0 -696 336.001434 ) (0 -704 336.001434 ) 
4 374 452 0 (-464 -648 224.001373 ) (-464 -640 224.001373 ) (0 -640 336.001434 ) (0 -648 336.001434 ) 
4 374 453 0 (-464 -688 224.001373 ) (-464 -648 224.001373 ) (0 -648 336.001434 ) (0 -688 336.001434 ) 
4 374 446 0 (-464 -600 224.001373 ) (-464 -576 224.001373 ) (0 -576 336.001434 ) (0 -600 336.001434 ) 
4 374 445 0 (-464 -568 224.001373 ) (-464 -520 224.001373 ) (0 -520 336.001465 ) (0 -568 336.001434 ) 
4 374 441 0 (-464 -520 224.001373 ) (-464 -512 224.001373 ) (-331.434387 -512 256 ) (-331.434357 -520 256 ) 
4 374 440 0 (-331.434387 -512 256 ) (0 -512 336.001465 ) (0 -520 336.001465 ) (-331.434357 -520 256 ) 
4 374 439 0 (-464 -504 224.001373 ) (-464 -456 224.001373 ) (0 -456 336.001465 ) (0 -504 336.001465 ) 
4 374 438 0 (-464 -456 224.001373 ) (-464 -448 224.001373 ) (0 -448 336.001465 ) (0 -456 336.001465 ) 
4 374 433 0 (-464 -440 224.001373 ) (-464 -392 224.001373 ) (0 -392 336.001465 ) (0 -440 336.001465 ) 
4 374 429 0 (-464 -392 224.001373 ) (-464 -384 224.001373 ) (-331.434387 -384 256 ) (-331.434357 -392 256 ) 
4 374 428 0 (-331.434387 -384 256 ) (0 -384 336.001465 ) (0 -392 336.001465 ) (-331.434357 -392 256 ) 
4 374 427 0 (-464 -376 224.001373 ) (-464 -360 224.001373 ) (0 -360 336.001465 ) (0 -376 336.001465 ) 
4 374 450 0 (-464 -632 224.001373 ) (-464 -600 224.001373 ) (0 -600 336.001434 ) (0 -632 336.001434 ) 
4 374 407 0 (-464 -360 224.001373 ) (-464 -328 224.001373 ) (-364.577209 -328 248 ) (-364.577209 -360 248 ) 
4 374 405 0 (-464 -328 224.001373 ) (-464 -320 224.001373 ) (-364.577209 -320 248 ) (-364.577209 -328 248 ) 
4 374 404 0 (-364.577209 -320 248 ) (-331.434387 -320 256 ) (-331.434387 -360 256 ) (-364.577209 -360 248 ) 
4 374 403 0 (-331.434387 -320 256 ) (-136 -320 303.173859 ) (-136 -360 303.173859 ) (-331.434387 -360 256 ) 
4 374 401 0 (-136 -320 303.173859 ) (0 -320 336.001465 ) (0 -360 336.001465 ) (-136 -360 303.173859 ) 
4 374 400 0 (-464 -312 224.001373 ) (-464 -264 224.001373 ) (0 -264 336.001465 ) (0 -312 336.001465 ) 
4 374 399 0 (-464 -264 224.001373 ) (-464 -256 224.001373 ) (0 -256 336.001465 ) (0 -264 336.001465 ) 
4 374 398 0 (-464 -248 224.001373 ) (-464 -232 224.001373 ) (0 -232 336.001465 ) (0 -248 336.001465 ) 
4 374 384 0 (-464 -232 224.001373 ) (-464 -192 224.001373 ) (0 -192 336.001465 ) (0 -232 336.001465 ) 
4 374 382 0 (-464 -184 224.001373 ) (-464 -136 224.001373 ) (0 -136 336.001465 ) (0 -184 336.001465 ) 
4 374 381 0 (-464 -136 224.001373 ) (-464 -128 224.001373 ) (0 -128 336.001465 ) (0 -136 336.001465 ) 
4 374 379 0 (-464 -120 224.001373 ) (-464 -72 224.001373 ) (0 -72 336.001465 ) (0 -120 336.001465 ) 
4 374 378 0 (-464 -72 224.001373 ) (-464 -64 224.001373 ) (0 -64 336.001465 ) (0 -72 336.001465 ) 
4 374 375 0 (-464 -56 224.001373 ) (-464 0 224.001373 ) (0 0 336.001465 ) (0 -56 336.001465 ) 
4 374 519 0 (-464 -1024 224.001373 ) (-464 -736 224.001373 ) (0 -736 336.001434 ) (0 -1024 336.001434 ) 
4 374 520 0 (-464 -1024 224 ) (-464 -1024 1024 ) (-464 0 1024 ) (-464 0 224 ) 
3 375 377 0 (0 -56 224 ) (0 -56 320 ) (-397.716980 -56 224 ) 
4 375 376 0 (0 -56 224 ) (-464 -56 224 ) (-464 -8 224 ) (0 -8 224 ) 
4 376 387 0 (-424 -8 208 ) (-312 -8 208 ) (-312 -56 208 ) (-424 -56 208 ) 
4 376 388 0 (-464 -56 208 ) (-464 -8 208 ) (-440 -8 208 ) (-440 -56 208 ) 
4 376 377 0 (-464 -56 208 ) (0 -56 208 ) (0 -56 224 ) (-397.716980 -56 224 ) 
4 376 520 0 (-464 -56 224 ) (-464 -8 224 ) (-464 -8 208 ) (-464 -56 208 ) 
4 377 387 0 (-424 -56 208 ) (-312 -56 208 ) (-312 -64 208 ) (-424 -64 208 ) 
4 377 388 0 (-464 -64 208 ) (-464 -56 208 ) (-440 -56 208 ) (-440 -64 208 ) 
3 377 378 0 (0 -64 224 ) (0 -64 320 ) (-397.714325 -64 224 ) 
3 378 379 0 (0 -72 224 ) (0 -72 336 ) (-464 -72 224 ) 
4 379 387 0 (-424 -72 208 ) (-312 -72 208 ) (-312 -120 208 ) (-424 -120 208 ) 
4 379 386 0 (0 -80 208 ) (0 -96 208 ) (-80 -96 208 ) (-80 -80 208 ) 
4 379 388 0 (-464 -120 208 ) (-464 -72 208 ) (-440 -72 208 ) (-440 -120 208 ) 
3 379 380 0 (-464 -120 208 ) (0 -120 208 ) (0 -120 320 ) 
4 379 520 0 (-464 -120 224 ) (-464 -72 224 ) (-464 -72 208 ) (-464 -120 208 ) 
4 380 387 0 (-424 -120 208 ) (-312 -120 208 ) (-312 -128 208 ) (-424 -128 208 ) 
4 380 388 0 (-464 -128 208 ) (-464 -120 208 ) (-440 -120 208 ) (-440 -128 208 ) 
3 380 381 0 (0 -128 224 ) (0 -128 320 ) (-397.714325 -128 224 ) 
3 381 382 0 (0 -136 224 ) (0 -136 336 ) (-464 -136 224 ) 
4 382 387 0 (-424 -136 208 ) (-312 -136 208 ) (-312 -168 208 ) (-424 -168 208 ) 
4 382 388 0 (-464 -184 208 ) (-464 -136 208 ) (-440 -136 208 ) (-440 -184 208 ) 
3 382 383 0 (-464 -184 208 ) (0 -184 208 ) (0 -184 320 ) 
4 382 520 0 (-464 -184 224 ) (-464 -136 224 ) (-464 -136 208 ) (-464 -184 208 ) 
4 383 388 0 (-464 -192 208 ) (-464 -184 208 ) (-440 -184 208 ) (-440 -192 208 ) 
3 383 384 0 (0 -192 224 ) (0 -192 320 ) (-397.714325 -192 224 ) 
5 384 398 0 (0 -232 320 ) (0 -232 336.003174 ) (-464 -232 224.003067 ) (-464 -232 224 ) (-397.714294 -232 224 ) 
4 384 392 0 (0 -232 224 ) (0 -232 248 ) (-136 -232 248 ) (-136 -232 224 ) 
4 384 394 0 (-152 -232 248 ) (-298.285736 -232 248 ) (-397.714294 -232 224 ) (-152 -232 224 ) 
4 384 391 0 (-152 -232 256 ) (-265.142883 -232 256 ) (-298.285736 -232 248 ) (-152 -232 248 ) 
4 384 390 0 (0 -232 248 ) (0 -232 256 ) (-136 -232 256 ) (-136 -232 248 ) 
3 384 389 0 (0 -232 256 ) (0 -232 320 ) (-265.142883 -232 256 ) 
4 384 385 0 (0 -232 224 ) (-464 -232 224 ) (-464 -200 224 ) (0 -200 224 ) 
3 385 398 0 (-397.714294 -232 224 ) (-464 -232 224 ) (-464 -232 208 ) 
4 385 392 0 (0 -232 208 ) (0 -232 224 ) (-136 -232 224 ) (-136 -232 208 ) 
4 385 394 0 (-152 -232 224 ) (-397.714294 -232 224 ) (-464 -232 208 ) (-152 -232 208 ) 
4 385 388 0 (-440 -232 208 ) (-464 -232 208 ) (-464 -200 208 ) (-440 -200 208 ) 
4 385 520 0 (-464 -232 224 ) (-464 -200 224 ) (-464 -200 208 ) (-464 -232 208 ) 
4 386 456 0 (0 -80 200 ) (0 -96 200 ) (-80 -96 200 ) (-80 -80 200 ) 
4 387 472 0 (-424 0 200 ) (-312 0 200 ) (-312 -168 200 ) (-424 -168 200 ) 
4 388 509 0 (-448 0 200 ) (-440 0 200 ) (-440 -168 200 ) (-448 -168 200 ) 
4 388 513 0 (-464 -232 200 ) (-464 0 200 ) (-448 0 200 ) (-448 -232 200 ) 
4 388 413 0 (-464 -232 200 ) (-440 -232 200 ) (-440 -232 208 ) (-464 -232 208 ) 
4 388 520 0 (-464 0 208 ) (-464 0 200 ) (-464 -232 200 ) (-464 -232 208 ) 
3 389 403 0 (-136 -320 287.172424 ) (-265.142914 -320 256 ) (-136 -320 256 ) 
4 389 401 0 (0 -320 256 ) (0 -320 320 ) (-136 -320 287.172424 ) (-136 -320 256 ) 
4 389 400 0 (-265.149261 -264 256 ) (-265.147766 -312 256 ) (0 -312 320.001190 ) (0 -264 320.001495 ) 
4 389 399 0 (-265.149506 -256 256 ) (-265.149261 -264 256 ) (0 -264 320.001495 ) (0 -256 320.001556 ) 
4 389 398 0 (0 -232 320.001709 ) (-265.150269 -232 256 ) (-265.149750 -248 256 ) (0 -248 320.001617 ) 
4 389 391 0 (-152 -320 256 ) (-265.140625 -320 256 ) (-265.140625 -232 256 ) (-152 -232 256 ) 
4 389 390 0 (0 -320 256 ) (-136 -320 256 ) (-136 -232 256 ) (0 -232 256 ) 
4 390 401 0 (0 -320 248 ) (0 -320 256 ) (-136 -320 256 ) (-136 -320 248 ) 
4 390 395 0 (-136 -264 248 ) (-136 -256 248 ) (0 -256 248 ) (0 -264 248 ) 
4 390 397 0 (0 -320 248 ) (-136 -320 248 ) (-136 -264 248 ) (0 -264 248 ) 
4 390 392 0 (-136 -240 248 ) (-136 -232 248 ) (0 -232 248 ) (0 -240 248 ) 
4 390 393 0 (-136 -256 248 ) (-136 -240 248 ) (0 -240 248 ) (0 -256 248 ) 
4 391 404 0 (-152 -320 256 ) (-265.142914 -320 256 ) (-298.285767 -320 248 ) (-152 -320 248 ) 
4 391 400 0 (-298.292145 -264 248 ) (-298.290619 -312 248 ) (-265.147766 -312 256 ) (-265.149261 -264 256 ) 
4 391 399 0 (-298.292389 -256 248 ) (-298.292145 -264 248 ) (-265.149261 -264 256 ) (-265.149506 -256 256 ) 
4 391 398 0 (-265.150269 -232 256 ) (-298.293152 -232 248 ) (-298.292633 -248 248 ) (-265.149750 -248 256 ) 
4 391 396 0 (-298.285156 -264 248 ) (-298.285156 -256 248 ) (-152 -256 248 ) (-152 -264 248 ) 
4 391 397 0 (-152 -320 248 ) (-298.285156 -320 248 ) (-298.285156 -264 248 ) (-152 -264 248 ) 
4 391 394 0 (-298.285156 -256 248 ) (-298.285156 -232 248 ) (-152 -232 248 ) (-152 -256 248 ) 
4 392 393 0 (-136 -240 208 ) (0 -240 208 ) (0 -240 248 ) (-136 -240 248 ) 
4 393 408 0 (-136 -256 208 ) (-152 -256 208 ) (-152 -240 208 ) (-136 -240 208 ) 
4 393 395 0 (0 -256 248 ) (-136 -256 248 ) (-136 -256 224 ) (0 -256 224 ) 
4 393 394 0 (-152 -240 208 ) (-152 -256 208 ) (-152 -256 248 ) (-152 -240 248 ) 
4 394 413 0 (-464 -256 208 ) (-464 -232 208 ) (-440 -232 208 ) (-440 -256 208 ) 
4 394 398 0 (-298.293152 -232 248 ) (-464 -232 208.001846 ) (-464 -248 208.001709 ) (-298.292633 -248 248 ) 
4 394 396 0 (-152 -256 248 ) (-298.281250 -256 248 ) (-397.709808 -256 224 ) (-152 -256 224 ) 
4 395 397 0 (0 -264 248 ) (-136 -264 248 ) (-136 -264 224 ) (0 -264 224 ) 
4 396 399 0 (-397.720795 -264 224 ) (-298.292145 -264 248 ) (-298.292389 -256 248 ) (-397.721039 -256 224 ) 
4 396 397 0 (-152 -264 248 ) (-298.281250 -264 248 ) (-397.709808 -264 224 ) (-152 -264 224 ) 
4 397 413 0 (-464 -320 208 ) (-464 -264 208 ) (-440 -264 208 ) (-440 -320 208 ) 
4 397 409 0 (-152 -264 208 ) (-136 -264 208 ) (-136 -320 208 ) (-152 -320 208 ) 
4 397 405 0 (-152 -320 248 ) (-298.285767 -320 248 ) (-397.714325 -320 224 ) (-152 -320 224 ) 
4 397 401 0 (0 -320 224 ) (0 -320 248 ) (-136 -320 248 ) (-136 -320 224 ) 
4 397 400 0 (-464 -264 208.001587 ) (-464 -312 208.001190 ) (-298.290619 -312 248 ) (-298.292145 -264 248 ) 
4 398 520 0 (-464 -248 224 ) (-464 -232 224 ) (-464 -232 208 ) (-464 -248 208 ) 
4 399 400 0 (-397.683044 -264 224 ) (0 -264 319.992462 ) (0 -264 336 ) (-464 -264 224 ) 
4 400 520 0 (-464 -312 224 ) (-464 -264 224 ) (-464 -264 208 ) (-464 -312 208 ) 
4 401 427 0 (0 -360 320 ) (0 -360 336.003174 ) (-136 -360 303.175568 ) (-136 -360 287.172424 ) 
3 401 425 0 (-136 -360 256 ) (-136 -360 253.241364 ) (-116 -360 256 ) 
5 401 424 0 (0 -360 272 ) (0 -360 320 ) (-136 -360 287.172424 ) (-136 -360 256 ) (-116 -360 256 ) 
4 401 414 0 (0 -360 224 ) (0 -360 272 ) (-136 -360 253.241364 ) (-136 -360 224 ) 
4 401 406 0 (-136 -328 224 ) (-136 -344 224 ) (-136 -344 248 ) (-136 -328 248 ) 
4 401 403 0 (-136 -320 303.169037 ) (-136 -320 256 ) (-136 -360 256 ) (-136 -360 303.172424 ) 
4 401 402 0 (0 -360 224 ) (-136 -360 224 ) (-136 -328 224 ) (0 -328 224 ) 
4 402 414 0 (0 -360 208 ) (0 -360 224 ) (-136 -360 224 ) (-136 -360 208 ) 
4 402 406 0 (-136 -328 208 ) (-136 -344 208 ) (-136 -344 224 ) (-136 -328 224 ) 
4 403 427 0 (-136 -360 303.175568 ) (-331.441406 -360 256 ) (-265.142914 -360 256 ) (-136 -360 287.172424 ) 
4 403 424 0 (-152 -360 256 ) (-136 -360 256 ) (-136 -360 287.172424 ) (-152 -360 283.310364 ) 
3 403 426 0 (-265.142914 -360 256 ) (-152 -360 256 ) (-152 -360 283.310364 ) 
4 403 404 0 (-331.429810 -320 256 ) (-152 -320 256 ) (-152 -360 256 ) (-331.428589 -360 256 ) 
4 404 427 0 (-331.441406 -360 256 ) (-364.584229 -360 248 ) (-298.285767 -360 248 ) (-265.142944 -360 256 ) 
5 404 426 0 (-298.285767 -360 248 ) (-174 -360 248 ) (-152 -360 251.034470 ) (-152 -360 256 ) (-265.142944 -360 256 ) 
3 404 420 0 (-174 -360 248 ) (-152 -360 248 ) (-152 -360 251.034470 ) 
4 404 407 0 (-152 -328 248 ) (-152 -360 248 ) (-364.571503 -360 248 ) (-364.574371 -328 248 ) 
4 404 405 0 (-364.575073 -320 248 ) (-152 -320 248 ) (-152 -328 248 ) (-364.574371 -328 248 ) 
4 405 407 0 (-152 -328 248 ) (-364.571503 -328 248 ) (-464 -328 224 ) (-152 -328 224 ) 
4 406 410 0 (-144 -344 208 ) (-144 -328 208 ) (-136 -328 208 ) (-136 -344 208 ) 
4 406 407 0 (-144 -328 248 ) (-144 -328 208 ) (-144 -344 208 ) (-144 -344 248 ) 
4 407 427 0 (-364.584229 -360 248 ) (-464 -360 224.003067 ) (-464 -360 208 ) (-298.285767 -360 248 ) 
3 407 426 0 (-464 -360 208 ) (-174 -360 248 ) (-298.285767 -360 248 ) 
3 407 421 0 (-369.600037 -360 208 ) (-152 -360 208 ) (-152 -360 240 ) 
5 407 420 0 (-440 -360 208 ) (-424 -360 208 ) (-152 -360 248 ) (-174 -360 248 ) (-440 -360 211.310349 ) 
3 407 423 0 (-464 -360 208 ) (-440 -360 208 ) (-440 -360 211.310349 ) 
4 407 415 0 (-152 -360 208 ) (-144 -360 208 ) (-144 -360 248 ) (-152 -360 248 ) 
4 407 413 0 (-440 -360 208 ) (-464 -360 208 ) (-464 -328 208 ) (-440 -328 208 ) 
4 407 412 0 (-320 -360 208 ) (-408 -360 208 ) (-408 -344 208 ) (-320 -344 208 ) 
4 407 411 0 (-144 -360 208 ) (-152 -360 208 ) (-152 -344 208 ) (-144 -344 208 ) 
4 407 410 0 (-152 -344 208 ) (-152 -328 208 ) (-144 -328 208 ) (-144 -344 208 ) 
4 407 520 0 (-464 -360 224 ) (-464 -328 224 ) (-464 -328 208 ) (-464 -360 208 ) 
4 408 476 0 (-136 -240 200 ) (-136 -256 200 ) (-152 -256 200 ) (-152 -240 200 ) 
4 409 477 0 (-136 -264 200 ) (-136 -320 200 ) (-152 -320 200 ) (-152 -264 200 ) 
4 410 478 0 (-136 -328 200 ) (-136 -344 200 ) (-152 -344 200 ) (-152 -328 200 ) 
4 410 411 0 (-152 -344 208 ) (-152 -344 200 ) (-144 -344 200 ) (-144 -344 208 ) 
4 411 479 0 (-144 -360 200 ) (-152 -360 200 ) (-152 -344 200 ) (-144 -344 200 ) 
4 411 415 0 (-152 -360 200 ) (-144 -360 200 ) (-144 -360 208 ) (-152 -360 208 ) 
4 412 489 0 (-320 -344 200 ) (-320 -360 200 ) (-408 -360 200 ) (-408 -344 200 ) 
5 412 422 0 (-408 -360 200 ) (-320 -360 200 ) (-320 -360 208 ) (-369.600006 -360 208 ) (-408 -360 202.352951 ) 
4 413 513 0 (-464 -360 200 ) (-464 -232 200 ) (-448 -232 200 ) (-448 -360 200 ) 
4 413 423 0 (-464 -360 200 ) (-440 -360 200 ) (-440 -360 208 ) (-464 -360 208 ) 
4 413 520 0 (-464 -232 208 ) (-464 -232 200 ) (-464 -360 200 ) (-464 -360 208 ) 
4 414 514 0 (0 -704 208 ) (0 -704 272 ) (-136 -704 253.241379 ) (-136 -704 208 ) 
4 414 454 0 (-136 -688 253.242447 ) (-136 -696 253.242462 ) (0 -696 272.001099 ) (0 -688 272.001099 ) 
4 414 453 0 (-136 -648 253.242401 ) (-136 -688 253.242447 ) (0 -688 272.001099 ) (0 -648 272.001038 ) 
4 414 451 0 (-136 -632 253.242371 ) (-136 -640 253.242386 ) (0 -640 272.001007 ) (0 -632 272.001007 ) 
4 414 448 0 (-136 -584 253.242310 ) (-136 -600 253.242325 ) (-116.006851 -600 256 ) (-116.006706 -584 256 ) 
4 414 447 0 (-116.006851 -600 256 ) (0 -600 272 ) (0 -584 272 ) (-116.006706 -584 256 ) 
4 414 443 0 (-136 -520 253.242218 ) (-136 -576 253.242294 ) (-116.006638 -576 256 ) (-116.006065 -520 256 ) 
4 414 442 0 (-116.006638 -576 256 ) (0 -576 272 ) (0 -520 272 ) (-116.006065 -520 256 ) 
4 414 436 0 (-136 -456 253.242142 ) (-136 -512 253.242203 ) (-116.005974 -512 256 ) (-116.005470 -456 256 ) 
4 414 435 0 (-116.005974 -512 256 ) (0 -512 272 ) (0 -456 272 ) (-116.005470 -456 256 ) 
4 414 431 0 (-136 -392 253.242050 ) (-136 -448 253.242126 ) (-116.005402 -448 256 ) (-116.004829 -392 256 ) 
4 414 430 0 (-116.005402 -448 256 ) (0 -448 272 ) (0 -392 272 ) (-116.004829 -392 256 ) 
4 414 425 0 (-116.004509 -360 256 ) (-136 -360 253.242004 ) (-136 -384 253.242035 ) (-116.004738 -384 256 ) 
4 414 424 0 (0 -360 272 ) (-116.004509 -360 256 ) (-116.004738 -384 256 ) (0 -384 272 ) 
4 414 450 0 (-136 -600 253.242325 ) (-136 -632 253.242371 ) (0 -632 272.001007 ) (0 -600 272 ) 
4 414 418 0 (-136 -528 208 ) (-136 -592 208 ) (-136 -592 248 ) (-136 -528 248 ) 
4 414 416 0 (-136 -392 208 ) (-136 -456 208 ) (-136 -456 248 ) (-136 -392 248 ) 
4 414 417 0 (-136 -464 208 ) (-136 -520 208 ) (-136 -520 248 ) (-136 -464 248 ) 
4 414 415 0 (-136 -360 248 ) (-136 -360 208 ) (-136 -384 208 ) (-136 -384 248 ) 
4 414 419 0 (-136 -704 253.234375 ) (-136 -600 253.234375 ) (-136 -600 208 ) (-136 -704 208 ) 
4 415 480 0 (-152 -384 200 ) (-152 -360 200 ) (-136 -360 200 ) (-136 -384 200 ) 
4 415 422 0 (-152 -360 208 ) (-152 -360 200 ) (-152 -384 200 ) (-152 -384 208 ) 
4 415 421 0 (-152 -360 240 ) (-152 -360 208 ) (-152 -384 208 ) (-152 -384 240 ) 
4 416 481 0 (-152 -456 200 ) (-152 -392 200 ) (-136 -392 200 ) (-136 -456 200 ) 
4 416 422 0 (-152 -392 200 ) (-152 -456 200 ) (-152 -456 208 ) (-152 -392 208 ) 
4 416 421 0 (-152 -456 208 ) (-152 -456 240 ) (-152 -392 240 ) (-152 -392 208 ) 
4 417 482 0 (-152 -520 200 ) (-152 -464 200 ) (-136 -464 200 ) (-136 -520 200 ) 
4 417 422 0 (-152 -464 200 ) (-152 -520 200 ) (-152 -520 208 ) (-152 -464 208 ) 
4 417 421 0 (-152 -520 208 ) (-152 -520 240 ) (-152 -464 240 ) (-152 -464 208 ) 
4 418 483 0 (-152 -592 200 ) (-152 -528 200 ) (-136 -528 200 ) (-136 -592 200 ) 
4 418 422 0 (-152 -528 200 ) (-152 -592 200 ) (-152 -592 208 ) (-152 -528 208 ) 
4 418 421 0 (-152 -592 208 ) (-152 -592 240 ) (-152 -528 240 ) (-152 -528 208 ) 
4 419 514 0 (-152 -704 200 ) (-136 -704 200 ) (-136 -704 253.241379 ) (-152 -704 251.034485 ) 
4 419 484 0 (-136 -704 200 ) (-152 -704 200 ) (-152 -600 200 ) (-136 -600 200 ) 
4 419 454 0 (-152 -688 251.035553 ) (-152 -696 251.035568 ) (-136 -696 253.242462 ) (-136 -688 253.242447 ) 
4 419 453 0 (-152 -648 251.035507 ) (-152 -688 251.035553 ) (-136 -688 253.242447 ) (-136 -648 253.242401 ) 
4 419 451 0 (-152 -632 251.035477 ) (-152 -640 251.035492 ) (-136 -640 253.242386 ) (-136 -632 253.242371 ) 
4 419 450 0 (-152 -600 251.035446 ) (-152 -632 251.035477 ) (-136 -632 253.242371 ) (-136 -600 253.242340 ) 
4 419 422 0 (-152 -600 208 ) (-152 -600 200 ) (-152 -704 200 ) (-152 -704 208 ) 
4 419 421 0 (-152 -600 240 ) (-152 -600 208 ) (-152 -704 208 ) (-152 -704 240 ) 
4 419 420 0 (-152 -704 251.031250 ) (-152 -600 251.031250 ) (-152 -600 248 ) (-152 -704 248 ) 
4 420 515 0 (-424 -704 213.517227 ) (-440 -704 211.310333 ) (-440 -704 208 ) (-424 -704 208 ) 
4 420 514 0 (-152 -704 248 ) (-152 -704 251.034485 ) (-424 -704 213.517227 ) (-424 -704 208 ) 
4 420 454 0 (-440 -688 211.311417 ) (-440 -696 211.311432 ) (-152 -696 251.035568 ) (-152 -688 251.035553 ) 
4 420 453 0 (-440 -648 211.311386 ) (-440 -688 211.311417 ) (-152 -688 251.035553 ) (-152 -648 251.035507 ) 
4 420 451 0 (-440 -632 211.311356 ) (-440 -640 211.311371 ) (-152 -640 251.035492 ) (-152 -632 251.035477 ) 
4 420 449 0 (-440 -584 211.311295 ) (-440 -600 211.311310 ) (-152 -600 251.035431 ) (-152 -584 251.035416 ) 
4 420 444 0 (-440 -520 211.311203 ) (-440 -576 211.311279 ) (-152 -576 251.035400 ) (-152 -520 251.035324 ) 
4 420 437 0 (-440 -456 211.311127 ) (-440 -512 211.311188 ) (-152 -512 251.035309 ) (-152 -456 251.035248 ) 
4 420 432 0 (-440 -392 211.311050 ) (-440 -448 211.311111 ) (-152 -448 251.035233 ) (-152 -392 251.035156 ) 
4 420 426 0 (-152 -360 251.035110 ) (-440 -360 211.311005 ) (-440 -384 211.311035 ) (-152 -384 251.035141 ) 
4 420 450 0 (-440 -600 211.311310 ) (-440 -632 211.311356 ) (-152 -632 251.035477 ) (-152 -600 251.035431 ) 
4 420 423 0 (-440 -704 211.312500 ) (-440 -360 211.312500 ) (-440 -360 208 ) (-440 -704 208 ) 
3 421 514 0 (-152 -704 208 ) (-152 -704 240 ) (-369.600037 -704 208 ) 
4 421 422 0 (-369.600037 -360 208 ) (-152 -360 208 ) (-152 -704 208 ) (-369.600037 -704 208 ) 
4 422 514 0 (-424 -704 200 ) (-152 -704 200 ) (-152 -704 208 ) (-369.600037 -704 208 ) 
4 422 494 0 (-416 -704 200 ) (-424 -704 200 ) (-424 -696 200 ) (-416 -696 200 ) 
4 422 492 0 (-152 -704 200 ) (-416 -704 200 ) (-416 -360 200 ) (-152 -360 200 ) 
4 423 518 0 (-464 -704 208 ) (-464 -704 200 ) (-440 -704 200 ) (-440 -704 211.310333 ) 
4 423 512 0 (-440 -704 200 ) (-448 -704 200 ) (-448 -664 200 ) (-440 -664 200 ) 
4 423 513 0 (-448 -704 200 ) (-464 -704 200 ) (-464 -360 200 ) (-448 -360 200 ) 
4 423 454 0 (-464 -688 208.001068 ) (-464 -696 208.001083 ) (-440 -696 211.311432 ) (-440 -688 211.311417 ) 
4 423 453 0 (-464 -648 208.001038 ) (-464 -688 208.001068 ) (-440 -688 211.311417 ) (-440 -648 211.311386 ) 
4 423 451 0 (-464 -632 208.001007 ) (-464 -640 208.001022 ) (-440 -640 211.311371 ) (-440 -632 211.311356 ) 
4 423 449 0 (-464 -584 208 ) (-464 -600 208 ) (-440 -600 211.311310 ) (-440 -584 211.311295 ) 
4 423 444 0 (-464 -520 208 ) (-464 -576 208 ) (-440 -576 211.311279 ) (-440 -520 211.311203 ) 
4 423 437 0 (-464 -456 208 ) (-464 -512 208 ) (-440 -512 211.311188 ) (-440 -456 211.311127 ) 
4 423 432 0 (-464 -392 208 ) (-464 -448 208 ) (-440 -448 211.311111 ) (-440 -392 211.311050 ) 
4 423 426 0 (-440 -360 211.311005 ) (-464 -360 208 ) (-464 -384 208 ) (-440 -384 211.311035 ) 
4 423 450 0 (-464 -600 208 ) (-464 -632 208.001007 ) (-440 -632 211.311356 ) (-440 -600 211.311310 ) 
4 423 520 0 (-464 -704 200 ) (-464 -704 208 ) (-464 -360 208 ) (-464 -360 200 ) 
4 424 428 0 (0 -384 288 ) (0 -384 320 ) (-152 -384 283.310364 ) (-152 -384 267.034485 ) 
4 424 427 0 (0 -360 320.001617 ) (-152 -360 283.312012 ) (-152 -376 283.311981 ) (0 -376 320.001617 ) 
4 424 425 0 (-116.005180 -384 256 ) (-136 -384 256 ) (-136 -360 256 ) (-116.005180 -360 256 ) 
4 424 426 0 (-152 -384 256 ) (-152 -384 283.308594 ) (-152 -360 283.308594 ) (-152 -360 256 ) 
3 426 429 0 (-232 -384 256 ) (-265.142914 -384 256 ) (-309.333435 -384 245.333313 ) 
4 426 428 0 (-152 -384 267.034485 ) (-152 -384 283.310364 ) (-265.142914 -384 256 ) (-232 -384 256 ) 
4 426 427 0 (-152 -360 283.312012 ) (-464 -360 208.001724 ) (-464 -376 208.001648 ) (-152 -376 283.311981 ) 
4 427 520 0 (-464 -376 224 ) (-464 -360 224 ) (-464 -360 208 ) (-464 -376 208 ) 
4 428 433 0 (0 -392 320 ) (0 -392 336 ) (-331.425720 -392 256 ) (-265.142883 -392 256 ) 
4 428 430 0 (0 -392 288 ) (0 -392 320 ) (-152 -392 283.310364 ) (-152 -392 267.034485 ) 
4 428 432 0 (-152 -392 283.310364 ) (-265.142883 -392 256 ) (-232 -392 256 ) (-152 -392 267.034485 ) 
4 428 429 0 (-232 -392 256 ) (-331.428589 -392 256 ) (-331.434174 -384 256 ) (-232 -384 256 ) 
4 429 433 0 (-265.142853 -392 256 ) (-331.425720 -392 256 ) (-464 -392 224 ) (-309.335693 -392 245.332764 ) 
3 429 432 0 (-232 -392 256 ) (-265.142853 -392 256 ) (-309.335693 -392 245.332764 ) 
4 430 434 0 (0 -448 288 ) (0 -448 320 ) (-152 -448 283.310364 ) (-152 -448 267.034485 ) 
4 430 433 0 (0 -392 320.001617 ) (-152 -392 283.312012 ) (-152 -440 283.311951 ) (0 -440 320.001617 ) 
4 430 431 0 (-116.005180 -448 256 ) (-136 -448 256 ) (-136 -392 256 ) (-116 -392 256 ) 
4 430 432 0 (-152 -448 256 ) (-152 -448 283.308594 ) (-152 -392 283.308594 ) (-152 -392 256 ) 
3 432 434 0 (-152 -448 267.034485 ) (-152 -448 283.310364 ) (-309.333374 -448 245.333328 ) 
4 432 433 0 (-152 -392 283.312012 ) (-464 -392 208.001724 ) (-464 -440 208.001633 ) (-152 -440 283.311951 ) 
4 433 520 0 (-464 -440 224 ) (-464 -392 224 ) (-464 -392 208 ) (-464 -440 208 ) 
3 434 441 0 (-265.142944 -512 256 ) (-309.333435 -512 245.333328 ) (-232 -512 256 ) 
4 434 440 0 (0 -512 288 ) (0 -512 320 ) (-265.142944 -512 256 ) (-232 -512 256 ) 
4 434 439 0 (-309.349548 -456 245.331116 ) (-309.349091 -504 245.331161 ) (0 -504 320.001617 ) (0 -456 320.001617 ) 
4 434 438 0 (0 -448 320.001617 ) (-309.349609 -448 245.331100 ) (-309.349548 -456 245.331116 ) (0 -456 320.001617 ) 
4 434 437 0 (-232.001373 -512 256 ) (-309.327209 -512 245.334381 ) (-309.327209 -456 245.334381 ) (-232.001480 -456 256 ) 
4 434 435 0 (0 -512 288 ) (-232.001373 -512 256 ) (-232.001480 -456 256 ) (0 -456 288 ) 
4 435 437 0 (-152 -512 256 ) (-231.996109 -512 256 ) (-231.996109 -456 256 ) (-152 -456 256 ) 
4 435 436 0 (-116.005989 -512 256 ) (-136 -512 256 ) (-136 -456 256 ) (-116 -456 256 ) 
4 437 439 0 (-464 -456 208.001709 ) (-464 -504 208.001633 ) (-309.349091 -504 245.331161 ) (-309.349548 -456 245.331116 ) 
4 438 439 0 (-309.257812 -456 245.343750 ) (0 -456 319.992188 ) (0 -456 336 ) (-464 -456 224 ) 
4 439 520 0 (-464 -504 224 ) (-464 -456 224 ) (-464 -456 208 ) (-464 -504 208 ) 
4 440 445 0 (0 -520 320 ) (0 -520 336 ) (-331.425720 -520 256 ) (-265.142883 -520 256 ) 
4 440 442 0 (0 -520 288 ) (0 -520 320 ) (-152 -520 283.310364 ) (-152 -520 267.034485 ) 
4 440 444 0 (-152 -520 283.310364 ) (-265.142883 -520 256 ) (-232 -520 256 ) (-152 -520 267.034485 ) 
4 440 441 0 (-232 -520 256 ) (-331.428589 -520 256 ) (-331.434174 -512 256 ) (-232 -512 256 ) 
4 441 445 0 (-265.142853 -520 256 ) (-331.425720 -520 256 ) (-464 -520 224 ) (-309.335693 -520 245.332764 ) 
3 441 444 0 (-232 -520 256 ) (-265.142853 -520 256 ) (-309.335693 -520 245.332764 ) 
4 442 446 0 (0 -576 288 ) (0 -576 320 ) (-152 -576 283.310364 ) (-152 -576 267.034485 ) 
4 442 445 0 (0 -520 320.001617 ) (-152 -520 283.312012 ) (-152 -568 283.311951 ) (0 -568 320.001617 ) 
4 442 443 0 (-116.005180 -576 256 ) (-136 -576 256 ) (-136 -520 256 ) (-116 -520 256 ) 
4 442 444 0 (-152 -576 256 ) (-152 -576 283.308624 ) (-152 -520 283.308624 ) (-152 -520 256 ) 
3 444 446 0 (-152 -576 267.034485 ) (-152 -576 283.310364 ) (-309.333374 -576 245.333328 ) 
4 444 445 0 (-152 -520 283.312012 ) (-464 -520 208.001724 ) (-464 -568 208.001633 ) (-152 -568 283.311951 ) 
4 445 520 0 (-464 -568 224 ) (-464 -520 224 ) (-464 -520 208 ) (-464 -568 208 ) 
4 446 449 0 (-232 -600 256 ) (-463.997040 -600 224 ) (-463.998505 -584 224 ) (-232 -584 256 ) 
4 446 447 0 (0 -600 288 ) (-232 -600 256 ) (-232 -584 256 ) (0 -584 288 ) 
3 446 450 0 (0 -600 288 ) (0 -600 336 ) (-464 -600 224 ) 
4 447 449 0 (-152 -600 256 ) (-231.996109 -600 256 ) (-231.996109 -584 256 ) (-152 -584 256 ) 
4 447 448 0 (-116.005989 -600 256 ) (-136 -600 256 ) (-136 -584 256 ) (-116.001900 -584 256 ) 
4 447 450 0 (-115.945351 -600 256 ) (0 -600 271.992462 ) (0 -600 288 ) (-231.997345 -600 256 ) 
3 448 450 0 (-136 -600 253.233841 ) (-115.945351 -600 256 ) (-136 -600 256 ) 
4 449 520 0 (-464 -600 224 ) (-464 -584 224 ) (-464 -584 208 ) (-464 -600 208 ) 
5 449 450 0 (-464 -600 207.992462 ) (-152 -600 251.026947 ) (-152 -600 256 ) (-231.997345 -600 256 ) (-464 -600 224 ) 
4 450 451 0 (-464 -632 207.992462 ) (0 -632 271.992462 ) (0 -632 320 ) (-464 -632 208 ) 
4 450 520 0 (-464 -632 224 ) (-464 -600 224 ) (-464 -600 208 ) (-464 -632 208 ) 
3 451 452 0 (0 -640 288 ) (0 -640 320 ) (-309.333435 -640 245.333328 ) 
3 452 453 0 (0 -648 288 ) (0 -648 336 ) (-464 -648 224 ) 
4 453 454 0 (-464 -688 207.992462 ) (0 -688 271.992462 ) (0 -688 320 ) (-464 -688 208 ) 
4 453 520 0 (-464 -688 224 ) (-464 -648 224 ) (-464 -648 208 ) (-464 -688 208 ) 
3 454 455 0 (0 -696 288 ) (0 -696 320 ) (-309.333435 -696 245.333328 ) 
4 455 515 0 (-424 -704 233.647369 ) (-440 -704 229.785294 ) (-440 -704 227.310333 ) (-424 -704 229.517227 ) 
4 455 514 0 (0 -704 335.992218 ) (-424 -704 233.647369 ) (-424 -704 229.517227 ) (0 -704 288 ) 
3 455 518 0 (-440 -704 229.785294 ) (-463.924652 -704 224.010376 ) (-440 -704 227.310333 ) 
4 456 521 0 (-80 0 0 ) (0 0 0 ) (0 -232 0 ) (-80 -232 0 ) 
4 456 475 0 (-80 -232 0 ) (0 -232 0 ) (0 -232 200 ) (-80 -232 200 ) 
4 456 463 0 (-80 -208 0 ) (-80 -232 0 ) (-80 -232 200 ) (-80 -208 200 ) 
4 456 461 0 (-80 -104 0 ) (-80 -208 0 ) (-80 -208 200 ) (-80 -104 200 ) 
4 456 457 0 (-80 0 0 ) (-80 -80 0 ) (-80 -80 200 ) (-80 0 200 ) 
4 457 521 0 (-144 0 0 ) (-80 0 0 ) (-80 -80 0 ) (-144 -80 0 ) 
4 457 459 0 (-88 -80 200 ) (-144 -80 200 ) (-144 -80 8 ) (-88 -80 8 ) 
4 457 458 0 (-144 -80 8 ) (-144 -80 200 ) (-144 -8 200 ) (-144 -8 8 ) 
4 458 460 0 (-160 -80 8 ) (-152 -80 8 ) (-152 -80 200 ) (-160 -80 200 ) 
4 461 521 0 (-80 -104 0 ) (-80 -208 0 ) (-168 -208 0 ) (-168 -104 0 ) 
4 461 463 0 (-128 -208 0 ) (-80 -208 0 ) (-80 -208 200 ) (-128 -208 200 ) 
4 461 462 0 (-168 -104 0 ) (-168 -208 0 ) (-168 -208 200 ) (-168 -104 200 ) 
4 462 521 0 (-296 0 0 ) (-168 0 0 ) (-168 -208 0 ) (-296 -208 0 ) 
4 462 469 0 (-296 -72 200 ) (-296 -16 200 ) (-296 -16 8 ) (-296 -72 8 ) 
4 462 470 0 (-296 -136 200 ) (-296 -80 200 ) (-296 -80 8 ) (-296 -136 8 ) 
4 462 468 0 (-296 -8 200 ) (-296 0 200 ) (-296 0 8 ) (-296 -8 8 ) 
4 462 471 0 (-296 -208 8 ) (-296 -208 200 ) (-296 -144 200 ) (-296 -144 8 ) 
4 462 464 0 (-296 -208 200 ) (-296 -208 0 ) (-288 -208 0 ) (-288 -208 200 ) 
4 463 521 0 (-80 -208 0 ) (-80 -232 0 ) (-128 -232 0 ) (-128 -208 0 ) 
4 463 475 0 (-128 -232 0 ) (-80 -232 0 ) (-80 -232 200 ) (-128 -232 200 ) 
4 464 521 0 (-296 -216 0 ) (-296 -208 0 ) (-288 -208 0 ) (-288 -216 0 ) 
4 464 471 0 (-296 -216 8 ) (-296 -216 200 ) (-296 -208 200 ) (-296 -208 8 ) 
4 464 467 0 (-296 -216 200 ) (-296 -216 8 ) (-288 -216 8 ) (-288 -216 200 ) 
4 465 485 0 (-152 -232 8 ) (-152 -232 200 ) (-184 -232 200 ) (-184 -232 8 ) 
4 466 485 0 (-192 -232 200 ) (-248 -232 200 ) (-248 -232 8 ) (-192 -232 8 ) 
4 467 485 0 (-256 -232 200 ) (-296 -232 200 ) (-296 -232 8 ) (-256 -232 8 ) 
4 467 471 0 (-296 -232 8 ) (-296 -232 200 ) (-296 -216 200 ) (-296 -216 8 ) 
4 468 472 0 (-312 -8 200 ) (-312 0 200 ) (-312 0 8 ) (-312 -8 8 ) 
4 469 472 0 (-312 -72 200 ) (-312 -16 200 ) (-312 -16 8 ) (-312 -72 8 ) 
4 470 472 0 (-312 -136 200 ) (-312 -80 200 ) (-312 -80 8 ) (-312 -136 8 ) 
4 471 485 0 (-296 -232 8 ) (-296 -232 200 ) (-312 -232 200 ) (-312 -232 8 ) 
4 471 472 0 (-312 -216 200 ) (-312 -144 200 ) (-312 -144 8 ) (-312 -216 8 ) 
4 472 521 0 (-424 0 0 ) (-312 0 0 ) (-312 -216 0 ) (-424 -216 0 ) 
4 472 498 0 (-424 -176 200 ) (-424 -168 200 ) (-424 -168 8 ) (-424 -176 8 ) 
4 472 497 0 (-424 -160 200 ) (-424 -96 200 ) (-424 -96 8 ) (-424 -160 8 ) 
4 472 499 0 (-424 -216 8 ) (-424 -216 200 ) (-424 -184 200 ) (-424 -184 8 ) 
4 472 496 0 (-424 -88 200 ) (-424 -32 200 ) (-424 -32 8 ) (-424 -88 8 ) 
4 472 495 0 (-424 -24 200 ) (-424 0 200 ) (-424 0 8 ) (-424 -24 8 ) 
4 472 474 0 (-424 -216 200 ) (-424 -216 8 ) (-384 -216 8 ) (-384 -216 200 ) 
4 472 473 0 (-376 -216 8 ) (-320 -216 8 ) (-320 -216 200 ) (-376 -216 200 ) 
4 473 485 0 (-376 -232 8 ) (-320 -232 8 ) (-320 -232 200 ) (-376 -232 200 ) 
4 474 499 0 (-424 -232 8 ) (-424 -232 200 ) (-424 -216 200 ) (-424 -216 8 ) 
4 474 485 0 (-424 -232 200 ) (-424 -232 8 ) (-384 -232 8 ) (-384 -232 200 ) 
4 475 521 0 (0 -232 0 ) (0 -600 0 ) (-128 -600 0 ) (-128 -232 0 ) 
4 475 484 0 (-128 -600 0 ) (0 -600 0 ) (0 -600 200 ) (-128 -600 200 ) 
4 476 485 0 (-152 -240 8 ) (-152 -256 8 ) (-152 -256 200 ) (-152 -240 200 ) 
4 477 485 0 (-152 -264 8 ) (-152 -320 8 ) (-152 -320 200 ) (-152 -264 200 ) 
4 478 485 0 (-152 -328 8 ) (-152 -344 8 ) (-152 -344 200 ) (-152 -328 200 ) 
4 478 479 0 (-152 -344 200 ) (-152 -344 8 ) (-144 -344 8 ) (-144 -344 200 ) 
4 479 486 0 (-152 -344 8 ) (-152 -360 8 ) (-152 -360 200 ) (-152 -344 200 ) 
4 479 480 0 (-152 -360 200 ) (-152 -360 8 ) (-144 -360 8 ) (-144 -360 200 ) 
4 480 492 0 (-152 -360 8 ) (-152 -384 8 ) (-152 -384 200 ) (-152 -360 200 ) 
4 481 492 0 (-152 -392 8 ) (-152 -456 8 ) (-152 -456 200 ) (-152 -392 200 ) 
4 482 492 0 (-152 -464 8 ) (-152 -520 8 ) (-152 -520 200 ) (-152 -464 200 ) 
4 483 492 0 (-152 -528 8 ) (-152 -592 8 ) (-152 -592 200 ) (-152 -528 200 ) 
4 484 521 0 (0 -600 0 ) (0 -704 0 ) (-152 -704 0 ) (-152 -600 0 ) 
4 484 514 0 (-152 -704 0 ) (0 -704 0 ) (0 -704 200 ) (-152 -704 200 ) 
4 484 492 0 (-152 -600 0 ) (-152 -704 0 ) (-152 -704 200 ) (-152 -600 200 ) 
4 485 521 0 (-424 -344 0 ) (-424 -232 0 ) (-152 -232 0 ) (-152 -344 0 ) 
4 485 499 0 (-424 -240 200 ) (-424 -232 200 ) (-424 -232 8 ) (-424 -240 8 ) 
4 485 500 0 (-424 -304 200 ) (-424 -248 200 ) (-424 -248 8 ) (-424 -304 8 ) 
4 485 501 0 (-424 -344 8 ) (-424 -344 200 ) (-424 -312 200 ) (-424 -312 8 ) 
4 485 491 0 (-408 -344 0 ) (-320 -344 0 ) (-320 -344 8 ) (-408 -344 8 ) 
4 485 490 0 (-424 -344 200 ) (-424 -344 8 ) (-416 -344 8 ) (-416 -344 200 ) 
4 485 489 0 (-408 -344 8 ) (-320 -344 8 ) (-320 -344 200 ) (-408 -344 200 ) 
4 485 488 0 (-312 -344 8 ) (-256 -344 8 ) (-256 -344 200 ) (-312 -344 200 ) 
4 485 487 0 (-248 -344 8 ) (-192 -344 8 ) (-192 -344 200 ) (-248 -344 200 ) 
4 485 486 0 (-184 -344 8 ) (-152 -344 8 ) (-152 -344 200 ) (-184 -344 200 ) 
4 486 492 0 (-184 -360 8 ) (-152 -360 8 ) (-152 -360 200 ) (-184 -360 200 ) 
4 487 492 0 (-248 -360 8 ) (-192 -360 8 ) (-192 -360 200 ) (-248 -360 200 ) 
4 488 492 0 (-312 -360 8 ) (-256 -360 8 ) (-256 -360 200 ) (-312 -360 200 ) 
4 489 492 0 (-408 -360 8 ) (-320 -360 8 ) (-320 -360 200 ) (-408 -360 200 ) 
4 489 491 0 (-320 -360 8 ) (-408 -360 8 ) (-408 -344 8 ) (-320 -344 8 ) 
4 490 502 0 (-424 -360 8 ) (-424 -360 200 ) (-424 -344 200 ) (-424 -344 8 ) 
4 491 521 0 (-408 -344 0 ) (-320 -344 0 ) (-320 -360 0 ) (-408 -360 0 ) 
4 491 492 0 (-408 -360 0 ) (-320 -360 0 ) (-320 -360 8 ) (-408 -360 8 ) 
4 492 521 0 (-152 -704 0 ) (-416 -704 0 ) (-416 -360 0 ) (-152 -360 0 ) 
4 492 514 0 (-416 -704 0 ) (-152 -704 0 ) (-152 -704 200 ) (-416 -704 200 ) 
4 492 493 0 (-416 -664 64 ) (-416 -664 168 ) (-416 -504 168 ) (-416 -504 64 ) 
4 492 494 0 (-416 -696 0 ) (-416 -704 0 ) (-416 -704 200 ) (-416 -696 200 ) 
4 493 504 0 (-424 -632 168 ) (-424 -504 168 ) (-424 -504 64 ) (-424 -632 64 ) 
4 493 507 0 (-424 -664 64 ) (-424 -664 168 ) (-424 -632 168 ) (-424 -632 64 ) 
4 494 521 0 (-416 -704 0 ) (-424 -704 0 ) (-424 -696 0 ) (-416 -696 0 ) 
4 494 514 0 (-424 -704 0 ) (-416 -704 0 ) (-416 -704 200 ) (-424 -704 200 ) 
4 494 508 0 (-424 -704 8 ) (-424 -704 200 ) (-424 -696 200 ) (-424 -696 8 ) 
4 495 509 0 (-440 -24 200 ) (-440 0 200 ) (-440 0 8 ) (-440 -24 8 ) 
4 496 509 0 (-440 -88 200 ) (-440 -32 200 ) (-440 -32 8 ) (-440 -88 8 ) 
4 497 509 0 (-440 -160 200 ) (-440 -96 200 ) (-440 -96 8 ) (-440 -160 8 ) 
4 501 502 0 (-432 -344 8 ) (-424 -344 8 ) (-424 -344 200 ) (-432 -344 200 ) 
4 502 503 0 (-432 -360 8 ) (-424 -360 8 ) (-424 -360 200 ) (-432 -360 200 ) 
4 504 511 0 (-440 -504 168 ) (-440 -504 64 ) (-440 -632 64 ) (-440 -632 168 ) 
4 504 506 0 (-440 -624 64 ) (-440 -568 64 ) (-424 -568 64 ) (-424 -624 64 ) 
4 504 505 0 (-440 -560 64 ) (-440 -504 64 ) (-424 -504 64 ) (-424 -560 64 ) 
4 504 507 0 (-440 -632 200 ) (-440 -632 64 ) (-424 -632 64 ) (-424 -632 200 ) 
4 507 511 0 (-440 -632 168 ) (-440 -632 64 ) (-440 -664 64 ) (-440 -664 168 ) 
4 508 516 0 (-424 -704 8 ) (-424 -704 200 ) (-432 -704 200 ) (-432 -704 8 ) 
4 508 512 0 (-440 -704 8 ) (-440 -704 200 ) (-440 -672 200 ) (-440 -672 8 ) 
4 509 510 0 (-448 -168 8 ) (-448 0 8 ) (-440 0 8 ) (-440 -168 8 ) 
4 509 513 0 (-448 -168 200 ) (-448 0 200 ) (-448 0 8 ) (-448 -168 8 ) 
4 510 521 0 (-448 0 0 ) (-440 0 0 ) (-440 -184 0 ) (-448 -184 0 ) 
4 510 513 0 (-448 0 0 ) (-448 -184 0 ) (-448 -184 8 ) (-448 0 8 ) 
4 511 512 0 (-448 -664 168 ) (-448 -664 64 ) (-440 -664 64 ) (-440 -664 168 ) 
4 511 513 0 (-448 -664 64 ) (-448 -664 168 ) (-448 -504 168 ) (-448 -504 64 ) 
4 512 521 0 (-440 -664 0 ) (-440 -704 0 ) (-448 -704 0 ) (-448 -664 0 ) 
4 512 518 0 (-448 -704 0 ) (-440 -704 0 ) (-440 -704 200 ) (-448 -704 200 ) 
4 512 513 0 (-448 -664 0 ) (-448 -704 0 ) (-448 -704 200 ) (-448 -664 200 ) 
4 513 521 0 (-464 -704 0 ) (-464 0 0 ) (-448 0 0 ) (-448 -704 0 ) 
4 513 518 0 (-464 -704 200 ) (-464 -704 0 ) (-448 -704 0 ) (-448 -704 200 ) 
4 513 520 0 (-464 0 0 ) (-464 -704 0 ) (-464 -704 200 ) (-464 0 200 ) 
4 514 521 0 (-424 -704 0 ) (0 -704 0 ) (0 -736 0 ) (-424 -736 0 ) 
4 514 516 0 (-424 -704 200 ) (-424 -704 8 ) (-424 -720 8 ) (-424 -720 200 ) 
4 514 517 0 (-424 -720 8 ) (-424 -736 8 ) (-424 -736 200 ) (-424 -720 200 ) 
4 514 515 0 (-424 -704 233.656250 ) (-424 -704 208 ) (-424 -736 208 ) (-424 -736 233.656250 ) 
4 514 519 0 (0 -736 335.992218 ) (-424 -736 233.647369 ) (-424 -736 0 ) (0 -736 0 ) 
4 515 519 0 (-424 -736 233.647369 ) (-440 -736 229.785294 ) (-440 -736 208 ) (-424 -736 208 ) 
4 515 518 0 (-440 -704 229.789062 ) (-440 -704 208 ) (-440 -736 208 ) (-440 -736 229.796875 ) 
4 516 517 0 (-432 -720 8 ) (-424 -720 8 ) (-424 -720 200 ) (-432 -720 200 ) 
4 517 519 0 (-440 -736 200 ) (-440 -736 8 ) (-424 -736 8 ) (-424 -736 200 ) 
4 517 518 0 (-440 -720 8 ) (-440 -736 8 ) (-440 -736 200 ) (-440 -720 200 ) 
4 518 521 0 (-464 -736 0 ) (-464 -704 0 ) (-440 -704 0 ) (-440 -736 0 ) 
4 518 520 0 (-464 -704 0 ) (-464 -736 0 ) (-464 -736 224 ) (-464 -704 224 ) 
4 518 519 0 (-440 -736 229.785294 ) (-464 -736 223.992188 ) (-464 -736 0 ) (-440 -736 0 ) 
4 519 523 0 (-464 -1024 0 ) (0 -1024 0 ) (0 -1024 336 ) (-464 -1024 224 ) 
4 519 521 0 (0 -1024 0 ) (-464 -1024 0 ) (-464 -736 0 ) (0 -736 0 ) 
4 519 520 0 (-464 -736 0 ) (-464 -1024 0 ) (-464 -1024 224 ) (-464 -736 224 ) 
4 520 532 0 (-1024 -1024 0 ) (-1024 -1024 1024 ) (-1024 0 1024 ) (-1024 0 0 ) 
4 520 523 0 (-1024 -1024 1024 ) (-1024 -1024 0 ) (-464 -1024 0 ) (-464 -1024 1024 ) 
4 520 521 0 (-464 -1024 0 ) (-1024 -1024 0 ) (-1024 0 0 ) (-464 0 0 ) 
4 521 533 0 (-1024 -1024 -656 ) (-1024 -1024 0 ) (-1024 0 0 ) (-1024 0 -656 ) 
4 521 524 0 (-1024 -1024 0 ) (-1024 -1024 -656 ) (0 -1024 -656 ) (0 -1024 0 ) 
4 522 534 0 (-1024 -1024 1516 ) (-1024 -1024 1024 ) (-1024 -1404 1024 ) (-1024 -1404 1516 ) 
4 522 523 0 (-1024 -1404 1024 ) (-1024 -1024 1024 ) (0 -1024 1024 ) (0 -1404 1024 ) 
4 523 535 0 (-1024 -1404 1024 ) (-1024 -1024 1024 ) (-1024 -1024 0 ) (-1024 -1404 0 ) 
4 523 524 0 (-1024 -1404 0 ) (-1024 -1024 0 ) (0 -1024 0 ) (0 -1404 0 ) 
4 524 536 0 (-1024 -1404 0 ) (-1024 -1024 0 ) (-1024 -1024 -656 ) (-1024 -1404 -656 ) 
4 525 528 0 (-1028 1024 1024 ) (-1024 1024 1024 ) (-1024 1024 1516 ) (-1028 1024 1516 ) 
4 525 526 0 (-1024 1024 1024 ) (-1028 1024 1024 ) (-1028 1560 1024 ) (-1024 1560 1024 ) 
4 526 529 0 (-1028 1024 0 ) (-1024 1024 0 ) (-1024 1024 1024 ) (-1028 1024 1024 ) 
4 526 527 0 (-1024 1024 0 ) (-1028 1024 0 ) (-1028 1560 0 ) (-1024 1560 0 ) 
4 527 530 0 (-1024 1024 -656 ) (-1024 1024 0 ) (-1028 1024 0 ) (-1028 1024 -656 ) 
4 528 531 0 (-1024 0 1024 ) (-1024 0 1516 ) (-1028 0 1516 ) (-1028 0 1024 ) 
4 528 529 0 (-1024 0 1024 ) (-1028 0 1024 ) (-1028 1024 1024 ) (-1024 1024 1024 ) 
4 529 532 0 (-1024 0 0 ) (-1024 0 1024 ) (-1028 0 1024 ) (-1028 0 0 ) 
4 529 530 0 (-1024 0 0 ) (-1028 0 0 ) (-1028 1024 0 ) (-1024 1024 0 ) 
4 530 533 0 (-1024 0 -656 ) (-1024 0 0 ) (-1028 0 0 ) (-1028 0 -656 ) 
4 531 534 0 (-1028 -1024 1024 ) (-1024 -1024 1024 ) (-1024 -1024 1516 ) (-1028 -1024 1516 ) 
4 531 532 0 (-1024 -1024 1024 ) (-1028 -1024 1024 ) (-1028 0 1024 ) (-1024 0 1024 ) 
4 532 535 0 (-1028 -1024 0 ) (-1024 -1024 0 ) (-1024 -1024 1024 ) (-1028 -1024 1024 ) 
4 532 533 0 (-1024 -1024 0 ) (-1028 -1024 0 ) (-1028 0 0 ) (-1024 0 0 ) 
4 533 536 0 (-1028 -1024 -656 ) (-1024 -1024 -656 ) (-1024 -1024 0 ) (-1028 -1024 0 ) 
4 534 535 0 (-1028 -1024 1024 ) (-1024 -1024 1024 ) (-1024 -1404 1024 ) (-1028 -1404 1024 ) 
4 535 536 0 (-1028 -1024 0 ) (-1024 -1024 0 ) (-1024 -1404 0 ) (-1028 -1404 0 ) 
4 0 (956 1560 1516 ) (956 1560 1024 ) (0 1560 1024 ) (0 1560 1516 ) 
4 0 (956 1560 1516 ) (956 1024 1516 ) (956 1024 1024 ) (956 1560 1024 ) 
4 0 (0 1024 1516 ) (956 1024 1516 ) (956 1560 1516 ) (0 1560 1516 ) 
4 1 (456 1024 16 ) (456 1024 32 ) (456 1072 32 ) (456 1072 16 ) 
4 1 (456 1072 16 ) (456 1072 32 ) (456 1088 32 ) (456 1088 16 ) 
4 1 (456 1560 1024 ) (956 1560 1024 ) (956 1560 0 ) (456 1560 0 ) 
4 1 (956 1560 1024 ) (956 1024 1024 ) (956 1024 0 ) (956 1560 0 ) 
4 2 (456 1088 16 ) (456 1088 32 ) (0 1088 32 ) (0 1088 16 ) 
4 2 (0 1560 1024 ) (456 1560 1024 ) (456 1560 0 ) (0 1560 0 ) 
4 3 (456 1072 32 ) (0 1072 32 ) (0 1088 32 ) (456 1088 32 ) 
4 4 (256 1072 8 ) (256 1072 16 ) (176 1072 16 ) (176 1072 8 ) 
4 4 (256 1072 0 ) (440 1072 0 ) (440 1072 16 ) (256 1072 16 ) 
4 4 (0 1072 0 ) (176 1072 0 ) (176 1072 16 ) (0 1072 16 ) 
4 4 (456 1088 16 ) (0 1088 16 ) (0 1072 16 ) (456 1072 16 ) 
4 5 (0 1072 32 ) (456 1072 32 ) (456 1024 32 ) (0 1024 32 ) 
4 6 (440 1024 16 ) (456 1024 16 ) (456 1072 16 ) (440 1072 16 ) 
4 6 (440 1024 16 ) (440 1072 16 ) (440 1072 0 ) (440 1024 0 ) 
4 7 (176 1072 8 ) (176 1072 0 ) (176 1024 0 ) (176 1024 8 ) 
4 7 (256 1024 8 ) (256 1024 0 ) (256 1072 0 ) (256 1072 8 ) 
4 7 (256 1024 8 ) (256 1072 8 ) (176 1072 8 ) (176 1024 8 ) 
4 8 (956 1560 0 ) (956 1024 0 ) (956 1024 -656 ) (956 1560 -656 ) 
4 8 (176 1072 0 ) (0 1072 0 ) (0 1024 0 ) (176 1024 0 ) 
4 8 (440 1072 0 ) (256 1072 0 ) (256 1024 0 ) (440 1024 0 ) 
4 8 (956 1024 -656 ) (0 1024 -656 ) (0 1560 -656 ) (956 1560 -656 ) 
4 8 (0 1560 0 ) (956 1560 0 ) (956 1560 -656 ) (0 1560 -656 ) 
4 9 (956 0 1516 ) (956 0 1024 ) (956 1024 1024 ) (956 1024 1516 ) 
4 9 (0 0 1516 ) (956 0 1516 ) (956 1024 1516 ) (0 1024 1516 ) 
4 10 (464 0 208 ) (464 0 224 ) (464 8 224 ) (464 8 208 ) 
4 10 (464 56 224 ) (464 64 224 ) (464 64 208 ) (464 56 208 ) 
4 10 (464 64 224 ) (464 72 224 ) (464 72 208 ) (464 64 208 ) 
4 10 (464 120 224 ) (464 128 224 ) (464 128 208 ) (464 120 208 ) 
4 10 (464 128 224 ) (464 136 224 ) (464 136 208 ) (464 128 208 ) 
4 10 (464 184 224 ) (464 192 224 ) (464 192 208 ) (464 184 208 ) 
4 10 (464 192 224 ) (464 200 224 ) (464 200 208 ) (464 192 208 ) 
4 10 (464 248 224 ) (464 256 224 ) (464 256 208 ) (464 248 208 ) 
4 10 (464 256 224 ) (464 264 224 ) (464 264 208 ) (464 256 208 ) 
4 10 (464 312 224 ) (464 320 224 ) (464 320 208 ) (464 312 208 ) 
4 10 (464 320 224 ) (464 328 224 ) (464 328 208 ) (464 320 208 ) 
4 10 (464 376 224 ) (464 384 224 ) (464 384 208 ) (464 376 208 ) 
4 10 (464 384 224 ) (464 392 224 ) (464 392 208 ) (464 384 208 ) 
4 10 (464 440 224 ) (464 448 224 ) (464 448 208 ) (464 440 208 ) 
4 10 (464 448 224 ) (464 456 224 ) (464 456 208 ) (464 448 208 ) 
4 10 (464 504 224 ) (464 512 224 ) (464 512 208 ) (464 504 208 ) 
4 10 (464 512 224 ) (464 520 224 ) (464 520 208 ) (464 512 208 ) 
4 10 (464 568 224 ) (464 576 224 ) (464 576 208 ) (464 568 208 ) 
4 10 (464 576 224 ) (464 584 224 ) (464 584 208 ) (464 576 208 ) 
4 10 (464 632 224 ) (464 640 224 ) (464 640 208 ) (464 632 208 ) 
4 10 (464 640 224 ) (464 648 224 ) (464 648 208 ) (464 640 208 ) 
4 10 (464 688 224 ) (464 696 224 ) (464 696 208 ) (464 688 208 ) 
4 10 (464 696 224 ) (464 704 224 ) (464 704 208 ) (464 696 208 ) 
4 10 (956 1024 1024 ) (956 0 1024 ) (956 0 0 ) (956 1024 0 ) 
4 11 (464 8 224.001373 ) (464 0 224.001373 ) (0 0 336.001465 ) (0 8 336.001465 ) 
4 11 (464 72 224.001373 ) (464 64 224.001373 ) (0 64 336.001465 ) (0 72 336.001465 ) 
4 11 (464 136 224.001373 ) (464 128 224.001373 ) (0 128 336.001465 ) (0 136 336.001465 ) 
4 11 (464 200 224.001373 ) (464 192 224.001373 ) (0 192 336.001465 ) (0 200 336.001465 ) 
4 11 (464 264 224.001373 ) (464 256 224.001373 ) (0 256 336.001465 ) (0 264 336.001465 ) 
4 11 (464 328 224.001373 ) (464 320 224.001373 ) (0 320 336.001465 ) (0 328 336.001465 ) 
4 11 (464 392 224.001373 ) (464 384 224.001373 ) (0 384 336.001465 ) (0 392 336.001465 ) 
4 11 (464 456 224.001373 ) (464 448 224.001373 ) (0 448 336.001434 ) (0 456 336.001434 ) 
4 11 (464 520 224.001373 ) (464 512 224.001373 ) (0 512 336.001434 ) (0 520 336.001434 ) 
4 11 (464 584 224.001373 ) (464 576 224.001373 ) (0 576 336.001434 ) (0 584 336.001434 ) 
4 11 (464 648 224.001373 ) (464 640 224.001373 ) (0 640 336.001434 ) (0 648 336.001434 ) 
4 11 (464 704 224.001373 ) (464 696 224.001373 ) (0 696 336.001434 ) (0 704 336.001434 ) 
4 12 (58.002422 56 264 ) (58.002422 64 264 ) (0 64 272 ) (0 56 272 ) 
4 12 (58.002411 120 264 ) (58.002411 128 264 ) (0 128 272 ) (0 120 272 ) 
4 12 (58.002399 184 264 ) (58.002399 192 264 ) (0 192 272 ) (0 184 272 ) 
4 12 (58.002388 248 264 ) (58.002388 256 264 ) (0 256 272 ) (0 248 272 ) 
4 12 (58.002373 312 264 ) (58.002373 320 264 ) (0 320 272 ) (0 312 272 ) 
4 12 (58.002357 376 264 ) (58.002357 384 264 ) (0 384 272 ) (0 376 272 ) 
4 12 (58.002346 440 264 ) (58.002346 448 264 ) (0 448 272 ) (0 440 272 ) 
4 12 (58.002335 504 264 ) (58.002335 512 264 ) (0 512 272 ) (0 504 272 ) 
4 12 (58.002323 568 264 ) (58.002323 576 264 ) (0 576 272 ) (0 568 272 ) 
4 12 (58.002312 632 264 ) (58.002312 640 264 ) (0 640 272 ) (0 632 272 ) 
4 12 (58.002304 688 264 ) (58.002300 696 264 ) (0 696 272 ) (0 688 272 ) 
4 12 (8 32 264 ) (40 32 264 ) (40 24 264 ) (8 24 264 ) 
4 12 (48 0 264 ) (40 0 264 ) (40 32 264 ) (48 32 264 ) 
4 12 (16 32 264 ) (8 32 264 ) (8 168 264 ) (16 168 264 ) 
4 13 (464 184 208 ) (464 192 208 ) (58.002399 192 264 ) (58.002399 184 264 ) 
4 13 (464 248 208 ) (464 256 208 ) (58.002388 256 264 ) (58.002388 248 264 ) 
4 13 (464 312 208 ) (464 320 208 ) (58.002373 320 264 ) (58.002373 312 264 ) 
4 13 (464 376 208 ) (464 384 208 ) (58.002357 384 264 ) (58.002357 376 264 ) 
4 13 (464 440 208 ) (464 448 208 ) (58.002346 448 264 ) (58.002346 440 264 ) 
4 13 (464 504 208 ) (464 512 208 ) (58.002335 512 264 ) (58.002335 504 264 ) 
4 13 (464 568 208 ) (464 576 208 ) (58.002323 576 264 ) (58.002323 568 264 ) 
4 13 (464 632 208 ) (464 640 208 ) (58.002312 640 264 ) (58.002312 632 264 ) 
4 13 (464 688 208 ) (464 696 208 ) (58.002300 696 264 ) (58.002304 688 264 ) 
4 13 (416 168 208 ) (16 168 208 ) (16 184 208 ) (416 184 208 ) 
4 13 (16 168 208 ) (8 168 208 ) (8 184 208 ) (16 184 208 ) 
4 13 (8 168 208 ) (0 168 208 ) (0 184 208 ) (8 184 208 ) 
4 13 (440 184 208 ) (440 168 208 ) (416 168 208 ) (416 184 208 ) 
4 13 (440 680 208 ) (440 184 208 ) (424 184 208 ) (424 680 208 ) 
4 13 (440 696 208 ) (440 680 208 ) (128 680 208 ) (128 696 208 ) 
4 13 (144 744 208 ) (144 696 208 ) (128 696 208 ) (128 744 208 ) 
4 13 (144 760 208 ) (144 744 208 ) (0 744 208 ) (0 760 208 ) 
4 13 (8 168 208 ) (16 168 208 ) (16 168 264 ) (8 168 264 ) 
5 13 (16 168 208 ) (416 168 208 ) (416 168 214.620819 ) (339.095306 168 225.228561 ) (16 168 264 ) 
4 14 (464 56 208 ) (464 64 208 ) (416 64 214.621017 ) (416 56 214.621017 ) 
4 14 (464 120 208 ) (464 128 208 ) (416 128 214.621017 ) (416 120 214.621017 ) 
4 14 (440 32 208 ) (416 32 208 ) (416 168 208 ) (440 168 208 ) 
4 14 (416 168 214.620682 ) (416 168 208 ) (416 160 208 ) (416 160 214.620682 ) 
4 15 (338.963593 160 225.246399 ) (16.012970 160 264 ) (16.012970 168 264 ) (338.963593 168 225.246399 ) 
4 16 (58.002419 64 264 ) (58.002419 56 264 ) (416 56 214.621017 ) (416 64 214.621017 ) 
4 16 (58.002407 128 264 ) (58.002407 120 264 ) (416 120 214.621017 ) (416 128 214.621017 ) 
4 16 (16 32 208 ) (40 32 208 ) (40 32 264 ) (16 32 264 ) 
4 16 (40 32 208 ) (48 32 208 ) (48 32 264 ) (40 32 264 ) 
4 16 (16 160 208 ) (16 32 208 ) (16 32 264 ) (16 160 264 ) 
5 16 (339.075867 160 225.230911 ) (416 160 214.620682 ) (416 160 208 ) (16 160 208 ) (16 160 264 ) 
4 17 (8 128 224 ) (8 120 224 ) (0 120 224 ) (0 128 224 ) 
4 17 (8 64 224 ) (8 56 224 ) (0 56 224 ) (0 64 224 ) 
4 17 (8 32 264 ) (8 32 224 ) (8 168 224 ) (8 168 264 ) 
4 18 (0 128 208 ) (0 168 208 ) (8 168 208 ) (8 128 208 ) 
4 18 (0 128 208 ) (8 128 208 ) (8 128 224 ) (0 128 224 ) 
4 18 (8 128 224 ) (8 128 208 ) (8 168 208 ) (8 168 224 ) 
4 19 (0 64 208 ) (0 120 208 ) (8 120 208 ) (8 64 208 ) 
4 19 (0 64 208 ) (8 64 208 ) (8 64 224 ) (0 64 224 ) 
4 19 (8 120 224 ) (8 64 224 ) (8 64 208 ) (8 120 208 ) 
4 19 (0 120 224 ) (8 120 224 ) (8 120 208 ) (0 120 208 ) 
4 20 (8 32 208 ) (0 32 208 ) (0 56 208 ) (8 56 208 ) 
4 20 (0 56 224 ) (8 56 224 ) (8 56 208 ) (0 56 208 ) 
4 20 (8 56 224 ) (8 32 224 ) (8 32 208 ) (8 56 208 ) 
4 21 (440 0 208 ) (416 0 208 ) (416 32 208 ) (440 32 208 ) 
4 21 (48 32 264 ) (48 32 208 ) (48 0 208 ) (48 0 264 ) 
4 22 (0 24 208 ) (0 32 208 ) (8 32 208 ) (8 24 208 ) 
4 22 (8 24 264 ) (8 24 208 ) (8 32 208 ) (8 32 264 ) 
4 23 (0 0 224 ) (0 0 208 ) (40 0 208 ) (40 0 224 ) 
4 23 (40 0 208 ) (0 0 208 ) (0 24 208 ) (40 24 208 ) 
4 23 (8 24 264 ) (40 24 264 ) (40 24 208 ) (8 24 208 ) 
4 23 (40 24 264 ) (40 0 264 ) (40 0 208 ) (40 24 208 ) 
4 24 (448 0 200 ) (440 0 200 ) (440 40 200 ) (448 40 200 ) 
4 24 (440 40 200 ) (440 672 200 ) (448 672 200 ) (448 40 200 ) 
4 24 (448 672 200 ) (440 672 200 ) (440 704 200 ) (448 704 200 ) 
4 24 (440 32 200 ) (440 0 200 ) (440 0 208 ) (440 32 208 ) 
4 24 (440 184 200 ) (440 32 200 ) (440 32 208 ) (440 184 208 ) 
4 24 (440 680 200 ) (440 184 200 ) (440 184 208 ) (440 680 208 ) 
4 24 (440 696 200 ) (440 680 200 ) (440 680 208 ) (440 696 208 ) 
4 25 (152 696 200 ) (144 696 200 ) (144 736 200 ) (152 736 200 ) 
4 25 (144 736 200 ) (144 768 200 ) (152 768 200 ) (152 736 200 ) 
4 25 (192 696 200 ) (152 696 200 ) (152 704 200 ) (192 704 200 ) 
4 25 (440 704 200 ) (440 696 200 ) (376 696 200 ) (376 704 200 ) 
4 25 (144 696 200 ) (440 696 200 ) (440 696 208 ) (144 696 208 ) 
4 25 (144 744 200 ) (144 696 200 ) (144 696 208 ) (144 744 208 ) 
4 25 (144 760 200 ) (144 744 200 ) (144 744 208 ) (144 760 208 ) 
4 26 (144 768 200 ) (144 760 200 ) (0 760 200 ) (0 768 200 ) 
4 26 (0 760 200 ) (144 760 200 ) (144 760 208 ) (0 760 208 ) 
4 27 (0 696 208 ) (0 744 208 ) (0 744 200 ) (0 696 200 ) 
4 27 (128 696 200 ) (120 696 200 ) (120 736 200 ) (128 736 200 ) 
4 27 (8 696 200 ) (0 696 200 ) (0 736 200 ) (8 736 200 ) 
4 27 (0 736 200 ) (0 744 200 ) (128 744 200 ) (128 736 200 ) 
4 27 (0 744 208 ) (128 744 208 ) (128 744 200 ) (0 744 200 ) 
4 27 (128 696 208 ) (128 696 200 ) (128 744 200 ) (128 744 208 ) 
4 28 (0 680 208 ) (0 696 208 ) (0 696 200 ) (0 680 200 ) 
4 28 (128 680 200 ) (120 680 200 ) (120 696 200 ) (128 696 200 ) 
4 28 (8 680 200 ) (0 680 200 ) (0 696 200 ) (8 696 200 ) 
4 28 (128 680 208 ) (128 680 200 ) (128 696 200 ) (128 696 208 ) 
4 29 (8 184 200 ) (0 184 200 ) (0 192 200 ) (8 192 200 ) 
4 29 (264 184 200 ) (8 184 200 ) (8 192 200 ) (264 192 200 ) 
4 29 (408 184 200 ) (264 184 200 ) (264 192 200 ) (408 192 200 ) 
4 29 (416 184 200 ) (408 184 200 ) (408 192 200 ) (416 192 200 ) 
4 29 (424 184 200 ) (416 184 200 ) (416 672 200 ) (424 672 200 ) 
4 29 (120 680 200 ) (152 680 200 ) (152 672 200 ) (120 672 200 ) 
4 29 (0 672 200 ) (0 680 200 ) (8 680 200 ) (8 672 200 ) 
4 29 (152 680 200 ) (192 680 200 ) (192 672 200 ) (152 672 200 ) 
4 29 (376 680 200 ) (424 680 200 ) (424 672 200 ) (376 672 200 ) 
4 29 (16 184 200 ) (416 184 200 ) (416 184 208 ) (16 184 208 ) 
4 29 (8 184 200 ) (16 184 200 ) (16 184 208 ) (8 184 208 ) 
4 29 (0 184 200 ) (8 184 200 ) (8 184 208 ) (0 184 208 ) 
4 29 (416 184 200 ) (424 184 200 ) (424 184 208 ) (416 184 208 ) 
4 29 (128 680 208 ) (424 680 208 ) (424 680 200 ) (128 680 200 ) 
4 29 (424 184 208 ) (424 184 200 ) (424 680 200 ) (424 680 208 ) 
4 30 (16 32 200 ) (48 32 200 ) (48 32 208 ) (16 32 208 ) 
4 30 (16 160 200 ) (16 32 200 ) (16 32 208 ) (16 160 208 ) 
4 30 (416 160 208 ) (416 32 208 ) (416 32 200 ) (416 160 200 ) 
4 30 (416 160 208 ) (416 160 200 ) (16 160 200 ) (16 160 208 ) 
4 31 (48 32 208 ) (48 32 200 ) (48 24 200 ) (48 24 208 ) 
4 31 (48 24 200 ) (48 0 200 ) (48 0 208 ) (48 24 208 ) 
4 31 (416 0 208 ) (416 0 200 ) (416 32 200 ) (416 32 208 ) 
5 32 (463.953552 704 208.011230 ) (464 704 208.004822 ) (464 704 224 ) (0 704 336 ) (0 704 320 ) 
4 33 (0 696 272.004791 ) (463.953552 696 208.011230 ) (309.333557 696 245.333298 ) (0 696 288 ) 
4 33 (464 704 208.001617 ) (0 704 320.001617 ) (0 696 320.001617 ) (464 696 208.001724 ) 
4 34 (309.333557 696 245.333298 ) (0 696 320 ) (0 696 336 ) (464 696 224 ) 
4 34 (464 688 224 ) (0 688 288 ) (0 696 288 ) (463.997040 696 224 ) 
5 35 (463.953552 648 208.011230 ) (464 648 208.004822 ) (464 648 224 ) (0 648 336 ) (0 648 320 ) 
4 35 (0 688 288 ) (464 688 224 ) (464 688 208.004822 ) (0 688 272.004791 ) 
4 36 (0 640 272.004791 ) (463.953552 640 208.011230 ) (309.333557 640 245.333298 ) (0 640 288 ) 
4 36 (464 648 208.001617 ) (0 648 320.001617 ) (0 640 320.001617 ) (464 640 208.001724 ) 
4 37 (309.333557 640 245.333298 ) (0 640 320 ) (0 640 336 ) (464 640 224 ) 
4 37 (464 632 224 ) (0 632 288 ) (0 640 288 ) (463.997040 640 224 ) 
5 38 (463.953552 584 208.011230 ) (464 584 208.004822 ) (464 584 224 ) (0 584 336 ) (0 584 320 ) 
4 38 (0 632 288 ) (464 632 224 ) (464 632 208.004822 ) (0 632 272.004791 ) 
4 39 (0 576 272.004791 ) (463.953552 576 208.011230 ) (309.333557 576 245.333298 ) (0 576 288 ) 
4 39 (464 584 208.001617 ) (0 584 320.001617 ) (0 576 320.001617 ) (464 576 208.001724 ) 
4 40 (309.333557 576 245.333298 ) (0 576 320 ) (0 576 336 ) (464 576 224 ) 
4 40 (464 568 224 ) (0 568 288 ) (0 576 288 ) (463.997040 576 224 ) 
5 41 (463.953552 520 208.011230 ) (464 520 208.004822 ) (464 520 224 ) (0 520 336 ) (0 520 320 ) 
4 41 (0 568 288 ) (464 568 224 ) (464 568 208.004822 ) (0 568 272.004791 ) 
4 42 (0 512 272.004791 ) (463.953552 512 208.011230 ) (309.333557 512 245.333298 ) (0 512 288 ) 
4 42 (464 520 208.001617 ) (0 520 320.001617 ) (0 512 320.001617 ) (464 512 208.001724 ) 
4 43 (309.333557 512 245.333298 ) (0 512 320 ) (0 512 336 ) (464 512 224 ) 
4 43 (464 504 224 ) (0 504 288 ) (0 512 288 ) (463.997040 512 224 ) 
5 44 (463.953552 456 208.011230 ) (464 456 208.004822 ) (464 456 224 ) (0 456 336 ) (0 456 320 ) 
4 44 (0 504 288 ) (464 504 224 ) (464 504 208.004822 ) (0 504 272.004791 ) 
4 45 (0 448 272.004791 ) (463.953552 448 208.011230 ) (309.333557 448 245.333298 ) (0 448 288 ) 
4 45 (464 456 208.001617 ) (0 456 320.001617 ) (0 448 320.001617 ) (464 448 208.001724 ) 
4 46 (309.333557 448 245.333298 ) (0 448 320 ) (0 448 336 ) (464 448 224 ) 
4 46 (464 440 224 ) (0 440 288 ) (0 448 288 ) (463.997040 448 224 ) 
5 47 (463.953552 392 208.011230 ) (464 392 208.004822 ) (464 392 224 ) (0 392 336 ) (0 392 320 ) 
4 47 (0 440 288 ) (464 440 224 ) (464 440 208.004822 ) (0 440 272.004791 ) 
4 48 (0 384 272.004791 ) (463.953552 384 208.011230 ) (309.333557 384 245.333298 ) (0 384 288 ) 
4 48 (464 392 208.001617 ) (0 392 320.001617 ) (0 384 320.001617 ) (464 384 208.001724 ) 
4 49 (309.333557 384 245.333298 ) (0 384 320 ) (0 384 336 ) (464 384 224 ) 
4 49 (464 376 224 ) (0 376 288 ) (0 384 288 ) (463.997040 384 224 ) 
5 50 (463.953552 328 208.011230 ) (464 328 208.004822 ) (464 328 224 ) (0 328 336 ) (0 328 320 ) 
4 50 (0 376 288 ) (464 376 224 ) (464 376 208.004822 ) (0 376 272.004791 ) 
4 51 (0 320 272.004791 ) (463.953552 320 208.011230 ) (309.333557 320 245.333298 ) (0 320 288 ) 
4 51 (464 328 208.001617 ) (0 328 320.001617 ) (0 320 320.001617 ) (464 320 208.001724 ) 
4 52 (309.333557 320 245.333298 ) (0 320 320 ) (0 320 336 ) (464 320 224 ) 
4 52 (464 312 224 ) (0 312 288 ) (0 320 288 ) (463.997040 320 224 ) 
5 53 (463.953552 264 208.011230 ) (464 264 208.004822 ) (464 264 224 ) (0 264 336 ) (0 264 320 ) 
4 53 (0 312 288 ) (464 312 224 ) (464 312 208.004822 ) (0 312 272.004791 ) 
4 54 (0 256 272.004791 ) (463.953552 256 208.011230 ) (309.333557 256 245.333298 ) (0 256 288 ) 
4 54 (464 264 208.001617 ) (0 264 320.001617 ) (0 256 320.001617 ) (464 256 208.001724 ) 
4 55 (309.333557 256 245.333298 ) (0 256 320 ) (0 256 336 ) (464 256 224 ) 
4 55 (464 248 224 ) (0 248 288 ) (0 256 288 ) (463.997040 256 224 ) 
5 56 (463.953552 200 208.011230 ) (464 200 208.004822 ) (464 200 224 ) (0 200 336 ) (0 200 320 ) 
4 56 (0 248 288 ) (464 248 224 ) (464 248 208.004822 ) (0 248 272.004791 ) 
4 57 (0 192 272.004791 ) (463.953552 192 208.011230 ) (309.333557 192 245.333298 ) (0 192 288 ) 
4 57 (464 200 208.001617 ) (0 200 320.001617 ) (0 192 320.001617 ) (464 192 208.001724 ) 
4 58 (309.333557 192 245.333298 ) (0 192 320 ) (0 192 336 ) (464 192 224 ) 
4 58 (464 184 224 ) (0 184 288 ) (0 192 288 ) (463.997040 192 224 ) 
3 59 (339.344635 168 225.198654 ) (416 168 214.625504 ) (416 168 216 ) 
4 59 (0 184 288 ) (464 184 224 ) (464 184 208.004822 ) (0 184 272.004791 ) 
4 60 (416 168 216 ) (416 168 214.617188 ) (416 160 214.609375 ) (416 160 216 ) 
4 61 (339.019165 168 225.238678 ) (416 168 216 ) (416 160 216 ) (339.024323 160 225.238022 ) 
5 62 (463.953552 136 208.011230 ) (464 136 208.004822 ) (464 136 224 ) (0 136 336 ) (0 136 320 ) 
3 62 (416 160 216 ) (416 160 214.625504 ) (339.344635 160 225.198654 ) 
4 63 (0 128 272.004791 ) (463.953552 128 208.011230 ) (309.333557 128 245.333298 ) (0 128 288 ) 
4 63 (464 136 208.001617 ) (0 136 320.001617 ) (0 128 320.001617 ) (464 128 208.001724 ) 
4 64 (309.333557 128 245.333298 ) (0 128 320 ) (0 128 336 ) (464 128 224 ) 
4 64 (464 120 224 ) (0 120 288 ) (0 128 288 ) (463.997040 128 224 ) 
5 65 (463.953552 72 208.011230 ) (464 72 208.004822 ) (464 72 224 ) (0 72 336 ) (0 72 320 ) 
4 65 (0 120 288 ) (464 120 224 ) (464 120 208.004822 ) (0 120 272.004791 ) 
4 66 (0 64 272.004791 ) (463.953552 64 208.011230 ) (309.333557 64 245.333298 ) (0 64 288 ) 
4 66 (464 72 208.001617 ) (0 72 320.001617 ) (0 64 320.001617 ) (464 64 208.001724 ) 
4 67 (309.333557 64 245.333298 ) (0 64 320 ) (0 64 336 ) (464 64 224 ) 
4 67 (464 56 224 ) (0 56 288 ) (0 64 288 ) (463.997040 64 224 ) 
5 68 (463.953552 8 208.011230 ) (464 8 208.004822 ) (464 8 224 ) (0 8 336 ) (0 8 320 ) 
4 68 (0 56 288 ) (464 56 224 ) (464 56 208.004822 ) (0 56 272.004791 ) 
4 69 (0 0 288 ) (0 0 272 ) (464 0 208 ) (309.333344 0 245.333328 ) 
4 69 (464 8 208.001617 ) (0 8 320.001617 ) (0 0 320.001617 ) (464 0 208.001617 ) 
4 70 (152 768 200 ) (0 768 200 ) (0 768 32 ) (152 768 32 ) 
4 70 (0 1008 32 ) (0 1024 32 ) (456 1024 32 ) (456 1008 32 ) 
4 71 (456 1008 32 ) (456 1024 32 ) (456 1024 16 ) (456 1008 16 ) 
4 72 (152 768 32 ) (0 768 32 ) (0 768 16 ) (152 768 16 ) 
4 72 (0 1008 32 ) (456 1008 32 ) (456 1008 16 ) (0 1008 16 ) 
4 73 (0 768 0 ) (152 768 0 ) (152 768 16 ) (0 768 16 ) 
4 73 (0 1008 16 ) (456 1008 16 ) (456 1024 16 ) (0 1024 16 ) 
4 73 (176 1024 8 ) (176 1024 16 ) (256 1024 16 ) (256 1024 8 ) 
4 73 (256 1024 16 ) (440 1024 16 ) (440 1024 0 ) (256 1024 0 ) 
4 73 (176 1024 16 ) (176 1024 0 ) (0 1024 0 ) (0 1024 16 ) 
4 74 (376 704 200 ) (376 704 0 ) (448 704 0 ) (448 704 200 ) 
4 75 (448 704 200 ) (448 704 0 ) (448 672 0 ) (448 672 200 ) 
4 76 (192 704 8 ) (192 672 8 ) (192 672 200 ) (192 704 200 ) 
4 76 (192 680 8 ) (192 696 8 ) (376 696 8 ) (376 680 8 ) 
4 76 (376 704 8 ) (376 704 200 ) (376 672 200 ) (376 672 8 ) 
4 76 (376 696 200 ) (192 696 200 ) (192 680 200 ) (376 680 200 ) 
4 77 (192 704 0 ) (192 696 0 ) (192 696 8 ) (192 704 8 ) 
4 77 (376 704 8 ) (376 696 8 ) (376 696 0 ) (376 704 0 ) 
4 77 (376 696 0 ) (376 696 8 ) (192 696 8 ) (192 696 0 ) 
4 78 (192 680 0 ) (192 672 0 ) (192 672 8 ) (192 680 8 ) 
4 78 (192 680 0 ) (192 680 8 ) (376 680 8 ) (376 680 0 ) 
4 78 (376 680 8 ) (376 672 8 ) (376 672 0 ) (376 680 0 ) 
4 79 (152 704 24 ) (152 704 200 ) (152 736 200 ) (152 736 24 ) 
4 79 (152 736 0 ) (152 704 0 ) (152 704 24 ) (152 736 24 ) 
4 79 (152 768 200 ) (152 768 0 ) (152 736 0 ) (152 736 200 ) 
4 79 (152 704 200 ) (152 704 0 ) (192 704 0 ) (192 704 200 ) 
4 80 (8 672 40 ) (8 672 24 ) (120 672 24 ) (120 672 40 ) 
4 80 (8 736 200 ) (8 736 24 ) (8 672 24 ) (8 672 200 ) 
4 80 (120 736 24 ) (8 736 24 ) (8 736 200 ) (120 736 200 ) 
4 80 (8 736 24 ) (120 736 24 ) (120 672 24 ) (8 672 24 ) 
4 80 (120 672 200 ) (120 672 24 ) (120 736 24 ) (120 736 200 ) 
4 81 (448 40 0 ) (448 0 0 ) (448 0 48 ) (448 40 48 ) 
4 81 (448 0 160 ) (448 0 200 ) (448 40 200 ) (448 40 160 ) 
4 81 (448 672 200 ) (448 672 0 ) (448 40 0 ) (448 40 200 ) 
4 82 (448 0 160 ) (448 40 160 ) (416 40 160 ) (416 0 160 ) 
4 82 (448 40 160 ) (448 40 48 ) (416 40 48 ) (416 40 160 ) 
4 82 (416 0 48 ) (416 40 48 ) (448 40 48 ) (448 0 48 ) 
4 83 (408 192 200 ) (408 192 0 ) (416 192 0 ) (416 192 200 ) 
4 83 (408 672 200 ) (416 672 200 ) (416 672 0 ) (408 672 0 ) 
4 83 (416 192 200 ) (416 192 0 ) (416 672 0 ) (416 672 200 ) 
4 84 (408 8 0 ) (408 0 0 ) (408 0 16 ) (408 8 16 ) 
4 84 (408 152 0 ) (408 144 0 ) (408 144 16 ) (408 152 16 ) 
4 84 (408 0 16 ) (408 0 32 ) (408 152 32 ) (408 152 16 ) 
4 84 (416 40 48 ) (416 0 48 ) (416 0 0 ) (416 40 0 ) 
4 84 (416 40 160 ) (416 40 200 ) (416 0 200 ) (416 0 160 ) 
4 84 (416 160 200 ) (416 40 200 ) (416 40 0 ) (416 160 0 ) 
4 84 (416 160 200 ) (416 160 0 ) (408 160 0 ) (408 160 200 ) 
4 85 (376 672 200 ) (408 672 200 ) (408 672 0 ) (376 672 0 ) 
4 85 (264 192 200 ) (264 192 0 ) (408 192 0 ) (408 192 200 ) 
4 86 (264 154 64 ) (264 154 14 ) (407 154 14 ) (407 154 64 ) 
4 86 (408 160 200 ) (408 160 0 ) (264 160 0 ) (264 160 200 ) 
4 87 (264 149 64 ) (264 152 64 ) (407 152 64 ) (407 149 64 ) 
4 87 (264 152 64 ) (264 154 64 ) (407 154 64 ) (407 152 64 ) 
4 88 (408 152 0 ) (408 152 16 ) (407 152 16 ) (407 152 0 ) 
4 88 (408 152 16 ) (408 152 32 ) (407 152 32 ) (407 152 16 ) 
4 88 (407 152 14 ) (407 152 64 ) (407 154 64 ) (407 154 14 ) 
4 89 (264 152 14 ) (264 152 0 ) (272 152 0 ) (272 152 14 ) 
4 89 (400 152 0 ) (407 152 0 ) (407 152 14 ) (400 152 14 ) 
4 89 (264 152 14 ) (407 152 14 ) (407 154 14 ) (264 154 14 ) 
4 90 (407 152 64 ) (407 152 40 ) (407 149 40 ) (407 149 64 ) 
4 91 (352 149 40 ) (392 149 40 ) (392 120 40 ) (352 120 40 ) 
4 91 (280 149 40 ) (320 149 40 ) (320 120 40 ) (280 120 40 ) 
4 91 (264 149 64 ) (407 149 64 ) (407 149 40 ) (264 149 40 ) 
4 92 (407 152 32 ) (408 152 32 ) (408 149 32 ) (407 149 32 ) 
4 92 (407 152 32 ) (407 149 32 ) (407 149 40 ) (407 152 40 ) 
4 93 (392 149 32 ) (400 149 32 ) (400 120 32 ) (392 120 32 ) 
4 93 (407 144 32 ) (407 120 32 ) (400 120 32 ) (400 144 32 ) 
4 93 (400 149 32 ) (407 149 32 ) (407 144 32 ) (400 144 32 ) 
4 93 (407 149 32 ) (408 149 32 ) (408 120 32 ) (407 120 32 ) 
4 93 (392 149 40 ) (392 149 32 ) (392 120 32 ) (392 120 40 ) 
4 93 (392 149 40 ) (407 149 40 ) (407 149 32 ) (392 149 32 ) 
4 94 (320 149 32 ) (352 149 32 ) (352 120 32 ) (320 120 32 ) 
4 94 (320 149 40 ) (320 149 32 ) (320 120 32 ) (320 120 40 ) 
4 94 (320 149 40 ) (352 149 40 ) (352 149 32 ) (320 149 32 ) 
4 94 (352 120 40 ) (352 120 32 ) (352 149 32 ) (352 149 40 ) 
4 95 (264 120 32 ) (264 149 32 ) (272 149 32 ) (272 120 32 ) 
4 95 (272 149 32 ) (280 149 32 ) (280 120 32 ) (272 120 32 ) 
4 95 (280 120 40 ) (280 120 32 ) (280 149 32 ) (280 149 40 ) 
4 95 (264 149 40 ) (280 149 40 ) (280 149 32 ) (264 149 32 ) 
4 96 (264 0 32 ) (264 120 32 ) (272 120 32 ) (272 0 32 ) 
4 96 (272 120 32 ) (400 120 32 ) (400 0 32 ) (272 0 32 ) 
4 96 (407 8 32 ) (407 0 32 ) (400 0 32 ) (400 8 32 ) 
4 96 (400 120 32 ) (407 120 32 ) (407 8 32 ) (400 8 32 ) 
4 96 (407 120 32 ) (408 120 32 ) (408 0 32 ) (407 0 32 ) 
4 96 (352 120 40 ) (392 120 40 ) (392 120 32 ) (352 120 32 ) 
4 96 (280 120 40 ) (320 120 40 ) (320 120 32 ) (280 120 32 ) 
4 97 (407 8 14 ) (407 8 16 ) (407 144 16 ) (407 144 14 ) 
4 97 (407 144 0 ) (407 144 16 ) (408 144 16 ) (408 144 0 ) 
4 97 (408 8 16 ) (408 144 16 ) (407 144 16 ) (407 8 16 ) 
4 97 (408 8 0 ) (408 8 16 ) (407 8 16 ) (407 8 0 ) 
4 98 (400 8 14 ) (400 8 0 ) (407 8 0 ) (407 8 14 ) 
4 98 (407 144 14 ) (407 144 0 ) (400 144 0 ) (400 144 14 ) 
4 98 (407 144 14 ) (400 144 14 ) (400 8 14 ) (407 8 14 ) 
4 99 (272 8 0 ) (272 0 0 ) (272 0 14 ) (272 8 14 ) 
4 99 (272 152 14 ) (272 152 0 ) (272 144 0 ) (272 144 14 ) 
4 99 (400 144 14 ) (400 144 0 ) (400 152 0 ) (400 152 14 ) 
4 99 (400 0 14 ) (400 0 0 ) (400 8 0 ) (400 8 14 ) 
4 99 (400 0 14 ) (400 152 14 ) (272 152 14 ) (272 0 14 ) 
4 100 (264 144 0 ) (264 144 14 ) (272 144 14 ) (272 144 0 ) 
4 100 (272 8 14 ) (272 144 14 ) (264 144 14 ) (264 8 14 ) 
4 100 (272 8 0 ) (272 8 14 ) (264 8 14 ) (264 8 0 ) 
4 101 (136 192 0 ) (264 192 0 ) (264 192 200 ) (136 192 200 ) 
4 101 (136 672 40 ) (136 672 24 ) (136 632 24 ) (136 632 40 ) 
4 101 (152 672 200 ) (192 672 200 ) (192 672 0 ) (152 672 0 ) 
4 101 (136 672 24 ) (152 672 24 ) (152 672 0 ) (136 672 0 ) 
4 101 (136 672 24 ) (136 672 200 ) (152 672 200 ) (152 672 24 ) 
4 102 (8 192 200 ) (0 192 200 ) (0 192 40 ) (8 192 40 ) 
4 102 (136 192 40 ) (136 192 200 ) (8 192 200 ) (8 192 40 ) 
4 102 (0 672 40 ) (136 672 40 ) (136 632 40 ) (0 632 40 ) 
4 102 (136 672 40 ) (120 672 40 ) (120 672 200 ) (136 672 200 ) 
4 102 (8 672 40 ) (0 672 40 ) (0 672 200 ) (8 672 200 ) 
4 103 (128 640 24 ) (128 672 24 ) (128 672 0 ) (128 640 0 ) 
4 103 (136 672 24 ) (128 672 24 ) (128 632 24 ) (136 632 24 ) 
4 103 (128 672 24 ) (136 672 24 ) (136 672 0 ) (128 672 0 ) 
4 104 (128 640 24 ) (0 640 24 ) (0 632 24 ) (128 632 24 ) 
4 104 (0 640 24 ) (128 640 24 ) (128 640 0 ) (0 640 0 ) 
4 105 (8 192 8 ) (8 192 40 ) (0 192 40 ) (0 192 8 ) 
4 105 (0 192 0 ) (8 192 0 ) (8 192 8 ) (0 192 8 ) 
4 105 (8 192 0 ) (136 192 0 ) (136 192 40 ) (8 192 40 ) 
4 105 (0 632 24 ) (0 632 40 ) (136 632 40 ) (136 632 24 ) 
4 106 (48 32 8 ) (48 32 200 ) (16 32 200 ) (16 32 8 ) 
4 106 (16 32 0 ) (48 32 0 ) (48 32 8 ) (16 32 8 ) 
4 106 (16 160 200 ) (264 160 200 ) (264 160 0 ) (16 160 0 ) 
4 106 (264 152 14 ) (264 144 14 ) (264 144 0 ) (264 152 0 ) 
4 106 (264 32 14 ) (264 152 14 ) (264 152 32 ) (264 32 32 ) 
4 106 (264 149 32 ) (264 152 32 ) (264 152 40 ) (264 149 40 ) 
4 106 (264 149 40 ) (264 152 40 ) (264 152 64 ) (264 149 64 ) 
4 106 (264 154 14 ) (264 154 64 ) (264 152 64 ) (264 152 14 ) 
4 106 (16 160 200 ) (16 160 0 ) (16 32 0 ) (16 32 200 ) 
4 107 (48 24 8 ) (48 8 8 ) (48 8 200 ) (48 24 200 ) 
4 107 (48 32 200 ) (48 32 8 ) (48 24 8 ) (48 24 200 ) 
4 107 (48 32 8 ) (48 32 0 ) (48 8 0 ) (48 8 8 ) 
4 107 (264 8 14 ) (264 32 14 ) (264 32 32 ) (264 8 32 ) 
4 108 (32 8 200 ) (16 8 200 ) (16 8 8 ) (32 8 8 ) 
4 108 (32 24 200 ) (32 24 8 ) (8 24 8 ) (8 24 200 ) 
4 108 (8 8 200 ) (32 8 200 ) (32 24 200 ) (8 24 200 ) 
4 108 (8 8 8 ) (8 24 8 ) (32 24 8 ) (32 8 8 ) 
4 108 (32 8 200 ) (32 8 8 ) (32 24 8 ) (32 24 200 ) 
4 109 (0 8 200 ) (0 24 200 ) (0 24 8 ) (0 8 8 ) 
4 109 (8 120 8 ) (8 8 8 ) (0 8 8 ) (0 120 8 ) 
4 109 (8 24 8 ) (8 32 8 ) (8 32 200 ) (8 24 200 ) 
4 109 (8 120 8 ) (8 120 200 ) (8 32 200 ) (8 32 8 ) 
4 109 (8 24 200 ) (8 32 200 ) (0 32 200 ) (0 24 200 ) 
4 109 (8 8 200 ) (8 24 200 ) (0 24 200 ) (0 8 200 ) 
4 109 (8 120 200 ) (0 120 200 ) (0 32 200 ) (8 32 200 ) 
4 109 (0 120 200 ) (8 120 200 ) (8 120 8 ) (0 120 8 ) 
4 110 (264 8 14 ) (264 8 32 ) (264 0 32 ) (264 0 14 ) 
4 110 (264 8 14 ) (264 0 14 ) (264 0 0 ) (264 8 0 ) 
4 110 (48 8 200 ) (48 8 0 ) (48 0 0 ) (48 0 200 ) 
4 111 (16 0 200 ) (16 0 0 ) (16 8 0 ) (16 8 200 ) 
4 111 (16 8 200 ) (0 8 200 ) (0 0 200 ) (16 0 200 ) 
4 111 (8 8 8 ) (16 8 8 ) (16 8 0 ) (8 8 0 ) 
4 111 (0 8 8 ) (8 8 8 ) (8 8 0 ) (0 8 0 ) 
4 112 (956 0 -656 ) (0 0 -656 ) (0 1024 -656 ) (956 1024 -656 ) 
4 112 (48 8 0 ) (16 8 0 ) (16 0 0 ) (48 0 0 ) 
4 112 (8 8 0 ) (8 192 0 ) (0 192 0 ) (0 8 0 ) 
4 112 (48 32 0 ) (8 32 0 ) (8 8 0 ) (48 8 0 ) 
4 112 (16 160 0 ) (8 160 0 ) (8 32 0 ) (16 32 0 ) 
4 112 (8 160 0 ) (264 160 0 ) (264 192 0 ) (8 192 0 ) 
4 112 (128 640 0 ) (128 672 0 ) (0 672 0 ) (0 640 0 ) 
4 112 (272 8 0 ) (264 8 0 ) (264 0 0 ) (272 0 0 ) 
4 112 (272 144 0 ) (272 152 0 ) (264 152 0 ) (264 144 0 ) 
4 112 (407 8 0 ) (400 8 0 ) (400 0 0 ) (407 0 0 ) 
4 112 (407 144 0 ) (407 152 0 ) (400 152 0 ) (400 144 0 ) 
4 112 (408 8 0 ) (407 8 0 ) (407 0 0 ) (408 0 0 ) 
4 112 (408 144 0 ) (408 152 0 ) (407 152 0 ) (407 144 0 ) 
4 112 (408 160 0 ) (408 192 0 ) (264 192 0 ) (264 160 0 ) 
4 112 (416 160 0 ) (416 192 0 ) (408 192 0 ) (408 160 0 ) 
4 112 (448 40 0 ) (416 40 0 ) (416 0 0 ) (448 0 0 ) 
4 112 (448 40 0 ) (448 672 0 ) (416 672 0 ) (416 40 0 ) 
4 112 (152 672 0 ) (152 736 0 ) (0 736 0 ) (0 672 0 ) 
4 112 (152 736 0 ) (152 768 0 ) (0 768 0 ) (0 736 0 ) 
4 112 (152 704 0 ) (152 672 0 ) (192 672 0 ) (192 704 0 ) 
4 112 (192 696 0 ) (192 680 0 ) (376 680 0 ) (376 696 0 ) 
4 112 (448 704 0 ) (376 704 0 ) (376 672 0 ) (448 672 0 ) 
4 112 (956 1024 0 ) (956 0 0 ) (956 0 -656 ) (956 1024 -656 ) 
4 113 (956 0 1516 ) (0 0 1516 ) (0 -1024 1516 ) (956 -1024 1516 ) 
4 113 (956 0 1516 ) (956 -1024 1516 ) (956 -1024 1024 ) (956 0 1024 ) 
4 114 (464 -704 208 ) (464 -704 224 ) (464 -696 224 ) (464 -696 208 ) 
4 114 (464 -696 224 ) (464 -688 224 ) (464 -688 208 ) (464 -696 208 ) 
4 114 (464 -648 224 ) (464 -640 224 ) (464 -640 208 ) (464 -648 208 ) 
4 114 (464 -640 224 ) (464 -632 224 ) (464 -632 208 ) (464 -640 208 ) 
4 114 (464 -584 224 ) (464 -576 224 ) (464 -576 208 ) (464 -584 208 ) 
4 114 (464 -576 224 ) (464 -568 224 ) (464 -568 208 ) (464 -576 208 ) 
4 114 (464 -520 224 ) (464 -512 224 ) (464 -512 208 ) (464 -520 208 ) 
4 114 (464 -512 224 ) (464 -504 224 ) (464 -504 208 ) (464 -512 208 ) 
4 114 (464 -456 224 ) (464 -448 224 ) (464 -448 208 ) (464 -456 208 ) 
4 114 (464 -448 224 ) (464 -440 224 ) (464 -440 208 ) (464 -448 208 ) 
4 114 (464 -392 224 ) (464 -384 224 ) (464 -384 208 ) (464 -392 208 ) 
4 114 (464 -384 224 ) (464 -376 224 ) (464 -376 208 ) (464 -384 208 ) 
4 114 (464 -328 224 ) (464 -320 224 ) (464 -320 208 ) (464 -328 208 ) 
4 114 (464 -320 224 ) (464 -312 224 ) (464 -312 208 ) (464 -320 208 ) 
4 114 (464 -264 224 ) (464 -256 224 ) (464 -256 208 ) (464 -264 208 ) 
4 114 (464 -256 224 ) (464 -248 224 ) (464 -248 208 ) (464 -256 208 ) 
4 114 (464 -200 224 ) (464 -192 224 ) (464 -192 208 ) (464 -200 208 ) 
4 114 (464 -192 224 ) (464 -184 224 ) (464 -184 208 ) (464 -192 208 ) 
4 114 (464 -136 224 ) (464 -128 224 ) (464 -128 208 ) (464 -136 208 ) 
4 114 (464 -128 224 ) (464 -120 224 ) (464 -120 208 ) (464 -128 208 ) 
4 114 (464 -72 224 ) (464 -64 224 ) (464 -64 208 ) (464 -72 208 ) 
4 114 (464 -64 224 ) (464 -56 224 ) (464 -56 208 ) (464 -64 208 ) 
4 114 (464 -8 224 ) (464 0 224 ) (464 0 208 ) (464 -8 208 ) 
4 114 (956 0 1024 ) (956 -1024 1024 ) (956 -1024 0 ) (956 0 0 ) 
4 115 (0 -696 336.001373 ) (0 -688 336.001373 ) (464 -688 224.001373 ) (464 -696 224.001373 ) 
4 115 (0 -640 336.001373 ) (0 -632 336.001373 ) (464 -632 224.001373 ) (464 -640 224.001373 ) 
4 115 (0 -576 336.001373 ) (0 -568 336.001373 ) (464 -568 224.001373 ) (464 -576 224.001373 ) 
4 115 (0 -512 336.001373 ) (0 -504 336.001373 ) (464 -504 224.001373 ) (464 -512 224.001373 ) 
4 115 (0 -448 336.001343 ) (0 -440 336.001343 ) (464 -440 224.001373 ) (464 -448 224.001373 ) 
4 115 (0 -384 336.001343 ) (0 -376 336.001343 ) (464 -376 224.001373 ) (464 -384 224.001373 ) 
4 115 (0 -320 336.001343 ) (0 -312 336.001343 ) (464 -312 224.001373 ) (464 -320 224.001373 ) 
4 115 (0 -256 336.001343 ) (0 -248 336.001343 ) (464 -248 224.001373 ) (464 -256 224.001373 ) 
4 115 (0 -192 336.001343 ) (0 -184 336.001343 ) (464 -184 224.001373 ) (464 -192 224.001373 ) 
4 115 (0 -128 336.001343 ) (0 -120 336.001343 ) (464 -120 224.001373 ) (464 -128 224.001373 ) 
4 115 (0 -64 336.001343 ) (0 -56 336.001343 ) (464 -56 224.001373 ) (464 -64 224.001373 ) 
4 116 (448 -704 210.206467 ) (464 -704 208 ) (464 -696 208 ) (448 -696 210.206467 ) 
4 116 (464 -648 208 ) (464 -640 208 ) (448 -640 210.206467 ) (448 -648 210.206467 ) 
4 116 (464 -584 208 ) (464 -576 208 ) (448 -576 210.206467 ) (448 -584 210.206467 ) 
4 116 (464 -520 208 ) (464 -512 208 ) (448 -512 210.206467 ) (448 -520 210.206467 ) 
4 116 (464 -456 208 ) (464 -448 208 ) (448 -448 210.206467 ) (448 -456 210.206467 ) 
4 116 (464 -392 208 ) (464 -384 208 ) (448 -384 210.206467 ) (448 -392 210.206467 ) 
4 116 (464 -328 208 ) (464 -320 208 ) (448 -320 210.206467 ) (448 -328 210.206467 ) 
4 116 (464 -264 208 ) (464 -256 208 ) (448 -256 210.206467 ) (448 -264 210.206467 ) 
4 116 (464 -200 208 ) (464 -192 208 ) (448 -192 210.206467 ) (448 -200 210.206467 ) 
4 116 (464 -136 208 ) (464 -128 208 ) (448 -128 210.206467 ) (448 -136 210.206467 ) 
4 116 (464 -72 208 ) (464 -64 208 ) (448 -64 210.206467 ) (448 -72 210.206467 ) 
4 116 (464 -8 208 ) (464 0 208 ) (448 0 210.206467 ) (448 -8 210.206467 ) 
4 116 (448 0 0 ) (448 -704 0 ) (448 -704 8 ) (448 0 8 ) 
4 116 (448 -704 8 ) (448 -704 200 ) (448 -184 200 ) (448 -184 8 ) 
4 116 (448 0 48 ) (448 0 8 ) (448 -96 8 ) (448 -96 48 ) 
4 116 (448 -96 200 ) (448 0 200 ) (448 0 160 ) (448 -96 160 ) 
4 116 (448 -184 200 ) (448 -96 200 ) (448 -96 8 ) (448 -184 8 ) 
4 117 (440 -704 211.309921 ) (448 -704 210.206467 ) (448 -696 210.206467 ) (440 -696 211.309921 ) 
4 117 (448 -648 210.206467 ) (448 -640 210.206467 ) (440 -640 211.309921 ) (440 -648 211.309921 ) 
4 117 (448 -584 210.206467 ) (448 -576 210.206467 ) (440 -576 211.309921 ) (440 -584 211.309921 ) 
4 117 (448 -520 210.206467 ) (448 -512 210.206467 ) (440 -512 211.309921 ) (440 -520 211.309921 ) 
4 117 (448 -456 210.206467 ) (448 -448 210.206467 ) (440 -448 211.309921 ) (440 -456 211.309921 ) 
4 117 (448 -392 210.206467 ) (448 -384 210.206467 ) (440 -384 211.309921 ) (440 -392 211.309921 ) 
4 117 (448 -328 210.206467 ) (448 -320 210.206467 ) (440 -320 211.309921 ) (440 -328 211.309921 ) 
4 117 (448 -264 210.206467 ) (448 -256 210.206467 ) (440 -256 211.309921 ) (440 -264 211.309921 ) 
4 117 (448 -200 210.206467 ) (448 -192 210.206467 ) (440 -192 211.309921 ) (440 -200 211.309921 ) 
4 117 (448 -136 210.206467 ) (448 -128 210.206467 ) (440 -128 211.309921 ) (440 -136 211.309921 ) 
4 117 (448 -72 210.206467 ) (448 -64 210.206467 ) (440 -64 211.309921 ) (440 -72 211.309921 ) 
4 117 (448 -8 210.206467 ) (448 0 210.206467 ) (440 0 211.309921 ) (440 -8 211.309921 ) 
4 117 (448 -184 200 ) (448 -704 200 ) (440 -704 200 ) (440 -184 200 ) 
4 117 (440 0 200 ) (448 0 200 ) (448 -96 200 ) (440 -96 200 ) 
4 117 (448 -96 200 ) (448 -184 200 ) (440 -184 200 ) (440 -96 200 ) 
4 117 (440 0 200 ) (440 -456 200 ) (440 -456 208 ) (440 0 208 ) 
4 118 (424 -704 213.516815 ) (440 -704 211.309921 ) (440 -696 211.309921 ) (424 -696 213.516815 ) 
4 118 (440 -648 211.309921 ) (440 -640 211.309921 ) (424 -640 213.516815 ) (424 -648 213.516815 ) 
4 118 (440 -584 211.309921 ) (440 -576 211.309921 ) (424 -576 213.516815 ) (424 -584 213.516815 ) 
4 118 (440 -520 211.309921 ) (440 -512 211.309921 ) (424 -512 213.516815 ) (424 -520 213.516815 ) 
4 118 (440 -456 211.309921 ) (440 -448 211.309921 ) (424 -448 213.516815 ) (424 -456 213.516815 ) 
4 118 (440 -392 211.309921 ) (440 -384 211.309921 ) (424 -384 213.516815 ) (424 -392 213.516815 ) 
4 118 (440 -328 211.309921 ) (440 -320 211.309921 ) (424 -320 213.516815 ) (424 -328 213.516815 ) 
4 118 (440 -264 211.309921 ) (440 -256 211.309921 ) (424 -256 213.516815 ) (424 -264 213.516815 ) 
4 118 (440 -200 211.309921 ) (440 -192 211.309921 ) (424 -192 213.516815 ) (424 -200 213.516815 ) 
4 118 (440 -136 211.309921 ) (440 -128 211.309921 ) (424 -128 213.516815 ) (424 -136 213.516815 ) 
4 118 (440 -72 211.309921 ) (440 -64 211.309921 ) (424 -64 213.516815 ) (424 -72 213.516815 ) 
4 118 (440 -8 211.309921 ) (440 0 211.309921 ) (424 0 213.516815 ) (424 -8 213.516815 ) 
4 118 (424 -256 213.511719 ) (424 -248 213.511719 ) (424 -248 208 ) (424 -256 208 ) 
4 118 (424 -456 208 ) (424 0 208 ) (440 0 208 ) (440 -456 208 ) 
4 119 (424 -576 200 ) (424 -568 200 ) (440 -568 200 ) (440 -576 200 ) 
4 119 (424 -680 200 ) (424 -672 200 ) (440 -672 200 ) (440 -680 200 ) 
4 119 (424 -456 208 ) (440 -456 208 ) (440 -456 200 ) (424 -456 200 ) 
4 120 (448 0 160 ) (424 0 160 ) (424 -96 160 ) (448 -96 160 ) 
4 120 (448 -96 48 ) (448 -96 160 ) (424 -96 160 ) (424 -96 48 ) 
4 120 (448 -96 48 ) (424 -96 48 ) (424 0 48 ) (448 0 48 ) 
4 121 (424 -256 200 ) (424 -248 200 ) (424 -248 8 ) (424 -256 8 ) 
4 121 (424 -256 8 ) (424 -184 8 ) (440 -184 8 ) (440 -256 8 ) 
4 121 (424 -256 8 ) (432 -256 8 ) (432 -256 200 ) (424 -256 200 ) 
4 121 (440 -256 200 ) (440 -256 8 ) (440 -184 8 ) (440 -184 200 ) 
4 121 (424 -184 200 ) (440 -184 200 ) (440 -184 8 ) (424 -184 8 ) 
4 121 (440 -256 200 ) (440 -184 200 ) (424 -184 200 ) (424 -256 200 ) 
4 122 (432 -256 8 ) (440 -256 8 ) (440 -272 8 ) (432 -272 8 ) 
4 122 (432 -272 8 ) (440 -272 8 ) (440 -272 200 ) (432 -272 200 ) 
4 122 (432 -272 200 ) (440 -272 200 ) (440 -256 200 ) (432 -256 200 ) 
4 122 (440 -256 200 ) (440 -272 200 ) (440 -272 8 ) (440 -256 8 ) 
4 122 (432 -256 200 ) (432 -256 8 ) (432 -272 8 ) (432 -272 200 ) 
4 123 (424 -312 8 ) (424 -280 8 ) (440 -280 8 ) (440 -312 8 ) 
4 123 (424 -312 8 ) (440 -312 8 ) (440 -312 200 ) (424 -312 200 ) 
4 123 (440 -280 200 ) (440 -312 200 ) (440 -312 8 ) (440 -280 8 ) 
4 123 (440 -312 200 ) (440 -280 200 ) (424 -280 200 ) (424 -312 200 ) 
4 123 (424 -280 200 ) (440 -280 200 ) (440 -280 8 ) (424 -280 8 ) 
4 124 (424 -376 8 ) (424 -320 8 ) (440 -320 8 ) (440 -376 8 ) 
4 124 (440 -320 200 ) (440 -376 200 ) (440 -376 8 ) (440 -320 8 ) 
4 124 (440 -376 200 ) (440 -320 200 ) (424 -320 200 ) (424 -376 200 ) 
4 124 (424 -320 200 ) (440 -320 200 ) (440 -320 8 ) (424 -320 8 ) 
4 124 (424 -376 8 ) (440 -376 8 ) (440 -376 200 ) (424 -376 200 ) 
4 125 (424 -456 8 ) (424 -384 8 ) (440 -384 8 ) (440 -456 8 ) 
4 125 (424 -384 200 ) (440 -384 200 ) (440 -384 8 ) (424 -384 8 ) 
4 125 (440 -456 200 ) (440 -384 200 ) (424 -384 200 ) (424 -456 200 ) 
4 125 (440 -384 200 ) (440 -568 200 ) (440 -568 8 ) (440 -384 8 ) 
4 125 (424 -568 8 ) (440 -568 8 ) (440 -568 200 ) (424 -568 200 ) 
4 126 (424 -576 200 ) (440 -576 200 ) (440 -576 8 ) (424 -576 8 ) 
4 126 (440 -576 200 ) (440 -672 200 ) (440 -672 8 ) (440 -576 8 ) 
4 126 (424 -672 8 ) (440 -672 8 ) (440 -672 200 ) (424 -672 200 ) 
4 127 (432 -704 200 ) (424 -704 200 ) (424 -704 8 ) (432 -704 8 ) 
4 127 (424 -680 200 ) (440 -680 200 ) (440 -680 8 ) (424 -680 8 ) 
4 127 (440 -680 200 ) (440 -704 200 ) (440 -704 8 ) (440 -680 8 ) 
4 128 (440 -456 8 ) (440 -704 8 ) (440 -704 0 ) (440 -456 0 ) 
4 128 (440 -576 8 ) (440 -568 8 ) (424 -568 8 ) (424 -576 8 ) 
4 128 (440 -680 8 ) (440 -672 8 ) (424 -672 8 ) (424 -680 8 ) 
4 128 (424 -456 0 ) (424 -456 8 ) (440 -456 8 ) (440 -456 0 ) 
4 129 (424 -136 213.516815 ) (424 -128 213.516815 ) (416 -128 214.620270 ) (416 -136 214.620270 ) 
4 129 (424 -72 213.516815 ) (424 -64 213.516815 ) (416 -64 214.620270 ) (416 -72 214.620270 ) 
4 129 (424 -8 213.516815 ) (424 0 213.516815 ) (416 0 214.620270 ) (416 -8 214.620270 ) 
4 129 (424 -160 208 ) (416 -160 208 ) (416 0 208 ) (424 0 208 ) 
4 130 (424 -96 48 ) (424 -96 160 ) (416 -96 160 ) (416 -96 48 ) 
4 130 (424 -96 160 ) (424 0 160 ) (416 0 160 ) (416 -96 160 ) 
4 130 (424 -96 48 ) (416 -96 48 ) (416 0 48 ) (424 0 48 ) 
4 131 (152 -128 251.034058 ) (152 -136 251.034058 ) (416 -136 214.620270 ) (416 -128 214.620270 ) 
4 131 (152 -64 251.034058 ) (152 -72 251.034058 ) (416 -72 214.620270 ) (416 -64 214.620270 ) 
4 131 (416 0 214.620270 ) (152 0 251.034058 ) (152 -8 251.034058 ) (416 -8 214.620270 ) 
4 131 (152 -152 248 ) (152 -152 0 ) (216 -152 0 ) (216 -152 240 ) 
4 131 (416 0 48 ) (416 -96 48 ) (416 -96 0 ) (416 0 0 ) 
4 131 (416 -96 160 ) (416 -152 160 ) (416 -152 0 ) (416 -96 0 ) 
4 131 (416 -152 160 ) (416 0 160 ) (416 0 208 ) (416 -152 208 ) 
4 131 (407 0 16 ) (407 0 32 ) (408 0 32 ) (408 0 16 ) 
4 131 (407 0 16 ) (408 0 16 ) (408 0 0 ) (407 0 0 ) 
4 131 (400 0 14 ) (400 0 32 ) (407 0 32 ) (407 0 14 ) 
4 131 (400 0 14 ) (407 0 14 ) (407 0 0 ) (400 0 0 ) 
4 131 (272 0 14 ) (272 0 32 ) (400 0 32 ) (400 0 14 ) 
4 131 (264 0 14 ) (264 0 32 ) (272 0 32 ) (272 0 14 ) 
4 131 (264 0 14 ) (272 0 14 ) (272 0 0 ) (264 0 0 ) 
4 132 (216 -160 0 ) (416 -160 0 ) (416 -160 8 ) (216 -160 8 ) 
4 132 (392 -160 200 ) (384 -160 200 ) (384 -160 8 ) (392 -160 8 ) 
4 132 (416 -160 200 ) (416 -160 208 ) (216 -160 208 ) (216 -160 200 ) 
4 132 (216 -152 240 ) (216 -152 0 ) (216 -160 0 ) (216 -160 240 ) 
4 132 (416 -152 160 ) (416 -152 208 ) (416 -160 208 ) (416 -160 160 ) 
4 132 (416 -152 160 ) (416 -160 160 ) (416 -160 0 ) (416 -152 0 ) 
3 133 (160 -160 248 ) (152 -160 248 ) (160 -160 247 ) 
4 133 (152 -160 248 ) (152 -152 248 ) (216 -152 240 ) (216 -160 240 ) 
4 134 (40 -128 266.482330 ) (40 -136 266.482330 ) (57.996899 -136 264 ) (57.996899 -128 264 ) 
4 134 (40 -64 266.482330 ) (40 -72 266.482330 ) (57.996902 -72 264 ) (57.996902 -64 264 ) 
4 134 (57.996902 0 264 ) (40 0 266.482330 ) (40 -8 266.482330 ) (57.996902 -8 264 ) 
4 134 (40 -128 264 ) (40 0 264 ) (48 0 264 ) (48 -128 264 ) 
4 135 (57.996899 -128 264 ) (57.996899 -136 264 ) (152 -136 251.034058 ) (152 -128 251.034058 ) 
4 135 (57.996902 -64 264 ) (57.996902 -72 264 ) (152 -72 251.034058 ) (152 -64 251.034058 ) 
4 135 (152 0 251.034058 ) (57.996902 0 264 ) (57.996902 -8 264 ) (152 -8 251.034058 ) 
4 135 (48 0 0 ) (48 -128 0 ) (48 -128 264 ) (48 0 264 ) 
4 135 (152 -152 248 ) (152 -160 248 ) (152 -160 0 ) (152 -152 0 ) 
4 136 (40 -136 224 ) (40 -128 224 ) (40 -128 208 ) (40 -136 208 ) 
4 136 (40 -128 0 ) (40 -128 264 ) (48 -128 264 ) (48 -128 0 ) 
4 137 (160 -176 248 ) (152 -176 248 ) (152 -160 248 ) (160 -160 248 ) 
4 138 (184 -176 246.616211 ) (176 -176 247.719559 ) (176 -176 208 ) (184 -176 208 ) 
4 138 (160 -176 208 ) (160 -176 248 ) (160 -160 248 ) (160 -160 208 ) 
4 138 (160 -160 208 ) (160 -160 247 ) (216 -160 240 ) (216 -160 208 ) 
4 138 (424 -176 208 ) (160 -176 208 ) (160 -160 208 ) (424 -160 208 ) 
4 139 (152 -160 248 ) (152 -176 248 ) (152 -176 200 ) (152 -160 200 ) 
4 140 (424 -176 8 ) (392 -176 8 ) (392 -160 8 ) (424 -160 8 ) 
4 140 (424 -176 8 ) (424 -160 8 ) (424 -160 200 ) (424 -176 200 ) 
4 140 (416 -160 160 ) (416 -160 200 ) (424 -160 200 ) (424 -160 160 ) 
4 140 (416 -160 8 ) (416 -160 160 ) (424 -160 160 ) (424 -160 8 ) 
4 140 (424 -160 200 ) (392 -160 200 ) (392 -176 200 ) (424 -176 200 ) 
4 140 (392 -160 8 ) (392 -176 8 ) (392 -176 200 ) (392 -160 200 ) 
4 141 (384 -176 8 ) (216 -176 8 ) (216 -160 8 ) (384 -160 8 ) 
4 141 (216 -160 8 ) (216 -176 8 ) (216 -176 200 ) (216 -160 200 ) 
4 141 (384 -160 200 ) (216 -160 200 ) (216 -176 200 ) (384 -176 200 ) 
4 141 (384 -160 200 ) (384 -176 200 ) (384 -176 8 ) (384 -160 8 ) 
4 142 (168 -176 8 ) (176 -176 8 ) (176 -176 200 ) (168 -176 200 ) 
4 142 (176 -176 8 ) (184 -176 8 ) (184 -176 200 ) (176 -176 200 ) 
4 142 (208 -176 8 ) (168 -176 8 ) (168 -160 8 ) (208 -160 8 ) 
4 142 (168 -160 8 ) (168 -176 8 ) (168 -176 200 ) (168 -160 200 ) 
4 142 (208 -160 200 ) (168 -160 200 ) (168 -176 200 ) (208 -176 200 ) 
4 142 (208 -160 8 ) (168 -160 8 ) (168 -160 200 ) (208 -160 200 ) 
4 142 (208 -160 200 ) (208 -176 200 ) (208 -176 8 ) (208 -160 8 ) 
4 143 (152 -160 200 ) (152 -176 200 ) (152 -176 8 ) (152 -160 8 ) 
4 144 (152 -160 0 ) (152 -160 8 ) (152 -176 8 ) (152 -176 0 ) 
4 145 (424 -200 213.516815 ) (424 -192 213.516815 ) (184 -192 246.620255 ) (184 -200 246.620255 ) 
4 145 (184 -248 0 ) (424 -248 0 ) (424 -248 213.515625 ) (184 -248 246.615417 ) 
4 145 (424 -248 200 ) (424 -176 200 ) (424 -176 208 ) (424 -248 208 ) 
4 145 (424 -184 8 ) (424 -176 8 ) (424 -176 200 ) (424 -184 200 ) 
4 145 (424 -176 8 ) (424 -248 8 ) (424 -248 0 ) (424 -176 0 ) 
4 145 (184 -176 208 ) (424 -176 208 ) (424 -176 200 ) (184 -176 200 ) 
4 145 (384 -176 200 ) (392 -176 200 ) (392 -176 8 ) (384 -176 8 ) 
4 145 (208 -176 200 ) (216 -176 200 ) (216 -176 8 ) (208 -176 8 ) 
4 145 (184 -176 8 ) (424 -176 8 ) (424 -176 0 ) (184 -176 0 ) 
4 145 (184 -176 246.617188 ) (184 -176 0 ) (184 -248 0 ) (184 -248 246.625000 ) 
4 146 (176 -200 247.723709 ) (176 -192 247.723709 ) (173.996887 -192 248 ) (173.996887 -200 248 ) 
4 146 (160 -192 249.930603 ) (160 -200 249.930603 ) (173.996887 -200 248 ) (173.996887 -192 248 ) 
4 146 (160 -176 248 ) (160 -176 208 ) (160 -256 208 ) (160 -256 248 ) 
4 146 (176 -248 208 ) (176 -248 247.718750 ) (176 -256 247.718750 ) (176 -256 208 ) 
4 146 (176 -248 247.718750 ) (176 -248 208 ) (176 -176 208 ) (176 -176 247.718750 ) 
4 146 (160 -256 208 ) (160 -176 208 ) (176 -176 208 ) (176 -256 208 ) 
4 147 (160 -240 8 ) (160 -256 8 ) (160 -256 200 ) (160 -240 200 ) 
4 147 (160 -256 8 ) (160 -240 8 ) (176 -240 8 ) (176 -256 8 ) 
4 147 (176 -256 200 ) (176 -240 200 ) (160 -240 200 ) (160 -256 200 ) 
4 147 (176 -240 200 ) (176 -248 200 ) (176 -248 8 ) (176 -240 8 ) 
4 147 (176 -248 8 ) (176 -248 200 ) (176 -256 200 ) (176 -256 8 ) 
4 147 (160 -240 200 ) (176 -240 200 ) (176 -240 8 ) (160 -240 8 ) 
4 148 (152 -192 251.034058 ) (152 -200 251.034058 ) (160 -200 249.930603 ) (160 -192 249.930603 ) 
4 148 (152 -256 248 ) (152 -176 248 ) (160 -176 248 ) (160 -256 248 ) 
4 149 (40 -192 266.482330 ) (40 -200 266.482330 ) (152 -200 251.034058 ) (152 -192 251.034058 ) 
4 149 (40 -200 224 ) (40 -192 224 ) (40 -192 208 ) (40 -200 208 ) 
4 149 (40 -248 264 ) (40 -248 0 ) (152 -248 0 ) (152 -248 248 ) 
4 149 (152 -248 248 ) (152 -248 0 ) (152 -176 0 ) (152 -176 248 ) 
4 150 (40 -248 264 ) (152 -248 248 ) (152 -256 248 ) (40 -256 264 ) 
4 151 (424 -264 213.516815 ) (424 -256 213.516815 ) (40 -256 266.482330 ) (40 -264 266.482330 ) 
4 151 (40 -264 224 ) (40 -256 224 ) (40 -256 208 ) (40 -264 208 ) 
4 151 (176 -256 208 ) (176 -256 247.719559 ) (424 -256 213.515625 ) (424 -256 208 ) 
4 151 (152 -256 208 ) (152 -256 248 ) (160 -256 248 ) (160 -256 208 ) 
4 151 (152 -256 248 ) (152 -256 208 ) (40 -256 208 ) (40 -256 264 ) 
4 151 (424 -272 208 ) (40 -272 208 ) (40 -256 208 ) (424 -256 208 ) 
4 152 (424 -272 8 ) (424 -256 8 ) (424 -256 200 ) (424 -272 200 ) 
4 152 (376 -256 8 ) (376 -256 200 ) (424 -256 200 ) (424 -256 8 ) 
4 152 (424 -272 8 ) (376 -272 8 ) (376 -256 8 ) (424 -256 8 ) 
4 152 (424 -256 200 ) (376 -256 200 ) (376 -272 200 ) (424 -272 200 ) 
4 152 (376 -256 8 ) (376 -272 8 ) (376 -272 200 ) (376 -256 200 ) 
4 153 (368 -256 8 ) (312 -256 8 ) (312 -256 200 ) (368 -256 200 ) 
4 153 (368 -272 8 ) (312 -272 8 ) (312 -256 8 ) (368 -256 8 ) 
4 153 (368 -256 200 ) (312 -256 200 ) (312 -272 200 ) (368 -272 200 ) 
4 153 (368 -256 200 ) (368 -272 200 ) (368 -272 8 ) (368 -256 8 ) 
4 153 (312 -256 8 ) (312 -272 8 ) (312 -272 200 ) (312 -256 200 ) 
4 154 (304 -256 8 ) (248 -256 8 ) (248 -256 200 ) (304 -256 200 ) 
4 154 (304 -272 8 ) (248 -272 8 ) (248 -256 8 ) (304 -256 8 ) 
4 154 (304 -256 200 ) (248 -256 200 ) (248 -272 200 ) (304 -272 200 ) 
4 154 (304 -256 200 ) (304 -272 200 ) (304 -272 8 ) (304 -256 8 ) 
4 154 (248 -256 8 ) (248 -272 8 ) (248 -272 200 ) (248 -256 200 ) 
4 155 (184 -256 8 ) (184 -272 8 ) (184 -272 200 ) (184 -256 200 ) 
4 155 (240 -256 200 ) (240 -272 200 ) (240 -272 8 ) (240 -256 8 ) 
4 155 (240 -256 200 ) (184 -256 200 ) (184 -272 200 ) (240 -272 200 ) 
4 155 (240 -272 8 ) (184 -272 8 ) (184 -256 8 ) (240 -256 8 ) 
4 155 (240 -256 8 ) (184 -256 8 ) (184 -256 200 ) (240 -256 200 ) 
4 156 (120 -256 8 ) (120 -272 8 ) (120 -272 200 ) (120 -256 200 ) 
4 156 (176 -256 200 ) (120 -256 200 ) (120 -272 200 ) (176 -272 200 ) 
4 156 (176 -272 8 ) (120 -272 8 ) (120 -256 8 ) (176 -256 8 ) 
4 156 (120 -256 200 ) (152 -256 200 ) (152 -256 8 ) (120 -256 8 ) 
4 156 (152 -256 8 ) (152 -256 200 ) (160 -256 200 ) (160 -256 8 ) 
4 156 (176 -256 200 ) (176 -272 200 ) (176 -272 8 ) (176 -256 8 ) 
4 157 (48 -256 8 ) (48 -272 8 ) (48 -272 200 ) (48 -256 200 ) 
4 157 (112 -256 200 ) (48 -256 200 ) (48 -272 200 ) (112 -272 200 ) 
4 157 (112 -272 8 ) (48 -272 8 ) (48 -256 8 ) (112 -256 8 ) 
4 157 (48 -256 200 ) (112 -256 200 ) (112 -256 8 ) (48 -256 8 ) 
4 157 (112 -256 200 ) (112 -272 200 ) (112 -272 8 ) (112 -256 8 ) 
4 158 (368 -704 200 ) (360 -704 200 ) (360 -704 8 ) (368 -704 8 ) 
4 158 (360 -704 0 ) (424 -704 0 ) (424 -704 8 ) (360 -704 8 ) 
4 158 (424 -704 200 ) (424 -704 208 ) (360 -704 208 ) (360 -704 200 ) 
4 158 (360 -704 222.344406 ) (424 -704 213.516815 ) (424 -696 213.516815 ) (360 -696 222.344406 ) 
4 158 (424 -648 213.516815 ) (424 -640 213.516815 ) (360 -640 222.344406 ) (360 -648 222.344406 ) 
4 158 (424 -584 213.516815 ) (424 -576 213.516815 ) (360 -576 222.344406 ) (360 -584 222.344406 ) 
4 158 (424 -520 213.516815 ) (424 -512 213.516815 ) (360 -512 222.344406 ) (360 -520 222.344406 ) 
4 158 (424 -456 213.516815 ) (424 -448 213.516815 ) (360 -448 222.344406 ) (360 -456 222.344406 ) 
4 158 (424 -392 213.516815 ) (424 -384 213.516815 ) (360 -384 222.344406 ) (360 -392 222.344406 ) 
4 158 (424 -328 213.516815 ) (424 -320 213.516815 ) (360 -320 222.344406 ) (360 -328 222.344406 ) 
4 158 (360 -680 14 ) (360 -680 64 ) (360 -678 64 ) (360 -678 14 ) 
4 158 (360 -526 0 ) (360 -534 0 ) (360 -534 14 ) (360 -526 14 ) 
4 158 (360 -670 0 ) (360 -678 0 ) (360 -678 14 ) (360 -670 14 ) 
4 158 (360 -678 14 ) (360 -678 32 ) (360 -526 32 ) (360 -526 14 ) 
4 158 (360 -678 32 ) (360 -678 64 ) (360 -675 64 ) (360 -675 32 ) 
4 158 (424 -456 200 ) (424 -272 200 ) (424 -272 208 ) (424 -456 208 ) 
4 158 (424 -680 8 ) (424 -672 8 ) (424 -672 200 ) (424 -680 200 ) 
4 158 (424 -280 8 ) (424 -272 8 ) (424 -272 200 ) (424 -280 200 ) 
4 158 (424 -576 8 ) (424 -568 8 ) (424 -568 200 ) (424 -576 200 ) 
4 158 (424 -320 8 ) (424 -312 8 ) (424 -312 200 ) (424 -320 200 ) 
4 158 (424 -384 8 ) (424 -376 8 ) (424 -376 200 ) (424 -384 200 ) 
4 158 (424 -272 8 ) (424 -456 8 ) (424 -456 0 ) (424 -272 0 ) 
4 158 (360 -272 8 ) (424 -272 8 ) (424 -272 0 ) (360 -272 0 ) 
4 158 (360 -272 208 ) (424 -272 208 ) (424 -272 200 ) (360 -272 200 ) 
4 158 (368 -272 200 ) (376 -272 200 ) (376 -272 8 ) (368 -272 8 ) 
4 159 (360 -704 200 ) (360 -704 208 ) (144 -704 208 ) (144 -704 200 ) 
4 159 (144 -704 252.137527 ) (360 -704 222.344406 ) (360 -696 222.344406 ) (144 -696 252.137527 ) 
4 159 (360 -648 222.344406 ) (360 -640 222.344406 ) (144 -640 252.137527 ) (144 -648 252.137527 ) 
4 159 (360 -584 222.344406 ) (360 -576 222.344406 ) (144 -576 252.137527 ) (144 -584 252.137527 ) 
4 159 (360 -520 222.344406 ) (360 -512 222.344406 ) (144 -512 252.137527 ) (144 -520 252.137527 ) 
4 159 (360 -456 222.344406 ) (360 -448 222.344406 ) (144 -448 252.137512 ) (144 -456 252.137512 ) 
4 159 (360 -392 222.344406 ) (360 -384 222.344406 ) (144 -384 252.137512 ) (144 -392 252.137512 ) 
4 159 (360 -328 222.344406 ) (360 -320 222.344406 ) (144 -320 252.137512 ) (144 -328 252.137512 ) 
4 159 (152 -448 200 ) (152 -480 200 ) (144 -480 200 ) (144 -448 200 ) 
4 159 (152 -664 200 ) (152 -704 200 ) (144 -704 200 ) (144 -664 200 ) 
4 159 (152 -432 200 ) (152 -448 200 ) (144 -448 200 ) (144 -432 200 ) 
4 159 (152 -424 200 ) (152 -432 200 ) (144 -432 200 ) (144 -424 200 ) 
4 159 (144 -448 200 ) (144 -704 200 ) (144 -704 208 ) (144 -448 208 ) 
4 159 (144 -432 200 ) (144 -448 200 ) (144 -448 208 ) (144 -432 208 ) 
4 159 (144 -272 208 ) (360 -272 208 ) (360 -272 200 ) (144 -272 200 ) 
4 160 (40 -704 266.482361 ) (144 -704 252.137527 ) (144 -696 252.137527 ) (40 -696 266.482361 ) 
4 160 (144 -648 252.137527 ) (144 -640 252.137527 ) (40 -640 266.482361 ) (40 -648 266.482361 ) 
4 160 (144 -584 252.137527 ) (144 -576 252.137527 ) (40 -576 266.482361 ) (40 -584 266.482361 ) 
4 160 (144 -520 252.137527 ) (144 -512 252.137527 ) (40 -512 266.482361 ) (40 -520 266.482361 ) 
4 160 (144 -456 252.137512 ) (144 -448 252.137512 ) (40 -448 266.482361 ) (40 -456 266.482361 ) 
4 160 (144 -392 252.137512 ) (144 -384 252.137512 ) (40 -384 266.482330 ) (40 -392 266.482330 ) 
4 160 (144 -328 252.137512 ) (144 -320 252.137512 ) (40 -320 266.482330 ) (40 -328 266.482330 ) 
4 160 (40 -328 224 ) (40 -320 224 ) (40 -320 208 ) (40 -328 208 ) 
4 160 (128 -448 208 ) (144 -448 208 ) (144 -704 208 ) (128 -704 208 ) 
4 160 (40 -448 208 ) (40 -432 208 ) (144 -432 208 ) (144 -448 208 ) 
4 161 (40 -432 208 ) (40 -376 208 ) (40 -376 200 ) (40 -432 200 ) 
4 161 (40 -280 208 ) (40 -272 208 ) (40 -272 200 ) (40 -280 200 ) 
4 161 (40 -432 200 ) (40 -424 200 ) (144 -424 200 ) (144 -432 200 ) 
4 161 (144 -272 208 ) (144 -272 200 ) (40 -272 200 ) (40 -272 208 ) 
4 161 (40 -432 200 ) (144 -432 200 ) (144 -432 208 ) (40 -432 208 ) 
4 162 (40 -704 208 ) (40 -704 200 ) (128 -704 200 ) (128 -704 208 ) 
4 162 (40 -704 200 ) (40 -704 208 ) (40 -448 208 ) (40 -448 200 ) 
4 162 (40 -448 208 ) (128 -448 208 ) (128 -448 200 ) (40 -448 200 ) 
4 162 (128 -704 208 ) (128 -704 200 ) (128 -448 200 ) (128 -448 208 ) 
4 163 (216 -526 16 ) (216 -526 0 ) (217 -526 0 ) (217 -526 16 ) 
4 163 (216 -526 32 ) (216 -526 16 ) (217 -526 16 ) (217 -526 32 ) 
4 163 (217 -526 0 ) (224 -526 0 ) (224 -526 14 ) (217 -526 14 ) 
4 163 (224 -526 14 ) (224 -526 32 ) (217 -526 32 ) (217 -526 14 ) 
4 163 (352 -526 14 ) (352 -526 32 ) (224 -526 32 ) (224 -526 14 ) 
4 163 (352 -526 0 ) (360 -526 0 ) (360 -526 14 ) (352 -526 14 ) 
4 163 (360 -526 14 ) (360 -526 32 ) (352 -526 32 ) (352 -526 14 ) 
4 163 (240 -272 200 ) (248 -272 200 ) (248 -272 8 ) (240 -272 8 ) 
4 163 (304 -272 200 ) (312 -272 200 ) (312 -272 8 ) (304 -272 8 ) 
4 163 (216 -272 8 ) (360 -272 8 ) (360 -272 0 ) (216 -272 0 ) 
4 164 (360 -680 64 ) (217 -680 64 ) (217 -678 64 ) (360 -678 64 ) 
4 164 (217 -675 64 ) (360 -675 64 ) (360 -678 64 ) (217 -678 64 ) 
4 165 (216 -646 32 ) (216 -526 32 ) (217 -526 32 ) (217 -646 32 ) 
4 165 (224 -534 32 ) (224 -646 32 ) (217 -646 32 ) (217 -534 32 ) 
4 165 (217 -526 32 ) (224 -526 32 ) (224 -534 32 ) (217 -534 32 ) 
4 165 (224 -526 32 ) (352 -526 32 ) (352 -646 32 ) (224 -646 32 ) 
4 165 (352 -526 32 ) (360 -526 32 ) (360 -646 32 ) (352 -646 32 ) 
4 165 (232 -646 32 ) (272 -646 32 ) (272 -646 40 ) (232 -646 40 ) 
4 165 (304 -646 32 ) (344 -646 32 ) (344 -646 40 ) (304 -646 40 ) 
4 166 (360 -675 40 ) (360 -675 64 ) (217 -675 64 ) (217 -675 40 ) 
4 166 (272 -675 40 ) (232 -675 40 ) (232 -646 40 ) (272 -646 40 ) 
4 166 (344 -675 40 ) (304 -675 40 ) (304 -646 40 ) (344 -646 40 ) 
4 167 (344 -646 32 ) (352 -646 32 ) (352 -675 32 ) (344 -675 32 ) 
4 167 (352 -646 32 ) (360 -646 32 ) (360 -675 32 ) (352 -675 32 ) 
4 167 (344 -675 32 ) (360 -675 32 ) (360 -675 40 ) (344 -675 40 ) 
4 167 (344 -675 32 ) (344 -675 40 ) (344 -646 40 ) (344 -646 32 ) 
4 168 (272 -646 32 ) (304 -646 32 ) (304 -675 32 ) (272 -675 32 ) 
4 168 (272 -675 32 ) (304 -675 32 ) (304 -675 40 ) (272 -675 40 ) 
4 168 (272 -675 32 ) (272 -675 40 ) (272 -646 40 ) (272 -646 32 ) 
4 168 (304 -646 32 ) (304 -646 40 ) (304 -675 40 ) (304 -675 32 ) 
4 169 (216 -675 32 ) (216 -646 32 ) (217 -646 32 ) (217 -675 32 ) 
4 169 (224 -670 32 ) (224 -675 32 ) (217 -675 32 ) (217 -670 32 ) 
4 169 (217 -646 32 ) (224 -646 32 ) (224 -670 32 ) (217 -670 32 ) 
4 169 (224 -646 32 ) (232 -646 32 ) (232 -675 32 ) (224 -675 32 ) 
4 169 (217 -675 32 ) (232 -675 32 ) (232 -675 40 ) (217 -675 40 ) 
4 169 (232 -646 32 ) (232 -646 40 ) (232 -675 40 ) (232 -675 32 ) 
4 170 (217 -678 32 ) (216 -678 32 ) (216 -675 32 ) (217 -675 32 ) 
4 170 (217 -678 64 ) (217 -678 32 ) (217 -675 32 ) (217 -675 64 ) 
4 171 (360 -670 0 ) (360 -670 14 ) (352 -670 14 ) (352 -670 0 ) 
4 171 (360 -670 14 ) (360 -534 14 ) (352 -534 14 ) (352 -670 14 ) 
4 171 (352 -534 0 ) (352 -534 14 ) (360 -534 14 ) (360 -534 0 ) 
4 172 (224 -678 0 ) (224 -678 14 ) (224 -670 14 ) (224 -670 0 ) 
4 172 (224 -534 14 ) (224 -526 14 ) (224 -526 0 ) (224 -534 0 ) 
4 172 (352 -534 0 ) (352 -526 0 ) (352 -526 14 ) (352 -534 14 ) 
4 172 (352 -670 0 ) (352 -670 14 ) (352 -678 14 ) (352 -678 0 ) 
4 172 (352 -678 14 ) (352 -526 14 ) (224 -526 14 ) (224 -678 14 ) 
4 173 (217 -670 14 ) (217 -670 0 ) (224 -670 0 ) (224 -670 14 ) 
4 173 (224 -534 14 ) (224 -534 0 ) (217 -534 0 ) (217 -534 14 ) 
4 173 (224 -534 14 ) (217 -534 14 ) (217 -670 14 ) (224 -670 14 ) 
4 174 (217 -670 0 ) (217 -670 16 ) (216 -670 16 ) (216 -670 0 ) 
4 174 (217 -670 16 ) (217 -670 14 ) (217 -534 14 ) (217 -534 16 ) 
4 174 (216 -534 16 ) (216 -670 16 ) (217 -670 16 ) (217 -534 16 ) 
4 174 (216 -534 0 ) (216 -534 16 ) (217 -534 16 ) (217 -534 0 ) 
4 175 (224 -678 14 ) (224 -678 0 ) (217 -678 0 ) (217 -678 14 ) 
4 175 (352 -678 0 ) (352 -678 14 ) (360 -678 14 ) (360 -678 0 ) 
4 175 (360 -678 14 ) (217 -678 14 ) (217 -680 14 ) (360 -680 14 ) 
4 176 (217 -680 64 ) (217 -680 14 ) (217 -678 14 ) (217 -678 64 ) 
4 176 (217 -678 16 ) (216 -678 16 ) (216 -678 32 ) (217 -678 32 ) 
4 176 (217 -678 16 ) (217 -678 0 ) (216 -678 0 ) (216 -678 16 ) 
4 177 (240 -704 200 ) (232 -704 200 ) (232 -704 8 ) (240 -704 8 ) 
4 177 (304 -704 200 ) (296 -704 200 ) (296 -704 8 ) (304 -704 8 ) 
4 177 (216 -704 0 ) (360 -704 0 ) (360 -704 8 ) (216 -704 8 ) 
4 177 (217 -680 14 ) (217 -680 64 ) (360 -680 64 ) (360 -680 14 ) 
4 178 (176 -704 200 ) (168 -704 200 ) (168 -704 8 ) (176 -704 8 ) 
4 178 (152 -704 0 ) (216 -704 0 ) (216 -704 8 ) (152 -704 8 ) 
4 178 (152 -480 200 ) (152 -448 200 ) (152 -448 0 ) (152 -480 0 ) 
4 178 (152 -704 0 ) (152 -704 200 ) (152 -664 200 ) (152 -664 0 ) 
4 178 (152 -448 200 ) (152 -432 200 ) (152 -432 8 ) (152 -448 8 ) 
4 178 (152 -432 8 ) (152 -432 0 ) (152 -448 0 ) (152 -448 8 ) 
4 178 (152 -432 200 ) (152 -424 200 ) (152 -424 0 ) (152 -432 0 ) 
4 178 (176 -272 200 ) (184 -272 200 ) (184 -272 8 ) (176 -272 8 ) 
4 178 (152 -272 8 ) (216 -272 8 ) (216 -272 0 ) (152 -272 0 ) 
4 178 (216 -678 32 ) (216 -678 16 ) (216 -526 16 ) (216 -526 32 ) 
4 178 (216 -670 16 ) (216 -678 16 ) (216 -678 0 ) (216 -670 0 ) 
4 178 (216 -534 16 ) (216 -534 0 ) (216 -526 0 ) (216 -526 16 ) 
4 179 (40 -424 8 ) (40 -424 200 ) (40 -416 200 ) (40 -416 8 ) 
4 179 (40 -384 200 ) (40 -376 200 ) (40 -376 8 ) (40 -384 8 ) 
4 179 (40 -376 0 ) (40 -424 0 ) (40 -424 8 ) (40 -376 8 ) 
4 179 (40 -272 0 ) (40 -280 0 ) (40 -280 200 ) (40 -272 200 ) 
4 179 (152 -424 0 ) (152 -424 200 ) (40 -424 200 ) (40 -424 0 ) 
4 179 (112 -272 200 ) (120 -272 200 ) (120 -272 8 ) (112 -272 8 ) 
4 179 (48 -272 200 ) (48 -272 8 ) (40 -272 8 ) (40 -272 200 ) 
4 179 (152 -272 8 ) (152 -272 0 ) (40 -272 0 ) (40 -272 8 ) 
4 180 (96 -432 200 ) (96 -432 8 ) (96 -448 8 ) (96 -448 200 ) 
4 180 (136 -448 200 ) (136 -448 8 ) (136 -432 8 ) (136 -432 200 ) 
4 180 (136 -432 8 ) (96 -432 8 ) (96 -432 200 ) (136 -432 200 ) 
4 180 (96 -448 200 ) (136 -448 200 ) (136 -432 200 ) (96 -432 200 ) 
4 180 (136 -448 8 ) (96 -448 8 ) (96 -432 8 ) (136 -432 8 ) 
4 181 (88 -448 8 ) (40 -448 8 ) (40 -432 8 ) (88 -432 8 ) 
4 181 (88 -448 200 ) (88 -432 200 ) (40 -432 200 ) (40 -448 200 ) 
4 181 (88 -432 8 ) (40 -432 8 ) (40 -432 200 ) (88 -432 200 ) 
4 181 (88 -448 200 ) (88 -448 8 ) (88 -432 8 ) (88 -432 200 ) 
4 182 (144 -480 0 ) (144 -664 0 ) (144 -664 8 ) (144 -480 8 ) 
4 182 (144 -664 200 ) (144 -664 0 ) (152 -664 0 ) (152 -664 200 ) 
4 182 (152 -480 200 ) (152 -480 0 ) (144 -480 0 ) (144 -480 200 ) 
4 183 (128 -472 200 ) (128 -472 8 ) (144 -472 8 ) (144 -472 200 ) 
4 183 (144 -472 200 ) (144 -472 8 ) (144 -448 8 ) (144 -448 200 ) 
4 183 (128 -472 200 ) (144 -472 200 ) (144 -448 200 ) (128 -448 200 ) 
4 183 (144 -448 8 ) (136 -448 8 ) (136 -448 200 ) (144 -448 200 ) 
4 183 (128 -472 8 ) (128 -448 8 ) (144 -448 8 ) (144 -472 8 ) 
4 184 (128 -664 200 ) (128 -664 8 ) (144 -664 8 ) (144 -664 200 ) 
4 184 (128 -480 200 ) (128 -664 200 ) (144 -664 200 ) (144 -480 200 ) 
4 184 (128 -664 8 ) (128 -480 8 ) (144 -480 8 ) (144 -664 8 ) 
4 184 (144 -480 200 ) (144 -480 8 ) (128 -480 8 ) (128 -480 200 ) 
4 185 (144 -672 200 ) (144 -672 8 ) (128 -672 8 ) (128 -672 200 ) 
4 185 (128 -704 8 ) (128 -672 8 ) (144 -672 8 ) (144 -704 8 ) 
4 185 (128 -672 200 ) (128 -704 200 ) (144 -704 200 ) (144 -672 200 ) 
4 185 (144 -672 8 ) (144 -672 200 ) (144 -704 200 ) (144 -704 8 ) 
4 186 (112 -704 200 ) (104 -704 200 ) (104 -704 8 ) (112 -704 8 ) 
4 186 (40 -704 0 ) (128 -704 0 ) (128 -704 8 ) (40 -704 8 ) 
4 186 (40 -584 200 ) (40 -576 200 ) (40 -576 8 ) (40 -584 8 ) 
4 186 (40 -520 200 ) (40 -512 200 ) (40 -512 8 ) (40 -520 8 ) 
4 186 (40 -648 200 ) (40 -640 200 ) (40 -640 8 ) (40 -648 8 ) 
4 186 (40 -688 200 ) (40 -680 200 ) (40 -680 8 ) (40 -688 8 ) 
4 186 (40 -448 0 ) (40 -704 0 ) (40 -704 8 ) (40 -448 8 ) 
4 186 (128 -472 200 ) (128 -480 200 ) (128 -480 8 ) (128 -472 8 ) 
4 186 (128 -664 200 ) (128 -672 200 ) (128 -672 8 ) (128 -664 8 ) 
4 186 (128 -704 8 ) (128 -704 0 ) (128 -448 0 ) (128 -448 8 ) 
4 186 (96 -448 8 ) (88 -448 8 ) (88 -448 200 ) (96 -448 200 ) 
4 186 (128 -448 0 ) (40 -448 0 ) (40 -448 8 ) (128 -448 8 ) 
4 187 (0 -704 272 ) (40 -704 266.482361 ) (40 -696 266.482361 ) (0 -696 272 ) 
4 187 (40 -648 266.482361 ) (40 -640 266.482361 ) (0 -640 272 ) (0 -648 272 ) 
4 187 (40 -584 266.482361 ) (40 -576 266.482361 ) (0 -576 272 ) (0 -584 272 ) 
4 187 (40 -520 266.482361 ) (40 -512 266.482361 ) (0 -512 272 ) (0 -520 272 ) 
4 187 (40 -456 266.482361 ) (40 -448 266.482361 ) (0 -448 272 ) (0 -456 272 ) 
4 187 (40 -392 266.482330 ) (40 -384 266.482330 ) (0 -384 272 ) (0 -392 272 ) 
4 187 (40 -328 266.482330 ) (40 -320 266.482330 ) (0 -320 272 ) (0 -328 272 ) 
4 187 (40 -264 266.482330 ) (40 -256 266.482330 ) (0 -256 272 ) (0 -264 272 ) 
4 187 (40 -200 266.482330 ) (40 -192 266.482330 ) (0 -192 272 ) (0 -200 272 ) 
4 187 (40 -136 266.482330 ) (40 -128 266.482330 ) (0 -128 272 ) (0 -136 272 ) 
4 187 (40 -72 266.482330 ) (40 -64 266.482330 ) (0 -64 272 ) (0 -72 272 ) 
4 187 (40 -8 266.482330 ) (40 0 266.482330 ) (0 0 272 ) (0 -8 272 ) 
4 187 (40 -192 224 ) (40 -200 224 ) (0 -200 224 ) (0 -192 224 ) 
4 187 (40 -128 224 ) (40 -136 224 ) (0 -136 224 ) (0 -128 224 ) 
4 187 (40 -256 224 ) (40 -264 224 ) (0 -264 224 ) (0 -256 224 ) 
4 187 (40 -64 224 ) (40 -72 224 ) (0 -72 224 ) (0 -64 224 ) 
4 187 (40 -320 224 ) (40 -328 224 ) (0 -328 224 ) (0 -320 224 ) 
4 187 (0 0 224 ) (40 0 224 ) (40 -8 224 ) (0 -8 224 ) 
4 187 (40 -248 224 ) (40 -248 264 ) (40 -256 264 ) (40 -256 224 ) 
4 187 (40 0 224 ) (40 0 264 ) (40 -128 264 ) (40 -128 224 ) 
4 188 (8 -64 208 ) (0 -64 208 ) (0 -8 208 ) (8 -8 208 ) 
4 188 (24 -64 208 ) (8 -64 208 ) (8 -8 208 ) (24 -8 208 ) 
4 188 (40 -8 208 ) (40 -64 208 ) (24 -64 208 ) (24 -8 208 ) 
4 188 (0 -64 208 ) (40 -64 208 ) (40 -64 224 ) (0 -64 224 ) 
4 188 (40 -64 208 ) (40 -8 208 ) (40 -8 224 ) (40 -64 224 ) 
4 188 (0 -8 224 ) (40 -8 224 ) (40 -8 208 ) (0 -8 208 ) 
4 189 (0 -80 208 ) (0 -72 208 ) (8 -72 208 ) (8 -80 208 ) 
4 189 (8 -72 208 ) (24 -72 208 ) (24 -96 208 ) (8 -96 208 ) 
4 189 (24 -128 208 ) (0 -128 208 ) (0 -96 208 ) (24 -96 208 ) 
4 189 (40 -72 208 ) (40 -128 208 ) (24 -128 208 ) (24 -72 208 ) 
4 189 (0 -128 208 ) (40 -128 208 ) (40 -128 224 ) (0 -128 224 ) 
4 189 (40 -72 208 ) (40 -72 224 ) (40 -128 224 ) (40 -128 208 ) 
4 189 (0 -72 224 ) (40 -72 224 ) (40 -72 208 ) (0 -72 208 ) 
4 190 (24 -192 208 ) (0 -192 208 ) (0 -136 208 ) (24 -136 208 ) 
4 190 (0 -136 224 ) (40 -136 224 ) (40 -136 208 ) (0 -136 208 ) 
4 190 (0 -192 208 ) (40 -192 208 ) (40 -192 224 ) (0 -192 224 ) 
4 191 (24 -256 208 ) (0 -256 208 ) (0 -200 208 ) (24 -200 208 ) 
4 191 (40 -248 208 ) (40 -256 208 ) (24 -256 208 ) (24 -248 208 ) 
4 191 (0 -200 224 ) (40 -200 224 ) (40 -200 208 ) (0 -200 208 ) 
4 191 (40 -248 208 ) (40 -248 224 ) (40 -256 224 ) (40 -256 208 ) 
4 191 (0 -256 208 ) (40 -256 208 ) (40 -256 224 ) (0 -256 224 ) 
4 192 (24 -320 208 ) (0 -320 208 ) (0 -264 208 ) (24 -264 208 ) 
4 192 (40 -264 208 ) (40 -280 208 ) (24 -280 208 ) (24 -264 208 ) 
4 192 (0 -264 224 ) (40 -264 224 ) (40 -264 208 ) (0 -264 208 ) 
4 192 (0 -320 208 ) (40 -320 208 ) (40 -320 224 ) (0 -320 224 ) 
4 193 (24 -704 208 ) (0 -704 208 ) (0 -328 208 ) (24 -328 208 ) 
4 193 (40 -376 208 ) (40 -704 208 ) (24 -704 208 ) (24 -376 208 ) 
4 193 (0 -328 224 ) (40 -328 224 ) (40 -328 208 ) (0 -328 208 ) 
4 194 (24 -128 200 ) (24 -248 200 ) (24 -248 208 ) (24 -128 208 ) 
4 194 (40 -128 208 ) (40 -128 200 ) (24 -128 200 ) (24 -128 208 ) 
4 194 (24 -128 208 ) (24 -136 208 ) (40 -136 208 ) (40 -128 208 ) 
4 194 (24 -192 208 ) (24 -200 208 ) (40 -200 208 ) (40 -192 208 ) 
4 194 (24 -248 208 ) (24 -248 200 ) (40 -248 200 ) (40 -248 208 ) 
4 195 (24 -280 200 ) (24 -376 200 ) (24 -376 208 ) (24 -280 208 ) 
4 195 (24 -320 208 ) (24 -328 208 ) (40 -328 208 ) (40 -320 208 ) 
4 195 (40 -280 208 ) (40 -280 200 ) (24 -280 200 ) (24 -280 208 ) 
4 195 (24 -376 208 ) (24 -376 200 ) (40 -376 200 ) (40 -376 208 ) 
4 196 (8 -80 208 ) (8 -96 208 ) (8 -96 200 ) (8 -80 200 ) 
4 196 (0 -96 200 ) (8 -96 200 ) (8 -96 208 ) (0 -96 208 ) 
4 196 (0 -80 208 ) (8 -80 208 ) (8 -80 200 ) (0 -80 200 ) 
4 197 (40 -128 200 ) (40 -128 0 ) (16 -128 0 ) (16 -128 200 ) 
4 197 (16 -128 200 ) (16 -248 200 ) (24 -248 200 ) (24 -128 200 ) 
4 197 (16 -248 200 ) (16 -248 0 ) (40 -248 0 ) (40 -248 200 ) 
4 198 (40 -376 8 ) (40 -376 200 ) (24 -376 200 ) (24 -376 8 ) 
4 198 (24 -376 0 ) (40 -376 0 ) (40 -376 8 ) (24 -376 8 ) 
4 198 (16 -376 200 ) (16 -376 0 ) (24 -376 0 ) (24 -376 200 ) 
4 198 (40 -280 200 ) (40 -280 0 ) (16 -280 0 ) (16 -280 200 ) 
4 198 (16 -280 200 ) (16 -376 200 ) (24 -376 200 ) (24 -280 200 ) 
4 199 (40 -384 200 ) (40 -384 8 ) (24 -384 8 ) (24 -384 200 ) 
4 199 (24 -416 8 ) (24 -384 8 ) (40 -384 8 ) (40 -416 8 ) 
4 199 (24 -384 200 ) (24 -416 200 ) (40 -416 200 ) (40 -384 200 ) 
4 199 (24 -384 8 ) (24 -416 8 ) (24 -416 200 ) (24 -384 200 ) 
4 199 (24 -416 200 ) (24 -416 8 ) (40 -416 8 ) (40 -416 200 ) 
4 200 (24 -432 200 ) (24 -432 8 ) (32 -432 8 ) (32 -432 200 ) 
4 200 (40 -424 200 ) (40 -424 8 ) (24 -424 8 ) (24 -424 200 ) 
4 200 (24 -432 8 ) (24 -424 8 ) (40 -424 8 ) (40 -432 8 ) 
4 200 (24 -424 200 ) (24 -432 200 ) (40 -432 200 ) (40 -424 200 ) 
4 200 (40 -424 8 ) (40 -424 200 ) (40 -432 200 ) (40 -432 8 ) 
4 200 (24 -424 8 ) (24 -432 8 ) (24 -432 200 ) (24 -424 200 ) 
4 201 (32 -432 8 ) (40 -432 8 ) (40 -448 8 ) (32 -448 8 ) 
4 201 (32 -432 200 ) (32 -448 200 ) (40 -448 200 ) (40 -432 200 ) 
4 201 (32 -432 200 ) (32 -432 8 ) (32 -448 8 ) (32 -448 200 ) 
4 202 (24 -512 200 ) (24 -512 8 ) (40 -512 8 ) (40 -512 200 ) 
4 202 (32 -448 200 ) (32 -448 8 ) (24 -448 8 ) (24 -448 200 ) 
4 202 (24 -448 8 ) (24 -512 8 ) (24 -512 200 ) (24 -448 200 ) 
4 202 (24 -448 200 ) (24 -512 200 ) (40 -512 200 ) (40 -448 200 ) 
4 202 (24 -512 8 ) (24 -448 8 ) (40 -448 8 ) (40 -512 8 ) 
4 203 (24 -520 8 ) (24 -576 8 ) (24 -576 200 ) (24 -520 200 ) 
4 203 (24 -520 200 ) (24 -576 200 ) (40 -576 200 ) (40 -520 200 ) 
4 203 (24 -576 8 ) (24 -520 8 ) (40 -520 8 ) (40 -576 8 ) 
4 203 (40 -520 200 ) (40 -520 8 ) (24 -520 8 ) (24 -520 200 ) 
4 203 (24 -576 200 ) (24 -576 8 ) (40 -576 8 ) (40 -576 200 ) 
4 204 (40 -584 200 ) (40 -584 8 ) (24 -584 8 ) (24 -584 200 ) 
4 204 (24 -640 8 ) (24 -584 8 ) (40 -584 8 ) (40 -640 8 ) 
4 204 (24 -584 200 ) (24 -640 200 ) (40 -640 200 ) (40 -584 200 ) 
4 204 (24 -584 8 ) (24 -640 8 ) (24 -640 200 ) (24 -584 200 ) 
4 204 (24 -640 200 ) (24 -640 8 ) (40 -640 8 ) (40 -640 200 ) 
4 205 (40 -648 200 ) (40 -648 8 ) (24 -648 8 ) (24 -648 200 ) 
4 205 (24 -680 8 ) (24 -648 8 ) (40 -648 8 ) (40 -680 8 ) 
4 205 (24 -648 200 ) (24 -680 200 ) (40 -680 200 ) (40 -648 200 ) 
4 205 (24 -648 8 ) (24 -680 8 ) (24 -680 200 ) (24 -648 200 ) 
4 205 (24 -680 200 ) (24 -680 8 ) (40 -680 8 ) (40 -680 200 ) 
4 206 (32 -704 200 ) (24 -704 200 ) (24 -704 8 ) (32 -704 8 ) 
4 206 (40 -688 200 ) (40 -688 8 ) (24 -688 8 ) (24 -688 200 ) 
4 206 (24 -704 8 ) (24 -688 8 ) (40 -688 8 ) (40 -704 8 ) 
4 206 (24 -688 200 ) (24 -704 200 ) (40 -704 200 ) (40 -688 200 ) 
4 206 (24 -688 8 ) (24 -704 8 ) (24 -704 200 ) (24 -688 200 ) 
4 207 (8 -80 200 ) (8 -80 0 ) (16 -80 0 ) (16 -80 200 ) 
4 207 (16 0 200 ) (16 -80 200 ) (16 -80 0 ) (16 0 0 ) 
4 207 (8 -80 200 ) (16 -80 200 ) (16 0 200 ) (8 0 200 ) 
4 208 (16 -96 200 ) (8 -96 200 ) (8 -704 200 ) (16 -704 200 ) 
4 208 (16 -96 200 ) (16 -128 200 ) (16 -128 0 ) (16 -96 0 ) 
4 208 (16 -248 200 ) (16 -280 200 ) (16 -280 0 ) (16 -248 0 ) 
4 208 (16 -376 200 ) (16 -704 200 ) (16 -704 0 ) (16 -376 0 ) 
4 208 (16 -96 200 ) (16 -96 0 ) (8 -96 0 ) (8 -96 200 ) 
4 209 (8 -80 200 ) (8 -96 200 ) (8 -96 0 ) (8 -80 0 ) 
4 209 (0 -80 200 ) (8 -80 200 ) (8 0 200 ) (0 0 200 ) 
4 209 (8 -96 200 ) (0 -96 200 ) (0 -704 200 ) (8 -704 200 ) 
4 210 (464 0 224 ) (309.333344 0 245.333328 ) (0 0 320 ) (0 0 336 ) 
4 210 (464 -8 224 ) (0 -8 288 ) (0 0 288 ) (464 0 224 ) 
5 211 (463.967834 -56 208.007782 ) (464 -56 208.003342 ) (464 -56 224 ) (0 -56 336 ) (0 -56 320 ) 
4 211 (0 -8 288 ) (464 -8 224 ) (464 -8 208.003342 ) (0 -8 272.003418 ) 
4 212 (0 -64 272.003418 ) (463.967834 -64 208.007782 ) (309.333649 -64 245.333282 ) (0 -64 288 ) 
4 212 (464 -56 208.001617 ) (0 -56 320.001617 ) (0 -64 320.001617 ) (464 -64 208.001724 ) 
4 213 (309.333649 -64 245.333282 ) (0 -64 320 ) (0 -64 336 ) (464 -64 224 ) 
4 213 (464 -72 224 ) (0 -72 288 ) (0 -64 288 ) (463.991791 -64 224.001328 ) 
5 214 (463.967834 -120 208.007782 ) (464 -120 208.003342 ) (464 -120 224 ) (0 -120 336 ) (0 -120 320 ) 
4 214 (0 -72 288 ) (464 -72 224 ) (464 -72 208.003342 ) (0 -72 272.003418 ) 
4 215 (0 -128 272.003418 ) (463.967834 -128 208.007782 ) (309.333649 -128 245.333282 ) (0 -128 288 ) 
4 215 (464 -120 208.001617 ) (0 -120 320.001617 ) (0 -128 320.001617 ) (464 -128 208.001724 ) 
4 216 (309.333649 -128 245.333282 ) (0 -128 320 ) (0 -128 336 ) (464 -128 224 ) 
4 216 (464 -136 224 ) (0 -136 288 ) (0 -128 288 ) (463.991791 -128 224.001328 ) 
4 217 (176 -176 247.727524 ) (184 -176 246.624069 ) (184 -176 248 ) (176 -176 248 ) 
4 217 (0 -136 288 ) (464 -136 224 ) (464 -136 208.003342 ) (0 -136 272.003418 ) 
4 218 (0 -192 272.003418 ) (174.024582 -192 248 ) (290 -192 248 ) (0 -192 288 ) 
4 218 (0 -184 320.001617 ) (0 -192 320.001617 ) (298.292694 -192 248 ) (298.292542 -184 248 ) 
4 218 (176 -176 248 ) (184 -176 248 ) (184 -192 248 ) (176 -192 248 ) 
5 219 (184 -192 246.624069 ) (463.967834 -192 208.007782 ) (309.333435 -192 245.333328 ) (290 -192 248 ) (184 -192 248 ) 
4 219 (298.292542 -184 248 ) (298.292694 -192 248 ) (464 -192 208.001724 ) (464 -184 208.001678 ) 
4 219 (184 -192 246.622406 ) (184 -192 248 ) (184 -176 248 ) (184 -176 246.620667 ) 
3 220 (174.024582 -192 248 ) (176 -192 247.727524 ) (176 -192 248 ) 
4 220 (176 -176 247.724121 ) (176 -176 248 ) (176 -192 248 ) (176 -192 247.726044 ) 
5 221 (0 -184 319.996094 ) (463.968750 -184 208.003647 ) (464 -184 208 ) (464 -184 224 ) (0 -184 336 ) 
4 222 (464 -248 224 ) (0 -248 336 ) (0 -248 320 ) (309.335968 -248 245.332703 ) 
4 222 (290.001465 -200 248 ) (290.001465 -192 248 ) (463.991791 -192 224.001328 ) (463.992889 -200 224.001175 ) 
4 222 (0 -200 288 ) (0 -192 288 ) (290.001465 -192 248 ) (290.001465 -200 248 ) 
4 222 (309.333649 -192 245.333282 ) (0 -192 320 ) (0 -192 336 ) (464 -192 224 ) 
3 223 (176 -248 248 ) (225.599915 -248 248 ) (176 -248 256 ) 
4 223 (184 -248 248 ) (176 -248 248 ) (176 -200 248 ) (184 -200 248 ) 
4 223 (0 -200 288 ) (290 -200 248 ) (174.001724 -200 248 ) (0 -200 272 ) 
5 224 (184 -248 246.624069 ) (424 -248 213.520584 ) (424 -248 216 ) (225.599884 -248 248 ) (184 -248 248 ) 
4 224 (463.967834 -248 208.007782 ) (464 -248 208.003342 ) (464 -248 224 ) (309.336121 -248 245.332687 ) 
5 224 (184 -200 248 ) (289.995148 -200 248 ) (464 -200 223.998917 ) (464 -200 208 ) (184 -200 246.620667 ) 
4 224 (184 -200 248 ) (184 -200 246.620667 ) (184 -248 246.622406 ) (184 -248 248 ) 
4 225 (176 -200 247.724396 ) (176 -200 248 ) (176 -248 248 ) (176 -248 247.726044 ) 
3 225 (174 -200 248 ) (176 -200 248 ) (176 -200 247.726044 ) 
3 226 (424 -256 213.520599 ) (463.967834 -256 208.007782 ) (424 -256 217.655197 ) 
4 226 (424 -256 213.516571 ) (424 -256 216 ) (424 -248 216 ) (424 -248 213.517242 ) 
4 226 (464 -248 208.001617 ) (424 -248 217.656784 ) (424 -256 217.656891 ) (464 -256 208.001724 ) 
5 227 (424 -256 216 ) (424 -256 217.655197 ) (309.333679 -256 245.333282 ) (176 -256 263.724152 ) (176 -256 256 ) 
4 227 (424 -248 217.656784 ) (176 -248 277.518860 ) (176 -256 277.518890 ) (424 -256 217.656891 ) 
4 227 (176 -256 255.998489 ) (176 -248 255.998489 ) (424 -248 215.998886 ) (424 -256 215.998886 ) 
4 228 (0 -256 272.003418 ) (176 -256 247.727524 ) (176 -256 263.724121 ) (0 -256 288 ) 
4 228 (176 -248 247.724136 ) (176 -248 256 ) (176 -256 256 ) (176 -256 247.718292 ) 
4 228 (176 -248 277.518860 ) (0 -248 320.001617 ) (0 -256 320.001617 ) (176 -256 277.518890 ) 
4 229 (309.333649 -256 245.333282 ) (0 -256 320 ) (0 -256 336 ) (464 -256 224 ) 
4 229 (464 -264 224 ) (0 -264 288 ) (0 -256 288 ) (463.991791 -256 224.001328 ) 
5 230 (463.967834 -312 208.007782 ) (464 -312 208.003342 ) (464 -312 224 ) (0 -312 336 ) (0 -312 320 ) 
4 230 (0 -264 288 ) (464 -264 224 ) (464 -264 208.003342 ) (0 -264 272.003418 ) 
4 231 (0 -320 272.003418 ) (463.967834 -320 208.007782 ) (309.333649 -320 245.333282 ) (0 -320 288 ) 
4 231 (464 -312 208.001617 ) (0 -312 320.001617 ) (0 -320 320.001617 ) (464 -320 208.001724 ) 
4 232 (309.333649 -320 245.333282 ) (0 -320 320 ) (0 -320 336 ) (464 -320 224 ) 
4 232 (464 -328 224 ) (0 -328 288 ) (0 -320 288 ) (463.991791 -320 224.001328 ) 
5 233 (463.967834 -376 208.007782 ) (464 -376 208.003342 ) (464 -376 224 ) (0 -376 336 ) (0 -376 320 ) 
4 233 (0 -328 288 ) (464 -328 224 ) (464 -328 208.003342 ) (0 -328 272.003418 ) 
4 234 (0 -384 272.003418 ) (463.967834 -384 208.007782 ) (309.333649 -384 245.333282 ) (0 -384 288 ) 
4 234 (464 -376 208.001617 ) (0 -376 320.001617 ) (0 -384 320.001617 ) (464 -384 208.001724 ) 
4 235 (309.333649 -384 245.333282 ) (0 -384 320 ) (0 -384 336 ) (464 -384 224 ) 
4 235 (464 -392 224 ) (0 -392 288 ) (0 -384 288 ) (463.991791 -384 224.001328 ) 
5 236 (463.967834 -440 208.007782 ) (464 -440 208.003342 ) (464 -440 224 ) (0 -440 336 ) (0 -440 320 ) 
4 236 (0 -392 288 ) (464 -392 224 ) (464 -392 208.003342 ) (0 -392 272.003418 ) 
4 237 (0 -448 272.003418 ) (463.967834 -448 208.007782 ) (309.333649 -448 245.333282 ) (0 -448 288 ) 
4 237 (464 -440 208.001617 ) (0 -440 320.001617 ) (0 -448 320.001617 ) (464 -448 208.001724 ) 
4 238 (309.333649 -448 245.333282 ) (0 -448 320 ) (0 -448 336 ) (464 -448 224 ) 
4 238 (464 -456 224 ) (0 -456 288 ) (0 -448 288 ) (463.991791 -448 224.001328 ) 
5 239 (463.967834 -504 208.007782 ) (464 -504 208.003342 ) (464 -504 224 ) (0 -504 336 ) (0 -504 320 ) 
4 239 (0 -456 288 ) (464 -456 224 ) (464 -456 208.003342 ) (0 -456 272.003418 ) 
4 240 (0 -512 272.003418 ) (463.967834 -512 208.007782 ) (309.333649 -512 245.333282 ) (0 -512 288 ) 
4 240 (464 -504 208.001617 ) (0 -504 320.001617 ) (0 -512 320.001617 ) (464 -512 208.001724 ) 
4 241 (309.333649 -512 245.333282 ) (0 -512 320 ) (0 -512 336 ) (464 -512 224 ) 
4 241 (464 -520 224 ) (0 -520 288 ) (0 -512 288 ) (463.991791 -512 224.001328 ) 
5 242 (463.967834 -568 208.007782 ) (464 -568 208.003342 ) (464 -568 224 ) (0 -568 336 ) (0 -568 320 ) 
4 242 (0 -520 288 ) (464 -520 224 ) (464 -520 208.003342 ) (0 -520 272.003418 ) 
4 243 (0 -576 272.003418 ) (463.967834 -576 208.007782 ) (309.333649 -576 245.333282 ) (0 -576 288 ) 
4 243 (464 -568 208.001617 ) (0 -568 320.001617 ) (0 -576 320.001617 ) (464 -576 208.001724 ) 
4 244 (309.333649 -576 245.333282 ) (0 -576 320 ) (0 -576 336 ) (464 -576 224 ) 
4 244 (464 -584 224 ) (0 -584 288 ) (0 -576 288 ) (463.991791 -576 224.001328 ) 
5 245 (463.967834 -632 208.007782 ) (464 -632 208.003342 ) (464 -632 224 ) (0 -632 336 ) (0 -632 320 ) 
4 245 (0 -584 288 ) (464 -584 224 ) (464 -584 208.003342 ) (0 -584 272.003418 ) 
4 246 (0 -640 272.003418 ) (463.967834 -640 208.007782 ) (309.333649 -640 245.333282 ) (0 -640 288 ) 
4 246 (464 -632 208.001617 ) (0 -632 320.001617 ) (0 -640 320.001617 ) (464 -640 208.001724 ) 
4 247 (309.333649 -640 245.333282 ) (0 -640 320 ) (0 -640 336 ) (464 -640 224 ) 
4 247 (464 -648 224 ) (0 -648 288 ) (0 -640 288 ) (463.991791 -640 224.001328 ) 
5 248 (463.967834 -688 208.007782 ) (464 -688 208.003342 ) (464 -688 224 ) (0 -688 336 ) (0 -688 320 ) 
4 248 (0 -648 288 ) (464 -648 224 ) (464 -648 208.003342 ) (0 -648 272.003418 ) 
4 249 (0 -696 272.003418 ) (463.967834 -696 208.007782 ) (309.333649 -696 245.333282 ) (0 -696 288 ) 
4 249 (464 -688 208.001617 ) (0 -688 320.001617 ) (0 -696 320.001617 ) (464 -696 208.001724 ) 
4 250 (309.333649 -696 245.333282 ) (0 -696 320 ) (0 -696 336 ) (464 -696 224 ) 
4 250 (464 -704 224 ) (0 -704 288 ) (0 -696 288 ) (463.991791 -696 224.001328 ) 
4 251 (24 -720 208 ) (24 -704 208 ) (424 -704 208 ) (424 -720 208 ) 
4 251 (24 -704 268.689667 ) (24 -704 284.689667 ) (464 -704 224 ) (464 -704 208 ) 
4 252 (424 -704 200 ) (432 -704 200 ) (432 -720 200 ) (424 -720 200 ) 
4 252 (440 -704 200 ) (448 -704 200 ) (448 -720 200 ) (440 -720 200 ) 
4 252 (424 -704 200 ) (424 -720 200 ) (424 -720 208 ) (424 -704 208 ) 
4 253 (16 -704 200 ) (24 -704 200 ) (24 -720 200 ) (16 -720 200 ) 
4 253 (24 -720 208 ) (24 -720 200 ) (24 -704 200 ) (24 -704 208 ) 
4 253 (24 -704 268.689667 ) (0 -704 272 ) (0 -704 288 ) (24 -704 284.689667 ) 
4 253 (24 -704 200 ) (0 -704 200 ) (0 -704 208 ) (24 -704 208 ) 
4 254 (448 -720 0 ) (448 -720 200 ) (448 -704 200 ) (448 -704 0 ) 
4 255 (432 -720 8 ) (432 -720 200 ) (432 -704 200 ) (432 -704 8 ) 
4 255 (440 -704 0 ) (440 -704 200 ) (440 -720 200 ) (440 -720 0 ) 
4 256 (424 -720 0 ) (424 -720 8 ) (424 -704 8 ) (424 -704 0 ) 
4 256 (432 -720 8 ) (432 -704 8 ) (424 -704 8 ) (424 -720 8 ) 
4 257 (368 -704 8 ) (424 -704 8 ) (424 -720 8 ) (368 -720 8 ) 
4 257 (368 -720 200 ) (424 -720 200 ) (424 -704 200 ) (368 -704 200 ) 
4 257 (424 -704 8 ) (424 -704 200 ) (424 -720 200 ) (424 -720 8 ) 
4 257 (368 -704 8 ) (368 -720 8 ) (368 -720 200 ) (368 -704 200 ) 
4 258 (304 -704 8 ) (360 -704 8 ) (360 -720 8 ) (304 -720 8 ) 
4 258 (304 -720 200 ) (360 -720 200 ) (360 -704 200 ) (304 -704 200 ) 
4 258 (360 -704 200 ) (360 -720 200 ) (360 -720 8 ) (360 -704 8 ) 
4 258 (304 -704 8 ) (304 -720 8 ) (304 -720 200 ) (304 -704 200 ) 
4 259 (240 -704 8 ) (240 -720 8 ) (240 -720 200 ) (240 -704 200 ) 
4 259 (240 -704 8 ) (296 -704 8 ) (296 -720 8 ) (240 -720 8 ) 
4 259 (240 -720 200 ) (296 -720 200 ) (296 -704 200 ) (240 -704 200 ) 
4 259 (296 -704 200 ) (296 -720 200 ) (296 -720 8 ) (296 -704 8 ) 
4 260 (176 -704 8 ) (176 -720 8 ) (176 -720 200 ) (176 -704 200 ) 
4 260 (176 -720 200 ) (232 -720 200 ) (232 -704 200 ) (176 -704 200 ) 
4 260 (176 -704 8 ) (232 -704 8 ) (232 -720 8 ) (176 -720 8 ) 
4 260 (232 -704 200 ) (232 -720 200 ) (232 -720 8 ) (232 -704 8 ) 
4 261 (112 -704 8 ) (112 -720 8 ) (112 -720 200 ) (112 -704 200 ) 
4 261 (144 -704 8 ) (144 -704 200 ) (152 -704 200 ) (152 -704 8 ) 
4 261 (112 -720 200 ) (168 -720 200 ) (168 -704 200 ) (112 -704 200 ) 
4 261 (112 -704 8 ) (168 -704 8 ) (168 -720 8 ) (112 -720 8 ) 
4 261 (168 -704 200 ) (168 -720 200 ) (168 -720 8 ) (168 -704 8 ) 
4 262 (32 -720 8 ) (32 -720 200 ) (32 -704 200 ) (32 -704 8 ) 
4 262 (32 -720 200 ) (104 -720 200 ) (104 -704 200 ) (32 -704 200 ) 
4 262 (32 -720 8 ) (32 -704 8 ) (104 -704 8 ) (104 -720 8 ) 
4 262 (104 -704 200 ) (104 -720 200 ) (104 -720 8 ) (104 -704 8 ) 
4 263 (16 -704 0 ) (16 -704 200 ) (16 -720 200 ) (16 -720 0 ) 
4 264 (16 -720 200 ) (32 -720 200 ) (32 -720 0 ) (16 -720 0 ) 
4 264 (112 -720 8 ) (104 -720 8 ) (104 -720 200 ) (112 -720 200 ) 
4 264 (176 -720 8 ) (168 -720 8 ) (168 -720 200 ) (176 -720 200 ) 
4 264 (240 -720 8 ) (232 -720 8 ) (232 -720 200 ) (240 -720 200 ) 
4 264 (304 -720 8 ) (296 -720 8 ) (296 -720 200 ) (304 -720 200 ) 
4 264 (368 -720 8 ) (360 -720 8 ) (360 -720 200 ) (368 -720 200 ) 
4 264 (32 -720 8 ) (424 -720 8 ) (424 -720 0 ) (32 -720 0 ) 
4 264 (424 -720 8 ) (424 -720 200 ) (432 -720 200 ) (432 -720 8 ) 
4 264 (440 -720 200 ) (448 -720 200 ) (448 -720 0 ) (440 -720 0 ) 
4 264 (424 -720 200 ) (24 -720 200 ) (24 -720 208 ) (424 -720 208 ) 
4 265 (956 0 -656 ) (956 0 0 ) (956 -1024 0 ) (956 -1024 -656 ) 
4 265 (16 -720 0 ) (32 -720 0 ) (32 -704 0 ) (16 -704 0 ) 
4 265 (32 -720 0 ) (424 -720 0 ) (424 -704 0 ) (32 -704 0 ) 
4 265 (440 -720 0 ) (448 -720 0 ) (448 -704 0 ) (440 -704 0 ) 
4 265 (8 -80 0 ) (8 -96 0 ) (16 -96 0 ) (16 -80 0 ) 
4 265 (24 -376 0 ) (24 -704 0 ) (40 -704 0 ) (40 -376 0 ) 
4 265 (24 -376 0 ) (16 -376 0 ) (16 -704 0 ) (24 -704 0 ) 
4 265 (16 -248 0 ) (16 -280 0 ) (40 -280 0 ) (40 -248 0 ) 
4 265 (16 -128 0 ) (40 -128 0 ) (40 0 0 ) (16 0 0 ) 
4 265 (144 -448 0 ) (128 -448 0 ) (128 -704 0 ) (144 -704 0 ) 
4 265 (152 -480 0 ) (152 -448 0 ) (144 -448 0 ) (144 -480 0 ) 
4 265 (152 -664 0 ) (144 -664 0 ) (144 -704 0 ) (152 -704 0 ) 
4 265 (152 -448 0 ) (152 -432 0 ) (40 -432 0 ) (40 -448 0 ) 
4 265 (152 -432 0 ) (152 -424 0 ) (40 -424 0 ) (40 -432 0 ) 
4 265 (217 -534 0 ) (217 -526 0 ) (216 -526 0 ) (216 -534 0 ) 
4 265 (217 -678 0 ) (217 -670 0 ) (216 -670 0 ) (216 -678 0 ) 
4 265 (217 -670 0 ) (217 -678 0 ) (224 -678 0 ) (224 -670 0 ) 
4 265 (217 -534 0 ) (224 -534 0 ) (224 -526 0 ) (217 -526 0 ) 
4 265 (352 -534 0 ) (360 -534 0 ) (360 -526 0 ) (352 -526 0 ) 
4 265 (352 -670 0 ) (352 -678 0 ) (360 -678 0 ) (360 -670 0 ) 
4 265 (40 -256 0 ) (40 -272 0 ) (424 -272 0 ) (424 -256 0 ) 
4 265 (152 -248 0 ) (40 -248 0 ) (40 -256 0 ) (152 -256 0 ) 
4 265 (160 -176 0 ) (152 -176 0 ) (152 -256 0 ) (160 -256 0 ) 
4 265 (176 -176 0 ) (160 -176 0 ) (160 -256 0 ) (176 -256 0 ) 
4 265 (184 -176 0 ) (176 -176 0 ) (176 -248 0 ) (184 -248 0 ) 
4 265 (176 -248 0 ) (176 -256 0 ) (424 -256 0 ) (424 -248 0 ) 
4 265 (152 -160 0 ) (152 -176 0 ) (424 -176 0 ) (424 -160 0 ) 
4 265 (40 -128 0 ) (48 -128 0 ) (48 0 0 ) (40 0 0 ) 
4 265 (216 -152 0 ) (152 -152 0 ) (152 -160 0 ) (216 -160 0 ) 
4 265 (416 -96 0 ) (424 -96 0 ) (424 0 0 ) (416 0 0 ) 
4 265 (416 -96 0 ) (416 -160 0 ) (424 -160 0 ) (424 -96 0 ) 
4 265 (424 -456 0 ) (440 -456 0 ) (440 0 0 ) (424 0 0 ) 
4 265 (440 -704 0 ) (448 -704 0 ) (448 0 0 ) (440 0 0 ) 
4 265 (0 0 -656 ) (956 0 -656 ) (956 -1024 -656 ) (0 -1024 -656 ) 
4 266 (956 -1024 1516 ) (0 -1024 1516 ) (0 -1404 1516 ) (956 -1404 1516 ) 
4 266 (0 -1404 1516 ) (0 -1404 1024 ) (956 -1404 1024 ) (956 -1404 1516 ) 
4 266 (956 -1024 1516 ) (956 -1404 1516 ) (956 -1404 1024 ) (956 -1024 1024 ) 
4 267 (0 -1404 0 ) (956 -1404 0 ) (956 -1404 1024 ) (0 -1404 1024 ) 
4 267 (956 -1024 1024 ) (956 -1404 1024 ) (956 -1404 0 ) (956 -1024 0 ) 
4 268 (0 -1404 -656 ) (956 -1404 -656 ) (956 -1404 0 ) (0 -1404 0 ) 
4 268 (0 -1404 -656 ) (0 -1024 -656 ) (956 -1024 -656 ) (956 -1404 -656 ) 
4 268 (956 -1024 0 ) (956 -1404 0 ) (956 -1404 -656 ) (956 -1024 -656 ) 
4 269 (0 1560 1516 ) (-1024 1560 1516 ) (-1024 1024 1516 ) (0 1024 1516 ) 
4 269 (-1024 1560 1516 ) (0 1560 1516 ) (0 1560 1024 ) (-1024 1560 1024 ) 
4 270 (0 1072 32 ) (-328 1072 32 ) (-328 1088 32 ) (0 1088 32 ) 
4 270 (0 1560 1024 ) (0 1560 32 ) (-328 1560 32 ) (-328 1560 1024 ) 
4 271 (0 1088 32 ) (-328 1088 32 ) (-328 1088 16 ) (0 1088 16 ) 
4 271 (0 1560 32 ) (0 1560 0 ) (-328 1560 0 ) (-328 1560 32 ) 
4 272 (-248 1072 0 ) (-80 1072 0 ) (-80 1072 8 ) (-248 1072 8 ) 
4 272 (-328 1072 16 ) (-328 1072 8 ) (0 1072 8 ) (0 1072 16 ) 
4 272 (0 1088 16 ) (-328 1088 16 ) (-328 1072 16 ) (0 1072 16 ) 
4 273 (0 1024 32 ) (-328 1024 32 ) (-328 1072 32 ) (0 1072 32 ) 
4 274 (0 1072 8 ) (-80 1072 8 ) (-80 1024 8 ) (0 1024 8 ) 
4 274 (0 1072 8 ) (0 1024 8 ) (0 1024 0 ) (0 1072 0 ) 
4 274 (-80 1024 8 ) (-80 1072 8 ) (-80 1072 0 ) (-80 1024 0 ) 
4 275 (-248 1024 0 ) (-248 1072 0 ) (-248 1072 8 ) (-248 1024 8 ) 
4 275 (-248 1072 8 ) (-328 1072 8 ) (-328 1024 8 ) (-248 1024 8 ) 
4 276 (-328 1088 16 ) (-328 1088 32 ) (-328 1072 32 ) (-328 1072 16 ) 
4 276 (-328 1072 8 ) (-328 1072 16 ) (-328 1024 16 ) (-328 1024 8 ) 
4 276 (-328 1072 16 ) (-328 1072 32 ) (-328 1024 32 ) (-328 1024 16 ) 
4 276 (-1024 1560 1024 ) (-328 1560 1024 ) (-328 1560 0 ) (-1024 1560 0 ) 
4 277 (0 1024 -656 ) (-1024 1024 -656 ) (-1024 1560 -656 ) (0 1560 -656 ) 
4 277 (-80 1072 0 ) (-248 1072 0 ) (-248 1024 0 ) (-80 1024 0 ) 
4 277 (-1024 1560 0 ) (0 1560 0 ) (0 1560 -656 ) (-1024 1560 -656 ) 
4 278 (0 1024 1516 ) (-1024 1024 1516 ) (-1024 0 1516 ) (0 0 1516 ) 
4 279 (-464 0 224 ) (-464 8 224 ) (0 8 336 ) (0 0 336 ) 
4 279 (-464 64 224 ) (-464 72 224 ) (0 72 336 ) (0 64 336 ) 
4 279 (-464 128 224 ) (-464 136 224 ) (0 136 336 ) (0 128 336 ) 
4 279 (-464 192 224 ) (-464 200 224 ) (0 200 336 ) (0 192 336 ) 
4 279 (-464 256 224 ) (-464 264 224 ) (0 264 336 ) (0 256 336 ) 
4 279 (-464 320 224 ) (-464 328 224 ) (0 328 336 ) (0 320 336 ) 
4 279 (-464 384 224 ) (-464 392 224 ) (0 392 336 ) (0 384 336 ) 
4 279 (-464 448 224 ) (-464 456 224 ) (0 456 336 ) (0 448 336 ) 
4 279 (-464 512 224 ) (-464 520 224 ) (0 520 336 ) (0 512 336 ) 
4 279 (-464 576 224 ) (-464 584 224 ) (0 584 336 ) (0 576 336 ) 
4 279 (-464 640 224 ) (-464 648 224 ) (0 648 336 ) (0 640 336 ) 
4 279 (-464 696 224 ) (-464 704 224 ) (0 704 336 ) (0 696 336 ) 
4 280 (0 184 272 ) (0 192 272 ) (-348.003906 192 224 ) (-348.003906 184 224 ) 
4 280 (0 248 272 ) (0 256 272 ) (-348.003906 256 224 ) (-348.003906 248 224 ) 
4 280 (0 312 272 ) (0 320 272 ) (-348.003906 320 224 ) (-348.003906 312 224 ) 
4 280 (0 376 272 ) (0 384 272 ) (-348.003906 384 224 ) (-348.003906 376 224 ) 
4 280 (0 440 272 ) (0 448 272 ) (-348.003906 448 224 ) (-348.003906 440 224 ) 
4 280 (0 504 272 ) (0 512 272 ) (-348.003906 512 224 ) (-348.003906 504 224 ) 
4 280 (0 568 272 ) (0 576 272 ) (-348.003906 576 224 ) (-348.003906 568 224 ) 
4 280 (0 632 272 ) (0 640 272 ) (-348.003906 640 224 ) (-348.003906 632 224 ) 
4 280 (0 688 272 ) (0 696 272 ) (-348.003906 696 224 ) (-348.003906 688 224 ) 
4 280 (0 120 224 ) (-348 120 224 ) (-348 128 224 ) (0 128 224 ) 
4 281 (-312 184 208 ) (0 184 208 ) (0 128 208 ) (-312 128 208 ) 
4 281 (-312 392 208 ) (-296 392 208 ) (-296 184 208 ) (-312 184 208 ) 
4 281 (-448 696 208 ) (-16 696 208 ) (-16 680 208 ) (-448 680 208 ) 
4 281 (0 760 208 ) (0 680 208 ) (-16 680 208 ) (-16 760 208 ) 
4 281 (-464 192 208 ) (-464 184 208 ) (-348.003906 184 224 ) (-348.003906 192 224 ) 
4 281 (-464 256 208 ) (-464 248 208 ) (-348.003906 248 224 ) (-348.003906 256 224 ) 
4 281 (-464 320 208 ) (-464 312 208 ) (-348.003906 312 224 ) (-348.003906 320 224 ) 
4 281 (-464 384 208 ) (-464 376 208 ) (-348.003906 376 224 ) (-348.003906 384 224 ) 
4 281 (-464 448 208 ) (-464 440 208 ) (-348.003906 440 224 ) (-348.003906 448 224 ) 
4 281 (-464 512 208 ) (-464 504 208 ) (-348.003906 504 224 ) (-348.003906 512 224 ) 
4 281 (-464 576 208 ) (-464 568 208 ) (-348.003906 568 224 ) (-348.003906 576 224 ) 
4 281 (-464 640 208 ) (-464 632 208 ) (-348.003906 632 224 ) (-348.003906 640 224 ) 
4 281 (-464 696 208 ) (-464 688 208 ) (-348.003906 688 224 ) (-348.003906 696 224 ) 
4 281 (0 128 224 ) (-348 128 224 ) (-464 128 208 ) (0 128 208 ) 
4 282 (-312 120 208 ) (0 120 208 ) (0 64 208 ) (-312 64 208 ) 
4 282 (-464 64 208 ) (0 64 208 ) (0 64 224 ) (-348 64 224 ) 
4 282 (0 120 224 ) (0 120 208 ) (-463.952454 120 208 ) (-347.952515 120 224 ) 
4 283 (0 704 320 ) (0 704 336.003174 ) (-464 704 224.003067 ) (-464 704 208 ) 
5 284 (-463.943268 696 208 ) (0 696 271.992188 ) (0 696 288 ) (-309.333344 696 245.333328 ) (-464 696 208 ) 
4 284 (0 704 320.001709 ) (-464 704 208.001846 ) (-464 696 208.001617 ) (0 696 320.001617 ) 
5 285 (-309.333344 696 245.333328 ) (-464 696 224 ) (-464 696 224.003067 ) (0 696 336.003174 ) (0 696 320 ) 
4 285 (0 688 288 ) (-463.991791 688 224.001328 ) (-464 696 224 ) (0 696 288 ) 
4 286 (0 648 320 ) (0 648 336.003174 ) (-464 648 224.003067 ) (-464 648 208 ) 
5 286 (-464 688 208 ) (-464 688 224 ) (0 688 288 ) (0 688 271.992188 ) (-463.943268 688 208 ) 
5 287 (-463.943268 640 208 ) (0 640 271.992188 ) (0 640 288 ) (-309.333344 640 245.333328 ) (-464 640 208 ) 
4 287 (0 648 320.001709 ) (-464 648 208.001846 ) (-464 640 208.001617 ) (0 640 320.001617 ) 
5 288 (-309.333344 640 245.333328 ) (-464 640 224 ) (-464 640 224.003067 ) (0 640 336.003174 ) (0 640 320 ) 
4 288 (0 632 288 ) (-463.991791 632 224.001328 ) (-464 640 224 ) (0 640 288 ) 
4 289 (0 584 320 ) (0 584 336.003174 ) (-464 584 224.003067 ) (-464 584 208 ) 
5 289 (-464 632 208 ) (-464 632 224 ) (0 632 288 ) (0 632 271.992188 ) (-463.943268 632 208 ) 
5 290 (-463.943268 576 208 ) (0 576 271.992188 ) (0 576 288 ) (-309.333344 576 245.333328 ) (-464 576 208 ) 
4 290 (0 584 320.001709 ) (-464 584 208.001846 ) (-464 576 208.001617 ) (0 576 320.001617 ) 
5 291 (-309.333344 576 245.333328 ) (-464 576 224 ) (-464 576 224.003067 ) (0 576 336.003174 ) (0 576 320 ) 
4 291 (0 568 288 ) (-463.991791 568 224.001328 ) (-464 576 224 ) (0 576 288 ) 
4 292 (0 520 320 ) (0 520 336.003174 ) (-464 520 224.003067 ) (-464 520 208 ) 
5 292 (-464 568 208 ) (-464 568 224 ) (0 568 288 ) (0 568 271.992188 ) (-463.943268 568 208 ) 
5 293 (-463.943268 512 208 ) (0 512 271.992188 ) (0 512 288 ) (-309.333344 512 245.333328 ) (-464 512 208 ) 
4 293 (0 520 320.001709 ) (-464 520 208.001846 ) (-464 512 208.001617 ) (0 512 320.001617 ) 
5 294 (-309.333344 512 245.333328 ) (-464 512 224 ) (-464 512 224.003067 ) (0 512 336.003174 ) (0 512 320 ) 
4 294 (0 504 288 ) (-463.991791 504 224.001328 ) (-464 512 224 ) (0 512 288 ) 
4 295 (0 456 320 ) (0 456 336.003174 ) (-464 456 224.003067 ) (-464 456 208 ) 
5 295 (-464 504 208 ) (-464 504 224 ) (0 504 288 ) (0 504 271.992188 ) (-463.943268 504 208 ) 
5 296 (-463.943268 448 208 ) (0 448 271.992188 ) (0 448 288 ) (-309.333344 448 245.333328 ) (-464 448 208 ) 
4 296 (0 456 320.001709 ) (-464 456 208.001846 ) (-464 448 208.001617 ) (0 448 320.001617 ) 
5 297 (-309.333344 448 245.333328 ) (-464 448 224 ) (-464 448 224.003067 ) (0 448 336.003174 ) (0 448 320 ) 
4 297 (0 440 288 ) (-463.991791 440 224.001328 ) (-464 448 224 ) (0 448 288 ) 
4 298 (0 392 320 ) (0 392 336.003174 ) (-464 392 224.003067 ) (-464 392 208 ) 
5 298 (-464 440 208 ) (-464 440 224 ) (0 440 288 ) (0 440 271.992188 ) (-463.943268 440 208 ) 
5 299 (-463.943268 384 208 ) (0 384 271.992188 ) (0 384 288 ) (-309.333344 384 245.333328 ) (-464 384 208 ) 
4 299 (0 392 320.001709 ) (-464 392 208.001846 ) (-464 384 208.001617 ) (0 384 320.001617 ) 
5 300 (-309.333344 384 245.333328 ) (-464 384 224 ) (-464 384 224.003067 ) (0 384 336.003174 ) (0 384 320 ) 
4 300 (0 376 288 ) (-463.991791 376 224.001328 ) (-464 384 224 ) (0 384 288 ) 
4 301 (0 328 320 ) (0 328 336.003174 ) (-464 328 224.003067 ) (-464 328 208 ) 
5 301 (-464 376 208 ) (-464 376 224 ) (0 376 288 ) (0 376 271.992188 ) (-463.943268 376 208 ) 
5 302 (-463.943268 320 208 ) (0 320 271.992188 ) (0 320 288 ) (-309.333344 320 245.333328 ) (-464 320 208 ) 
4 302 (0 328 320.001709 ) (-464 328 208.001846 ) (-464 320 208.001617 ) (0 320 320.001617 ) 
5 303 (-309.333344 320 245.333328 ) (-464 320 224 ) (-464 320 224.003067 ) (0 320 336.003174 ) (0 320 320 ) 
4 303 (0 312 288 ) (-463.991791 312 224.001328 ) (-464 320 224 ) (0 320 288 ) 
4 304 (0 264 320 ) (0 264 336.003174 ) (-464 264 224.003067 ) (-464 264 208 ) 
5 304 (-464 312 208 ) (-464 312 224 ) (0 312 288 ) (0 312 271.992188 ) (-463.943268 312 208 ) 
5 305 (-463.943268 256 208 ) (0 256 271.992188 ) (0 256 288 ) (-309.333344 256 245.333328 ) (-464 256 208 ) 
4 305 (0 264 320.001709 ) (-464 264 208.001846 ) (-464 256 208.001617 ) (0 256 320.001617 ) 
5 306 (-309.333344 256 245.333328 ) (-464 256 224 ) (-464 256 224.003067 ) (0 256 336.003174 ) (0 256 320 ) 
4 306 (0 248 288 ) (-463.991791 248 224.001328 ) (-464 256 224 ) (0 256 288 ) 
4 307 (0 200 320 ) (0 200 336.003174 ) (-464 200 224.003067 ) (-464 200 208 ) 
5 307 (-464 248 208 ) (-464 248 224 ) (0 248 288 ) (0 248 271.992188 ) (-463.943268 248 208 ) 
5 308 (-463.943268 192 208 ) (0 192 271.992188 ) (0 192 288 ) (-309.333344 192 245.333328 ) (-464 192 208 ) 
4 308 (0 200 320.001709 ) (-464 200 208.001846 ) (-464 192 208.001617 ) (0 192 320.001617 ) 
5 309 (-309.333344 192 245.333328 ) (-464 192 224 ) (-464 192 224.003067 ) (0 192 336.003174 ) (0 192 320 ) 
4 309 (0 184 288 ) (-463.991791 184 224.001328 ) (-464 192 224 ) (0 192 288 ) 
4 310 (0 136 320 ) (0 136 336.003174 ) (-464 136 224.003067 ) (-464 136 208 ) 
5 310 (-464 184 208 ) (-464 184 224 ) (0 184 288 ) (0 184 271.992188 ) (-463.943268 184 208 ) 
4 311 (-463.943268 128 208 ) (-347.943298 128 224 ) (-397.714294 128 224 ) (-464 128 208 ) 
4 311 (0 136 320.001709 ) (-464 136 208.001846 ) (-464 128 208.001617 ) (0 128 320.001617 ) 
5 312 (-397.714294 128 224 ) (-464 128 224 ) (-464 128 224.003067 ) (0 128 336.003174 ) (0 128 320 ) 
4 312 (0 120 288 ) (0 120 272 ) (0 128 272 ) (0 128 288 ) 
4 312 (-348 120 224 ) (-464 120 224 ) (-464 128 224 ) (-348.007812 128 224 ) 
4 313 (0 72 320 ) (0 72 336.003174 ) (-464 72 224.003067 ) (-464 72 208 ) 
4 313 (-464 120 208 ) (-464 120 224 ) (-347.943298 120 224 ) (-463.943268 120 208 ) 
3 314 (-464 64 208 ) (-348 64 224 ) (-397.714294 64 224 ) 
4 314 (0 72 320.001709 ) (-464 72 208.001846 ) (-464 64 208.001617 ) (0 64 320.001617 ) 
4 315 (0 64 320 ) (-397.714294 64 224 ) (-463.965637 64 224 ) (0 64 335.991791 ) 
4 315 (0 56 288 ) (0 56 272 ) (0 64 272 ) (0 64 288 ) 
4 315 (0 56 224 ) (-464 56 224 ) (-464 64 224 ) (0 64 224 ) 
4 316 (-312 56 208 ) (0 56 208 ) (0 8 208 ) (-312 8 208 ) 
4 316 (0 8 335.991791 ) (-464 8 223.991699 ) (-464 8 208 ) (0 8 320 ) 
5 316 (0 56 224 ) (0 56 208 ) (-464 56 208 ) (-464 56 223.991699 ) (-463.965637 56 224 ) 
4 317 (0 0 208 ) (0 0 224 ) (-397.714294 0 224 ) (-464 0 208 ) 
4 317 (-424 0 208 ) (-440 0 208 ) (-440 8 208 ) (-424 8 208 ) 
4 317 (0 0 208 ) (-312 0 208 ) (-312 8 208 ) (0 8 208 ) 
4 317 (0 8 320.003601 ) (-464 8 208.003677 ) (-464 0 208.003677 ) (0 0 320.003571 ) 
4 318 (0 768 200 ) (0 760 200 ) (-16 760 200 ) (-16 768 200 ) 
4 318 (-16 760 208 ) (-16 760 200 ) (0 760 200 ) (0 760 208 ) 
4 319 (0 192 200 ) (0 184 200 ) (-16 184 200 ) (-16 192 200 ) 
4 319 (0 680 200 ) (0 672 200 ) (-16 672 200 ) (-16 680 200 ) 
4 319 (-16 184 200 ) (0 184 200 ) (0 184 208 ) (-16 184 208 ) 
4 319 (0 680 208 ) (0 680 200 ) (-16 680 200 ) (-16 680 208 ) 
4 320 (-24 704 200 ) (-24 696 200 ) (-64 696 200 ) (-64 704 200 ) 
4 320 (-24 768 200 ) (-16 768 200 ) (-16 696 200 ) (-24 696 200 ) 
4 320 (-448 696 200 ) (-16 696 200 ) (-16 696 208 ) (-448 696 208 ) 
4 320 (-16 760 208 ) (-16 696 208 ) (-16 696 200 ) (-16 760 200 ) 
4 321 (-448 680 208 ) (-448 680 200 ) (-448 696 200 ) (-448 696 208 ) 
4 322 (-64 680 200 ) (-16 680 200 ) (-16 672 200 ) (-64 672 200 ) 
4 322 (-312 392 200 ) (-296 392 200 ) (-296 392 208 ) (-312 392 208 ) 
4 322 (-448 680 208 ) (-16 680 208 ) (-16 680 200 ) (-448 680 200 ) 
4 323 (-16 192 200 ) (-16 184 200 ) (-168 184 200 ) (-168 192 200 ) 
4 323 (-296 184 200 ) (-16 184 200 ) (-16 184 208 ) (-296 184 208 ) 
4 323 (-296 392 208 ) (-296 392 200 ) (-296 184 200 ) (-296 184 208 ) 
4 324 (-312 184 208 ) (-312 184 200 ) (-312 392 200 ) (-312 392 208 ) 
4 325 (-424 8 200 ) (-424 0 200 ) (-424 0 208 ) (-424 8 208 ) 
4 325 (-312 0 208 ) (-312 0 200 ) (-312 184 200 ) (-312 184 208 ) 
4 325 (-424 56 208 ) (-312 56 208 ) (-312 64 208 ) (-424 64 208 ) 
4 325 (-424 120 208 ) (-312 120 208 ) (-312 128 208 ) (-424 128 208 ) 
4 326 (-432 24 200 ) (-424 24 200 ) (-424 8 200 ) (-432 8 200 ) 
4 326 (-440 120 208 ) (-424 120 208 ) (-424 128 208 ) (-440 128 208 ) 
4 326 (-440 56 208 ) (-424 56 208 ) (-424 64 208 ) (-440 64 208 ) 
4 326 (-440 8 208 ) (-440 8 200 ) (-424 8 200 ) (-424 8 208 ) 
4 327 (-440 8 208 ) (-440 0 208 ) (-440 0 200 ) (-440 8 200 ) 
4 327 (-440 56 208 ) (-440 64 208 ) (-464 64 208 ) (-464 56 208 ) 
4 327 (-440 120 208 ) (-440 128 208 ) (-464 128 208 ) (-464 120 208 ) 
4 328 (0 768 200 ) (-24 768 200 ) (-24 768 32 ) (0 768 32 ) 
4 328 (-328 1008 32 ) (-328 1024 32 ) (0 1024 32 ) (0 1008 32 ) 
4 329 (0 768 16 ) (0 768 32 ) (-24 768 32 ) (-24 768 16 ) 
4 329 (0 1008 32 ) (0 1008 16 ) (-328 1008 16 ) (-328 1008 32 ) 
4 330 (-24 768 0 ) (0 768 0 ) (0 768 16 ) (-24 768 16 ) 
4 330 (0 1008 16 ) (0 1024 16 ) (-328 1024 16 ) (-328 1008 16 ) 
4 330 (-248 1024 8 ) (-80 1024 8 ) (-80 1024 0 ) (-248 1024 0 ) 
4 330 (-328 1024 8 ) (-328 1024 16 ) (0 1024 16 ) (0 1024 8 ) 
4 331 (-328 1008 16 ) (-328 1024 16 ) (-328 1024 32 ) (-328 1008 32 ) 
4 332 (-64 704 0 ) (-24 704 0 ) (-24 704 200 ) (-64 704 200 ) 
4 332 (-24 704 200 ) (-24 704 0 ) (-24 768 0 ) (-24 768 200 ) 
4 333 (-296 696 8 ) (-296 696 0 ) (-64 696 0 ) (-64 696 8 ) 
4 333 (-64 696 200 ) (-64 696 0 ) (-64 704 0 ) (-64 704 200 ) 
4 334 (0 632 40 ) (-8 632 40 ) (-8 672 40 ) (0 672 40 ) 
4 334 (0 672 200 ) (0 672 40 ) (-64 672 40 ) (-64 672 200 ) 
4 335 (-8 672 24 ) (0 672 24 ) (0 672 0 ) (-8 672 0 ) 
4 335 (0 640 24 ) (0 640 0 ) (0 672 0 ) (0 672 24 ) 
4 335 (0 672 24 ) (-8 672 24 ) (-8 632 24 ) (0 632 24 ) 
4 336 (-8 672 24 ) (-8 672 40 ) (-8 632 40 ) (-8 632 24 ) 
4 336 (-8 672 40 ) (-8 672 0 ) (-64 672 0 ) (-64 672 40 ) 
4 337 (-64 680 200 ) (-64 680 8 ) (-64 696 8 ) (-64 696 200 ) 
4 337 (-296 680 200 ) (-64 680 200 ) (-64 696 200 ) (-296 696 200 ) 
4 337 (-64 680 8 ) (-296 680 8 ) (-296 696 8 ) (-64 696 8 ) 
4 338 (-64 680 8 ) (-64 680 0 ) (-296 680 0 ) (-296 680 8 ) 
4 338 (-64 680 200 ) (-64 672 200 ) (-64 672 0 ) (-64 680 0 ) 
4 339 (-8 632 24 ) (-8 632 40 ) (0 632 40 ) (0 632 24 ) 
4 339 (-168 192 200 ) (-168 192 0 ) (0 192 0 ) (0 192 200 ) 
4 340 (-8 168 200 ) (-16 168 200 ) (-16 168 8 ) (-8 168 8 ) 
4 340 (-8 168 200 ) (-8 168 8 ) (-8 184 8 ) (-8 184 200 ) 
4 340 (-64 168 200 ) (-8 168 200 ) (-8 184 200 ) (-64 184 200 ) 
4 340 (-64 184 200 ) (-8 184 200 ) (-8 184 8 ) (-64 184 8 ) 
4 340 (-8 168 8 ) (-64 168 8 ) (-64 184 8 ) (-8 184 8 ) 
4 340 (-64 184 200 ) (-64 184 8 ) (-64 168 8 ) (-64 168 200 ) 
4 341 (-72 168 200 ) (-72 168 8 ) (-72 184 8 ) (-72 184 200 ) 
4 341 (-152 184 200 ) (-152 184 8 ) (-152 168 8 ) (-152 168 200 ) 
4 341 (-72 168 8 ) (-152 168 8 ) (-152 184 8 ) (-72 184 8 ) 
4 341 (-152 184 200 ) (-72 184 200 ) (-72 184 8 ) (-152 184 8 ) 
4 341 (-152 168 200 ) (-72 168 200 ) (-72 184 200 ) (-152 184 200 ) 
4 342 (-296 392 0 ) (-296 168 0 ) (-296 168 8 ) (-296 392 8 ) 
4 342 (-296 176 200 ) (-296 184 200 ) (-296 184 8 ) (-296 176 8 ) 
4 342 (-296 240 200 ) (-296 248 200 ) (-296 248 8 ) (-296 240 8 ) 
4 342 (-296 288 200 ) (-296 304 200 ) (-296 304 8 ) (-296 288 8 ) 
4 342 (-296 304 200 ) (-296 312 200 ) (-296 312 8 ) (-296 304 8 ) 
4 342 (-296 368 200 ) (-296 376 200 ) (-296 376 8 ) (-296 368 8 ) 
4 342 (-168 184 8 ) (-168 184 200 ) (-168 168 200 ) (-168 168 8 ) 
4 342 (-168 184 8 ) (-168 168 8 ) (-168 168 0 ) (-168 184 0 ) 
4 342 (-168 192 200 ) (-168 184 200 ) (-168 184 0 ) (-168 192 0 ) 
4 342 (-168 168 200 ) (-168 184 200 ) (-296 184 200 ) (-296 168 200 ) 
4 343 (-8 24 200 ) (-8 120 200 ) (-8 120 8 ) (-8 24 8 ) 
4 343 (-8 24 8 ) (-8 120 8 ) (0 120 8 ) (0 24 8 ) 
4 343 (-8 120 200 ) (-8 24 200 ) (0 24 200 ) (0 120 200 ) 
4 343 (0 120 200 ) (0 120 8 ) (-8 120 8 ) (-8 120 200 ) 
4 343 (-8 24 200 ) (-8 24 8 ) (0 24 8 ) (0 24 200 ) 
4 344 (-144 64 8 ) (-144 56 8 ) (-144 56 200 ) (-144 64 200 ) 
4 344 (-144 128 8 ) (-144 120 8 ) (-144 120 200 ) (-144 128 200 ) 
4 344 (-144 168 8 ) (-144 168 0 ) (-144 8 0 ) (-144 8 8 ) 
4 344 (-64 168 8 ) (-72 168 8 ) (-72 168 200 ) (-64 168 200 ) 
4 344 (-144 168 8 ) (-16 168 8 ) (-16 168 0 ) (-144 168 0 ) 
4 344 (-16 8 200 ) (-16 168 200 ) (-144 168 200 ) (-144 8 200 ) 
4 344 (-16 8 200 ) (-16 8 0 ) (-16 168 0 ) (-16 168 200 ) 
4 345 (-144 8 0 ) (-144 0 0 ) (-144 0 8 ) (-144 8 8 ) 
4 345 (-16 8 200 ) (-8 8 200 ) (-8 8 0 ) (-16 8 0 ) 
4 345 (-8 8 8 ) (-8 8 200 ) (0 8 200 ) (0 8 8 ) 
4 345 (-8 8 8 ) (0 8 8 ) (0 8 0 ) (-8 8 0 ) 
4 345 (0 8 200 ) (-144 8 200 ) (-144 0 200 ) (0 0 200 ) 
4 346 (-160 168 200 ) (-160 168 8 ) (-160 128 8 ) (-160 128 200 ) 
4 346 (-144 128 200 ) (-144 168 200 ) (-160 168 200 ) (-160 128 200 ) 
4 346 (-152 168 8 ) (-160 168 8 ) (-160 168 200 ) (-152 168 200 ) 
4 346 (-160 168 8 ) (-144 168 8 ) (-144 128 8 ) (-160 128 8 ) 
4 346 (-160 128 200 ) (-160 128 8 ) (-144 128 8 ) (-144 128 200 ) 
4 347 (-160 64 200 ) (-160 64 8 ) (-144 64 8 ) (-144 64 200 ) 
4 347 (-144 120 200 ) (-144 120 8 ) (-160 120 8 ) (-160 120 200 ) 
4 347 (-144 120 8 ) (-144 64 8 ) (-160 64 8 ) (-160 120 8 ) 
4 347 (-144 64 200 ) (-144 120 200 ) (-160 120 200 ) (-160 64 200 ) 
4 347 (-160 120 8 ) (-160 64 8 ) (-160 64 200 ) (-160 120 200 ) 
4 348 (-144 0 8 ) (-144 0 200 ) (-160 0 200 ) (-160 0 8 ) 
4 348 (-144 56 8 ) (-144 0 8 ) (-160 0 8 ) (-160 56 8 ) 
4 348 (-144 56 200 ) (-160 56 200 ) (-160 0 200 ) (-144 0 200 ) 
4 348 (-160 56 8 ) (-160 0 8 ) (-160 0 200 ) (-160 56 200 ) 
4 348 (-144 56 200 ) (-144 56 8 ) (-160 56 8 ) (-160 56 200 ) 
4 349 (-296 168 0 ) (-296 0 0 ) (-296 0 8 ) (-296 168 8 ) 
4 349 (-296 112 200 ) (-296 120 200 ) (-296 120 8 ) (-296 112 8 ) 
4 349 (-296 48 200 ) (-296 56 200 ) (-296 56 8 ) (-296 48 8 ) 
4 349 (-168 0 200 ) (-168 0 8 ) (-168 168 8 ) (-168 168 200 ) 
4 349 (-168 0 8 ) (-168 0 0 ) (-168 168 0 ) (-168 168 8 ) 
4 349 (-168 168 200 ) (-296 168 200 ) (-296 0 200 ) (-168 0 200 ) 
4 350 (-312 696 8 ) (-312 680 8 ) (-312 680 200 ) (-312 696 200 ) 
4 350 (-312 680 8 ) (-312 696 8 ) (-296 696 8 ) (-296 680 8 ) 
4 350 (-312 376 8 ) (-312 392 8 ) (-296 392 8 ) (-296 376 8 ) 
4 350 (-312 376 200 ) (-296 376 200 ) (-296 392 200 ) (-312 392 200 ) 
4 350 (-312 680 200 ) (-296 680 200 ) (-296 696 200 ) (-312 696 200 ) 
4 350 (-312 376 200 ) (-312 376 8 ) (-296 376 8 ) (-296 376 200 ) 
4 351 (-312 312 8 ) (-312 368 8 ) (-296 368 8 ) (-296 312 8 ) 
4 351 (-312 312 200 ) (-312 312 8 ) (-296 312 8 ) (-296 312 200 ) 
4 351 (-312 368 200 ) (-312 312 200 ) (-296 312 200 ) (-296 368 200 ) 
4 351 (-296 368 200 ) (-296 368 8 ) (-312 368 8 ) (-312 368 200 ) 
4 352 (-312 288 8 ) (-312 304 8 ) (-304 304 8 ) (-304 288 8 ) 
4 352 (-304 304 200 ) (-304 304 8 ) (-312 304 8 ) (-312 304 200 ) 
4 352 (-304 304 200 ) (-312 304 200 ) (-312 288 200 ) (-304 288 200 ) 
4 352 (-304 288 200 ) (-304 288 8 ) (-304 304 8 ) (-304 304 200 ) 
4 353 (-312 248 8 ) (-312 288 8 ) (-296 288 8 ) (-296 248 8 ) 
4 353 (-312 248 200 ) (-312 248 8 ) (-296 248 8 ) (-296 248 200 ) 
4 353 (-304 288 200 ) (-296 288 200 ) (-296 288 8 ) (-304 288 8 ) 
4 353 (-312 288 200 ) (-312 248 200 ) (-296 248 200 ) (-296 288 200 ) 
4 354 (-312 184 8 ) (-312 240 8 ) (-296 240 8 ) (-296 184 8 ) 
4 354 (-312 184 200 ) (-312 184 8 ) (-296 184 8 ) (-296 184 200 ) 
4 354 (-312 240 200 ) (-312 184 200 ) (-296 184 200 ) (-296 240 200 ) 
4 354 (-296 240 200 ) (-296 240 8 ) (-312 240 8 ) (-312 240 200 ) 
4 355 (-312 120 8 ) (-312 176 8 ) (-296 176 8 ) (-296 120 8 ) 
4 355 (-296 120 200 ) (-296 176 200 ) (-312 176 200 ) (-312 120 200 ) 
4 355 (-312 120 200 ) (-312 120 8 ) (-296 120 8 ) (-296 120 200 ) 
4 355 (-296 176 200 ) (-296 176 8 ) (-312 176 8 ) (-312 176 200 ) 
4 356 (-312 56 8 ) (-312 112 8 ) (-296 112 8 ) (-296 56 8 ) 
4 356 (-296 112 200 ) (-296 112 8 ) (-312 112 8 ) (-312 112 200 ) 
4 356 (-296 56 200 ) (-296 112 200 ) (-312 112 200 ) (-312 56 200 ) 
4 356 (-312 56 200 ) (-312 56 8 ) (-296 56 8 ) (-296 56 200 ) 
4 357 (-312 0 8 ) (-312 48 8 ) (-296 48 8 ) (-296 0 8 ) 
4 357 (-296 48 200 ) (-296 48 8 ) (-312 48 8 ) (-312 48 200 ) 
4 357 (-296 48 200 ) (-312 48 200 ) (-312 0 200 ) (-296 0 200 ) 
4 358 (-296 696 0 ) (-296 696 8 ) (-312 696 8 ) (-312 696 0 ) 
4 359 (-296 392 0 ) (-296 392 8 ) (-312 392 8 ) (-312 392 0 ) 
4 359 (-312 680 0 ) (-312 680 8 ) (-296 680 8 ) (-296 680 0 ) 
4 360 (-320 696 8 ) (-312 696 8 ) (-312 696 200 ) (-320 696 200 ) 
4 361 (-312 376 200 ) (-312 368 200 ) (-312 368 8 ) (-312 376 8 ) 
4 361 (-312 312 200 ) (-312 304 200 ) (-312 304 8 ) (-312 312 8 ) 
4 361 (-312 56 200 ) (-312 48 200 ) (-312 48 8 ) (-312 56 8 ) 
4 361 (-312 248 200 ) (-312 240 200 ) (-312 240 8 ) (-312 248 8 ) 
4 361 (-312 120 200 ) (-312 112 200 ) (-312 112 8 ) (-312 120 8 ) 
4 361 (-312 184 200 ) (-312 176 200 ) (-312 176 8 ) (-312 184 8 ) 
4 361 (-312 680 200 ) (-312 680 8 ) (-320 680 8 ) (-320 680 200 ) 
4 362 (-424 680 8 ) (-424 696 8 ) (-320 696 8 ) (-320 680 8 ) 
4 362 (-424 24 8 ) (-424 0 8 ) (-424 0 200 ) (-424 24 200 ) 
4 362 (-320 680 200 ) (-320 680 8 ) (-320 696 8 ) (-320 696 200 ) 
4 362 (-424 680 200 ) (-320 680 200 ) (-320 696 200 ) (-424 696 200 ) 
4 363 (-448 696 8 ) (-424 696 8 ) (-424 680 8 ) (-448 680 8 ) 
4 363 (-432 24 8 ) (-424 24 8 ) (-424 24 200 ) (-432 24 200 ) 
4 363 (-448 680 200 ) (-424 680 200 ) (-424 696 200 ) (-448 696 200 ) 
4 364 (-432 8 200 ) (-432 8 8 ) (-432 24 8 ) (-432 24 200 ) 
4 364 (-440 8 200 ) (-440 8 8 ) (-432 8 8 ) (-432 8 200 ) 
4 365 (-440 8 200 ) (-440 0 200 ) (-440 0 8 ) (-440 8 8 ) 
4 366 (-312 696 0 ) (-312 696 8 ) (-448 696 8 ) (-448 696 0 ) 
4 367 (-424 8 8 ) (-440 8 8 ) (-440 8 0 ) (-424 8 0 ) 
4 367 (-432 8 8 ) (-424 8 8 ) (-424 24 8 ) (-432 24 8 ) 
4 367 (-312 392 8 ) (-312 8 8 ) (-312 8 0 ) (-312 392 0 ) 
4 367 (-312 680 8 ) (-312 680 0 ) (-448 680 0 ) (-448 680 8 ) 
4 368 (-448 680 8 ) (-448 680 0 ) (-448 696 0 ) (-448 696 8 ) 
4 369 (-424 8 8 ) (-424 8 0 ) (-424 0 0 ) (-424 0 8 ) 
4 369 (-312 8 8 ) (-312 0 8 ) (-312 0 0 ) (-312 8 0 ) 
4 370 (-440 0 8 ) (-440 0 0 ) (-440 8 0 ) (-440 8 8 ) 
4 371 (-464 8 208 ) (-464 8 224 ) (-464 0 224 ) (-464 0 208 ) 
4 371 (-464 56 208 ) (-464 64 208 ) (-464 64 224 ) (-464 56 224 ) 
4 371 (-464 64 208 ) (-464 72 208 ) (-464 72 224 ) (-464 64 224 ) 
4 371 (-464 120 208 ) (-464 128 208 ) (-464 128 224 ) (-464 120 224 ) 
4 371 (-464 128 208 ) (-464 136 208 ) (-464 136 224 ) (-464 128 224 ) 
4 371 (-464 184 208 ) (-464 192 208 ) (-464 192 224 ) (-464 184 224 ) 
4 371 (-464 192 208 ) (-464 200 208 ) (-464 200 224 ) (-464 192 224 ) 
4 371 (-464 248 208 ) (-464 256 208 ) (-464 256 224 ) (-464 248 224 ) 
4 371 (-464 256 208 ) (-464 264 208 ) (-464 264 224 ) (-464 256 224 ) 
4 371 (-464 312 208 ) (-464 320 208 ) (-464 320 224 ) (-464 312 224 ) 
4 371 (-464 320 208 ) (-464 328 208 ) (-464 328 224 ) (-464 320 224 ) 
4 371 (-464 376 208 ) (-464 384 208 ) (-464 384 224 ) (-464 376 224 ) 
4 371 (-464 384 208 ) (-464 392 208 ) (-464 392 224 ) (-464 384 224 ) 
4 371 (-464 440 208 ) (-464 448 208 ) (-464 448 224 ) (-464 440 224 ) 
4 371 (-464 448 208 ) (-464 456 208 ) (-464 456 224 ) (-464 448 224 ) 
4 371 (-464 504 208 ) (-464 512 208 ) (-464 512 224 ) (-464 504 224 ) 
4 371 (-464 512 208 ) (-464 520 208 ) (-464 520 224 ) (-464 512 224 ) 
4 371 (-464 568 208 ) (-464 576 208 ) (-464 576 224 ) (-464 568 224 ) 
4 371 (-464 576 208 ) (-464 584 208 ) (-464 584 224 ) (-464 576 224 ) 
4 371 (-464 632 208 ) (-464 640 208 ) (-464 640 224 ) (-464 632 224 ) 
4 371 (-464 640 208 ) (-464 648 208 ) (-464 648 224 ) (-464 640 224 ) 
4 371 (-464 688 208 ) (-464 696 208 ) (-464 696 224 ) (-464 688 224 ) 
4 371 (-464 696 208 ) (-464 704 208 ) (-464 704 224 ) (-464 696 224 ) 
4 372 (-24 696 0 ) (0 696 0 ) (0 768 0 ) (-24 768 0 ) 
4 372 (-64 696 0 ) (-24 696 0 ) (-24 704 0 ) (-64 704 0 ) 
4 372 (-64 672 0 ) (0 672 0 ) (0 696 0 ) (-64 696 0 ) 
4 372 (-64 680 0 ) (-64 696 0 ) (-296 696 0 ) (-296 680 0 ) 
4 372 (-168 192 0 ) (-168 184 0 ) (0 184 0 ) (0 192 0 ) 
4 372 (-168 184 0 ) (-168 168 0 ) (0 168 0 ) (0 184 0 ) 
4 372 (-8 120 0 ) (0 120 0 ) (0 168 0 ) (-8 168 0 ) 
4 372 (-8 120 0 ) (-8 8 0 ) (0 8 0 ) (0 120 0 ) 
4 372 (-16 8 0 ) (-8 8 0 ) (-8 168 0 ) (-16 168 0 ) 
4 372 (-144 168 0 ) (-168 168 0 ) (-168 0 0 ) (-144 0 0 ) 
4 372 (-296 392 0 ) (-312 392 0 ) (-312 0 0 ) (-296 0 0 ) 
4 372 (-296 680 0 ) (-296 696 0 ) (-312 696 0 ) (-312 680 0 ) 
4 372 (-448 680 0 ) (-312 680 0 ) (-312 696 0 ) (-448 696 0 ) 
4 372 (-424 8 0 ) (-440 8 0 ) (-440 0 0 ) (-424 0 0 ) 
4 372 (0 0 -656 ) (-1024 0 -656 ) (-1024 1024 -656 ) (0 1024 -656 ) 
4 373 (0 0 1516 ) (-1024 0 1516 ) (-1024 -1024 1516 ) (0 -1024 1516 ) 
4 374 (-464 -696 224.001373 ) (-464 -688 224.001373 ) (0 -688 336.001434 ) (0 -696 336.001434 ) 
4 374 (-464 -640 224.001373 ) (-464 -632 224.001373 ) (0 -632 336.001434 ) (0 -640 336.001434 ) 
4 374 (-464 -576 224.001373 ) (-464 -568 224.001373 ) (0 -568 336.001434 ) (0 -576 336.001434 ) 
4 374 (-464 -512 224.001373 ) (-464 -504 224.001373 ) (0 -504 336.001465 ) (0 -512 336.001465 ) 
4 374 (-464 -448 224.001373 ) (-464 -440 224.001373 ) (0 -440 336.001465 ) (0 -448 336.001465 ) 
4 374 (-464 -384 224.001373 ) (-464 -376 224.001373 ) (0 -376 336.001465 ) (0 -384 336.001465 ) 
4 374 (-464 -320 224.001373 ) (-464 -312 224.001373 ) (0 -312 336.001465 ) (0 -320 336.001465 ) 
4 374 (-464 -256 224.001373 ) (-464 -248 224.001373 ) (0 -248 336.001465 ) (0 -256 336.001465 ) 
4 374 (-464 -192 224.001373 ) (-464 -184 224.001373 ) (0 -184 336.001465 ) (0 -192 336.001465 ) 
4 374 (-464 -128 224.001373 ) (-464 -120 224.001373 ) (0 -120 336.001465 ) (0 -128 336.001465 ) 
4 374 (-464 -64 224.001373 ) (-464 -56 224.001373 ) (0 -56 336.001465 ) (0 -64 336.001465 ) 
4 375 (0 -56 320 ) (0 -56 336 ) (-464 -56 224 ) (-397.716980 -56 224 ) 
4 375 (-464 -8 224 ) (-464 0 224 ) (0 0 224 ) (0 -8 224 ) 
4 375 (0 -8 288 ) (0 -8 272 ) (0 0 272 ) (0 0 288 ) 
4 375 (-397.714294 0 224 ) (-464 0 224 ) (0 0 336 ) (0 0 320 ) 
4 376 (-440 -8 208 ) (-424 -8 208 ) (-424 -56 208 ) (-440 -56 208 ) 
4 376 (-80 -8 208 ) (0 -8 208 ) (0 -56 208 ) (-80 -56 208 ) 
4 376 (-312 -8 208 ) (-80 -8 208 ) (-80 -56 208 ) (-312 -56 208 ) 
3 376 (-464 -56 208 ) (-397.716980 -56 224 ) (-464 -56 224 ) 
4 376 (-464 -8 224 ) (0 -8 224 ) (0 -8 208 ) (-464 -8 208 ) 
4 377 (-440 -56 208 ) (-424 -56 208 ) (-424 -64 208 ) (-440 -64 208 ) 
4 377 (-80 -56 208 ) (0 -56 208 ) (0 -64 208 ) (-80 -64 208 ) 
4 377 (-312 -56 208 ) (-80 -56 208 ) (-80 -64 208 ) (-312 -64 208 ) 
4 377 (-464 -64 208 ) (0 -64 208 ) (0 -64 224 ) (-397.714325 -64 224 ) 
4 377 (0 -56 320.003601 ) (-464 -56 208.003677 ) (-464 -64 208.001129 ) (0 -64 320.001129 ) 
4 378 (0 -64 288 ) (0 -72 288 ) (0 -72 272 ) (0 -64 272 ) 
4 378 (-464 -64 224 ) (0 -64 336 ) (0 -64 320 ) (-397.714294 -64 224 ) 
4 378 (0 -72 224 ) (-464 -72 224 ) (-464 -64 224 ) (0 -64 224 ) 
4 379 (-440 -72 208 ) (-424 -72 208 ) (-424 -120 208 ) (-440 -120 208 ) 
4 379 (-80 -72 208 ) (0 -72 208 ) (0 -80 208 ) (-80 -80 208 ) 
4 379 (-312 -72 208 ) (-80 -72 208 ) (-80 -96 208 ) (-312 -96 208 ) 
4 379 (0 -96 208 ) (0 -120 208 ) (-312 -120 208 ) (-312 -96 208 ) 
4 379 (-464 -120 208 ) (0 -120 320 ) (0 -120 336 ) (-464 -120 224 ) 
4 379 (-464 -72 224 ) (0 -72 224 ) (0 -72 208 ) (-464 -72 208 ) 
4 380 (-440 -120 208 ) (-424 -120 208 ) (-424 -128 208 ) (-440 -128 208 ) 
4 380 (-312 -120 208 ) (0 -120 208 ) (0 -128 208 ) (-312 -128 208 ) 
4 380 (-464 -128 208 ) (0 -128 208 ) (0 -128 224 ) (-397.714325 -128 224 ) 
4 380 (0 -120 320.003601 ) (-464 -120 208.003677 ) (-464 -128 208.001129 ) (0 -128 320.001129 ) 
4 381 (-464 -128 224 ) (0 -128 336 ) (0 -128 320 ) (-397.714294 -128 224 ) 
4 381 (0 -128 288 ) (0 -136 288 ) (0 -136 272 ) (0 -128 272 ) 
4 381 (0 -136 224 ) (-464 -136 224 ) (-464 -128 224 ) (0 -128 224 ) 
4 382 (-440 -136 208 ) (-424 -136 208 ) (-424 -168 208 ) (-440 -168 208 ) 
4 382 (-312 -168 208 ) (-312 -184 208 ) (-440 -184 208 ) (-440 -168 208 ) 
4 382 (-312 -136 208 ) (0 -136 208 ) (0 -184 208 ) (-312 -184 208 ) 
4 382 (-464 -184 208 ) (0 -184 320 ) (0 -184 336 ) (-464 -184 224 ) 
4 382 (-464 -136 224 ) (0 -136 224 ) (0 -136 208 ) (-464 -136 208 ) 
4 383 (-440 -184 208 ) (-312 -184 208 ) (-312 -192 208 ) (-440 -192 208 ) 
4 383 (-312 -184 208 ) (0 -184 208 ) (0 -192 208 ) (-312 -192 208 ) 
4 383 (-464 -192 208 ) (0 -192 208 ) (0 -192 224 ) (-397.714325 -192 224 ) 
4 383 (0 -184 320.003601 ) (-464 -184 208.003677 ) (-464 -192 208.001129 ) (0 -192 320.001129 ) 
4 384 (-136 -232 248 ) (-152 -232 248 ) (-152 -232 224 ) (-136 -232 224 ) 
4 384 (-136 -232 256 ) (-152 -232 256 ) (-152 -232 248 ) (-136 -232 248 ) 
4 384 (-464 -200 224 ) (-464 -192 224 ) (0 -192 224 ) (0 -200 224 ) 
4 384 (0 -192 288 ) (0 -200 288 ) (0 -200 272 ) (0 -192 272 ) 
4 384 (-464 -192 224 ) (0 -192 336 ) (0 -192 320 ) (-397.714294 -192 224 ) 
4 385 (-136 -232 224 ) (-152 -232 224 ) (-152 -232 208 ) (-136 -232 208 ) 
4 385 (-312 -232 208 ) (-440 -232 208 ) (-440 -200 208 ) (-312 -200 208 ) 
4 385 (0 -232 208 ) (-312 -232 208 ) (-312 -200 208 ) (0 -200 208 ) 
4 385 (-464 -200 224 ) (0 -200 224 ) (0 -200 208 ) (-464 -200 208 ) 
4 386 (-80 -80 200 ) (-80 -96 200 ) (-80 -96 208 ) (-80 -80 208 ) 
4 386 (-80 -96 200 ) (0 -96 200 ) (0 -96 208 ) (-80 -96 208 ) 
4 386 (0 -80 208 ) (0 -80 200 ) (-80 -80 200 ) (-80 -80 208 ) 
4 387 (-424 -168 200 ) (-312 -168 200 ) (-312 -168 208 ) (-424 -168 208 ) 
4 387 (-312 0 208 ) (-312 -96 208 ) (-312 -96 200 ) (-312 0 200 ) 
4 387 (-312 -96 208 ) (-312 -168 208 ) (-312 -168 200 ) (-312 -96 200 ) 
4 387 (-424 -136 208 ) (-312 -136 208 ) (-312 -128 208 ) (-424 -128 208 ) 
4 387 (-424 -72 208 ) (-312 -72 208 ) (-312 -64 208 ) (-424 -64 208 ) 
4 387 (-424 -8 208 ) (-312 -8 208 ) (-312 0 208 ) (-424 0 208 ) 
4 387 (-424 0 200 ) (-424 -168 200 ) (-424 -168 208 ) (-424 0 208 ) 
4 388 (-440 -168 200 ) (-440 -232 200 ) (-448 -232 200 ) (-448 -168 200 ) 
4 388 (-440 0 208 ) (-440 -168 208 ) (-440 -168 200 ) (-440 0 200 ) 
4 388 (-440 -168 208 ) (-440 -232 208 ) (-440 -232 200 ) (-440 -168 200 ) 
4 388 (-440 -8 208 ) (-440 0 208 ) (-464 0 208 ) (-464 -8 208 ) 
4 388 (-440 -72 208 ) (-440 -64 208 ) (-464 -64 208 ) (-464 -72 208 ) 
4 388 (-440 -136 208 ) (-440 -128 208 ) (-464 -128 208 ) (-464 -136 208 ) 
4 388 (-440 -200 208 ) (-440 -192 208 ) (-464 -192 208 ) (-464 -200 208 ) 
4 389 (-265.147766 -312 256 ) (-265.147522 -320 256 ) (0 -320 320.001129 ) (0 -312 320.001190 ) 
4 389 (-265.149750 -248 256 ) (-265.149506 -256 256 ) (0 -256 320.001556 ) (0 -248 320.001617 ) 
4 389 (-136 -320 256 ) (-152 -320 256 ) (-152 -232 256 ) (-136 -232 256 ) 
4 389 (0 -256 288 ) (0 -264 288 ) (0 -264 272 ) (0 -256 272 ) 
4 390 (-136 -232 248 ) (-136 -320 248 ) (-136 -320 256 ) (-136 -232 256 ) 
4 391 (-298.290619 -312 248 ) (-298.290375 -320 248 ) (-265.147522 -320 256 ) (-265.147766 -312 256 ) 
4 391 (-298.292633 -248 248 ) (-298.292389 -256 248 ) (-265.149506 -256 256 ) (-265.149750 -248 256 ) 
4 391 (-152 -232 256 ) (-152 -320 256 ) (-152 -320 248 ) (-152 -232 248 ) 
4 392 (-136 -232 208 ) (0 -232 208 ) (0 -240 208 ) (-136 -240 208 ) 
4 392 (-136 -232 208 ) (-136 -240 208 ) (-136 -240 248 ) (-136 -232 248 ) 
4 393 (0 -240 208 ) (0 -256 208 ) (-136 -256 208 ) (-136 -240 208 ) 
4 393 (-152 -256 224 ) (-152 -256 208 ) (-136 -256 208 ) (-136 -256 224 ) 
4 393 (-136 -256 248 ) (-152 -256 248 ) (-152 -256 224 ) (-136 -256 224 ) 
4 393 (-136 -256 224 ) (-136 -256 208 ) (0 -256 208 ) (0 -256 224 ) 
4 393 (-136 -240 248 ) (-136 -240 208 ) (-152 -240 208 ) (-152 -240 248 ) 
4 393 (-136 -256 248 ) (-136 -240 248 ) (-152 -240 248 ) (-152 -256 248 ) 
4 394 (-440 -232 208 ) (-408 -232 208 ) (-408 -256 208 ) (-440 -256 208 ) 
4 394 (-408 -232 208 ) (-320 -232 208 ) (-320 -256 208 ) (-408 -256 208 ) 
4 394 (-320 -232 208 ) (-152 -232 208 ) (-152 -256 208 ) (-320 -256 208 ) 
4 394 (-464 -248 208.001709 ) (-464 -256 208.001648 ) (-298.292389 -256 248 ) (-298.292633 -248 248 ) 
4 394 (-397.709808 -256 224 ) (-463.995514 -256 208 ) (-152 -256 208 ) (-152 -256 224 ) 
4 394 (-152 -232 248 ) (-152 -240 248 ) (-152 -240 208 ) (-152 -232 208 ) 
4 395 (-136 -256 248 ) (-136 -256 224 ) (-136 -264 224 ) (-136 -264 248 ) 
4 395 (0 -264 224 ) (-136 -264 224 ) (-136 -256 224 ) (0 -256 224 ) 
4 396 (-397.712555 -256 224 ) (-152 -256 224 ) (-152 -264 224 ) (-397.714294 -264 224 ) 
4 396 (-152 -264 248 ) (-152 -264 224 ) (-152 -256 224 ) (-152 -256 248 ) 
4 397 (-440 -264 208 ) (-408 -264 208 ) (-408 -320 208 ) (-440 -320 208 ) 
4 397 (-408 -264 208 ) (-320 -264 208 ) (-320 -320 208 ) (-408 -320 208 ) 
4 397 (-320 -264 208 ) (-152 -264 208 ) (-152 -320 208 ) (-320 -320 208 ) 
4 397 (-136 -264 208 ) (0 -264 208 ) (0 -320 208 ) (-136 -320 208 ) 
4 397 (-464 -320 208 ) (-152 -320 208 ) (-152 -320 224 ) (-397.714325 -320 224 ) 
4 397 (-152 -320 208 ) (-136 -320 208 ) (-136 -320 224 ) (-152 -320 224 ) 
4 397 (-136 -320 224 ) (-136 -320 248 ) (-152 -320 248 ) (-152 -320 224 ) 
4 397 (-136 -320 208 ) (0 -320 208 ) (0 -320 224 ) (-136 -320 224 ) 
4 397 (-464 -312 208.001190 ) (-464 -320 208.001129 ) (-298.290375 -320 248 ) (-298.290619 -312 248 ) 
4 397 (-152 -264 224 ) (-152 -264 208 ) (-463.995514 -264 208 ) (-397.709808 -264 224 ) 
4 397 (-152 -264 224 ) (-136 -264 224 ) (-136 -264 208 ) (-152 -264 208 ) 
4 397 (-136 -264 224 ) (-152 -264 224 ) (-152 -264 248 ) (-136 -264 248 ) 
4 397 (0 -264 224 ) (0 -264 208 ) (-136 -264 208 ) (-136 -264 224 ) 
4 397 (-136 -264 248 ) (-152 -264 248 ) (-152 -320 248 ) (-136 -320 248 ) 
5 398 (-464 -248 208 ) (-463.968750 -248 208 ) (0 -248 319.992462 ) (0 -248 336 ) (-464 -248 224 ) 
4 399 (-464 -256 224 ) (0 -256 336 ) (0 -256 319.992462 ) (-397.683044 -256 224 ) 
4 399 (-397.718750 -264 224 ) (-464 -264 224 ) (-464 -256 224 ) (-397.718750 -256 224 ) 
4 400 (-464 -264 224 ) (-397.683044 -264 224 ) (-463.968750 -264 208 ) (-464 -264 208 ) 
5 400 (-464 -312 208 ) (-463.968750 -312 208 ) (0 -312 319.992462 ) (0 -312 336 ) (-464 -312 224 ) 
4 401 (-136 -344 224 ) (-136 -360 224 ) (-136 -360 248 ) (-136 -344 248 ) 
4 401 (-136 -320 248 ) (-136 -320 224 ) (-136 -328 224 ) (-136 -328 248 ) 
4 401 (-136 -320 256 ) (-136 -320 248 ) (-136 -360 248 ) (-136 -360 256 ) 
4 401 (-136 -328 224 ) (-136 -320 224 ) (0 -320 224 ) (0 -328 224 ) 
4 401 (-136 -320 303.171783 ) (0 -320 336 ) (0 -320 320 ) (-136 -320 287.172424 ) 
4 401 (0 -320 288 ) (0 -328 288 ) (0 -328 272 ) (0 -320 272 ) 
4 402 (0 -360 208 ) (-136 -360 208 ) (-136 -328 208 ) (0 -328 208 ) 
4 402 (-136 -344 208 ) (-136 -360 208 ) (-136 -360 224 ) (-136 -344 224 ) 
4 402 (0 -328 208 ) (-136 -328 208 ) (-136 -328 224 ) (0 -328 224 ) 
4 403 (-152 -320 256 ) (-136 -320 256 ) (-136 -360 256 ) (-152 -360 256 ) 
4 403 (-331.425690 -320 256 ) (-136 -320 303.171783 ) (-136 -320 287.172424 ) (-265.142883 -320 256 ) 
4 404 (-364.568512 -320 248 ) (-331.425690 -320 256 ) (-265.142883 -320 256 ) (-298.285736 -320 248 ) 
4 404 (-152 -320 256 ) (-152 -360 256 ) (-152 -360 248 ) (-152 -320 248 ) 
4 405 (-152 -328 224 ) (-464 -328 224 ) (-464 -320 224 ) (-152 -320 224 ) 
4 405 (-464 -320 224 ) (-364.568512 -320 248 ) (-298.285736 -320 248 ) (-397.714294 -320 224 ) 
4 405 (-152 -320 248 ) (-152 -328 248 ) (-152 -328 224 ) (-152 -320 224 ) 
4 406 (-144 -328 224 ) (-136 -328 224 ) (-136 -328 208 ) (-144 -328 208 ) 
4 406 (-144 -328 224 ) (-144 -328 248 ) (-136 -328 248 ) (-136 -328 224 ) 
4 406 (-144 -328 248 ) (-144 -344 248 ) (-136 -344 248 ) (-136 -328 248 ) 
4 406 (-144 -344 248 ) (-144 -344 208 ) (-136 -344 208 ) (-136 -344 248 ) 
4 407 (-424 -360 208 ) (-369.600037 -360 208 ) (-152 -360 240 ) (-152 -360 248 ) 
4 407 (-408 -360 208 ) (-440 -360 208 ) (-440 -328 208 ) (-408 -328 208 ) 
4 407 (-408 -344 208 ) (-408 -328 208 ) (-320 -328 208 ) (-320 -344 208 ) 
4 407 (-152 -360 208 ) (-320 -360 208 ) (-320 -328 208 ) (-152 -328 208 ) 
4 407 (-144 -344 248 ) (-144 -360 248 ) (-144 -360 208 ) (-144 -344 208 ) 
4 407 (-144 -328 248 ) (-152 -328 248 ) (-152 -360 248 ) (-144 -360 248 ) 
4 407 (-144 -328 224 ) (-152 -328 224 ) (-152 -328 248 ) (-144 -328 248 ) 
4 407 (-152 -328 224 ) (-144 -328 224 ) (-144 -328 208 ) (-152 -328 208 ) 
4 407 (-464 -328 224 ) (-152 -328 224 ) (-152 -328 208 ) (-464 -328 208 ) 
4 408 (-152 -256 208 ) (-152 -240 208 ) (-152 -240 200 ) (-152 -256 200 ) 
4 408 (-136 -240 208 ) (-136 -240 200 ) (-152 -240 200 ) (-152 -240 208 ) 
4 408 (-136 -256 200 ) (-136 -240 200 ) (-136 -240 208 ) (-136 -256 208 ) 
4 408 (-152 -256 208 ) (-152 -256 200 ) (-136 -256 200 ) (-136 -256 208 ) 
4 409 (-152 -320 208 ) (-152 -264 208 ) (-152 -264 200 ) (-152 -320 200 ) 
4 409 (-152 -320 208 ) (-152 -320 200 ) (-136 -320 200 ) (-136 -320 208 ) 
4 409 (-136 -264 208 ) (-136 -264 200 ) (-152 -264 200 ) (-152 -264 208 ) 
4 409 (-136 -320 200 ) (-136 -264 200 ) (-136 -264 208 ) (-136 -320 208 ) 
4 410 (-152 -344 208 ) (-152 -328 208 ) (-152 -328 200 ) (-152 -344 200 ) 
4 410 (-144 -344 200 ) (-136 -344 200 ) (-136 -344 208 ) (-144 -344 208 ) 
4 410 (-136 -344 200 ) (-136 -328 200 ) (-136 -328 208 ) (-136 -344 208 ) 
4 410 (-136 -328 208 ) (-136 -328 200 ) (-152 -328 200 ) (-152 -328 208 ) 
4 411 (-152 -360 200 ) (-152 -360 208 ) (-152 -344 208 ) (-152 -344 200 ) 
4 411 (-144 -360 208 ) (-144 -360 200 ) (-144 -344 200 ) (-144 -344 208 ) 
3 412 (-369.600006 -360 208 ) (-408 -360 208 ) (-408 -360 202.352951 ) 
4 412 (-408 -360 200 ) (-408 -360 208 ) (-408 -344 208 ) (-408 -344 200 ) 
4 412 (-320 -344 200 ) (-320 -344 208 ) (-320 -360 208 ) (-320 -360 200 ) 
4 412 (-320 -344 208 ) (-320 -344 200 ) (-408 -344 200 ) (-408 -344 208 ) 
4 413 (-448 -232 200 ) (-440 -232 200 ) (-440 -360 200 ) (-448 -360 200 ) 
4 413 (-440 -264 208 ) (-440 -256 208 ) (-464 -256 208 ) (-464 -264 208 ) 
4 413 (-440 -328 208 ) (-440 -320 208 ) (-464 -320 208 ) (-464 -328 208 ) 
4 413 (-440 -232 200 ) (-440 -232 208 ) (-440 -360 208 ) (-440 -360 200 ) 
4 414 (-136 -696 253.242462 ) (-136 -704 253.242477 ) (0 -704 272.001099 ) (0 -696 272.001099 ) 
4 414 (-136 -640 253.242386 ) (-136 -648 253.242401 ) (0 -648 272.001038 ) (0 -640 272.001007 ) 
4 414 (-136 -576 253.242294 ) (-136 -584 253.242310 ) (-116.006706 -584 256 ) (-116.006638 -576 256 ) 
4 414 (0 -584 272 ) (0 -576 272 ) (-116.006638 -576 256 ) (-116.006706 -584 256 ) 
4 414 (-136 -512 253.242203 ) (-136 -520 253.242218 ) (-116.006065 -520 256 ) (-116.005974 -512 256 ) 
4 414 (-116.006065 -520 256 ) (0 -520 272 ) (0 -512 272 ) (-116.005974 -512 256 ) 
4 414 (-136 -448 253.242126 ) (-136 -456 253.242142 ) (-116.005470 -456 256 ) (-116.005402 -448 256 ) 
4 414 (0 -456 272 ) (0 -448 272 ) (-116.005402 -448 256 ) (-116.005470 -456 256 ) 
4 414 (-136 -384 253.242035 ) (-136 -392 253.242050 ) (-116.004829 -392 256 ) (-116.004738 -384 256 ) 
4 414 (-116.004829 -392 256 ) (0 -392 272 ) (0 -384 272 ) (-116.004738 -384 256 ) 
4 414 (-136 -520 208 ) (-136 -528 208 ) (-136 -528 248 ) (-136 -520 248 ) 
4 414 (-136 -456 208 ) (-136 -464 208 ) (-136 -464 248 ) (-136 -456 248 ) 
4 414 (-136 -384 208 ) (-136 -392 208 ) (-136 -392 248 ) (-136 -384 248 ) 
4 414 (-136 -592 208 ) (-136 -600 208 ) (-136 -600 248 ) (-136 -592 248 ) 
4 414 (-136 -600 253.234375 ) (-136 -360 253.234375 ) (-136 -360 248 ) (-136 -600 248 ) 
4 414 (0 -704 208 ) (-136 -704 208 ) (-136 -360 208 ) (0 -360 208 ) 
4 415 (-152 -360 248 ) (-152 -360 240 ) (-152 -384 240 ) (-152 -384 248 ) 
4 415 (-136 -384 248 ) (-136 -360 248 ) (-152 -360 248 ) (-152 -384 248 ) 
4 415 (-136 -384 208 ) (-136 -384 200 ) (-136 -360 200 ) (-136 -360 208 ) 
4 415 (-144 -360 208 ) (-136 -360 208 ) (-136 -360 200 ) (-144 -360 200 ) 
4 415 (-144 -360 248 ) (-136 -360 248 ) (-136 -360 208 ) (-144 -360 208 ) 
4 415 (-136 -384 200 ) (-136 -384 248 ) (-152 -384 248 ) (-152 -384 200 ) 
4 416 (-152 -456 240 ) (-152 -456 248 ) (-152 -392 248 ) (-152 -392 240 ) 
4 416 (-136 -456 248 ) (-136 -392 248 ) (-152 -392 248 ) (-152 -456 248 ) 
4 416 (-136 -392 208 ) (-136 -456 208 ) (-136 -456 200 ) (-136 -392 200 ) 
4 416 (-152 -392 200 ) (-152 -392 248 ) (-136 -392 248 ) (-136 -392 200 ) 
4 416 (-136 -456 200 ) (-136 -456 248 ) (-152 -456 248 ) (-152 -456 200 ) 
4 417 (-152 -520 240 ) (-152 -520 248 ) (-152 -464 248 ) (-152 -464 240 ) 
4 417 (-136 -520 200 ) (-136 -520 248 ) (-152 -520 248 ) (-152 -520 200 ) 
4 417 (-152 -464 200 ) (-152 -464 248 ) (-136 -464 248 ) (-136 -464 200 ) 
4 417 (-136 -464 208 ) (-136 -520 208 ) (-136 -520 200 ) (-136 -464 200 ) 
4 417 (-136 -520 248 ) (-136 -464 248 ) (-152 -464 248 ) (-152 -520 248 ) 
4 418 (-152 -592 240 ) (-152 -592 248 ) (-152 -528 248 ) (-152 -528 240 ) 
4 418 (-136 -592 200 ) (-136 -592 248 ) (-152 -592 248 ) (-152 -592 200 ) 
4 418 (-136 -528 208 ) (-136 -592 208 ) (-136 -592 200 ) (-136 -528 200 ) 
4 418 (-136 -592 248 ) (-136 -528 248 ) (-152 -528 248 ) (-152 -592 248 ) 
4 418 (-152 -528 200 ) (-152 -528 248 ) (-136 -528 248 ) (-136 -528 200 ) 
4 419 (-152 -696 251.035568 ) (-152 -704 251.035583 ) (-136 -704 253.242477 ) (-136 -696 253.242462 ) 
4 419 (-152 -640 251.035492 ) (-152 -648 251.035507 ) (-136 -648 253.242401 ) (-136 -640 253.242386 ) 
4 419 (-152 -600 248 ) (-152 -600 240 ) (-152 -704 240 ) (-152 -704 248 ) 
4 419 (-136 -600 248 ) (-136 -600 200 ) (-152 -600 200 ) (-152 -600 248 ) 
4 419 (-136 -600 253.234375 ) (-136 -600 248 ) (-152 -600 248 ) (-152 -600 251.031250 ) 
4 419 (-136 -600 208 ) (-136 -704 208 ) (-136 -704 200 ) (-136 -600 200 ) 
4 420 (-440 -696 211.311432 ) (-440 -704 211.311447 ) (-152 -704 251.035583 ) (-152 -696 251.035568 ) 
4 420 (-440 -640 211.311371 ) (-440 -648 211.311386 ) (-152 -648 251.035507 ) (-152 -640 251.035492 ) 
4 420 (-440 -576 211.311279 ) (-440 -584 211.311295 ) (-152 -584 251.035416 ) (-152 -576 251.035400 ) 
4 420 (-440 -512 211.311188 ) (-440 -520 211.311203 ) (-152 -520 251.035324 ) (-152 -512 251.035309 ) 
4 420 (-440 -448 211.311111 ) (-440 -456 211.311127 ) (-152 -456 251.035248 ) (-152 -448 251.035233 ) 
4 420 (-440 -384 211.311035 ) (-440 -392 211.311050 ) (-152 -392 251.035156 ) (-152 -384 251.035141 ) 
4 420 (-440 -704 208 ) (-440 -360 208 ) (-424 -360 208 ) (-424 -704 208 ) 
4 420 (-424.006653 -704 208 ) (-424.006653 -360 208 ) (-152 -360 248 ) (-152 -704 248 ) 
4 420 (-152 -600 248 ) (-152 -360 248 ) (-152 -360 251.031250 ) (-152 -600 251.031250 ) 
4 421 (-152 -520 208 ) (-152 -520 240 ) (-152 -528 240 ) (-152 -528 208 ) 
4 421 (-152 -456 208 ) (-152 -456 240 ) (-152 -464 240 ) (-152 -464 208 ) 
4 421 (-152 -384 208 ) (-152 -384 240 ) (-152 -392 240 ) (-152 -392 208 ) 
4 421 (-152 -592 208 ) (-152 -592 240 ) (-152 -600 240 ) (-152 -600 208 ) 
4 421 (-369.598999 -360 208 ) (-369.598999 -704 208 ) (-152 -704 240 ) (-152 -360 240 ) 
4 422 (-424 -696 200 ) (-424 -504 200 ) (-416 -504 200 ) (-416 -696 200 ) 
4 422 (-424 -504 200 ) (-424 -360 200 ) (-416 -360 200 ) (-416 -504 200 ) 
3 422 (-408 -360 202.352951 ) (-408 -360 200 ) (-424 -360 200 ) 
4 422 (-320 -360 208 ) (-152 -360 208 ) (-152 -360 200 ) (-320 -360 200 ) 
4 422 (-152 -592 208 ) (-152 -600 208 ) (-152 -600 200 ) (-152 -592 200 ) 
4 422 (-152 -384 208 ) (-152 -392 208 ) (-152 -392 200 ) (-152 -384 200 ) 
4 422 (-152 -456 208 ) (-152 -464 208 ) (-152 -464 200 ) (-152 -456 200 ) 
4 422 (-152 -520 208 ) (-152 -528 208 ) (-152 -528 200 ) (-152 -520 200 ) 
4 422 (-369.598999 -704 208 ) (-369.598999 -360 208 ) (-424 -360 200 ) (-424 -704 200 ) 
4 423 (-448 -664 200 ) (-448 -504 200 ) (-440 -504 200 ) (-440 -664 200 ) 
4 423 (-448 -504 200 ) (-448 -360 200 ) (-440 -360 200 ) (-440 -504 200 ) 
4 423 (-464 -696 208.001083 ) (-464 -704 208.001099 ) (-440 -704 211.311447 ) (-440 -696 211.311432 ) 
4 423 (-464 -640 208.001022 ) (-464 -648 208.001038 ) (-440 -648 211.311386 ) (-440 -640 211.311371 ) 
4 423 (-464 -576 208 ) (-464 -584 208 ) (-440 -584 211.311295 ) (-440 -576 211.311279 ) 
4 423 (-464 -512 208 ) (-464 -520 208 ) (-440 -520 211.311203 ) (-440 -512 211.311188 ) 
4 423 (-464 -448 208 ) (-464 -456 208 ) (-440 -456 211.311127 ) (-440 -448 211.311111 ) 
4 423 (-464 -384 208 ) (-464 -392 208 ) (-440 -392 211.311050 ) (-440 -384 211.311035 ) 
4 423 (-440 -704 208 ) (-440 -704 200 ) (-440 -360 200 ) (-440 -360 208 ) 
5 424 (-115.945366 -384 256 ) (0 -384 271.992462 ) (0 -384 288 ) (-152 -384 267.034485 ) (-152 -384 256 ) 
4 424 (-152 -376 283.311981 ) (-152 -384 283.311951 ) (0 -384 320.001617 ) (0 -376 320.001617 ) 
4 424 (-136 -384 256 ) (-152 -384 256 ) (-152 -360 256 ) (-136 -360 256 ) 
3 425 (-136 -384 253.233841 ) (-115.945366 -384 256 ) (-136 -384 256 ) 
4 425 (-136 -360 253.236801 ) (-136 -384 253.236801 ) (-136 -384 256 ) (-136 -360 256 ) 
6 426 (-464 -384 207.992462 ) (-152 -384 251.026947 ) (-152 -384 256 ) (-232 -384 256 ) (-309.333435 -384 245.333313 ) (-464 -384 208 ) 
3 426 (-152 -384 256 ) (-152 -384 267.034485 ) (-232 -384 256 ) 
4 426 (-464 -376 208.001648 ) (-464 -384 208.001617 ) (-152 -384 283.311951 ) (-152 -376 283.311981 ) 
4 426 (-152 -360 256 ) (-152 -384 256 ) (-152 -384 251.039764 ) (-152 -360 251.039764 ) 
5 427 (-464 -376 208 ) (-463.921875 -376 208.011047 ) (0 -376 319.992188 ) (0 -376 336 ) (-464 -376 224 ) 
4 428 (-265.142914 -384 256 ) (-331.425720 -384 256 ) (0 -384 336 ) (0 -384 320 ) 
4 428 (0 -392 288 ) (-232 -392 256 ) (-232 -384 256 ) (0 -384 288 ) 
4 429 (-265.142914 -384 256 ) (-309.333435 -384 245.333313 ) (-464 -384 224 ) (-331.425720 -384 256 ) 
4 429 (-463.990082 -384 224.002411 ) (-232.008484 -384 256 ) (-232.008484 -392 256 ) (-463.988861 -392 224.002701 ) 
5 430 (-115.945366 -448 256 ) (0 -448 271.992462 ) (0 -448 288 ) (-152 -448 267.034485 ) (-152 -448 256 ) 
4 430 (-152 -440 283.311951 ) (-152 -448 283.311951 ) (0 -448 320.001617 ) (0 -440 320.001617 ) 
4 430 (-136 -448 256 ) (-152 -448 256 ) (-152 -392 256 ) (-136 -392 256 ) 
5 430 (-152 -392 256 ) (-152 -392 267.034485 ) (0 -392 288 ) (0 -392 271.992462 ) (-115.945351 -392 256 ) 
3 431 (-136 -448 253.233841 ) (-115.945366 -448 256 ) (-136 -448 256 ) 
3 431 (-136 -392 256 ) (-115.945351 -392 256 ) (-136 -392 253.233841 ) 
4 431 (-136 -448 253.236801 ) (-136 -448 256 ) (-136 -392 256 ) (-136 -392 253.241364 ) 
6 432 (-464 -448 207.992462 ) (-152 -448 251.026947 ) (-152 -448 256 ) (-232 -448 256 ) (-309.333374 -448 245.333328 ) (-464 -448 208 ) 
3 432 (-152 -448 256 ) (-152 -448 267.034485 ) (-232 -448 256 ) 
4 432 (-464 -440 208.001633 ) (-464 -448 208.001617 ) (-152 -448 283.311951 ) (-152 -440 283.311951 ) 
4 432 (-152 -392 251.034470 ) (-152 -392 256 ) (-152 -448 256 ) (-152 -448 251.039764 ) 
6 432 (-464 -392 208 ) (-309.335693 -392 245.332764 ) (-232 -392 256 ) (-152 -392 256 ) (-152 -392 251.026947 ) (-464 -392 207.992462 ) 
3 432 (-152 -392 256 ) (-232 -392 256 ) (-152 -392 267.034485 ) 
3 433 (-464 -392 208 ) (-464 -392 224 ) (-309.335693 -392 245.332764 ) 
5 433 (-464 -440 208 ) (-463.921875 -440 208.011047 ) (0 -440 319.992188 ) (0 -440 336 ) (-464 -440 224 ) 
4 434 (-309.349091 -504 245.331161 ) (-309.349030 -512 245.331161 ) (0 -512 320.001617 ) (0 -504 320.001617 ) 
4 434 (-309.327209 -456 245.334381 ) (-309.327209 -448 245.334381 ) (-232.001495 -448 256 ) (-232.001480 -456 256 ) 
4 434 (-232.001480 -456 256 ) (-232.001495 -448 256 ) (0 -448 288 ) (0 -456 288 ) 
4 435 (-115.945351 -512 256 ) (0 -512 271.992462 ) (0 -512 288 ) (-232 -512 256 ) 
4 435 (-136 -512 256 ) (-152 -512 256 ) (-152 -456 256 ) (-136 -456 256 ) 
4 435 (0 -456 287.998962 ) (0 -456 272 ) (-116 -456 256 ) (-231.992188 -456 256 ) 
3 436 (-136 -512 253.233841 ) (-115.945351 -512 256 ) (-136 -512 256 ) 
4 436 (-136 -512 253.236801 ) (-136 -512 256 ) (-136 -456 256 ) (-136 -456 253.240799 ) 
3 436 (-116.002708 -456 256 ) (-136 -456 253.241364 ) (-136 -456 256 ) 
6 437 (-464 -512 207.992462 ) (-152 -512 251.026947 ) (-152 -512 256 ) (-232 -512 256 ) (-309.333435 -512 245.333328 ) (-464 -512 208 ) 
4 437 (-464 -504 208.001633 ) (-464 -512 208.001617 ) (-309.349030 -512 245.331161 ) (-309.349091 -504 245.331161 ) 
4 437 (-152 -456 251.033844 ) (-152 -456 256 ) (-152 -512 256 ) (-152 -512 251.029373 ) 
5 437 (-464 -456 208 ) (-309.333221 -456 245.333359 ) (-232 -456 256 ) (-152 -456 256 ) (-152 -456 251.029373 ) 
4 438 (-309.333435 -448 245.333313 ) (-464 -448 224 ) (0 -448 336 ) (0 -448 320 ) 
4 438 (-309.331085 -456 245.333847 ) (-463.998138 -456 224 ) (-463.998627 -448 224 ) (-309.331085 -448 245.333847 ) 
4 439 (-464 -456 224 ) (-309.257812 -456 245.343750 ) (-463.921875 -456 208.011047 ) (-464 -456 208 ) 
5 439 (-464 -504 208 ) (-463.921875 -504 208.011047 ) (0 -504 319.992188 ) (0 -504 336 ) (-464 -504 224 ) 
4 440 (-265.142914 -512 256 ) (-331.425720 -512 256 ) (0 -512 336 ) (0 -512 320 ) 
4 440 (0 -520 288 ) (-232 -520 256 ) (-232 -512 256 ) (0 -512 288 ) 
4 441 (-265.142914 -512 256 ) (-309.333435 -512 245.333313 ) (-464 -512 224 ) (-331.425720 -512 256 ) 
4 441 (-463.990082 -512 224.002411 ) (-232.008484 -512 256 ) (-232.008484 -520 256 ) (-463.988861 -520 224.002701 ) 
5 442 (-115.945366 -576 256 ) (0 -576 271.992462 ) (0 -576 288 ) (-152 -576 267.034485 ) (-152 -576 256 ) 
4 442 (-152 -568 283.311951 ) (-152 -576 283.311951 ) (0 -576 320.001617 ) (0 -568 320.001617 ) 
4 442 (-136 -576 256 ) (-152 -576 256 ) (-152 -520 256 ) (-136 -520 256 ) 
5 442 (-152 -520 256 ) (-152 -520 267.034485 ) (0 -520 288 ) (0 -520 271.992462 ) (-115.945351 -520 256 ) 
3 443 (-136 -576 253.233841 ) (-115.945366 -576 256 ) (-136 -576 256 ) 
3 443 (-136 -520 256 ) (-115.945351 -520 256 ) (-136 -520 253.233841 ) 
4 443 (-136 -576 253.236801 ) (-136 -576 256 ) (-136 -520 256 ) (-136 -520 253.241364 ) 
6 444 (-464 -576 207.992462 ) (-152 -576 251.026947 ) (-152 -576 256 ) (-232 -576 256 ) (-309.333374 -576 245.333328 ) (-464 -576 208 ) 
3 444 (-152 -576 256 ) (-152 -576 267.034485 ) (-232 -576 256 ) 
4 444 (-464 -568 208.001633 ) (-464 -576 208.001617 ) (-152 -576 283.311951 ) (-152 -568 283.311951 ) 
4 444 (-152 -520 251.034470 ) (-152 -520 256 ) (-152 -576 256 ) (-152 -576 251.039764 ) 
6 444 (-464 -520 208 ) (-309.335693 -520 245.332764 ) (-232 -520 256 ) (-152 -520 256 ) (-152 -520 251.026947 ) (-464 -520 207.992462 ) 
3 444 (-152 -520 256 ) (-232 -520 256 ) (-152 -520 267.034485 ) 
3 445 (-464 -520 208 ) (-464 -520 224 ) (-309.335693 -520 245.332764 ) 
5 445 (-464 -568 208 ) (-463.921875 -568 208.011047 ) (0 -568 319.992188 ) (0 -568 336 ) (-464 -568 224 ) 
4 446 (-463.998505 -584 224 ) (-464 -576 224 ) (-232 -576 256 ) (-232 -584 256 ) 
4 446 (-232 -584 256 ) (-232 -576 256 ) (0 -576 288 ) (0 -584 288 ) 
4 446 (-309.333435 -576 245.333313 ) (-464 -576 224 ) (0 -576 336 ) (0 -576 320 ) 
4 447 (-136 -600 256 ) (-152 -600 256 ) (-152 -584 256 ) (-136 -584 256 ) 
4 447 (0 -584 287.998962 ) (0 -584 272 ) (-116 -584 256 ) (-231.992188 -584 256 ) 
4 448 (-136 -600 253.236801 ) (-136 -600 256 ) (-136 -584 256 ) (-136 -584 253.239838 ) 
3 448 (-116.002708 -584 256 ) (-136 -584 253.241364 ) (-136 -584 256 ) 
4 449 (-152 -584 251.032776 ) (-152 -584 256 ) (-152 -600 256 ) (-152 -600 251.029373 ) 
5 449 (-464 -584 224 ) (-232 -584 256 ) (-152 -584 256 ) (-152 -584 251.029373 ) (-464 -584 207.994675 ) 
4 450 (0 -632 320 ) (0 -632 336 ) (-464 -632 224 ) (-464 -632 208 ) 
4 450 (-152 -600 256 ) (-136 -600 256 ) (-136 -600 253.233841 ) (-152 -600 251.026947 ) 
5 451 (-464 -640 207.992462 ) (0 -640 271.992462 ) (0 -640 288 ) (-309.333435 -640 245.333328 ) (-464 -640 208 ) 
4 451 (0 -632 320.001617 ) (-464 -632 208.001724 ) (-464 -640 208.001617 ) (0 -640 320.001617 ) 
4 452 (-309.333435 -640 245.333313 ) (-464 -640 224 ) (0 -640 336 ) (0 -640 320 ) 
4 452 (0 -648 288 ) (-463.997040 -648 224 ) (-464 -640 224 ) (0 -640 288 ) 
4 453 (0 -688 320 ) (0 -688 336 ) (-464 -688 224 ) (-464 -688 208 ) 
4 453 (-464 -648 224 ) (0 -648 288 ) (0 -648 271.992462 ) (-464 -648 207.992462 ) 
5 454 (-464 -696 207.992462 ) (0 -696 271.992462 ) (0 -696 288 ) (-309.333435 -696 245.333328 ) (-464 -696 208 ) 
4 454 (0 -688 320.001617 ) (-464 -688 208.001724 ) (-464 -696 208.001617 ) (0 -696 320.001617 ) 
4 455 (-309.333435 -696 245.333313 ) (-464 -696 224 ) (0 -696 336 ) (0 -696 320 ) 
4 455 (0 -704 288 ) (-463.997040 -704 224 ) (-464 -696 224 ) (0 -696 288 ) 
4 456 (-80 -96 200 ) (-80 -80 200 ) (-80 -80 8 ) (-80 -96 8 ) 
4 456 (-80 -104 8 ) (-80 -104 200 ) (-80 -96 200 ) (-80 -96 8 ) 
4 456 (-80 -80 0 ) (-80 -104 0 ) (-80 -104 8 ) (-80 -80 8 ) 
4 456 (-80 -96 200 ) (-80 -232 200 ) (0 -232 200 ) (0 -96 200 ) 
4 456 (-80 -80 200 ) (0 -80 200 ) (0 0 200 ) (-80 0 200 ) 
4 457 (-80 -80 8 ) (-80 -80 200 ) (-88 -80 200 ) (-88 -80 8 ) 
4 457 (-144 -80 0 ) (-80 -80 0 ) (-80 -80 8 ) (-144 -80 8 ) 
4 457 (-144 -8 200 ) (-144 0 200 ) (-144 0 8 ) (-144 -8 8 ) 
4 457 (-144 0 0 ) (-144 -80 0 ) (-144 -80 8 ) (-144 0 8 ) 
4 457 (-144 -80 200 ) (-80 -80 200 ) (-80 0 200 ) (-144 0 200 ) 
4 458 (-152 -80 8 ) (-144 -80 8 ) (-144 -80 200 ) (-152 -80 200 ) 
4 458 (-160 -8 8 ) (-160 -80 8 ) (-160 -80 200 ) (-160 -8 200 ) 
4 458 (-160 -8 200 ) (-160 -80 200 ) (-144 -80 200 ) (-144 -8 200 ) 
4 458 (-144 -8 8 ) (-144 -80 8 ) (-160 -80 8 ) (-160 -8 8 ) 
4 458 (-144 -8 200 ) (-144 -8 8 ) (-160 -8 8 ) (-160 -8 200 ) 
4 459 (-144 -80 200 ) (-144 -80 8 ) (-144 -96 8 ) (-144 -96 200 ) 
4 459 (-144 -80 8 ) (-88 -80 8 ) (-88 -96 8 ) (-144 -96 8 ) 
4 459 (-88 -80 200 ) (-144 -80 200 ) (-144 -96 200 ) (-88 -96 200 ) 
4 459 (-144 -96 8 ) (-88 -96 8 ) (-88 -96 200 ) (-144 -96 200 ) 
4 459 (-88 -96 200 ) (-88 -96 8 ) (-88 -80 8 ) (-88 -80 200 ) 
4 460 (-160 -80 200 ) (-160 -80 8 ) (-160 -96 8 ) (-160 -96 200 ) 
4 460 (-160 -96 8 ) (-152 -96 8 ) (-152 -96 200 ) (-160 -96 200 ) 
4 460 (-152 -80 200 ) (-160 -80 200 ) (-160 -96 200 ) (-152 -96 200 ) 
4 460 (-160 -80 8 ) (-152 -80 8 ) (-152 -96 8 ) (-160 -96 8 ) 
4 460 (-152 -96 200 ) (-152 -96 8 ) (-152 -80 8 ) (-152 -80 200 ) 
4 461 (-168 -208 0 ) (-128 -208 0 ) (-128 -208 200 ) (-168 -208 200 ) 
4 461 (-80 -104 200 ) (-80 -104 8 ) (-168 -104 8 ) (-168 -104 200 ) 
4 461 (-80 -104 8 ) (-80 -104 0 ) (-168 -104 0 ) (-168 -104 8 ) 
4 461 (-168 -104 200 ) (-168 -208 200 ) (-80 -208 200 ) (-80 -104 200 ) 
4 462 (-296 0 0 ) (-296 -208 0 ) (-296 -208 8 ) (-296 0 8 ) 
4 462 (-296 -80 200 ) (-296 -72 200 ) (-296 -72 8 ) (-296 -80 8 ) 
4 462 (-296 -16 200 ) (-296 -8 200 ) (-296 -8 8 ) (-296 -16 8 ) 
4 462 (-296 -144 200 ) (-296 -136 200 ) (-296 -136 8 ) (-296 -144 8 ) 
4 462 (-288 -208 0 ) (-168 -208 0 ) (-168 -208 200 ) (-288 -208 200 ) 
4 462 (-168 -96 8 ) (-168 -80 8 ) (-168 -80 200 ) (-168 -96 200 ) 
4 462 (-168 -96 8 ) (-168 -96 200 ) (-168 -104 200 ) (-168 -104 8 ) 
4 462 (-168 -80 8 ) (-168 -104 8 ) (-168 -104 0 ) (-168 -80 0 ) 
4 462 (-168 0 8 ) (-168 0 200 ) (-168 -80 200 ) (-168 -80 8 ) 
4 462 (-168 0 8 ) (-168 -80 8 ) (-168 -80 0 ) (-168 0 0 ) 
4 462 (-168 -208 200 ) (-168 -96 200 ) (-296 -96 200 ) (-296 -208 200 ) 
4 462 (-296 -96 200 ) (-168 -96 200 ) (-168 0 200 ) (-296 0 200 ) 
4 463 (-128 -216 0 ) (-128 -232 0 ) (-128 -232 200 ) (-128 -216 200 ) 
4 463 (-128 -208 200 ) (-128 -208 0 ) (-128 -216 0 ) (-128 -216 200 ) 
4 463 (-80 -208 200 ) (-128 -208 200 ) (-128 -232 200 ) (-80 -232 200 ) 
4 464 (-296 -208 0 ) (-296 -216 0 ) (-296 -216 8 ) (-296 -208 8 ) 
4 464 (-296 -216 8 ) (-296 -216 0 ) (-288 -216 0 ) (-288 -216 8 ) 
4 464 (-288 -216 200 ) (-288 -208 200 ) (-296 -208 200 ) (-296 -216 200 ) 
4 464 (-288 -216 200 ) (-288 -216 0 ) (-288 -208 0 ) (-288 -208 200 ) 
4 465 (-152 -232 200 ) (-152 -232 8 ) (-152 -216 8 ) (-152 -216 200 ) 
4 465 (-184 -216 8 ) (-184 -216 200 ) (-152 -216 200 ) (-152 -216 8 ) 
4 465 (-152 -216 200 ) (-184 -216 200 ) (-184 -232 200 ) (-152 -232 200 ) 
4 465 (-184 -216 8 ) (-152 -216 8 ) (-152 -232 8 ) (-184 -232 8 ) 
4 465 (-184 -216 200 ) (-184 -216 8 ) (-184 -232 8 ) (-184 -232 200 ) 
4 466 (-248 -216 200 ) (-248 -216 8 ) (-248 -232 8 ) (-248 -232 200 ) 
4 466 (-192 -216 8 ) (-248 -216 8 ) (-248 -216 200 ) (-192 -216 200 ) 
4 466 (-192 -216 200 ) (-248 -216 200 ) (-248 -232 200 ) (-192 -232 200 ) 
4 466 (-248 -216 8 ) (-192 -216 8 ) (-192 -232 8 ) (-248 -232 8 ) 
4 466 (-192 -232 200 ) (-192 -232 8 ) (-192 -216 8 ) (-192 -216 200 ) 
4 467 (-296 -232 8 ) (-296 -216 8 ) (-256 -216 8 ) (-256 -232 8 ) 
4 467 (-256 -216 200 ) (-296 -216 200 ) (-296 -232 200 ) (-256 -232 200 ) 
4 467 (-256 -216 8 ) (-288 -216 8 ) (-288 -216 200 ) (-256 -216 200 ) 
4 467 (-256 -232 200 ) (-256 -232 8 ) (-256 -216 8 ) (-256 -216 200 ) 
4 468 (-312 -8 8 ) (-312 0 8 ) (-296 0 8 ) (-296 -8 8 ) 
4 468 (-312 -8 200 ) (-312 -8 8 ) (-296 -8 8 ) (-296 -8 200 ) 
4 468 (-312 -8 200 ) (-296 -8 200 ) (-296 0 200 ) (-312 0 200 ) 
4 469 (-312 -72 8 ) (-312 -16 8 ) (-296 -16 8 ) (-296 -72 8 ) 
4 469 (-312 -16 200 ) (-312 -72 200 ) (-296 -72 200 ) (-296 -16 200 ) 
4 469 (-296 -16 200 ) (-296 -16 8 ) (-312 -16 8 ) (-312 -16 200 ) 
4 469 (-312 -72 200 ) (-312 -72 8 ) (-296 -72 8 ) (-296 -72 200 ) 
4 470 (-312 -136 8 ) (-312 -80 8 ) (-296 -80 8 ) (-296 -136 8 ) 
4 470 (-296 -80 200 ) (-296 -80 8 ) (-312 -80 8 ) (-312 -80 200 ) 
4 470 (-296 -136 200 ) (-296 -96 200 ) (-312 -96 200 ) (-312 -136 200 ) 
4 470 (-312 -80 200 ) (-312 -96 200 ) (-296 -96 200 ) (-296 -80 200 ) 
4 470 (-312 -136 200 ) (-312 -136 8 ) (-296 -136 8 ) (-296 -136 200 ) 
4 471 (-312 -232 8 ) (-312 -232 200 ) (-312 -216 200 ) (-312 -216 8 ) 
4 471 (-312 -232 8 ) (-312 -216 8 ) (-296 -216 8 ) (-296 -232 8 ) 
4 471 (-312 -216 8 ) (-312 -144 8 ) (-296 -144 8 ) (-296 -216 8 ) 
4 471 (-296 -144 200 ) (-296 -144 8 ) (-312 -144 8 ) (-312 -144 200 ) 
4 471 (-296 -144 200 ) (-312 -144 200 ) (-312 -232 200 ) (-296 -232 200 ) 
4 472 (-424 -168 200 ) (-424 -160 200 ) (-424 -160 8 ) (-424 -168 8 ) 
4 472 (-424 -184 200 ) (-424 -176 200 ) (-424 -176 8 ) (-424 -184 8 ) 
4 472 (-424 -96 200 ) (-424 -88 200 ) (-424 -88 8 ) (-424 -96 8 ) 
4 472 (-424 -32 200 ) (-424 -24 200 ) (-424 -24 8 ) (-424 -32 8 ) 
4 472 (-424 0 0 ) (-424 -216 0 ) (-424 -216 8 ) (-424 0 8 ) 
4 472 (-384 -216 8 ) (-376 -216 8 ) (-376 -216 200 ) (-384 -216 200 ) 
4 472 (-320 -216 8 ) (-312 -216 8 ) (-312 -216 200 ) (-320 -216 200 ) 
4 472 (-424 -216 8 ) (-424 -216 0 ) (-312 -216 0 ) (-312 -216 8 ) 
4 472 (-424 -168 200 ) (-424 -216 200 ) (-312 -216 200 ) (-312 -168 200 ) 
4 472 (-312 -144 8 ) (-312 -136 8 ) (-312 -136 200 ) (-312 -144 200 ) 
4 472 (-312 -16 8 ) (-312 -8 8 ) (-312 -8 200 ) (-312 -16 200 ) 
4 472 (-312 -80 8 ) (-312 -72 8 ) (-312 -72 200 ) (-312 -80 200 ) 
4 472 (-312 0 8 ) (-312 -216 8 ) (-312 -216 0 ) (-312 0 0 ) 
4 473 (-376 -216 200 ) (-376 -216 8 ) (-376 -232 8 ) (-376 -232 200 ) 
4 473 (-320 -232 200 ) (-320 -232 8 ) (-320 -216 8 ) (-320 -216 200 ) 
4 473 (-320 -216 200 ) (-376 -216 200 ) (-376 -232 200 ) (-320 -232 200 ) 
4 473 (-376 -216 8 ) (-320 -216 8 ) (-320 -232 8 ) (-376 -232 8 ) 
4 474 (-424 -216 8 ) (-384 -216 8 ) (-384 -232 8 ) (-424 -232 8 ) 
4 474 (-384 -216 200 ) (-424 -216 200 ) (-424 -232 200 ) (-384 -232 200 ) 
4 474 (-384 -232 200 ) (-384 -232 8 ) (-384 -216 8 ) (-384 -216 200 ) 
4 475 (-128 -600 200 ) (0 -600 200 ) (0 -360 200 ) (-128 -360 200 ) 
4 475 (-128 -360 200 ) (0 -360 200 ) (0 -232 200 ) (-128 -232 200 ) 
4 475 (-128 -232 200 ) (-128 -232 0 ) (-128 -600 0 ) (-128 -600 200 ) 
4 476 (-136 -240 200 ) (-136 -240 8 ) (-152 -240 8 ) (-152 -240 200 ) 
4 476 (-136 -240 200 ) (-136 -256 200 ) (-136 -256 8 ) (-136 -240 8 ) 
4 476 (-136 -240 8 ) (-136 -256 8 ) (-152 -256 8 ) (-152 -240 8 ) 
4 476 (-152 -256 200 ) (-152 -256 8 ) (-136 -256 8 ) (-136 -256 200 ) 
4 477 (-152 -320 200 ) (-152 -320 8 ) (-136 -320 8 ) (-136 -320 200 ) 
4 477 (-136 -264 200 ) (-136 -320 200 ) (-136 -320 8 ) (-136 -264 8 ) 
4 477 (-136 -264 8 ) (-136 -320 8 ) (-152 -320 8 ) (-152 -264 8 ) 
4 477 (-136 -264 200 ) (-136 -264 8 ) (-152 -264 8 ) (-152 -264 200 ) 
4 478 (-144 -344 8 ) (-136 -344 8 ) (-136 -344 200 ) (-144 -344 200 ) 
4 478 (-136 -328 8 ) (-136 -344 8 ) (-152 -344 8 ) (-152 -328 8 ) 
4 478 (-136 -328 200 ) (-136 -344 200 ) (-136 -344 8 ) (-136 -328 8 ) 
4 478 (-136 -328 200 ) (-136 -328 8 ) (-152 -328 8 ) (-152 -328 200 ) 
4 479 (-144 -360 8 ) (-152 -360 8 ) (-152 -344 8 ) (-144 -344 8 ) 
4 479 (-144 -360 200 ) (-144 -360 8 ) (-144 -344 8 ) (-144 -344 200 ) 
4 480 (-136 -360 8 ) (-136 -384 8 ) (-152 -384 8 ) (-152 -360 8 ) 
4 480 (-136 -360 200 ) (-136 -384 200 ) (-136 -384 8 ) (-136 -360 8 ) 
4 480 (-144 -360 200 ) (-136 -360 200 ) (-136 -360 8 ) (-144 -360 8 ) 
4 480 (-152 -384 200 ) (-152 -384 8 ) (-136 -384 8 ) (-136 -384 200 ) 
4 481 (-136 -392 200 ) (-136 -456 200 ) (-136 -456 8 ) (-136 -392 8 ) 
4 481 (-136 -392 8 ) (-136 -456 8 ) (-152 -456 8 ) (-152 -392 8 ) 
4 481 (-136 -392 200 ) (-136 -392 8 ) (-152 -392 8 ) (-152 -392 200 ) 
4 481 (-152 -456 200 ) (-152 -456 8 ) (-136 -456 8 ) (-136 -456 200 ) 
4 482 (-152 -520 200 ) (-152 -520 8 ) (-136 -520 8 ) (-136 -520 200 ) 
4 482 (-136 -464 200 ) (-136 -520 200 ) (-136 -520 8 ) (-136 -464 8 ) 
4 482 (-136 -464 8 ) (-136 -520 8 ) (-152 -520 8 ) (-152 -464 8 ) 
4 482 (-136 -464 200 ) (-136 -464 8 ) (-152 -464 8 ) (-152 -464 200 ) 
4 483 (-152 -592 200 ) (-152 -592 8 ) (-136 -592 8 ) (-136 -592 200 ) 
4 483 (-136 -528 8 ) (-136 -592 8 ) (-152 -592 8 ) (-152 -528 8 ) 
4 483 (-136 -528 200 ) (-136 -592 200 ) (-136 -592 8 ) (-136 -528 8 ) 
4 483 (-136 -528 200 ) (-136 -528 8 ) (-152 -528 8 ) (-152 -528 200 ) 
4 484 (-136 -600 200 ) (-136 -600 8 ) (-152 -600 8 ) (-152 -600 200 ) 
4 484 (-136 -600 8 ) (-136 -600 0 ) (-152 -600 0 ) (-152 -600 8 ) 
4 484 (-136 -600 200 ) (-128 -600 200 ) (-128 -600 0 ) (-136 -600 0 ) 
4 484 (0 -600 200 ) (-136 -600 200 ) (-136 -704 200 ) (0 -704 200 ) 
4 485 (-424 -248 200 ) (-424 -240 200 ) (-424 -240 8 ) (-424 -248 8 ) 
4 485 (-424 -312 200 ) (-424 -304 200 ) (-424 -304 8 ) (-424 -312 8 ) 
4 485 (-424 -232 0 ) (-424 -344 0 ) (-424 -344 8 ) (-424 -232 8 ) 
4 485 (-320 -344 0 ) (-152 -344 0 ) (-152 -344 8 ) (-320 -344 8 ) 
4 485 (-424 -344 8 ) (-424 -344 0 ) (-408 -344 0 ) (-408 -344 8 ) 
4 485 (-416 -344 8 ) (-408 -344 8 ) (-408 -344 200 ) (-416 -344 200 ) 
4 485 (-320 -344 8 ) (-312 -344 8 ) (-312 -344 200 ) (-320 -344 200 ) 
4 485 (-256 -344 8 ) (-248 -344 8 ) (-248 -344 200 ) (-256 -344 200 ) 
4 485 (-192 -344 8 ) (-184 -344 8 ) (-184 -344 200 ) (-192 -344 200 ) 
4 485 (-152 -320 200 ) (-152 -328 200 ) (-152 -328 8 ) (-152 -320 8 ) 
4 485 (-152 -256 200 ) (-152 -264 200 ) (-152 -264 8 ) (-152 -256 8 ) 
4 485 (-152 -240 200 ) (-152 -240 8 ) (-152 -232 8 ) (-152 -232 200 ) 
4 485 (-152 -344 8 ) (-152 -344 0 ) (-152 -232 0 ) (-152 -232 8 ) 
4 485 (-320 -344 200 ) (-152 -344 200 ) (-152 -232 200 ) (-320 -232 200 ) 
4 485 (-408 -344 200 ) (-320 -344 200 ) (-320 -232 200 ) (-408 -232 200 ) 
4 485 (-424 -344 200 ) (-408 -344 200 ) (-408 -232 200 ) (-424 -232 200 ) 
4 485 (-296 -232 8 ) (-152 -232 8 ) (-152 -232 0 ) (-296 -232 0 ) 
4 485 (-184 -232 8 ) (-192 -232 8 ) (-192 -232 200 ) (-184 -232 200 ) 
4 485 (-248 -232 8 ) (-256 -232 8 ) (-256 -232 200 ) (-248 -232 200 ) 
4 485 (-312 -232 8 ) (-296 -232 8 ) (-296 -232 0 ) (-312 -232 0 ) 
4 485 (-312 -232 8 ) (-312 -232 0 ) (-424 -232 0 ) (-424 -232 8 ) 
4 485 (-320 -232 200 ) (-312 -232 200 ) (-312 -232 8 ) (-320 -232 8 ) 
4 485 (-384 -232 200 ) (-376 -232 200 ) (-376 -232 8 ) (-384 -232 8 ) 
4 486 (-152 -360 8 ) (-184 -360 8 ) (-184 -344 8 ) (-152 -344 8 ) 
4 486 (-184 -344 200 ) (-184 -360 200 ) (-152 -360 200 ) (-152 -344 200 ) 
4 486 (-184 -344 200 ) (-184 -344 8 ) (-184 -360 8 ) (-184 -360 200 ) 
4 487 (-192 -360 8 ) (-248 -360 8 ) (-248 -344 8 ) (-192 -344 8 ) 
4 487 (-192 -344 200 ) (-248 -344 200 ) (-248 -360 200 ) (-192 -360 200 ) 
4 487 (-192 -360 200 ) (-192 -360 8 ) (-192 -344 8 ) (-192 -344 200 ) 
4 487 (-248 -344 200 ) (-248 -344 8 ) (-248 -360 8 ) (-248 -360 200 ) 
4 488 (-256 -360 8 ) (-312 -360 8 ) (-312 -344 8 ) (-256 -344 8 ) 
4 488 (-312 -344 200 ) (-312 -344 8 ) (-312 -360 8 ) (-312 -360 200 ) 
4 488 (-256 -344 200 ) (-312 -344 200 ) (-312 -360 200 ) (-256 -360 200 ) 
4 488 (-256 -360 200 ) (-256 -360 8 ) (-256 -344 8 ) (-256 -344 200 ) 
4 489 (-408 -344 200 ) (-408 -344 8 ) (-408 -360 8 ) (-408 -360 200 ) 
4 489 (-320 -360 200 ) (-320 -360 8 ) (-320 -344 8 ) (-320 -344 200 ) 
4 490 (-424 -360 200 ) (-424 -360 8 ) (-416 -360 8 ) (-416 -360 200 ) 
4 490 (-416 -360 8 ) (-424 -360 8 ) (-424 -344 8 ) (-416 -344 8 ) 
4 490 (-416 -344 200 ) (-424 -344 200 ) (-424 -360 200 ) (-416 -360 200 ) 
4 490 (-416 -360 200 ) (-416 -360 8 ) (-416 -344 8 ) (-416 -344 200 ) 
4 491 (-408 -360 0 ) (-408 -360 8 ) (-408 -344 8 ) (-408 -344 0 ) 
4 491 (-320 -344 0 ) (-320 -344 8 ) (-320 -360 8 ) (-320 -360 0 ) 
4 492 (-416 -504 0 ) (-416 -664 0 ) (-416 -664 64 ) (-416 -504 64 ) 
4 492 (-416 -664 0 ) (-416 -696 0 ) (-416 -696 168 ) (-416 -664 168 ) 
4 492 (-416 -696 168 ) (-416 -696 200 ) (-416 -504 200 ) (-416 -504 168 ) 
4 492 (-416 -360 200 ) (-416 -360 0 ) (-416 -504 0 ) (-416 -504 200 ) 
4 492 (-152 -520 200 ) (-152 -528 200 ) (-152 -528 8 ) (-152 -520 8 ) 
4 492 (-152 -456 200 ) (-152 -464 200 ) (-152 -464 8 ) (-152 -456 8 ) 
4 492 (-152 -592 200 ) (-152 -600 200 ) (-152 -600 8 ) (-152 -592 8 ) 
4 492 (-152 -384 200 ) (-152 -392 200 ) (-152 -392 8 ) (-152 -384 8 ) 
4 492 (-152 -360 8 ) (-152 -600 8 ) (-152 -600 0 ) (-152 -360 0 ) 
4 492 (-192 -360 200 ) (-184 -360 200 ) (-184 -360 8 ) (-192 -360 8 ) 
4 492 (-256 -360 200 ) (-248 -360 200 ) (-248 -360 8 ) (-256 -360 8 ) 
4 492 (-320 -360 200 ) (-312 -360 200 ) (-312 -360 8 ) (-320 -360 8 ) 
4 492 (-416 -360 200 ) (-408 -360 200 ) (-408 -360 8 ) (-416 -360 8 ) 
4 492 (-416 -360 8 ) (-408 -360 8 ) (-408 -360 0 ) (-416 -360 0 ) 
4 492 (-320 -360 8 ) (-152 -360 8 ) (-152 -360 0 ) (-320 -360 0 ) 
4 493 (-416 -664 64 ) (-416 -664 168 ) (-424 -664 168 ) (-424 -664 64 ) 
4 493 (-416 -504 168 ) (-416 -504 64 ) (-424 -504 64 ) (-424 -504 168 ) 
4 493 (-416 -664 168 ) (-416 -504 168 ) (-424 -504 168 ) (-424 -664 168 ) 
4 493 (-416 -664 64 ) (-424 -664 64 ) (-424 -504 64 ) (-416 -504 64 ) 
4 494 (-424 -696 0 ) (-424 -704 0 ) (-424 -704 8 ) (-424 -696 8 ) 
4 494 (-416 -696 168 ) (-416 -696 0 ) (-424 -696 0 ) (-424 -696 168 ) 
4 494 (-416 -696 200 ) (-416 -696 168 ) (-424 -696 168 ) (-424 -696 200 ) 
4 495 (-440 -24 200 ) (-440 -24 8 ) (-424 -24 8 ) (-424 -24 200 ) 
4 495 (-440 -24 8 ) (-440 0 8 ) (-424 0 8 ) (-424 -24 8 ) 
4 495 (-440 -24 200 ) (-424 -24 200 ) (-424 0 200 ) (-440 0 200 ) 
4 495 (-424 0 8 ) (-432 0 8 ) (-432 0 200 ) (-424 0 200 ) 
4 495 (-432 0 8 ) (-440 0 8 ) (-440 0 200 ) (-432 0 200 ) 
4 496 (-440 -88 200 ) (-440 -88 8 ) (-424 -88 8 ) (-424 -88 200 ) 
4 496 (-440 -88 8 ) (-440 -32 8 ) (-424 -32 8 ) (-424 -88 8 ) 
4 496 (-440 -32 200 ) (-440 -88 200 ) (-424 -88 200 ) (-424 -32 200 ) 
4 496 (-424 -32 200 ) (-424 -32 8 ) (-440 -32 8 ) (-440 -32 200 ) 
4 497 (-440 -160 200 ) (-440 -160 8 ) (-424 -160 8 ) (-424 -160 200 ) 
4 497 (-440 -160 8 ) (-440 -96 8 ) (-424 -96 8 ) (-424 -160 8 ) 
4 497 (-440 -96 200 ) (-440 -160 200 ) (-424 -160 200 ) (-424 -96 200 ) 
4 497 (-424 -96 200 ) (-424 -96 8 ) (-440 -96 8 ) (-440 -96 200 ) 
4 498 (-440 -176 200 ) (-440 -168 200 ) (-440 -168 8 ) (-440 -176 8 ) 
4 498 (-440 -176 200 ) (-440 -176 8 ) (-424 -176 8 ) (-424 -176 200 ) 
4 498 (-440 -176 8 ) (-440 -168 8 ) (-424 -168 8 ) (-424 -176 8 ) 
4 498 (-424 -176 200 ) (-424 -168 200 ) (-440 -168 200 ) (-440 -176 200 ) 
4 498 (-424 -168 200 ) (-424 -168 8 ) (-440 -168 8 ) (-440 -168 200 ) 
4 499 (-440 -240 200 ) (-440 -184 200 ) (-440 -184 8 ) (-440 -240 8 ) 
4 499 (-424 -184 200 ) (-424 -184 8 ) (-440 -184 8 ) (-440 -184 200 ) 
4 499 (-424 -184 200 ) (-440 -184 200 ) (-440 -232 200 ) (-424 -232 200 ) 
4 499 (-440 -240 200 ) (-424 -240 200 ) (-424 -232 200 ) (-440 -232 200 ) 
4 499 (-440 -240 8 ) (-440 -184 8 ) (-424 -184 8 ) (-424 -240 8 ) 
4 499 (-440 -240 200 ) (-440 -240 8 ) (-424 -240 8 ) (-424 -240 200 ) 
4 500 (-440 -304 200 ) (-440 -248 200 ) (-440 -248 8 ) (-440 -304 8 ) 
4 500 (-424 -248 200 ) (-424 -248 8 ) (-440 -248 8 ) (-440 -248 200 ) 
4 500 (-440 -248 200 ) (-440 -304 200 ) (-424 -304 200 ) (-424 -248 200 ) 
4 500 (-440 -304 8 ) (-440 -248 8 ) (-424 -248 8 ) (-424 -304 8 ) 
4 500 (-440 -304 200 ) (-440 -304 8 ) (-424 -304 8 ) (-424 -304 200 ) 
4 501 (-440 -344 200 ) (-440 -312 200 ) (-440 -312 8 ) (-440 -344 8 ) 
4 501 (-440 -344 200 ) (-440 -344 8 ) (-432 -344 8 ) (-432 -344 200 ) 
4 501 (-424 -312 200 ) (-424 -312 8 ) (-440 -312 8 ) (-440 -312 200 ) 
4 501 (-440 -312 200 ) (-440 -344 200 ) (-424 -344 200 ) (-424 -312 200 ) 
4 501 (-440 -344 8 ) (-440 -312 8 ) (-424 -312 8 ) (-424 -344 8 ) 
4 502 (-432 -344 200 ) (-432 -360 200 ) (-424 -360 200 ) (-424 -344 200 ) 
4 502 (-432 -344 8 ) (-424 -344 8 ) (-424 -360 8 ) (-432 -360 8 ) 
4 502 (-432 -344 200 ) (-432 -344 8 ) (-432 -360 8 ) (-432 -360 200 ) 
4 503 (-440 -368 200 ) (-440 -360 200 ) (-440 -360 8 ) (-440 -368 8 ) 
4 503 (-440 -368 200 ) (-440 -368 8 ) (-424 -368 8 ) (-424 -368 200 ) 
4 503 (-432 -360 200 ) (-432 -360 8 ) (-440 -360 8 ) (-440 -360 200 ) 
4 503 (-440 -368 8 ) (-440 -360 8 ) (-424 -360 8 ) (-424 -368 8 ) 
4 503 (-424 -368 200 ) (-424 -360 200 ) (-440 -360 200 ) (-440 -368 200 ) 
4 503 (-424 -368 8 ) (-424 -360 8 ) (-424 -360 200 ) (-424 -368 200 ) 
4 504 (-440 -632 200 ) (-440 -504 200 ) (-440 -504 168 ) (-440 -632 168 ) 
4 504 (-440 -568 64 ) (-440 -560 64 ) (-424 -560 64 ) (-424 -568 64 ) 
4 504 (-424 -632 64 ) (-440 -632 64 ) (-440 -624 64 ) (-424 -624 64 ) 
4 504 (-424 -504 200 ) (-424 -504 64 ) (-440 -504 64 ) (-440 -504 200 ) 
4 504 (-424 -632 168 ) (-424 -504 168 ) (-424 -504 200 ) (-424 -632 200 ) 
4 504 (-424 -632 200 ) (-424 -504 200 ) (-440 -504 200 ) (-440 -632 200 ) 
4 505 (-440 -504 64 ) (-440 -504 8 ) (-440 -560 8 ) (-440 -560 64 ) 
4 505 (-440 -560 8 ) (-424 -560 8 ) (-424 -560 64 ) (-440 -560 64 ) 
4 505 (-440 -560 8 ) (-440 -504 8 ) (-424 -504 8 ) (-424 -560 8 ) 
4 505 (-424 -560 8 ) (-424 -504 8 ) (-424 -504 64 ) (-424 -560 64 ) 
4 505 (-424 -504 64 ) (-424 -504 8 ) (-440 -504 8 ) (-440 -504 64 ) 
4 506 (-440 -568 8 ) (-440 -624 8 ) (-440 -624 64 ) (-440 -568 64 ) 
4 506 (-440 -624 8 ) (-424 -624 8 ) (-424 -624 64 ) (-440 -624 64 ) 
4 506 (-440 -624 8 ) (-440 -568 8 ) (-424 -568 8 ) (-424 -624 8 ) 
4 506 (-424 -624 8 ) (-424 -568 8 ) (-424 -568 64 ) (-424 -624 64 ) 
4 506 (-440 -568 64 ) (-424 -568 64 ) (-424 -568 8 ) (-440 -568 8 ) 
4 507 (-440 -664 200 ) (-440 -632 200 ) (-440 -632 168 ) (-440 -664 168 ) 
4 507 (-440 -632 64 ) (-440 -632 8 ) (-440 -664 8 ) (-440 -664 64 ) 
4 507 (-424 -632 64 ) (-424 -632 8 ) (-440 -632 8 ) (-440 -632 64 ) 
4 507 (-424 -632 8 ) (-424 -632 64 ) (-424 -664 64 ) (-424 -664 8 ) 
4 507 (-424 -664 168 ) (-424 -632 168 ) (-424 -632 200 ) (-424 -664 200 ) 
4 507 (-424 -664 200 ) (-424 -632 200 ) (-440 -632 200 ) (-440 -664 200 ) 
4 507 (-440 -664 8 ) (-440 -632 8 ) (-424 -632 8 ) (-424 -664 8 ) 
4 507 (-440 -664 200 ) (-440 -664 8 ) (-424 -664 8 ) (-424 -664 200 ) 
4 508 (-432 -704 200 ) (-440 -704 200 ) (-440 -704 8 ) (-432 -704 8 ) 
4 508 (-424 -672 200 ) (-424 -672 8 ) (-440 -672 8 ) (-440 -672 200 ) 
4 508 (-424 -672 8 ) (-424 -672 168 ) (-424 -696 168 ) (-424 -696 8 ) 
4 508 (-424 -672 168 ) (-424 -672 200 ) (-424 -696 200 ) (-424 -696 168 ) 
4 508 (-424 -672 200 ) (-440 -672 200 ) (-440 -704 200 ) (-424 -704 200 ) 
4 508 (-440 -704 8 ) (-440 -672 8 ) (-424 -672 8 ) (-424 -704 8 ) 
4 509 (-440 -32 8 ) (-440 -24 8 ) (-440 -24 200 ) (-440 -32 200 ) 
4 509 (-440 -96 8 ) (-440 -88 8 ) (-440 -88 200 ) (-440 -96 200 ) 
4 509 (-440 -168 8 ) (-440 -160 8 ) (-440 -160 200 ) (-440 -168 200 ) 
4 509 (-448 -168 200 ) (-448 -168 8 ) (-440 -168 8 ) (-440 -168 200 ) 
4 510 (-440 0 8 ) (-440 -184 8 ) (-440 -184 0 ) (-440 0 0 ) 
4 510 (-440 -184 8 ) (-440 -168 8 ) (-448 -168 8 ) (-448 -184 8 ) 
4 510 (-440 -184 0 ) (-440 -184 8 ) (-448 -184 8 ) (-448 -184 0 ) 
4 511 (-440 -664 64 ) (-448 -664 64 ) (-448 -504 64 ) (-440 -504 64 ) 
4 511 (-440 -504 168 ) (-440 -504 64 ) (-448 -504 64 ) (-448 -504 168 ) 
4 511 (-440 -504 168 ) (-448 -504 168 ) (-448 -664 168 ) (-440 -664 168 ) 
4 512 (-440 -664 200 ) (-440 -664 168 ) (-448 -664 168 ) (-448 -664 200 ) 
4 512 (-440 -664 64 ) (-440 -664 0 ) (-448 -664 0 ) (-448 -664 64 ) 
4 512 (-440 -672 8 ) (-440 -664 8 ) (-440 -664 200 ) (-440 -672 200 ) 
4 512 (-440 -664 8 ) (-440 -704 8 ) (-440 -704 0 ) (-440 -664 0 ) 
4 513 (-448 -504 168 ) (-448 -504 200 ) (-448 -664 200 ) (-448 -664 168 ) 
4 513 (-448 -504 64 ) (-448 -664 64 ) (-448 -664 0 ) (-448 -504 0 ) 
4 513 (-448 -184 8 ) (-448 -504 8 ) (-448 -504 0 ) (-448 -184 0 ) 
4 513 (-448 -168 8 ) (-448 -168 200 ) (-448 -504 200 ) (-448 -504 8 ) 
4 514 (-424 -704 208 ) (-424 -704 200 ) (-424 -736 200 ) (-424 -736 208 ) 
4 514 (-424 -704 8 ) (-424 -704 0 ) (-424 -736 0 ) (-424 -736 8 ) 
4 514 (-424 -704 229.517227 ) (0 -704 288 ) (0 -704 272 ) (-424 -704 213.517227 ) 
3 514 (-424 -704 208 ) (-369.600037 -704 208 ) (-424 -704 200 ) 
4 514 (-369.600037 -704 208 ) (-424 -704 208 ) (-152 -704 248 ) (-152 -704 240 ) 
4 514 (-136 -704 208 ) (0 -704 208 ) (0 -704 200 ) (-136 -704 200 ) 
4 515 (-440 -704 227.310333 ) (-424 -704 229.517227 ) (-424 -704 213.517227 ) (-440 -704 211.310333 ) 
4 515 (-440 -736 208 ) (-440 -704 208 ) (-424 -704 208 ) (-424 -736 208 ) 
4 516 (-432 -720 200 ) (-424 -720 200 ) (-424 -704 200 ) (-432 -704 200 ) 
4 516 (-432 -704 8 ) (-424 -704 8 ) (-424 -720 8 ) (-432 -720 8 ) 
4 516 (-432 -704 8 ) (-432 -720 8 ) (-432 -720 200 ) (-432 -704 200 ) 
4 517 (-440 -720 200 ) (-432 -720 200 ) (-432 -720 8 ) (-440 -720 8 ) 
4 517 (-440 -736 8 ) (-440 -720 8 ) (-424 -720 8 ) (-424 -736 8 ) 
4 517 (-424 -736 200 ) (-424 -720 200 ) (-440 -720 200 ) (-440 -736 200 ) 
4 518 (-440 -720 200 ) (-440 -720 8 ) (-440 -704 8 ) (-440 -704 200 ) 
4 518 (-440 -736 208 ) (-440 -736 200 ) (-440 -704 200 ) (-440 -704 208 ) 
4 518 (-440 -736 8 ) (-440 -736 0 ) (-440 -704 0 ) (-440 -704 8 ) 
5 518 (-440 -704 227.310333 ) (-440 -704 211.310333 ) (-464 -704 208 ) (-464 -704 223.992188 ) (-463.924652 -704 224.010376 ) 
4 519 (-424 -736 208 ) (-424 -736 200 ) (-440 -736 200 ) (-440 -736 208 ) 
4 519 (-424 -736 8 ) (-424 -736 0 ) (-440 -736 0 ) (-440 -736 8 ) 
4 520 (-464 -696 208 ) (-464 -696 224 ) (-464 -704 224 ) (-464 -704 208 ) 
4 520 (-464 -696 208 ) (-464 -688 208 ) (-464 -688 224 ) (-464 -696 224 ) 
4 520 (-464 -648 208 ) (-464 -640 208 ) (-464 -640 224 ) (-464 -648 224 ) 
4 520 (-464 -640 208 ) (-464 -632 208 ) (-464 -632 224 ) (-464 -640 224 ) 
4 520 (-464 -584 208 ) (-464 -576 208 ) (-464 -576 224 ) (-464 -584 224 ) 
4 520 (-464 -576 208 ) (-464 -568 208 ) (-464 -568 224 ) (-464 -576 224 ) 
4 520 (-464 -520 208 ) (-464 -512 208 ) (-464 -512 224 ) (-464 -520 224 ) 
4 520 (-464 -512 208 ) (-464 -504 208 ) (-464 -504 224 ) (-464 -512 224 ) 
4 520 (-464 -456 208 ) (-464 -448 208 ) (-464 -448 224 ) (-464 -456 224 ) 
4 520 (-464 -448 208 ) (-464 -440 208 ) (-464 -440 224 ) (-464 -448 224 ) 
4 520 (-464 -392 208 ) (-464 -384 208 ) (-464 -384 224 ) (-464 -392 224 ) 
4 520 (-464 -384 208 ) (-464 -376 208 ) (-464 -376 224 ) (-464 -384 224 ) 
4 520 (-464 -328 208 ) (-464 -320 208 ) (-464 -320 224 ) (-464 -328 224 ) 
4 520 (-464 -320 208 ) (-464 -312 208 ) (-464 -312 224 ) (-464 -320 224 ) 
4 520 (-464 -264 208 ) (-464 -256 208 ) (-464 -256 224 ) (-464 -264 224 ) 
4 520 (-464 -256 208 ) (-464 -248 208 ) (-464 -248 224 ) (-464 -256 224 ) 
4 520 (-464 -200 208 ) (-464 -192 208 ) (-464 -192 224 ) (-464 -200 224 ) 
4 520 (-464 -192 208 ) (-464 -184 208 ) (-464 -184 224 ) (-464 -192 224 ) 
4 520 (-464 -136 208 ) (-464 -128 208 ) (-464 -128 224 ) (-464 -136 224 ) 
4 520 (-464 -128 208 ) (-464 -120 208 ) (-464 -120 224 ) (-464 -128 224 ) 
4 520 (-464 -72 208 ) (-464 -64 208 ) (-464 -64 224 ) (-464 -72 224 ) 
4 520 (-464 -64 208 ) (-464 -56 208 ) (-464 -56 224 ) (-464 -64 224 ) 
4 520 (-464 -8 208 ) (-464 0 208 ) (-464 0 224 ) (-464 -8 224 ) 
4 521 (-168 -80 0 ) (-144 -80 0 ) (-144 0 0 ) (-168 0 0 ) 
4 521 (-168 -80 0 ) (-168 -104 0 ) (-80 -104 0 ) (-80 -80 0 ) 
4 521 (-288 -216 0 ) (-128 -216 0 ) (-128 -208 0 ) (-288 -208 0 ) 
4 521 (-128 -216 0 ) (-152 -216 0 ) (-152 -232 0 ) (-128 -232 0 ) 
4 521 (-152 -216 0 ) (-296 -216 0 ) (-296 -232 0 ) (-152 -232 0 ) 
4 521 (-312 -216 0 ) (-296 -216 0 ) (-296 0 0 ) (-312 0 0 ) 
4 521 (-312 -216 0 ) (-312 -232 0 ) (-296 -232 0 ) (-296 -216 0 ) 
4 521 (-424 -216 0 ) (-424 -232 0 ) (-312 -232 0 ) (-312 -216 0 ) 
4 521 (-128 -232 0 ) (-136 -232 0 ) (-136 -600 0 ) (-128 -600 0 ) 
4 521 (-136 -232 0 ) (-152 -232 0 ) (-152 -600 0 ) (-136 -600 0 ) 
4 521 (-408 -360 0 ) (-408 -344 0 ) (-424 -344 0 ) (-424 -360 0 ) 
4 521 (-320 -360 0 ) (-152 -360 0 ) (-152 -344 0 ) (-320 -344 0 ) 
4 521 (-416 -504 0 ) (-416 -360 0 ) (-424 -360 0 ) (-424 -504 0 ) 
4 521 (-416 -696 0 ) (-416 -664 0 ) (-424 -664 0 ) (-424 -696 0 ) 
4 521 (-416 -664 0 ) (-416 -504 0 ) (-424 -504 0 ) (-424 -664 0 ) 
4 521 (-440 -704 0 ) (-424 -704 0 ) (-424 0 0 ) (-440 0 0 ) 
4 521 (-448 -184 0 ) (-448 -504 0 ) (-440 -504 0 ) (-440 -184 0 ) 
4 521 (-448 -504 0 ) (-448 -664 0 ) (-440 -664 0 ) (-440 -504 0 ) 
4 521 (-440 -736 0 ) (-424 -736 0 ) (-424 -704 0 ) (-440 -704 0 ) 
4 521 (0 -1024 -656 ) (-1024 -1024 -656 ) (-1024 0 -656 ) (0 0 -656 ) 
4 522 (-1024 -1404 1516 ) (-1024 -1404 1024 ) (0 -1404 1024 ) (0 -1404 1516 ) 
4 522 (0 -1024 1516 ) (-1024 -1024 1516 ) (-1024 -1404 1516 ) (0 -1404 1516 ) 
4 523 (-1024 -1404 0 ) (0 -1404 0 ) (0 -1404 1024 ) (-1024 -1404 1024 ) 
4 524 (-1024 -1404 -656 ) (-1024 -1024 -656 ) (0 -1024 -656 ) (0 -1404 -656 ) 
4 524 (-1024 -1404 -656 ) (0 -1404 -656 ) (0 -1404 0 ) (-1024 -1404 0 ) 
4 525 (-1024 1560 1516 ) (-1028 1560 1516 ) (-1028 1024 1516 ) (-1024 1024 1516 ) 
4 525 (-1028 1560 1516 ) (-1024 1560 1516 ) (-1024 1560 1024 ) (-1028 1560 1024 ) 
4 525 (-1028 1024 1516 ) (-1028 1560 1516 ) (-1028 1560 1024 ) (-1028 1024 1024 ) 
4 526 (-1028 1560 1024 ) (-1024 1560 1024 ) (-1024 1560 0 ) (-1028 1560 0 ) 
4 526 (-1028 1560 1024 ) (-1028 1560 0 ) (-1028 1024 0 ) (-1028 1024 1024 ) 
4 527 (-1024 1024 -656 ) (-1028 1024 -656 ) (-1028 1560 -656 ) (-1024 1560 -656 ) 
4 527 (-1028 1024 -656 ) (-1028 1024 0 ) (-1028 1560 0 ) (-1028 1560 -656 ) 
4 527 (-1024 1560 0 ) (-1024 1560 -656 ) (-1028 1560 -656 ) (-1028 1560 0 ) 
4 528 (-1028 1024 1516 ) (-1028 1024 1024 ) (-1028 0 1024 ) (-1028 0 1516 ) 
4 528 (-1024 1024 1516 ) (-1028 1024 1516 ) (-1028 0 1516 ) (-1024 0 1516 ) 
4 529 (-1028 1024 0 ) (-1028 0 0 ) (-1028 0 1024 ) (-1028 1024 1024 ) 
4 530 (-1028 0 -656 ) (-1028 0 0 ) (-1028 1024 0 ) (-1028 1024 -656 ) 
4 530 (-1024 0 -656 ) (-1028 0 -656 ) (-1028 1024 -656 ) (-1024 1024 -656 ) 
4 531 (-1024 0 1516 ) (-1028 0 1516 ) (-1028 -1024 1516 ) (-1024 -1024 1516 ) 
4 531 (-1028 0 1024 ) (-1028 -1024 1024 ) (-1028 -1024 1516 ) (-1028 0 1516 ) 
4 532 (-1028 0 0 ) (-1028 -1024 0 ) (-1028 -1024 1024 ) (-1028 0 1024 ) 
4 533 (-1024 -1024 -656 ) (-1028 -1024 -656 ) (-1028 0 -656 ) (-1024 0 -656 ) 
4 533 (-1028 0 -656 ) (-1028 -1024 -656 ) (-1028 -1024 0 ) (-1028 0 0 ) 
4 534 (-1028 -1404 1516 ) (-1028 -1404 1024 ) (-1024 -1404 1024 ) (-1024 -1404 1516 ) 
4 534 (-1028 -1024 1516 ) (-1028 -1024 1024 ) (-1028 -1404 1024 ) (-1028 -1404 1516 ) 
4 534 (-1024 -1024 1516 ) (-1028 -1024 1516 ) (-1028 -1404 1516 ) (-1024 -1404 1516 ) 
4 535 (-1028 -1024 0 ) (-1028 -1404 0 ) (-1028 -1404 1024 ) (-1028 -1024 1024 ) 
4 535 (-1028 -1404 1024 ) (-1028 -1404 0 ) (-1024 -1404 0 ) (-1024 -1404 1024 ) 
4 536 (-1024 -1404 -656 ) (-1028 -1404 -656 ) (-1028 -1024 -656 ) (-1024 -1024 -656 ) 
4 536 (-1024 -1404 -656 ) (-1024 -1404 0 ) (-1028 -1404 0 ) (-1028 -1404 -656 ) 
4 536 (-1028 -1024 -656 ) (-1028 -1404 -656 ) (-1028 -1404 0 ) (-1028 -1024 0 ) 
