PRT1
650
2210
2368
4 0 9 0 (1024 0 1024 ) (1024 0 1260 ) (1024 956 1260 ) (1024 956 1024 ) 
4 0 3 0 (1024 0 1260 ) (1024 0 1024 ) (1556 0 1024 ) (1556 0 1260 ) 
4 0 1 0 (1556 0 1024 ) (1024 0 1024 ) (1024 956 1024 ) (1556 956 1024 ) 
4 1 194 0 (1024 0 0 ) (1024 0 8 ) (1024 160 8 ) (1024 160 0 ) 
4 1 193 0 (1024 160 8 ) (1024 416 8 ) (1024 416 0 ) (1024 160 0 ) 
4 1 192 0 (1024 416 8 ) (1024 424 8 ) (1024 424 0 ) (1024 416 0 ) 
4 1 176 0 (1024 0 8 ) (1024 0 200 ) (1024 160 200 ) (1024 160 8 ) 
4 1 175 0 (1024 160 200 ) (1024 264 200 ) (1024 264 8 ) (1024 160 8 ) 
4 1 162 0 (1024 264 200 ) (1024 424 200 ) (1024 424 8 ) (1024 264 8 ) 
4 1 89 0 (1024 424 200 ) (1024 956 200 ) (1024 956 0 ) (1024 424 0 ) 
4 1 86 0 (1024 0 200 ) (1024 0 208 ) (1024 272 208 ) (1024 272 200 ) 
4 1 81 0 (1024 272 208 ) (1024 424 208 ) (1024 424 200 ) (1024 272 200 ) 
4 1 76 0 (1024 424 208 ) (1024 956 208 ) (1024 956 200 ) (1024 424 200 ) 
4 1 12 0 (1024 0 208 ) (1024 0 336 ) (1024 464 224 ) (1024 464 208 ) 
4 1 11 0 (1024 0 336 ) (1024 0 1024 ) (1024 464 1024 ) (1024 464 224 ) 
4 1 10 0 (1024 464 1024 ) (1024 956 1024 ) (1024 956 208 ) (1024 464 208 ) 
4 1 4 0 (1024 0 1024 ) (1024 0 0 ) (1556 0 0 ) (1556 0 1024 ) 
4 1 2 0 (1556 0 0 ) (1024 0 0 ) (1024 956 0 ) (1556 956 0 ) 
4 2 195 0 (1024 0 -912 ) (1024 0 0 ) (1024 956 0 ) (1024 956 -912 ) 
4 2 5 0 (1024 0 0 ) (1024 0 -912 ) (1556 0 -912 ) (1556 0 0 ) 
4 3 201 0 (1024 -1024 1024 ) (1024 -1024 1260 ) (1024 0 1260 ) (1024 0 1024 ) 
4 3 6 0 (1024 -1024 1260 ) (1024 -1024 1024 ) (1556 -1024 1024 ) (1556 -1024 1260 ) 
4 3 4 0 (1556 -1024 1024 ) (1024 -1024 1024 ) (1024 0 1024 ) (1556 0 1024 ) 
4 4 307 0 (1024 -472 200 ) (1024 -472 8 ) (1024 -488 8 ) (1024 -488 200 ) 
4 4 310 0 (1024 -472 8 ) (1024 -472 0 ) (1024 -488 0 ) (1024 -488 8 ) 
4 4 306 0 (1024 -488 208 ) (1024 -472 208 ) (1024 -472 200 ) (1024 -488 200 ) 
4 4 311 0 (1024 -784 208 ) (1024 -488 208 ) (1024 -488 0 ) (1024 -784 0 ) 
4 4 328 0 (1024 -1024 0 ) (1024 -1024 208 ) (1024 -784 208 ) (1024 -784 0 ) 
4 4 257 0 (1024 0 200 ) (1024 0 0 ) (1024 -472 0 ) (1024 -472 200 ) 
4 4 250 0 (1024 -472 208 ) (1024 -424 208 ) (1024 -424 200 ) (1024 -472 200 ) 
4 4 248 0 (1024 -424 208 ) (1024 0 208 ) (1024 0 200 ) (1024 -424 200 ) 
4 4 246 0 (1024 -784 1024 ) (1024 -776 1024 ) (1024 -776 208 ) (1024 -784 208 ) 
4 4 247 0 (1024 -1024 208 ) (1024 -1024 1024 ) (1024 -784 1024 ) (1024 -784 208 ) 
4 4 242 0 (1024 -776 1024 ) (1024 -768 1024 ) (1024 -768 208 ) (1024 -776 208 ) 
4 4 240 0 (1024 -656 1024 ) (1024 -648 1024 ) (1024 -648 208 ) (1024 -656 208 ) 
4 4 241 0 (1024 -768 1024 ) (1024 -656 1024 ) (1024 -656 208 ) (1024 -768 208 ) 
4 4 236 0 (1024 -648 1024 ) (1024 -640 1024 ) (1024 -640 208 ) (1024 -648 208 ) 
4 4 233 0 (1024 -640 1024 ) (1024 -584 1024 ) (1024 -584 208 ) (1024 -640 208 ) 
4 4 229 0 (1024 -584 1024 ) (1024 -464 1024 ) (1024 -464 208 ) (1024 -584 208 ) 
4 4 202 0 (1024 -464 1024 ) (1024 0 1024 ) (1024 0 208 ) (1024 -464 208 ) 
4 4 7 0 (1024 -1024 1024 ) (1024 -1024 0 ) (1556 -1024 0 ) (1556 -1024 1024 ) 
4 4 5 0 (1556 -1024 0 ) (1024 -1024 0 ) (1024 0 0 ) (1556 0 0 ) 
4 5 333 0 (1024 -1024 -912 ) (1024 -1024 -64 ) (1024 0 -64 ) (1024 0 -912 ) 
4 5 330 0 (1024 -1024 -64 ) (1024 -1024 0 ) (1024 -760 0 ) (1024 -760 -64 ) 
4 5 329 0 (1024 -760 0 ) (1024 0 0 ) (1024 0 -64 ) (1024 -760 -64 ) 
4 5 8 0 (1024 -1024 0 ) (1024 -1024 -912 ) (1556 -1024 -912 ) (1556 -1024 0 ) 
4 6 334 0 (1024 -1024 1260 ) (1024 -1024 1024 ) (1024 -1028 1024 ) (1024 -1028 1260 ) 
4 6 7 0 (1024 -1028 1024 ) (1024 -1024 1024 ) (1556 -1024 1024 ) (1556 -1028 1024 ) 
4 7 335 0 (1024 -1028 1024 ) (1024 -1024 1024 ) (1024 -1024 0 ) (1024 -1028 0 ) 
4 7 8 0 (1024 -1028 0 ) (1024 -1024 0 ) (1556 -1024 0 ) (1556 -1028 0 ) 
4 8 336 0 (1024 -1028 0 ) (1024 -1024 0 ) (1024 -1024 -912 ) (1024 -1028 -912 ) 
4 9 337 0 (0 956 1024 ) (0 0 1024 ) (0 0 1260 ) (0 956 1260 ) 
4 9 201 0 (0 0 1260 ) (0 0 1024 ) (1024 0 1024 ) (1024 0 1260 ) 
4 9 28 0 (88 0 1024 ) (80 0 1024 ) (80 724 1024 ) (88 724 1024 ) 
4 9 29 0 (80 0 1024 ) (0 0 1024 ) (0 724 1024 ) (80 724 1024 ) 
4 9 26 0 (168 0 1024 ) (88 0 1024 ) (88 724 1024 ) (168 724 1024 ) 
4 9 25 0 (0 724 1024 ) (0 956 1024 ) (168 956 1024 ) (168 724 1024 ) 
4 9 11 0 (1024 0 1024 ) (168 0 1024 ) (168 464 1024 ) (1024 464 1024 ) 
4 9 10 0 (168 464 1024 ) (168 956 1024 ) (1024 956 1024 ) (1024 464 1024 ) 
4 10 78 0 (168 464 208 ) (168 724 208 ) (648 724 208 ) (648 464 208 ) 
4 10 77 0 (168 724 208 ) (168 956 208 ) (648 956 208 ) (648 724 208 ) 
4 10 76 0 (648 956 208 ) (1024 956 208 ) (1024 464 208 ) (648 464 208 ) 
4 10 55 0 (168 512 208 ) (168 464 208 ) (168 464 216 ) (168 512 216 ) 
4 10 54 0 (168 464 216 ) (168 464 224 ) (168 512 224 ) (168 512 216 ) 
4 10 52 0 (168 576 208 ) (168 528 208 ) (168 528 224 ) (168 576 224 ) 
4 10 46 0 (168 640 208 ) (168 592 208 ) (168 592 224 ) (168 640 224 ) 
4 10 40 0 (168 700 208 ) (168 656 208 ) (168 656 224 ) (168 700 224 ) 
4 10 36 0 (168 704 208 ) (168 700 208 ) (168 700 216 ) (168 704 216 ) 
4 10 35 0 (168 700 216 ) (168 700 224 ) (168 704 224 ) (168 704 216 ) 
4 10 32 0 (168 724 208 ) (168 720 208 ) (168 720 216 ) (168 724 216 ) 
4 10 30 0 (168 720 224 ) (168 724 224 ) (168 724 216 ) (168 720 216 ) 
4 10 26 0 (168 464 224 ) (168 464 1024 ) (168 724 1024 ) (168 724 224 ) 
4 10 25 0 (168 956 208 ) (168 724 208 ) (168 724 1024 ) (168 956 1024 ) 
4 10 24 0 (168 464 224 ) (168 464 208 ) (200 464 208 ) (200 464 224 ) 
4 10 21 0 (216 464 208 ) (328 464 208 ) (328 464 224 ) (216 464 224 ) 
4 10 18 0 (344 464 208 ) (456 464 208 ) (456 464 224 ) (344 464 224 ) 
4 10 15 0 (472 464 208 ) (584 464 208 ) (584 464 224 ) (472 464 224 ) 
4 10 12 0 (600 464 208 ) (1024 464 208 ) (1024 464 224 ) (600 464 224 ) 
4 10 11 0 (168 464 1024 ) (168 464 224 ) (1024 464 224 ) (1024 464 1024 ) 
4 11 209 0 (464 0 1024 ) (168 0 1024 ) (168 0 336 ) (464 0 336 ) 
4 11 208 0 (472 0 1024 ) (464 0 1024 ) (464 0 336 ) (472 0 336 ) 
4 11 206 0 (584 0 1024 ) (472 0 1024 ) (472 0 336 ) (584 0 336 ) 
4 11 205 0 (592 0 1024 ) (584 0 1024 ) (584 0 336 ) (592 0 336 ) 
4 11 203 0 (600 0 1024 ) (592 0 1024 ) (592 0 336 ) (600 0 336 ) 
4 11 202 0 (1024 0 336 ) (1024 0 1024 ) (600 0 1024 ) (600 0 336 ) 
4 11 26 0 (168 0 336 ) (168 0 1024 ) (168 464 1024 ) (168 464 224 ) 
4 11 23 0 (208 0 336.001526 ) (200 0 336.001526 ) (200 464 224.001358 ) (208 464 224.001358 ) 
4 11 24 0 (200 0 336.001526 ) (168 0 336.001526 ) (168 464 224.001358 ) (200 464 224.001358 ) 
4 11 21 0 (328 0 336.001526 ) (216 0 336.001526 ) (216 464 224.001358 ) (328 464 224.001358 ) 
4 11 20 0 (336 0 336.001526 ) (328 0 336.001526 ) (328 464 224.001358 ) (336 464 224.001358 ) 
4 11 18 0 (456 0 336.001526 ) (344 0 336.001526 ) (344 464 224.001358 ) (456 464 224.001358 ) 
4 11 17 0 (464 0 336.001526 ) (456 0 336.001526 ) (456 464 224.001358 ) (464 464 224.001358 ) 
4 11 14 0 (592 0 336.001526 ) (584 0 336.001526 ) (584 464 224.001358 ) (592 464 224.001358 ) 
4 11 15 0 (584 0 336.001526 ) (472 0 336.001526 ) (472 464 224.001358 ) (584 464 224.001358 ) 
4 11 12 0 (1024 0 336.001526 ) (600 0 336.001526 ) (600 464 224.001358 ) (1024 464 224.001358 ) 
4 12 202 0 (600 0 208 ) (1024 0 208 ) (1024 0 336 ) (600 0 336 ) 
4 12 87 0 (600 152 208 ) (600 272 208 ) (800 272 208 ) (800 152 208 ) 
4 12 86 0 (1024 0 208 ) (800 0 208 ) (800 272 208 ) (1024 272 208 ) 
4 12 83 0 (600 272 208 ) (600 424 208 ) (624 424 208 ) (624 272 208 ) 
4 12 82 0 (624 424 208 ) (656 424 208 ) (656 288 208 ) (624 288 208 ) 
4 12 81 0 (672 424 208 ) (1024 424 208 ) (1024 272 208 ) (672 272 208 ) 
4 12 78 0 (600 440 208 ) (600 464 208 ) (648 464 208 ) (648 440 208 ) 
4 12 76 0 (648 464 208 ) (1024 464 208 ) (1024 424 208 ) (648 424 208 ) 
3 12 13 0 (600 464 208 ) (600 0 208 ) (600 0 320 ) 
4 13 204 0 (592 0 208 ) (600 0 208 ) (600 0 320 ) (592 0 320 ) 
4 13 87 0 (592 152 208 ) (592 272 208 ) (600 272 208 ) (600 152 208 ) 
4 13 83 0 (592 272 208 ) (592 424 208 ) (600 424 208 ) (600 272 208 ) 
4 13 78 0 (592 440 208 ) (592 464 208 ) (600 464 208 ) (600 440 208 ) 
3 13 14 0 (592 0 224 ) (592 0 320 ) (592 397.714294 224 ) 
4 14 205 0 (592 0 224 ) (592 0 336 ) (584 0 336 ) (584 0 224 ) 
3 14 15 0 (584 0 335.992218 ) (584 463.967651 224 ) (584 0 224 ) 
4 15 206 0 (472 0 208 ) (584 0 208 ) (584 0 336 ) (472 0 336 ) 
4 15 87 0 (472 152 208 ) (472 272 208 ) (584 272 208 ) (584 152 208 ) 
4 15 84 0 (472 288 208 ) (472 424 208 ) (528 424 208 ) (528 288 208 ) 
4 15 83 0 (528 424 208 ) (584 424 208 ) (584 272 208 ) (528 272 208 ) 
4 15 78 0 (472 440 208 ) (472 464 208 ) (584 464 208 ) (584 440 208 ) 
3 15 16 0 (472 464 208 ) (472 0 208 ) (472 0 320 ) 
4 16 207 0 (464 0 208 ) (472 0 208 ) (472 0 320 ) (464 0 320 ) 
4 16 87 0 (464 152 208 ) (464 272 208 ) (472 272 208 ) (472 152 208 ) 
4 16 84 0 (464 288 208 ) (464 424 208 ) (472 424 208 ) (472 288 208 ) 
4 16 78 0 (464 440 208 ) (464 464 208 ) (472 464 208 ) (472 440 208 ) 
3 16 17 0 (464 0 224 ) (464 0 320 ) (464 397.714294 224 ) 
3 17 214 0 (464 0 224 ) (456 0 225.931046 ) (456 0 224 ) 
4 17 213 0 (464 0 224 ) (464 0 336 ) (456 0 336 ) (456 0 225.931046 ) 
3 17 18 0 (456 0 335.992218 ) (456 463.967651 224 ) (456 0 224 ) 
4 18 215 0 (344 0 208 ) (456 0 208 ) (456 0 225.931046 ) (344 0 252.965515 ) 
4 18 213 0 (456 0 225.931046 ) (456 0 336 ) (344 0 336 ) (344 0 252.965515 ) 
4 18 88 0 (344 136 208 ) (344 152 208 ) (400 152 208 ) (400 136 208 ) 
4 18 87 0 (344 152 208 ) (344 272 208 ) (456 272 208 ) (456 152 208 ) 
4 18 85 0 (344 272 208 ) (344 424 208 ) (392 424 208 ) (392 272 208 ) 
4 18 84 0 (408 424 208 ) (456 424 208 ) (456 288 208 ) (408 288 208 ) 
4 18 78 0 (344 440 208 ) (344 464 208 ) (456 464 208 ) (456 440 208 ) 
3 18 19 0 (344 464 208 ) (344 0 208 ) (344 0 320 ) 
4 19 217 0 (336 0 208 ) (344 0 208 ) (344 0 320 ) (336 0 320 ) 
4 19 88 0 (336 136 208 ) (336 152 208 ) (344 152 208 ) (344 136 208 ) 
4 19 87 0 (336 152 208 ) (336 272 208 ) (344 272 208 ) (344 152 208 ) 
4 19 85 0 (336 272 208 ) (336 424 208 ) (344 424 208 ) (344 272 208 ) 
4 19 78 0 (336 440 208 ) (336 464 208 ) (344 464 208 ) (344 440 208 ) 
3 19 20 0 (336 0 224 ) (336 0 320 ) (336 397.714294 224 ) 
4 20 219 0 (336 0 224 ) (336 0 336 ) (328 0 336 ) (328 0 224 ) 
3 20 21 0 (328 0 335.992218 ) (328 463.967651 224 ) (328 0 224 ) 
4 21 221 0 (216 0 208 ) (328 0 208 ) (328 0 224 ) (216 0 224 ) 
4 21 219 0 (328 0 224 ) (328 0 336 ) (216 0 336 ) (216 0 224 ) 
4 21 88 0 (304 136 208 ) (304 152 208 ) (328 152 208 ) (328 136 208 ) 
4 21 87 0 (216 152 208 ) (216 272 208 ) (328 272 208 ) (328 152 208 ) 
4 21 85 0 (216 272 208 ) (216 424 208 ) (328 424 208 ) (328 272 208 ) 
4 21 78 0 (216 440 208 ) (216 464 208 ) (328 464 208 ) (328 440 208 ) 
3 21 22 0 (216 464 208 ) (216 0 208 ) (216 0 320 ) 
4 22 222 0 (208 0 208 ) (216 0 208 ) (216 0 224 ) (208 0 224 ) 
4 22 220 0 (216 0 224 ) (216 0 320 ) (208 0 320 ) (208 0 224 ) 
4 22 87 0 (208 152 208 ) (208 272 208 ) (216 272 208 ) (216 152 208 ) 
4 22 85 0 (208 272 208 ) (208 424 208 ) (216 424 208 ) (216 272 208 ) 
4 22 78 0 (208 440 208 ) (208 464 208 ) (216 464 208 ) (216 440 208 ) 
3 22 23 0 (208 0 224 ) (208 0 320 ) (208 397.714294 224 ) 
4 23 223 0 (208 0 224 ) (208 0 336 ) (200 0 336 ) (200 0 224 ) 
3 23 24 0 (200 0 335.992218 ) (200 463.967651 224 ) (200 0 224 ) 
4 24 225 0 (168 0 208 ) (200 0 208 ) (200 0 224 ) (168 0 224 ) 
4 24 223 0 (200 0 224 ) (200 0 336 ) (168 0 336 ) (168 0 224 ) 
4 24 87 0 (168 152 208 ) (168 272 208 ) (200 272 208 ) (200 152 208 ) 
4 24 85 0 (168 272 208 ) (168 424 208 ) (200 424 208 ) (200 272 208 ) 
4 24 78 0 (168 440 208 ) (168 464 208 ) (200 464 208 ) (200 440 208 ) 
4 24 70 0 (168 440 208 ) (168 0 208 ) (168 0 216 ) (168 440 216 ) 
4 24 69 0 (168 0 216 ) (168 0 224 ) (168 440 224 ) (168 440 216 ) 
4 24 68 0 (168 464 208 ) (168 456 208 ) (168 456 224 ) (168 464 224 ) 
3 24 26 0 (168 0 224 ) (168 0 336 ) (168 464 224 ) 
4 25 339 0 (0 956 208 ) (0 724 208 ) (0 724 272 ) (0 956 272 ) 
4 25 338 0 (0 724 272 ) (0 724 1024 ) (0 956 1024 ) (0 956 272 ) 
4 25 77 0 (0 724 208 ) (0 956 208 ) (168 956 208 ) (168 724 208 ) 
4 25 32 0 (140 724 208 ) (168 724 208 ) (168 724 216 ) (140 724 216 ) 
4 25 30 0 (168 724 216 ) (168 724 224 ) (0 724 272 ) (0 724 216 ) 
4 25 28 0 (88 724 1024 ) (80 724 1024 ) (80 724 249.142868 ) (88 724 246.857147 ) 
4 25 29 0 (80 724 1024 ) (0 724 1024 ) (0 724 272 ) (80 724 249.142868 ) 
4 25 26 0 (168 724 224 ) (168 724 1024 ) (88 724 1024 ) (88 724 246.857147 ) 
4 26 223 0 (88 0 246.857147 ) (168 0 224 ) (168 0 336 ) (88 0 336 ) 
4 26 209 0 (168 0 336 ) (168 0 1024 ) (88 0 1024 ) (88 0 336 ) 
4 26 62 0 (168 448 224 ) (168 397.712067 224 ) (88 303.018066 246.857712 ) (88 448 246.857712 ) 
4 26 61 0 (168 464 224 ) (168 456 224 ) (88 456 246.857712 ) (88 464 246.857712 ) 
4 26 57 0 (168 397.712067 224 ) (168 0 224 ) (88 0 246.857712 ) (88 303.018066 246.857712 ) 
4 26 53 0 (168 520 224 ) (168 464 224 ) (88 464 246.857712 ) (88 520 246.857712 ) 
4 26 47 0 (168 584 224 ) (168 528 224 ) (88 528 246.857712 ) (88 584 246.857712 ) 
4 26 41 0 (168 648 224 ) (168 592 224 ) (88 592 246.857712 ) (88 648 246.857712 ) 
4 26 40 0 (168 700 224 ) (168 656 224 ) (88 656 246.857712 ) (88 700 246.857712 ) 
4 26 34 0 (168 712 224 ) (168 700 224 ) (88 700 246.857712 ) (88 712 246.857712 ) 
4 26 30 0 (88 724 246.857712 ) (168 724 224 ) (168 720 224 ) (88 720 246.857712 ) 
5 26 28 0 (88 724 1024 ) (88 724 246.859375 ) (88 369.296875 246.859375 ) (88 0 336 ) (88 0 1024 ) 
3 26 27 0 (88 303.011169 246.859375 ) (88 0 246.859375 ) (88 0 320 ) 
4 27 224 0 (80 0 249.142868 ) (88 0 246.857147 ) (88 0 320 ) (80 0 320 ) 
4 27 57 0 (88 303.018097 246.857712 ) (88 0 246.857712 ) (80 0 249.143433 ) (80 293.548706 249.143433 ) 
3 27 29 0 (80 293.560333 249.140625 ) (80 0 249.140625 ) (80 0 320 ) 
4 28 209 0 (88 0 336 ) (88 0 1024 ) (80 0 1024 ) (80 0 336 ) 
4 28 63 0 (88 448 246.857712 ) (88 369.303802 246.857712 ) (80 359.834412 249.143433 ) (80 448 249.143433 ) 
4 28 61 0 (88 464 246.857712 ) (88 456 246.857712 ) (80 456 249.143433 ) (80 464 249.143433 ) 
4 28 53 0 (88 520 246.857712 ) (88 464 246.857712 ) (80 464 249.143433 ) (80 520 249.143433 ) 
4 28 47 0 (88 584 246.857712 ) (88 528 246.857712 ) (80 528 249.143433 ) (80 584 249.143433 ) 
4 28 41 0 (88 648 246.857712 ) (88 592 246.857712 ) (80 592 249.143433 ) (80 648 249.143433 ) 
4 28 40 0 (88 700 246.857712 ) (88 656 246.857712 ) (80 656 249.143433 ) (80 700 249.143433 ) 
4 28 34 0 (88 712 246.857712 ) (88 700 246.857712 ) (80 700 249.143433 ) (80 712 249.143433 ) 
4 28 30 0 (80 724 249.143433 ) (88 724 246.857712 ) (88 720 246.857712 ) (80 720 249.143433 ) 
5 28 29 0 (80 724 1024 ) (80 724 249.140625 ) (80 359.846039 249.140625 ) (80 0 336 ) (80 0 1024 ) 
5 29 381 0 (0 0 320 ) (0 0 1024 ) (0 448 1024 ) (0 448 272 ) (0 198.857132 272 ) 
4 29 376 0 (0 448 1024 ) (0 464 1024 ) (0 464 272 ) (0 448 272 ) 
3 29 375 0 (0 0 272 ) (0 0 320 ) (0 198.857132 272 ) 
4 29 338 0 (0 464 1024 ) (0 724 1024 ) (0 724 272 ) (0 464 272 ) 
4 29 227 0 (0 0 336 ) (0 0 272 ) (80 0 249.142868 ) (80 0 336 ) 
4 29 209 0 (0 0 1024 ) (0 0 336 ) (80 0 336 ) (80 0 1024 ) 
4 29 64 0 (80 448 249.143433 ) (80 293.548706 249.143433 ) (0 198.854813 272 ) (0 448 272 ) 
4 29 61 0 (80 464 249.143433 ) (80 456 249.143433 ) (0 456 272 ) (0 464 272 ) 
4 29 57 0 (80 293.548706 249.143433 ) (80 0 249.143433 ) (0 0 272 ) (0 198.854813 272 ) 
4 29 53 0 (80 520 249.143433 ) (80 464 249.143433 ) (0 464 272 ) (0 520 272 ) 
4 29 47 0 (80 584 249.143433 ) (80 528 249.143433 ) (0 528 272 ) (0 584 272 ) 
4 29 41 0 (80 648 249.143433 ) (80 592 249.143433 ) (0 592 272 ) (0 648 272 ) 
4 29 40 0 (80 700 249.143433 ) (80 656 249.143433 ) (0 656 272 ) (0 700 272 ) 
4 29 34 0 (80 712 249.143433 ) (80 700 249.143433 ) (0 700 272 ) (0 712 272 ) 
4 29 30 0 (0 724 272 ) (80 724 249.143433 ) (80 720 249.143433 ) (0 720 272 ) 
4 30 343 0 (0 724 224 ) (0 724 216 ) (0 720 216 ) (0 720 224 ) 
4 30 340 0 (0 720 272 ) (0 724 272 ) (0 724 224 ) (0 720 224 ) 
4 30 32 0 (140 724 216 ) (168 724 216 ) (168 720 216 ) (140 720 216 ) 
3 30 31 0 (0 720 216 ) (140 720 216 ) (0 720 256 ) 
4 31 344 0 (0 712 216 ) (0 712 224 ) (0 720 224 ) (0 720 216 ) 
4 31 341 0 (0 712 224 ) (0 712 256 ) (0 720 256 ) (0 720 224 ) 
3 31 34 0 (0 712 256 ) (0 712 224 ) (112 712 224 ) 
4 32 78 0 (140 724 208 ) (168 724 208 ) (168 720 208 ) (140 720 208 ) 
3 32 33 0 (140 720 216 ) (140 720 208 ) (168 720 208 ) 
4 33 78 0 (168 720 208 ) (168 712 208 ) (140 712 208 ) (140 720 208 ) 
4 34 342 0 (0 700 224 ) (0 700 272 ) (0 712 272 ) (0 712 224 ) 
4 34 40 0 (167.986374 700 224 ) (0 700 271.996094 ) (0 700 256 ) (112 700 224 ) 
3 34 39 0 (0 700 256 ) (0 700 224 ) (112 700 224 ) 
4 34 35 0 (168 700 224 ) (0 700 224 ) (0 704 224 ) (168 704 224 ) 
4 35 345 0 (0 700 216 ) (0 700 224 ) (0 704 224 ) (0 704 216 ) 
5 35 40 0 (168 700 216 ) (168 700 223.996109 ) (167.986374 700 224 ) (112 700 224 ) (140 700 216 ) 
3 35 37 0 (116 700 216 ) (140 700 216 ) (116 700 222.857147 ) 
5 35 39 0 (112 700 224 ) (0 700 224 ) (0 700 216 ) (116 700 216 ) (116 700 222.857147 ) 
4 35 36 0 (168 700 216 ) (140 700 216 ) (140 704 216 ) (168 704 216 ) 
4 36 78 0 (140 704 208 ) (168 704 208 ) (168 700 208 ) (140 700 208 ) 
3 36 40 0 (168 700 208 ) (168 700 216 ) (140 700 216 ) 
3 36 38 0 (140 700 208 ) (168 700 208 ) (140 700 216 ) 
4 37 40 0 (140.004822 700 216 ) (116 700 222.858521 ) (116 656 222.858475 ) (140.004745 656 216 ) 
4 37 39 0 (116 648 216 ) (116 648 222.859375 ) (116 700 222.859375 ) (116 700 216 ) 
4 38 78 0 (140 700 208 ) (168 700 208 ) (168 648 208 ) (140 648 208 ) 
4 38 40 0 (168 700 208.001373 ) (140.004822 700 216 ) (140.004745 656 216 ) (168 656 208.001373 ) 
4 39 351 0 (0 700 208 ) (0 648 208 ) (0 648 216 ) (0 700 216 ) 
4 39 350 0 (0 648 216 ) (0 648 256 ) (0 656 256 ) (0 656 216 ) 
4 39 349 0 (0 656 256 ) (0 700 256 ) (0 700 216 ) (0 656 216 ) 
4 39 80 0 (0 648 208 ) (0 700 208 ) (116 700 208 ) (116 648 208 ) 
3 39 41 0 (112 648 224 ) (0 648 256 ) (0 648 224 ) 
4 39 40 0 (116 700 222.858521 ) (0 700 256.001373 ) (0 656 256.001282 ) (116 656 222.858475 ) 
4 40 349 0 (0 656 272 ) (0 700 272 ) (0 700 256 ) (0 656 256 ) 
4 41 354 0 (0 592 272 ) (0 648 272 ) (0 648 224 ) (0 592 224 ) 
4 41 46 0 (168 640 224 ) (168 592 224 ) (112 592 224 ) (112 640 224 ) 
4 41 45 0 (0 592 224 ) (0 640 224 ) (112 640 224 ) (112 592 224 ) 
3 41 42 0 (0 592 224 ) (112 592 224 ) (0 592 256 ) 
4 42 355 0 (0 584 224 ) (0 584 256 ) (0 592 256 ) (0 592 224 ) 
3 42 47 0 (0 584 256 ) (0 584 224 ) (112 584 224 ) 
4 42 45 0 (112 584 224 ) (0 584 224 ) (0 592 224 ) (112 592 224 ) 
4 43 46 0 (116 640 222.858765 ) (116 592 222.858688 ) (140.005692 592 216 ) (140.007782 640 216 ) 
4 43 45 0 (116 584 216 ) (116 584 222.859375 ) (116 640 222.859375 ) (116 640 216 ) 
4 44 78 0 (168 640 208 ) (168 584 208 ) (140 584 208 ) (140 640 208 ) 
4 44 46 0 (140.007782 640 216 ) (140.005692 592 216 ) (168 592 208.001724 ) (168 640 208.002930 ) 
4 45 360 0 (0 592 208 ) (0 584 208 ) (0 584 216 ) (0 592 216 ) 
4 45 359 0 (0 584 216 ) (0 584 224 ) (0 592 224 ) (0 592 216 ) 
4 45 357 0 (0 640 208 ) (0 592 208 ) (0 592 216 ) (0 640 216 ) 
4 45 356 0 (0 592 216 ) (0 592 224 ) (0 640 224 ) (0 640 216 ) 
4 45 80 0 (0 584 208 ) (0 640 208 ) (116 640 208 ) (116 584 208 ) 
4 45 46 0 (112.005341 640 224 ) (112.005341 592 224 ) (116 592 222.858688 ) (116 640 222.858765 ) 
4 47 362 0 (0 528 272 ) (0 584 272 ) (0 584 224 ) (0 528 224 ) 
4 47 52 0 (168 576 224 ) (168 528 224 ) (112 528 224 ) (112 576 224 ) 
4 47 51 0 (0 528 224 ) (0 576 224 ) (112 576 224 ) (112 528 224 ) 
3 47 48 0 (0 528 224 ) (112 528 224 ) (0 528 256 ) 
4 48 363 0 (0 520 224 ) (0 520 256 ) (0 528 256 ) (0 528 224 ) 
3 48 53 0 (0 520 256 ) (0 520 224 ) (112 520 224 ) 
4 48 51 0 (112 520 224 ) (0 520 224 ) (0 528 224 ) (112 528 224 ) 
4 49 52 0 (116 576 222.858765 ) (116 528 222.858688 ) (140.005692 528 216 ) (140.007782 576 216 ) 
4 49 51 0 (116 520 216 ) (116 520 222.859375 ) (116 576 222.859375 ) (116 576 216 ) 
4 50 78 0 (168 576 208 ) (168 520 208 ) (140 520 208 ) (140 576 208 ) 
4 50 52 0 (140.007782 576 216 ) (140.005692 528 216 ) (168 528 208.001724 ) (168 576 208.002930 ) 
4 51 368 0 (0 528 208 ) (0 520 208 ) (0 520 216 ) (0 528 216 ) 
4 51 367 0 (0 520 216 ) (0 520 224 ) (0 528 224 ) (0 528 216 ) 
4 51 365 0 (0 576 208 ) (0 528 208 ) (0 528 216 ) (0 576 216 ) 
4 51 364 0 (0 528 216 ) (0 528 224 ) (0 576 224 ) (0 576 216 ) 
4 51 80 0 (0 520 208 ) (0 576 208 ) (116 576 208 ) (116 520 208 ) 
4 51 52 0 (112.005341 576 224 ) (112.005341 528 224 ) (116 528 222.858688 ) (116 576 222.858765 ) 
4 53 370 0 (0 464 224 ) (0 464 272 ) (0 520 272 ) (0 520 224 ) 
4 53 61 0 (167.986374 464 224 ) (0 464 271.996094 ) (0 464 256 ) (112 464 224 ) 
4 53 59 0 (80 464 224 ) (88 464 224 ) (88 464 230.857147 ) (80 464 233.142868 ) 
3 53 58 0 (88 464 224 ) (112 464 224 ) (88 464 230.857147 ) 
4 53 60 0 (0 464 256 ) (0 464 224 ) (80 464 224 ) (80 464 233.142868 ) 
4 53 54 0 (168 464 224 ) (0 464 224 ) (0 512 224 ) (168 512 224 ) 
4 54 371 0 (0 464 216 ) (0 464 224 ) (0 512 224 ) (0 512 216 ) 
4 54 74 0 (72 464 224 ) (0 464 224 ) (0 464 216 ) (72 464 216 ) 
5 54 68 0 (168 464 216 ) (168 464 223.996109 ) (167.986374 464 224 ) (112 464 224 ) (140 464 216 ) 
3 54 65 0 (116 464 216 ) (140 464 216 ) (116 464 222.857147 ) 
5 54 67 0 (112 464 224 ) (88 464 224 ) (88 464 216 ) (116 464 216 ) (116 464 222.857147 ) 
4 54 56 0 (116 464 216 ) (0 464 216 ) (0 512 216 ) (116 512 216 ) 
4 54 55 0 (168 464 216 ) (140 464 216 ) (140 512 216 ) (168 512 216 ) 
4 55 78 0 (168 512 208 ) (168 464 208 ) (140 464 208 ) (140 512 208 ) 
3 55 68 0 (168 464 208 ) (168 464 216 ) (140 464 216 ) 
3 55 66 0 (140 464 208 ) (168 464 208 ) (140 464 216 ) 
4 56 372 0 (0 512 208 ) (0 464 208 ) (0 464 216 ) (0 512 216 ) 
4 56 80 0 (0 464 208 ) (0 512 208 ) (116 512 208 ) (116 464 208 ) 
4 56 74 0 (0 464 208 ) (72 464 208 ) (72 464 216 ) (0 464 216 ) 
4 56 67 0 (88 464 208 ) (116 464 208 ) (116 464 216 ) (88 464 216 ) 
4 57 375 0 (0 0 224 ) (0 0 272 ) (0 198.857147 272 ) (0 397.714294 224 ) 
4 57 227 0 (0 0 272 ) (0 0 224 ) (80 0 224 ) (80 0 249.142853 ) 
4 57 224 0 (80 0 224 ) (88 0 224 ) (88 0 246.857132 ) (80 0 249.142853 ) 
3 57 223 0 (88 0 224 ) (168 0 224 ) (88 0 246.857132 ) 
4 57 75 0 (72 0 224 ) (0 0 224 ) (0 397.714294 224 ) (72 397.714294 224 ) 
4 57 73 0 (88 0 224 ) (80 0 224 ) (80 397.714294 224 ) (88 397.714294 224 ) 
4 57 69 0 (168 397.714294 224 ) (168 0 224 ) (88 0 224 ) (88 397.714294 224 ) 
4 57 64 0 (80 397.724609 224 ) (0 397.724609 224 ) (0 198.867569 272 ) (80 293.561401 249.142838 ) 
3 57 62 0 (168 397.724609 224 ) (88 397.724609 224 ) (88 303.030792 246.857132 ) 
4 58 67 0 (88 464 224 ) (112 464 224 ) (112 448 224 ) (88 448 224 ) 
3 58 62 0 (88 448 224 ) (112 448 224 ) (88 448 230.857147 ) 
4 58 61 0 (111.998116 456 224 ) (111.998116 464 224 ) (88 464 230.856598 ) (88 456 230.856598 ) 
4 58 59 0 (88 464 224 ) (88 448 227.862091 ) (88 448 230.859375 ) (88 464 230.859375 ) 
4 59 63 0 (88 448 227.862091 ) (88 448 230.857147 ) (80 448 233.142853 ) (80 448 227.862091 ) 
4 59 61 0 (88 456 230.856598 ) (88 464 230.856598 ) (80 464 233.142319 ) (80 456 233.142334 ) 
4 59 60 0 (80 464 224 ) (80 448 227.862091 ) (80 448 233.140625 ) (80 464 233.140625 ) 
4 60 377 0 (0 464 256 ) (0 464 224 ) (0 448 224 ) (0 448 256 ) 
4 60 74 0 (0 464 224 ) (72 464 224 ) (72 448 224 ) (0 448 224 ) 
4 60 64 0 (0 448 224 ) (80 448 224 ) (80 448 233.142853 ) (0 448 256 ) 
4 60 61 0 (80 456 233.142334 ) (80 464 233.142319 ) (0 464 256 ) (0 456 256 ) 
4 61 380 0 (0 456 272 ) (0 464 272 ) (0 464 256 ) (0 456 256 ) 
4 61 68 0 (112 464 224 ) (168 464 224 ) (168 456 224 ) (112 456 224 ) 
4 62 69 0 (168 440 224 ) (168 397.714294 224 ) (88 397.714294 224 ) (88 440 224 ) 
3 62 63 0 (88 448 246.859299 ) (88 448 227.862091 ) (88 369.302063 246.858124 ) 
3 63 64 0 (80 448 249.136658 ) (80 448 227.862091 ) (80 359.847809 249.140198 ) 
4 64 381 0 (0 198.857147 272 ) (0 448 272 ) (0 448 224 ) (0 397.714294 224 ) 
4 64 75 0 (72 397.714294 224 ) (0 397.714294 224 ) (0 440 224 ) (72 440 224 ) 
4 65 68 0 (140.008804 464 216 ) (116 464 222.859131 ) (116 456 222.859085 ) (140.007721 456 216 ) 
4 65 67 0 (116 448 216 ) (116 448 222.859375 ) (116 464 222.859375 ) (116 464 216 ) 
4 66 78 0 (140 464 208 ) (168 464 208 ) (168 448 208 ) (140 448 208 ) 
4 66 68 0 (168 464 208.003128 ) (140.008804 464 216 ) (140.007721 456 216 ) (168 456 208.002502 ) 
4 67 80 0 (88 448 208 ) (88 464 208 ) (116 464 208 ) (116 448 208 ) 
3 67 72 0 (88 464 208 ) (88 448 208 ) (88 448 211.862091 ) 
4 67 68 0 (116 464 222.859131 ) (112.006638 464 224 ) (112.006638 456 224 ) (116 456 222.859085 ) 
4 69 225 0 (168 0 216 ) (168 0 224 ) (88 0 224 ) (88 0 216 ) 
4 69 73 0 (88 0 224 ) (88 397.714294 224 ) (88 430.857239 216 ) (88 0 216 ) 
5 69 71 0 (88 0 216 ) (88 440 216 ) (124 440 216 ) (140 424 216 ) (140 0 216 ) 
4 69 70 0 (140 440 216 ) (168 440 216 ) (168 0 216 ) (140 0 216 ) 
4 70 225 0 (140 0 208 ) (168 0 208 ) (168 0 216 ) (140 0 216 ) 
4 70 87 0 (140 152 208 ) (140 272 208 ) (168 272 208 ) (168 152 208 ) 
4 70 85 0 (140 272 208 ) (140 424 208 ) (168 424 208 ) (168 272 208 ) 
4 70 71 0 (140 0 216 ) (140 424 216 ) (140 424 208 ) (140 0 208 ) 
4 71 225 0 (88 0 208 ) (140 0 208 ) (140 0 216 ) (88 0 216 ) 
4 71 87 0 (88 152 208 ) (88 272 208 ) (140 272 208 ) (140 152 208 ) 
4 71 85 0 (88 272 208 ) (88 424 208 ) (140 424 208 ) (140 272 208 ) 
5 71 73 0 (88 440 208 ) (88 0 208 ) (88 0 216 ) (88 430.857239 216 ) (88 440 213.793121 ) 
4 72 80 0 (80 448 208 ) (80 464 208 ) (88 464 208 ) (88 448 208 ) 
4 73 226 0 (80 0 208 ) (88 0 208 ) (88 0 224 ) (80 0 224 ) 
4 73 87 0 (80 152 208 ) (80 272 208 ) (88 272 208 ) (88 152 208 ) 
4 73 85 0 (80 272 208 ) (80 424 208 ) (88 424 208 ) (88 272 208 ) 
4 74 384 0 (0 464 208 ) (0 448 208 ) (0 448 224 ) (0 464 224 ) 
4 74 80 0 (0 448 208 ) (0 464 208 ) (72 464 208 ) (72 448 208 ) 
4 75 385 0 (0 440 208 ) (0 0 208 ) (0 0 224 ) (0 440 224 ) 
4 75 228 0 (0 0 224 ) (0 0 208 ) (72 0 208 ) (72 0 224 ) 
4 75 87 0 (0 152 208 ) (0 272 208 ) (72 272 208 ) (72 152 208 ) 
4 75 85 0 (0 272 208 ) (0 424 208 ) (72 424 208 ) (72 272 208 ) 
4 76 148 0 (648 448 200 ) (648 672 200 ) (656 672 200 ) (656 448 200 ) 
4 76 147 0 (672 424 200 ) (656 424 200 ) (656 432 200 ) (672 432 200 ) 
4 76 146 0 (656 448 200 ) (656 672 200 ) (672 672 200 ) (672 448 200 ) 
4 76 144 0 (672 448 200 ) (672 672 200 ) (776 672 200 ) (776 448 200 ) 
4 76 145 0 (776 424 200 ) (672 424 200 ) (672 440 200 ) (776 440 200 ) 
4 76 99 0 (648 672 200 ) (648 832 200 ) (768 832 200 ) (768 672 200 ) 
4 76 98 0 (768 832 200 ) (776 832 200 ) (776 672 200 ) (768 672 200 ) 
4 76 92 0 (648 832 200 ) (648 896 200 ) (776 896 200 ) (776 832 200 ) 
4 76 91 0 (784 896 200 ) (784 448 200 ) (776 448 200 ) (776 896 200 ) 
4 76 90 0 (648 956 200 ) (784 956 200 ) (784 896 200 ) (648 896 200 ) 
4 76 89 0 (784 956 200 ) (1024 956 200 ) (1024 424 200 ) (784 424 200 ) 
4 76 82 0 (648 424 200 ) (656 424 200 ) (656 424 208 ) (648 424 208 ) 
4 76 81 0 (672 424 200 ) (1024 424 200 ) (1024 424 208 ) (672 424 208 ) 
4 76 78 0 (648 724 200 ) (648 440 200 ) (648 440 208 ) (648 724 208 ) 
4 76 77 0 (648 956 208 ) (648 956 200 ) (648 724 200 ) (648 724 208 ) 
4 77 417 0 (0 896 200 ) (0 724 200 ) (0 724 208 ) (0 896 208 ) 
4 77 416 0 (0 956 200 ) (0 896 200 ) (0 896 208 ) (0 956 208 ) 
4 77 100 0 (0 724 200 ) (0 832 200 ) (140 832 200 ) (140 724 200 ) 
4 77 99 0 (140 832 200 ) (648 832 200 ) (648 724 200 ) (140 724 200 ) 
4 77 92 0 (0 832 200 ) (0 896 200 ) (648 896 200 ) (648 832 200 ) 
4 77 90 0 (0 896 200 ) (0 956 200 ) (648 956 200 ) (648 896 200 ) 
4 77 78 0 (140 724 200 ) (648 724 200 ) (648 724 208 ) (140 724 208 ) 
4 78 148 0 (648 672 200 ) (648 448 200 ) (140 448 200 ) (140 672 200 ) 
4 78 99 0 (140 724 200 ) (648 724 200 ) (648 672 200 ) (140 672 200 ) 
4 79 80 0 (116 448 200 ) (116 440 200 ) (116 440 208 ) (116 448 208 ) 
4 80 458 0 (0 568 200 ) (0 440 200 ) (0 440 208 ) (0 568 208 ) 
4 80 418 0 (0 700 200 ) (0 568 200 ) (0 568 208 ) (0 700 208 ) 
4 80 160 0 (0 440 200 ) (0 672 200 ) (80 672 200 ) (80 440 200 ) 
4 80 158 0 (80 672 200 ) (88 672 200 ) (88 448 200 ) (80 448 200 ) 
4 80 156 0 (88 672 200 ) (116 672 200 ) (116 448 200 ) (88 448 200 ) 
4 80 101 0 (0 672 200 ) (0 700 200 ) (116 700 200 ) (116 672 200 ) 
4 81 163 0 (784 416 200 ) (784 272 200 ) (680 272 200 ) (680 416 200 ) 
4 81 162 0 (784 424 200 ) (1024 424 200 ) (1024 272 200 ) (784 272 200 ) 
4 81 87 0 (672 272 200 ) (800 272 200 ) (800 272 208 ) (672 272 208 ) 
4 81 86 0 (800 272 200 ) (1024 272 200 ) (1024 272 208 ) (800 272 208 ) 
4 82 166 0 (624 424 200 ) (656 424 200 ) (656 288 200 ) (624 288 200 ) 
4 82 83 0 (624 424 208 ) (624 424 200 ) (624 288 200 ) (624 288 208 ) 
4 83 169 0 (624 288 200 ) (624 272 200 ) (528 272 200 ) (528 288 200 ) 
4 83 168 0 (528 424 200 ) (624 424 200 ) (624 288 200 ) (528 288 200 ) 
4 83 87 0 (528 272 200 ) (624 272 200 ) (624 272 208 ) (528 272 208 ) 
4 83 84 0 (528 424 208 ) (528 424 200 ) (528 288 200 ) (528 288 208 ) 
4 84 168 0 (408 424 200 ) (528 424 200 ) (528 288 200 ) (408 288 200 ) 
4 85 473 0 (0 424 200 ) (0 272 200 ) (0 272 208 ) (0 424 208 ) 
4 85 174 0 (0 272 200 ) (0 424 200 ) (384 424 200 ) (384 272 200 ) 
4 85 87 0 (0 272 200 ) (392 272 200 ) (392 272 208 ) (0 272 208 ) 
4 86 248 0 (800 0 200 ) (1024 0 200 ) (1024 0 208 ) (800 0 208 ) 
4 86 176 0 (1024 0 200 ) (808 0 200 ) (808 160 200 ) (1024 160 200 ) 
4 86 175 0 (800 160 200 ) (800 264 200 ) (1024 264 200 ) (1024 160 200 ) 
4 86 162 0 (800 264 200 ) (800 272 200 ) (1024 272 200 ) (1024 264 200 ) 
4 86 87 0 (800 272 208 ) (800 272 200 ) (800 152 200 ) (800 152 208 ) 
4 87 473 0 (0 272 200 ) (0 152 200 ) (0 152 208 ) (0 272 208 ) 
4 87 190 0 (0 160 200 ) (0 264 200 ) (304 264 200 ) (304 160 200 ) 
4 87 189 0 (304 264 200 ) (400 264 200 ) (400 152 200 ) (304 152 200 ) 
4 87 183 0 (400 264 200 ) (544 264 200 ) (544 160 200 ) (400 160 200 ) 
4 87 175 0 (544 264 200 ) (800 264 200 ) (800 160 200 ) (544 160 200 ) 
4 87 174 0 (0 264 200 ) (0 272 200 ) (384 272 200 ) (384 264 200 ) 
4 87 169 0 (528 272 200 ) (624 272 200 ) (624 264 200 ) (528 264 200 ) 
4 87 163 0 (680 272 200 ) (784 272 200 ) (784 264 200 ) (680 264 200 ) 
4 87 162 0 (784 272 200 ) (800 272 200 ) (800 264 200 ) (784 264 200 ) 
4 87 88 0 (304 152 200 ) (400 152 200 ) (400 152 208 ) (304 152 208 ) 
4 88 189 0 (304 136 200 ) (304 152 200 ) (400 152 200 ) (400 136 200 ) 
4 89 195 0 (1024 956 0 ) (1024 424 0 ) (784 424 0 ) (784 956 0 ) 
4 89 192 0 (784 424 0 ) (1024 424 0 ) (1024 424 8 ) (784 424 8 ) 
4 89 162 0 (1024 424 8 ) (1024 424 200 ) (784 424 200 ) (784 424 8 ) 
4 89 91 0 (784 896 0 ) (784 448 0 ) (784 448 200 ) (784 896 200 ) 
4 89 90 0 (784 956 0 ) (784 896 0 ) (784 896 200 ) (784 956 200 ) 
4 90 416 0 (0 956 0 ) (0 896 0 ) (0 896 200 ) (0 956 200 ) 
4 90 200 0 (0 896 0 ) (0 956 0 ) (104 956 0 ) (104 896 0 ) 
4 90 196 0 (104 956 0 ) (152 956 0 ) (152 896 0 ) (104 896 0 ) 
4 90 195 0 (152 956 0 ) (784 956 0 ) (784 896 0 ) (152 896 0 ) 
4 90 94 0 (104 896 0 ) (776 896 0 ) (776 896 40 ) (104 896 40 ) 
4 90 96 0 (88 896 0 ) (104 896 0 ) (104 896 40 ) (88 896 40 ) 
4 90 93 0 (776 896 40 ) (776 896 56 ) (168 896 56 ) (168 896 40 ) 
4 90 97 0 (0 896 0 ) (88 896 0 ) (88 896 56 ) (0 896 56 ) 
4 90 92 0 (776 896 56 ) (776 896 200 ) (0 896 200 ) (0 896 56 ) 
4 90 91 0 (776 896 0 ) (784 896 0 ) (784 896 200 ) (776 896 200 ) 
4 91 195 0 (776 896 0 ) (784 896 0 ) (784 448 0 ) (776 448 0 ) 
4 91 159 0 (776 672 0 ) (776 448 0 ) (776 448 8 ) (776 672 8 ) 
4 91 144 0 (776 448 8 ) (776 448 200 ) (776 672 200 ) (776 672 8 ) 
4 91 98 0 (776 832 0 ) (776 672 0 ) (776 672 200 ) (776 832 200 ) 
4 91 95 0 (776 880 0 ) (776 832 0 ) (776 832 40 ) (776 880 40 ) 
4 91 94 0 (776 896 40 ) (776 896 0 ) (776 880 0 ) (776 880 40 ) 
4 91 93 0 (776 896 56 ) (776 896 40 ) (776 832 40 ) (776 832 56 ) 
4 91 92 0 (776 896 200 ) (776 896 56 ) (776 832 56 ) (776 832 200 ) 
4 92 420 0 (0 832 56 ) (0 832 192 ) (0 896 192 ) (0 896 56 ) 
4 92 417 0 (0 832 192 ) (0 832 200 ) (0 896 200 ) (0 896 192 ) 
5 92 131 0 (88 832 56 ) (168 832 56 ) (168 832 72 ) (136 832 88 ) (88 832 88 ) 
3 92 130 0 (168 832 72 ) (168 832 88 ) (136 832 88 ) 
4 92 127 0 (168 832 56 ) (232 832 56 ) (232 832 88 ) (168 832 88 ) 
4 92 122 0 (232 832 56 ) (248 832 56 ) (248 832 88 ) (232 832 88 ) 
4 92 115 0 (248 832 56 ) (312 832 56 ) (312 832 88 ) (248 832 88 ) 
4 92 108 0 (312 832 56 ) (768 832 56 ) (768 832 88 ) (312 832 88 ) 
4 92 106 0 (768 832 88 ) (768 832 104 ) (88 832 104 ) (88 832 88 ) 
4 92 102 0 (768 832 104 ) (768 832 192 ) (116 832 192 ) (116 832 104 ) 
4 92 105 0 (116 832 192 ) (88 832 192 ) (88 832 104 ) (116 832 104 ) 
4 92 143 0 (0 832 192 ) (0 832 56 ) (88 832 56 ) (88 832 192 ) 
4 92 100 0 (140 832 200 ) (0 832 200 ) (0 832 192 ) (140 832 192 ) 
4 92 99 0 (768 832 200 ) (140 832 200 ) (140 832 192 ) (768 832 192 ) 
4 92 98 0 (776 832 56 ) (776 832 200 ) (768 832 200 ) (768 832 56 ) 
4 92 93 0 (776 832 56 ) (168 832 56 ) (168 896 56 ) (776 896 56 ) 
4 92 97 0 (88 832 56 ) (0 832 56 ) (0 896 56 ) (88 896 56 ) 
4 93 127 0 (232 832 56 ) (168 832 56 ) (168 832 40 ) (232 832 40 ) 
4 93 123 0 (248 832 56 ) (232 832 56 ) (232 832 40 ) (248 832 40 ) 
4 93 116 0 (312 832 56 ) (248 832 56 ) (248 832 40 ) (312 832 40 ) 
4 93 108 0 (768 832 56 ) (312 832 56 ) (312 832 40 ) (768 832 40 ) 
4 93 98 0 (776 832 40 ) (776 832 56 ) (768 832 56 ) (768 832 40 ) 
4 93 95 0 (776 832 40 ) (168 832 40 ) (168 880 40 ) (776 880 40 ) 
4 93 94 0 (168 880 40 ) (168 896 40 ) (776 896 40 ) (776 880 40 ) 
4 94 196 0 (104 896 0 ) (152 896 0 ) (152 880 0 ) (104 880 0 ) 
4 94 195 0 (152 896 0 ) (776 896 0 ) (776 880 0 ) (152 880 0 ) 
4 94 95 0 (152 880 0 ) (776 880 0 ) (776 880 40 ) (152 880 40 ) 
4 94 96 0 (104 880 40 ) (104 896 40 ) (104 896 0 ) (104 880 0 ) 
4 95 195 0 (776 880 0 ) (776 832 0 ) (152 832 0 ) (152 880 0 ) 
4 95 135 0 (152 832 0 ) (168 832 0 ) (168 832 8 ) (152 832 8 ) 
4 95 133 0 (168 832 24 ) (168 832 40 ) (152 832 40 ) (152 832 24 ) 
4 95 127 0 (168 832 0 ) (232 832 0 ) (232 832 40 ) (168 832 40 ) 
4 95 124 0 (248 832 32 ) (248 832 40 ) (232 832 40 ) (232 832 32 ) 
4 95 126 0 (232 832 0 ) (248 832 0 ) (248 832 16 ) (232 832 16 ) 
4 95 118 0 (248 832 0 ) (312 832 0 ) (312 832 16 ) (248 832 16 ) 
4 95 117 0 (312 832 32 ) (312 832 40 ) (248 832 40 ) (248 832 32 ) 
4 95 108 0 (768 832 32 ) (768 832 40 ) (312 832 40 ) (312 832 32 ) 
4 95 109 0 (312 832 0 ) (768 832 0 ) (768 832 16 ) (312 832 16 ) 
4 95 98 0 (768 832 0 ) (776 832 0 ) (776 832 40 ) (768 832 40 ) 
4 96 200 0 (88 896 0 ) (104 896 0 ) (104 832 0 ) (88 832 0 ) 
4 96 136 0 (88 832 0 ) (104 832 0 ) (104 832 8 ) (88 832 8 ) 
4 96 133 0 (104 832 24 ) (104 832 40 ) (88 832 40 ) (88 832 24 ) 
4 96 97 0 (88 832 0 ) (88 832 40 ) (88 896 40 ) (88 896 0 ) 
4 97 420 0 (0 896 0 ) (0 832 0 ) (0 832 56 ) (0 896 56 ) 
4 97 200 0 (0 832 0 ) (0 896 0 ) (88 896 0 ) (88 832 0 ) 
4 97 143 0 (0 832 0 ) (88 832 0 ) (88 832 56 ) (0 832 56 ) 
4 98 195 0 (768 832 0 ) (776 832 0 ) (776 672 0 ) (768 672 0 ) 
4 98 159 0 (768 672 0 ) (776 672 0 ) (776 672 8 ) (768 672 8 ) 
4 98 144 0 (776 672 8 ) (776 672 200 ) (768 672 200 ) (768 672 8 ) 
4 98 113 0 (768 768 0 ) (768 752 0 ) (768 752 16 ) (768 768 16 ) 
4 98 114 0 (768 752 0 ) (768 672 0 ) (768 672 32 ) (768 752 32 ) 
4 98 112 0 (768 672 32 ) (768 672 88 ) (768 768 88 ) (768 768 32 ) 
4 98 110 0 (768 768 32 ) (768 768 88 ) (768 816 88 ) (768 816 32 ) 
4 98 108 0 (768 832 88 ) (768 832 32 ) (768 816 32 ) (768 816 88 ) 
4 98 109 0 (768 832 16 ) (768 832 0 ) (768 816 0 ) (768 816 16 ) 
4 98 107 0 (768 752 88 ) (768 672 88 ) (768 672 104 ) (768 752 104 ) 
4 98 106 0 (768 832 104 ) (768 832 88 ) (768 752 88 ) (768 752 104 ) 
4 98 103 0 (768 724 104 ) (768 672 104 ) (768 672 192 ) (768 724 192 ) 
4 98 102 0 (768 832 192 ) (768 832 104 ) (768 724 104 ) (768 724 192 ) 
4 98 99 0 (768 832 200 ) (768 832 192 ) (768 672 192 ) (768 672 200 ) 
4 99 148 0 (656 672 200 ) (140 672 200 ) (140 672 192 ) (656 672 192 ) 
4 99 146 0 (672 672 200 ) (656 672 200 ) (656 672 192 ) (672 672 192 ) 
4 99 144 0 (768 672 192 ) (768 672 200 ) (672 672 200 ) (672 672 192 ) 
4 99 103 0 (768 724 192 ) (768 672 192 ) (140 672 192 ) (140 724 192 ) 
4 99 102 0 (140 832 192 ) (768 832 192 ) (768 724 192 ) (140 724 192 ) 
4 99 100 0 (140 832 200 ) (140 832 192 ) (140 724 192 ) (140 724 200 ) 
4 100 417 0 (0 724 200 ) (0 832 200 ) (0 832 192 ) (0 724 192 ) 
4 100 102 0 (116 832 192 ) (140 832 192 ) (140 724 192 ) (116 724 192 ) 
4 100 105 0 (88 832 192 ) (116 832 192 ) (116 724 192 ) (88 724 192 ) 
4 100 143 0 (0 832 192 ) (88 832 192 ) (88 724 192 ) (0 724 192 ) 
4 101 418 0 (0 672 192 ) (0 672 200 ) (0 700 200 ) (0 700 192 ) 
4 101 160 0 (80 672 200 ) (0 672 200 ) (0 672 192 ) (80 672 192 ) 
4 101 158 0 (88 672 200 ) (80 672 200 ) (80 672 192 ) (88 672 192 ) 
4 101 156 0 (116 672 200 ) (88 672 200 ) (88 672 192 ) (116 672 192 ) 
4 101 105 0 (116 672 192 ) (88 672 192 ) (88 700 192 ) (116 700 192 ) 
4 101 143 0 (88 672 192 ) (0 672 192 ) (0 700 192 ) (88 700 192 ) 
4 102 107 0 (768 752 104 ) (768 724 104 ) (168 724 104 ) (168 752 104 ) 
4 102 106 0 (116 832 104 ) (768 832 104 ) (768 752 104 ) (116 752 104 ) 
4 102 103 0 (140 724 104 ) (768 724 104 ) (768 724 192 ) (140 724 192 ) 
4 102 105 0 (116 832 104 ) (116 724 104 ) (116 724 192 ) (116 832 192 ) 
4 103 148 0 (656 672 192 ) (140 672 192 ) (140 672 104 ) (656 672 104 ) 
4 103 146 0 (672 672 192 ) (656 672 192 ) (656 672 104 ) (672 672 104 ) 
4 103 144 0 (768 672 104 ) (768 672 192 ) (672 672 192 ) (672 672 104 ) 
4 103 107 0 (768 724 104 ) (768 672 104 ) (168 672 104 ) (168 724 104 ) 
4 103 104 0 (140 700 104 ) (140 672 104 ) (140 672 192 ) (140 700 192 ) 
4 104 153 0 (140 672 192 ) (116 672 192 ) (116 672 104 ) (140 672 104 ) 
4 104 105 0 (116 700 104 ) (116 672 104 ) (116 672 192 ) (116 700 192 ) 
4 105 156 0 (116 672 192 ) (88 672 192 ) (88 672 104 ) (116 672 104 ) 
4 105 106 0 (88 752 104 ) (88 832 104 ) (116 832 104 ) (116 752 104 ) 
4 105 143 0 (88 672 104 ) (88 672 192 ) (88 832 192 ) (88 832 104 ) 
4 106 131 0 (88 752 88 ) (88 832 88 ) (136 832 88 ) (136 752 88 ) 
4 106 130 0 (136 832 88 ) (168 832 88 ) (168 752 88 ) (136 752 88 ) 
4 106 127 0 (168 832 88 ) (232 832 88 ) (232 752 88 ) (168 752 88 ) 
4 106 122 0 (232 832 88 ) (248 832 88 ) (248 752 88 ) (232 752 88 ) 
4 106 115 0 (248 832 88 ) (312 832 88 ) (312 752 88 ) (248 752 88 ) 
4 106 112 0 (768 768 88 ) (768 752 88 ) (312 752 88 ) (312 768 88 ) 
4 106 110 0 (768 816 88 ) (768 768 88 ) (312 768 88 ) (312 816 88 ) 
4 106 108 0 (312 832 88 ) (768 832 88 ) (768 816 88 ) (312 816 88 ) 
4 106 107 0 (168 752 88 ) (768 752 88 ) (768 752 104 ) (168 752 104 ) 
4 106 143 0 (88 752 104 ) (88 832 104 ) (88 832 88 ) (88 752 88 ) 
4 107 148 0 (656 672 104 ) (168 672 104 ) (168 672 88 ) (656 672 88 ) 
4 107 146 0 (672 672 104 ) (656 672 104 ) (656 672 88 ) (672 672 88 ) 
4 107 144 0 (768 672 88 ) (768 672 104 ) (672 672 104 ) (672 672 88 ) 
4 107 138 0 (248 736 88 ) (248 672 88 ) (168 672 88 ) (168 736 88 ) 
4 107 129 0 (168 752 88 ) (232 752 88 ) (232 736 88 ) (168 736 88 ) 
4 107 122 0 (232 752 88 ) (248 752 88 ) (248 736 88 ) (232 736 88 ) 
4 107 115 0 (248 752 88 ) (312 752 88 ) (312 672 88 ) (248 672 88 ) 
4 107 112 0 (312 752 88 ) (768 752 88 ) (768 672 88 ) (312 672 88 ) 
4 108 117 0 (312 832 40 ) (312 832 32 ) (312 816 32 ) (312 816 40 ) 
4 108 116 0 (312 832 56 ) (312 832 40 ) (312 816 40 ) (312 816 56 ) 
4 108 115 0 (312 816 88 ) (312 832 88 ) (312 832 56 ) (312 816 56 ) 
4 108 110 0 (312 816 88 ) (312 816 32 ) (768 816 32 ) (768 816 88 ) 
4 109 195 0 (312 832 0 ) (768 832 0 ) (768 816 0 ) (312 816 0 ) 
4 109 118 0 (312 832 16 ) (312 832 0 ) (312 816 0 ) (312 816 16 ) 
4 109 111 0 (504 816 0 ) (584 816 0 ) (584 816 8 ) (504 816 8 ) 
4 110 117 0 (312 816 40 ) (312 816 32 ) (312 768 32 ) (312 768 40 ) 
4 110 116 0 (312 816 56 ) (312 816 40 ) (312 768 40 ) (312 768 56 ) 
4 110 115 0 (312 768 88 ) (312 816 88 ) (312 816 56 ) (312 768 56 ) 
4 110 112 0 (312 768 88 ) (312 768 32 ) (768 768 32 ) (768 768 88 ) 
4 111 195 0 (584 768 0 ) (504 768 0 ) (504 816 0 ) (584 816 0 ) 
4 111 113 0 (504 768 0 ) (584 768 0 ) (584 768 8 ) (504 768 8 ) 
4 112 148 0 (656 672 88 ) (312 672 88 ) (312 672 32 ) (656 672 32 ) 
4 112 146 0 (672 672 88 ) (656 672 88 ) (656 672 32 ) (672 672 32 ) 
4 112 144 0 (768 672 32 ) (768 672 88 ) (672 672 88 ) (672 672 32 ) 
4 112 120 0 (312 672 32 ) (312 672 40 ) (312 736 40 ) (312 736 32 ) 
4 112 117 0 (312 768 40 ) (312 768 32 ) (312 736 32 ) (312 736 40 ) 
4 112 116 0 (312 752 56 ) (312 768 56 ) (312 768 40 ) (312 752 40 ) 
4 112 115 0 (312 672 56 ) (312 672 88 ) (312 768 88 ) (312 768 56 ) 
4 112 114 0 (312 672 32 ) (312 752 32 ) (768 752 32 ) (768 672 32 ) 
4 113 195 0 (768 768 0 ) (768 752 0 ) (312 752 0 ) (312 768 0 ) 
4 113 119 0 (312 768 16 ) (312 768 0 ) (312 752 0 ) (312 752 16 ) 
4 113 114 0 (768 752 0 ) (768 752 16 ) (312 752 16 ) (312 752 0 ) 
4 114 195 0 (768 752 0 ) (768 672 0 ) (312 672 0 ) (312 752 0 ) 
4 114 159 0 (312 672 0 ) (768 672 0 ) (768 672 8 ) (312 672 8 ) 
4 114 148 0 (656 672 32 ) (312 672 32 ) (312 672 8 ) (656 672 8 ) 
4 114 146 0 (672 672 32 ) (656 672 32 ) (656 672 8 ) (672 672 8 ) 
4 114 144 0 (768 672 8 ) (768 672 32 ) (672 672 32 ) (672 672 8 ) 
4 114 120 0 (312 672 0 ) (312 672 32 ) (312 736 32 ) (312 736 0 ) 
4 114 119 0 (312 752 16 ) (312 752 0 ) (312 736 0 ) (312 736 16 ) 
4 115 148 0 (312 672 56 ) (312 672 88 ) (248 672 88 ) (248 672 56 ) 
4 115 138 0 (248 672 56 ) (248 672 88 ) (248 736 88 ) (248 736 56 ) 
4 115 122 0 (248 736 88 ) (248 832 88 ) (248 832 56 ) (248 736 56 ) 
4 115 116 0 (248 752 56 ) (248 832 56 ) (312 832 56 ) (312 752 56 ) 
4 116 123 0 (248 752 56 ) (248 832 56 ) (248 832 40 ) (248 752 40 ) 
4 116 117 0 (248 752 40 ) (248 832 40 ) (312 832 40 ) (312 752 40 ) 
4 117 125 0 (248 752 32 ) (248 736 32 ) (248 736 40 ) (248 752 40 ) 
4 117 124 0 (248 832 40 ) (248 832 32 ) (248 752 32 ) (248 752 40 ) 
4 117 120 0 (312 736 32 ) (312 736 40 ) (296 736 40 ) (296 736 32 ) 
4 118 195 0 (248 832 0 ) (312 832 0 ) (312 816 0 ) (248 816 0 ) 
4 118 126 0 (248 832 16 ) (248 832 0 ) (248 816 0 ) (248 816 16 ) 
4 119 195 0 (312 768 0 ) (312 736 0 ) (296 736 0 ) (296 768 0 ) 
4 119 120 0 (312 736 0 ) (312 736 16 ) (296 736 16 ) (296 736 0 ) 
4 120 195 0 (312 736 0 ) (312 672 0 ) (296 672 0 ) (296 736 0 ) 
4 120 159 0 (296 672 0 ) (312 672 0 ) (312 672 8 ) (296 672 8 ) 
4 120 148 0 (312 672 8 ) (312 672 40 ) (296 672 40 ) (296 672 8 ) 
4 120 121 0 (296 672 0 ) (296 672 40 ) (296 688 40 ) (296 688 0 ) 
4 121 195 0 (296 672 0 ) (248 672 0 ) (248 688 0 ) (296 688 0 ) 
4 121 159 0 (248 672 0 ) (296 672 0 ) (296 672 8 ) (248 672 8 ) 
4 121 148 0 (296 672 8 ) (296 672 40 ) (248 672 40 ) (248 672 8 ) 
4 121 139 0 (248 672 32 ) (248 672 40 ) (248 688 40 ) (248 688 32 ) 
4 121 137 0 (248 672 0 ) (248 672 16 ) (248 688 16 ) (248 688 0 ) 
4 122 138 0 (248 736 56 ) (248 736 88 ) (232 736 88 ) (232 736 56 ) 
4 122 129 0 (232 736 56 ) (232 736 88 ) (232 752 88 ) (232 752 56 ) 
4 122 127 0 (232 752 88 ) (232 832 88 ) (232 832 56 ) (232 752 56 ) 
4 122 123 0 (232 752 56 ) (232 832 56 ) (248 832 56 ) (248 752 56 ) 
4 123 127 0 (232 752 56 ) (232 832 56 ) (232 832 40 ) (232 752 40 ) 
4 123 124 0 (232 752 40 ) (232 832 40 ) (248 832 40 ) (248 752 40 ) 
4 124 127 0 (232 752 40 ) (232 832 40 ) (232 832 32 ) (232 752 32 ) 
3 124 125 0 (248 752 32 ) (248 752 40 ) (232 752 40 ) 
3 125 139 0 (248 736 32 ) (248 736 40 ) (232 736 40 ) 
4 126 195 0 (232 832 0 ) (248 832 0 ) (248 736 0 ) (232 736 0 ) 
4 126 128 0 (232 736 0 ) (232 736 16 ) (232 752 16 ) (232 752 0 ) 
4 126 127 0 (232 752 16 ) (232 832 16 ) (232 832 0 ) (232 752 0 ) 
4 127 195 0 (168 832 0 ) (232 832 0 ) (232 752 0 ) (168 752 0 ) 
4 127 135 0 (168 832 8 ) (168 832 0 ) (168 752 0 ) (168 752 54.666664 ) 
4 127 132 0 (168 816 40 ) (168 804.571411 40 ) (168 777.142883 56 ) (168 816 56 ) 
3 127 133 0 (168 832 40 ) (168 832 24 ) (168 804.571411 40 ) 
5 127 131 0 (168 832 72 ) (168 832 56 ) (168 777.142883 56 ) (168 752 70.666672 ) (168 752 72 ) 
4 127 130 0 (168 752 88 ) (168 832 88 ) (168 832 72 ) (168 752 72 ) 
4 127 129 0 (168 752 88 ) (168 752 72 ) (232 752 40 ) (232 752 88 ) 
4 127 128 0 (168 752 56 ) (168 752 0 ) (232 752 0 ) (232 752 24 ) 
4 128 195 0 (232 752 0 ) (232 736 0 ) (168 736 0 ) (168 752 0 ) 
5 128 135 0 (168 736 0 ) (168 736 56 ) (168 749.714294 56 ) (168 752 54.666672 ) (168 752 0 ) 
3 129 140 0 (200 736 56 ) (232 736 40 ) (232 736 56 ) 
5 129 138 0 (232 736 88 ) (168 736 88 ) (168 736 72 ) (200 736 56 ) (232 736 56 ) 
5 129 130 0 (168 736 80 ) (168 736 88 ) (168 752 88 ) (168 752 72 ) (168 749.714294 72 ) 
4 130 138 0 (168 736 88 ) (152 736 88 ) (152 736 80 ) (168 736 80 ) 
4 130 134 0 (152 736 80.001633 ) (136.003265 736 88 ) (136.003265 752 88 ) (152 752 80.001633 ) 
4 130 131 0 (168 832 72.001633 ) (168 752 72.001633 ) (136.003265 752 88 ) (136.003265 832 88 ) 
5 131 134 0 (152 752 80.003914 ) (136.007828 752 88 ) (88 752 88 ) (88 752 70.666672 ) (152 752 70.666664 ) 
4 131 132 0 (88 777.142883 56 ) (88 816 56 ) (168 816 56 ) (168 777.142883 56 ) 
5 131 143 0 (88 752 88 ) (88 832 88 ) (88 832 56 ) (88 777.142883 56 ) (88 752 70.666672 ) 
4 132 133 0 (168 804.566406 40 ) (88 804.566406 40 ) (88 816 40 ) (168 816 40 ) 
4 132 143 0 (88 816 40 ) (88 804.571411 40 ) (88 777.142883 56 ) (88 816 56 ) 
3 133 143 0 (88 832 40 ) (88 832 24 ) (88 804.571411 40 ) 
4 134 141 0 (104 736 88 ) (88 736 88 ) (88 736 80 ) (104 736 80 ) 
4 134 143 0 (88 736 88 ) (88 752 88 ) (88 752 70.666672 ) (88 736 80 ) 
4 135 195 0 (152 832 0 ) (168 832 0 ) (168 736 0 ) (152 736 0 ) 
4 136 200 0 (88 832 0 ) (104 832 0 ) (104 736 0 ) (88 736 0 ) 
4 136 141 0 (88 736 64 ) (88 736 0 ) (104 736 0 ) (104 736 64 ) 
4 136 143 0 (88 832 8 ) (88 832 0 ) (88 736 0 ) (88 736 64 ) 
4 137 195 0 (248 688 0 ) (248 672 0 ) (152 672 0 ) (152 688 0 ) 
4 137 159 0 (152 672 0 ) (248 672 0 ) (248 672 8 ) (152 672 8 ) 
4 137 148 0 (248 672 8 ) (248 672 16 ) (152 672 64 ) (152 672 8 ) 
4 137 142 0 (152 688 0 ) (152 672 0 ) (152 672 64 ) (152 688 64 ) 
5 138 148 0 (248 672 56 ) (248 672 88 ) (152 672 88 ) (152 672 80 ) (200 672 56 ) 
4 138 142 0 (152 688 80 ) (152 672 80 ) (152 672 88 ) (152 688 88 ) 
4 138 140 0 (200 672 56 ) (200 736 56 ) (232 736 56 ) (232 672 56 ) 
3 139 148 0 (248 672 32 ) (248 672 40 ) (232 672 40 ) 
3 140 148 0 (232 672 56 ) (200 672 56 ) (232 672 40 ) 
4 141 200 0 (88 688 0 ) (88 736 0 ) (104 736 0 ) (104 688 0 ) 
4 141 142 0 (104 688 88 ) (88 688 88 ) (88 688 0 ) (104 688 0 ) 
4 141 143 0 (88 688 88 ) (88 736 88 ) (88 736 0 ) (88 688 0 ) 
4 142 200 0 (104 672 0 ) (88 672 0 ) (88 688 0 ) (104 688 0 ) 
4 142 198 0 (152 672 0 ) (104 672 0 ) (104 688 0 ) (152 688 0 ) 
4 142 159 0 (88 672 0 ) (152 672 0 ) (152 672 8 ) (88 672 8 ) 
4 142 156 0 (116 672 88 ) (88 672 88 ) (88 672 8 ) (116 672 8 ) 
4 142 153 0 (140 672 88 ) (116 672 88 ) (116 672 8 ) (140 672 8 ) 
4 142 148 0 (152 672 8 ) (152 672 88 ) (140 672 88 ) (140 672 8 ) 
4 142 143 0 (88 672 0 ) (88 672 88 ) (88 688 88 ) (88 688 0 ) 
4 143 420 0 (0 832 0 ) (0 672 0 ) (0 672 192 ) (0 832 192 ) 
4 143 200 0 (0 672 0 ) (0 832 0 ) (88 832 0 ) (88 672 0 ) 
4 143 161 0 (0 672 0 ) (80 672 0 ) (80 672 8 ) (0 672 8 ) 
4 143 160 0 (80 672 8 ) (80 672 192 ) (0 672 192 ) (0 672 8 ) 
4 143 159 0 (80 672 0 ) (88 672 0 ) (88 672 8 ) (80 672 8 ) 
4 143 158 0 (88 672 8 ) (88 672 192 ) (80 672 192 ) (80 672 8 ) 
4 144 159 0 (672 672 8 ) (776 672 8 ) (776 448 8 ) (672 448 8 ) 
4 144 146 0 (672 672 200 ) (672 672 8 ) (672 448 8 ) (672 448 200 ) 
4 145 147 0 (672 432 8 ) (672 424 8 ) (672 424 200 ) (672 432 200 ) 
4 146 159 0 (656 672 8 ) (672 672 8 ) (672 448 8 ) (656 448 8 ) 
4 146 148 0 (656 672 200 ) (656 672 8 ) (656 448 8 ) (656 448 200 ) 
4 147 164 0 (672 424 200 ) (656 424 200 ) (656 424 8 ) (672 424 8 ) 
4 148 159 0 (140 672 8 ) (656 672 8 ) (656 448 8 ) (140 448 8 ) 
4 148 153 0 (140 672 192 ) (140 672 8 ) (140 448 8 ) (140 448 192 ) 
4 149 168 0 (624 424 200 ) (528 424 200 ) (528 424 8 ) (624 424 8 ) 
4 149 166 0 (648 424 200 ) (624 424 200 ) (624 424 8 ) (648 424 8 ) 
4 150 172 0 (408 424 200 ) (400 424 200 ) (400 424 8 ) (408 424 8 ) 
4 150 168 0 (520 424 200 ) (408 424 200 ) (408 424 8 ) (520 424 8 ) 
4 151 174 0 (384 424 200 ) (272 424 200 ) (272 424 8 ) (384 424 8 ) 
4 152 174 0 (264 424 200 ) (144 424 200 ) (144 424 8 ) (264 424 8 ) 
4 153 159 0 (116 672 8 ) (140 672 8 ) (140 448 8 ) (116 448 8 ) 
4 153 156 0 (116 672 192 ) (116 672 8 ) (116 448 8 ) (116 448 192 ) 
4 154 174 0 (136 424 200 ) (116 424 200 ) (116 424 192 ) (136 424 192 ) 
4 154 157 0 (116 424 192 ) (116 424 200 ) (116 440 200 ) (116 440 192 ) 
5 154 155 0 (116 424 192 ) (116 440 192 ) (124 440 192 ) (136 428 192 ) (136 424 192 ) 
4 155 174 0 (116 424 192 ) (116 424 8 ) (136 424 8 ) (136 424 192 ) 
4 155 157 0 (116 440 8 ) (116 424 8 ) (116 424 192 ) (116 440 192 ) 
4 156 159 0 (88 672 8 ) (116 672 8 ) (116 448 8 ) (88 448 8 ) 
4 156 158 0 (88 672 200 ) (88 672 8 ) (88 448 8 ) (88 448 200 ) 
4 157 174 0 (116 424 200 ) (88 424 200 ) (88 424 8 ) (116 424 8 ) 
4 158 160 0 (80 672 200 ) (80 672 8 ) (80 448 8 ) (80 448 200 ) 
4 158 159 0 (80 448 8 ) (80 672 8 ) (88 672 8 ) (88 448 8 ) 
4 159 200 0 (80 672 0 ) (104 672 0 ) (104 448 0 ) (80 448 0 ) 
4 159 198 0 (104 672 0 ) (152 672 0 ) (152 448 0 ) (104 448 0 ) 
4 159 195 0 (152 672 0 ) (776 672 0 ) (776 448 0 ) (152 448 0 ) 
4 159 161 0 (80 672 8 ) (80 672 0 ) (80 448 0 ) (80 448 8 ) 
4 160 475 0 (0 424 8 ) (0 424 200 ) (0 440 200 ) (0 440 8 ) 
4 160 458 0 (0 440 200 ) (0 568 200 ) (0 568 192 ) (0 440 192 ) 
4 160 460 0 (0 568 192 ) (0 568 8 ) (0 440 8 ) (0 440 192 ) 
4 160 457 0 (0 672 192 ) (0 672 8 ) (0 568 8 ) (0 568 192 ) 
4 160 418 0 (0 568 200 ) (0 672 200 ) (0 672 192 ) (0 568 192 ) 
4 160 174 0 (80 424 8 ) (80 424 200 ) (0 424 200 ) (0 424 8 ) 
4 160 161 0 (0 672 8 ) (80 672 8 ) (80 440 8 ) (0 440 8 ) 
4 161 460 0 (0 568 0 ) (0 440 0 ) (0 440 8 ) (0 568 8 ) 
4 161 457 0 (0 672 0 ) (0 568 0 ) (0 568 8 ) (0 672 8 ) 
4 161 200 0 (0 440 0 ) (0 672 0 ) (80 672 0 ) (80 440 0 ) 
4 162 193 0 (1024 416 8 ) (1024 264 8 ) (784 264 8 ) (784 416 8 ) 
4 162 192 0 (784 424 8 ) (1024 424 8 ) (1024 416 8 ) (784 416 8 ) 
4 162 175 0 (784 264 8 ) (1024 264 8 ) (1024 264 200 ) (784 264 200 ) 
4 162 163 0 (784 416 8 ) (784 264 8 ) (784 264 200 ) (784 416 200 ) 
4 163 193 0 (784 416 8 ) (784 264 8 ) (776 264 8 ) (776 416 8 ) 
4 163 175 0 (680 264 8 ) (784 264 8 ) (784 264 200 ) (680 264 200 ) 
4 164 166 0 (656 424 200 ) (656 424 8 ) (656 328 8 ) (656 328 200 ) 
4 165 167 0 (656 288 8 ) (656 280 8 ) (656 280 200 ) (656 288 200 ) 
4 165 166 0 (656 320 8 ) (656 288 8 ) (656 288 200 ) (656 320 200 ) 
4 166 168 0 (624 424 200 ) (624 424 8 ) (624 288 8 ) (624 288 200 ) 
4 166 167 0 (632 288 8 ) (656 288 8 ) (656 288 200 ) (632 288 200 ) 
4 168 173 0 (408 320 8 ) (408 288 8 ) (408 288 200 ) (408 320 200 ) 
4 168 172 0 (408 424 200 ) (408 424 8 ) (408 328 8 ) (408 328 200 ) 
4 168 171 0 (416 288 8 ) (472 288 8 ) (472 288 200 ) (416 288 200 ) 
4 168 170 0 (480 288 8 ) (520 288 8 ) (520 288 200 ) (480 288 200 ) 
4 168 169 0 (528 288 8 ) (624 288 8 ) (624 288 200 ) (528 288 200 ) 
4 169 183 0 (528 264 8 ) (544 264 8 ) (544 264 200 ) (528 264 200 ) 
4 169 175 0 (544 264 8 ) (624 264 8 ) (624 264 200 ) (544 264 200 ) 
4 174 478 0 (0 264 200 ) (0 424 200 ) (0 424 8 ) (0 264 8 ) 
4 174 190 0 (0 264 8 ) (304 264 8 ) (304 264 200 ) (0 264 200 ) 
4 174 189 0 (304 264 8 ) (384 264 8 ) (384 264 200 ) (304 264 200 ) 
4 175 193 0 (776 264 8 ) (1024 264 8 ) (1024 160 8 ) (776 160 8 ) 
4 175 183 0 (544 264 200 ) (544 264 8 ) (544 160 8 ) (544 160 200 ) 
4 175 176 0 (808 160 8 ) (1024 160 8 ) (1024 160 200 ) (808 160 200 ) 
4 176 257 0 (808 0 8 ) (1024 0 8 ) (1024 0 200 ) (808 0 200 ) 
4 176 194 0 (1024 0 8 ) (808 0 8 ) (808 160 8 ) (1024 160 8 ) 
4 177 184 0 (544 120 8 ) (544 64 8 ) (544 64 200 ) (544 120 200 ) 
4 177 178 0 (616 56 8 ) (728 56 8 ) (728 56 200 ) (616 56 200 ) 
4 178 180 0 (616 48 8 ) (728 48 8 ) (728 48 200 ) (616 48 200 ) 
4 179 182 0 (736 32 8 ) (776 32 8 ) (776 32 200 ) (736 32 200 ) 
4 180 182 0 (616 32 8 ) (728 32 8 ) (728 32 200 ) (616 32 200 ) 
4 181 186 0 (544 48 8 ) (544 32 8 ) (544 32 200 ) (544 48 200 ) 
4 181 182 0 (544 32 200 ) (544 32 8 ) (608 32 8 ) (608 32 200 ) 
4 182 266 0 (544 0 8 ) (648 0 8 ) (648 0 200 ) (544 0 200 ) 
4 182 265 0 (648 0 8 ) (656 0 8 ) (656 0 200 ) (648 0 200 ) 
4 182 259 0 (656 0 8 ) (776 0 8 ) (776 0 200 ) (656 0 200 ) 
4 182 186 0 (544 32 8 ) (544 0 8 ) (544 0 200 ) (544 32 200 ) 
4 183 189 0 (400 264 200 ) (400 264 8 ) (400 160 8 ) (400 160 200 ) 
4 185 186 0 (536 48 8 ) (544 48 8 ) (544 48 200 ) (536 48 200 ) 
4 186 187 0 (536 32 8 ) (536 0 8 ) (536 0 200 ) (536 32 200 ) 
4 188 290 0 (400 0 8 ) (520 0 8 ) (520 0 200 ) (400 0 200 ) 
4 188 189 0 (400 128 8 ) (400 0 8 ) (400 0 200 ) (400 128 200 ) 
4 189 290 0 (304 0 8 ) (400 0 8 ) (400 0 200 ) (304 0 200 ) 
4 189 190 0 (304 264 200 ) (304 264 8 ) (304 160 8 ) (304 160 200 ) 
4 189 191 0 (304 128 8 ) (304 0 8 ) (304 0 200 ) (304 128 200 ) 
4 190 478 0 (0 160 200 ) (0 264 200 ) (0 264 8 ) (0 160 8 ) 
4 191 482 0 (0 0 8 ) (0 0 200 ) (0 128 200 ) (0 128 8 ) 
4 191 290 0 (0 0 200 ) (0 0 8 ) (304 0 8 ) (304 0 200 ) 
4 192 195 0 (784 424 0 ) (1024 424 0 ) (1024 416 0 ) (784 416 0 ) 
4 192 193 0 (784 416 0 ) (1024 416 0 ) (1024 416 8 ) (784 416 8 ) 
4 193 195 0 (776 416 0 ) (1024 416 0 ) (1024 160 0 ) (776 160 0 ) 
4 193 194 0 (808 160 0 ) (1024 160 0 ) (1024 160 8 ) (808 160 8 ) 
4 194 257 0 (808 0 0 ) (1024 0 0 ) (1024 0 8 ) (808 0 8 ) 
4 194 195 0 (1024 0 0 ) (808 0 0 ) (808 160 0 ) (1024 160 0 ) 
4 195 333 0 (1024 0 -912 ) (1024 0 -64 ) (152 0 -64 ) (152 0 -912 ) 
4 195 329 0 (1024 0 -64 ) (1024 0 0 ) (392 0 0 ) (392 0 -64 ) 
4 195 332 0 (392 0 0 ) (152 0 0 ) (152 0 -64 ) (392 0 -64 ) 
4 195 197 0 (152 832 -64 ) (152 736 -64 ) (152 736 -48 ) (152 832 -48 ) 
4 195 196 0 (152 956 0 ) (152 956 -64 ) (152 880 -64 ) (152 880 0 ) 
4 195 198 0 (152 736 -64 ) (152 0 -64 ) (152 0 0 ) (152 736 0 ) 
4 195 199 0 (152 956 -64 ) (152 956 -912 ) (152 0 -912 ) (152 0 -64 ) 
4 196 200 0 (104 956 0 ) (104 956 -64 ) (104 880 -64 ) (104 880 0 ) 
4 196 199 0 (104 880 -64 ) (104 956 -64 ) (152 956 -64 ) (152 880 -64 ) 
4 197 200 0 (104 832 -64 ) (104 736 -64 ) (104 736 -48 ) (104 832 -48 ) 
4 197 198 0 (104 736 -48 ) (104 736 -64 ) (152 736 -64 ) (152 736 -48 ) 
4 197 199 0 (104 736 -64 ) (104 832 -64 ) (152 832 -64 ) (152 736 -64 ) 
4 198 332 0 (152 0 0 ) (104 0 0 ) (104 0 -64 ) (152 0 -64 ) 
4 198 200 0 (104 736 -64 ) (104 0 -64 ) (104 0 0 ) (104 736 0 ) 
4 198 199 0 (104 0 -64 ) (104 736 -64 ) (152 736 -64 ) (152 0 -64 ) 
4 199 333 0 (104 0 -64 ) (104 0 -912 ) (152 0 -912 ) (152 0 -64 ) 
4 199 200 0 (104 956 -64 ) (104 956 -912 ) (104 0 -912 ) (104 0 -64 ) 
4 200 517 0 (0 0 -912 ) (0 0 -56 ) (0 736 -56 ) (0 736 -912 ) 
4 200 514 0 (0 688 0 ) (0 736 0 ) (0 736 -56 ) (0 688 -56 ) 
4 200 516 0 (0 0 -56 ) (0 0 0 ) (0 688 0 ) (0 688 -56 ) 
4 200 509 0 (0 736 0 ) (0 956 0 ) (0 956 -912 ) (0 736 -912 ) 
4 200 333 0 (0 0 -64 ) (0 0 -912 ) (104 0 -912 ) (104 0 -64 ) 
4 200 332 0 (0 0 0 ) (0 0 -64 ) (104 0 -64 ) (104 0 0 ) 
4 201 518 0 (0 -1024 1024 ) (0 -1024 1260 ) (0 0 1260 ) (0 0 1024 ) 
4 201 334 0 (0 -1024 1260 ) (0 -1024 1024 ) (1024 -1024 1024 ) (1024 -1024 1260 ) 
4 201 246 0 (0 -784 1024 ) (0 -776 1024 ) (1024 -776 1024 ) (1024 -784 1024 ) 
4 201 247 0 (1024 -1024 1024 ) (0 -1024 1024 ) (0 -784 1024 ) (1024 -784 1024 ) 
4 201 242 0 (0 -776 1024 ) (0 -768 1024 ) (1024 -768 1024 ) (1024 -776 1024 ) 
4 201 240 0 (0 -656 1024 ) (0 -648 1024 ) (1024 -648 1024 ) (1024 -656 1024 ) 
4 201 241 0 (0 -768 1024 ) (0 -656 1024 ) (1024 -656 1024 ) (1024 -768 1024 ) 
4 201 236 0 (0 -648 1024 ) (0 -640 1024 ) (1024 -640 1024 ) (1024 -648 1024 ) 
4 201 234 0 (0 -640 1024 ) (0 -584 1024 ) (464 -584 1024 ) (464 -640 1024 ) 
4 201 233 0 (464 -584 1024 ) (1024 -584 1024 ) (1024 -640 1024 ) (464 -640 1024 ) 
4 201 231 0 (0 -584 1024 ) (0 -576 1024 ) (464 -576 1024 ) (464 -584 1024 ) 
4 201 230 0 (0 -576 1024 ) (0 -464 1024 ) (464 -464 1024 ) (464 -576 1024 ) 
4 201 229 0 (464 -464 1024 ) (1024 -464 1024 ) (1024 -584 1024 ) (464 -584 1024 ) 
4 201 210 0 (0 -456 1024 ) (0 -448 1024 ) (464 -448 1024 ) (464 -456 1024 ) 
4 201 209 0 (0 -448 1024 ) (0 0 1024 ) (464 0 1024 ) (464 -448 1024 ) 
4 201 212 0 (0 -464 1024 ) (0 -456 1024 ) (464 -456 1024 ) (464 -464 1024 ) 
4 201 208 0 (464 0 1024 ) (472 0 1024 ) (472 -464 1024 ) (464 -464 1024 ) 
4 201 206 0 (472 0 1024 ) (584 0 1024 ) (584 -464 1024 ) (472 -464 1024 ) 
4 201 205 0 (584 0 1024 ) (592 0 1024 ) (592 -464 1024 ) (584 -464 1024 ) 
4 201 203 0 (592 0 1024 ) (600 0 1024 ) (600 -464 1024 ) (592 -464 1024 ) 
4 201 202 0 (600 0 1024 ) (1024 0 1024 ) (1024 -464 1024 ) (600 -464 1024 ) 
4 202 252 0 (656 -464 208 ) (600 -464 208 ) (600 -440 208 ) (656 -440 208 ) 
4 202 251 0 (672 -464 208 ) (656 -464 208 ) (656 -424 208 ) (672 -424 208 ) 
4 202 250 0 (1024 -424 208 ) (1024 -464 208 ) (800 -464 208 ) (800 -424 208 ) 
4 202 248 0 (800 0 208 ) (1024 0 208 ) (1024 -424 208 ) (800 -424 208 ) 
4 202 229 0 (600 -464 208 ) (1024 -464 208 ) (1024 -464 1024 ) (600 -464 1024 ) 
3 202 204 0 (600 0 208 ) (600 -464 208 ) (600 0 320 ) 
4 202 203 0 (600 -464 224 ) (600 -464 1024 ) (600 0 1024 ) (600 0 336 ) 
4 203 229 0 (600 -464 224 ) (600 -464 1024 ) (592 -464 1024 ) (592 -464 224 ) 
4 203 205 0 (592 -464 224 ) (592 -464 1024 ) (592 0 1024 ) (592 0 336 ) 
4 204 252 0 (600 -440 208 ) (600 -464 208 ) (592 -464 208 ) (592 -440 208 ) 
3 204 205 0 (592 -397.714294 224 ) (592 0 320 ) (592 0 224 ) 
4 205 229 0 (592 -464 224 ) (592 -464 1024 ) (584 -464 1024 ) (584 -464 224 ) 
4 205 206 0 (584 -464 224 ) (584 -464 1024 ) (584 0 1024 ) (584 0 224 ) 
4 206 252 0 (584 -440 208 ) (584 -464 208 ) (472 -464 208 ) (472 -440 208 ) 
4 206 249 0 (544 -8 208 ) (544 -96 208 ) (528 -96 208 ) (528 -8 208 ) 
4 206 229 0 (472 -464 208 ) (584 -464 208 ) (584 -464 1024 ) (472 -464 1024 ) 
4 206 208 0 (472 -464 224 ) (472 -464 1024 ) (472 0 1024 ) (472 0 336 ) 
3 206 207 0 (472 0 208 ) (472 -464 208 ) (472 0 320 ) 
4 207 252 0 (472 -440 208 ) (472 -464 208 ) (464 -464 208 ) (464 -440 208 ) 
3 207 213 0 (464 -397.714233 224 ) (464 0 320 ) (464 0 224 ) 
4 208 229 0 (472 -464 224 ) (472 -464 1024 ) (464 -464 1024 ) (464 -464 224 ) 
4 208 210 0 (464 -456 1024 ) (464 -448 1024 ) (464 -448 227.862061 ) (464 -456 225.931030 ) 
4 208 209 0 (464 -448 1024 ) (464 0 1024 ) (464 0 336 ) (464 -448 227.862061 ) 
4 208 212 0 (464 -464 224 ) (464 -464 1024 ) (464 -456 1024 ) (464 -456 225.931030 ) 
4 209 519 0 (0 -448 1024 ) (0 0 1024 ) (0 0 336 ) (0 -448 227.862061 ) 
4 209 227 0 (0 0 336.001526 ) (80 0 336.001526 ) (80 -448 227.863419 ) (0 -448 227.863419 ) 
4 209 223 0 (88 0 336.001526 ) (208 0 336.001526 ) (208 -448 227.863419 ) (88 -448 227.863419 ) 
4 209 219 0 (216 0 336.001526 ) (336 0 336.001526 ) (336 -448 227.863419 ) (216 -448 227.863419 ) 
3 209 215 0 (447.994446 -448 227.863419 ) (344 -448 227.863419 ) (344 -344.005768 252.965515 ) 
5 209 213 0 (344 0 336.001526 ) (464 0 336.001526 ) (464 -448 227.863419 ) (447.994446 -448 227.863419 ) (344 -344.005768 252.965515 ) 
3 209 211 0 (0 -448 227.859375 ) (381.725525 -448 227.859375 ) (0 -448 320 ) 
5 209 210 0 (448.011230 -448 227.859375 ) (464 -448 227.859375 ) (464 -448 1024 ) (0 -448 1024 ) (0 -448 336 ) 
4 210 521 0 (0 -456 1024 ) (0 -448 1024 ) (0 -448 336 ) (0 -456 336 ) 
4 210 213 0 (464 -448 227.863419 ) (464 -456 225.932388 ) (455.994476 -456 225.932388 ) (447.994446 -448 227.863419 ) 
5 210 212 0 (455.989410 -456 225.933609 ) (464 -456 225.933609 ) (464 -456 1024 ) (0 -456 1024 ) (0 -456 336 ) 
4 211 520 0 (0 -448 320 ) (0 -448 227.862061 ) (0 -456 225.931030 ) (0 -456 320 ) 
4 211 227 0 (80 -456 225.932388 ) (0 -456 225.932388 ) (0 -448 227.863419 ) (80 -448 227.863419 ) 
4 211 223 0 (208 -456 225.932388 ) (88 -456 225.932388 ) (88 -448 227.863419 ) (208 -448 227.863419 ) 
4 211 219 0 (336 -456 225.932388 ) (216 -456 225.932388 ) (216 -448 227.863419 ) (336 -448 227.863419 ) 
4 211 216 0 (389.708771 -456 225.932388 ) (344 -456 225.932388 ) (344 -448 227.863419 ) (381.708740 -448 227.863419 ) 
3 211 212 0 (0 -456 225.933594 ) (389.703705 -456 225.933609 ) (0 -456 320 ) 
4 212 522 0 (0 -464 1024 ) (0 -456 1024 ) (0 -456 225.931030 ) (0 -464 224 ) 
4 212 230 0 (464 -464 224 ) (464 -464 1024 ) (0 -464 1024 ) (0 -464 224 ) 
4 212 227 0 (80 -464 224.001358 ) (0 -464 224.001358 ) (0 -456 225.932388 ) (80 -456 225.932388 ) 
4 212 223 0 (208 -464 224.001358 ) (88 -464 224.001358 ) (88 -456 225.932388 ) (208 -456 225.932388 ) 
4 212 219 0 (336 -464 224.001358 ) (216 -464 224.001358 ) (216 -456 225.932388 ) (336 -456 225.932388 ) 
4 212 218 0 (464 -456 225.932388 ) (464 -464 224.001358 ) (344 -464 224.001358 ) (344 -456 225.932388 ) 
3 213 218 0 (464 -456 224 ) (464 -456 225.929703 ) (456.005554 -456 225.929703 ) 
3 213 217 0 (344 0 320 ) (344 0 252.965515 ) (344 -277.714325 252.965530 ) 
5 213 215 0 (448.009491 -448 227.861130 ) (344 -343.991608 252.967560 ) (344 0 252.967560 ) (456 0 225.930878 ) (456 -448 225.932297 ) 
4 213 214 0 (456 -448 225.932297 ) (456 0 225.930878 ) (464 0 224 ) (464 -448 224 ) 
4 214 215 0 (456 -448 225.933609 ) (456 0 225.933594 ) (456 0 224 ) (456 -448 224 ) 
4 215 254 0 (392 -448 208 ) (344 -448 208 ) (344 -440 208 ) (392 -440 208 ) 
3 215 253 0 (392 -448 208 ) (392 -440 208 ) (400 -440 208 ) 
4 215 252 0 (456 -440 208 ) (456 -448 208 ) (416 -448 208 ) (416 -440 208 ) 
5 215 217 0 (344 0 208 ) (344 -448 208 ) (344 -448 211.862091 ) (344 -277.714325 252.965530 ) (344 0 252.965515 ) 
5 215 216 0 (456 -448 208 ) (456 -448 209.931046 ) (381.714264 -448 227.862061 ) (344 -448 227.862061 ) (344 -448 208 ) 
4 216 254 0 (392 -456 208 ) (344 -456 208 ) (344 -448 208 ) (392 -448 208 ) 
4 216 252 0 (456 -448 208 ) (456 -456 208 ) (416 -456 208 ) (416 -448 208 ) 
4 216 218 0 (397.714325 -456 224 ) (389.719910 -456 225.929688 ) (344 -456 225.929688 ) (344 -456 224 ) 
4 216 217 0 (344 -448 208 ) (344 -456 208 ) (344 -456 209.931046 ) (344 -448 211.862091 ) 
4 217 254 0 (344 -440 208 ) (344 -456 208 ) (336 -456 208 ) (336 -440 208 ) 
3 217 219 0 (336 -397.714325 224 ) (336 0 320 ) (336 0 224 ) 
4 219 221 0 (216 0 224 ) (328 0 224 ) (328 -456 224 ) (216 -456 224 ) 
3 219 220 0 (216 0 224 ) (216 -397.714294 224 ) (216 0 320 ) 
3 220 223 0 (208 0 320 ) (208 0 224 ) (208 -397.714294 224 ) 
4 220 222 0 (208 -397.714294 224 ) (208 0 224 ) (216 0 224 ) (216 -397.714294 224 ) 
4 221 255 0 (328 -424 208 ) (328 -456 208 ) (216 -456 208 ) (216 -424 208 ) 
5 221 222 0 (216 0 208 ) (216 -456 208 ) (216 -456 209.931046 ) (216 -397.714325 224 ) (216 0 224 ) 
4 222 255 0 (216 -424 208 ) (216 -456 208 ) (208 -456 208 ) (208 -424 208 ) 
4 223 225 0 (88 0 224 ) (200 0 224 ) (200 -456 224 ) (88 -456 224 ) 
3 223 224 0 (88 0 224 ) (88 -397.714294 224 ) (88 0 320 ) 
3 224 227 0 (80 0 320 ) (80 0 224 ) (80 -397.714294 224 ) 
4 224 226 0 (80 -397.714294 224 ) (80 0 224 ) (88 0 224 ) (88 -397.714294 224 ) 
4 225 255 0 (200 -424 208 ) (200 -456 208 ) (88 -456 208 ) (88 -424 208 ) 
5 225 226 0 (88 0 208 ) (88 -456 208 ) (88 -456 209.931046 ) (88 -397.714325 224 ) (88 0 224 ) 
4 226 255 0 (88 -424 208 ) (88 -456 208 ) (80 -456 208 ) (80 -424 208 ) 
3 227 525 0 (0 -456 224 ) (0 -464 224 ) (0 -456 225.931030 ) 
4 227 523 0 (0 0 336 ) (0 0 224 ) (0 -456 224 ) (0 -456 225.931030 ) 
4 227 228 0 (0 0 224 ) (72 0 224 ) (72 -456 224 ) (0 -456 224 ) 
4 228 523 0 (0 0 224 ) (0 0 208 ) (0 -456 208 ) (0 -456 224 ) 
4 228 256 0 (0 -456 208 ) (0 -440 208 ) (48 -440 208 ) (48 -456 208 ) 
4 228 255 0 (48 -424 208 ) (72 -424 208 ) (72 -456 208 ) (48 -456 208 ) 
4 229 306 0 (1024 -472 208 ) (1024 -488 208 ) (464 -488 208 ) (464 -472 208 ) 
4 229 311 0 (1024 -488 208 ) (1024 -584 208 ) (464 -584 208 ) (464 -488 208 ) 
4 229 252 0 (464 -464 208 ) (656 -464 208 ) (656 -472 208 ) (464 -472 208 ) 
4 229 251 0 (656 -464 208 ) (672 -464 208 ) (672 -472 208 ) (656 -472 208 ) 
4 229 250 0 (800 -464 208 ) (1024 -464 208 ) (1024 -472 208 ) (800 -472 208 ) 
4 229 233 0 (464 -584 208 ) (1024 -584 208 ) (1024 -584 1024 ) (464 -584 1024 ) 
4 229 231 0 (464 -584 224 ) (464 -584 1024 ) (464 -576 1024 ) (464 -576 224 ) 
4 229 230 0 (464 -464 1024 ) (464 -464 208 ) (464 -576 208 ) (464 -576 1024 ) 
4 230 609 0 (0 -576 1024 ) (0 -464 1024 ) (0 -464 208 ) (0 -576 208 ) 
4 230 313 0 (0 -576 208 ) (0 -472 208 ) (392 -472 208 ) (392 -576 208 ) 
4 230 306 0 (416 -472 208 ) (464 -472 208 ) (464 -488 208 ) (416 -488 208 ) 
4 230 311 0 (464 -488 208 ) (464 -576 208 ) (416 -576 208 ) (416 -488 208 ) 
4 230 256 0 (0 -472 208 ) (0 -464 208 ) (48 -464 208 ) (48 -472 208 ) 
4 230 254 0 (328 -464 208 ) (392 -464 208 ) (392 -472 208 ) (328 -472 208 ) 
4 230 252 0 (416 -464 208 ) (464 -464 208 ) (464 -472 208 ) (416 -472 208 ) 
4 230 255 0 (48 -464 208 ) (328 -464 208 ) (328 -472 208 ) (48 -472 208 ) 
3 230 232 0 (0 -576 208 ) (464 -576 208 ) (0 -576 320 ) 
4 230 231 0 (464 -576 224 ) (464 -576 1024 ) (0 -576 1024 ) (0 -576 336 ) 
4 231 610 0 (0 -584 1024 ) (0 -576 1024 ) (0 -576 336 ) (0 -584 336 ) 
4 231 234 0 (464 -584 224 ) (464 -584 1024 ) (0 -584 1024 ) (0 -584 336 ) 
4 232 611 0 (0 -576 320 ) (0 -576 208 ) (0 -584 208 ) (0 -584 320 ) 
4 232 313 0 (0 -584 208 ) (0 -576 208 ) (392 -576 208 ) (392 -584 208 ) 
4 232 311 0 (416 -576 208 ) (464 -576 208 ) (464 -584 208 ) (416 -584 208 ) 
3 232 234 0 (397.714294 -584 224 ) (0 -584 320 ) (0 -584 224 ) 
4 233 311 0 (464 -584 208 ) (1024 -584 208 ) (1024 -640 208 ) (464 -640 208 ) 
3 233 238 0 (464 -640 208 ) (564.399048 -640 208 ) (464 -640 269.355011 ) 
5 233 236 0 (564.399048 -640 208 ) (1024 -640 208 ) (1024 -640 1024 ) (464 -640 1024 ) (464 -640 269.355011 ) 
4 233 235 0 (464 -592 208 ) (464 -640 208 ) (464 -640 224 ) (464 -592 224 ) 
4 233 234 0 (464 -584 1024 ) (464 -584 224 ) (464 -640 224 ) (464 -640 1024 ) 
4 234 612 0 (0 -640 1024 ) (0 -584 1024 ) (0 -584 224 ) (0 -640 224 ) 
4 234 238 0 (464 -640 224 ) (464 -640 269.354950 ) (45.254856 -640 525.254761 ) (229.355011 -640 224 ) 
4 234 237 0 (0 -640 534.682922 ) (0 -640 224 ) (211.127396 -640 224 ) (33.941113 -640 513.941101 ) 
4 234 236 0 (464 -640 269.354950 ) (464 -640 1024 ) (0 -640 1024 ) (0 -640 552.910522 ) 
4 234 235 0 (464 -592 224 ) (464 -640 224 ) (0 -640 224 ) (0 -592 224 ) 
4 235 613 0 (0 -592 208 ) (0 -640 208 ) (0 -640 224 ) (0 -592 224 ) 
4 235 313 0 (0 -640 208 ) (0 -592 208 ) (392 -592 208 ) (392 -640 208 ) 
4 235 311 0 (416 -592 208 ) (464 -592 208 ) (464 -640 208 ) (416 -640 208 ) 
4 235 238 0 (239.132828 -640 208 ) (464 -640 208 ) (464 -640 224 ) (229.355011 -640 224 ) 
4 235 237 0 (0 -640 208 ) (220.905151 -640 208 ) (211.127411 -640 224 ) (0 -640 224 ) 
4 236 614 0 (0 -648 1024 ) (0 -640 1024 ) (0 -640 552.910522 ) (0 -648 552.910583 ) 
4 236 311 0 (564.399048 -640 208 ) (1024 -640 208 ) (1024 -648 208 ) (564.399048 -648 208 ) 
5 236 240 0 (564.399048 -648 208 ) (1024 -648 208 ) (1024 -648 1024 ) (0 -648 1024 ) (0 -648 552.910522 ) 
4 236 238 0 (564.403076 -648 208 ) (45.252422 -648 525.258789 ) (45.248741 -640 525.264771 ) (564.409729 -640 208 ) 
4 237 616 0 (0 -640 534.682922 ) (0 -640 208 ) (0 -648 208 ) (0 -648 534.682922 ) 
4 237 315 0 (0 -648 208 ) (0 -640 208 ) (220.905167 -640 208 ) (220.905167 -648 208 ) 
5 237 240 0 (204.117722 -648 208 ) (220.905167 -648 208 ) (33.941143 -648 513.941101 ) (0 -648 534.682922 ) (0 -648 412.117767 ) 
3 237 239 0 (0 -648 208 ) (181.490356 -648 208 ) (0 -648 389.490356 ) 
4 238 314 0 (239.132812 -640 208 ) (392 -640 208 ) (392 -648 208 ) (239.132797 -648 208 ) 
4 238 311 0 (416 -640 208 ) (564.399048 -640 208 ) (564.399048 -648 208 ) (416 -648 208 ) 
3 238 240 0 (239.132812 -648 208 ) (564.399048 -648 208 ) (45.254879 -648 525.254761 ) 
4 239 619 0 (0 -648 389.490326 ) (0 -648 208 ) (0 -656 208 ) (0 -656 389.490356 ) 
4 239 317 0 (0 -656 208 ) (0 -648 208 ) (181.490372 -648 208 ) (181.490356 -656 208 ) 
3 239 241 0 (0 -656 208 ) (181.490372 -656 208 ) (0 -656 389.490326 ) 
4 240 618 0 (0 -656 1024 ) (0 -648 1024 ) (0 -648 412.117798 ) (0 -656 412.117767 ) 
4 240 318 0 (204.117752 -648 208 ) (392 -648 208 ) (392 -656 208 ) (204.117706 -656 208 ) 
4 240 311 0 (416 -648 208 ) (1024 -648 208 ) (1024 -656 208 ) (416 -656 208 ) 
5 240 241 0 (204.117752 -656 208 ) (1024 -656 208 ) (1024 -656 1024 ) (0 -656 1024 ) (0 -656 412.117798 ) 
4 241 621 0 (0 -768 1024 ) (0 -656 1024 ) (0 -656 208 ) (0 -768 208 ) 
4 241 320 0 (0 -760 208 ) (0 -656 208 ) (392 -656 208 ) (392 -760 208 ) 
4 241 311 0 (416 -656 208 ) (1024 -656 208 ) (1024 -768 208 ) (416 -768 208 ) 
3 241 244 0 (239.132812 -768 208 ) (564.399048 -768 208 ) (45.254879 -768 525.254761 ) 
4 241 243 0 (0 -768 208 ) (220.905167 -768 208 ) (33.941143 -768 513.941101 ) (0 -768 534.682922 ) 
5 241 242 0 (564.399048 -768 208 ) (1024 -768 208 ) (1024 -768 1024 ) (0 -768 1024 ) (0 -768 552.910522 ) 
4 242 623 0 (0 -776 1024 ) (0 -768 1024 ) (0 -768 552.910522 ) (0 -776 552.910583 ) 
4 242 311 0 (564.399048 -768 208 ) (1024 -768 208 ) (1024 -776 208 ) (564.399048 -776 208 ) 
5 242 246 0 (564.399048 -776 208 ) (1024 -776 208 ) (1024 -776 1024 ) (0 -776 1024 ) (0 -776 552.910522 ) 
4 242 244 0 (564.403076 -776 208 ) (45.252422 -776 525.258789 ) (45.248741 -768 525.264771 ) (564.409729 -768 208 ) 
4 243 624 0 (0 -768 534.682922 ) (0 -768 208 ) (0 -776 208 ) (0 -776 534.682922 ) 
5 243 246 0 (204.117722 -776 208 ) (220.905167 -776 208 ) (33.941143 -776 513.941101 ) (0 -776 534.682922 ) (0 -776 412.117767 ) 
3 243 245 0 (0 -776 208 ) (181.490356 -776 208 ) (0 -776 389.490356 ) 
4 244 311 0 (416 -768 208 ) (564.399048 -768 208 ) (564.399048 -776 208 ) (416 -776 208 ) 
3 244 246 0 (239.132812 -776 208 ) (564.399048 -776 208 ) (45.254879 -776 525.254761 ) 
4 245 626 0 (0 -776 389.490326 ) (0 -776 208 ) (0 -784 208 ) (0 -784 389.490356 ) 
3 245 247 0 (0 -784 208 ) (181.490372 -784 208 ) (0 -784 389.490326 ) 
4 246 625 0 (0 -784 1024 ) (0 -776 1024 ) (0 -776 412.117798 ) (0 -784 412.117767 ) 
4 246 311 0 (416 -776 208 ) (1024 -776 208 ) (1024 -784 208 ) (416 -784 208 ) 
5 246 247 0 (204.117752 -784 208 ) (1024 -784 208 ) (1024 -784 1024 ) (0 -784 1024 ) (0 -784 412.117798 ) 
4 247 632 0 (0 -1024 208 ) (0 -1024 1024 ) (0 -784 1024 ) (0 -784 208 ) 
4 247 335 0 (0 -1024 1024 ) (0 -1024 208 ) (1024 -1024 208 ) (1024 -1024 1024 ) 
4 247 328 0 (1024 -1024 208 ) (0 -1024 208 ) (0 -784 208 ) (1024 -784 208 ) 
4 248 257 0 (808 0 200 ) (1024 0 200 ) (1024 -424 200 ) (808 -424 200 ) 
4 248 250 0 (800 -424 200 ) (1024 -424 200 ) (1024 -424 208 ) (800 -424 208 ) 
4 249 282 0 (528 -8 200 ) (544 -8 200 ) (544 -96 200 ) (528 -96 200 ) 
4 250 306 0 (1024 -472 200 ) (1024 -472 208 ) (800 -472 208 ) (800 -472 200 ) 
4 250 257 0 (1024 -472 200 ) (808 -472 200 ) (808 -424 200 ) (1024 -424 200 ) 
4 251 306 0 (672 -472 208 ) (656 -472 208 ) (656 -472 200 ) (672 -472 200 ) 
4 251 274 0 (656 -432 200 ) (656 -424 200 ) (672 -424 200 ) (672 -432 200 ) 
4 251 275 0 (672 -472 200 ) (656 -472 200 ) (656 -440 200 ) (672 -440 200 ) 
4 251 252 0 (656 -440 200 ) (656 -472 200 ) (656 -472 208 ) (656 -440 208 ) 
4 252 306 0 (656 -472 208 ) (416 -472 208 ) (416 -472 200 ) (656 -472 200 ) 
4 252 296 0 (464 -472 200 ) (416 -472 200 ) (416 -448 200 ) (464 -448 200 ) 
4 252 294 0 (544 -472 200 ) (464 -472 200 ) (464 -448 200 ) (544 -448 200 ) 
4 252 281 0 (648 -472 200 ) (544 -472 200 ) (544 -448 200 ) (648 -448 200 ) 
4 252 277 0 (656 -472 200 ) (648 -472 200 ) (648 -440 200 ) (656 -440 200 ) 
4 253 254 0 (392 -440 200 ) (392 -448 200 ) (392 -448 208 ) (392 -440 208 ) 
4 254 313 0 (392 -472 208 ) (328 -472 208 ) (328 -472 200 ) (392 -472 200 ) 
4 254 303 0 (336 -472 200 ) (328 -472 200 ) (328 -448 200 ) (336 -448 200 ) 
4 254 301 0 (392 -472 200 ) (336 -472 200 ) (336 -448 200 ) (392 -448 200 ) 
4 254 255 0 (328 -440 200 ) (328 -472 200 ) (328 -472 208 ) (328 -440 208 ) 
4 255 313 0 (328 -472 208 ) (48 -472 208 ) (48 -472 200 ) (328 -472 200 ) 
4 255 304 0 (328 -472 200 ) (48 -472 200 ) (48 -424 200 ) (328 -424 200 ) 
4 255 256 0 (48 -440 200 ) (48 -472 200 ) (48 -472 208 ) (48 -440 208 ) 
4 256 628 0 (0 -472 208 ) (0 -464 208 ) (0 -464 200 ) (0 -472 200 ) 
4 256 598 0 (0 -448 208 ) (0 -440 208 ) (0 -440 200 ) (0 -448 200 ) 
4 256 599 0 (0 -464 208 ) (0 -448 208 ) (0 -448 200 ) (0 -464 200 ) 
4 256 313 0 (48 -472 208 ) (0 -472 208 ) (0 -472 200 ) (48 -472 200 ) 
4 256 305 0 (48 -472 200 ) (0 -472 200 ) (0 -448 200 ) (48 -448 200 ) 
4 257 329 0 (808 0 0 ) (1024 0 0 ) (1024 -472 0 ) (808 -472 0 ) 
4 257 307 0 (1024 -472 8 ) (1024 -472 200 ) (808 -472 200 ) (808 -472 8 ) 
4 257 310 0 (808 -472 0 ) (1024 -472 0 ) (1024 -472 8 ) (808 -472 8 ) 
4 258 307 0 (800 -472 8 ) (800 -472 200 ) (784 -472 200 ) (784 -472 8 ) 
4 259 269 0 (656 -144 8 ) (656 -224 8 ) (656 -224 200 ) (656 -144 200 ) 
4 259 265 0 (656 0 8 ) (656 -144 8 ) (656 -144 200 ) (656 0 200 ) 
4 259 260 0 (680 -224 8 ) (776 -224 8 ) (776 -224 200 ) (680 -224 200 ) 
4 260 273 0 (680 -424 8 ) (776 -424 8 ) (776 -424 200 ) (680 -424 200 ) 
4 261 270 0 (656 -232 8 ) (656 -248 8 ) (656 -248 200 ) (656 -232 200 ) 
4 262 271 0 (656 -256 8 ) (656 -280 8 ) (656 -280 200 ) (656 -256 200 ) 
4 263 271 0 (656 -288 8 ) (656 -344 8 ) (656 -344 200 ) (656 -288 200 ) 
4 264 271 0 (656 -352 8 ) (656 -416 8 ) (656 -416 200 ) (656 -352 200 ) 
4 265 269 0 (648 -144 8 ) (656 -144 8 ) (656 -144 200 ) (648 -144 200 ) 
4 265 266 0 (648 0 8 ) (648 -120 8 ) (648 -120 200 ) (648 0 200 ) 
4 266 283 0 (544 -120 200 ) (544 -104 200 ) (544 -104 8 ) (544 -120 8 ) 
4 266 282 0 (544 -96 200 ) (544 -8 200 ) (544 -8 8 ) (544 -96 8 ) 
4 267 269 0 (600 -144 8 ) (640 -144 8 ) (640 -144 200 ) (600 -144 200 ) 
4 267 272 0 (592 -144 8 ) (600 -144 8 ) (600 -144 200 ) (592 -144 200 ) 
4 268 284 0 (544 -144 200 ) (544 -128 200 ) (544 -128 8 ) (544 -144 8 ) 
4 268 272 0 (544 -144 200 ) (544 -144 8 ) (584 -144 8 ) (584 -144 200 ) 
4 269 272 0 (600 -144 200 ) (600 -144 8 ) (600 -224 8 ) (600 -224 200 ) 
4 270 271 0 (608 -248 8 ) (656 -248 8 ) (656 -248 200 ) (608 -248 200 ) 
4 271 279 0 (600 -424 8 ) (648 -424 8 ) (648 -424 64 ) (600 -424 64 ) 
4 271 278 0 (648 -424 64 ) (648 -424 200 ) (600 -424 200 ) (600 -424 64 ) 
4 271 272 0 (600 -248 8 ) (600 -424 8 ) (600 -424 200 ) (600 -248 200 ) 
4 272 287 0 (544 -296 200 ) (544 -240 200 ) (544 -240 8 ) (544 -296 8 ) 
4 272 286 0 (544 -232 200 ) (544 -176 200 ) (544 -176 8 ) (544 -232 8 ) 
4 272 288 0 (544 -360 200 ) (544 -304 200 ) (544 -304 8 ) (544 -360 8 ) 
4 272 285 0 (544 -168 200 ) (544 -144 200 ) (544 -144 8 ) (544 -168 8 ) 
4 272 289 0 (544 -424 8 ) (544 -424 200 ) (544 -368 200 ) (544 -368 8 ) 
4 272 279 0 (592 -424 8 ) (600 -424 8 ) (600 -424 64 ) (592 -424 64 ) 
4 272 280 0 (544 -424 64 ) (544 -424 8 ) (584 -424 8 ) (584 -424 64 ) 
4 272 278 0 (544 -424 200 ) (544 -424 64 ) (600 -424 64 ) (600 -424 200 ) 
4 273 329 0 (680 -464 0 ) (680 -424 0 ) (776 -424 0 ) (776 -464 0 ) 
4 274 276 0 (656 -432 8 ) (656 -424 8 ) (672 -424 8 ) (672 -432 8 ) 
4 275 309 0 (672 -472 8 ) (672 -472 200 ) (656 -472 200 ) (656 -472 8 ) 
4 275 277 0 (656 -440 8 ) (656 -472 8 ) (656 -472 200 ) (656 -440 200 ) 
4 275 276 0 (656 -472 8 ) (656 -440 8 ) (672 -440 8 ) (672 -472 8 ) 
4 276 329 0 (672 -472 0 ) (656 -472 0 ) (656 -424 0 ) (672 -424 0 ) 
4 276 310 0 (656 -472 0 ) (672 -472 0 ) (672 -472 8 ) (656 -472 8 ) 
4 276 277 0 (656 -440 0 ) (656 -472 0 ) (656 -472 8 ) (656 -440 8 ) 
4 277 329 0 (656 -472 0 ) (648 -472 0 ) (648 -440 0 ) (656 -440 0 ) 
4 277 309 0 (656 -472 8 ) (656 -472 200 ) (648 -472 200 ) (648 -472 8 ) 
4 277 310 0 (648 -472 0 ) (656 -472 0 ) (656 -472 8 ) (648 -472 8 ) 
4 277 281 0 (648 -448 0 ) (648 -472 0 ) (648 -472 200 ) (648 -448 200 ) 
4 278 292 0 (544 -432 200 ) (544 -424 200 ) (544 -424 64 ) (544 -432 64 ) 
4 278 279 0 (648 -440 64 ) (592 -440 64 ) (592 -424 64 ) (648 -424 64 ) 
4 278 280 0 (584 -440 64 ) (544 -440 64 ) (544 -424 64 ) (584 -424 64 ) 
4 280 292 0 (544 -432 64 ) (544 -424 64 ) (544 -424 8 ) (544 -432 8 ) 
4 281 329 0 (648 -472 0 ) (544 -472 0 ) (544 -448 0 ) (648 -448 0 ) 
4 281 309 0 (648 -472 8 ) (648 -472 200 ) (544 -472 200 ) (544 -472 8 ) 
4 281 310 0 (544 -472 0 ) (648 -472 0 ) (648 -472 8 ) (544 -472 8 ) 
4 281 302 0 (544 -448 0 ) (544 -472 0 ) (544 -472 8 ) (544 -448 8 ) 
4 281 294 0 (544 -472 8 ) (544 -472 200 ) (544 -448 200 ) (544 -448 8 ) 
4 282 290 0 (520 -8 8 ) (520 -96 8 ) (520 -96 200 ) (520 -8 200 ) 
4 283 284 0 (536 -128 8 ) (544 -128 8 ) (544 -128 200 ) (536 -128 200 ) 
4 284 285 0 (536 -144 8 ) (544 -144 8 ) (544 -144 200 ) (536 -144 200 ) 
4 289 292 0 (544 -424 8 ) (544 -424 200 ) (528 -424 200 ) (528 -424 8 ) 
4 290 562 0 (0 0 200 ) (0 0 8 ) (0 -416 8 ) (0 -416 200 ) 
4 290 291 0 (48 -416 8 ) (520 -416 8 ) (520 -416 200 ) (48 -416 200 ) 
4 291 304 0 (328 -424 200 ) (48 -424 200 ) (48 -424 8 ) (328 -424 8 ) 
4 291 300 0 (392 -424 200 ) (336 -424 200 ) (336 -424 8 ) (392 -424 8 ) 
4 291 298 0 (400 -424 8 ) (416 -424 8 ) (416 -424 184 ) (400 -424 184 ) 
4 291 297 0 (416 -424 200 ) (400 -424 200 ) (400 -424 184 ) (416 -424 184 ) 
4 291 295 0 (456 -424 200 ) (416 -424 200 ) (416 -424 8 ) (456 -424 8 ) 
4 291 293 0 (520 -424 200 ) (464 -424 200 ) (464 -424 8 ) (520 -424 8 ) 
4 294 309 0 (544 -472 8 ) (544 -472 200 ) (464 -472 200 ) (464 -472 8 ) 
4 294 302 0 (544 -448 8 ) (544 -472 8 ) (464 -472 8 ) (464 -448 8 ) 
4 294 296 0 (464 -448 8 ) (464 -472 8 ) (464 -472 200 ) (464 -448 200 ) 
4 295 298 0 (416 -424 184 ) (416 -424 8 ) (416 -440 8 ) (416 -440 184 ) 
4 296 309 0 (464 -472 200 ) (416 -472 200 ) (416 -472 8 ) (464 -472 8 ) 
4 296 302 0 (464 -448 8 ) (464 -472 8 ) (416 -472 8 ) (416 -448 8 ) 
4 296 299 0 (416 -448 8 ) (416 -472 8 ) (416 -472 184 ) (416 -448 184 ) 
3 297 298 0 (400 -424 184 ) (416 -424 184 ) (400 -440 184 ) 
4 299 312 0 (392 -472 184 ) (392 -472 8 ) (416 -472 8 ) (416 -472 184 ) 
4 299 302 0 (416 -448 8 ) (416 -472 8 ) (392 -472 8 ) (392 -448 8 ) 
4 299 301 0 (392 -448 8 ) (392 -472 8 ) (392 -472 184 ) (392 -448 184 ) 
4 301 313 0 (392 -472 200 ) (336 -472 200 ) (336 -472 8 ) (392 -472 8 ) 
4 301 303 0 (336 -448 8 ) (336 -472 8 ) (336 -472 200 ) (336 -448 200 ) 
4 301 302 0 (336 -472 8 ) (336 -448 8 ) (392 -448 8 ) (392 -472 8 ) 
4 302 329 0 (544 -448 0 ) (544 -472 0 ) (392 -472 0 ) (392 -448 0 ) 
4 302 332 0 (392 -472 0 ) (336 -472 0 ) (336 -448 0 ) (392 -448 0 ) 
4 302 313 0 (336 -472 0 ) (392 -472 0 ) (392 -472 8 ) (336 -472 8 ) 
4 302 312 0 (392 -472 0 ) (416 -472 0 ) (416 -472 8 ) (392 -472 8 ) 
4 302 310 0 (416 -472 0 ) (544 -472 0 ) (544 -472 8 ) (416 -472 8 ) 
4 302 303 0 (336 -448 0 ) (336 -472 0 ) (336 -472 8 ) (336 -448 8 ) 
4 303 332 0 (336 -448 0 ) (336 -472 0 ) (328 -472 0 ) (328 -448 0 ) 
4 303 313 0 (328 -472 0 ) (336 -472 0 ) (336 -472 200 ) (328 -472 200 ) 
4 303 304 0 (328 -448 0 ) (328 -472 0 ) (328 -472 200 ) (328 -448 200 ) 
4 304 332 0 (48 -424 0 ) (328 -424 0 ) (328 -472 0 ) (48 -472 0 ) 
4 304 313 0 (48 -472 0 ) (328 -472 0 ) (328 -472 200 ) (48 -472 200 ) 
4 304 305 0 (48 -448 0 ) (48 -472 0 ) (48 -472 200 ) (48 -448 200 ) 
4 305 628 0 (0 -464 0 ) (0 -472 0 ) (0 -472 200 ) (0 -464 200 ) 
4 305 599 0 (0 -448 0 ) (0 -464 0 ) (0 -464 200 ) (0 -448 200 ) 
4 305 332 0 (0 -472 0 ) (0 -448 0 ) (48 -448 0 ) (48 -472 0 ) 
4 305 313 0 (0 -472 0 ) (48 -472 0 ) (48 -472 200 ) (0 -472 200 ) 
4 306 309 0 (712 -488 200 ) (416 -488 200 ) (416 -472 200 ) (712 -472 200 ) 
4 306 307 0 (1024 -488 200 ) (784 -488 200 ) (784 -472 200 ) (1024 -472 200 ) 
4 306 308 0 (776 -488 200 ) (720 -488 200 ) (720 -472 200 ) (776 -472 200 ) 
4 306 311 0 (416 -488 208 ) (416 -488 200 ) (1024 -488 200 ) (1024 -488 208 ) 
4 307 310 0 (1024 -488 8 ) (784 -488 8 ) (784 -472 8 ) (1024 -472 8 ) 
4 307 311 0 (784 -488 8 ) (1024 -488 8 ) (1024 -488 200 ) (784 -488 200 ) 
4 308 311 0 (720 -488 8 ) (776 -488 8 ) (776 -488 200 ) (720 -488 200 ) 
4 308 310 0 (776 -488 8 ) (720 -488 8 ) (720 -472 8 ) (776 -472 8 ) 
4 309 312 0 (416 -472 184 ) (416 -472 8 ) (416 -488 8 ) (416 -488 184 ) 
4 309 311 0 (416 -488 200 ) (416 -488 8 ) (712 -488 8 ) (712 -488 200 ) 
4 309 310 0 (712 -488 8 ) (416 -488 8 ) (416 -472 8 ) (712 -472 8 ) 
4 310 329 0 (416 -472 0 ) (1024 -472 0 ) (1024 -488 0 ) (416 -488 0 ) 
4 310 312 0 (416 -472 8 ) (416 -472 0 ) (416 -488 0 ) (416 -488 8 ) 
4 310 311 0 (416 -488 8 ) (416 -488 0 ) (1024 -488 0 ) (1024 -488 8 ) 
4 311 330 0 (1024 -760 0 ) (1024 -784 0 ) (416 -784 0 ) (416 -760 0 ) 
4 311 329 0 (1024 -488 0 ) (1024 -760 0 ) (416 -760 0 ) (416 -488 0 ) 
4 311 312 0 (416 -488 0 ) (416 -760 0 ) (416 -760 184 ) (416 -488 184 ) 
4 311 328 0 (416 -784 0 ) (1024 -784 0 ) (1024 -784 208 ) (416 -784 208 ) 
4 312 329 0 (392 -472 0 ) (416 -472 0 ) (416 -760 0 ) (392 -760 0 ) 
4 312 319 0 (392 -648 0 ) (392 -656 0 ) (392 -656 20.117716 ) (392 -648 20.117718 ) 
4 312 318 0 (392 -656 20.117716 ) (392 -656 184 ) (392 -648 184 ) (392 -648 20.117718 ) 
4 312 320 0 (392 -656 0 ) (392 -760 0 ) (392 -760 184 ) (392 -656 184 ) 
4 312 314 0 (392 -640 0 ) (392 -648 0 ) (392 -648 184 ) (392 -640 184 ) 
4 312 313 0 (392 -472 184 ) (392 -472 0 ) (392 -640 0 ) (392 -640 184 ) 
4 313 628 0 (0 -640 208 ) (0 -472 208 ) (0 -472 0 ) (0 -640 0 ) 
4 313 332 0 (0 -640 0 ) (0 -472 0 ) (392 -472 0 ) (392 -640 0 ) 
4 313 316 0 (348.016266 -640 0 ) (366.243958 -640 0 ) (294.156433 -640 117.961349 ) (282.842712 -640 106.647629 ) 
4 313 315 0 (0 -640 0 ) (348.016266 -640 0 ) (220.905167 -640 208 ) (0 -640 208 ) 
4 313 314 0 (366.243958 -640 0 ) (392 -640 0 ) (392 -640 208 ) (239.132812 -640 208 ) 
4 314 332 0 (366.243958 -640 0 ) (392 -640 0 ) (392 -648 0 ) (366.243958 -648 0 ) 
5 314 319 0 (389.490387 -648 0 ) (392 -648 0 ) (392 -648 20.117714 ) (294.156555 -648 117.961159 ) (329.713837 -648 59.776550 ) 
4 314 318 0 (392 -648 20.117714 ) (392 -648 208 ) (239.132812 -648 208 ) (294.156555 -648 117.961159 ) 
3 314 317 0 (366.243958 -648 0 ) (389.490387 -648 0 ) (329.713837 -648 59.776550 ) 
4 314 316 0 (294.155609 -640 117.960495 ) (366.243408 -640 0 ) (366.243713 -648 0 ) (294.156311 -648 117.961197 ) 
4 315 628 0 (0 -648 208 ) (0 -640 208 ) (0 -640 0 ) (0 -648 0 ) 
4 315 332 0 (0 -648 0 ) (0 -640 0 ) (348.016266 -640 0 ) (348.016296 -648 0 ) 
3 315 318 0 (247.285446 -648 164.832260 ) (220.905167 -648 208 ) (204.117722 -648 208 ) 
5 315 317 0 (0 -648 0 ) (348.016266 -648 0 ) (282.842712 -648 106.647667 ) (181.490356 -648 208 ) (0 -648 208 ) 
4 315 316 0 (282.846863 -648 106.651756 ) (348.023315 -648 0 ) (348.023590 -640 0 ) (282.847260 -640 106.652168 ) 
4 316 332 0 (348.016266 -640 0 ) (366.243958 -640 0 ) (366.243958 -648 0 ) (348.016296 -648 0 ) 
3 316 319 0 (329.713806 -648 59.776562 ) (294.156433 -648 117.961349 ) (282.842712 -648 106.647629 ) 
4 316 317 0 (348.016266 -648 0 ) (366.243958 -648 0 ) (329.713806 -648 59.776562 ) (282.842712 -648 106.647629 ) 
4 317 628 0 (0 -656 208 ) (0 -648 208 ) (0 -648 0 ) (0 -656 0 ) 
4 317 332 0 (0 -656 0 ) (0 -648 0 ) (389.490387 -648 0 ) (389.490387 -656 0 ) 
4 317 319 0 (389.487030 -648 0 ) (282.841064 -648 106.645966 ) (282.839722 -656 106.644615 ) (389.481567 -656 0 ) 
4 317 320 0 (0 -656 0 ) (389.490387 -656 0 ) (181.490372 -656 208 ) (0 -656 208 ) 
4 318 319 0 (294.160309 -648 117.965210 ) (392 -648 20.126566 ) (392 -656 20.126566 ) (294.160828 -656 117.965736 ) 
3 318 320 0 (392 -656 20.117714 ) (392 -656 208 ) (204.117737 -656 208 ) 
4 319 332 0 (389.490387 -648 0 ) (392 -648 0 ) (392 -656 0 ) (389.490387 -656 0 ) 
5 319 320 0 (389.490387 -656 0 ) (392 -656 0 ) (392 -656 20.117714 ) (294.156403 -656 117.961311 ) (282.842743 -656 106.647636 ) 
4 320 628 0 (0 -760 208 ) (0 -656 208 ) (0 -656 0 ) (0 -760 0 ) 
4 320 332 0 (0 -760 0 ) (0 -656 0 ) (392 -656 0 ) (392 -760 0 ) 
4 320 321 0 (0 -760 0 ) (392 -760 0 ) (392 -760 184 ) (0 -760 184 ) 
4 321 630 0 (0 -760 184 ) (0 -760 0 ) (0 -768 0 ) (0 -768 184 ) 
4 321 332 0 (0 -768 0 ) (0 -760 0 ) (392 -760 0 ) (392 -768 0 ) 
5 321 324 0 (0 -768 0 ) (176.194931 -768 0 ) (282.842743 -768 106.647629 ) (235.571838 -768 184 ) (0 -768 184 ) 
3 321 323 0 (176.194931 -768 0 ) (366.243958 -768 0 ) (294.156464 -768 117.961342 ) 
4 321 322 0 (366.243958 -768 0 ) (392 -768 0 ) (392 -768 184 ) (253.799484 -768 184 ) 
4 322 332 0 (366.243958 -768 0 ) (392 -768 0 ) (392 -776 0 ) (366.243958 -776 0 ) 
5 322 327 0 (389.490387 -776 0 ) (392 -776 0 ) (392 -776 20.117716 ) (294.156525 -776 117.961205 ) (329.713837 -776 59.776539 ) 
3 322 326 0 (366.243958 -776 0 ) (389.490387 -776 0 ) (329.713837 -776 59.776539 ) 
4 322 325 0 (392 -776 20.117716 ) (392 -776 184 ) (253.799484 -776 184 ) (294.156525 -776 117.961205 ) 
4 322 323 0 (294.155609 -768 117.960503 ) (366.243408 -768 0 ) (366.243713 -776 0 ) (294.156311 -776 117.961189 ) 
4 323 332 0 (176.194931 -768 0 ) (366.243958 -768 0 ) (366.243958 -776 0 ) (176.194962 -776 0 ) 
3 323 327 0 (329.713867 -776 59.776501 ) (294.156464 -776 117.961342 ) (282.842712 -776 106.647621 ) 
4 323 326 0 (176.194931 -776 0 ) (366.243958 -776 0 ) (329.713867 -776 59.776501 ) (282.842712 -776 106.647621 ) 
4 323 324 0 (176.181000 -776 0 ) (282.839386 -776 106.653076 ) (282.839600 -768 106.652740 ) (176.186707 -768 0 ) 
4 324 630 0 (0 -768 184 ) (0 -768 0 ) (0 -776 0 ) (0 -776 184 ) 
4 324 332 0 (0 -776 0 ) (0 -768 0 ) (176.194931 -768 0 ) (176.194962 -776 0 ) 
5 324 326 0 (0 -776 0 ) (176.194931 -776 0 ) (282.842743 -776 106.647629 ) (205.490356 -776 184 ) (0 -776 184 ) 
3 324 325 0 (247.285431 -776 164.832306 ) (235.571838 -776 184 ) (228.117737 -776 184 ) 
4 325 327 0 (294.160767 -776 117.965660 ) (392 -776 20.126434 ) (392 -784 20.126434 ) (294.160767 -784 117.965660 ) 
3 325 328 0 (392 -784 20.117716 ) (392 -784 184 ) (228.117737 -784 184 ) 
4 326 630 0 (0 -776 184 ) (0 -776 0 ) (0 -784 0 ) (0 -784 184 ) 
4 326 332 0 (0 -784 0 ) (0 -776 0 ) (389.490387 -776 0 ) (389.490387 -784 0 ) 
4 326 327 0 (389.483551 -776 0 ) (282.839478 -776 106.644386 ) (282.839478 -784 106.644402 ) (389.483551 -784 0 ) 
4 326 328 0 (0 -784 0 ) (389.490387 -784 0 ) (205.490356 -784 184 ) (0 -784 184 ) 
4 327 332 0 (389.490387 -776 0 ) (392 -776 0 ) (392 -784 0 ) (389.490387 -784 0 ) 
5 327 328 0 (389.490387 -784 0 ) (392 -784 0 ) (392 -784 20.117716 ) (294.156403 -784 117.961304 ) (282.842743 -784 106.647644 ) 
4 328 632 0 (0 -1024 0 ) (0 -1024 208 ) (0 -784 208 ) (0 -784 0 ) 
4 328 335 0 (0 -1024 208 ) (0 -1024 0 ) (1024 -1024 0 ) (1024 -1024 208 ) 
4 328 331 0 (416 -1024 0 ) (392 -1024 0 ) (392 -784 0 ) (416 -784 0 ) 
4 328 330 0 (1024 -1024 0 ) (416 -1024 0 ) (416 -784 0 ) (1024 -784 0 ) 
4 328 332 0 (392 -1024 0 ) (0 -1024 0 ) (0 -784 0 ) (392 -784 0 ) 
4 329 333 0 (392 -760 -64 ) (392 0 -64 ) (1024 0 -64 ) (1024 -760 -64 ) 
4 329 330 0 (416 -760 -64 ) (1024 -760 -64 ) (1024 -760 0 ) (416 -760 0 ) 
4 329 332 0 (392 0 -64 ) (392 -760 -64 ) (392 -760 0 ) (392 0 0 ) 
4 330 336 0 (416 -1024 -64 ) (1024 -1024 -64 ) (1024 -1024 0 ) (416 -1024 0 ) 
4 330 333 0 (1024 -1024 -64 ) (416 -1024 -64 ) (416 -760 -64 ) (1024 -760 -64 ) 
4 330 331 0 (416 -784 -64 ) (416 -1024 -64 ) (416 -1024 0 ) (416 -784 0 ) 
4 331 336 0 (392 -1024 -64 ) (416 -1024 -64 ) (416 -1024 0 ) (392 -1024 0 ) 
4 331 333 0 (416 -1024 -64 ) (392 -1024 -64 ) (392 -784 -64 ) (416 -784 -64 ) 
4 331 332 0 (392 -784 -64 ) (392 -1024 -64 ) (392 -1024 0 ) (392 -784 0 ) 
4 332 634 0 (0 -1024 -64 ) (0 -1024 0 ) (0 -760 0 ) (0 -760 -64 ) 
4 332 633 0 (0 -760 0 ) (0 0 0 ) (0 0 -64 ) (0 -760 -64 ) 
4 332 336 0 (0 -1024 0 ) (0 -1024 -64 ) (392 -1024 -64 ) (392 -1024 0 ) 
4 332 333 0 (392 -1024 -64 ) (0 -1024 -64 ) (0 0 -64 ) (392 0 -64 ) 
4 333 634 0 (0 -1024 -88 ) (0 -1024 -64 ) (0 -760 -64 ) (0 -760 -88 ) 
4 333 633 0 (0 -760 -64 ) (0 0 -64 ) (0 0 -88 ) (0 -760 -88 ) 
4 333 637 0 (0 -1024 -912 ) (0 -1024 -88 ) (0 0 -88 ) (0 0 -912 ) 
4 333 336 0 (0 -1024 -64 ) (0 -1024 -912 ) (1024 -1024 -912 ) (1024 -1024 -64 ) 
4 334 638 0 (0 -1028 1260 ) (0 -1024 1260 ) (0 -1024 1024 ) (0 -1028 1024 ) 
4 334 335 0 (0 -1028 1024 ) (0 -1024 1024 ) (1024 -1024 1024 ) (1024 -1028 1024 ) 
4 335 639 0 (0 -1028 1024 ) (0 -1024 1024 ) (0 -1024 0 ) (0 -1028 0 ) 
4 335 336 0 (0 -1028 0 ) (0 -1024 0 ) (1024 -1024 0 ) (1024 -1028 0 ) 
4 336 640 0 (0 -1028 0 ) (0 -1024 0 ) (0 -1024 -912 ) (0 -1028 -912 ) 
4 337 641 0 (-1024 0 1024 ) (-1024 0 1260 ) (-1024 956 1260 ) (-1024 956 1024 ) 
4 337 518 0 (-1024 0 1260 ) (-1024 0 1024 ) (0 0 1024 ) (0 0 1260 ) 
4 337 397 0 (-168 0 1024 ) (-1024 0 1024 ) (-1024 464 1024 ) (-168 464 1024 ) 
4 337 382 0 (-40 0 1024 ) (-48 0 1024 ) (-48 448 1024 ) (-40 448 1024 ) 
4 337 383 0 (-48 0 1024 ) (-168 0 1024 ) (-168 448 1024 ) (-48 448 1024 ) 
4 337 381 0 (0 0 1024 ) (-40 0 1024 ) (-40 448 1024 ) (0 448 1024 ) 
4 337 376 0 (-168 448 1024 ) (-168 464 1024 ) (0 464 1024 ) (0 448 1024 ) 
4 337 374 0 (-1024 464 1024 ) (-1024 956 1024 ) (-168 956 1024 ) (-168 464 1024 ) 
4 337 338 0 (-168 956 1024 ) (0 956 1024 ) (0 464 1024 ) (-168 464 1024 ) 
4 338 376 0 (0 464 272 ) (0 464 1024 ) (-168 464 1024 ) (-168 464 224 ) 
4 338 374 0 (-168 464 224 ) (-168 464 1024 ) (-168 956 1024 ) (-168 956 224 ) 
4 338 370 0 (0 464 272.001556 ) (-168 464 224.001617 ) (-168 520 224.001617 ) (0 520 272.001556 ) 
4 338 362 0 (-168 528 224.001617 ) (-168 584 224.001617 ) (0 584 272.001556 ) (0 528 272.001556 ) 
4 338 354 0 (-168 592 224.001617 ) (-168 648 224.001617 ) (0 648 272.001556 ) (0 592 272.001556 ) 
4 338 349 0 (-168 656 224.001617 ) (-168 700 224.001617 ) (0 700 272.001556 ) (0 656 272.001556 ) 
4 338 340 0 (-168 720 224.001617 ) (-168 724 224.001617 ) (0 724 272.001556 ) (0 720 272.001556 ) 
4 338 342 0 (-168 700 224.001617 ) (-168 712 224.001617 ) (0 712 272.001556 ) (0 700 272.001556 ) 
4 338 339 0 (-168 724 224.001617 ) (-168 956 224.001617 ) (0 956 272.001556 ) (0 724 272.001556 ) 
4 339 417 0 (0 896 208 ) (0 724 208 ) (-148 724 208 ) (-148 896 208 ) 
4 339 419 0 (-148 724 208 ) (-168 724 208 ) (-168 896 208 ) (-148 896 208 ) 
4 339 416 0 (0 956 208 ) (0 896 208 ) (-168 896 208 ) (-168 956 208 ) 
4 339 374 0 (-168 956 208 ) (-168 724 208 ) (-168 724 224 ) (-168 956 224 ) 
4 339 346 0 (-168 724 216 ) (-168 724 208 ) (-148 724 208 ) (-148 724 216 ) 
4 339 343 0 (-168 724 224 ) (-168 724 216 ) (0 724 216 ) (0 724 224 ) 
3 339 340 0 (0 724 272 ) (-168 724 224 ) (0 724 224 ) 
4 340 343 0 (-168 720 224 ) (-168 724 224 ) (0 724 224 ) (0 720 224 ) 
3 340 341 0 (-112 720 224 ) (0 720 224 ) (0 720 256 ) 
4 341 344 0 (-112 720 224 ) (0 720 224 ) (0 712 224 ) (-112 712 224 ) 
3 341 342 0 (-112 712 224 ) (0 712 224 ) (0 712 256 ) 
3 342 349 0 (0 700 272 ) (-168 700 224 ) (0 700 224 ) 
4 342 345 0 (0 700 224 ) (-168 700 224 ) (-168 704 224 ) (0 704 224 ) 
4 343 374 0 (-168 720 224 ) (-168 724 224 ) (-168 724 216 ) (-168 720 216 ) 
4 343 346 0 (-168 720 216 ) (-168 724 216 ) (-148 724 216 ) (-148 720 216 ) 
4 343 344 0 (-140 720 216 ) (0 720 216 ) (0 720 224 ) (-112 720 224 ) 
4 345 374 0 (-168 700 216 ) (-168 700 224 ) (-168 704 224 ) (-168 704 216 ) 
4 345 349 0 (-168 700 224 ) (-168 700 216 ) (0 700 216 ) (0 700 224 ) 
4 345 348 0 (-148 700 216 ) (-168 700 216 ) (-168 704 216 ) (-148 704 216 ) 
4 346 419 0 (-148 720 208 ) (-168 720 208 ) (-168 724 208 ) (-148 724 208 ) 
4 346 374 0 (-168 724 208 ) (-168 720 208 ) (-168 720 216 ) (-168 724 216 ) 
3 346 347 0 (-168 720 208 ) (-148 720 208 ) (-148 720 213.714294 ) 
4 347 419 0 (-148 712 208 ) (-168 712 208 ) (-168 720 208 ) (-148 720 208 ) 
4 348 419 0 (-148 700 208 ) (-168 700 208 ) (-168 704 208 ) (-148 704 208 ) 
4 348 374 0 (-168 704 208 ) (-168 700 208 ) (-168 700 216 ) (-168 704 216 ) 
4 348 352 0 (-168 700 216 ) (-168 700 208 ) (-148 700 208 ) (-148 700 216 ) 
4 349 374 0 (-168 656 224 ) (-168 700 224 ) (-168 700 216 ) (-168 656 216 ) 
4 349 352 0 (-168 656 216 ) (-168 700 216 ) (-148 700 216 ) (-148 656 216 ) 
4 349 351 0 (-124 700 216 ) (0 700 216 ) (0 656 216 ) (-124 656 216 ) 
3 349 350 0 (-140 656 216 ) (0 656 216 ) (0 656 256 ) 
3 350 354 0 (0 648 224 ) (0 648 256 ) (-112 648 224 ) 
4 350 351 0 (0 648 216 ) (-124 648 216 ) (-124 656 216 ) (0 656 216 ) 
4 351 418 0 (0 700 208 ) (0 648 208 ) (-124 648 208 ) (-124 700 208 ) 
4 352 419 0 (-168 656 208 ) (-168 700 208 ) (-148 700 208 ) (-148 656 208 ) 
4 352 374 0 (-168 700 208 ) (-168 656 208 ) (-168 656 216 ) (-168 700 216 ) 
3 352 353 0 (-168 656 208 ) (-148 656 208 ) (-148 656 213.714294 ) 
4 353 419 0 (-148 648 208 ) (-168 648 208 ) (-168 656 208 ) (-148 656 208 ) 
4 354 358 0 (-168 592 224 ) (-168 640 224 ) (-148 640 224 ) (-148 592 224 ) 
4 354 356 0 (0 640 224 ) (0 592 224 ) (-148 592 224 ) (-148 640 224 ) 
3 354 355 0 (-112 592 224 ) (0 592 224 ) (0 592 256 ) 
3 355 362 0 (-112 584 224 ) (0 584 224 ) (0 584 256 ) 
4 355 359 0 (0 584 224 ) (-112 584 224 ) (-112 592 224 ) (0 592 224 ) 
4 356 359 0 (0 592 224 ) (-112 592 224 ) (-140 592 216 ) (0 592 216 ) 
4 356 358 0 (-148 592 216 ) (-148 592 224 ) (-148 640 224 ) (-148 640 216 ) 
4 356 357 0 (0 592 216 ) (-124 592 216 ) (-124 640 216 ) (0 640 216 ) 
4 357 418 0 (0 640 208 ) (0 592 208 ) (-124 592 208 ) (-124 640 208 ) 
4 357 360 0 (-124 592 208 ) (0 592 208 ) (0 592 216 ) (-124 592 216 ) 
4 358 419 0 (-148 592 208 ) (-168 592 208 ) (-168 640 208 ) (-148 640 208 ) 
4 358 374 0 (-168 640 208 ) (-168 592 208 ) (-168 592 224 ) (-168 640 224 ) 
3 358 361 0 (-168 592 208 ) (-148 592 208 ) (-148 592 213.714294 ) 
4 359 360 0 (0 584 216 ) (-124 584 216 ) (-124 592 216 ) (0 592 216 ) 
4 360 418 0 (0 592 208 ) (0 584 208 ) (-124 584 208 ) (-124 592 208 ) 
4 361 419 0 (-148 584 208 ) (-168 584 208 ) (-168 592 208 ) (-148 592 208 ) 
4 362 366 0 (-168 528 224 ) (-168 576 224 ) (-148 576 224 ) (-148 528 224 ) 
4 362 364 0 (0 576 224 ) (0 528 224 ) (-148 528 224 ) (-148 576 224 ) 
3 362 363 0 (-112 528 224 ) (0 528 224 ) (0 528 256 ) 
3 363 370 0 (-112 520 224 ) (0 520 224 ) (0 520 256 ) 
4 363 367 0 (0 520 224 ) (-112 520 224 ) (-112 528 224 ) (0 528 224 ) 
4 364 367 0 (0 528 224 ) (-112 528 224 ) (-140 528 216 ) (0 528 216 ) 
4 364 366 0 (-148 528 216 ) (-148 528 224 ) (-148 576 224 ) (-148 576 216 ) 
4 364 365 0 (0 528 216 ) (-124 528 216 ) (-124 576 216 ) (0 576 216 ) 
4 365 458 0 (0 568 208 ) (0 528 208 ) (-124 528 208 ) (-124 568 208 ) 
4 365 418 0 (0 576 208 ) (0 568 208 ) (-124 568 208 ) (-124 576 208 ) 
4 365 368 0 (-124 528 208 ) (0 528 208 ) (0 528 216 ) (-124 528 216 ) 
4 366 461 0 (-148 528 208 ) (-168 528 208 ) (-168 568 208 ) (-148 568 208 ) 
4 366 419 0 (-168 568 208 ) (-168 576 208 ) (-148 576 208 ) (-148 568 208 ) 
4 366 374 0 (-168 576 208 ) (-168 528 208 ) (-168 528 224 ) (-168 576 224 ) 
3 366 369 0 (-168 528 208 ) (-148 528 208 ) (-148 528 213.714294 ) 
4 367 368 0 (0 520 216 ) (-124 520 216 ) (-124 528 216 ) (0 528 216 ) 
4 368 458 0 (0 528 208 ) (0 520 208 ) (-124 520 208 ) (-124 528 208 ) 
4 369 461 0 (-148 520 208 ) (-168 520 208 ) (-168 528 208 ) (-148 528 208 ) 
4 370 380 0 (0 464 256 ) (0 464 272 ) (-168 464 224 ) (-112 464 224 ) 
4 370 378 0 (-40 464 244.571426 ) (-48 464 242.285706 ) (-48 464 224 ) (-40 464 224 ) 
3 370 379 0 (-48 464 242.285706 ) (-112 464 224 ) (-48 464 224 ) 
4 370 377 0 (0 464 224 ) (0 464 256 ) (-40 464 244.571426 ) (-40 464 224 ) 
4 370 371 0 (0 464 224 ) (-168 464 224 ) (-168 512 224 ) (0 512 224 ) 
4 371 391 0 (-148 464 224 ) (-168 464 224 ) (-168 464 216 ) (-148 464 216 ) 
4 371 390 0 (-112 464 224 ) (-148 464 224 ) (-148 464 216 ) (-140 464 216 ) 
3 371 389 0 (-124 464 220.571426 ) (-140 464 216 ) (-124 464 216 ) 
5 371 388 0 (-56 464 224 ) (-112 464 224 ) (-124 464 220.571426 ) (-124 464 216 ) (-56 464 216 ) 
4 371 384 0 (0 464 216 ) (0 464 224 ) (-40 464 224 ) (-40 464 216 ) 
4 371 374 0 (-168 464 216 ) (-168 464 224 ) (-168 512 224 ) (-168 512 216 ) 
4 371 373 0 (-148 464 216 ) (-168 464 216 ) (-168 512 216 ) (-148 512 216 ) 
4 371 372 0 (0 464 216 ) (-124 464 216 ) (-124 512 216 ) (0 512 216 ) 
4 372 458 0 (0 512 208 ) (0 464 208 ) (-124 464 208 ) (-124 512 208 ) 
4 372 388 0 (-124 464 208 ) (-56 464 208 ) (-56 464 216 ) (-124 464 216 ) 
4 372 384 0 (-40 464 208 ) (0 464 208 ) (0 464 216 ) (-40 464 216 ) 
4 373 461 0 (-148 464 208 ) (-168 464 208 ) (-168 512 208 ) (-148 512 208 ) 
4 373 391 0 (-168 464 208 ) (-148 464 208 ) (-148 464 216 ) (-168 464 216 ) 
4 373 374 0 (-168 512 208 ) (-168 464 208 ) (-168 464 216 ) (-168 512 216 ) 
4 374 642 0 (-1024 464 1024 ) (-1024 956 1024 ) (-1024 956 208 ) (-1024 464 208 ) 
4 374 468 0 (-400 464 208 ) (-608 464 208 ) (-608 552 208 ) (-400 552 208 ) 
4 374 461 0 (-384 568 208 ) (-168 568 208 ) (-168 464 208 ) (-384 464 208 ) 
4 374 472 0 (-1024 464 208 ) (-1024 568 208 ) (-624 568 208 ) (-624 464 208 ) 
4 374 419 0 (-1024 568 208 ) (-1024 896 208 ) (-168 896 208 ) (-168 568 208 ) 
4 374 416 0 (-1024 896 208 ) (-1024 956 208 ) (-168 956 208 ) (-168 896 208 ) 
4 374 415 0 (-1024 464 208 ) (-816 464 208 ) (-816 464 224 ) (-1024 464 224 ) 
4 374 412 0 (-800 464 208 ) (-696 464 208 ) (-696 464 224 ) (-800 464 224 ) 
4 374 409 0 (-680 464 208 ) (-568 464 208 ) (-568 464 224 ) (-680 464 224 ) 
4 374 406 0 (-552 464 208 ) (-440 464 208 ) (-440 464 224 ) (-552 464 224 ) 
4 374 403 0 (-424 464 208 ) (-312 464 208 ) (-312 464 224 ) (-424 464 224 ) 
4 374 400 0 (-296 464 208 ) (-184 464 208 ) (-184 464 224 ) (-296 464 224 ) 
4 374 397 0 (-168 464 224 ) (-168 464 1024 ) (-1024 464 1024 ) (-1024 464 224 ) 
4 375 526 0 (-48 0 320 ) (-168 0 320 ) (-168 0 224 ) (-48 0 224 ) 
4 375 524 0 (-40 0 320 ) (-48 0 320 ) (-48 0 224 ) (-40 0 224 ) 
4 375 523 0 (0 0 224 ) (0 0 320 ) (-40 0 320 ) (-40 0 224 ) 
4 375 398 0 (-168 397.714294 224 ) (-168 309.333435 224 ) (-168 0 256 ) (-168 0 320 ) 
3 375 396 0 (-168 309.333435 224 ) (-168 0 224 ) (-168 0 256 ) 
4 375 395 0 (-148 0 224 ) (-168 0 224 ) (-168 397.714294 224 ) (-148 397.714294 224 ) 
4 375 393 0 (-56 0 224 ) (-148 0 224 ) (-148 397.714294 224 ) (-56 397.714294 224 ) 
4 375 387 0 (-40 0 224 ) (-48 0 224 ) (-48 397.714294 224 ) (-40 397.714294 224 ) 
4 375 385 0 (0 0 224 ) (-40 0 224 ) (-40 397.714294 224 ) (0 397.714294 224 ) 
4 375 383 0 (-48 397.724579 224 ) (-168 397.724579 224 ) (-168 0 320.002472 ) (-48 0 320.002472 ) 
4 375 381 0 (0 397.724579 224 ) (-40 397.724579 224 ) (-40 0 320.002472 ) (0 0 320.002472 ) 
4 376 397 0 (-168 464 1024 ) (-168 464 224 ) (-168 448 227.862091 ) (-168 448 1024 ) 
4 376 382 0 (-48 448 258.285736 ) (-40 448 260.571442 ) (-40 448 1024 ) (-48 448 1024 ) 
4 376 383 0 (-168 448 1024 ) (-168 448 224 ) (-48 448 258.285736 ) (-48 448 1024 ) 
4 376 381 0 (-40 448 260.571442 ) (0 448 272 ) (0 448 1024 ) (-40 448 1024 ) 
4 376 380 0 (-168 456 224 ) (-168 464 224 ) (0 464 272 ) (0 456 272 ) 
4 377 384 0 (-40 464 224 ) (0 464 224 ) (0 448 224 ) (-40 448 224 ) 
4 377 381 0 (-40 448 224 ) (0 448 224 ) (0 448 256 ) (-40 448 244.571426 ) 
4 377 380 0 (0 464 256.001221 ) (-40 464 244.572617 ) (-40 456 244.572586 ) (0 456 256.001160 ) 
4 377 378 0 (-40 464 224 ) (-40 448 227.862091 ) (-40 448 244.562500 ) (-40 464 244.562500 ) 
4 378 382 0 (-40 448 227.862091 ) (-40 448 244.571426 ) (-48 448 242.285706 ) (-48 448 227.862091 ) 
4 378 380 0 (-40 464 244.572617 ) (-48 464 242.286896 ) (-48 456 242.286865 ) (-40 456 244.572586 ) 
4 378 379 0 (-48 464 224 ) (-48 448 227.862091 ) (-48 448 242.281250 ) (-48 464 242.281250 ) 
4 379 388 0 (-112 464 224 ) (-56 464 224 ) (-56 448 224 ) (-112 448 224 ) 
3 379 383 0 (-112 448 224 ) (-48 448 224 ) (-48 448 242.285706 ) 
4 379 380 0 (-48 464 242.286896 ) (-112.003906 464 224 ) (-112.003906 456 224 ) (-48 456 242.286865 ) 
4 380 391 0 (-168 456 224 ) (-168 464 224 ) (-148 464 224 ) (-148 456 224 ) 
4 380 390 0 (-148 464 224 ) (-112 464 224 ) (-112 456 224 ) (-148 456 224 ) 
4 381 523 0 (0 0 320 ) (0 0 336 ) (-40 0 336 ) (-40 0 320 ) 
4 381 519 0 (0 0 336 ) (0 0 1024 ) (-40 0 1024 ) (-40 0 336 ) 
4 381 385 0 (0 440 224 ) (0 397.714294 224 ) (-40 397.714294 224 ) (-40 440 224 ) 
4 381 382 0 (-40 448 1024 ) (-40 448 227.862091 ) (-40 0 336 ) (-40 0 1024 ) 
4 382 519 0 (-40 0 1024 ) (-48 0 1024 ) (-48 0 336 ) (-40 0 336 ) 
4 382 383 0 (-48 448 1024 ) (-48 448 227.862091 ) (-48 0 336 ) (-48 0 1024 ) 
4 383 526 0 (-168 0 336 ) (-168 0 320 ) (-48 0 320 ) (-48 0 336 ) 
4 383 519 0 (-48 0 1024 ) (-168 0 1024 ) (-168 0 336 ) (-48 0 336 ) 
4 383 397 0 (-168 0 336 ) (-168 0 1024 ) (-168 448 1024 ) (-168 448 227.862091 ) 
4 383 395 0 (-168 397.714294 224 ) (-168 440 224 ) (-148 440 224 ) (-148 397.714294 224 ) 
4 383 393 0 (-56 440 224 ) (-56 397.714294 224 ) (-148 397.714294 224 ) (-148 440 224 ) 
4 384 458 0 (-40 448 208 ) (-40 464 208 ) (0 464 208 ) (0 448 208 ) 
3 384 386 0 (-40 464 208 ) (-40 448 208 ) (-40 448 211.862091 ) 
4 385 523 0 (-40 0 208 ) (0 0 208 ) (0 0 224 ) (-40 0 224 ) 
4 385 473 0 (-40 152 208 ) (-40 424 208 ) (0 424 208 ) (0 152 208 ) 
5 385 387 0 (-40 0 224 ) (-40 397.714294 224 ) (-40 440 213.793106 ) (-40 440 208 ) (-40 0 208 ) 
4 386 458 0 (-48 448 208 ) (-48 464 208 ) (-40 464 208 ) (-40 448 208 ) 
4 387 524 0 (-48 0 208 ) (-40 0 208 ) (-40 0 224 ) (-48 0 224 ) 
4 387 473 0 (-48 152 208 ) (-48 424 208 ) (-40 424 208 ) (-40 152 208 ) 
4 388 458 0 (-124 464 208 ) (-56 464 208 ) (-56 448 208 ) (-124 448 208 ) 
4 388 390 0 (-112.001534 456 224 ) (-112.001534 464 224 ) (-124 464 220.571869 ) (-124 456 220.571869 ) 
4 388 389 0 (-124 448 216 ) (-124 448 220.574203 ) (-124 464 220.574203 ) (-124 464 216 ) 
4 389 390 0 (-124 456 220.571869 ) (-124 464 220.571869 ) (-140.001526 464 216 ) (-140.001526 456 216 ) 
4 390 391 0 (-148 456 224 ) (-148 464 224 ) (-148 464 216 ) (-148 456 216 ) 
4 391 461 0 (-168 456 208 ) (-168 464 208 ) (-148 464 208 ) (-148 456 208 ) 
3 391 398 0 (-168 464 208 ) (-168 456 208.827591 ) (-168 456 209.931030 ) 
3 391 396 0 (-168 464 208 ) (-168 456 208 ) (-168 456 208.827591 ) 
3 391 392 0 (-148 456 208 ) (-148 456 213.714294 ) (-168 456 208 ) 
4 392 461 0 (-168 448 208 ) (-168 456 208 ) (-148 456 208 ) (-148 448 208 ) 
4 393 528 0 (-56 0 216 ) (-56 0 224 ) (-148 0 224 ) (-148 0 216 ) 
4 393 395 0 (-148 440 216 ) (-148 0 216 ) (-148 0 224 ) (-148 440 224 ) 
5 393 394 0 (-148 0 216 ) (-148 424 216 ) (-132 440 216 ) (-56 440 216 ) (-56 0 216 ) 
4 394 528 0 (-148 0 208 ) (-56 0 208 ) (-56 0 216 ) (-148 0 216 ) 
4 394 474 0 (-80 0 208 ) (-148 0 208 ) (-148 152 208 ) (-80 152 208 ) 
4 394 473 0 (-148 152 208 ) (-148 424 208 ) (-56 424 208 ) (-56 152 208 ) 
4 394 395 0 (-148 424 208 ) (-148 0 208 ) (-148 0 216 ) (-148 424 216 ) 
4 395 528 0 (-168 0 208 ) (-148 0 208 ) (-148 0 224 ) (-168 0 224 ) 
4 395 474 0 (-148 0 208 ) (-168 0 208 ) (-168 152 208 ) (-148 152 208 ) 
4 395 473 0 (-168 152 208 ) (-168 424 208 ) (-148 424 208 ) (-148 152 208 ) 
4 395 398 0 (-168 309.333405 224 ) (-168 397.714325 224 ) (-168 440 213.793106 ) (-168 440 210.482758 ) 
5 395 396 0 (-168 440 208 ) (-168 0 208 ) (-168 0 224 ) (-168 309.333405 224 ) (-168 440 210.482758 ) 
3 396 642 0 (-1024 0 208 ) (-1024 0 256 ) (-1024 464 208 ) 
4 396 548 0 (-816 0 208 ) (-464 0 208 ) (-464 0 256 ) (-816 0 256 ) 
4 396 542 0 (-464 0 208 ) (-440 0 208 ) (-440 0 256 ) (-464 0 256 ) 
4 396 540 0 (-440 0 208 ) (-432 0 208 ) (-432 0 256 ) (-440 0 256 ) 
4 396 537 0 (-432 0 208 ) (-312 0 208 ) (-312 0 256 ) (-432 0 256 ) 
4 396 536 0 (-312 0 208 ) (-304 0 208 ) (-304 0 256 ) (-312 0 256 ) 
4 396 534 0 (-304 0 208 ) (-296 0 208 ) (-296 0 256 ) (-304 0 256 ) 
4 396 531 0 (-184 0 208 ) (-176 0 208 ) (-176 0 256 ) (-184 0 256 ) 
4 396 532 0 (-296 0 208 ) (-184 0 208 ) (-184 0 256 ) (-296 0 256 ) 
4 396 529 0 (-176 0 208 ) (-168 0 208 ) (-168 0 224 ) (-176 0 224 ) 
4 396 527 0 (-168 0 224 ) (-168 0 256 ) (-176 0 256 ) (-176 0 224 ) 
4 396 608 0 (-1024 0 256 ) (-1024 0 208 ) (-816 0 208 ) (-816 0 256 ) 
4 396 474 0 (-168 0 208 ) (-800 0 208 ) (-800 152 208 ) (-168 152 208 ) 
4 396 473 0 (-800 152 208 ) (-800 424 208 ) (-168 424 208 ) (-168 152 208 ) 
4 396 508 0 (-816 0 208 ) (-1024 0 208 ) (-1024 440 208 ) (-816 440 208 ) 
4 396 468 0 (-608 464 208 ) (-400 464 208 ) (-400 440 208 ) (-608 440 208 ) 
4 396 461 0 (-384 464 208 ) (-168 464 208 ) (-168 440 208 ) (-384 440 208 ) 
4 396 472 0 (-1024 440 208 ) (-1024 464 208 ) (-624 464 208 ) (-624 440 208 ) 
4 396 415 0 (-1024 0 256 ) (-816 0 256 ) (-816 463.992249 208 ) (-1024 463.992279 208 ) 
4 396 413 0 (-808 0 256 ) (-800 0 256 ) (-800 463.992249 208 ) (-808 463.992249 208 ) 
4 396 412 0 (-800 0 256 ) (-696 0 256 ) (-696 463.992249 208 ) (-800 463.992249 208 ) 
4 396 410 0 (-688 0 256 ) (-680 0 256 ) (-680 463.992249 208 ) (-688 463.992249 208 ) 
4 396 409 0 (-680 0 256 ) (-568 0 256 ) (-568 463.992249 208 ) (-680 463.992249 208 ) 
4 396 407 0 (-560 0 256 ) (-552 0 256 ) (-552 463.992249 208 ) (-560 463.992249 208 ) 
4 396 406 0 (-552 0 256 ) (-440 0 256 ) (-440 463.992218 208 ) (-552 463.992249 208 ) 
4 396 404 0 (-432 0 256 ) (-424 0 256 ) (-424 463.992218 208 ) (-432 463.992218 208 ) 
4 396 403 0 (-424 0 256 ) (-312 0 256 ) (-312 463.992218 208 ) (-424 463.992218 208 ) 
4 396 401 0 (-304 0 256 ) (-296 0 256 ) (-296 463.992218 208 ) (-304 463.992218 208 ) 
4 396 400 0 (-296 0 256 ) (-184 0 256 ) (-184 463.992218 208 ) (-296 463.992218 208 ) 
4 396 398 0 (-176 0 256 ) (-168 0 256 ) (-168 463.992218 208 ) (-176 463.992218 208 ) 
4 397 642 0 (-1024 0 336 ) (-1024 0 1024 ) (-1024 464 1024 ) (-1024 464 224 ) 
4 397 560 0 (-816 0 336 ) (-808 0 336 ) (-808 0 1024 ) (-816 0 1024 ) 
4 397 559 0 (-808 0 336 ) (-800 0 336 ) (-800 0 1024 ) (-808 0 1024 ) 
4 397 556 0 (-696 0 336 ) (-688 0 336 ) (-688 0 1024 ) (-696 0 1024 ) 
4 397 557 0 (-800 0 336 ) (-696 0 336 ) (-696 0 1024 ) (-800 0 1024 ) 
4 397 555 0 (-688 0 336 ) (-680 0 336 ) (-680 0 1024 ) (-688 0 1024 ) 
4 397 552 0 (-568 0 336 ) (-560 0 336 ) (-560 0 1024 ) (-568 0 1024 ) 
4 397 553 0 (-680 0 336 ) (-568 0 336 ) (-568 0 1024 ) (-680 0 1024 ) 
4 397 551 0 (-560 0 336 ) (-552 0 336 ) (-552 0 1024 ) (-560 0 1024 ) 
4 397 549 0 (-552 0 336 ) (-464 0 336 ) (-464 0 1024 ) (-552 0 1024 ) 
4 397 519 0 (-464 0 336 ) (-168 0 336 ) (-168 0 1024 ) (-464 0 1024 ) 
4 397 608 0 (-1024 0 1024 ) (-1024 0 336 ) (-816 0 336 ) (-816 0 1024 ) 
4 397 414 0 (-816 464 224.001419 ) (-808 464 224.001419 ) (-808 0 336.001434 ) (-816 0 336.001434 ) 
4 397 415 0 (-1024 464 224.001419 ) (-816 464 224.001419 ) (-816 0 336.001434 ) (-1024 0 336.001434 ) 
4 397 412 0 (-800 464 224.001419 ) (-696 464 224.001419 ) (-696 0 336.001434 ) (-800 0 336.001434 ) 
4 397 411 0 (-696 464 224.001419 ) (-688 464 224.001419 ) (-688 0 336.001434 ) (-696 0 336.001434 ) 
4 397 409 0 (-680 464 224.001419 ) (-568 464 224.001419 ) (-568 0 336.001434 ) (-680 0 336.001434 ) 
4 397 408 0 (-568 464 224.001419 ) (-560 464 224.001419 ) (-560 0 336.001434 ) (-568 0 336.001434 ) 
4 397 406 0 (-552 464 224.001419 ) (-440 464 224.001419 ) (-440 0 336.001434 ) (-552 0 336.001434 ) 
4 397 405 0 (-440 464 224.001419 ) (-432 464 224.001419 ) (-432 0 336.001434 ) (-440 0 336.001434 ) 
4 397 402 0 (-312 464 224.001419 ) (-304 464 224.001419 ) (-304 0 336.001434 ) (-312 0 336.001434 ) 
4 397 403 0 (-424 464 224.001419 ) (-312 464 224.001419 ) (-312 0 336.001434 ) (-424 0 336.001434 ) 
4 397 399 0 (-184 464 224.001419 ) (-176 464 224.001419 ) (-176 0 336.001434 ) (-184 0 336.001434 ) 
4 397 400 0 (-296 464 224.001419 ) (-184 464 224.001419 ) (-184 0 336.001434 ) (-296 0 336.001434 ) 
4 398 527 0 (-176 0 256 ) (-168 0 256 ) (-168 0 320 ) (-176 0 320 ) 
3 398 399 0 (-176 0 272 ) (-176 0 320 ) (-176 348 236 ) 
4 399 530 0 (-176 0 272 ) (-176 0 336 ) (-184 0 336 ) (-184 0 272 ) 
3 399 400 0 (-184 0 335.993439 ) (-184 463.951508 224.005020 ) (-184 0 272 ) 
4 400 532 0 (-296 0 256 ) (-184 0 256 ) (-184 0 272 ) (-296 0 272 ) 
4 400 530 0 (-184 0 272 ) (-184 0 336 ) (-296 0 336 ) (-296 0 272 ) 
4 400 401 0 (-296 464 208 ) (-296 463.986877 208 ) (-296 0 255.998642 ) (-296 0 320 ) 
4 401 534 0 (-304 0 256 ) (-296 0 256 ) (-296 0 320 ) (-304 0 320 ) 
3 401 402 0 (-304 0 272 ) (-304 0 320 ) (-304 348 236 ) 
4 402 535 0 (-304 0 272 ) (-304 0 336 ) (-312 0 336 ) (-312 0 272 ) 
3 402 403 0 (-312 0 335.993439 ) (-312 463.951508 224.005020 ) (-312 0 272 ) 
4 403 538 0 (-312 0 320 ) (-312 0 336 ) (-424 0 336 ) (-424 0 320 ) 
4 403 537 0 (-424 0 256 ) (-312 0 256 ) (-312 0 320 ) (-424 0 320 ) 
4 403 404 0 (-424 464 208 ) (-424 463.986877 208 ) (-424 0 255.998642 ) (-424 0 320 ) 
4 404 537 0 (-432 0 256 ) (-424 0 256 ) (-424 0 320 ) (-432 0 320 ) 
3 404 405 0 (-432 0 272 ) (-432 0 320 ) (-432 348 236 ) 
4 405 541 0 (-432 0 272 ) (-432 0 336 ) (-440 0 336 ) (-440 0 272 ) 
3 405 406 0 (-440 0 335.993439 ) (-440 463.951508 224.005020 ) (-440 0 272 ) 
4 406 549 0 (-552 0 256 ) (-464 0 256 ) (-464 0 336 ) (-552 0 336 ) 
4 406 542 0 (-464 0 256 ) (-440 0 256 ) (-440 0 336 ) (-464 0 336 ) 
4 406 407 0 (-552 464 208 ) (-552 463.986877 208 ) (-552 0 255.998642 ) (-552 0 320 ) 
4 407 550 0 (-560 0 256 ) (-552 0 256 ) (-552 0 320 ) (-560 0 320 ) 
3 407 408 0 (-560 0 272 ) (-560 0 320 ) (-560 348 236 ) 
4 408 552 0 (-560 0 272 ) (-560 0 336 ) (-568 0 336 ) (-568 0 272 ) 
3 408 409 0 (-568 0 335.993439 ) (-568 463.951508 224.005020 ) (-568 0 272 ) 
4 409 553 0 (-680 0 256 ) (-568 0 256 ) (-568 0 336 ) (-680 0 336 ) 
4 409 410 0 (-680 464 208 ) (-680 463.986877 208 ) (-680 0 255.998642 ) (-680 0 320 ) 
4 410 554 0 (-688 0 256 ) (-680 0 256 ) (-680 0 320 ) (-688 0 320 ) 
3 410 411 0 (-688 0 272 ) (-688 0 320 ) (-688 348 236 ) 
4 411 556 0 (-688 0 272 ) (-688 0 336 ) (-696 0 336 ) (-696 0 272 ) 
3 411 412 0 (-696 0 335.993439 ) (-696 463.951508 224.005020 ) (-696 0 272 ) 
4 412 557 0 (-800 0 256 ) (-696 0 256 ) (-696 0 336 ) (-800 0 336 ) 
4 412 413 0 (-800 464 208 ) (-800 463.986877 208 ) (-800 0 255.998642 ) (-800 0 320 ) 
4 413 558 0 (-808 0 256 ) (-800 0 256 ) (-800 0 320 ) (-808 0 320 ) 
3 413 414 0 (-808 0 272 ) (-808 0 320 ) (-808 348 236 ) 
4 414 560 0 (-808 0 272 ) (-808 0 336 ) (-816 0 336 ) (-816 0 272 ) 
3 414 415 0 (-816 0 335.993439 ) (-816 463.951508 224.005020 ) (-816 0 272 ) 
4 415 642 0 (-1024 0 256 ) (-1024 0 336 ) (-1024 464 224 ) (-1024 464 208 ) 
4 415 608 0 (-1024 0 336 ) (-1024 0 256 ) (-816 0 256 ) (-816 0 336 ) 
4 416 642 0 (-1024 896 208 ) (-1024 956 208 ) (-1024 956 0 ) (-1024 896 0 ) 
4 416 513 0 (-1024 896 0 ) (-1024 956 0 ) (-160 956 0 ) (-160 896 0 ) 
4 416 510 0 (-160 956 0 ) (-112 956 0 ) (-112 896 0 ) (-160 896 0 ) 
4 416 509 0 (-112 956 0 ) (0 956 0 ) (0 896 0 ) (-112 896 0 ) 
4 416 428 0 (-176 896 0 ) (-96 896 0 ) (-96 896 40 ) (-176 896 40 ) 
4 416 427 0 (-96 896 56 ) (-96 896 88 ) (-176 896 88 ) (-176 896 56 ) 
4 416 431 0 (-320 896 0 ) (-176 896 0 ) (-176 896 88 ) (-320 896 88 ) 
4 416 425 0 (-96 896 88 ) (-96 896 104 ) (-320 896 104 ) (-320 896 88 ) 
4 416 421 0 (-96 896 104 ) (-96 896 192 ) (-148 896 192 ) (-148 896 104 ) 
4 416 424 0 (-148 896 192 ) (-320 896 192 ) (-320 896 104 ) (-148 896 104 ) 
4 416 456 0 (-1024 896 0 ) (-320 896 0 ) (-320 896 192 ) (-1024 896 192 ) 
4 416 420 0 (-96 896 0 ) (0 896 0 ) (0 896 192 ) (-96 896 192 ) 
4 416 417 0 (0 896 192 ) (0 896 208 ) (-148 896 208 ) (-148 896 192 ) 
4 416 419 0 (-148 896 208 ) (-1024 896 208 ) (-1024 896 192 ) (-148 896 192 ) 
4 417 421 0 (-148 724 192 ) (-148 896 192 ) (-96 896 192 ) (-96 724 192 ) 
4 417 420 0 (-96 896 192 ) (0 896 192 ) (0 724 192 ) (-96 724 192 ) 
4 417 419 0 (-148 896 208 ) (-148 896 192 ) (-148 724 192 ) (-148 724 208 ) 
4 418 458 0 (0 568 192 ) (0 568 208 ) (-124 568 208 ) (-124 568 192 ) 
4 418 422 0 (-124 672 192 ) (-124 700 192 ) (-96 700 192 ) (-96 672 192 ) 
4 418 420 0 (-96 700 192 ) (0 700 192 ) (0 672 192 ) (-96 672 192 ) 
4 418 457 0 (0 568 192 ) (-124 568 192 ) (-124 672 192 ) (0 672 192 ) 
4 419 642 0 (-1024 568 208 ) (-1024 896 208 ) (-1024 896 192 ) (-1024 568 192 ) 
4 419 469 0 (-616 568 192 ) (-608 568 192 ) (-608 568 200 ) (-616 568 200 ) 
4 419 463 0 (-504 568 192 ) (-448 568 192 ) (-448 568 200 ) (-504 568 200 ) 
4 419 464 0 (-568 568 192 ) (-512 568 192 ) (-512 568 200 ) (-568 568 200 ) 
4 419 462 0 (-440 568 192 ) (-392 568 192 ) (-392 568 200 ) (-440 568 200 ) 
4 419 465 0 (-608 568 200 ) (-608 568 192 ) (-576 568 192 ) (-576 568 200 ) 
4 419 461 0 (-148 568 208 ) (-384 568 208 ) (-384 568 192 ) (-148 568 192 ) 
4 419 472 0 (-624 568 208 ) (-1024 568 208 ) (-1024 568 192 ) (-624 568 192 ) 
4 419 424 0 (-320 896 192 ) (-148 896 192 ) (-148 672 192 ) (-320 672 192 ) 
4 419 456 0 (-1024 672 192 ) (-1024 896 192 ) (-320 896 192 ) (-320 672 192 ) 
4 419 457 0 (-148 568 192 ) (-1024 568 192 ) (-1024 672 192 ) (-148 672 192 ) 
4 420 514 0 (0 736 0 ) (0 688 0 ) (-96 688 0 ) (-96 736 0 ) 
4 420 516 0 (0 688 0 ) (0 672 0 ) (-96 672 0 ) (-96 688 0 ) 
4 420 509 0 (-96 896 0 ) (0 896 0 ) (0 736 0 ) (-96 736 0 ) 
4 420 436 0 (-96 688 88 ) (-96 736 88 ) (-96 736 0 ) (-96 688 0 ) 
4 420 437 0 (-96 672 0 ) (-96 672 88 ) (-96 688 88 ) (-96 688 0 ) 
4 420 435 0 (-96 832 8 ) (-96 832 0 ) (-96 736 0 ) (-96 736 64 ) 
4 420 433 0 (-96 832 40 ) (-96 832 24 ) (-96 816 33.333328 ) (-96 816 40 ) 
3 420 434 0 (-96 816 33.333328 ) (-96 777.142883 56 ) (-96 816 56 ) 
5 420 432 0 (-96 736 88 ) (-96 832 88 ) (-96 832 56 ) (-96 777.142883 56 ) (-96 736 80 ) 
4 420 429 0 (-96 880 0 ) (-96 832 0 ) (-96 832 40 ) (-96 880 40 ) 
4 420 428 0 (-96 896 40 ) (-96 896 0 ) (-96 880 0 ) (-96 880 40 ) 
4 420 427 0 (-96 832 88 ) (-96 896 88 ) (-96 896 56 ) (-96 832 56 ) 
4 420 425 0 (-96 752 104 ) (-96 896 104 ) (-96 896 88 ) (-96 752 88 ) 
4 420 422 0 (-96 672 104 ) (-96 672 192 ) (-96 724 192 ) (-96 724 104 ) 
4 420 421 0 (-96 724 192 ) (-96 896 192 ) (-96 896 104 ) (-96 724 104 ) 
4 420 457 0 (-96 672 0 ) (0 672 0 ) (0 672 192 ) (-96 672 192 ) 
4 421 425 0 (-148 896 104 ) (-96 896 104 ) (-96 752 104 ) (-148 752 104 ) 
4 421 422 0 (-124 724 104 ) (-96 724 104 ) (-96 724 192 ) (-124 724 192 ) 
4 421 424 0 (-148 896 104 ) (-148 724 104 ) (-148 724 192 ) (-148 896 192 ) 
4 422 423 0 (-124 700 104 ) (-124 672 104 ) (-124 672 192 ) (-124 700 192 ) 
4 422 457 0 (-96 672 104 ) (-96 672 192 ) (-124 672 192 ) (-124 672 104 ) 
4 423 424 0 (-148 700 104 ) (-148 672 104 ) (-148 672 192 ) (-148 700 192 ) 
4 423 457 0 (-124 672 192 ) (-148 672 192 ) (-148 672 104 ) (-124 672 104 ) 
4 424 426 0 (-320 672 104 ) (-320 752 104 ) (-176 752 104 ) (-176 672 104 ) 
4 424 425 0 (-320 752 104 ) (-320 896 104 ) (-148 896 104 ) (-148 752 104 ) 
4 424 457 0 (-148 672 192 ) (-320 672 192 ) (-320 672 104 ) (-148 672 104 ) 
4 424 456 0 (-320 672 104 ) (-320 672 192 ) (-320 896 192 ) (-320 896 104 ) 
4 425 451 0 (-320 752 88 ) (-320 832 88 ) (-256 832 88 ) (-256 752 88 ) 
4 425 438 0 (-176 832 88 ) (-160 832 88 ) (-160 752 88 ) (-176 752 88 ) 
4 425 442 0 (-256 832 88 ) (-176 832 88 ) (-176 752 88 ) (-256 752 88 ) 
4 425 432 0 (-160 832 88 ) (-96 832 88 ) (-96 752 88 ) (-160 752 88 ) 
4 425 427 0 (-176 896 88 ) (-96 896 88 ) (-96 832 88 ) (-176 832 88 ) 
4 425 431 0 (-320 832 88 ) (-320 896 88 ) (-176 896 88 ) (-176 832 88 ) 
4 425 426 0 (-320 752 88 ) (-176 752 88 ) (-176 752 104 ) (-320 752 104 ) 
4 425 456 0 (-320 752 104 ) (-320 896 104 ) (-320 896 88 ) (-320 752 88 ) 
4 426 451 0 (-320 672 88 ) (-320 752 88 ) (-256 752 88 ) (-256 672 88 ) 
4 426 449 0 (-240 672 88 ) (-256 672 88 ) (-256 722.285706 88 ) (-240 722.285706 88 ) 
4 426 448 0 (-176 722.285706 88 ) (-176 672 88 ) (-240 672 88 ) (-240 722.285706 88 ) 
4 426 443 0 (-256 752 88 ) (-176 752 88 ) (-176 722.285706 88 ) (-256 722.285706 88 ) 
4 426 457 0 (-176 672 104 ) (-320 672 104 ) (-320 672 88 ) (-176 672 88 ) 
4 426 456 0 (-320 672 88 ) (-320 672 104 ) (-320 752 104 ) (-320 752 88 ) 
4 427 438 0 (-160 832 88 ) (-176 832 88 ) (-176 832 56 ) (-160 832 56 ) 
4 427 432 0 (-96 832 56 ) (-96 832 88 ) (-160 832 88 ) (-160 832 56 ) 
4 427 431 0 (-176 832 56 ) (-176 832 88 ) (-176 896 88 ) (-176 896 56 ) 
4 428 513 0 (-176 896 0 ) (-160 896 0 ) (-160 880 0 ) (-176 880 0 ) 
4 428 510 0 (-160 896 0 ) (-112 896 0 ) (-112 880 0 ) (-160 880 0 ) 
4 428 509 0 (-112 896 0 ) (-96 896 0 ) (-96 880 0 ) (-112 880 0 ) 
4 428 429 0 (-96 880 0 ) (-96 880 40 ) (-112 880 40 ) (-112 880 0 ) 
4 428 430 0 (-160 880 40 ) (-176 880 40 ) (-176 880 0 ) (-160 880 0 ) 
4 428 431 0 (-176 880 40 ) (-176 896 40 ) (-176 896 0 ) (-176 880 0 ) 
4 429 509 0 (-96 880 0 ) (-96 832 0 ) (-112 832 0 ) (-112 880 0 ) 
4 429 435 0 (-96 832 0 ) (-96 832 8 ) (-112 832 8 ) (-112 832 0 ) 
4 429 433 0 (-96 832 24 ) (-96 832 40 ) (-112 832 40 ) (-112 832 24 ) 
4 430 513 0 (-160 832 0 ) (-176 832 0 ) (-176 880 0 ) (-160 880 0 ) 
4 430 441 0 (-176 832 8 ) (-176 832 0 ) (-160 832 0 ) (-160 832 8 ) 
4 430 439 0 (-160 832 40 ) (-176 832 40 ) (-176 832 24 ) (-160 832 24 ) 
4 430 431 0 (-176 832 0 ) (-176 832 40 ) (-176 880 40 ) (-176 880 0 ) 
4 431 513 0 (-320 896 0 ) (-176 896 0 ) (-176 832 0 ) (-320 832 0 ) 
4 431 452 0 (-320 832 56 ) (-320 832 0 ) (-256 832 0 ) (-256 832 56 ) 
4 431 451 0 (-256 832 88 ) (-320 832 88 ) (-320 832 56 ) (-256 832 56 ) 
4 431 442 0 (-176 832 88 ) (-256 832 88 ) (-256 832 0 ) (-176 832 0 ) 
4 431 456 0 (-320 832 88 ) (-320 896 88 ) (-320 896 0 ) (-320 832 0 ) 
4 432 443 0 (-160 736 80 ) (-160 736 88 ) (-160 752 88 ) (-160 752 80 ) 
5 432 438 0 (-160 832 88 ) (-160 832 56 ) (-160 777.142883 56 ) (-160 752 70.666679 ) (-160 752 88 ) 
4 432 436 0 (-112 736 80 ) (-96 736 80 ) (-96 736 88 ) (-112 736 88 ) 
4 432 434 0 (-96 777.140625 56 ) (-160 777.140625 56 ) (-160 816 56 ) (-96 816 56 ) 
4 433 439 0 (-160 832 40 ) (-160 832 24 ) (-160 816 33.333328 ) (-160 816 40 ) 
4 433 434 0 (-160 816 33.333706 ) (-96 816 33.333706 ) (-96 816 40 ) (-160 816 40 ) 
3 434 440 0 (-160 816 33.333328 ) (-160 777.142883 56 ) (-160 816 56 ) 
4 435 509 0 (-96 832 0 ) (-96 736 0 ) (-112 736 0 ) (-112 832 0 ) 
4 435 436 0 (-112 736 0 ) (-96 736 0 ) (-96 736 64 ) (-112 736 64 ) 
4 436 514 0 (-96 736 0 ) (-96 688 0 ) (-112 688 0 ) (-112 736 0 ) 
4 436 437 0 (-112 688 0 ) (-96 688 0 ) (-96 688 88 ) (-112 688 88 ) 
4 437 516 0 (-96 688 0 ) (-96 672 0 ) (-160 672 0 ) (-160 688 0 ) 
4 437 447 0 (-160 672 80 ) (-160 672 88 ) (-160 688 88 ) (-160 688 80 ) 
4 437 446 0 (-160 688 0 ) (-160 672 0 ) (-160 672 64 ) (-160 688 64 ) 
4 437 457 0 (-160 672 0 ) (-96 672 0 ) (-96 672 88 ) (-160 672 88 ) 
4 438 443 0 (-160 752 80 ) (-160 752 88 ) (-176 752 88 ) (-176 752 72 ) 
4 438 440 0 (-160 777.140625 56 ) (-176 777.140625 56 ) (-176 816 56 ) (-160 816 56 ) 
5 438 442 0 (-176 832 88 ) (-176 832 56 ) (-176 777.142822 56 ) (-176 752 70.666664 ) (-176 752 88 ) 
4 439 440 0 (-176 816 33.333706 ) (-160 816 33.333706 ) (-160 816 40 ) (-176 816 40 ) 
4 439 442 0 (-176 832 40 ) (-176 832 24 ) (-176 816 33.333321 ) (-176 816 40 ) 
3 440 442 0 (-176 816 33.333321 ) (-176 777.142822 56 ) (-176 816 56 ) 
4 441 513 0 (-176 832 0 ) (-160 832 0 ) (-160 752 0 ) (-176 752 0 ) 
4 441 444 0 (-176 752 0 ) (-160 752 0 ) (-160 752 54.666660 ) (-176 752 54.666660 ) 
4 441 442 0 (-176 832 8 ) (-176 832 0 ) (-176 752 0 ) (-176 752 54.666660 ) 
4 442 513 0 (-256 752 0 ) (-256 832 0 ) (-176 832 0 ) (-176 752 0 ) 
4 442 452 0 (-256 832 56 ) (-256 832 0 ) (-256 752 0 ) (-256 752 56 ) 
4 442 451 0 (-256 832 88 ) (-256 832 56 ) (-256 752 56 ) (-256 752 88 ) 
3 442 450 0 (-256 752 40 ) (-256 752 32 ) (-240 752 40 ) 
4 442 449 0 (-256 752 70.666664 ) (-256 752 56 ) (-240 752 56 ) (-240 752 70.666664 ) 
3 442 448 0 (-178.666656 752 70.666664 ) (-240 752 70.666664 ) (-240 752 40 ) 
4 442 445 0 (-256 752 16 ) (-256 752 0 ) (-176 752 0 ) (-176 752 56 ) 
5 442 443 0 (-256 752 88 ) (-256 752 70.666664 ) (-178.666656 752 70.666664 ) (-176 752 72 ) (-176 752 88 ) 
3 443 451 0 (-256 722.285706 88 ) (-256 752 88 ) (-256 752 70.666664 ) 
4 443 449 0 (-256 722.297363 88 ) (-256 752 70.670250 ) (-240 752 70.670250 ) (-240 722.296448 88 ) 
5 443 448 0 (-240 752 70.670250 ) (-178.659515 752 70.670250 ) (-176 749.720398 72 ) (-176 722.292786 88 ) (-240 722.296448 88 ) 
4 443 447 0 (-160 736 80.003601 ) (-160 722.291870 88 ) (-176 722.292786 88 ) (-176 736 80.003845 ) 
4 444 513 0 (-176 752 0 ) (-160 752 0 ) (-160 736 0 ) (-176 736 0 ) 
5 444 445 0 (-176 736 0 ) (-176 736 56 ) (-176 749.714294 56 ) (-176 752 54.666668 ) (-176 752 0 ) 
4 445 513 0 (-256 736 0 ) (-256 752 0 ) (-176 752 0 ) (-176 736 0 ) 
4 445 453 0 (-256 752 0 ) (-256 736 0 ) (-256 736 16 ) (-256 752 16 ) 
4 446 516 0 (-160 672 0 ) (-256 672 0 ) (-256 688 0 ) (-160 688 0 ) 
4 446 454 0 (-256 688 0 ) (-256 672 0 ) (-256 672 16 ) (-256 688 16 ) 
4 446 457 0 (-256 672 0 ) (-160 672 0 ) (-160 672 64 ) (-256 672 16 ) 
5 447 448 0 (-176 672 72 ) (-176 672 88 ) (-176 722.283630 88 ) (-176 736 79.998672 ) (-176 736 72 ) 
4 447 457 0 (-160 672 80 ) (-160 672 88 ) (-176 672 88 ) (-176 672 72 ) 
5 448 449 0 (-240 672 56 ) (-240 672 88 ) (-240 722.283630 88 ) (-240 752 70.664787 ) (-240 752 56 ) 
4 448 457 0 (-176 672 88 ) (-240 672 88 ) (-240 672 40 ) (-176 672 72 ) 
5 449 451 0 (-256 672 56 ) (-256 672 88 ) (-256 722.285706 88 ) (-256 752 70.666664 ) (-256 752 56 ) 
4 449 457 0 (-240 672 88 ) (-256 672 88 ) (-256 672 56 ) (-240 672 56 ) 
4 450 454 0 (-256 672 32 ) (-256 672 40 ) (-256 688 40 ) (-256 688 32 ) 
4 450 453 0 (-256 736 40 ) (-256 752 40 ) (-256 752 32 ) (-256 736 32 ) 
3 450 457 0 (-256 672 40 ) (-256 672 32 ) (-240 672 40 ) 
4 451 452 0 (-320 752 56 ) (-320 832 56 ) (-256 832 56 ) (-256 752 56 ) 
4 451 456 0 (-320 672 56 ) (-320 672 88 ) (-320 832 88 ) (-320 832 56 ) 
4 451 457 0 (-256 672 56 ) (-256 672 88 ) (-320 672 88 ) (-320 672 56 ) 
4 452 513 0 (-320 752 0 ) (-320 832 0 ) (-256 832 0 ) (-256 752 0 ) 
4 452 453 0 (-256 752 0 ) (-256 752 40 ) (-304 752 40 ) (-304 752 0 ) 
4 452 455 0 (-304 752 40 ) (-320 752 40 ) (-320 752 0 ) (-304 752 0 ) 
4 452 456 0 (-320 752 56 ) (-320 832 56 ) (-320 832 0 ) (-320 752 0 ) 
4 453 513 0 (-304 736 0 ) (-304 752 0 ) (-256 752 0 ) (-256 736 0 ) 
4 453 455 0 (-304 736 40 ) (-304 752 40 ) (-304 752 0 ) (-304 736 0 ) 
4 454 516 0 (-256 672 0 ) (-304 672 0 ) (-304 688 0 ) (-256 688 0 ) 
4 454 457 0 (-304 672 0 ) (-256 672 0 ) (-256 672 40 ) (-304 672 40 ) 
4 454 455 0 (-304 672 0 ) (-304 672 40 ) (-304 688 40 ) (-304 688 0 ) 
4 455 515 0 (-320 688 0 ) (-320 736 0 ) (-304 736 0 ) (-304 688 0 ) 
4 455 516 0 (-304 672 0 ) (-320 672 0 ) (-320 688 0 ) (-304 688 0 ) 
4 455 513 0 (-320 736 0 ) (-320 752 0 ) (-304 752 0 ) (-304 736 0 ) 
4 455 457 0 (-320 672 0 ) (-304 672 0 ) (-304 672 40 ) (-320 672 40 ) 
4 455 456 0 (-320 672 0 ) (-320 672 40 ) (-320 752 40 ) (-320 752 0 ) 
4 456 642 0 (-1024 896 192 ) (-1024 896 0 ) (-1024 672 0 ) (-1024 672 192 ) 
4 456 515 0 (-1024 688 0 ) (-1024 736 0 ) (-320 736 0 ) (-320 688 0 ) 
4 456 516 0 (-1024 672 0 ) (-1024 688 0 ) (-320 688 0 ) (-320 672 0 ) 
4 456 513 0 (-1024 736 0 ) (-1024 896 0 ) (-320 896 0 ) (-320 736 0 ) 
4 456 457 0 (-1024 672 0 ) (-320 672 0 ) (-320 672 192 ) (-1024 672 192 ) 
4 457 642 0 (-1024 672 0 ) (-1024 568 0 ) (-1024 568 192 ) (-1024 672 192 ) 
4 457 516 0 (-1024 568 0 ) (-1024 672 0 ) (0 672 0 ) (0 568 0 ) 
4 457 469 0 (-608 568 8 ) (-608 568 192 ) (-616 568 192 ) (-616 568 8 ) 
4 457 463 0 (-448 568 192 ) (-504 568 192 ) (-504 568 8 ) (-448 568 8 ) 
4 457 464 0 (-512 568 192 ) (-568 568 192 ) (-568 568 8 ) (-512 568 8 ) 
4 457 462 0 (-392 568 192 ) (-440 568 192 ) (-440 568 8 ) (-392 568 8 ) 
4 457 465 0 (-576 568 192 ) (-608 568 192 ) (-608 568 8 ) (-576 568 8 ) 
4 457 460 0 (-148 568 0 ) (0 568 0 ) (0 568 192 ) (-148 568 192 ) 
4 457 461 0 (-384 568 0 ) (-148 568 0 ) (-148 568 192 ) (-384 568 192 ) 
4 457 472 0 (-1024 568 0 ) (-624 568 0 ) (-624 568 192 ) (-1024 568 192 ) 
4 458 476 0 (-120 440 200 ) (-124 440 200 ) (-124 440 192 ) (-120 440 192 ) 
4 458 475 0 (0 440 192 ) (0 440 200 ) (-112 440 200 ) (-112 440 192 ) 
4 458 459 0 (-124 448 192 ) (-124 440 192 ) (-124 440 208 ) (-124 448 208 ) 
4 458 460 0 (0 440 192 ) (-124 440 192 ) (-124 568 192 ) (0 568 192 ) 
4 459 476 0 (-132 440 200 ) (-132 440 192 ) (-124 440 192 ) (-124 440 200 ) 
3 459 460 0 (-124 440 192 ) (-132 440 192 ) (-124 448 192 ) 
4 460 516 0 (-148 568 0 ) (0 568 0 ) (0 440 0 ) (-148 440 0 ) 
4 460 477 0 (-120 440 192 ) (-148 440 192 ) (-148 440 8 ) (-120 440 8 ) 
4 460 475 0 (0 440 8 ) (0 440 192 ) (-112 440 192 ) (-112 440 8 ) 
4 460 461 0 (-148 568 192 ) (-148 568 0 ) (-148 440 0 ) (-148 440 192 ) 
4 461 516 0 (-384 568 0 ) (-148 568 0 ) (-148 440 0 ) (-384 440 0 ) 
4 461 492 0 (-376 440 200 ) (-384 440 200 ) (-384 440 8 ) (-376 440 8 ) 
4 461 491 0 (-248 440 200 ) (-368 440 200 ) (-368 440 8 ) (-248 440 8 ) 
4 461 490 0 (-160 440 200 ) (-240 440 200 ) (-240 440 8 ) (-160 440 8 ) 
4 461 479 0 (-148 440 8 ) (-148 440 200 ) (-160 440 200 ) (-160 440 8 ) 
4 461 467 0 (-384 440 8 ) (-384 440 200 ) (-384 504 200 ) (-384 504 8 ) 
4 461 466 0 (-384 512 200 ) (-384 552 200 ) (-384 552 8 ) (-384 512 8 ) 
4 462 466 0 (-400 552 8 ) (-392 552 8 ) (-392 552 200 ) (-400 552 200 ) 
4 462 468 0 (-440 552 8 ) (-400 552 8 ) (-400 552 200 ) (-440 552 200 ) 
4 463 468 0 (-504 552 8 ) (-448 552 8 ) (-448 552 200 ) (-504 552 200 ) 
4 464 468 0 (-568 552 8 ) (-512 552 8 ) (-512 552 200 ) (-568 552 200 ) 
4 465 469 0 (-608 568 200 ) (-608 568 8 ) (-608 552 8 ) (-608 552 200 ) 
4 465 468 0 (-608 552 200 ) (-608 552 8 ) (-576 552 8 ) (-576 552 200 ) 
4 466 468 0 (-400 552 200 ) (-400 552 8 ) (-400 512 8 ) (-400 512 200 ) 
4 467 492 0 (-384 440 8 ) (-384 440 200 ) (-400 440 200 ) (-400 440 8 ) 
4 467 468 0 (-400 504 8 ) (-400 440 8 ) (-400 440 200 ) (-400 504 200 ) 
4 468 516 0 (-400 440 0 ) (-608 440 0 ) (-608 552 0 ) (-400 552 0 ) 
4 468 492 0 (-400 440 8 ) (-400 440 200 ) (-608 440 200 ) (-608 440 8 ) 
4 468 470 0 (-608 512 200 ) (-608 552 200 ) (-608 552 8 ) (-608 512 8 ) 
4 468 471 0 (-608 440 8 ) (-608 440 200 ) (-608 504 200 ) (-608 504 8 ) 
4 469 470 0 (-616 552 8 ) (-608 552 8 ) (-608 552 200 ) (-616 552 200 ) 
4 470 472 0 (-624 552 8 ) (-624 512 8 ) (-624 512 200 ) (-624 552 200 ) 
4 471 492 0 (-608 440 8 ) (-608 440 200 ) (-624 440 200 ) (-624 440 8 ) 
4 471 472 0 (-624 504 8 ) (-624 440 8 ) (-624 440 200 ) (-624 504 200 ) 
4 472 642 0 (-1024 440 208 ) (-1024 568 208 ) (-1024 568 0 ) (-1024 440 0 ) 
4 472 516 0 (-1024 440 0 ) (-1024 568 0 ) (-624 568 0 ) (-624 440 0 ) 
4 472 493 0 (-632 440 200 ) (-752 440 200 ) (-752 440 8 ) (-632 440 8 ) 
4 472 494 0 (-760 440 200 ) (-800 440 200 ) (-800 440 8 ) (-760 440 8 ) 
4 472 508 0 (-1024 440 0 ) (-816 440 0 ) (-816 440 208 ) (-1024 440 208 ) 
4 473 497 0 (-288 416 200 ) (-288 152 200 ) (-792 152 200 ) (-792 416 200 ) 
4 473 496 0 (-624 424 200 ) (-288 424 200 ) (-288 416 200 ) (-624 416 200 ) 
4 473 495 0 (-288 424 200 ) (-160 424 200 ) (-160 152 200 ) (-288 152 200 ) 
4 473 480 0 (-88 152 200 ) (-160 152 200 ) (-160 160 200 ) (-88 160 200 ) 
4 473 478 0 (-148 424 200 ) (0 424 200 ) (0 160 200 ) (-148 160 200 ) 
4 473 479 0 (-160 424 200 ) (-148 424 200 ) (-148 160 200 ) (-160 160 200 ) 
4 473 474 0 (-800 152 208 ) (-800 152 200 ) (-80 152 200 ) (-80 152 208 ) 
4 474 561 0 (-80 0 208 ) (-800 0 208 ) (-800 0 200 ) (-80 0 200 ) 
4 474 497 0 (-288 0 200 ) (-792 0 200 ) (-792 152 200 ) (-288 152 200 ) 
4 474 495 0 (-160 0 200 ) (-288 0 200 ) (-288 152 200 ) (-160 152 200 ) 
4 474 483 0 (-88 0 200 ) (-160 0 200 ) (-160 128 200 ) (-88 128 200 ) 
4 474 481 0 (-160 128 200 ) (-160 136 200 ) (-88 136 200 ) (-88 128 200 ) 
4 474 480 0 (-160 136 200 ) (-160 152 200 ) (-88 152 200 ) (-88 136 200 ) 
4 475 478 0 (-112 424 8 ) (0 424 8 ) (0 424 200 ) (-112 424 200 ) 
4 476 477 0 (-120 440 192 ) (-120 424 192 ) (-148 424 192 ) (-132 440 192 ) 
4 476 478 0 (-148 424 200 ) (-148 424 192 ) (-120 424 192 ) (-120 424 200 ) 
4 477 479 0 (-148 440 8 ) (-148 424 8 ) (-148 424 192 ) (-148 440 192 ) 
4 477 478 0 (-148 424 192 ) (-148 424 8 ) (-120 424 8 ) (-120 424 192 ) 
4 478 480 0 (-148 160 8 ) (-88 160 8 ) (-88 160 200 ) (-148 160 200 ) 
4 478 479 0 (-148 424 8 ) (-148 160 8 ) (-148 160 200 ) (-148 424 200 ) 
4 479 495 0 (-160 424 8 ) (-160 160 8 ) (-160 160 200 ) (-160 424 200 ) 
4 479 490 0 (-160 440 8 ) (-160 424 8 ) (-160 424 200 ) (-160 440 200 ) 
4 479 480 0 (-160 160 200 ) (-160 160 8 ) (-148 160 8 ) (-148 160 200 ) 
4 480 495 0 (-160 160 8 ) (-160 136 8 ) (-160 136 200 ) (-160 160 200 ) 
4 480 481 0 (-160 136 200 ) (-160 136 168 ) (-88 136 168 ) (-88 136 200 ) 
4 481 495 0 (-160 128 168 ) (-160 128 200 ) (-160 136 200 ) (-160 136 168 ) 
4 481 483 0 (-160 128 200 ) (-160 128 168 ) (-88 128 168 ) (-88 128 200 ) 
4 482 562 0 (0 0 8 ) (0 0 200 ) (-56 0 200 ) (-56 0 8 ) 
4 483 563 0 (-88 0 200 ) (-160 0 200 ) (-160 0 168 ) (-88 0 168 ) 
4 483 495 0 (-160 0 168 ) (-160 0 200 ) (-160 128 200 ) (-160 128 168 ) 
4 484 564 0 (-160 0 160 ) (-160 0 136 ) (-88 0 136 ) (-88 0 160 ) 
4 484 495 0 (-160 0 136 ) (-160 0 160 ) (-160 128 160 ) (-160 128 136 ) 
4 485 565 0 (-160 0 128 ) (-160 0 104 ) (-88 0 104 ) (-88 0 128 ) 
4 485 495 0 (-160 0 104 ) (-160 0 128 ) (-160 128 128 ) (-160 128 104 ) 
4 486 566 0 (-160 0 96 ) (-160 0 48 ) (-88 0 48 ) (-88 0 96 ) 
4 486 495 0 (-160 0 48 ) (-160 0 96 ) (-160 128 96 ) (-160 128 48 ) 
4 487 495 0 (-160 128 8 ) (-160 112 8 ) (-160 112 40 ) (-160 128 40 ) 
4 487 488 0 (-88 112 8 ) (-88 112 40 ) (-104 112 40 ) (-104 112 8 ) 
4 487 489 0 (-144 112 40 ) (-160 112 40 ) (-160 112 8 ) (-144 112 8 ) 
4 488 567 0 (-104 0 8 ) (-88 0 8 ) (-88 0 40 ) (-104 0 40 ) 
4 489 568 0 (-160 0 40 ) (-160 0 8 ) (-144 0 8 ) (-144 0 40 ) 
4 489 495 0 (-160 112 8 ) (-160 0 8 ) (-160 0 40 ) (-160 112 40 ) 
4 490 495 0 (-240 424 8 ) (-160 424 8 ) (-160 424 200 ) (-240 424 200 ) 
4 491 496 0 (-368 424 8 ) (-288 424 8 ) (-288 424 200 ) (-368 424 200 ) 
4 491 495 0 (-288 424 8 ) (-248 424 8 ) (-248 424 200 ) (-288 424 200 ) 
4 492 496 0 (-624 424 8 ) (-376 424 8 ) (-376 424 200 ) (-624 424 200 ) 
4 494 504 0 (-800 432 8 ) (-800 424 8 ) (-800 424 200 ) (-800 432 200 ) 
4 495 582 0 (-288 0 40 ) (-288 0 8 ) (-160 0 8 ) (-160 0 40 ) 
4 495 577 0 (-288 0 48 ) (-288 0 40 ) (-160 0 40 ) (-160 0 48 ) 
4 495 574 0 (-288 0 168 ) (-288 0 104 ) (-160 0 104 ) (-160 0 168 ) 
4 495 576 0 (-288 0 104 ) (-288 0 48 ) (-160 0 48 ) (-160 0 104 ) 
4 495 572 0 (-160 0 200 ) (-288 0 200 ) (-288 0 168 ) (-160 0 168 ) 
4 495 501 0 (-288 128 8 ) (-288 0 8 ) (-288 0 40 ) (-288 128 40 ) 
4 495 500 0 (-288 416 8 ) (-288 128 8 ) (-288 128 40 ) (-288 416 40 ) 
4 495 499 0 (-288 0 40 ) (-288 0 48 ) (-288 48 48 ) (-288 48 40 ) 
4 495 498 0 (-288 168 48 ) (-288 416 48 ) (-288 416 40 ) (-288 168 40 ) 
4 495 497 0 (-288 0 48 ) (-288 0 200 ) (-288 416 200 ) (-288 416 48 ) 
4 495 496 0 (-288 424 200 ) (-288 424 8 ) (-288 416 8 ) (-288 416 200 ) 
4 496 500 0 (-624 416 8 ) (-288 416 8 ) (-288 416 40 ) (-624 416 40 ) 
4 496 498 0 (-288 416 40 ) (-288 416 48 ) (-624 416 48 ) (-624 416 40 ) 
4 496 497 0 (-288 416 48 ) (-288 416 200 ) (-624 416 200 ) (-624 416 48 ) 
4 497 575 0 (-792 0 168 ) (-792 0 104 ) (-720 0 104 ) (-720 0 168 ) 
4 497 574 0 (-720 0 104 ) (-288 0 104 ) (-288 0 168 ) (-720 0 168 ) 
4 497 576 0 (-792 0 104 ) (-792 0 48 ) (-288 0 48 ) (-288 0 104 ) 
4 497 572 0 (-288 0 200 ) (-792 0 200 ) (-792 0 168 ) (-288 0 168 ) 
4 497 503 0 (-792 0 88 ) (-792 0 160 ) (-792 56 160 ) (-792 56 88 ) 
4 497 499 0 (-664 48 48 ) (-288 48 48 ) (-288 0 48 ) (-664 0 48 ) 
4 497 498 0 (-792 168 48 ) (-792 416 48 ) (-288 416 48 ) (-288 168 48 ) 
4 498 500 0 (-792 168 40 ) (-792 416 40 ) (-288 416 40 ) (-288 168 40 ) 
4 499 577 0 (-536 0 40 ) (-288 0 40 ) (-288 0 48 ) (-536 0 48 ) 
4 499 580 0 (-664 0 40 ) (-536 0 40 ) (-536 0 48 ) (-664 0 48 ) 
4 499 502 0 (-664 48 40 ) (-304 48 40 ) (-304 0 40 ) (-664 0 40 ) 
4 499 501 0 (-304 48 40 ) (-288 48 40 ) (-288 0 40 ) (-304 0 40 ) 
4 500 501 0 (-288 128 8 ) (-288 128 40 ) (-304 128 40 ) (-304 128 8 ) 
4 501 582 0 (-304 0 8 ) (-288 0 8 ) (-288 0 40 ) (-304 0 40 ) 
4 501 502 0 (-304 64 8 ) (-304 0 8 ) (-304 0 40 ) (-304 64 40 ) 
4 502 582 0 (-648 0 8 ) (-304 0 8 ) (-304 0 40 ) (-648 0 40 ) 
4 502 587 0 (-680 0 8 ) (-648 0 8 ) (-648 0 40 ) (-680 0 40 ) 
4 503 594 0 (-800 0 160 ) (-800 0 88 ) (-792 0 88 ) (-792 0 160 ) 
4 503 507 0 (-800 0 88 ) (-800 0 160 ) (-800 56 160 ) (-800 56 88 ) 
4 504 508 0 (-816 432 8 ) (-816 320 8 ) (-816 320 200 ) (-816 432 200 ) 
4 505 508 0 (-816 312 8 ) (-816 192 8 ) (-816 192 200 ) (-816 312 200 ) 
4 506 508 0 (-816 184 8 ) (-816 64 8 ) (-816 64 200 ) (-816 184 200 ) 
4 507 595 0 (-800 0 200 ) (-816 0 200 ) (-816 0 8 ) (-800 0 8 ) 
4 507 508 0 (-816 56 8 ) (-816 0 8 ) (-816 0 200 ) (-816 56 200 ) 
4 508 642 0 (-1024 0 0 ) (-1024 0 208 ) (-1024 440 208 ) (-1024 440 0 ) 
4 508 608 0 (-1024 0 208 ) (-1024 0 0 ) (-816 0 0 ) (-816 0 208 ) 
4 508 516 0 (-816 0 0 ) (-1024 0 0 ) (-1024 440 0 ) (-816 440 0 ) 
4 509 517 0 (0 736 -912 ) (0 736 -56 ) (-112 736 -56 ) (-112 736 -912 ) 
4 509 514 0 (0 736 -56 ) (0 736 0 ) (-112 736 0 ) (-112 736 -56 ) 
4 509 511 0 (-112 832 -72 ) (-112 736 -72 ) (-112 736 -56 ) (-112 832 -56 ) 
4 509 510 0 (-112 956 0 ) (-112 956 -72 ) (-112 880 -72 ) (-112 880 0 ) 
4 509 512 0 (-112 956 -72 ) (-112 956 -912 ) (-112 736 -912 ) (-112 736 -72 ) 
4 510 513 0 (-160 956 0 ) (-160 956 -72 ) (-160 880 -72 ) (-160 880 0 ) 
4 510 512 0 (-160 880 -72 ) (-160 956 -72 ) (-112 956 -72 ) (-112 880 -72 ) 
4 511 517 0 (-160 736 -56 ) (-160 736 -72 ) (-112 736 -72 ) (-112 736 -56 ) 
4 511 513 0 (-160 832 -72 ) (-160 736 -72 ) (-160 736 -56 ) (-160 832 -56 ) 
4 511 512 0 (-160 736 -72 ) (-160 832 -72 ) (-112 832 -72 ) (-112 736 -72 ) 
4 512 517 0 (-160 736 -72 ) (-160 736 -912 ) (-112 736 -912 ) (-112 736 -72 ) 
4 512 513 0 (-160 956 -72 ) (-160 956 -912 ) (-160 736 -912 ) (-160 736 -72 ) 
4 513 643 0 (-1024 736 -912 ) (-1024 736 0 ) (-1024 956 0 ) (-1024 956 -912 ) 
4 513 517 0 (-1024 736 -56 ) (-1024 736 -912 ) (-160 736 -912 ) (-160 736 -56 ) 
4 513 515 0 (-304 736 0 ) (-1024 736 0 ) (-1024 736 -56 ) (-304 736 -56 ) 
4 514 517 0 (-160 736 -56 ) (0 736 -56 ) (0 688 -56 ) (-160 688 -56 ) 
4 514 516 0 (-160 688 -56 ) (0 688 -56 ) (0 688 0 ) (-160 688 0 ) 
4 515 643 0 (-1024 688 0 ) (-1024 736 0 ) (-1024 736 -56 ) (-1024 688 -56 ) 
4 515 517 0 (-1024 688 -56 ) (-1024 736 -56 ) (-304 736 -56 ) (-304 688 -56 ) 
4 515 516 0 (-1024 688 -56 ) (-304 688 -56 ) (-304 688 0 ) (-1024 688 0 ) 
4 516 643 0 (-1024 0 -56 ) (-1024 0 0 ) (-1024 688 0 ) (-1024 688 -56 ) 
4 516 633 0 (-424 0 -56 ) (0 0 -56 ) (0 0 0 ) (-424 0 0 ) 
4 516 636 0 (-1024 0 0 ) (-1024 0 -56 ) (-424 0 -56 ) (-424 0 0 ) 
4 516 517 0 (0 0 -56 ) (-1024 0 -56 ) (-1024 688 -56 ) (0 688 -56 ) 
4 517 643 0 (-1024 0 -912 ) (-1024 0 -56 ) (-1024 736 -56 ) (-1024 736 -912 ) 
4 517 633 0 (-424 0 -88 ) (0 0 -88 ) (0 0 -56 ) (-424 0 -56 ) 
4 517 636 0 (-1024 0 -56 ) (-1024 0 -88 ) (-424 0 -88 ) (-424 0 -56 ) 
4 517 637 0 (-1024 0 -88 ) (-1024 0 -912 ) (0 0 -912 ) (0 0 -88 ) 
4 518 644 0 (-1024 -1024 1024 ) (-1024 -1024 1260 ) (-1024 0 1260 ) (-1024 0 1024 ) 
4 518 638 0 (-1024 -1024 1260 ) (-1024 -1024 1024 ) (0 -1024 1024 ) (0 -1024 1260 ) 
4 518 627 0 (-634.509705 -776 1024 ) (-611.882202 -776 1024 ) (-611.882202 -784 1024 ) (-634.509705 -784 1024 ) 
4 518 626 0 (-1024 -784 1024 ) (-1024 -776 1024 ) (-634.509705 -776 1024 ) (-634.509705 -784 1024 ) 
4 518 625 0 (-611.882202 -776 1024 ) (0 -776 1024 ) (0 -784 1024 ) (-611.882202 -784 1024 ) 
4 518 623 0 (-112.195129 -768 1024 ) (0 -768 1024 ) (0 -776 1024 ) (-112.195114 -776 1024 ) 
4 518 622 0 (-1024 -776 1024 ) (-1024 -768 1024 ) (-112.195129 -768 1024 ) (-112.195114 -776 1024 ) 
4 518 621 0 (-1024 -768 1024 ) (-1024 -656 1024 ) (0 -656 1024 ) (0 -768 1024 ) 
4 518 620 0 (-634.509705 -648 1024 ) (-611.882202 -648 1024 ) (-611.882202 -656 1024 ) (-634.509705 -656 1024 ) 
4 518 619 0 (-1024 -656 1024 ) (-1024 -648 1024 ) (-634.509705 -648 1024 ) (-634.509705 -656 1024 ) 
4 518 618 0 (-611.882202 -648 1024 ) (0 -648 1024 ) (0 -656 1024 ) (-611.882202 -656 1024 ) 
4 518 614 0 (0 -640 1024 ) (0 -648 1024 ) (-464 -648 1024 ) (-464 -640 1024 ) 
4 518 612 0 (0 -584 1024 ) (0 -640 1024 ) (-464 -640 1024 ) (-464 -584 1024 ) 
4 518 610 0 (0 -576 1024 ) (0 -584 1024 ) (-464 -584 1024 ) (-464 -576 1024 ) 
4 518 609 0 (-464 -464 1024 ) (0 -464 1024 ) (0 -576 1024 ) (-464 -576 1024 ) 
4 518 617 0 (-1024 -648 1024 ) (-1024 -464 1024 ) (-464 -464 1024 ) (-464 -648 1024 ) 
4 518 632 0 (0 -1024 1024 ) (-1024 -1024 1024 ) (-1024 -784 1024 ) (0 -784 1024 ) 
4 518 560 0 (-816 0 1024 ) (-808 0 1024 ) (-808 -464 1024 ) (-816 -464 1024 ) 
4 518 559 0 (-808 0 1024 ) (-800 0 1024 ) (-800 -464 1024 ) (-808 -464 1024 ) 
4 518 556 0 (-696 0 1024 ) (-688 0 1024 ) (-688 -464 1024 ) (-696 -464 1024 ) 
4 518 557 0 (-800 0 1024 ) (-696 0 1024 ) (-696 -464 1024 ) (-800 -464 1024 ) 
4 518 555 0 (-688 0 1024 ) (-680 0 1024 ) (-680 -464 1024 ) (-688 -464 1024 ) 
4 518 552 0 (-568 0 1024 ) (-560 0 1024 ) (-560 -464 1024 ) (-568 -464 1024 ) 
4 518 553 0 (-680 0 1024 ) (-568 0 1024 ) (-568 -464 1024 ) (-680 -464 1024 ) 
4 518 551 0 (-560 0 1024 ) (-552 0 1024 ) (-552 -464 1024 ) (-560 -464 1024 ) 
4 518 549 0 (-552 0 1024 ) (-464 0 1024 ) (-464 -464 1024 ) (-552 -464 1024 ) 
4 518 521 0 (0 -448 1024 ) (0 -456 1024 ) (-464 -456 1024 ) (-464 -448 1024 ) 
4 518 519 0 (-464 0 1024 ) (0 0 1024 ) (0 -448 1024 ) (-464 -448 1024 ) 
4 518 522 0 (0 -456 1024 ) (0 -464 1024 ) (-464 -464 1024 ) (-464 -456 1024 ) 
4 518 608 0 (-1024 -464 1024 ) (-1024 0 1024 ) (-816 0 1024 ) (-816 -464 1024 ) 
4 519 549 0 (-464 -448 1024 ) (-464 0 1024 ) (-464 0 336 ) (-464 -448 227.862061 ) 
4 519 542 0 (-464 -448 227.863495 ) (-464 0 336.001434 ) (-440 0 336.001434 ) (-440 -448 227.863495 ) 
4 519 541 0 (-440 0 336.001434 ) (-432 0 336.001434 ) (-432 -448 227.863495 ) (-440 -448 227.863495 ) 
4 519 538 0 (-424 0 336.001434 ) (-312 0 336.001434 ) (-312 -448 227.863495 ) (-424 -448 227.863495 ) 
4 519 535 0 (-312 0 336.001434 ) (-304 0 336.001434 ) (-304 -448 227.863495 ) (-312 -448 227.863495 ) 
4 519 530 0 (-296 0 336.001434 ) (-176 0 336.001434 ) (-176 -448 227.863495 ) (-296 -448 227.863495 ) 
4 519 526 0 (-168 0 336.001434 ) (-48 0 336.001434 ) (-48 -448 227.863495 ) (-168 -448 227.863495 ) 
4 519 523 0 (-40 0 336.001434 ) (0 0 336.001434 ) (0 -448 227.863495 ) (-40 -448 227.863495 ) 
5 519 521 0 (-464 -448 1024 ) (-464 -448 227.859375 ) (-448.011200 -448 227.859375 ) (0 -448 336 ) (0 -448 1024 ) 
3 519 520 0 (-381.725494 -448 227.859375 ) (0 -448 227.859375 ) (0 -448 320 ) 
4 520 539 0 (-381.708466 -448 227.863495 ) (-312 -448 227.863495 ) (-312 -456 225.932465 ) (-389.708374 -456 225.932465 ) 
4 520 535 0 (-312 -448 227.863495 ) (-304 -448 227.863495 ) (-304 -456 225.932465 ) (-312 -456 225.932465 ) 
4 520 530 0 (-296 -448 227.863495 ) (-176 -448 227.863495 ) (-176 -456 225.932465 ) (-296 -456 225.932465 ) 
4 520 526 0 (-168 -448 227.863495 ) (-48 -448 227.863495 ) (-48 -456 225.932465 ) (-168 -456 225.932465 ) 
4 520 523 0 (-40 -448 227.863495 ) (0 -448 227.863495 ) (0 -456 225.932465 ) (-40 -456 225.932465 ) 
3 520 522 0 (-389.703827 -456 225.933578 ) (0 -456 225.933594 ) (0 -456 320 ) 
4 521 549 0 (-464 -456 1024 ) (-464 -448 1024 ) (-464 -448 227.862061 ) (-464 -456 225.931030 ) 
4 521 543 0 (-464 -456 225.932465 ) (-464 -448 227.863495 ) (-447.994171 -448 227.863495 ) (-455.994080 -456 225.932465 ) 
5 521 522 0 (-464 -456 1024 ) (-464 -456 225.933578 ) (-455.989532 -456 225.933578 ) (0 -456 336 ) (0 -456 1024 ) 
4 522 609 0 (0 -464 224 ) (0 -464 1024 ) (-464 -464 1024 ) (-464 -464 224 ) 
4 522 549 0 (-464 -464 224 ) (-464 -464 1024 ) (-464 -456 1024 ) (-464 -456 225.931030 ) 
4 522 547 0 (-440 -464 224.001434 ) (-464 -464 224.001434 ) (-464 -456 225.932465 ) (-440 -456 225.932465 ) 
4 522 546 0 (-432 -464 224.001434 ) (-440 -464 224.001434 ) (-440 -456 225.932465 ) (-432 -456 225.932465 ) 
4 522 545 0 (-312 -464 224.001434 ) (-424 -464 224.001434 ) (-424 -456 225.932465 ) (-312 -456 225.932465 ) 
4 522 535 0 (-304 -464 224.001434 ) (-312 -464 224.001434 ) (-312 -456 225.932465 ) (-304 -456 225.932465 ) 
4 522 530 0 (-176 -464 224.001434 ) (-296 -464 224.001434 ) (-296 -456 225.932465 ) (-176 -456 225.932465 ) 
4 522 526 0 (-48 -464 224.001434 ) (-168 -464 224.001434 ) (-168 -456 225.932465 ) (-48 -456 225.932465 ) 
4 522 525 0 (0 -464 224.001434 ) (-40 -464 224.001434 ) (-40 -456 225.932465 ) (0 -456 225.932465 ) 
4 523 598 0 (0 -440 208 ) (0 -448 208 ) (-40 -448 208 ) (-40 -440 208 ) 
4 523 599 0 (0 -448 208 ) (0 -456 208 ) (-40 -456 208 ) (-40 -448 208 ) 
4 523 525 0 (0 -456 224 ) (0 -456 225.929688 ) (-40 -456 225.929688 ) (-40 -456 224 ) 
4 523 524 0 (-40 0 208 ) (-40 -456 208 ) (-40 -456 209.931046 ) (-40 0 320 ) 
4 524 598 0 (-48 -448 208 ) (-48 -440 208 ) (-40 -440 208 ) (-40 -448 208 ) 
4 524 599 0 (-48 -456 208 ) (-48 -448 208 ) (-40 -448 208 ) (-40 -456 208 ) 
3 524 526 0 (-48 -397.714325 224 ) (-48 0 320 ) (-48 0 224 ) 
4 526 528 0 (-168 0 224 ) (-56 0 224 ) (-56 -456 224 ) (-168 -456 224 ) 
3 526 527 0 (-168 0 224 ) (-168 -397.714294 224 ) (-168 0 320 ) 
3 527 531 0 (-176 0 256 ) (-176 0 224 ) (-176 -309.328247 224 ) 
3 527 530 0 (-176 0 320 ) (-176 0 272 ) (-176 -348 236 ) 
4 527 529 0 (-176 -397.714294 224 ) (-176 0 224 ) (-168 0 224 ) (-168 -397.714294 224 ) 
4 528 600 0 (-120 -456 208 ) (-168 -456 208 ) (-168 -424 208 ) (-120 -424 208 ) 
4 528 598 0 (-56 -440 208 ) (-56 -448 208 ) (-120 -448 208 ) (-120 -440 208 ) 
4 528 599 0 (-56 -448 208 ) (-56 -456 208 ) (-120 -456 208 ) (-120 -448 208 ) 
4 528 561 0 (-168 0 208 ) (-80 0 208 ) (-80 -424 208 ) (-168 -424 208 ) 
5 528 529 0 (-168 0 208 ) (-168 -456 208 ) (-168 -456 209.931046 ) (-168 -397.714325 224 ) (-168 0 224 ) 
4 529 600 0 (-176 -456 208 ) (-176 -424 208 ) (-168 -424 208 ) (-168 -456 208 ) 
4 529 561 0 (-176 -424 208 ) (-176 0 208 ) (-168 0 208 ) (-168 -424 208 ) 
5 529 531 0 (-176 0 208 ) (-176 -456 208 ) (-176 -456 208.827591 ) (-176 -309.328278 224 ) (-176 0 224 ) 
3 530 534 0 (-296 0 320 ) (-296 0 272 ) (-296 -347.995544 236.001083 ) 
4 530 533 0 (-296 -463.977234 224.002853 ) (-296 -456 224.828079 ) (-184 -456 224.828094 ) (-184 -463.984497 224.002106 ) 
4 530 532 0 (-296 -456 224.828079 ) (-296 0 272 ) (-184 0 272 ) (-184 -456 224.828094 ) 
4 531 600 0 (-176 -424 208 ) (-176 -456 208 ) (-184 -456 208 ) (-184 -424 208 ) 
4 531 561 0 (-184 0 208 ) (-176 0 208 ) (-176 -424 208 ) (-184 -424 208 ) 
4 531 532 0 (-184 0 208 ) (-184 -456 208 ) (-184 -456 208.827591 ) (-184 0 256 ) 
4 532 605 0 (-296 -456 208 ) (-296 -448 208 ) (-240 -448 208 ) (-240 -456 208 ) 
4 532 603 0 (-296 -448 208 ) (-296 -440 208 ) (-240 -440 208 ) (-240 -448 208 ) 
4 532 600 0 (-240 -424 208 ) (-184 -424 208 ) (-184 -456 208 ) (-240 -456 208 ) 
4 532 561 0 (-296 -424 208 ) (-296 0 208 ) (-184 0 208 ) (-184 -424 208 ) 
5 532 534 0 (-296 0 208 ) (-296 -456 208 ) (-296 -456 209.931046 ) (-296 -347.995544 236.001083 ) (-296 0 272 ) 
4 532 533 0 (-184 -456 224.828125 ) (-296 -456 224.828125 ) (-296 -456 224 ) (-184 -456 224 ) 
4 534 605 0 (-304 -456 208 ) (-304 -448 208 ) (-296 -448 208 ) (-296 -456 208 ) 
4 534 603 0 (-304 -448 208 ) (-304 -440 208 ) (-296 -440 208 ) (-296 -448 208 ) 
4 534 561 0 (-304 -424 208 ) (-304 0 208 ) (-296 0 208 ) (-296 -424 208 ) 
4 534 536 0 (-304 0 208 ) (-304 -456 208 ) (-304 -456 208.827591 ) (-304 0 256 ) 
3 534 535 0 (-304 -348 236 ) (-304 0 320 ) (-304 0 272 ) 
3 535 545 0 (-312 -464 224 ) (-312 -456 225.931839 ) (-312 -456 224.828384 ) 
4 535 539 0 (-312 -456 225.931839 ) (-312 -448 227.862869 ) (-312 -448 225.655960 ) (-312 -456 224.828384 ) 
5 535 538 0 (-312 -448 227.862869 ) (-312 0 336 ) (-312 0 320 ) (-312 -347.995544 236.001083 ) (-312 -448 225.655960 ) 
3 535 537 0 (-312 0 320 ) (-312 0 272 ) (-312 -347.995544 236.001083 ) 
4 536 605 0 (-312 -456 208 ) (-312 -448 208 ) (-304 -448 208 ) (-304 -456 208 ) 
4 536 603 0 (-312 -448 208 ) (-312 -440 208 ) (-304 -440 208 ) (-304 -448 208 ) 
4 536 561 0 (-312 -424 208 ) (-312 0 208 ) (-304 0 208 ) (-304 -424 208 ) 
4 536 537 0 (-312 0 208 ) (-312 -456 208 ) (-312 -456 208.827591 ) (-312 0 256 ) 
4 537 605 0 (-312 -448 208 ) (-312 -456 208 ) (-400 -456 208 ) (-400 -448 208 ) 
4 537 606 0 (-424 -456 208 ) (-432 -456 208 ) (-432 -448 208 ) (-424 -448 208 ) 
4 537 604 0 (-424 -448 208 ) (-432 -448 208 ) (-432 -440 208 ) (-424 -440 208 ) 
4 537 603 0 (-312 -440 208 ) (-312 -448 208 ) (-400 -448 208 ) (-408 -440 208 ) 
4 537 561 0 (-432 0 208 ) (-312 0 208 ) (-312 -424 208 ) (-432 -424 208 ) 
3 537 541 0 (-432 -348 236 ) (-432 0 320 ) (-432 0 272 ) 
4 537 540 0 (-432 0 208 ) (-432 -456 208 ) (-432 -456 208.827591 ) (-432 0 256 ) 
4 537 539 0 (-424 -456 209.934433 ) (-312 -456 209.934433 ) (-312 -448 211.865463 ) (-424 -448 211.865463 ) 
4 537 538 0 (-424 -448 211.865463 ) (-312 -448 211.865463 ) (-312 0 320.003387 ) (-424 0 320.003204 ) 
5 538 539 0 (-424 -448 211.859375 ) (-312 -448 211.859375 ) (-312 -448 227.862076 ) (-381.726685 -448 227.859085 ) (-424 -448 217.655182 ) 
4 539 545 0 (-312 -456 224 ) (-312 -456 225.937500 ) (-389.687561 -456 225.937485 ) (-397.714264 -456 224 ) 
4 540 606 0 (-432 -448 208 ) (-432 -456 208 ) (-440 -456 208 ) (-440 -448 208 ) 
4 540 604 0 (-432 -440 208 ) (-432 -448 208 ) (-440 -448 208 ) (-440 -440 208 ) 
4 540 561 0 (-440 0 208 ) (-432 0 208 ) (-432 -424 208 ) (-440 -424 208 ) 
4 540 544 0 (-440 -448 208 ) (-440 -456 208 ) (-440 -456 208.827591 ) (-440 -448 209.655182 ) 
4 540 542 0 (-440 0 208 ) (-440 -448 208 ) (-440 -448 209.655182 ) (-440 0 256 ) 
4 541 542 0 (-440 -448 227.868530 ) (-440 0 336.006439 ) (-440 0 272 ) (-440 -448 225.655182 ) 
4 542 604 0 (-464 -448 208 ) (-464 -440 208 ) (-440 -440 208 ) (-440 -448 208 ) 
4 542 561 0 (-464 -424 208 ) (-464 0 208 ) (-440 0 208 ) (-440 -424 208 ) 
4 542 549 0 (-464 -448 209.655182 ) (-464 -448 227.862061 ) (-464 0 336 ) (-464 0 256 ) 
4 542 548 0 (-464 0 208 ) (-464 -448 208 ) (-464 -448 209.655182 ) (-464 0 256 ) 
3 542 544 0 (-440 -448 208 ) (-440 -448 213.793106 ) (-464 -448 208 ) 
3 542 543 0 (-448.011230 -448 227.859375 ) (-464 -448 227.859375 ) (-464 -448 224 ) 
4 543 549 0 (-464 -456 224 ) (-464 -456 225.931030 ) (-464 -448 227.862061 ) (-464 -448 224 ) 
3 543 547 0 (-455.973297 -456 225.937485 ) (-464 -456 225.937485 ) (-464 -456 224 ) 
4 544 606 0 (-464 -456 208 ) (-464 -448 208 ) (-440 -448 208 ) (-440 -456 208 ) 
3 546 547 0 (-440 -456 225.929688 ) (-440 -456 224.827606 ) (-440 -463.994385 224 ) 
3 547 549 0 (-464 -464 224 ) (-464 -456 225.931030 ) (-464 -456 224 ) 
4 548 606 0 (-464 -464 208 ) (-816 -464 208 ) (-816 -448 208 ) (-464 -448 208 ) 
4 548 604 0 (-816 -448 208 ) (-816 -440 208 ) (-464 -440 208 ) (-464 -448 208 ) 
4 548 561 0 (-800 0 208 ) (-464 0 208 ) (-464 -424 208 ) (-800 -424 208 ) 
4 548 558 0 (-808 -464 208 ) (-800 -464 208 ) (-800 0 256 ) (-808 0 256 ) 
4 548 557 0 (-800 -464 208 ) (-696 -464 208 ) (-696 0 256 ) (-800 0 256 ) 
4 548 554 0 (-688 -464 208 ) (-680 -464 208 ) (-680 0 256 ) (-688 0 256 ) 
4 548 553 0 (-680 -464 208 ) (-568 -464 208 ) (-568 0 256 ) (-680 0 256 ) 
4 548 550 0 (-560 -464 208 ) (-552 -464 208 ) (-552 0 256 ) (-560 0 256 ) 
4 548 549 0 (-552 -464 208 ) (-464 -464 208 ) (-464 0 256 ) (-552 0 256 ) 
3 548 608 0 (-816 -464 208 ) (-816 0 256 ) (-816 0 208 ) 
4 549 617 0 (-464 -464 1024 ) (-552 -464 1024 ) (-552 -464 208 ) (-464 -464 208 ) 
4 549 551 0 (-552 -464 224 ) (-552 -464 1024 ) (-552 0 1024 ) (-552 0 336 ) 
3 549 550 0 (-552 0 256 ) (-552 -464 208 ) (-552 0 320 ) 
3 550 552 0 (-560 -348 236 ) (-560 0 320 ) (-560 0 272 ) 
4 551 617 0 (-552 -464 1024 ) (-560 -464 1024 ) (-560 -464 224 ) (-552 -464 224 ) 
4 551 552 0 (-560 -464 224 ) (-560 -464 1024 ) (-560 0 1024 ) (-560 0 336 ) 
4 552 617 0 (-560 -464 1024 ) (-568 -464 1024 ) (-568 -464 224 ) (-560 -464 224 ) 
4 552 553 0 (-568 -464 224 ) (-568 -464 1024 ) (-568 0 1024 ) (-568 0 272 ) 
4 553 617 0 (-568 -464 1024 ) (-680 -464 1024 ) (-680 -464 208 ) (-568 -464 208 ) 
4 553 555 0 (-680 -464 224 ) (-680 -464 1024 ) (-680 0 1024 ) (-680 0 336 ) 
3 553 554 0 (-680 0 256 ) (-680 -464 208 ) (-680 0 320 ) 
3 554 556 0 (-688 -348 236 ) (-688 0 320 ) (-688 0 272 ) 
4 555 617 0 (-680 -464 1024 ) (-688 -464 1024 ) (-688 -464 224 ) (-680 -464 224 ) 
4 555 556 0 (-688 -464 224 ) (-688 -464 1024 ) (-688 0 1024 ) (-688 0 336 ) 
4 556 617 0 (-688 -464 1024 ) (-696 -464 1024 ) (-696 -464 224 ) (-688 -464 224 ) 
4 556 557 0 (-696 -464 224 ) (-696 -464 1024 ) (-696 0 1024 ) (-696 0 272 ) 
4 557 617 0 (-696 -464 1024 ) (-800 -464 1024 ) (-800 -464 208 ) (-696 -464 208 ) 
4 557 559 0 (-800 -464 224 ) (-800 -464 1024 ) (-800 0 1024 ) (-800 0 336 ) 
3 557 558 0 (-800 0 256 ) (-800 -464 208 ) (-800 0 320 ) 
3 558 560 0 (-808 -348 236 ) (-808 0 320 ) (-808 0 272 ) 
4 559 617 0 (-800 -464 1024 ) (-808 -464 1024 ) (-808 -464 224 ) (-800 -464 224 ) 
4 559 560 0 (-808 -464 224 ) (-808 -464 1024 ) (-808 0 1024 ) (-808 0 336 ) 
4 560 617 0 (-808 -464 1024 ) (-816 -464 1024 ) (-816 -464 224 ) (-808 -464 224 ) 
4 560 608 0 (-816 -464 224 ) (-816 -464 1024 ) (-816 0 1024 ) (-816 0 272 ) 
4 561 600 0 (-120 -424 208 ) (-240 -424 208 ) (-240 -424 200 ) (-120 -424 200 ) 
4 561 573 0 (-160 -424 200 ) (-240 -424 200 ) (-240 -416 200 ) (-160 -416 200 ) 
4 561 572 0 (-792 -416 200 ) (-792 0 200 ) (-160 0 200 ) (-160 -416 200 ) 
4 561 571 0 (-120 -424 200 ) (-160 -424 200 ) (-160 -416 200 ) (-120 -416 200 ) 
4 561 563 0 (-160 -416 200 ) (-160 0 200 ) (-88 0 200 ) (-88 -416 200 ) 
4 563 572 0 (-160 -416 168 ) (-160 -416 200 ) (-160 0 200 ) (-160 0 168 ) 
4 563 571 0 (-160 -416 200 ) (-160 -416 168 ) (-120 -416 168 ) (-120 -416 200 ) 
4 563 570 0 (-88 -416 168 ) (-160 -416 168 ) (-160 -256 168 ) (-88 -256 168 ) 
4 564 574 0 (-160 0 160 ) (-160 0 136 ) (-160 -56 136 ) (-160 -56 160 ) 
4 565 574 0 (-160 0 128 ) (-160 0 104 ) (-160 -56 104 ) (-160 -56 128 ) 
4 566 576 0 (-160 0 96 ) (-160 0 48 ) (-160 -56 48 ) (-160 -56 96 ) 
4 567 569 0 (-104 -40 8 ) (-88 -40 8 ) (-88 -40 40 ) (-104 -40 40 ) 
4 568 582 0 (-160 0 40 ) (-160 0 8 ) (-160 -40 8 ) (-160 -40 40 ) 
4 568 569 0 (-160 -40 8 ) (-144 -40 8 ) (-144 -40 40 ) (-160 -40 40 ) 
4 569 582 0 (-160 -40 8 ) (-160 -56 8 ) (-160 -56 40 ) (-160 -40 40 ) 
4 570 591 0 (-160 -416 8 ) (-160 -416 48 ) (-160 -312 48 ) (-160 -312 8 ) 
4 570 589 0 (-160 -416 48 ) (-160 -416 104 ) (-160 -312 104 ) (-160 -312 48 ) 
4 570 588 0 (-160 -416 104 ) (-160 -416 168 ) (-160 -312 168 ) (-160 -312 104 ) 
4 570 585 0 (-160 -256 40 ) (-160 -256 8 ) (-160 -312 8 ) (-160 -312 40 ) 
4 570 581 0 (-160 -296 40 ) (-160 -312 40 ) (-160 -312 48 ) (-160 -296 48 ) 
4 570 578 0 (-160 -256 48 ) (-160 -256 40 ) (-160 -296 40 ) (-160 -296 48 ) 
4 570 574 0 (-160 -312 168 ) (-160 -256 168 ) (-160 -256 104 ) (-160 -312 104 ) 
4 570 576 0 (-160 -256 104 ) (-160 -256 48 ) (-160 -312 48 ) (-160 -312 104 ) 
4 570 571 0 (-160 -416 168 ) (-160 -416 8 ) (-120 -416 8 ) (-120 -416 168 ) 
4 571 600 0 (-120 -424 200 ) (-160 -424 200 ) (-160 -424 8 ) (-120 -424 8 ) 
4 571 593 0 (-160 -424 8 ) (-160 -424 168 ) (-160 -416 168 ) (-160 -416 8 ) 
4 571 573 0 (-160 -424 168 ) (-160 -424 200 ) (-160 -416 200 ) (-160 -416 168 ) 
4 572 588 0 (-256 -312 168 ) (-160 -312 168 ) (-160 -416 168 ) (-256 -416 168 ) 
4 572 575 0 (-792 -208 168 ) (-792 0 168 ) (-720 0 168 ) (-720 -208 168 ) 
4 572 574 0 (-720 0 168 ) (-160 0 168 ) (-160 -312 168 ) (-720 -312 168 ) 
4 572 573 0 (-240 -416 168 ) (-160 -416 168 ) (-160 -416 200 ) (-240 -416 200 ) 
4 573 600 0 (-160 -424 168 ) (-160 -424 200 ) (-240 -424 200 ) (-240 -424 168 ) 
4 573 593 0 (-240 -416 168 ) (-160 -416 168 ) (-160 -424 168 ) (-240 -424 168 ) 
4 574 588 0 (-160 -312 104 ) (-160 -312 168 ) (-256 -312 168 ) (-256 -312 104 ) 
4 574 575 0 (-720 0 104 ) (-720 -208 104 ) (-720 -208 168 ) (-720 0 168 ) 
4 574 576 0 (-160 -312 104 ) (-720 -312 104 ) (-720 0 104 ) (-160 0 104 ) 
4 575 594 0 (-792 0 160 ) (-792 0 104 ) (-792 -192 104 ) (-792 -192 160 ) 
4 575 576 0 (-792 -208 104 ) (-792 0 104 ) (-720 0 104 ) (-720 -208 104 ) 
4 576 594 0 (-792 -192 104 ) (-792 0 104 ) (-792 0 88 ) (-792 -192 88 ) 
4 576 589 0 (-160 -312 48 ) (-160 -312 104 ) (-256 -312 104 ) (-256 -312 48 ) 
4 576 590 0 (-440 -312 104 ) (-792 -312 104 ) (-792 -312 48 ) (-440 -312 48 ) 
4 576 581 0 (-160 -312 48 ) (-440 -312 48 ) (-440 -296 48 ) (-160 -296 48 ) 
4 576 579 0 (-288 -296 48 ) (-536 -296 48 ) (-536 -176 48 ) (-288 -176 48 ) 
4 576 578 0 (-160 -56 48 ) (-160 -296 48 ) (-288 -296 48 ) (-288 -56 48 ) 
4 576 577 0 (-536 0 48 ) (-160 0 48 ) (-160 -56 48 ) (-536 -56 48 ) 
4 576 580 0 (-664 0 48 ) (-536 0 48 ) (-536 -296 48 ) (-664 -296 48 ) 
4 577 582 0 (-536 0 40 ) (-160 0 40 ) (-160 -56 40 ) (-536 -56 40 ) 
4 577 578 0 (-288 -56 40 ) (-160 -56 40 ) (-160 -56 48 ) (-288 -56 48 ) 
4 577 580 0 (-536 0 40 ) (-536 -56 40 ) (-536 -56 48 ) (-536 0 48 ) 
4 578 583 0 (-160 -72 40 ) (-160 -160 40 ) (-288 -160 40 ) (-288 -72 40 ) 
4 578 585 0 (-160 -160 40 ) (-160 -296 40 ) (-288 -296 40 ) (-288 -160 40 ) 
4 578 582 0 (-160 -56 40 ) (-160 -72 40 ) (-288 -72 40 ) (-288 -56 40 ) 
4 578 581 0 (-288 -296 40 ) (-160 -296 40 ) (-160 -296 48 ) (-288 -296 48 ) 
4 578 579 0 (-288 -176 40 ) (-288 -296 40 ) (-288 -296 48 ) (-288 -176 48 ) 
4 579 585 0 (-288 -296 40 ) (-536 -296 40 ) (-536 -176 40 ) (-288 -176 40 ) 
4 579 581 0 (-440 -296 40 ) (-288 -296 40 ) (-288 -296 48 ) (-440 -296 48 ) 
4 579 580 0 (-536 -176 40 ) (-536 -296 40 ) (-536 -296 48 ) (-536 -176 48 ) 
4 580 586 0 (-552 -296 40 ) (-648 -296 40 ) (-648 -72 40 ) (-552 -72 40 ) 
4 580 584 0 (-536 -72 40 ) (-536 -160 40 ) (-552 -160 40 ) (-552 -72 40 ) 
4 580 585 0 (-536 -160 40 ) (-536 -296 40 ) (-552 -296 40 ) (-552 -160 40 ) 
4 580 582 0 (-648 0 40 ) (-536 0 40 ) (-536 -72 40 ) (-648 -72 40 ) 
4 580 587 0 (-664 0 40 ) (-648 0 40 ) (-648 -296 40 ) (-664 -296 40 ) 
4 581 591 0 (-160 -312 40 ) (-160 -312 48 ) (-256 -312 48 ) (-256 -312 40 ) 
4 581 585 0 (-160 -312 40 ) (-440 -312 40 ) (-440 -296 40 ) (-160 -296 40 ) 
4 582 586 0 (-648 -72 40 ) (-648 -72 8 ) (-552 -72 8 ) (-552 -72 40 ) 
4 582 583 0 (-304 -72 8 ) (-160 -72 8 ) (-160 -72 40 ) (-304 -72 40 ) 
4 582 584 0 (-552 -72 8 ) (-520 -72 8 ) (-520 -72 40 ) (-552 -72 40 ) 
4 582 587 0 (-648 0 8 ) (-648 -72 8 ) (-648 -72 40 ) (-648 0 40 ) 
4 583 585 0 (-304 -160 8 ) (-160 -160 8 ) (-160 -160 40 ) (-304 -160 40 ) 
4 584 586 0 (-552 -72 40 ) (-552 -72 8 ) (-552 -160 8 ) (-552 -160 40 ) 
4 584 585 0 (-552 -160 40 ) (-552 -160 8 ) (-520 -160 8 ) (-520 -160 40 ) 
4 585 592 0 (-440 -312 40 ) (-456 -312 40 ) (-456 -312 8 ) (-440 -312 8 ) 
4 585 591 0 (-160 -312 8 ) (-160 -312 40 ) (-256 -312 40 ) (-256 -312 8 ) 
4 585 586 0 (-552 -160 8 ) (-552 -296 8 ) (-552 -296 40 ) (-552 -160 40 ) 
4 586 587 0 (-648 -72 8 ) (-648 -296 8 ) (-648 -296 40 ) (-648 -72 40 ) 
4 588 593 0 (-160 -416 104 ) (-160 -416 168 ) (-240 -416 168 ) (-240 -416 104 ) 
4 588 589 0 (-160 -416 104 ) (-256 -416 104 ) (-256 -312 104 ) (-160 -312 104 ) 
4 589 593 0 (-160 -416 48 ) (-160 -416 104 ) (-240 -416 104 ) (-240 -416 48 ) 
4 589 591 0 (-160 -416 48 ) (-256 -416 48 ) (-256 -312 48 ) (-160 -312 48 ) 
4 591 593 0 (-240 -416 8 ) (-160 -416 8 ) (-160 -416 48 ) (-240 -416 48 ) 
4 593 600 0 (-160 -424 8 ) (-160 -424 168 ) (-240 -424 168 ) (-240 -424 8 ) 
4 594 595 0 (-800 -192 88 ) (-800 -192 160 ) (-800 0 160 ) (-800 0 88 ) 
4 595 608 0 (-816 -192 200 ) (-816 0 200 ) (-816 0 8 ) (-816 -192 8 ) 
4 596 608 0 (-816 -320 200 ) (-816 -200 200 ) (-816 -200 8 ) (-816 -320 8 ) 
4 597 601 0 (-816 -424 200 ) (-816 -424 8 ) (-800 -424 8 ) (-800 -424 200 ) 
4 597 608 0 (-816 -424 8 ) (-816 -424 200 ) (-816 -328 200 ) (-816 -328 8 ) 
4 598 600 0 (-120 -448 200 ) (-120 -448 208 ) (-120 -440 208 ) (-120 -440 200 ) 
4 598 599 0 (-120 -448 208 ) (-120 -448 200 ) (0 -448 200 ) (0 -448 208 ) 
4 599 633 0 (0 -448 0 ) (0 -464 0 ) (-120 -464 0 ) (-120 -448 0 ) 
4 599 628 0 (-120 -464 0 ) (0 -464 0 ) (0 -464 208 ) (-120 -464 208 ) 
4 599 600 0 (-120 -448 0 ) (-120 -464 0 ) (-120 -464 208 ) (-120 -448 208 ) 
4 600 633 0 (-120 -464 0 ) (-240 -464 0 ) (-240 -424 0 ) (-120 -424 0 ) 
4 600 628 0 (-240 -464 0 ) (-120 -464 0 ) (-120 -464 208 ) (-240 -464 208 ) 
4 600 607 0 (-240 -448 0 ) (-240 -464 0 ) (-240 -464 184 ) (-240 -448 184 ) 
4 600 605 0 (-240 -464 184 ) (-240 -464 208 ) (-240 -448 208 ) (-240 -448 184 ) 
4 600 603 0 (-240 -448 208 ) (-240 -440 208 ) (-240 -440 200 ) (-240 -448 200 ) 
4 601 602 0 (-800 -432 8 ) (-760 -432 8 ) (-760 -432 200 ) (-800 -432 200 ) 
4 601 608 0 (-816 -432 200 ) (-816 -424 200 ) (-816 -424 8 ) (-816 -432 8 ) 
4 603 605 0 (-240 -448 200 ) (-240 -448 208 ) (-400 -448 208 ) (-400 -448 200 ) 
4 604 606 0 (-424 -448 200 ) (-424 -448 208 ) (-816 -448 208 ) (-816 -448 200 ) 
4 604 608 0 (-816 -448 208 ) (-816 -440 208 ) (-816 -440 200 ) (-816 -448 200 ) 
4 605 628 0 (-240 -464 184 ) (-240 -464 208 ) (-400 -464 208 ) (-400 -464 184 ) 
4 605 607 0 (-400 -448 184 ) (-240 -448 184 ) (-240 -464 184 ) (-400 -464 184 ) 
4 606 631 0 (-424 -464 208 ) (-816 -464 208 ) (-816 -464 184 ) (-424 -464 184 ) 
4 606 607 0 (-816 -464 184 ) (-816 -448 184 ) (-424 -448 184 ) (-424 -464 184 ) 
4 606 608 0 (-816 -464 184 ) (-816 -464 208 ) (-816 -448 208 ) (-816 -448 184 ) 
4 607 633 0 (-240 -464 0 ) (-424 -464 0 ) (-424 -448 0 ) (-240 -448 0 ) 
4 607 636 0 (-424 -464 0 ) (-816 -464 0 ) (-816 -448 0 ) (-424 -448 0 ) 
4 607 629 0 (-424 -464 0 ) (-400 -464 0 ) (-400 -464 184 ) (-424 -464 184 ) 
4 607 628 0 (-400 -464 0 ) (-240 -464 0 ) (-240 -464 184 ) (-400 -464 184 ) 
4 607 631 0 (-816 -464 0 ) (-424 -464 0 ) (-424 -464 184 ) (-816 -464 184 ) 
4 607 608 0 (-816 -448 0 ) (-816 -464 0 ) (-816 -464 184 ) (-816 -448 184 ) 
4 608 645 0 (-1024 -464 1024 ) (-1024 0 1024 ) (-1024 0 0 ) (-1024 -464 0 ) 
4 608 636 0 (-1024 -464 0 ) (-1024 0 0 ) (-816 0 0 ) (-816 -464 0 ) 
4 608 631 0 (-1024 -464 0 ) (-816 -464 0 ) (-816 -464 208 ) (-1024 -464 208 ) 
4 608 617 0 (-816 -464 208 ) (-816 -464 1024 ) (-1024 -464 1024 ) (-1024 -464 208 ) 
4 609 628 0 (-400 -464 208 ) (0 -464 208 ) (0 -576 208 ) (-400 -576 208 ) 
4 609 631 0 (-464 -464 208 ) (-424 -464 208 ) (-424 -576 208 ) (-464 -576 208 ) 
3 609 611 0 (-464 -576 208 ) (0 -576 208 ) (0 -576 320 ) 
4 609 610 0 (-464 -576 1024 ) (-464 -576 224 ) (0 -576 336 ) (0 -576 1024 ) 
4 609 617 0 (-464 -464 1024 ) (-464 -464 208 ) (-464 -576 208 ) (-464 -576 1024 ) 
4 610 612 0 (-464 -584 1024 ) (-464 -584 224 ) (0 -584 336 ) (0 -584 1024 ) 
4 610 617 0 (-464 -584 224 ) (-464 -584 1024 ) (-464 -576 1024 ) (-464 -576 224 ) 
4 611 628 0 (0 -576 208 ) (0 -584 208 ) (-400 -584 208 ) (-400 -576 208 ) 
4 611 631 0 (-424 -584 208 ) (-464 -584 208 ) (-464 -576 208 ) (-424 -576 208 ) 
3 611 612 0 (0 -584 224 ) (0 -584 320 ) (-397.714294 -584 224 ) 
5 612 616 0 (-464 -640 672.195068 ) (-464 -640 224 ) (0 -640 224 ) (0 -640 534.682922 ) (-373.352356 -640 762.842712 ) 
3 612 615 0 (-464 -640 836.466125 ) (-464 -640 672.195068 ) (-362.038666 -640 774.156433 ) 
4 612 614 0 (-464 -640 1024 ) (-464 -640 836.466125 ) (0 -640 552.910522 ) (0 -640 1024 ) 
4 612 613 0 (0 -640 224 ) (-464 -640 224 ) (-464 -592 224 ) (0 -592 224 ) 
4 612 617 0 (-464 -640 224 ) (-464 -640 1024 ) (-464 -584 1024 ) (-464 -584 224 ) 
4 613 628 0 (0 -592 208 ) (0 -640 208 ) (-400 -640 208 ) (-400 -592 208 ) 
4 613 631 0 (-424 -640 208 ) (-464 -640 208 ) (-464 -592 208 ) (-424 -592 208 ) 
4 613 616 0 (-464 -640 224 ) (-464 -640 208 ) (0 -640 208 ) (0 -640 224 ) 
4 613 617 0 (-464 -592 208 ) (-464 -640 208 ) (-464 -640 224 ) (-464 -592 224 ) 
4 614 620 0 (-464 -648 876.117798 ) (-464 -648 853.490295 ) (-420.223541 -648 809.713867 ) (-362.038605 -648 774.156372 ) 
3 614 619 0 (-464 -648 853.490295 ) (-464 -648 836.466125 ) (-420.223541 -648 809.713867 ) 
5 614 618 0 (0 -648 552.910583 ) (0 -648 1024 ) (-464 -648 1024 ) (-464 -648 876.117798 ) (-362.038605 -648 774.156372 ) 
4 614 615 0 (-362.036407 -648 774.158691 ) (-464 -648 836.469727 ) (-464 -640 836.469727 ) (-362.036469 -640 774.158691 ) 
4 614 617 0 (-464 -648 836.466125 ) (-464 -648 1024 ) (-464 -640 1024 ) (-464 -640 836.466125 ) 
3 615 620 0 (-362.038696 -648 774.156433 ) (-420.223541 -648 809.713867 ) (-373.352417 -648 762.842712 ) 
4 615 619 0 (-420.223541 -648 809.713867 ) (-464 -648 836.466125 ) (-464 -648 672.195068 ) (-373.352417 -648 762.842712 ) 
4 615 616 0 (-464 -648 672.187256 ) (-464 -640 672.187256 ) (-373.347626 -640 762.839844 ) (-373.347626 -648 762.839844 ) 
4 615 617 0 (-464 -648 672.195068 ) (-464 -648 836.466125 ) (-464 -640 836.466125 ) (-464 -640 672.195068 ) 
4 616 628 0 (0 -640 208 ) (0 -648 208 ) (-400 -648 208 ) (-400 -640 208 ) 
4 616 631 0 (-424 -648 208 ) (-464 -648 208 ) (-464 -640 208 ) (-424 -640 208 ) 
5 616 619 0 (-464 -648 208 ) (0 -648 208 ) (0 -648 389.490356 ) (-373.352386 -648 762.842773 ) (-464 -648 672.195068 ) 
3 616 618 0 (0 -648 412.117767 ) (0 -648 534.682922 ) (-315.167603 -648 727.285400 ) 
4 616 617 0 (-464 -640 208 ) (-464 -648 208 ) (-464 -648 672.195068 ) (-464 -640 672.195068 ) 
4 617 645 0 (-1024 -648 1024 ) (-1024 -464 1024 ) (-1024 -464 208 ) (-1024 -648 208 ) 
4 617 631 0 (-1024 -648 208 ) (-1024 -464 208 ) (-464 -464 208 ) (-464 -648 208 ) 
4 617 620 0 (-464 -648 853.490295 ) (-464 -648 876.117798 ) (-611.882202 -648 1024 ) (-634.509705 -648 1024 ) 
5 617 619 0 (-1024 -648 208 ) (-464 -648 208 ) (-464 -648 853.490295 ) (-634.509705 -648 1024 ) (-1024 -648 1024 ) 
3 617 618 0 (-464 -648 876.117798 ) (-464 -648 1024 ) (-611.882202 -648 1024 ) 
3 618 621 0 (0 -656 412.117737 ) (0 -656 1024 ) (-611.882202 -656 1024 ) 
4 618 620 0 (-611.875732 -648 1024 ) (-362.035583 -648 774.159607 ) (-362.033051 -656 774.161987 ) (-611.871094 -656 1024 ) 
4 619 645 0 (-1024 -656 1024 ) (-1024 -648 1024 ) (-1024 -648 208 ) (-1024 -656 208 ) 
4 619 628 0 (-400 -648 208 ) (0 -648 208 ) (0 -656 208 ) (-400 -656 208 ) 
4 619 631 0 (-1024 -656 208 ) (-1024 -648 208 ) (-424 -648 208 ) (-424 -656 208 ) 
5 619 621 0 (-1024 -656 208 ) (0 -656 208 ) (0 -656 389.490356 ) (-634.509705 -656 1024 ) (-1024 -656 1024 ) 
4 619 620 0 (-373.355560 -648 762.839539 ) (-634.516052 -648 1024 ) (-634.516113 -656 1024 ) (-373.355621 -656 762.839539 ) 
4 620 621 0 (-362.038635 -656 774.156433 ) (-611.882202 -656 1024 ) (-634.509705 -656 1024 ) (-373.352417 -656 762.842712 ) 
4 621 645 0 (-1024 -768 1024 ) (-1024 -656 1024 ) (-1024 -656 208 ) (-1024 -768 208 ) 
4 621 628 0 (-400 -656 208 ) (0 -656 208 ) (0 -760 208 ) (-400 -760 208 ) 
4 621 631 0 (-1024 -768 208 ) (-1024 -656 208 ) (-424 -656 208 ) (-424 -768 208 ) 
4 621 624 0 (-928.195129 -768 208 ) (0 -768 208 ) (0 -768 534.682922 ) (-373.352386 -768 762.842712 ) 
4 621 623 0 (0 -768 552.910583 ) (0 -768 1024 ) (-112.195114 -768 1024 ) (-362.038666 -768 774.156433 ) 
4 621 622 0 (-1024 -768 208 ) (-928.195129 -768 208 ) (-112.195114 -768 1024 ) (-1024 -768 1024 ) 
4 622 645 0 (-1024 -776 1024 ) (-1024 -768 1024 ) (-1024 -768 208 ) (-1024 -776 208 ) 
4 622 631 0 (-1024 -776 208 ) (-1024 -768 208 ) (-928.195129 -768 208 ) (-928.195129 -776 208 ) 
4 622 627 0 (-373.352386 -776 762.842712 ) (-362.038696 -776 774.156433 ) (-611.882202 -776 1024 ) (-634.509705 -776 1024 ) 
5 622 626 0 (-1024 -776 208 ) (-928.195129 -776 208 ) (-373.352386 -776 762.842712 ) (-634.509705 -776 1024 ) (-1024 -776 1024 ) 
3 622 625 0 (-362.038696 -776 774.156433 ) (-112.195114 -776 1024 ) (-611.882202 -776 1024 ) 
4 622 624 0 (-373.347961 -776 762.840027 ) (-928.187866 -776 208 ) (-928.187866 -768 208 ) (-373.347931 -768 762.840027 ) 
4 622 623 0 (-112.188065 -776 1024 ) (-362.034271 -776 774.153748 ) (-362.034241 -768 774.153687 ) (-112.187912 -768 1024 ) 
4 623 625 0 (0 -776 552.910583 ) (0 -776 1024 ) (-112.195114 -776 1024 ) (-362.038666 -776 774.156433 ) 
4 624 631 0 (-928.195129 -768 208 ) (-424 -768 208 ) (-424 -776 208 ) (-928.195129 -776 208 ) 
4 624 626 0 (-928.195129 -776 208 ) (0 -776 208 ) (0 -776 389.490356 ) (-373.352386 -776 762.842712 ) 
3 624 625 0 (0 -776 412.117767 ) (0 -776 534.682922 ) (-315.167480 -776 727.285278 ) 
4 625 627 0 (-611.875732 -776 1024 ) (-362.035583 -776 774.159607 ) (-362.035858 -784 774.159302 ) (-611.876587 -784 1024 ) 
3 625 632 0 (0 -784 412.117737 ) (0 -784 1024 ) (-611.882202 -784 1024 ) 
4 626 645 0 (-1024 -784 1024 ) (-1024 -776 1024 ) (-1024 -776 208 ) (-1024 -784 208 ) 
4 626 631 0 (-424 -784 208 ) (-1024 -784 208 ) (-1024 -776 208 ) (-424 -776 208 ) 
4 626 627 0 (-373.355560 -776 762.839539 ) (-634.516052 -776 1024 ) (-634.516113 -784 1024 ) (-373.355621 -784 762.839539 ) 
5 626 632 0 (0 -784 208 ) (0 -784 389.490356 ) (-634.509705 -784 1024 ) (-1024 -784 1024 ) (-1024 -784 208 ) 
4 627 632 0 (-362.038635 -784 774.156433 ) (-611.882202 -784 1024 ) (-634.509705 -784 1024 ) (-373.352417 -784 762.842712 ) 
4 628 633 0 (-400 -464 0 ) (0 -464 0 ) (0 -760 0 ) (-400 -760 0 ) 
4 628 630 0 (-400 -760 0 ) (0 -760 0 ) (0 -760 184 ) (-400 -760 184 ) 
4 628 629 0 (-400 -760 0 ) (-400 -760 184 ) (-400 -464 184 ) (-400 -464 0 ) 
4 629 633 0 (-424 -464 0 ) (-400 -464 0 ) (-400 -760 0 ) (-424 -760 0 ) 
4 629 631 0 (-424 -464 184 ) (-424 -464 0 ) (-424 -760 0 ) (-424 -760 184 ) 
4 630 634 0 (0 -760 0 ) (0 -784 0 ) (-400 -784 0 ) (-400 -760 0 ) 
4 630 632 0 (-400 -784 0 ) (0 -784 0 ) (0 -784 184 ) (-400 -784 184 ) 
4 631 645 0 (-1024 -464 208 ) (-1024 -464 0 ) (-1024 -784 0 ) (-1024 -784 208 ) 
4 631 636 0 (-1024 -784 0 ) (-1024 -464 0 ) (-424 -464 0 ) (-424 -784 0 ) 
4 631 632 0 (-1024 -784 0 ) (-424 -784 0 ) (-424 -784 208 ) (-1024 -784 208 ) 
4 632 645 0 (-1024 -1024 0 ) (-1024 -1024 1024 ) (-1024 -784 1024 ) (-1024 -784 0 ) 
4 632 639 0 (-1024 -1024 1024 ) (-1024 -1024 0 ) (0 -1024 0 ) (0 -1024 1024 ) 
4 632 635 0 (-400 -1024 0 ) (-424 -1024 0 ) (-424 -784 0 ) (-400 -784 0 ) 
4 632 634 0 (0 -1024 0 ) (-400 -1024 0 ) (-400 -784 0 ) (0 -784 0 ) 
4 632 636 0 (-424 -1024 0 ) (-1024 -1024 0 ) (-1024 -784 0 ) (-424 -784 0 ) 
4 633 634 0 (-400 -760 -88 ) (0 -760 -88 ) (0 -760 0 ) (-400 -760 0 ) 
4 633 636 0 (-424 0 -88 ) (-424 -760 -88 ) (-424 -760 0 ) (-424 0 0 ) 
4 633 637 0 (-424 -760 -88 ) (-424 0 -88 ) (0 0 -88 ) (0 -760 -88 ) 
4 634 640 0 (-400 -1024 -88 ) (0 -1024 -88 ) (0 -1024 0 ) (-400 -1024 0 ) 
4 634 635 0 (-400 -784 -88 ) (-400 -1024 -88 ) (-400 -1024 0 ) (-400 -784 0 ) 
4 634 637 0 (0 -1024 -88 ) (-400 -1024 -88 ) (-400 -760 -88 ) (0 -760 -88 ) 
4 635 640 0 (-424 -1024 -88 ) (-400 -1024 -88 ) (-400 -1024 0 ) (-424 -1024 0 ) 
4 635 636 0 (-424 -784 -88 ) (-424 -1024 -88 ) (-424 -1024 0 ) (-424 -784 0 ) 
4 635 637 0 (-400 -1024 -88 ) (-424 -1024 -88 ) (-424 -784 -88 ) (-400 -784 -88 ) 
4 636 646 0 (-1024 -1024 -88 ) (-1024 -1024 0 ) (-1024 0 0 ) (-1024 0 -88 ) 
4 636 640 0 (-1024 -1024 0 ) (-1024 -1024 -88 ) (-424 -1024 -88 ) (-424 -1024 0 ) 
4 636 637 0 (-424 -1024 -88 ) (-1024 -1024 -88 ) (-1024 0 -88 ) (-424 0 -88 ) 
4 637 646 0 (-1024 -1024 -912 ) (-1024 -1024 -88 ) (-1024 0 -88 ) (-1024 0 -912 ) 
4 637 640 0 (-1024 -1024 -88 ) (-1024 -1024 -912 ) (0 -1024 -912 ) (0 -1024 -88 ) 
4 638 647 0 (-1024 -1024 1260 ) (-1024 -1024 1024 ) (-1024 -1028 1024 ) (-1024 -1028 1260 ) 
4 638 639 0 (-1024 -1028 1024 ) (-1024 -1024 1024 ) (0 -1024 1024 ) (0 -1028 1024 ) 
4 639 648 0 (-1024 -1028 1024 ) (-1024 -1024 1024 ) (-1024 -1024 0 ) (-1024 -1028 0 ) 
4 639 640 0 (-1024 -1028 0 ) (-1024 -1024 0 ) (0 -1024 0 ) (0 -1028 0 ) 
4 640 649 0 (-1024 -1028 -912 ) (-1024 -1028 0 ) (-1024 -1024 0 ) (-1024 -1024 -912 ) 
4 641 644 0 (-1024 0 1024 ) (-1024 0 1260 ) (-1408 0 1260 ) (-1408 0 1024 ) 
4 641 642 0 (-1024 0 1024 ) (-1408 0 1024 ) (-1408 956 1024 ) (-1024 956 1024 ) 
4 642 645 0 (-1024 0 0 ) (-1024 0 1024 ) (-1408 0 1024 ) (-1408 0 0 ) 
4 642 643 0 (-1024 0 0 ) (-1408 0 0 ) (-1408 956 0 ) (-1024 956 0 ) 
4 643 646 0 (-1024 0 -912 ) (-1024 0 0 ) (-1408 0 0 ) (-1408 0 -912 ) 
4 644 647 0 (-1408 -1024 1024 ) (-1024 -1024 1024 ) (-1024 -1024 1260 ) (-1408 -1024 1260 ) 
4 644 645 0 (-1024 -1024 1024 ) (-1408 -1024 1024 ) (-1408 0 1024 ) (-1024 0 1024 ) 
4 645 648 0 (-1408 -1024 0 ) (-1024 -1024 0 ) (-1024 -1024 1024 ) (-1408 -1024 1024 ) 
4 645 646 0 (-1024 -1024 0 ) (-1408 -1024 0 ) (-1408 0 0 ) (-1024 0 0 ) 
4 646 649 0 (-1408 -1024 -912 ) (-1024 -1024 -912 ) (-1024 -1024 0 ) (-1408 -1024 0 ) 
4 647 648 0 (-1408 -1024 1024 ) (-1024 -1024 1024 ) (-1024 -1028 1024 ) (-1408 -1028 1024 ) 
4 648 649 0 (-1408 -1024 0 ) (-1024 -1024 0 ) (-1024 -1028 0 ) (-1408 -1028 0 ) 
4 0 (1556 956 1260 ) (1556 0 1260 ) (1556 0 1024 ) (1556 956 1024 ) 
4 0 (1556 956 1260 ) (1024 956 1260 ) (1024 0 1260 ) (1556 0 1260 ) 
4 0 (1024 956 1260 ) (1556 956 1260 ) (1556 956 1024 ) (1024 956 1024 ) 
4 1 (1024 956 1024 ) (1556 956 1024 ) (1556 956 0 ) (1024 956 0 ) 
4 1 (1556 0 1024 ) (1556 0 0 ) (1556 956 0 ) (1556 956 1024 ) 
4 2 (1556 956 -912 ) (1556 0 -912 ) (1024 0 -912 ) (1024 956 -912 ) 
4 2 (1556 956 -912 ) (1556 956 0 ) (1556 0 0 ) (1556 0 -912 ) 
4 2 (1024 956 0 ) (1556 956 0 ) (1556 956 -912 ) (1024 956 -912 ) 
4 3 (1556 0 1260 ) (1024 0 1260 ) (1024 -1024 1260 ) (1556 -1024 1260 ) 
4 3 (1556 0 1260 ) (1556 -1024 1260 ) (1556 -1024 1024 ) (1556 0 1024 ) 
4 4 (1556 0 1024 ) (1556 -1024 1024 ) (1556 -1024 0 ) (1556 0 0 ) 
4 5 (1556 0 -912 ) (1556 0 0 ) (1556 -1024 0 ) (1556 -1024 -912 ) 
4 5 (1024 0 -912 ) (1556 0 -912 ) (1556 -1024 -912 ) (1024 -1024 -912 ) 
4 6 (1024 -1028 1260 ) (1024 -1028 1024 ) (1556 -1028 1024 ) (1556 -1028 1260 ) 
4 6 (1556 -1028 1260 ) (1556 -1028 1024 ) (1556 -1024 1024 ) (1556 -1024 1260 ) 
4 6 (1556 -1024 1260 ) (1024 -1024 1260 ) (1024 -1028 1260 ) (1556 -1028 1260 ) 
4 7 (1556 -1024 1024 ) (1556 -1028 1024 ) (1556 -1028 0 ) (1556 -1024 0 ) 
4 7 (1024 -1028 0 ) (1556 -1028 0 ) (1556 -1028 1024 ) (1024 -1028 1024 ) 
4 8 (1556 -1024 0 ) (1556 -1028 0 ) (1556 -1028 -912 ) (1556 -1024 -912 ) 
4 8 (1024 -1028 -912 ) (1024 -1024 -912 ) (1556 -1024 -912 ) (1556 -1028 -912 ) 
4 8 (1024 -1028 -912 ) (1556 -1028 -912 ) (1556 -1028 0 ) (1024 -1028 0 ) 
4 9 (1024 956 1260 ) (0 956 1260 ) (0 0 1260 ) (1024 0 1260 ) 
4 9 (0 956 1260 ) (1024 956 1260 ) (1024 956 1024 ) (0 956 1024 ) 
4 10 (168 520 208 ) (168 512 208 ) (168 512 216 ) (168 520 216 ) 
4 10 (168 512 224 ) (168 520 224 ) (168 520 216 ) (168 512 216 ) 
4 10 (168 528 208 ) (168 520 208 ) (168 520 224 ) (168 528 224 ) 
4 10 (168 584 208 ) (168 576 208 ) (168 576 224 ) (168 584 224 ) 
4 10 (168 592 208 ) (168 584 208 ) (168 584 224 ) (168 592 224 ) 
4 10 (168 648 208 ) (168 640 208 ) (168 640 224 ) (168 648 224 ) 
4 10 (168 656 208 ) (168 648 208 ) (168 648 224 ) (168 656 224 ) 
4 10 (168 712 208 ) (168 704 208 ) (168 704 216 ) (168 712 216 ) 
4 10 (168 704 224 ) (168 712 224 ) (168 712 216 ) (168 704 216 ) 
4 10 (168 720 208 ) (168 712 208 ) (168 712 216 ) (168 720 216 ) 
4 10 (168 712 216 ) (168 712 224 ) (168 720 224 ) (168 720 216 ) 
4 10 (200 464 208 ) (208 464 208 ) (208 464 224 ) (200 464 224 ) 
4 10 (208 464 208 ) (216 464 208 ) (216 464 224 ) (208 464 224 ) 
4 10 (328 464 208 ) (336 464 208 ) (336 464 224 ) (328 464 224 ) 
4 10 (336 464 208 ) (344 464 208 ) (344 464 224 ) (336 464 224 ) 
4 10 (456 464 208 ) (464 464 208 ) (464 464 224 ) (456 464 224 ) 
4 10 (464 464 208 ) (472 464 208 ) (472 464 224 ) (464 464 224 ) 
4 10 (584 464 208 ) (592 464 208 ) (592 464 224 ) (584 464 224 ) 
4 10 (592 464 208 ) (600 464 208 ) (600 464 224 ) (592 464 224 ) 
4 10 (1024 956 1024 ) (1024 956 208 ) (168 956 208 ) (168 956 1024 ) 
4 11 (216 0 336.001526 ) (208 0 336.001526 ) (208 464 224.001358 ) (216 464 224.001358 ) 
4 11 (344 0 336.001526 ) (336 0 336.001526 ) (336 464 224.001358 ) (344 464 224.001358 ) 
4 11 (472 0 336.001526 ) (464 0 336.001526 ) (464 464 224.001358 ) (472 464 224.001358 ) 
4 11 (600 0 336.001526 ) (592 0 336.001526 ) (592 464 224.001358 ) (600 464 224.001358 ) 
4 12 (600 136 208 ) (600 152 208 ) (800 152 208 ) (800 136 208 ) 
4 12 (800 0 208 ) (600 0 208 ) (600 136 208 ) (800 136 208 ) 
4 12 (656 424 208 ) (672 424 208 ) (672 288 208 ) (656 288 208 ) 
4 12 (672 288 208 ) (672 272 208 ) (624 272 208 ) (624 288 208 ) 
4 12 (600 424 208 ) (600 440 208 ) (648 440 208 ) (648 424 208 ) 
4 12 (600 0 335.992218 ) (600 464 223.992188 ) (600 464 208 ) (600 0 320 ) 
4 13 (592 136 208 ) (592 152 208 ) (600 152 208 ) (600 136 208 ) 
4 13 (600 0 208 ) (592 0 208 ) (592 136 208 ) (600 136 208 ) 
4 13 (592 424 208 ) (592 440 208 ) (600 440 208 ) (600 424 208 ) 
4 13 (592 464 208 ) (592 0 208 ) (592 0 224 ) (592 397.714294 224 ) 
4 13 (592 464 208.002319 ) (592 0 320.002319 ) (600 0 320.002136 ) (600 464 208.002319 ) 
4 14 (592 0 320 ) (592 397.714294 224 ) (592 463.967651 224 ) (592 0 335.992218 ) 
4 14 (584 0 224 ) (584 464 224 ) (592 464 224 ) (592 0 224 ) 
4 15 (472 136 208 ) (472 152 208 ) (584 152 208 ) (584 136 208 ) 
4 15 (584 0 208 ) (472 0 208 ) (472 136 208 ) (584 136 208 ) 
4 15 (472 272 208 ) (472 288 208 ) (528 288 208 ) (528 272 208 ) 
4 15 (472 424 208 ) (472 440 208 ) (584 440 208 ) (584 424 208 ) 
4 15 (472 0 335.992218 ) (472 464 223.992188 ) (472 464 208 ) (472 0 320 ) 
5 15 (584 0 224 ) (584 0 208 ) (584 464 208 ) (584 464 223.992188 ) (584 463.967651 224 ) 
4 16 (464 136 208 ) (464 152 208 ) (472 152 208 ) (472 136 208 ) 
4 16 (472 0 208 ) (464 0 208 ) (464 136 208 ) (472 136 208 ) 
4 16 (464 272 208 ) (464 288 208 ) (472 288 208 ) (472 272 208 ) 
4 16 (464 424 208 ) (464 440 208 ) (472 440 208 ) (472 424 208 ) 
4 16 (464 464 208 ) (464 0 208 ) (464 0 224 ) (464 397.714294 224 ) 
4 16 (464 464 208.002319 ) (464 0 320.002319 ) (472 0 320.002136 ) (472 464 208.002319 ) 
4 17 (464 0 320 ) (464 397.714294 224 ) (464 463.967651 224 ) (464 0 335.992218 ) 
4 17 (456 0 224 ) (456 464 224 ) (464 464 224 ) (464 0 224 ) 
4 18 (400 152 208 ) (456 152 208 ) (456 136 208 ) (400 136 208 ) 
4 18 (456 0 208 ) (344 0 208 ) (344 136 208 ) (456 136 208 ) 
4 18 (392 424 208 ) (408 424 208 ) (408 272 208 ) (392 272 208 ) 
4 18 (456 288 208 ) (456 272 208 ) (408 272 208 ) (408 288 208 ) 
4 18 (344 424 208 ) (344 440 208 ) (456 440 208 ) (456 424 208 ) 
4 18 (344 0 335.992218 ) (344 464 223.992188 ) (344 464 208 ) (344 0 320 ) 
5 18 (456 0 224 ) (456 0 208 ) (456 464 208 ) (456 464 223.992188 ) (456 463.967651 224 ) 
4 19 (344 0 208 ) (336 0 208 ) (336 136 208 ) (344 136 208 ) 
4 19 (336 424 208 ) (336 440 208 ) (344 440 208 ) (344 424 208 ) 
4 19 (336 464 208 ) (336 0 208 ) (336 0 224 ) (336 397.714294 224 ) 
4 19 (336 464 208.002319 ) (336 0 320.002319 ) (344 0 320.002136 ) (344 464 208.002319 ) 
4 20 (336 0 320 ) (336 397.714294 224 ) (336 463.967651 224 ) (336 0 335.992218 ) 
4 20 (328 0 224 ) (328 464 224 ) (336 464 224 ) (336 0 224 ) 
4 21 (328 0 208 ) (304 0 208 ) (304 136 208 ) (328 136 208 ) 
4 21 (304 0 208 ) (216 0 208 ) (216 152 208 ) (304 152 208 ) 
4 21 (216 424 208 ) (216 440 208 ) (328 440 208 ) (328 424 208 ) 
4 21 (216 0 335.992218 ) (216 464 223.992188 ) (216 464 208 ) (216 0 320 ) 
5 21 (328 0 224 ) (328 0 208 ) (328 464 208 ) (328 464 223.992188 ) (328 463.967651 224 ) 
4 22 (216 0 208 ) (208 0 208 ) (208 152 208 ) (216 152 208 ) 
4 22 (208 424 208 ) (208 440 208 ) (216 440 208 ) (216 424 208 ) 
4 22 (208 464 208 ) (208 0 208 ) (208 0 224 ) (208 397.714294 224 ) 
4 22 (208 464 208.002319 ) (208 0 320.002319 ) (216 0 320.002136 ) (216 464 208.002319 ) 
4 23 (208 0 320 ) (208 397.714294 224 ) (208 463.967651 224 ) (208 0 335.992218 ) 
4 23 (200 0 224 ) (200 464 224 ) (208 464 224 ) (208 0 224 ) 
4 24 (200 0 208 ) (168 0 208 ) (168 152 208 ) (200 152 208 ) 
4 24 (168 424 208 ) (168 440 208 ) (200 440 208 ) (200 424 208 ) 
4 24 (168 448 208 ) (168 440 208 ) (168 440 216 ) (168 448 216 ) 
4 24 (168 440 224 ) (168 448 224 ) (168 448 216 ) (168 440 216 ) 
4 24 (168 456 208 ) (168 448 208 ) (168 448 224 ) (168 456 224 ) 
5 24 (200 0 224 ) (200 0 208 ) (200 464 208 ) (200 464 223.992188 ) (200 463.967651 224 ) 
4 25 (0 724 208 ) (140 724 208 ) (140 724 216 ) (0 724 216 ) 
4 25 (0 956 1024 ) (168 956 1024 ) (168 956 208 ) (0 956 208 ) 
4 26 (168 456 224 ) (168 448 224 ) (88 448 246.857712 ) (88 456 246.857712 ) 
4 26 (168 528 224 ) (168 520 224 ) (88 520 246.857712 ) (88 528 246.857712 ) 
4 26 (168 592 224 ) (168 584 224 ) (88 584 246.857712 ) (88 592 246.857712 ) 
4 26 (168 656 224 ) (168 648 224 ) (88 648 246.857712 ) (88 656 246.857712 ) 
4 26 (168 720 224 ) (168 712 224 ) (88 712 246.857712 ) (88 720 246.857712 ) 
4 26 (88 369.296875 246.859375 ) (88 303.011169 246.859375 ) (88 0 320 ) (88 0 336 ) 
4 27 (80 293.548523 249.145081 ) (80 0 320.001617 ) (88 0 320.001587 ) (88 303.026337 246.857330 ) 
4 28 (88 456 246.857712 ) (88 448 246.857712 ) (80 448 249.143433 ) (80 456 249.143433 ) 
4 28 (88 528 246.857712 ) (88 520 246.857712 ) (80 520 249.143433 ) (80 528 249.143433 ) 
4 28 (88 592 246.857712 ) (88 584 246.857712 ) (80 584 249.143433 ) (80 592 249.143433 ) 
4 28 (88 656 246.857712 ) (88 648 246.857712 ) (80 648 249.143433 ) (80 656 249.143433 ) 
4 28 (88 720 246.857712 ) (88 712 246.857712 ) (80 712 249.143433 ) (80 720 249.143433 ) 
4 28 (80 0 336.001404 ) (80 359.835510 249.144562 ) (88 369.305725 246.858658 ) (88 0 336.001434 ) 
4 29 (80 456 249.143433 ) (80 448 249.143433 ) (0 448 272 ) (0 456 272 ) 
4 29 (80 528 249.143433 ) (80 520 249.143433 ) (0 520 272 ) (0 528 272 ) 
4 29 (80 592 249.143433 ) (80 584 249.143433 ) (0 584 272 ) (0 592 272 ) 
4 29 (80 656 249.143433 ) (80 648 249.143433 ) (0 648 272 ) (0 656 272 ) 
4 29 (80 720 249.143433 ) (80 712 249.143433 ) (0 712 272 ) (0 720 272 ) 
4 29 (80 0 336 ) (80 0 320 ) (80 293.560333 249.140625 ) (80 359.846039 249.140625 ) 
4 30 (0 720 216 ) (0 724 216 ) (140 724 216 ) (140 720 216 ) 
5 30 (140 720 216 ) (168 720 216 ) (168 720 224.004456 ) (0 720 272.004456 ) (0 720 256 ) 
4 31 (0 712 224 ) (0 712 216 ) (140 712 216 ) (112 712 224 ) 
4 31 (140 712 216 ) (0 712 216 ) (0 720 216 ) (140 720 216 ) 
4 31 (140.002213 720 216 ) (0 720 256 ) (0 712 256 ) (140.002213 712 216 ) 
3 32 (140 720 216 ) (168 720 208 ) (168 720 216 ) 
4 32 (140 720 216 ) (140 724 216 ) (140 724 208 ) (140 720 208 ) 
3 33 (140 712 208 ) (168 712 208 ) (140 712 216 ) 
4 33 (140 712 208 ) (140 712 216 ) (140 720 216 ) (140 720 208 ) 
4 33 (168 720 208 ) (140 720 216 ) (140 712 216 ) (168 712 208 ) 
4 34 (0 704 224 ) (0 712 224 ) (168 712 224 ) (168 704 224 ) 
4 34 (112 712 224 ) (0 712 256 ) (0 712 271.996094 ) (167.986374 712 224 ) 
4 35 (140 700 216 ) (0 700 216 ) (0 704 216 ) (140 704 216 ) 
4 35 (0 704 224 ) (168 704 224 ) (168 704 216 ) (0 704 216 ) 
4 36 (140 704 216 ) (168 704 216 ) (168 704 208 ) (140 704 208 ) 
4 36 (140 704 216 ) (140 704 208 ) (140 700 208 ) (140 700 216 ) 
3 37 (140 648 216 ) (116 648 222.857147 ) (116 648 216 ) 
4 37 (116 656 222.858475 ) (116 648 222.858475 ) (140.004730 648 216 ) (140.004745 656 216 ) 
4 37 (116 648 216 ) (116 700 216 ) (140.001083 700 216 ) (140.001083 648 216 ) 
3 38 (140 648 208 ) (168 648 208 ) (140 648 216 ) 
4 38 (140.004745 656 216 ) (140.004730 648 216 ) (168 648 208.001373 ) (168 656 208.001373 ) 
4 38 (140 648 208 ) (140 648 216 ) (140 700 216 ) (140 700 208 ) 
5 39 (0 648 208 ) (116 648 208 ) (116 648 222.857147 ) (112 648 224 ) (0 648 224 ) 
4 39 (0 656 256.001282 ) (0 648 256.001251 ) (116 648 222.858475 ) (116 656 222.858475 ) 
4 39 (116 700 208 ) (116 700 216 ) (116 648 216 ) (116 648 208 ) 
4 39 (0 700 216 ) (116 700 216 ) (116 700 208 ) (0 700 208 ) 
4 40 (0 656 256.003967 ) (168 656 208.003922 ) (168 656 224 ) (0 656 272 ) 
4 41 (112 648 224 ) (168 648 224 ) (168 640 224 ) (112 640 224 ) 
4 41 (0 640 224 ) (0 648 224 ) (112 648 224 ) (112 640 224 ) 
4 41 (112 592 224 ) (168 592 224 ) (0 592 272 ) (0 592 256 ) 
4 41 (112 648 224 ) (0 648 256 ) (0 648 271.996094 ) (167.986374 648 224 ) 
4 42 (112.005341 592 224 ) (0 592 256.001526 ) (0 584 256.001587 ) (112.005341 584 224 ) 
3 43 (140 584 216 ) (116 584 222.857147 ) (116 584 216 ) 
4 43 (116 592 222.858688 ) (116 584 222.858673 ) (140.005341 584 216 ) (140.005692 592 216 ) 
4 43 (116 584 216 ) (116 640 216 ) (140.001083 640 216 ) (140.001083 584 216 ) 
3 43 (140 640 216 ) (116 640 216 ) (116 640 222.855865 ) 
3 44 (140 584 208 ) (168 584 208 ) (140 584 216 ) 
4 44 (140.005692 592 216 ) (140.005341 584 216 ) (168 584 208.001526 ) (168 592 208.001724 ) 
4 44 (140 584 208 ) (140 584 216 ) (140 640 216 ) (140 640 208 ) 
3 44 (168 640 208 ) (140 640 208 ) (140 640 216 ) 
5 45 (0 584 208 ) (116 584 208 ) (116 584 222.857147 ) (112 584 224 ) (0 584 224 ) 
4 45 (112.005341 592 224 ) (112.005341 584 224 ) (116 584 222.858673 ) (116 592 222.858688 ) 
4 45 (116 640 208 ) (116 640 216 ) (116 584 216 ) (116 584 208 ) 
5 45 (0 640 224 ) (112.007812 640 224 ) (116 640 222.859375 ) (116 640 208 ) (0 640 208 ) 
4 46 (167.998993 640 224 ) (168 640 224 ) (168 640 208.004471 ) (112.015625 640 224 ) 
4 46 (112.015625 592 224 ) (168 592 208.004471 ) (168 592 224 ) (167.998993 592 224 ) 
4 47 (112 584 224 ) (168 584 224 ) (168 576 224 ) (112 576 224 ) 
4 47 (0 576 224 ) (0 584 224 ) (112 584 224 ) (112 576 224 ) 
4 47 (112 528 224 ) (168 528 224 ) (0 528 272 ) (0 528 256 ) 
4 47 (112 584 224 ) (0 584 256 ) (0 584 271.996094 ) (167.986374 584 224 ) 
4 48 (112.005341 528 224 ) (0 528 256.001526 ) (0 520 256.001587 ) (112.005341 520 224 ) 
3 49 (140 520 216 ) (116 520 222.857147 ) (116 520 216 ) 
4 49 (116 528 222.858688 ) (116 520 222.858673 ) (140.005341 520 216 ) (140.005692 528 216 ) 
4 49 (116 520 216 ) (116 576 216 ) (140.001083 576 216 ) (140.001083 520 216 ) 
3 49 (140 576 216 ) (116 576 216 ) (116 576 222.855865 ) 
3 50 (140 520 208 ) (168 520 208 ) (140 520 216 ) 
4 50 (140.005692 528 216 ) (140.005341 520 216 ) (168 520 208.001526 ) (168 528 208.001724 ) 
4 50 (140 520 208 ) (140 520 216 ) (140 576 216 ) (140 576 208 ) 
3 50 (168 576 208 ) (140 576 208 ) (140 576 216 ) 
4 51 (0 520 208 ) (116 520 208 ) (116 520 216 ) (0 520 216 ) 
5 51 (116 520 216 ) (116 520 222.857147 ) (112 520 224 ) (0 520 224 ) (0 520 216 ) 
4 51 (112.005341 528 224 ) (112.005341 520 224 ) (116 520 222.858673 ) (116 528 222.858688 ) 
4 51 (116 576 208 ) (116 576 216 ) (116 520 216 ) (116 520 208 ) 
5 51 (0 576 224 ) (112.007812 576 224 ) (116 576 222.859375 ) (116 576 208 ) (0 576 208 ) 
4 52 (167.998993 576 224 ) (168 576 224 ) (168 576 208.004471 ) (112.015625 576 224 ) 
4 52 (112.015625 528 224 ) (168 528 208.004471 ) (168 528 224 ) (167.998993 528 224 ) 
4 53 (0 512 224 ) (0 520 224 ) (168 520 224 ) (168 512 224 ) 
4 53 (112 520 224 ) (0 520 256 ) (0 520 271.996094 ) (167.986374 520 224 ) 
4 54 (80 464 224 ) (72 464 224 ) (72 464 216 ) (80 464 216 ) 
4 54 (88 464 224 ) (80 464 224 ) (80 464 216 ) (88 464 216 ) 
4 54 (140 464 216 ) (116 464 216 ) (116 512 216 ) (140 512 216 ) 
4 54 (0 512 224 ) (168 512 224 ) (168 512 216 ) (0 512 216 ) 
4 55 (140 512 216 ) (168 512 216 ) (168 512 208 ) (140 512 208 ) 
4 55 (140 512 216 ) (140 512 208 ) (140 464 208 ) (140 464 216 ) 
4 56 (72 464 208 ) (80 464 208 ) (80 464 216 ) (72 464 216 ) 
4 56 (80 464 208 ) (88 464 208 ) (88 464 216 ) (80 464 216 ) 
4 56 (116 512 208 ) (116 512 216 ) (116 464 216 ) (116 464 208 ) 
4 56 (0 512 216 ) (116 512 216 ) (116 512 208 ) (0 512 208 ) 
4 57 (80 0 224 ) (72 0 224 ) (72 397.714294 224 ) (80 397.714294 224 ) 
4 57 (88 397.724609 224 ) (80 397.724609 224 ) (80 293.561401 249.142838 ) (88 303.030792 246.857132 ) 
4 58 (88 448 230.856613 ) (111.998116 448 224 ) (111.998116 456 224 ) (88 456 230.856598 ) 
3 58 (88 464 224 ) (88 448 224 ) (88 448 227.862091 ) 
4 59 (80 448 233.142334 ) (88 448 230.856613 ) (88 456 230.856598 ) (80 456 233.142334 ) 
4 59 (80 448 227.863480 ) (80 464 224.001419 ) (88 464 224.001877 ) (88 448 227.863220 ) 
4 60 (72 464 224 ) (80 464 224 ) (80 448 224 ) (72 448 224 ) 
4 60 (0 448 256 ) (80 448 233.142334 ) (80 456 233.142334 ) (0 456 256 ) 
3 60 (80 448 227.862091 ) (80 448 224 ) (80 464 224 ) 
4 61 (0 456 256.004974 ) (112.017632 456 224 ) (168 456 224 ) (0 456 272 ) 
4 62 (168 448 224 ) (168 440 224 ) (88 440 224 ) (88 448 224 ) 
5 62 (88 448 227.862091 ) (88 448 224 ) (88 397.703125 224 ) (88 303.009216 246.857147 ) (88 369.302063 246.858124 ) 
4 62 (88 448 230.857147 ) (88 448 246.857147 ) (168 448 224 ) (112 448 224 ) 
4 63 (88 448 230.857147 ) (80 448 233.142868 ) (80 448 249.142868 ) (88 448 246.857147 ) 
4 63 (80 359.831085 249.143478 ) (80 448 227.861938 ) (88 448 227.863770 ) (88 369.313141 246.857147 ) 
4 64 (0 440 224 ) (0 448 224 ) (72 448 224 ) (72 440 224 ) 
4 64 (72 440 224 ) (72 448 224 ) (80 448 224 ) (80 440 224 ) 
4 64 (80 397.714294 224 ) (72 397.714294 224 ) (72 440 224 ) (80 440 224 ) 
5 64 (80 359.847809 249.140198 ) (80 293.539856 249.142853 ) (80 397.703125 224 ) (80 448 224 ) (80 448 227.862091 ) 
4 64 (80 448 233.142868 ) (0 448 256 ) (0 448 272 ) (80 448 249.142868 ) 
3 65 (140 448 216 ) (116 448 222.857147 ) (116 448 216 ) 
4 65 (116 456 222.859085 ) (116 448 222.859039 ) (140.006622 448 216 ) (140.007721 456 216 ) 
4 65 (116 448 216 ) (116 464 216 ) (140.001083 464 216 ) (140.001083 448 216 ) 
3 66 (140 448 208 ) (168 448 208 ) (140 448 216 ) 
4 66 (140.007721 456 216 ) (140.006622 448 216 ) (168 448 208.001892 ) (168 456 208.002502 ) 
4 66 (140 448 208 ) (140 448 216 ) (140 464 216 ) (140 464 208 ) 
4 67 (88 448 224 ) (88 464 224 ) (88 464 208 ) (88 448 211.862091 ) 
4 67 (88 448 216 ) (88 448 208 ) (116 448 208 ) (116 448 216 ) 
5 67 (88 448 224 ) (88 448 216 ) (116 448 216 ) (116 448 222.857147 ) (112 448 224 ) 
4 67 (112.006638 456 224 ) (112.006638 448 224 ) (116 448 222.859039 ) (116 456 222.859085 ) 
4 67 (116 464 208 ) (116 464 216 ) (116 448 216 ) (116 448 208 ) 
4 68 (112.013695 456 224 ) (168 456 208.003922 ) (168 456 224 ) (167.998993 456 224 ) 
4 69 (88 397.714294 224 ) (88 440 224 ) (88 440 216 ) (88 430.857239 216 ) 
3 69 (124 440 216 ) (140 440 216 ) (140 424 216 ) 
5 69 (167.993134 440 224 ) (168 440 223.998032 ) (168 440 216 ) (88 440 216 ) (88 440 224 ) 
4 70 (168 0 208 ) (140 0 208 ) (140 152 208 ) (168 152 208 ) 
4 70 (140 424 208 ) (140 440 208 ) (168 440 208 ) (168 424 208 ) 
4 70 (140 424 216 ) (140 440 216 ) (140 440 208 ) (140 424 208 ) 
4 70 (168 440 216 ) (168 440 208 ) (140 440 208 ) (140 440 216 ) 
4 71 (140 0 208 ) (88 0 208 ) (88 152 208 ) (140 152 208 ) 
4 71 (88 424 208 ) (88 440 208 ) (124 440 208 ) (140 424 208 ) 
3 71 (88 430.857239 216 ) (88 440 216 ) (88 440 213.793121 ) 
4 71 (124 440 208 ) (88 440 208 ) (88 440 216 ) (124 440 216 ) 
4 71 (140 423.995667 216 ) (140 423.995667 208 ) (123.997551 440 208 ) (123.997551 440 216 ) 
3 72 (80 464 208 ) (80 448 208 ) (80 448 211.862091 ) 
4 72 (80 448 211.862091 ) (80 448 208 ) (88 448 208 ) (88 448 211.862091 ) 
4 72 (80 464 208.001282 ) (80 448 211.862900 ) (88 448 211.862900 ) (88 464 208 ) 
4 73 (88 0 208 ) (80 0 208 ) (80 152 208 ) (88 152 208 ) 
4 73 (80 424 208 ) (80 440 208 ) (88 440 208 ) (88 424 208 ) 
5 73 (80 0 224 ) (80 397.714294 224 ) (80 440 213.793106 ) (80 440 208 ) (80 0 208 ) 
4 73 (88 440 213.793106 ) (88 440 208 ) (80 440 208 ) (80 440 213.793106 ) 
4 73 (88 440 213.795013 ) (80 440 213.795013 ) (80 397.722198 224 ) (88 397.722107 224 ) 
4 74 (0 448 208 ) (72 448 208 ) (72 448 224 ) (0 448 224 ) 
4 74 (72 448 208 ) (72 464 208 ) (72 464 224 ) (72 448 224 ) 
4 75 (72 0 208 ) (0 0 208 ) (0 152 208 ) (72 152 208 ) 
4 75 (0 424 208 ) (0 440 208 ) (72 440 208 ) (72 424 208 ) 
4 75 (72 0 208 ) (72 440 208 ) (72 440 224 ) (72 0 224 ) 
4 75 (0 440 224 ) (72 440 224 ) (72 440 208 ) (0 440 208 ) 
4 76 (656 424 200 ) (648 424 200 ) (648 440 200 ) (656 440 200 ) 
4 76 (648 440 200 ) (648 448 200 ) (656 448 200 ) (656 440 200 ) 
4 76 (656 432 200 ) (656 440 200 ) (672 440 200 ) (672 432 200 ) 
4 76 (656 440 200 ) (656 448 200 ) (672 448 200 ) (672 440 200 ) 
4 76 (672 440 200 ) (672 448 200 ) (776 448 200 ) (776 440 200 ) 
4 76 (784 448 200 ) (784 424 200 ) (776 424 200 ) (776 448 200 ) 
4 76 (656 424 200 ) (672 424 200 ) (672 424 208 ) (656 424 208 ) 
4 76 (648 440 200 ) (648 424 200 ) (648 424 208 ) (648 440 208 ) 
4 76 (648 956 208 ) (1024 956 208 ) (1024 956 200 ) (648 956 200 ) 
4 77 (0 724 200 ) (116 724 200 ) (116 724 208 ) (0 724 208 ) 
4 77 (116 724 200 ) (140 724 200 ) (140 724 208 ) (116 724 208 ) 
4 77 (0 956 208 ) (648 956 208 ) (648 956 200 ) (0 956 200 ) 
4 78 (648 448 200 ) (648 440 200 ) (140 440 200 ) (140 448 200 ) 
4 78 (140 440 200 ) (648 440 200 ) (648 440 208 ) (140 440 208 ) 
4 78 (140 724 208 ) (140 724 200 ) (140 440 200 ) (140 440 208 ) 
4 78 (592 440 208 ) (592 464 208 ) (584 464 208 ) (584 440 208 ) 
4 78 (464 440 208 ) (464 464 208 ) (456 464 208 ) (456 440 208 ) 
4 78 (336 440 208 ) (336 464 208 ) (328 464 208 ) (328 440 208 ) 
4 78 (208 440 208 ) (208 464 208 ) (200 464 208 ) (200 440 208 ) 
4 78 (140 704 208 ) (168 704 208 ) (168 712 208 ) (140 712 208 ) 
4 78 (140 640 208 ) (168 640 208 ) (168 648 208 ) (140 648 208 ) 
4 78 (140 576 208 ) (168 576 208 ) (168 584 208 ) (140 584 208 ) 
4 78 (140 512 208 ) (168 512 208 ) (168 520 208 ) (140 520 208 ) 
4 78 (168 440 208 ) (168 448 208 ) (140 448 208 ) (140 440 208 ) 
3 79 (124 440 200 ) (116 440 200 ) (116 448 200 ) 
4 79 (116 440 200 ) (124 440 200 ) (124 440 208 ) (116 440 208 ) 
3 79 (116 440 208 ) (124 440 208 ) (116 448 208 ) 
4 79 (123.997932 440 208 ) (123.997932 440 200 ) (116 447.997589 200 ) (116 447.997589 208 ) 
4 80 (88 448 200 ) (88 440 200 ) (80 440 200 ) (80 448 200 ) 
4 80 (116 448 200 ) (116 440 200 ) (88 440 200 ) (88 448 200 ) 
4 80 (0 440 200 ) (116 440 200 ) (116 440 208 ) (0 440 208 ) 
4 80 (116 640 208 ) (116 648 208 ) (0 648 208 ) (0 640 208 ) 
4 80 (116 576 208 ) (116 584 208 ) (0 584 208 ) (0 576 208 ) 
4 80 (116 512 208 ) (116 520 208 ) (0 520 208 ) (0 512 208 ) 
4 80 (116 440 208 ) (116 448 208 ) (88 448 208 ) (88 440 208 ) 
4 80 (88 440 208 ) (88 448 208 ) (80 448 208 ) (80 440 208 ) 
4 80 (80 448 208 ) (80 464 208 ) (72 464 208 ) (72 448 208 ) 
4 80 (80 440 208 ) (80 448 208 ) (72 448 208 ) (72 440 208 ) 
4 80 (72 440 208 ) (72 448 208 ) (0 448 208 ) (0 440 208 ) 
4 80 (116 700 208 ) (116 448 208 ) (116 448 200 ) (116 700 200 ) 
4 80 (0 700 208 ) (116 700 208 ) (116 700 200 ) (0 700 200 ) 
4 81 (672 424 200 ) (680 424 200 ) (680 272 200 ) (672 272 200 ) 
4 81 (680 424 200 ) (784 424 200 ) (784 416 200 ) (680 416 200 ) 
4 81 (672 424 208 ) (672 424 200 ) (672 288 200 ) (672 288 208 ) 
4 81 (672 288 200 ) (672 272 200 ) (672 272 208 ) (672 288 208 ) 
4 82 (624 288 208 ) (624 288 200 ) (656 288 200 ) (656 288 208 ) 
4 82 (624 424 208 ) (648 424 208 ) (648 424 200 ) (624 424 200 ) 
4 82 (656 288 208 ) (656 288 200 ) (656 424 200 ) (656 424 208 ) 
4 83 (528 288 200 ) (528 272 200 ) (528 272 208 ) (528 288 208 ) 
4 83 (624 288 208 ) (624 272 208 ) (624 272 200 ) (624 288 200 ) 
4 83 (592 272 208 ) (592 424 208 ) (584 424 208 ) (584 272 208 ) 
4 83 (528 424 208 ) (624 424 208 ) (624 424 200 ) (528 424 200 ) 
4 84 (408 424 208 ) (408 424 200 ) (408 288 200 ) (408 288 208 ) 
4 84 (408 424 208 ) (528 424 208 ) (528 424 200 ) (408 424 200 ) 
4 84 (464 288 208 ) (464 424 208 ) (456 424 208 ) (456 288 208 ) 
4 84 (408 288 208 ) (408 288 200 ) (528 288 200 ) (528 288 208 ) 
4 85 (384 424 200 ) (392 424 200 ) (392 280 200 ) (384 280 200 ) 
4 85 (392 280 200 ) (392 272 200 ) (384 272 200 ) (384 280 200 ) 
4 85 (80 272 208 ) (80 424 208 ) (72 424 208 ) (72 272 208 ) 
4 85 (208 272 208 ) (208 424 208 ) (200 424 208 ) (200 272 208 ) 
4 85 (336 272 208 ) (336 424 208 ) (328 424 208 ) (328 272 208 ) 
4 85 (140 424 208 ) (392 424 208 ) (392 424 200 ) (140 424 200 ) 
4 85 (0 424 208 ) (140 424 208 ) (140 424 200 ) (0 424 200 ) 
4 85 (392 272 208 ) (392 272 200 ) (392 424 200 ) (392 424 208 ) 
4 86 (808 0 200 ) (800 0 200 ) (800 160 200 ) (808 160 200 ) 
4 86 (800 152 200 ) (800 136 200 ) (800 136 208 ) (800 152 208 ) 
4 86 (800 136 200 ) (800 0 200 ) (800 0 208 ) (800 136 208 ) 
4 87 (0 152 200 ) (0 160 200 ) (304 160 200 ) (304 152 200 ) 
4 87 (520 152 200 ) (400 152 200 ) (400 160 200 ) (520 160 200 ) 
4 87 (544 160 200 ) (544 152 200 ) (520 152 200 ) (520 160 200 ) 
4 87 (776 152 200 ) (544 152 200 ) (544 160 200 ) (776 160 200 ) 
4 87 (800 160 200 ) (800 152 200 ) (776 152 200 ) (776 160 200 ) 
4 87 (384 272 200 ) (408 272 200 ) (408 264 200 ) (384 264 200 ) 
4 87 (408 272 200 ) (528 272 200 ) (528 264 200 ) (408 264 200 ) 
4 87 (624 272 200 ) (656 272 200 ) (656 264 200 ) (624 264 200 ) 
4 87 (656 272 200 ) (672 272 200 ) (672 264 200 ) (656 264 200 ) 
4 87 (672 272 200 ) (680 272 200 ) (680 264 200 ) (672 264 200 ) 
4 87 (400 152 200 ) (800 152 200 ) (800 152 208 ) (400 152 208 ) 
4 87 (0 152 200 ) (304 152 200 ) (304 152 208 ) (0 152 208 ) 
4 87 (392 272 208 ) (408 272 208 ) (408 272 200 ) (392 272 200 ) 
4 87 (408 272 208 ) (528 272 208 ) (528 272 200 ) (408 272 200 ) 
4 87 (624 272 208 ) (672 272 208 ) (672 272 200 ) (624 272 200 ) 
4 87 (80 152 208 ) (80 272 208 ) (72 272 208 ) (72 152 208 ) 
4 87 (208 152 208 ) (208 272 208 ) (200 272 208 ) (200 152 208 ) 
4 87 (336 152 208 ) (336 272 208 ) (328 272 208 ) (328 152 208 ) 
4 87 (464 152 208 ) (464 272 208 ) (456 272 208 ) (456 152 208 ) 
4 87 (592 152 208 ) (592 272 208 ) (584 272 208 ) (584 152 208 ) 
4 88 (304 136 208 ) (304 136 200 ) (400 136 200 ) (400 136 208 ) 
4 88 (336 136 208 ) (336 152 208 ) (328 152 208 ) (328 136 208 ) 
4 88 (304 152 208 ) (304 152 200 ) (304 136 200 ) (304 136 208 ) 
4 88 (400 136 208 ) (400 136 200 ) (400 152 200 ) (400 152 208 ) 
4 89 (784 448 0 ) (784 424 0 ) (784 424 200 ) (784 448 200 ) 
4 89 (1024 956 200 ) (1024 956 0 ) (784 956 0 ) (784 956 200 ) 
4 90 (168 896 56 ) (88 896 56 ) (88 896 40 ) (168 896 40 ) 
4 90 (0 956 200 ) (784 956 200 ) (784 956 0 ) (0 956 0 ) 
4 91 (776 448 200 ) (776 448 0 ) (784 448 0 ) (784 448 200 ) 
4 92 (168 832 56 ) (88 832 56 ) (88 896 56 ) (168 896 56 ) 
4 93 (168 896 40 ) (168 832 40 ) (168 832 56 ) (168 896 56 ) 
4 94 (104 880 40 ) (104 880 0 ) (152 880 0 ) (152 880 40 ) 
4 94 (168 880 40 ) (168 896 40 ) (104 896 40 ) (104 880 40 ) 
4 95 (168 832 8 ) (168 832 24 ) (152 832 24 ) (152 832 8 ) 
4 95 (248 832 16 ) (248 832 32 ) (232 832 32 ) (232 832 16 ) 
4 95 (312 832 16 ) (312 832 32 ) (248 832 32 ) (248 832 16 ) 
4 95 (768 832 16 ) (768 832 32 ) (312 832 32 ) (312 832 16 ) 
4 95 (168 880 40 ) (152 880 40 ) (152 832 40 ) (168 832 40 ) 
4 95 (152 880 40 ) (152 880 0 ) (152 832 0 ) (152 832 40 ) 
4 96 (104 832 8 ) (104 832 24 ) (88 832 24 ) (88 832 8 ) 
4 96 (104 880 0 ) (104 880 40 ) (104 832 40 ) (104 832 0 ) 
4 96 (104 896 40 ) (88 896 40 ) (88 832 40 ) (104 832 40 ) 
4 97 (88 896 40 ) (88 896 56 ) (88 832 56 ) (88 832 40 ) 
4 98 (768 752 16 ) (768 752 32 ) (768 768 32 ) (768 768 16 ) 
4 98 (768 816 0 ) (768 768 0 ) (768 768 8 ) (768 816 8 ) 
4 98 (768 768 8 ) (768 768 16 ) (768 816 16 ) (768 816 8 ) 
4 98 (768 768 16 ) (768 768 32 ) (768 816 32 ) (768 816 16 ) 
4 98 (768 832 32 ) (768 832 16 ) (768 816 16 ) (768 816 32 ) 
4 99 (140 724 192 ) (140 672 192 ) (140 672 200 ) (140 724 200 ) 
4 100 (0 724 192 ) (116 724 192 ) (116 724 200 ) (0 724 200 ) 
4 100 (116 724 192 ) (140 724 192 ) (140 724 200 ) (116 724 200 ) 
4 101 (116 700 200 ) (116 672 200 ) (116 672 192 ) (116 700 192 ) 
4 101 (0 700 200 ) (116 700 200 ) (116 700 192 ) (0 700 192 ) 
4 102 (168 724 104 ) (116 724 104 ) (116 752 104 ) (168 752 104 ) 
4 102 (116 724 192 ) (116 724 104 ) (140 724 104 ) (140 724 192 ) 
4 103 (168 672 104 ) (140 672 104 ) (140 724 104 ) (168 724 104 ) 
4 103 (140 724 192 ) (140 724 104 ) (140 700 104 ) (140 700 192 ) 
4 104 (140 672 104 ) (116 672 104 ) (116 700 104 ) (140 700 104 ) 
4 104 (116 700 192 ) (116 672 192 ) (140 672 192 ) (140 700 192 ) 
4 104 (140 700 192 ) (140 700 104 ) (116 700 104 ) (116 700 192 ) 
4 105 (88 672 104 ) (88 752 104 ) (116 752 104 ) (116 672 104 ) 
4 105 (116 724 192 ) (116 700 192 ) (116 700 104 ) (116 724 104 ) 
4 105 (88 700 192 ) (116 700 192 ) (116 724 192 ) (88 724 192 ) 
4 106 (88 752 88 ) (168 752 88 ) (168 752 104 ) (88 752 104 ) 
4 107 (168 752 104 ) (168 752 88 ) (168 672 88 ) (168 672 104 ) 
4 108 (768 816 32 ) (312 816 32 ) (312 832 32 ) (768 832 32 ) 
4 109 (584 816 0 ) (768 816 0 ) (768 816 8 ) (584 816 8 ) 
4 109 (312 816 8 ) (312 816 0 ) (504 816 0 ) (504 816 8 ) 
4 109 (312 816 16 ) (312 816 8 ) (768 816 8 ) (768 816 16 ) 
4 109 (768 832 16 ) (312 832 16 ) (312 816 16 ) (768 816 16 ) 
4 110 (768 768 32 ) (312 768 32 ) (312 816 32 ) (768 816 32 ) 
4 111 (504 768 0 ) (504 768 8 ) (504 816 8 ) (504 816 0 ) 
4 111 (584 816 8 ) (504 816 8 ) (504 768 8 ) (584 768 8 ) 
4 111 (584 816 0 ) (584 816 8 ) (584 768 8 ) (584 768 0 ) 
4 112 (312 672 40 ) (312 672 56 ) (312 736 56 ) (312 736 40 ) 
4 112 (312 736 56 ) (312 752 56 ) (312 752 40 ) (312 736 40 ) 
4 112 (312 752 32 ) (312 768 32 ) (768 768 32 ) (768 752 32 ) 
4 113 (768 768 16 ) (768 768 8 ) (312 768 8 ) (312 768 16 ) 
4 113 (504 768 8 ) (504 768 0 ) (312 768 0 ) (312 768 8 ) 
4 113 (584 768 8 ) (768 768 8 ) (768 768 0 ) (584 768 0 ) 
4 113 (768 768 16 ) (312 768 16 ) (312 752 16 ) (768 752 16 ) 
4 114 (312 736 32 ) (312 752 32 ) (312 752 16 ) (312 736 16 ) 
4 114 (312 752 16 ) (312 752 32 ) (768 752 32 ) (768 752 16 ) 
4 115 (248 672 56 ) (248 736 56 ) (312 736 56 ) (312 672 56 ) 
4 115 (248 736 56 ) (248 752 56 ) (312 752 56 ) (312 736 56 ) 
4 116 (248 752 40 ) (312 752 40 ) (312 752 56 ) (248 752 56 ) 
4 117 (296 736 40 ) (248 736 40 ) (248 736 32 ) (296 736 32 ) 
4 117 (312 752 40 ) (248 752 40 ) (248 736 40 ) (312 736 40 ) 
4 117 (312 736 32 ) (248 736 32 ) (248 832 32 ) (312 832 32 ) 
4 118 (312 816 0 ) (312 816 16 ) (248 816 16 ) (248 816 0 ) 
4 118 (312 816 16 ) (312 832 16 ) (248 832 16 ) (248 816 16 ) 
4 119 (296 768 0 ) (296 768 16 ) (312 768 16 ) (312 768 0 ) 
4 119 (312 768 16 ) (296 768 16 ) (296 736 16 ) (312 736 16 ) 
4 119 (296 768 16 ) (296 768 0 ) (296 736 0 ) (296 736 16 ) 
4 120 (296 688 40 ) (296 736 40 ) (296 736 0 ) (296 688 0 ) 
4 120 (296 672 40 ) (312 672 40 ) (312 736 40 ) (296 736 40 ) 
4 120 (296 736 16 ) (296 736 32 ) (312 736 32 ) (312 736 16 ) 
4 121 (248 672 16 ) (248 672 32 ) (248 688 32 ) (248 688 16 ) 
4 121 (296 672 40 ) (296 688 40 ) (248 688 40 ) (248 672 40 ) 
4 121 (248 688 0 ) (248 688 40 ) (296 688 40 ) (296 688 0 ) 
4 122 (248 736 56 ) (232 736 56 ) (232 752 56 ) (248 752 56 ) 
4 123 (232 752 40 ) (248 752 40 ) (248 752 56 ) (232 752 56 ) 
4 124 (232 752 32 ) (232 832 32 ) (248 832 32 ) (248 752 32 ) 
3 124 (232 752 32 ) (248 752 32 ) (232 752 40 ) 
4 125 (248 752 40 ) (232 752 40 ) (232 736 40 ) (248 736 40 ) 
4 125 (232.008606 736 40 ) (232.008606 752 40 ) (248 752 32.003029 ) (248 736 32.003029 ) 
4 126 (248 736 0 ) (248 736 16 ) (232 736 16 ) (232 736 0 ) 
4 126 (248 752 16 ) (232 752 16 ) (232 736 16 ) (248 736 16 ) 
4 126 (248 752 16 ) (248 832 16 ) (232 832 16 ) (232 752 16 ) 
4 126 (248 768 16 ) (248 736 16 ) (248 736 0 ) (248 768 0 ) 
4 126 (248 816 16 ) (248 768 16 ) (248 768 0 ) (248 816 0 ) 
4 127 (168 832 56 ) (168 832 40 ) (168 816 40 ) (168 816 56 ) 
5 127 (168 832 24 ) (168 832 8 ) (168 752 54.666664 ) (168 752 56 ) (168 777.142883 56 ) 
3 127 (168 777.142883 56 ) (168 752 56 ) (168 752 70.666672 ) 
4 127 (168 752 72 ) (168 752 56 ) (232 752 24 ) (232 752 40 ) 
4 127 (232 752 16 ) (232 832 16 ) (232 832 32 ) (232 752 32 ) 
4 128 (168 736 56 ) (168 736 0 ) (232 736 0 ) (232 736 24 ) 
3 128 (168 749.714294 56 ) (168 752 56 ) (168 752 54.666672 ) 
4 128 (232 752 23.998930 ) (168 752 56 ) (168 736 56 ) (232 736 23.998930 ) 
4 128 (232 752 16 ) (232 752 24 ) (232 736 24 ) (232 736 16 ) 
3 129 (168 736 72 ) (168 736 80 ) (168 749.714294 72 ) 
4 129 (232 752 40 ) (232 752 56 ) (232 736 56 ) (232 736 40 ) 
4 129 (168 736 72.001633 ) (168 752 72.001633 ) (232 752 40.001633 ) (232 736 40.001633 ) 
3 130 (152 736 88 ) (136 736 88 ) (152 736 80 ) 
5 130 (168 752 72.001633 ) (168 749.711548 72.001633 ) (152.003220 736 80 ) (152 736 80.001633 ) (152 752 80.001633 ) 
4 130 (136 736 88 ) (168 736 88 ) (168 752 88 ) (136 752 88 ) 
3 130 (151.995132 736 80.002434 ) (168 749.718750 72 ) (168 736 80.002602 ) 
4 131 (168 752 70.666664 ) (168 752 72.003914 ) (152 752 80.003914 ) (152 752 70.666664 ) 
4 131 (88 816 56 ) (88 832 56 ) (168 832 56 ) (168 816 56 ) 
4 131 (168 752 70.667587 ) (88 752 70.667587 ) (88 777.146912 56 ) (168 777.146912 56 ) 
4 132 (168 777.146912 56 ) (88 777.146912 56 ) (88 804.575500 40 ) (168 804.577271 40 ) 
4 132 (88 816 56 ) (168 816 56 ) (168 816 40 ) (88 816 40 ) 
4 133 (168 816 40 ) (168 832 40 ) (88 832 40 ) (88 816 40 ) 
4 133 (88 804.575500 40 ) (88 832 24.002363 ) (168 832 24.004482 ) (168 804.577271 40 ) 
4 133 (104 832 24 ) (104 832 40 ) (152 832 40 ) (152 832 24 ) 
4 134 (136 736 88 ) (104 736 88 ) (104 736 80 ) (152 736 80 ) 
4 134 (136 736 88 ) (136 752 88 ) (88 752 88 ) (88 736 88 ) 
4 134 (152 736 80.003189 ) (152 736 80 ) (152 752 70.666672 ) (152 752 80.005051 ) 
5 134 (88 752 70.670250 ) (152 752 70.670250 ) (152 736.006104 80 ) (151.992874 736 80.003571 ) (88 736 80.003571 ) 
4 135 (152 736 0 ) (168 736 0 ) (168 736 56 ) (152 736 64 ) 
4 135 (152 736 0 ) (152 736 64.010391 ) (152 832 8.010389 ) (152 832 0 ) 
4 135 (152 832 8.006310 ) (152 752 54.672344 ) (168 752 54.672375 ) (168 832 8.006498 ) 
4 135 (152 752 54.672344 ) (152 736.009521 64 ) (168 749.723999 56 ) (168 752 54.672375 ) 
4 135 (168 749.724426 55.998638 ) (152 736.007751 64.001404 ) (152 736 64.001404 ) (168 736 55.998638 ) 
4 136 (104 832 0 ) (104 832 8.010382 ) (104 736 64.010384 ) (104 736 0 ) 
4 136 (104 832 8.005741 ) (88 832 8.005552 ) (88 752 54.672222 ) (104 752 54.672253 ) 
4 136 (104 752 54.672253 ) (88 752 54.672222 ) (88 736 64.005554 ) (104 736 64.005554 ) 
4 137 (152 688 64.001404 ) (152 672 64.001404 ) (248 672 15.998821 ) (248 688 15.998821 ) 
4 137 (152 688 0 ) (152 688 64 ) (248 688 16.001040 ) (248 688 0 ) 
4 138 (152 736 88 ) (152 736 80 ) (152 688 80 ) (152 688 88 ) 
4 138 (232 736 56 ) (248 736 56 ) (248 672 56 ) (232 672 56 ) 
4 138 (152 672 80 ) (152 736 80 ) (200.001648 736 56 ) (200.001648 672 56 ) 
3 138 (168 736 80 ) (168 736 72 ) (152 736 80 ) 
4 138 (152 672 88 ) (168 672 88 ) (168 736 88 ) (152 736 88 ) 
4 139 (232 736 40 ) (248 736 32 ) (248 672 32 ) (232 672 40 ) 
4 139 (248 688 32 ) (248 736 32 ) (248 736 40 ) (248 688 40 ) 
4 139 (248 672 40 ) (248 736 40 ) (232 736 40 ) (232 672 40 ) 
4 140 (232 736 56 ) (232 672 56 ) (232 672 40 ) (232 736 40 ) 
4 140 (200.001648 736 56 ) (232 736 40 ) (232 672 40 ) (200.001648 672 56 ) 
4 141 (104 688 88 ) (104 736 88 ) (88 736 88 ) (88 688 88 ) 
4 141 (104 736 80 ) (104 736 64 ) (88 736 64 ) (88 736 80 ) 
4 141 (104 688 88 ) (104 688 0 ) (104 736 0 ) (104 736 88 ) 
4 142 (104 688 0 ) (104 688 88 ) (152 688 88 ) (152 688 0 ) 
4 142 (152 672 88 ) (152 688 88 ) (88 688 88 ) (88 672 88 ) 
4 142 (152 688 80 ) (152 672 80 ) (152 672 64 ) (152 688 64 ) 
4 143 (88 736 80 ) (88 736 64 ) (88 752 54.666676 ) (88 752 70.666672 ) 
4 143 (88 816 56 ) (88 816 40 ) (88 832 40 ) (88 832 56 ) 
5 143 (88 777.142883 56 ) (88 752 56 ) (88 752 54.666676 ) (88 832 8 ) (88 832 24 ) 
3 143 (88 752 70.666672 ) (88 752 56 ) (88 777.142883 56 ) 
4 143 (88 752 88 ) (88 752 104 ) (88 672 104 ) (88 672 88 ) 
4 143 (88 700 192 ) (88 724 192 ) (0 724 192 ) (0 700 192 ) 
4 144 (672 448 200 ) (672 448 8 ) (776 448 8 ) (776 448 200 ) 
4 145 (680 424 200 ) (672 424 200 ) (672 424 8 ) (680 424 8 ) 
4 145 (776 424 8 ) (776 424 200 ) (680 424 200 ) (680 424 8 ) 
4 145 (776 440 8 ) (776 424 8 ) (672 424 8 ) (672 440 8 ) 
4 145 (672 440 8 ) (672 432 8 ) (672 432 200 ) (672 440 200 ) 
4 145 (776 440 200 ) (776 440 8 ) (672 440 8 ) (672 440 200 ) 
4 145 (776 440 8 ) (776 440 200 ) (776 424 200 ) (776 424 8 ) 
4 146 (656 448 200 ) (656 448 8 ) (672 448 8 ) (672 448 200 ) 
4 147 (672 432 8 ) (672 424 8 ) (656 424 8 ) (656 432 8 ) 
4 147 (656 432 8 ) (656 424 8 ) (656 424 200 ) (656 432 200 ) 
4 147 (672 432 200 ) (672 432 8 ) (656 432 8 ) (656 432 200 ) 
4 148 (140 672 200 ) (140 672 192 ) (140 448 192 ) (140 448 200 ) 
4 148 (140 448 200 ) (140 448 8 ) (656 448 8 ) (656 448 200 ) 
4 148 (232 672 40 ) (232 672 56 ) (248 672 56 ) (248 672 40 ) 
4 148 (152 672 64 ) (152 672 80 ) (248 672 32 ) (248 672 16 ) 
4 148 (248 672 40 ) (248 672 56 ) (312 672 56 ) (312 672 40 ) 
4 148 (168 672 88 ) (140 672 88 ) (140 672 104 ) (168 672 104 ) 
4 149 (648 424 8 ) (528 424 8 ) (528 440 8 ) (648 440 8 ) 
4 149 (528 440 200 ) (528 440 8 ) (528 424 8 ) (528 424 200 ) 
4 149 (528 440 200 ) (648 440 200 ) (648 440 8 ) (528 440 8 ) 
4 149 (528 424 200 ) (648 424 200 ) (648 440 200 ) (528 440 200 ) 
4 149 (648 424 200 ) (648 424 8 ) (648 440 8 ) (648 440 200 ) 
4 150 (520 424 8 ) (400 424 8 ) (400 440 8 ) (520 440 8 ) 
4 150 (400 440 200 ) (400 440 8 ) (400 424 8 ) (400 424 200 ) 
4 150 (400 440 200 ) (520 440 200 ) (520 440 8 ) (400 440 8 ) 
4 150 (400 424 200 ) (520 424 200 ) (520 440 200 ) (400 440 200 ) 
4 150 (520 424 200 ) (520 424 8 ) (520 440 8 ) (520 440 200 ) 
4 151 (392 424 200 ) (384 424 200 ) (384 424 8 ) (392 424 8 ) 
4 151 (392 424 8 ) (272 424 8 ) (272 440 8 ) (392 440 8 ) 
4 151 (272 424 200 ) (392 424 200 ) (392 440 200 ) (272 440 200 ) 
4 151 (272 440 200 ) (392 440 200 ) (392 440 8 ) (272 440 8 ) 
4 151 (272 440 200 ) (272 440 8 ) (272 424 8 ) (272 424 200 ) 
4 151 (392 424 200 ) (392 424 8 ) (392 440 8 ) (392 440 200 ) 
4 152 (264 424 8 ) (144 424 8 ) (144 440 8 ) (264 440 8 ) 
4 152 (264 424 200 ) (264 424 8 ) (264 440 8 ) (264 440 200 ) 
4 152 (144 424 200 ) (264 424 200 ) (264 440 200 ) (144 440 200 ) 
4 152 (144 440 200 ) (264 440 200 ) (264 440 8 ) (144 440 8 ) 
4 152 (144 440 200 ) (144 440 8 ) (144 424 8 ) (144 424 200 ) 
4 153 (116 448 192 ) (116 448 8 ) (140 448 8 ) (140 448 192 ) 
4 153 (140 672 88 ) (116 672 88 ) (116 672 104 ) (140 672 104 ) 
4 153 (140 672 192 ) (116 672 192 ) (116 448 192 ) (140 448 192 ) 
4 154 (124 440 200 ) (124 440 192 ) (116 440 192 ) (116 440 200 ) 
5 154 (116 424 200 ) (136 424 200 ) (136 428 200 ) (124 440 200 ) (116 440 200 ) 
4 154 (136 428 200 ) (136 424 200 ) (136 424 192 ) (136 428 192 ) 
4 154 (136 427.998230 200 ) (136 427.998230 192 ) (123.996788 440 192 ) (123.996788 440 200 ) 
4 155 (136 424 8 ) (116 424 8 ) (116 440 8 ) (136 440 8 ) 
4 155 (136 440 8 ) (116 440 8 ) (116 440 192 ) (136 440 192 ) 
3 155 (136 428 192 ) (136 440 192 ) (124 440 192 ) 
4 155 (136 424 192 ) (136 424 8 ) (136 440 8 ) (136 440 192 ) 
4 156 (88 448 200 ) (88 448 8 ) (116 448 8 ) (116 448 200 ) 
4 156 (116 672 88 ) (88 672 88 ) (88 672 104 ) (116 672 104 ) 
4 156 (116 448 200 ) (116 448 192 ) (116 672 192 ) (116 672 200 ) 
4 157 (116 440 8 ) (116 424 8 ) (88 424 8 ) (88 440 8 ) 
4 157 (88 440 8 ) (88 424 8 ) (88 424 200 ) (88 440 200 ) 
4 157 (88 424 200 ) (116 424 200 ) (116 440 200 ) (88 440 200 ) 
4 157 (116 440 200 ) (116 440 8 ) (88 440 8 ) (88 440 200 ) 
4 158 (80 448 200 ) (80 448 8 ) (88 448 8 ) (88 448 200 ) 
4 159 (776 448 0 ) (776 448 8 ) (80 448 8 ) (80 448 0 ) 
4 160 (80 440 8 ) (80 424 8 ) (0 424 8 ) (0 440 8 ) 
4 160 (80 424 200 ) (80 440 200 ) (0 440 200 ) (0 424 200 ) 
4 160 (80 448 200 ) (80 424 200 ) (80 424 8 ) (80 448 8 ) 
4 161 (80 448 8 ) (80 440 8 ) (80 440 0 ) (80 448 0 ) 
4 161 (0 440 0 ) (80 440 0 ) (80 440 8 ) (0 440 8 ) 
4 162 (784 424 200 ) (784 424 8 ) (784 416 8 ) (784 416 200 ) 
4 163 (776 264 8 ) (680 264 8 ) (680 416 8 ) (776 416 8 ) 
4 163 (680 416 8 ) (680 264 8 ) (680 264 200 ) (680 416 200 ) 
4 163 (784 416 200 ) (784 416 8 ) (680 416 8 ) (680 416 200 ) 
4 164 (672 416 8 ) (672 328 8 ) (656 328 8 ) (656 416 8 ) 
4 164 (656 424 8 ) (672 424 8 ) (672 416 8 ) (656 416 8 ) 
4 164 (656 328 200 ) (656 328 8 ) (672 328 8 ) (672 328 200 ) 
4 164 (672 328 200 ) (672 328 8 ) (672 424 8 ) (672 424 200 ) 
4 164 (656 328 200 ) (672 328 200 ) (672 424 200 ) (656 424 200 ) 
4 165 (672 320 8 ) (672 280 8 ) (656 280 8 ) (656 320 8 ) 
4 165 (656 280 200 ) (656 280 8 ) (672 280 8 ) (672 280 200 ) 
4 165 (672 320 200 ) (672 280 200 ) (672 280 8 ) (672 320 8 ) 
4 165 (656 320 200 ) (656 288 200 ) (672 288 200 ) (672 320 200 ) 
4 165 (656 288 200 ) (656 280 200 ) (672 280 200 ) (672 288 200 ) 
4 165 (672 320 200 ) (672 320 8 ) (656 320 8 ) (656 320 200 ) 
4 166 (656 416 8 ) (656 288 8 ) (624 288 8 ) (624 416 8 ) 
4 166 (624 424 8 ) (656 424 8 ) (656 416 8 ) (624 416 8 ) 
4 166 (624 288 200 ) (624 288 8 ) (632 288 8 ) (632 288 200 ) 
4 166 (656 328 200 ) (656 320 200 ) (656 320 8 ) (656 328 8 ) 
4 166 (656 424 8 ) (648 424 8 ) (648 424 200 ) (656 424 200 ) 
4 167 (656 288 8 ) (656 272 8 ) (632 272 8 ) (632 288 8 ) 
4 167 (632 272 8 ) (656 272 8 ) (656 272 200 ) (632 272 200 ) 
4 167 (656 280 200 ) (656 272 200 ) (656 272 8 ) (656 280 8 ) 
4 167 (656 288 200 ) (632 288 200 ) (632 272 200 ) (656 272 200 ) 
4 167 (632 288 200 ) (632 288 8 ) (632 272 8 ) (632 272 200 ) 
4 168 (624 416 8 ) (624 288 8 ) (408 288 8 ) (408 416 8 ) 
4 168 (408 424 8 ) (624 424 8 ) (624 416 8 ) (408 416 8 ) 
4 168 (408 328 8 ) (408 320 8 ) (408 320 200 ) (408 328 200 ) 
4 168 (472 288 8 ) (480 288 8 ) (480 288 200 ) (472 288 200 ) 
4 168 (408 288 200 ) (408 288 8 ) (416 288 8 ) (416 288 200 ) 
4 168 (520 288 8 ) (528 288 8 ) (528 288 200 ) (520 288 200 ) 
4 168 (528 424 8 ) (520 424 8 ) (520 424 200 ) (528 424 200 ) 
4 169 (624 288 8 ) (624 264 8 ) (528 264 8 ) (528 288 8 ) 
4 169 (528 288 200 ) (528 288 8 ) (528 272 8 ) (528 272 200 ) 
4 169 (528 272 8 ) (528 264 8 ) (528 264 200 ) (528 272 200 ) 
4 169 (624 272 200 ) (624 264 200 ) (624 264 8 ) (624 272 8 ) 
4 169 (624 288 200 ) (624 272 200 ) (624 272 8 ) (624 288 8 ) 
4 170 (480 288 8 ) (520 288 8 ) (520 272 8 ) (480 272 8 ) 
4 170 (480 288 200 ) (480 288 8 ) (480 272 8 ) (480 272 200 ) 
4 170 (480 272 8 ) (520 272 8 ) (520 272 200 ) (480 272 200 ) 
4 170 (520 288 200 ) (480 288 200 ) (480 272 200 ) (520 272 200 ) 
4 170 (520 272 200 ) (520 272 8 ) (520 288 8 ) (520 288 200 ) 
4 171 (416 288 8 ) (472 288 8 ) (472 272 8 ) (416 272 8 ) 
4 171 (472 288 200 ) (416 288 200 ) (416 272 200 ) (472 272 200 ) 
4 171 (416 272 8 ) (472 272 8 ) (472 272 200 ) (416 272 200 ) 
4 171 (416 288 200 ) (416 288 8 ) (416 272 8 ) (416 272 200 ) 
4 171 (472 272 200 ) (472 272 8 ) (472 288 8 ) (472 288 200 ) 
4 172 (408 416 8 ) (408 328 8 ) (392 328 8 ) (392 416 8 ) 
4 172 (392 424 8 ) (408 424 8 ) (408 416 8 ) (392 416 8 ) 
4 172 (392 328 200 ) (392 328 8 ) (408 328 8 ) (408 328 200 ) 
4 172 (392 424 200 ) (392 424 8 ) (392 328 8 ) (392 328 200 ) 
4 172 (392 328 200 ) (408 328 200 ) (408 424 200 ) (392 424 200 ) 
4 172 (400 424 8 ) (392 424 8 ) (392 424 200 ) (400 424 200 ) 
4 173 (408 320 8 ) (408 280 8 ) (392 280 8 ) (392 320 8 ) 
4 173 (392 280 8 ) (408 280 8 ) (408 280 200 ) (392 280 200 ) 
4 173 (392 320 200 ) (392 280 200 ) (408 280 200 ) (408 320 200 ) 
4 173 (408 288 200 ) (408 280 200 ) (408 280 8 ) (408 288 8 ) 
4 173 (392 320 8 ) (392 280 8 ) (392 280 200 ) (392 320 200 ) 
4 173 (408 320 200 ) (408 320 8 ) (392 320 8 ) (392 320 200 ) 
4 174 (0 264 8 ) (0 416 8 ) (384 416 8 ) (384 264 8 ) 
4 174 (0 416 8 ) (0 424 8 ) (384 424 8 ) (384 416 8 ) 
4 174 (384 280 200 ) (384 280 8 ) (384 424 8 ) (384 424 200 ) 
4 174 (384 280 200 ) (384 264 200 ) (384 264 8 ) (384 280 8 ) 
4 174 (88 424 8 ) (80 424 8 ) (80 424 200 ) (88 424 200 ) 
4 174 (136 424 192 ) (140 424 192 ) (140 424 8 ) (136 424 8 ) 
4 174 (140 424 192 ) (136 424 192 ) (136 424 200 ) (140 424 200 ) 
4 174 (272 424 8 ) (264 424 8 ) (264 424 200 ) (272 424 200 ) 
4 174 (144 424 8 ) (140 424 8 ) (140 424 200 ) (144 424 200 ) 
4 175 (544 160 8 ) (544 264 8 ) (776 264 8 ) (776 160 8 ) 
4 175 (544 160 200 ) (544 160 8 ) (776 160 8 ) (776 160 200 ) 
4 175 (776 160 8 ) (808 160 8 ) (808 160 200 ) (776 160 200 ) 
4 175 (672 264 200 ) (680 264 200 ) (680 264 8 ) (672 264 8 ) 
4 175 (656 264 200 ) (672 264 200 ) (672 264 8 ) (656 264 8 ) 
4 175 (624 264 200 ) (656 264 200 ) (656 264 8 ) (624 264 8 ) 
4 176 (808 160 200 ) (808 160 8 ) (808 0 8 ) (808 0 200 ) 
4 177 (544 56 8 ) (544 128 8 ) (776 128 8 ) (776 56 8 ) 
4 177 (544 64 8 ) (544 56 8 ) (544 56 200 ) (544 64 200 ) 
4 177 (544 128 8 ) (544 120 8 ) (544 120 200 ) (544 128 200 ) 
4 177 (544 56 200 ) (544 56 8 ) (616 56 8 ) (616 56 200 ) 
4 177 (728 56 8 ) (776 56 8 ) (776 56 200 ) (728 56 200 ) 
4 177 (776 128 200 ) (776 56 200 ) (776 56 8 ) (776 128 8 ) 
4 177 (776 56 200 ) (776 128 200 ) (544 128 200 ) (544 56 200 ) 
4 177 (776 128 200 ) (776 128 8 ) (544 128 8 ) (544 128 200 ) 
4 178 (616 56 8 ) (728 56 8 ) (728 48 8 ) (616 48 8 ) 
4 178 (728 48 200 ) (728 48 8 ) (728 56 8 ) (728 56 200 ) 
4 178 (616 48 200 ) (728 48 200 ) (728 56 200 ) (616 56 200 ) 
4 178 (616 56 200 ) (616 56 8 ) (616 48 8 ) (616 48 200 ) 
4 179 (736 48 8 ) (776 48 8 ) (776 32 8 ) (736 32 8 ) 
4 179 (736 48 200 ) (736 48 8 ) (736 32 8 ) (736 32 200 ) 
4 179 (736 32 200 ) (776 32 200 ) (776 48 200 ) (736 48 200 ) 
4 179 (776 48 200 ) (776 32 200 ) (776 32 8 ) (776 48 8 ) 
4 179 (736 48 200 ) (776 48 200 ) (776 48 8 ) (736 48 8 ) 
4 180 (616 48 8 ) (728 48 8 ) (728 32 8 ) (616 32 8 ) 
4 180 (728 32 200 ) (728 32 8 ) (728 48 8 ) (728 48 200 ) 
4 180 (616 32 200 ) (728 32 200 ) (728 48 200 ) (616 48 200 ) 
4 180 (616 48 200 ) (616 48 8 ) (616 32 8 ) (616 32 200 ) 
4 181 (544 32 8 ) (544 48 8 ) (608 48 8 ) (608 32 8 ) 
4 181 (608 32 200 ) (608 32 8 ) (608 48 8 ) (608 48 200 ) 
4 181 (608 48 200 ) (608 48 8 ) (544 48 8 ) (544 48 200 ) 
4 181 (608 32 200 ) (608 48 200 ) (544 48 200 ) (544 32 200 ) 
4 182 (776 0 8 ) (544 0 8 ) (544 32 8 ) (776 32 8 ) 
4 182 (608 32 200 ) (616 32 200 ) (616 32 8 ) (608 32 8 ) 
4 182 (728 32 200 ) (736 32 200 ) (736 32 8 ) (728 32 8 ) 
4 182 (776 32 200 ) (544 32 200 ) (544 0 200 ) (776 0 200 ) 
4 182 (776 32 200 ) (776 0 200 ) (776 0 8 ) (776 32 8 ) 
4 183 (400 160 8 ) (400 264 8 ) (544 264 8 ) (544 160 8 ) 
4 183 (400 160 200 ) (400 160 8 ) (520 160 8 ) (520 160 200 ) 
4 183 (520 160 8 ) (544 160 8 ) (544 160 200 ) (520 160 200 ) 
4 183 (408 264 200 ) (528 264 200 ) (528 264 8 ) (408 264 8 ) 
4 183 (400 264 200 ) (408 264 200 ) (408 264 8 ) (400 264 8 ) 
4 184 (528 64 8 ) (528 120 8 ) (544 120 8 ) (544 64 8 ) 
4 184 (528 120 200 ) (528 120 8 ) (528 64 8 ) (528 64 200 ) 
4 184 (544 64 200 ) (544 120 200 ) (528 120 200 ) (528 64 200 ) 
4 184 (528 120 200 ) (544 120 200 ) (544 120 8 ) (528 120 8 ) 
4 184 (528 64 200 ) (528 64 8 ) (544 64 8 ) (544 64 200 ) 
4 185 (528 48 8 ) (528 56 8 ) (544 56 8 ) (544 48 8 ) 
4 185 (528 48 200 ) (528 48 8 ) (536 48 8 ) (536 48 200 ) 
4 185 (544 56 200 ) (544 56 8 ) (528 56 8 ) (528 56 200 ) 
4 185 (544 56 200 ) (544 48 200 ) (544 48 8 ) (544 56 8 ) 
4 185 (544 48 200 ) (544 56 200 ) (528 56 200 ) (528 48 200 ) 
4 185 (528 56 8 ) (528 48 8 ) (528 48 200 ) (528 56 200 ) 
4 186 (536 0 8 ) (544 0 8 ) (544 0 200 ) (536 0 200 ) 
4 186 (544 0 8 ) (536 0 8 ) (536 48 8 ) (544 48 8 ) 
4 186 (536 48 200 ) (536 48 8 ) (536 32 8 ) (536 32 200 ) 
4 186 (544 48 200 ) (536 48 200 ) (536 0 200 ) (544 0 200 ) 
4 187 (528 0 8 ) (536 0 8 ) (536 0 200 ) (528 0 200 ) 
4 187 (536 0 8 ) (528 0 8 ) (528 32 8 ) (536 32 8 ) 
4 187 (528 32 8 ) (528 0 8 ) (528 0 200 ) (528 32 200 ) 
4 187 (536 32 200 ) (528 32 200 ) (528 0 200 ) (536 0 200 ) 
4 187 (536 32 200 ) (536 32 8 ) (528 32 8 ) (528 32 200 ) 
4 188 (520 0 8 ) (400 0 8 ) (400 128 8 ) (520 128 8 ) 
4 188 (520 128 200 ) (400 128 200 ) (400 0 200 ) (520 0 200 ) 
4 188 (520 128 200 ) (520 120 200 ) (520 120 8 ) (520 128 8 ) 
4 188 (520 120 200 ) (520 0 200 ) (520 0 8 ) (520 120 8 ) 
4 188 (520 128 200 ) (520 128 8 ) (400 128 8 ) (400 128 200 ) 
4 189 (400 0 8 ) (304 0 8 ) (304 160 8 ) (400 160 8 ) 
4 189 (304 160 8 ) (304 264 8 ) (400 264 8 ) (400 160 8 ) 
4 189 (304 160 8 ) (304 128 8 ) (304 128 200 ) (304 160 200 ) 
4 189 (384 264 200 ) (400 264 200 ) (400 264 8 ) (384 264 8 ) 
4 189 (400 136 200 ) (304 136 200 ) (304 0 200 ) (400 0 200 ) 
4 189 (400 160 200 ) (400 128 200 ) (400 128 8 ) (400 160 8 ) 
4 190 (0 160 8 ) (0 264 8 ) (304 264 8 ) (304 160 8 ) 
4 190 (0 160 8 ) (304 160 8 ) (304 160 200 ) (0 160 200 ) 
4 191 (304 0 8 ) (0 0 8 ) (0 128 8 ) (304 128 8 ) 
4 191 (0 128 200 ) (304 128 200 ) (304 128 8 ) (0 128 8 ) 
4 191 (304 128 200 ) (0 128 200 ) (0 0 200 ) (304 0 200 ) 
4 192 (784 416 0 ) (784 416 8 ) (784 424 8 ) (784 424 0 ) 
4 193 (776 160 0 ) (808 160 0 ) (808 160 8 ) (776 160 8 ) 
4 193 (776 416 8 ) (784 416 8 ) (784 416 0 ) (776 416 0 ) 
4 193 (776 416 8 ) (776 416 0 ) (776 160 0 ) (776 160 8 ) 
4 194 (808 160 8 ) (808 160 0 ) (808 0 0 ) (808 0 8 ) 
4 195 (152 736 -48 ) (152 736 0 ) (152 832 0 ) (152 832 -48 ) 
4 195 (152 880 -64 ) (152 832 -64 ) (152 832 0 ) (152 880 0 ) 
4 195 (1024 0 -912 ) (152 0 -912 ) (152 956 -912 ) (1024 956 -912 ) 
4 195 (152 956 -912 ) (152 956 0 ) (1024 956 0 ) (1024 956 -912 ) 
4 195 (776 160 0 ) (152 160 0 ) (152 0 0 ) (776 0 0 ) 
4 195 (808 160 0 ) (776 160 0 ) (776 0 0 ) (808 0 0 ) 
4 195 (152 160 0 ) (776 160 0 ) (776 416 0 ) (152 416 0 ) 
4 195 (152 416 0 ) (784 416 0 ) (784 424 0 ) (152 424 0 ) 
4 195 (152 448 0 ) (152 424 0 ) (776 424 0 ) (776 448 0 ) 
4 195 (152 736 0 ) (152 688 0 ) (248 688 0 ) (248 736 0 ) 
4 195 (296 688 0 ) (296 736 0 ) (248 736 0 ) (248 688 0 ) 
4 195 (296 768 0 ) (248 768 0 ) (248 736 0 ) (296 736 0 ) 
4 195 (248 816 0 ) (248 768 0 ) (312 768 0 ) (312 816 0 ) 
4 195 (584 816 0 ) (584 768 0 ) (768 768 0 ) (768 816 0 ) 
4 195 (504 816 0 ) (312 816 0 ) (312 768 0 ) (504 768 0 ) 
4 195 (776 448 0 ) (776 424 0 ) (784 424 0 ) (784 448 0 ) 
4 196 (104 880 0 ) (104 880 -64 ) (152 880 -64 ) (152 880 0 ) 
4 196 (152 956 -64 ) (104 956 -64 ) (104 956 0 ) (152 956 0 ) 
4 197 (152 832 -48 ) (152 832 -64 ) (104 832 -64 ) (104 832 -48 ) 
4 197 (152 832 -48 ) (104 832 -48 ) (104 736 -48 ) (152 736 -48 ) 
4 198 (152 736 0 ) (152 736 -48 ) (104 736 -48 ) (104 736 0 ) 
4 198 (152 160 0 ) (104 160 0 ) (104 0 0 ) (152 0 0 ) 
4 198 (104 160 0 ) (152 160 0 ) (152 416 0 ) (104 416 0 ) 
4 198 (104 416 0 ) (152 416 0 ) (152 424 0 ) (104 424 0 ) 
4 198 (152 448 0 ) (104 448 0 ) (104 424 0 ) (152 424 0 ) 
4 198 (104 688 0 ) (152 688 0 ) (152 736 0 ) (104 736 0 ) 
4 199 (152 832 -64 ) (152 880 -64 ) (104 880 -64 ) (104 832 -64 ) 
4 199 (152 956 -64 ) (152 956 -912 ) (104 956 -912 ) (104 956 -64 ) 
4 199 (152 0 -912 ) (104 0 -912 ) (104 956 -912 ) (152 956 -912 ) 
4 200 (104 448 0 ) (80 448 0 ) (80 424 0 ) (104 424 0 ) 
4 200 (80 424 0 ) (80 440 0 ) (0 440 0 ) (0 424 0 ) 
4 200 (104 416 0 ) (104 424 0 ) (0 424 0 ) (0 416 0 ) 
4 200 (104 160 0 ) (104 416 0 ) (0 416 0 ) (0 160 0 ) 
4 200 (104 160 0 ) (0 160 0 ) (0 0 0 ) (104 0 0 ) 
4 200 (104 956 -912 ) (0 956 -912 ) (0 956 0 ) (104 956 0 ) 
4 200 (104 880 0 ) (104 832 0 ) (104 832 -64 ) (104 880 -64 ) 
4 200 (104 832 -48 ) (104 832 0 ) (104 736 0 ) (104 736 -48 ) 
4 200 (0 956 -912 ) (104 956 -912 ) (104 0 -912 ) (0 0 -912 ) 
4 201 (1024 0 1260 ) (0 0 1260 ) (0 -1024 1260 ) (1024 -1024 1260 ) 
4 202 (600 -440 208 ) (600 -424 208 ) (656 -424 208 ) (656 -440 208 ) 
4 202 (800 -464 208 ) (672 -464 208 ) (672 -424 208 ) (800 -424 208 ) 
4 202 (600 0 208 ) (800 0 208 ) (800 -424 208 ) (600 -424 208 ) 
4 202 (600 -464 208 ) (600 -464 224 ) (600 0 336 ) (600 0 320 ) 
4 203 (592 -464 224.001358 ) (592 0 336.001373 ) (600 0 336.001526 ) (600 -464 224.001358 ) 
4 204 (600 -424 208 ) (600 -440 208 ) (592 -440 208 ) (592 -424 208 ) 
4 204 (592 0 208 ) (600 0 208 ) (600 -424 208 ) (592 -424 208 ) 
4 204 (592 0 208 ) (592 -464 208 ) (592 -397.714294 224 ) (592 0 224 ) 
4 204 (592 0 320.002136 ) (592 -464 208.002319 ) (600 -464 208.002319 ) (600 0 320.002319 ) 
4 205 (592 -397.714294 224 ) (592 0 320 ) (592 0 336 ) (592 -464 224 ) 
4 205 (584 -464 224 ) (584 0 224 ) (592 0 224 ) (592 -464 224 ) 
4 206 (584 -424 208 ) (584 -440 208 ) (472 -440 208 ) (472 -424 208 ) 
4 206 (544 -96 208 ) (544 -424 208 ) (528 -424 208 ) (528 -96 208 ) 
4 206 (528 -424 208 ) (472 -424 208 ) (472 -8 208 ) (528 -8 208 ) 
4 206 (472 0 208 ) (544 0 208 ) (544 -8 208 ) (472 -8 208 ) 
4 206 (544 0 208 ) (584 0 208 ) (584 -424 208 ) (544 -424 208 ) 
4 206 (472 -464 208 ) (472 -464 224 ) (472 0 336 ) (472 0 320 ) 
4 206 (584 0 224 ) (584 -464 224 ) (584 -464 208 ) (584 0 208 ) 
4 207 (472 -424 208 ) (472 -440 208 ) (464 -440 208 ) (464 -424 208 ) 
4 207 (472 -8 208 ) (472 -424 208 ) (464 -424 208 ) (464 -8 208 ) 
4 207 (464 0 208 ) (472 0 208 ) (472 -8 208 ) (464 -8 208 ) 
3 207 (464 -456 208 ) (464 -464 208 ) (464 -456 209.931030 ) 
4 207 (464 -448 208 ) (464 -456 208 ) (464 -456 209.931030 ) (464 -448 211.862061 ) 
5 207 (464 0 208 ) (464 -448 208 ) (464 -448 211.862061 ) (464 -397.714233 224 ) (464 0 224 ) 
4 207 (464 0 320.002136 ) (464 -464 208.002319 ) (472 -464 208.002319 ) (472 0 320.002319 ) 
4 208 (464 -464 224.001358 ) (464 0 336.001373 ) (472 0 336.001526 ) (472 -464 224.001358 ) 
4 209 (80 0 336.001526 ) (88 0 336.001526 ) (88 -448 227.863419 ) (80 -448 227.863419 ) 
4 209 (208 0 336.001526 ) (216 0 336.001526 ) (216 -448 227.863419 ) (208 -448 227.863419 ) 
4 209 (336 0 336.001526 ) (344 0 336.001526 ) (344 -448 227.863419 ) (336 -448 227.863419 ) 
4 209 (381.725525 -448 227.859375 ) (448.011230 -448 227.859375 ) (0 -448 336 ) (0 -448 320 ) 
4 210 (456.003296 -456 225.931656 ) (0 -456 336.001404 ) (0 -448 336.001251 ) (448.006409 -448 227.861938 ) 
4 211 (88 -456 225.932388 ) (80 -456 225.932388 ) (80 -448 227.863419 ) (88 -448 227.863419 ) 
4 211 (216 -456 225.932388 ) (208 -456 225.932388 ) (208 -448 227.863419 ) (216 -448 227.863419 ) 
4 211 (344 -456 225.932388 ) (336 -456 225.932388 ) (336 -448 227.863419 ) (344 -448 227.863419 ) 
4 211 (381.719421 -448 227.862442 ) (0 -448 320.001587 ) (0 -456 320.001617 ) (389.723907 -456 225.930328 ) 
4 212 (88 -464 224.001358 ) (80 -464 224.001358 ) (80 -456 225.932388 ) (88 -456 225.932388 ) 
4 212 (216 -464 224.001358 ) (208 -464 224.001358 ) (208 -456 225.932388 ) (216 -456 225.932388 ) 
4 212 (344 -464 224.001358 ) (336 -464 224.001358 ) (336 -456 225.932388 ) (344 -456 225.932388 ) 
4 212 (0 -456 320 ) (0 -456 336 ) (455.989410 -456 225.933609 ) (389.703705 -456 225.933609 ) 
4 213 (344 -344.026703 252.965530 ) (344 0 336.006439 ) (344 0 320 ) (344 -277.714325 252.965530 ) 
3 213 (456 -455.990417 225.932327 ) (448.009491 -448 227.861130 ) (456 -448 225.932297 ) 
5 213 (464 -456 224 ) (456.009583 -456 225.930008 ) (456 -455.990417 225.932327 ) (456 -448 225.932297 ) (464 -448 224 ) 
5 213 (464 -456 224 ) (464 -397.714233 224 ) (464 0 320 ) (464 0 336 ) (464 -456 225.931030 ) 
4 214 (456 -448 224 ) (456 0 224 ) (463.997772 0 224 ) (463.997772 -448 224 ) 
3 214 (456 -448 225.926392 ) (456 -448 224 ) (464 -448 224 ) 
4 215 (344 -440 208 ) (344 -424 208 ) (392 -424 208 ) (392 -440 208 ) 
4 215 (416 -448 208 ) (392 -448 208 ) (400 -440 208 ) (416 -440 208 ) 
3 215 (416 -424 208 ) (416 -440 208 ) (400 -440 208 ) 
4 215 (392 -440 208 ) (392 -424 208 ) (416 -424 208 ) (400 -440 208 ) 
4 215 (456 -424 208 ) (456 -440 208 ) (416 -440 208 ) (416 -424 208 ) 
4 215 (456 -8 208 ) (456 -424 208 ) (344 -424 208 ) (344 -8 208 ) 
4 215 (344 0 208 ) (456 0 208 ) (456 -8 208 ) (344 -8 208 ) 
4 215 (344 -448 211.862091 ) (344 -448 227.868530 ) (344 -344.026703 252.965530 ) (344 -277.714325 252.965530 ) 
4 215 (456 -448 209.931046 ) (456 -448 225.937500 ) (448.026733 -448 227.862076 ) (381.714264 -448 227.862061 ) 
4 215 (456 0 224 ) (456 -448 224 ) (456 -448 208 ) (456 0 208 ) 
4 216 (416 -456 208 ) (392 -456 208 ) (392 -448 208 ) (416 -448 208 ) 
5 216 (344 -456 208 ) (456 -456 208 ) (456 -456 209.931046 ) (397.714325 -456 224 ) (344 -456 224 ) 
4 216 (344 -456 209.931046 ) (344 -456 225.937500 ) (344 -448 227.868530 ) (344 -448 211.862091 ) 
4 216 (456 -448 209.931046 ) (456 -456 209.931046 ) (456 -456 208 ) (456 -448 208 ) 
4 216 (456 -448 209.932617 ) (381.720795 -448 227.862091 ) (389.720825 -456 225.931046 ) (456 -456 209.932617 ) 
4 217 (344 -424 208 ) (344 -440 208 ) (336 -440 208 ) (336 -424 208 ) 
4 217 (344 -8 208 ) (344 -424 208 ) (336 -424 208 ) (336 -8 208 ) 
4 217 (336 0 208 ) (344 0 208 ) (344 -8 208 ) (336 -8 208 ) 
5 217 (336 0 208 ) (336 -456 208 ) (336 -456 209.931046 ) (336 -397.714325 224 ) (336 0 224 ) 
4 217 (336 -456 209.931046 ) (336 -456 208 ) (344 -456 208 ) (344 -456 209.931046 ) 
4 217 (336 0 320.001617 ) (336 -456 209.932602 ) (344 -456 209.932602 ) (344 0 320.001556 ) 
4 218 (464 -463.995514 224 ) (344 -463.995514 224 ) (344 -456 224 ) (464 -456 224 ) 
4 218 (397.714325 -456 224 ) (389.719910 -456 225.929688 ) (456 -456 225.929703 ) (456 -456 224 ) 
4 218 (456 -456 224 ) (456 -456 225.929703 ) (456.005554 -456 225.929703 ) (464 -456 224 ) 
3 218 (464 -456 224 ) (464 -456 225.931030 ) (464 -464 224 ) 
3 218 (344 -456 225.926392 ) (344 -456 224 ) (344 -464 224 ) 
4 219 (336 -456 224 ) (336 -464 224 ) (216 -464 224 ) (216 -456 224 ) 
4 219 (328 0 224 ) (336 0 224 ) (336 -456 224 ) (328 -456 224 ) 
4 219 (216 -397.714294 224 ) (216 -464 224 ) (216 0 336 ) (216 0 320 ) 
3 219 (336 -456 224 ) (336 -456 225.931030 ) (336 -464 224 ) 
5 219 (336 -397.714325 224 ) (336 0 320 ) (336 0 336 ) (336 -456 225.931030 ) (336 -456 224 ) 
4 220 (208 0 320.001434 ) (208 -397.720795 224 ) (216 -397.720795 224 ) (216 0 320.001556 ) 
4 221 (328 -8 208 ) (328 -424 208 ) (216 -424 208 ) (216 -8 208 ) 
4 221 (216 0 208 ) (328 0 208 ) (328 -8 208 ) (216 -8 208 ) 
4 221 (328 -456 224 ) (216 -456 224 ) (216 -456 208 ) (328 -456 208 ) 
3 221 (216 -456 209.931046 ) (216 -456 224 ) (216 -397.714325 224 ) 
4 221 (328 0 224 ) (328 -456 224 ) (328 -456 208 ) (328 0 208 ) 
4 222 (216 -8 208 ) (216 -424 208 ) (208 -424 208 ) (208 -8 208 ) 
4 222 (208 0 208 ) (216 0 208 ) (216 -8 208 ) (208 -8 208 ) 
5 222 (208 0 208 ) (208 -456 208 ) (208 -456 209.931046 ) (208 -397.714325 224 ) (208 0 224 ) 
4 222 (208 -456 209.931046 ) (208 -456 208 ) (216 -456 208 ) (216 -456 209.931046 ) 
4 222 (208 -456 209.932602 ) (216 -456 209.932602 ) (216 -397.720795 224 ) (208 -397.720795 224 ) 
4 223 (208 -456 224 ) (208 -464 224 ) (88 -464 224 ) (88 -456 224 ) 
4 223 (200 0 224 ) (208 0 224 ) (208 -456 224 ) (200 -456 224 ) 
4 223 (88 -397.714294 224 ) (88 -464 224 ) (88 0 336 ) (88 0 320 ) 
4 223 (208 -397.714294 224 ) (208 0 320 ) (208 0 336 ) (208 -464 224 ) 
4 224 (80 0 320.001434 ) (80 -397.720795 224 ) (88 -397.720795 224 ) (88 0 320.001556 ) 
4 225 (200 -8 208 ) (200 -424 208 ) (88 -424 208 ) (88 -8 208 ) 
4 225 (88 0 208 ) (200 0 208 ) (200 -8 208 ) (88 -8 208 ) 
4 225 (200 -456 224 ) (88 -456 224 ) (88 -456 208 ) (200 -456 208 ) 
3 225 (88 -456 209.931046 ) (88 -456 224 ) (88 -397.714325 224 ) 
4 225 (200 0 224 ) (200 -456 224 ) (200 -456 208 ) (200 0 208 ) 
4 226 (88 -8 208 ) (88 -424 208 ) (80 -424 208 ) (80 -8 208 ) 
4 226 (80 0 208 ) (88 0 208 ) (88 -8 208 ) (80 -8 208 ) 
5 226 (80 0 208 ) (80 -456 208 ) (80 -456 209.931046 ) (80 -397.714325 224 ) (80 0 224 ) 
4 226 (80 -456 209.931046 ) (80 -456 208 ) (88 -456 208 ) (88 -456 209.931046 ) 
4 226 (80 -456 209.932602 ) (88 -456 209.932602 ) (88 -397.720795 224 ) (80 -397.720795 224 ) 
4 227 (72 0 224 ) (80 0 224 ) (80 -456 224 ) (72 -456 224 ) 
4 227 (80 -456 224 ) (80 -464 224 ) (0 -464 224 ) (0 -456 224 ) 
4 227 (80 -397.714294 224 ) (80 0 320 ) (80 0 336 ) (80 -464 224 ) 
4 228 (0 -440 208 ) (0 -424 208 ) (48 -424 208 ) (48 -440 208 ) 
4 228 (0 -424 208 ) (0 -8 208 ) (72 -8 208 ) (72 -424 208 ) 
4 228 (0 -8 208 ) (0 0 208 ) (72 0 208 ) (72 -8 208 ) 
4 228 (0 -456 208 ) (72 -456 208 ) (72 -456 224 ) (0 -456 224 ) 
4 228 (72 0 224 ) (72 -456 224 ) (72 -456 208 ) (72 0 208 ) 
4 229 (672 -464 208 ) (800 -464 208 ) (800 -472 208 ) (672 -472 208 ) 
4 229 (464 -576 208 ) (464 -584 208 ) (464 -584 224 ) (464 -576 224 ) 
4 229 (592 -464 224 ) (600 -464 224 ) (600 -464 208 ) (592 -464 208 ) 
4 229 (584 -464 224 ) (592 -464 224 ) (592 -464 208 ) (584 -464 208 ) 
4 229 (464 -464 224 ) (472 -464 224 ) (472 -464 208 ) (464 -464 208 ) 
4 230 (392 -472 208 ) (416 -472 208 ) (416 -576 208 ) (392 -576 208 ) 
4 230 (392 -464 208 ) (416 -464 208 ) (416 -472 208 ) (392 -472 208 ) 
4 230 (464 -576 208 ) (464 -576 224 ) (0 -576 336 ) (0 -576 320 ) 
4 230 (0 -464 224 ) (80 -464 224 ) (80 -464 208 ) (0 -464 208 ) 
4 230 (80 -464 224 ) (88 -464 224 ) (88 -464 208 ) (80 -464 208 ) 
4 230 (88 -464 224 ) (208 -464 224 ) (208 -464 208 ) (88 -464 208 ) 
4 230 (208 -464 224 ) (216 -464 224 ) (216 -464 208 ) (208 -464 208 ) 
4 230 (216 -464 224 ) (336 -464 224 ) (336 -464 208 ) (216 -464 208 ) 
4 230 (336 -464 224 ) (344 -464 224 ) (344 -464 208 ) (336 -464 208 ) 
4 230 (344 -464 224 ) (464 -464 224 ) (464 -464 208 ) (344 -464 208 ) 
4 231 (0 -576 336.001526 ) (464 -576 224.001373 ) (464 -584 224.001373 ) (0 -584 336.001373 ) 
4 232 (392 -576 208 ) (416 -576 208 ) (416 -584 208 ) (392 -584 208 ) 
4 232 (0 -584 208 ) (464 -584 208 ) (397.714294 -584 224 ) (0 -584 224 ) 
4 232 (464 -576 208.002335 ) (0 -576 320.002319 ) (0 -584 320.002136 ) (464 -584 208.002335 ) 
4 233 (464 -584 224 ) (464 -584 208 ) (464 -592 208 ) (464 -592 224 ) 
4 234 (45.254856 -640 525.254761 ) (16.162464 -640 543.033447 ) (211.127396 -640 224 ) (229.355011 -640 224 ) 
4 234 (16.162464 -640 543.033447 ) (0 -640 552.910522 ) (0 -640 534.682922 ) (33.941113 -640 513.941101 ) 
4 234 (0 -584 224 ) (464 -584 224 ) (464 -592 224 ) (0 -592 224 ) 
4 234 (397.714294 -584 224 ) (0 -584 320 ) (0 -584 336 ) (464 -584 224 ) 
4 235 (392 -592 208 ) (416 -592 208 ) (416 -640 208 ) (392 -640 208 ) 
4 235 (220.905151 -640 208 ) (239.132828 -640 208 ) (229.355011 -640 224 ) (211.127411 -640 224 ) 
4 235 (0 -592 224 ) (464 -592 224 ) (464 -592 208 ) (0 -592 208 ) 
4 236 (45.252422 -648 525.258789 ) (16.160015 -648 543.037476 ) (16.156359 -640 543.043457 ) (45.248741 -640 525.264771 ) 
4 236 (16.160015 -648 543.037476 ) (0 -648 552.913025 ) (0 -640 552.916809 ) (16.156359 -640 543.043457 ) 
4 237 (181.490356 -648 208 ) (204.117722 -648 208 ) (0 -648 412.117767 ) (0 -648 389.490356 ) 
4 237 (220.913651 -640 208 ) (33.950859 -640 513.935181 ) (33.950489 -648 513.935425 ) (220.911026 -648 208 ) 
4 237 (0 -648 534.684082 ) (33.945236 -648 513.939758 ) (33.945236 -640 513.939758 ) (0 -640 534.684082 ) 
4 238 (392 -640 208 ) (416 -640 208 ) (416 -648 208 ) (392 -648 208 ) 
4 238 (239.130310 -648 208 ) (45.253845 -648 525.255737 ) (45.253845 -640 525.255737 ) (239.132385 -640 208 ) 
4 239 (181.483932 -648 208 ) (0 -648 389.483917 ) (0 -656 389.483948 ) (181.483932 -656 208 ) 
4 240 (392 -648 208 ) (416 -648 208 ) (416 -656 208 ) (392 -656 208 ) 
4 240 (16.162489 -648 543.033447 ) (45.254879 -648 525.254761 ) (239.132812 -648 208 ) (220.905167 -648 208 ) 
4 240 (0 -648 534.682922 ) (0 -648 552.910522 ) (16.162489 -648 543.033447 ) (33.941143 -648 513.941101 ) 
4 240 (0 -648 412.123688 ) (204.123474 -648 208 ) (204.128998 -656 208 ) (0 -656 412.128967 ) 
4 241 (0 -768 208 ) (0 -760 208 ) (392 -760 208 ) (392 -768 208 ) 
4 241 (392 -656 208 ) (416 -656 208 ) (416 -760 208 ) (392 -760 208 ) 
4 241 (416 -760 208 ) (416 -768 208 ) (392 -768 208 ) (392 -760 208 ) 
4 241 (220.905167 -768 208 ) (239.132812 -768 208 ) (45.254879 -768 525.254761 ) (16.162489 -768 543.033447 ) 
4 241 (33.941143 -768 513.941101 ) (16.162489 -768 543.033447 ) (0 -768 552.910522 ) (0 -768 534.682922 ) 
4 241 (0 -656 389.490326 ) (0 -656 412.117798 ) (204.117752 -656 208 ) (181.490372 -656 208 ) 
4 242 (45.252422 -776 525.258789 ) (16.160015 -776 543.037476 ) (16.156359 -768 543.043457 ) (45.248741 -768 525.264771 ) 
4 242 (16.160015 -776 543.037476 ) (0 -776 552.913025 ) (0 -768 552.916809 ) (16.156359 -768 543.043457 ) 
4 243 (0 -776 208 ) (0 -768 208 ) (220.905167 -768 208 ) (220.905167 -776 208 ) 
4 243 (181.490356 -776 208 ) (204.117722 -776 208 ) (0 -776 412.117767 ) (0 -776 389.490356 ) 
4 243 (220.913651 -768 208 ) (33.950859 -768 513.935181 ) (33.950489 -776 513.935425 ) (220.911026 -776 208 ) 
4 243 (0 -776 534.684082 ) (33.945236 -776 513.939758 ) (33.945236 -768 513.939758 ) (0 -768 534.684082 ) 
4 244 (239.132812 -768 208 ) (392 -768 208 ) (392 -776 208 ) (239.132797 -776 208 ) 
4 244 (392 -768 208 ) (416 -768 208 ) (416 -776 208 ) (392 -776 208 ) 
4 244 (239.130310 -776 208 ) (45.253845 -776 525.255737 ) (45.253845 -768 525.255737 ) (239.132385 -768 208 ) 
4 245 (0 -784 208 ) (0 -776 208 ) (181.490372 -776 208 ) (181.490356 -784 208 ) 
4 245 (181.483932 -776 208 ) (0 -776 389.483917 ) (0 -784 389.483948 ) (181.483932 -784 208 ) 
4 246 (204.117752 -776 208 ) (392 -776 208 ) (392 -784 208 ) (204.117706 -784 208 ) 
4 246 (392 -776 208 ) (416 -776 208 ) (416 -784 208 ) (392 -784 208 ) 
4 246 (0 -776 534.682922 ) (0 -776 552.910522 ) (16.162489 -776 543.033447 ) (33.941143 -776 513.941101 ) 
4 246 (16.162489 -776 543.033447 ) (45.254879 -776 525.254761 ) (239.132812 -776 208 ) (220.905167 -776 208 ) 
4 246 (0 -776 412.123688 ) (204.123474 -776 208 ) (204.128998 -784 208 ) (0 -784 412.128967 ) 
4 247 (0 -784 389.490326 ) (0 -784 412.117798 ) (204.117752 -784 208 ) (181.490372 -784 208 ) 
4 248 (800 0 200 ) (808 0 200 ) (808 -424 200 ) (800 -424 200 ) 
4 248 (800 0 200 ) (800 -424 200 ) (800 -424 208 ) (800 0 208 ) 
4 249 (528 -8 208 ) (528 -8 200 ) (528 -96 200 ) (528 -96 208 ) 
4 249 (544 -8 208 ) (544 -96 208 ) (544 -96 200 ) (544 -8 200 ) 
4 249 (528 -8 208 ) (544 -8 208 ) (544 -8 200 ) (528 -8 200 ) 
4 249 (528 -96 208 ) (528 -96 200 ) (544 -96 200 ) (544 -96 208 ) 
4 250 (808 -472 200 ) (800 -472 200 ) (800 -424 200 ) (808 -424 200 ) 
4 250 (800 -424 208 ) (800 -424 200 ) (800 -472 200 ) (800 -472 208 ) 
4 251 (656 -440 200 ) (656 -432 200 ) (672 -432 200 ) (672 -440 200 ) 
4 251 (656 -424 208 ) (656 -424 200 ) (656 -440 200 ) (656 -440 208 ) 
4 251 (656 -424 208 ) (672 -424 208 ) (672 -424 200 ) (656 -424 200 ) 
4 251 (672 -472 208 ) (672 -472 200 ) (672 -424 200 ) (672 -424 208 ) 
4 252 (416 -448 200 ) (416 -440 200 ) (464 -440 200 ) (464 -448 200 ) 
4 252 (464 -448 200 ) (464 -440 200 ) (544 -440 200 ) (544 -448 200 ) 
4 252 (544 -448 200 ) (544 -440 200 ) (648 -440 200 ) (648 -448 200 ) 
4 252 (416 -440 200 ) (416 -472 200 ) (416 -472 208 ) (416 -440 208 ) 
4 252 (416 -456 208 ) (416 -464 208 ) (464 -464 208 ) (464 -456 208 ) 
4 252 (456 -448 208 ) (456 -456 208 ) (464 -456 208 ) (464 -448 208 ) 
4 252 (456 -440 208 ) (456 -448 208 ) (464 -448 208 ) (464 -440 208 ) 
4 252 (584 -440 208 ) (584 -464 208 ) (592 -464 208 ) (592 -440 208 ) 
4 252 (656 -440 208 ) (656 -440 200 ) (416 -440 200 ) (416 -440 208 ) 
3 253 (392 -448 200 ) (392 -440 200 ) (400 -440 200 ) 
4 253 (400 -440 208 ) (400 -440 200 ) (392 -440 200 ) (392 -440 208 ) 
4 253 (392 -448 208 ) (392 -448 200 ) (400.002136 -440 200 ) (400.002136 -440 208 ) 
4 254 (328 -448 200 ) (328 -440 200 ) (336 -440 200 ) (336 -448 200 ) 
4 254 (336 -448 200 ) (336 -440 200 ) (392 -440 200 ) (392 -448 200 ) 
4 254 (392 -456 208 ) (344 -456 208 ) (344 -464 208 ) (392 -464 208 ) 
4 254 (344 -456 208 ) (336 -456 208 ) (336 -464 208 ) (344 -464 208 ) 
4 254 (328 -440 208 ) (328 -456 208 ) (336 -456 208 ) (336 -440 208 ) 
4 254 (328 -456 208 ) (328 -464 208 ) (336 -464 208 ) (336 -456 208 ) 
4 254 (392 -448 208 ) (392 -472 208 ) (392 -472 200 ) (392 -448 200 ) 
4 254 (392 -440 208 ) (392 -440 200 ) (328 -440 200 ) (328 -440 208 ) 
4 255 (48 -424 208 ) (48 -424 200 ) (48 -440 200 ) (48 -440 208 ) 
4 255 (328 -440 208 ) (328 -440 200 ) (328 -424 200 ) (328 -424 208 ) 
4 255 (48 -424 208 ) (328 -424 208 ) (328 -424 200 ) (48 -424 200 ) 
4 255 (328 -456 208 ) (216 -456 208 ) (216 -464 208 ) (328 -464 208 ) 
4 255 (216 -456 208 ) (208 -456 208 ) (208 -464 208 ) (216 -464 208 ) 
4 255 (200 -424 208 ) (200 -456 208 ) (208 -456 208 ) (208 -424 208 ) 
4 255 (88 -456 208 ) (88 -464 208 ) (208 -464 208 ) (208 -456 208 ) 
4 255 (88 -456 208 ) (80 -456 208 ) (80 -464 208 ) (88 -464 208 ) 
4 255 (48 -464 208 ) (80 -464 208 ) (80 -456 208 ) (48 -456 208 ) 
4 255 (72 -424 208 ) (72 -456 208 ) (80 -456 208 ) (80 -424 208 ) 
4 256 (0 -448 200 ) (0 -440 200 ) (48 -440 200 ) (48 -448 200 ) 
4 256 (48 -464 208 ) (48 -456 208 ) (0 -456 208 ) (0 -464 208 ) 
4 256 (0 -440 208 ) (48 -440 208 ) (48 -440 200 ) (0 -440 200 ) 
4 257 (808 0 0 ) (808 -472 0 ) (808 -472 200 ) (808 0 200 ) 
4 258 (784 -472 8 ) (784 -472 200 ) (784 -424 200 ) (784 -424 8 ) 
4 258 (784 -424 200 ) (784 -400 200 ) (784 -400 8 ) (784 -424 8 ) 
4 258 (784 -472 8 ) (784 -400 8 ) (800 -400 8 ) (800 -472 8 ) 
4 258 (800 -424 200 ) (784 -424 200 ) (784 -472 200 ) (800 -472 200 ) 
4 258 (784 -400 200 ) (784 -424 200 ) (800 -424 200 ) (800 -400 200 ) 
4 258 (800 -400 8 ) (800 -400 200 ) (800 -472 200 ) (800 -472 8 ) 
4 258 (800 -400 200 ) (800 -400 8 ) (784 -400 8 ) (784 -400 200 ) 
4 259 (656 -224 8 ) (656 0 8 ) (672 0 8 ) (672 -224 8 ) 
4 259 (672 0 8 ) (680 0 8 ) (680 -224 8 ) (672 -224 8 ) 
4 259 (680 0 8 ) (776 0 8 ) (776 -224 8 ) (680 -224 8 ) 
4 259 (656 -224 200 ) (656 -224 8 ) (672 -224 8 ) (672 -224 200 ) 
4 259 (672 -224 8 ) (680 -224 8 ) (680 -224 200 ) (672 -224 200 ) 
4 259 (776 0 200 ) (776 -224 200 ) (776 -224 8 ) (776 0 8 ) 
4 259 (656 -224 200 ) (776 -224 200 ) (776 0 200 ) (656 0 200 ) 
4 260 (776 -424 8 ) (680 -424 8 ) (680 -224 8 ) (776 -224 8 ) 
4 260 (776 -224 200 ) (776 -424 200 ) (776 -424 8 ) (776 -224 8 ) 
4 260 (680 -224 200 ) (680 -424 200 ) (776 -424 200 ) (776 -224 200 ) 
4 260 (680 -224 200 ) (680 -224 8 ) (680 -424 8 ) (680 -424 200 ) 
4 261 (656 -248 8 ) (656 -232 8 ) (664 -232 8 ) (664 -248 8 ) 
4 261 (656 -248 200 ) (656 -248 8 ) (664 -248 8 ) (664 -248 200 ) 
4 261 (664 -232 200 ) (664 -232 8 ) (656 -232 8 ) (656 -232 200 ) 
4 261 (664 -248 200 ) (664 -232 200 ) (656 -232 200 ) (656 -248 200 ) 
4 261 (664 -248 200 ) (664 -248 8 ) (664 -232 8 ) (664 -232 200 ) 
4 262 (656 -280 8 ) (656 -256 8 ) (672 -256 8 ) (672 -280 8 ) 
4 262 (656 -280 200 ) (656 -280 8 ) (672 -280 8 ) (672 -280 200 ) 
4 262 (672 -280 200 ) (672 -256 200 ) (656 -256 200 ) (656 -280 200 ) 
4 262 (672 -256 200 ) (672 -280 200 ) (672 -280 8 ) (672 -256 8 ) 
4 262 (672 -256 200 ) (672 -256 8 ) (656 -256 8 ) (656 -256 200 ) 
4 263 (656 -344 8 ) (656 -288 8 ) (672 -288 8 ) (672 -344 8 ) 
4 263 (656 -344 200 ) (656 -344 8 ) (672 -344 8 ) (672 -344 200 ) 
4 263 (672 -344 200 ) (672 -288 200 ) (656 -288 200 ) (656 -344 200 ) 
4 263 (672 -288 200 ) (672 -344 200 ) (672 -344 8 ) (672 -288 8 ) 
4 263 (672 -288 200 ) (672 -288 8 ) (656 -288 8 ) (656 -288 200 ) 
4 264 (656 -416 8 ) (656 -352 8 ) (672 -352 8 ) (672 -416 8 ) 
4 264 (672 -352 200 ) (672 -352 8 ) (656 -352 8 ) (656 -352 200 ) 
4 264 (672 -352 200 ) (672 -416 200 ) (672 -416 8 ) (672 -352 8 ) 
4 264 (672 -416 200 ) (672 -352 200 ) (656 -352 200 ) (656 -416 200 ) 
4 264 (656 -416 200 ) (656 -416 8 ) (672 -416 8 ) (672 -416 200 ) 
4 265 (648 0 8 ) (656 0 8 ) (656 -144 8 ) (648 -144 8 ) 
4 265 (648 -128 8 ) (648 -144 8 ) (648 -144 200 ) (648 -128 200 ) 
4 265 (648 -120 8 ) (648 -128 8 ) (648 -128 200 ) (648 -120 200 ) 
4 265 (648 -144 200 ) (656 -144 200 ) (656 0 200 ) (648 0 200 ) 
4 266 (544 -104 200 ) (544 -96 200 ) (544 -96 8 ) (544 -104 8 ) 
4 266 (544 -8 200 ) (544 0 200 ) (544 0 8 ) (544 -8 8 ) 
4 266 (544 -120 8 ) (544 0 8 ) (648 0 8 ) (648 -120 8 ) 
4 266 (544 -120 200 ) (648 -120 200 ) (648 0 200 ) (544 0 200 ) 
4 266 (544 -120 200 ) (544 -120 8 ) (648 -120 8 ) (648 -120 200 ) 
4 267 (592 -128 8 ) (640 -128 8 ) (640 -144 8 ) (592 -144 8 ) 
4 267 (592 -128 200 ) (592 -128 8 ) (592 -144 8 ) (592 -144 200 ) 
4 267 (592 -128 200 ) (640 -128 200 ) (640 -128 8 ) (592 -128 8 ) 
4 267 (640 -128 200 ) (592 -128 200 ) (592 -144 200 ) (640 -144 200 ) 
4 267 (640 -144 200 ) (640 -144 8 ) (640 -128 8 ) (640 -128 200 ) 
4 268 (544 -144 8 ) (544 -128 8 ) (584 -128 8 ) (584 -144 8 ) 
4 268 (584 -128 200 ) (584 -128 8 ) (544 -128 8 ) (544 -128 200 ) 
4 268 (584 -128 200 ) (544 -128 200 ) (544 -144 200 ) (584 -144 200 ) 
4 268 (584 -144 200 ) (584 -144 8 ) (584 -128 8 ) (584 -128 200 ) 
4 269 (600 -224 8 ) (600 -144 8 ) (656 -144 8 ) (656 -224 8 ) 
4 269 (600 -144 200 ) (600 -224 200 ) (656 -224 200 ) (656 -144 200 ) 
4 269 (640 -144 200 ) (648 -144 200 ) (648 -144 8 ) (640 -144 8 ) 
4 269 (600 -224 200 ) (600 -224 8 ) (656 -224 8 ) (656 -224 200 ) 
4 270 (608 -232 8 ) (656 -232 8 ) (656 -248 8 ) (608 -248 8 ) 
4 270 (608 -232 200 ) (656 -232 200 ) (656 -232 8 ) (608 -232 8 ) 
4 270 (608 -232 200 ) (608 -248 200 ) (656 -248 200 ) (656 -232 200 ) 
4 270 (608 -232 200 ) (608 -232 8 ) (608 -248 8 ) (608 -248 200 ) 
4 271 (648 -424 8 ) (656 -424 8 ) (656 -424 200 ) (648 -424 200 ) 
4 271 (656 -424 8 ) (600 -424 8 ) (600 -248 8 ) (656 -248 8 ) 
4 271 (608 -248 200 ) (608 -248 8 ) (600 -248 8 ) (600 -248 200 ) 
4 271 (656 -280 200 ) (656 -288 200 ) (656 -288 8 ) (656 -280 8 ) 
4 271 (656 -344 200 ) (656 -352 200 ) (656 -352 8 ) (656 -344 8 ) 
4 271 (656 -248 200 ) (656 -256 200 ) (656 -256 8 ) (656 -248 8 ) 
4 271 (656 -416 200 ) (656 -424 200 ) (656 -424 8 ) (656 -416 8 ) 
4 271 (600 -248 200 ) (600 -424 200 ) (656 -424 200 ) (656 -248 200 ) 
4 272 (544 -240 200 ) (544 -232 200 ) (544 -232 8 ) (544 -240 8 ) 
4 272 (544 -304 200 ) (544 -296 200 ) (544 -296 8 ) (544 -304 8 ) 
4 272 (544 -176 200 ) (544 -168 200 ) (544 -168 8 ) (544 -176 8 ) 
4 272 (544 -368 200 ) (544 -360 200 ) (544 -360 8 ) (544 -368 8 ) 
4 272 (584 -424 8 ) (592 -424 8 ) (592 -424 64 ) (584 -424 64 ) 
4 272 (600 -424 8 ) (544 -424 8 ) (544 -144 8 ) (600 -144 8 ) 
4 272 (600 -232 200 ) (600 -248 200 ) (600 -248 8 ) (600 -232 8 ) 
4 272 (600 -224 200 ) (600 -232 200 ) (600 -232 8 ) (600 -224 8 ) 
4 272 (600 -144 200 ) (544 -144 200 ) (544 -424 200 ) (600 -424 200 ) 
4 272 (584 -144 200 ) (592 -144 200 ) (592 -144 8 ) (584 -144 8 ) 
4 273 (680 -424 200 ) (680 -424 0 ) (680 -464 0 ) (680 -464 200 ) 
4 273 (776 -464 200 ) (776 -424 200 ) (680 -424 200 ) (680 -464 200 ) 
4 273 (680 -424 8 ) (776 -424 8 ) (776 -424 0 ) (680 -424 0 ) 
4 273 (776 -464 200 ) (776 -464 0 ) (776 -424 0 ) (776 -424 200 ) 
4 273 (680 -464 200 ) (680 -464 0 ) (776 -464 0 ) (776 -464 200 ) 
4 274 (656 -424 200 ) (656 -424 8 ) (656 -432 8 ) (656 -432 200 ) 
4 274 (672 -432 200 ) (672 -432 8 ) (672 -424 8 ) (672 -424 200 ) 
4 274 (656 -424 200 ) (672 -424 200 ) (672 -424 8 ) (656 -424 8 ) 
4 274 (656 -432 200 ) (656 -432 8 ) (672 -432 8 ) (672 -432 200 ) 
4 275 (672 -440 200 ) (672 -440 8 ) (656 -440 8 ) (656 -440 200 ) 
4 275 (672 -440 200 ) (672 -472 200 ) (672 -472 8 ) (672 -440 8 ) 
4 276 (656 -424 8 ) (656 -424 0 ) (656 -440 0 ) (656 -440 8 ) 
4 276 (672 -440 8 ) (672 -432 8 ) (656 -432 8 ) (656 -440 8 ) 
4 276 (672 -472 8 ) (672 -472 0 ) (672 -424 0 ) (672 -424 8 ) 
4 276 (656 -424 8 ) (672 -424 8 ) (672 -424 0 ) (656 -424 0 ) 
4 277 (648 -440 0 ) (648 -448 0 ) (648 -448 200 ) (648 -440 200 ) 
4 277 (656 -440 200 ) (656 -440 0 ) (648 -440 0 ) (648 -440 200 ) 
4 278 (544 -440 64 ) (544 -440 200 ) (544 -432 200 ) (544 -432 64 ) 
4 278 (544 -440 200 ) (544 -440 64 ) (648 -440 64 ) (648 -440 200 ) 
4 278 (592 -440 64 ) (584 -440 64 ) (584 -424 64 ) (592 -424 64 ) 
4 278 (648 -440 200 ) (648 -440 64 ) (648 -424 64 ) (648 -424 200 ) 
4 278 (544 -440 200 ) (648 -440 200 ) (648 -424 200 ) (544 -424 200 ) 
4 279 (592 -440 8 ) (648 -440 8 ) (648 -440 64 ) (592 -440 64 ) 
4 279 (648 -440 64 ) (648 -440 8 ) (648 -424 8 ) (648 -424 64 ) 
4 279 (648 -440 8 ) (592 -440 8 ) (592 -424 8 ) (648 -424 8 ) 
4 279 (592 -424 8 ) (592 -440 8 ) (592 -440 64 ) (592 -424 64 ) 
4 280 (544 -440 8 ) (544 -440 64 ) (544 -432 64 ) (544 -432 8 ) 
4 280 (544 -440 64 ) (544 -440 8 ) (584 -440 8 ) (584 -440 64 ) 
4 280 (584 -424 64 ) (584 -440 64 ) (584 -440 8 ) (584 -424 8 ) 
4 280 (584 -440 8 ) (544 -440 8 ) (544 -424 8 ) (584 -424 8 ) 
4 281 (648 -448 200 ) (648 -448 0 ) (544 -448 0 ) (544 -448 200 ) 
4 282 (520 -96 200 ) (520 -96 8 ) (544 -96 8 ) (544 -96 200 ) 
4 282 (544 -8 200 ) (544 -8 8 ) (520 -8 8 ) (520 -8 200 ) 
4 282 (520 -96 8 ) (520 -8 8 ) (544 -8 8 ) (544 -96 8 ) 
4 282 (520 -96 200 ) (528 -96 200 ) (528 -8 200 ) (520 -8 200 ) 
4 283 (528 -128 200 ) (528 -128 8 ) (536 -128 8 ) (536 -128 200 ) 
4 283 (528 -104 200 ) (528 -104 8 ) (528 -128 8 ) (528 -128 200 ) 
4 283 (544 -128 8 ) (544 -120 8 ) (544 -120 200 ) (544 -128 200 ) 
4 283 (528 -104 200 ) (528 -128 200 ) (544 -128 200 ) (544 -104 200 ) 
4 283 (528 -128 8 ) (528 -104 8 ) (544 -104 8 ) (544 -128 8 ) 
4 283 (528 -104 200 ) (544 -104 200 ) (544 -104 8 ) (528 -104 8 ) 
4 284 (536 -128 8 ) (544 -128 8 ) (544 -144 8 ) (536 -144 8 ) 
4 284 (536 -128 200 ) (536 -144 200 ) (544 -144 200 ) (544 -128 200 ) 
4 284 (536 -128 200 ) (536 -128 8 ) (536 -144 8 ) (536 -144 200 ) 
4 285 (528 -168 200 ) (528 -168 8 ) (544 -168 8 ) (544 -168 200 ) 
4 285 (536 -144 200 ) (536 -144 8 ) (528 -144 8 ) (528 -144 200 ) 
4 285 (528 -144 8 ) (528 -168 8 ) (528 -168 200 ) (528 -144 200 ) 
4 285 (528 -144 200 ) (528 -168 200 ) (544 -168 200 ) (544 -144 200 ) 
4 285 (528 -168 8 ) (528 -144 8 ) (544 -144 8 ) (544 -168 8 ) 
4 286 (528 -232 200 ) (528 -232 8 ) (544 -232 8 ) (544 -232 200 ) 
4 286 (528 -176 8 ) (528 -232 8 ) (528 -232 200 ) (528 -176 200 ) 
4 286 (528 -176 200 ) (528 -232 200 ) (544 -232 200 ) (544 -176 200 ) 
4 286 (528 -232 8 ) (528 -176 8 ) (544 -176 8 ) (544 -232 8 ) 
4 286 (544 -176 200 ) (544 -176 8 ) (528 -176 8 ) (528 -176 200 ) 
4 287 (528 -296 8 ) (528 -240 8 ) (544 -240 8 ) (544 -296 8 ) 
4 287 (528 -240 200 ) (528 -296 200 ) (544 -296 200 ) (544 -240 200 ) 
4 287 (528 -240 8 ) (528 -296 8 ) (528 -296 200 ) (528 -240 200 ) 
4 287 (528 -296 200 ) (528 -296 8 ) (544 -296 8 ) (544 -296 200 ) 
4 287 (544 -240 200 ) (544 -240 8 ) (528 -240 8 ) (528 -240 200 ) 
4 288 (544 -304 200 ) (544 -304 8 ) (528 -304 8 ) (528 -304 200 ) 
4 288 (528 -360 8 ) (528 -304 8 ) (544 -304 8 ) (544 -360 8 ) 
4 288 (528 -304 200 ) (528 -360 200 ) (544 -360 200 ) (544 -304 200 ) 
4 288 (528 -304 8 ) (528 -360 8 ) (528 -360 200 ) (528 -304 200 ) 
4 288 (528 -360 200 ) (528 -360 8 ) (544 -360 8 ) (544 -360 200 ) 
4 289 (544 -368 200 ) (544 -368 8 ) (528 -368 8 ) (528 -368 200 ) 
4 289 (544 -424 8 ) (528 -424 8 ) (528 -368 8 ) (544 -368 8 ) 
4 289 (528 -368 200 ) (528 -424 200 ) (544 -424 200 ) (544 -368 200 ) 
4 289 (528 -368 8 ) (528 -424 8 ) (528 -424 200 ) (528 -368 200 ) 
4 290 (0 -416 8 ) (48 -416 8 ) (48 -416 200 ) (0 -416 200 ) 
4 290 (520 -8 200 ) (520 0 200 ) (0 0 200 ) (0 -8 200 ) 
4 290 (520 -416 200 ) (520 -8 200 ) (0 -8 200 ) (0 -416 200 ) 
4 290 (0 -416 8 ) (0 0 8 ) (520 0 8 ) (520 -416 8 ) 
4 290 (520 0 200 ) (520 -8 200 ) (520 -8 8 ) (520 0 8 ) 
4 290 (520 -96 200 ) (520 -104 200 ) (520 -104 8 ) (520 -96 8 ) 
4 290 (520 -104 200 ) (520 -416 200 ) (520 -416 8 ) (520 -104 8 ) 
4 291 (336 -424 200 ) (328 -424 200 ) (328 -424 8 ) (336 -424 8 ) 
4 291 (392 -424 184 ) (392 -424 8 ) (400 -424 8 ) (400 -424 184 ) 
4 291 (400 -424 200 ) (392 -424 200 ) (392 -424 184 ) (400 -424 184 ) 
4 291 (464 -424 200 ) (456 -424 200 ) (456 -424 8 ) (464 -424 8 ) 
4 291 (520 -416 200 ) (520 -424 200 ) (520 -424 8 ) (520 -416 8 ) 
4 291 (520 -424 8 ) (48 -424 8 ) (48 -416 8 ) (520 -416 8 ) 
4 291 (48 -424 200 ) (520 -424 200 ) (520 -416 200 ) (48 -416 200 ) 
4 291 (48 -416 200 ) (48 -416 8 ) (48 -424 8 ) (48 -424 200 ) 
4 292 (528 -424 8 ) (544 -424 8 ) (544 -432 8 ) (528 -432 8 ) 
4 292 (528 -424 200 ) (528 -424 8 ) (528 -432 8 ) (528 -432 200 ) 
4 292 (528 -432 200 ) (544 -432 200 ) (544 -424 200 ) (528 -424 200 ) 
4 292 (528 -432 200 ) (528 -432 8 ) (544 -432 8 ) (544 -432 200 ) 
4 293 (464 -424 8 ) (520 -424 8 ) (520 -440 8 ) (464 -440 8 ) 
4 293 (464 -424 200 ) (464 -424 8 ) (464 -440 8 ) (464 -440 200 ) 
4 293 (520 -440 200 ) (520 -440 8 ) (520 -424 8 ) (520 -424 200 ) 
4 293 (464 -440 200 ) (464 -440 8 ) (520 -440 8 ) (520 -440 200 ) 
4 293 (464 -440 200 ) (520 -440 200 ) (520 -424 200 ) (464 -424 200 ) 
4 294 (544 -448 200 ) (544 -448 8 ) (464 -448 8 ) (464 -448 200 ) 
4 295 (416 -424 8 ) (456 -424 8 ) (456 -440 8 ) (416 -440 8 ) 
4 295 (416 -424 200 ) (416 -424 184 ) (416 -440 184 ) (416 -440 200 ) 
4 295 (416 -440 200 ) (416 -440 8 ) (456 -440 8 ) (456 -440 200 ) 
4 295 (456 -440 200 ) (456 -424 200 ) (416 -424 200 ) (416 -440 200 ) 
4 295 (456 -440 200 ) (456 -440 8 ) (456 -424 8 ) (456 -424 200 ) 
4 296 (416 -472 184 ) (416 -472 200 ) (416 -448 200 ) (416 -448 184 ) 
4 296 (464 -448 200 ) (464 -448 8 ) (416 -448 8 ) (416 -448 200 ) 
4 297 (400 -424 200 ) (400 -424 184 ) (400 -440 184 ) (400 -440 200 ) 
3 297 (400 -440 200 ) (416 -424 200 ) (400 -424 200 ) 
4 297 (400 -439.997864 200 ) (400 -439.997864 184 ) (415.997864 -424 184 ) (415.997864 -424 200 ) 
4 298 (400 -424 8 ) (416 -424 8 ) (416 -440 8 ) (400 -440 8 ) 
4 298 (416 -440 8 ) (416 -440 184 ) (400 -440 184 ) (400 -440 8 ) 
3 298 (400 -440 184 ) (416 -440 184 ) (416 -424 184 ) 
4 298 (400 -424 8 ) (400 -440 8 ) (400 -440 184 ) (400 -424 184 ) 
4 299 (416 -448 184 ) (416 -448 8 ) (392 -448 8 ) (392 -448 184 ) 
4 299 (416 -472 184 ) (416 -448 184 ) (392 -448 184 ) (392 -472 184 ) 
4 300 (336 -424 200 ) (336 -424 8 ) (336 -440 8 ) (336 -440 200 ) 
4 300 (336 -440 8 ) (336 -424 8 ) (392 -424 8 ) (392 -440 8 ) 
4 300 (336 -440 200 ) (336 -440 8 ) (392 -440 8 ) (392 -440 200 ) 
4 300 (336 -440 200 ) (392 -440 200 ) (392 -424 200 ) (336 -424 200 ) 
4 300 (392 -440 200 ) (392 -440 184 ) (392 -424 184 ) (392 -424 200 ) 
4 300 (392 -440 184 ) (392 -440 8 ) (392 -424 8 ) (392 -424 184 ) 
4 301 (392 -448 184 ) (392 -448 200 ) (392 -472 200 ) (392 -472 184 ) 
4 301 (392 -448 200 ) (392 -448 8 ) (336 -448 8 ) (336 -448 200 ) 
4 302 (336 -448 0 ) (336 -448 8 ) (544 -448 8 ) (544 -448 0 ) 
4 303 (336 -448 200 ) (336 -448 0 ) (328 -448 0 ) (328 -448 200 ) 
4 304 (48 -424 200 ) (48 -424 0 ) (48 -448 0 ) (48 -448 200 ) 
4 304 (48 -424 8 ) (328 -424 8 ) (328 -424 0 ) (48 -424 0 ) 
4 304 (328 -448 200 ) (328 -448 0 ) (328 -424 0 ) (328 -424 200 ) 
4 305 (0 -448 200 ) (48 -448 200 ) (48 -448 0 ) (0 -448 0 ) 
4 306 (416 -472 208 ) (416 -472 200 ) (416 -488 200 ) (416 -488 208 ) 
4 306 (720 -488 200 ) (712 -488 200 ) (712 -472 200 ) (720 -472 200 ) 
4 306 (784 -488 200 ) (776 -488 200 ) (776 -472 200 ) (784 -472 200 ) 
4 306 (800 -472 200 ) (672 -472 200 ) (672 -472 208 ) (800 -472 208 ) 
4 307 (800 -472 8 ) (800 -472 200 ) (808 -472 200 ) (808 -472 8 ) 
4 307 (784 -472 8 ) (784 -488 8 ) (784 -488 200 ) (784 -472 200 ) 
4 308 (720 -472 8 ) (720 -488 8 ) (720 -488 200 ) (720 -472 200 ) 
4 308 (776 -472 200 ) (776 -488 200 ) (776 -488 8 ) (776 -472 8 ) 
4 308 (720 -472 8 ) (720 -472 200 ) (776 -472 200 ) (776 -472 8 ) 
4 309 (416 -472 200 ) (416 -472 184 ) (416 -488 184 ) (416 -488 200 ) 
4 309 (712 -472 8 ) (680 -472 8 ) (680 -472 200 ) (712 -472 200 ) 
4 309 (672 -472 8 ) (672 -472 200 ) (680 -472 200 ) (680 -472 8 ) 
4 309 (712 -472 200 ) (712 -488 200 ) (712 -488 8 ) (712 -472 8 ) 
4 310 (720 -472 8 ) (712 -472 8 ) (712 -488 8 ) (720 -488 8 ) 
4 310 (784 -472 8 ) (776 -472 8 ) (776 -488 8 ) (784 -488 8 ) 
4 310 (800 -472 8 ) (808 -472 8 ) (808 -472 0 ) (800 -472 0 ) 
4 310 (784 -472 8 ) (800 -472 8 ) (800 -472 0 ) (784 -472 0 ) 
4 310 (776 -472 8 ) (784 -472 8 ) (784 -472 0 ) (776 -472 0 ) 
4 310 (680 -472 8 ) (776 -472 8 ) (776 -472 0 ) (680 -472 0 ) 
4 310 (672 -472 8 ) (680 -472 8 ) (680 -472 0 ) (672 -472 0 ) 
4 311 (416 -760 184 ) (416 -760 208 ) (416 -488 208 ) (416 -488 184 ) 
4 311 (416 -760 0 ) (416 -784 0 ) (416 -784 208 ) (416 -760 208 ) 
4 311 (712 -488 200 ) (720 -488 200 ) (720 -488 8 ) (712 -488 8 ) 
4 311 (776 -488 200 ) (784 -488 200 ) (784 -488 8 ) (776 -488 8 ) 
4 311 (416 -592 208 ) (464 -592 208 ) (464 -584 208 ) (416 -584 208 ) 
4 312 (392 -760 184 ) (392 -760 0 ) (416 -760 0 ) (416 -760 184 ) 
4 312 (416 -472 184 ) (392 -472 184 ) (392 -760 184 ) (416 -760 184 ) 
4 313 (294.156433 -640 117.961349 ) (239.132812 -640 208 ) (220.905167 -640 208 ) (282.842712 -640 106.647629 ) 
4 313 (392 -640 208 ) (392 -640 184 ) (392 -472 184 ) (392 -472 208 ) 
4 313 (392 -592 208 ) (392 -584 208 ) (0 -584 208 ) (0 -592 208 ) 
4 314 (239.130844 -640 208 ) (294.155609 -640 117.960495 ) (294.156311 -648 117.961197 ) (239.132584 -648 208 ) 
4 314 (392 -640 208 ) (392 -648 208 ) (392 -648 184 ) (392 -640 184 ) 
4 315 (282.842712 -648 106.647667 ) (247.285446 -648 164.832260 ) (204.117722 -648 208 ) (181.490356 -648 208 ) 
4 315 (220.911438 -648 208 ) (282.846863 -648 106.651756 ) (282.847260 -640 106.652168 ) (220.912460 -640 208 ) 
4 316 (282.835510 -640 106.647728 ) (282.835510 -648 106.647728 ) (294.156311 -648 117.968643 ) (294.156311 -640 117.968643 ) 
4 317 (282.841064 -648 106.645966 ) (181.487015 -648 208 ) (181.486954 -656 208 ) (282.839722 -656 106.644615 ) 
4 318 (204.124542 -648 208 ) (294.160309 -648 117.965210 ) (294.160828 -656 117.965736 ) (204.126572 -656 208 ) 
4 318 (247.285431 -648 164.832291 ) (220.905167 -648 208 ) (239.132812 -648 208 ) (294.156433 -648 117.961349 ) 
4 318 (392 -648 208 ) (392 -656 208 ) (392 -656 184 ) (392 -648 184 ) 
4 319 (282.838165 -648 106.650520 ) (282.838165 -656 106.650520 ) (294.151978 -656 117.964172 ) (294.151978 -648 117.964172 ) 
4 320 (392 -760 184 ) (392 -760 208 ) (0 -760 208 ) (0 -760 184 ) 
4 320 (282.842743 -656 106.647636 ) (181.490372 -656 208 ) (204.117737 -656 208 ) (294.156403 -656 117.961311 ) 
4 320 (392 -656 208 ) (392 -760 208 ) (392 -760 184 ) (392 -656 184 ) 
4 321 (282.842743 -768 106.647629 ) (294.156464 -768 117.961342 ) (253.799484 -768 184 ) (235.571838 -768 184 ) 
4 321 (392 -760 184 ) (392 -768 184 ) (392 -768 0 ) (392 -760 0 ) 
4 321 (392 -760 184 ) (0 -760 184 ) (0 -768 184 ) (392 -768 184 ) 
4 322 (253.797684 -768 184 ) (294.155609 -768 117.960503 ) (294.156311 -776 117.961189 ) (253.799255 -776 184 ) 
4 322 (392 -768 184 ) (392 -776 184 ) (392 -776 0 ) (392 -768 0 ) 
4 322 (392 -768 184 ) (253.796875 -768 184 ) (253.796875 -776 184 ) (392 -776 184 ) 
4 323 (282.839386 -776 106.653076 ) (294.151733 -776 117.964859 ) (294.151733 -768 117.964859 ) (282.839600 -768 106.652740 ) 
4 324 (282.842743 -776 106.647629 ) (247.285431 -776 164.832306 ) (228.117737 -776 184 ) (205.490356 -776 184 ) 
4 324 (0 -776 184 ) (235.571808 -776 184 ) (235.571808 -768 184 ) (0 -768 184 ) 
4 324 (282.846436 -776 106.651161 ) (282.846436 -768 106.651161 ) (235.578445 -768 184 ) (235.578445 -776 184 ) 
4 325 (228.126434 -784 184 ) (228.126434 -776 184 ) (294.160767 -776 117.965660 ) (294.160767 -784 117.965660 ) 
4 325 (247.285431 -776 164.832321 ) (235.571838 -776 184 ) (253.799484 -776 184 ) (294.156464 -776 117.961342 ) 
4 325 (392 -776 20.117718 ) (392 -776 184 ) (392 -784 184 ) (392 -784 20.117716 ) 
4 325 (228.117737 -784 184 ) (392 -784 184 ) (392 -776 184 ) (228.117737 -776 184 ) 
4 326 (282.839478 -776 106.644386 ) (205.484116 -776 184 ) (205.484116 -784 184 ) (282.839478 -784 106.644402 ) 
4 326 (0 -784 184 ) (205.490356 -784 184 ) (205.490356 -776 184 ) (0 -776 184 ) 
4 327 (392 -776 20.117718 ) (392 -784 20.117716 ) (392 -784 0 ) (392 -776 0 ) 
4 327 (282.838257 -776 106.650475 ) (282.838257 -784 106.650475 ) (294.154236 -784 117.966583 ) (294.154236 -776 117.966583 ) 
4 328 (282.842743 -784 106.647644 ) (205.490356 -784 184 ) (228.117737 -784 184 ) (294.156403 -784 117.961304 ) 
4 328 (228.117737 -784 184 ) (205.490356 -784 184 ) (181.490356 -784 208 ) (204.117737 -784 208 ) 
4 328 (205.490356 -784 184 ) (0 -784 184 ) (0 -784 208 ) (181.490356 -784 208 ) 
4 328 (228.117737 -784 184 ) (204.117737 -784 208 ) (392 -784 208 ) (392 -784 184 ) 
4 328 (392 -784 208 ) (416 -784 208 ) (416 -784 0 ) (392 -784 0 ) 
4 329 (392 -760 0 ) (392 -760 -64 ) (416 -760 -64 ) (416 -760 0 ) 
4 329 (800 -472 0 ) (808 -472 0 ) (808 0 0 ) (800 0 0 ) 
4 329 (784 -472 0 ) (800 -472 0 ) (800 0 0 ) (784 0 0 ) 
4 329 (776 -424 0 ) (784 -424 0 ) (784 0 0 ) (776 0 0 ) 
4 329 (680 -424 0 ) (776 -424 0 ) (776 0 0 ) (680 0 0 ) 
4 329 (672 -424 0 ) (680 -424 0 ) (680 0 0 ) (672 0 0 ) 
4 329 (544 -424 0 ) (672 -424 0 ) (672 0 0 ) (544 0 0 ) 
4 329 (776 -424 0 ) (776 -472 0 ) (784 -472 0 ) (784 -424 0 ) 
4 329 (776 -464 0 ) (680 -464 0 ) (680 -472 0 ) (776 -472 0 ) 
4 329 (680 -424 0 ) (672 -424 0 ) (672 -472 0 ) (680 -472 0 ) 
4 329 (656 -440 0 ) (656 -424 0 ) (648 -424 0 ) (648 -440 0 ) 
4 329 (648 -440 0 ) (648 -424 0 ) (544 -424 0 ) (544 -440 0 ) 
4 329 (648 -448 0 ) (648 -440 0 ) (544 -440 0 ) (544 -448 0 ) 
4 329 (392 -424 0 ) (544 -424 0 ) (544 0 0 ) (392 0 0 ) 
4 329 (392 -448 0 ) (544 -448 0 ) (544 -424 0 ) (392 -424 0 ) 
4 330 (416 -760 0 ) (416 -760 -64 ) (416 -784 -64 ) (416 -784 0 ) 
4 331 (416 -784 0 ) (416 -784 -64 ) (392 -784 -64 ) (392 -784 0 ) 
4 332 (392 -760 0 ) (392 -784 0 ) (392 -784 -64 ) (392 -760 -64 ) 
4 332 (48 -448 0 ) (48 -424 0 ) (0 -424 0 ) (0 -448 0 ) 
4 332 (328 -448 0 ) (336 -448 0 ) (336 -424 0 ) (328 -424 0 ) 
4 332 (336 -448 0 ) (392 -448 0 ) (392 -424 0 ) (336 -424 0 ) 
4 332 (392 -424 0 ) (392 0 0 ) (0 0 0 ) (0 -424 0 ) 
4 333 (416 -784 -64 ) (416 -760 -64 ) (392 -760 -64 ) (392 -784 -64 ) 
4 333 (1024 -1024 -912 ) (0 -1024 -912 ) (0 0 -912 ) (1024 0 -912 ) 
4 334 (1024 -1028 1260 ) (1024 -1024 1260 ) (0 -1024 1260 ) (0 -1028 1260 ) 
4 334 (0 -1028 1024 ) (1024 -1028 1024 ) (1024 -1028 1260 ) (0 -1028 1260 ) 
4 335 (0 -1028 0 ) (1024 -1028 0 ) (1024 -1028 1024 ) (0 -1028 1024 ) 
4 336 (0 -1028 -912 ) (0 -1024 -912 ) (1024 -1024 -912 ) (1024 -1028 -912 ) 
4 336 (0 -1028 -912 ) (1024 -1028 -912 ) (1024 -1028 0 ) (0 -1028 0 ) 
4 337 (0 956 1260 ) (0 956 1024 ) (-1024 956 1024 ) (-1024 956 1260 ) 
4 337 (0 956 1260 ) (-1024 956 1260 ) (-1024 0 1260 ) (0 0 1260 ) 
4 338 (-168 520 224.001617 ) (-168 528 224.001617 ) (0 528 272.001556 ) (0 520 272.001556 ) 
4 338 (-168 584 224.001617 ) (-168 592 224.001617 ) (0 592 272.001556 ) (0 584 272.001556 ) 
4 338 (-168 648 224.001617 ) (-168 656 224.001617 ) (0 656 272.001556 ) (0 648 272.001556 ) 
4 338 (-168 712 224.001617 ) (-168 720 224.001617 ) (0 720 272.001556 ) (0 712 272.001556 ) 
4 338 (0 956 1024 ) (0 956 272 ) (-168 956 224 ) (-168 956 1024 ) 
4 339 (-148 724 208 ) (0 724 208 ) (0 724 216 ) (-148 724 216 ) 
4 339 (0 956 208 ) (-168 956 208 ) (-168 956 224 ) (0 956 272 ) 
4 340 (-168 720 224 ) (-112 720 224 ) (0 720 256 ) (0 720 272 ) 
4 341 (0 720 256.001587 ) (-112.005341 720 224 ) (-112.005341 712 224 ) (0 712 256.001526 ) 
4 342 (-168 704 224 ) (-168 712 224 ) (0 712 224 ) (0 704 224 ) 
4 342 (0 712 272 ) (0 712 256 ) (-112 712 224 ) (-168 712 224 ) 
4 343 (-148 724 216 ) (0 724 216 ) (0 720 216 ) (-148 720 216 ) 
4 343 (-168 720 216 ) (-140 720 216 ) (-112 720 224 ) (-168 720 224 ) 
4 344 (-140 720 216 ) (0 720 216 ) (0 712 216 ) (-140 712 216 ) 
4 344 (-140 712 216 ) (0 712 216 ) (0 712 224 ) (-112 712 224 ) 
4 344 (-112.009895 720 224 ) (-140.009720 720 216 ) (-140.002213 712 216 ) (-112.002213 712 224 ) 
4 345 (0 700 216 ) (-148 700 216 ) (-148 704 216 ) (0 704 216 ) 
4 345 (-168 704 224 ) (0 704 224 ) (0 704 216 ) (-168 704 216 ) 
4 346 (-148 720 216 ) (-168 720 216 ) (-168 720 208 ) (-148 720 213.714294 ) 
4 346 (-148 724 208 ) (-148 724 216 ) (-148 720 216 ) (-148 720 208 ) 
3 347 (-168 712 208 ) (-148 712 208 ) (-148 712 213.714294 ) 
4 347 (-148 712 213.714294 ) (-148 712 208 ) (-148 720 208 ) (-148 720 213.714294 ) 
4 347 (-168 712 208 ) (-148 712 213.714722 ) (-148 720 213.714722 ) (-168 720 208 ) 
4 348 (-148 704 216 ) (-148 700 216 ) (-148 700 208 ) (-148 704 208 ) 
4 348 (-168 704 208 ) (-168 704 216 ) (-148 704 216 ) (-148 704 208 ) 
4 349 (-148 700 216 ) (-124 700 216 ) (-124 656 216 ) (-148 656 216 ) 
5 349 (-168 656 216 ) (-140 656 216 ) (0 656 256 ) (0 656 272 ) (-168 656 224 ) 
4 350 (-140 648 216 ) (0 648 216 ) (0 648 224 ) (-112 648 224 ) 
4 350 (-124 648 216 ) (-140 648 216 ) (-140 656 216 ) (-124 656 216 ) 
4 350 (0 656 256.002747 ) (-140.009720 656 216 ) (-140.009720 648 216 ) (0 648 256.002777 ) 
4 351 (-124 648 208 ) (0 648 208 ) (0 648 216 ) (-124 648 216 ) 
4 351 (-124 648 208 ) (-124 648 216 ) (-124 656 216 ) (-124 656 208 ) 
4 351 (-124 656 216 ) (-124 700 216 ) (-124 700 208 ) (-124 656 208 ) 
4 351 (-124 700 216 ) (0 700 216 ) (0 700 208 ) (-124 700 208 ) 
4 352 (-148 656 216 ) (-168 656 216 ) (-168 656 208 ) (-148 656 213.714294 ) 
4 352 (-148 700 208 ) (-148 700 216 ) (-148 656 216 ) (-148 656 208 ) 
3 353 (-168 648 208 ) (-148 648 208 ) (-148 648 213.714294 ) 
4 353 (-148 648 213.714294 ) (-148 648 208 ) (-148 656 208 ) (-148 656 213.714294 ) 
4 353 (-168 648 208 ) (-148 648 213.714722 ) (-148 656 213.714722 ) (-168 656 208 ) 
4 354 (-168 640 224 ) (-168 648 224 ) (-148 648 224 ) (-148 640 224 ) 
4 354 (-148 648 224 ) (0 648 224 ) (0 640 224 ) (-148 640 224 ) 
4 354 (-168 592 224 ) (-112 592 224 ) (0 592 256 ) (0 592 272 ) 
4 354 (0 648 256 ) (-112 648 224 ) (-168 648 224 ) (0 648 272 ) 
4 355 (0 592 256.001587 ) (-112.005341 592 224 ) (-112.005341 584 224 ) (0 584 256.001526 ) 
4 356 (-112 592 224 ) (-148 592 224 ) (-148 592 216 ) (-140 592 216 ) 
4 356 (-124 592 216 ) (-148 592 216 ) (-148 640 216 ) (-124 640 216 ) 
4 356 (0 640 224 ) (0 640 216 ) (-148 640 216 ) (-148 640 224 ) 
4 357 (-124 592 208 ) (-124 592 216 ) (-124 640 216 ) (-124 640 208 ) 
4 357 (0 640 216 ) (0 640 208 ) (-124 640 208 ) (-124 640 216 ) 
4 358 (-148 592 224 ) (-168 592 224 ) (-168 592 208 ) (-148 592 213.714294 ) 
4 358 (-148 640 208 ) (-148 640 216 ) (-148 592 216 ) (-148 592 208 ) 
4 358 (-168 640 208 ) (-168 640 224 ) (-148 640 224 ) (-148 640 208 ) 
4 359 (0 584 216 ) (0 584 224 ) (-112 584 224 ) (-140 584 216 ) 
4 359 (-124 584 216 ) (-140 584 216 ) (-140 592 216 ) (-124 592 216 ) 
4 359 (-112.009895 592 224 ) (-140.005981 592 216 ) (-140.005981 584 216 ) (-112.009895 584 224 ) 
4 360 (-124 584 208 ) (0 584 208 ) (0 584 216 ) (-124 584 216 ) 
4 360 (-124 584 208 ) (-124 584 216 ) (-124 592 216 ) (-124 592 208 ) 
3 361 (-168 584 208 ) (-148 584 208 ) (-148 584 213.714294 ) 
4 361 (-148 584 213.714294 ) (-148 584 208 ) (-148 592 208 ) (-148 592 213.714294 ) 
4 361 (-168 584 208 ) (-148 584 213.714722 ) (-148 592 213.714722 ) (-168 592 208 ) 
4 362 (-168 576 224 ) (-168 584 224 ) (-148 584 224 ) (-148 576 224 ) 
4 362 (-148 584 224 ) (0 584 224 ) (0 576 224 ) (-148 576 224 ) 
4 362 (-168 528 224 ) (-112 528 224 ) (0 528 256 ) (0 528 272 ) 
4 362 (0 584 256 ) (-112 584 224 ) (-168 584 224 ) (0 584 272 ) 
4 363 (0 528 256.001587 ) (-112.005341 528 224 ) (-112.005341 520 224 ) (0 520 256.001526 ) 
4 364 (-112 528 224 ) (-148 528 224 ) (-148 528 216 ) (-140 528 216 ) 
4 364 (-124 528 216 ) (-148 528 216 ) (-148 576 216 ) (-124 576 216 ) 
4 364 (0 576 224 ) (0 576 216 ) (-148 576 216 ) (-148 576 224 ) 
4 365 (-124 528 208 ) (-124 528 216 ) (-124 576 216 ) (-124 576 208 ) 
4 365 (0 576 216 ) (0 576 208 ) (-124 576 208 ) (-124 576 216 ) 
4 366 (-148 528 224 ) (-168 528 224 ) (-168 528 208 ) (-148 528 213.714294 ) 
4 366 (-148 576 208 ) (-148 576 216 ) (-148 528 216 ) (-148 528 208 ) 
4 366 (-168 576 208 ) (-168 576 224 ) (-148 576 224 ) (-148 576 208 ) 
4 367 (0 520 216 ) (0 520 224 ) (-112 520 224 ) (-140 520 216 ) 
4 367 (-124 520 216 ) (-140 520 216 ) (-140 528 216 ) (-124 528 216 ) 
4 367 (-112.009895 528 224 ) (-140.005981 528 216 ) (-140.005981 520 216 ) (-112.009895 520 224 ) 
4 368 (-124 520 208 ) (0 520 208 ) (0 520 216 ) (-124 520 216 ) 
4 368 (-124 520 208 ) (-124 520 216 ) (-124 528 216 ) (-124 528 208 ) 
3 369 (-168 520 208 ) (-148 520 208 ) (-148 520 213.714294 ) 
4 369 (-148 520 213.714294 ) (-148 520 208 ) (-148 528 208 ) (-148 528 213.714294 ) 
4 369 (-168 520 208 ) (-148 520 213.714722 ) (-148 528 213.714722 ) (-168 528 208 ) 
4 370 (-168 512 224 ) (-168 520 224 ) (0 520 224 ) (0 512 224 ) 
4 370 (0 520 256 ) (-112 520 224 ) (-168 520 224 ) (0 520 272 ) 
4 371 (-48 464 224 ) (-56 464 224 ) (-56 464 216 ) (-48 464 216 ) 
4 371 (-40 464 224 ) (-48 464 224 ) (-48 464 216 ) (-40 464 216 ) 
4 371 (-124 464 216 ) (-148 464 216 ) (-148 512 216 ) (-124 512 216 ) 
4 371 (-168 512 224 ) (0 512 224 ) (0 512 216 ) (-168 512 216 ) 
4 372 (-56 464 208 ) (-48 464 208 ) (-48 464 216 ) (-56 464 216 ) 
4 372 (-48 464 208 ) (-40 464 208 ) (-40 464 216 ) (-48 464 216 ) 
4 372 (-124 512 216 ) (0 512 216 ) (0 512 208 ) (-124 512 208 ) 
4 372 (-124 512 216 ) (-124 512 208 ) (-124 464 208 ) (-124 464 216 ) 
4 373 (-148 512 208 ) (-148 512 216 ) (-148 464 216 ) (-148 464 208 ) 
4 373 (-168 512 208 ) (-168 512 216 ) (-148 512 216 ) (-148 512 208 ) 
4 374 (-624 568 208 ) (-608 568 208 ) (-608 464 208 ) (-624 464 208 ) 
4 374 (-384 552 208 ) (-384 464 208 ) (-400 464 208 ) (-400 552 208 ) 
4 374 (-608 568 208 ) (-384 568 208 ) (-384 552 208 ) (-608 552 208 ) 
4 374 (-816 464 208 ) (-808 464 208 ) (-808 464 224 ) (-816 464 224 ) 
4 374 (-808 464 208 ) (-800 464 208 ) (-800 464 224 ) (-808 464 224 ) 
4 374 (-696 464 208 ) (-688 464 208 ) (-688 464 224 ) (-696 464 224 ) 
4 374 (-688 464 208 ) (-680 464 208 ) (-680 464 224 ) (-688 464 224 ) 
4 374 (-568 464 208 ) (-560 464 208 ) (-560 464 224 ) (-568 464 224 ) 
4 374 (-560 464 208 ) (-552 464 208 ) (-552 464 224 ) (-560 464 224 ) 
4 374 (-440 464 208 ) (-432 464 208 ) (-432 464 224 ) (-440 464 224 ) 
4 374 (-432 464 208 ) (-424 464 208 ) (-424 464 224 ) (-432 464 224 ) 
4 374 (-312 464 208 ) (-304 464 208 ) (-304 464 224 ) (-312 464 224 ) 
4 374 (-304 464 208 ) (-296 464 208 ) (-296 464 224 ) (-304 464 224 ) 
4 374 (-184 464 208 ) (-176 464 208 ) (-176 464 224 ) (-184 464 224 ) 
4 374 (-176 464 208 ) (-168 464 208 ) (-168 464 224 ) (-176 464 224 ) 
4 374 (-168 712 216 ) (-168 720 216 ) (-168 720 224 ) (-168 712 224 ) 
4 374 (-168 704 216 ) (-168 712 216 ) (-168 712 224 ) (-168 704 224 ) 
4 374 (-168 720 216 ) (-168 712 216 ) (-168 712 208 ) (-168 720 208 ) 
4 374 (-168 712 216 ) (-168 704 216 ) (-168 704 208 ) (-168 712 208 ) 
4 374 (-168 656 216 ) (-168 656 224 ) (-168 648 224 ) (-168 648 216 ) 
4 374 (-168 656 216 ) (-168 648 216 ) (-168 648 208 ) (-168 656 208 ) 
4 374 (-168 648 224 ) (-168 640 224 ) (-168 640 208 ) (-168 648 208 ) 
4 374 (-168 592 224 ) (-168 584 224 ) (-168 584 208 ) (-168 592 208 ) 
4 374 (-168 584 224 ) (-168 576 224 ) (-168 576 208 ) (-168 584 208 ) 
4 374 (-168 528 224 ) (-168 520 224 ) (-168 520 208 ) (-168 528 208 ) 
4 374 (-168 512 216 ) (-168 520 216 ) (-168 520 224 ) (-168 512 224 ) 
4 374 (-168 520 216 ) (-168 512 216 ) (-168 512 208 ) (-168 520 208 ) 
4 374 (-1024 956 1024 ) (-168 956 1024 ) (-168 956 208 ) (-1024 956 208 ) 
4 375 (-48 0 224 ) (-56 0 224 ) (-56 397.714294 224 ) (-48 397.714294 224 ) 
4 375 (-40 397.724579 224 ) (-48 397.724579 224 ) (-48 0 320.002472 ) (-40 0 320.002472 ) 
3 376 (-168 464 224 ) (-168 448 224 ) (-168 448 227.862091 ) 
4 376 (0 448 272 ) (-168 448 224 ) (-168 456 224 ) (0 456 272 ) 
4 377 (-40 456 244.572586 ) (-40 448 244.572556 ) (0 448 256.001129 ) (0 456 256.001160 ) 
3 377 (-40 464 224 ) (-40 448 224 ) (-40 448 227.862091 ) 
4 378 (-48 456 242.286865 ) (-48 448 242.286835 ) (-40 448 244.572556 ) (-40 456 244.572586 ) 
4 378 (-48 448 227.863480 ) (-48 464 224.001419 ) (-40 464 224.001877 ) (-40 448 227.862686 ) 
4 379 (-56 464 224 ) (-48 464 224 ) (-48 448 224 ) (-56 448 224 ) 
4 379 (-112.003906 456 224 ) (-112.003906 448 224 ) (-48 448 242.286835 ) (-48 456 242.286865 ) 
3 379 (-48 448 227.862091 ) (-48 448 224 ) (-48 464 224 ) 
5 380 (-112 456 224 ) (0 456 256 ) (0 456 272.004333 ) (-168 456 224.004471 ) (-168 456 224 ) 
4 381 (-40 448 224 ) (0 448 224 ) (0 440 224 ) (-40 440 224 ) 
5 381 (-40 448 227.862091 ) (-40 448 224 ) (-40 397.703125 224 ) (-40 0 319.997284 ) (-40 0 336 ) 
4 381 (-40 448 260.571442 ) (0 448 272 ) (0 448 256 ) (-40 448 244.571426 ) 
4 382 (-48 448 258.285736 ) (-40 448 260.571442 ) (-40 448 244.571426 ) (-48 448 242.285706 ) 
4 382 (-48 0 336 ) (-48 448 227.861938 ) (-40 448 227.863770 ) (-40 0 336.001709 ) 
5 383 (-168 448 224 ) (-168 397.714294 224 ) (-168 0 320 ) (-168 0 336 ) (-168 448 227.862091 ) 
4 383 (-168 440 224 ) (-168 448 224 ) (-148 448 224 ) (-148 440 224 ) 
4 383 (-148 448 224 ) (-56 448 224 ) (-56 440 224 ) (-148 440 224 ) 
4 383 (-56 448 224 ) (-48 448 224 ) (-48 440 224 ) (-56 440 224 ) 
4 383 (-48 440 224 ) (-48 397.714294 224 ) (-56 397.714294 224 ) (-56 440 224 ) 
5 383 (-48 0 336 ) (-48 0 319.997284 ) (-48 397.703125 224 ) (-48 448 224 ) (-48 448 227.862091 ) 
4 383 (-48 448 258.285736 ) (-48 448 242.285706 ) (-112 448 224 ) (-168 448 224 ) 
4 384 (-40 448 224 ) (-40 464 224 ) (-40 464 208 ) (-40 448 211.862091 ) 
4 384 (-40 448 224 ) (-40 448 208 ) (0 448 208 ) (0 448 224 ) 
4 385 (0 0 208 ) (-40 0 208 ) (-40 152 208 ) (0 152 208 ) 
4 385 (-40 424 208 ) (-40 440 208 ) (0 440 208 ) (0 424 208 ) 
3 385 (-40 397.714294 224 ) (-40 440 224 ) (-40 440 213.793106 ) 
4 385 (0 440 224 ) (0 440 208 ) (-40 440 208 ) (-40 440 224 ) 
3 386 (-48 464 208 ) (-48 448 208 ) (-48 448 211.862091 ) 
4 386 (-48 448 211.862091 ) (-48 448 208 ) (-40 448 208 ) (-40 448 211.862091 ) 
4 386 (-48 464 208.001282 ) (-48 448 211.862900 ) (-40 448 211.862900 ) (-40 464 208 ) 
4 387 (-40 0 208 ) (-48 0 208 ) (-48 152 208 ) (-40 152 208 ) 
4 387 (-48 424 208 ) (-48 440 208 ) (-40 440 208 ) (-40 424 208 ) 
5 387 (-48 0 224 ) (-48 397.714294 224 ) (-48 440 213.793106 ) (-48 440 208 ) (-48 0 208 ) 
4 387 (-40 440 213.793106 ) (-40 440 208 ) (-48 440 208 ) (-48 440 213.793106 ) 
4 387 (-40 440 213.795013 ) (-48 440 213.795013 ) (-48 397.722198 224 ) (-40 397.722107 224 ) 
4 388 (-56 448 208 ) (-56 448 216 ) (-124 448 216 ) (-124 448 208 ) 
5 388 (-56 448 216 ) (-56 448 224 ) (-112 448 224 ) (-124 448 220.571426 ) (-124 448 216 ) 
4 388 (-124 448 220.571869 ) (-112.001534 448 224 ) (-112.001534 456 224 ) (-124 456 220.571869 ) 
4 388 (-124 448 208 ) (-124 448 216 ) (-124 464 216 ) (-124 464 208 ) 
4 388 (-56 448 208 ) (-56 464 208 ) (-56 464 224 ) (-56 448 224 ) 
3 389 (-124 448 220.571426 ) (-140 448 216 ) (-124 448 216 ) 
4 389 (-140.001526 448 216 ) (-124 448 220.571869 ) (-124 456 220.571869 ) (-140.001526 456 216 ) 
4 389 (-139.996323 448 216 ) (-139.996323 464 216 ) (-124 464 216 ) (-124 448 216 ) 
4 390 (-148 456 216 ) (-148 464 216 ) (-140 464 216 ) (-140 456 216 ) 
4 390 (-148 456 224 ) (-148 456 216 ) (-140 456 216 ) (-112 456 224 ) 
4 391 (-168 464 224 ) (-168 464 208 ) (-168 456 209.931030 ) (-168 456 224 ) 
4 391 (-148 456 213.714294 ) (-148 456 224 ) (-168 456 224 ) (-168 456 208 ) 
4 391 (-148 456 208 ) (-148 464 208 ) (-148 464 213.714294 ) (-148 456 213.714294 ) 
4 391 (-148 456 213.714294 ) (-148 464 213.714294 ) (-148 464 216 ) (-148 456 216 ) 
3 392 (-168 448 208 ) (-148 448 208 ) (-148 448 213.714294 ) 
4 392 (-148 456 208 ) (-148 456 213.714294 ) (-148 448 213.714294 ) (-148 448 208 ) 
4 392 (-148 456 213.714722 ) (-168 456 208 ) (-168 448 208 ) (-148 448 213.714722 ) 
3 393 (-148 424 216 ) (-148 440 216 ) (-132 440 216 ) 
4 393 (-56 0 216 ) (-56 440 216 ) (-56 440 224 ) (-56 0 224 ) 
4 393 (-56 440 224 ) (-56 440 216 ) (-148 440 216 ) (-148 440 224 ) 
4 394 (-56 0 208 ) (-80 0 208 ) (-80 152 208 ) (-56 152 208 ) 
4 394 (-148 424 208 ) (-132 440 208 ) (-56 440 208 ) (-56 424 208 ) 
4 394 (-56 0 216 ) (-56 0 208 ) (-56 440 208 ) (-56 440 216 ) 
4 394 (-132 440 208 ) (-132 440 216 ) (-56 440 216 ) (-56 440 208 ) 
4 394 (-132.002640 440 216 ) (-132.002640 440 208 ) (-148 423.997253 208 ) (-148 423.997253 216 ) 
4 395 (-168 424 208 ) (-168 440 208 ) (-148 440 208 ) (-148 424 208 ) 
3 395 (-168 397.714325 224 ) (-168 440 224 ) (-168 440 213.793106 ) 
4 395 (-148 440 216 ) (-148 424 216 ) (-148 424 208 ) (-148 440 208 ) 
4 395 (-168 440 208 ) (-168 440 224 ) (-148 440 224 ) (-148 440 208 ) 
4 396 (-800 424 208 ) (-800 440 208 ) (-168 440 208 ) (-168 424 208 ) 
4 396 (-800 0 208 ) (-816 0 208 ) (-816 440 208 ) (-800 440 208 ) 
4 396 (-624 464 208 ) (-608 464 208 ) (-608 440 208 ) (-624 440 208 ) 
4 396 (-400 464 208 ) (-384 464 208 ) (-384 440 208 ) (-400 440 208 ) 
4 396 (-816 0 256 ) (-808 0 256 ) (-808 463.992249 208 ) (-816 463.992249 208 ) 
4 396 (-696 0 256 ) (-688 0 256 ) (-688 463.992249 208 ) (-696 463.992249 208 ) 
4 396 (-568 0 256 ) (-560 0 256 ) (-560 463.992249 208 ) (-568 463.992249 208 ) 
4 396 (-440 0 256 ) (-432 0 256 ) (-432 463.992218 208 ) (-440 463.992218 208 ) 
4 396 (-312 0 256 ) (-304 0 256 ) (-304 463.992218 208 ) (-312 463.992218 208 ) 
4 396 (-184 0 256 ) (-176 0 256 ) (-176 463.992218 208 ) (-184 463.992218 208 ) 
4 396 (-168 456 208.827591 ) (-168 448 209.655182 ) (-168 448 208 ) (-168 456 208 ) 
4 396 (-168 448 209.655182 ) (-168 440 210.482758 ) (-168 440 208 ) (-168 448 208 ) 
4 397 (-808 464 224.001419 ) (-800 464 224.001419 ) (-800 0 336.001434 ) (-808 0 336.001434 ) 
4 397 (-688 464 224.001419 ) (-680 464 224.001419 ) (-680 0 336.001434 ) (-688 0 336.001434 ) 
4 397 (-560 464 224.001419 ) (-552 464 224.001419 ) (-552 0 336.001434 ) (-560 0 336.001434 ) 
4 397 (-432 464 224.001419 ) (-424 464 224.001419 ) (-424 0 336.001434 ) (-432 0 336.001434 ) 
4 397 (-304 464 224.001419 ) (-296 464 224.001419 ) (-296 0 336.001434 ) (-304 0 336.001434 ) 
4 397 (-176 464 224.001419 ) (-168 464 224.001419 ) (-168 0 336.001434 ) (-176 0 336.001434 ) 
5 398 (-176 464 208 ) (-176 463.986877 208 ) (-176 0 255.998642 ) (-176 0 272 ) (-176 348 236 ) 
4 398 (-168 448 209.655182 ) (-168 448 211.862091 ) (-168 440 213.793106 ) (-168 440 210.482758 ) 
4 398 (-168 456 208.827591 ) (-168 456 209.931030 ) (-168 448 211.862091 ) (-168 448 209.655182 ) 
4 398 (-176 464 208.001617 ) (-176 0 320.001617 ) (-168 0 320.001709 ) (-168 464 208.001846 ) 
4 399 (-176 0 320 ) (-176 348 236 ) (-176 463.951508 224.005020 ) (-176 0 335.993439 ) 
4 399 (-184 0 272 ) (-184 463.985016 224.002060 ) (-176 463.977234 224.002853 ) (-176 0 272 ) 
4 400 (-296 0 335.993439 ) (-296 464 223.993317 ) (-296 464 208 ) (-296 0 320 ) 
6 400 (-184 0 272 ) (-184 0 255.998642 ) (-184 463.986877 208 ) (-184 464 208 ) (-184 464 223.993317 ) (-184 463.951508 224.005020 ) 
5 401 (-304 464 208 ) (-304 463.986877 208 ) (-304 0 255.998642 ) (-304 0 272 ) (-304 348 236 ) 
4 401 (-304 464 208.001617 ) (-304 0 320.001617 ) (-296 0 320.001617 ) (-296 464 208.001724 ) 
4 402 (-304 0 320 ) (-304 348 236 ) (-304 463.951508 224.005020 ) (-304 0 335.993439 ) 
4 402 (-312 0 272 ) (-312 463.985016 224.002060 ) (-304 463.977234 224.002853 ) (-304 0 272 ) 
4 403 (-424 0 335.993439 ) (-424 464 223.993317 ) (-424 464 208 ) (-424 0 320 ) 
6 403 (-312 0 272 ) (-312 0 255.998642 ) (-312 463.986877 208 ) (-312 464 208 ) (-312 464 223.993317 ) (-312 463.951508 224.005020 ) 
5 404 (-432 464 208 ) (-432 463.986877 208 ) (-432 0 255.998642 ) (-432 0 272 ) (-432 348 236 ) 
4 404 (-432 464 208.001617 ) (-432 0 320.001617 ) (-424 0 320.001617 ) (-424 464 208.001724 ) 
4 405 (-432 0 320 ) (-432 348 236 ) (-432 463.951508 224.005020 ) (-432 0 335.993439 ) 
4 405 (-440 0 272 ) (-440 463.985016 224.002060 ) (-432 463.977234 224.002853 ) (-432 0 272 ) 
4 406 (-552 0 335.993439 ) (-552 464 223.993317 ) (-552 464 208 ) (-552 0 320 ) 
6 406 (-440 0 272 ) (-440 0 255.998642 ) (-440 463.986877 208 ) (-440 464 208 ) (-440 464 223.993317 ) (-440 463.951508 224.005020 ) 
5 407 (-560 464 208 ) (-560 463.986877 208 ) (-560 0 255.998642 ) (-560 0 272 ) (-560 348 236 ) 
4 407 (-560 464 208.001617 ) (-560 0 320.001617 ) (-552 0 320.001617 ) (-552 464 208.001724 ) 
4 408 (-560 0 320 ) (-560 348 236 ) (-560 463.951508 224.005020 ) (-560 0 335.993439 ) 
4 408 (-568 0 272 ) (-568 463.985016 224.002060 ) (-560 463.977234 224.002853 ) (-560 0 272 ) 
4 409 (-680 0 335.993439 ) (-680 464 223.993317 ) (-680 464 208 ) (-680 0 320 ) 
6 409 (-568 0 272 ) (-568 0 255.998642 ) (-568 463.986877 208 ) (-568 464 208 ) (-568 464 223.993317 ) (-568 463.951508 224.005020 ) 
5 410 (-688 464 208 ) (-688 463.986877 208 ) (-688 0 255.998642 ) (-688 0 272 ) (-688 348 236 ) 
4 410 (-688 464 208.001617 ) (-688 0 320.001617 ) (-680 0 320.001617 ) (-680 464 208.001724 ) 
4 411 (-688 0 320 ) (-688 348 236 ) (-688 463.951508 224.005020 ) (-688 0 335.993439 ) 
4 411 (-696 0 272 ) (-696 463.985016 224.002060 ) (-688 463.977234 224.002853 ) (-688 0 272 ) 
4 412 (-800 0 335.993439 ) (-800 464 223.993317 ) (-800 464 208 ) (-800 0 320 ) 
6 412 (-696 0 272 ) (-696 0 255.998642 ) (-696 463.986877 208 ) (-696 464 208 ) (-696 464 223.993317 ) (-696 463.951508 224.005020 ) 
5 413 (-808 464 208 ) (-808 463.986877 208 ) (-808 0 255.998642 ) (-808 0 272 ) (-808 348 236 ) 
4 413 (-808 464 208.001617 ) (-808 0 320.001617 ) (-800 0 320.001617 ) (-800 464 208.001724 ) 
4 414 (-808 0 320 ) (-808 348 236 ) (-808 463.951508 224.005020 ) (-808 0 335.993439 ) 
4 414 (-816 0 272 ) (-816 463.985016 224.002060 ) (-808 463.977234 224.002853 ) (-808 0 272 ) 
6 415 (-816 0 272 ) (-816 0 255.998642 ) (-816 463.986877 208 ) (-816 464 208 ) (-816 464 223.993317 ) (-816 463.951508 224.005020 ) 
4 416 (-96 896 40 ) (-96 896 56 ) (-176 896 56 ) (-176 896 40 ) 
4 416 (-1024 956 208 ) (0 956 208 ) (0 956 0 ) (-1024 956 0 ) 
4 417 (-124 724 192 ) (0 724 192 ) (0 724 208 ) (-124 724 208 ) 
4 417 (-148 724 208 ) (-148 724 192 ) (-124 724 192 ) (-124 724 208 ) 
4 418 (-124 700 192 ) (-124 568 192 ) (-124 568 208 ) (-124 700 208 ) 
4 418 (-124 584 208 ) (-124 576 208 ) (0 576 208 ) (0 584 208 ) 
4 418 (-124 648 208 ) (-124 640 208 ) (0 640 208 ) (0 648 208 ) 
4 418 (0 700 208 ) (0 700 192 ) (-124 700 192 ) (-124 700 208 ) 
4 419 (-624 568 200 ) (-624 568 192 ) (-616 568 192 ) (-616 568 200 ) 
4 419 (-608 568 208 ) (-624 568 208 ) (-624 568 200 ) (-608 568 200 ) 
4 419 (-512 568 192 ) (-504 568 192 ) (-504 568 200 ) (-512 568 200 ) 
4 419 (-448 568 192 ) (-440 568 192 ) (-440 568 200 ) (-448 568 200 ) 
4 419 (-576 568 192 ) (-568 568 192 ) (-568 568 200 ) (-576 568 200 ) 
4 419 (-392 568 192 ) (-384 568 192 ) (-384 568 200 ) (-392 568 200 ) 
4 419 (-384 568 208 ) (-608 568 208 ) (-608 568 200 ) (-384 568 200 ) 
4 419 (-148 724 208 ) (-148 568 208 ) (-148 568 192 ) (-148 724 192 ) 
4 419 (-148 704 208 ) (-148 712 208 ) (-168 712 208 ) (-168 704 208 ) 
4 419 (-148 640 208 ) (-148 648 208 ) (-168 648 208 ) (-168 640 208 ) 
4 419 (-148 576 208 ) (-148 584 208 ) (-168 584 208 ) (-168 576 208 ) 
4 420 (-96 832 56 ) (-96 832 40 ) (-96 816 40 ) (-96 816 56 ) 
4 420 (-96 832 24 ) (-96 832 8 ) (-96 736 64 ) (-96 736 80 ) 
4 420 (-96 896 56 ) (-96 896 40 ) (-96 832 40 ) (-96 832 56 ) 
4 420 (-96 672 88 ) (-96 672 104 ) (-96 752 104 ) (-96 752 88 ) 
4 420 (-96 700 192 ) (0 700 192 ) (0 724 192 ) (-96 724 192 ) 
4 421 (-96 752 104 ) (-96 724 104 ) (-148 724 104 ) (-148 752 104 ) 
4 421 (-148 724 192 ) (-148 724 104 ) (-124 724 104 ) (-124 724 192 ) 
4 422 (-96 724 104 ) (-96 672 104 ) (-124 672 104 ) (-124 724 104 ) 
4 422 (-124 724 192 ) (-124 724 104 ) (-124 700 104 ) (-124 700 192 ) 
4 422 (-96 700 192 ) (-96 724 192 ) (-124 724 192 ) (-124 700 192 ) 
4 423 (-124 672 104 ) (-148 672 104 ) (-148 700 104 ) (-124 700 104 ) 
4 423 (-124 672 192 ) (-124 700 192 ) (-148 700 192 ) (-148 672 192 ) 
4 423 (-124 700 192 ) (-124 700 104 ) (-148 700 104 ) (-148 700 192 ) 
4 424 (-176 752 104 ) (-148 752 104 ) (-148 672 104 ) (-176 672 104 ) 
4 424 (-148 724 192 ) (-148 700 192 ) (-148 700 104 ) (-148 724 104 ) 
4 425 (-176 752 88 ) (-96 752 88 ) (-96 752 104 ) (-176 752 104 ) 
4 426 (-176 672 104 ) (-176 672 88 ) (-176 752 88 ) (-176 752 104 ) 
4 427 (-96 832 56 ) (-176 832 56 ) (-176 896 56 ) (-96 896 56 ) 
4 428 (-112 880 40 ) (-160 880 40 ) (-160 880 0 ) (-112 880 0 ) 
4 428 (-96 880 40 ) (-96 896 40 ) (-176 896 40 ) (-176 880 40 ) 
4 429 (-96 832 8 ) (-96 832 24 ) (-112 832 24 ) (-112 832 8 ) 
4 429 (-96 880 40 ) (-112 880 40 ) (-112 832 40 ) (-96 832 40 ) 
4 429 (-112 880 40 ) (-112 880 0 ) (-112 832 0 ) (-112 832 40 ) 
4 430 (-176 832 24 ) (-176 832 8 ) (-160 832 8 ) (-160 832 24 ) 
4 430 (-160 832 40 ) (-160 832 0 ) (-160 880 0 ) (-160 880 40 ) 
4 430 (-160 880 40 ) (-176 880 40 ) (-176 832 40 ) (-160 832 40 ) 
4 431 (-176 896 40 ) (-176 896 56 ) (-176 832 56 ) (-176 832 40 ) 
3 432 (-160 752 70.666679 ) (-160 736 80 ) (-160 752 80 ) 
4 432 (-160 736 88 ) (-160 736 80 ) (-112 736 80 ) (-112 736 88 ) 
4 432 (-160 816 56 ) (-160 832 56 ) (-96 832 56 ) (-96 816 56 ) 
4 432 (-96 736 80.001701 ) (-160 736 80.001701 ) (-160 777.145752 56 ) (-96 777.145752 56 ) 
4 432 (-160 736 88 ) (-96 736 88 ) (-96 752 88 ) (-160 752 88 ) 
4 433 (-160 816 33.335033 ) (-160 832 24.001705 ) (-96 832 24.001703 ) (-96 816 33.335033 ) 
4 433 (-112 832 24 ) (-160 832 24 ) (-160 832 40 ) (-112 832 40 ) 
4 433 (-96 832 40 ) (-160 832 40 ) (-160 816 40 ) (-96 816 40 ) 
4 434 (-160 816 40 ) (-160 816 56 ) (-96 816 56 ) (-96 816 40 ) 
4 434 (-160 777.145752 56 ) (-160 816 33.335033 ) (-96 816 33.335033 ) (-96 777.145752 56 ) 
4 435 (-96 832 8.005671 ) (-112 832 8.005672 ) (-112 736 64.005676 ) (-96 736 64.005676 ) 
4 435 (-112 736 0 ) (-112 736 64.010391 ) (-112 832 8.010389 ) (-112 832 0 ) 
4 436 (-112 736 80 ) (-96 736 80 ) (-96 736 64 ) (-112 736 64 ) 
4 436 (-112 736 88 ) (-112 688 88 ) (-96 688 88 ) (-96 736 88 ) 
4 436 (-112 736 88 ) (-112 736 0 ) (-112 688 0 ) (-112 688 88 ) 
4 437 (-160 672 64 ) (-160 672 80 ) (-160 688 80 ) (-160 688 64 ) 
4 437 (-112 688 88 ) (-112 688 0 ) (-160 688 0 ) (-160 688 88 ) 
4 437 (-160 688 88 ) (-160 672 88 ) (-96 672 88 ) (-96 688 88 ) 
4 438 (-160 752 70.666664 ) (-160 752 80 ) (-176 752 72 ) (-176 752 70.666664 ) 
4 438 (-160 752 70.670250 ) (-176 752 70.670250 ) (-176 777.148987 56 ) (-160 777.149170 56 ) 
4 438 (-176 816 56 ) (-176 832 56 ) (-160 832 56 ) (-160 816 56 ) 
4 439 (-176 816 33.336914 ) (-176 832 24.003580 ) (-160 832 24.003939 ) (-160 816 33.337196 ) 
4 439 (-160 832 40 ) (-176 832 40 ) (-176 816 40 ) (-160 816 40 ) 
4 440 (-176 777.148987 56 ) (-176 816 33.336914 ) (-160 816 33.337196 ) (-160 777.149170 56 ) 
4 440 (-176 816 40 ) (-176 816 56 ) (-160 816 56 ) (-160 816 40 ) 
4 441 (-160 752 54.666676 ) (-160 752 0 ) (-160 832 0 ) (-160 832 8 ) 
4 441 (-160 832 8.006823 ) (-176 832 8.003621 ) (-176 752 54.670288 ) (-160 752 54.670288 ) 
4 442 (-256 752 32 ) (-256 752 16 ) (-240 752 24 ) (-240 752 40 ) 
4 442 (-256 752 56 ) (-256 752 40 ) (-240 752 40 ) (-240 752 56 ) 
5 442 (-240 752 24 ) (-176 752 56 ) (-176 752 70.666664 ) (-178.666656 752 70.666664 ) (-240 752 40 ) 
3 442 (-178.666656 752 70.666664 ) (-176 752 70.666664 ) (-176 752 72 ) 
4 442 (-176 752 70.666664 ) (-176 752 54.666660 ) (-176 832 8 ) (-176 832 24 ) 
4 442 (-176 816 56 ) (-176 816 40 ) (-176 832 40 ) (-176 832 56 ) 
4 443 (-176 749.720398 72 ) (-160 736.006165 80 ) (-160 736 80.003601 ) (-176 736 80.003845 ) 
4 443 (-176 722.285706 88 ) (-160 722.285706 88 ) (-160 752 88 ) (-176 752 88 ) 
3 443 (-160 736 80 ) (-160 736 88 ) (-160 722.285706 88 ) 
3 443 (-160 736.010437 80 ) (-178.654388 752 70.672813 ) (-160 752 80 ) 
3 444 (-176 749.714294 56 ) (-176 736 56 ) (-160 736 64 ) 
4 444 (-160 736 0 ) (-160 736 64 ) (-176 736 56 ) (-176 736 0 ) 
4 444 (-160 752 54.666676 ) (-160 736 64 ) (-160 736 0 ) (-160 752 0 ) 
4 444 (-160 752 54.674320 ) (-176 752 54.674320 ) (-176 749.727417 56 ) (-160 736.018433 63.996906 ) 
4 445 (-240 752 24 ) (-256 752 16 ) (-256 736 16 ) (-240 736 24 ) 
4 445 (-176 752 56 ) (-240 752 24 ) (-240 736 24 ) (-176 736 56 ) 
4 445 (-176 736 56 ) (-256 736 16 ) (-256 736 0 ) (-176 736 0 ) 
3 445 (-176 752 54.666668 ) (-176 752 56 ) (-176 749.714294 56 ) 
4 446 (-256 688 16 ) (-256 672 16 ) (-240 672 24 ) (-240 688 24 ) 
4 446 (-240 672 24 ) (-176 672 56 ) (-176 688 56 ) (-240 688 24 ) 
4 446 (-176 672 56 ) (-160 672 64 ) (-160 688 64 ) (-176 688 56 ) 
4 446 (-256 688 0 ) (-256 688 16 ) (-160 688 64 ) (-160 688 0 ) 
4 447 (-160 736 80 ) (-160 722.285706 88 ) (-160 688 88 ) (-160 688 80 ) 
4 447 (-176 722.285706 88 ) (-176 672 88 ) (-160 672 88 ) (-160 722.285706 88 ) 
4 447 (-160 736 80.003586 ) (-160 736 80 ) (-176 736 72 ) (-176 736 80.005363 ) 
4 447 (-176 672 72 ) (-176 736 72 ) (-160 736 80 ) (-160 672 80 ) 
4 448 (-240 672 40 ) (-240 672 56 ) (-240 752 56 ) (-240 752 40 ) 
3 448 (-176 749.711853 72 ) (-176 736 79.998672 ) (-176 736 72 ) 
5 448 (-240 672 39.998516 ) (-240 752 39.998516 ) (-178.670151 752 70.662781 ) (-176 749.710876 71.997826 ) (-176 672 71.997826 ) 
4 449 (-256 672 56 ) (-256 752 56 ) (-240 752 56 ) (-240 672 56 ) 
4 450 (-256 688 40 ) (-256 736 40 ) (-256 736 32 ) (-256 688 32 ) 
4 450 (-240 672 40 ) (-240 752 40 ) (-256 752 40 ) (-256 672 40 ) 
4 450 (-256 672 32 ) (-256 752 32 ) (-240.002991 752 40 ) (-240.002991 672 40 ) 
4 451 (-320 672 56 ) (-320 752 56 ) (-256 752 56 ) (-256 672 56 ) 
4 452 (-256 752 40 ) (-256 752 56 ) (-320 752 56 ) (-320 752 40 ) 
4 453 (-304 736 40 ) (-304 736 0 ) (-256 736 0 ) (-256 736 40 ) 
4 453 (-256 736 16 ) (-256 752 16 ) (-256 752 32 ) (-256 736 32 ) 
4 453 (-304 736 40 ) (-256 736 40 ) (-256 752 40 ) (-304 752 40 ) 
4 454 (-304 688 40 ) (-304 672 40 ) (-256 672 40 ) (-256 688 40 ) 
4 454 (-256 688 16 ) (-256 688 32 ) (-256 672 32 ) (-256 672 16 ) 
4 454 (-256 688 40 ) (-256 688 0 ) (-304 688 0 ) (-304 688 40 ) 
4 455 (-304 688 0 ) (-304 736 0 ) (-304 736 40 ) (-304 688 40 ) 
4 455 (-304 672 40 ) (-304 752 40 ) (-320 752 40 ) (-320 672 40 ) 
4 456 (-320 752 40 ) (-320 752 56 ) (-320 672 56 ) (-320 672 40 ) 
4 457 (-616 568 192 ) (-624 568 192 ) (-624 568 8 ) (-616 568 8 ) 
4 457 (-624 568 0 ) (-608 568 0 ) (-608 568 8 ) (-624 568 8 ) 
4 457 (-504 568 192 ) (-512 568 192 ) (-512 568 8 ) (-504 568 8 ) 
4 457 (-440 568 192 ) (-448 568 192 ) (-448 568 8 ) (-440 568 8 ) 
4 457 (-568 568 192 ) (-576 568 192 ) (-576 568 8 ) (-568 568 8 ) 
4 457 (-384 568 8 ) (-384 568 192 ) (-392 568 192 ) (-392 568 8 ) 
4 457 (-608 568 0 ) (-384 568 0 ) (-384 568 8 ) (-608 568 8 ) 
4 457 (-320 672 40 ) (-320 672 56 ) (-256 672 56 ) (-256 672 40 ) 
4 457 (-240 672 40 ) (-240 672 24 ) (-256 672 16 ) (-256 672 32 ) 
4 457 (-240 672 56 ) (-240 672 40 ) (-256 672 40 ) (-256 672 56 ) 
4 457 (-176 672 72 ) (-176 672 56 ) (-240 672 24 ) (-240 672 40 ) 
4 457 (-176 672 56 ) (-176 672 72 ) (-160 672 80 ) (-160 672 64 ) 
4 457 (-176 672 88 ) (-176 672 104 ) (-96 672 104 ) (-96 672 88 ) 
4 457 (-124 672 192 ) (-148 672 192 ) (-148 568 192 ) (-124 568 192 ) 
4 458 (-112 440 200 ) (-120 440 200 ) (-120 440 192 ) (-112 440 192 ) 
4 458 (0 440 200 ) (0 440 208 ) (-124 440 208 ) (-124 440 200 ) 
4 458 (-124 568 208 ) (-124 568 192 ) (-124 448 192 ) (-124 448 208 ) 
4 458 (-124 520 208 ) (-124 512 208 ) (0 512 208 ) (0 520 208 ) 
4 458 (0 440 208 ) (0 448 208 ) (-40 448 208 ) (-40 440 208 ) 
4 458 (-40 440 208 ) (-40 448 208 ) (-48 448 208 ) (-48 440 208 ) 
4 458 (-48 448 208 ) (-48 464 208 ) (-56 464 208 ) (-56 448 208 ) 
4 458 (-48 440 208 ) (-48 448 208 ) (-56 448 208 ) (-56 440 208 ) 
4 458 (-124 440 208 ) (-56 440 208 ) (-56 448 208 ) (-124 448 208 ) 
4 459 (-124 440 208 ) (-132 440 208 ) (-132 440 200 ) (-124 440 200 ) 
3 459 (-132 440 208 ) (-124 440 208 ) (-124 448 208 ) 
4 459 (-124 448.002045 208 ) (-124 448.002045 192 ) (-132.002045 440 192 ) (-132.002045 440 208 ) 
4 460 (-112 440 192 ) (-120 440 192 ) (-120 440 8 ) (-112 440 8 ) 
4 460 (-148 440 0 ) (0 440 0 ) (0 440 8 ) (-148 440 8 ) 
5 460 (-124 448 192 ) (-124 568 192 ) (-148 568 192 ) (-148 440 192 ) (-132 440 192 ) 
4 461 (-368 440 200 ) (-376 440 200 ) (-376 440 8 ) (-368 440 8 ) 
4 461 (-240 440 200 ) (-248 440 200 ) (-248 440 8 ) (-240 440 8 ) 
4 461 (-384 440 0 ) (-148 440 0 ) (-148 440 8 ) (-384 440 8 ) 
4 461 (-148 440 200 ) (-148 440 208 ) (-384 440 208 ) (-384 440 200 ) 
4 461 (-384 504 200 ) (-384 512 200 ) (-384 512 8 ) (-384 504 8 ) 
4 461 (-384 440 200 ) (-384 440 208 ) (-384 552 208 ) (-384 552 200 ) 
4 461 (-384 552 0 ) (-384 440 0 ) (-384 440 8 ) (-384 552 8 ) 
4 461 (-384 568 200 ) (-384 568 8 ) (-384 552 8 ) (-384 552 200 ) 
4 461 (-384 568 8 ) (-384 568 0 ) (-384 552 0 ) (-384 552 8 ) 
4 461 (-384 568 208 ) (-384 568 200 ) (-384 552 200 ) (-384 552 208 ) 
4 461 (-148 440 208 ) (-148 440 192 ) (-148 568 192 ) (-148 568 208 ) 
4 461 (-148 512 208 ) (-148 520 208 ) (-168 520 208 ) (-168 512 208 ) 
4 461 (-148 440 208 ) (-148 448 208 ) (-168 448 208 ) (-168 440 208 ) 
4 462 (-440 568 8 ) (-440 552 8 ) (-440 552 200 ) (-440 568 200 ) 
4 462 (-392 568 200 ) (-440 568 200 ) (-440 552 200 ) (-392 552 200 ) 
4 462 (-392 552 8 ) (-440 552 8 ) (-440 568 8 ) (-392 568 8 ) 
4 462 (-392 568 200 ) (-392 552 200 ) (-392 552 8 ) (-392 568 8 ) 
4 463 (-448 568 200 ) (-448 552 200 ) (-448 552 8 ) (-448 568 8 ) 
4 463 (-448 552 8 ) (-504 552 8 ) (-504 568 8 ) (-448 568 8 ) 
4 463 (-448 568 200 ) (-504 568 200 ) (-504 552 200 ) (-448 552 200 ) 
4 463 (-504 568 8 ) (-504 552 8 ) (-504 552 200 ) (-504 568 200 ) 
4 464 (-512 568 200 ) (-512 552 200 ) (-512 552 8 ) (-512 568 8 ) 
4 464 (-512 552 8 ) (-568 552 8 ) (-568 568 8 ) (-512 568 8 ) 
4 464 (-512 568 200 ) (-568 568 200 ) (-568 552 200 ) (-512 552 200 ) 
4 464 (-568 568 8 ) (-568 552 8 ) (-568 552 200 ) (-568 568 200 ) 
4 465 (-576 568 200 ) (-576 552 200 ) (-576 552 8 ) (-576 568 8 ) 
4 465 (-576 552 8 ) (-608 552 8 ) (-608 568 8 ) (-576 568 8 ) 
4 465 (-576 568 200 ) (-608 568 200 ) (-608 552 200 ) (-576 552 200 ) 
4 466 (-400 512 8 ) (-384 512 8 ) (-384 512 200 ) (-400 512 200 ) 
4 466 (-384 512 200 ) (-384 552 200 ) (-400 552 200 ) (-400 512 200 ) 
4 466 (-392 552 200 ) (-384 552 200 ) (-384 552 8 ) (-392 552 8 ) 
4 466 (-400 512 8 ) (-400 552 8 ) (-384 552 8 ) (-384 512 8 ) 
4 467 (-400 440 8 ) (-400 504 8 ) (-384 504 8 ) (-384 440 8 ) 
4 467 (-384 440 200 ) (-384 504 200 ) (-400 504 200 ) (-400 440 200 ) 
4 467 (-400 504 200 ) (-384 504 200 ) (-384 504 8 ) (-400 504 8 ) 
4 468 (-608 440 0 ) (-400 440 0 ) (-400 440 8 ) (-608 440 8 ) 
4 468 (-400 440 200 ) (-400 440 208 ) (-608 440 208 ) (-608 440 200 ) 
4 468 (-608 504 200 ) (-608 512 200 ) (-608 512 8 ) (-608 504 8 ) 
4 468 (-608 440 200 ) (-608 440 208 ) (-608 552 208 ) (-608 552 200 ) 
4 468 (-608 552 0 ) (-608 440 0 ) (-608 440 8 ) (-608 552 8 ) 
4 468 (-400 512 200 ) (-400 504 200 ) (-400 504 8 ) (-400 512 8 ) 
4 468 (-400 440 208 ) (-400 440 200 ) (-400 552 200 ) (-400 552 208 ) 
4 468 (-400 440 8 ) (-400 440 0 ) (-400 552 0 ) (-400 552 8 ) 
4 468 (-400 552 208 ) (-400 552 200 ) (-608 552 200 ) (-608 552 208 ) 
4 468 (-400 552 8 ) (-400 552 0 ) (-608 552 0 ) (-608 552 8 ) 
4 468 (-576 552 200 ) (-568 552 200 ) (-568 552 8 ) (-576 552 8 ) 
4 468 (-448 552 200 ) (-440 552 200 ) (-440 552 8 ) (-448 552 8 ) 
4 468 (-512 552 200 ) (-504 552 200 ) (-504 552 8 ) (-512 552 8 ) 
4 469 (-616 568 8 ) (-608 568 8 ) (-608 552 8 ) (-616 552 8 ) 
4 469 (-616 552 200 ) (-608 552 200 ) (-608 568 200 ) (-616 568 200 ) 
4 469 (-616 568 8 ) (-616 552 8 ) (-616 552 200 ) (-616 568 200 ) 
4 470 (-624 552 200 ) (-616 552 200 ) (-616 552 8 ) (-624 552 8 ) 
4 470 (-608 512 200 ) (-608 552 200 ) (-624 552 200 ) (-624 512 200 ) 
4 470 (-624 512 8 ) (-624 552 8 ) (-608 552 8 ) (-608 512 8 ) 
4 470 (-624 512 8 ) (-608 512 8 ) (-608 512 200 ) (-624 512 200 ) 
4 471 (-624 504 200 ) (-608 504 200 ) (-608 504 8 ) (-624 504 8 ) 
4 471 (-624 440 8 ) (-624 504 8 ) (-608 504 8 ) (-608 440 8 ) 
4 471 (-608 440 200 ) (-608 504 200 ) (-624 504 200 ) (-624 440 200 ) 
4 472 (-800 440 200 ) (-816 440 200 ) (-816 440 8 ) (-800 440 8 ) 
4 472 (-624 440 8 ) (-624 440 200 ) (-632 440 200 ) (-632 440 8 ) 
4 472 (-752 440 200 ) (-760 440 200 ) (-760 440 8 ) (-752 440 8 ) 
4 472 (-816 440 0 ) (-624 440 0 ) (-624 440 8 ) (-816 440 8 ) 
4 472 (-624 440 200 ) (-624 440 208 ) (-800 440 208 ) (-800 440 200 ) 
4 472 (-800 440 208 ) (-816 440 208 ) (-816 440 200 ) (-800 440 200 ) 
4 472 (-624 512 200 ) (-624 504 200 ) (-624 504 8 ) (-624 512 8 ) 
4 472 (-624 552 200 ) (-624 552 8 ) (-624 568 8 ) (-624 568 200 ) 
4 472 (-624 440 208 ) (-624 440 200 ) (-624 568 200 ) (-624 568 208 ) 
4 472 (-624 440 8 ) (-624 440 0 ) (-624 568 0 ) (-624 568 8 ) 
4 473 (-800 152 200 ) (-800 424 200 ) (-792 424 200 ) (-792 152 200 ) 
4 473 (-792 424 200 ) (-624 424 200 ) (-624 416 200 ) (-792 416 200 ) 
4 473 (0 160 200 ) (0 152 200 ) (-88 152 200 ) (-88 160 200 ) 
4 473 (-80 152 200 ) (0 152 200 ) (0 152 208 ) (-80 152 208 ) 
4 473 (-148 424 208 ) (0 424 208 ) (0 424 200 ) (-148 424 200 ) 
4 473 (-148 424 208 ) (-148 424 200 ) (-800 424 200 ) (-800 424 208 ) 
4 473 (-48 152 208 ) (-48 424 208 ) (-56 424 208 ) (-56 152 208 ) 
4 473 (-800 424 200 ) (-800 152 200 ) (-800 152 208 ) (-800 424 208 ) 
4 474 (-792 0 200 ) (-800 0 200 ) (-800 56 200 ) (-792 56 200 ) 
4 474 (-800 56 200 ) (-800 152 200 ) (-792 152 200 ) (-792 56 200 ) 
4 474 (-80 0 200 ) (-88 0 200 ) (-88 128 200 ) (-80 128 200 ) 
4 474 (-88 152 200 ) (-80 152 200 ) (-80 128 200 ) (-88 128 200 ) 
4 474 (-800 152 200 ) (-800 0 200 ) (-800 0 208 ) (-800 152 208 ) 
4 474 (-80 0 208 ) (-80 0 200 ) (-80 152 200 ) (-80 152 208 ) 
4 475 (-112 424 200 ) (0 424 200 ) (0 440 200 ) (-112 440 200 ) 
4 475 (-112 440 8 ) (0 440 8 ) (0 424 8 ) (-112 424 8 ) 
4 475 (-112 440 8 ) (-112 424 8 ) (-112 424 200 ) (-112 440 200 ) 
4 476 (-120 440 192 ) (-120 440 200 ) (-120 424 200 ) (-120 424 192 ) 
4 476 (-148 424 200 ) (-120 424 200 ) (-120 440 200 ) (-132 440 200 ) 
4 476 (-131.998840 440 192 ) (-147.998840 424 192 ) (-147.998840 424 200 ) (-131.998840 440 200 ) 
3 477 (-132 440 192 ) (-148 440 192 ) (-148 424 192 ) 
4 477 (-148 440 8 ) (-120 440 8 ) (-120 424 8 ) (-148 424 8 ) 
4 477 (-120 440 192 ) (-120 424 192 ) (-120 424 8 ) (-120 440 8 ) 
4 478 (-88 160 8 ) (0 160 8 ) (0 160 200 ) (-88 160 200 ) 
4 478 (-120 424 200 ) (-112 424 200 ) (-112 424 8 ) (-120 424 8 ) 
4 478 (0 424 8 ) (0 160 8 ) (-148 160 8 ) (-148 424 8 ) 
4 479 (-148 440 192 ) (-148 440 200 ) (-148 424 200 ) (-148 424 192 ) 
4 479 (-160 160 8 ) (-160 440 8 ) (-148 440 8 ) (-148 160 8 ) 
4 479 (-160 424 200 ) (-148 424 200 ) (-148 440 200 ) (-160 440 200 ) 
4 480 (-160 136 168 ) (-160 136 8 ) (-88 136 8 ) (-88 136 168 ) 
4 480 (-88 136 200 ) (-88 136 8 ) (-88 160 8 ) (-88 160 200 ) 
4 480 (-160 136 8 ) (-160 160 8 ) (-88 160 8 ) (-88 136 8 ) 
4 481 (-88 136 168 ) (-88 136 200 ) (-88 128 200 ) (-88 128 168 ) 
4 481 (-160 136 168 ) (-88 136 168 ) (-88 128 168 ) (-160 128 168 ) 
4 482 (-56 128 200 ) (-56 128 8 ) (-56 0 8 ) (-56 0 200 ) 
4 482 (0 128 200 ) (-56 128 200 ) (-56 0 200 ) (0 0 200 ) 
4 482 (0 0 8 ) (-56 0 8 ) (-56 128 8 ) (0 128 8 ) 
4 482 (-56 128 200 ) (0 128 200 ) (0 128 8 ) (-56 128 8 ) 
4 483 (-160 0 168 ) (-160 128 168 ) (-88 128 168 ) (-88 0 168 ) 
4 483 (-88 0 200 ) (-88 0 168 ) (-88 128 168 ) (-88 128 200 ) 
4 484 (-160 0 136 ) (-160 128 136 ) (-88 128 136 ) (-88 0 136 ) 
4 484 (-88 0 160 ) (-88 0 136 ) (-88 128 136 ) (-88 128 160 ) 
4 484 (-88 128 160 ) (-88 128 136 ) (-160 128 136 ) (-160 128 160 ) 
4 484 (-88 0 160 ) (-88 128 160 ) (-160 128 160 ) (-160 0 160 ) 
4 485 (-88 128 128 ) (-88 128 104 ) (-160 128 104 ) (-160 128 128 ) 
4 485 (-88 0 128 ) (-88 0 104 ) (-88 128 104 ) (-88 128 128 ) 
4 485 (-160 0 104 ) (-160 128 104 ) (-88 128 104 ) (-88 0 104 ) 
4 485 (-88 0 128 ) (-88 128 128 ) (-160 128 128 ) (-160 0 128 ) 
4 486 (-160 0 48 ) (-160 128 48 ) (-88 128 48 ) (-88 0 48 ) 
4 486 (-88 0 96 ) (-88 0 48 ) (-88 128 48 ) (-88 128 96 ) 
4 486 (-88 128 96 ) (-88 128 48 ) (-160 128 48 ) (-160 128 96 ) 
4 486 (-88 0 96 ) (-88 128 96 ) (-160 128 96 ) (-160 0 96 ) 
4 487 (-104 112 40 ) (-144 112 40 ) (-144 112 8 ) (-104 112 8 ) 
4 487 (-88 112 40 ) (-88 128 40 ) (-160 128 40 ) (-160 112 40 ) 
4 487 (-88 112 40 ) (-88 112 8 ) (-88 128 8 ) (-88 128 40 ) 
4 487 (-160 112 8 ) (-160 128 8 ) (-88 128 8 ) (-88 112 8 ) 
4 487 (-88 128 40 ) (-88 128 8 ) (-160 128 8 ) (-160 128 40 ) 
4 488 (-104 0 40 ) (-88 0 40 ) (-88 112 40 ) (-104 112 40 ) 
4 488 (-88 112 40 ) (-88 0 40 ) (-88 0 8 ) (-88 112 8 ) 
4 488 (-88 0 8 ) (-104 0 8 ) (-104 112 8 ) (-88 112 8 ) 
4 488 (-104 112 40 ) (-104 112 8 ) (-104 0 8 ) (-104 0 40 ) 
4 489 (-144 0 40 ) (-144 0 8 ) (-144 112 8 ) (-144 112 40 ) 
4 489 (-144 0 8 ) (-160 0 8 ) (-160 112 8 ) (-144 112 8 ) 
4 489 (-144 0 40 ) (-144 112 40 ) (-160 112 40 ) (-160 0 40 ) 
4 490 (-240 440 8 ) (-240 424 8 ) (-240 424 200 ) (-240 440 200 ) 
4 490 (-240 424 200 ) (-160 424 200 ) (-160 440 200 ) (-240 440 200 ) 
4 490 (-240 440 8 ) (-160 440 8 ) (-160 424 8 ) (-240 424 8 ) 
4 491 (-368 440 8 ) (-368 424 8 ) (-368 424 200 ) (-368 440 200 ) 
4 491 (-368 424 200 ) (-248 424 200 ) (-248 440 200 ) (-368 440 200 ) 
4 491 (-368 440 8 ) (-248 440 8 ) (-248 424 8 ) (-368 424 8 ) 
4 491 (-248 440 200 ) (-248 424 200 ) (-248 424 8 ) (-248 440 8 ) 
4 492 (-376 440 200 ) (-376 424 200 ) (-376 424 8 ) (-376 440 8 ) 
4 492 (-624 440 8 ) (-376 440 8 ) (-376 424 8 ) (-624 424 8 ) 
4 492 (-624 424 200 ) (-376 424 200 ) (-376 440 200 ) (-624 440 200 ) 
4 492 (-624 440 8 ) (-624 424 8 ) (-624 424 200 ) (-624 440 200 ) 
4 493 (-752 424 8 ) (-632 424 8 ) (-632 424 200 ) (-752 424 200 ) 
4 493 (-632 440 200 ) (-632 424 200 ) (-632 424 8 ) (-632 440 8 ) 
4 493 (-752 440 8 ) (-632 440 8 ) (-632 424 8 ) (-752 424 8 ) 
4 493 (-752 424 200 ) (-632 424 200 ) (-632 440 200 ) (-752 440 200 ) 
4 493 (-752 440 8 ) (-752 424 8 ) (-752 424 200 ) (-752 440 200 ) 
4 494 (-800 440 8 ) (-800 432 8 ) (-800 432 200 ) (-800 440 200 ) 
4 494 (-800 424 200 ) (-800 424 8 ) (-792 424 8 ) (-792 424 200 ) 
4 494 (-792 424 8 ) (-760 424 8 ) (-760 424 200 ) (-792 424 200 ) 
4 494 (-760 440 200 ) (-760 424 200 ) (-760 424 8 ) (-760 440 8 ) 
4 494 (-800 424 8 ) (-800 440 8 ) (-760 440 8 ) (-760 424 8 ) 
4 494 (-760 424 200 ) (-760 440 200 ) (-800 440 200 ) (-800 424 200 ) 
4 495 (-288 48 48 ) (-288 168 48 ) (-288 168 40 ) (-288 48 40 ) 
4 495 (-248 424 200 ) (-240 424 200 ) (-240 424 8 ) (-248 424 8 ) 
4 495 (-160 128 40 ) (-160 128 48 ) (-160 0 48 ) (-160 0 40 ) 
4 495 (-160 128 128 ) (-160 128 136 ) (-160 0 136 ) (-160 0 128 ) 
4 495 (-160 128 96 ) (-160 128 104 ) (-160 0 104 ) (-160 0 96 ) 
4 495 (-160 128 160 ) (-160 128 168 ) (-160 0 168 ) (-160 0 160 ) 
4 495 (-160 136 168 ) (-160 128 168 ) (-160 128 8 ) (-160 136 8 ) 
4 495 (-160 0 8 ) (-288 0 8 ) (-288 424 8 ) (-160 424 8 ) 
4 496 (-376 424 200 ) (-368 424 200 ) (-368 424 8 ) (-376 424 8 ) 
4 496 (-624 424 8 ) (-288 424 8 ) (-288 416 8 ) (-624 416 8 ) 
4 496 (-624 424 200 ) (-624 424 8 ) (-624 416 8 ) (-624 416 200 ) 
4 497 (-792 0 48 ) (-792 0 88 ) (-792 56 88 ) (-792 56 48 ) 
4 497 (-792 0 160 ) (-792 0 200 ) (-792 56 200 ) (-792 56 160 ) 
4 497 (-792 56 200 ) (-792 416 200 ) (-792 416 48 ) (-792 56 48 ) 
4 497 (-792 0 48 ) (-792 48 48 ) (-664 48 48 ) (-664 0 48 ) 
4 497 (-792 48 48 ) (-792 168 48 ) (-288 168 48 ) (-288 48 48 ) 
4 497 (-624 416 200 ) (-624 416 48 ) (-792 416 48 ) (-792 416 200 ) 
4 498 (-792 168 48 ) (-792 416 48 ) (-792 416 40 ) (-792 168 40 ) 
4 498 (-624 416 48 ) (-624 416 40 ) (-792 416 40 ) (-792 416 48 ) 
4 498 (-792 168 40 ) (-288 168 40 ) (-288 168 48 ) (-792 168 48 ) 
4 499 (-664 48 48 ) (-288 48 48 ) (-288 48 40 ) (-664 48 40 ) 
4 499 (-664 48 48 ) (-664 48 40 ) (-664 0 40 ) (-664 0 48 ) 
4 500 (-792 416 8 ) (-792 128 8 ) (-792 128 40 ) (-792 416 40 ) 
4 500 (-304 128 40 ) (-680 128 40 ) (-680 128 8 ) (-304 128 8 ) 
4 500 (-680 128 40 ) (-792 128 40 ) (-792 128 8 ) (-680 128 8 ) 
4 500 (-624 416 40 ) (-624 416 8 ) (-792 416 8 ) (-792 416 40 ) 
4 500 (-792 128 8 ) (-792 416 8 ) (-288 416 8 ) (-288 128 8 ) 
4 500 (-288 128 40 ) (-288 168 40 ) (-792 168 40 ) (-792 128 40 ) 
4 501 (-304 128 40 ) (-304 128 8 ) (-304 64 8 ) (-304 64 40 ) 
4 501 (-304 48 40 ) (-288 48 40 ) (-288 128 40 ) (-304 128 40 ) 
4 501 (-288 0 8 ) (-304 0 8 ) (-304 128 8 ) (-288 128 8 ) 
4 502 (-680 64 8 ) (-680 0 8 ) (-680 0 40 ) (-680 64 40 ) 
4 502 (-680 0 40 ) (-664 0 40 ) (-664 48 40 ) (-680 48 40 ) 
4 502 (-680 64 40 ) (-680 48 40 ) (-304 48 40 ) (-304 64 40 ) 
4 502 (-304 0 8 ) (-680 0 8 ) (-680 64 8 ) (-304 64 8 ) 
4 502 (-304 64 40 ) (-304 64 8 ) (-680 64 8 ) (-680 64 40 ) 
4 503 (-792 0 160 ) (-792 56 160 ) (-800 56 160 ) (-800 0 160 ) 
4 503 (-792 56 160 ) (-792 56 88 ) (-800 56 88 ) (-800 56 160 ) 
4 503 (-800 0 88 ) (-800 56 88 ) (-792 56 88 ) (-792 0 88 ) 
4 504 (-816 320 8 ) (-800 320 8 ) (-800 320 200 ) (-816 320 200 ) 
4 504 (-816 432 200 ) (-800 432 200 ) (-800 432 8 ) (-816 432 8 ) 
4 504 (-800 424 200 ) (-800 320 200 ) (-800 320 8 ) (-800 424 8 ) 
4 504 (-800 320 200 ) (-800 432 200 ) (-816 432 200 ) (-816 320 200 ) 
4 504 (-816 320 8 ) (-816 432 8 ) (-800 432 8 ) (-800 320 8 ) 
4 505 (-816 192 8 ) (-800 192 8 ) (-800 192 200 ) (-816 192 200 ) 
4 505 (-816 192 8 ) (-816 312 8 ) (-800 312 8 ) (-800 192 8 ) 
4 505 (-800 192 200 ) (-800 312 200 ) (-816 312 200 ) (-816 192 200 ) 
4 505 (-800 312 200 ) (-800 192 200 ) (-800 192 8 ) (-800 312 8 ) 
4 505 (-816 312 200 ) (-800 312 200 ) (-800 312 8 ) (-816 312 8 ) 
4 506 (-816 64 8 ) (-800 64 8 ) (-800 64 200 ) (-816 64 200 ) 
4 506 (-800 184 200 ) (-800 64 200 ) (-800 64 8 ) (-800 184 8 ) 
4 506 (-800 64 200 ) (-800 184 200 ) (-816 184 200 ) (-816 64 200 ) 
4 506 (-816 64 8 ) (-816 184 8 ) (-800 184 8 ) (-800 64 8 ) 
4 506 (-816 184 200 ) (-800 184 200 ) (-800 184 8 ) (-816 184 8 ) 
4 507 (-816 56 200 ) (-800 56 200 ) (-800 56 8 ) (-816 56 8 ) 
4 507 (-800 0 8 ) (-816 0 8 ) (-816 56 8 ) (-800 56 8 ) 
4 507 (-800 56 200 ) (-816 56 200 ) (-816 0 200 ) (-800 0 200 ) 
4 507 (-800 56 160 ) (-800 56 200 ) (-800 0 200 ) (-800 0 160 ) 
4 507 (-800 56 88 ) (-800 0 88 ) (-800 0 8 ) (-800 56 8 ) 
4 508 (-816 192 200 ) (-816 184 200 ) (-816 184 8 ) (-816 192 8 ) 
4 508 (-816 64 200 ) (-816 56 200 ) (-816 56 8 ) (-816 64 8 ) 
4 508 (-816 320 200 ) (-816 312 200 ) (-816 312 8 ) (-816 320 8 ) 
4 508 (-816 432 200 ) (-816 432 8 ) (-816 440 8 ) (-816 440 200 ) 
4 508 (-816 0 8 ) (-816 0 0 ) (-816 440 0 ) (-816 440 8 ) 
4 508 (-816 0 208 ) (-816 0 200 ) (-816 440 200 ) (-816 440 208 ) 
4 509 (-112 736 -56 ) (-112 736 0 ) (-112 832 0 ) (-112 832 -56 ) 
4 509 (-112 880 -72 ) (-112 832 -72 ) (-112 832 0 ) (-112 880 0 ) 
4 509 (0 736 -912 ) (-112 736 -912 ) (-112 956 -912 ) (0 956 -912 ) 
4 509 (-112 956 -912 ) (-112 956 0 ) (0 956 0 ) (0 956 -912 ) 
4 510 (-112 956 -72 ) (-160 956 -72 ) (-160 956 0 ) (-112 956 0 ) 
4 510 (-160 880 0 ) (-160 880 -72 ) (-112 880 -72 ) (-112 880 0 ) 
4 511 (-112 832 -56 ) (-112 832 -72 ) (-160 832 -72 ) (-160 832 -56 ) 
4 511 (-112 736 -56 ) (-112 832 -56 ) (-160 832 -56 ) (-160 736 -56 ) 
4 512 (-112 832 -72 ) (-112 880 -72 ) (-160 880 -72 ) (-160 832 -72 ) 
4 512 (-112 956 -72 ) (-112 956 -912 ) (-160 956 -912 ) (-160 956 -72 ) 
4 512 (-112 736 -912 ) (-160 736 -912 ) (-160 956 -912 ) (-112 956 -912 ) 
4 513 (-160 736 0 ) (-304 736 0 ) (-304 736 -56 ) (-160 736 -56 ) 
4 513 (-160 956 -912 ) (-1024 956 -912 ) (-1024 956 0 ) (-160 956 0 ) 
4 513 (-160 880 0 ) (-160 832 0 ) (-160 832 -72 ) (-160 880 -72 ) 
4 513 (-160 832 -56 ) (-160 832 0 ) (-160 736 0 ) (-160 736 -56 ) 
4 513 (-1024 956 -912 ) (-160 956 -912 ) (-160 736 -912 ) (-1024 736 -912 ) 
4 514 (-112 736 -56 ) (-160 736 -56 ) (-160 736 0 ) (-112 736 0 ) 
4 514 (-112 736 0 ) (-160 736 0 ) (-160 688 0 ) (-112 688 0 ) 
4 514 (-160 736 0 ) (-160 736 -56 ) (-160 688 -56 ) (-160 688 0 ) 
4 515 (-304 688 0 ) (-304 688 -56 ) (-304 736 -56 ) (-304 736 0 ) 
4 516 (-304 688 0 ) (-160 688 0 ) (-160 688 -56 ) (-304 688 -56 ) 
4 516 (-608 552 0 ) (-384 552 0 ) (-384 568 0 ) (-608 568 0 ) 
4 516 (-400 552 0 ) (-400 440 0 ) (-384 440 0 ) (-384 552 0 ) 
4 516 (-624 440 0 ) (-608 440 0 ) (-608 568 0 ) (-624 568 0 ) 
4 516 (0 440 0 ) (-816 440 0 ) (-816 0 0 ) (0 0 0 ) 
4 517 (-304 688 -56 ) (-160 688 -56 ) (-160 736 -56 ) (-304 736 -56 ) 
4 517 (0 0 -912 ) (-1024 0 -912 ) (-1024 736 -912 ) (0 736 -912 ) 
4 518 (0 0 1260 ) (-1024 0 1260 ) (-1024 -1024 1260 ) (0 -1024 1260 ) 
4 519 (-432 0 336.001434 ) (-424 0 336.001434 ) (-424 -448 227.863495 ) (-432 -448 227.863495 ) 
4 519 (-304 0 336.001434 ) (-296 0 336.001434 ) (-296 -448 227.863495 ) (-304 -448 227.863495 ) 
4 519 (-176 0 336.001434 ) (-168 0 336.001434 ) (-168 -448 227.863495 ) (-176 -448 227.863495 ) 
4 519 (-48 0 336.001434 ) (-40 0 336.001434 ) (-40 -448 227.863495 ) (-48 -448 227.863495 ) 
4 519 (-448.011200 -448 227.859375 ) (-381.725494 -448 227.859375 ) (0 -448 320 ) (0 -448 336 ) 
4 520 (-304 -448 227.863495 ) (-296 -448 227.863495 ) (-296 -456 225.932465 ) (-304 -456 225.932465 ) 
4 520 (-176 -448 227.863495 ) (-168 -448 227.863495 ) (-168 -456 225.932465 ) (-176 -456 225.932465 ) 
4 520 (-48 -448 227.863495 ) (-40 -448 227.863495 ) (-40 -456 225.932465 ) (-48 -456 225.932465 ) 
4 520 (0 -448 320.001709 ) (-381.719421 -448 227.862442 ) (-389.716309 -456 225.932159 ) (0 -456 320.001617 ) 
4 521 (0 -456 336.001343 ) (-456.010895 -456 225.929825 ) (-448.006409 -448 227.861938 ) (0 -448 336.001404 ) 
4 522 (-424 -464 224.001434 ) (-432 -464 224.001434 ) (-432 -456 225.932465 ) (-424 -456 225.932465 ) 
4 522 (-296 -464 224.001434 ) (-304 -464 224.001434 ) (-304 -456 225.932465 ) (-296 -456 225.932465 ) 
4 522 (-168 -464 224.001434 ) (-176 -464 224.001434 ) (-176 -456 225.932465 ) (-168 -456 225.932465 ) 
4 522 (-40 -464 224.001434 ) (-48 -464 224.001434 ) (-48 -456 225.932465 ) (-40 -456 225.932465 ) 
4 522 (0 -456 336 ) (0 -456 320 ) (-389.703827 -456 225.933578 ) (-455.989532 -456 225.933578 ) 
4 523 (0 -424 208 ) (0 -440 208 ) (-40 -440 208 ) (-40 -424 208 ) 
4 523 (-40 0 208 ) (0 0 208 ) (0 -424 208 ) (-40 -424 208 ) 
4 523 (-40 -456 208 ) (0 -456 208 ) (0 -456 224 ) (-40 -456 224 ) 
4 523 (-40 -456 209.931046 ) (-40 -456 225.937500 ) (-40 0 336.006439 ) (-40 0 320 ) 
4 524 (-48 -440 208 ) (-48 -424 208 ) (-40 -424 208 ) (-40 -440 208 ) 
4 524 (-48 -424 208 ) (-48 0 208 ) (-40 0 208 ) (-40 -424 208 ) 
5 524 (-48 0 208 ) (-48 -456 208 ) (-48 -456 209.931046 ) (-48 -397.714325 224 ) (-48 0 224 ) 
4 524 (-48 -456 209.931046 ) (-48 -456 208 ) (-40 -456 208 ) (-40 -456 209.931046 ) 
4 524 (-48 0 320.001617 ) (-48 -456 209.932602 ) (-40 -456 209.932602 ) (-40 0 320.001556 ) 
4 525 (0 -463.995514 224 ) (-40 -463.995514 224 ) (-40 -456 224 ) (0 -456 224 ) 
3 525 (-40 -456 225.926392 ) (-40 -456 224 ) (-40 -464 224 ) 
4 526 (-48 -456 224 ) (-48 -464 224 ) (-168 -464 224 ) (-168 -456 224 ) 
4 526 (-56 0 224 ) (-48 0 224 ) (-48 -456 224 ) (-56 -456 224 ) 
4 526 (-168 -397.714294 224 ) (-168 -464 224 ) (-168 0 336 ) (-168 0 320 ) 
3 526 (-48 -456 224 ) (-48 -456 225.931839 ) (-48 -464 224 ) 
5 526 (-48 -397.714325 224 ) (-48 0 320 ) (-48 0 336 ) (-48 -456 225.931839 ) (-48 -456 224 ) 
5 527 (-176 0 272 ) (-176 0 256 ) (-176 -309.328247 224 ) (-176 -397.711487 224 ) (-176 -348 236 ) 
4 527 (-176 0 320.001434 ) (-176 -397.720795 224 ) (-168 -397.720795 224 ) (-168 0 320.001556 ) 
4 528 (-56 -424 208 ) (-56 -440 208 ) (-120 -440 208 ) (-120 -424 208 ) 
4 528 (-80 0 208 ) (-56 0 208 ) (-56 -424 208 ) (-80 -424 208 ) 
4 528 (-56 -456 224 ) (-168 -456 224 ) (-168 -456 208 ) (-56 -456 208 ) 
3 528 (-168 -456 209.931046 ) (-168 -456 224 ) (-168 -397.714325 224 ) 
4 528 (-56 0 224 ) (-56 -456 224 ) (-56 -456 208 ) (-56 0 208 ) 
4 529 (-176 -456 208.827591 ) (-176 -456 209.931046 ) (-176 -397.711517 224 ) (-176 -309.328278 224 ) 
4 529 (-176 -456 209.931046 ) (-176 -456 208 ) (-168 -456 208 ) (-168 -456 209.931046 ) 
4 529 (-176 -456 209.932602 ) (-168 -456 209.932602 ) (-168 -397.720795 224 ) (-176 -397.720795 224 ) 
3 530 (-296 -464 224 ) (-296 -456 225.931839 ) (-296 -456 224.828384 ) 
5 530 (-296 -456 225.931839 ) (-296 0 336 ) (-296 0 320 ) (-296 -347.995544 236.001083 ) (-296 -456 224.828384 ) 
4 530 (-184 -456 224.828094 ) (-176 -456 224.828094 ) (-176 -463.985016 224.002060 ) (-184 -463.984497 224.002106 ) 
4 530 (-184 0 272 ) (-176 0 272 ) (-176 -456 224.828094 ) (-184 -456 224.828094 ) 
4 530 (-176 -348 236 ) (-176 0 320 ) (-176 0 336 ) (-176 -464 224 ) 
4 531 (-176 -456 208 ) (-176 -456 208.827591 ) (-184 -456 208.827591 ) (-184 -456 208 ) 
4 531 (-184 0 256 ) (-184 -456 208.826981 ) (-176 -456 208.826981 ) (-176 0 256 ) 
4 532 (-296 -440 208 ) (-296 -424 208 ) (-240 -424 208 ) (-240 -440 208 ) 
3 532 (-296 -456 209.931046 ) (-296 -456 224.828384 ) (-296 -347.995544 236.001083 ) 
4 532 (-296 -456 224 ) (-296 -456 208 ) (-184 -456 208 ) (-184 -456 224 ) 
4 532 (-184 0 256 ) (-184 0 272 ) (-184 -456 224.828125 ) (-184 -456 208.827591 ) 
3 533 (-296 -464 224 ) (-296 -456 224.828384 ) (-296 -456 224 ) 
4 533 (-296 -464 224 ) (-296 -456 224 ) (-184 -456 224 ) (-184 -464 224 ) 
3 533 (-184 -464 224 ) (-184 -456 224 ) (-184 -456 224.826706 ) 
4 534 (-304 -440 208 ) (-304 -424 208 ) (-296 -424 208 ) (-296 -440 208 ) 
5 534 (-304 -456 208.827591 ) (-304 -456 209.931046 ) (-304 -348 236 ) (-304 0 272 ) (-304 0 256 ) 
4 534 (-304 -456 209.931046 ) (-304 -456 208 ) (-296 -456 208 ) (-296 -456 209.931046 ) 
4 534 (-304 0 320.002411 ) (-304 -456 209.933517 ) (-296 -456 209.933517 ) (-296 0 320.002472 ) 
4 535 (-312 -463.977234 224.002853 ) (-312 -456 224.828079 ) (-304 -456 224.828094 ) (-304 -463.985016 224.002060 ) 
4 535 (-312 -456 224.828079 ) (-312 0 272 ) (-304 0 272 ) (-304 -456 224.828094 ) 
3 535 (-304 -456 224.827591 ) (-304 -456 225.931839 ) (-304 -464 224 ) 
5 535 (-304 -348 236 ) (-304 0 320 ) (-304 0 336 ) (-304 -456 225.931839 ) (-304 -456 224.827591 ) 
4 536 (-312 -440 208 ) (-312 -424 208 ) (-304 -424 208 ) (-304 -440 208 ) 
4 536 (-304 -456 208 ) (-304 -456 208.827591 ) (-312 -456 208.827591 ) (-312 -456 208 ) 
4 536 (-312 0 256 ) (-312 -456 208.826981 ) (-304 -456 208.826981 ) (-304 0 256 ) 
4 537 (-400 -456 208 ) (-424 -456 208 ) (-424 -448 208 ) (-400 -448 208 ) 
4 537 (-400 -448 208 ) (-424 -448 208 ) (-424 -440 208 ) (-408 -440 208 ) 
4 537 (-312 -424 208 ) (-312 -440 208 ) (-432 -440 208 ) (-432 -424 208 ) 
4 537 (-424 -456 209.931046 ) (-432 -456 209.931046 ) (-432 -456 208 ) (-424 -456 208 ) 
4 537 (-312 -456 208 ) (-312 -456 209.931046 ) (-424 -456 209.931046 ) (-424 -456 208 ) 
5 537 (-432 -432 215.724152 ) (-432 -348 236 ) (-432 0 272 ) (-432 0 256 ) (-432 -389.333405 215.724136 ) 
4 537 (-432 -456 208.827591 ) (-432 -456 209.931046 ) (-432 -432 215.724152 ) (-432 -389.333405 215.724136 ) 
4 537 (-432 -448 211.865463 ) (-432 -456 209.934433 ) (-424 -456 209.934433 ) (-424 -448 211.865463 ) 
4 537 (-432 0 320.003204 ) (-432 -448 211.865463 ) (-424 -448 211.865463 ) (-424 0 320.003204 ) 
5 537 (-312 0 256 ) (-312 0 272 ) (-312 -347.995544 236.001083 ) (-312 -456 209.931030 ) (-312 -456 208.827591 ) 
3 538 (-381.726685 -448 227.859085 ) (-424 -448 227.857269 ) (-424 -448 217.655182 ) 
3 538 (-312 -448 211.862061 ) (-312 -347.995544 236.001083 ) (-312 -448 225.655960 ) 
4 538 (-424 0 319.997192 ) (-424 -448 211.859375 ) (-424 -448 227.862076 ) (-424 0 336 ) 
5 539 (-312 -456 209.931046 ) (-312 -456 224 ) (-397.714264 -456 224 ) (-424 -456 217.655167 ) (-424 -456 209.931046 ) 
4 539 (-424 -448 217.655182 ) (-424 -448 211.859375 ) (-424 -456 209.928345 ) (-424 -456 217.655167 ) 
4 539 (-312 -448 211.862061 ) (-312 -448 225.655960 ) (-312 -456 224.828384 ) (-312 -456 209.931030 ) 
4 539 (-381.718781 -448 227.862076 ) (-424 -448 217.656509 ) (-424 -456 217.656509 ) (-389.719818 -456 225.931046 ) 
4 540 (-432 -424 208 ) (-432 -440 208 ) (-440 -440 208 ) (-440 -424 208 ) 
4 540 (-440 -456 208.827591 ) (-440 -456 208 ) (-432 -456 208 ) (-432 -456 208.827591 ) 
4 540 (-440 0 256 ) (-440 -407.994080 213.793106 ) (-432 -389.327332 215.724152 ) (-432 0 256 ) 
4 540 (-440 -407.994080 213.793106 ) (-440 -456 208.826981 ) (-432 -456 208.826981 ) (-432 -389.327332 215.724152 ) 
4 541 (-440 -448 227.867630 ) (-440 -448 225.655197 ) (-432 -448 225.655197 ) (-432 -448 227.862076 ) 
5 541 (-432 -448 225.655182 ) (-432 -348 236 ) (-432 0 320 ) (-432 0 336.006439 ) (-432 -448 227.868530 ) 
4 541 (-432 -448 225.656067 ) (-440 -448 225.656067 ) (-440 0 272 ) (-432 0 272 ) 
4 542 (-464 -440 208 ) (-464 -424 208 ) (-440 -424 208 ) (-440 -440 208 ) 
5 542 (-440 -448 213.793106 ) (-440 -448 227.859375 ) (-448.011230 -448 227.859375 ) (-464 -448 224 ) (-464 -448 208 ) 
3 542 (-440 -448 209.655182 ) (-440 -408 213.793121 ) (-440 -448 213.793121 ) 
5 542 (-440 -448 225.655182 ) (-440 -448 213.793121 ) (-440 -408 213.793121 ) (-440 0 256 ) (-440 0 272 ) 
4 543 (-464 -448 224.002991 ) (-448.004395 -448 227.862823 ) (-456.003876 -456 225.931046 ) (-464 -456 224 ) 
3 544 (-464 -456 208 ) (-440 -456 208 ) (-440 -456 213.793106 ) 
4 544 (-440 -448 209.655182 ) (-440 -448 213.793121 ) (-440 -456 213.793121 ) (-440 -456 208.827591 ) 
4 544 (-440 -448 213.795013 ) (-464 -448 208.001907 ) (-464 -456 208.002472 ) (-440 -456 213.795013 ) 
3 545 (-424 -456 225.929688 ) (-424 -456 224 ) (-424 -463.994385 224 ) 
3 545 (-312 -456 224 ) (-312 -456 224.828384 ) (-312 -464 224 ) 
4 545 (-397.714264 -456 224 ) (-424 -456 224 ) (-424 -456 225.937485 ) (-389.687561 -456 225.937485 ) 
4 545 (-424 -463.995514 224 ) (-424 -456 224 ) (-312 -456 224 ) (-312 -464 224 ) 
3 546 (-432 -464 224 ) (-432 -456 224.827606 ) (-432 -456 225.926392 ) 
4 546 (-432 -456 224.827591 ) (-440 -456 224.827591 ) (-440 -456 225.937485 ) (-432 -456 225.937485 ) 
4 546 (-432 -456 224.827560 ) (-432 -464 224 ) (-440 -464 224 ) (-440 -456 224.827637 ) 
4 547 (-440 -456 224 ) (-464 -456 224 ) (-455.973297 -456 225.937485 ) (-440 -456 225.937485 ) 
3 547 (-440 -463.994385 224 ) (-440 -456 224 ) (-440 -456 224.827606 ) 
4 547 (-464 -456 224 ) (-440 -456 224 ) (-440 -464 224 ) (-464 -464 224 ) 
4 548 (-816 -440 208 ) (-816 -424 208 ) (-464 -424 208 ) (-464 -440 208 ) 
4 548 (-816 -424 208 ) (-816 0 208 ) (-800 0 208 ) (-800 -424 208 ) 
4 548 (-816 0 256 ) (-816 -464 208 ) (-808 -464 208 ) (-808 0 256 ) 
4 548 (-696 -464 208 ) (-688 -464 208 ) (-688 0 256 ) (-696 0 256 ) 
4 548 (-568 -464 208 ) (-560 -464 208 ) (-560 0 256 ) (-568 0 256 ) 
4 548 (-464 -448 209.655182 ) (-464 -456 208.827591 ) (-464 -456 208 ) (-464 -448 208 ) 
3 548 (-464 -456 208.827591 ) (-464 -464 208 ) (-464 -456 208 ) 
4 549 (-552 -464 208 ) (-552 -464 224 ) (-552 0 336 ) (-552 0 320 ) 
4 549 (-464 -448 209.655182 ) (-464 -448 224 ) (-464 -456 224 ) (-464 -456 208.827591 ) 
4 549 (-464 -456 208.827591 ) (-464 -456 224 ) (-464 -464 224 ) (-464 -464 208 ) 
4 550 (-560 0 256 ) (-560 -464 208 ) (-560 -348 236 ) (-560 0 272 ) 
4 550 (-560 0 320.001709 ) (-560 -464 208.001846 ) (-552 -464 208.001617 ) (-552 0 320.001617 ) 
4 551 (-560 -464 224.001434 ) (-560 0 336.001434 ) (-552 0 336.003387 ) (-552 -464 224.003174 ) 
4 552 (-560 -348 236 ) (-560 0 320 ) (-560 0 336 ) (-560 -464 224 ) 
4 552 (-568 -464 224 ) (-568 0 272 ) (-560 0 272 ) (-560 -464 224 ) 
4 553 (-680 -464 208 ) (-680 -464 224 ) (-680 0 336 ) (-680 0 320 ) 
4 553 (-568 0 272 ) (-568 -464 224 ) (-568 -464 208 ) (-568 0 256 ) 
4 554 (-688 0 256 ) (-688 -464 208 ) (-688 -348 236 ) (-688 0 272 ) 
4 554 (-688 0 320.001709 ) (-688 -464 208.001846 ) (-680 -464 208.001617 ) (-680 0 320.001617 ) 
4 555 (-688 -464 224.001434 ) (-688 0 336.001434 ) (-680 0 336.003387 ) (-680 -464 224.003174 ) 
4 556 (-688 -348 236 ) (-688 0 320 ) (-688 0 336 ) (-688 -464 224 ) 
4 556 (-696 -464 224 ) (-696 0 272 ) (-688 0 272 ) (-688 -464 224 ) 
4 557 (-800 -464 208 ) (-800 -464 224 ) (-800 0 336 ) (-800 0 320 ) 
4 557 (-696 0 272 ) (-696 -464 224 ) (-696 -464 208 ) (-696 0 256 ) 
4 558 (-808 0 256 ) (-808 -464 208 ) (-808 -348 236 ) (-808 0 272 ) 
4 558 (-808 0 320.001709 ) (-808 -464 208.001846 ) (-800 -464 208.001617 ) (-800 0 320.001617 ) 
4 559 (-808 -464 224.001434 ) (-808 0 336.001434 ) (-800 0 336.003387 ) (-800 -464 224.003174 ) 
4 560 (-808 -348 236 ) (-808 0 320 ) (-808 0 336 ) (-808 -464 224 ) 
4 560 (-808 0 272 ) (-808 -464 224 ) (-816 -464 224 ) (-816 0 272 ) 
4 561 (-240 -424 208 ) (-800 -424 208 ) (-800 -424 200 ) (-240 -424 200 ) 
4 561 (-80 -424 208 ) (-120 -424 208 ) (-120 -424 200 ) (-80 -424 200 ) 
4 561 (-792 -424 200 ) (-800 -424 200 ) (-800 0 200 ) (-792 0 200 ) 
4 561 (-240 -424 200 ) (-792 -424 200 ) (-792 -416 200 ) (-240 -416 200 ) 
4 561 (-80 -424 200 ) (-120 -424 200 ) (-120 -416 200 ) (-80 -416 200 ) 
4 561 (-88 0 200 ) (-80 0 200 ) (-80 -416 200 ) (-88 -416 200 ) 
4 561 (-80 0 208 ) (-80 -424 208 ) (-80 -424 200 ) (-80 0 200 ) 
4 561 (-800 0 200 ) (-800 -424 200 ) (-800 -424 208 ) (-800 0 208 ) 
4 562 (-56 -416 8 ) (0 -416 8 ) (0 -416 200 ) (-56 -416 200 ) 
4 562 (-56 0 8 ) (-56 -416 8 ) (-56 -416 168 ) (-56 0 168 ) 
4 562 (-56 -416 168 ) (-56 -416 200 ) (-56 0 200 ) (-56 0 168 ) 
4 562 (0 -416 8 ) (-56 -416 8 ) (-56 0 8 ) (0 0 8 ) 
4 562 (-56 -416 200 ) (0 -416 200 ) (0 0 200 ) (-56 0 200 ) 
4 563 (-120 -416 168 ) (-88 -416 168 ) (-88 -416 200 ) (-120 -416 200 ) 
4 563 (-160 -56 168 ) (-160 0 168 ) (-88 0 168 ) (-88 -56 168 ) 
4 563 (-160 -256 168 ) (-160 -56 168 ) (-88 -56 168 ) (-88 -256 168 ) 
4 563 (-88 0 200 ) (-88 -416 200 ) (-88 -416 168 ) (-88 0 168 ) 
4 564 (-88 -56 136 ) (-160 -56 136 ) (-160 0 136 ) (-88 0 136 ) 
4 564 (-88 0 136 ) (-88 0 160 ) (-88 -56 160 ) (-88 -56 136 ) 
4 564 (-88 -56 136 ) (-88 -56 160 ) (-160 -56 160 ) (-160 -56 136 ) 
4 564 (-88 0 160 ) (-160 0 160 ) (-160 -56 160 ) (-88 -56 160 ) 
4 565 (-88 -56 104 ) (-88 -56 128 ) (-160 -56 128 ) (-160 -56 104 ) 
4 565 (-88 0 104 ) (-88 0 128 ) (-88 -56 128 ) (-88 -56 104 ) 
4 565 (-88 -56 104 ) (-160 -56 104 ) (-160 0 104 ) (-88 0 104 ) 
4 565 (-88 0 128 ) (-160 0 128 ) (-160 -56 128 ) (-88 -56 128 ) 
4 566 (-88 -56 48 ) (-160 -56 48 ) (-160 0 48 ) (-88 0 48 ) 
4 566 (-88 0 48 ) (-88 0 96 ) (-88 -56 96 ) (-88 -56 48 ) 
4 566 (-88 -56 48 ) (-88 -56 96 ) (-160 -56 96 ) (-160 -56 48 ) 
4 566 (-88 0 96 ) (-160 0 96 ) (-160 -56 96 ) (-88 -56 96 ) 
4 567 (-104 -40 40 ) (-88 -40 40 ) (-88 0 40 ) (-104 0 40 ) 
4 567 (-104 0 8 ) (-88 0 8 ) (-88 -40 8 ) (-104 -40 8 ) 
4 567 (-88 0 40 ) (-88 -40 40 ) (-88 -40 8 ) (-88 0 8 ) 
4 567 (-104 0 8 ) (-104 -40 8 ) (-104 -40 40 ) (-104 0 40 ) 
4 568 (-144 0 40 ) (-144 -40 40 ) (-144 -40 8 ) (-144 0 8 ) 
4 568 (-160 -40 8 ) (-160 0 8 ) (-144 0 8 ) (-144 -40 8 ) 
4 568 (-144 -40 40 ) (-144 0 40 ) (-160 0 40 ) (-160 -40 40 ) 
4 569 (-144 -40 40 ) (-104 -40 40 ) (-104 -40 8 ) (-144 -40 8 ) 
4 569 (-88 -40 40 ) (-160 -40 40 ) (-160 -56 40 ) (-88 -56 40 ) 
4 569 (-160 -56 8 ) (-160 -40 8 ) (-88 -40 8 ) (-88 -56 8 ) 
4 569 (-88 -40 40 ) (-88 -56 40 ) (-88 -56 8 ) (-88 -40 8 ) 
4 569 (-160 -56 8 ) (-88 -56 8 ) (-88 -56 40 ) (-160 -56 40 ) 
4 570 (-120 -416 8 ) (-88 -416 8 ) (-88 -416 168 ) (-120 -416 168 ) 
4 570 (-160 -256 168 ) (-88 -256 168 ) (-88 -256 8 ) (-160 -256 8 ) 
4 570 (-88 -256 168 ) (-88 -416 168 ) (-88 -416 8 ) (-88 -256 8 ) 
4 570 (-88 -416 8 ) (-160 -416 8 ) (-160 -256 8 ) (-88 -256 8 ) 
4 571 (-120 -424 8 ) (-160 -424 8 ) (-160 -416 8 ) (-120 -416 8 ) 
4 571 (-120 -424 200 ) (-120 -424 8 ) (-120 -416 8 ) (-120 -416 200 ) 
4 572 (-792 -416 200 ) (-792 0 200 ) (-792 0 168 ) (-792 -416 168 ) 
4 572 (-792 -416 168 ) (-792 -312 168 ) (-256 -312 168 ) (-256 -416 168 ) 
4 572 (-792 -312 168 ) (-792 -208 168 ) (-720 -208 168 ) (-720 -312 168 ) 
4 572 (-792 -416 200 ) (-792 -416 168 ) (-240 -416 168 ) (-240 -416 200 ) 
4 573 (-240 -416 200 ) (-240 -416 168 ) (-240 -424 168 ) (-240 -424 200 ) 
4 574 (-256 -312 168 ) (-720 -312 168 ) (-720 -312 104 ) (-256 -312 104 ) 
4 574 (-720 -208 104 ) (-720 -312 104 ) (-720 -312 168 ) (-720 -208 168 ) 
4 574 (-160 -56 136 ) (-160 -56 128 ) (-160 0 128 ) (-160 0 136 ) 
4 574 (-160 -56 160 ) (-160 0 160 ) (-160 0 168 ) (-160 -56 168 ) 
4 574 (-160 -256 104 ) (-160 -56 104 ) (-160 -56 168 ) (-160 -256 168 ) 
4 575 (-792 -192 104 ) (-792 -208 104 ) (-792 -208 160 ) (-792 -192 160 ) 
4 575 (-792 -208 168 ) (-792 0 168 ) (-792 0 160 ) (-792 -208 160 ) 
4 575 (-792 -208 104 ) (-720 -208 104 ) (-720 -208 168 ) (-792 -208 168 ) 
4 576 (-792 0 88 ) (-792 0 48 ) (-792 -192 48 ) (-792 -192 88 ) 
4 576 (-792 -312 48 ) (-792 -312 104 ) (-792 -192 104 ) (-792 -192 48 ) 
4 576 (-256 -312 104 ) (-440 -312 104 ) (-440 -312 48 ) (-256 -312 48 ) 
4 576 (-440 -312 48 ) (-792 -312 48 ) (-792 -296 48 ) (-440 -296 48 ) 
4 576 (-536 -176 48 ) (-536 -56 48 ) (-288 -56 48 ) (-288 -176 48 ) 
4 576 (-792 -296 48 ) (-792 0 48 ) (-664 0 48 ) (-664 -296 48 ) 
4 576 (-720 -208 104 ) (-792 -208 104 ) (-792 -312 104 ) (-720 -312 104 ) 
4 576 (-160 -256 104 ) (-160 -256 48 ) (-160 -56 48 ) (-160 -56 104 ) 
4 576 (-160 -56 104 ) (-160 -56 96 ) (-160 0 96 ) (-160 0 104 ) 
4 577 (-536 -56 48 ) (-536 -56 40 ) (-288 -56 40 ) (-288 -56 48 ) 
4 577 (-160 -56 48 ) (-160 -56 40 ) (-160 0 40 ) (-160 0 48 ) 
4 578 (-288 -56 48 ) (-288 -56 40 ) (-288 -176 40 ) (-288 -176 48 ) 
4 578 (-160 -256 48 ) (-160 -256 40 ) (-160 -56 40 ) (-160 -56 48 ) 
4 579 (-536 -296 40 ) (-440 -296 40 ) (-440 -296 48 ) (-536 -296 48 ) 
4 579 (-288 -176 48 ) (-288 -176 40 ) (-536 -176 40 ) (-536 -176 48 ) 
4 580 (-664 -296 40 ) (-536 -296 40 ) (-536 -296 48 ) (-664 -296 48 ) 
4 580 (-536 -56 48 ) (-536 -176 48 ) (-536 -176 40 ) (-536 -56 40 ) 
4 580 (-664 0 40 ) (-664 -296 40 ) (-664 -296 48 ) (-664 0 48 ) 
4 581 (-256 -312 48 ) (-440 -312 48 ) (-440 -312 40 ) (-256 -312 40 ) 
4 581 (-440 -296 48 ) (-440 -296 40 ) (-440 -312 40 ) (-440 -312 48 ) 
4 582 (-520 -72 8 ) (-304 -72 8 ) (-304 -72 40 ) (-520 -72 40 ) 
4 582 (-648 -72 8 ) (-648 0 8 ) (-160 0 8 ) (-160 -72 8 ) 
4 582 (-288 -72 40 ) (-288 -56 40 ) (-536 -56 40 ) (-536 -72 40 ) 
4 582 (-160 -72 40 ) (-160 -72 8 ) (-160 -56 8 ) (-160 -56 40 ) 
4 583 (-304 -72 8 ) (-160 -72 8 ) (-160 -160 8 ) (-304 -160 8 ) 
4 583 (-304 -160 40 ) (-288 -160 40 ) (-288 -72 40 ) (-304 -72 40 ) 
4 583 (-160 -72 40 ) (-160 -160 40 ) (-160 -160 8 ) (-160 -72 8 ) 
4 583 (-304 -72 40 ) (-304 -72 8 ) (-304 -160 8 ) (-304 -160 40 ) 
4 584 (-520 -160 40 ) (-520 -160 8 ) (-520 -72 8 ) (-520 -72 40 ) 
4 584 (-520 -160 40 ) (-520 -72 40 ) (-536 -72 40 ) (-536 -160 40 ) 
4 584 (-552 -160 8 ) (-552 -72 8 ) (-520 -72 8 ) (-520 -160 8 ) 
4 585 (-456 -312 40 ) (-552 -312 40 ) (-552 -312 8 ) (-456 -312 8 ) 
4 585 (-256 -312 40 ) (-440 -312 40 ) (-440 -312 8 ) (-256 -312 8 ) 
4 585 (-552 -296 8 ) (-552 -312 8 ) (-552 -312 40 ) (-552 -296 40 ) 
4 585 (-520 -160 40 ) (-304 -160 40 ) (-304 -160 8 ) (-520 -160 8 ) 
4 585 (-160 -312 8 ) (-552 -312 8 ) (-552 -160 8 ) (-160 -160 8 ) 
4 585 (-440 -296 40 ) (-552 -296 40 ) (-552 -312 40 ) (-440 -312 40 ) 
4 585 (-288 -176 40 ) (-288 -160 40 ) (-536 -160 40 ) (-536 -176 40 ) 
4 585 (-160 -160 40 ) (-160 -256 40 ) (-160 -256 8 ) (-160 -160 8 ) 
4 586 (-648 -296 8 ) (-648 -72 8 ) (-552 -72 8 ) (-552 -296 8 ) 
4 586 (-648 -296 40 ) (-648 -296 8 ) (-552 -296 8 ) (-552 -296 40 ) 
4 587 (-648 -312 40 ) (-680 -312 40 ) (-680 -312 8 ) (-648 -312 8 ) 
4 587 (-648 -296 40 ) (-648 -312 40 ) (-648 -312 8 ) (-648 -296 8 ) 
4 587 (-680 0 8 ) (-680 -312 8 ) (-680 -312 40 ) (-680 0 40 ) 
4 587 (-680 -296 40 ) (-664 -296 40 ) (-664 0 40 ) (-680 0 40 ) 
4 587 (-648 -296 40 ) (-680 -296 40 ) (-680 -312 40 ) (-648 -312 40 ) 
4 587 (-648 -312 8 ) (-680 -312 8 ) (-680 0 8 ) (-648 0 8 ) 
4 588 (-240 -416 168 ) (-256 -416 168 ) (-256 -416 104 ) (-240 -416 104 ) 
4 588 (-256 -312 168 ) (-256 -312 104 ) (-256 -416 104 ) (-256 -416 168 ) 
4 589 (-240 -416 104 ) (-256 -416 104 ) (-256 -416 48 ) (-240 -416 48 ) 
4 589 (-256 -312 48 ) (-256 -416 48 ) (-256 -416 104 ) (-256 -312 104 ) 
4 590 (-792 -312 104 ) (-792 -312 48 ) (-792 -416 48 ) (-792 -416 104 ) 
4 590 (-440 -416 104 ) (-792 -416 104 ) (-792 -416 48 ) (-440 -416 48 ) 
4 590 (-440 -416 48 ) (-792 -416 48 ) (-792 -312 48 ) (-440 -312 48 ) 
4 590 (-440 -312 104 ) (-440 -416 104 ) (-440 -416 48 ) (-440 -312 48 ) 
4 590 (-440 -312 104 ) (-792 -312 104 ) (-792 -416 104 ) (-440 -416 104 ) 
4 591 (-256 -416 8 ) (-240 -416 8 ) (-240 -416 48 ) (-256 -416 48 ) 
4 591 (-256 -312 8 ) (-160 -312 8 ) (-160 -416 8 ) (-256 -416 8 ) 
4 591 (-256 -312 8 ) (-256 -416 8 ) (-256 -416 48 ) (-256 -312 48 ) 
4 592 (-456 -416 8 ) (-440 -416 8 ) (-440 -416 40 ) (-456 -416 40 ) 
4 592 (-456 -416 40 ) (-440 -416 40 ) (-440 -312 40 ) (-456 -312 40 ) 
4 592 (-440 -312 40 ) (-440 -416 40 ) (-440 -416 8 ) (-440 -312 8 ) 
4 592 (-456 -312 8 ) (-440 -312 8 ) (-440 -416 8 ) (-456 -416 8 ) 
4 592 (-456 -312 8 ) (-456 -416 8 ) (-456 -416 40 ) (-456 -312 40 ) 
4 593 (-240 -416 8 ) (-160 -416 8 ) (-160 -424 8 ) (-240 -424 8 ) 
4 593 (-240 -416 168 ) (-240 -416 8 ) (-240 -424 8 ) (-240 -424 168 ) 
4 594 (-792 -192 88 ) (-792 -192 160 ) (-800 -192 160 ) (-800 -192 88 ) 
4 594 (-792 -192 160 ) (-792 0 160 ) (-800 0 160 ) (-800 -192 160 ) 
4 594 (-792 -192 88 ) (-800 -192 88 ) (-800 0 88 ) (-792 0 88 ) 
4 595 (-800 -192 200 ) (-800 0 200 ) (-816 0 200 ) (-816 -192 200 ) 
4 595 (-800 -192 160 ) (-800 0 160 ) (-800 0 200 ) (-800 -192 200 ) 
4 595 (-800 0 8 ) (-800 0 88 ) (-800 -192 88 ) (-800 -192 8 ) 
4 595 (-800 0 8 ) (-800 -192 8 ) (-816 -192 8 ) (-816 0 8 ) 
4 595 (-816 -192 8 ) (-800 -192 8 ) (-800 -192 200 ) (-816 -192 200 ) 
4 596 (-816 -320 8 ) (-800 -320 8 ) (-800 -320 200 ) (-816 -320 200 ) 
4 596 (-800 -320 200 ) (-800 -200 200 ) (-816 -200 200 ) (-816 -320 200 ) 
4 596 (-800 -320 160 ) (-800 -200 160 ) (-800 -200 200 ) (-800 -320 200 ) 
4 596 (-800 -320 8 ) (-800 -200 8 ) (-800 -200 160 ) (-800 -320 160 ) 
4 596 (-800 -200 8 ) (-800 -320 8 ) (-816 -320 8 ) (-816 -200 8 ) 
4 596 (-816 -200 200 ) (-800 -200 200 ) (-800 -200 8 ) (-816 -200 8 ) 
4 597 (-800 -328 8 ) (-800 -424 8 ) (-816 -424 8 ) (-816 -328 8 ) 
4 597 (-800 -328 8 ) (-800 -328 160 ) (-800 -424 160 ) (-800 -424 8 ) 
4 597 (-800 -328 160 ) (-800 -328 200 ) (-800 -424 200 ) (-800 -424 160 ) 
4 597 (-800 -328 200 ) (-816 -328 200 ) (-816 -424 200 ) (-800 -424 200 ) 
4 597 (-816 -328 200 ) (-800 -328 200 ) (-800 -328 8 ) (-816 -328 8 ) 
4 598 (0 -440 208 ) (0 -440 200 ) (-120 -440 200 ) (-120 -440 208 ) 
4 598 (-56 -440 208 ) (-56 -448 208 ) (-48 -448 208 ) (-48 -440 208 ) 
4 598 (0 -448 200 ) (-120 -448 200 ) (-120 -440 200 ) (0 -440 200 ) 
4 599 (0 -448 200 ) (0 -448 0 ) (-120 -448 0 ) (-120 -448 200 ) 
4 599 (0 -456 208 ) (-40 -456 208 ) (-40 -464 208 ) (0 -464 208 ) 
4 599 (-40 -456 208 ) (-48 -456 208 ) (-48 -464 208 ) (-40 -464 208 ) 
4 599 (-56 -448 208 ) (-56 -456 208 ) (-48 -456 208 ) (-48 -448 208 ) 
4 599 (-48 -456 208 ) (-120 -456 208 ) (-120 -464 208 ) (-48 -464 208 ) 
4 600 (-240 -440 0 ) (-240 -448 0 ) (-240 -448 184 ) (-240 -440 184 ) 
4 600 (-240 -440 200 ) (-240 -440 184 ) (-240 -448 184 ) (-240 -448 200 ) 
4 600 (-240 -424 200 ) (-240 -424 8 ) (-240 -440 8 ) (-240 -440 200 ) 
4 600 (-240 -424 8 ) (-240 -424 0 ) (-240 -440 0 ) (-240 -440 8 ) 
4 600 (-240 -424 208 ) (-240 -424 200 ) (-240 -440 200 ) (-240 -440 208 ) 
4 600 (-240 -424 8 ) (-160 -424 8 ) (-160 -424 0 ) (-240 -424 0 ) 
4 600 (-160 -424 8 ) (-120 -424 8 ) (-120 -424 0 ) (-160 -424 0 ) 
4 600 (-120 -456 208 ) (-168 -456 208 ) (-168 -464 208 ) (-120 -464 208 ) 
4 600 (-168 -456 208 ) (-176 -456 208 ) (-176 -464 208 ) (-168 -464 208 ) 
4 600 (-176 -456 208 ) (-184 -456 208 ) (-184 -464 208 ) (-176 -464 208 ) 
4 600 (-184 -456 208 ) (-240 -456 208 ) (-240 -464 208 ) (-184 -464 208 ) 
4 600 (-120 -440 208 ) (-120 -440 0 ) (-120 -424 0 ) (-120 -424 208 ) 
4 600 (-120 -440 200 ) (-120 -448 200 ) (-120 -448 0 ) (-120 -440 0 ) 
4 601 (-816 -432 8 ) (-800 -432 8 ) (-800 -432 200 ) (-816 -432 200 ) 
4 601 (-760 -424 200 ) (-760 -432 200 ) (-760 -432 8 ) (-760 -424 8 ) 
4 601 (-760 -432 200 ) (-760 -424 200 ) (-816 -424 200 ) (-816 -432 200 ) 
4 601 (-760 -424 168 ) (-792 -424 168 ) (-792 -424 200 ) (-760 -424 200 ) 
4 601 (-760 -424 8 ) (-792 -424 8 ) (-792 -424 168 ) (-760 -424 168 ) 
4 601 (-800 -424 160 ) (-800 -424 200 ) (-792 -424 200 ) (-792 -424 160 ) 
4 601 (-800 -424 8 ) (-800 -424 160 ) (-792 -424 160 ) (-792 -424 8 ) 
4 601 (-816 -432 8 ) (-816 -424 8 ) (-760 -424 8 ) (-760 -432 8 ) 
4 602 (-800 -440 184 ) (-800 -440 8 ) (-760 -440 8 ) (-760 -440 184 ) 
4 602 (-760 -440 200 ) (-800 -440 200 ) (-800 -440 184 ) (-760 -440 184 ) 
4 602 (-760 -440 8 ) (-800 -440 8 ) (-800 -432 8 ) (-760 -432 8 ) 
4 602 (-760 -432 200 ) (-800 -432 200 ) (-800 -440 200 ) (-760 -440 200 ) 
4 602 (-760 -432 200 ) (-760 -440 200 ) (-760 -440 8 ) (-760 -432 8 ) 
4 602 (-800 -432 200 ) (-800 -432 8 ) (-800 -440 8 ) (-800 -440 200 ) 
4 603 (-240 -448 200 ) (-400 -448 200 ) (-408 -440 200 ) (-240 -440 200 ) 
4 603 (-408 -440 200 ) (-408 -440 208 ) (-240 -440 208 ) (-240 -440 200 ) 
4 603 (-408 -440 208 ) (-408 -440 200 ) (-400 -448 200 ) (-400 -448 208 ) 
4 604 (-424 -440 200 ) (-816 -440 200 ) (-816 -440 208 ) (-424 -440 208 ) 
4 604 (-424 -448 208 ) (-424 -448 200 ) (-424 -440 200 ) (-424 -440 208 ) 
4 604 (-816 -440 200 ) (-424 -440 200 ) (-424 -448 200 ) (-816 -448 200 ) 
4 605 (-400 -448 200 ) (-240 -448 200 ) (-240 -448 184 ) (-400 -448 184 ) 
4 605 (-312 -456 208 ) (-400 -456 208 ) (-400 -464 208 ) (-312 -464 208 ) 
4 605 (-304 -456 208 ) (-312 -456 208 ) (-312 -464 208 ) (-304 -464 208 ) 
4 605 (-296 -456 208 ) (-304 -456 208 ) (-304 -464 208 ) (-296 -464 208 ) 
4 605 (-240 -456 208 ) (-296 -456 208 ) (-296 -464 208 ) (-240 -464 208 ) 
4 605 (-400 -448 208 ) (-400 -448 184 ) (-400 -464 184 ) (-400 -464 208 ) 
4 606 (-424 -464 208 ) (-424 -464 184 ) (-424 -448 184 ) (-424 -448 208 ) 
4 606 (-424 -456 208 ) (-440 -456 208 ) (-440 -464 208 ) (-424 -464 208 ) 
4 606 (-440 -456 208 ) (-464 -456 208 ) (-464 -464 208 ) (-440 -464 208 ) 
4 606 (-816 -448 200 ) (-424 -448 200 ) (-424 -448 184 ) (-816 -448 184 ) 
4 607 (-424 -464 184 ) (-400 -464 184 ) (-400 -448 184 ) (-424 -448 184 ) 
4 607 (-816 -448 0 ) (-816 -448 184 ) (-240 -448 184 ) (-240 -448 0 ) 
4 608 (-816 -440 184 ) (-816 -448 184 ) (-816 -448 0 ) (-816 -440 0 ) 
4 608 (-816 -448 200 ) (-816 -448 184 ) (-816 -440 184 ) (-816 -440 200 ) 
4 608 (-816 -432 8 ) (-816 -432 200 ) (-816 -440 200 ) (-816 -440 8 ) 
4 608 (-816 -424 8 ) (-816 -440 8 ) (-816 -440 0 ) (-816 -424 0 ) 
4 608 (-816 -424 200 ) (-816 -424 208 ) (-816 -440 208 ) (-816 -440 200 ) 
4 608 (-816 -328 8 ) (-816 -320 8 ) (-816 -320 200 ) (-816 -328 200 ) 
4 608 (-816 -200 8 ) (-816 -192 8 ) (-816 -192 200 ) (-816 -200 200 ) 
4 608 (-816 0 8 ) (-816 -424 8 ) (-816 -424 0 ) (-816 0 0 ) 
4 608 (-816 0 200 ) (-816 0 208 ) (-816 -424 208 ) (-816 -424 200 ) 
4 608 (-816 0 256 ) (-816 0 272 ) (-816 -464 224 ) (-816 -464 208 ) 
4 609 (-424 -464 208 ) (-400 -464 208 ) (-400 -576 208 ) (-424 -576 208 ) 
4 609 (-464 -576 224 ) (-464 -576 208 ) (0 -576 320 ) (0 -576 336 ) 
4 609 (-40 -464 208 ) (-40 -464 224 ) (0 -464 224 ) (0 -464 208 ) 
4 609 (-40 -464 208 ) (-48 -464 208 ) (-48 -464 224 ) (-40 -464 224 ) 
4 609 (-48 -464 208 ) (-168 -464 208 ) (-168 -464 224 ) (-48 -464 224 ) 
4 609 (-168 -464 208 ) (-176 -464 208 ) (-176 -464 224 ) (-168 -464 224 ) 
4 609 (-176 -464 208 ) (-184 -464 208 ) (-184 -464 224 ) (-176 -464 224 ) 
4 609 (-184 -464 208 ) (-296 -464 208 ) (-296 -464 224 ) (-184 -464 224 ) 
4 609 (-296 -464 208 ) (-304 -464 208 ) (-304 -464 224 ) (-296 -464 224 ) 
4 609 (-304 -464 208 ) (-312 -464 208 ) (-312 -464 224 ) (-304 -464 224 ) 
4 609 (-312 -464 208 ) (-424 -464 208 ) (-424 -464 224 ) (-312 -464 224 ) 
4 609 (-424 -464 208 ) (-440 -464 208 ) (-440 -464 224 ) (-424 -464 224 ) 
4 609 (-440 -464 208 ) (-464 -464 208 ) (-464 -464 224 ) (-440 -464 224 ) 
4 610 (0 -584 336.001526 ) (-464 -584 224.001373 ) (-464 -576 224.001373 ) (0 -576 336.001373 ) 
4 611 (-400 -584 208 ) (-424 -584 208 ) (-424 -576 208 ) (-400 -576 208 ) 
4 611 (-464 -584 208 ) (0 -584 208 ) (0 -584 224 ) (-397.714294 -584 224 ) 
4 611 (0 -576 320.002136 ) (-464 -576 208.002335 ) (-464 -584 208.002335 ) (0 -584 320.002319 ) 
4 612 (0 -640 534.682922 ) (0 -640 552.910522 ) (-362.038666 -640 774.156433 ) (-373.352356 -640 762.842712 ) 
4 612 (-464 -592 224 ) (-464 -584 224 ) (0 -584 224 ) (0 -592 224 ) 
4 612 (0 -584 336 ) (0 -584 320 ) (-397.714294 -584 224 ) (-464 -584 224 ) 
4 613 (-400 -640 208 ) (-424 -640 208 ) (-424 -592 208 ) (-400 -592 208 ) 
4 613 (0 -592 208 ) (-464 -592 208 ) (-464 -592 224 ) (0 -592 224 ) 
4 614 (0 -648 552.914429 ) (-362.036407 -648 774.158691 ) (-362.036469 -640 774.158691 ) (0 -640 552.914124 ) 
4 615 (-373.347626 -640 762.839844 ) (-362.035645 -640 774.151855 ) (-362.035645 -648 774.151855 ) (-373.347626 -648 762.839844 ) 
4 616 (-400 -648 208 ) (-424 -648 208 ) (-424 -640 208 ) (-400 -640 208 ) 
4 616 (0 -648 389.490356 ) (0 -648 412.117767 ) (-315.167603 -648 727.285400 ) (-373.352386 -648 762.842773 ) 
4 616 (0 -640 534.684570 ) (-373.350159 -640 762.842529 ) (-373.350159 -648 762.842529 ) (0 -648 534.684082 ) 
4 617 (-464 -584 224 ) (-464 -592 224 ) (-464 -592 208 ) (-464 -584 208 ) 
4 617 (-464 -576 224 ) (-464 -584 224 ) (-464 -584 208 ) (-464 -576 208 ) 
4 617 (-552 -464 224 ) (-552 -464 208 ) (-560 -464 208 ) (-560 -464 224 ) 
4 617 (-560 -464 224 ) (-560 -464 208 ) (-568 -464 208 ) (-568 -464 224 ) 
4 617 (-680 -464 224 ) (-680 -464 208 ) (-688 -464 208 ) (-688 -464 224 ) 
4 617 (-688 -464 224 ) (-688 -464 208 ) (-696 -464 208 ) (-696 -464 224 ) 
4 617 (-800 -464 224 ) (-800 -464 208 ) (-808 -464 208 ) (-808 -464 224 ) 
4 617 (-808 -464 224 ) (-808 -464 208 ) (-816 -464 208 ) (-816 -464 224 ) 
4 618 (-362.035583 -648 774.159607 ) (0 -648 412.123688 ) (0 -656 412.128967 ) (-362.033051 -656 774.161987 ) 
4 618 (-315.167603 -648 727.285400 ) (-362.038696 -648 774.156433 ) (0 -648 552.910583 ) (0 -648 534.682922 ) 
4 619 (-424 -648 208 ) (-400 -648 208 ) (-400 -656 208 ) (-424 -656 208 ) 
4 619 (0 -648 389.483917 ) (-373.355560 -648 762.839539 ) (-373.355621 -656 762.839539 ) (0 -656 389.483948 ) 
4 620 (-373.343842 -656 762.843689 ) (-373.343842 -648 762.843689 ) (-362.033295 -648 774.154236 ) (-362.033295 -656 774.154236 ) 
4 621 (0 -760 208 ) (0 -768 208 ) (-424 -768 208 ) (-424 -760 208 ) 
4 621 (-424 -656 208 ) (-400 -656 208 ) (-400 -760 208 ) (-424 -760 208 ) 
4 621 (0 -768 534.682922 ) (0 -768 552.910583 ) (-362.038666 -768 774.156433 ) (-373.352386 -768 762.842712 ) 
4 621 (-373.352417 -656 762.842712 ) (-362.038635 -656 774.156433 ) (0 -656 412.117737 ) (0 -656 389.490356 ) 
4 622 (-362.034271 -776 774.153748 ) (-373.347961 -776 762.840027 ) (-373.347931 -768 762.840027 ) (-362.034241 -768 774.153687 ) 
4 623 (0 -776 552.912781 ) (-362.037659 -776 774.158508 ) (-362.037659 -768 774.158508 ) (0 -768 552.913269 ) 
4 624 (-424 -768 208 ) (0 -768 208 ) (0 -776 208 ) (-424 -776 208 ) 
4 624 (0 -776 389.490356 ) (0 -776 412.117767 ) (-315.167480 -776 727.285278 ) (-373.352386 -776 762.842712 ) 
4 624 (0 -768 534.684570 ) (-373.350159 -768 762.842529 ) (-373.350159 -776 762.842529 ) (0 -776 534.684082 ) 
4 625 (-362.035583 -776 774.159607 ) (0 -776 412.123688 ) (0 -784 412.123474 ) (-362.035858 -784 774.159302 ) 
4 625 (-315.167511 -776 727.285278 ) (-362.038666 -776 774.156433 ) (0 -776 552.910583 ) (0 -776 534.682922 ) 
4 626 (0 -784 208 ) (-424 -784 208 ) (-424 -776 208 ) (0 -776 208 ) 
4 626 (0 -776 389.483917 ) (-373.355560 -776 762.839539 ) (-373.355621 -784 762.839539 ) (0 -784 389.483948 ) 
4 627 (-373.343842 -784 762.843689 ) (-373.343842 -776 762.843689 ) (-362.033295 -776 774.154236 ) (-362.033295 -784 774.154236 ) 
4 628 (0 -760 184 ) (0 -760 208 ) (-400 -760 208 ) (-400 -760 184 ) 
4 628 (-400 -760 184 ) (-400 -760 208 ) (-400 -464 208 ) (-400 -464 184 ) 
4 628 (-400 -584 208 ) (-400 -592 208 ) (0 -592 208 ) (0 -584 208 ) 
4 629 (-424 -760 184 ) (-424 -760 0 ) (-400 -760 0 ) (-400 -760 184 ) 
4 629 (-424 -464 184 ) (-424 -760 184 ) (-400 -760 184 ) (-400 -464 184 ) 
4 630 (0 -760 184 ) (-400 -760 184 ) (-400 -784 184 ) (0 -784 184 ) 
4 630 (-400 -784 0 ) (-400 -784 184 ) (-400 -760 184 ) (-400 -760 0 ) 
4 631 (-424 -760 0 ) (-424 -760 184 ) (-424 -784 184 ) (-424 -784 0 ) 
4 631 (-424 -760 184 ) (-424 -760 208 ) (-424 -784 208 ) (-424 -784 184 ) 
4 631 (-424 -760 184 ) (-424 -464 184 ) (-424 -464 208 ) (-424 -760 208 ) 
4 631 (-424 -584 208 ) (-464 -584 208 ) (-464 -592 208 ) (-424 -592 208 ) 
4 632 (-424 -784 184 ) (-400 -784 184 ) (-400 -784 0 ) (-424 -784 0 ) 
4 632 (-424 -784 184 ) (-424 -784 208 ) (0 -784 208 ) (0 -784 184 ) 
4 632 (-373.352417 -784 762.842712 ) (-362.038635 -784 774.156433 ) (0 -784 412.117737 ) (0 -784 389.490356 ) 
4 633 (-424 -760 0 ) (-424 -760 -88 ) (-400 -760 -88 ) (-400 -760 0 ) 
4 633 (-424 -448 0 ) (-240 -448 0 ) (-240 -440 0 ) (-424 -440 0 ) 
4 633 (-424 -440 0 ) (-240 -440 0 ) (-240 -424 0 ) (-424 -424 0 ) 
4 633 (-120 -440 0 ) (-120 -448 0 ) (0 -448 0 ) (0 -440 0 ) 
4 633 (-120 -424 0 ) (-120 -440 0 ) (0 -440 0 ) (0 -424 0 ) 
4 633 (-424 -312 0 ) (-424 -424 0 ) (-160 -424 0 ) (-160 -312 0 ) 
4 633 (-424 -312 0 ) (-160 -312 0 ) (-160 0 0 ) (-424 0 0 ) 
4 633 (-160 -416 0 ) (-160 -424 0 ) (0 -424 0 ) (0 -416 0 ) 
4 633 (-160 -416 0 ) (0 -416 0 ) (0 0 0 ) (-160 0 0 ) 
4 634 (-400 -760 0 ) (-400 -760 -88 ) (-400 -784 -88 ) (-400 -784 0 ) 
4 635 (-400 -784 0 ) (-400 -784 -88 ) (-424 -784 -88 ) (-424 -784 0 ) 
4 636 (-424 -760 0 ) (-424 -784 0 ) (-424 -784 -88 ) (-424 -760 -88 ) 
4 636 (-792 -312 0 ) (-424 -312 0 ) (-424 0 0 ) (-792 0 0 ) 
4 636 (-424 -312 0 ) (-792 -312 0 ) (-792 -424 0 ) (-424 -424 0 ) 
4 636 (-800 -192 0 ) (-800 -424 0 ) (-792 -424 0 ) (-792 -192 0 ) 
4 636 (-800 -192 0 ) (-792 -192 0 ) (-792 0 0 ) (-800 0 0 ) 
4 636 (-816 -424 0 ) (-800 -424 0 ) (-800 0 0 ) (-816 0 0 ) 
4 636 (-424 -440 0 ) (-424 -424 0 ) (-816 -424 0 ) (-816 -440 0 ) 
4 636 (-424 -448 0 ) (-424 -440 0 ) (-816 -440 0 ) (-816 -448 0 ) 
4 637 (-400 -784 -88 ) (-400 -760 -88 ) (-424 -760 -88 ) (-424 -784 -88 ) 
4 637 (0 -1024 -912 ) (-1024 -1024 -912 ) (-1024 0 -912 ) (0 0 -912 ) 
4 638 (-1024 -1028 1260 ) (-1024 -1028 1024 ) (0 -1028 1024 ) (0 -1028 1260 ) 
4 638 (0 -1024 1260 ) (-1024 -1024 1260 ) (-1024 -1028 1260 ) (0 -1028 1260 ) 
4 639 (-1024 -1028 0 ) (0 -1028 0 ) (0 -1028 1024 ) (-1024 -1028 1024 ) 
4 640 (0 -1028 -912 ) (0 -1028 0 ) (-1024 -1028 0 ) (-1024 -1028 -912 ) 
4 640 (0 -1028 -912 ) (-1024 -1028 -912 ) (-1024 -1024 -912 ) (0 -1024 -912 ) 
4 641 (-1024 956 1260 ) (-1024 956 1024 ) (-1408 956 1024 ) (-1408 956 1260 ) 
4 641 (-1408 956 1024 ) (-1408 0 1024 ) (-1408 0 1260 ) (-1408 956 1260 ) 
4 641 (-1024 956 1260 ) (-1408 956 1260 ) (-1408 0 1260 ) (-1024 0 1260 ) 
4 642 (-1408 956 0 ) (-1408 0 0 ) (-1408 0 1024 ) (-1408 956 1024 ) 
4 642 (-1024 956 1024 ) (-1024 956 0 ) (-1408 956 0 ) (-1408 956 1024 ) 
4 643 (-1408 956 0 ) (-1408 956 -912 ) (-1408 0 -912 ) (-1408 0 0 ) 
4 643 (-1408 956 -912 ) (-1408 956 0 ) (-1024 956 0 ) (-1024 956 -912 ) 
4 643 (-1024 0 -912 ) (-1408 0 -912 ) (-1408 956 -912 ) (-1024 956 -912 ) 
4 644 (-1408 0 1260 ) (-1408 0 1024 ) (-1408 -1024 1024 ) (-1408 -1024 1260 ) 
4 644 (-1024 0 1260 ) (-1408 0 1260 ) (-1408 -1024 1260 ) (-1024 -1024 1260 ) 
4 645 (-1408 0 0 ) (-1408 -1024 0 ) (-1408 -1024 1024 ) (-1408 0 1024 ) 
4 646 (-1024 -1024 -912 ) (-1408 -1024 -912 ) (-1408 0 -912 ) (-1024 0 -912 ) 
4 646 (-1408 0 -912 ) (-1408 -1024 -912 ) (-1408 -1024 0 ) (-1408 0 0 ) 
4 647 (-1408 -1024 1024 ) (-1408 -1028 1024 ) (-1408 -1028 1260 ) (-1408 -1024 1260 ) 
4 647 (-1408 -1028 1260 ) (-1024 -1028 1260 ) (-1024 -1024 1260 ) (-1408 -1024 1260 ) 
4 647 (-1408 -1028 1260 ) (-1408 -1028 1024 ) (-1024 -1028 1024 ) (-1024 -1028 1260 ) 
4 648 (-1408 -1028 0 ) (-1024 -1028 0 ) (-1024 -1028 1024 ) (-1408 -1028 1024 ) 
4 648 (-1408 -1024 0 ) (-1408 -1028 0 ) (-1408 -1028 1024 ) (-1408 -1024 1024 ) 
4 649 (-1408 -1028 0 ) (-1408 -1028 -912 ) (-1024 -1028 -912 ) (-1024 -1028 0 ) 
4 649 (-1408 -1028 0 ) (-1408 -1024 0 ) (-1408 -1024 -912 ) (-1408 -1028 -912 ) 
4 649 (-1024 -1028 -912 ) (-1408 -1028 -912 ) (-1408 -1024 -912 ) (-1024 -1024 -912 ) 
