# Blender 4.2.0
# www.blender.org
mtllib bishop.mtl
o Piece_04.003
v 0.075638 0.069123 0.722514
v 0.072978 0.068502 0.678890
v 0.093120 0.067382 0.594264
v 0.178915 0.066308 0.497337
v 0.218204 0.066169 0.478185
v 0.260475 0.066153 0.467064
v 0.304102 0.066261 0.464403
v 0.388735 0.066824 0.484539
v 0.459218 0.067772 0.535527
v 0.504820 0.068962 0.609605
v 0.515940 0.069592 0.651872
v 0.498457 0.071332 0.780122
v 0.447461 0.072151 0.850600
v 0.373374 0.072545 0.896201
v 0.331103 0.072561 0.907322
v 0.244167 0.072227 0.904082
v 0.202842 0.071891 0.889847
v 0.132359 0.070942 0.838858
v 0.105910 0.070367 0.804065
v 0.066597 0.081415 0.723786
v 0.069973 0.080158 0.633303
v 0.107722 0.079129 0.550999
v 0.137875 0.078751 0.516933
v 0.214991 0.078341 0.469467
v 0.304402 0.078436 0.455122
v 0.392495 0.079022 0.476082
v 0.431791 0.079474 0.499005
v 0.493390 0.080609 0.565370
v 0.524899 0.081903 0.650255
v 0.483774 0.084190 0.823042
v 0.332506 0.084994 0.916149
v 0.287094 0.084882 0.918919
v 0.199001 0.084296 0.897959
v 0.125637 0.083309 0.844886
v 0.098106 0.082710 0.808671
v 0.055676 0.091978 0.725384
v 0.059212 0.090661 0.630603
v 0.098754 0.089583 0.544389
v 0.168281 0.088908 0.479867
v 0.211120 0.088758 0.458984
v 0.304778 0.088857 0.443957
v 0.397056 0.089471 0.465912
v 0.438219 0.089944 0.489925
v 0.502744 0.091133 0.559443
v 0.523626 0.091803 0.602276
v 0.538650 0.093166 0.695925
v 0.532214 0.093807 0.743141
v 0.492672 0.094884 0.829355
v 0.423144 0.095559 0.893878
v 0.334217 0.095727 0.926885
v 0.286648 0.095610 0.929787
v 0.194370 0.094996 0.907832
v 0.117521 0.093962 0.852238
v 0.088682 0.093334 0.814301
v 0.053013 0.103519 0.725643
v 0.050082 0.102835 0.677559
v 0.056588 0.102187 0.629826
v 0.072283 0.101601 0.584280
v 0.096563 0.101098 0.542669
v 0.128494 0.100698 0.506595
v 0.166850 0.100416 0.477442
v 0.210157 0.100264 0.456331
v 0.256750 0.100246 0.444073
v 0.304838 0.100364 0.441140
v 0.352575 0.100614 0.447644
v 0.398125 0.100985 0.463335
v 0.439738 0.101463 0.487610
v 0.475815 0.102030 0.519537
v 0.504969 0.102665 0.557888
v 0.526080 0.103342 0.601189
v 0.538336 0.104036 0.647778
v 0.541268 0.104720 0.695862
v 0.534761 0.105368 0.743594
v 0.519066 0.105954 0.789141
v 0.494787 0.106457 0.830751
v 0.462855 0.106857 0.866826
v 0.424499 0.107139 0.895979
v 0.381193 0.107291 0.917090
v 0.334600 0.107309 0.929348
v 0.286511 0.107190 0.932281
v 0.238774 0.106941 0.925777
v 0.193224 0.106570 0.910086
v 0.151611 0.106092 0.885810
v 0.115534 0.105524 0.853884
v 0.086380 0.104890 0.815533
v 0.065270 0.104213 0.772231
v 0.062172 0.114490 0.724014
v 0.059352 0.113832 0.677752
v 0.065612 0.113209 0.631828
v 0.080712 0.112644 0.588008
v 0.104072 0.112160 0.547974
v 0.134793 0.111776 0.513266
v 0.171695 0.111505 0.485218
v 0.213361 0.111358 0.464907
v 0.258188 0.111341 0.453114
v 0.304455 0.111455 0.450292
v 0.350383 0.111695 0.456549
v 0.394207 0.112052 0.471646
v 0.434243 0.112512 0.495001
v 0.468952 0.113058 0.525718
v 0.497001 0.113668 0.562616
v 0.517312 0.114320 0.604276
v 0.529104 0.114987 0.649099
v 0.531925 0.115645 0.695361
v 0.525664 0.116269 0.741285
v 0.510565 0.116833 0.785106
v 0.487205 0.117317 0.825139
v 0.456484 0.117702 0.859847
v 0.419581 0.117973 0.887895
v 0.377916 0.118119 0.908206
v 0.333088 0.118136 0.919999
v 0.286822 0.118022 0.922821
v 0.240894 0.117782 0.916564
v 0.197070 0.117425 0.901467
v 0.157034 0.116965 0.878112
v 0.122324 0.116419 0.847395
v 0.094275 0.115809 0.810497
v 0.073964 0.115158 0.768837
v 0.087887 0.126645 0.719712
v 0.085378 0.126059 0.678553
v 0.090947 0.125505 0.637695
v 0.104382 0.125002 0.598709
v 0.125164 0.124572 0.563092
v 0.152496 0.124230 0.532213
v 0.185328 0.123988 0.507259
v 0.222397 0.123858 0.489188
v 0.262279 0.123843 0.478696
v 0.303442 0.123944 0.476185
v 0.344303 0.124158 0.481753
v 0.383293 0.124475 0.495184
v 0.418912 0.124885 0.515963
v 0.449793 0.125370 0.543291
v 0.474748 0.125913 0.576118
v 0.492818 0.126493 0.613183
v 0.503309 0.127087 0.653061
v 0.505818 0.127673 0.694220
v 0.500249 0.128227 0.735078
v 0.486815 0.128729 0.774064
v 0.466032 0.129160 0.809681
v 0.438700 0.129502 0.840560
v 0.405868 0.129743 0.865514
v 0.368799 0.129874 0.883585
v 0.328917 0.129888 0.894077
v 0.287754 0.129787 0.896588
v 0.246893 0.129574 0.891020
v 0.207903 0.129256 0.877589
v 0.172284 0.128847 0.856810
v 0.141403 0.128361 0.829482
v 0.116448 0.127818 0.796655
v 0.098378 0.127238 0.759590
v 0.084753 0.131396 0.678456
v 0.103812 0.130337 0.598381
v 0.124654 0.129905 0.562661
v 0.152065 0.129561 0.531693
v 0.222168 0.129189 0.488544
v 0.303447 0.129275 0.475504
v 0.383528 0.129808 0.494557
v 0.419251 0.130219 0.515396
v 0.450220 0.130706 0.542803
v 0.493370 0.131832 0.612897
v 0.506408 0.133014 0.694168
v 0.487349 0.134074 0.774243
v 0.466507 0.134506 0.809963
v 0.406169 0.135091 0.865957
v 0.368993 0.135222 0.884079
v 0.287714 0.135135 0.897120
v 0.207632 0.134603 0.878067
v 0.171910 0.134192 0.857228
v 0.115913 0.133160 0.796898
v 0.097791 0.132579 0.759726
v 0.510268 0.123554 0.737524
v 0.095051 0.120171 0.594490
v 0.411274 0.125144 0.874337
v 0.145517 0.119361 0.524743
v 0.330561 0.125296 0.904295
v 0.218835 0.118971 0.479616
v 0.203633 0.124633 0.887002
v 0.077750 0.121894 0.721407
v 0.303841 0.119062 0.465977
v 0.424956 0.120048 0.507699
v 0.483520 0.121127 0.570795
v 0.080254 0.143187 0.720696
v 0.077653 0.142580 0.678035
v 0.083426 0.142005 0.635687
v 0.097350 0.141485 0.595278
v 0.118891 0.141038 0.558361
v 0.147220 0.140683 0.526356
v 0.181250 0.140434 0.500491
v 0.219672 0.140298 0.481761
v 0.261009 0.140283 0.470886
v 0.303673 0.140388 0.468284
v 0.346025 0.140609 0.474054
v 0.386438 0.140938 0.487976
v 0.423357 0.141363 0.509513
v 0.455364 0.141866 0.537838
v 0.481229 0.142429 0.571863
v 0.499959 0.143030 0.610280
v 0.510833 0.143645 0.651613
v 0.513434 0.144252 0.694274
v 0.507661 0.144827 0.736622
v 0.493736 0.145347 0.777031
v 0.472196 0.145793 0.813948
v 0.443866 0.146148 0.845953
v 0.409837 0.146398 0.871818
v 0.371415 0.146533 0.890548
v 0.330078 0.146549 0.901423
v 0.287413 0.146444 0.904025
v 0.245061 0.146223 0.898255
v 0.204649 0.145893 0.884333
v 0.167730 0.145469 0.862796
v 0.135723 0.144966 0.834471
v 0.109857 0.144403 0.800446
v 0.091128 0.143802 0.762029
v 0.077015 0.161416 0.720950
v 0.074376 0.160800 0.677660
v 0.080234 0.160217 0.634686
v 0.094364 0.159688 0.593681
v 0.116223 0.159236 0.556219
v 0.144971 0.158876 0.523741
v 0.179502 0.158622 0.497495
v 0.218491 0.158485 0.478489
v 0.260439 0.158469 0.467453
v 0.303733 0.158575 0.464812
v 0.346710 0.158800 0.470668
v 0.387719 0.159134 0.484795
v 0.425183 0.159565 0.506650
v 0.457662 0.160075 0.535393
v 0.483910 0.160647 0.569920
v 0.502916 0.161256 0.608905
v 0.513950 0.161881 0.650848
v 0.516589 0.162497 0.694138
v 0.510731 0.163080 0.737111
v 0.496601 0.163608 0.778117
v 0.474743 0.164061 0.815578
v 0.445995 0.164421 0.848056
v 0.411463 0.164675 0.874303
v 0.372474 0.164812 0.893309
v 0.330527 0.164827 0.904344
v 0.287233 0.164721 0.906985
v 0.244255 0.164496 0.901130
v 0.203247 0.164162 0.887003
v 0.165783 0.163732 0.865148
v 0.133303 0.163221 0.836405
v 0.107056 0.162650 0.801877
v 0.088050 0.162040 0.762893
v 0.081482 0.186099 0.719874
v 0.078898 0.185496 0.677485
v 0.084634 0.184925 0.635406
v 0.098469 0.184408 0.595255
v 0.119873 0.183964 0.558573
v 0.148022 0.183612 0.526771
v 0.181835 0.183363 0.501071
v 0.220012 0.183229 0.482461
v 0.261086 0.183214 0.471655
v 0.303479 0.183318 0.469069
v 0.345562 0.183538 0.474803
v 0.385717 0.183865 0.488635
v 0.422401 0.184287 0.510035
v 0.454204 0.184787 0.538180
v 0.479905 0.185346 0.571989
v 0.498516 0.185943 0.610162
v 0.509320 0.186555 0.651231
v 0.511904 0.187158 0.693620
v 0.506168 0.187729 0.735699
v 0.492333 0.188246 0.775851
v 0.470929 0.188689 0.812533
v 0.442780 0.189042 0.844334
v 0.408967 0.189290 0.870034
v 0.370790 0.189424 0.888645
v 0.329716 0.189440 0.899451
v 0.287323 0.189335 0.902036
v 0.245240 0.189116 0.896303
v 0.205085 0.188788 0.882470
v 0.168401 0.188367 0.861070
v 0.136598 0.187867 0.832925
v 0.110897 0.187307 0.799117
v 0.092286 0.186710 0.760944
v 0.098798 0.208970 0.716763
v 0.096424 0.208416 0.677821
v 0.114404 0.207417 0.602275
v 0.134068 0.207009 0.568576
v 0.190992 0.206457 0.515749
v 0.226066 0.206334 0.498652
v 0.302747 0.206415 0.486349
v 0.378298 0.206918 0.504324
v 0.412000 0.207305 0.523985
v 0.464829 0.208279 0.580901
v 0.491853 0.209389 0.653701
v 0.494227 0.209943 0.692644
v 0.476246 0.210943 0.768189
v 0.430722 0.211674 0.831105
v 0.399658 0.211902 0.854716
v 0.326850 0.212040 0.881740
v 0.287904 0.211944 0.884116
v 0.212352 0.211441 0.866140
v 0.149433 0.210594 0.820623
v 0.125821 0.210081 0.789563
v 0.120021 0.231429 0.713032
v 0.117904 0.230935 0.678309
v 0.122603 0.230468 0.643841
v 0.133936 0.230044 0.610951
v 0.151469 0.229681 0.580904
v 0.174527 0.229392 0.554853
v 0.202225 0.229189 0.533801
v 0.233497 0.229078 0.518557
v 0.267142 0.229066 0.509705
v 0.301868 0.229151 0.507587
v 0.336340 0.229331 0.512284
v 0.369232 0.229599 0.523615
v 0.399281 0.229945 0.541144
v 0.425333 0.230354 0.564199
v 0.446386 0.230813 0.591893
v 0.461630 0.231302 0.623162
v 0.470481 0.231803 0.656804
v 0.472597 0.232296 0.691526
v 0.467899 0.232764 0.725995
v 0.456565 0.233188 0.758885
v 0.439033 0.233551 0.788932
v 0.415975 0.233840 0.814982
v 0.388277 0.234043 0.836034
v 0.357005 0.234153 0.851279
v 0.323359 0.234166 0.860130
v 0.288634 0.234081 0.862248
v 0.254162 0.233900 0.857551
v 0.221270 0.233632 0.846221
v 0.191220 0.233287 0.828691
v 0.165169 0.232877 0.805636
v 0.144116 0.232419 0.777942
v 0.128872 0.231930 0.746674
v 0.131349 0.252514 0.710908
v 0.129370 0.252052 0.678444
v 0.133763 0.251615 0.646217
v 0.144359 0.251219 0.615467
v 0.160751 0.250879 0.587374
v 0.182310 0.250609 0.563018
v 0.208206 0.250419 0.543335
v 0.237444 0.250316 0.529082
v 0.268901 0.250305 0.520807
v 0.301368 0.250384 0.518826
v 0.333597 0.250553 0.523218
v 0.364350 0.250803 0.533811
v 0.392445 0.251126 0.550201
v 0.416802 0.251509 0.571756
v 0.436485 0.251938 0.597648
v 0.450738 0.252395 0.626883
v 0.459013 0.252863 0.658337
v 0.460992 0.253325 0.690801
v 0.456599 0.253762 0.723027
v 0.446003 0.254158 0.753778
v 0.429611 0.254498 0.781871
v 0.408052 0.254768 0.806227
v 0.382156 0.254958 0.825909
v 0.352918 0.255061 0.840162
v 0.321461 0.255073 0.848438
v 0.288994 0.254993 0.850418
v 0.256765 0.254825 0.846027
v 0.226012 0.254574 0.835433
v 0.197917 0.254251 0.819044
v 0.173560 0.253868 0.797489
v 0.153877 0.253440 0.771596
v 0.139624 0.252983 0.742361
v 0.131083 0.267163 0.678298
v 0.145913 0.266339 0.615990
v 0.183460 0.265736 0.564099
v 0.209080 0.265547 0.544626
v 0.269130 0.265434 0.522336
v 0.301252 0.265513 0.520377
v 0.333139 0.265680 0.524722
v 0.363565 0.265927 0.535203
v 0.391361 0.266247 0.551418
v 0.434933 0.267050 0.598361
v 0.457221 0.267965 0.658405
v 0.454833 0.268855 0.722407
v 0.444349 0.269247 0.752831
v 0.195863 0.839139 0.716830
v 0.406802 0.269850 0.804722
v 0.381182 0.270038 0.824195
v 0.321132 0.270152 0.846484
v 0.289010 0.270073 0.848444
v 0.226697 0.269658 0.833618
v 0.174803 0.268960 0.796077
v 0.141228 0.268084 0.741536
v 0.125175 0.278722 0.677916
v 0.140535 0.277868 0.613380
v 0.179426 0.277244 0.559632
v 0.235925 0.276943 0.524856
v 0.301433 0.277013 0.514346
v 0.334460 0.277186 0.518845
v 0.365975 0.277442 0.529702
v 0.419726 0.278166 0.568586
v 0.454503 0.279073 0.625079
v 0.465011 0.280027 0.690580
v 0.449650 0.280881 0.755117
v 0.410760 0.281505 0.808864
v 0.384222 0.281700 0.829035
v 0.288752 0.281736 0.854151
v 0.255725 0.281563 0.849651
v 0.224210 0.281307 0.838794
v 0.195420 0.280976 0.821999
v 0.150289 0.280144 0.773376
v 0.120395 0.288361 0.712143
v 0.118285 0.287869 0.677532
v 0.122968 0.287403 0.643174
v 0.134265 0.286981 0.610390
v 0.151742 0.286619 0.580439
v 0.174726 0.286331 0.554472
v 0.202334 0.286128 0.533488
v 0.233506 0.286018 0.518292
v 0.267044 0.286006 0.509469
v 0.301658 0.286091 0.507358
v 0.336019 0.286270 0.512040
v 0.368806 0.286537 0.523334
v 0.398759 0.286882 0.540807
v 0.424727 0.287290 0.563788
v 0.445712 0.287747 0.591393
v 0.460907 0.288234 0.622562
v 0.469730 0.288734 0.656096
v 0.471840 0.289226 0.690707
v 0.467156 0.289692 0.725065
v 0.455859 0.290114 0.757849
v 0.438383 0.290476 0.787800
v 0.415399 0.290764 0.813766
v 0.387790 0.290967 0.834751
v 0.356618 0.291077 0.849946
v 0.323080 0.291089 0.858769
v 0.288466 0.291004 0.860881
v 0.254105 0.290825 0.856199
v 0.221318 0.290558 0.844905
v 0.191365 0.290213 0.827431
v 0.165397 0.289805 0.804451
v 0.144412 0.289348 0.776846
v 0.129217 0.288861 0.745677
v 0.121944 0.299649 0.711730
v 0.119853 0.299162 0.677434
v 0.124494 0.298700 0.643388
v 0.135689 0.298281 0.610902
v 0.153006 0.297922 0.581223
v 0.175782 0.297637 0.555492
v 0.203139 0.297436 0.534698
v 0.234028 0.297327 0.519641
v 0.267261 0.297315 0.510898
v 0.301561 0.297399 0.508806
v 0.335610 0.297577 0.513445
v 0.368099 0.297842 0.524637
v 0.397779 0.298183 0.541951
v 0.423512 0.298588 0.564723
v 0.444306 0.299040 0.592077
v 0.459363 0.299523 0.622963
v 0.468106 0.300018 0.656192
v 0.470196 0.300506 0.690489
v 0.465555 0.300968 0.724534
v 0.454361 0.301386 0.757021
v 0.437043 0.301745 0.786700
v 0.414268 0.302031 0.812430
v 0.386910 0.302231 0.833224
v 0.356021 0.302340 0.848282
v 0.322788 0.302353 0.857025
v 0.288489 0.302268 0.859117
v 0.254440 0.302090 0.854478
v 0.221951 0.301826 0.843286
v 0.192270 0.301484 0.825971
v 0.166538 0.301080 0.803199
v 0.145744 0.300627 0.775845
v 0.130686 0.300144 0.744960
v 0.136637 0.312065 0.709193
v 0.134724 0.311619 0.677816
v 0.138970 0.311196 0.646668
v 0.149211 0.310813 0.616947
v 0.165055 0.310485 0.589795
v 0.185891 0.310224 0.566254
v 0.210920 0.310040 0.547231
v 0.239180 0.309941 0.533455
v 0.269583 0.309929 0.525456
v 0.300963 0.310006 0.523542
v 0.332114 0.310169 0.527786
v 0.361837 0.310411 0.538026
v 0.388991 0.310723 0.553866
v 0.412533 0.311094 0.574700
v 0.431557 0.311508 0.599725
v 0.445333 0.311950 0.627981
v 0.453331 0.312402 0.658382
v 0.455243 0.312849 0.689759
v 0.450997 0.313271 0.720907
v 0.440756 0.313654 0.750628
v 0.424912 0.313982 0.777780
v 0.404076 0.314243 0.801320
v 0.379047 0.314427 0.820344
v 0.350788 0.314527 0.834120
v 0.320384 0.314538 0.842118
v 0.289004 0.314461 0.844032
v 0.257854 0.314298 0.839788
v 0.385572 0.874684 0.610577
v 0.228130 0.314056 0.829549
v 0.200976 0.313744 0.813708
v 0.177435 0.313374 0.792875
v 0.158410 0.312960 0.767849
v 0.144635 0.312518 0.739593
v 0.151992 0.332947 0.678164
v 0.155778 0.332570 0.650386
v 0.197623 0.331704 0.578672
v 0.272261 0.331441 0.542288
v 0.300246 0.331510 0.540581
v 0.328026 0.331655 0.544366
v 0.354534 0.331871 0.553497
v 0.416711 0.332848 0.608522
v 0.428996 0.333243 0.633721
v 0.434048 0.334421 0.716593
v 0.392203 0.335288 0.788306
v 0.344680 0.335541 0.817557
v 0.235293 0.335121 0.813481
v 0.211076 0.334843 0.799354
v 0.190082 0.334513 0.780775
v 0.176434 0.379384 0.678430
v 0.179569 0.379072 0.655433
v 0.187130 0.378789 0.633489
v 0.214212 0.378354 0.596060
v 0.253557 0.378145 0.571843
v 0.299175 0.378194 0.564524
v 0.322174 0.378314 0.567658
v 0.344120 0.378493 0.575218
v 0.364169 0.378723 0.586914
v 0.395597 0.379302 0.620773
v 0.405768 0.379628 0.641636
v 0.413085 0.380292 0.687249
v 0.409950 0.380604 0.710246
v 0.390691 0.381129 0.752238
v 0.375307 0.381322 0.769618
v 0.335962 0.381531 0.793836
v 0.245399 0.381183 0.790461
v 0.207969 0.380680 0.763383
v 0.193922 0.380374 0.744906
v 0.183751 0.380048 0.724043
v 0.199403 0.439304 0.697272
v 0.198253 0.439036 0.678415
v 0.200805 0.438782 0.659697
v 0.216481 0.438355 0.625519
v 0.244044 0.438087 0.599940
v 0.279298 0.438021 0.586854
v 0.298156 0.438067 0.585704
v 0.316876 0.438165 0.588255
v 0.334738 0.438310 0.594408
v 0.365204 0.438721 0.616447
v 0.376636 0.438969 0.631487
v 0.384915 0.439235 0.648467
v 0.389721 0.439507 0.666737
v 0.390871 0.439775 0.685593
v 0.382165 0.440259 0.722172
v 0.360122 0.440613 0.752636
v 0.345080 0.440724 0.764068
v 0.309826 0.440790 0.777154
v 0.290969 0.440744 0.778304
v 0.272249 0.440646 0.775754
v 0.238068 0.440313 0.760081
v 0.223920 0.440091 0.747561
v 0.204209 0.439576 0.715541
v 0.237684 0.499949 0.620082
v 0.343195 0.500208 0.613647
v 0.351031 0.502037 0.742199
v 0.233291 0.501585 0.737812
v 0.215932 0.553859 0.677479
v 0.218005 0.553652 0.662271
v 0.223006 0.553466 0.647759
v 0.230742 0.553305 0.634501
v 0.253136 0.553088 0.613719
v 0.281780 0.553034 0.603087
v 0.297101 0.553072 0.602153
v 0.312311 0.553151 0.604225
v 0.367592 0.554020 0.653147
v 0.372431 0.554459 0.683311
v 0.370358 0.554666 0.698519
v 0.357622 0.555013 0.726289
v 0.335227 0.555230 0.747071
v 0.321429 0.555279 0.753797
v 0.276052 0.555167 0.756565
v 0.261539 0.555049 0.751566
v 0.220771 0.554298 0.707643
v 0.212537 0.616284 0.692589
v 0.211553 0.616054 0.676451
v 0.213737 0.615837 0.660432
v 0.219004 0.615640 0.645146
v 0.227152 0.615471 0.631182
v 0.237869 0.615337 0.619075
v 0.250741 0.615242 0.609291
v 0.265275 0.615191 0.602206
v 0.280912 0.615185 0.598092
v 0.297051 0.615225 0.597108
v 0.313072 0.615309 0.599291
v 0.328358 0.615433 0.604557
v 0.342324 0.615594 0.612704
v 0.354431 0.615784 0.623418
v 0.364216 0.615997 0.636289
v 0.371301 0.616224 0.650821
v 0.375414 0.616457 0.666457
v 0.376398 0.616687 0.682594
v 0.374214 0.616904 0.698613
v 0.368947 0.617101 0.713899
v 0.360798 0.617270 0.727864
v 0.350082 0.617404 0.739971
v 0.337210 0.617498 0.749754
v 0.322676 0.617550 0.756839
v 0.307039 0.617555 0.760953
v 0.290900 0.617516 0.761937
v 0.274879 0.617432 0.759755
v 0.259592 0.617307 0.754489
v 0.245627 0.617147 0.746342
v 0.233519 0.616957 0.735627
v 0.223735 0.616744 0.722756
v 0.216650 0.616516 0.708224
v 0.197457 0.630109 0.694807
v 0.196291 0.629837 0.675690
v 0.198878 0.629579 0.656714
v 0.205118 0.629346 0.638606
v 0.214770 0.629146 0.622064
v 0.227465 0.628987 0.607722
v 0.242714 0.628875 0.596132
v 0.259931 0.628814 0.587739
v 0.278454 0.628807 0.582865
v 0.297573 0.628855 0.581699
v 0.316551 0.628954 0.584285
v 0.334660 0.629101 0.590523
v 0.351204 0.629291 0.600174
v 0.365546 0.629517 0.612867
v 0.377137 0.629769 0.628114
v 0.385530 0.630038 0.645329
v 0.390402 0.630314 0.663850
v 0.391568 0.630586 0.682967
v 0.388981 0.630844 0.701944
v 0.382741 0.631077 0.720051
v 0.373089 0.631277 0.736594
v 0.360394 0.631436 0.750936
v 0.345145 0.631548 0.762526
v 0.327928 0.631608 0.770919
v 0.309405 0.631615 0.775792
v 0.290286 0.631568 0.776958
v 0.271308 0.631469 0.774372
v 0.253199 0.631322 0.768134
v 0.236655 0.631131 0.758483
v 0.222313 0.630906 0.745790
v 0.210722 0.630654 0.730543
v 0.202329 0.630385 0.713328
v 0.176021 0.641938 0.651110
v 0.195728 0.641401 0.608142
v 0.251728 0.640989 0.565578
v 0.298406 0.641039 0.558089
v 0.382696 0.641861 0.596738
v 0.413518 0.642849 0.659960
v 0.411756 0.643506 0.707197
v 0.392049 0.644043 0.750164
v 0.357398 0.644379 0.782321
v 0.289370 0.644404 0.800217
v 0.243381 0.644098 0.789275
v 0.205080 0.643583 0.761568
v 0.180300 0.642936 0.721314
v 0.159078 0.651349 0.700655
v 0.157450 0.650969 0.673947
v 0.161064 0.650609 0.647435
v 0.169781 0.650283 0.622137
v 0.183267 0.650004 0.599026
v 0.201002 0.649782 0.578989
v 0.222306 0.649625 0.562797
v 0.246360 0.649541 0.551071
v 0.272239 0.649531 0.544263
v 0.298949 0.649597 0.542634
v 0.325463 0.649735 0.546246
v 0.350763 0.649941 0.554961
v 0.373876 0.650207 0.568444
v 0.393914 0.650522 0.586177
v 0.410107 0.650874 0.607479
v 0.421832 0.651250 0.631530
v 0.428640 0.651636 0.657406
v 0.430268 0.652016 0.684113
v 0.426654 0.652376 0.710625
v 0.417937 0.652701 0.735923
v 0.404451 0.652981 0.759035
v 0.386716 0.653203 0.779071
v 0.365412 0.653359 0.795264
v 0.341358 0.653444 0.806989
v 0.315479 0.653454 0.813798
v 0.288769 0.653388 0.815427
v 0.262255 0.653249 0.811814
v 0.236955 0.653043 0.803099
v 0.213842 0.652778 0.789616
v 0.193804 0.652463 0.771883
v 0.177611 0.652110 0.750582
v 0.165886 0.651734 0.726531
v 0.158130 0.659965 0.700681
v 0.156491 0.659582 0.673792
v 0.160130 0.659220 0.647099
v 0.168906 0.658892 0.621629
v 0.182484 0.658611 0.598359
v 0.200340 0.658387 0.578186
v 0.221790 0.658229 0.561883
v 0.246007 0.658144 0.550077
v 0.272063 0.658135 0.543223
v 0.298955 0.658201 0.541583
v 0.325650 0.658340 0.545220
v 0.351122 0.658548 0.553994
v 0.374393 0.658815 0.567569
v 0.394568 0.659132 0.585423
v 0.410871 0.659487 0.606870
v 0.422677 0.659866 0.631085
v 0.429531 0.660254 0.657138
v 0.431170 0.660636 0.684027
v 0.427531 0.660999 0.710720
v 0.418754 0.661327 0.736190
v 0.405177 0.661608 0.759459
v 0.387320 0.661831 0.779633
v 0.365871 0.661989 0.795936
v 0.341653 0.662074 0.807741
v 0.315598 0.662084 0.814596
v 0.288706 0.662018 0.816236
v 0.262011 0.661878 0.812599
v 0.236538 0.661671 0.803824
v 0.213268 0.661403 0.790249
v 0.193093 0.661086 0.772395
v 0.176790 0.660731 0.750949
v 0.164984 0.660353 0.726734
v 0.168479 0.667814 0.698907
v 0.166966 0.667461 0.674073
v 0.170326 0.667126 0.649421
v 0.178432 0.666823 0.625898
v 0.190971 0.666563 0.604408
v 0.207462 0.666357 0.585777
v 0.227272 0.666211 0.570721
v 0.249638 0.666133 0.559818
v 0.273701 0.666124 0.553487
v 0.298537 0.666185 0.551972
v 0.323191 0.666313 0.555331
v 0.346716 0.666505 0.563435
v 0.368207 0.666752 0.575972
v 0.386840 0.667045 0.592461
v 0.401896 0.667373 0.612268
v 0.412799 0.667722 0.634631
v 0.419129 0.668081 0.658692
v 0.420643 0.668434 0.683526
v 0.417283 0.668769 0.708178
v 0.409177 0.669072 0.731701
v 0.396638 0.669331 0.753191
v 0.380147 0.669538 0.771822
v 0.360337 0.669683 0.786878
v 0.337971 0.669762 0.797781
v 0.313908 0.669771 0.804112
v 0.289072 0.669710 0.805627
v 0.264418 0.669581 0.802268
v 0.240893 0.669390 0.794164
v 0.219401 0.669142 0.781627
v 0.177586 0.894972 0.679211
v 0.200769 0.668850 0.765138
v 0.185712 0.668522 0.745331
v 0.174809 0.668172 0.722968
v 0.319425 0.670289 0.571051
v 0.369104 0.673102 0.759885
v 0.247640 0.672972 0.779373
v 0.194477 0.673977 0.694646
v 0.193277 0.673697 0.674968
v 0.195940 0.673432 0.655434
v 0.202363 0.673192 0.636795
v 0.212299 0.672986 0.619766
v 0.225367 0.672822 0.605003
v 0.241064 0.672707 0.593072
v 0.258786 0.672644 0.584432
v 0.277854 0.672637 0.579416
v 0.297534 0.672686 0.578216
v 0.317070 0.672788 0.580877
v 0.335711 0.672940 0.587299
v 0.352741 0.673135 0.597233
v 0.367505 0.673368 0.610299
v 0.379436 0.673627 0.625994
v 0.388076 0.673904 0.643715
v 0.393091 0.674188 0.662781
v 0.394291 0.674468 0.682459
v 0.391628 0.674733 0.701993
v 0.385205 0.674973 0.720632
v 0.375269 0.675179 0.737661
v 0.362201 0.675343 0.752424
v 0.346505 0.675458 0.764355
v 0.328782 0.675520 0.772995
v 0.309714 0.675528 0.778011
v 0.290034 0.675479 0.779211
v 0.270498 0.675377 0.776550
v 0.251857 0.675225 0.770128
v 0.234827 0.675030 0.760194
v 0.220063 0.674797 0.747128
v 0.208132 0.674538 0.731433
v 0.199493 0.674261 0.713712
v 0.189140 0.682462 0.695379
v 0.187876 0.682167 0.674649
v 0.190681 0.681888 0.654070
v 0.197447 0.681635 0.634434
v 0.207915 0.681418 0.616495
v 0.221681 0.681246 0.600943
v 0.238217 0.681124 0.588374
v 0.256887 0.681058 0.579273
v 0.276975 0.681051 0.573988
v 0.297707 0.681102 0.572724
v 0.318287 0.681209 0.575528
v 0.337924 0.681369 0.582293
v 0.355865 0.681576 0.592758
v 0.371418 0.681820 0.606523
v 0.383987 0.682094 0.623056
v 0.393088 0.682386 0.641725
v 0.398372 0.682685 0.661810
v 0.399636 0.682980 0.682540
v 0.396831 0.683259 0.703118
v 0.390065 0.683512 0.722754
v 0.379597 0.683729 0.740693
v 0.365831 0.683901 0.756246
v 0.349295 0.684022 0.768814
v 0.330625 0.684088 0.777916
v 0.310537 0.684096 0.783200
v 0.289805 0.684045 0.784465
v 0.269225 0.683937 0.781661
v 0.249587 0.683777 0.774896
v 0.231647 0.683571 0.764430
v 0.216094 0.683326 0.750666
v 0.203525 0.683053 0.734132
v 0.194424 0.682761 0.715464
v 0.187317 0.693134 0.695516
v 0.186031 0.692834 0.674432
v 0.188884 0.692550 0.653502
v 0.195766 0.692293 0.633530
v 0.206413 0.692072 0.615285
v 0.220414 0.691897 0.599466
v 0.237233 0.691773 0.586683
v 0.256222 0.691706 0.577426
v 0.276652 0.691699 0.572052
v 0.297739 0.691751 0.570765
v 0.318671 0.691860 0.573617
v 0.338644 0.692023 0.580498
v 0.356890 0.692232 0.591142
v 0.372710 0.692481 0.605141
v 0.385493 0.692759 0.621958
v 0.394750 0.693056 0.640945
v 0.400124 0.693361 0.661373
v 0.401410 0.693660 0.682458
v 0.398557 0.693944 0.703388
v 0.391675 0.694202 0.723359
v 0.381028 0.694422 0.741605
v 0.367027 0.694598 0.757423
v 0.350208 0.694721 0.770206
v 0.331219 0.694788 0.779463
v 0.310789 0.694796 0.784838
v 0.289702 0.694744 0.786124
v 0.268770 0.694634 0.783272
v 0.248797 0.694472 0.776392
v 0.230551 0.694262 0.765747
v 0.214731 0.694013 0.751748
v 0.201948 0.693735 0.734932
v 0.192691 0.693438 0.715944
v 0.191149 0.704009 0.694743
v 0.189911 0.703720 0.674425
v 0.192660 0.703446 0.654256
v 0.199292 0.703199 0.635011
v 0.209551 0.702986 0.617429
v 0.223043 0.702817 0.602186
v 0.239250 0.702698 0.589867
v 0.257549 0.702634 0.580947
v 0.277237 0.702626 0.575767
v 0.297557 0.702676 0.574528
v 0.317727 0.702782 0.577276
v 0.336974 0.702938 0.583906
v 0.354558 0.703140 0.594164
v 0.369802 0.703380 0.607654
v 0.382120 0.703648 0.623859
v 0.391041 0.703934 0.642156
v 0.396220 0.704228 0.661842
v 0.397458 0.704517 0.682159
v 0.394709 0.704790 0.702328
v 0.388077 0.705038 0.721574
v 0.377818 0.705251 0.739156
v 0.364326 0.705420 0.754399
v 0.348119 0.705539 0.766717
v 0.329820 0.705603 0.775638
v 0.310132 0.705610 0.780817
v 0.289812 0.705561 0.782057
v 0.269642 0.705455 0.779308
v 0.250395 0.705298 0.772678
v 0.232811 0.705096 0.762421
v 0.217567 0.704857 0.748930
v 0.205249 0.704588 0.732725
v 0.196328 0.704302 0.714429
v 0.198341 0.709734 0.674656
v 0.216382 0.709059 0.622301
v 0.228776 0.708904 0.608299
v 0.169780 0.921258 0.689508
v 0.297222 0.708775 0.582893
v 0.315750 0.708872 0.585418
v 0.374900 0.709668 0.628208
v 0.383093 0.709931 0.645015
v 0.386463 0.710717 0.700287
v 0.380371 0.710945 0.717966
v 0.326857 0.711463 0.767627
v 0.308773 0.711470 0.772385
v 0.237748 0.710998 0.755487
v 0.223746 0.710778 0.743095
v 0.209188 0.713187 0.691716
v 0.208168 0.712949 0.674978
v 0.210433 0.712723 0.658364
v 0.215896 0.712519 0.642510
v 0.224347 0.712344 0.628026
v 0.235462 0.712205 0.615469
v 0.248813 0.712107 0.605321
v 0.263887 0.712054 0.597973
v 0.280105 0.712048 0.593706
v 0.296844 0.712089 0.592685
v 0.313460 0.712176 0.594949
v 0.329315 0.712305 0.600411
v 0.343800 0.712471 0.608861
v 0.356358 0.712669 0.619974
v 0.366506 0.712890 0.633323
v 0.373854 0.713125 0.648396
v 0.378120 0.713367 0.664612
v 0.379141 0.713605 0.681349
v 0.376876 0.713830 0.697964
v 0.371413 0.714035 0.713818
v 0.362961 0.714210 0.728302
v 0.351847 0.714349 0.740859
v 0.338496 0.714447 0.751006
v 0.323421 0.714500 0.758355
v 0.307203 0.714506 0.762622
v 0.290464 0.714465 0.763642
v 0.273848 0.714378 0.761379
v 0.257993 0.714249 0.755917
v 0.243508 0.714082 0.747467
v 0.230951 0.713885 0.736354
v 0.220803 0.713664 0.723005
v 0.213454 0.713428 0.707932
v 0.203972 0.721539 0.692431
v 0.202889 0.721286 0.674666
v 0.211092 0.720830 0.640203
v 0.231860 0.720496 0.611501
v 0.246031 0.720392 0.600730
v 0.262031 0.720336 0.592930
v 0.297012 0.720373 0.587318
v 0.314649 0.720465 0.589721
v 0.346852 0.720779 0.604487
v 0.370953 0.721223 0.630452
v 0.378752 0.721473 0.646450
v 0.383281 0.721730 0.663662
v 0.384364 0.721982 0.681428
v 0.376161 0.722438 0.715891
v 0.367191 0.722624 0.731264
v 0.355393 0.722772 0.744592
v 0.341222 0.722876 0.755363
v 0.308008 0.722939 0.767692
v 0.290241 0.722895 0.768775
v 0.272604 0.722803 0.766373
v 0.255775 0.722666 0.760575
v 0.227072 0.722279 0.739811
v 0.208501 0.721795 0.709643
v 0.201336 0.728151 0.692757
v 0.200221 0.727891 0.674474
v 0.202696 0.727645 0.656325
v 0.208663 0.727422 0.639006
v 0.217895 0.727230 0.623185
v 0.230037 0.727078 0.609468
v 0.244621 0.726971 0.598383
v 0.261088 0.726913 0.590355
v 0.278804 0.726907 0.585695
v 0.297089 0.726952 0.584579
v 0.315240 0.727046 0.587052
v 0.332560 0.727187 0.593019
v 0.348383 0.727369 0.602249
v 0.362100 0.727585 0.614389
v 0.373186 0.727826 0.628971
v 0.381213 0.728084 0.645436
v 0.385873 0.728348 0.663150
v 0.386988 0.728608 0.681434
v 0.384513 0.728854 0.699583
v 0.378546 0.729077 0.716902
v 0.369314 0.729268 0.732723
v 0.357172 0.729420 0.746440
v 0.342588 0.729527 0.757525
v 0.326122 0.729585 0.765552
v 0.308405 0.729592 0.770213
v 0.290120 0.729547 0.771328
v 0.271969 0.729452 0.768855
v 0.254649 0.729311 0.762889
v 0.238827 0.729129 0.753659
v 0.225109 0.728914 0.741519
v 0.214024 0.728672 0.726937
v 0.205996 0.728415 0.710472
v 0.202141 0.735278 0.692525
v 0.201037 0.735021 0.674406
v 0.203488 0.734777 0.656419
v 0.209402 0.734556 0.639256
v 0.218551 0.734366 0.623576
v 0.230584 0.734215 0.609983
v 0.245037 0.734109 0.598997
v 0.261356 0.734052 0.591042
v 0.278913 0.734045 0.586423
v 0.297034 0.734090 0.585318
v 0.315022 0.734184 0.587769
v 0.332186 0.734324 0.593682
v 0.347867 0.734504 0.602829
v 0.361461 0.734718 0.614860
v 0.372447 0.734957 0.629311
v 0.380402 0.735212 0.645628
v 0.385021 0.735473 0.663183
v 0.386125 0.735731 0.681302
v 0.383673 0.735975 0.699289
v 0.377759 0.736196 0.716452
v 0.368610 0.736386 0.732131
v 0.356578 0.736536 0.745725
v 0.342125 0.736642 0.756711
v 0.325806 0.736700 0.764666
v 0.308249 0.736706 0.769285
v 0.290128 0.736662 0.770390
v 0.272140 0.736568 0.767939
v 0.254975 0.736428 0.762026
v 0.239295 0.736248 0.752879
v 0.225700 0.736034 0.740848
v 0.214715 0.735795 0.726397
v 0.206760 0.735540 0.710080
v 0.208058 0.742680 0.691468
v 0.207026 0.742439 0.674526
v 0.209318 0.742210 0.657708
v 0.214848 0.742004 0.641660
v 0.223402 0.741826 0.627000
v 0.234653 0.741686 0.614289
v 0.248167 0.741586 0.604018
v 0.263425 0.741533 0.596580
v 0.279842 0.741526 0.592261
v 0.296785 0.741568 0.591227
v 0.313604 0.741656 0.593519
v 0.329653 0.741787 0.599047
v 0.344315 0.741955 0.607601
v 0.357026 0.742155 0.618849
v 0.367298 0.742379 0.632362
v 0.374736 0.742617 0.647618
v 0.379054 0.742862 0.664033
v 0.380087 0.743103 0.680975
v 0.377795 0.743331 0.697792
v 0.372265 0.743538 0.713840
v 0.363710 0.743715 0.728501
v 0.352460 0.743856 0.741211
v 0.338946 0.743955 0.751483
v 0.323687 0.744009 0.758921
v 0.307271 0.744015 0.763240
v 0.290328 0.743973 0.764273
v 0.273508 0.743885 0.761982
v 0.257460 0.743755 0.756453
v 0.242798 0.743586 0.747900
v 0.230087 0.743386 0.736651
v 0.219815 0.743163 0.723139
v 0.212377 0.742924 0.707882
v 0.217163 0.749918 0.689902
v 0.216240 0.749703 0.674769
v 0.218288 0.749499 0.659747
v 0.223227 0.749314 0.645412
v 0.230869 0.749156 0.632317
v 0.240918 0.749030 0.620963
v 0.252989 0.748941 0.611789
v 0.266618 0.748893 0.605145
v 0.281282 0.748888 0.601287
v 0.296416 0.748925 0.600364
v 0.311440 0.749004 0.602411
v 0.325775 0.749120 0.607349
v 0.338872 0.749271 0.614989
v 0.350226 0.749449 0.625037
v 0.359401 0.749649 0.637106
v 0.366045 0.749862 0.650734
v 0.369902 0.750081 0.665396
v 0.370825 0.750296 0.680529
v 0.368777 0.750500 0.695551
v 0.363838 0.750684 0.709886
v 0.356196 0.750843 0.722981
v 0.346147 0.750968 0.734334
v 0.334076 0.751057 0.743509
v 0.320446 0.751105 0.750153
v 0.305783 0.751110 0.754011
v 0.290648 0.751073 0.754934
v 0.275625 0.750995 0.752887
v 0.261289 0.750878 0.747949
v 0.248193 0.750727 0.740309
v 0.236839 0.750549 0.730261
v 0.227664 0.750349 0.718192
v 0.221020 0.750136 0.704564
v 0.197640 0.789810 0.654299
v 0.203926 0.789576 0.636056
v 0.213650 0.789374 0.619391
v 0.226439 0.789214 0.604942
v 0.241802 0.789101 0.593266
v 0.259147 0.789040 0.584810
v 0.316188 0.789180 0.581331
v 0.390589 0.790551 0.661488
v 0.391763 0.790825 0.680747
v 0.360357 0.791681 0.749221
v 0.289728 0.791814 0.775437
v 0.270609 0.791714 0.772832
v 0.235698 0.791374 0.756825
v 0.221249 0.791147 0.744038
v 0.201117 0.790622 0.711334
v 0.186034 0.835823 0.693483
v 0.386751 0.836067 0.618880
v 0.195063 0.834769 0.714403
v 0.376792 0.892830 0.765873
v 0.163524 0.940954 0.695726
v 0.173798 0.939931 0.620358
v 0.186742 0.939663 0.598174
v 0.203766 0.939449 0.578941
v 0.224216 0.939299 0.563398
v 0.247305 0.939218 0.552142
v 0.272146 0.939209 0.545607
v 0.297785 0.939272 0.544043
v 0.323236 0.939405 0.547511
v 0.347521 0.939603 0.555877
v 0.404484 0.940498 0.606288
v 0.399056 0.942520 0.751765
v 0.361582 0.942884 0.786541
v 0.338493 0.942965 0.797797
v 0.313652 0.942974 0.804332
v 0.288013 0.942911 0.805896
v 0.262562 0.942778 0.802428
v 0.238277 0.942580 0.794062
v 0.216091 0.942325 0.781120
v 0.196857 0.942023 0.764098
v 0.181314 0.941685 0.743651
v 0.170058 0.941324 0.720565
v 0.166280 0.986847 0.694616
v 0.164752 0.986490 0.669556
v 0.176323 0.985847 0.620942
v 0.188976 0.985585 0.599257
v 0.205618 0.985377 0.580456
v 0.225608 0.985230 0.565262
v 0.248178 0.985150 0.554260
v 0.272460 0.985141 0.547871
v 0.297523 0.985203 0.546343
v 0.322402 0.985333 0.549732
v 0.386630 0.986071 0.587201
v 0.401824 0.986402 0.607188
v 0.409171 0.988116 0.727709
v 0.396517 0.988378 0.749395
v 0.379876 0.988587 0.768196
v 0.359886 0.988733 0.783390
v 0.337316 0.988813 0.794392
v 0.313033 0.988822 0.800781
v 0.287971 0.988760 0.802309
v 0.263092 0.988630 0.798920
v 0.239353 0.988437 0.790742
v 0.217666 0.988188 0.778090
v 0.198864 0.987892 0.761451
v 0.183670 0.987561 0.741464
v 0.172667 0.987209 0.718897
v 0.181502 1.024800 0.691622
v 0.180159 1.024487 0.669603
v 0.183979 1.023708 0.648199
v 0.202061 1.022623 0.607839
v 0.216066 1.023508 0.591316
v 0.233630 1.023379 0.577966
v 0.253461 1.023309 0.568299
v 0.274797 1.023301 0.562686
v 0.296817 1.023356 0.561343
v 0.318604 1.023287 0.564495
v 0.375111 1.024119 0.597242
v 0.388461 1.024409 0.614804
v 0.394916 1.025915 0.720699
v 0.383798 1.026146 0.739753
v 0.369176 1.026329 0.756272
v 0.351612 1.026458 0.769622
v 0.331781 1.026528 0.779289
v 0.310446 1.026536 0.784902
v 0.288425 1.026481 0.786245
v 0.266565 1.026367 0.783267
v 0.245707 1.026197 0.776082
v 0.226652 1.025978 0.764966
v 0.210131 1.025718 0.750346
v 0.196781 1.025428 0.732784
v 0.187114 1.025118 0.712956
v 0.215450 1.053389 0.685760
v 0.214519 1.053171 0.670487
v 0.216585 1.052966 0.655325
v 0.221570 1.052779 0.640859
v 0.229282 1.052620 0.627642
v 0.239425 1.052492 0.616183
v 0.280163 1.052349 0.596325
v 0.310600 1.052466 0.597459
v 0.338285 1.052736 0.610153
v 0.349744 1.052916 0.620294
v 0.359005 1.053118 0.632476
v 0.363482 1.054162 0.705929
v 0.345628 1.054449 0.730604
v 0.333445 1.054538 0.739864
v 0.319690 1.054587 0.746569
v 0.304890 1.054592 0.750463
v 0.289616 1.054555 0.751394
v 0.274453 1.054476 0.749328
v 0.259985 1.054358 0.744344
v 0.246767 1.054206 0.736634
v 0.235308 1.054026 0.726493
v 0.226048 1.053824 0.714312
v 0.219343 1.053609 0.700558
v 0.276423 1.066619 0.629941
v 0.311718 1.066755 0.631256
v 0.331781 1.067070 0.649010
v 0.316671 1.067910 0.712495
v 0.263231 1.071709 0.677828
v 0.262878 1.071626 0.672035
v 0.263662 1.071548 0.666284
v 0.265552 1.071478 0.660797
v 0.268478 1.071417 0.655784
v 0.272325 1.071369 0.651438
v 0.276946 1.071335 0.647925
v 0.287776 1.071314 0.643905
v 0.299321 1.071359 0.644336
v 0.304809 1.071404 0.646226
v 0.309822 1.071461 0.649151
v 0.314169 1.071529 0.652997
v 0.317681 1.071606 0.657617
v 0.320224 1.071687 0.662834
v 0.321270 1.071931 0.679991
v 0.319379 1.072002 0.685478
v 0.316454 1.072063 0.690491
v 0.312607 1.072111 0.694837
v 0.307986 1.072145 0.698349
v 0.302769 1.072163 0.700893
v 0.297155 1.072165 0.702370
v 0.291362 1.072151 0.702723
v 0.285611 1.072121 0.701939
v 0.280123 1.072076 0.700049
v 0.275110 1.072019 0.697124
v 0.270763 1.071950 0.693278
v 0.267251 1.071874 0.688658
v 0.264707 1.071792 0.683441
v 0.264791 1.077580 0.677492
v 0.264457 1.077502 0.672012
v 0.265198 1.077429 0.666572
v 0.266987 1.077362 0.661381
v 0.269754 1.077304 0.656639
v 0.273393 1.077259 0.652528
v 0.277765 1.077227 0.649205
v 0.288010 1.077207 0.645402
v 0.298931 1.077249 0.645809
v 0.304122 1.077292 0.647598
v 0.308865 1.077346 0.650364
v 0.312977 1.077411 0.654003
v 0.316299 1.077483 0.658374
v 0.317906 1.077858 0.684729
v 0.315139 1.077915 0.689471
v 0.311500 1.077961 0.693582
v 0.307128 1.077993 0.696905
v 0.302193 1.078010 0.699311
v 0.296883 1.078012 0.700708
v 0.291402 1.077999 0.701042
v 0.285962 1.077970 0.700301
v 0.280770 1.077928 0.698513
v 0.276028 1.077874 0.695746
v 0.271916 1.077809 0.692107
v 0.268594 1.077737 0.687737
v 0.266188 1.077659 0.682802
v 0.259241 1.086527 0.678252
v 0.259730 1.086345 0.665153
v 0.261876 1.086265 0.658926
v 0.269561 1.086142 0.648305
v 0.274805 1.086103 0.644320
v 0.306423 1.086181 0.642391
v 0.317044 1.086324 0.650075
v 0.321030 1.086411 0.655318
v 0.322957 1.086860 0.686933
v 0.315273 1.086984 0.697554
v 0.310029 1.087022 0.701540
v 0.304108 1.087043 0.704426
v 0.291164 1.087029 0.706502
v 0.278410 1.086944 0.703468
v 0.272721 1.086879 0.700149
v 0.267789 1.086802 0.695785
v 0.260917 1.086622 0.684622
v 0.253620 1.096640 0.679007
v 0.220429 1.023350 0.605175
v 0.253152 1.096531 0.671326
v 0.254192 1.096427 0.663701
v 0.256699 1.096334 0.656425
v 0.260577 1.096253 0.649779
v 0.265678 1.096189 0.644016
v 0.271805 1.096144 0.639359
v 0.308749 1.096235 0.637106
v 0.315396 1.096312 0.640984
v 0.321159 1.096402 0.646083
v 0.325816 1.096504 0.652210
v 0.328068 1.097029 0.689150
v 0.324189 1.097109 0.695797
v 0.319089 1.097173 0.701559
v 0.312962 1.097218 0.706216
v 0.306044 1.097243 0.709589
v 0.298601 1.097245 0.711547
v 0.290919 1.097227 0.712015
v 0.283294 1.097187 0.710976
v 0.276018 1.097127 0.708470
v 0.269370 1.097051 0.704592
v 0.263608 1.096960 0.699492
v 0.258951 1.096859 0.693366
v 0.255578 1.096751 0.686449
v 0.252053 1.107653 0.679092
v 0.251568 1.107535 0.671102
v 0.252641 1.107423 0.663174
v 0.255234 1.107318 0.655616
v 0.259263 1.107242 0.648717
v 0.264570 1.107183 0.642729
v 0.270943 1.107145 0.637879
v 0.285883 1.107132 0.632310
v 0.301814 1.107196 0.632890
v 0.309386 1.107263 0.635485
v 0.316303 1.107347 0.639520
v 0.322305 1.107446 0.644828
v 0.327163 1.107559 0.651203
v 0.329483 1.108064 0.689660
v 0.325448 1.108154 0.696569
v 0.320145 1.108235 0.702572
v 0.313768 1.108287 0.707422
v 0.306564 1.108312 0.710932
v 0.298813 1.108310 0.712965
v 0.290813 1.108279 0.713441
v 0.282877 1.108237 0.712370
v 0.275315 1.108169 0.709770
v 0.268429 1.108069 0.705719
v 0.262458 1.107965 0.700397
v 0.257614 1.107867 0.694023
v 0.254093 1.107767 0.686832
v 0.254803 1.119031 0.678343
v 0.254313 1.118838 0.670785
v 0.255184 1.118599 0.663359
v 0.257387 1.118361 0.656461
v 0.261146 1.118459 0.650280
v 0.266191 1.118573 0.644761
v 0.272240 1.118658 0.640170
v 0.301416 1.118626 0.635178
v 0.308409 1.118580 0.637419
v 0.314715 1.118792 0.641210
v 0.320329 1.119036 0.646259
v 0.324944 1.119228 0.652296
v 0.330211 1.119431 0.666475
v 0.330656 1.119455 0.674067
v 0.327326 1.119221 0.688523
v 0.318518 1.119657 0.700331
v 0.312449 1.119776 0.704893
v 0.305590 1.119828 0.708222
v 0.298220 1.119799 0.710154
v 0.290624 1.119667 0.710612
v 0.283160 1.119498 0.709743
v 0.276230 1.119288 0.707504
v 0.264643 1.119211 0.698538
v 0.260109 1.119190 0.692481
v 0.256750 1.119153 0.685677
v 0.259818 1.127377 0.669531
v 0.260447 1.124770 0.657786
v 0.263968 1.126368 0.654206
v 0.274677 1.127933 0.645545
v 0.306967 1.125297 0.640558
v 0.310779 1.126922 0.644155
v 0.315532 1.127917 0.649040
v 0.319660 1.128457 0.654715
v 0.324160 1.125836 0.686953
v 0.320578 1.127441 0.690581
v 0.315704 1.128319 0.695087
v 0.303393 1.128938 0.702184
v 0.296466 1.128815 0.704125
v 0.289402 1.128289 0.704839
v 0.277572 1.125710 0.704254
v 0.273914 1.127115 0.700632
v 0.269398 1.127812 0.695678
v 0.262346 1.128175 0.683475
v 0.265698 1.133299 0.666923
v 0.266699 1.134515 0.674018
v 0.268726 1.134856 0.680991
v 0.271745 1.134561 0.687594
v 0.275561 1.133619 0.693642
v 0.270715 1.133298 0.656185
v 0.273357 1.137863 0.670828
v 0.275732 1.138341 0.678333
v 0.278842 1.138040 0.685573
v 0.286433 1.133940 0.698509
v 0.276909 1.134567 0.652413
v 0.278765 1.137887 0.659738
v 0.283702 1.139956 0.675350
v 0.290169 1.138339 0.690448
v 0.293583 1.135199 0.697289
v 0.283743 1.135031 0.649339
v 0.289276 1.139885 0.664196
v 0.295203 1.140128 0.680164
v 0.300756 1.135586 0.695116
v 0.290903 1.134713 0.647172
v 0.294327 1.137895 0.653957
v 0.300778 1.139924 0.669012
v 0.305732 1.138348 0.684675
v 0.307609 1.135268 0.692064
v 0.298041 1.133580 0.645997
v 0.301978 1.136467 0.652144
v 0.305667 1.137815 0.658834
v 0.311147 1.138064 0.673586
v 0.313799 1.134231 0.688341
v 0.309058 1.133502 0.650909
v 0.312906 1.134599 0.656898
v 0.315902 1.135010 0.663473
v 0.317916 1.134867 0.670424
v 0.318909 1.134072 0.677494
v 0.365825 0.768063 0.729748
v 0.217427 0.767493 0.724218
v 0.209756 0.767247 0.708484
v 0.340286 0.768311 0.753449
v 0.324550 0.768366 0.761120
v 0.307620 0.768372 0.765574
v 0.279332 0.765806 0.589245
v 0.272800 0.768239 0.764277
v 0.256249 0.768104 0.758575
v 0.205302 0.766995 0.691556
v 0.204237 0.766747 0.674084
v 0.296806 0.765849 0.588179
v 0.314151 0.765940 0.590542
v 0.241129 0.767930 0.749754
v 0.330702 0.766075 0.596244
v 0.345823 0.766248 0.605064
v 0.374647 0.767880 0.714629
v 0.221126 0.766115 0.625071
v 0.358932 0.766455 0.616665
v 0.369525 0.766685 0.630600
v 0.377196 0.766931 0.646334
v 0.380350 0.767667 0.698079
v 0.229524 0.717553 0.737615
v 0.219147 0.717327 0.723965
v 0.378741 0.717497 0.698359
v 0.373154 0.717706 0.714571
v 0.214130 0.716157 0.641654
v 0.222772 0.715978 0.626844
v 0.364512 0.717885 0.729381
v 0.353147 0.718028 0.742222
v 0.324081 0.718182 0.760112
v 0.247789 0.715735 0.603627
v 0.307497 0.718188 0.764475
v 0.290380 0.718146 0.765519
v 0.263203 0.715681 0.596113
v 0.273389 0.718057 0.763204
v 0.257177 0.717925 0.757619
v 0.207271 0.716839 0.691970
v 0.206228 0.716596 0.674855
v 0.296904 0.715717 0.590706
v 0.313895 0.715805 0.593021
v 0.344919 0.716108 0.607246
v 0.357760 0.716310 0.618610
v 0.375651 0.716776 0.647673
v 0.380013 0.717023 0.664255
v 0.377400 0.711662 0.647102
v 0.204398 0.711477 0.674858
v 0.228187 0.712455 0.738944
v 0.380555 0.712398 0.698859
v 0.221292 0.710846 0.625832
v 0.324741 0.713097 0.761916
v 0.296990 0.710580 0.588931
v 0.362326 0.746088 0.635363
v 0.214972 0.745931 0.659004
v 0.373292 0.746539 0.664904
v 0.374255 0.746764 0.680706
v 0.234344 0.747028 0.732638
v 0.366959 0.747169 0.711361
v 0.220130 0.745738 0.644036
v 0.228109 0.745573 0.630362
v 0.358980 0.747334 0.725036
v 0.217825 0.746597 0.705804
v 0.335881 0.747559 0.746472
v 0.251208 0.745349 0.608925
v 0.306336 0.747614 0.757438
v 0.290533 0.747575 0.758402
v 0.265440 0.745299 0.601988
v 0.280752 0.745293 0.597959
v 0.259875 0.747372 0.751108
v 0.213797 0.746369 0.690493
v 0.312244 0.745414 0.599133
v 0.246200 0.747214 0.743130
v 0.327213 0.745536 0.604289
v 0.352745 0.745880 0.622759
v 0.223593 0.757417 0.720584
v 0.237662 0.756017 0.617382
v 0.306512 0.758225 0.758604
v 0.264941 0.755872 0.600591
v 0.296570 0.755906 0.595516
v 0.327733 0.756113 0.602931
v 0.368134 0.757773 0.711767
v 0.353686 0.756462 0.621705
v 0.370477 0.756900 0.648982
v 0.375550 0.757361 0.680607
v 0.349356 0.758074 0.737719
v 0.216541 0.757191 0.706119
v 0.322077 0.758219 0.754509
v 0.290448 0.758186 0.759584
v 0.280506 0.755866 0.596496
v 0.259285 0.757978 0.752170
v 0.211468 0.756731 0.674493
v 0.233332 0.757629 0.733395
v 0.218884 0.756319 0.643333
v 0.363425 0.756674 0.634516
v 0.277372 0.671366 0.576401
v 0.397365 0.673253 0.682590
v 0.394620 0.673526 0.702721
v 0.289923 0.674294 0.782298
v 0.317785 0.671521 0.577907
v 0.336996 0.671677 0.584524
v 0.196617 0.673039 0.714798
v 0.369761 0.672118 0.608227
v 0.250581 0.674033 0.772937
v 0.390959 0.672671 0.642663
v 0.190212 0.672458 0.674871
v 0.217816 0.673592 0.749234
v 0.199575 0.671937 0.635532
v 0.209815 0.671725 0.617983
v 0.377762 0.673985 0.739478
v 0.364295 0.674154 0.754693
v 0.329855 0.674337 0.775891
v 0.239458 0.671437 0.590474
v 0.381201 0.676914 0.624854
v 0.390020 0.677197 0.642943
v 0.191182 0.676985 0.674844
v 0.395140 0.677487 0.662404
v 0.206345 0.677844 0.732480
v 0.393646 0.678043 0.702429
v 0.200456 0.676470 0.635879
v 0.210598 0.676259 0.618497
v 0.376948 0.678498 0.738837
v 0.363609 0.678665 0.753907
v 0.197526 0.677561 0.714392
v 0.329497 0.678847 0.774903
v 0.239959 0.675975 0.591250
v 0.289945 0.678805 0.781249
v 0.258050 0.675911 0.582431
v 0.270004 0.678700 0.778532
v 0.250977 0.678545 0.771978
v 0.297601 0.675953 0.576085
v 0.233594 0.678346 0.761837
v 0.336570 0.676212 0.585357
v 0.353953 0.676412 0.595497
v 0.296975 0.591801 0.601548
v 0.312197 0.591881 0.603622
v 0.248117 0.593627 0.743338
v 0.217817 0.592382 0.661714
v 0.222822 0.592195 0.647190
v 0.326721 0.591999 0.608625
v 0.339990 0.592151 0.616366
v 0.365285 0.593584 0.712513
v 0.357543 0.593744 0.725781
v 0.230564 0.592035 0.633922
v 0.240745 0.591907 0.622419
v 0.351494 0.592332 0.626546
v 0.360790 0.592535 0.638775
v 0.347361 0.593871 0.737284
v 0.335131 0.593961 0.746580
v 0.252976 0.591818 0.613124
v 0.321322 0.594010 0.753312
v 0.306465 0.594015 0.757220
v 0.372364 0.593190 0.682770
v 0.370289 0.593396 0.697990
v 0.291131 0.593978 0.758156
v 0.275910 0.593898 0.756082
v 0.220585 0.593028 0.707121
v 0.261385 0.593780 0.751078
v 0.381764 0.276371 0.825087
v 0.352634 0.276474 0.839287
v 0.182656 0.272038 0.563167
v 0.208456 0.271849 0.543557
v 0.321293 0.276485 0.847532
v 0.288946 0.276406 0.849505
v 0.237586 0.271746 0.529357
v 0.268927 0.271735 0.521112
v 0.256836 0.276238 0.845130
v 0.226197 0.275988 0.834576
v 0.131883 0.273936 0.710510
v 0.129912 0.273476 0.678166
v 0.301274 0.271814 0.519139
v 0.333384 0.271982 0.523514
v 0.198206 0.275667 0.818247
v 0.173938 0.275285 0.796771
v 0.134288 0.273040 0.646059
v 0.144846 0.272646 0.615422
v 0.364024 0.272232 0.534068
v 0.392015 0.272553 0.550397
v 0.445374 0.275574 0.753222
v 0.429043 0.275913 0.781211
v 0.161177 0.272307 0.587433
v 0.416282 0.272935 0.571872
v 0.435892 0.273362 0.597669
v 0.407564 0.276182 0.805477
v 0.450092 0.273817 0.626796
v 0.458337 0.274284 0.658134
v 0.460308 0.274744 0.690478
v 0.455932 0.275180 0.722585
v 0.140128 0.274403 0.741848
v 0.154328 0.274858 0.770974
v 0.079059 0.058112 0.722125
v 0.078740 0.063192 0.722103
v 0.076117 0.062580 0.679090
v 0.076441 0.057501 0.679173
v 0.082253 0.056923 0.636534
v 0.081938 0.062000 0.636391
v 0.095977 0.061476 0.595649
v 0.096273 0.056399 0.595848
v 0.117962 0.055950 0.558678
v 0.117696 0.061026 0.558427
v 0.146260 0.060668 0.526157
v 0.146485 0.055592 0.526453
v 0.180748 0.055341 0.500411
v 0.180570 0.060416 0.500078
v 0.219310 0.060280 0.481194
v 0.219433 0.055204 0.481553
v 0.261054 0.055189 0.470603
v 0.304006 0.060370 0.467605
v 0.304011 0.055295 0.467983
v 0.346654 0.055517 0.473793
v 0.346708 0.060593 0.473423
v 0.387454 0.060925 0.487459
v 0.387343 0.055849 0.487810
v 0.424515 0.056276 0.509494
v 0.424678 0.061353 0.509175
v 0.456950 0.061860 0.537734
v 0.456742 0.056783 0.538014
v 0.482785 0.057350 0.572272
v 0.483029 0.062428 0.572040
v 0.501913 0.063033 0.610775
v 0.501643 0.057954 0.610953
v 0.512591 0.058574 0.652569
v 0.512877 0.063654 0.652449
v 0.515499 0.064266 0.695463
v 0.515210 0.059185 0.695522
v 0.509397 0.059764 0.738161
v 0.509679 0.064845 0.738161
v 0.495377 0.060288 0.778847
v 0.473689 0.060737 0.816017
v 0.473921 0.065820 0.816126
v 0.445357 0.066178 0.848396
v 0.445165 0.061095 0.848242
v 0.410902 0.061346 0.874284
v 0.411046 0.066430 0.874474
v 0.372217 0.061482 0.893142
v 0.330596 0.061498 0.904091
v 0.330628 0.066582 0.904323
v 0.287611 0.066476 0.906947
v 0.287639 0.061392 0.906712
v 0.244997 0.061169 0.900902
v 0.244909 0.066253 0.901129
v 0.204163 0.065921 0.887093
v 0.204308 0.060838 0.886885
v 0.167136 0.060411 0.865200
v 0.166939 0.065493 0.865378
v 0.134667 0.064986 0.836818
v 0.134909 0.059904 0.836681
v 0.108588 0.064418 0.802512
v 0.108866 0.059337 0.802422
v 0.090008 0.058732 0.763742
v 0.089703 0.063812 0.763777
v 0.082826 0.060215 0.721491
v 0.082731 0.061603 0.721486
v 0.083753 0.060912 0.721332
v 0.080157 0.061003 0.679263
v 0.080253 0.059615 0.679285
v 0.081191 0.060315 0.679311
v 0.085964 0.059046 0.637389
v 0.085871 0.060434 0.637348
v 0.086878 0.059749 0.637597
v 0.099652 0.059919 0.597353
v 0.099740 0.058531 0.597411
v 0.100593 0.059236 0.597794
v 0.121051 0.058090 0.560888
v 0.120972 0.059477 0.560815
v 0.121811 0.058796 0.561430
v 0.149011 0.059126 0.529138
v 0.149078 0.057739 0.529224
v 0.149716 0.058447 0.529904
v 0.182744 0.057492 0.503636
v 0.182692 0.058879 0.503538
v 0.183236 0.058201 0.504427
v 0.220720 0.058745 0.485000
v 0.220756 0.057358 0.485106
v 0.221081 0.058068 0.485978
v 0.261652 0.057342 0.474347
v 0.261633 0.058730 0.474237
v 0.261799 0.058052 0.475266
v 0.303861 0.058833 0.471661
v 0.303862 0.057446 0.471772
v 0.303824 0.058156 0.472703
v 0.345762 0.057665 0.477481
v 0.345778 0.059052 0.477373
v 0.345542 0.058374 0.478387
v 0.385776 0.059378 0.491151
v 0.385743 0.057991 0.491254
v 0.385348 0.058698 0.492099
v 0.422268 0.058411 0.512561
v 0.422317 0.059798 0.512467
v 0.421714 0.059116 0.513314
v 0.453996 0.060296 0.540502
v 0.453934 0.058909 0.540584
v 0.453241 0.059612 0.541215
v 0.479523 0.059466 0.574246
v 0.479596 0.060853 0.574179
v 0.478719 0.060166 0.574730
v 0.498134 0.061448 0.612202
v 0.498053 0.060060 0.612253
v 0.497168 0.060758 0.612571
v 0.508811 0.060669 0.653145
v 0.508897 0.062057 0.653111
v 0.507879 0.061364 0.653285
v 0.511471 0.062658 0.695334
v 0.511384 0.061269 0.695351
v 0.510441 0.061962 0.695306
v 0.505673 0.061838 0.737247
v 0.505757 0.063227 0.737249
v 0.504754 0.062528 0.737019
v 0.491975 0.063742 0.777244
v 0.491897 0.062353 0.777225
v 0.491039 0.063041 0.776823
v 0.470586 0.062794 0.813748
v 0.470655 0.064184 0.813782
v 0.469821 0.063480 0.813186
v 0.442616 0.064535 0.845459
v 0.442559 0.063145 0.845412
v 0.441916 0.063830 0.844712
v 0.408892 0.063392 0.871000
v 0.408936 0.064782 0.871059
v 0.408396 0.064076 0.870189
v 0.370908 0.064916 0.889597
v 0.370881 0.063526 0.889530
v 0.370551 0.064209 0.888638
v 0.329984 0.063542 0.900289
v 0.329994 0.064931 0.900360
v 0.329833 0.064224 0.899350
v 0.287767 0.064827 0.902936
v 0.287775 0.063438 0.902864
v 0.287808 0.064121 0.901913
v 0.245875 0.063219 0.897155
v 0.245849 0.064608 0.897224
v 0.246090 0.063903 0.896230
v 0.205851 0.064283 0.883446
v 0.205894 0.062893 0.883382
v 0.206284 0.063579 0.882517
v 0.169369 0.062473 0.862075
v 0.169311 0.063863 0.862130
v 0.169918 0.063161 0.861303
v 0.137631 0.063364 0.834095
v 0.137703 0.061975 0.834052
v 0.138391 0.062665 0.833402
v 0.112031 0.062807 0.800418
v 0.112114 0.061419 0.800390
v 0.112913 0.062111 0.799887
v 0.093584 0.060824 0.762383
v 0.093493 0.062213 0.762395
v 0.094464 0.061519 0.762045
v 0.089138 0.050856 0.764185
v 0.091457 0.039783 0.763493
v 0.108078 0.051463 0.803034
v 0.110188 0.040384 0.801913
v 0.134235 0.052033 0.837441
v 0.136055 0.040947 0.835941
v 0.166602 0.052542 0.866085
v 0.168065 0.041450 0.864268
v 0.204987 0.041875 0.885807
v 0.244802 0.053304 0.901942
v 0.245402 0.042204 0.899729
v 0.287630 0.053527 0.907777
v 0.287757 0.042425 0.905500
v 0.330425 0.042530 0.902897
v 0.372576 0.053618 0.894148
v 0.371766 0.042515 0.892022
v 0.411429 0.053481 0.875208
v 0.410190 0.042380 0.873291
v 0.445841 0.053228 0.849053
v 0.444222 0.042130 0.847424
v 0.474489 0.052870 0.816687
v 0.472554 0.041775 0.815416
v 0.494096 0.041329 0.778497
v 0.510353 0.051892 0.738493
v 0.508022 0.040808 0.738085
v 0.516190 0.051311 0.695668
v 0.513795 0.040233 0.695733
v 0.513561 0.050697 0.652528
v 0.511194 0.039626 0.653069
v 0.502564 0.050075 0.610731
v 0.500319 0.039011 0.611733
v 0.483624 0.049467 0.571882
v 0.481588 0.038410 0.573313
v 0.457468 0.048898 0.537475
v 0.455721 0.037847 0.539285
v 0.425101 0.048389 0.508831
v 0.423711 0.037344 0.510958
v 0.386789 0.036919 0.489419
v 0.346901 0.047627 0.472974
v 0.346374 0.036590 0.475497
v 0.304073 0.047403 0.467139
v 0.304019 0.036369 0.469726
v 0.261351 0.036264 0.472329
v 0.219127 0.047313 0.480768
v 0.220011 0.036279 0.483204
v 0.180273 0.047450 0.499708
v 0.181586 0.036415 0.501935
v 0.197159 0.847752 0.714827
v 0.145862 0.047702 0.525863
v 0.147554 0.036664 0.527802
v 0.117214 0.048061 0.558228
v 0.119222 0.037019 0.559810
v 0.097680 0.037466 0.596730
v 0.081350 0.049039 0.636423
v 0.083754 0.037986 0.637142
v 0.075512 0.049620 0.679247
v 0.077981 0.038561 0.679493
v 0.080582 0.039168 0.722157
v 0.334109 1.012413 0.566694
v 0.375686 0.944005 0.583322
v 0.191800 0.839086 0.698073
v 0.387498 0.844616 0.622071
v 0.170931 0.990617 0.659057
v 0.399487 0.891807 0.618707
v 0.168451 0.931223 0.685746
v 0.391288 0.950557 0.594102
v 0.394212 0.930801 0.601948
v 0.178606 1.010185 0.647924
v 0.347177 0.998349 0.569192
v 0.259327 1.037938 0.583994
v 0.182954 0.998337 0.629783
v 0.174289 1.000412 0.652923
v 0.169777 0.914611 0.672691
v 0.376036 0.985178 0.584132
v 0.196105 1.013165 0.618069
v 0.168647 0.958624 0.652639
v 0.173198 0.894581 0.679196
v 0.179742 0.880122 0.685053
v 0.176865 0.899915 0.677243
v 0.387720 0.837499 0.625356
v 0.384871 0.879611 0.608571
v 0.382153 0.899506 0.600990
v 0.373462 0.958806 0.577405
v 0.173557 0.965721 0.667993
v 0.170918 0.985525 0.660328
v 0.384631 0.914208 0.593097
v 0.368606 1.000043 0.580812
v 0.387514 0.874014 0.607656
v 0.187027 1.015185 0.640998
v 0.327856 1.034311 0.581440
v 0.184632 0.862600 0.712344
v 0.189736 0.856936 0.711455
v 0.329647 1.013245 0.569067
v 0.185550 0.849797 0.694016
v 0.181502 0.870061 0.688228
v 0.387581 0.849802 0.620319
v 0.386193 0.869764 0.612616
v 0.386509 0.894089 0.600616
v 0.172114 0.975603 0.664052
v 0.175080 0.990418 0.656239
v 0.179260 0.891603 0.699425
v 0.175297 0.897370 0.700224
v 0.269331 1.037171 0.579766
v 0.360371 0.978617 0.573350
v 0.384912 0.845115 0.624516
v 0.311193 1.026625 0.567959
v 0.335481 1.008269 0.569085
v 0.249016 1.036906 0.587352
v 0.191767 1.008328 0.622140
v 0.396401 0.915975 0.607847
v 0.399231 0.896448 0.616190
v 0.167825 0.936243 0.683952
v 0.390537 0.955601 0.592486
v 0.388843 0.965648 0.589370
v 0.182548 1.010236 0.644754
v 0.370144 0.990073 0.583902
v 0.170649 0.950964 0.675940
v 0.215268 1.023306 0.606991
v 0.175593 0.978970 0.641944
v 0.174651 0.987957 0.636763
v 0.378337 0.942977 0.581030
v 0.170536 0.916332 0.691494
v 0.384953 0.909178 0.594966
v 0.386006 0.899201 0.598852
v 0.387405 0.868873 0.609432
v 0.186314 0.870238 0.687115
v 0.169956 0.955927 0.674022
v 0.200833 1.024960 0.631042
v 0.191930 1.024774 0.636569
v 0.322743 1.034728 0.582210
v 0.344597 1.024554 0.579203
v 0.182808 1.015098 0.643955
v 0.384025 0.965355 0.589953
v 0.254159 1.037319 0.585672
v 0.224819 1.028254 0.601246
v 0.306808 1.027885 0.570595
v 0.382618 0.928983 0.587140
v 0.172298 0.899573 0.677602
v 0.189423 0.849829 0.694206
v 0.194013 0.837201 0.699347
v 0.385390 0.838264 0.626661
v 0.387777 0.879075 0.605880
v 0.353784 0.988496 0.571287
v 0.364005 0.977376 0.570964
v 0.264448 1.038023 0.582106
v 0.274253 1.036090 0.577402
v 0.178516 0.896537 0.697441
v 0.384256 0.850115 0.622620
v 0.170574 0.909643 0.674475
v 0.168016 0.929338 0.666435
v 0.339844 1.007218 0.566723
v 0.196927 1.008569 0.620601
v 0.382605 0.975311 0.586230
v 0.356229 1.014934 0.578912
v 0.195383 0.833677 0.706718
v 0.196398 0.836821 0.712333
v 0.250608 0.842051 0.695274
v 0.332734 0.841896 0.664791
v 0.209554 0.842023 0.710530
v 0.291671 0.841974 0.680032
v 0.373796 0.841819 0.649549
v 0.306478 1.041563 0.586441
v 0.297993 1.031004 0.571586
v 0.227026 1.039648 0.614870
v 0.309207 1.039459 0.585212
v 0.230077 0.842090 0.702895
v 0.312202 0.841935 0.672412
v 0.394316 0.841937 0.642244
v 0.192458 0.833523 0.701969
v 0.271140 0.842013 0.687653
v 0.353265 0.841857 0.657170
v 0.371679 0.953895 0.580340
v 0.379314 0.980213 0.585079
v 0.395779 0.843518 0.642260
v 0.239111 1.035225 0.592289
v 0.376770 0.936593 0.586275
v 0.386102 0.855052 0.619700
v 0.387121 0.857276 0.617455
v 0.367169 0.972512 0.572091
v 0.373875 0.956357 0.578401
v 0.244539 1.042204 0.607105
v 0.199879 0.841420 0.714039
v 0.288282 1.033106 0.575525
v 0.167326 0.961180 0.673813
v 0.237170 1.039718 0.610861
v 0.384062 0.841799 0.645739
v 0.199108 0.835567 0.698085
v 0.354390 0.992348 0.567773
v 0.298815 1.039647 0.588169
v 0.205340 1.032146 0.626799
v 0.395113 0.941000 0.597903
v 0.169523 0.941078 0.680812
v 0.173747 0.974033 0.644865
v 0.381777 0.932714 0.583675
v 0.187665 0.844822 0.695543
v 0.386308 0.867266 0.613568
v 0.371126 0.965389 0.574165
v 0.175271 0.901501 0.696447
v 0.234572 1.041957 0.611418
v 0.178033 0.885239 0.705254
v 0.289875 1.033215 0.573373
v 0.357084 0.983565 0.572336
v 0.358479 0.985319 0.569996
v 0.370237 0.963780 0.576404
v 0.384660 0.864936 0.615764
v 0.173578 0.904861 0.676226
v 0.176879 0.884833 0.683077
v 0.388349 0.835643 0.623693
v 0.390051 0.834951 0.630784
v 0.394404 0.835903 0.636768
v 0.383985 0.923376 0.587484
v 0.195276 0.833603 0.709002
v 0.170659 0.924522 0.668073
v 0.189713 0.833693 0.699134
v 0.194586 0.836870 0.724545
v 0.194074 0.835845 0.719368
v 0.396643 0.836411 0.641144
v 0.398708 0.836487 0.645906
v 0.343767 1.003123 0.568048
v 0.190866 0.811088 0.693230
v 0.229434 1.032685 0.595772
v 0.189934 1.003621 0.625386
v 0.394659 0.829754 0.638896
v 0.196041 0.811381 0.712902
v 0.171783 0.890469 0.679677
v 0.169989 0.890900 0.677125
v 0.174558 0.891505 0.707096
v 0.198031 0.847808 0.713359
v 0.385310 0.890451 0.594183
v 0.388060 0.890266 0.598769
v 0.405547 0.877580 0.634123
v 0.402442 0.863789 0.635486
v 0.398602 0.850969 0.639418
v 0.169422 0.923731 0.688529
v 0.183867 0.864202 0.716615
v 0.195728 0.847275 0.718186
v 0.182843 0.849935 0.692386
v 0.392395 0.943103 0.596898
v 0.163014 0.940937 0.689471
v 0.178429 1.002784 0.649461
v 0.379435 0.939896 0.576851
v 0.379653 0.939162 0.578846
v 0.422745 0.941275 0.657393
v 0.416780 0.942100 0.717644
v 0.295931 1.042126 0.588334
v 0.363192 1.002415 0.580827
v 0.166181 0.941139 0.708306
v 0.165792 0.937948 0.661316
v 0.400886 0.940446 0.601029
v 0.418761 0.940998 0.638533
v 0.420397 0.941090 0.644752
v 0.423678 0.941638 0.683060
v 0.172781 0.917056 0.719924
v 0.164927 0.928969 0.695728
v 0.368135 0.915622 0.571443
v 0.401665 0.916433 0.608584
v 0.414779 0.928828 0.629914
v 0.165257 0.916182 0.669795
v 0.171104 0.984973 0.637479
v 0.407879 0.986576 0.618202
v 0.419674 0.987161 0.657145
v 0.413844 0.987968 0.716041
v 0.182117 0.985710 0.609789
v 0.357295 0.985644 0.563703
v 0.394718 0.986233 0.596821
v 0.163574 0.964585 0.695374
v 0.164374 0.975821 0.670776
v 0.166796 0.974780 0.643667
v 0.366883 0.973478 0.568922
v 0.204877 1.023559 0.603501
v 0.208376 1.023566 0.599240
v 0.212112 1.023548 0.595173
v 0.322728 1.021036 0.565317
v 0.393781 1.024562 0.624481
v 0.404144 1.025076 0.658698
v 0.399022 1.025785 0.710447
v 0.181117 1.024333 0.658602
v 0.199557 1.020669 0.611337
v 0.302330 1.023379 0.561684
v 0.307820 1.023405 0.562295
v 0.313264 1.023409 0.563209
v 0.353800 1.023494 0.580314
v 0.400723 1.024838 0.642499
v 0.404946 1.025388 0.680743
v 0.209283 1.005479 0.584195
v 0.170167 1.006545 0.669480
v 0.297252 1.005313 0.551543
v 0.321065 1.005437 0.554787
v 0.166854 0.943751 0.681216
v 0.181922 1.005128 0.622571
v 0.343562 1.005372 0.562857
v 0.361612 1.014941 0.579500
v 0.193354 1.005678 0.602190
v 0.403548 1.016003 0.632753
v 0.410617 0.997063 0.630418
v 0.407726 1.016978 0.701295
v 0.234072 1.052552 0.621664
v 0.261926 1.052161 0.601937
v 0.282058 1.052352 0.596044
v 0.285866 1.052358 0.595624
v 0.362695 1.053224 0.639188
v 0.369883 1.053581 0.662923
v 0.366330 1.054072 0.698818
v 0.172692 0.983010 0.639561
v 0.242296 1.052467 0.613647
v 0.248395 1.052422 0.609011
v 0.267300 1.052115 0.599924
v 0.270933 1.052135 0.598735
v 0.276430 1.052276 0.597130
v 0.301168 1.052412 0.595818
v 0.306852 1.052442 0.596664
v 0.367510 1.053415 0.651686
v 0.332811 1.039478 0.585894
v 0.336408 1.031499 0.580350
v 0.221724 1.046627 0.622243
v 0.221125 1.031374 0.596488
v 0.234978 1.044758 0.612366
v 0.363401 1.040062 0.607838
v 0.385770 0.903442 0.595364
v 0.258952 1.038503 0.582813
v 0.374498 1.047425 0.643058
v 0.391210 1.032954 0.637075
v 0.275933 1.031629 0.569827
v 0.295692 1.049149 0.591401
v 0.394925 1.033821 0.698026
v 0.173786 0.911368 0.692489
v 0.171049 0.913931 0.692558
v 0.312781 1.046338 0.588594
v 0.198558 1.040124 0.651205
v 0.204730 1.039893 0.633296
v 0.198775 1.031366 0.632194
v 0.338212 1.067344 0.667010
v 0.359686 1.058749 0.689309
v 0.306532 1.061360 0.614307
v 0.176591 0.992976 0.634093
v 0.346576 1.000533 0.567990
v 0.293254 1.032429 0.573656
v 0.274072 1.064339 0.623618
v 0.282897 1.061269 0.613427
v 0.279492 1.071324 0.646526
v 0.288495 1.071316 0.643799
v 0.289940 1.071318 0.643640
v 0.232031 1.039721 0.612750
v 0.264466 1.047092 0.597805
v 0.319081 1.071646 0.660163
v 0.321807 1.071782 0.669166
v 0.320459 1.071968 0.682781
v 0.284233 1.071314 0.644699
v 0.286347 1.071314 0.644171
v 0.294296 1.071332 0.643588
v 0.296465 1.071342 0.643803
v 0.297899 1.071350 0.644034
v 0.194616 0.835122 0.700089
v 0.320907 1.071719 0.664904
v 0.321277 1.071740 0.666309
v 0.322018 1.071864 0.674966
v 0.321696 1.071903 0.677853
v 0.280173 1.077216 0.647881
v 0.290057 1.077211 0.645151
v 0.231787 1.032913 0.596235
v 0.317623 1.077521 0.660782
v 0.320202 1.077649 0.669298
v 0.318928 1.077826 0.682177
v 0.398568 0.881826 0.623432
v 0.284658 1.077207 0.646154
v 0.285988 1.077206 0.645804
v 0.294177 1.077224 0.645102
v 0.319701 1.077610 0.666596
v 0.320402 1.077727 0.674785
v 0.282702 1.072458 0.646829
v 0.282937 1.073823 0.647454
v 0.282919 1.075408 0.647397
v 0.318139 1.075751 0.663546
v 0.318109 1.074166 0.663581
v 0.318758 1.072809 0.663361
v 0.288113 1.075406 0.646031
v 0.288124 1.073821 0.646089
v 0.288020 1.072456 0.645430
v 0.319748 1.073040 0.679614
v 0.319076 1.074391 0.679436
v 0.319106 1.075977 0.679422
v 0.298793 1.073862 0.646487
v 0.328801 1.027197 0.582472
v 0.285184 1.046693 0.591247
v 0.390180 0.940617 0.598788
v 0.395957 0.901094 0.614558
v 0.200101 1.020052 0.612657
v 0.179380 0.882605 0.684104
v 0.182883 0.862590 0.690697
v 0.386627 0.862258 0.615476
v 0.275181 1.096130 0.637503
v 0.289034 1.096122 0.633677
v 0.327672 1.096557 0.655585
v 0.331287 1.096736 0.667522
v 0.329500 1.096984 0.685574
v 0.372890 0.961136 0.576359
v 0.296729 1.096149 0.633774
v 0.330093 1.096653 0.661871
v 0.279124 1.093533 0.637083
v 0.300911 1.091053 0.637101
v 0.328137 1.094011 0.659556
v 0.274455 1.107135 0.635942
v 0.196746 0.839892 0.715530
v 0.329100 1.107617 0.654716
v 0.388203 0.835012 0.627442
v 0.332868 1.107805 0.667147
v 0.330976 1.108025 0.685943
v 0.375477 0.953342 0.578211
v 0.332137 1.107749 0.663202
v 0.286024 1.098764 0.633168
v 0.285884 1.104264 0.632319
v 0.186929 1.017659 0.640400
v 0.350786 1.017294 0.578820
v 0.301773 1.101538 0.633190
v 0.329962 1.099270 0.658799
v 0.350476 0.993418 0.570221
v 0.275565 1.118695 0.638310
v 0.293001 1.118702 0.634271
v 0.326785 1.119299 0.655622
v 0.330462 1.119444 0.668363
v 0.306827 1.037116 0.586144
v 0.224715 1.037268 0.616633
v 0.328660 1.119263 0.685123
v 0.301289 1.030045 0.571690
v 0.281752 1.118737 0.635860
v 0.283587 1.118741 0.635362
v 0.299581 1.118647 0.634833
v 0.330320 1.119426 0.677849
v 0.301646 1.113082 0.633597
v 0.278236 1.110069 0.634606
v 0.278424 1.113026 0.635098
v 0.278697 1.115934 0.635826
v 0.329951 1.113629 0.658585
v 0.330433 1.110643 0.658451
v 0.303988 1.039604 0.586501
v 0.286169 1.115948 0.633815
v 0.277833 1.128109 0.643824
v 0.292374 1.127921 0.639870
v 0.293254 1.127858 0.639817
v 0.327583 1.124369 0.667033
v 0.287448 1.126049 0.638834
v 0.328068 1.124271 0.674297
v 0.327312 1.123914 0.681390
v 0.185745 1.019612 0.641925
v 0.289316 1.131844 0.643767
v 0.294495 1.134259 0.646465
v 0.301504 1.132628 0.645717
v 0.379685 0.934108 0.586295
v 0.374606 0.951419 0.580371
v 0.387480 0.854352 0.617047
v 0.387491 0.852307 0.619413
v 0.395544 0.841268 0.641873
v 0.369081 0.969348 0.571822
v 0.169497 0.980699 0.663657
v 0.171772 0.978082 0.663089
v 0.262247 1.048772 0.599744
v 0.360658 0.982242 0.569815
v 0.360010 0.981087 0.572364
v 0.372952 0.962192 0.573871
v 0.386548 0.884442 0.605429
v 0.169546 0.904315 0.675290
v 0.181591 0.885079 0.682184
v 0.381139 0.924233 0.590243
v 0.166938 0.924029 0.667789
v 0.170118 0.963873 0.650120
v 0.229547 1.030653 0.598238
v 0.199624 0.849879 0.710941
v 0.238901 0.851955 0.695148
v 0.218369 0.851994 0.702769
v 0.279963 0.851877 0.679907
v 0.259432 0.851916 0.687527
v 0.321026 0.851800 0.664665
v 0.300494 0.851839 0.672286
v 0.362088 0.851722 0.649424
v 0.341557 0.851761 0.657045
v 0.399413 0.872627 0.628417
v 0.392974 0.851778 0.638315
v 0.398895 0.898816 0.615007
v 0.168760 0.928714 0.686649
v 0.167505 0.938749 0.683047
v 0.391653 0.948046 0.594952
v 0.385850 0.970441 0.587574
v 0.388353 0.968179 0.588721
v 0.178199 1.007791 0.648064
v 0.317228 1.037150 0.583118
v 0.390001 0.871433 0.630121
v 0.291209 1.030630 0.575556
v 0.175238 0.981373 0.640852
v 0.184472 0.865304 0.690042
v 0.386920 0.864310 0.612965
v 0.384023 0.904464 0.598115
v 0.170467 0.912140 0.695463
v 0.167870 0.983343 0.664758
v 0.385166 0.906674 0.595932
v 0.385719 0.901709 0.597892
v 0.387154 0.859340 0.615086
v 0.185200 0.860371 0.692028
v 0.187405 0.862837 0.690093
v 0.376682 0.948561 0.580191
v 0.376483 0.950038 0.578091
v 0.378821 0.938944 0.584216
v 0.380623 0.935887 0.583867
v 0.174421 0.951776 0.654629
v 0.171068 0.984333 0.638021
v 0.329157 1.015526 0.567973
v 0.205331 1.020665 0.611558
v 0.169620 0.958408 0.673066
v 0.168856 0.946069 0.678954
v 0.371943 0.995128 0.581777
v 0.369050 0.997510 0.581126
v 0.200525 1.027422 0.630128
v 0.191562 1.022500 0.636771
v 0.081945 0.065598 0.743508
v 0.365275 1.004990 0.580022
v 0.344910 1.022196 0.578801
v 0.184361 0.067827 0.878233
v 0.333963 1.027195 0.580745
v 0.280431 1.042099 0.593664
v 0.279956 1.046885 0.592547
v 0.298392 1.043893 0.588429
v 0.301208 1.041881 0.587418
v 0.293109 1.044379 0.589130
v 0.290371 1.046330 0.590310
v 0.301705 1.037141 0.588077
v 0.461389 0.068122 0.833786
v 0.182381 1.012747 0.644074
v 0.392698 0.068626 0.885996
v 0.176289 1.005318 0.650212
v 0.198905 0.062410 0.488497
v 0.325667 0.062545 0.468160
v 0.394373 0.945969 0.596037
v 0.389452 0.945549 0.596798
v 0.309256 0.068658 0.907948
v 0.239545 0.062333 0.473413
v 0.509658 0.065438 0.630986
v 0.171623 0.926194 0.686585
v 0.167373 0.926522 0.689147
v 0.265936 0.068491 0.906334
v 0.400138 0.906333 0.611444
v 0.388934 0.845900 0.643084
v 0.393818 0.845345 0.641476
v 0.397732 0.846750 0.641616
v 0.395796 0.866995 0.631189
v 0.407242 0.063210 0.496261
v 0.204235 0.845981 0.710716
v 0.198115 0.842497 0.714363
v 0.200382 0.844621 0.712585
v 0.198631 0.842132 0.714023
v 0.199282 0.845569 0.712843
v 0.442362 0.063682 0.521667
v 0.130214 0.062915 0.540707
v 0.504871 0.067221 0.759267
v 0.178408 0.995587 0.632448
v 0.187192 1.005209 0.624346
v 0.234330 1.034227 0.594210
v 0.224464 1.030439 0.600072
v 0.149241 0.067354 0.852826
v 0.352003 0.995173 0.567780
v 0.086732 0.063815 0.615226
v 0.494574 0.064818 0.590350
v 0.172263 0.966571 0.648652
v 0.171546 0.971399 0.646433
v 0.171403 0.919613 0.670123
v 0.167296 0.919040 0.669797
v 0.169424 0.917031 0.671581
v 0.168737 0.921875 0.669327
v 0.168575 0.936616 0.663385
v 0.097029 0.066218 0.784144
v 0.516524 0.066061 0.673784
v 0.383081 0.926603 0.588232
v 0.382062 0.931308 0.586025
v 0.384667 0.918500 0.589493
v 0.381860 0.919290 0.592211
v 0.384443 0.916718 0.592166
v 0.383850 0.921698 0.590244
v 0.091956 0.075965 0.786465
v 0.193304 0.835970 0.700270
v 0.158562 0.072261 0.506620
v 0.309564 0.078466 0.913409
v 0.238086 0.071981 0.467853
v 0.069449 0.074690 0.700915
v 0.326392 0.072199 0.462467
v 0.385381 0.859994 0.617732
v 0.197708 0.838701 0.711190
v 0.145492 0.077130 0.856889
v 0.410036 0.072880 0.491281
v 0.476283 0.073922 0.549908
v 0.432976 0.078233 0.867601
v 0.515049 0.075165 0.629423
v 0.520432 0.076421 0.717720
v 0.076489 0.075329 0.744798
v 0.446047 0.073365 0.517332
v 0.181503 0.077614 0.882940
v 0.499582 0.074530 0.587756
v 0.071107 0.074073 0.656501
v 0.115255 0.076573 0.824313
v 0.099927 0.072996 0.572864
v 0.387479 0.886523 0.603203
v 0.387803 0.881570 0.605009
v 0.058142 0.086538 0.701436
v 0.137971 0.089099 0.865175
v 0.353410 0.990951 0.570274
v 0.365123 0.975602 0.572280
v 0.070686 0.085289 0.609420
v 0.285224 1.034763 0.575351
v 0.356285 0.090551 0.917116
v 0.281248 0.083743 0.449379
v 0.178618 0.887162 0.702972
v 0.182524 0.886647 0.700424
v 0.180516 0.884268 0.702526
v 0.179665 0.889151 0.700444
v 0.373271 0.084224 0.461917
v 0.453489 0.085146 0.508713
v 0.509690 0.086369 0.582643
v 0.237438 1.043872 0.610622
v 0.239410 1.042184 0.609003
v 0.240271 1.045758 0.609822
v 0.229834 1.041640 0.613910
v 0.259902 1.042139 0.601292
v 0.259521 1.046926 0.600174
v 0.533317 0.087707 0.672452
v 0.249678 1.042198 0.605218
v 0.249775 1.046592 0.605067
v 0.311774 1.041339 0.585636
v 0.520774 0.088956 0.764467
v 0.090137 0.084759 0.567009
v 0.473970 0.089925 0.844680
v 0.081770 0.087876 0.791244
v 0.400030 0.090468 0.900879
v 0.310212 0.090502 0.924508
v 0.235175 0.083694 0.456771
v 0.218189 0.090021 0.911971
v 0.187947 0.094390 0.465788
v 0.533498 0.097757 0.624232
v 0.358250 0.101388 0.924572
v 0.280734 0.094356 0.441378
v 0.539336 0.099120 0.719989
v 0.262485 0.101152 0.930414
v 0.375798 0.094852 0.454330
v 0.057890 0.097935 0.749355
v 0.458667 0.095805 0.502673
v 0.171775 0.100414 0.899166
v 0.516725 0.097068 0.579046
v 0.052053 0.096573 0.653598
v 0.541133 0.098450 0.671823
v 0.172528 0.995508 0.655913
v 0.174192 0.997877 0.653482
v 0.099931 0.099284 0.835586
v 0.528175 0.099740 0.766879
v 0.083308 0.095405 0.562896
v 0.479824 0.100742 0.849742
v 0.074664 0.098625 0.794541
v 0.367310 0.966256 0.576373
v 0.366587 0.971196 0.574400
v 0.403441 0.101303 0.907798
v 0.146897 0.094608 0.491055
v 0.310655 0.101337 0.932209
v 0.233139 0.094305 0.449015
v 0.215591 0.100840 0.919256
v 0.050256 0.097243 0.701764
v 0.328904 0.094540 0.443173
v 0.132722 0.099888 0.870914
v 0.063213 0.095953 0.606708
v 0.419613 0.095279 0.474421
v 0.508081 0.100288 0.810691
v 0.171001 0.907123 0.675251
v 0.176008 0.889846 0.681444
v 0.111564 0.094951 0.523845
v 0.491457 0.096409 0.538001
v 0.444492 0.101084 0.882531
v 0.169323 0.948296 0.657116
v 0.168115 0.950035 0.656153
v 0.168181 0.926833 0.667376
v 0.456350 0.107560 0.505082
v 0.173469 0.112104 0.896033
v 0.340850 1.005592 0.568040
v 0.513596 0.108806 0.580388
v 0.055420 0.108318 0.653898
v 0.537663 0.110168 0.671868
v 0.102629 0.110990 0.833342
v 0.524886 0.111440 0.765595
v 0.086238 0.107166 0.564463
v 0.477211 0.112428 0.847300
v 0.077715 0.110340 0.792870
v 0.196258 0.853349 0.710807
v 0.401896 0.112981 0.904544
v 0.148938 0.106380 0.493627
v 0.394464 0.876543 0.626599
v 0.399071 0.877120 0.625795
v 0.397224 0.874367 0.627180
v 0.310407 0.113015 0.928613
v 0.233974 0.106081 0.452174
v 0.216672 0.112525 0.915842
v 0.382968 0.972821 0.587146
v 0.382224 0.977820 0.585414
v 0.053648 0.108978 0.701390
v 0.328401 0.106313 0.446415
v 0.134961 0.111586 0.868176
v 0.066425 0.107706 0.607663
v 0.417842 0.107042 0.477226
v 0.505073 0.111980 0.808795
v 0.114100 0.106718 0.525958
v 0.488682 0.108156 0.539916
v 0.442373 0.112766 0.879631
v 0.189415 0.106165 0.468714
v 0.530135 0.109485 0.624943
v 0.357337 0.113065 0.921084
v 0.280904 0.106131 0.444645
v 0.535891 0.110828 0.719360
v 0.262910 0.112833 0.926843
v 0.374639 0.106621 0.457416
v 0.061176 0.109661 0.748316
v 0.498193 0.126334 0.756205
v 0.456059 0.127207 0.828413
v 0.102996 0.125362 0.780310
v 0.308642 0.127725 0.900276
v 0.241093 0.121597 0.479213
v 0.311985 1.037113 0.584357
v 0.229823 1.037253 0.614682
v 0.225802 0.127293 0.888989
v 0.081726 0.124157 0.699463
v 0.324545 0.121803 0.474123
v 0.153588 0.126463 0.846863
v 0.093018 0.123033 0.616630
v 0.296341 1.030620 0.573651
v 0.403591 0.122447 0.501352
v 0.135151 0.122161 0.544421
v 0.425270 0.127505 0.856986
v 0.201713 0.121672 0.493830
v 0.350118 0.127770 0.893622
v 0.507918 0.125793 0.715344
v 0.088379 0.124761 0.740934
v 0.392986 0.837221 0.635561
v 0.437622 0.122905 0.525972
v 0.187620 0.126921 0.871482
v 0.488215 0.124005 0.592524
v 0.509485 0.125210 0.673372
v 0.196805 0.835315 0.704806
v 0.308330 0.132067 0.895327
v 0.242324 0.126079 0.483886
v 0.227382 0.131644 0.884298
v 0.086599 0.128581 0.699103
v 0.323869 0.126280 0.478912
v 0.156819 0.130833 0.843134
v 0.097633 0.127483 0.618163
v 0.359970 0.837507 0.643788
v 0.401108 0.126909 0.505520
v 0.318907 0.837585 0.659030
v 0.277845 0.837662 0.674271
v 0.236782 0.837740 0.689513
v 0.198173 0.836702 0.706030
v 0.196672 0.835247 0.702220
v 0.202280 0.837541 0.705259
v 0.196846 0.836715 0.709702
v 0.195702 0.834273 0.704738
v 0.476438 0.131174 0.791854
v 0.138804 0.126630 0.547604
v 0.462283 0.127871 0.559658
v 0.422292 0.131852 0.853026
v 0.203844 0.126152 0.498169
v 0.498081 0.129019 0.633084
v 0.216207 0.837530 0.697016
v 0.348857 0.132111 0.888824
v 0.257313 0.837701 0.681892
v 0.298376 0.837623 0.666651
v 0.339438 0.837546 0.651409
v 0.388002 0.839456 0.640595
v 0.393103 0.839655 0.639733
v 0.389313 0.836188 0.632072
v 0.282852 0.126123 0.477384
v 0.503052 0.130179 0.714621
v 0.267313 0.131910 0.893798
v 0.363799 0.126546 0.488413
v 0.093100 0.129171 0.739626
v 0.434362 0.127357 0.529576
v 0.190073 0.131281 0.867191
v 0.483799 0.128432 0.594608
v 0.088130 0.128011 0.658090
v 0.504582 0.129609 0.673608
v 0.128898 0.130319 0.813053
v 0.493549 0.130707 0.754548
v 0.114743 0.127016 0.580856
v 0.452378 0.131560 0.825107
v 0.107383 0.129758 0.778102
v 0.196481 0.835230 0.706800
v 0.387338 0.132038 0.874541
v 0.168889 0.126338 0.519684
v 0.168709 0.919216 0.692157
v 0.501119 0.118166 0.586325
v 0.180416 0.121276 0.883943
v 0.447142 0.116992 0.515320
v 0.074536 0.118972 0.744662
v 0.176593 0.990774 0.635315
v 0.212249 1.024824 0.606070
v 0.217452 1.025654 0.604925
v 0.522140 0.120073 0.717360
v 0.353783 0.122182 0.907564
v 0.314598 1.037152 0.583611
v 0.433963 0.121900 0.868478
v 0.124437 0.116198 0.535003
v 0.079485 0.117129 0.612042
v 0.326500 0.115816 0.460002
v 0.237466 0.115597 0.465433
v 0.207658 1.032411 0.625688
v 0.385396 0.972959 0.586880
v 0.387649 0.957904 0.591876
v 0.388368 0.952960 0.593840
v 0.166320 0.934056 0.686476
v 0.397124 0.893840 0.617839
v 0.480743 0.139087 0.794270
v 0.135023 0.134434 0.544171
v 0.194770 0.852984 0.712016
v 0.466249 0.135705 0.556514
v 0.425300 0.139782 0.856907
v 0.502904 0.136881 0.631699
v 0.350107 0.140046 0.893562
v 0.338403 1.005787 0.569109
v 0.168003 0.943955 0.659241
v 0.266610 0.139841 0.898655
v 0.365406 0.134348 0.483563
v 0.168260 0.911725 0.672841
v 0.088226 0.137036 0.740791
v 0.173217 0.907333 0.675243
v 0.387001 0.847568 0.622548
v 0.509560 0.137485 0.673192
v 0.124881 0.138212 0.815976
v 0.498263 0.138609 0.756071
v 0.165829 0.134135 0.515583
v 0.176568 0.997831 0.652343
v 0.172488 0.992967 0.656529
v 0.241023 0.133871 0.478928
v 0.225723 0.139569 0.888927
v 0.081569 0.136432 0.699298
v 0.324520 0.134076 0.473835
v 0.153470 0.138738 0.846778
v 0.092867 0.135307 0.616419
v 0.403609 0.134720 0.501079
v 0.077117 0.150405 0.656285
v 0.515526 0.152088 0.672621
v 0.120035 0.152835 0.819418
v 0.503911 0.153244 0.757829
v 0.105134 0.149358 0.574979
v 0.460570 0.154142 0.832107
v 0.097385 0.152244 0.782625
v 0.392100 0.154644 0.884148
v 0.162135 0.148644 0.510582
v 0.308927 0.154676 0.906030
v 0.239442 0.148372 0.472896
v 0.223712 0.154230 0.894419
v 0.075506 0.151005 0.699460
v 0.170716 0.968241 0.668076
v 0.170190 0.973260 0.666321
v 0.325285 0.148583 0.467660
v 0.149428 0.153376 0.851085
v 0.176983 0.894355 0.699719
v 0.087121 0.149849 0.614252
v 0.406597 0.149245 0.495671
v 0.485899 0.153735 0.797102
v 0.130463 0.148951 0.539974
v 0.470998 0.150258 0.552663
v 0.428898 0.154449 0.861499
v 0.272522 1.035603 0.580254
v 0.267390 1.035616 0.582162
v 0.198932 0.148448 0.487933
v 0.508683 0.151467 0.629961
v 0.361749 0.980406 0.571126
v 0.363296 0.976139 0.573376
v 0.356719 0.986029 0.571341
v 0.351591 0.154721 0.899184
v 0.282106 0.148417 0.466051
v 0.513915 0.152688 0.715796
v 0.386808 0.881963 0.606400
v 0.385487 0.891859 0.602515
v 0.265747 0.154510 0.904421
v 0.367321 0.148863 0.477662
v 0.082350 0.151626 0.742120
v 0.441604 0.149716 0.520996
v 0.184436 0.153848 0.876410
v 0.493647 0.150849 0.589456
v 0.097350 0.174429 0.782295
v 0.392008 0.176829 0.883799
v 0.162087 0.170830 0.510305
v 0.308851 0.176860 0.905676
v 0.239379 0.170558 0.472627
v 0.223652 0.176415 0.894068
v 0.075475 0.173191 0.699146
v 0.325206 0.170769 0.467392
v 0.149383 0.175561 0.850742
v 0.087088 0.172035 0.613955
v 0.406502 0.171431 0.495397
v 0.485788 0.175920 0.796769
v 0.130421 0.171137 0.539691
v 0.387657 0.836239 0.626934
v 0.470890 0.172444 0.552378
v 0.428798 0.176634 0.861154
v 0.198878 0.170634 0.487660
v 0.508568 0.173652 0.629661
v 0.192954 0.834677 0.701170
v 0.186567 0.852764 0.694253
v 0.189503 0.845085 0.695567
v 0.192852 0.846466 0.694278
v 0.174744 0.897387 0.678959
v 0.351507 0.176906 0.898832
v 0.282035 0.170603 0.465783
v 0.513799 0.174873 0.715480
v 0.265680 0.176695 0.904067
v 0.367233 0.171048 0.477391
v 0.082318 0.173811 0.741798
v 0.441502 0.171902 0.520717
v 0.170455 0.961537 0.651389
v 0.184384 0.176032 0.876062
v 0.493535 0.173034 0.589164
v 0.348425 0.999623 0.566695
v 0.350078 0.995844 0.569185
v 0.315749 1.020702 0.570919
v 0.303517 1.029252 0.570537
v 0.304762 1.025663 0.572761
v 0.077086 0.172591 0.655979
v 0.309851 1.025589 0.570789
v 0.515410 0.174273 0.672312
v 0.221973 1.029643 0.600633
v 0.119996 0.175020 0.819081
v 0.236706 1.034874 0.593289
v 0.257124 1.035635 0.585972
v 0.185748 1.007506 0.621769
v 0.189579 1.005912 0.624156
v 0.503797 0.175429 0.757504
v 0.177063 0.994866 0.632900
v 0.180722 0.995903 0.631740
v 0.105098 0.171544 0.574690
v 0.460464 0.176327 0.831768
v 0.086537 0.197515 0.698126
v 0.323618 0.195216 0.478110
v 0.156701 0.199766 0.842043
v 0.097562 0.196418 0.617250
v 0.400796 0.195845 0.504697
v 0.476066 0.200106 0.790804
v 0.138700 0.195565 0.546748
v 0.461922 0.196806 0.558792
v 0.421963 0.200784 0.851928
v 0.203688 0.195088 0.497352
v 0.497692 0.197953 0.632160
v 0.348586 0.201042 0.887697
v 0.282633 0.195059 0.476583
v 0.502658 0.199112 0.713632
v 0.196539 0.845657 0.717469
v 0.187100 0.859824 0.711862
v 0.190290 0.854380 0.714751
v 0.267107 0.200841 0.892667
v 0.363516 0.195481 0.487603
v 0.093033 0.198104 0.738617
v 0.434023 0.196292 0.528734
v 0.399276 0.913550 0.608015
v 0.397871 0.888998 0.620004
v 0.189929 0.200213 0.866081
v 0.483421 0.197367 0.593715
v 0.088066 0.196945 0.657145
v 0.170542 0.933609 0.683636
v 0.504188 0.198542 0.672651
v 0.128802 0.199252 0.811985
v 0.493163 0.199640 0.753527
v 0.393208 0.953477 0.593563
v 0.397839 0.923513 0.604312
v 0.396270 0.933543 0.600758
v 0.114658 0.195952 0.579973
v 0.378958 0.982711 0.584217
v 0.386235 0.967932 0.588388
v 0.386944 0.962904 0.590078
v 0.452025 0.200492 0.824030
v 0.107304 0.198691 0.777063
v 0.176080 1.002823 0.650631
v 0.185025 1.017527 0.642037
v 0.184785 1.012712 0.642874
v 0.180655 1.012657 0.645913
v 0.387036 0.200969 0.873425
v 0.222291 1.037297 0.617862
v 0.217767 1.032378 0.621547
v 0.168761 0.195274 0.518850
v 0.308091 0.200999 0.894194
v 0.336558 1.027174 0.580090
v 0.342344 1.022220 0.579629
v 0.242138 0.195015 0.483080
v 0.365725 1.002438 0.580171
v 0.227208 0.200576 0.883174
v 0.476841 0.220324 0.637313
v 0.343047 0.223096 0.866609
v 0.283866 0.217727 0.497712
v 0.269934 0.222916 0.871068
v 0.356444 0.218106 0.507600
v 0.113736 0.220460 0.732838
v 0.419710 0.218833 0.544507
v 0.200681 0.222352 0.847212
v 0.464035 0.219798 0.602815
v 0.482669 0.220853 0.673646
v 0.145832 0.221489 0.798672
v 0.472777 0.221838 0.746217
v 0.435863 0.222602 0.809479
v 0.126541 0.220986 0.767335
v 0.181688 0.217920 0.535638
v 0.247530 0.217688 0.503542
v 0.107907 0.219931 0.696505
v 0.117799 0.218946 0.623934
v 0.154713 0.218182 0.560671
v 0.408888 0.222864 0.834512
v 0.407989 0.241154 0.557356
v 0.209464 0.244343 0.831723
v 0.448164 0.242029 0.610205
v 0.126619 0.241686 0.661794
v 0.465054 0.242985 0.674405
v 0.159750 0.243562 0.787727
v 0.456088 0.243877 0.740182
v 0.148247 0.240878 0.599029
v 0.422630 0.244571 0.797522
v 0.142265 0.243106 0.759324
v 0.369774 0.244959 0.837696
v 0.192249 0.240326 0.549317
v 0.305567 0.244983 0.854588
v 0.251927 0.240116 0.520225
v 0.239784 0.244639 0.845625
v 0.125375 0.242149 0.695124
v 0.318195 0.240279 0.516183
v 0.324904 1.036478 0.582207
v 0.325648 1.032248 0.582100
v 0.182440 0.243980 0.812173
v 0.194312 1.027099 0.634871
v 0.193759 1.022542 0.635316
v 0.134341 0.241257 0.629346
v 0.380965 0.240791 0.537806
v 0.442183 0.244256 0.770499
v 0.167930 0.953573 0.676227
v 0.167800 0.240564 0.572006
v 0.430680 0.241572 0.581802
v 0.398180 0.244808 0.820212
v 0.220655 0.240175 0.531832
v 0.459771 0.242506 0.641473
v 0.338502 0.245018 0.849303
v 0.284862 0.240151 0.514941
v 0.213088 1.020889 0.609010
v 0.202704 1.020422 0.612141
v 0.207605 1.023596 0.607678
v 0.463810 0.243448 0.707735
v 0.331198 1.014872 0.566627
v 0.272234 0.244855 0.853346
v 0.173392 0.976468 0.643825
v 0.172675 0.985126 0.638043
v 0.350645 0.240495 0.523903
v 0.378388 0.941376 0.583214
v 0.377297 0.946179 0.581207
v 0.130658 0.242629 0.728055
v 0.377994 0.944403 0.579127
v 0.184108 0.867772 0.689051
v 0.459160 0.261741 0.674497
v 0.164339 0.262298 0.783928
v 0.153231 0.259706 0.601710
v 0.418192 0.263272 0.793387
v 0.147455 0.261857 0.756500
v 0.367151 0.263647 0.832182
v 0.384371 0.901983 0.599078
v 0.384899 0.896911 0.600786
v 0.386578 0.896137 0.598782
v 0.382942 0.911877 0.595163
v 0.383663 0.906935 0.597131
v 0.253351 0.258971 0.525612
v 0.241625 0.263338 0.839838
v 0.131145 0.260934 0.694505
v 0.169464 0.988234 0.661617
v 0.169399 0.983200 0.662907
v 0.186250 0.262701 0.807535
v 0.139803 0.260072 0.630986
v 0.377958 0.259622 0.542589
v 0.437074 0.262969 0.767292
v 0.172112 0.259403 0.575615
v 0.425966 0.260377 0.585074
v 0.172704 0.918781 0.689537
v 0.223153 0.259028 0.536820
v 0.385309 0.910959 0.592296
v 0.454058 0.261278 0.642696
v 0.336954 0.263704 0.843390
v 0.285155 0.259005 0.520509
v 0.379372 0.939758 0.581063
v 0.457959 0.262188 0.706683
v 0.207933 1.020860 0.610846
v 0.272961 0.263546 0.847294
v 0.348679 0.259336 0.529164
v 0.168522 0.948561 0.678020
v 0.136246 0.261397 0.726306
v 0.366479 0.997468 0.581842
v 0.198326 1.027340 0.631566
v 0.319860 1.037060 0.582792
v 0.404054 0.259973 0.561467
v 0.212347 0.263053 0.826413
v 0.442850 0.260817 0.612502
v 0.132346 0.260486 0.662319
v 0.368340 0.278753 0.834511
v 0.305271 0.278777 0.851103
v 0.128274 0.275994 0.694466
v 0.317676 0.274157 0.518697
v 0.184327 0.277792 0.809440
v 0.137081 0.275117 0.629854
v 0.379332 0.274659 0.539937
v 0.169946 0.274436 0.573531
v 0.180321 1.007758 0.646646
v 0.221865 0.274055 0.534069
v 0.377966 0.987768 0.583539
v 0.397065 0.928509 0.602496
v 0.398589 0.918493 0.606058
v 0.284933 0.274031 0.517477
v 0.198548 0.844509 0.713910
v 0.272529 0.278651 0.849882
v 0.405878 0.275017 0.559140
v 0.210872 0.278149 0.828643
v 0.181165 0.999204 0.628808
v 0.197843 1.019250 0.613130
v 0.445341 0.275875 0.611052
v 0.344258 1.000834 0.569183
v 0.307856 1.027805 0.568025
v 0.461931 0.276815 0.674114
v 0.177316 0.882318 0.683864
v 0.173943 0.902387 0.677198
v 0.453124 0.277691 0.738725
v 0.387043 0.842083 0.624481
v 0.420259 0.278372 0.795049
v 0.144864 0.276933 0.757527
v 0.179916 0.284952 0.814297
v 0.130798 0.282171 0.627599
v 0.382645 0.281695 0.534119
v 0.387323 0.891222 0.600746
v 0.164965 0.281463 0.569044
v 0.355337 0.990356 0.568929
v 0.175776 0.899089 0.697502
v 0.218940 0.281067 0.528019
v 0.172877 0.987952 0.658177
v 0.284507 0.281043 0.510770
v 0.271612 0.285845 0.856342
v 0.410242 0.282067 0.554083
v 0.207512 0.285323 0.834261
v 0.451268 0.282959 0.608051
v 0.386461 0.852579 0.620680
v 0.468516 0.283936 0.673611
v 0.172497 0.912272 0.673267
v 0.175581 0.892360 0.680614
v 0.459359 0.284847 0.740782
v 0.425193 0.285555 0.799337
v 0.138889 0.284059 0.760329
v 0.353364 1.017394 0.578559
v 0.371217 0.285952 0.840361
v 0.305651 0.285976 0.857611
v 0.121642 0.283083 0.694769
v 0.318546 0.281173 0.512038
v 0.298907 1.030614 0.572698
v 0.340287 0.296638 0.856013
v 0.284224 0.291552 0.506548
v 0.471255 0.294998 0.708050
v 0.271025 0.296468 0.860237
v 0.352978 0.291912 0.515916
v 0.123055 0.294141 0.729289
v 0.412912 0.292601 0.550879
v 0.205421 0.295934 0.837638
v 0.454902 0.293514 0.606115
v 0.118833 0.293156 0.660034
v 0.472555 0.294514 0.673215
v 0.153460 0.295117 0.791655
v 0.463183 0.295447 0.741963
v 0.141438 0.292311 0.594434
v 0.428214 0.296171 0.801893
v 0.135186 0.294640 0.761969
v 0.372971 0.296577 0.843881
v 0.187428 0.291735 0.542477
v 0.305864 0.296602 0.861536
v 0.249801 0.291516 0.512071
v 0.237110 0.296242 0.852168
v 0.117533 0.293640 0.694869
v 0.319062 0.291686 0.507846
v 0.177176 0.295554 0.817205
v 0.126905 0.292708 0.626121
v 0.384667 0.292220 0.530446
v 0.448650 0.295843 0.773650
v 0.161874 0.291983 0.566191
v 0.436627 0.293037 0.576429
v 0.402660 0.296419 0.825607
v 0.217117 0.291577 0.524202
v 0.467033 0.294013 0.638795
v 0.209971 0.307491 0.829610
v 0.454535 0.307029 0.738834
v 0.149264 0.304054 0.598859
v 0.421356 0.307717 0.795695
v 0.143333 0.306264 0.757815
v 0.368942 0.308101 0.835534
v 0.192899 0.303508 0.549562
v 0.305271 0.308125 0.852284
v 0.135475 0.304430 0.628923
v 0.380039 0.303968 0.538147
v 0.429339 0.304743 0.581776
v 0.458188 0.305669 0.640949
v 0.284739 0.303334 0.515473
v 0.462193 0.306603 0.706657
v 0.272217 0.307998 0.851052
v 0.349973 0.303675 0.524361
v 0.131823 0.305791 0.726808
v 0.163458 0.318942 0.606961
v 0.408960 0.322246 0.784561
v 0.158106 0.320935 0.750384
v 0.361668 0.322593 0.820507
v 0.202829 0.318448 0.562481
v 0.304219 0.322614 0.835620
v 0.256225 0.318260 0.536452
v 0.245360 0.322307 0.827601
v 0.142994 0.320079 0.692941
v 0.315518 0.318406 0.532835
v 0.194052 0.321717 0.797670
v 0.151016 0.319281 0.634087
v 0.371681 0.318864 0.552182
v 0.426455 0.321965 0.760383
v 0.180953 0.318660 0.582783
v 0.416163 0.319563 0.591547
v 0.387084 0.322458 0.804863
v 0.228245 0.318313 0.546837
v 0.442192 0.320398 0.644938
v 0.333688 0.322646 0.830892
v 0.285694 0.318292 0.531724
v 0.445806 0.321241 0.704225
v 0.274395 0.322500 0.834509
v 0.344552 0.318599 0.539743
v 0.147721 0.320508 0.722407
v 0.395860 0.319189 0.569674
v 0.218232 0.322043 0.815162
v 0.431807 0.319971 0.616961
v 0.144106 0.319665 0.663119
v 0.446919 0.320827 0.674403
v 0.173750 0.321343 0.775797
v 0.438896 0.321626 0.733257
v 0.261456 0.351999 0.556287
v 0.252090 0.355487 0.807282
v 0.312571 0.352124 0.553170
v 0.207858 0.354979 0.781479
v 0.170758 0.352878 0.640457
v 0.360988 0.352519 0.569848
v 0.196565 0.352344 0.596228
v 0.399335 0.353122 0.603784
v 0.286860 0.352026 0.552212
v 0.337601 0.352291 0.559125
v 0.167916 0.353936 0.716596
v 0.228703 0.355259 0.796558
v 0.412822 0.353474 0.625692
v 0.164801 0.353209 0.665485
v 0.425850 0.354211 0.675213
v 0.190356 0.354656 0.762622
v 0.418933 0.354900 0.725949
v 0.393126 0.355434 0.770178
v 0.352356 0.355734 0.801166
v 0.215424 0.352161 0.578727
v 0.302831 0.355752 0.814195
v 0.359088 0.410183 0.767182
v 0.248013 0.407285 0.586746
v 0.397625 0.408742 0.655347
v 0.321748 0.410314 0.785384
v 0.288186 0.407270 0.576177
v 0.400152 0.409332 0.696806
v 0.280285 0.410212 0.787913
v 0.329346 0.407485 0.581785
v 0.191702 0.408819 0.709520
v 0.365225 0.407897 0.602715
v 0.390363 0.408444 0.635782
v 0.189175 0.408230 0.668061
v 0.400930 0.409042 0.675952
v 0.374386 0.410035 0.752985
v 0.259981 0.410077 0.783082
v 0.188397 0.408520 0.688915
v 0.309042 0.407350 0.576954
v 0.224102 0.409665 0.762152
v 0.194007 0.407961 0.647759
v 0.386620 0.409838 0.736077
v 0.214941 0.407527 0.611882
v 0.223850 0.471142 0.735233
v 0.378310 0.471307 0.710452
v 0.240790 0.469456 0.610967
v 0.299855 0.471883 0.770083
v 0.271896 0.469346 0.595804
v 0.205933 0.470406 0.686966
v 0.371062 0.471504 0.726254
v 0.365067 0.470105 0.627900
v 0.348127 0.471791 0.752165
v 0.249763 0.471549 0.758165
v 0.222381 0.529373 0.715788
v 0.329306 0.530244 0.752622
v 0.268213 0.530094 0.756348
v 0.305065 0.528045 0.601516
v 0.218657 0.528504 0.654701
v 0.259223 0.527996 0.608871
v 0.314609 0.530272 0.758077
v 0.289399 0.527985 0.600932
v 0.373502 0.529534 0.691542
v 0.283464 0.530195 0.759976
v 0.320316 0.528147 0.605144
v 0.216926 0.529149 0.701092
v 0.366148 0.528867 0.645704
v 0.215027 0.528706 0.669950
v 0.374086 0.529317 0.675877
v 0.369872 0.529736 0.706792
v 0.225192 0.528326 0.640452
v 0.354148 0.530062 0.733740
v 0.304745 0.605268 0.600902
v 0.241320 0.606996 0.739189
v 0.218848 0.605724 0.653772
v 0.334071 0.605506 0.611004
v 0.362672 0.607126 0.719719
v 0.234480 0.605400 0.626983
v 0.357298 0.605872 0.631559
v 0.342114 0.607383 0.742945
v 0.259174 0.605219 0.608213
v 0.370890 0.606308 0.659438
v 0.314233 0.607481 0.756536
v 0.289172 0.605208 0.600322
v 0.372777 0.606748 0.690395
v 0.283272 0.607405 0.758425
v 0.319906 0.605368 0.604509
v 0.217128 0.606365 0.699889
v 0.346697 0.605676 0.620138
v 0.253946 0.607166 0.748323
v 0.365467 0.606085 0.644829
v 0.215240 0.605925 0.668931
v 0.373358 0.606532 0.674823
v 0.230719 0.606801 0.727768
v 0.369169 0.606949 0.705555
v 0.225345 0.605547 0.639608
v 0.353537 0.607272 0.732344
v 0.222550 0.606588 0.714498
v 0.328843 0.607454 0.751113
v 0.245903 0.605290 0.616382
v 0.298845 0.607465 0.759005
v 0.273785 0.605191 0.602790
v 0.268111 0.607304 0.754818
v 0.214659 0.606141 0.684503
v 0.271431 0.622552 0.593818
v 0.265113 0.624905 0.763105
v 0.288565 0.622571 0.591069
v 0.305906 0.622637 0.591715
v 0.235281 0.624562 0.745702
v 0.322788 0.622749 0.595731
v 0.338562 0.622903 0.602964
v 0.370410 0.624706 0.724021
v 0.364425 0.623310 0.625853
v 0.347518 0.624993 0.749884
v 0.379560 0.623795 0.656896
v 0.316471 0.625102 0.765019
v 0.381662 0.624286 0.691368
v 0.281995 0.625017 0.767121
v 0.208341 0.623859 0.701940
v 0.352621 0.623092 0.613135
v 0.249340 0.624751 0.755872
v 0.373522 0.623547 0.640629
v 0.206240 0.623369 0.667468
v 0.382309 0.624045 0.674029
v 0.223476 0.624345 0.732984
v 0.377644 0.624509 0.708249
v 0.205593 0.623610 0.684808
v 0.217492 0.622948 0.634815
v 0.360238 0.624870 0.738080
v 0.210258 0.623146 0.650587
v 0.214380 0.624107 0.718207
v 0.332740 0.625071 0.758980
v 0.227664 0.622785 0.620757
v 0.240384 0.622662 0.608952
v 0.299336 0.625084 0.767768
v 0.255162 0.622583 0.599856
v 0.245976 0.635190 0.580921
v 0.399697 0.636688 0.651406
v 0.402294 0.637294 0.694004
v 0.188119 0.636768 0.707068
v 0.366408 0.635820 0.597330
v 0.341840 0.638265 0.777553
v 0.300563 0.638281 0.788412
v 0.258273 0.638060 0.782650
v 0.308681 0.635257 0.570861
v 0.221408 0.637636 0.761145
v 0.190487 0.635886 0.643611
v 0.388390 0.637814 0.734354
v 0.211996 0.635440 0.606748
v 0.167632 0.647474 0.712298
v 0.380388 0.646343 0.581345
v 0.411208 0.647014 0.621889
v 0.164534 0.646751 0.661465
v 0.189950 0.648190 0.758075
v 0.391619 0.648964 0.765590
v 0.176537 0.647840 0.736286
v 0.351071 0.649261 0.796409
v 0.301814 0.649280 0.809368
v 0.260664 0.645547 0.552860
v 0.251349 0.649016 0.802492
v 0.163580 0.647106 0.687034
v 0.311502 0.645672 0.549760
v 0.207357 0.648510 0.776829
v 0.170458 0.646421 0.636573
v 0.359656 0.646064 0.566348
v 0.406619 0.648723 0.744859
v 0.196126 0.645890 0.592585
v 0.397795 0.646664 0.600099
v 0.372863 0.649145 0.782996
v 0.236674 0.645592 0.561765
v 0.420112 0.647379 0.645876
v 0.285931 0.645573 0.548807
v 0.423211 0.648102 0.696709
v 0.336396 0.645837 0.555682
v 0.183466 0.656531 0.762866
v 0.424927 0.656789 0.724126
v 0.174093 0.654344 0.609112
v 0.397665 0.657353 0.770848
v 0.169219 0.656160 0.739723
v 0.354597 0.657669 0.803583
v 0.209947 0.653895 0.568606
v 0.302280 0.657689 0.817346
v 0.258573 0.653724 0.544901
v 0.248679 0.657409 0.810043
v 0.155457 0.655380 0.687412
v 0.312570 0.653857 0.541608
v 0.201954 0.656872 0.782786
v 0.162763 0.654653 0.633816
v 0.363716 0.654273 0.559227
v 0.413597 0.657097 0.748829
v 0.190025 0.654088 0.587094
v 0.404224 0.654910 0.595075
v 0.377743 0.657546 0.789336
v 0.233093 0.653772 0.554359
v 0.427929 0.655671 0.643696
v 0.329116 0.657718 0.813040
v 0.285410 0.653753 0.540596
v 0.431220 0.656439 0.697688
v 0.275120 0.657585 0.816334
v 0.339011 0.654033 0.547899
v 0.159761 0.655771 0.714245
v 0.385736 0.654570 0.575156
v 0.223974 0.657168 0.798715
v 0.418471 0.655282 0.618219
v 0.156470 0.655003 0.660254
v 0.432233 0.656061 0.670530
v 0.213052 0.662621 0.572607
v 0.301937 0.666273 0.812056
v 0.259862 0.662456 0.549788
v 0.250338 0.666003 0.805026
v 0.160597 0.664050 0.686975
v 0.311842 0.662584 0.546617
v 0.205358 0.665486 0.778787
v 0.167630 0.663350 0.635381
v 0.361077 0.662985 0.563578
v 0.409096 0.665703 0.746099
v 0.193874 0.662807 0.590404
v 0.400073 0.663598 0.598088
v 0.374581 0.666135 0.785092
v 0.235333 0.662502 0.558892
v 0.422892 0.664330 0.644893
v 0.327770 0.666300 0.807911
v 0.285696 0.662483 0.545643
v 0.426060 0.665069 0.696867
v 0.275791 0.666172 0.811082
v 0.337295 0.662753 0.552673
v 0.164741 0.664426 0.712806
v 0.382275 0.663270 0.578912
v 0.226555 0.665771 0.794121
v 0.413787 0.663956 0.620366
v 0.161572 0.663687 0.660832
v 0.427036 0.664706 0.670724
v 0.187560 0.665158 0.759611
v 0.420002 0.665406 0.722318
v 0.178537 0.663053 0.611600
v 0.393759 0.665949 0.767295
v 0.173845 0.664800 0.737333
v 0.352299 0.666254 0.798807
v 0.181828 0.669419 0.640195
v 0.365461 0.671890 0.773038
v 0.332376 0.668889 0.566807
v 0.234114 0.671567 0.781049
v 0.412005 0.670622 0.671556
v 0.191506 0.669155 0.619094
v 0.215305 0.671314 0.767443
v 0.287604 0.671832 0.577294
v 0.394484 0.673801 0.692444
v 0.280061 0.674641 0.779414
v 0.326894 0.672037 0.582647
v 0.195502 0.673312 0.704581
v 0.361144 0.672431 0.602627
v 0.242571 0.674336 0.766499
v 0.385139 0.672953 0.634192
v 0.193089 0.672749 0.665005
v 0.395227 0.673524 0.672537
v 0.212877 0.673869 0.740221
v 0.389872 0.674057 0.711824
v 0.206007 0.672266 0.627517
v 0.369888 0.674471 0.746072
v 0.202434 0.673596 0.723257
v 0.338319 0.674703 0.770067
v 0.232288 0.671937 0.597826
v 0.299970 0.674717 0.780156
v 0.267932 0.671811 0.580450
v 0.260680 0.674512 0.774802
v 0.192346 0.673025 0.684912
v 0.307512 0.671908 0.578036
v 0.226430 0.674119 0.754822
v 0.197702 0.672492 0.645625
v 0.345003 0.672214 0.590951
v 0.381567 0.674284 0.729932
v 0.217685 0.672078 0.611377
v 0.374696 0.672681 0.617228
v 0.355285 0.674613 0.759624
v 0.249255 0.671846 0.587383
v 0.392072 0.673238 0.652868
v 0.319641 0.674738 0.776999
v 0.387555 0.679128 0.632918
v 0.190383 0.678918 0.664552
v 0.397912 0.679714 0.672286
v 0.210699 0.680068 0.741775
v 0.339486 0.680925 0.772416
v 0.230628 0.678084 0.595581
v 0.300114 0.680939 0.782774
v 0.267222 0.677956 0.577742
v 0.259776 0.680729 0.777278
v 0.307858 0.678056 0.575264
v 0.224613 0.680324 0.756765
v 0.195119 0.678655 0.644656
v 0.383887 0.680494 0.731211
v 0.215635 0.678230 0.609495
v 0.376834 0.678848 0.615501
v 0.356905 0.680832 0.761695
v 0.397150 0.679999 0.692724
v 0.327756 0.678188 0.579998
v 0.192860 0.679496 0.705184
v 0.362920 0.678592 0.600511
v 0.374103 0.688672 0.749645
v 0.197272 0.687748 0.725552
v 0.340766 0.688917 0.774983
v 0.228798 0.685996 0.593098
v 0.300269 0.688932 0.785637
v 0.266438 0.685863 0.574749
v 0.258779 0.688716 0.779984
v 0.186619 0.687145 0.685060
v 0.308234 0.685966 0.572200
v 0.222611 0.688300 0.758885
v 0.192275 0.686582 0.643574
v 0.347824 0.686288 0.585837
v 0.386435 0.688474 0.732601
v 0.213377 0.686145 0.607408
v 0.379180 0.686781 0.613587
v 0.358682 0.688822 0.763956
v 0.246714 0.685900 0.582070
v 0.397528 0.687370 0.651222
v 0.321042 0.688954 0.782304
v 0.287210 0.685885 0.571416
v 0.400076 0.687964 0.693014
v 0.279246 0.688852 0.784854
v 0.328701 0.686102 0.577069
v 0.189951 0.687448 0.705831
v 0.364869 0.686518 0.598168
v 0.239656 0.688529 0.771216
v 0.390208 0.687069 0.631501
v 0.187404 0.686853 0.664039
v 0.400861 0.687672 0.671993
v 0.208300 0.688036 0.743467
v 0.395205 0.688235 0.713479
v 0.201045 0.686343 0.624452
v 0.258964 0.700376 0.779171
v 0.187266 0.698815 0.684855
v 0.308103 0.697644 0.572716
v 0.223027 0.699962 0.758208
v 0.192885 0.698256 0.643634
v 0.347439 0.697964 0.586267
v 0.385804 0.700136 0.732092
v 0.213852 0.697822 0.607700
v 0.378595 0.698454 0.613838
v 0.358228 0.700481 0.763246
v 0.246976 0.697578 0.582523
v 0.396826 0.699039 0.651233
v 0.320829 0.700613 0.781477
v 0.287214 0.697563 0.571938
v 0.399357 0.699629 0.692758
v 0.279300 0.700511 0.784010
v 0.328438 0.697779 0.577554
v 0.190577 0.699116 0.705493
v 0.364375 0.698192 0.598518
v 0.239963 0.700190 0.770459
v 0.389552 0.698740 0.631638
v 0.188045 0.698525 0.663968
v 0.400137 0.699339 0.671871
v 0.208808 0.699701 0.742888
v 0.394518 0.699898 0.713092
v 0.201599 0.698019 0.624634
v 0.373550 0.700333 0.749026
v 0.197850 0.699415 0.725088
v 0.340426 0.700576 0.774203
v 0.229174 0.697673 0.593480
v 0.300189 0.700591 0.784788
v 0.266574 0.697541 0.575249
v 0.353999 0.709105 0.757599
v 0.249988 0.706391 0.588639
v 0.390085 0.707756 0.652877
v 0.319034 0.709228 0.774643
v 0.287607 0.706377 0.578742
v 0.392452 0.708308 0.691699
v 0.280208 0.709132 0.777012
v 0.326149 0.706578 0.583993
v 0.197259 0.707828 0.703605
v 0.359746 0.706964 0.603593
v 0.243432 0.708833 0.764343
v 0.383285 0.707476 0.634557
v 0.194893 0.707276 0.664782
v 0.393181 0.708037 0.672171
v 0.214304 0.708375 0.738566
v 0.387927 0.708560 0.710710
v 0.207565 0.706802 0.628009
v 0.368324 0.708966 0.744305
v 0.204060 0.708107 0.721925
v 0.337356 0.709193 0.767843
v 0.233345 0.706479 0.598883
v 0.299738 0.709207 0.777739
v 0.268310 0.706356 0.581838
v 0.261196 0.709006 0.772488
v 0.194164 0.707547 0.684310
v 0.307137 0.706452 0.579470
v 0.227598 0.708620 0.752889
v 0.199418 0.707024 0.645772
v 0.343913 0.706751 0.592139
v 0.379780 0.708782 0.728473
v 0.219021 0.706618 0.612176
v 0.373041 0.707209 0.617916
v 0.209617 0.712374 0.700286
v 0.351252 0.711621 0.613109
v 0.249864 0.713250 0.753229
v 0.371770 0.712067 0.640099
v 0.207554 0.711893 0.666446
v 0.380395 0.712556 0.672886
v 0.224474 0.712850 0.730761
v 0.375816 0.713012 0.706479
v 0.218600 0.711480 0.634391
v 0.358729 0.713366 0.735763
v 0.215545 0.712617 0.716255
v 0.331735 0.713564 0.756280
v 0.241072 0.711198 0.609003
v 0.298944 0.713576 0.764907
v 0.271550 0.711091 0.594146
v 0.265349 0.713401 0.760330
v 0.206919 0.712129 0.683468
v 0.305394 0.711174 0.592081
v 0.236063 0.713064 0.743245
v 0.211498 0.711673 0.649875
v 0.337450 0.711435 0.603124
v 0.368715 0.713205 0.721962
v 0.228586 0.711319 0.620591
v 0.362840 0.711834 0.625593
v 0.346242 0.713487 0.747351
v 0.255579 0.711121 0.600074
v 0.377697 0.712311 0.656068
v 0.315765 0.713594 0.762208
v 0.288370 0.711109 0.591447
v 0.379760 0.712792 0.689908
v 0.281921 0.713511 0.764272
v 0.321966 0.711284 0.596024
v 0.222661 0.719617 0.732027
v 0.377921 0.719782 0.707117
v 0.216634 0.718211 0.633163
v 0.239688 0.717922 0.607117
v 0.299059 0.720361 0.767058
v 0.270955 0.717812 0.591875
v 0.264593 0.720181 0.762362
v 0.370636 0.719981 0.723001
v 0.347582 0.720270 0.749047
v 0.316315 0.720380 0.764289
v 0.288211 0.717830 0.589107
v 0.322676 0.718010 0.593803
v 0.207419 0.719128 0.700764
v 0.352721 0.718356 0.611329
v 0.248708 0.720026 0.755078
v 0.373770 0.718814 0.639018
v 0.205303 0.718634 0.666047
v 0.382619 0.719315 0.672655
v 0.237737 0.723569 0.604495
v 0.299234 0.726096 0.770165
v 0.270124 0.723455 0.588708
v 0.263534 0.725910 0.765301
v 0.201445 0.724559 0.683625
v 0.306087 0.723544 0.586514
v 0.232414 0.725552 0.747147
v 0.206311 0.724074 0.647927
v 0.340152 0.723821 0.598249
v 0.373375 0.725702 0.724531
v 0.224468 0.723698 0.616809
v 0.367132 0.724246 0.622125
v 0.349495 0.726001 0.751509
v 0.253153 0.723487 0.595007
v 0.382920 0.724752 0.654508
v 0.317108 0.726115 0.767297
v 0.287998 0.723475 0.585840
v 0.385113 0.725264 0.690468
v 0.281145 0.726027 0.769491
v 0.323698 0.723661 0.590704
v 0.204312 0.724819 0.701497
v 0.354818 0.724019 0.608858
v 0.247080 0.725749 0.757756
v 0.376621 0.724493 0.637539
v 0.202119 0.724307 0.665536
v 0.385788 0.725012 0.672380
v 0.220100 0.725325 0.733880
v 0.380921 0.725497 0.708077
v 0.213857 0.723869 0.631474
v 0.362764 0.725873 0.739196
v 0.210611 0.725078 0.718466
v 0.334079 0.726083 0.760998
v 0.205002 0.730994 0.647387
v 0.340815 0.730737 0.596977
v 0.374527 0.732646 0.725119
v 0.223427 0.730612 0.615811
v 0.368192 0.731168 0.621205
v 0.350295 0.732949 0.752495
v 0.252534 0.730399 0.593687
v 0.384213 0.731682 0.654065
v 0.317431 0.733065 0.768515
v 0.287892 0.730385 0.584385
v 0.386437 0.732201 0.690555
v 0.280938 0.732975 0.770741
v 0.324118 0.730575 0.589321
v 0.202973 0.731749 0.701745
v 0.355697 0.730938 0.607743
v 0.246371 0.732694 0.758834
v 0.377821 0.731419 0.636846
v 0.200749 0.731230 0.665256
v 0.387122 0.731946 0.672200
v 0.218994 0.732263 0.734606
v 0.382184 0.732437 0.708423
v 0.212659 0.730785 0.630692
v 0.363759 0.732819 0.740000
v 0.209365 0.732012 0.718964
v 0.334652 0.733033 0.762123
v 0.236891 0.730482 0.603316
v 0.299294 0.733046 0.771425
v 0.269755 0.730366 0.587295
v 0.263068 0.732857 0.766490
v 0.200064 0.731486 0.683610
v 0.306248 0.730456 0.585069
v 0.231489 0.732494 0.748068
v 0.288096 0.738049 0.588042
v 0.382676 0.739791 0.689939
v 0.281422 0.740534 0.766899
v 0.322864 0.738230 0.592779
v 0.206595 0.739358 0.700679
v 0.353173 0.738579 0.610459
v 0.248246 0.740264 0.755471
v 0.374406 0.739041 0.638392
v 0.204460 0.738860 0.665658
v 0.383333 0.739546 0.672323
v 0.221970 0.739851 0.732217
v 0.378594 0.740018 0.707089
v 0.215891 0.738432 0.632485
v 0.360911 0.740384 0.737395
v 0.212729 0.739610 0.717206
v 0.332975 0.740589 0.758628
v 0.239147 0.738141 0.606210
v 0.299039 0.740602 0.767555
v 0.270689 0.738030 0.590835
v 0.264271 0.740420 0.762818
v 0.203802 0.739105 0.683274
v 0.305714 0.738116 0.588698
v 0.233963 0.740072 0.745138
v 0.208542 0.738633 0.648509
v 0.338889 0.738386 0.600127
v 0.371245 0.740218 0.723112
v 0.226225 0.738266 0.618203
v 0.365165 0.738800 0.623380
v 0.347988 0.740510 0.749387
v 0.254161 0.738061 0.596969
v 0.380541 0.739293 0.654918
v 0.316447 0.740621 0.764763
v 0.363913 0.747651 0.643373
v 0.215967 0.747493 0.667109
v 0.371684 0.748091 0.672912
v 0.231211 0.748356 0.725052
v 0.367559 0.748501 0.703177
v 0.225918 0.747121 0.638231
v 0.352164 0.748820 0.729559
v 0.223166 0.748146 0.711984
v 0.327845 0.748999 0.748044
v 0.246164 0.746867 0.615358
v 0.298303 0.749010 0.755816
v 0.273622 0.746771 0.601972
v 0.268035 0.748852 0.751692
v 0.215395 0.747706 0.682445
v 0.304113 0.746846 0.600112
v 0.241651 0.748548 0.736300
v 0.219520 0.747295 0.652180
v 0.332994 0.747081 0.610061
v 0.361161 0.748676 0.717126
v 0.234914 0.746976 0.625797
v 0.355868 0.747441 0.630304
v 0.340915 0.748929 0.739999
v 0.259234 0.746798 0.607313
v 0.369253 0.747870 0.657760
v 0.313456 0.749026 0.753384
v 0.288776 0.746787 0.599541
v 0.371112 0.748304 0.688247
v 0.282966 0.748951 0.755244
v 0.319043 0.746945 0.603665
v 0.217825 0.747927 0.697597
v 0.345428 0.747248 0.619056
v 0.254085 0.748716 0.745295
v 0.363535 0.777265 0.739309
v 0.209310 0.776459 0.718296
v 0.334460 0.777478 0.761408
v 0.236805 0.774930 0.602774
v 0.299140 0.777491 0.770700
v 0.269634 0.774814 0.586771
v 0.262954 0.777302 0.765770
v 0.200019 0.775933 0.682981
v 0.231410 0.776940 0.747368
v 0.204951 0.775442 0.646797
v 0.340616 0.775185 0.596442
v 0.374291 0.777092 0.724444
v 0.223356 0.775060 0.615255
v 0.367964 0.775615 0.620644
v 0.252431 0.774847 0.593156
v 0.383967 0.776129 0.653468
v 0.317258 0.777511 0.767793
v 0.287751 0.774834 0.583864
v 0.280804 0.777421 0.770017
v 0.323937 0.775023 0.588794
v 0.202925 0.776196 0.701096
v 0.355482 0.775385 0.607196
v 0.246276 0.777140 0.758122
v 0.377582 0.775866 0.636268
v 0.200703 0.775678 0.664646
v 0.386873 0.776392 0.671583
v 0.218928 0.776710 0.733921
v 0.381940 0.776883 0.707767
v 0.212600 0.775233 0.630120
v 0.189748 0.810942 0.683109
v 0.395595 0.829783 0.641379
v 0.191609 0.823567 0.708799
v 0.191532 0.829203 0.706538
v 0.190152 0.823492 0.703736
v 0.189356 0.829467 0.701290
v 0.188963 0.823439 0.698635
v 0.386781 0.823056 0.625220
v 0.389209 0.829575 0.626783
v 0.389181 0.823131 0.629873
v 0.391387 0.829589 0.631528
v 0.392560 0.829675 0.633990
v 0.195206 0.823730 0.718608
v 0.397237 0.842848 0.642878
v 0.398827 0.842982 0.643529
v 0.401034 0.850041 0.642215
v 0.401888 0.850081 0.644781
v 0.185936 0.857945 0.714701
v 0.183038 0.864742 0.712276
v 0.178761 0.877921 0.712025
v 0.180618 0.871519 0.709752
v 0.176468 0.884719 0.709557
v 0.187497 0.839773 0.695576
v 0.403607 0.884257 0.625210
v 0.399204 0.864971 0.632505
v 0.403364 0.877496 0.628657
v 0.188370 0.864364 0.727131
v 0.193509 0.849043 0.721828
v 0.195614 0.839913 0.718061
v 0.177855 0.863652 0.687778
v 0.173464 0.877469 0.683020
v 0.173184 0.877415 0.677277
v 0.386781 0.877053 0.600963
v 0.387289 0.870223 0.604388
v 0.389059 0.883658 0.601934
v 0.386299 0.856433 0.608910
v 0.388434 0.876742 0.605025
v 0.387818 0.863141 0.609898
v 0.387769 0.869662 0.608147
v 0.169067 0.916889 0.707912
v 0.167754 0.916819 0.701769
v 0.165870 0.929026 0.701984
v 0.379469 0.934007 0.577272
v 0.380284 0.915802 0.581423
v 0.381437 0.928017 0.579968
v 0.384786 0.915878 0.585819
v 0.383489 0.927294 0.583931
v 0.228368 0.918167 0.786041
v 0.403178 0.897606 0.618650
v 0.412414 0.928737 0.623991
v 0.164322 0.922371 0.666879
v 0.163674 0.928469 0.663837
v 0.190908 0.917578 0.752891
v 0.417741 0.929980 0.711386
v 0.182241 0.915556 0.610709
v 0.388985 0.918338 0.760272
v 0.349159 0.918631 0.790542
v 0.215396 0.915141 0.573251
v 0.300780 0.918649 0.803270
v 0.260363 0.914982 0.551331
v 0.251213 0.918390 0.796516
v 0.165659 0.929359 0.690404
v 0.167975 0.903449 0.674846
v 0.310295 0.915105 0.548286
v 0.208005 0.917893 0.771310
v 0.171763 0.915841 0.633553
v 0.403718 0.918102 0.739910
v 0.196974 0.915319 0.590348
v 0.386368 0.903199 0.592021
v 0.385463 0.914741 0.589186
v 0.236800 0.915027 0.560077
v 0.325596 0.918675 0.799288
v 0.285179 0.915009 0.547350
v 0.422102 0.929688 0.689517
v 0.275664 0.918552 0.802334
v 0.334746 0.915268 0.554103
v 0.188609 0.965488 0.753846
v 0.417425 0.977013 0.710680
v 0.179760 0.963423 0.608683
v 0.175158 0.965137 0.731996
v 0.213610 0.962999 0.570440
v 0.300785 0.966581 0.805281
v 0.259520 0.962838 0.548060
v 0.250179 0.966317 0.798386
v 0.161937 0.952741 0.682915
v 0.162165 0.964402 0.682607
v 0.161957 0.958627 0.679737
v 0.162466 0.964528 0.676788
v 0.162996 0.975683 0.676015
v 0.310499 0.962963 0.544950
v 0.206065 0.965810 0.772652
v 0.168484 0.980107 0.640619
v 0.168140 0.975171 0.638277
v 0.363616 0.974802 0.565721
v 0.405881 0.966023 0.740593
v 0.194802 0.963182 0.587895
v 0.392138 0.975250 0.590963
v 0.394942 0.958212 0.593523
v 0.397388 0.952251 0.595385
v 0.372031 0.966447 0.778836
v 0.235463 0.962883 0.556989
v 0.417034 0.946882 0.632238
v 0.414780 0.981422 0.632489
v 0.418043 0.946928 0.635298
v 0.417460 0.975999 0.638385
v 0.326121 0.966608 0.801216
v 0.284857 0.962865 0.543995
v 0.423469 0.965270 0.682721
v 0.423382 0.953647 0.689333
v 0.421781 0.976721 0.688840
v 0.275142 0.966483 0.804326
v 0.166229 0.964770 0.707941
v 0.374971 0.951846 0.572313
v 0.373083 0.962582 0.572168
v 0.377426 0.945934 0.574484
v 0.375187 0.956646 0.574006
v 0.376596 0.950526 0.576140
v 0.384712 0.980834 0.585931
v 0.226854 0.966090 0.787691
v 0.413591 0.952686 0.623116
v 0.412105 0.975771 0.623397
v 0.165973 0.942909 0.658082
v 0.164778 0.956859 0.651667
v 0.163834 0.952204 0.650661
v 0.164973 0.963066 0.648988
v 0.423632 0.965090 0.669877
v 0.300139 1.008756 0.796405
v 0.261491 1.005249 0.555493
v 0.252742 1.008508 0.789947
v 0.170309 1.006714 0.681509
v 0.302855 1.014594 0.556078
v 0.211425 1.008033 0.765844
v 0.173338 0.989939 0.634627
v 0.175489 0.994655 0.631913
v 0.175962 0.996243 0.627437
v 0.181820 1.001974 0.625909
v 0.350682 0.995910 0.562590
v 0.346662 1.002385 0.564568
v 0.350685 0.998458 0.564815
v 0.354119 0.994122 0.565469
v 0.357693 1.019081 0.579824
v 0.398573 1.008232 0.735818
v 0.200332 1.014869 0.599968
v 0.208026 1.014773 0.591276
v 0.390284 1.006299 0.599859
v 0.366868 1.008629 0.771636
v 0.238960 1.005292 0.563856
v 0.410260 1.002043 0.633729
v 0.406730 1.011507 0.634798
v 0.401978 1.020460 0.636295
v 0.411216 1.002087 0.636626
v 0.407657 1.011549 0.637609
v 0.402867 1.020501 0.638989
v 0.410444 1.006928 0.639953
v 0.323870 1.008781 0.792597
v 0.415045 1.007527 0.681615
v 0.417704 0.997895 0.688096
v 0.410213 1.016786 0.687004
v 0.409428 1.016863 0.692756
v 0.406285 1.021298 0.695063
v 0.405731 1.021335 0.697846
v 0.276123 1.008663 0.795510
v 0.325649 1.014726 0.560335
v 0.327457 1.018926 0.563631
v 0.332619 1.005522 0.558143
v 0.331184 1.014772 0.562088
v 0.335017 1.012939 0.563573
v 0.174116 1.007060 0.705237
v 0.364139 1.014998 0.580291
v 0.366600 1.015156 0.581625
v 0.371499 1.005989 0.581093
v 0.373936 1.005997 0.582246
v 0.380587 0.996315 0.584215
v 0.230897 1.008295 0.779930
v 0.402882 1.006627 0.620324
v 0.401394 1.015920 0.627362
v 0.167602 0.996724 0.663454
v 0.171602 1.006290 0.657734
v 0.177207 1.015141 0.652700
v 0.415198 1.007359 0.669586
v 0.195076 1.007732 0.748231
v 0.413484 0.998178 0.709258
v 0.406243 1.017051 0.706908
v 0.185264 1.009153 0.620091
v 0.183884 1.005862 0.617542
v 0.189145 1.012572 0.617757
v 0.186788 1.005798 0.612272
v 0.190629 1.014858 0.614286
v 0.194990 1.018348 0.612843
v 0.193528 1.014979 0.609373
v 0.384484 1.008459 0.755288
v 0.182479 1.007403 0.727766
v 0.346401 1.008738 0.784234
v 0.341072 1.031955 0.580508
v 0.345060 1.027578 0.579846
v 0.347461 1.027794 0.580140
v 0.345604 1.032043 0.582829
v 0.349841 1.027957 0.580958
v 0.354319 1.028002 0.583887
v 0.376036 1.041708 0.722263
v 0.207005 1.024304 0.606628
v 0.224775 1.046169 0.619450
v 0.209601 1.026797 0.603236
v 0.212768 1.027766 0.599509
v 0.217666 1.030162 0.599517
v 0.231469 1.045179 0.614566
v 0.369503 1.040184 0.615097
v 0.351046 1.042022 0.750496
v 0.241834 1.035450 0.586465
v 0.246140 1.035518 0.584013
v 0.246502 1.031662 0.579137
v 0.250240 1.037445 0.586092
v 0.251196 1.031647 0.576989
v 0.254553 1.037914 0.584376
v 0.395741 1.028941 0.638309
v 0.370771 1.050536 0.646559
v 0.396580 1.028979 0.640850
v 0.371406 1.050565 0.648487
v 0.317153 1.042141 0.767018
v 0.279025 1.035505 0.573513
v 0.281050 1.031636 0.569135
v 0.283879 1.035014 0.572981
v 0.286194 1.031647 0.568694
v 0.287726 1.048901 0.592053
v 0.288398 1.033509 0.572658
v 0.291353 1.031662 0.568506
v 0.291697 1.048976 0.591607
v 0.389020 1.041153 0.679539
v 0.397137 1.033650 0.685317
v 0.378844 1.048062 0.687399
v 0.383069 1.044809 0.690414
v 0.399281 1.029767 0.696365
v 0.279517 1.042048 0.769314
v 0.319638 1.038715 0.583548
v 0.326158 1.038881 0.583787
v 0.330067 1.035291 0.581451
v 0.328387 1.039087 0.584374
v 0.325044 1.046550 0.592333
v 0.332374 1.035524 0.581508
v 0.199112 1.040784 0.698158
v 0.366092 1.032329 0.598430
v 0.243869 1.041758 0.757034
v 0.372907 1.047364 0.639074
v 0.196818 1.040249 0.660526
v 0.389141 1.041020 0.670057
v 0.215634 1.041314 0.732047
v 0.202769 1.035531 0.630477
v 0.206924 1.039768 0.629165
v 0.214972 1.046758 0.633188
v 0.205955 1.035055 0.627491
v 0.210061 1.039125 0.626087
v 0.213407 1.038839 0.623463
v 0.219296 1.046669 0.625779
v 0.364931 1.041887 0.737610
v 0.205704 1.041055 0.715916
v 0.334913 1.042107 0.760426
v 0.238246 1.049173 0.612294
v 0.224928 1.031756 0.593193
v 0.230009 1.033147 0.594265
v 0.228957 1.031729 0.589966
v 0.233663 1.034747 0.591650
v 0.233141 1.031700 0.586944
v 0.237600 1.035496 0.589038
v 0.298448 1.042121 0.770019
v 0.263416 1.038674 0.581325
v 0.265834 1.031626 0.571961
v 0.267741 1.037972 0.579658
v 0.269284 1.035576 0.575328
v 0.270857 1.031625 0.570770
v 0.278058 1.048863 0.594216
v 0.261088 1.041926 0.764929
v 0.196112 1.040512 0.679455
v 0.301244 1.029916 0.569032
v 0.299698 1.049371 0.591294
v 0.304679 1.027616 0.565367
v 0.302490 1.045467 0.588853
v 0.304565 1.045597 0.588738
v 0.303708 1.049541 0.591477
v 0.309842 1.027236 0.566110
v 0.305716 1.049552 0.591776
v 0.308664 1.045887 0.588512
v 0.314157 1.025751 0.566347
v 0.228521 1.041551 0.745931
v 0.191583 1.032392 0.644341
v 0.195671 1.031865 0.635279
v 0.352998 1.062394 0.677015
v 0.361138 1.058637 0.680966
v 0.360680 1.058683 0.684324
v 0.344737 1.065387 0.681660
v 0.364766 1.056446 0.686841
v 0.348197 1.064052 0.683645
v 0.364413 1.056470 0.688610
v 0.347925 1.064070 0.685009
v 0.284311 1.062955 0.733328
v 0.312244 1.061402 0.615967
v 0.233876 1.062162 0.688694
v 0.332673 1.061637 0.627884
v 0.261950 1.062773 0.725625
v 0.346985 1.061949 0.646711
v 0.341142 1.064965 0.652402
v 0.232437 1.061826 0.665089
v 0.353074 1.062310 0.671067
v 0.244239 1.062495 0.709952
v 0.358821 1.058792 0.692585
v 0.337888 1.062854 0.713441
v 0.238010 1.062332 0.699833
v 0.296186 1.063001 0.733770
v 0.276432 1.065568 0.626487
v 0.270355 1.054962 0.603291
v 0.277584 1.065567 0.626107
v 0.273310 1.057309 0.607004
v 0.277331 1.054959 0.601456
v 0.279123 1.059406 0.609949
v 0.279100 1.054960 0.601104
v 0.272751 1.062878 0.730578
v 0.231994 1.061991 0.676962
v 0.299157 1.065613 0.624259
v 0.300357 1.065619 0.624438
v 0.302200 1.064398 0.621209
v 0.252323 1.062644 0.718660
v 0.235188 1.061674 0.653530
v 0.323046 1.061507 0.620919
v 0.340756 1.061786 0.636592
v 0.351481 1.062140 0.659293
v 0.307919 1.063013 0.731888
v 0.283820 1.059410 0.609137
v 0.284452 1.054967 0.600313
v 0.328219 1.070028 0.671862
v 0.323362 1.071054 0.682123
v 0.278460 1.067499 0.632381
v 0.279465 1.067498 0.632050
v 0.298306 1.067538 0.630436
v 0.299353 1.067544 0.630591
v 0.279808 1.070369 0.643579
v 0.321560 1.071223 0.663151
v 0.324441 1.070981 0.676710
v 0.324228 1.071002 0.678274
v 0.304125 1.069492 0.639346
v 0.322043 1.070746 0.660489
v 0.316091 1.074486 0.686889
v 0.271969 1.073892 0.654971
v 0.314241 1.074054 0.656546
v 0.309015 1.074574 0.694883
v 0.280468 1.073830 0.648511
v 0.281424 1.072461 0.647340
v 0.281670 1.075411 0.647896
v 0.319617 1.072229 0.663803
v 0.318568 1.073468 0.664145
v 0.318274 1.074940 0.664223
v 0.318592 1.076638 0.664088
v 0.319838 1.072239 0.664472
v 0.318780 1.073478 0.664788
v 0.318483 1.074950 0.664860
v 0.318804 1.076648 0.664733
v 0.319404 1.072839 0.665322
v 0.318740 1.074195 0.665494
v 0.318770 1.075780 0.665462
v 0.319082 1.074214 0.666793
v 0.299418 1.074608 0.699561
v 0.289313 1.071859 0.644596
v 0.289430 1.073112 0.645677
v 0.289459 1.074588 0.645961
v 0.290069 1.072459 0.645178
v 0.290123 1.073824 0.645844
v 0.290115 1.075409 0.645785
v 0.291443 1.072463 0.645095
v 0.291464 1.073828 0.645762
v 0.292134 1.073119 0.645512
v 0.292820 1.072467 0.645078
v 0.292807 1.073832 0.645746
v 0.319767 1.074328 0.674792
v 0.320338 1.072995 0.676225
v 0.319682 1.075933 0.676112
v 0.320152 1.073013 0.677589
v 0.319470 1.074365 0.677461
v 0.319501 1.075951 0.677444
v 0.320686 1.072437 0.678397
v 0.319596 1.073668 0.678177
v 0.319290 1.075138 0.678100
v 0.319621 1.076838 0.678139
v 0.320549 1.072446 0.679088
v 0.319464 1.073677 0.678841
v 0.319160 1.075147 0.678757
v 0.319489 1.076847 0.678804
v 0.288762 1.074582 0.700211
v 0.301371 1.073881 0.647236
v 0.265996 1.074224 0.680064
v 0.310592 1.073987 0.652615
v 0.278669 1.074500 0.696734
v 0.317053 1.074128 0.661113
v 0.318247 1.072790 0.662083
v 0.317640 1.075732 0.662298
v 0.265347 1.074073 0.669409
v 0.319801 1.074291 0.672108
v 0.270674 1.074374 0.689659
v 0.319397 1.073058 0.680945
v 0.318763 1.075994 0.680722
v 0.318327 1.074425 0.682014
v 0.268825 1.073943 0.659316
v 0.312946 1.074536 0.691235
v 0.267863 1.074301 0.685092
v 0.304447 1.074599 0.697695
v 0.275900 1.073854 0.651322
v 0.294122 1.074603 0.700411
v 0.283137 1.071858 0.645980
v 0.283492 1.073111 0.647008
v 0.283587 1.074587 0.647276
v 0.283470 1.076281 0.646929
v 0.283807 1.071857 0.645759
v 0.284136 1.073111 0.646795
v 0.284223 1.074586 0.647067
v 0.284114 1.076280 0.646716
v 0.284663 1.072455 0.646182
v 0.284850 1.073820 0.646823
v 0.284834 1.075406 0.646765
v 0.285994 1.072455 0.645832
v 0.286148 1.073820 0.646481
v 0.286756 1.073110 0.646106
v 0.286804 1.073820 0.646334
v 0.286738 1.076279 0.646026
v 0.287223 1.071856 0.644905
v 0.287420 1.073110 0.645974
v 0.287471 1.074586 0.646255
v 0.283544 1.074547 0.698970
v 0.265147 1.074147 0.674769
v 0.294149 1.073837 0.645796
v 0.295567 1.072478 0.645248
v 0.295487 1.073843 0.645912
v 0.295485 1.075428 0.645853
v 0.296188 1.073136 0.645763
v 0.296142 1.074612 0.646046
v 0.296183 1.076306 0.645682
v 0.297039 1.071887 0.644789
v 0.296858 1.073140 0.645863
v 0.296805 1.074615 0.646144
v 0.296854 1.076309 0.645782
v 0.297609 1.072489 0.645552
v 0.297479 1.073854 0.646208
v 0.297480 1.075439 0.646150
v 0.274323 1.074441 0.693591
v 0.266589 1.074003 0.664191
v 0.306247 1.073929 0.649471
v 0.302336 1.081457 0.644254
v 0.312582 1.081575 0.650231
v 0.262308 1.081670 0.668892
v 0.322815 1.081912 0.671890
v 0.268228 1.082005 0.691393
v 0.266173 1.081525 0.657677
v 0.315198 1.082185 0.693143
v 0.265104 1.081923 0.686318
v 0.274035 1.081427 0.648795
v 0.294282 1.082259 0.703339
v 0.282528 1.082197 0.701738
v 0.262086 1.081753 0.674847
v 0.272282 1.082080 0.695761
v 0.307754 1.081510 0.646738
v 0.318692 1.082129 0.688315
v 0.269666 1.081469 0.652849
v 0.316637 1.081650 0.654599
v 0.310830 1.082228 0.697197
v 0.300167 1.082265 0.702395
v 0.255977 1.091336 0.667897
v 0.263134 1.091741 0.695104
v 0.329006 1.094349 0.683459
v 0.260649 1.091161 0.654338
v 0.319927 1.091959 0.697220
v 0.259357 1.091642 0.688968
v 0.270156 1.091042 0.643598
v 0.294637 1.092048 0.709549
v 0.280425 1.091974 0.707612
v 0.255708 1.091436 0.675098
v 0.296613 1.093561 0.634934
v 0.297618 1.094852 0.634437
v 0.299146 1.091042 0.636727
v 0.268036 1.091831 0.700385
v 0.310926 1.091142 0.641111
v 0.324151 1.091891 0.691382
v 0.264873 1.091093 0.648500
v 0.321666 1.091311 0.650616
v 0.314645 1.092010 0.702122
v 0.329014 1.095318 0.660225
v 0.329312 1.095332 0.661127
v 0.327711 1.091500 0.662638
v 0.328170 1.091526 0.664383
v 0.301752 1.092056 0.708407
v 0.329090 1.091679 0.675130
v 0.330286 1.094263 0.677043
v 0.287436 1.092020 0.709280
v 0.304375 1.091079 0.638108
v 0.316764 1.091221 0.645335
v 0.255851 1.102186 0.690513
v 0.310169 1.102633 0.709229
v 0.267781 1.101524 0.640375
v 0.294836 1.102638 0.713261
v 0.281069 1.101476 0.633692
v 0.283130 1.098762 0.633743
v 0.282998 1.101476 0.633184
v 0.284172 1.097431 0.633917
v 0.284023 1.100111 0.633211
v 0.285128 1.097432 0.633727
v 0.279129 1.102555 0.711122
v 0.251817 1.101958 0.675184
v 0.294877 1.101501 0.632165
v 0.296885 1.104297 0.632051
v 0.297872 1.102899 0.632282
v 0.297881 1.105725 0.632134
v 0.298862 1.102904 0.632429
v 0.299822 1.101526 0.632777
v 0.265443 1.102393 0.703132
v 0.253956 1.101744 0.659480
v 0.312841 1.101638 0.637620
v 0.327458 1.102462 0.693183
v 0.261944 1.101579 0.645793
v 0.324714 1.101826 0.648125
v 0.316952 1.102597 0.705054
v 0.330578 1.100637 0.659607
v 0.330889 1.100651 0.660548
v 0.331260 1.103411 0.660389
v 0.331397 1.102036 0.661413
v 0.302701 1.102647 0.712000
v 0.287053 1.097434 0.633418
v 0.286892 1.102862 0.632279
v 0.288020 1.097435 0.633300
v 0.288871 1.104269 0.631952
v 0.332920 1.102233 0.675221
v 0.332221 1.099535 0.677186
v 0.332719 1.105082 0.679186
v 0.286877 1.102606 0.712964
v 0.305602 1.101567 0.634301
v 0.253079 1.102073 0.683047
v 0.319294 1.101726 0.642288
v 0.271892 1.102482 0.707802
v 0.252114 1.101847 0.667227
v 0.332972 1.102178 0.671234
v 0.260027 1.102293 0.697294
v 0.330875 1.099624 0.683933
v 0.331615 1.105140 0.684077
v 0.257275 1.101653 0.652243
v 0.322790 1.102539 0.699635
v 0.252516 1.113423 0.674931
v 0.299800 1.110124 0.632719
v 0.299644 1.115940 0.633913
v 0.265945 1.113797 0.702489
v 0.254549 1.113150 0.659496
v 0.312525 1.113191 0.637901
v 0.326936 1.113923 0.692704
v 0.262372 1.113036 0.646146
v 0.324241 1.113438 0.648273
v 0.316585 1.114149 0.704394
v 0.276389 1.110069 0.635351
v 0.276902 1.115926 0.636558
v 0.330556 1.112152 0.659441
v 0.329952 1.115119 0.659606
v 0.330879 1.113671 0.661393
v 0.302496 1.114206 0.711249
v 0.286888 1.108598 0.632258
v 0.287215 1.117361 0.634130
v 0.287881 1.108599 0.632135
v 0.287930 1.111560 0.632518
v 0.288022 1.114503 0.633147
v 0.288167 1.117359 0.634010
v 0.288892 1.110079 0.632197
v 0.288950 1.113039 0.632705
v 0.289052 1.115945 0.633453
v 0.290985 1.115942 0.633331
v 0.332353 1.113830 0.675050
v 0.331595 1.116719 0.675015
v 0.332411 1.109433 0.680094
v 0.286858 1.114103 0.712178
v 0.305414 1.113108 0.634661
v 0.253757 1.113549 0.682681
v 0.318875 1.113309 0.642513
v 0.272190 1.113918 0.707150
v 0.252794 1.113291 0.667095
v 0.332095 1.113750 0.667178
v 0.330875 1.118074 0.667334
v 0.330990 1.118083 0.668289
v 0.332421 1.113795 0.671108
v 0.332955 1.110844 0.673110
v 0.332437 1.113814 0.673080
v 0.331677 1.116712 0.673076
v 0.260653 1.113706 0.696708
v 0.331305 1.110937 0.683919
v 0.257773 1.113062 0.652440
v 0.322341 1.114054 0.699040
v 0.256515 1.113638 0.690032
v 0.309880 1.114196 0.708516
v 0.268129 1.113017 0.640814
v 0.294718 1.114164 0.712466
v 0.279251 1.111551 0.634485
v 0.279468 1.114493 0.635099
v 0.279766 1.117351 0.635944
v 0.280676 1.117355 0.635636
v 0.284381 1.117363 0.634634
v 0.284913 1.108596 0.632576
v 0.285321 1.117363 0.634442
v 0.279238 1.114032 0.710422
v 0.278855 1.126035 0.641473
v 0.328651 1.121996 0.664882
v 0.301091 1.124709 0.706607
v 0.288111 1.124922 0.637926
v 0.291899 1.125897 0.638314
v 0.293006 1.126879 0.639037
v 0.293359 1.123636 0.636786
v 0.328880 1.121841 0.679652
v 0.286614 1.124184 0.707765
v 0.304611 1.122990 0.638136
v 0.258216 1.123923 0.681163
v 0.315690 1.123672 0.645065
v 0.274315 1.123477 0.704102
v 0.324337 1.124320 0.656633
v 0.264533 1.123951 0.694261
v 0.260641 1.122601 0.654545
v 0.319683 1.124181 0.695541
v 0.260774 1.123998 0.688018
v 0.307990 1.124674 0.704031
v 0.270375 1.123502 0.644630
v 0.293857 1.124545 0.707827
v 0.285444 1.124962 0.638428
v 0.298648 1.119933 0.635230
v 0.269199 1.123811 0.699704
v 0.323988 1.123600 0.690346
v 0.264957 1.123154 0.649399
v 0.320546 1.124099 0.650442
v 0.314282 1.124506 0.700265
v 0.262489 1.127617 0.658733
v 0.272811 1.131237 0.650763
v 0.279068 1.131904 0.647214
v 0.280088 1.130159 0.644740
v 0.291070 1.131705 0.643442
v 0.291859 1.133222 0.645118
v 0.291229 1.129918 0.641657
v 0.293855 1.129679 0.641401
v 0.298870 1.132041 0.644336
v 0.306041 1.128177 0.642660
v 0.268303 1.133973 0.661636
v 0.274452 1.135999 0.657824
v 0.281397 1.136918 0.654384
v 0.288831 1.136952 0.651619
v 0.296333 1.136112 0.649684
v 0.303516 1.134185 0.648595
v 0.263046 1.131219 0.671886
v 0.269193 1.135987 0.668827
v 0.307547 1.135989 0.654602
v 0.314503 1.131582 0.652914
v 0.264387 1.131799 0.678857
v 0.270906 1.136840 0.676110
v 0.317990 1.132122 0.658988
v 0.266860 1.131824 0.685534
v 0.273551 1.136873 0.683202
v 0.320405 1.132200 0.665606
v 0.270331 1.131434 0.691688
v 0.277003 1.136187 0.689848
v 0.315356 1.136412 0.675607
v 0.321710 1.131899 0.672520
v 0.281004 1.134455 0.695925
v 0.288172 1.136531 0.694757
v 0.295666 1.137446 0.692814
v 0.303102 1.137461 0.690049
v 0.310063 1.136668 0.686637
v 0.316214 1.134856 0.682826
v 0.278468 1.128471 0.702095
v 0.291611 1.132017 0.701310
v 0.298641 1.132586 0.699836
v 0.305452 1.132576 0.697280
v 0.311738 1.132096 0.693812
v 0.219606 0.760422 0.634387
v 0.225389 0.761772 0.729256
v 0.208732 0.760829 0.665942
v 0.370392 0.761001 0.640005
v 0.350193 0.760562 0.613435
v 0.210763 0.761303 0.699256
v 0.321363 0.760230 0.596617
v 0.281941 0.762422 0.762246
v 0.378258 0.761715 0.689039
v 0.288290 0.760057 0.592111
v 0.376227 0.761241 0.655726
v 0.256010 0.760069 0.600603
v 0.345262 0.762398 0.745588
v 0.229436 0.760265 0.620801
v 0.367384 0.762121 0.720595
v 0.236797 0.761982 0.741547
v 0.305049 0.760122 0.592735
v 0.298700 0.762486 0.762871
v 0.330980 0.762474 0.754379
v 0.379465 0.715109 0.672907
v 0.208461 0.714453 0.666535
v 0.370931 0.714626 0.640468
v 0.250321 0.715796 0.752396
v 0.350631 0.714184 0.613765
v 0.210502 0.714929 0.700015
v 0.321656 0.713851 0.596862
v 0.282037 0.716054 0.763321
v 0.378836 0.715343 0.689748
v 0.288418 0.713678 0.592333
v 0.315521 0.716136 0.761279
v 0.376795 0.714867 0.656267
v 0.255976 0.713690 0.600868
v 0.345675 0.716030 0.746580
v 0.362096 0.714396 0.626117
v 0.229269 0.713886 0.621167
v 0.367908 0.715752 0.721461
v 0.336976 0.714001 0.603886
v 0.212363 0.714236 0.650140
v 0.236666 0.715612 0.742518
v 0.305260 0.713742 0.592961
v 0.207833 0.714687 0.683375
v 0.265641 0.715945 0.759420
v 0.271777 0.713660 0.595003
v 0.298880 0.716119 0.763949
v 0.241623 0.713766 0.609703
v 0.331322 0.716106 0.755414
v 0.216367 0.715170 0.715814
v 0.358029 0.715910 0.735115
v 0.219389 0.714044 0.634821
v 0.374934 0.715560 0.706142
v 0.225201 0.715401 0.730166
v 0.317074 0.712590 0.767187
v 0.224745 0.710181 0.617204
v 0.232664 0.712029 0.747104
v 0.306090 0.710027 0.587011
v 0.201799 0.711039 0.683795
v 0.380673 0.711974 0.708166
v 0.376387 0.710974 0.637865
v 0.348920 0.744299 0.615163
v 0.212754 0.745022 0.698974
v 0.320765 0.743975 0.598739
v 0.288466 0.743806 0.594338
v 0.256942 0.743818 0.602632
v 0.344104 0.746092 0.744222
v 0.230990 0.744009 0.622357
v 0.365708 0.745822 0.719814
v 0.214563 0.744349 0.650510
v 0.238178 0.745686 0.740275
v 0.266334 0.746009 0.756699
v 0.298632 0.746178 0.761100
v 0.376938 0.745197 0.672633
v 0.368645 0.744728 0.641112
v 0.352645 0.754124 0.729926
v 0.222550 0.753444 0.712201
v 0.328119 0.754304 0.748568
v 0.245743 0.752155 0.614753
v 0.298326 0.754315 0.756406
v 0.273435 0.752057 0.601254
v 0.267801 0.754156 0.752247
v 0.214712 0.753000 0.682411
v 0.304185 0.752133 0.599379
v 0.241192 0.753850 0.736725
v 0.218873 0.752586 0.651889
v 0.333312 0.752370 0.609412
v 0.361718 0.753978 0.717387
v 0.234398 0.752265 0.625282
v 0.356381 0.752733 0.629827
v 0.341300 0.754234 0.740455
v 0.258925 0.752084 0.606640
v 0.369880 0.753166 0.657516
v 0.313608 0.754331 0.753954
v 0.288718 0.752073 0.598802
v 0.371754 0.753603 0.688263
v 0.282858 0.754256 0.755830
v 0.319243 0.752233 0.602961
v 0.217164 0.753223 0.697692
v 0.345852 0.752539 0.618484
v 0.253732 0.754018 0.745796
v 0.364494 0.752944 0.643007
v 0.215290 0.752785 0.666945
v 0.372331 0.753388 0.672797
v 0.230663 0.753656 0.725381
v 0.368171 0.753802 0.703319
v 0.225325 0.752410 0.637821
v 0.358034 0.673844 0.763247
v 0.214290 0.671196 0.608382
v 0.240287 0.673555 0.770429
v 0.328375 0.671153 0.578369
v 0.398983 0.672996 0.693069
v 0.242812 0.676592 0.766042
v 0.360810 0.674697 0.602965
v 0.195971 0.675573 0.704424
v 0.326726 0.674305 0.583081
v 0.280120 0.676896 0.778894
v 0.393989 0.676060 0.692346
v 0.287626 0.674101 0.577754
v 0.319508 0.676993 0.776491
v 0.391588 0.675500 0.652962
v 0.249463 0.674115 0.587794
v 0.354980 0.676868 0.759200
v 0.374296 0.674945 0.617495
v 0.218047 0.674346 0.611672
v 0.381133 0.676541 0.729652
v 0.344747 0.674481 0.591345
v 0.198160 0.674758 0.645754
v 0.226749 0.676376 0.754422
v 0.307438 0.674177 0.578492
v 0.192831 0.675288 0.684850
v 0.260833 0.676768 0.774305
v 0.268050 0.674080 0.580895
v 0.299933 0.676972 0.779632
v 0.232579 0.674205 0.598186
v 0.338095 0.676958 0.769592
v 0.202870 0.675857 0.723009
v 0.369512 0.676727 0.745714
v 0.206425 0.674533 0.627734
v 0.389398 0.676315 0.711632
v 0.213262 0.676128 0.739891
v 0.394728 0.675785 0.672536
v 0.193570 0.675013 0.665040
v 0.384689 0.675217 0.634377
v 0.216335 0.575303 0.684840
v 0.268727 0.576443 0.753760
v 0.274288 0.574372 0.604747
v 0.328254 0.576590 0.750129
v 0.224070 0.575741 0.714239
v 0.232077 0.575950 0.727246
v 0.371887 0.575686 0.675352
v 0.216905 0.575091 0.669577
v 0.254843 0.576308 0.747393
v 0.371317 0.575898 0.690615
v 0.289370 0.574388 0.602328
v 0.369467 0.575466 0.660271
v 0.341263 0.576521 0.742122
v 0.235763 0.574577 0.628460
v 0.361413 0.576268 0.719357
v 0.220441 0.574894 0.654718
v 0.304635 0.574447 0.602896
v 0.147300 0.272205 0.756414
v 0.418258 0.273621 0.793331
v 0.153081 0.270052 0.601497
v 0.450594 0.272951 0.737914
v 0.164198 0.272646 0.783864
v 0.459259 0.272088 0.674344
v 0.132179 0.270833 0.662156
v 0.442936 0.271164 0.612298
v 0.212245 0.273401 0.826384
v 0.404109 0.270319 0.561222
v 0.136083 0.271744 0.726195
v 0.348689 0.269682 0.528892
v 0.272909 0.273895 0.847281
v 0.458057 0.272536 0.706556
v 0.285113 0.269350 0.520230
v 0.336953 0.274053 0.843374
v 0.454153 0.271625 0.642517
v 0.223060 0.269373 0.536555
v 0.394629 0.273850 0.815259
v 0.426038 0.270723 0.584848
v 0.171978 0.269748 0.575381
v 0.437155 0.273317 0.767215
v 0.377991 0.269967 0.542328
v 0.139643 0.270418 0.630798
v 0.186127 0.273050 0.807490
v 0.317327 0.269473 0.521431
v 0.130977 0.271281 0.694368
v 0.241547 0.273687 0.839819
v 0.253283 0.269316 0.525337
v 0.305123 0.274019 0.848481
v 0.195607 0.269519 0.553453
v 0.367176 0.273996 0.832157
v 0.090066 0.058171 0.616448
v 0.107701 0.060197 0.577555
v 0.240406 0.059222 0.476690
v 0.282580 0.056758 0.470125
v 0.440057 0.058040 0.524373
v 0.501574 0.061523 0.758205
v 0.483923 0.064521 0.797027
v 0.351218 0.065496 0.897892
v 0.309061 0.062937 0.904528
v 0.186057 0.064633 0.875389
v 0.427512 0.062713 0.860562
v 0.078427 0.061824 0.700551
v 0.186147 0.062119 0.875284
v 0.080189 0.058721 0.657947
v 0.100200 0.060536 0.782687
v 0.164129 0.056982 0.514091
v 0.200380 0.059298 0.491547
v 0.405493 0.057575 0.499369
v 0.440157 0.060551 0.524216
v 0.506285 0.059769 0.631957
v 0.513197 0.062894 0.674032
v 0.075079 0.064975 0.700710
v 0.081335 0.060287 0.700395
v 0.081290 0.060934 0.700389
v 0.092658 0.059159 0.617328
v 0.092616 0.059806 0.617305
v 0.134911 0.058284 0.544916
v 0.134877 0.058931 0.544879
v 0.201660 0.057794 0.494182
v 0.201639 0.058440 0.494135
v 0.282743 0.057764 0.472851
v 0.282739 0.058410 0.472800
v 0.365817 0.058198 0.484169
v 0.365829 0.058844 0.484120
v 0.438235 0.059030 0.526415
v 0.438260 0.059677 0.526374
v 0.488970 0.060134 0.593155
v 0.489006 0.060781 0.593127
v 0.510300 0.061342 0.674230
v 0.510340 0.061989 0.674219
v 0.498976 0.062469 0.757297
v 0.499014 0.063116 0.757302
v 0.456724 0.063344 0.829710
v 0.456753 0.063992 0.829728
v 0.389974 0.063834 0.880443
v 0.389991 0.064482 0.880472
v 0.308891 0.063865 0.901775
v 0.308891 0.064512 0.901808
v 0.225817 0.063431 0.890456
v 0.225801 0.064078 0.890487
v 0.153400 0.062598 0.848211
v 0.153369 0.063246 0.848234
v 0.481416 0.062948 0.795584
v 0.481450 0.063595 0.795596
v 0.425847 0.063644 0.858363
v 0.425871 0.064291 0.858388
v 0.350483 0.063909 0.895102
v 0.350492 0.064557 0.895133
v 0.266796 0.063703 0.900206
v 0.266788 0.064351 0.900239
v 0.088006 0.060892 0.741983
v 0.087963 0.061539 0.741985
v 0.187527 0.063058 0.872899
v 0.187504 0.063705 0.872927
v 0.082905 0.059702 0.658304
v 0.082861 0.060349 0.658290
v 0.124745 0.062070 0.817339
v 0.124709 0.062718 0.817356
v 0.110218 0.058681 0.579042
v 0.110179 0.059327 0.579011
v 0.102664 0.061494 0.781470
v 0.102624 0.062141 0.781480
v 0.165787 0.057985 0.516262
v 0.165759 0.058631 0.516220
v 0.241151 0.057719 0.479524
v 0.241138 0.058366 0.479474
v 0.324838 0.057925 0.474419
v 0.324842 0.058572 0.474368
v 0.404107 0.058571 0.501726
v 0.404126 0.059218 0.501680
v 0.466889 0.059558 0.557287
v 0.466921 0.060205 0.557252
v 0.503628 0.060737 0.632642
v 0.503667 0.061384 0.632622
v 0.508729 0.061927 0.716321
v 0.508769 0.062574 0.716318
v 0.514189 0.056396 0.717140
v 0.105493 0.053067 0.576353
v 0.120391 0.056543 0.820740
v 0.087484 0.053558 0.615618
v 0.508957 0.055175 0.631323
v 0.184778 0.057556 0.877720
v 0.075872 0.054714 0.700807
v 0.471280 0.053967 0.554041
v 0.224046 0.057938 0.895726
v 0.082714 0.055335 0.743458
v 0.406893 0.052954 0.497061
v 0.309243 0.058384 0.907333
v 0.367625 0.052572 0.479056
v 0.351899 0.058429 0.900490
v 0.282428 0.052127 0.467448
v 0.429189 0.058157 0.862813
v 0.239773 0.052081 0.474291
v 0.486178 0.057443 0.798429
v 0.162482 0.052353 0.511969
v 0.504187 0.056952 0.759164
v 0.097948 0.045134 0.784025
v 0.104893 0.037937 0.780752
v 0.120574 0.045724 0.820780
v 0.126728 0.038506 0.816221
v 0.149937 0.046265 0.852414
v 0.155064 0.039028 0.846749
v 0.184907 0.046736 0.877712
v 0.188811 0.039483 0.871163
v 0.224142 0.047118 0.895703
v 0.226674 0.039851 0.888524
v 0.266134 0.047397 0.905693
v 0.267197 0.040121 0.898165
v 0.309268 0.047563 0.907301
v 0.308823 0.040281 0.899716
v 0.351887 0.047608 0.900463
v 0.349952 0.040325 0.893118
v 0.392354 0.047532 0.885442
v 0.389004 0.040251 0.878623
v 0.429113 0.047336 0.862817
v 0.424477 0.040062 0.856788
v 0.460752 0.047030 0.833456
v 0.455010 0.039766 0.828454
v 0.486054 0.046623 0.798487
v 0.479427 0.039374 0.794708
v 0.504048 0.046133 0.759255
v 0.496792 0.038901 0.756848
v 0.514041 0.045577 0.717267
v 0.506436 0.038364 0.716328
v 0.515651 0.044978 0.674137
v 0.507989 0.037786 0.674706
v 0.508814 0.044357 0.631522
v 0.501392 0.037187 0.633581
v 0.493794 0.043740 0.591059
v 0.486897 0.036592 0.594534
v 0.471169 0.043150 0.554305
v 0.465062 0.036022 0.559065
v 0.441806 0.042609 0.522671
v 0.436727 0.035500 0.528537
v 0.406835 0.042138 0.497372
v 0.402979 0.035046 0.504123
v 0.367601 0.041756 0.479382
v 0.365116 0.034677 0.486762
v 0.325609 0.041477 0.469391
v 0.324593 0.034407 0.477121
v 0.282475 0.041311 0.467784
v 0.282967 0.034248 0.475569
v 0.239855 0.041266 0.474622
v 0.241838 0.034204 0.482168
v 0.199389 0.041342 0.489642
v 0.202786 0.034278 0.496663
v 0.162630 0.041538 0.512268
v 0.167313 0.034466 0.518498
v 0.130991 0.041844 0.541629
v 0.136781 0.034762 0.546832
v 0.105689 0.042251 0.576597
v 0.112363 0.035154 0.580578
v 0.087695 0.042741 0.615830
v 0.094999 0.035628 0.618438
v 0.077701 0.043297 0.657818
v 0.085355 0.036164 0.658958
v 0.076092 0.043896 0.700948
v 0.083801 0.036742 0.700580
v 0.082928 0.044517 0.743563
v 0.090399 0.037341 0.741705
v 0.193323 0.832584 0.704021
v 0.192121 0.832943 0.702441
v 0.388835 0.834733 0.628304
v 0.397115 0.842880 0.642830
v 0.396048 0.840923 0.642076
v 0.397056 0.841716 0.642822
v 0.185638 0.858778 0.714246
v 0.182978 0.865127 0.712001
v 0.179269 0.878624 0.707308
v 0.177890 0.885693 0.705192
v 0.192642 0.836245 0.699966
v 0.184538 0.849384 0.693483
v 0.196162 0.846072 0.718006
v 0.193875 0.850545 0.717493
v 0.192432 0.833826 0.701809
v 0.195015 0.833278 0.706276
v 0.193872 0.832730 0.704638
v 0.387554 0.841942 0.622736
v 0.400427 0.884111 0.622981
v 0.400447 0.885281 0.622463
v 0.400310 0.879902 0.624882
v 0.400251 0.878519 0.625546
v 0.400515 0.891895 0.619200
v 0.389803 0.835309 0.630926
v 0.388986 0.834844 0.629021
v 0.388160 0.835701 0.626335
v 0.195940 0.840688 0.717816
v 0.196327 0.842963 0.717945
v 0.195887 0.837867 0.715611
v 0.381984 0.932231 0.583017
v 0.382762 0.929843 0.583632
v 0.166826 0.932395 0.664790
v 0.385757 0.908299 0.591951
v 0.385565 0.912933 0.590109
v 0.398556 0.931481 0.602123
v 0.399792 0.921378 0.605485
v 0.400270 0.916319 0.607215
v 0.163721 0.947594 0.683029
v 0.394926 0.950060 0.594941
v 0.393179 0.956107 0.592983
v 0.378116 0.943970 0.579270
v 0.385829 0.975633 0.586687
v 0.166501 0.980943 0.666966
v 0.167540 0.943781 0.659100
v 0.167764 0.947376 0.657286
v 0.167081 0.983401 0.665714
v 0.176982 0.996063 0.631367
v 0.343220 1.005430 0.564220
v 0.346526 1.002513 0.564561
v 0.352179 0.996599 0.565352
v 0.355313 1.018458 0.578997
v 0.358273 1.015982 0.578965
v 0.341506 1.006839 0.564021
v 0.359574 1.014868 0.579055
v 0.330629 1.016451 0.564318
v 0.331105 1.016096 0.564278
v 0.332012 1.015388 0.564205
v 0.366090 1.008000 0.580132
v 0.195274 1.017683 0.614028
v 0.198356 1.020004 0.612130
v 0.214496 1.027913 0.602347
v 0.245895 1.037226 0.587886
v 0.248898 1.037358 0.586652
v 0.251444 1.037502 0.585726
v 0.252488 1.037595 0.585360
v 0.256550 1.038183 0.584007
v 0.281325 1.035244 0.574939
v 0.285875 1.047522 0.591564
v 0.289883 1.046708 0.590564
v 0.294054 1.045724 0.589664
v 0.276521 1.035738 0.576069
v 0.294879 1.031745 0.571603
v 0.322178 1.037531 0.582823
v 0.327822 1.035284 0.581582
v 0.322204 1.021143 0.565689
v 0.203477 1.033573 0.628986
v 0.203851 1.033788 0.628751
v 0.213480 1.038649 0.623361
v 0.238877 1.045661 0.610556
v 0.237495 1.035505 0.592122
v 0.241564 1.036703 0.590023
v 0.261667 1.038733 0.582286
v 0.265661 1.038454 0.580719
v 0.264759 1.049043 0.598757
v 0.268524 1.049078 0.597392
v 0.305204 1.028665 0.568853
v 0.305600 1.028536 0.568718
v 0.310846 1.026838 0.567071
v 0.315870 1.024882 0.566354
v 0.193597 1.027551 0.635674
v 0.195916 1.029209 0.633949
v 0.195920 1.029211 0.633947
v 0.196869 1.029793 0.633312
v 0.192473 1.026614 0.636550
vn -0.8553 -0.5076 0.1041
vn -0.8679 -0.4908 0.0765
vn -0.9392 -0.2991 0.1684
vn -0.9259 0.3154 0.2079
vn -0.8983 -0.2968 0.3239
vn -0.7896 -0.4864 0.3741
vn -0.7921 -0.5040 0.3444
vn -0.7941 -0.4774 0.3763
vn -0.8742 -0.3675 0.3172
vn -0.9530 -0.1664 0.2533
vn -0.9144 -0.3699 0.1644
vn -0.8729 -0.4819 0.0766
vn -0.6128 -0.7389 0.2802
vn -0.7508 -0.6133 0.2452
vn -0.6214 -0.7646 0.1708
vn 0.0681 -0.5303 0.8451
vn 0.0118 -0.6232 0.7820
vn 0.0662 -0.7616 0.6446
vn 0.2306 -0.5860 0.7768
vn 0.1343 -0.6154 0.7767
vn 0.0294 -0.5778 0.8156
vn -0.7718 -0.6318 0.0723
vn -0.8323 -0.5115 0.2136
vn -0.7775 -0.5699 0.2657
vn -0.7690 -0.6171 0.1668
vn -0.8005 -0.5985 0.0316
vn -0.8437 -0.5365 -0.0200
vn -0.1757 -0.0638 -0.9824
vn -0.2668 -0.1827 -0.9463
vn -0.0709 0.1035 -0.9921
vn -0.1952 -0.7522 0.6294
vn -0.4301 -0.5959 0.6781
vn -0.4481 -0.7367 0.5064
vn -0.2096 -0.8398 0.5008
vn 0.5033 -0.7469 0.4347
vn 0.6003 -0.6290 0.4940
vn 0.4121 -0.7296 0.5458
vn 0.6725 -0.6351 -0.3800
vn 0.5621 -0.7566 -0.3340
vn 0.5592 -0.7547 -0.3431
vn 0.4951 -0.6334 -0.5948
vn 0.6081 -0.5388 -0.5830
vn 0.5439 -0.5993 -0.5874
vn 0.6389 -0.5985 -0.4833
vn 0.6392 -0.6163 -0.4601
vn 0.7120 -0.5969 -0.3697
vn 0.7801 -0.5030 -0.3721
vn -0.4386 -0.2375 -0.8667
vn -0.5759 -0.1226 -0.8083
vn -0.7171 0.1465 -0.6814
vn -0.7578 0.1253 -0.6403
vn -0.0723 -0.6229 0.7790
vn -0.0476 -0.7490 0.6609
vn -0.0831 -0.5966 0.7982
vn -0.2172 -0.5768 0.7875
vn 0.4150 0.9075 0.0646
vn 0.3341 0.9424 0.0168
vn 0.4304 0.9007 0.0584
vn 0.5706 0.8141 0.1080
vn 0.5724 0.8140 0.0983
vn 0.8098 0.5859 0.0297
vn 0.5958 0.7986 0.0848
vn 0.5488 0.8007 0.2403
vn 0.7217 0.6189 0.3099
vn 0.7982 0.5657 0.2069
vn -0.9638 -0.2606 0.0567
vn -0.9419 -0.3310 0.0566
vn -0.8978 -0.4130 0.1532
vn -0.9065 -0.3618 0.2177
vn -0.8979 -0.2656 0.3511
vn -0.9083 -0.2219 0.3546
vn -0.9568 -0.0395 0.2881
vn -0.9657 -0.0783 0.2476
vn -0.9627 -0.1309 0.2368
vn -0.9026 -0.1397 0.4071
vn -0.7846 -0.0338 0.6190
vn -0.8371 -0.0172 0.5468
vn 0.0536 -0.7686 -0.6375
vn 0.1705 -0.6366 -0.7521
vn 0.1948 -0.7477 -0.6348
vn 0.3312 -0.7602 -0.5589
vn 0.4180 -0.6433 -0.6414
vn 0.3814 -0.5308 -0.7568
vn 0.4251 -0.6021 -0.6758
vn 0.4450 -0.6343 -0.6322
vn 0.1732 -0.3250 -0.9297
vn -0.1123 -0.3769 -0.9194
vn 0.1976 -0.3092 -0.9302
vn -0.6352 -0.7626 -0.1219
vn -0.6396 -0.7602 -0.1138
vn -0.7978 -0.5952 -0.0961
vn -0.7839 -0.6102 -0.1147
vn -0.7383 -0.5675 -0.3644
vn -0.7468 -0.6361 -0.1941
vn -0.2851 0.2611 0.9222
vn -0.0919 0.3200 0.9430
vn -0.1658 0.3415 0.9251
vn -0.2827 0.3068 0.9088
vn -0.1029 0.3406 0.9345
vn -0.2768 0.2803 0.9191
vn -0.1672 0.3059 0.9373
vn -0.1733 0.3081 0.9354
vn -0.4759 0.3504 0.8067
vn -0.8928 0.0017 0.4505
vn -0.8836 -0.0134 0.4680
vn -0.8584 -0.0292 0.5122
vn -0.7374 0.0508 0.6736
vn -0.6886 0.0201 0.7248
vn -0.6202 0.0660 0.7817
vn -0.7452 0.2212 0.6290
vn -0.3314 0.4610 0.8232
vn -0.1873 0.3532 0.9166
vn -0.8917 -0.4427 0.0939
vn -0.7892 -0.5243 0.3199
vn -0.2431 0.1893 0.9513
vn -0.0590 0.2872 0.9561
vn -0.0377 0.3317 0.9426
vn -0.1699 0.3044 0.9373
vn 0.0029 0.3439 0.9390
vn -0.0955 0.3360 0.9370
vn -0.0321 0.3272 0.9444
vn -0.2928 0.2542 0.9218
vn -0.1764 0.3039 0.9362
vn -0.0782 0.3192 0.9445
vn -0.0617 0.3146 0.9472
vn -0.2343 0.2596 0.9369
vn -0.0396 0.3186 0.9470
vn -0.2523 0.2607 0.9319
vn -0.3449 0.2295 0.9102
vn -0.2373 0.2679 0.9338
vn -0.1207 0.3070 0.9440
vn -0.2388 -0.6519 -0.7197
vn -0.3347 -0.4849 -0.8080
vn -0.2167 -0.2278 -0.9493
vn -0.0951 -0.2277 -0.9691
vn 0.0807 -0.5076 -0.8578
vn 0.0137 -0.6736 -0.7390
vn 0.0608 -0.6418 -0.7644
vn -0.0642 -0.6094 -0.7903
vn -0.1761 -0.8234 -0.5394
vn -0.2897 -0.8085 -0.5123
vn 0.6380 -0.7363 -0.2256
vn 0.7615 -0.6132 -0.2098
vn 0.6007 -0.7896 -0.1254
vn -0.4918 0.4877 0.7213
vn -0.3805 0.5602 0.7358
vn -0.3097 0.4606 0.8318
vn -0.3393 0.4237 0.8399
vn -0.3282 0.4060 0.8529
vn -0.4723 0.1799 0.8629
vn -0.5859 0.3156 0.7464
vn -0.5947 0.3952 0.7002
vn -0.5938 0.4104 0.6921
vn -0.5648 0.4384 0.6992
vn -0.1860 -0.7545 0.6294
vn 0.7279 0.5587 -0.3975
vn 0.6036 0.5543 -0.5730
vn 0.5022 0.7215 -0.4767
vn 0.3106 0.8399 -0.4450
vn 0.6303 0.4957 -0.5975
vn 0.4189 0.8421 -0.3398
vn 0.7046 0.4940 -0.5093
vn 0.4537 0.8417 -0.2928
vn 0.7650 0.4956 -0.4113
vn 0.4799 0.8437 -0.2406
vn 0.8102 0.5004 -0.3052
vn 0.5452 0.8367 -0.0529
vn 0.6354 0.7322 -0.2453
vn 0.7366 0.5547 -0.3869
vn 0.2010 -0.7478 -0.6328
vn -0.2466 0.7062 -0.6637
vn -0.3224 0.3770 -0.8683
vn -0.3476 0.0001 -0.9376
vn -0.3230 0.3756 -0.8687
vn -0.4078 -0.5020 0.7626
vn -0.3468 -0.6070 0.7150
vn -0.4524 -0.5630 0.6916
vn -0.5932 -0.7565 -0.2752
vn -0.5194 -0.7613 -0.3881
vn -0.4990 -0.8373 -0.2235
vn -0.7210 -0.6134 0.3224
vn -0.7465 -0.5204 0.4146
vn -0.7599 -0.5722 0.3083
vn 0.2957 -0.8455 -0.4446
vn -0.5417 -0.6851 -0.4871
vn -0.4011 -0.7604 -0.5108
vn -0.6196 -0.6200 0.4813
vn -0.5946 -0.6326 0.4964
vn -0.5036 -0.6710 0.5443
vn -0.6459 -0.4960 0.5804
vn -0.7748 -0.2202 0.5926
vn -0.7241 -0.4977 0.4775
vn -0.6484 -0.6741 0.3537
vn -0.6272 -0.6333 0.4534
vn 0.7129 -0.6670 0.2167
vn 0.8468 -0.4985 0.1856
vn 0.9125 -0.2108 0.3506
vn 0.8612 -0.2095 0.4630
vn 0.7467 -0.4701 0.4705
vn 0.6098 -0.6474 0.4571
vn 0.6781 -0.5998 0.4248
vn 0.6972 -0.5849 0.4146
vn 0.4945 -0.8004 0.3389
vn 0.6908 -0.7123 0.1241
vn 0.7953 -0.5620 0.2272
vn 0.7935 -0.5969 0.1186
vn -0.4938 -0.6084 0.6213
vn -0.4913 -0.5664 0.6617
vn -0.5909 -0.5170 0.6193
vn -0.6454 -0.7552 0.1145
vn -0.3511 -0.9303 0.1062
vn -0.6104 -0.7555 0.2381
vn -0.9074 -0.3702 0.1989
vn 0.5183 0.3254 0.7908
vn 0.6947 0.2691 0.6670
vn 0.4424 0.3694 0.8172
vn 0.5756 0.3470 0.7405
vn 0.6088 0.3460 0.7139
vn 0.5812 0.3598 0.7299
vn 0.7782 0.2781 0.5630
vn 0.5559 0.3442 0.7566
vn 0.7122 0.2985 0.6353
vn 0.6098 0.3278 0.7216
vn 0.5480 0.3080 0.7777
vn 0.6338 0.2889 0.7175
vn 0.6079 0.3389 0.7181
vn 0.6246 0.3335 0.7061
vn 0.4777 0.3622 0.8004
vn 0.7102 0.3334 0.6201
vn 0.5225 0.3479 0.7785
vn 0.4012 0.3588 0.8428
vn 0.5010 0.3620 0.7861
vn 0.5736 0.3617 0.7350
vn 0.4780 0.3741 0.7947
vn 0.7663 0.3013 0.5675
vn 0.5759 0.3388 0.7440
vn 0.7440 0.3104 0.5917
vn 0.7311 0.3229 0.6010
vn 0.5256 0.3682 0.7669
vn 0.7410 0.3459 0.5756
vn 0.5258 0.3861 0.7580
vn 0.7430 0.3530 0.5686
vn 0.7576 0.3550 0.5477
vn 0.5395 0.4299 0.7239
vn 0.4319 0.4045 0.8062
vn 0.6164 0.4170 0.6679
vn 0.6460 0.4158 0.6402
vn 0.5146 0.4094 0.7534
vn 0.7297 0.4008 0.5540
vn 0.7373 0.3995 0.5447
vn 0.5320 0.4040 0.7442
vn 0.4090 0.3891 0.8254
vn 0.5460 0.3853 0.7439
vn 0.7056 0.4008 0.5844
vn 0.7148 0.4341 0.5483
vn 0.4914 0.4942 0.7171
vn 0.4758 0.4655 0.7463
vn 0.5511 0.4521 0.7013
vn 0.4767 0.5025 0.7213
vn 0.4699 0.4437 0.7631
vn 0.5157 0.4800 0.7097
vn 0.4847 0.4482 0.7511
vn 0.4912 0.4491 0.7464
vn 0.4488 0.4436 0.7757
vn 0.4853 0.4634 0.7414
vn 0.4584 0.4558 0.7629
vn 0.5058 0.4795 0.7171
vn 0.4457 0.4896 0.7494
vn 0.3861 0.4461 0.8074
vn 0.5206 0.5858 0.6211
vn 0.4714 0.6108 0.6361
vn 0.3859 0.5174 0.7638
vn 0.4128 0.4812 0.7733
vn 0.5423 0.6022 0.5859
vn 0.4196 0.4659 0.7790
vn 0.4507 0.6028 0.6584
vn 0.3810 0.5265 0.7600
vn 0.3968 0.5936 0.7001
vn 0.4109 0.7391 0.5338
vn 0.3589 0.4788 0.8012
vn 0.2991 0.7805 0.5490
vn 0.3482 0.7221 0.5978
vn 0.3476 0.8426 0.4113
vn 0.3329 0.5571 0.7608
vn 0.3771 0.6250 0.6835
vn 0.3105 0.8456 0.4342
vn 0.3292 0.6739 0.6614
vn 0.3562 0.5000 0.7894
vn 0.3227 0.6469 0.6910
vn 0.1640 0.7986 0.5791
vn 0.1885 0.7301 0.6568
vn 0.2683 0.5382 0.7990
vn 0.2156 0.6204 0.7541
vn 0.1198 0.7321 0.6706
vn 0.1024 0.7483 0.6554
vn 0.1222 0.7212 0.6818
vn 0.2025 0.6007 0.7734
vn 0.0525 0.7308 0.6806
vn 0.2370 0.4551 0.8583
vn 0.2709 0.4647 0.8430
vn 0.1402 0.6302 0.7637
vn 0.2121 0.5575 0.8027
vn 0.2615 0.5066 0.8216
vn 0.1865 0.5826 0.7911
vn 0.1501 0.6124 0.7762
vn 0.2384 0.4711 0.8492
vn 0.0715 0.5765 0.8140
vn 0.0492 0.5429 0.8384
vn 0.1915 0.4449 0.8748
vn 0.1089 0.4651 0.8785
vn 0.0998 0.4557 0.8845
vn -0.0698 0.4324 0.8990
vn 0.2169 0.4131 0.8845
vn -0.0301 0.4211 0.9065
vn 0.1345 0.3819 0.9144
vn 0.1169 0.4083 0.9054
vn 0.0954 0.3629 0.9269
vn 0.1491 0.3653 0.9189
vn 0.0578 0.3453 0.9367
vn 0.0317 0.3380 0.9406
vn 0.1867 0.3682 0.9108
vn 0.1477 0.3552 0.9230
vn 0.2365 0.3975 0.8866
vn 0.0968 0.3669 0.9252
vn 0.2499 0.4494 0.8576
vn 0.1786 0.4159 0.8917
vn 0.2125 0.3898 0.8961
vn 0.1394 0.2775 0.9506
vn 0.0387 0.3614 0.9316
vn 0.1837 0.4324 0.8828
vn 0.1054 0.4821 0.8697
vn 0.2222 0.4704 0.8540
vn 0.1128 0.6430 0.7575
vn 0.0259 0.8057 0.5918
vn 0.1304 0.9122 0.3884
vn 0.7652 0.6437 0.0094
vn 0.5220 0.4258 0.7391
vn 0.4377 0.3955 0.8075
vn 0.7384 0.2850 0.6112
vn -0.0186 0.9931 0.1162
vn 0.1050 0.8862 0.4512
vn 0.1751 0.7267 0.6643
vn -0.1127 0.9777 -0.1770
vn -0.4686 -0.1457 -0.8713
vn -0.4777 -0.1275 -0.8692
vn -0.3402 -0.3575 -0.8697
vn -0.5172 -0.7642 0.3854
vn 0.7755 -0.5820 -0.2447
vn 0.8208 -0.5443 -0.1731
vn 0.5304 -0.5572 0.6389
vn 0.1410 0.2046 -0.9686
vn 0.1447 -0.0165 -0.9893
vn 0.1497 -0.0164 -0.9886
vn 0.1448 0.2046 -0.9681
vn 0.0959 0.4313 -0.8971
vn 0.1648 0.4317 -0.8868
vn -0.5210 -0.7642 0.3802
vn 0.7008 0.5424 0.4633
vn 0.7107 0.5816 0.3958
vn 0.6164 0.6136 0.4936
vn -0.5053 0.6462 0.5719
vn -0.6081 0.5667 0.5559
vn -0.6555 0.5555 0.5116
vn -0.7547 0.4392 0.4874
vn -0.7588 0.2548 0.5994
vn -0.6803 0.3501 0.6440
vn -0.6532 0.2739 0.7059
vn -0.4942 0.4763 0.7272
vn 0.9164 -0.3532 0.1881
vn 0.9506 -0.2458 0.1898
vn 0.9617 -0.1889 0.1984
vn 0.9114 -0.4028 0.0844
vn 0.8830 -0.4676 0.0418
vn 0.9114 -0.3970 0.1084
vn 0.8586 -0.4488 0.2479
vn 0.8782 -0.3970 0.2668
vn 0.9631 -0.1890 0.1915
vn 0.9492 -0.2457 0.1965
vn -0.5923 0.8044 0.0456
vn -0.8139 0.5796 0.0414
vn -0.9602 0.2354 0.1506
vn -0.7813 0.5923 0.1967
vn -0.9874 -0.0012 0.1584
vn -0.9790 -0.1938 0.0624
vn -0.9151 -0.3733 0.1522
vn -0.9486 -0.1911 0.2524
vn -0.2429 0.6853 -0.6866
vn -0.2158 0.7845 -0.5813
vn -0.2086 0.8100 -0.5480
vn -0.1106 0.9216 -0.3720
vn -0.2401 0.8461 -0.4759
vn -0.2288 0.6398 -0.7337
vn -0.9914 0.1056 0.0778
vn -0.9427 -0.1860 -0.2770
vn -0.9335 -0.2615 -0.2454
vn -0.9286 -0.3416 -0.1448
vn -0.9409 0.0609 0.3332
vn 0.6137 0.6466 0.4531
vn 0.5653 0.6108 0.5545
vn 0.8630 0.2472 0.4405
vn 0.9806 0.1173 0.1570
vn 0.9441 0.1851 0.2728
vn 0.9395 0.0408 0.3400
vn 0.9543 -0.0757 0.2890
vn 0.9888 -0.0346 0.1449
vn 0.8679 0.1814 0.4624
vn 0.9959 -0.0130 -0.0901
vn 0.9075 0.2239 0.3555
vn 0.8331 0.1584 0.5299
vn -0.7130 0.2433 0.6576
vn -0.6114 -0.2184 0.7606
vn -0.5267 -0.4935 0.6921
vn -0.5551 -0.4768 0.6816
vn -0.5477 -0.2892 0.7851
vn -0.4686 0.3243 0.8218
vn -0.4089 -0.2876 0.8661
vn -0.2713 -0.4700 0.8399
vn -0.2945 -0.4881 0.8216
vn -0.2739 -0.4613 0.8439
vn -0.3971 -0.3597 0.8444
vn -0.4968 -0.1611 0.8528
vn -0.5337 -0.3606 0.7649
vn -0.5588 -0.4679 0.6847
vn -0.8793 0.2485 -0.4064
vn -0.8601 -0.2230 -0.4588
vn -0.9114 -0.2215 -0.3467
vn -0.8929 -0.2246 0.3903
vn -0.9349 -0.2260 0.2735
vn -0.8518 -0.4872 0.1923
vn -0.7379 -0.6662 0.1080
vn 0.2984 -0.3336 -0.8942
vn 0.3563 -0.1941 -0.9140
vn 0.4258 -0.0448 -0.9037
vn 0.5266 -0.2011 -0.8260
vn 0.5077 -0.3207 -0.7996
vn 0.3930 -0.4547 -0.7993
vn 0.7076 0.5714 0.4158
vn 0.7064 0.5833 0.4011
vn 0.8267 0.2320 -0.5126
vn 0.8902 -0.2205 -0.3987
vn 0.7169 -0.4927 -0.4932
vn 0.7618 -0.2327 -0.6046
vn -0.9299 -0.3599 -0.0763
vn -0.9555 -0.2594 -0.1405
vn -0.8563 0.5145 -0.0443
vn -0.9867 0.1236 0.1058
vn 0.5085 0.2497 0.8240
vn 0.4072 -0.1990 0.8914
vn 0.5048 -0.4684 0.7251
vn 0.6095 -0.2098 0.7645
vn -0.5101 0.2231 -0.8307
vn -0.4352 -0.2140 -0.8745
vn -0.4527 -0.4844 -0.7486
vn -0.6362 -0.2283 -0.7370
vn 0.3846 0.9032 0.1903
vn 0.3587 0.8923 0.2739
vn -0.3389 0.2225 -0.9141
vn 0.9101 0.2347 -0.3414
vn 0.9601 -0.2012 -0.1943
vn 0.8249 -0.4885 -0.2845
vn 0.5686 0.0378 -0.8217
vn 0.6491 -0.2012 -0.7336
vn 0.7570 0.0426 -0.6520
vn 0.7659 0.1146 -0.6327
vn 0.6765 0.3075 -0.6692
vn 0.5650 0.0997 -0.8191
vn 0.9533 0.2581 -0.1567
vn 0.9773 -0.1990 -0.0730
vn 0.3354 0.2709 0.9023
vn 0.2922 -0.1990 0.9354
vn 0.1531 0.2504 0.9560
vn 0.0709 -0.2049 0.9762
vn 0.1308 -0.4790 0.8680
vn -0.1539 0.2432 -0.9577
vn 0.0354 0.2229 -0.9742
vn 0.1537 -0.2513 -0.9556
vn 0.9702 0.2402 0.0329
vn 0.9652 -0.2243 0.1346
vn 0.8655 -0.4969 0.0636
vn -0.0427 -0.6558 0.7537
vn 0.1816 -0.6464 0.7411
vn -0.0863 -0.4722 0.8773
vn 0.9445 0.2427 0.2216
vn -0.0370 0.2499 0.9676
vn -0.1548 -0.2098 0.9654
vn -0.2246 0.2695 0.9364
vn -0.2756 -0.2108 0.9379
vn 0.2229 0.2446 -0.9437
vn 0.2755 -0.2509 -0.9280
vn 0.4043 0.2254 -0.8864
vn 0.4917 -0.2361 -0.8382
vn 0.3802 -0.5136 -0.7692
vn -0.3834 0.7959 -0.4685
vn -0.4942 0.5708 -0.6557
vn -0.6582 0.2449 -0.7119
vn -0.6054 0.5826 -0.5423
vn 0.7864 0.2470 0.5662
vn 0.7011 -0.2110 0.6812
vn 0.3069 -0.6255 -0.7173
vn 0.2622 -0.6953 -0.6692
vn 0.4922 -0.5102 -0.7053
vn 0.4717 -0.6832 -0.5575
vn -0.9068 0.2588 0.3327
vn -0.9730 -0.2300 0.0188
vn 0.7075 0.2502 -0.6610
vn 0.6783 -0.2346 -0.6964
vn -0.5673 0.2661 0.7793
vn -0.5101 -0.2168 0.8323
vn -0.9671 -0.2315 -0.1051
vn -0.8595 -0.4895 -0.1473
vn -0.7321 -0.6578 -0.1771
vn -0.9460 0.2301 -0.2282
vn -0.8282 0.2408 0.5060
vn 0.8776 0.2656 0.3992
vn -0.7880 0.2258 -0.5728
vn -0.7245 -0.2267 -0.6509
vn -0.6905 -0.4827 -0.5387
vn 0.6360 -0.6733 -0.3771
vn 0.6565 0.2692 0.7046
vn -0.6339 -0.6497 -0.4196
vn -0.7080 -0.5912 -0.3862
vn 0.1841 -0.6012 -0.7776
vn -0.0923 0.8433 -0.5295
vn 0.0993 0.8937 -0.4376
vn -0.3072 0.9506 -0.0453
vn -0.4417 0.8422 -0.3091
vn -0.4594 0.3623 -0.8110
vn -0.2342 0.7736 -0.5888
vn -0.3296 0.3821 -0.8633
vn -0.2478 0.7066 -0.6628
vn -0.3232 0.3759 -0.8685
vn -0.3187 0.3763 -0.8700
vn -0.2156 0.7422 -0.6346
vn 0.4608 0.7119 0.5300
vn 0.3273 0.8222 0.4657
vn 0.2915 0.7225 0.6269
vn 0.2502 0.6753 0.6939
vn 0.3670 0.5918 0.7177
vn 0.4740 0.4337 0.7663
vn 0.5236 0.5601 0.6420
vn 0.5570 0.6470 0.5207
vn -0.3667 0.1126 -0.9235
vn -0.6315 0.2102 -0.7464
vn -0.6275 0.2084 -0.7502
vn -0.0000 0.7964 -0.6048
vn 0.1069 0.5812 -0.8067
vn -0.0514 0.5700 -0.8200
vn -0.3584 0.5701 -0.7393
vn 0.5561 0.8122 0.1765
vn 0.7672 0.5878 0.2568
vn 0.7965 0.5962 0.1005
vn 0.7848 0.5813 -0.2151
vn -0.1201 0.8147 0.5673
vn -0.2669 0.5915 0.7609
vn -0.1118 0.5925 0.7978
vn 0.2030 0.6036 0.7710
vn 0.2378 0.8008 -0.5497
vn 0.4080 0.5731 -0.7107
vn 0.2631 0.5716 -0.7772
vn -0.6000 0.7989 0.0418
vn -0.9708 0.1250 0.2046
vn 0.4825 0.8146 0.3219
vn 0.6072 0.5911 0.5309
vn 0.7007 0.5896 0.4017
vn 0.3137 0.7996 -0.5121
vn 0.5321 0.5853 -0.6117
vn 0.5688 0.2273 -0.7905
vn 0.4395 0.8003 -0.4080
vn 0.6457 0.5768 -0.5004
vn -0.2035 0.8131 0.5455
vn -0.4081 0.6005 0.6877
vn -0.4058 0.2475 0.8798
vn -0.3858 0.8134 0.4354
vn -0.5411 0.5883 0.6010
vn 0.4924 0.8017 -0.3388
vn 0.7224 0.5895 -0.3614
vn 0.5616 0.8059 -0.1875
vn -0.5917 0.8052 -0.0391
vn -0.8079 0.5773 -0.1180
vn -0.9666 0.2533 -0.0396
vn -0.5855 0.8014 -0.1223
vn -0.7639 0.5858 -0.2708
vn 0.5774 0.8097 -0.1050
vn 0.8100 0.5835 -0.0577
vn 0.5882 0.8084 -0.0215
vn -0.4918 0.8127 0.3124
vn -0.7331 0.5841 0.3483
vn -0.6495 0.5863 0.4841
vn 0.5212 0.8141 0.2560
vn -0.4897 0.7980 -0.3513
vn -0.7045 0.5735 -0.4180
vn 0.4307 0.8138 0.3901
vn 0.4857 0.6027 0.6332
vn -0.5357 0.8101 0.2382
vn 0.2918 0.8129 0.5041
vn 0.3545 0.5930 0.7230
vn 0.2134 0.8128 0.5420
vn -0.3136 0.7977 -0.5151
vn -0.0444 0.8151 0.5776
vn 0.0476 0.5931 0.8037
vn -0.0869 0.7958 -0.5992
vn -0.2070 0.5804 -0.7876
vn 0.1608 0.7974 -0.5816
vn 0.2535 -0.1779 -0.9509
vn 0.4046 -0.1475 -0.9025
vn 0.4762 -0.0479 -0.8781
vn 0.6597 -0.0982 -0.7451
vn 0.6557 -0.1487 -0.7402
vn 0.4005 -0.3281 -0.8555
vn 0.0034 -0.3525 -0.9358
vn 0.2052 -0.3002 -0.9316
vn 0.1827 -0.3027 -0.9354
vn 0.2493 -0.2867 -0.9250
vn 0.1415 -0.3266 -0.9345
vn 0.3214 0.8794 -0.3512
vn -0.2818 0.8927 0.3517
vn 0.3501 0.5081 -0.7869
vn 0.2499 0.8306 -0.4977
vn 0.4563 0.5140 -0.7264
vn 0.3622 0.8476 -0.3878
vn 0.2405 0.9110 -0.3350
vn 0.1017 0.8774 -0.4688
vn 0.0601 0.9092 -0.4120
vn 0.1143 0.8455 -0.5216
vn 0.1681 0.7911 -0.5882
vn 0.4336 0.8843 -0.1735
vn -0.4456 0.8137 0.3733
vn 0.2392 0.9706 0.0260
vn 0.8345 0.3943 0.3849
vn -0.5338 0.7992 -0.2762
vn 0.0418 0.8143 0.5789
vn -0.2405 0.7953 -0.5565
vn -0.1037 0.8758 -0.4714
vn 0.0090 0.5712 -0.8208
vn 0.0528 0.8642 -0.5003
vn 0.1700 0.9015 -0.3980
vn 0.1064 0.5825 -0.8058
vn -0.4576 0.8804 -0.1246
vn -0.3677 0.8771 -0.3089
vn -0.6280 -0.4579 -0.6292
vn -0.4974 -0.4337 -0.7513
vn -0.7585 -0.4306 -0.4891
vn 0.3243 0.8914 0.3167
vn 0.1764 0.1104 -0.9781
vn 0.2161 0.1800 -0.9596
vn 0.3234 0.1775 -0.9295
vn 0.4039 0.0227 -0.9145
vn 0.3174 -0.1664 -0.9336
vn 0.2479 -0.1600 -0.9555
vn 0.1801 -0.1228 -0.9760
vn 0.1323 -0.1043 -0.9857
vn 0.1456 0.0193 -0.9892
vn 0.1413 0.0860 -0.9862
vn 0.1307 0.8902 0.4365
vn 0.4584 0.8887 0.0115
vn -0.4282 0.8890 0.1620
vn 0.4959 0.8429 0.2088
vn 0.5612 0.8070 0.1840
vn 0.9585 0.1453 0.2452
vn 0.7628 0.5273 0.3743
vn -0.7665 0.5109 -0.3892
vn -0.7035 0.5092 -0.4958
vn -0.4119 0.8452 -0.3404
vn -0.2911 0.9078 -0.3018
vn -0.3879 0.9116 -0.1363
vn -0.5106 0.8488 -0.1369
vn -0.8370 -0.2526 -0.4854
vn 0.4289 0.8437 0.3229
vn 0.6998 0.5281 0.4810
vn 0.7299 0.1500 0.6668
vn 0.4394 0.8085 0.3915
vn -0.4725 0.8414 0.2622
vn -0.7169 0.5253 0.4584
vn -0.8898 0.1485 0.4315
vn -0.7739 0.5290 0.3483
vn 0.1746 0.1529 0.9727
vn 0.0765 0.1523 0.9854
vn 0.0372 0.8090 0.5867
vn 0.2601 0.9222 0.2863
vn 0.3621 0.8611 0.3569
vn 0.4219 0.5306 0.7351
vn 0.3103 0.5306 0.7888
vn 0.1514 0.8595 0.4883
vn 0.0549 0.9212 0.3851
vn 0.4259 -0.2294 0.8752
vn 0.0129 -0.3425 0.9394
vn -0.1671 -0.2546 0.9525
vn -0.0557 0.5288 0.8469
vn -0.3640 -0.3674 -0.8559
vn -0.1756 0.1244 -0.9766
vn -0.3410 0.5077 -0.7912
vn -0.4495 0.1243 -0.8846
vn -0.5499 0.5057 -0.6648
vn -0.5320 -0.2681 -0.8032
vn -0.3192 0.7875 -0.5272
vn -0.0716 -0.2680 -0.9607
vn -0.0852 0.7894 -0.6079
vn -0.2785 0.1378 0.9505
vn -0.1243 0.8050 0.5802
vn -0.0107 0.8440 0.5362
vn -0.4196 -0.3255 0.8473
vn -0.4991 0.1557 0.8525
vn -0.2960 0.5330 0.7927
vn -0.0105 -0.3688 -0.9295
vn 0.1803 0.1123 -0.9772
vn 0.0017 0.5068 -0.8620
vn -0.1120 0.8437 -0.5250
vn 0.2783 -0.2793 -0.9190
vn -0.5255 -0.3267 0.7856
vn -0.6927 0.1330 0.7089
vn -0.5511 0.5338 0.6413
vn -0.1418 0.8434 0.5183
vn -0.7425 -0.2612 0.6169
vn -0.4545 0.8040 0.3833
vn -0.9248 0.3754 0.0614
vn -0.9323 0.3597 -0.0378
vn -0.9526 0.1200 -0.2795
vn -0.9672 0.0975 -0.2345
vn -0.9902 0.1109 -0.0849
vn -0.9952 0.0793 0.0566
vn -0.9833 0.0903 0.1579
vn -0.9638 0.2215 0.1483
vn -0.9594 0.1320 -0.2491
vn -0.5947 0.7951 -0.1187
vn -0.5505 0.8348 -0.0051
vn -0.8438 -0.3430 -0.4128
vn -0.1326 0.9071 -0.3995
vn 0.5802 -0.3432 -0.7386
vn 0.6553 0.1371 -0.7429
vn 0.4751 0.1109 -0.8729
vn 0.8490 -0.3505 0.3954
vn 0.8448 -0.2570 0.4694
vn -0.3924 0.8432 0.3675
vn 0.7291 -0.3438 0.5918
vn -0.7814 -0.3446 -0.5202
vn -0.7245 0.1096 -0.6805
vn -0.6348 -0.3704 -0.6780
vn 0.8823 0.1348 -0.4509
vn 0.4971 0.7954 -0.3468
vn 0.8077 -0.2598 -0.5293
vn 0.4716 -0.3213 0.8212
vn 0.6595 0.1512 0.7363
vn 0.6355 0.5125 -0.5775
vn 0.9858 0.1271 -0.1094
vn 0.5909 0.7999 -0.1054
vn 0.9418 -0.2671 -0.2042
vn 0.4849 0.8532 -0.1920
vn 0.3626 0.9151 -0.1764
vn 0.9322 -0.3514 0.0863
vn 0.9785 0.1436 0.1484
vn 0.8497 0.5269 -0.0198
vn -0.2632 0.8270 -0.4967
vn 0.8125 0.5207 -0.2620
vn 0.5143 0.8575 0.0114
vn -0.3765 0.9212 0.0980
vn -0.4791 0.8583 0.1837
vn -0.9472 -0.3037 -0.1026
vn -0.3255 -0.4631 -0.8244
vn -0.7298 -0.2088 -0.6511
vn -0.8033 0.5913 -0.0713
vn -0.6409 0.7537 0.1456
vn -0.7988 0.6015 0.0095
vn 0.8601 -0.3580 -0.3635
vn -0.3167 0.8622 0.3953
vn -0.0759 0.9968 0.0256
vn -0.3206 0.8035 -0.5015
vn -0.3556 0.8567 -0.3737
vn -0.0366 0.9686 0.2460
vn -0.8169 -0.3321 0.4716
vn 0.5403 0.8389 -0.0658
vn -0.6661 0.6468 0.3715
vn -0.4875 -0.4829 -0.7274
vn -0.4704 -0.3828 -0.7951
vn -0.3653 -0.3838 -0.8481
vn -0.1773 -0.4835 -0.8572
vn 0.4011 -0.3771 -0.8348
vn 0.4398 -0.4799 -0.7591
vn 0.3948 -0.3709 -0.8406
vn 0.2594 -0.4932 -0.8304
vn -0.6542 -0.4811 -0.5836
vn -0.6413 -0.3782 -0.6676
vn -0.8706 -0.3338 0.3615
vn -0.8535 -0.4781 0.2072
vn -0.8714 -0.4839 0.0810
vn 0.9264 -0.3664 0.0864
vn 0.9090 -0.3642 0.2028
vn 0.8518 -0.4649 0.2415
vn 0.8746 -0.4802 -0.0675
vn -0.8975 0.4225 0.1264
vn -0.9786 0.1980 0.0568
vn -0.9481 0.2008 0.2464
vn -0.1374 -0.4703 0.8717
vn -0.2136 -0.3604 0.9080
vn -0.2620 -0.4672 0.8444
vn -0.1970 0.7399 0.6432
vn -0.2762 0.8952 0.3496
vn -0.5006 0.8604 0.0957
vn -0.6834 0.7194 -0.1243
vn -0.3780 0.7915 0.4803
vn -0.5919 0.7669 0.2482
vn -0.5965 0.7580 0.2639
vn 0.6730 -0.3414 -0.6562
vn 0.7345 -0.4713 -0.4883
vn 0.8016 -0.3740 -0.4664
vn 0.8546 -0.3730 -0.3613
vn 0.8540 -0.4820 -0.1958
vn 0.8412 -0.3582 0.4050
vn 0.7641 -0.4659 0.4462
vn -0.5980 -0.4711 0.6484
vn -0.6790 -0.3658 0.6365
vn -0.6831 -0.4726 0.5568
vn 0.8403 0.2334 0.4893
vn 0.8480 0.3337 0.4117
vn 0.7342 0.4887 0.4713
vn 0.7244 0.2721 0.6334
vn 0.8090 0.0714 0.5835
vn -0.1282 -0.3834 -0.9147
vn -0.0108 -0.3837 -0.9234
vn 0.1406 -0.4937 -0.8582
vn 0.7254 -0.3601 0.5867
vn 0.6462 -0.3585 0.6737
vn 0.5753 -0.4554 0.6794
vn 0.0269 0.7212 -0.6922
vn 0.2073 0.8205 -0.5328
vn 0.2569 0.7677 -0.5871
vn 0.1675 0.5170 -0.8394
vn 0.0493 0.6592 -0.7503
vn -0.0353 0.4047 -0.9138
vn 0.0330 0.6050 -0.7956
vn -0.2379 -0.5975 -0.7658
vn -0.3860 -0.2525 -0.8873
vn -0.4942 -0.4365 -0.7518
vn -0.4026 -0.5895 -0.7003
vn 0.8772 -0.4294 -0.2148
vn 0.8356 -0.4742 -0.2774
vn 0.8529 -0.3346 -0.4007
vn 0.9134 -0.2062 -0.3510
vn 0.9226 -0.3337 -0.1934
vn 0.3546 -0.3209 0.8782
vn -0.4056 -0.4768 0.7798
vn -0.4861 -0.3486 -0.8014
vn -0.5703 -0.3218 -0.7557
vn -0.4977 -0.3451 -0.7958
vn -0.4070 -0.3717 -0.8344
vn -0.8643 0.4410 0.2419
vn -0.8543 0.4718 0.2181
vn -0.7170 0.6234 0.3119
vn -0.7307 0.4613 0.5032
vn -0.7728 0.4165 0.4788
vn -0.8939 0.2528 0.3702
vn -0.8787 0.4186 0.2294
vn 0.5242 0.0135 0.8515
vn 0.4267 -0.2216 0.8768
vn 0.4635 -0.3442 0.8165
vn 0.5946 -0.1785 0.7840
vn 0.8484 -0.1817 0.4972
vn -0.3480 -0.0144 -0.9374
vn -0.2491 -0.2056 -0.9464
vn -0.4292 -0.2079 -0.8790
vn -0.7737 -0.3670 -0.5164
vn -0.7343 -0.2030 -0.6477
vn 0.9375 -0.0019 -0.3480
vn 0.9498 -0.1918 -0.2470
vn 0.8824 -0.1972 -0.4271
vn 0.9874 0.0009 -0.1584
vn 0.9803 -0.1890 -0.0571
vn 0.9176 -0.3714 -0.1418
vn 0.6639 -0.3642 -0.6532
vn 0.7820 -0.1972 -0.5912
vn 0.1584 0.0142 0.9873
vn 0.0603 -0.1801 0.9818
vn 0.1307 -0.3567 0.9250
vn 0.2503 -0.1773 0.9518
vn 0.0373 -0.0140 -0.9992
vn 0.1332 -0.2046 -0.9697
vn -0.0590 -0.2080 -0.9763
vn 0.9728 0.0063 0.2315
vn 0.9286 -0.1839 0.3223
vn 0.9726 -0.1890 0.1352
vn -0.2315 0.0127 0.9727
vn -0.3191 -0.1795 0.9306
vn -0.1319 -0.1782 0.9751
vn 0.1783 -0.4540 0.8730
vn 0.3557 -0.3438 0.8690
vn 0.4169 -0.0115 -0.9089
vn 0.4953 -0.2017 -0.8450
vn 0.3204 -0.2034 -0.9252
vn 0.5424 0.6725 0.5035
vn 0.8102 0.0108 0.5861
vn 0.7352 -0.1825 0.6528
vn -0.5862 0.0093 0.8101
vn -0.6499 -0.1833 0.7376
vn -0.5203 -0.3480 0.7798
vn -0.4890 -0.2251 0.8427
vn 0.0133 -0.3576 0.9338
vn 0.7330 -0.0072 -0.6802
vn 0.6449 -0.2434 -0.7245
vn 0.2161 -0.3843 -0.8976
vn -0.8630 -0.3550 0.3596
vn -0.8494 -0.4730 -0.2342
vn -0.8341 -0.3657 -0.4129
vn -0.8387 -0.2449 -0.4864
vn 0.5741 -0.3656 -0.7327
vn -0.9728 -0.0066 -0.2315
vn -0.9273 -0.1990 -0.3170
vn -0.9065 -0.3758 -0.1924
vn -0.9713 -0.1991 -0.1297
vn 0.9993 0.0037 0.0372
vn -0.9240 -0.3749 -0.0760
vn -0.8516 0.0044 0.5242
vn -0.8729 -0.2322 0.4292
vn -0.8104 -0.3533 0.4673
vn -0.7808 -0.1857 0.5966
vn 0.9090 0.0087 0.4168
vn -0.6802 -0.0127 -0.7329
vn -0.5933 -0.2044 -0.7786
vn -0.8102 -0.0110 -0.5861
vn 0.6802 0.0124 0.7329
vn 0.1119 0.9401 -0.3219
vn 0.0846 0.9529 -0.2914
vn 0.0813 0.8668 -0.4919
vn 0.1734 0.9190 -0.3542
vn 0.2465 0.8323 -0.4965
vn 0.4853 0.3304 -0.8095
vn 0.4331 0.6782 -0.5937
vn 0.6193 0.3319 -0.7116
vn 0.5137 0.6800 -0.5231
vn 0.7337 0.3347 -0.5913
vn 0.5254 0.7536 -0.3950
vn 0.4669 0.8530 -0.2332
vn 0.2715 0.9491 -0.1596
vn 0.3005 0.9300 -0.2118
vn 0.2984 0.9221 -0.2462
vn 0.2732 0.8927 -0.3584
vn 0.1762 0.9163 -0.3595
vn 0.1456 0.9236 -0.3545
vn -0.9375 0.0016 0.3480
vn 0.3480 0.0142 0.9374
vn -0.4168 -0.3468 0.8403
vn -0.5242 -0.0138 -0.8515
vn -0.0373 0.0138 0.9992
vn -0.1584 -0.0145 -0.9873
vn -0.4169 0.0112 0.9089
vn 0.2315 -0.0130 -0.9727
vn 0.5862 -0.0095 -0.8101
vn 0.8516 -0.0047 -0.5242
vn -0.7487 0.4139 -0.5178
vn -0.7343 0.1889 -0.6520
vn -0.8469 0.1907 -0.4964
vn -0.9993 -0.0040 -0.0372
vn -0.9714 0.1953 -0.1351
vn 0.9772 0.2028 -0.0625
vn -0.6173 0.4130 -0.6695
vn -0.5935 0.1875 -0.7827
vn -0.7330 0.0070 0.6802
vn -0.7806 0.2061 0.5900
vn 0.6065 0.4351 0.6655
vn 0.5922 0.2133 0.7771
vn 0.7330 0.2119 0.6464
vn 0.9256 0.2080 0.3163
vn -0.7668 0.4279 0.4784
vn -0.8813 0.2035 0.4265
vn -0.9090 -0.0090 -0.4168
vn -0.8503 0.4260 0.3091
vn 0.4434 0.4374 0.7823
vn 0.4286 0.2142 0.8777
vn 0.3249 0.4372 0.8386
vn 0.2486 0.2145 0.9446
vn -0.4562 0.4111 -0.7892
vn -0.4300 0.1866 -0.8833
vn 0.1190 0.4366 0.8918
vn 0.0589 0.2143 0.9750
vn -0.0119 0.4363 0.8997
vn -0.1330 0.2136 0.9678
vn -0.3384 0.4107 -0.8467
vn -0.2499 0.1863 -0.9502
vn -0.1448 0.4114 -0.8999
vn -0.0603 0.1865 -0.9806
vn -0.2227 0.4359 0.8720
vn -0.3198 0.2123 0.9234
vn -0.3472 0.4355 0.8305
vn -0.4944 0.2106 0.8433
vn 0.0667 0.4125 -0.9085
vn 0.1317 0.1872 -0.9735
vn 0.1965 0.4126 -0.8895
vn 0.3185 0.1885 -0.9290
vn -0.5419 0.4327 0.7205
vn -0.6500 0.2085 0.7308
vn -0.6410 0.4318 0.6346
vn -0.8850 0.4186 -0.2038
vn -0.9269 0.1929 -0.3219
vn -0.8148 0.4153 -0.4045
vn 0.5105 0.4148 -0.7532
vn 0.6487 0.1923 -0.7364
vn 0.4931 0.1902 -0.8490
vn 0.8064 0.4333 0.4023
vn 0.8455 0.2101 0.4908
vn 0.7392 0.4341 0.5150
vn 0.7509 0.4204 -0.5094
vn 0.8800 0.1973 -0.4321
vn 0.7793 0.1947 -0.5956
vn 0.8947 0.4247 -0.1383
vn 0.9468 0.2001 -0.2521
vn 0.8822 0.4300 0.1919
vn 0.9701 0.2055 0.1294
vn -0.2725 0.9616 -0.0317
vn -0.0923 0.9950 0.0375
vn -0.0268 0.9926 -0.1183
vn -0.2197 0.9535 -0.2065
vn 0.8691 0.1732 0.4634
vn -0.8307 0.3982 -0.3891
vn -0.8024 0.3832 -0.4575
vn -0.7452 0.3491 -0.5681
vn -0.8011 0.1561 -0.5778
vn -0.8733 0.1374 -0.4674
vn -0.8976 0.1452 -0.4163
vn -0.8811 0.4509 -0.1427
vn -0.7400 0.6579 0.1400
vn -0.7357 0.5890 0.3344
vn 0.3496 0.5557 0.7543
vn -0.4964 0.5765 -0.6490
vn 0.0493 0.5542 0.8309
vn -0.2021 0.5755 -0.7924
vn -0.2581 0.5542 0.7914
vn -0.8112 0.5843 0.0231
vn -0.9040 0.4210 -0.0741
vn 0.1293 0.5326 -0.8364
vn -0.5444 0.5510 0.6325
vn -0.9496 0.2762 0.1483
vn -0.8742 0.4821 0.0581
vn -0.7806 0.6112 0.1308
vn -0.8413 0.4857 0.2373
vn -0.7743 0.5819 -0.2487
vn 0.3973 0.4135 -0.8193
vn 0.4216 0.5335 -0.7332
vn 0.7138 0.5523 0.4306
vn -0.6041 0.5776 -0.5490
vn -0.9990 -0.0263 -0.0369
vn -0.9749 0.1435 -0.1704
vn -0.9548 0.2947 -0.0397
vn -0.9847 0.1472 0.0932
vn 0.6704 0.4180 -0.6130
vn 0.6552 0.5387 -0.5296
vn 0.4736 0.5973 0.6472
vn -0.3699 0.5305 -0.7627
vn 0.8475 0.4228 -0.3210
vn 0.7777 0.5862 -0.2273
vn 0.2272 0.5995 0.7675
vn -0.0502 0.5770 -0.8152
vn 0.9012 0.4289 0.0621
vn 0.8270 0.5484 0.1235
vn -0.1352 0.5986 0.7896
vn 0.2385 0.5778 -0.7805
vn -0.7815 0.5871 0.2108
vn 0.5521 0.5814 -0.5976
vn -0.4240 0.5975 0.6806
vn 0.7243 0.5859 -0.3634
vn -0.8306 0.5392 -0.1387
vn 0.7404 0.6591 0.1317
vn 0.7605 0.6384 0.1190
vn 0.8073 0.5888 -0.0395
vn -0.6356 0.5916 0.4960
vn 0.7674 0.5952 0.2384
vn -0.7275 0.5340 -0.4309
vn 0.6247 0.5965 0.5039
vn 0.0464 -0.4491 -0.8923
vn -0.0839 -0.2424 -0.9666
vn -0.1664 -0.4373 -0.8838
vn -0.1056 -0.5902 -0.8004
vn -0.9651 0.1490 0.2153
vn -0.9372 -0.0207 0.3482
vn -0.9765 -0.0181 0.2146
vn -0.9650 -0.2405 0.1049
vn -0.4258 0.6517 -0.6277
vn -0.4123 0.6013 -0.6844
vn -0.3851 0.4714 -0.7934
vn -0.2818 0.6009 -0.7480
vn -0.2284 0.6510 -0.7239
vn 0.1708 0.6738 0.7189
vn 0.1263 0.6243 0.7709
vn 0.0500 0.5379 0.8415
vn -0.0347 0.6239 0.7807
vn -0.0855 0.6732 0.7345
vn 0.6439 0.6613 -0.3848
vn 0.6577 0.6105 -0.4413
vn 0.7939 0.4827 -0.3697
vn 0.7663 0.5718 -0.2932
vn 0.8381 0.4845 -0.2509
vn 0.7765 0.6125 -0.1479
vn 0.7279 0.6608 -0.1828
vn -0.2023 0.4725 -0.8578
vn -0.1317 0.5614 -0.8170
vn -0.0771 0.4726 -0.8779
vn 0.0500 0.6036 -0.7958
vn 0.0067 0.6540 -0.7565
vn 0.2585 0.6541 -0.7109
vn 0.3244 0.6040 -0.7280
vn 0.4395 0.4746 -0.7627
vn 0.4637 0.6056 -0.6467
vn 0.4803 0.6566 -0.5815
vn 0.8042 -0.4162 0.4244
vn 0.9231 -0.2121 0.3208
vn 0.8877 -0.4187 0.1913
vn 0.7889 -0.5726 0.2229
vn -0.8833 0.4673 0.0391
vn -0.9750 0.1897 -0.1159
vn -0.9205 0.3101 -0.2376
vn -0.8800 0.3726 -0.2945
vn -0.7835 0.5830 -0.2151
vn -0.8836 0.4445 -0.1469
vn 0.9657 -0.0241 0.2585
vn 0.9955 -0.0133 0.0943
vn -0.7038 0.6571 -0.2700
vn -0.7215 0.6060 -0.3349
vn -0.7575 0.4750 -0.4478
vn -0.6455 0.6036 -0.4680
vn -0.5874 0.6532 -0.4778
vn -0.7701 0.5747 0.2771
vn -0.7323 0.6609 0.1643
vn -0.6687 0.6635 0.3356
vn -0.6830 0.6152 0.3938
vn -0.7972 0.4876 0.3561
vn -0.6413 0.4746 -0.6028
vn -0.5593 0.5629 -0.6085
vn -0.5334 0.5161 -0.6701
vn 0.0682 0.2747 -0.9591
vn 0.1237 0.5154 -0.8480
vn 0.9224 0.2945 0.2500
vn 0.8118 0.5336 0.2372
vn 0.7995 0.5781 0.1629
vn 0.8635 0.4894 0.1220
vn -0.2234 0.2896 0.9307
vn -0.2763 0.4954 0.8235
vn -0.2103 0.5835 0.7844
vn -0.1532 0.4970 0.8541
vn 0.3866 0.2706 -0.8817
vn 0.2509 0.4745 -0.8438
vn 0.7775 0.2877 0.5592
vn 0.6751 0.4954 0.5467
vn 0.6731 0.5818 0.4565
vn 0.7484 0.4935 0.4432
vn -0.3174 0.6244 0.7137
vn -0.3472 0.6741 0.6520
vn 0.5504 0.2724 -0.7892
vn 0.6028 0.4785 -0.6384
vn 0.6117 0.5675 -0.5512
vn 0.6881 0.4794 -0.5446
vn 0.7033 0.2704 -0.6574
vn -0.3989 0.3092 0.8633
vn -0.4712 0.4942 0.7306
vn -0.5641 0.2863 0.7745
vn -0.5732 0.4921 0.6553
vn -0.4977 0.5806 0.6444
vn 0.8118 0.2940 -0.5045
vn 0.8998 0.2755 -0.3382
vn -0.8667 0.4800 -0.1356
vn -0.7897 0.6097 -0.0682
vn -0.7513 0.6590 -0.0358
vn -0.8033 0.5680 -0.1790
vn -0.8386 0.4791 -0.2592
vn -0.9356 0.2710 -0.2263
vn 0.9414 0.2993 -0.1554
vn 0.8710 0.4861 -0.0717
vn 0.9592 0.2809 0.0319
vn 0.7856 0.6166 0.0510
vn -0.8191 0.2816 0.4997
vn -0.7052 0.4890 0.5134
vn 0.7469 0.6647 0.0172
vn 0.8829 0.2960 0.3644
vn 0.7083 0.6224 0.3330
vn -0.6275 0.2757 -0.7282
vn -0.5525 0.6672 0.4995
vn -0.5600 0.6191 0.5505
vn -0.7793 0.2667 -0.5670
vn 0.6256 0.3001 0.7201
vn 0.5220 0.5373 0.6625
vn 0.5519 0.6223 0.5552
vn -0.8958 0.3000 0.3279
vn 0.5292 0.3008 0.7934
vn 0.3719 0.4970 0.7840
vn 0.3860 0.6241 0.6794
vn 0.3334 0.2910 0.8968
vn 0.2535 0.4980 0.8293
vn 0.3012 0.5847 0.7532
vn -0.5311 0.2750 -0.8014
vn 0.6907 0.6721 0.2667
vn -0.0032 0.3013 0.9535
vn -0.8572 -0.4275 0.2873
vn -0.8526 -0.2350 0.4667
vn -0.6638 -0.5816 0.4703
vn -0.7540 -0.5809 0.3065
vn -0.9086 -0.0337 -0.4163
vn -0.7182 -0.6086 -0.3374
vn -0.8098 -0.0358 -0.5856
vn -0.7361 0.4898 -0.4672
vn -0.1394 0.2678 -0.9533
vn 0.1881 0.2754 -0.9428
vn 0.1691 0.5624 -0.8094
vn 0.3919 0.6721 0.6282
vn 0.0539 0.8520 -0.5207
vn 0.0887 0.8514 -0.5170
vn 0.1819 0.7593 -0.6248
vn 0.0333 0.7474 -0.6635
vn 0.0211 0.8246 -0.5654
vn -0.0784 0.7321 -0.6766
vn -0.1119 0.7450 -0.6576
vn -0.0490 0.8833 -0.4663
vn -0.0583 0.9074 -0.4162
vn -0.0547 0.9155 -0.3985
vn 0.0289 0.9244 -0.3804
vn 0.5598 0.6707 0.4865
vn 0.9557 -0.0188 -0.2938
vn 0.9872 -0.0214 -0.1581
vn 0.9462 0.1483 -0.2876
vn 0.9032 0.1465 -0.4035
vn 0.8515 -0.0270 -0.5237
vn 0.8915 -0.2412 -0.3835
vn 0.6774 0.1339 -0.7234
vn -0.6688 -0.5939 -0.4472
vn -0.8420 -0.0282 -0.5387
vn -0.8014 -0.4333 -0.4125
vn -0.5289 0.1591 0.8336
vn 0.9880 0.1521 -0.0271
vn 0.9717 -0.2357 -0.0132
vn 0.9825 0.1499 0.1106
vn -0.7327 -0.0154 0.6804
vn -0.8085 0.1545 0.5678
vn -0.7006 0.3051 0.6451
vn -0.6291 0.1578 0.7612
vn -0.8202 -0.0126 0.5719
vn -0.8733 0.1528 0.4626
vn 0.1311 -0.0165 0.9912
vn 0.0601 -0.2057 0.9768
vn -0.0096 -0.0169 0.9998
vn -0.1550 0.1583 0.9751
vn 0.1176 0.3016 0.9461
vn 0.2716 0.1593 0.9491
vn -0.9087 -0.0314 -0.4164
vn -0.8363 0.1390 -0.5304
vn -0.8685 0.2899 -0.4020
vn -0.9462 0.1420 -0.2906
vn 0.0688 -0.0433 -0.9967
vn 0.1325 -0.2327 -0.9635
vn 0.2007 -0.0426 -0.9787
vn 0.3225 0.1395 -0.9362
vn -0.0617 0.1375 -0.9886
vn -0.7539 -0.2498 -0.6077
vn -0.6593 -0.0436 -0.7506
vn -0.7552 0.1336 -0.6417
vn 0.8433 0.1551 0.5146
vn 0.9198 -0.0223 0.3918
vn 0.8421 -0.0075 0.5392
vn 0.7555 -0.2276 0.6144
vn 0.6595 -0.0182 0.7515
vn 0.7543 0.1566 0.6376
vn 0.3876 -0.2249 0.8939
vn 0.2940 -0.0035 0.9558
vn 0.4140 0.1591 0.8963
vn 0.5473 -0.0173 0.8367
vn -0.6051 -0.0128 -0.7960
vn -0.5471 -0.0444 -0.8359
vn -0.4149 0.1311 -0.9004
vn 0.3445 -0.6203 0.7046
vn 0.2999 -0.5688 0.7659
vn 0.5067 -0.4082 0.7593
vn 0.5823 -0.2646 0.7687
vn 0.5922 -0.4088 0.6944
vn 0.6486 -0.5669 0.5079
vn 0.5771 -0.6173 0.5347
vn 0.6682 -0.5186 0.5335
vn 0.6303 -0.2672 0.7289
vn 0.5311 -0.2665 0.8043
vn 0.3200 -0.5206 0.7916
vn -0.2939 -0.0323 -0.9553
vn -0.1584 -0.0555 -0.9858
vn -0.2806 0.1275 -0.9513
vn -0.3352 0.2635 -0.9045
vn -0.0842 0.5176 0.8515
vn -0.2416 0.5366 0.8085
vn -0.7888 0.5006 0.3566
vn -0.8261 0.3964 0.4004
vn -0.2688 -0.2845 0.9202
vn -0.4167 -0.0111 0.9090
vn -0.2891 0.1614 0.9436
vn -0.1724 -0.2259 0.9588
vn -0.6103 -0.2302 0.7580
vn -0.5249 -0.2290 0.8198
vn -0.4600 -0.5875 0.6658
vn -0.3444 -0.4098 0.8447
vn -0.4209 -0.5720 0.7040
vn 0.5059 0.1380 -0.8515
vn 0.7649 0.1429 -0.6281
vn -0.8634 -0.3351 -0.3772
vn -0.6352 0.3469 -0.6900
vn -0.6273 0.4395 -0.6430
vn -0.5956 0.2382 -0.7672
vn -0.6848 0.4222 -0.5939
vn -0.5798 0.6328 -0.5131
vn -0.5419 0.5475 -0.6377
vn -0.5467 0.3851 -0.7435
vn 0.6727 -0.5767 0.4636
vn 0.8186 -0.3376 -0.4646
vn 0.8003 -0.1516 -0.5801
vn 0.8567 0.0340 -0.5147
vn 0.8952 0.0289 -0.4447
vn 0.9321 -0.1093 -0.3453
vn 0.9349 -0.1532 -0.3202
vn -0.9303 -0.2457 -0.2724
vn 0.2509 -0.5776 0.7768
vn -0.9870 -0.0259 0.1587
vn -0.7968 -0.6042 -0.0071
vn -0.9989 -0.0287 -0.0369
vn -0.8647 0.4970 0.0731
vn -0.0436 -0.4242 0.9045
vn 0.3376 -0.2975 -0.8930
vn 0.2457 -0.4319 -0.8678
vn -0.9842 -0.0236 -0.1754
vn -0.9004 -0.4288 -0.0734
vn -0.6789 -0.4181 0.6035
vn 0.6757 -0.2463 -0.6949
vn 0.5860 -0.0505 -0.8087
vn 0.5132 -0.2384 -0.8245
vn 0.5273 -0.4504 -0.7205
vn -0.2196 -0.5721 0.7902
vn -0.0937 -0.5693 0.8168
vn -0.5801 -0.4364 -0.6878
vn 0.7704 -0.0243 -0.6370
vn 0.7593 -0.4287 -0.4896
vn 0.4134 -0.0512 -0.9091
vn 0.8912 -0.4237 -0.1619
vn 0.1790 -0.4155 0.8918
vn 0.3472 -0.4310 -0.8329
vn 0.6253 -0.5910 -0.5096
vn 0.5188 -0.5952 -0.6137
vn -0.7897 -0.5896 0.1698
vn 0.6389 -0.2585 0.7246
vn 0.6488 -0.2079 0.7320
vn 0.5258 -0.0293 0.8501
vn 0.4234 -0.1727 0.8893
vn 0.2983 -0.3023 0.9053
vn 0.3382 -0.4766 0.8115
vn 0.4563 -0.3958 0.7970
vn 0.4813 -0.4378 0.7594
vn 0.7760 -0.5866 -0.2316
vn -0.7920 -0.5902 -0.1559
vn 0.8089 -0.5821 0.0828
vn -0.0526 0.5957 0.8015
vn -0.9371 -0.0231 0.3482
vn -0.7571 -0.5914 0.2775
vn -0.8464 0.4986 0.1869
vn 0.9354 0.3208 -0.1485
vn 0.9112 0.4050 -0.0751
vn 0.9204 0.3903 0.0247
vn 0.9544 0.2899 0.0709
vn 0.9846 0.1664 0.0540
vn 0.9760 0.2036 -0.0768
vn 0.9606 0.2277 -0.1594
vn 0.6929 -0.7127 0.1090
vn 0.8366 -0.5473 0.0230
vn -0.8127 -0.5376 -0.2245
vn -0.7157 -0.6480 -0.2605
vn -0.7851 -0.5839 -0.2067
vn -0.8030 -0.5837 0.1205
vn -0.7599 -0.6486 0.0444
vn -0.8355 -0.5375 0.1145
vn -0.9514 -0.2994 -0.0724
vn -0.9333 -0.3007 -0.1965
vn 0.8112 -0.5770 -0.0946
vn 0.7685 -0.6397 -0.0167
vn 0.8430 -0.5303 -0.0899
vn 0.9533 -0.2909 0.0807
vn 0.9352 -0.2888 0.2048
vn 0.8163 -0.5257 0.2394
vn 0.7200 -0.6357 0.2785
vn 0.9548 -0.2732 0.1170
vn 0.9881 -0.1395 0.0642
vn 0.9386 -0.2112 0.2729
vn 0.4328 -0.5942 -0.6779
vn 0.3556 -0.6434 -0.6780
vn 0.4437 -0.5469 -0.7100
vn 0.5615 -0.3018 -0.7705
vn 0.5450 -0.5490 -0.6337
vn 0.5416 -0.6556 -0.5262
vn -0.1043 -0.5211 0.8471
vn -0.1549 -0.6188 0.7701
vn 0.1191 -0.5711 0.8122
vn 0.0737 -0.6377 0.7667
vn 0.1163 -0.5245 0.8434
vn -0.0451 -0.2747 0.9605
vn -0.6786 -0.6440 0.3533
vn -0.7797 -0.5343 0.3264
vn -0.9039 -0.2976 0.3072
vn -0.9359 -0.2994 0.1857
vn 0.7285 -0.3014 -0.6151
vn 0.8035 -0.2994 -0.5145
vn 0.7417 -0.5350 -0.4044
vn 0.7003 -0.6440 -0.3080
vn 0.7104 -0.5816 -0.3964
vn 0.9102 -0.2962 -0.2896
vn 0.9409 -0.2941 -0.1679
vn 0.1078 -0.5439 -0.8322
vn 0.1591 -0.6391 -0.7525
vn 0.0975 -0.5914 -0.8005
vn -0.0598 -0.6551 -0.7532
vn -0.1032 -0.5443 -0.8325
vn 0.0470 -0.3012 -0.9524
vn -0.6429 -0.5874 -0.4915
vn -0.5579 -0.6510 -0.5147
vn -0.6620 -0.5413 -0.5185
vn -0.6183 -0.3074 -0.7233
vn -0.5177 -0.3077 -0.7983
vn -0.4101 -0.5434 -0.7324
vn -0.3148 -0.6527 -0.6891
vn 0.2541 -0.2916 -0.9222
vn 0.3720 -0.2907 -0.8816
vn -0.5808 -0.5724 0.5788
vn -0.3432 -0.6203 0.7053
vn -0.4319 -0.5237 0.7342
vn -0.5520 -0.2789 0.7858
vn -0.5984 -0.5258 0.6046
vn -0.5162 -0.6380 0.5714
vn -0.9654 -0.1700 0.1978
vn -0.8577 0.5137 -0.0193
vn -0.8876 0.4339 -0.1546
vn -0.8086 0.5525 -0.2022
vn -0.7312 0.6320 -0.2569
vn -0.6956 0.7097 -0.1112
vn -0.7341 0.6747 -0.0765
vn -0.7865 0.6165 0.0371
vn 0.8516 -0.2862 0.4393
vn 0.7873 -0.2845 0.5470
vn -0.0680 0.7134 -0.6974
vn 0.0326 0.6833 -0.7294
vn -0.0151 0.6503 -0.7596
vn -0.0568 0.6005 -0.7976
vn -0.1396 0.5687 -0.8106
vn -0.1843 0.5456 -0.8175
vn -0.3074 0.5757 -0.7577
vn -0.3407 0.6432 -0.6857
vn -0.2868 0.6964 -0.6579
vn -0.2919 0.7445 -0.6004
vn -0.1570 0.7376 -0.6568
vn 0.9782 -0.1434 -0.1504
vn 0.9987 -0.0508 0.0095
vn 0.4122 -0.4145 -0.8114
vn -0.7897 0.4906 -0.3683
vn -0.8533 0.1491 -0.4997
vn -0.8496 -0.3041 -0.4310
vn -0.9370 0.1296 -0.3245
vn -0.6605 0.0961 0.7447
vn -0.7135 -0.2882 0.6386
vn 0.7522 0.5000 -0.4291
vn 0.8951 0.0847 -0.4377
vn 0.7855 0.1531 -0.5996
vn 0.4987 0.1269 -0.8574
vn 0.4594 0.5144 0.7241
vn 0.4336 0.1512 0.8883
vn 0.6011 0.1227 0.7897
vn 0.8582 0.1195 0.4993
vn -0.3019 0.4931 -0.8159
vn -0.2532 0.0953 -0.9627
vn -0.2927 -0.3089 -0.9049
vn -0.4368 0.0738 -0.8965
vn -0.7853 -0.3050 -0.5388
vn -0.7462 0.0761 -0.6613
vn -0.5105 0.6262 -0.5893
vn -0.5634 0.5387 -0.6264
vn -0.4954 0.4324 -0.7534
vn -0.3204 0.6095 -0.7252
vn -0.3578 0.6989 -0.6193
vn 0.8547 0.5046 -0.1216
vn 0.9940 0.0903 -0.0619
vn 0.9543 0.1586 -0.2534
vn 0.2651 0.5159 0.8146
vn 0.2525 0.1239 0.9596
vn 0.3040 -0.2852 0.9090
vn 0.1445 0.5151 0.8449
vn 0.0598 0.1513 0.9867
vn 0.1825 -0.2851 0.9410
vn -0.1879 0.4918 -0.8502
vn -0.0607 0.1232 -0.9905
vn -0.1711 -0.3085 -0.9357
vn -0.3067 -0.2158 -0.9270
vn -0.2679 -0.0393 -0.9626
vn -0.1617 0.2791 -0.9465
vn -0.1950 0.2170 -0.9565
vn -0.2695 -0.0796 -0.9597
vn 0.0399 0.4907 -0.8704
vn 0.1342 0.0744 -0.9881
vn 0.8623 0.5064 0.0026
vn 0.9777 0.1640 0.1311
vn 0.8418 0.5039 0.1937
vn 0.9360 0.1449 0.3207
vn -0.0461 0.5118 0.8579
vn -0.1342 0.1506 0.9794
vn -0.2364 0.5143 0.8244
vn -0.3242 0.1217 0.9381
vn -0.2522 -0.2673 0.9300
vn 0.1634 0.4921 -0.8551
vn 0.3211 0.1469 -0.9356
vn 0.3598 0.4884 -0.7950
vn 0.7041 0.5120 0.4920
vn 0.7413 0.1489 0.6545
vn -0.8145 0.4998 0.2947
vn -0.9553 0.1593 0.2490
vn -0.8908 0.1404 0.4321
vn -0.8608 0.5027 0.0798
vn -0.9946 0.0854 0.0594
vn 0.5334 0.4957 -0.6854
vn 0.6599 0.0796 -0.7471
vn 0.6256 0.4964 -0.6019
vn -0.5478 0.5119 0.6618
vn -0.4996 0.1476 0.8536
vn 0.8055 0.5010 -0.3166
vn -0.3701 -0.2683 0.8894
vn -0.8519 0.4994 -0.1576
vn -0.9852 0.1045 -0.1357
vn -0.7094 0.5089 0.4877
vn -0.7904 -0.2902 0.5394
vn -0.7917 0.1154 0.5999
vn 0.7681 0.5115 0.3853
vn -0.6801 0.4937 -0.5420
vn 0.5593 0.5145 0.6500
vn -0.4106 0.4923 -0.7675
vn -0.5980 0.1459 -0.7881
vn -0.5839 -0.2632 -0.7680
vn -0.7918 -0.1591 -0.5897
vn -0.6974 -0.3738 -0.6115
vn -0.1796 0.1781 -0.9675
vn -0.6683 0.7050 -0.2372
vn -0.8639 0.5022 -0.0392
vn -0.6834 0.7107 0.1671
vn -0.6978 0.7111 0.0868
vn 0.4834 0.8413 -0.2420
vn 0.4340 0.8394 -0.3272
vn 0.3396 0.9357 -0.0950
vn 0.4028 0.9130 -0.0656
vn 0.5207 0.8497 -0.0830
vn 0.5165 0.8433 -0.1485
vn 0.5458 0.8157 -0.1917
vn -0.0312 0.7009 -0.7126
vn 0.6136 0.7107 -0.3441
vn 0.6653 0.6755 -0.3178
vn 0.7541 0.6186 -0.2206
vn 0.6958 0.7115 -0.0985
vn 0.6724 0.7089 -0.2130
vn 0.5462 0.7056 -0.4514
vn 0.6949 0.7130 0.0938
vn -0.2848 -0.2329 -0.9299
vn -0.2313 -0.0963 -0.9681
vn -0.1157 0.2905 -0.9499
vn -0.1100 0.7200 0.6852
vn -0.2567 0.6839 0.6829
vn -0.3654 0.6422 0.6738
vn -0.4426 0.7124 0.5445
vn -0.3447 0.7183 0.6044
vn -0.3535 0.5125 0.7825
vn -0.2153 0.7197 0.6601
vn 0.2304 0.7011 -0.6748
vn 0.7359 0.6749 -0.0545
vn 0.7020 0.7120 -0.0137
vn 0.4817 0.7211 0.4979
vn 0.4793 0.6021 0.6385
vn 0.4278 0.6298 0.6483
vn 0.3984 0.6122 0.6830
vn 0.2241 0.7331 0.6421
vn 0.3236 0.7198 0.6141
vn 0.5377 0.7181 0.4419
vn 0.6368 0.7181 0.2809
vn 0.6664 0.6336 0.3930
vn 0.5813 0.6842 0.4404
vn 0.6648 0.7150 0.2162
vn -0.5296 0.6396 0.5572
vn -0.5693 0.6802 0.4618
vn -0.5654 0.7160 0.4094
vn -0.6340 0.7127 0.3003
vn -0.6341 0.5116 0.5798
vn -0.4420 -0.3952 -0.8053
vn -0.4010 -0.3256 -0.8563
vn -0.5363 -0.0106 -0.8440
vn -0.7451 -0.0626 -0.6640
vn -0.6126 0.7027 -0.3619
vn 0.9188 0.3830 0.0954
vn 0.8950 0.4131 -0.1684
vn 0.8637 0.4832 -0.1432
vn 0.8091 0.5781 -0.1055
vn 0.8959 0.4270 0.1230
vn 0.5493 0.6618 -0.5103
vn 0.6063 0.6335 -0.4807
vn 0.3497 0.7022 -0.6202
vn 0.4077 0.7052 -0.5800
vn 0.5189 0.6139 -0.5948
vn 0.1013 0.9809 -0.1658
vn 0.3579 0.9017 0.2426
vn -0.5965 0.4919 -0.6342
vn -0.4390 0.7017 -0.5612
vn 0.0703 0.7196 0.6908
vn 0.0113 0.7212 0.6927
vn -0.1082 0.6303 0.7688
vn -0.5369 -0.5347 -0.6526
vn -0.5827 -0.4934 -0.6458
vn -0.5943 -0.4521 -0.6652
vn -0.6666 -0.4463 -0.5971
vn -0.8445 -0.4077 -0.3473
vn -0.5504 -0.3882 -0.7391
vn 0.6760 0.4401 -0.5911
vn 0.7033 0.5487 -0.4519
vn 0.8785 0.4734 -0.0646
vn 0.7756 0.6224 0.1053
vn -0.0412 0.6289 -0.7764
vn -0.1355 0.5449 -0.8275
vn -0.0475 0.4281 -0.9025
vn 0.0639 0.5348 -0.8425
vn 0.1008 0.6192 -0.7787
vn 0.0184 0.6596 -0.7514
vn -0.6697 0.4367 -0.6006
vn -0.5445 0.6662 -0.5095
vn -0.5443 0.7031 -0.4576
vn -0.6834 0.6090 -0.4026
vn 0.6904 0.4700 0.5499
vn 0.5597 0.5365 0.6316
vn -0.6062 0.5588 0.5658
vn -0.7080 0.6744 0.2097
vn -0.4206 -0.2946 -0.8581
vn -0.5884 -0.1886 -0.7863
vn -0.6996 -0.1114 -0.7058
vn 0.3152 0.5222 0.7925
vn 0.1652 0.6416 0.7491
vn 0.1409 0.6950 -0.7051
vn 0.2685 0.6245 -0.7335
vn 0.3411 0.6680 -0.6614
vn 0.0336 0.4865 0.8730
vn 0.0920 0.6842 0.7234
vn -0.2377 0.4528 -0.8593
vn -0.1680 0.7027 -0.6913
vn -0.2214 0.6649 -0.7134
vn -0.1490 0.7822 0.6050
vn -0.1087 0.8913 0.4402
vn -0.3006 0.8823 0.3622
vn -0.4112 0.7730 0.4831
vn -0.2537 0.7964 0.5490
vn 0.2155 0.4765 -0.8524
vn 0.2891 0.4264 -0.8571
vn 0.3371 0.5432 -0.7690
vn 0.1483 0.4271 -0.8920
vn -0.8244 0.4463 -0.3480
vn -0.6893 0.6608 -0.2969
vn 0.7042 0.6813 0.2000
vn 0.8350 0.5175 0.1870
vn 0.8237 0.4505 0.3443
vn -0.4388 0.3180 -0.8404
vn -0.2848 0.4118 -0.8656
vn 0.3473 0.5275 -0.7753
vn 0.5318 0.3754 -0.7591
vn 0.4899 0.2026 -0.8479
vn 0.3889 0.3354 -0.8581
vn 0.2568 0.4817 -0.8379
vn 0.3542 0.4805 0.8023
vn 0.3411 0.4576 0.8211
vn 0.2511 0.3173 0.9145
vn 0.8076 0.5155 -0.2865
vn 0.8656 0.4179 -0.2757
vn 0.8803 0.3976 -0.2589
vn 0.9719 0.2059 -0.1138
vn 0.9057 0.4201 -0.0563
vn 0.8955 0.4426 -0.0474
vn 0.4660 0.4551 -0.7588
vn 0.5123 0.4165 -0.7510
vn 0.6503 0.3346 -0.6820
vn 0.8346 0.3577 0.4188
vn 0.7325 0.4337 0.5248
vn -0.3207 -0.2949 -0.9001
vn -0.3358 0.5759 0.7454
vn 0.9712 0.2200 0.0910
vn 0.9013 0.3932 0.1820
vn 0.8929 0.4082 0.1899
vn -0.9817 0.1706 -0.0844
vn -0.9983 0.0574 0.0080
vn -0.9964 -0.0061 0.0840
vn -0.9760 -0.1971 -0.0925
vn -0.9754 -0.0321 -0.2179
vn -0.9796 -0.0023 -0.2008
vn -0.9792 0.0146 -0.2023
vn 0.7926 0.4237 -0.4384
vn 0.0422 0.9818 -0.1850
vn -0.1193 0.9631 -0.2412
vn -0.1465 0.9870 -0.0667
vn 0.0877 0.8734 0.4790
vn -0.2076 0.2272 -0.9515
vn -0.0553 0.3782 -0.9241
vn -0.0384 0.3983 -0.9164
vn 0.8566 0.3268 0.3993
vn 0.8165 0.1745 0.5503
vn 0.7317 0.3554 0.5817
vn -0.9772 0.1948 0.0843
vn -0.9709 0.1371 0.1961
vn 0.8454 0.3140 -0.4320
vn 0.8422 0.1815 -0.5078
vn 0.7273 0.4085 -0.5515
vn 0.6588 0.6062 -0.4455
vn 0.7086 0.6034 -0.3658
vn 0.7759 0.5043 -0.3790
vn 0.8235 0.4763 -0.3083
vn 0.8595 0.4088 -0.3068
vn 0.8867 0.3724 -0.2740
vn 0.8853 0.3132 -0.3438
vn 0.8962 0.2664 -0.3549
vn -0.9109 0.3824 -0.1547
vn -0.9000 0.4002 -0.1728
vn -0.9093 0.4160 0.0090
vn -0.9168 0.3990 0.0136
vn -0.9509 0.3008 -0.0733
vn 0.3101 0.3791 -0.8718
vn 0.3206 0.3987 -0.8592
vn 0.1520 0.4000 -0.9038
vn 0.1385 0.3800 -0.9145
vn 0.1935 0.2002 -0.9605
vn -0.2885 0.6820 0.6720
vn -0.3055 0.5853 0.7511
vn -0.2124 0.4100 0.8870
vn -0.1292 0.5631 0.8162
vn 0.7975 0.3846 -0.4649
vn 0.8076 0.3685 -0.4604
vn 0.9148 0.2039 -0.3487
vn 0.1427 0.8678 0.4760
vn 0.1973 0.9387 0.2827
vn 0.2827 0.8610 0.4229
vn 0.3927 0.3283 0.8591
vn 0.2282 0.6870 0.6899
vn 0.2344 0.3490 0.9073
vn 0.1251 0.6865 0.7163
vn 0.0716 0.3492 0.9343
vn -0.0323 0.8660 0.4990
vn -0.0295 0.9375 0.3468
vn 0.0516 0.8946 0.4439
vn -0.7441 0.2719 0.6103
vn 0.6665 0.2264 0.7102
vn 0.5665 0.4272 0.7047
vn 0.5712 0.4456 0.6893
vn 0.5392 0.6646 0.5173
vn 0.8060 0.2769 -0.5231
vn -0.8837 0.3113 -0.3494
vn -0.8225 0.4002 -0.4041
vn -0.9725 0.2099 -0.1011
vn 0.4266 0.2353 -0.8733
vn -0.5118 0.2347 0.8264
vn -0.4156 0.3522 0.8385
vn -0.5889 0.0748 0.8047
vn 0.9996 0.0264 0.0142
vn 0.9792 0.1766 0.1002
vn 0.9814 0.1635 -0.1002
vn -0.0593 0.3466 -0.9361
vn -0.1018 0.1426 -0.9845
vn -0.1027 0.2786 -0.9549
vn -0.0831 0.3409 -0.9364
vn -0.1511 0.1779 -0.9724
vn -0.1761 0.1332 -0.9753
vn -0.1204 0.3899 -0.9129
vn -0.1901 0.1696 -0.9670
vn -0.1904 0.1894 -0.9633
vn -0.2512 0.2087 -0.9452
vn -0.1212 0.5587 -0.8205
vn -0.0615 0.6158 -0.7855
vn 0.0216 0.5347 -0.8448
vn 0.0062 0.6600 -0.7513
vn -0.6366 0.0401 0.7701
vn -0.6859 -0.1796 0.7052
vn -0.8010 0.0320 0.5977
vn -0.7249 0.1028 0.6811
vn -0.9360 0.1772 -0.3042
vn 0.1745 0.1596 -0.9716
vn 0.1945 0.0087 -0.9809
vn 0.3686 0.1206 -0.9217
vn 0.6735 -0.2097 -0.7088
vn 0.6128 -0.3270 -0.7194
vn 0.5357 -0.4110 -0.7376
vn 0.7421 -0.0264 -0.6698
vn 0.7651 -0.0909 -0.6375
vn -0.2292 0.2296 0.9459
vn -0.2540 0.1880 0.9488
vn -0.4490 0.0694 0.8908
vn -0.7709 0.2408 0.5896
vn 0.9512 0.0860 -0.2963
vn 0.8602 0.1328 -0.4924
vn -0.0631 -0.4479 -0.8919
vn -0.0281 -0.4301 -0.9023
vn 0.1112 -0.3835 -0.9168
vn 0.1441 -0.4445 -0.8841
vn 0.2171 -0.4487 -0.8669
vn 0.1684 -0.4208 -0.8914
vn 0.0892 -0.2347 -0.9680
vn 0.0904 -0.3711 -0.9242
vn 0.0824 -0.2474 -0.9654
vn 0.0199 -0.3847 -0.9228
vn -0.2183 0.0256 -0.9755
vn -0.0251 0.1586 -0.9870
vn -0.0039 0.1991 -0.9800
vn -0.2402 0.2026 -0.9493
vn 0.0235 0.0081 -0.9997
vn -0.7599 -0.2885 0.5825
vn -0.7384 -0.4674 0.4861
vn -0.8616 -0.1799 0.4746
vn -0.6585 -0.4657 0.5912
vn 0.5498 0.0326 0.8346
vn 0.5478 0.0477 0.8353
vn 0.6627 0.1917 0.7239
vn 0.6873 0.1253 0.7155
vn 0.7090 -0.0003 0.7052
vn 0.5971 -0.1892 0.7795
vn 0.5350 -0.0015 0.8448
vn 0.9343 0.1755 -0.3102
vn 0.9685 0.2126 -0.1299
vn 0.9643 0.1079 -0.2419
vn -0.6848 0.3812 -0.6210
vn -0.7885 0.2247 -0.5726
vn -0.8035 0.1814 -0.5670
vn -0.8326 0.0204 -0.5535
vn -0.6662 0.1304 -0.7343
vn -0.6427 0.1515 -0.7510
vn -0.1443 0.3224 0.9356
vn -0.0008 0.2933 0.9560
vn -0.0100 0.1694 0.9855
vn -0.0496 0.1482 0.9877
vn -0.2618 0.0348 0.9645
vn -0.9692 0.2241 0.1026
vn -0.9100 0.1362 0.3915
vn -0.9311 0.0486 0.3616
vn -0.7012 0.0099 -0.7129
vn -0.8390 0.0041 -0.5442
vn -0.8376 -0.0288 -0.5455
vn -0.7437 -0.2148 -0.6331
vn -0.8801 -0.4748 -0.0058
vn -0.9560 -0.1926 0.2213
vn -0.8721 -0.4729 0.1260
vn -0.9530 -0.2964 0.0623
vn 0.2014 0.1626 0.9659
vn 0.1784 0.0249 0.9836
vn 0.0575 -0.1798 0.9820
vn -0.0724 0.0243 0.9971
vn 0.2268 0.2935 0.9287
vn 0.2813 0.8063 0.5204
vn 0.3585 0.5002 0.7882
vn 0.2443 0.5004 0.8306
vn 0.1263 0.8075 0.5761
vn 0.0008 0.8293 0.5589
vn 0.1399 0.7660 0.6274
vn 0.2235 0.7695 0.5982
vn 0.3059 0.7657 0.5658
vn 0.3606 0.8257 0.4338
vn 0.1166 0.9332 -0.3399
vn 0.0678 0.9669 -0.2461
vn -0.1096 0.9133 -0.3924
vn -0.0073 0.9732 -0.2297
vn 0.9351 0.1427 0.3245
vn 0.9315 0.0251 0.3628
vn 0.8542 -0.1818 0.4871
vn 0.8381 0.0190 0.5451
vn 0.8500 0.0630 0.5230
vn 0.8395 0.0695 0.5389
vn 0.9293 0.1741 0.3258
vn 0.4343 -0.1933 0.8798
vn 0.3820 -0.0118 0.9241
vn 0.3997 0.0177 0.9165
vn 0.3872 0.0395 0.9211
vn 0.4676 0.2043 0.8600
vn -0.9305 -0.0029 0.3664
vn -0.9202 0.0361 0.3897
vn -0.2540 -0.0029 -0.9672
vn -0.0965 -0.2066 -0.9737
vn 0.0239 -0.0398 -0.9989
vn 0.0058 -0.0102 -0.9999
vn -0.1445 -0.1940 0.9703
vn -0.2668 -0.0133 0.9637
vn -0.2854 0.0161 0.9583
vn -0.7262 0.6770 -0.1196
vn -0.3232 -0.1951 0.9260
vn -0.4413 0.0192 0.8972
vn -0.4621 0.0632 0.8846
vn -0.4713 0.8142 -0.3390
vn -0.2567 0.8960 0.3624
vn -0.3160 0.9429 0.1057
vn 0.1769 -0.0097 -0.9842
vn 0.1958 -0.0391 -0.9799
vn 0.3069 -0.2191 -0.9262
vn 0.3776 0.0006 -0.9260
vn 0.1274 -0.2202 -0.9671
vn -0.9157 -0.0057 -0.4019
vn -0.9070 0.0158 -0.4208
vn -0.9260 -0.2145 -0.3106
vn -0.9079 -0.0355 -0.4176
vn 0.1850 0.9274 -0.3251
vn 0.3239 0.9188 0.2256
vn 0.3119 0.9494 0.0352
vn 0.3621 0.8676 0.3410
vn 0.2365 0.9304 -0.2801
vn 0.2535 0.9376 -0.2381
vn 0.7932 -0.1981 -0.5758
vn 0.8892 0.0107 -0.4573
vn 0.4901 -0.2034 -0.8476
vn 0.9735 0.0036 -0.2287
vn 0.9772 -0.1903 -0.0939
vn 0.9994 -0.0214 0.0255
vn 0.9999 0.0083 0.0076
vn 0.9819 0.0275 0.1876
vn 0.9842 0.0093 0.1768
vn 0.9804 -0.0200 0.1960
vn 0.9298 -0.1997 0.3091
vn 0.2623 -0.1930 0.9455
vn 0.7419 -0.1957 0.6413
vn 0.9708 -0.2020 0.1296
vn -0.1583 -0.4844 -0.8604
vn -0.3903 -0.1983 -0.8991
vn -0.2860 -0.4843 -0.8268
vn -0.2422 -0.3078 -0.9201
vn 0.9015 -0.1950 -0.3864
vn -0.8443 -0.2169 -0.4900
vn 0.0343 -0.4927 -0.8695
vn 0.1275 -0.7369 -0.6638
vn 0.2046 -0.4918 -0.8463
vn 0.3019 -0.8224 -0.4821
vn 0.4316 -0.7340 -0.5244
vn 0.5157 -0.4887 -0.7037
vn 0.3393 -0.7334 -0.5891
vn 0.5383 -0.8069 0.2432
vn 0.6061 -0.7179 0.3424
vn 0.7987 -0.4727 0.3722
vn 0.6526 -0.7187 0.2399
vn -0.5125 -0.4722 0.7172
vn -0.5040 -0.1815 0.8444
vn -0.4413 -0.7186 0.5374
vn 0.4157 -0.8494 0.3253
vn 0.5102 -0.7174 0.4744
vn 0.7121 -0.4709 0.5207
vn -0.8515 -0.4862 -0.1962
vn -0.6433 -0.7301 -0.2305
vn -0.7955 -0.4883 -0.3588
vn -0.3756 -0.8203 -0.4313
vn -0.4147 -0.7335 -0.5386
vn -0.5950 -0.4915 -0.6360
vn -0.4979 -0.7336 -0.4626
vn 0.3785 -0.8648 -0.3300
vn 0.5597 -0.7299 -0.3924
vn 0.6444 -0.4867 -0.5898
vn 0.3672 -0.4905 -0.7903
vn 0.5025 -0.8172 -0.2822
vn 0.6184 -0.7279 -0.2963
vn 0.7484 -0.4845 -0.4529
vn 0.3975 -0.8070 0.4368
vn 0.4276 -0.7166 0.5511
vn 0.5982 -0.4695 0.6494
vn 0.2782 -0.8493 0.4487
vn 0.2837 -0.7156 0.6383
vn 0.4613 -0.4685 0.7535
vn -0.7089 -0.4901 -0.5072
vn -0.5888 -0.2054 -0.7817
vn 0.5320 -0.8169 -0.2227
vn 0.6589 -0.7276 -0.1910
vn 0.8351 -0.4729 -0.2809
vn 0.5123 -0.8549 -0.0820
vn 0.6911 -0.7223 -0.0264
vn 0.8687 -0.4710 -0.1532
vn 0.1827 -0.8045 0.5652
vn 0.1778 -0.7145 0.6767
vn 0.3067 -0.4680 0.8288
vn 0.1185 -0.8045 0.5821
vn 0.0667 -0.7155 0.6954
vn 0.1405 -0.4679 0.8725
vn -0.4581 -0.4925 -0.7400
vn -0.4872 0.0214 -0.8730
vn -0.3192 -0.7349 -0.5983
vn 0.0286 -0.8668 -0.4979
vn -0.0506 -0.7353 -0.6758
vn 0.5862 -0.8099 0.0206
vn 0.6873 -0.7212 0.0861
vn 0.8780 -0.4771 0.0394
vn 0.9253 -0.2944 -0.2390
vn 0.5118 -0.8487 0.1333
vn 0.8547 -0.4748 0.2097
vn -0.0105 -0.8460 0.5331
vn -0.0961 -0.7148 0.6927
vn -0.0311 -0.4683 0.8830
vn 0.2441 -0.8218 -0.5149
vn 0.2368 -0.7344 -0.6361
vn -0.4782 -0.8574 0.1901
vn -0.6681 -0.7271 0.1581
vn -0.8206 -0.4789 0.3119
vn -0.6111 -0.7232 0.3217
vn -0.2014 -0.4692 0.8598
vn -0.5733 -0.8165 0.0681
vn -0.6847 -0.7274 0.0466
vn -0.5769 -0.8168 0.0018
vn -0.6809 -0.7294 -0.0661
vn -0.3640 -0.4705 0.8038
vn -0.3498 -0.7169 0.6030
vn -0.5041 -0.8595 -0.0845
vn -0.4916 -0.8116 0.3157
vn -0.5521 -0.7217 0.4176
vn -0.4160 -0.8590 -0.2985
vn -0.5960 -0.7309 -0.3326
vn -0.3227 -0.8207 -0.4715
vn -0.0892 -0.8226 -0.5616
vn -0.1618 -0.7355 -0.6580
vn -0.2155 -0.8462 0.4874
vn -0.2058 -0.7160 0.6670
vn 0.1816 -0.8236 -0.5373
vn -0.3851 -0.8516 0.3557
vn 0.3947 -0.8752 0.2798
vn 0.4960 -0.8176 0.2922
vn 0.6467 -0.5611 0.5167
vn 0.4386 -0.7899 0.4287
vn 0.5612 -0.5588 0.6106
vn 0.3866 -0.7894 0.4769
vn 0.4612 -0.5593 0.6889
vn 0.2358 -0.8166 0.5269
vn 0.2295 -0.8753 0.4257
vn -0.1693 -0.3992 -0.9011
vn -0.2135 -0.4384 -0.8731
vn -0.2879 -0.4532 -0.8437
vn -0.1738 -0.3477 -0.9214
vn -0.1225 -0.3529 -0.9276
vn -0.0746 -0.3216 -0.9439
vn -0.0934 -0.2202 -0.9710
vn -0.3835 0.9235 -0.0026
vn -0.6645 0.7405 -0.1006
vn -0.9135 0.4048 -0.0397
vn -0.6694 0.7423 0.0302
vn 0.2708 -0.5647 0.7796
vn 0.1475 -0.5647 0.8120
vn 0.0578 -0.8149 0.5767
vn 0.0205 -0.8720 0.4891
vn -0.6018 0.3535 0.7162
vn -0.6932 0.3518 0.6290
vn -0.7101 0.3124 0.6310
vn 0.4594 -0.8818 -0.1071
vn 0.5395 -0.8264 -0.1612
vn 0.8127 -0.5749 -0.0950
vn 0.8194 -0.5723 0.0323
vn 0.5686 -0.8189 0.0781
vn 0.4749 -0.8744 0.0993
vn 0.7904 -0.5705 0.2231
vn 0.7479 -0.5682 0.3432
vn -0.5010 -0.5937 -0.6298
vn -0.3974 -0.4591 -0.7946
vn 0.6714 -0.1734 -0.7205
vn 0.5104 -0.5357 -0.6727
vn 0.4809 -0.4763 -0.7361
vn 0.6363 -0.3814 -0.6706
vn 0.7179 -0.3801 -0.5833
vn 0.7455 -0.4758 -0.4667
vn 0.6783 -0.5355 -0.5032
vn 0.8113 -0.1798 -0.5562
vn 0.6501 0.3456 -0.6767
vn -0.3689 -0.8184 0.4406
vn -0.3359 -0.8767 0.3444
vn -0.3292 -0.8063 0.4914
vn -0.1746 -0.8715 0.4582
vn -0.1730 -0.8147 0.5535
vn -0.3628 -0.5671 0.7394
vn -0.4724 -0.5676 0.6743
vn -0.9026 0.4074 0.1389
vn -0.9917 -0.1122 0.0621
vn -0.8129 -0.5714 0.1128
vn -0.9609 -0.1094 0.2544
vn -0.4920 -0.7939 0.3572
vn -0.6983 -0.5654 0.4390
vn -0.5291 -0.7949 0.2969
vn -0.7556 -0.5684 0.3256
vn -0.5464 -0.8275 0.1290
vn -0.4445 -0.8844 0.1422
vn -0.6229 -0.5649 0.5412
vn -0.7388 -0.5827 -0.3385
vn -0.6755 -0.5848 -0.4491
vn -0.4086 -0.8299 -0.3800
vn -0.3619 -0.8842 -0.2952
vn -0.5224 -0.8173 -0.2432
vn -0.4555 -0.8848 -0.0982
vn -0.5321 -0.8285 -0.1746
vn -0.3797 0.9235 0.0551
vn -0.6486 0.7442 0.1596
vn -0.8894 0.4024 -0.2170
vn -0.9394 -0.1175 -0.3222
vn -0.8052 -0.5762 -0.1402
vn -0.9845 -0.1149 -0.1326
vn 0.8544 0.4067 -0.3234
vn 0.9616 -0.1102 -0.2513
vn 0.7628 -0.5720 -0.3017
vn 0.8938 -0.1129 -0.4340
vn 0.3477 -0.8349 -0.4267
vn 0.4551 -0.5793 -0.6762
vn 0.6591 -0.1181 -0.7427
vn 0.6315 -0.5767 -0.5182
vn -0.5035 -0.0275 0.8636
vn 0.9108 0.4118 0.0283
vn 0.9852 -0.1047 0.1357
vn 0.9975 -0.0355 -0.0603
vn 0.5398 -0.7994 -0.2638
vn 0.7063 -0.5732 -0.4155
vn -0.6704 0.4148 0.6152
vn -0.7909 -0.1040 0.6030
vn -0.6584 -0.1016 0.7458
vn -0.5981 -0.8007 -0.0347
vn -0.8197 -0.5726 -0.0140
vn -0.7787 0.4124 0.4727
vn -0.8931 -0.1067 0.4371
vn 0.8867 0.4142 0.2056
vn 0.9449 -0.0302 0.3260
vn 0.8284 0.4164 0.3747
vn 0.8589 -0.0999 0.5024
vn -0.8311 0.4002 -0.3862
vn -0.8630 -0.0479 -0.5030
vn -0.6223 0.3969 -0.6747
vn -0.6046 -0.0511 -0.7949
vn -0.5418 -0.5868 -0.6018
vn -0.7439 -0.1215 -0.6571
vn -0.7409 0.3984 -0.5407
vn 0.7382 0.4183 0.5293
vn 0.7447 -0.0981 0.6602
vn 0.6196 0.4198 0.6633
vn 0.6018 -0.0967 0.7927
vn -0.8571 0.4099 0.3119
vn 0.4771 0.4208 0.7715
vn 0.4359 -0.0958 0.8949
vn 0.3163 0.4214 0.8500
vn 0.2543 -0.0235 0.9668
vn -0.4798 0.3958 -0.7830
vn -0.4352 -0.1238 -0.8918
vn -0.4403 -0.5875 -0.6789
vn -0.0354 0.4210 0.9064
vn -0.1348 -0.0245 0.9906
vn -0.0552 -0.5649 0.8233
vn 0.0608 -0.0957 0.9935
vn -0.3190 0.3953 -0.8614
vn -0.2525 -0.1241 -0.9596
vn -0.2516 -0.5821 -0.7732
vn -0.1459 0.3952 -0.9069
vn -0.0601 -0.1239 -0.9905
vn -0.1283 -0.5809 -0.8038
vn -0.2127 0.4201 0.8822
vn -0.3234 -0.0977 0.9412
vn -0.1813 -0.5648 0.8050
vn -0.3819 0.4187 0.8239
vn 0.0327 0.3956 -0.9178
vn 0.1346 -0.1232 -0.9832
vn -0.0017 -0.5819 -0.8133
vn -0.1278 -0.8059 -0.5782
vn 0.2100 0.3966 -0.8937
vn 0.3242 -0.1219 -0.9381
vn 0.2248 -0.5816 -0.7818
vn -0.5364 0.4169 0.7338
vn -0.6003 -0.7990 0.0362
vn 0.1143 -0.8362 -0.5363
vn 0.5337 0.3997 -0.7452
vn 0.5013 -0.1202 -0.8569
vn 0.2855 -0.8047 -0.5205
vn 0.3444 -0.5793 -0.7388
vn 0.7760 0.4042 -0.4842
vn 0.7917 -0.1156 -0.5999
vn 0.5031 -0.8011 -0.3244
vn 0.8999 0.4093 -0.1503
vn -0.2597 -0.8324 -0.4895
vn -0.0578 -0.8058 -0.5894
vn 0.2211 -0.8053 -0.5501
vn -0.2360 0.9179 -0.3189
vn -0.4068 0.7351 -0.5423
vn -0.5028 0.7361 -0.4532
vn -0.5344 0.7478 0.3939
vn 0.2854 0.9230 0.2583
vn 0.3893 0.7704 0.5048
vn 0.4979 0.7518 0.4323
vn 0.6292 0.7491 0.2072
vn -0.5619 0.7555 -0.3370
vn 0.1080 0.9275 0.3579
vn 0.1675 0.7536 0.6357
vn 0.2903 0.7533 0.5901
vn -0.6031 0.7460 0.2823
vn -0.1896 0.9161 -0.3533
vn -0.2952 0.7345 -0.6110
vn 0.0521 0.9267 0.3723
vn 0.0382 0.7534 0.6564
vn 0.1432 0.4214 0.8955
vn -0.0055 0.9267 0.3759
vn -0.0927 0.7529 0.6516
vn -0.1376 0.9153 -0.3784
vn -0.1724 0.7343 -0.6565
vn -0.0819 0.9158 -0.3933
vn -0.0431 0.7345 -0.6773
vn -0.0628 0.9275 0.3685
vn -0.2201 0.7521 0.6212
vn -0.3650 0.9244 0.1110
vn -0.1330 0.9254 0.3548
vn -0.3289 0.7687 0.5486
vn -0.0243 0.9173 -0.3974
vn 0.0878 0.7350 -0.6724
vn 0.0483 0.9161 -0.3980
vn 0.2084 0.7540 -0.6229
vn -0.2598 0.9232 0.2833
vn -0.4317 0.7673 0.4742
vn -0.3062 0.9249 0.2255
vn -0.3846 0.9202 -0.0731
vn -0.6148 0.7569 -0.2216
vn -0.3725 0.9165 -0.1457
vn 0.1890 0.9171 -0.3511
vn 0.3343 0.7370 -0.5875
vn 0.3792 0.3979 -0.8354
vn 0.2448 0.9197 -0.3069
vn 0.4404 0.7384 -0.5107
vn 0.3536 0.9230 0.1517
vn 0.5746 0.7506 0.3262
vn 0.3247 0.9241 0.2016
vn 0.3227 0.9200 -0.2223
vn 0.5981 0.7418 -0.3032
vn 0.5295 0.7400 -0.4147
vn 0.1748 0.9256 0.3358
vn 0.6677 0.4018 -0.6266
vn 0.3756 0.9208 -0.1054
vn 0.6439 0.7635 -0.0501
vn 0.6437 0.7437 -0.1804
vn 0.3726 0.9229 0.0972
vn 0.6596 0.7474 0.0798
vn -0.3400 0.9262 0.1631
vn -0.2156 0.9653 0.1477
vn -0.2679 0.9621 -0.0516
vn -0.2918 0.9170 -0.2718
vn -0.4839 -0.3179 -0.8153
vn -0.7449 -0.1314 -0.6541
vn -0.7098 -0.1656 -0.6847
vn -0.6060 -0.1932 -0.7716
vn -0.4301 -0.3504 -0.8320
vn 0.2877 0.9194 -0.2683
vn 0.1134 0.9746 0.1934
vn 0.3483 0.9217 -0.1706
vn 0.3901 0.9203 0.0301
vn 0.0980 0.9710 -0.2179
vn -0.1462 0.9780 0.1489
vn 0.2272 0.9720 -0.0606
vn -0.2064 0.9746 -0.0872
vn -0.9846 0.0768 0.1568
vn -0.9844 -0.1643 0.0623
vn -0.9160 -0.3795 0.1305
vn -0.9544 -0.1575 0.2534
vn 0.1618 -0.2642 -0.9508
vn 0.0594 -0.5835 -0.8099
vn 0.1407 -0.5024 -0.8531
vn 0.2151 -0.3957 -0.8929
vn 0.2634 -0.4997 -0.8252
vn 0.3115 -0.5730 -0.7581
vn 0.2859 -0.2621 -0.9217
vn 0.2207 0.2767 -0.9353
vn 0.7955 -0.3804 -0.4717
vn 0.7852 -0.4826 -0.3881
vn 0.7728 -0.5556 -0.3065
vn 0.8651 -0.2431 -0.4388
vn 0.8583 0.0264 -0.5124
vn 0.7488 -0.2587 -0.6102
vn 0.6585 -0.5844 -0.4742
vn 0.6765 -0.4976 -0.5428
vn -0.1112 0.2943 -0.9492
vn -0.0756 0.7387 -0.6697
vn -0.0663 0.9544 -0.2910
vn -0.1807 0.7370 -0.6514
vn -0.0716 -0.1960 -0.9780
vn -0.0198 0.0275 -0.9994
vn 0.0342 0.7427 -0.6688
vn 0.9557 0.2927 0.0316
vn 0.6503 0.7514 0.1116
vn 0.2489 0.9667 -0.0589
vn 0.6449 0.7562 -0.1107
vn 0.9635 -0.2468 0.1038
vn 0.9050 0.3153 0.2857
vn 0.2714 0.9596 0.0736
vn 0.6251 0.7494 0.2185
vn -0.0931 0.3291 0.9397
vn -0.0660 0.7568 0.6504
vn -0.0012 0.9624 0.2715
vn 0.0405 0.7560 0.6533
vn -0.1325 -0.1590 0.9784
vn -0.1876 0.0634 0.9802
vn -0.1734 0.7591 0.6275
vn 0.2655 0.7496 -0.6063
vn 0.0114 0.9624 -0.2716
vn 0.4453 0.3059 -0.8415
vn 0.6781 -0.3903 -0.6227
vn 0.7007 0.2822 -0.6552
vn 0.6661 -0.2577 -0.6999
vn 0.5164 -0.5706 -0.6386
vn 0.5972 -0.4959 -0.6304
vn 0.1531 0.9584 -0.2408
vn 0.3670 0.7454 -0.5565
vn -0.8691 0.3187 0.3783
vn -0.6407 0.7516 0.1567
vn -0.2672 0.9608 0.0737
vn -0.6042 0.7541 0.2573
vn -0.9551 -0.2290 0.1878
vn -0.9912 0.0401 0.1259
vn -0.6588 0.7508 0.0482
vn 0.5484 0.0404 -0.8352
vn 0.4546 0.7438 -0.4900
vn 0.2117 0.9571 -0.1977
vn 0.5265 0.7441 -0.4112
vn -0.4474 0.3264 0.8326
vn -0.3910 0.7711 0.5026
vn -0.0739 0.9693 0.2344
vn -0.4958 -0.1620 0.8532
vn -0.5487 0.0602 0.8338
vn -0.4780 0.7639 0.4336
vn 0.5846 0.7464 -0.3182
vn 0.9065 0.3153 -0.2807
vn 0.2499 0.9587 -0.1358
vn 0.6238 0.7503 -0.2188
vn -0.9516 0.3056 0.0327
vn -0.6569 0.7517 -0.0590
vn -0.2789 0.9603 0.0018
vn -0.9536 -0.2568 -0.1574
vn -0.9727 0.0151 -0.2317
vn -0.6347 0.7544 -0.1673
vn 0.9779 0.0507 -0.2030
vn 0.9687 -0.2472 -0.0235
vn -0.7026 0.2958 0.6471
vn -0.5485 0.7583 0.3523
vn -0.2296 0.9638 0.1359
vn -0.7503 -0.2440 0.6145
vn -0.8733 0.0542 0.4841
vn 0.9261 -0.1743 0.3345
vn 0.9210 0.0500 0.3864
vn 0.5794 0.7505 0.3178
vn -0.8382 0.3071 -0.4507
vn -0.5910 0.7588 -0.2737
vn -0.2629 0.9623 -0.0692
vn -0.8502 -0.1820 -0.4939
vn -0.8015 0.3064 -0.5135
vn -0.2281 0.9686 -0.0990
vn -0.4578 0.7441 -0.4866
vn 0.7329 0.3270 0.5966
vn 0.5149 0.7548 0.4063
vn 0.2411 0.9604 0.1397
vn 0.7382 -0.1606 0.6552
vn 0.6848 0.3276 0.6510
vn 0.2003 0.9663 0.1619
vn 0.3451 0.7628 0.5468
vn -0.8849 -0.1691 0.4340
vn 0.5240 0.0353 0.8510
vn 0.2495 0.7590 0.6014
vn 0.4522 -0.2379 0.8596
vn 0.2611 0.3219 0.9100
vn 0.0706 0.9630 0.2601
vn 0.1488 0.7568 0.6365
vn -0.6802 0.0091 -0.7330
vn -0.3751 0.7396 -0.5589
vn -0.6102 -0.2626 -0.7475
vn -0.4491 0.3030 -0.8406
vn -0.1345 0.9546 -0.2657
vn -0.2834 0.7372 -0.6133
vn 0.1897 0.0559 0.9802
vn 0.1245 -0.2145 0.9688
vn -0.3893 0.0361 -0.9204
vn -0.1838 -0.2424 -0.9526
vn -0.3126 -0.2597 0.9137
vn -0.6812 -0.5590 0.4728
vn -0.6645 -0.2424 0.7069
vn -0.5126 -0.5559 0.6544
vn -0.5940 -0.4819 0.6442
vn -0.6756 -0.3772 0.6335
vn -0.6783 -0.4835 0.5533
vn -0.9800 -0.1842 0.0748
vn -0.9245 -0.2571 -0.2815
vn -0.7026 -0.2617 -0.6617
vn -0.6446 -0.5726 -0.5065
vn -0.6357 -0.4994 -0.5886
vn -0.6269 -0.3954 -0.6714
vn -0.5448 -0.5003 -0.6730
vn -0.4630 -0.5744 -0.6751
vn 0.4970 -0.1825 -0.8483
vn 0.8724 -0.2195 0.4367
vn 0.3124 -0.5606 0.7669
vn 0.5610 -0.2371 0.7931
vn 0.5356 -0.5526 0.6385
vn 0.5105 -0.4773 0.7152
vn 0.4853 -0.3711 0.7917
vn 0.4027 -0.4786 0.7802
vn -0.4311 -0.1861 -0.8829
vn 0.9532 -0.1726 -0.2482
vn 0.2387 -0.1678 0.9565
vn 0.8881 -0.1610 -0.4305
vn 0.8828 -0.3716 -0.2875
vn 0.9127 -0.3699 -0.1738
vn 0.8734 -0.4864 -0.0227
vn 0.8228 -0.5618 -0.0855
vn -0.8048 -0.5461 0.2327
vn -0.8640 -0.4708 0.1785
vn -0.9242 -0.3816 0.0129
vn -0.8585 -0.4956 -0.1321
vn -0.8161 -0.5758 -0.0494
vn -0.9779 -0.1630 -0.1311
vn -0.8970 -0.3898 -0.2083
vn 0.9861 -0.1554 -0.0579
vn 0.9240 -0.3802 0.0398
vn -0.7856 -0.1521 0.5997
vn -0.8063 -0.3666 0.4643
vn 0.8075 0.0888 0.5832
vn 0.7395 -0.1502 0.6562
vn 0.7344 -0.3599 0.5754
vn 0.8534 -0.1481 0.4998
vn 0.8055 -0.5673 0.1715
vn 0.8676 -0.4866 0.1030
vn 0.8910 -0.3721 0.2602
vn 0.8515 -0.3702 0.3713
vn 0.7895 -0.4622 0.4038
vn 0.7187 -0.5381 0.4403
vn 0.9335 -0.1542 0.3237
vn 0.6779 0.0904 0.7296
vn 0.5981 -0.1449 0.7883
vn 0.6564 -0.3590 0.6635
vn -0.8493 0.0824 0.5215
vn -0.8865 -0.1587 0.4347
vn -0.7642 -0.5701 -0.3017
vn -0.8305 -0.4953 -0.2549
vn -0.8291 -0.3790 -0.4111
vn -0.7698 -0.3802 -0.5127
vn -0.8518 -0.1716 -0.4949
vn -0.9349 0.0797 0.3458
vn -0.8578 -0.3683 0.3585
vn 0.5223 0.0915 0.8478
vn 0.4332 -0.1440 0.8897
vn 0.3467 0.0921 0.9335
vn 0.2516 -0.1476 0.9565
vn 0.2835 -0.3654 0.8866
vn -0.5228 0.0643 -0.8500
vn -0.4319 -0.1757 -0.8847
vn -0.4578 -0.3832 -0.8022
vn -0.5970 -0.1709 -0.7838
vn 0.1576 0.0922 0.9832
vn 0.0606 -0.1438 0.9877
vn 0.1693 -0.3649 0.9155
vn -0.0374 0.0917 0.9951
vn -0.1327 -0.1486 0.9800
vn -0.0657 -0.3576 0.9316
vn 0.1090 -0.4577 0.8824
vn 0.0403 -0.5347 0.8441
vn -0.3472 0.0636 -0.9356
vn -0.2507 -0.1721 -0.9527
vn -0.3521 -0.3836 -0.8538
vn -0.1582 0.0636 -0.9854
vn -0.0595 -0.1759 -0.9826
vn -0.1239 -0.3915 -0.9118
vn -0.2311 0.0907 0.9687
vn -0.3212 -0.1458 0.9357
vn -0.1823 -0.3582 0.9157
vn -0.4159 0.0892 0.9050
vn -0.4968 -0.1515 0.8545
vn -0.4151 -0.3601 0.8355
vn 0.0369 0.0641 -0.9973
vn 0.1339 -0.1711 -0.9761
vn -0.0063 -0.3917 -0.9201
vn -0.1703 -0.4831 -0.8589
vn -0.2232 -0.5586 -0.7988
vn 0.2306 0.0651 -0.9709
vn 0.3222 -0.1699 -0.9313
vn -0.5847 0.0873 0.8066
vn -0.6539 -0.1497 0.7416
vn -0.5167 -0.3613 0.7762
vn -0.2791 -0.4963 0.8220
vn -0.1823 -0.5747 0.7978
vn -0.7310 0.0850 0.6771
vn -0.3393 -0.5760 0.7437
vn -0.9701 0.0714 -0.2318
vn -0.9331 -0.1655 -0.3194
vn -0.9065 0.0691 -0.4166
vn 0.5841 0.0685 -0.8088
vn 0.6550 -0.1661 -0.7372
vn 0.5192 -0.3795 -0.7658
vn 0.4978 -0.1722 -0.8500
vn 0.9059 0.0867 0.4144
vn 0.4176 -0.3806 -0.8251
vn 0.8488 0.0734 -0.5237
vn 0.7867 -0.1636 -0.5953
vn 0.9344 0.0761 -0.3480
vn 0.9549 -0.1622 -0.2488
vn -0.7389 -0.1695 -0.6521
vn 0.9841 0.0789 -0.1590
vn 0.9696 0.0843 0.2297
vn 0.9789 -0.1528 0.1355
vn 0.2744 0.6187 0.7361
vn 0.2372 0.3627 0.9012
vn 0.4094 0.3624 0.8373
vn 0.7005 0.3603 0.6160
vn -0.8434 0.3522 0.4057
vn -0.0320 0.6043 0.7962
vn -0.1277 0.3618 0.9235
vn 0.0559 0.3625 0.9303
vn -0.1295 0.5815 -0.8032
vn -0.0582 0.3359 -0.9401
vn -0.2395 0.3357 -0.9110
vn -0.6784 0.0654 -0.7317
vn -0.5682 0.3369 -0.7508
vn -0.1884 0.6034 0.7748
vn -0.3064 0.3607 0.8809
vn -0.7568 0.5945 0.2718
vn -0.9073 0.3496 0.2335
vn -0.3376 0.6022 0.7234
vn -0.4734 0.3590 0.8044
vn 0.0276 0.5963 -0.8023
vn 0.1254 0.3366 -0.9332
vn 0.1819 0.5971 -0.7812
vn 0.3041 0.3378 -0.8907
vn -0.4677 0.6149 0.6350
vn -0.6222 0.3570 0.6967
vn -0.5843 0.6130 0.5318
vn -0.7471 0.3547 0.5621
vn -0.7852 0.5879 -0.1947
vn -0.8871 0.3420 -0.3101
vn -0.9296 0.3444 -0.1314
vn -0.9364 0.3469 0.0522
vn -0.9965 0.0741 -0.0382
vn -0.7338 0.5859 -0.3439
vn -0.8105 0.3399 -0.4770
vn 0.3337 0.5839 -0.7401
vn 0.4711 0.3395 -0.8142
vn 0.4153 0.0666 -0.9072
vn 0.4700 0.5855 -0.6606
vn 0.6199 0.3415 -0.7065
vn 0.7200 0.6144 0.3226
vn 0.8082 0.3585 0.4672
vn 0.8847 0.3565 0.3003
vn 0.6503 0.6018 0.4635
vn -0.6456 0.5987 -0.4741
vn -0.7028 0.3382 -0.6258
vn -0.8080 0.0670 -0.5854
vn -0.5424 0.5974 -0.5907
vn 0.5882 0.5873 -0.5560
vn 0.7448 0.3438 -0.5719
vn 0.7305 0.0708 -0.6792
vn 0.6745 0.6038 -0.4249
vn 0.8411 0.3463 -0.4155
vn 0.5457 0.6032 0.5817
vn 0.5659 0.3616 0.7410
vn 0.4201 0.6041 0.6772
vn -0.2821 0.5816 -0.7630
vn -0.4117 0.3361 -0.8471
vn 0.7930 0.5939 -0.1359
vn 0.9341 0.3515 -0.0619
vn 0.9050 0.3489 -0.2433
vn 0.1238 0.6188 0.7757
vn 0.7708 0.6125 0.1753
vn 0.9273 0.3541 0.1216
vn 0.9960 0.0817 0.0360
vn -0.6876 0.5967 0.4137
vn -0.4237 0.9039 -0.0581
vn -0.5648 0.8175 -0.1124
vn -0.7958 0.6043 -0.0381
vn -0.5678 0.8206 0.0656
vn -0.1692 0.8377 0.5193
vn -0.3581 0.9018 0.2418
vn -0.4775 0.8233 0.3069
vn -0.4037 0.8010 0.4420
vn -0.7969 0.5922 0.1192
vn 0.3542 0.8260 -0.4385
vn 0.2911 0.8251 -0.4842
vn 0.0791 0.7879 -0.6108
vn -0.5077 0.8154 -0.2782
vn -0.5339 0.8228 -0.1946
vn 0.3284 0.9010 -0.2835
vn 0.5414 0.7941 -0.2763
vn 0.4243 0.8211 -0.3817
vn 0.4064 0.8358 0.3691
vn 0.3494 0.8365 0.4221
vn 0.4686 0.8294 0.3043
vn 0.2797 0.8316 0.4799
vn -0.2350 0.8212 -0.5200
vn -0.4240 0.5821 -0.6939
vn -0.3173 0.8157 -0.4837
vn -0.4558 0.7889 -0.4122
vn -0.1621 0.8212 -0.5471
vn 0.4193 0.8995 -0.1230
vn 0.5552 0.8210 -0.1334
vn 0.7427 0.6060 -0.2849
vn 0.5581 0.8285 -0.0458
vn 0.2013 0.9086 0.3659
vn 0.1513 0.8047 0.5741
vn 0.0080 0.9097 0.4151
vn -0.0046 0.8328 0.5535
vn -0.0756 0.8156 -0.5737
vn -0.0469 0.8965 -0.4406
vn 0.5659 0.8234 0.0417
vn 0.8026 0.5962 0.0217
vn 0.4296 0.9019 0.0456
vn 0.5695 0.8007 0.1859
vn -0.0934 0.8382 0.5374
vn 0.1506 0.8986 -0.4121
vn 0.2152 0.8183 -0.5329
vn -0.5415 0.8267 0.1526
vn -0.5143 0.8275 0.2254
vn -0.2055 0.9083 0.3643
vn -0.2557 0.8312 0.4938
vn 0.4000 0.7895 -0.4654
vn 0.4970 0.7392 -0.4546
vn 0.6309 0.6593 -0.4090
vn 0.6596 0.5212 -0.5415
vn 0.5641 0.5935 -0.5741
vn 0.5537 0.5205 -0.6501
vn 0.4474 0.6160 -0.6483
vn 0.3620 0.9067 0.2165
vn -0.3803 0.8953 -0.2319
vn -0.2525 0.8965 -0.3640
vn 0.2780 0.9351 -0.2196
vn 0.2645 0.9514 -0.1575
vn 0.5383 0.7631 -0.3576
vn 0.9157 0.3404 -0.2135
vn 0.6882 0.7090 -0.1538
vn 0.9217 0.3404 -0.1859
vn 0.7030 0.7092 -0.0529
vn 0.9395 0.3424 -0.0027
vn 0.7006 0.7119 0.0489
vn 0.9227 0.3545 0.1515
vn 0.5793 0.7697 0.2682
vn 0.2834 0.9540 0.0980
vn 0.3043 0.9393 0.1583
vn 0.0265 0.9430 0.3317
vn -0.9767 -0.1445 0.1588
vn -0.9260 -0.3723 0.0617
vn -0.8708 -0.4760 0.1227
vn -0.8903 -0.3694 0.2664
vn 0.7339 -0.1330 0.6661
vn 0.8142 0.0002 0.5806
vn 0.8466 0.0618 0.5286
vn 0.7843 0.1684 0.5972
vn 0.6936 0.3751 0.6150
vn 0.6745 0.1694 0.7186
vn 0.6052 0.0675 0.7932
vn -0.3593 0.9183 0.1665
vn -0.2221 0.8876 0.4035
vn -0.0559 0.8218 0.5670
vn 0.0316 0.7222 0.6910
vn 0.0992 0.6967 0.7105
vn 0.0826 0.6523 0.7534
vn 0.0745 0.9601 0.2696
vn 0.0896 0.7765 0.6237
vn 0.0296 0.3605 0.9323
vn -0.0126 0.7246 0.6891
vn -0.1358 0.3572 0.9241
vn -0.1147 0.7216 0.6828
vn -0.1639 0.3568 0.9197
vn -0.2141 0.7209 0.6591
vn -0.3233 0.3558 0.8768
vn -0.3081 0.7226 0.6187
vn -0.4965 0.3642 0.7879
vn -0.3708 0.7726 0.5153
vn -0.2026 0.9558 0.2132
vn -0.1854 0.9409 0.2833
vn -0.6954 0.7046 -0.1413
vn -0.9027 0.3379 -0.2663
vn -0.6705 0.7020 -0.2401
vn -0.8944 0.3379 -0.2931
vn -0.6292 0.7022 -0.3333
vn -0.8008 0.3395 -0.4935
vn -0.4333 0.7557 -0.4911
vn -0.2253 0.9477 -0.2259
vn -0.2215 0.9313 -0.2892
vn -0.3249 0.9457 -0.0035
vn -0.6511 0.7549 0.0790
vn -0.9393 0.3391 -0.0521
vn 0.0334 0.9519 -0.3046
vn 0.1015 0.9338 -0.3431
vn -0.5655 0.3332 -0.7545
vn -0.3848 0.7030 -0.5982
vn -0.4078 0.3288 -0.8518
vn -0.2965 0.7001 -0.6496
vn -0.3822 0.3285 -0.8637
vn -0.2009 0.7001 -0.6852
vn -0.1958 0.3366 -0.9211
vn -0.1006 0.7029 -0.7041
vn -0.0016 0.3351 -0.9422
vn 0.1552 0.7591 -0.6322
vn 0.1734 0.9326 0.3166
vn 0.1811 0.9682 0.1724
vn 0.0225 0.9950 0.0972
vn -0.0571 0.9607 0.2715
vn 0.0694 0.9319 0.3561
vn 0.1533 0.8587 0.4890
vn 0.8400 0.3680 -0.3988
vn 0.7833 0.3676 -0.5013
vn 0.7553 0.5577 -0.3441
vn 0.3952 -0.2875 -0.8724
vn 0.3211 0.3011 -0.8979
vn -0.6490 -0.2882 -0.7041
vn -0.5873 0.3210 -0.7430
vn -0.5205 0.6613 -0.5402
vn -0.7069 0.3216 -0.6300
vn -0.1024 0.8068 -0.5819
vn -0.1490 0.6517 -0.7437
vn -0.1422 0.4719 -0.8701
vn -0.1656 0.4135 -0.8953
vn -0.1199 0.6446 -0.7550
vn -0.6804 0.7067 0.1939
vn -0.8847 0.3385 0.3204
vn -0.9452 -0.1756 0.2753
vn -0.9302 0.3384 0.1423
vn -0.9760 -0.2041 0.0760
vn -0.8895 -0.4567 -0.0171
vn -0.2478 0.4373 -0.8645
vn -0.3141 0.4373 -0.8427
vn -0.2356 0.6455 -0.7265
vn 0.4494 0.7062 -0.5471
vn 0.4738 0.3408 -0.8120
vn 0.3693 0.9231 -0.1076
vn 0.4692 0.8732 -0.1322
vn 0.5817 0.8100 -0.0738
vn 0.3667 0.9298 -0.0303
vn 0.4829 0.8751 0.0328
vn 0.3595 0.9331 0.0025
vn 0.3526 0.9349 0.0400
vn 0.4946 0.8549 0.1565
vn 0.2953 0.9514 0.0870
vn 0.3662 0.9280 0.0691
vn -0.1035 -0.2089 -0.9724
vn -0.2937 -0.2790 -0.9143
vn -0.0502 -0.1857 -0.9813
vn -0.5419 -0.1598 0.8251
vn 0.8611 -0.1760 0.4770
vn 0.7048 -0.3502 0.6169
vn 0.7287 -0.3852 0.5662
vn 0.8128 -0.2993 0.4998
vn 0.7782 -0.5424 -0.3166
vn 0.8346 -0.4760 -0.2773
vn 0.8996 -0.3704 -0.2312
vn 0.8665 -0.4742 -0.1561
vn 0.8372 -0.5390 -0.0923
vn 0.9842 -0.1735 -0.0343
vn 0.8750 -0.1797 -0.4496
vn 0.7537 0.3436 -0.5602
vn -0.1557 -0.3704 -0.9157
vn -0.9678 -0.1754 -0.1808
vn 0.8904 -0.3282 0.3153
vn -0.4741 0.2961 -0.8292
vn -0.4639 0.0735 -0.8828
vn -0.5931 0.7114 0.3769
vn -0.6846 0.3561 0.6360
vn -0.7984 -0.1601 0.5804
vn -0.8171 0.3491 0.4589
vn 0.8066 -0.3015 -0.5085
vn 0.9305 -0.1684 -0.3253
vn 0.9444 -0.0749 -0.3203
vn 0.9649 -0.0767 -0.2513
vn 0.9801 -0.0711 -0.1855
vn 0.9609 -0.2400 -0.1379
vn 0.9002 -0.3481 -0.2617
vn 0.9184 -0.2454 -0.3104
vn 0.9146 -0.2427 -0.3234
vn 0.8871 -0.2237 -0.4037
vn 0.6384 -0.1864 -0.7468
vn 0.8143 -0.3148 -0.4877
vn 0.8319 -0.3071 -0.4622
vn 0.8858 -0.2699 -0.3775
vn 0.7757 -0.3244 -0.5413
vn 0.9423 -0.1592 0.2945
vn 0.7969 0.3541 0.4894
vn -0.8393 -0.1756 -0.5145
vn 0.2247 0.7756 -0.5899
vn 0.2783 0.8129 -0.5115
vn 0.2908 0.6444 -0.7072
vn 0.1257 0.7023 -0.7007
vn 0.5142 0.7184 0.4684
vn 0.6988 0.3532 0.6221
vn 0.6796 0.3532 0.6429
vn -0.6446 0.7078 0.2891
vn -0.9036 -0.1722 0.3922
vn 0.3540 0.7226 0.5937
vn 0.5395 0.3554 0.7633
vn 0.4727 -0.1610 0.8664
vn 0.4024 0.3673 0.8385
vn 0.9812 0.0029 0.1930
vn 0.9595 0.2229 0.1724
vn -0.8798 -0.3831 -0.2813
vn -0.8204 -0.4747 -0.3186
vn -0.7646 -0.5355 -0.3587
vn -0.9486 -0.1099 -0.2968
vn -0.8374 -0.5403 -0.0830
vn -0.8788 -0.4771 -0.0082
vn -0.9091 -0.3822 -0.1655
vn -0.6134 -0.1891 -0.7668
vn 0.0671 -0.1628 0.9844
vn -0.3490 0.0007 -0.9371
vn -0.2193 -0.1813 -0.9587
vn -0.3263 -0.1648 0.9308
vn 0.2460 0.3386 -0.9082
vn -0.6384 -0.0940 0.7639
vn 0.8541 -0.1670 0.4926
vn 0.6944 -0.5310 0.4856
vn 0.6984 -0.4648 0.5442
vn 0.6969 -0.3591 0.6208
vn 0.6174 -0.4639 0.6353
vn 0.5489 -0.5296 0.6467
vn 0.5776 -0.1632 0.7998
vn -0.8437 0.1676 -0.5100
vn -0.9925 0.0125 -0.1217
vn -0.9155 -0.2901 -0.2788
vn 0.3666 0.7051 -0.6070
vn 0.4493 0.3404 -0.8260
vn 0.4780 -0.1133 -0.8710
vn 0.5760 0.7200 0.3871
vn -0.7055 -0.1867 -0.6837
vn -0.4676 -0.5518 -0.6906
vn -0.4394 -0.4869 -0.7549
vn -0.4058 -0.3831 -0.8298
vn -0.3253 -0.4856 -0.8114
vn -0.2526 -0.5453 -0.7993
vn 0.5208 0.7101 -0.4739
vn 0.4395 0.7193 0.5379
vn -0.0912 -0.1812 -0.9792
vn -0.0090 -0.5450 -0.8384
vn 0.0561 -0.4852 -0.8726
vn 0.1267 -0.3825 -0.9152
vn 0.1880 -0.4854 -0.8539
vn 0.2544 -0.5467 -0.7978
vn 0.3692 -0.1812 -0.9115
vn 0.2807 -0.1522 0.9476
vn 0.9813 -0.1702 0.0898
vn -0.1339 -0.0964 0.9863
vn -0.8229 -0.5408 0.1741
vn 0.2747 0.7068 -0.6520
vn 0.7937 -0.5246 0.3080
vn 0.8420 -0.5262 0.1190
vn 0.8821 -0.4681 0.0526
vn 0.9147 -0.3690 0.1649
vn 0.8866 -0.3673 0.2810
vn 0.8008 -0.4648 0.3777
vn -0.5183 -0.1570 -0.8407
vn -0.5812 -0.3822 -0.7184
vn 0.1572 -0.1293 0.9791
vn 0.0720 -0.3571 0.9313
vn 0.1370 -0.4600 0.8773
vn 0.2638 -0.3607 0.8946
vn -0.7855 -0.3835 -0.4857
vn -0.7158 -0.3848 -0.5827
vn -0.6078 -0.4826 -0.6306
vn -0.6310 -0.5406 -0.5564
vn -0.0364 -0.1298 0.9909
vn -0.1242 -0.3576 0.9256
vn -0.0583 -0.4625 0.8847
vn -0.3439 -0.1577 -0.9257
vn -0.2043 -0.3880 -0.8987
vn -0.1559 -0.1725 -0.9726
vn -0.0863 -0.3879 -0.9177
vn -0.2287 -0.1308 0.9647
vn -0.3149 -0.3591 0.8786
vn -0.1758 -0.4631 0.8687
vn -0.0109 -0.5283 0.8490
vn 0.1918 -0.5192 0.8328
vn -0.4121 -0.1323 0.9015
vn -0.5049 -0.3676 0.7810
vn -0.3661 -0.4637 0.8068
vn 0.0374 -0.1572 -0.9869
vn 0.2296 -0.1562 -0.9607
vn 0.3464 -0.3877 -0.8542
vn -0.5783 -0.1490 0.8021
vn -0.6008 -0.3683 0.7096
vn -0.2112 -0.5293 0.8217
vn -0.4197 -0.5263 0.7395
vn -0.7249 -0.1365 0.6752
vn -0.7535 -0.3690 0.5442
vn -0.6135 -0.4606 0.6415
vn -0.9600 -0.1647 -0.2263
vn -0.8991 -0.1523 -0.4105
vn 0.4121 -0.1696 -0.8952
vn 0.4543 -0.3860 -0.8029
vn 0.5806 -0.1528 -0.7997
vn 0.7242 -0.1654 -0.6694
vn 0.9000 -0.1347 0.4145
vn 0.8106 -0.3613 0.4608
vn 0.8023 -0.1327 0.5820
vn 0.8433 -0.1480 -0.5167
vn 0.8247 -0.3734 -0.4249
vn 0.5192 -0.1300 0.8447
vn 0.3759 -0.3611 0.8534
vn 0.4525 -0.4595 0.7642
vn 0.5426 -0.3577 0.7600
vn 0.9283 -0.1453 -0.3424
vn -0.6298 -0.5220 0.5752
vn -0.8164 -0.3708 0.4427
vn -0.8204 -0.4699 0.3257
vn -0.7614 -0.5279 0.3763
vn 0.3757 -0.5187 0.7680
vn 0.9776 -0.1425 -0.1548
vn 0.9297 -0.3674 -0.0256
vn 0.0373 0.7523 -0.6578
vn -0.0035 0.8114 -0.5845
vn -0.1080 0.7860 -0.6087
vn -0.0054 0.4856 -0.8742
vn 0.1169 0.4846 -0.8669
vn 0.1147 0.7753 -0.6211
vn 0.2335 0.4921 -0.8386
vn 0.2628 0.7955 -0.5461
vn 0.1492 0.8144 -0.5608
vn 0.1294 0.7529 -0.6453
vn 0.9894 -0.1397 0.0389
vn 0.9611 -0.1519 0.2308
vn -0.8403 -0.1539 0.5198
vn -0.1468 0.3813 -0.9127
vn -0.0608 0.1101 -0.9921
vn -0.2528 0.1099 -0.9612
vn -0.6727 -0.1559 -0.7233
vn -0.6009 0.1112 -0.7916
vn -0.8628 0.3961 0.3142
vn -0.9600 0.1246 0.2507
vn -0.9273 -0.1418 0.3464
vn -0.8923 0.1274 0.4330
vn 0.0600 0.1383 0.9886
vn 0.2114 0.3827 -0.8994
vn 0.3228 0.1121 -0.9398
vn 0.1336 0.1109 -0.9848
vn 0.2255 -0.0811 -0.9709
vn -0.0055 0.2876 -0.9577
vn -0.0482 -0.3787 -0.9243
vn -0.5223 -0.2208 -0.8237
vn 0.2897 -0.1861 -0.9388
vn -0.9195 0.3910 -0.0397
vn -0.9836 0.1191 -0.1357
vn -0.9885 -0.1473 -0.0348
vn -0.9908 0.1218 0.0587
vn -0.3237 0.1363 0.9363
vn -0.8952 0.3886 -0.2182
vn -0.9385 0.1166 -0.3249
vn -0.6748 0.4010 0.6195
vn -0.7904 0.1300 0.5987
vn -0.6580 0.1325 0.7412
vn -0.8365 0.3864 -0.3885
vn -0.8574 0.1144 -0.5017
vn 0.3817 0.3841 -0.8407
vn 0.4996 0.1139 -0.8587
vn 0.5373 0.3859 -0.7499
vn 0.6572 0.1160 -0.7447
vn 0.8339 0.4026 0.3774
vn 0.8566 0.1341 0.4982
vn 0.9377 0.1319 0.3214
vn 0.7431 0.4045 0.5330
vn 0.7426 0.1359 0.6558
vn -0.7458 0.3845 -0.5441
vn -0.7434 0.1125 -0.6593
vn -0.7994 -0.1691 -0.5765
vn -0.6264 0.3830 -0.6790
vn 0.6722 0.3880 -0.6306
vn 0.7895 0.1184 -0.6022
vn 0.7812 0.3903 -0.4872
vn 0.8915 0.1211 -0.4365
vn 0.6238 0.4060 0.6679
vn 0.6000 0.1373 0.7881
vn 0.6737 -0.1311 0.7273
vn 0.4803 0.4071 0.7769
vn 0.4344 0.1382 0.8901
vn -0.4830 0.3819 -0.7880
vn -0.4352 0.1103 -0.8936
vn -0.3210 0.3814 -0.8669
vn 0.9060 0.3955 -0.1511
vn 0.9900 0.1267 -0.0622
vn 0.9592 0.1239 -0.2542
vn 0.3184 0.4076 0.8558
vn 0.2520 0.1385 0.9578
vn 0.3441 -0.1442 0.9278
vn 0.1442 0.4077 0.9016
vn 0.0330 0.3817 -0.9237
vn 0.8926 0.4005 0.2071
vn 0.9827 0.1294 0.1322
vn -0.0356 0.4073 0.9126
vn -0.1344 0.1376 0.9813
vn -0.2141 0.4063 0.8883
vn -0.9086 0.3935 0.1400
vn -0.5399 0.4032 0.7389
vn -0.5005 0.1346 0.8552
vn -0.7838 0.3987 0.4761
vn -0.7499 0.6056 -0.2662
vn 0.5479 0.7499 -0.3707
vn 0.7090 0.6092 -0.3552
vn 0.6304 0.6028 -0.4892
vn 0.3983 0.5991 -0.6946
vn 0.3460 0.6186 0.7054
vn 0.4767 0.6221 0.6211
vn 0.6812 0.6195 0.3900
vn -0.2142 0.7437 -0.6332
vn -0.2041 0.5960 -0.7766
vn -0.3486 0.6006 -0.7196
vn -0.5944 0.6024 -0.5328
vn 0.6349 0.7599 -0.1396
vn 0.7875 0.6136 -0.0567
vn 0.7662 0.6071 -0.2106
vn 0.0461 0.6229 0.7809
vn 0.2001 0.6189 0.7596
vn -0.1246 0.7437 -0.6568
vn -0.0502 0.6005 -0.7981
vn 0.1053 0.5967 -0.7955
vn 0.6433 0.7639 0.0519
vn 0.7850 0.6115 0.0987
vn 0.9169 0.3980 0.0287
vn 0.8601 0.3929 -0.3253
vn 0.6238 0.7692 0.1383
vn 0.7490 0.6135 0.2502
vn -0.0453 0.7703 0.6361
vn -0.1093 0.6181 0.7785
vn -0.1373 0.7697 0.6235
vn -0.2597 0.6213 0.7393
vn 0.2557 0.6021 -0.7564
vn 0.2923 0.7524 -0.5903
vn 0.5085 0.7669 0.3916
vn 0.5928 0.6168 0.5179
vn -0.5948 0.7612 0.2583
vn -0.7670 0.6120 0.1927
vn -0.7160 0.6099 0.3395
vn -0.6481 0.7596 0.0539
vn -0.7949 0.6055 0.0398
vn 0.3722 0.7527 -0.5430
vn 0.5223 0.6051 -0.6009
vn 0.4918 0.7487 -0.4445
vn -0.3732 0.7595 0.5328
vn -0.5263 0.6183 0.5837
vn -0.4023 0.6157 0.6775
vn 0.6108 0.7579 -0.2292
vn -0.3844 0.4050 0.8296
vn -0.6415 0.7571 -0.1231
vn -0.7891 0.6033 -0.1158
vn -0.5487 0.7660 0.3350
vn -0.6344 0.6121 0.4721
vn 0.6023 0.7661 0.2243
vn -0.4319 0.7530 -0.4964
vn -0.4827 0.5970 -0.6408
vn -0.5459 0.7461 -0.3812
vn -0.6881 0.5995 -0.4088
vn 0.4466 0.7670 0.4607
vn 0.0271 0.7848 -0.6191
vn 0.1405 0.5831 -0.8001
vn -0.3580 0.7526 -0.5527
vn -0.2931 0.7605 0.5795
vn -0.1568 0.8267 0.5404
vn -0.2641 0.8015 0.5365
vn -0.4407 0.4998 0.7456
vn -0.3547 0.8003 0.4834
vn -0.4231 0.8213 0.3828
vn -0.5637 0.8220 0.0816
vn 0.3597 0.8116 -0.4602
vn 0.6218 0.1058 -0.7760
vn 0.5815 0.1586 -0.7979
vn 0.8106 0.1560 -0.5644
vn 0.7155 0.0539 -0.6965
vn -0.8659 0.4901 -0.1003
vn -0.6178 0.7793 -0.1049
vn -0.8393 0.4969 -0.2208
vn -0.5522 0.7900 -0.2665
vn -0.5607 0.8162 -0.1395
vn -0.6459 0.7626 -0.0347
vn -0.5478 0.8043 0.2301
vn -0.8529 0.5019 0.1438
vn -0.6231 0.7813 0.0369
vn -0.8704 0.4918 0.0219
vn 0.5267 0.8153 -0.2406
vn 0.4505 0.7897 -0.4164
vn 0.6920 0.4856 -0.5341
vn 0.5092 0.7910 -0.3393
vn 0.5664 0.8240 0.0124
vn -0.5013 0.7627 0.4087
vn -0.5926 0.7471 -0.3011
vn -0.7542 0.4820 -0.4459
vn -0.4997 0.7882 -0.3592
vn -0.4085 0.8124 -0.4161
vn 0.5162 0.8268 0.2234
vn -0.8015 -0.4164 -0.4291
vn 0.4439 0.4841 -0.7540
vn 0.5439 0.4864 -0.6838
vn -0.2868 0.8118 -0.5087
vn 0.7966 0.4919 -0.3514
vn 0.8375 0.4927 -0.2363
vn 0.5840 0.8031 -0.1184
vn 0.8295 0.0624 -0.5550
vn 0.8160 -0.4157 -0.4016
vn 0.9229 -0.1342 -0.3609
vn -0.9905 -0.1363 0.0167
vn -0.8951 -0.4179 -0.1554
vn -0.9636 0.0651 -0.2595
vn 0.9887 0.0734 -0.1308
vn 0.8626 0.5058 0.0111
vn 0.9372 -0.3433 -0.0620
vn 0.9971 0.0752 -0.0096
vn 0.6153 0.7858 0.0631
vn 0.8561 0.4991 0.1343
vn -0.7395 0.0850 0.6677
vn -0.7043 0.4960 0.5079
vn -0.4895 0.7839 0.3820
vn -0.6220 0.5059 0.5977
vn -0.7263 -0.3981 0.5603
vn -0.8599 -0.1314 0.4932
vn -0.7690 0.4949 0.4045
vn 0.9577 -0.1332 0.2550
vn 0.8278 0.5007 0.2532
vn 0.8874 -0.3503 0.2997
vn 0.9250 0.0712 0.3732
vn 0.5825 0.7876 0.2011
vn 0.7781 0.5105 0.3660
vn -0.9249 0.0637 -0.3748
vn -0.7689 -0.4496 -0.4545
vn -0.8094 0.0368 -0.5861
vn -0.8404 -0.3484 0.4152
vn -0.6943 -0.5456 0.4693
vn -0.7511 -0.4730 0.4605
vn -0.8356 -0.3450 0.4276
vn -0.8056 -0.5129 0.2966
vn -0.7920 -0.5609 0.2410
vn -0.8860 -0.4151 0.2065
vn -0.9221 0.0697 0.3806
vn -0.6176 0.4872 -0.6175
vn 0.7954 0.0844 0.6001
vn 0.6442 0.5034 0.5758
vn 0.4728 0.8093 0.3486
vn 0.7166 -0.3328 0.6130
vn 0.7089 -0.1176 0.6955
vn 0.3138 -0.5543 0.7709
vn 0.1455 -0.4658 0.8728
vn 0.1062 -0.5378 0.8364
vn 0.0557 -0.3905 0.9189
vn 0.1941 0.0818 0.9776
vn 0.2393 -0.3379 0.9102
vn 0.3145 -0.1212 0.9415
vn 0.3998 -0.4084 0.8206
vn 0.5558 0.5053 0.6601
vn 0.5126 0.0777 0.8551
vn -0.1211 -0.5643 -0.8167
vn -0.0660 -0.4238 -0.9034
vn -0.2015 0.0583 -0.9778
vn -0.2452 -0.3581 -0.9009
vn -0.3188 0.0583 -0.9460
vn -0.4412 -0.4231 -0.7914
vn -0.3613 -0.5652 -0.7416
vn -0.4078 -0.5270 -0.7456
vn -0.1930 -0.3833 -0.9032
vn -0.1194 -0.4917 -0.8625
vn -0.6438 -0.1437 -0.7516
vn -0.5260 0.4848 -0.6988
vn -0.5589 -0.3579 -0.7480
vn -0.5471 0.0584 -0.8350
vn -0.3511 0.7751 -0.5253
vn -0.4235 0.4910 -0.7613
vn 0.0023 0.5151 0.8571
vn -0.0248 0.0919 0.9955
vn 0.9802 0.0030 0.1980
vn 0.9534 0.2233 0.2031
vn 0.8804 0.4550 0.1339
vn 0.8667 0.4559 0.2023
vn -0.0529 0.7920 0.6083
vn -0.1176 0.5079 0.8533
vn -0.2233 0.4781 -0.8494
vn -0.2057 0.7862 -0.5828
vn -0.2338 -0.1365 0.9627
vn -0.2374 0.5087 0.8276
vn -0.2905 -0.4293 0.8552
vn -0.4661 0.0662 0.8822
vn -0.9875 0.0684 0.1419
vn -0.9326 -0.3504 0.0864
vn 0.0183 -0.1460 -0.9891
vn 0.1408 -0.4524 -0.8806
vn 0.2311 0.0348 -0.9723
vn -0.5713 0.0649 0.8181
vn -0.5663 -0.4203 0.7090
vn -0.8892 -0.3526 -0.2915
vn 0.4682 0.0591 -0.8817
vn -0.1605 0.1926 -0.9680
vn -0.1785 -0.0302 -0.9835
vn -0.1040 0.2172 -0.9706
vn -0.1484 0.4371 -0.8871
vn 0.4946 -0.3580 -0.7920
vn 0.5704 -0.1424 -0.8089
vn 0.5676 -0.5682 -0.5959
vn 0.6321 -0.4947 -0.5965
vn 0.7646 -0.3409 -0.5470
vn 0.7493 -0.4966 -0.4381
vn 0.7174 -0.5615 -0.4124
vn 0.7465 -0.3569 -0.5616
vn 0.7557 0.0608 -0.6521
vn 0.5803 -0.4229 -0.6960
vn 0.7698 -0.4034 0.4946
vn -0.6772 -0.4510 -0.5814
vn 0.5333 -0.4080 0.7410
vn 0.8947 -0.4106 -0.1759
vn 0.8928 -0.4174 0.1694
vn -0.1488 -0.4182 0.8961
vn 0.2887 -0.4529 -0.8436
vn -0.4859 -0.3578 0.7974
vn -0.8103 0.4320 -0.3959
vn -0.6855 0.1700 -0.7080
vn -0.6866 0.0621 -0.7243
vn -0.8369 -0.5246 -0.1565
vn -0.8533 -0.4302 -0.2945
vn -0.1641 0.3206 0.9329
vn -0.2050 0.6859 0.6982
vn -0.3151 0.3469 0.8834
vn -0.3053 0.6841 0.6625
vn -0.3157 0.8630 0.3945
vn -0.2404 0.9348 0.2616
vn -0.2624 0.8940 0.3631
vn -0.2692 0.8352 0.4796
vn -0.1712 0.8833 0.4364
vn -0.1003 0.8370 0.5380
vn -0.1957 -0.4811 0.8545
vn -0.1314 -0.5173 0.8457
vn 0.0408 -0.3465 0.9372
vn 0.0094 -0.2479 0.9687
vn -0.0938 -0.3024 0.9485
vn -0.1668 -0.2419 0.9559
vn -0.2990 -0.3450 0.8897
vn -0.3457 -0.1804 0.9208
vn -0.4413 -0.0233 0.8970
vn -0.5131 -0.1846 0.8382
vn -0.5314 -0.2521 0.8087
vn -0.4632 -0.3486 0.8148
vn -0.3839 -0.3767 0.8431
vn 0.2423 -0.1803 0.9533
vn 0.1312 -0.0201 0.9911
vn 0.0377 -0.1808 0.9828
vn 0.8710 -0.4460 0.2057
vn 0.8436 -0.5178 0.1425
vn 0.9115 -0.4088 -0.0453
vn 0.9665 -0.2470 0.0699
vn 0.9130 0.2897 0.2872
vn 0.8163 0.2780 0.5064
vn -0.3686 -0.5635 0.7393
vn -0.1005 -0.5546 0.8260
vn 0.1241 -0.2093 -0.9699
vn 0.1496 -0.2779 -0.9489
vn 0.0404 -0.4581 -0.8880
vn -0.0112 -0.4144 -0.9100
vn -0.0835 -0.2122 -0.9736
vn 0.0033 -0.0493 -0.9988
vn 0.1453 -0.5505 -0.8221
vn 0.1864 -0.5216 -0.8326
vn 0.2458 -0.5525 -0.7964
vn 0.3278 -0.5943 -0.7344
vn 0.0863 -0.5922 -0.8011
vn -0.2949 -0.2748 -0.9152
vn -0.5346 -0.4278 -0.7288
vn -0.4545 -0.2719 -0.8482
vn -0.3885 -0.3350 -0.8584
vn 0.8438 -0.5163 -0.1460
vn 0.8333 -0.4585 -0.3088
vn 0.5005 0.7857 0.3636
vn 0.4298 0.9017 0.0465
vn 0.3457 0.9009 0.2625
vn -0.1963 0.9263 0.3217
vn 0.9213 0.2158 -0.3236
vn 0.9208 -0.1971 -0.3366
vn 0.9064 -0.2539 -0.3377
vn 0.9489 -0.0044 -0.3156
vn 0.9715 -0.0233 -0.2360
vn 0.7777 -0.2081 -0.5932
vn 0.9606 -0.0423 -0.2746
vn -0.5381 -0.5195 0.6638
vn -0.5068 -0.4829 0.7141
vn -0.6109 -0.3073 0.7297
vn -0.6704 -0.2471 0.6996
vn -0.7276 -0.3493 0.5904
vn -0.0481 0.6818 0.7299
vn 0.0070 0.7381 0.6747
vn 0.8248 -0.4218 -0.3765
vn 0.8461 -0.2096 -0.4900
vn 0.8710 -0.2212 -0.4387
vn 0.8984 -0.0900 -0.4298
vn 0.8938 -0.1559 -0.4206
vn 0.9012 -0.0422 -0.4314
vn 0.8789 -0.1155 -0.4628
vn 0.8904 -0.1539 -0.4284
vn 0.8695 -0.1366 -0.4747
vn 0.9955 -0.0197 -0.0932
vn 0.9993 -0.0144 -0.0352
vn 0.9999 0.0026 0.0153
vn 0.9372 0.1627 0.3084
vn 0.8171 0.2402 0.5240
vn 0.8964 0.1995 0.3958
vn 0.9143 0.2024 0.3509
vn 0.9362 0.1749 0.3050
vn 0.8950 0.2103 0.3934
vn 0.8600 0.2221 0.4593
vn 0.8874 0.1768 0.4257
vn 0.7348 0.6387 -0.2283
vn 0.8860 0.2582 -0.3853
vn -0.2031 -0.2464 -0.9476
vn -0.3990 -0.3337 -0.8541
vn -0.3356 -0.1526 -0.9296
vn -0.2453 -0.1581 -0.9565
vn -0.9760 -0.1290 0.1756
vn -0.9638 -0.0564 0.2606
vn -0.9574 0.0564 0.2832
vn -0.9290 -0.1600 -0.3337
vn -0.9692 -0.1599 -0.1873
vn -0.9783 -0.1773 -0.1070
vn -0.9889 -0.1235 0.0831
vn -0.9118 -0.1476 0.3833
vn -0.8390 0.3217 0.4389
vn -0.7377 0.4894 0.4651
vn -0.9435 0.1916 0.2703
vn 0.8446 0.4323 -0.3159
vn -0.8292 0.4708 0.3013
vn 0.4008 -0.6372 0.6583
vn 0.4937 -0.5798 0.6481
vn -0.9439 -0.1625 0.2875
vn -0.8688 -0.3087 0.3872
vn -0.7664 0.0326 -0.6415
vn -0.6225 0.3352 -0.7072
vn -0.6757 0.1683 -0.7177
vn -0.3411 0.3116 -0.8869
vn -0.2658 0.3516 -0.8976
vn -0.1990 0.3842 -0.9016
vn -0.1596 0.3380 -0.9275
vn -0.0812 0.2934 -0.9525
vn -0.0768 0.2068 -0.9754
vn -0.0409 0.1533 -0.9873
vn -0.1078 0.1158 -0.9874
vn -0.1879 0.0481 -0.9810
vn -0.2528 0.1071 -0.9616
vn -0.3415 0.1173 -0.9325
vn -0.3485 0.2196 -0.9112
vn -0.0706 -0.0189 0.9973
vn -0.1739 -0.1749 0.9691
vn -0.7836 -0.6211 -0.0140
vn -0.8669 -0.4282 -0.2551
vn -0.7044 -0.5269 -0.4756
vn 0.3446 0.0111 0.9387
vn 0.3312 -0.1045 -0.9378
vn 0.4870 -0.4110 -0.7706
vn -0.6815 -0.1802 0.7093
vn -0.6125 -0.0236 0.7901
vn -0.5689 0.2032 0.7970
vn -0.6413 0.0431 0.7661
vn -0.4794 0.0451 0.8764
vn -0.9063 -0.0208 -0.4221
vn -0.8597 -0.1971 -0.4713
vn -0.8567 -0.2695 -0.4398
vn -0.4710 -0.2062 -0.8577
vn -0.3951 -0.0541 -0.9171
vn -0.2712 -0.2057 -0.9403
vn 0.9480 -0.1491 0.2811
vn 0.9861 -0.1371 0.0940
vn 0.9934 -0.0924 0.0684
vn 0.9990 0.0043 0.0451
vn 0.9842 0.1336 0.1162
vn 0.9543 0.0717 0.2902
vn 0.9428 -0.0374 0.3313
vn 0.3886 0.4097 -0.8253
vn 0.5004 0.6435 -0.5793
vn -0.2127 -0.4134 -0.8853
vn -0.0188 -0.4342 -0.9006
vn 0.0693 -0.4418 -0.8944
vn -0.0760 -0.4280 -0.9006
vn 0.4752 -0.0343 -0.8792
vn 0.2459 -0.0193 -0.9691
vn -0.1854 -0.0477 -0.9815
vn 0.2429 0.8777 -0.4131
vn 0.4116 0.8453 0.3407
vn 0.4816 0.8583 0.1770
vn 0.3227 0.9176 -0.2322
vn 0.3142 0.9188 -0.2390
vn -0.8891 -0.3271 0.3203
vn -0.6347 -0.2689 -0.7245
vn -0.6060 -0.2055 -0.7684
vn -0.5369 -0.1344 -0.8329
vn -0.7556 -0.0254 0.6545
vn -0.8001 -0.1839 0.5710
vn -0.7451 -0.2674 -0.6110
vn -0.7504 -0.2009 -0.6297
vn -0.6507 -0.0527 -0.7575
vn -0.6869 -0.3268 -0.6491
vn 0.8928 0.3408 0.2947
vn 0.9986 -0.0385 0.0374
vn 0.8641 -0.2021 -0.4609
vn 0.8155 -0.2263 -0.5327
vn 0.9522 0.2784 -0.1257
vn 0.9642 0.2503 -0.0875
vn 0.9669 0.1137 -0.2284
vn 0.9000 0.2306 0.3699
vn -0.3156 -0.0174 -0.9487
vn -0.3382 -0.0173 -0.9409
vn -0.2859 0.2198 -0.9327
vn -0.3212 0.2033 -0.9249
vn -0.7991 0.5978 -0.0634
vn -0.7475 0.6640 -0.0173
vn -0.6564 0.7392 -0.1505
vn -0.5816 0.7744 -0.2490
vn -0.7054 0.6413 -0.3019
vn -0.7726 0.5448 -0.3259
vn -0.8794 0.4410 -0.1797
vn 0.8891 -0.0764 -0.4513
vn 0.9019 0.1078 -0.4183
vn 0.9759 0.2136 -0.0453
vn 0.1733 0.2594 -0.9501
vn 0.1907 0.3645 -0.9115
vn 0.9241 0.1303 -0.3592
vn 0.9770 0.0023 -0.2134
vn 0.0886 0.0487 0.9949
vn -0.0288 0.2075 0.9778
vn -0.1073 0.0480 0.9931
vn -0.9223 0.2194 -0.3183
vn -0.7629 0.4573 -0.4570
vn -0.8445 0.3409 -0.4130
vn -0.9395 0.1535 -0.3061
vn -0.8945 0.0165 -0.4468
vn -0.7973 -0.0374 -0.6024
vn -0.6077 0.0138 -0.7940
vn 0.2268 0.9650 -0.1317
vn -0.2499 0.7261 -0.6405
vn -0.1169 0.8336 -0.5398
vn -0.0855 0.7573 -0.6475
vn -0.1355 0.7563 -0.6400
vn -0.0814 0.7505 -0.6559
vn -0.0473 0.7791 -0.6251
vn -0.1614 0.5433 -0.8239
vn -0.2785 0.5594 -0.7807
vn -0.2726 0.7147 -0.6442
vn -0.6452 0.3439 0.6822
vn -0.5641 0.6815 0.4663
vn -0.7556 0.3409 0.5594
vn -0.6276 0.6790 0.3809
vn -0.8424 0.3387 0.4191
vn -0.4885 0.8597 0.1490
vn -0.3505 0.9321 0.0911
vn -0.4183 0.8856 0.2016
vn -0.4526 0.8399 0.2996
vn -0.3397 0.8922 0.2976
vn 0.3787 0.9234 0.0634
vn -0.2649 -0.0194 0.9641
vn -0.2991 0.0468 0.9531
vn -0.4019 0.2051 0.8924
vn 0.9920 0.0086 -0.1259
vn 0.9873 -0.1534 -0.0412
vn 0.9343 -0.3427 -0.0978
vn -0.7139 0.2009 0.6708
vn -0.7785 0.0406 0.6263
vn -0.4351 0.0106 -0.9003
vn -0.3333 0.1913 -0.9232
vn -0.2272 0.0200 -0.9736
vn -0.8316 0.1984 0.5187
vn -0.8884 0.0352 0.4576
vn -0.8633 -0.0429 0.5028
vn -0.8442 -0.1383 -0.5179
vn -0.7576 -0.1555 -0.6339
vn -0.5937 -0.2462 -0.7661
vn -0.4917 -0.3461 -0.7990
vn -0.5548 -0.3569 -0.7515
vn -0.7834 -0.2839 -0.5529
vn -0.8972 -0.1303 -0.4219
vn -0.1400 0.2004 -0.9697
vn -0.0330 0.0225 -0.9992
vn -0.7244 0.2596 -0.6387
vn -0.6968 0.4997 -0.5146
vn -0.6181 0.2986 -0.7272
vn 0.0443 0.1670 -0.9850
vn 0.1860 0.0448 -0.9815
vn -0.7929 0.5995 0.1093
vn -0.8944 0.3850 0.2277
vn 0.2965 0.0697 0.9525
vn 0.1631 0.2079 0.9645
vn 0.9056 0.0002 -0.4241
vn 0.9006 0.1042 -0.4219
vn 0.7290 -0.5906 -0.3462
vn 0.4209 -0.8795 -0.2219
vn 0.6714 -0.5936 -0.4437
vn 0.3822 -0.8847 -0.2668
vn 0.6190 -0.7854 0.0027
vn 0.4573 -0.8817 -0.1160
vn 0.7703 -0.5904 -0.2407
vn 0.4449 -0.8788 -0.1727
vn -0.2196 0.2065 0.9535
vn 0.9633 0.2669 -0.0284
vn 0.9482 0.3105 0.0671
vn 0.9611 0.2634 -0.0827
vn -0.4315 -0.4022 -0.8075
vn -0.5033 -0.4121 -0.7595
vn -0.4903 -0.4129 -0.7676
vn -0.6700 -0.4147 -0.6157
vn -0.4948 -0.4304 -0.7549
vn -0.6366 -0.4153 -0.6498
vn -0.6178 -0.4022 -0.6757
vn -0.6144 -0.4001 -0.6800
vn -0.4309 -0.3903 -0.8136
vn -0.5613 -0.3692 -0.7407
vn -0.5516 -0.3644 -0.7503
vn -0.4130 -0.3782 -0.8285
vn -0.5526 -0.3642 -0.7496
vn -0.5619 -0.3590 -0.7453
vn -0.4384 -0.3684 -0.8198
vn -0.3770 -0.2864 -0.8808
vn -0.6364 -0.1779 -0.7505
vn -0.4820 -0.2407 -0.8425
vn -0.4974 -0.2583 -0.8282
vn -0.4466 -0.2749 -0.8515
vn -0.3906 -0.3205 -0.8630
vn -0.4761 -0.1521 -0.8661
vn -0.4755 -0.1327 -0.8696
vn -0.4660 0.0343 -0.8841
vn -0.3545 -0.2764 -0.8933
vn -0.3840 -0.2258 -0.8953
vn -0.4626 0.0445 -0.8854
vn -0.3906 -0.2102 -0.8963
vn -0.4154 -0.0647 -0.9073
vn -0.3722 -0.1371 -0.9180
vn -0.3684 -0.2011 -0.9076
vn -0.3628 -0.2661 -0.8931
vn -0.4167 0.0938 -0.9042
vn -0.3355 0.0739 -0.9391
vn -0.3013 0.1401 -0.9432
vn -0.3070 -0.2575 -0.9162
vn -0.2508 -0.0327 -0.9675
vn -0.2825 -0.2958 -0.9125
vn -0.2461 -0.2197 -0.9440
vn -0.2394 -0.2061 -0.9488
vn -0.1439 -0.1570 -0.9771
vn -0.2380 -0.2792 -0.9303
vn -0.1002 -0.1943 -0.9758
vn -0.0242 -0.2052 -0.9784
vn -0.2249 -0.3360 -0.9146
vn -0.1409 -0.2819 -0.9490
vn -0.0590 -0.2271 -0.9721
vn -0.0920 -0.2576 -0.9619
vn -0.2046 -0.3566 -0.9116
vn 0.0493 -0.2434 -0.9687
vn -0.0727 -0.3276 -0.9420
vn -0.2087 -0.3622 -0.9085
vn -0.1080 -0.3424 -0.9333
vn -0.1148 -0.3471 -0.9308
vn -0.1111 -0.3542 -0.9286
vn -0.2165 -0.3864 -0.8966
vn -0.2187 -0.3904 -0.8943
vn -0.2196 -0.3868 -0.8957
vn -0.0409 -0.4228 -0.9053
vn -0.0302 -0.4311 -0.9018
vn -0.2468 -0.3954 -0.8848
vn -0.0409 -0.4285 -0.9026
vn -0.0172 -0.4393 -0.8982
vn -0.2074 -0.4374 -0.8750
vn -0.0075 -0.4423 -0.8968
vn -0.0425 -0.4315 -0.9011
vn -0.2054 -0.4057 -0.8906
vn -0.0607 -0.4291 -0.9012
vn -0.3378 -0.0046 -0.9412
vn -0.3606 0.1004 -0.9273
vn 0.1594 0.2481 -0.9555
vn 0.1407 0.4008 -0.9053
vn 0.4111 0.5410 -0.7337
vn 0.3532 0.4400 -0.8256
vn 0.2834 0.3736 -0.8832
vn 0.0947 0.7995 -0.5931
vn 0.0514 0.8190 -0.5715
vn 0.0897 0.8965 -0.4339
vn 0.2004 0.9098 -0.3636
vn 0.0280 0.9577 -0.2863
vn -0.0966 0.9213 -0.3767
vn -0.1496 0.9008 -0.4077
vn -0.1723 0.9211 -0.3490
vn 0.9960 0.0222 -0.0861
vn 0.9901 -0.0658 -0.1241
vn -0.6184 0.5123 0.5959
vn 0.0121 0.3337 -0.9426
vn -0.7354 0.3923 0.5525
vn 0.2772 0.6085 0.7436
vn 0.2333 0.4002 0.8862
vn 0.3568 0.1769 0.9173
vn 0.4066 0.3790 0.8313
vn 0.5038 0.1764 0.8456
vn -0.8301 0.3899 0.3986
vn -0.9203 0.1901 0.3420
vn -0.2280 0.3775 -0.8975
vn 0.0362 0.4315 -0.9014
vn 0.1169 0.6172 0.7781
vn 0.0548 0.4000 0.9149
vn 0.0203 -0.1518 -0.9882
vn 0.9226 0.1990 0.3306
vn 0.8805 0.2015 0.4292
vn -0.0245 0.6169 0.7867
vn -0.1258 0.3993 0.9081
vn -0.4116 0.3778 -0.8294
vn -0.4299 0.5364 -0.7263
vn -0.0174 0.3294 -0.9440
vn 0.0081 0.3666 -0.9304
vn 0.0937 0.3474 -0.9330
vn -0.1943 0.6119 0.7667
vn -0.3017 0.3982 0.8663
vn -0.7475 0.6055 0.2731
vn -0.3280 0.6108 0.7207
vn -0.4660 0.3966 0.7910
vn -0.5191 0.1979 -0.8315
vn 0.2018 0.3337 -0.9208
vn 0.2566 0.1541 -0.9542
vn -0.4742 0.6132 0.6318
vn -0.6124 0.3946 0.6850
vn -0.6268 0.7245 -0.2868
vn -0.7247 0.5061 -0.4676
vn -0.5018 0.8647 0.0207
vn -0.5802 0.6115 0.5379
vn 0.6877 0.6840 -0.2433
vn 0.5879 0.7797 -0.2156
vn 0.6734 0.6686 -0.3153
vn 0.6421 0.6117 0.4621
vn 0.8001 0.3954 0.4512
vn 0.4185 0.6080 0.6747
vn 0.5567 0.3991 0.7286
vn -0.6709 0.3968 -0.6265
vn -0.0776 0.7984 0.5971
vn 0.0395 0.7346 0.6773
vn 0.1292 0.7867 0.6036
vn -0.8462 0.3030 0.4383
vn 0.9169 0.3938 -0.0650
vn 0.9333 0.3554 0.0515
vn 0.9611 0.2548 0.1066
vn -0.0121 0.4372 -0.8993
vn -0.0150 0.6538 -0.7565
vn -0.0171 0.6462 -0.7630
vn 0.8091 0.0987 -0.5793
vn 0.7525 0.0650 -0.6553
vn 0.9525 0.2450 -0.1809
vn 0.9617 0.2592 -0.0896
vn 0.9053 0.2909 -0.3095
vn 0.8711 0.1491 -0.4680
vn 0.0392 0.5207 -0.8528
vn -0.6858 0.6077 0.4005
vn -0.0931 0.8390 -0.5361
vn -0.7757 0.5222 0.3544
vn 0.5486 0.6132 0.5683
vn -0.4468 -0.5964 -0.6668
vn -0.4572 -0.6532 -0.6035
vn -0.2934 -0.8169 -0.4965
vn -0.3984 -0.7549 -0.5209
vn -0.4432 -0.5816 -0.6821
vn 0.7934 0.6079 0.0326
vn 0.8624 0.4957 0.1025
vn -0.5618 0.8215 0.0977
vn -0.6069 0.7819 0.1424
vn -0.6317 0.7211 0.2846
vn -0.4828 0.8004 0.3555
vn -0.9979 0.0531 -0.0374
vn -0.9805 -0.1460 -0.1314
vn -0.9388 -0.3432 -0.0302
vn -0.9878 -0.1426 0.0622
vn -0.2317 0.7187 0.6556
vn -0.7098 0.7038 0.0282
vn -0.7773 0.6291 -0.0074
vn 0.1835 -0.1550 -0.9707
vn 0.5084 0.8563 -0.0904
vn 0.1648 0.5621 -0.8105
vn 0.3942 0.7925 -0.4654
vn 0.7225 0.6717 -0.1639
vn 0.5480 0.3344 -0.7667
vn 0.7255 0.6882 -0.0062
vn -0.9424 -0.2689 0.1988
vn -0.4589 0.7306 0.5056
vn -0.4558 0.8113 -0.3661
vn 0.3857 0.8780 0.2833
vn 0.3570 0.8635 0.3562
vn 0.3957 0.7888 0.4702
vn 0.5304 0.7235 0.4419
vn 0.5386 0.7907 0.2910
vn -0.7589 0.5756 0.3045
vn -0.4487 0.7388 0.5028
vn -0.3242 0.6932 0.6437
vn 0.9054 0.0451 0.4221
vn 0.8599 -0.1356 0.4921
vn 0.8550 -0.3242 0.4047
vn 0.0635 0.8381 -0.5419
vn 0.1425 0.4872 -0.8616
vn 0.1213 0.8372 -0.5332
vn 0.2546 0.4880 -0.8349
vn 0.1768 0.8388 -0.5149
vn 0.3616 0.4921 -0.7919
vn 0.2791 0.7260 -0.6285
vn 0.3117 0.4989 -0.8086
vn 0.1400 0.5508 -0.8228
vn 0.1272 0.5465 -0.8278
vn 0.0213 0.7239 -0.6895
vn -0.1351 0.8275 -0.5450
vn 0.0276 0.4898 -0.8714
vn 0.7967 0.3246 -0.5097
vn -0.1412 0.9609 0.2382
vn 0.6417 0.7300 0.2350
vn 0.6798 0.7136 -0.1695
vn -0.2533 0.9661 0.0503
vn -0.3730 0.7894 -0.4876
vn -0.3441 0.8483 -0.4024
vn -0.9114 0.2489 -0.3278
vn -0.1235 0.5491 0.8266
vn 0.0344 0.4948 0.8683
vn -0.1191 0.5479 0.8280
vn 0.8428 0.5023 -0.1932
vn 0.7380 0.6603 0.1391
vn 0.2138 0.9501 -0.2273
vn 0.2565 0.9133 -0.3164
vn 0.1795 0.1447 -0.9731
vn 0.3112 0.2624 -0.9134
vn 0.2281 0.0974 -0.9687
vn -0.6645 0.5877 -0.4616
vn -0.4095 0.8928 0.1877
vn 0.7317 0.5991 0.3251
vn 0.2871 0.8407 0.4591
vn 0.2843 0.7732 0.5669
vn -0.1250 0.4296 0.8943
vn -0.3267 0.7763 -0.5391
vn -0.3424 0.7135 -0.6113
vn -0.4699 0.3837 -0.7950
vn -0.4384 0.4504 -0.7777
vn 0.7746 0.5155 0.3665
vn 0.9505 -0.0043 -0.3107
vn 0.9268 0.2165 -0.3069
vn 0.8350 0.4485 -0.3189
vn 0.8568 0.4495 -0.2527
vn -0.4460 0.6010 -0.6633
vn -0.5138 0.6757 -0.5287
vn -0.3796 0.8839 -0.2733
vn -0.3183 0.7964 0.5142
vn -0.4870 0.8734 -0.0049
vn -0.5523 0.8311 -0.0659
vn -0.6128 0.7845 -0.0944
vn -0.7736 0.6231 -0.1151
vn 0.3810 0.8722 -0.3067
vn 0.3847 0.5897 -0.7101
vn 0.3124 0.3378 -0.8879
vn 0.1848 0.6163 -0.7655
vn 0.6414 0.7239 -0.2543
vn 0.5803 0.8141 0.0215
vn 0.6096 0.7866 0.0982
vn -0.6121 0.7395 -0.2801
vn 0.4847 0.5709 -0.6627
vn 0.5244 0.4471 -0.7246
vn 0.3558 0.3073 -0.8826
vn -0.3842 0.1109 -0.9166
vn -0.4224 0.0158 -0.9063
vn -0.5138 0.0376 -0.8571
vn -0.5789 0.2206 -0.7850
vn -0.4905 0.3839 -0.7823
vn -0.4041 0.4102 -0.8176
vn -0.3957 0.3548 -0.8471
vn -0.6074 0.7729 -0.1833
vn -0.7469 0.6259 -0.2248
vn -0.7797 0.5442 -0.3096
vn -0.0321 0.2561 -0.9661
vn 0.2123 0.5323 -0.8195
vn -0.3142 0.9459 -0.0806
vn -0.6241 0.6092 -0.4892
vn 0.3774 0.7080 -0.5969
vn 0.1358 0.3558 -0.9246
vn -0.3952 0.8212 -0.4117
vn -0.4895 0.5733 -0.6570
vn -0.4963 0.4897 -0.7168
vn 0.6310 0.5672 0.5293
vn 0.6374 0.5712 0.5172
vn 0.7588 0.5173 0.3958
vn 0.6161 0.7394 0.2715
vn 0.5406 0.8384 0.0701
vn 0.7857 0.5095 0.3507
vn 0.4616 0.8505 0.2522
vn 0.7328 0.5076 0.4532
vn 0.4315 0.8500 0.3023
vn 0.6652 0.5087 0.5465
vn 0.3933 0.8516 0.3466
vn 0.5845 0.5127 0.6289
vn 0.2449 0.8431 0.4787
vn 0.4588 0.7419 0.4890
vn -0.4596 0.5265 -0.7152
vn 0.0999 0.8257 0.5552
vn -0.6124 0.4335 -0.6611
vn -0.5436 0.5582 -0.6269
vn 0.5805 -0.5746 0.5769
vn 0.3570 -0.8707 0.3382
vn 0.6516 -0.5799 0.4890
vn 0.4661 -0.8678 0.1723
vn 0.4075 -0.7229 0.5580
vn 0.2713 -0.7909 0.5486
vn 0.0197 -0.8785 0.4774
vn 0.2982 -0.5784 0.7593
vn 0.2277 -0.8703 0.4367
vn 0.4018 -0.5738 0.7137
vn 0.2764 -0.8684 0.4117
vn 0.4966 -0.5725 0.6524
vn 0.3200 -0.8685 0.3785
vn -0.4787 0.0632 -0.8757
vn -0.0134 0.7469 0.6648
vn -0.2258 0.6950 0.6827
vn -0.1922 0.6077 0.7706
vn -0.0049 0.6087 0.7934
vn -0.0565 0.6772 0.7336
vn 0.0351 0.5943 0.8035
vn 0.9896 0.1417 -0.0234
vn -0.8497 0.4170 -0.3228
vn -0.6347 0.5479 -0.5449
vn -0.6411 0.5522 -0.5329
vn -0.7622 0.5009 -0.4100
vn -0.6192 0.7277 -0.2951
vn -0.5229 0.8415 -0.1356
vn -0.7891 0.4942 -0.3648
vn -0.4672 0.8400 -0.2759
vn -0.4371 0.8383 -0.3260
vn -0.6686 0.4887 -0.5605
vn -0.3989 0.8389 -0.3703
vn -0.5878 0.4910 -0.6429
vn -0.2505 0.8277 -0.5021
vn -0.4636 0.7249 -0.5095
vn -0.5790 0.7412 -0.3398
vn -0.4337 0.8954 -0.1008
vn -0.3383 0.9303 -0.1419
vn -0.3961 0.8926 -0.2154
vn -0.3342 -0.8946 -0.2968
vn -0.4355 -0.8879 -0.1481
vn -0.7622 -0.6043 -0.2321
vn -0.4529 -0.8863 -0.0961
vn -0.7886 -0.6028 -0.1211
vn -0.4608 -0.8865 -0.0418
vn -0.4402 -0.8840 0.1575
vn -0.5267 -0.8500 -0.0039
vn 0.5708 0.6613 -0.4867
vn 0.8957 0.3879 0.2173
vn 0.8855 0.3698 0.2815
vn 0.8457 0.3995 0.3538
vn -0.3786 0.7555 -0.5347
vn 0.2021 0.9785 0.0410
vn -0.3112 0.7334 -0.6044
vn -0.2399 0.7706 -0.5905
vn 0.8915 0.2725 -0.3618
vn 0.9496 0.2330 -0.2096
vn 0.9360 0.2052 -0.2861
vn -0.2339 0.6279 -0.7423
vn -0.2297 0.7296 -0.6441
vn -0.1313 0.8694 -0.4763
vn -0.2183 0.7272 -0.6508
vn -0.2019 0.6437 -0.7382
vn -0.2056 0.7398 -0.6406
vn -0.2190 -0.3042 0.9271
vn -0.0593 -0.3040 0.9508
vn 0.0305 -0.4891 0.8717
vn -0.0018 -0.5121 0.8589
vn 0.0311 -0.4798 0.8768
vn -0.0537 -0.3239 0.9446
vn -0.1333 -0.4168 0.8992
vn -0.2065 -0.3248 0.9230
vn 0.8383 0.1398 -0.5270
vn 0.6473 0.2453 -0.7217
vn -0.1942 0.1718 -0.9658
vn -0.1866 0.2226 -0.9569
vn -0.2686 -0.2016 -0.9419
vn -0.1889 -0.1307 -0.9732
vn 0.9267 0.2601 -0.2713
vn 0.8771 -0.4059 -0.2568
vn 0.9586 -0.2679 -0.0966
vn -0.7808 -0.0932 -0.6178
vn -0.7589 0.1175 -0.6406
vn -0.6953 -0.1144 -0.7096
vn 0.1657 0.2476 -0.9546
vn 0.8282 -0.5132 -0.2251
vn 0.8974 -0.4373 -0.0587
vn 0.8486 0.2735 0.4528
vn 0.8055 0.2730 0.5260
vn 0.9476 0.3151 -0.0524
vn -0.3739 0.8454 -0.3815
vn 0.9811 0.1565 0.1138
vn 0.9942 0.0851 -0.0663
vn -0.7637 0.5247 0.3761
vn -0.8172 -0.2733 0.5074
vn 0.6508 -0.2641 0.7118
vn 0.5964 0.3428 0.7258
vn 0.5379 0.6733 0.5073
vn 0.7141 0.3403 0.6117
vn -0.3964 -0.3650 -0.8424
vn -0.3825 0.2469 -0.8904
vn -0.4961 -0.2841 -0.8205
vn -0.2019 0.9567 0.2099
vn 0.8507 -0.3565 -0.3863
vn 0.8273 -0.2766 -0.4889
vn 0.8389 -0.2068 -0.5034
vn 0.9258 0.2674 0.2673
vn 0.8712 -0.2617 0.4154
vn -0.3934 0.7341 -0.5535
vn -0.1527 0.9459 -0.2864
vn -0.1730 0.9351 -0.3093
vn -0.4723 0.8529 -0.2227
vn -0.8047 0.3238 -0.4977
vn -0.5908 0.6623 -0.4608
vn 0.3455 -0.2847 0.8942
vn 0.1008 0.6559 -0.7481
vn 0.0662 0.8052 -0.5893
vn 0.0295 0.8906 -0.4539
vn 0.0020 0.8672 -0.4980
vn -0.6306 0.6846 0.3657
vn -0.5123 0.7360 0.4425
vn -0.4779 0.8027 0.3568
vn -0.1086 0.8822 -0.4583
vn -0.8550 -0.3361 -0.3949
vn -0.8035 -0.3558 -0.4774
vn -0.7329 -0.3871 -0.5594
vn -0.9591 -0.2814 -0.0319
vn -0.9357 0.3310 -0.1221
vn -0.7384 0.6734 -0.0369
vn -0.9418 0.3333 0.0428
vn -0.1897 -0.0958 -0.9772
vn -0.0923 -0.0572 -0.9941
vn -0.4206 0.2224 -0.8795
vn -0.2922 -0.6529 0.6988
vn 0.7792 -0.2672 0.5669
vn 0.6065 0.6707 0.4270
vn 0.8099 0.3387 0.4790
vn 0.0484 0.2124 -0.9760
vn -0.0179 0.2199 -0.9754
vn -0.0067 0.2199 -0.9755
vn 0.4900 -0.2852 0.8238
vn 0.0804 0.5841 0.8077
vn 0.0327 0.6378 -0.7695
vn 0.0187 0.8881 -0.4592
vn 0.1531 -0.2639 0.9523
vn -0.4563 0.6270 -0.6314
vn -0.4801 0.6901 -0.5415
vn -0.3254 0.8134 -0.4822
vn 0.7512 0.6390 0.1655
vn -0.7334 0.6762 0.0694
vn 0.9576 0.2649 0.1129
vn -0.5429 -0.5574 0.6281
vn -0.9244 -0.3046 -0.2296
vn -0.9075 0.3086 -0.2850
vn -0.7255 0.6733 -0.1427
vn -0.3760 0.9180 -0.1261
vn 0.7487 -0.4896 0.4469
vn -0.7774 -0.2881 -0.5591
vn -0.6479 -0.5134 -0.5627
vn 0.4134 -0.5375 -0.7350
vn 0.4377 -0.5131 -0.7383
vn 0.3147 -0.4593 -0.8306
vn 0.2896 -0.4494 -0.8451
vn 0.3707 -0.3526 -0.8592
vn 0.4400 -0.5039 -0.7433
vn 0.6019 0.7405 0.2989
vn -0.3434 -0.2080 -0.9159
vn 0.7090 -0.2829 -0.6460
vn 0.7124 -0.5014 -0.4910
vn 0.5065 -0.4727 0.7212
vn -0.9859 0.0573 0.1573
vn -0.0798 0.6399 -0.7643
vn -0.0622 0.8057 -0.5890
vn 0.6417 0.7300 0.2353
vn 0.6234 0.6202 -0.4761
vn -0.0322 0.8836 -0.4672
vn 0.2395 -0.4764 0.8460
vn -0.6988 0.1049 -0.7076
vn -0.5466 -0.0695 -0.8345
vn -0.4969 0.4145 0.7624
vn 0.7377 0.6593 0.1455
vn -0.6853 -0.3312 0.6486
vn -0.6926 -0.4889 0.5304
vn -0.6659 -0.5222 0.5328
vn -0.6886 -0.4982 0.5268
vn -0.7000 -0.2693 0.6615
vn 0.9074 -0.2240 -0.3557
vn 0.5098 -0.4639 0.7245
vn 0.4775 -0.4897 0.7295
vn 0.6513 -0.4931 0.5768
vn 0.6284 -0.5172 0.5810
vn 0.6549 -0.4838 0.5805
vn 0.6373 -0.3274 0.6976
vn 0.7160 -0.4924 -0.4948
vn 0.7184 -0.5235 -0.4580
vn 0.5715 -0.5105 -0.6425
vn 0.5755 -0.5342 -0.6192
vn 0.5753 -0.5013 -0.6463
vn 0.6940 -0.3461 -0.6313
vn 0.5521 0.2510 -0.7951
vn 0.6136 0.5381 -0.5779
vn 0.5641 -0.2867 -0.7744
vn -0.3450 -0.2646 -0.9005
vn -0.8603 -0.4937 -0.1273
vn 0.4773 0.2507 0.8422
vn -0.4860 0.1806 -0.8551
vn -0.4719 0.1349 -0.8713
vn -0.5506 0.2581 -0.7939
vn -0.5040 -0.4978 -0.7059
vn -0.4697 -0.5287 -0.7070
vn -0.5004 -0.5068 -0.7020
vn -0.6249 -0.5374 -0.5663
vn -0.6516 -0.5042 -0.5667
vn -0.6353 -0.3502 -0.6883
vn -0.8720 -0.3066 -0.3816
vn -0.7600 -0.4974 -0.4183
vn -0.1022 0.8891 -0.4462
vn -0.0769 0.8887 -0.4520
vn -0.5149 0.7588 -0.3988
vn -0.6303 0.6071 -0.4839
vn -0.6078 0.5746 -0.5481
vn 0.6290 0.7391 -0.2410
vn 0.6868 0.6918 -0.2229
vn 0.7701 0.6031 -0.2077
vn 0.8247 0.5140 -0.2358
vn 0.6422 0.5862 0.4939
vn 0.6383 0.4077 0.6530
vn -0.3789 0.8796 -0.2877
vn -0.4710 0.8758 -0.1057
vn 0.7468 -0.5117 0.4248
vn 0.7534 -0.4805 0.4489
vn 0.7629 -0.3303 0.5558
vn -0.8904 0.4423 0.1074
vn -0.9674 0.2499 0.0407
vn -0.9387 0.2426 0.2450
vn 0.2639 -0.4938 0.8286
vn 0.2407 -0.4674 0.8507
vn 0.1500 -0.3270 0.9331
vn 0.2832 0.1847 -0.9411
vn -0.7999 -0.3350 0.4978
vn -0.8653 -0.4847 -0.1280
vn -0.8457 -0.5112 -0.1534
vn 0.2880 0.9576 -0.0103
vn -0.9073 -0.1633 0.3874
vn -0.9388 -0.0784 0.3355
vn -0.9700 -0.1963 0.1432
vn -0.9584 -0.2789 -0.0599
vn -0.9630 -0.2684 -0.0232
vn 0.6346 0.7704 0.0611
vn 0.7149 0.6919 0.1003
vn 0.7834 0.6115 -0.1114
vn 0.6469 0.7604 -0.0572
vn -0.9341 0.3551 -0.0374
vn -0.9634 0.2423 -0.1148
vn 0.5522 -0.3498 -0.7568
vn -0.1832 -0.8885 -0.4207
vn -0.1716 -0.8637 -0.4739
vn -0.8072 0.0580 -0.5874
vn -0.7406 -0.1534 -0.6541
vn -0.7607 -0.3503 -0.5464
vn -0.8543 -0.1528 -0.4968
vn -0.8999 -0.3755 -0.2217
vn 0.6799 0.0580 0.7310
vn 0.5992 -0.1323 0.7896
vn 0.7415 -0.1335 0.6575
vn -0.6793 0.0418 -0.7326
vn -0.5797 -0.1548 -0.8000
vn -0.7880 -0.1328 0.6011
vn -0.8496 0.0660 0.5233
vn -0.8895 -0.1359 0.4362
vn -0.7643 -0.4885 -0.4210
vn -0.8483 -0.3777 -0.3710
vn -0.9355 0.0615 0.3479
vn 0.5234 0.0603 0.8500
vn 0.4322 -0.1580 0.8878
vn 0.4778 -0.3573 0.8025
vn 0.3469 0.0617 0.9359
vn 0.2520 -0.1305 0.9589
vn 0.3358 -0.3568 0.8717
vn 0.1565 0.0627 0.9857
vn 0.0604 -0.1299 0.9897
vn -0.0374 0.0625 0.9973
vn -0.1328 -0.1310 0.9824
vn 0.4989 -0.1576 -0.8522
vn -0.4693 -0.3454 -0.8127
vn 0.5858 0.0295 -0.8100
vn 0.6560 -0.1552 -0.7386
vn -0.2296 0.0568 0.9716
vn -0.3217 -0.1339 0.9373
vn -0.4186 0.0524 0.9067
vn -0.6564 -0.1325 0.7427
vn -0.7336 0.0659 0.6764
vn -0.9721 0.0456 -0.2300
vn -0.9313 -0.1769 -0.3183
vn -0.9083 0.0386 -0.4165
vn 0.8521 0.4974 0.1626
vn 0.8528 0.4616 0.2443
vn 0.9118 0.3184 0.2593
vn 0.8191 0.3739 0.4350
vn -0.3940 0.9140 0.0963
vn -0.2693 0.9544 0.1285
vn -0.3562 0.9120 0.2034
vn -0.3195 0.2301 0.9192
vn -0.8708 0.2467 0.4254
vn -0.0335 0.4034 0.9144
vn -0.1277 0.2335 0.9639
vn 0.0559 0.2414 0.9688
vn 0.4252 0.2429 0.8719
vn 0.6474 0.2009 -0.7352
vn -0.8444 0.4248 0.3265
vn -0.8230 -0.5635 -0.0714
vn 0.7564 0.6086 0.2396
vn -0.3464 -0.3712 -0.8615
vn -0.8305 0.2264 -0.5090
vn 0.4300 -0.4034 -0.8077
vn 0.4119 -0.4145 -0.8115
vn 0.4110 -0.4241 -0.8070
vn 0.0768 -0.4331 -0.8980
vn 0.4090 -0.5586 0.7216
vn -0.6510 0.3815 -0.6562
vn -0.7336 0.2319 -0.6388
vn 0.6761 0.3665 -0.6392
vn 0.7863 0.2063 -0.5825
vn 0.7316 0.0329 -0.6809
vn 0.5889 0.2382 0.7723
vn 0.3162 0.4186 0.8513
vn 0.2446 0.2433 0.9386
vn 0.1397 0.4140 0.8995
vn 0.0645 0.5652 0.8224
vn -0.1202 -0.8044 0.5819
vn -0.7537 -0.3712 -0.5423
vn -0.9079 -0.2884 -0.3042
vn -0.6649 -0.3308 -0.6698
vn -0.6435 -0.3432 -0.6842
vn 0.8592 0.4198 -0.2923
vn 0.5915 0.1732 -0.7874
vn 0.5690 0.2488 -0.7838
vn 0.7444 -0.6456 -0.1706
vn 0.7565 -0.6539 0.0138
vn 0.4614 0.8638 0.2026
vn 0.4915 0.8595 0.1404
vn 0.4135 0.9035 0.1128
vn 0.1276 -0.5459 -0.8281
vn 0.1995 0.5734 0.7946
vn 0.1298 0.6423 0.7554
vn 0.8393 0.2768 0.4680
vn -0.7872 0.5850 0.1952
vn -0.7513 0.6248 0.2125
vn -0.7235 0.6686 0.1718
vn -0.6112 0.7903 0.0430
vn -0.3087 0.7127 -0.6299
vn 0.0237 -0.0541 -0.9983
vn 0.0340 -0.1061 -0.9938
vn -0.0090 -0.0178 -0.9998
vn 0.4621 0.8649 -0.1959
vn 0.5962 0.7398 -0.3117
vn 0.4651 0.8085 -0.3607
vn -0.2847 -0.4087 -0.8671
vn -0.7682 0.5215 0.3714
vn 0.0492 0.8289 0.5572
vn -0.5201 0.5511 -0.6525
vn 0.8050 -0.1953 -0.5602
vn -0.5530 0.8039 0.2190
vn 0.2342 0.0195 -0.9720
vn 0.0007 -0.5832 0.8123
vn -0.3257 -0.8810 0.3431
vn -0.3293 -0.5886 0.7383
vn -0.1454 -0.8760 0.4598
vn -0.2236 -0.5836 0.7807
vn -0.0933 -0.8740 0.4768
vn -0.1128 -0.5818 0.8055
vn -0.0390 -0.8740 0.4844
vn -0.5336 -0.0572 -0.8438
vn -0.6260 -0.5495 -0.5534
vn -0.7084 -0.4804 -0.5171
vn -0.7789 -0.3942 -0.4878
vn 0.5004 0.8274 0.2552
vn -0.0597 0.8908 -0.4505
vn 0.1202 0.9907 -0.0637
vn -0.0802 0.7839 -0.6156
vn -0.3321 0.4847 -0.8092
vn 0.0339 -0.5970 -0.8015
vn 0.0135 -0.8877 -0.4603
vn 0.4553 -0.5968 -0.6607
vn 0.2252 -0.8815 -0.4150
vn 0.3595 -0.5925 -0.7209
vn 0.1773 -0.8796 -0.4414
vn 0.2557 -0.5911 -0.7650
vn 0.1254 -0.8795 -0.4590
vn 0.1464 -0.5926 -0.7921
vn 0.0713 -0.8813 -0.4672
vn 0.6259 0.7784 -0.0485
vn 0.6821 0.7181 -0.1380
vn 0.8160 -0.1805 -0.5491
vn 0.8440 -0.0742 -0.5312
vn 0.1256 0.7790 0.6143
vn 0.8081 -0.5553 -0.1964
vn -0.5714 -0.5913 -0.5691
vn -0.7330 -0.5540 -0.3947
vn -0.7257 -0.5889 -0.3558
vn 0.1986 -0.1863 -0.9622
vn 0.2924 -0.1447 -0.9453
vn 0.3058 -0.0406 -0.9512
vn 0.3269 0.0747 -0.9421
vn 0.2530 -0.1674 -0.9529
vn 0.5026 0.7486 -0.4324
vn 0.4577 0.7396 -0.4935
vn 0.9956 0.0873 0.0349
vn 0.9951 0.0924 0.0347
vn 0.9062 -0.3075 0.2903
vn 0.7972 -0.4806 0.3653
vn 0.7279 -0.5561 0.4011
vn 0.8210 -0.5623 0.0988
vn 0.5192 -0.5084 0.6870
vn 0.5385 -0.5519 0.6368
vn -0.7610 -0.4138 -0.4996
vn -0.1391 0.5647 0.8135
vn -0.1265 0.5608 0.8183
vn -0.0225 0.7358 0.6768
vn 0.1297 0.8431 0.5219
vn -0.0265 0.5048 0.8628
vn -0.0655 0.8470 0.5275
vn -0.1408 0.5015 0.8536
vn -0.1233 0.8458 0.5190
vn -0.2523 0.5011 0.8278
vn -0.1813 0.8487 0.4968
vn -0.4004 0.7334 0.5494
vn -0.3098 0.5118 0.8013
vn -0.8513 -0.0204 0.5244
vn -0.7138 -0.5868 0.3823
vn -0.8115 0.5035 0.2967
vn -0.9656 0.2428 0.0932
vn -0.8499 0.5110 0.1289
vn -0.8295 0.5571 -0.0411
vn -0.9724 -0.0314 -0.2310
vn -0.8658 0.4985 -0.0422
vn -0.2785 -0.6169 -0.7362
vn -0.2062 -0.8927 -0.4006
vn -0.3838 -0.6123 -0.6912
vn -0.2551 -0.8909 -0.3758
vn -0.4802 -0.6105 -0.6299
vn -0.2988 -0.8907 -0.3426
vn -0.5654 -0.6113 -0.5537
vn -0.9474 0.2444 0.2066
vn -0.7775 0.5618 0.2826
vn -0.6800 -0.0374 -0.7323
vn -0.5239 -0.0386 -0.8509
vn -0.9057 0.2320 -0.3549
vn -0.8250 0.5443 -0.1521
vn -0.3478 -0.0392 -0.9368
vn -0.1583 -0.0393 -0.9866
vn -0.2531 0.4666 -0.8475
vn 0.0374 -0.0388 -0.9985
vn 0.2315 -0.0378 -0.9721
vn 0.7879 -0.5665 0.2415
vn 0.4885 -0.8645 0.1180
vn 0.8128 -0.5673 0.1324
vn 0.4962 -0.8658 0.0639
vn 0.8205 -0.5713 0.0207
vn 0.4168 -0.0363 -0.9083
vn 0.5861 -0.0343 -0.8095
vn -0.0974 0.2260 -0.9692
vn -0.1914 0.4786 -0.8569
vn 0.7328 -0.0320 -0.6797
vn 0.8514 -0.0294 -0.5237
vn 0.3505 0.2331 -0.9071
vn 0.9373 -0.0267 -0.3475
vn 0.9871 -0.0239 -0.1580
vn 0.5278 0.5417 -0.6542
vn 0.9991 -0.0211 0.0376
vn 0.9726 -0.0184 0.2317
vn 0.8715 0.4834 0.0827
vn 0.9088 -0.0160 0.4170
vn 0.8100 -0.0140 0.5863
vn 0.6801 -0.0124 0.7330
vn 0.5241 -0.0112 0.8516
vn 0.9043 0.2430 0.3509
vn 0.8470 0.5200 0.1109
vn 0.3479 -0.0106 0.9375
vn 0.1584 -0.0105 0.9873
vn 0.2499 0.4918 0.8341
vn -0.0372 -0.0110 0.9992
vn -0.2314 -0.0120 0.9728
vn -0.4167 -0.0135 0.9090
vn -0.5859 -0.0155 0.8102
vn -0.5056 0.5010 0.7024
vn 0.0958 0.2538 0.9625
vn 0.1882 0.5037 0.8431
vn -0.4288 -0.8777 0.2140
vn -0.5179 0.8455 0.1298
vn -0.3521 0.2561 0.9002
vn -0.5803 -0.5868 0.5647
vn 0.8551 0.2538 0.4522
vn 0.3564 0.4916 0.7945
vn 0.5855 0.2600 0.7678
vn 0.3498 0.5519 0.7570
vn 0.1903 0.8399 0.5083
vn 0.3367 0.5557 0.7602
vn 0.2092 0.2586 0.9431
vn -0.7327 -0.0178 0.6804
vn -0.5954 0.4969 0.6313
vn -0.6544 -0.5852 0.4788
vn -0.6738 0.4958 0.5479
vn -0.3545 0.8443 0.4018
vn -0.3979 0.8427 0.3627
vn -0.4335 0.8456 0.3116
vn -0.6456 0.7279 0.2310
vn -0.7085 0.5569 0.4334
vn -0.5723 0.5602 0.5988
vn -0.5644 0.5564 0.6098
vn -0.4571 0.2504 0.8534
vn -0.6892 0.7238 -0.0345
vn -0.7713 0.2575 0.5821
vn -0.8567 0.2354 -0.4590
vn -0.3596 0.4668 -0.8080
vn -0.5872 0.2345 -0.7748
vn -0.3534 0.5281 -0.7721
vn -0.3403 0.5319 -0.7754
vn -0.1958 0.8240 -0.5316
vn -0.2108 0.2306 -0.9499
vn 0.4555 0.2294 -0.8602
vn 0.7696 0.2462 -0.5891
vn 0.8757 0.4818 -0.0309
vn 0.9362 0.2469 -0.2500
vn 0.8392 0.5424 -0.0399
vn 0.5516 0.8341 0.0090
vn 0.8372 0.5463 -0.0266
vn 0.9507 0.2791 0.1348
vn -0.4043 -0.8760 0.2630
vn -0.5363 0.8439 0.0148
vn -0.5320 0.8436 0.0731
vn -0.3716 -0.8762 0.3069
vn -0.7092 -0.0452 -0.7036
vn -0.7083 -0.3315 -0.6233
vn -0.7898 -0.0446 -0.6117
vn -0.9249 -0.0312 0.3790
vn -0.8504 -0.3173 0.4196
vn -0.8718 -0.0290 0.4891
vn 0.9926 -0.0313 -0.1173
vn 0.9997 -0.0249 -0.0000
vn 0.9466 -0.3180 -0.0532
vn -0.7369 -0.3690 0.5663
vn -0.7040 -0.0254 0.7097
vn -0.8224 -0.3786 -0.4245
vn -0.8619 -0.3776 -0.3385
vn -0.9793 -0.0395 -0.1986
vn 0.8980 -0.3748 -0.2307
vn 0.9221 -0.0353 -0.3854
vn -0.6268 -0.3125 0.7138
vn -0.6122 -0.0244 0.7903
vn -0.9969 -0.0377 -0.0697
vn -0.9375 -0.3252 -0.1234
vn 0.8720 -0.0369 -0.4881
vn 0.8526 -0.3233 -0.4106
vn -0.9224 -0.3715 0.1055
vn 0.7394 -0.3799 -0.5558
vn 0.7042 -0.0406 -0.7088
vn -0.4286 -0.3598 0.8288
vn -0.3426 -0.3589 0.8682
vn -0.1990 -0.0204 0.9798
vn 0.6124 -0.0425 -0.7894
vn 0.6289 -0.3282 -0.7048
vn 0.1636 -0.9253 0.3423
vn 0.2300 -0.7473 0.6234
vn 0.0963 -0.9251 0.3672
vn 0.1064 -0.7451 0.6584
vn 0.0254 -0.9252 0.3786
vn -0.0219 -0.7475 0.6639
vn -0.0464 -0.9255 0.3759
vn -0.1489 -0.7482 0.6466
vn -0.1162 -0.9259 0.3593
vn -0.2710 -0.7471 0.6070
vn -0.1815 -0.9266 0.3294
vn -0.3807 -0.7505 0.5402
vn -0.2397 -0.9274 0.2873
vn -0.4767 -0.7520 0.4553
vn -0.2885 -0.9283 0.2347
vn -0.5542 -0.7537 0.3533
vn -0.3262 -0.9292 0.1735
vn -0.3625 -0.9313 0.0353
vn -0.6508 -0.7591 -0.0137
vn -0.3598 -0.9323 -0.0364
vn -0.6335 -0.7609 -0.1407
vn -0.3432 -0.9332 -0.1062
vn -0.5940 -0.7603 -0.2629
vn -0.3133 -0.9340 -0.1715
vn -0.5272 -0.7637 -0.3726
vn -0.2712 -0.9347 -0.2297
vn -0.4422 -0.7648 -0.4685
vn -0.2186 -0.9352 -0.2785
vn -0.3402 -0.7656 -0.5461
vn -0.1574 -0.9356 -0.3162
vn -0.2250 -0.7660 -0.6022
vn -0.0901 -0.9357 -0.3411
vn -0.1014 -0.7639 -0.6373
vn -0.0192 -0.9356 -0.3525
vn 0.0269 -0.7657 -0.6426
vn 0.0526 -0.9353 -0.3498
vn 0.1539 -0.7650 -0.6253
vn 0.1224 -0.9349 -0.3332
vn 0.2760 -0.7620 -0.5858
vn 0.1877 -0.9342 -0.3033
vn 0.3857 -0.7628 -0.5190
vn 0.2458 -0.9334 -0.2612
vn 0.4817 -0.7613 -0.4341
vn 0.2947 -0.9325 -0.2086
vn 0.5593 -0.7596 -0.3321
vn 0.3323 -0.9316 -0.1475
vn 0.6154 -0.7578 -0.2169
vn 0.3573 -0.9305 -0.0801
vn 0.6480 -0.7559 -0.0930
vn 0.3687 -0.9295 -0.0093
vn 0.6558 -0.7541 0.0350
vn 0.3660 -0.9285 0.0625
vn 0.6385 -0.7524 0.1619
vn 0.3494 -0.9276 0.1323
vn 0.5990 -0.7487 0.2841
vn 0.3195 -0.9268 0.1976
vn 0.5322 -0.7495 0.3938
vn 0.2774 -0.9261 0.2558
vn 0.4472 -0.7484 0.4897
vn 0.2247 -0.9256 0.3046
vn 0.3452 -0.7477 0.5673
vn -0.0701 -0.0197 0.9973
vn -0.1269 -0.3076 0.9430
vn 0.1015 -0.3566 0.9287
vn 0.1949 -0.3565 0.9137
vn 0.3787 -0.0192 0.9253
vn 0.4310 -0.3800 -0.8184
vn 0.3450 -0.3809 -0.8579
vn 0.1992 -0.0465 -0.9788
vn 0.9733 -0.0669 0.2197
vn 0.9259 -0.3467 0.1498
vn 0.0704 -0.0472 -0.9964
vn 0.1290 -0.3331 -0.9340
vn 0.4161 -0.3070 0.8559
vn 0.4887 -0.0191 0.8722
vn -0.0990 -0.3832 -0.9184
vn -0.1924 -0.3833 -0.9034
vn -0.3784 -0.0477 -0.9244
vn 0.5623 -0.3622 0.7433
vn 0.7094 -0.0208 0.7045
vn 0.8697 -0.3616 -0.3360
vn 0.7104 -0.3092 0.6322
vn 0.7900 -0.0222 0.6127
vn -0.4140 -0.3337 -0.8469
vn -0.4885 -0.0468 -0.8713
vn 0.7234 0.5323 0.4397
vn 0.8249 -0.3611 0.4349
vn 0.8643 -0.3622 0.3489
vn -0.5598 -0.3867 -0.7328
vn -0.0839 0.9907 0.1075
vn 0.0991 0.9867 0.1290
vn -0.6056 -0.6886 -0.3989
vn 0.5300 0.7984 -0.2856
vn 0.0414 0.9854 -0.1652
vn 0.1685 0.9853 -0.0273
vn 0.9115 0.2608 0.3180
vn 0.8923 0.2261 0.3907
vn 0.9178 0.2286 0.3247
vn 0.7235 0.5784 0.3769
vn 0.8509 0.4326 0.2980
vn 0.7396 0.5357 0.4075
vn -0.6461 0.5372 -0.5422
vn 0.6945 0.6988 0.1714
vn -0.1796 -0.0440 -0.9828
vn 0.5605 0.8211 0.1078
vn 0.5804 0.8141 0.0203
vn 0.1207 0.8033 0.5833
vn -0.7107 0.2302 -0.6648
vn 0.6599 0.2052 0.7228
vn 0.8725 0.3043 0.3823
vn -0.1265 0.9883 -0.0855
vn -0.1951 -0.1061 -0.9750
vn 0.7074 0.5574 0.4346
vn 0.3157 -0.8921 -0.3233
vn 0.7661 0.5184 0.3799
vn 0.0650 -0.8928 -0.4457
vn -0.6574 0.6642 -0.3559
vn -0.7327 0.4280 -0.5291
vn 0.8882 0.3556 0.2911
vn -0.3226 0.5617 0.7618
vn -0.0346 0.8770 0.4792
vn 0.0424 -0.1622 -0.9858
vn -0.7647 -0.5142 -0.3883
vt 0.327932 0.382166
vt 0.328233 0.381539
vt 0.327788 0.380980
vt 0.327419 0.380530
vt 0.327064 0.380980
vt 0.326669 0.381539
vt 0.327064 0.382166
vt 0.326586 0.382824
vt 0.327064 0.383507
vt 0.327591 0.384220
vt 0.328078 0.383507
vt 0.328478 0.382824
vt 0.662384 0.689188
vt 0.101796 0.817967
vt 0.101518 0.815155
vt 0.742882 0.242373
vt 0.742373 0.239631
vt 0.631403 0.669032
vt 0.742882 0.248137
vt 0.539930 0.459344
vt 0.743662 0.239416
vt 0.101796 0.812333
vt 0.667971 0.688005
vt 0.102304 0.815075
vt 0.103085 0.817894
vt 0.573884 0.486520
vt 0.103085 0.812117
vt 0.102304 0.809532
vt 0.668206 0.751597
vt 0.668214 0.751240
vt 0.668519 0.751543
vt 0.640971 0.682978
vt 0.101796 0.839427
vt 0.645757 0.686092
vt 0.643436 0.684424
vt 0.633317 0.646818
vt 0.742373 0.261950
vt 0.742095 0.259285
vt 0.839944 0.440408
vt 0.661674 0.631211
vt 0.667288 0.632257
vt 0.839944 0.429467
vt 0.840453 0.431974
vt 0.841234 0.429117
vt 0.841234 0.434558
vt 0.579061 0.426420
vt 0.841234 0.440335
vt 0.840453 0.443280
vt 0.667215 0.728737
vt 0.667223 0.728383
vt 0.667534 0.728446
vt 0.667213 0.728084
vt 0.742373 0.234324
vt 0.633653 0.674280
vt 0.541179 0.465242
vt 0.742882 0.231723
vt 0.401046 0.952212
vt 0.401112 0.951763
vt 0.401287 0.952053
vt 0.401270 0.952205
vt 0.401191 0.952256
vt 0.516699 0.371369
vt 0.234888 0.371107
vt 0.235450 0.371667
vt 0.234622 0.372500
vt 0.516639 0.372215
vt 0.326823 0.876305
vt 0.325514 0.876305
vt 0.326432 0.871662
vt 0.325140 0.870460
vt 0.324047 0.871662
vt 0.322831 0.873555
vt 0.322831 0.876305
vt 0.323522 0.877929
vt 0.324218 0.877929
vt 0.324907 0.877932
vt 0.325658 0.879584
vt 0.326691 0.883285
vt 0.327459 0.885127
vt 0.684695 0.646189
vt 0.835702 0.518605
vt 0.681464 0.641480
vt 0.672590 0.634377
vt 0.839944 0.424691
vt 0.836211 0.525683
vt 0.841234 0.424220
vt 0.589711 0.431946
vt 0.657318 0.756822
vt 0.657604 0.756534
vt 0.657980 0.756824
vt 0.677929 0.682525
vt 0.673220 0.685755
vt 0.103085 0.806676
vt 0.585323 0.482896
vt 0.836211 0.483901
vt 0.101796 0.802250
vt 0.328898 0.889686
vt 0.328841 0.890068
vt 0.329796 0.919819
vt 0.330069 0.919640
vt 0.330442 0.919845
vt 0.330734 0.919696
vt 0.331103 0.919874
vt 0.331436 0.919901
vt 0.329925 0.892441
vt 0.329800 0.891110
vt 0.329406 0.890284
vt 0.328678 0.888586
vt 0.327927 0.886856
vt 0.325915 0.881457
vt 0.325324 0.880103
vt 0.324791 0.879290
vt 0.319010 0.921268
vt 0.319390 0.921255
vt 0.325702 0.881381
vt 0.325310 0.880772
vt 0.325588 0.881435
vt 0.325506 0.881827
vt 0.322231 0.920747
vt 0.322532 0.920524
vt 0.322889 0.920756
vt 0.323528 0.920478
vt 0.324868 0.920422
vt 0.325166 0.920179
vt 0.325501 0.920165
vt 0.326169 0.920140
vt 0.326504 0.920129
vt 0.326805 0.919902
vt 0.327174 0.920109
vt 0.327470 0.919871
vt 0.328107 0.919643
vt 0.328481 0.889071
vt 0.328592 0.889407
vt 0.836992 0.507737
vt 0.837841 0.504792
vt 0.602033 0.455568
vt 0.569162 0.454181
vt 0.569906 0.457375
vt 0.569906 0.463639
vt 0.569162 0.466509
vt 0.601352 0.449423
vt 0.599812 0.446668
vt 0.836211 0.510556
vt 0.687407 0.654258
vt 0.688127 0.657024
vt 0.835702 0.507664
vt 0.836211 0.504792
vt 0.655964 0.631281
vt 0.839944 0.446152
vt 0.839667 0.448963
vt 0.844767 0.008996
vt 0.842399 0.006294
vt 0.801078 0.831990
vt 0.844705 0.012435
vt 0.798995 0.839264
vt 0.848344 0.024466
vt 0.848705 0.020329
vt 0.849150 0.016271
vt 0.849795 0.012435
vt 0.847601 0.008996
vt 0.845271 0.006294
vt 0.636883 0.678989
vt 0.345675 0.431827
vt 0.345675 0.426370
vt 0.536912 0.098655
vt 0.539572 0.099618
vt 0.869572 0.534907
vt 0.534090 0.098457
vt 0.869572 0.540064
vt 0.528487 0.098389
vt 0.869572 0.545538
vt 0.522978 0.099414
vt 0.869572 0.551120
vt 0.517776 0.101495
vt 0.520232 0.100092
vt 0.345675 0.437502
vt 0.677377 0.637491
vt 0.960061 0.686990
vt 0.958694 0.688435
vt 0.645498 0.750202
vt 0.644161 0.751635
vt 0.742882 0.227246
vt 0.546964 0.475754
vt 0.103085 0.839899
vt 0.681917 0.678438
vt 0.685031 0.673651
vt 0.683363 0.675972
vt 0.101796 0.823711
vt 0.102304 0.826602
vt 0.103085 0.823783
vt 0.839667 0.432132
vt 0.669890 0.633439
vt 0.835702 0.490979
vt 0.835425 0.493644
vt 0.103085 0.829560
vt 0.556332 0.483252
vt 0.553295 0.482392
vt 0.568101 0.265003
vt 0.568845 0.262133
vt 0.568101 0.258960
vt 0.564721 0.486962
vt 0.561929 0.485490
vt 0.552652 0.429947
vt 0.554963 0.427733
vt 0.577329 0.202288
vt 0.578390 0.272285
vt 0.577646 0.269511
vt 0.544057 0.438754
vt 0.546486 0.436738
vt 0.840453 0.464171
vt 0.634984 0.644497
vt 0.640419 0.637944
vt 0.839944 0.461869
vt 0.841234 0.457443
vt 0.101796 0.834651
vt 0.103085 0.835002
vt 0.102304 0.832145
vt 0.444978 0.304598
vt 0.643617 0.492923
vt 0.641521 0.490926
vt 0.445646 0.307375
vt 0.319872 0.948644
vt 0.320194 0.948998
vt 0.320538 0.948658
vt 0.320862 0.949025
vt 0.321191 0.949029
vt 0.321850 0.949038
vt 0.322150 0.949300
vt 0.322509 0.949047
vt 0.848205 0.882022
vt 0.323805 0.949415
vt 0.324461 0.949428
vt 0.324772 0.949772
vt 0.325102 0.949789
vt 0.325378 0.950010
vt 0.326090 0.949803
vt 0.326386 0.950021
vt 0.326763 0.949817
vt 0.327112 0.949471
vt 0.327438 0.949838
vt 0.327769 0.949843
vt 0.328098 0.949848
vt 0.328395 0.950111
vt 0.328757 0.949857
vt 0.329065 0.950166
vt 0.329399 0.950189
vt 0.329745 0.949870
vt 0.330062 0.950212
vt 0.330404 0.949879
vt 0.330716 0.950217
vt 0.331034 0.950213
vt 0.331720 0.949896
vt 0.332055 0.949538
vt 0.332365 0.949892
vt 0.332689 0.949888
vt 0.333043 0.949552
vt 0.333330 0.949853
vt 0.333649 0.949827
vt 0.334031 0.949565
vt 0.334366 0.949207
vt 0.334690 0.949573
vt 0.335016 0.949571
vt 0.335327 0.949552
vt 0.335683 0.949225
vt 0.336017 0.948866
vt 0.336676 0.948875
vt 0.337339 0.948521
vt 0.337673 0.948163
vt 0.338003 0.948168
vt 0.338337 0.947809
vt 0.338666 0.947814
vt 0.338999 0.947455
vt 0.339326 0.947460
vt 0.339659 0.947101
vt 0.339983 0.947103
vt 0.340321 0.946747
vt 0.340656 0.946388
vt 0.340962 0.946383
vt 0.341295 0.946025
vt 0.341325 0.945672
vt 0.341660 0.945314
vt 0.599809 0.605122
vt 0.342331 0.944598
vt 0.342636 0.944591
vt 0.343346 0.942798
vt 0.344006 0.942079
vt 0.344317 0.941714
vt 0.344025 0.941356
vt 0.344693 0.940640
vt 0.344698 0.940277
vt 0.344944 0.939896
vt 0.344708 0.939552
vt 0.345042 0.939193
vt 0.345268 0.938824
vt 0.345400 0.937021
vt 0.345411 0.936296
vt 0.601109 0.614485
vt 0.601215 0.614839
vt 0.345733 0.935214
vt 0.345430 0.934845
vt 0.345406 0.932316
vt 0.345363 0.931970
vt 0.601025 0.618785
vt 0.345110 0.931221
vt 0.344813 0.930846
vt 0.344793 0.930130
vt 0.344502 0.930117
vt 0.343856 0.929383
vt 0.344168 0.929028
vt 0.343859 0.928658
vt 0.343541 0.928290
vt 0.343546 0.927565
vt 0.343525 0.927209
vt 0.342542 0.925751
vt 0.341929 0.925729
vt 0.341906 0.925017
vt 0.341588 0.924648
vt 0.341282 0.924632
vt 0.338347 0.922059
vt 0.338026 0.922048
vt 0.337697 0.921685
vt 0.337372 0.921677
vt 0.337026 0.921327
vt 0.336382 0.921306
vt 0.336027 0.920968
vt 0.335716 0.920948
vt 0.335332 0.920661
vt 0.334410 0.921276
vt 0.332403 0.920122
vt 0.330791 0.920146
vt 0.330136 0.920136
vt 0.329474 0.919808
vt 0.329158 0.920116
vt 0.328812 0.919817
vt 0.328499 0.920106
vt 0.328170 0.920102
vt 0.327840 0.920099
vt 0.327506 0.920456
vt 0.326847 0.920447
vt 0.325525 0.920792
vt 0.325199 0.920425
vt 0.323542 0.921128
vt 0.323218 0.920761
vt 0.322556 0.921114
vt 0.321218 0.920803
vt 0.320823 0.921155
vt 0.320193 0.921095
vt 0.320370 0.921573
vt 0.319134 0.921468
vt 0.318971 0.921336
vt 0.318800 0.921249
vt 0.960464 0.710483
vt 0.960596 0.710129
vt 0.960640 0.709479
vt 0.318522 0.948902
vt 0.318687 0.948859
vt 0.318960 0.948594
vt 0.319465 0.948905
vt 0.601274 0.616626
vt 0.601183 0.616644
vt 0.601270 0.616267
vt 0.601281 0.616433
vt 0.669797 0.732402
vt 0.670422 0.734589
vt 0.669776 0.733849
vt 0.101518 0.831986
vt 0.841234 0.446225
vt 0.840453 0.449044
vt 0.742882 0.259443
vt 0.603403 0.055067
vt 0.603504 0.055142
vt 0.603504 0.055220
vt 0.603403 0.055301
vt 0.603309 0.055240
vt 0.603309 0.055161
vt 0.839667 0.443280
vt 0.656674 0.689258
vt 0.101518 0.820839
vt 0.328476 0.919830
vt 0.339245 0.947760
vt 0.339512 0.947699
vt 0.339891 0.947406
vt 0.324399 0.387496
vt 0.324738 0.387062
vt 0.325221 0.387599
vt 0.325629 0.387093
vt 0.326063 0.386467
vt 0.325523 0.385732
vt 0.325101 0.386457
vt 0.324561 0.385731
vt 0.323956 0.387007
vt 0.510411 0.371444
vt 0.510411 0.371367
vt 0.510295 0.371274
vt 0.510295 0.371117
vt 0.510535 0.370988
vt 0.512379 0.371458
vt 0.512717 0.371756
vt 0.512717 0.372494
vt 0.510535 0.371839
vt 0.510295 0.371647
vt 0.510295 0.371501
vt 0.473757 0.516269
vt 0.570399 0.243349
vt 0.569631 0.246322
vt 0.570399 0.249526
vt 0.848511 0.306564
vt 0.847173 0.303806
vt 0.846095 0.306647
vt 0.847173 0.309421
vt 0.407030 0.955309
vt 0.407114 0.955214
vt 0.407108 0.955121
vt 0.407577 0.955504
vt 0.407229 0.955689
vt 0.603223 0.053254
vt 0.331781 0.895093
vt 0.333609 0.890303
vt 0.330078 0.873555
vt 0.328678 0.871662
vt 0.330196 0.891924
vt 0.340490 0.947019
vt 0.340613 0.946731
vt 0.321487 0.949263
vt 0.514720 0.372262
vt 0.514913 0.372689
vt 0.514524 0.372919
vt 0.514145 0.372712
vt 0.514145 0.372155
vt 0.324719 0.949959
vt 0.324997 0.950260
vt 0.326004 0.950111
vt 0.324388 0.949912
vt 0.569631 0.265137
vt 0.568845 0.268034
vt 0.324590 0.382166
vt 0.325164 0.381539
vt 0.325002 0.380980
vt 0.324763 0.380530
vt 0.324439 0.380980
vt 0.115385 0.409176
vt 0.323915 0.382166
vt 0.115919 0.410461
vt 0.116507 0.411144
vt 0.323648 0.384220
vt 0.324173 0.383507
vt 0.324767 0.382824
vt 0.569631 0.229648
vt 0.569906 0.433511
vt 0.568845 0.232005
vt 0.103935 0.826838
vt 0.568845 0.255869
vt 0.568845 0.249481
vt 0.568101 0.246391
vt 0.577027 0.486811
vt 0.681916 0.865299
vt 0.679007 0.883940
vt 0.677508 0.887155
vt 0.854065 0.888182
vt 0.852494 0.869541
vt 0.852993 0.868339
vt 0.337265 0.948798
vt 0.337504 0.948723
vt 0.578115 0.175264
vt 0.577329 0.178424
vt 0.576586 0.175333
vt 0.577329 0.172159
vt 0.844610 0.301586
vt 0.844197 0.299206
vt 0.479205 0.520248
vt 0.844197 0.304230
vt 0.579176 0.257968
vt 0.578390 0.254808
vt 0.577646 0.257899
vt 0.578390 0.261073
vt 0.570691 0.447828
vt 0.569906 0.450987
vt 0.569162 0.447897
vt 0.569906 0.444723
vt 0.600843 0.608443
vt 0.600731 0.609099
vt 0.600573 0.608693
vt 0.570691 0.454181
vt 0.578115 0.181618
vt 0.577329 0.184811
vt 0.576586 0.181618
vt 0.755513 0.870025
vt 0.754709 0.871807
vt 0.753718 0.870025
vt 0.753155 0.853823
vt 0.754631 0.849686
vt 0.755877 0.857847
vt 0.578115 0.187971
vt 0.577329 0.191076
vt 0.579176 0.251614
vt 0.578390 0.248421
vt 0.579176 0.245261
vt 0.578390 0.242156
vt 0.577646 0.245330
vt 0.570691 0.460534
vt 0.570691 0.466643
vt 0.569906 0.469541
vt 0.578115 0.194080
vt 0.577329 0.196977
vt 0.576586 0.193945
vt 0.539638 0.462487
vt 0.744512 0.242138
vt 0.538957 0.456341
vt 0.577646 0.239287
vt 0.578115 0.199710
vt 0.579176 0.239152
vt 0.578390 0.236255
vt 0.579176 0.233522
vt 0.578390 0.230944
vt 0.570691 0.472274
vt 0.569906 0.474851
vt 0.570691 0.477208
vt 0.577329 0.160947
vt 0.595144 0.435215
vt 0.494899 0.536899
vt 0.571460 0.444855
vt 0.570691 0.441719
vt 0.571460 0.439036
vt 0.579176 0.269707
vt 0.578390 0.266974
vt 0.545345 0.435826
vt 0.594026 0.436156
vt 0.596503 0.438112
vt 0.576586 0.163721
vt 0.587695 0.429517
vt 0.569631 0.252675
vt 0.568845 0.243217
vt 0.578115 0.169155
vt 0.577329 0.166258
vt 0.569631 0.270767
vt 0.568845 0.273345
vt 0.103935 0.814839
vt 0.568845 0.237316
vt 0.568101 0.234778
vt 0.588338 0.481963
vt 0.569631 0.234583
vt 0.586027 0.484176
vt 0.569631 0.259028
vt 0.578115 0.204645
vt 0.570691 0.436089
vt 0.569906 0.438822
vt 0.595645 0.476084
vt 0.590624 0.430805
vt 0.576269 0.424947
vt 0.579176 0.264077
vt 0.569162 0.436284
vt 0.593069 0.477982
vt 0.594504 0.475171
vt 0.836992 0.485732
vt 0.836992 0.518955
vt 0.576586 0.158839
vt 0.959052 0.682683
vt 0.960184 0.682805
vt 0.318908 0.922157
vt 0.960237 0.709971
vt 0.959692 0.709958
vt 0.644402 0.727057
vt 0.959599 0.709412
vt 0.644466 0.728422
vt 0.959990 0.707303
vt 0.644440 0.731323
vt 0.959986 0.704401
vt 0.644400 0.734225
vt 0.959998 0.701500
vt 0.644360 0.737127
vt 0.960011 0.698598
vt 0.644320 0.740028
vt 0.960024 0.695696
vt 0.644280 0.742930
vt 0.960036 0.692794
vt 0.644240 0.745831
vt 0.960049 0.689892
vt 0.644200 0.748733
vt 0.644141 0.753085
vt 0.959178 0.683357
vt 0.236472 0.372856
vt 0.236918 0.372469
vt 0.237407 0.373030
vt 0.112824 0.415358
vt 0.112337 0.414788
vt 0.111822 0.414136
vt 0.111382 0.414770
vt 0.110968 0.415284
vt 0.669388 0.730558
vt 0.669464 0.730706
vt 0.669388 0.730558
vt 0.518733 0.534257
vt 0.521801 0.533300
vt 0.571460 0.463507
vt 0.571460 0.451032
vt 0.527600 0.486636
vt 0.526063 0.483814
vt 0.578883 0.196762
vt 0.578883 0.184767
vt 0.483454 0.482834
vt 0.480632 0.484370
vt 0.579944 0.236470
vt 0.579944 0.248465
vt 0.528087 0.526386
vt 0.530555 0.524328
vt 0.578115 0.158590
vt 0.526620 0.529245
vt 0.477052 0.515226
vt 0.844197 0.309565
vt 0.518056 0.478997
vt 0.515556 0.476978
vt 0.521146 0.479878
vt 0.530118 0.488633
vt 0.485451 0.480316
vt 0.531437 0.521238
vt 0.533456 0.518738
vt 0.578115 0.163525
vt 0.533717 0.515535
vt 0.578883 0.172292
vt 0.578883 0.166473
vt 0.479165 0.487229
vt 0.476697 0.489287
vt 0.569631 0.275702
vt 0.475815 0.492378
vt 0.473796 0.494878
vt 0.534842 0.509497
vt 0.578883 0.178469
vt 0.534767 0.503355
vt 0.476177 0.521915
vt 0.477134 0.524983
vt 0.569631 0.240213
vt 0.579176 0.228587
vt 0.479652 0.526979
vt 0.481189 0.529802
vt 0.570399 0.237530
vt 0.533495 0.497346
vt 0.578883 0.190944
vt 0.531075 0.491701
vt 0.472410 0.504119
vt 0.570399 0.255824
vt 0.570399 0.262001
vt 0.523204 0.482347
vt 0.579176 0.274642
vt 0.489196 0.534618
vt 0.491696 0.536638
vt 0.486106 0.533737
vt 0.512353 0.476716
vt 0.579944 0.260941
vt 0.579944 0.266759
vt 0.472485 0.510260
vt 0.506315 0.475592
vt 0.579944 0.254764
vt 0.500173 0.475667
vt 0.500937 0.538024
vt 0.488519 0.479359
vt 0.579944 0.242288
vt 0.513088 0.536676
vt 0.571460 0.457330
vt 0.523798 0.530782
vt 0.571460 0.469326
vt 0.570691 0.431154
vt 0.658980 0.756806
vt 0.658522 0.756950
vt 0.850005 0.893772
vt 0.849672 0.892978
vt 0.848832 0.891402
vt 0.654026 0.756994
vt 0.654319 0.756842
vt 0.654699 0.757022
vt 0.654987 0.756837
vt 0.655653 0.756833
vt 0.656044 0.757040
vt 0.656324 0.756822
vt 0.531753 0.518057
vt 0.478235 0.490288
vt 0.525389 0.524226
vt 0.527426 0.522292
vt 0.528369 0.519646
vt 0.529989 0.517351
vt 0.529578 0.520273
vt 0.520763 0.531787
vt 0.517723 0.532422
vt 0.519688 0.530221
vt 0.521572 0.528137
vt 0.533916 0.506437
vt 0.473535 0.498081
vt 0.600677 0.609771
vt 0.600857 0.609833
vt 0.600679 0.610134
vt 0.331344 0.950199
vt 0.484048 0.531269
vt 0.494164 0.476939
vt 0.507079 0.537948
vt 0.509899 0.536444
vt 0.684078 0.898264
vt 0.601548 0.610512
vt 0.601023 0.609310
vt 0.683409 0.898264
vt 0.570399 0.267820
vt 0.482470 0.528489
vt 0.492377 0.534934
vt 0.654097 0.724582
vt 0.653752 0.724921
vt 0.653857 0.724373
vt 0.509171 0.477027
vt 0.608232 0.056203
vt 0.608622 0.056391
vt 0.608622 0.056810
vt 0.514526 0.365655
vt 0.607093 0.056852
vt 0.607093 0.056428
vt 0.607093 0.056205
vt 0.607277 0.056101
vt 0.607277 0.055985
vt 0.607463 0.055873
vt 0.607652 0.055992
vt 0.607843 0.056445
vt 0.497353 0.477172
vt 0.528605 0.489671
vt 0.473990 0.513081
vt 0.523456 0.486486
vt 0.524956 0.488861
vt 0.846318 0.219587
vt 0.521045 0.485045
vt 0.486208 0.528570
vt 0.490788 0.531550
vt 0.493083 0.533171
vt 0.495482 0.534888
vt 0.485356 0.529634
vt 0.483797 0.527129
vt 0.846318 0.086814
vt 0.514170 0.480445
vt 0.516464 0.482065
vt 0.426337 0.842915
vt 0.511390 0.480036
vt 0.475235 0.507156
vt 0.475854 0.504416
vt 0.844197 0.315003
vt 0.843902 0.312284
vt 0.426337 0.827117
vt 0.426337 0.821783
vt 0.495208 0.480234
vt 0.506135 0.477678
vt 0.508824 0.478894
vt 0.506018 0.479036
vt 0.426042 0.829837
vt 0.497746 0.479030
vt 0.494797 0.478935
vt 0.426337 0.832556
vt 0.426750 0.819138
vt 0.426337 0.816758
vt 0.490186 0.482387
vt 0.846731 0.104415
vt 0.846318 0.107134
vt 0.506698 0.534513
vt 0.846318 0.101695
vt 0.495862 0.533580
vt 0.846318 0.096361
vt 0.501234 0.534580
vt 0.846318 0.112468
vt 0.512044 0.533381
vt 0.426337 0.812236
vt 0.485680 0.485478
vt 0.492440 0.480711
vt 0.996099 0.106689
vt 0.844197 0.329885
vt 0.481863 0.489389
vt 0.846731 0.115113
vt 0.846318 0.117493
vt 0.517066 0.531229
vt 0.509506 0.534585
vt 0.846318 0.122015
vt 0.844610 0.327815
vt 0.844197 0.325363
vt 0.478883 0.493970
vt 0.483305 0.486978
vt 0.844197 0.320338
vt 0.476854 0.499043
vt 0.327547 0.902255
vt 0.329048 0.902255
vt 0.665109 0.725628
vt 0.663751 0.724976
vt 0.328625 0.898157
vt 0.327866 0.896650
vt 0.326215 0.896650
vt 0.326142 0.899600
vt 0.844197 0.294683
vt 0.482297 0.524754
vt 0.477529 0.517994
vt 0.996099 0.089040
vt 0.506848 0.535867
vt 0.846731 0.186455
vt 0.846318 0.188907
vt 0.846318 0.184385
vt 0.996099 0.097705
vt 0.426337 0.847437
vt 0.477263 0.496264
vt 0.426750 0.845368
vt 0.846731 0.088883
vt 0.846318 0.091336
vt 0.846731 0.093716
vt 0.846318 0.199267
vt 0.531398 0.509200
vt 0.846318 0.193932
vt 0.426750 0.835290
vt 0.426337 0.837890
vt 0.530398 0.514572
vt 0.846318 0.210040
vt 0.530200 0.498390
vt 0.846318 0.204705
vt 0.532017 0.506460
vt 0.532756 0.509317
vt 0.846731 0.212684
vt 0.846318 0.215064
vt 0.528047 0.493367
vt 0.503974 0.535199
vt 0.846023 0.104415
vt 0.531331 0.503736
vt 0.500554 0.479102
vt 0.527039 0.490745
vt 0.475753 0.515637
vt 0.475848 0.512688
vt 0.645182 0.726360
vt 0.645620 0.726167
vt 0.645022 0.726420
vt 0.323524 0.879476
vt 0.323818 0.879353
vt 0.323588 0.879271
vt 0.475921 0.509880
vt 0.846731 0.201986
vt 0.479827 0.491324
vt 0.601262 0.617056
vt 0.601631 0.617492
vt 0.601511 0.618138
vt 0.601201 0.617693
vt 0.846023 0.201986
vt 0.844610 0.317738
vt 0.529723 0.495622
vt 0.960069 0.710429
vt 0.959970 0.710206
vt 0.847361 0.096168
vt 0.848216 0.098778
vt 0.848216 0.104415
vt 0.847361 0.107199
vt 0.848216 0.124844
vt 0.847361 0.183964
vt 0.846731 0.182218
vt 0.847361 0.122437
vt 0.847361 0.091023
vt 0.848216 0.093358
vt 0.844610 0.312284
vt 0.845240 0.309500
vt 0.845240 0.304037
vt 0.848216 0.213042
vt 0.848216 0.218038
vt 0.847361 0.220008
vt 0.847361 0.210233
vt 0.851782 0.306683
vt 0.850113 0.303807
vt 0.850113 0.309422
vt 0.427379 0.816445
vt 0.428235 0.813785
vt 0.427379 0.811814
vt 0.600415 0.624189
vt 0.600514 0.624079
vt 0.600586 0.624530
vt 0.600618 0.625137
vt 0.600427 0.624550
vt 0.600261 0.625483
vt 0.600160 0.626072
vt 0.846731 0.191288
vt 0.847361 0.193739
vt 0.848216 0.196349
vt 0.848216 0.201986
vt 0.847361 0.204770
vt 0.426750 0.849604
vt 0.848216 0.222416
vt 0.427379 0.847859
vt 0.845240 0.325676
vt 0.846095 0.323341
vt 0.845240 0.320531
vt 0.109459 0.413376
vt 0.516004 0.373093
vt 0.109719 0.414664
vt 0.110322 0.413384
vt 0.109821 0.412605
vt 0.848216 0.110051
vt 0.848216 0.115471
vt 0.847361 0.117806
vt 0.428235 0.845888
vt 0.428235 0.840893
vt 0.427379 0.838083
vt 0.412746 0.948721
vt 0.411679 0.947399
vt 0.412099 0.946123
vt 0.412667 0.945959
vt 0.670473 0.749314
vt 0.669970 0.749652
vt 0.412688 0.946836
vt 0.670443 0.748265
vt 0.365473 0.749056
vt 0.365152 0.746920
vt 0.365473 0.744782
vt 0.365777 0.746885
vt 0.512889 0.369610
vt 0.512717 0.369484
vt 0.513062 0.368975
vt 0.513414 0.369484
vt 0.513062 0.369867
vt 0.512889 0.369736
vt 0.426750 0.829837
vt 0.545846 0.476694
vt 0.660016 0.725375
vt 0.660388 0.725060
vt 0.661323 0.725757
vt 0.660983 0.726109
vt 0.855800 0.012435
vt 0.857504 0.008996
vt 0.853822 0.004565
vt 0.850751 0.008996
vt 0.852739 0.012435
vt 0.855800 0.020329
vt 0.857182 0.016271
vt 0.430651 0.835556
vt 0.429313 0.832699
vt 0.428235 0.835473
vt 0.429313 0.838315
vt 0.429313 0.848365
vt 0.850632 0.104415
vt 0.849294 0.107277
vt 0.849294 0.101552
vt 0.848216 0.088363
vt 0.849294 0.090646
vt 0.850632 0.201986
vt 0.849294 0.204849
vt 0.849294 0.199123
vt 0.850632 0.207706
vt 0.849294 0.210464
vt 0.848216 0.207622
vt 0.848216 0.190929
vt 0.849294 0.193508
vt 0.430651 0.824117
vt 0.429313 0.821358
vt 0.428235 0.824200
vt 0.429313 0.826974
vt 0.850632 0.115634
vt 0.849294 0.118183
vt 0.849294 0.112893
vt 0.850632 0.218274
vt 0.849294 0.220515
vt 0.849294 0.215754
vt 0.430651 0.813548
vt 0.429313 0.811308
vt 0.429313 0.816069
vt 0.427379 0.827052
vt 0.428235 0.829837
vt 0.850632 0.125146
vt 0.849294 0.183457
vt 0.848216 0.181556
vt 0.849294 0.122943
vt 0.599546 0.604411
vt 0.430651 0.846125
vt 0.429313 0.843605
vt 0.848511 0.328573
vt 0.847173 0.326052
vt 0.846095 0.328336
vt 0.847173 0.330813
vt 0.428235 0.818780
vt 0.850632 0.190766
vt 0.849294 0.188218
vt 0.848216 0.120466
vt 0.846095 0.312284
vt 0.846731 0.084647
vt 0.845240 0.294262
vt 0.846095 0.291854
vt 0.849294 0.085886
vt 0.848216 0.185934
vt 0.848511 0.295996
vt 0.847173 0.293755
vt 0.846095 0.296232
vt 0.847173 0.298516
vt 0.850632 0.213206
vt 0.846095 0.301228
vt 0.848511 0.318004
vt 0.847173 0.315147
vt 0.846095 0.317921
vt 0.847173 0.320762
vt 0.850632 0.222717
vt 0.428235 0.850266
vt 0.850632 0.093195
vt 0.849294 0.095936
vt 0.850632 0.088126
vt 0.430651 0.841056
vt 0.409228 0.951642
vt 0.408920 0.952029
vt 0.409002 0.952167
vt 0.408281 0.952578
vt 0.408210 0.952457
vt 0.406516 0.953143
vt 0.406894 0.952305
vt 0.406011 0.952562
vt 0.510085 0.367184
vt 0.405403 0.952091
vt 0.510085 0.367775
vt 0.404715 0.951747
vt 0.510085 0.368432
vt 0.403974 0.951545
vt 0.403591 0.951499
vt 0.403465 0.948401
vt 0.403881 0.947400
vt 0.404341 0.949384
vt 0.405433 0.947664
vt 0.407007 0.945750
vt 0.406904 0.948227
vt 0.408821 0.946656
vt 0.408237 0.949065
vt 0.407518 0.950970
vt 0.409380 0.950147
vt 0.409867 0.950767
vt 0.848511 0.312284
vt 0.430651 0.829837
vt 0.844610 0.332052
vt 0.428235 0.809407
vt 0.850632 0.098695
vt 0.430651 0.818617
vt 0.850632 0.110134
vt 0.430651 0.809105
vt 0.846095 0.332714
vt 0.850632 0.120703
vt 0.850632 0.185697
vt 0.848216 0.083985
vt 0.850632 0.196266
vt 0.853903 0.088465
vt 0.852234 0.090649
vt 0.852234 0.085889
vt 0.848511 0.301064
vt 0.850113 0.298519
vt 0.852234 0.210463
vt 0.853903 0.093428
vt 0.852234 0.095938
vt 0.848511 0.323504
vt 0.850113 0.320761
vt 0.433922 0.840823
vt 0.432253 0.838313
vt 0.432253 0.843602
vt 0.852234 0.220511
vt 0.430651 0.850568
vt 0.851782 0.317885
vt 0.850113 0.315146
vt 0.848511 0.291553
vt 0.851782 0.312284
vt 0.433922 0.835437
vt 0.432253 0.832699
vt 0.433922 0.829837
vt 0.432253 0.826974
vt 0.853903 0.098814
vt 0.852234 0.101552
vt 0.433922 0.824236
vt 0.432253 0.821360
vt 0.433922 0.818850
vt 0.432253 0.816071
vt 0.853903 0.104415
vt 0.852234 0.107277
vt 0.853903 0.110015
vt 0.852234 0.112891
vt 0.433922 0.813887
vt 0.432253 0.811311
vt 0.433922 0.809537
vt 0.850113 0.330809
vt 0.848511 0.333015
vt 0.853903 0.115401
vt 0.852234 0.118180
vt 0.853903 0.120364
vt 0.852234 0.122940
vt 0.851782 0.328233
vt 0.850113 0.326049
vt 0.851782 0.323270
vt 0.851782 0.296335
vt 0.850113 0.293759
vt 0.851782 0.291984
vt 0.850632 0.083683
vt 0.853903 0.186037
vt 0.852234 0.188221
vt 0.852234 0.183461
vt 0.853903 0.222286
vt 0.432253 0.848362
vt 0.433922 0.845786
vt 0.853903 0.196385
vt 0.852234 0.199124
vt 0.852234 0.193509
vt 0.853903 0.207587
vt 0.852234 0.204848
vt 0.853903 0.217935
vt 0.852234 0.215751
vt 0.240338 0.368373
vt 0.239227 0.369378
vt 0.238060 0.368208
vt 0.239195 0.367205
vt 0.848752 0.882594
vt 0.850632 0.181255
vt 0.700694 0.895892
vt 0.700090 0.895892
vt 0.698810 0.895892
vt 0.699214 0.893237
vt 0.700552 0.893237
vt 0.334832 0.899600
vt 0.599709 0.627566
vt 0.600016 0.626602
vt 0.853333 0.315001
vt 0.435472 0.832554
vt 0.855454 0.096367
vt 0.435472 0.821789
vt 0.855454 0.107132
vt 0.765157 0.595548
vt 0.851782 0.332584
vt 0.853333 0.304237
vt 0.851782 0.301298
vt 0.855454 0.117483
vt 0.853333 0.325352
vt 0.702013 0.250546
vt 0.700672 0.248291
vt 0.699221 0.250248
vt 0.700672 0.252626
vt 0.769480 0.556582
vt 0.853903 0.084115
vt 0.853903 0.124714
vt 0.726624 0.556055
vt 0.729987 0.595116
vt 0.855454 0.091346
vt 0.704015 0.246511
vt 0.703159 0.244572
vt 0.702013 0.246422
vt 0.703159 0.248515
vt 0.853903 0.191000
vt 0.855454 0.193939
vt 0.435472 0.837884
vt 0.855454 0.101697
vt 0.853903 0.201986
vt 0.855454 0.204703
vt 0.435472 0.827119
vt 0.855454 0.112462
vt 0.853903 0.212972
vt 0.855454 0.215054
vt 0.435472 0.816768
vt 0.730514 0.552260
vt 0.853903 0.181686
vt 0.853333 0.309567
vt 0.855454 0.188918
vt 0.769047 0.591753
vt 0.855454 0.199269
vt 0.853333 0.299216
vt 0.509905 0.371549
vt 0.401019 0.952489
vt 0.855454 0.210033
vt 0.853333 0.320331
vt 0.726191 0.591226
vt 0.433922 0.850136
vt 0.765684 0.552692
vt 0.435472 0.842905
vt 0.365473 0.757439
vt 0.365152 0.755381
vt 0.365473 0.753329
vt 0.365777 0.755485
vt 0.703159 0.252702
vt 0.704015 0.254836
vt 0.704531 0.252700
vt 0.704531 0.248510
vt 0.856931 0.099269
vt 0.755349 0.550190
vt 0.359842 0.744468
vt 0.361293 0.746846
vt 0.359842 0.749056
vt 0.358355 0.751494
vt 0.748160 0.547532
vt 0.752662 0.599833
vt 0.749969 0.598688
vt 0.340752 0.629928
vt 0.342203 0.627971
vt 0.340752 0.625516
vt 0.759291 0.595985
vt 0.757628 0.598393
vt 0.722033 0.568441
vt 0.723112 0.571162
vt 0.735280 0.742347
vt 0.736731 0.744725
vt 0.735280 0.746935
vt 0.736731 0.749145
vt 0.735280 0.751523
vt 0.733792 0.749373
vt 0.721907 0.578731
vt 0.856931 0.104415
vt 0.745702 0.549120
vt 0.361293 0.751266
vt 0.359842 0.753644
vt 0.361293 0.755601
vt 0.359842 0.758055
vt 0.740908 0.550013
vt 0.738043 0.549415
vt 0.729417 0.555027
vt 0.732292 0.554482
vt 0.731413 0.557072
vt 0.736731 0.732631
vt 0.735280 0.733870
vt 0.726043 0.561909
vt 0.726088 0.558983
vt 0.855454 0.122001
vt 0.346383 0.650005
vt 0.740589 0.760758
vt 0.740911 0.759105
vt 0.802233 0.795186
vt 0.323309 0.879257
vt 0.322646 0.879401
vt 0.322452 0.879809
vt 0.322299 0.879975
vt 0.323144 0.879667
vt 0.322837 0.879676
vt 0.740074 0.759020
vt 0.740589 0.757207
vt 0.766713 0.555485
vt 0.767257 0.558361
vt 0.764667 0.557481
vt 0.361293 0.734752
vt 0.359842 0.735991
vt 0.759831 0.552112
vt 0.762757 0.552156
vt 0.853333 0.294697
vt 0.699221 0.254836
vt 0.697733 0.252397
vt 0.773764 0.569077
vt 0.773638 0.579367
vt 0.772559 0.576646
vt 0.699221 0.259423
vt 0.700672 0.257046
vt 0.753299 0.548102
vt 0.761140 0.554513
vt 0.361293 0.738428
vt 0.359842 0.740057
vt 0.361293 0.742511
vt 0.362635 0.757470
vt 0.361293 0.759684
vt 0.738072 0.759150
vt 0.736731 0.761238
vt 0.728123 0.586727
vt 0.736731 0.757563
vt 0.343544 0.622301
vt 0.342203 0.620212
vt 0.760659 0.593616
vt 0.342203 0.623887
vt 0.362635 0.764603
vt 0.361293 0.763359
vt 0.343544 0.646731
vt 0.342203 0.645144
vt 0.340752 0.647580
vt 0.342203 0.648819
vt 0.340752 0.621451
vt 0.764258 0.590736
vt 0.766869 0.589920
vt 0.766254 0.592781
vt 0.738072 0.734720
vt 0.736731 0.736306
vt 0.728445 0.560600
vt 0.735280 0.737936
vt 0.736731 0.740390
vt 0.733792 0.744497
vt 0.738072 0.738521
vt 0.343544 0.618969
vt 0.700672 0.269139
vt 0.702013 0.267051
vt 0.700672 0.265464
vt 0.699221 0.267900
vt 0.738072 0.742646
vt 0.738072 0.746935
vt 0.700672 0.244207
vt 0.699221 0.245836
vt 0.772324 0.564111
vt 0.771727 0.566976
vt 0.699221 0.241771
vt 0.700672 0.240532
vt 0.702013 0.242621
vt 0.767548 0.561081
vt 0.738072 0.751224
vt 0.736731 0.753480
vt 0.738072 0.755349
vt 0.735280 0.755934
vt 0.702013 0.259125
vt 0.700672 0.261381
vt 0.723052 0.576038
vt 0.723944 0.580832
vt 0.723347 0.583696
vt 0.738072 0.762482
vt 0.731004 0.590327
vt 0.362635 0.740642
vt 0.772076 0.584296
vt 0.771549 0.581417
vt 0.699221 0.263835
vt 0.697733 0.257274
vt 0.362635 0.736841
vt 0.343544 0.642929
vt 0.342203 0.641061
vt 0.340752 0.643515
vt 0.702013 0.254836
vt 0.343544 0.638805
vt 0.342203 0.636726
vt 0.340752 0.639103
vt 0.343544 0.634516
vt 0.342203 0.632306
vt 0.340752 0.634516
vt 0.362635 0.744767
vt 0.735280 0.760000
vt 0.728414 0.589447
vt 0.728958 0.592323
vt 0.343544 0.626102
vt 0.704852 0.254836
vt 0.704531 0.256972
vt 0.704852 0.259109
vt 0.705156 0.257006
vt 0.120861 0.205796
vt 0.683045 0.675765
vt 0.356305 0.835838
vt 0.557110 0.138085
vt 0.362635 0.753345
vt 0.362635 0.761271
vt 0.735012 0.554192
vt 0.767226 0.587208
vt 0.853333 0.329871
vt 0.772619 0.571770
vt 0.359842 0.762121
vt 0.339264 0.632077
vt 0.436950 0.834982
vt 0.740322 0.597618
vt 0.411753 0.949430
vt 0.412036 0.949851
vt 0.412699 0.949748
vt 0.412835 0.949980
vt 0.412422 0.950508
vt 0.413204 0.952379
vt 0.412693 0.952785
vt 0.413341 0.952867
vt 0.413400 0.953114
vt 0.412861 0.953482
vt 0.412905 0.953717
vt 0.411764 0.953919
vt 0.411146 0.953628
vt 0.411631 0.953301
vt 0.742372 0.599706
vt 0.737444 0.598145
vt 0.735840 0.595696
vt 0.740589 0.749071
vt 0.740074 0.751179
vt 0.739218 0.749069
vt 0.739218 0.744801
vt 0.740074 0.742691
vt 0.740589 0.744799
vt 0.739218 0.736671
vt 0.365473 0.736886
vt 0.365152 0.735232
vt 0.704852 0.239346
vt 0.703159 0.268648
vt 0.739218 0.753255
vt 0.740589 0.753260
vt 0.739218 0.757198
vt 0.704015 0.263160
vt 0.703159 0.261156
vt 0.702013 0.263250
vt 0.703159 0.265099
vt 0.704531 0.261161
vt 0.703159 0.256970
vt 0.345546 0.630272
vt 0.346062 0.628190
vt 0.345546 0.626191
vt 0.344691 0.624252
vt 0.343544 0.630226
vt 0.344691 0.632382
vt 0.704015 0.239454
vt 0.363781 0.735244
vt 0.362635 0.733509
vt 0.703159 0.241023
vt 0.364636 0.757380
vt 0.365152 0.759328
vt 0.364636 0.761141
vt 0.363781 0.762868
vt 0.363781 0.755376
vt 0.365152 0.738784
vt 0.364636 0.740732
vt 0.363781 0.738792
vt 0.344691 0.648328
vt 0.740074 0.762316
vt 0.346062 0.648339
vt 0.346062 0.644787
vt 0.345546 0.642840
vt 0.344691 0.644779
vt 0.343544 0.650062
vt 0.702013 0.239289
vt 0.346062 0.636651
vt 0.346062 0.632380
vt 0.344691 0.636650
vt 0.345546 0.638759
vt 0.365152 0.742731
vt 0.364636 0.744812
vt 0.363781 0.746922
vt 0.347081 0.638911
vt 0.346687 0.636686
vt 0.346383 0.638789
vt 0.346062 0.640841
vt 0.346383 0.642898
vt 0.803080 0.803785
vt 0.803458 0.805979
vt 0.347629 0.645369
vt 0.348296 0.643486
vt 0.348296 0.639089
vt 0.347629 0.636772
vt 0.365152 0.751192
vt 0.364636 0.753300
vt 0.363781 0.751190
vt 0.362635 0.749056
vt 0.338570 0.921804
vt 0.995073 0.324131
vt 0.995552 0.324089
vt 0.332470 0.898096
vt 0.346062 0.620692
vt 0.704015 0.270217
vt 0.344691 0.620703
vt 0.346062 0.624244
vt 0.345546 0.619134
vt 0.702013 0.270382
vt 0.704531 0.265108
vt 0.704531 0.268659
vt 0.704852 0.267006
vt 0.346383 0.619026
vt 0.518004 0.952247
vt 0.739218 0.733123
vt 0.739218 0.740615
vt 0.644967 0.726491
vt 0.669984 0.731790
vt 0.670148 0.732112
vt 0.669956 0.731733
vt 0.670215 0.731579
vt 0.413016 0.963738
vt 0.670681 0.732693
vt 0.670639 0.733229
vt 0.346383 0.646685
vt 0.738072 0.731388
vt 0.513062 0.368470
vt 0.513775 0.367921
vt 0.514528 0.368428
vt 0.514528 0.368953
vt 0.513960 0.369750
vt 0.513775 0.369880
vt 0.513594 0.369747
vt 0.513594 0.369616
vt 0.740911 0.762424
vt 0.345546 0.649897
vt 0.364636 0.733675
vt 0.704531 0.241012
vt 0.346383 0.634516
vt 0.120861 0.220367
vt 0.670394 0.686410
vt 0.120861 0.215028
vt 0.546468 0.150734
vt 0.346383 0.626133
vt 0.365152 0.762880
vt 0.365473 0.761226
vt 0.704531 0.244564
vt 0.704852 0.246453
vt 0.704852 0.263218
vt 0.740589 0.736663
vt 0.740074 0.734850
vt 0.740589 0.733111
vt 0.740911 0.734765
vt 0.346383 0.622346
vt 0.518851 0.943648
vt 0.365473 0.740673
vt 0.740589 0.740610
vt 0.740911 0.742661
vt 0.364636 0.764437
vt 0.740911 0.751208
vt 0.346383 0.630242
vt 0.365473 0.764545
vt 0.740074 0.731553
vt 0.740911 0.738552
vt 0.912250 0.943648
vt 0.704852 0.250562
vt 0.413290 0.862950
vt 0.412040 0.876313
vt 0.414894 0.882913
vt 0.416616 0.879698
vt 0.419497 0.861057
vt 0.418282 0.859854
vt 0.417066 0.861057
vt 0.415973 0.859854
vt 0.740911 0.746935
vt 0.704852 0.242666
vt 0.740911 0.755318
vt 0.341500 0.924342
vt 0.120861 0.225919
vt 0.665072 0.688096
vt 0.541513 0.153304
vt 0.515890 0.370622
vt 0.515889 0.370746
vt 0.516069 0.370734
vt 0.516060 0.371451
vt 0.515696 0.371607
vt 0.515698 0.371370
vt 0.515314 0.371400
vt 0.515315 0.371154
vt 0.515316 0.370651
vt 0.645128 0.634713
vt 0.839944 0.451786
vt 0.706098 0.240229
vt 0.898740 0.180111
vt 0.898250 0.182282
vt 0.705156 0.248407
vt 0.897025 0.188734
vt 0.706098 0.248152
vt 0.706765 0.245865
vt 0.706765 0.241813
vt 0.741215 0.753364
vt 0.803458 0.788734
vt 0.742157 0.753618
vt 0.742824 0.755905
vt 0.742824 0.759958
vt 0.742157 0.761541
vt 0.801743 0.797356
vt 0.513414 0.371873
vt 0.513775 0.371666
vt 0.513414 0.372649
vt 0.913098 0.947906
vt 0.913588 0.950077
vt 0.913971 0.947820
vt 0.742824 0.733912
vt 0.742157 0.736081
vt 0.911873 0.941454
vt 0.347629 0.623662
vt 0.517946 0.945681
vt 0.346687 0.628087
vt 0.519228 0.941454
vt 0.347629 0.627832
vt 0.348296 0.625545
vt 0.521310 0.962594
vt 0.706098 0.257092
vt 0.706765 0.254836
vt 0.706765 0.250263
vt 0.742824 0.737965
vt 0.742824 0.742362
vt 0.742157 0.744678
vt 0.741609 0.746935
vt 0.741215 0.744764
vt 0.742824 0.746935
vt 0.742824 0.751508
vt 0.366719 0.759910
vt 0.913155 0.954472
vt 0.912250 0.956506
vt 0.911873 0.958699
vt 0.366719 0.755740
vt 0.367387 0.758026
vt 0.897403 0.173682
vt 0.897025 0.171489
vt 0.366719 0.738202
vt 0.367387 0.740086
vt 0.367387 0.744483
vt 0.366719 0.746799
vt 0.366171 0.749056
vt 0.740911 0.731446
vt 0.367387 0.762079
vt 0.367387 0.765631
vt 0.742157 0.732328
vt 0.518851 0.956506
vt 0.517513 0.950077
vt 0.517131 0.952333
vt 0.706765 0.267859
vt 0.706098 0.265689
vt 0.517946 0.954472
vt 0.326263 0.919697
vt 0.328326 0.886919
vt 0.863052 0.006294
vt 0.863998 0.008996
vt 0.866328 0.006294
vt 0.795398 0.811199
vt 0.793226 0.810441
vt 0.865309 0.004565
vt 0.790870 0.807006
vt 0.861656 0.004565
vt 0.365473 0.733567
vt 0.801360 0.795100
vt 0.742824 0.763510
vt 0.348296 0.647538
vt 0.610842 0.054721
vt 0.610810 0.055059
vt 0.610572 0.055058
vt 0.610580 0.054946
vt 0.610443 0.055063
vt 0.610315 0.054959
vt 0.610189 0.054507
vt 0.610336 0.054382
vt 0.610194 0.054152
vt 0.610333 0.053193
vt 0.610604 0.052957
vt 0.610873 0.053195
vt 0.238632 0.365631
vt 0.237200 0.365626
vt 0.236966 0.365658
vt 0.846234 0.883897
vt 0.846295 0.884053
vt 0.846011 0.883336
vt 0.794972 0.814894
vt 0.368119 0.734106
vt 0.367387 0.732481
vt 0.707498 0.239886
vt 0.707498 0.265944
vt 0.706765 0.263806
vt 0.899123 0.182368
vt 0.744320 0.742403
vt 0.743557 0.744625
vt 0.743557 0.740094
vt 0.743557 0.731985
vt 0.349792 0.639047
vt 0.349029 0.636825
vt 0.349029 0.641356
vt 0.349029 0.649465
vt 0.368882 0.749056
vt 0.368119 0.751366
vt 0.367387 0.749056
vt 0.368119 0.746746
vt 0.367387 0.736033
vt 0.368119 0.737947
vt 0.554094 0.825438
vt 0.555490 0.827166
vt 0.553286 0.829869
vt 0.550215 0.825438
vt 0.807663 0.817932
vt 0.744320 0.751466
vt 0.743557 0.753775
vt 0.743557 0.749245
vt 0.349792 0.634516
vt 0.349029 0.632206
vt 0.348296 0.634516
vt 0.349792 0.629984
vt 0.349029 0.627675
vt 0.348296 0.629943
vt 0.368882 0.753587
vt 0.368119 0.755897
vt 0.367387 0.753629
vt 0.670256 0.746551
vt 0.670591 0.746186
vt 0.670845 0.746501
vt 0.670562 0.746894
vt 0.670246 0.747274
vt 0.368882 0.757945
vt 0.368119 0.760164
vt 0.744320 0.755824
vt 0.743557 0.758043
vt 0.827260 0.781806
vt 0.743557 0.761884
vt 0.349792 0.625627
vt 0.349029 0.623407
vt 0.794532 0.778987
vt 0.349029 0.619566
vt 0.348296 0.621493
vt 0.824441 0.814533
vt 0.368119 0.764005
vt 0.827621 0.811274
vt 0.742824 0.730360
vt 0.820184 0.776142
vt 0.349029 0.645624
vt 0.708261 0.254836
vt 0.707498 0.252526
vt 0.707498 0.257145
vt 0.708261 0.250304
vt 0.707498 0.247995
vt 0.830104 0.807458
vt 0.743557 0.735826
vt 0.744320 0.738046
vt 0.788869 0.786062
vt 0.707498 0.269785
vt 0.744320 0.746935
vt 0.348296 0.617941
vt 0.791713 0.811714
vt 0.707498 0.243727
vt 0.708261 0.259367
vt 0.706765 0.259409
vt 0.707498 0.261676
vt 0.824001 0.778625
vt 0.348296 0.651091
vt 0.798789 0.817378
vt 0.349792 0.643404
vt 0.706765 0.238261
vt 0.368882 0.744524
vt 0.368119 0.742215
vt 0.644955 0.727045
vt 0.644815 0.726903
vt 0.645253 0.726869
vt 0.706765 0.271411
vt 0.670897 0.745802
vt 0.793872 0.812762
vt 0.708261 0.241931
vt 0.708261 0.245947
vt 0.787613 0.801390
vt 0.789229 0.803177
vt 0.404043 0.945094
vt 0.405051 0.945215
vt 0.402111 0.947471
vt 0.401810 0.949485
vt 0.400585 0.947858
vt 0.400770 0.945386
vt 0.402269 0.945122
vt 0.402474 0.944483
vt 0.402743 0.944466
vt 0.402994 0.943834
vt 0.403563 0.943832
vt 0.818295 0.817310
vt 0.830659 0.798584
vt 0.751721 0.833922
vt 0.830608 0.794418
vt 0.747766 0.833922
vt 0.829745 0.790343
vt 0.831360 0.792130
vt 0.831467 0.800853
vt 0.827923 0.784111
vt 0.670606 0.745467
vt 0.670940 0.745105
vt 0.671169 0.745409
vt 0.796838 0.778323
vt 0.792896 0.783481
vt 0.792577 0.785759
vt 0.790624 0.786973
vt 0.790745 0.784567
vt 0.708261 0.271260
vt 0.349792 0.621611
vt 0.795805 0.780500
vt 0.795048 0.782671
vt 0.368882 0.761961
vt 0.825489 0.812375
vt 0.744320 0.734030
vt 0.743888 0.833922
vt 0.828104 0.786514
vt 0.349792 0.618091
vt 0.815406 0.776351
vt 0.784189 0.827559
vt 0.811310 0.775588
vt 0.788068 0.827559
vt 0.807145 0.775639
vt 0.809213 0.774403
vt 0.817789 0.776000
vt 0.822765 0.780169
vt 0.820488 0.779850
vt 0.819274 0.777897
vt 0.780535 0.827559
vt 0.349792 0.647420
vt 0.349792 0.650940
vt 0.825102 0.780758
vt 0.846290 0.004565
vt 0.789077 0.790841
vt 0.849944 0.004565
vt 0.788315 0.794936
vt 0.787130 0.797034
vt 0.708261 0.263725
vt 0.708261 0.267740
vt 0.645527 0.727182
vt 0.644827 0.727192
vt 0.644499 0.726904
vt 0.644548 0.726825
vt 0.744320 0.759839
vt 0.708261 0.238411
vt 0.797294 0.815501
vt 0.516049 0.371905
vt 0.516071 0.370487
vt 0.516415 0.370223
vt 0.516726 0.370445
vt 0.516367 0.372067
vt 0.829896 0.802679
vt 0.755600 0.833922
vt 0.828228 0.808953
vt 0.828349 0.806547
vt 0.759254 0.833922
vt 0.600965 0.613397
vt 0.601237 0.613049
vt 0.601172 0.613770
vt 0.368882 0.740167
vt 0.805394 0.818741
vt 0.800678 0.776210
vt 0.791352 0.782246
vt 0.799240 0.778143
vt 0.799555 0.827559
vt 0.368882 0.765480
vt 0.744320 0.763359
vt 0.646483 0.725941
vt 0.646870 0.725600
vt 0.647243 0.725275
vt 0.323444 0.883433
vt 0.648436 0.724910
vt 0.650134 0.725251
vt 0.368882 0.736151
vt 0.754792 0.838353
vt 0.753441 0.835651
vt 0.744695 0.838353
vt 0.740234 0.833922
vt 0.542382 0.825438
vt 0.544540 0.827166
vt 0.543189 0.829869
vt 0.540985 0.827166
vt 0.538728 0.825438
vt 0.819733 0.815377
vt 0.556436 0.829869
vt 0.803568 0.817169
vt 0.557747 0.825438
vt 0.799700 0.815622
vt 0.798485 0.813670
vt 0.781847 0.831990
vt 0.782793 0.829287
vt 0.848547 0.006294
vt 0.857777 0.004565
vt 0.788366 0.799102
vt 0.665905 0.727628
vt 0.665914 0.727282
vt 0.666245 0.727332
vt 0.790045 0.829287
vt 0.792022 0.827559
vt 0.823168 0.813020
vt 0.823925 0.810849
vt 0.826077 0.810039
vt 0.826396 0.807761
vt 0.744320 0.730510
vt 0.795093 0.831990
vt 0.795901 0.827559
vt 0.803069 0.776502
vt 0.546533 0.829869
vt 0.815904 0.817018
vt 0.546260 0.825438
vt 0.811829 0.817881
vt 0.803446 0.829287
vt 0.239850 0.372392
vt 0.239475 0.371998
vt 0.240674 0.370913
vt 0.241014 0.371325
vt 0.240425 0.371841
vt 0.537709 0.827166
vt 0.537205 0.829869
vt 0.763144 0.835651
vt 0.540040 0.829869
vt 0.866832 0.008996
vt 0.796208 0.813351
vt 0.825747 0.783079
vt 0.823576 0.782321
vt 0.739215 0.835651
vt 0.738711 0.838353
vt 0.368882 0.732632
vt 0.549620 0.837143
vt 0.548238 0.833307
vt 0.610225 0.056728
vt 0.516040 0.366634
vt 0.515305 0.366111
vt 0.516022 0.365872
vt 0.609925 0.056547
vt 0.788340 0.831990
vt 0.790045 0.835428
vt 0.791428 0.839264
vt 0.749744 0.835651
vt 0.749744 0.841792
vt 0.748361 0.845627
vt 0.747252 0.849686
vt 0.745649 0.845627
vt 0.743740 0.841792
vt 0.760777 0.838353
vt 0.758461 0.841792
vt 0.756394 0.845627
vt 0.781096 0.839264
vt 0.781328 0.835428
vt 0.670267 0.745826
vt 0.534837 0.827166
vt 0.318687 0.921153
vt 0.324548 0.879625
vt 0.744857 0.849686
vt 0.743094 0.845627
vt 0.741027 0.841792
vt 0.860795 0.032218
vt 0.859770 0.035536
vt 0.858797 0.038363
vt 0.860765 0.042451
vt 0.861569 0.040669
vt 0.860667 0.038363
vt 0.861564 0.035536
vt 0.751448 0.838353
vt 0.601115 0.615209
vt 0.601253 0.614577
vt 0.601277 0.615200
vt 0.601291 0.615818
vt 0.601242 0.615553
vt 0.545746 0.841201
vt 0.544143 0.837143
vt 0.542233 0.833307
vt 0.740714 0.849686
vt 0.782590 0.847459
vt 0.783395 0.839264
vt 0.859211 0.024466
vt 0.856838 0.032218
vt 0.846218 0.900134
vt 0.847937 0.897479
vt 0.849342 0.900134
vt 0.847535 0.902506
vt 0.846088 0.902506
vt 0.845395 0.901353
vt 0.844626 0.901353
vt 0.844234 0.900752
vt 0.843842 0.900752
vt 0.843431 0.900134
vt 0.843818 0.899498
vt 0.844222 0.899498
vt 0.844626 0.898844
vt 0.862450 0.016271
vt 0.864516 0.012435
vt 0.861804 0.012435
vt 0.859895 0.016271
vt 0.860687 0.020329
vt 0.539288 0.837143
vt 0.760838 0.841792
vt 0.539521 0.833307
vt 0.541588 0.837143
vt 0.541143 0.841201
vt 0.241001 0.372500
vt 0.241203 0.372729
vt 0.115684 0.414102
vt 0.115165 0.414726
vt 0.752805 0.841792
vt 0.751127 0.845627
vt 0.749744 0.849686
vt 0.392975 0.955699
vt 0.397287 0.954386
vt 0.399447 0.954754
vt 0.112474 0.408167
vt 0.399393 0.955521
vt 0.113184 0.408167
vt 0.399490 0.956284
vt 0.113881 0.408167
vt 0.399733 0.957013
vt 0.396339 0.959393
vt 0.393872 0.959634
vt 0.395696 0.957956
vt 0.393230 0.957710
vt 0.395346 0.956421
vt 0.850913 0.020329
vt 0.785158 0.843322
vt 0.785950 0.839264
vt 0.784041 0.835428
vt 0.342547 0.944906
vt 0.752235 0.849686
vt 0.864749 0.016271
vt 0.559332 0.833307
vt 0.862895 0.020329
vt 0.539208 0.841201
vt 0.323694 0.385736
vt 0.116442 0.414082
vt 0.324056 0.384965
vt 0.745773 0.864893
vt 0.744749 0.861575
vt 0.746668 0.861575
vt 0.670451 0.749064
vt 0.669973 0.749367
vt 0.669845 0.749376
vt 0.670137 0.748977
vt 0.670282 0.748612
vt 0.670224 0.748325
vt 0.670241 0.747983
vt 0.670805 0.747196
vt 0.671244 0.744721
vt 0.671506 0.744330
vt 0.671565 0.743643
vt 0.671673 0.743716
vt 0.671851 0.743925
vt 0.671557 0.744258
vt 0.671853 0.744439
vt 0.671419 0.744816
vt 0.671867 0.744945
vt 0.671888 0.745448
vt 0.671368 0.745901
vt 0.671902 0.745938
vt 0.671381 0.746164
vt 0.412961 0.949223
vt 0.671462 0.747192
vt 0.850031 0.040669
vt 0.850834 0.042451
vt 0.852802 0.038363
vt 0.851575 0.028491
vt 0.862522 0.032218
vt 0.543242 0.853090
vt 0.542473 0.856408
vt 0.541515 0.853090
vt 0.758774 0.849686
vt 0.852264 0.888182
vt 0.850473 0.869541
vt 0.851200 0.868339
vt 0.852783 0.890602
vt 0.852369 0.889803
vt 0.797140 0.843322
vt 0.796767 0.855211
vt 0.797382 0.858530
vt 0.852388 0.024466
vt 0.749744 0.864893
vt 0.750782 0.861575
vt 0.603853 0.054427
vt 0.606380 0.054824
vt 0.606380 0.055776
vt 0.606207 0.055856
vt 0.606035 0.055708
vt 0.605697 0.055941
vt 0.605697 0.056143
vt 0.603853 0.055499
vt 0.603613 0.055303
vt 0.603729 0.055242
vt 0.603729 0.055163
vt 0.603613 0.055069
vt 0.603853 0.054941
vt 0.546213 0.856408
vt 0.545162 0.853090
vt 0.543351 0.841201
vt 0.547086 0.845338
vt 0.544267 0.856408
vt 0.852742 0.042451
vt 0.853667 0.043780
vt 0.854767 0.042451
vt 0.851617 0.043780
vt 0.787048 0.861357
vt 0.788021 0.858530
vt 0.785820 0.851484
vt 0.785050 0.855211
vt 0.786071 0.863662
vt 0.786987 0.865444
vt 0.788019 0.863662
vt 0.844207 0.896766
vt 0.840908 0.897479
vt 0.843361 0.896036
vt 0.554888 0.837143
vt 0.555333 0.841201
vt 0.554960 0.853090
vt 0.554002 0.856408
vt 0.552462 0.849363
vt 0.551649 0.845338
vt 0.796695 0.839264
vt 0.794932 0.843322
vt 0.793456 0.847459
vt 0.795040 0.855211
vt 0.795810 0.858530
vt 0.858291 0.020329
vt 0.854761 0.032218
vt 0.855800 0.035536
vt 0.552211 0.861541
vt 0.553105 0.859236
vt 0.554007 0.861541
vt 0.553203 0.863323
vt 0.859982 0.043780
vt 0.856832 0.042451
vt 0.857932 0.043780
vt 0.858857 0.042451
vt 0.791084 0.855211
vt 0.792071 0.863662
vt 0.793103 0.865444
vt 0.794019 0.863662
vt 0.792536 0.843322
vt 0.798974 0.021132
vt 0.799028 0.022215
vt 0.798804 0.024236
vt 0.798514 0.025282
vt 0.798294 0.026390
vt 0.797745 0.025348
vt 0.797773 0.023099
vt 0.798239 0.020899
vt 0.799002 0.020002
vt 0.600980 0.611593
vt 0.601337 0.611649
vt 0.601213 0.612057
vt 0.601497 0.612276
vt 0.601297 0.612706
vt 0.743021 0.861575
vt 0.742401 0.870025
vt 0.783362 0.865444
vt 0.784276 0.863662
vt 0.783495 0.861357
vt 0.784281 0.858530
vt 0.781015 0.843322
vt 0.742288 0.853823
vt 0.789013 0.865444
vt 0.790045 0.863662
vt 0.789033 0.861357
vt 0.790045 0.858530
vt 0.789006 0.855211
vt 0.855800 0.040669
vt 0.854788 0.038363
vt 0.547226 0.859236
vt 0.545180 0.863323
vt 0.544264 0.861541
vt 0.545241 0.859236
vt 0.795011 0.865444
vt 0.795814 0.863662
vt 0.796595 0.861357
vt 0.323756 0.879491
vt 0.796728 0.865444
vt 0.797388 0.863662
vt 0.849250 0.038363
vt 0.848463 0.035536
vt 0.601389 0.621704
vt 0.600956 0.621623
vt 0.601154 0.621098
vt 0.543371 0.859236
vt 0.542469 0.861541
vt 0.541555 0.863323
vt 0.757086 0.870025
vt 0.543272 0.863323
vt 0.862350 0.038363
vt 0.555574 0.856408
vt 0.862482 0.042451
vt 0.555580 0.861541
vt 0.601168 0.611073
vt 0.601011 0.610923
vt 0.600819 0.610518
vt 0.600999 0.610220
vt 0.600691 0.609429
vt 0.600861 0.608755
vt 0.600862 0.608811
vt 0.752802 0.871807
vt 0.751770 0.870025
vt 0.540895 0.861541
vt 0.756426 0.871807
vt 0.748732 0.867720
vt 0.746686 0.871807
vt 0.745770 0.870025
vt 0.746747 0.867720
vt 0.743979 0.864893
vt 0.744877 0.867720
vt 0.743975 0.870025
vt 0.743061 0.871807
vt 0.782702 0.863662
vt 0.791077 0.865444
vt 0.785079 0.865444
vt 0.744778 0.871807
vt 0.546106 0.864653
vt 0.549270 0.863323
vt 0.548238 0.864653
vt 0.547205 0.863323
vt 0.863136 0.035536
vt 0.750776 0.871807
vt 0.863142 0.040669
vt 0.554920 0.863323
vt 0.544055 0.864653
vt 0.273433 0.904573
vt 0.542166 0.864653
vt 0.272009 0.898631
vt 0.270296 0.898529
vt 0.755816 0.873137
vt 0.271733 0.900324
vt 0.255938 0.895229
vt 0.255504 0.896889
vt 0.782317 0.866774
vt 0.257545 0.895830
vt 0.849728 0.043780
vt 0.849117 0.042451
vt 0.253506 0.914913
vt 0.253811 0.896613
vt 0.253709 0.898326
vt 0.783973 0.866774
vt 0.861872 0.043780
vt 0.266257 0.917612
vt 0.555966 0.864653
vt 0.271808 0.915056
vt 0.271574 0.913356
vt 0.552420 0.864653
vt 0.270093 0.915116
vt 0.863528 0.043780
vt 0.270236 0.896814
vt 0.268537 0.897048
vt 0.753926 0.873137
vt 0.540510 0.864653
vt 0.268144 0.895378
vt 0.266522 0.895940
vt 0.751876 0.873137
vt 0.251994 0.898386
vt 0.252229 0.900085
vt 0.785863 0.866774
vt 0.742016 0.873137
vt 0.250559 0.900478
vt 0.251120 0.902100
vt 0.787913 0.866774
vt 0.554310 0.864653
vt 0.551296 0.863323
vt 0.265811 0.894378
vt 0.264330 0.895245
vt 0.749744 0.873137
vt 0.263328 0.893853
vt 0.262045 0.894992
vt 0.747612 0.873137
vt 0.249559 0.902811
vt 0.250426 0.904292
vt 0.790045 0.866774
vt 0.249033 0.905294
vt 0.250172 0.906577
vt 0.792177 0.866774
vt 0.550370 0.864653
vt 0.550263 0.861541
vt 0.272682 0.911342
vt 0.274800 0.905610
vt 0.273630 0.906864
vt 0.260790 0.893822
vt 0.259754 0.895189
vt 0.745561 0.873137
vt 0.748711 0.871807
vt 0.258295 0.894286
vt 0.743672 0.873137
vt 0.249002 0.907832
vt 0.250370 0.908868
vt 0.794227 0.866774
vt 0.958681 0.691337
vt 0.645538 0.747300
vt 0.273393 0.900758
vt 0.757472 0.873137
vt 0.272792 0.902365
vt 0.257992 0.919063
vt 0.259472 0.918196
vt 0.855800 0.043780
vt 0.257280 0.917502
vt 0.796117 0.866774
vt 0.260475 0.919589
vt 0.261758 0.918450
vt 0.263012 0.919620
vt 0.264049 0.918252
vt 0.797773 0.866774
vt 0.848457 0.040669
vt 0.252069 0.913118
vt 0.265507 0.919155
vt 0.255659 0.918063
vt 0.255266 0.916393
vt 0.269991 0.916829
vt 0.268298 0.916553
vt 0.273244 0.912963
vt 0.274769 0.908147
vt 0.273377 0.909150
vt 0.250409 0.912684
vt 0.848072 0.043780
vt 0.251010 0.911077
vt 0.274335 0.903114
vt 0.253566 0.916627
vt 0.253996 0.894571
vt 0.251869 0.894187
vt 0.252468 0.892223
vt 0.250598 0.892599
vt 0.249821 0.894341
vt 0.384612 0.265434
vt 0.247638 0.896936
vt 0.384612 0.262041
vt 0.246003 0.899907
vt 0.247836 0.898980
vt 0.248579 0.901010
vt 0.603729 0.053974
vt 0.603853 0.053891
vt 0.606035 0.053437
vt 0.606555 0.054209
vt 0.606555 0.054336
vt 0.606732 0.054473
vt 0.606555 0.054590
vt 0.606555 0.054715
vt 0.603613 0.054405
vt 0.603853 0.054161
vt 0.344834 0.914926
vt 0.344985 0.916822
vt 0.040012 0.170941
vt 0.343314 0.913785
vt 0.384612 0.258512
vt 0.384612 0.254984
vt 0.244606 0.906509
vt 0.245906 0.908099
vt 0.247408 0.906543
vt 0.330394 0.893183
vt 0.330778 0.893847
vt 0.331603 0.895707
vt 0.264903 0.892540
vt 0.263670 0.890764
vt 0.265483 0.889799
vt 0.272193 0.151743
vt 0.272193 0.155136
vt 0.258735 0.889716
vt 0.257429 0.891302
vt 0.259248 0.892471
vt 0.256863 0.889349
vt 0.253571 0.890666
vt 0.645948 0.726534
vt 0.645994 0.726776
vt 0.514070 0.410069
vt 0.514340 0.409000
vt 0.514627 0.409871
vt 0.514963 0.408755
vt 0.515381 0.409672
vt 0.515381 0.411888
vt 0.514963 0.413093
vt 0.514340 0.411004
vt 0.514070 0.412133
vt 0.513856 0.411102
vt 0.249522 0.918801
vt 0.251565 0.919005
vt 0.251527 0.916844
vt 0.251793 0.914811
vt 0.248443 0.912103
vt 0.247651 0.914115
vt 0.245841 0.913144
vt 0.245846 0.915051
vt 0.247780 0.918024
vt 0.040012 0.174357
vt 0.039431 0.172577
vt 0.259908 0.924698
vt 0.039431 0.176109
vt 0.252116 0.920984
vt 0.038870 0.181439
vt 0.255087 0.922619
vt 0.038870 0.177910
vt 0.258319 0.923643
vt 0.257053 0.922026
vt 0.258900 0.920901
vt 0.038870 0.184832
vt 0.270232 0.922776
vt 0.273204 0.920842
vt 0.273981 0.919100
vt 0.271933 0.919255
vt 0.272024 0.917095
vt 0.267864 0.918213
vt 0.267284 0.920179
vt 0.266373 0.922140
vt 0.268324 0.922781
vt 0.343535 0.911896
vt 0.342267 0.910479
vt 0.040012 0.167792
vt 0.039431 0.166255
vt 0.266939 0.924093
vt 0.039431 0.169250
vt 0.256439 0.923964
vt 0.038870 0.174381
vt 0.273335 0.148214
vt 0.272754 0.150015
vt 0.267363 0.889477
vt 0.272754 0.146414
vt 0.274281 0.894641
vt 0.276023 0.895418
vt 0.272754 0.139554
vt 0.272193 0.141292
vt 0.039431 0.189565
vt 0.273335 0.155183
vt 0.272754 0.156875
vt 0.260349 0.888700
vt 0.272754 0.153547
vt 0.268715 0.890823
vt 0.270622 0.890874
vt 0.272193 0.148214
vt 0.040012 0.184879
vt 0.039431 0.183243
vt 0.250256 0.920561
vt 0.039431 0.186570
vt 0.265068 0.923725
vt 0.263454 0.924742
vt 0.040012 0.181463
vt 0.039431 0.179711
vt 0.253180 0.922567
vt 0.273335 0.158332
vt 0.272754 0.159869
vt 0.263894 0.888743
vt 0.273335 0.161091
vt 0.385173 0.270167
vt 0.040012 0.165033
vt 0.508198 0.168376
vt 0.508779 0.173062
vt 0.508198 0.174698
vt 0.275742 0.918366
vt 0.508198 0.171371
vt 0.508779 0.169914
vt 0.385754 0.268630
vt 0.385173 0.267173
vt 0.385754 0.265481
vt 0.385173 0.263845
vt 0.248061 0.895076
vt 0.040012 0.177910
vt 0.385754 0.262065
vt 0.385173 0.260313
vt 0.246055 0.898000
vt 0.385754 0.258512
vt 0.385173 0.256712
vt 0.244658 0.901259
vt 0.508779 0.176478
vt 0.508198 0.178230
vt 0.277748 0.915442
vt 0.385754 0.251543
vt 0.385173 0.249852
vt 0.243880 0.908273
vt 0.385173 0.253179
vt 0.508779 0.180031
vt 0.508198 0.181832
vt 0.279144 0.912183
vt 0.507637 0.176502
vt 0.508779 0.183584
vt 0.508198 0.185364
vt 0.279879 0.908714
vt 0.385754 0.248395
vt 0.385173 0.246858
vt 0.244529 0.911759
vt 0.243924 0.904728
vt 0.384612 0.251590
vt 0.385754 0.245635
vt 0.508779 0.187000
vt 0.508198 0.188691
vt 0.279922 0.905168
vt 0.278823 0.910303
vt 0.507637 0.183560
vt 0.508779 0.190149
vt 0.508198 0.191686
vt 0.279273 0.901682
vt 0.040012 0.188027
vt 0.261689 0.924016
vt 0.038870 0.170988
vt 0.278906 0.903554
vt 0.273335 0.138097
vt 0.272754 0.136560
vt 0.276399 0.897288
vt 0.277956 0.898390
vt 0.273335 0.144661
vt 0.272754 0.142881
vt 0.507637 0.173109
vt 0.271686 0.892458
vt 0.273546 0.892880
vt 0.272193 0.144686
vt 0.273335 0.151767
vt 0.277799 0.913535
vt 0.507637 0.180031
vt 0.279197 0.906932
vt 0.507637 0.186953
vt 0.277961 0.900298
vt 0.354884 0.922970
vt 0.356331 0.924204
vt 0.353002 0.923238
vt 0.342182 0.903580
vt 0.364253 0.890664
vt 0.362806 0.889431
vt 0.366136 0.890396
vt 0.371920 0.894159
vt 0.385754 0.271390
vt 0.349924 0.921641
vt 0.357715 0.890101
vt 0.355906 0.889515
vt 0.359352 0.889133
vt 0.341885 0.907034
vt 0.358125 0.923574
vt 0.359785 0.924501
vt 0.354490 0.890784
vt 0.352601 0.890562
vt 0.385754 0.254960
vt 0.351459 0.892083
vt 0.349564 0.892234
vt 0.361422 0.923533
vt 0.363231 0.924119
vt 0.364648 0.922851
vt 0.366536 0.923072
vt 0.348741 0.893948
vt 0.346911 0.894466
vt 0.342852 0.908670
vt 0.346438 0.896307
vt 0.344745 0.897173
vt 0.040012 0.190787
vt 0.367678 0.921552
vt 0.369574 0.921400
vt 0.370397 0.919686
vt 0.372226 0.919168
vt 0.344640 0.899071
vt 0.343148 0.900250
vt 0.343416 0.902132
vt 0.346699 0.917645
vt 0.347218 0.919475
vt 0.349059 0.919948
vt 0.508779 0.167154
vt 0.372700 0.917327
vt 0.374393 0.916462
vt 0.273335 0.135337
vt 0.374498 0.914563
vt 0.375989 0.913384
vt 0.370078 0.893686
vt 0.369213 0.891993
vt 0.367315 0.891888
vt 0.508779 0.192908
vt 0.376325 0.908260
vt 0.377253 0.906600
vt 0.376955 0.910055
vt 0.361012 0.890060
vt 0.273335 0.141245
vt 0.375602 0.901738
vt 0.375824 0.899850
vt 0.376871 0.903155
vt 0.372438 0.895989
vt 0.374152 0.896812
vt 0.342812 0.905374
vt 0.344998 0.900990
vt 0.348609 0.918049
vt 0.351823 0.921746
vt 0.663942 0.726513
vt 0.664298 0.726235
vt 0.664609 0.726549
vt 0.664946 0.726586
vt 0.665259 0.726909
vt 0.664266 0.726880
vt 0.375722 0.911502
vt 0.362442 0.891390
vt 0.376285 0.904964
vt 0.374303 0.898708
vt 0.370800 0.917777
vt 0.346415 0.898259
vt 0.373992 0.900635
vt 0.351011 0.919971
vt 0.986860 0.313767
vt 0.986087 0.312425
vt 0.985446 0.313814
vt 0.986087 0.315159
vt 0.982392 0.091669
vt 0.982636 0.090557
vt 0.982912 0.091869
vt 0.983325 0.093151
vt 0.982912 0.094122
vt 0.163104 0.568737
vt 0.982392 0.093853
vt 0.982199 0.092756
vt 0.720306 0.945907
vt 0.719893 0.947291
vt 0.719618 0.948646
vt 0.719374 0.947332
vt 0.719181 0.946046
vt 0.719374 0.944756
vt 0.719618 0.945992
vt 0.719893 0.944633
vt 0.982199 0.087951
vt 0.364874 0.919194
vt 0.363716 0.919910
vt 0.362358 0.919992
vt 0.982392 0.089242
vt 0.982199 0.090451
vt 0.367187 0.917922
vt 0.719181 0.953746
vt 0.370673 0.899199
vt 0.371601 0.900195
vt 0.371946 0.901512
vt 0.719374 0.954963
vt 0.719181 0.956050
vt 0.370078 0.897975
vt 0.368974 0.897179
vt 0.982199 0.585077
vt 0.351951 0.895713
vt 0.352947 0.894785
vt 0.354263 0.894440
vt 0.982392 0.583860
vt 0.982199 0.582773
vt 0.349931 0.897412
vt 0.369207 0.916222
vt 0.368411 0.917326
vt 0.719181 0.939222
vt 0.720306 0.943273
vt 0.719181 0.943546
vt 0.719374 0.942329
vt 0.162842 0.566083
vt 0.719893 0.942129
vt 0.370291 0.915399
vt 0.982199 0.094775
vt 0.370857 0.914161
vt 0.984321 0.316553
vt 0.346394 0.909606
vt 0.345918 0.908331
vt 0.346103 0.906982
vt 0.984513 0.315240
vt 0.984321 0.313953
vt 0.347191 0.912122
vt 0.719181 0.941242
vt 0.372072 0.911818
vt 0.372759 0.910643
vt 0.372808 0.909282
vt 0.982199 0.580754
vt 0.348281 0.899473
vt 0.348846 0.898235
vt 0.984513 0.325055
vt 0.984321 0.323957
vt 0.347065 0.901816
vt 0.373034 0.906652
vt 0.719181 0.948646
vt 0.373219 0.905304
vt 0.372743 0.904028
vt 0.984321 0.311453
vt 0.348464 0.914435
vt 0.347537 0.913439
vt 0.984513 0.310236
vt 0.984321 0.309149
vt 0.350164 0.916455
vt 0.719181 0.951246
vt 0.719374 0.952536
vt 0.984321 0.321653
vt 0.346330 0.904352
vt 0.346378 0.902992
vt 0.984513 0.320443
vt 0.984321 0.319153
vt 0.719374 0.957148
vt 0.982199 0.599601
vt 0.366913 0.895529
vt 0.719181 0.958070
vt 0.984321 0.307129
vt 0.352225 0.918105
vt 0.350987 0.917540
vt 0.982392 0.076850
vt 0.982199 0.077947
vt 0.353243 0.919008
vt 0.354568 0.919321
vt 0.982199 0.597581
vt 0.364569 0.894313
vt 0.365894 0.894626
vt 0.982392 0.596494
vt 0.982199 0.595277
vt 0.363394 0.893626
vt 0.362034 0.893578
vt 0.984513 0.317867
vt 0.982199 0.592777
vt 0.359404 0.893352
vt 0.982392 0.591491
vt 0.982199 0.590177
vt 0.358055 0.893167
vt 0.356780 0.893642
vt 0.982199 0.080251
vt 0.357104 0.920056
vt 0.982392 0.081461
vt 0.982199 0.082751
vt 0.358390 0.920501
vt 0.359734 0.920283
vt 0.982199 0.587577
vt 0.982392 0.586287
vt 0.982199 0.085351
vt 0.982392 0.086665
vt 0.982392 0.581676
vt 0.984321 0.325977
vt 0.984757 0.319207
vt 0.984513 0.322870
vt 0.269004 0.401701
vt 0.985033 0.323071
vt 0.985446 0.321926
vt 0.985033 0.320567
vt 0.984513 0.312663
vt 0.984513 0.308051
vt 0.982199 0.075928
vt 0.982392 0.079034
vt 0.338895 0.245794
vt 0.982912 0.078834
vt 0.983325 0.079979
vt 0.982912 0.081338
vt 0.982636 0.082697
vt 0.719374 0.940144
vt 0.982392 0.598679
vt 0.982636 0.590177
vt 0.982392 0.594067
vt 0.982636 0.595383
vt 0.982912 0.594191
vt 0.983325 0.592916
vt 0.982912 0.591532
vt 0.982392 0.084038
vt 0.719374 0.949960
vt 0.982392 0.588864
vt 0.720947 0.947252
vt 0.720306 0.948646
vt 0.720306 0.951385
vt 0.719893 0.952659
vt 0.719618 0.951300
vt 0.984757 0.316553
vt 0.985033 0.315198
vt 0.985446 0.311180
vt 0.985033 0.310036
vt 0.984757 0.311347
vt 0.986087 0.309850
vt 0.985446 0.308753
vt 0.720947 0.952774
vt 0.720306 0.954019
vt 0.986087 0.320681
vt 0.985446 0.319292
vt 0.984739 0.598110
vt 0.983965 0.596881
vt 0.983325 0.597977
vt 0.983965 0.599199
vt 0.237188 0.472753
vt 0.719893 0.955163
vt 0.720306 0.956446
vt 0.720306 0.958573
vt 0.982912 0.598948
vt 0.237188 0.478061
vt 0.720947 0.957667
vt 0.983325 0.600105
vt 0.984739 0.595642
vt 0.983965 0.594305
vt 0.983325 0.595550
vt 0.986860 0.319339
vt 0.986087 0.317947
vt 0.339157 0.248448
vt 0.985033 0.307782
vt 0.985446 0.306626
vt 0.983325 0.077551
vt 0.983965 0.076330
vt 0.986860 0.316553
vt 0.985446 0.316553
vt 0.984739 0.592963
vt 0.983965 0.591571
vt 0.984739 0.590177
vt 0.983965 0.588783
vt 0.983325 0.590177
vt 0.984739 0.082566
vt 0.983965 0.083957
vt 0.983325 0.082612
vt 0.983965 0.081223
vt 0.984739 0.587391
vt 0.983965 0.586049
vt 0.983325 0.587438
vt 0.984739 0.584713
vt 0.983965 0.583474
vt 0.983325 0.584804
vt 0.982912 0.586164
vt 0.982636 0.584971
vt 0.984739 0.085351
vt 0.983965 0.086745
vt 0.983325 0.085351
vt 0.984739 0.088137
vt 0.983965 0.089479
vt 0.983325 0.088090
vt 0.984739 0.582244
vt 0.983965 0.581156
vt 0.983325 0.582377
vt 0.984739 0.580080
vt 0.986087 0.325575
vt 0.985446 0.326481
vt 0.984739 0.090816
vt 0.983965 0.092055
vt 0.983325 0.090724
vt 0.982912 0.086707
vt 0.982636 0.085351
vt 0.984739 0.093285
vt 0.983965 0.094373
vt 0.986860 0.324486
vt 0.986087 0.323257
vt 0.985446 0.324353
vt 0.982912 0.581406
vt 0.269004 0.396393
vt 0.986860 0.322018
vt 0.268743 0.399047
vt 0.983325 0.580250
vt 0.986860 0.308620
vt 0.986087 0.307532
vt 0.986860 0.306456
vt 0.983325 0.075424
vt 0.721721 0.940713
vt 0.720947 0.941942
vt 0.720306 0.940846
vt 0.720947 0.939624
vt 0.721721 0.958743
vt 0.983325 0.095279
vt 0.721721 0.945860
vt 0.720947 0.944518
vt 0.721721 0.948646
vt 0.720947 0.950040
vt 0.983965 0.078648
vt 0.721721 0.951432
vt 0.721721 0.956579
vt 0.720947 0.955350
vt 0.720306 0.938718
vt 0.986180 0.590177
vt 0.985512 0.588792
vt 0.985512 0.591562
vt 0.985512 0.596838
vt 0.987633 0.317938
vt 0.986180 0.584911
vt 0.985512 0.583517
vt 0.985512 0.586076
vt 0.986180 0.088036
vt 0.985512 0.089453
vt 0.985512 0.086736
vt 0.984739 0.079887
vt 0.985512 0.081250
vt 0.661553 0.966594
vt 0.985512 0.581213
vt 0.988301 0.316553
vt 0.987633 0.315168
vt 0.663079 0.968818
vt 0.987633 0.325517
vt 0.986860 0.326650
vt 0.986180 0.090617
vt 0.985512 0.092012
vt 0.685663 0.953324
vt 0.985512 0.094315
vt 0.665009 0.970702
vt 0.987633 0.323214
vt 0.988301 0.321819
vt 0.987633 0.320655
vt 0.680243 0.972014
vt 0.987633 0.307589
vt 0.987633 0.309892
vt 0.987633 0.312452
vt 0.986860 0.311089
vt 0.682467 0.970488
vt 0.985512 0.076388
vt 0.984739 0.075254
vt 0.684137 0.951100
vt 0.722493 0.939682
vt 0.721721 0.938549
vt 0.682206 0.949216
vt 0.722493 0.941985
vt 0.664749 0.949430
vt 0.985512 0.599141
vt 0.984739 0.600274
vt 0.722493 0.957610
vt 0.662865 0.951360
vt 0.684351 0.968557
vt 0.985512 0.078691
vt 0.984739 0.077418
vt 0.986180 0.080086
vt 0.723161 0.943380
vt 0.722493 0.944544
vt 0.721721 0.943181
vt 0.984739 0.095448
vt 0.723161 0.945961
vt 0.722493 0.947261
vt 0.986180 0.595443
vt 0.985512 0.594279
vt 0.986180 0.592862
vt 0.986180 0.085351
vt 0.985512 0.083966
vt 0.723161 0.951330
vt 0.722493 0.952748
vt 0.722493 0.950031
vt 0.986180 0.587493
vt 0.666973 0.947904
vt 0.722493 0.955307
vt 0.721721 0.954111
vt 0.988301 0.319238
vt 0.677425 0.972008
vt 0.678812 0.972100
vt 0.988301 0.311287
vt 0.676344 0.972882
vt 0.986180 0.582532
vt 0.662715 0.967432
vt 0.667787 0.971178
vt 0.668703 0.972224
vt 0.666404 0.971032
vt 0.988301 0.313869
vt 0.680812 0.948886
vt 0.723161 0.941001
vt 0.682834 0.950504
vt 0.685750 0.954754
vt 0.683063 0.969184
vt 0.681081 0.970852
vt 0.988301 0.324198
vt 0.988301 0.308908
vt 0.677129 0.947819
vt 0.676026 0.946972
vt 0.678513 0.947693
vt 0.662535 0.952755
vt 0.661342 0.955053
vt 0.664153 0.950733
vt 0.660621 0.957541
vt 0.686595 0.962377
vt 0.986180 0.082667
vt 0.685873 0.964864
vt 0.986180 0.077707
vt 0.684681 0.967163
vt 0.686817 0.959797
vt 0.674693 0.947365
vt 0.673446 0.946750
vt 0.723161 0.948646
vt 0.670872 0.947035
vt 0.661015 0.958874
vt 0.660399 0.960121
vt 0.661045 0.961352
vt 0.660684 0.962694
vt 0.686532 0.957223
vt 0.685658 0.956142
vt 0.668404 0.947817
vt 0.723161 0.953912
vt 0.667513 0.948885
vt 0.666135 0.949066
vt 0.723161 0.956291
vt 0.661466 0.965163
vt 0.684681 0.953864
vt 0.684501 0.952486
vt 0.986180 0.092996
vt 0.986180 0.597822
vt 0.673770 0.973168
vt 0.671190 0.972946
vt 0.665710 0.969827
vt 0.664382 0.969413
vt 0.235016 0.367352
vt 0.234415 0.367828
vt 0.517294 0.368557
vt 0.516724 0.368059
vt 0.517235 0.367661
vt 0.516679 0.367167
vt 0.517114 0.366833
vt 0.665470 0.950287
vt 0.683476 0.967857
vt 0.684827 0.965780
vt 0.675840 0.947970
vt 0.674624 0.948166
vt 0.675716 0.948639
vt 0.513856 0.415440
vt 0.673467 0.948445
vt 0.513856 0.417651
vt 0.671223 0.948694
vt 0.513856 0.419778
vt 0.669071 0.949375
vt 0.513856 0.421737
vt 0.667094 0.950464
vt 0.667901 0.949589
vt 0.666709 0.949903
vt 0.661414 0.960108
vt 0.127675 0.525443
vt 0.127216 0.524307
vt 0.126799 0.525512
vt 0.127216 0.526660
vt 0.410273 0.879698
vt 0.408636 0.882913
vt 0.407278 0.886045
vt 0.408852 0.888994
vt 0.410624 0.891649
vt 0.411787 0.888994
vt 0.413247 0.886045
vt 0.601077 0.622271
vt 0.600783 0.622751
vt 0.600626 0.622725
vt 0.600308 0.623541
vt 0.600257 0.623188
vt 0.344068 0.928328
vt 0.600815 0.620616
vt 0.600767 0.620281
vt 0.661816 0.958943
vt 0.662094 0.960100
vt 0.255079 0.561707
vt 0.662343 0.962343
vt 0.255079 0.559580
vt 0.663024 0.964495
vt 0.255079 0.557620
vt 0.664113 0.966473
vt 0.255079 0.555903
vt 0.665566 0.968200
vt 0.125691 0.534157
vt 0.667328 0.969611
vt 0.668157 0.970465
vt 0.666957 0.970181
vt 0.320827 0.920683
vt 0.320162 0.920867
vt 0.678144 0.970542
vt 0.125691 0.521561
vt 0.680122 0.969454
vt 0.125691 0.519844
vt 0.681849 0.968000
vt 0.223263 0.606406
vt 0.683260 0.966238
vt 0.682849 0.967355
vt 0.683830 0.966609
vt 0.676133 0.971889
vt 0.677182 0.971242
vt 0.675993 0.971224
vt 0.125691 0.523521
vt 0.684891 0.956384
vt 0.684817 0.955154
vt 0.223263 0.608366
vt 0.684299 0.964235
vt 0.223263 0.610492
vt 0.684928 0.962067
vt 0.223263 0.612704
vt 0.685122 0.959818
vt 0.223263 0.614915
vt 0.684873 0.957574
vt 0.223263 0.617042
vt 0.684191 0.955422
vt 0.237401 0.372032
vt 0.236846 0.371468
vt 0.237982 0.370464
vt 0.239044 0.371543
vt 0.238452 0.372069
vt 0.237908 0.372567
vt 0.704852 0.270325
vt 0.706098 0.269442
vt 0.516076 0.368981
vt 0.516073 0.368483
vt 0.516740 0.369003
vt 0.603853 0.056061
vt 0.603403 0.055737
vt 0.603853 0.052016
vt 0.603403 0.052384
vt 0.406980 0.956813
vt 0.603403 0.051728
vt 0.407044 0.954658
vt 0.603223 0.053892
vt 0.603309 0.053973
vt 0.603309 0.054062
vt 0.406939 0.954587
vt 0.673749 0.971473
vt 0.125691 0.527859
vt 0.125906 0.526742
vt 0.125691 0.525648
vt 0.328185 0.885130
vt 0.327360 0.870460
vt 0.603223 0.053437
vt 0.603309 0.053527
vt 0.603309 0.053616
vt 0.407012 0.955036
vt 0.679887 0.950307
vt 0.513856 0.409142
vt 0.403102 0.951342
vt 0.402918 0.951509
vt 0.402727 0.951533
vt 0.402350 0.951609
vt 0.401704 0.950955
vt 0.401626 0.951871
vt 0.401294 0.951659
vt 0.400682 0.952060
vt 0.400743 0.952450
vt 0.399124 0.949182
vt 0.399278 0.949081
vt 0.399691 0.949408
vt 0.399858 0.948162
vt 0.403406 0.951150
vt 0.403206 0.951490
vt 0.664881 0.754449
vt 0.664880 0.754096
vt 0.665218 0.754412
vt 0.125906 0.535086
vt 0.407504 0.879698
vt 0.412435 0.861057
vt 0.411708 0.859854
vt 0.410413 0.861057
vt 0.514340 0.415440
vt 0.514627 0.414282
vt 0.514963 0.415440
vt 0.515381 0.416639
vt 0.514963 0.417787
vt 0.514627 0.418869
vt 0.514340 0.417701
vt 0.514070 0.418747
vt 0.514070 0.416556
vt 0.514070 0.414323
vt 0.513856 0.413228
vt 0.655964 0.756507
vt 0.125906 0.522489
vt 0.513062 0.372784
vt 0.550729 0.841201
vt 0.549276 0.853090
vt 0.669332 0.970650
vt 0.125691 0.532197
vt 0.125906 0.531166
vt 0.125691 0.530070
vt 0.845810 0.883911
vt 0.845471 0.889803
vt 0.844626 0.889803
vt 0.844199 0.892190
vt 0.843773 0.892190
vt 0.843349 0.891398
vt 0.842501 0.891398
vt 0.842081 0.871434
vt 0.843410 0.869541
vt 0.844274 0.876667
vt 0.843556 0.877546
vt 0.843523 0.879348
vt 0.843833 0.878411
vt 0.843881 0.879347
vt 0.844626 0.881181
vt 0.844626 0.883009
vt 0.845406 0.883009
vt 0.413056 0.950463
vt 0.514070 0.422667
vt 0.255079 0.571933
vt 0.223477 0.605476
vt 0.235749 0.366382
vt 0.235616 0.366831
vt 0.235050 0.366179
vt 0.236022 0.366097
vt 0.663956 0.953679
vt 0.255079 0.570216
vt 0.255294 0.569288
vt 0.255079 0.568256
vt 0.671500 0.971279
vt 0.125906 0.528976
vt 0.662288 0.957851
vt 0.255079 0.566130
vt 0.255294 0.565035
vt 0.255079 0.563918
vt 0.510186 0.371344
vt 0.510085 0.371271
vt 0.127216 0.520097
vt 0.126799 0.519351
vt 0.224034 0.605210
vt 0.209769 0.295247
vt 0.223263 0.604688
vt 0.125906 0.520632
vt 0.126175 0.523423
vt 0.126462 0.522290
vt 0.126799 0.523255
vt 0.127216 0.522091
vt 0.223477 0.609397
vt 0.255294 0.560611
vt 0.958604 0.708748
vt 0.645777 0.729891
vt 0.223477 0.613820
vt 0.255294 0.556691
vt 0.125691 0.535874
vt 0.125906 0.524552
vt 0.223477 0.618074
vt 0.223263 0.619001
vt 0.125906 0.533229
vt 0.255294 0.571145
vt 0.255564 0.570358
vt 0.255850 0.571412
vt 0.256187 0.570602
vt 0.256604 0.569686
vt 0.256187 0.568522
vt 0.255850 0.567347
vt 0.255564 0.568354
vt 0.255294 0.567225
vt 0.322156 0.880076
vt 0.322072 0.879535
vt 0.321768 0.881279
vt 0.681650 0.951717
vt 0.223263 0.620719
vt 0.514070 0.408213
vt 0.665367 0.951917
vt 0.513856 0.423455
vt 0.223477 0.607333
vt 0.223747 0.610442
vt 0.224034 0.609275
vt 0.224370 0.610356
vt 0.224788 0.611504
vt 0.224370 0.612704
vt 0.224034 0.613862
vt 0.223747 0.612704
vt 0.223477 0.611587
vt 0.677884 0.949267
vt 0.662916 0.955683
vt 0.223477 0.616011
vt 0.223747 0.617139
vt 0.224034 0.616133
vt 0.224370 0.617308
vt 0.224788 0.618472
vt 0.224370 0.619388
vt 0.224034 0.620198
vt 0.223747 0.619143
vt 0.223477 0.619931
vt 0.255294 0.562801
vt 0.514070 0.420810
vt 0.255294 0.558548
vt 0.126175 0.525598
vt 0.126462 0.526701
vt 0.683103 0.953445
vt 0.513856 0.407424
vt 0.296793 0.159496
vt 0.514340 0.421880
vt 0.514963 0.420044
vt 0.515381 0.421208
vt 0.515381 0.423202
vt 0.256187 0.572426
vt 0.514627 0.422934
vt 0.225247 0.610288
vt 0.224788 0.609152
vt 0.257063 0.561502
vt 0.256604 0.560366
vt 0.256187 0.561571
vt 0.256604 0.562719
vt 0.224788 0.604941
vt 0.224788 0.606936
vt 0.224370 0.608099
vt 0.223747 0.606264
vt 0.257063 0.559179
vt 0.256604 0.558150
vt 0.256187 0.559314
vt 0.225247 0.612704
vt 0.224788 0.613903
vt 0.225247 0.615119
vt 0.224788 0.616256
vt 0.257063 0.557039
vt 0.256604 0.556156
vt 0.256187 0.557234
vt 0.255564 0.559482
vt 0.255564 0.561657
vt 0.255850 0.562760
vt 0.255850 0.560489
vt 0.257063 0.555162
vt 0.127216 0.535621
vt 0.126799 0.536367
vt 0.225247 0.617442
vt 0.225247 0.619583
vt 0.224788 0.620466
vt 0.127675 0.534738
vt 0.127216 0.533627
vt 0.255564 0.557478
vt 0.255850 0.556424
vt 0.256187 0.555410
vt 0.126462 0.535353
vt 0.275582 0.265552
vt 0.127675 0.532598
vt 0.127216 0.531411
vt 0.126799 0.532463
vt 0.127675 0.520980
vt 0.127675 0.519103
vt 0.224370 0.604196
vt 0.225247 0.621459
vt 0.515381 0.407677
vt 0.515840 0.408560
vt 0.515840 0.410701
vt 0.515840 0.424196
vt 0.256604 0.571680
vt 0.257063 0.570797
vt 0.515840 0.413024
vt 0.515381 0.414240
vt 0.514963 0.423947
vt 0.257063 0.566334
vt 0.256604 0.565117
vt 0.256187 0.566265
vt 0.256604 0.567470
vt 0.515840 0.415440
vt 0.126175 0.532295
vt 0.126462 0.531288
vt 0.127216 0.529058
vt 0.126799 0.527859
vt 0.126175 0.530120
vt 0.255564 0.563918
vt 0.515840 0.417856
vt 0.515381 0.418992
vt 0.820197 0.021168
vt 0.820060 0.022337
vt 0.819840 0.023445
vt 0.819376 0.022465
vt 0.818809 0.020511
vt 0.818677 0.019435
vt 0.817873 0.018706
vt 0.817532 0.017676
vt 0.818456 0.018327
vt 0.819362 0.019079
vt 0.515840 0.420178
vt 0.515840 0.422319
vt 0.127675 0.530275
vt 0.226191 0.615098
vt 0.225706 0.616308
vt 0.225706 0.613921
vt 0.225247 0.607965
vt 0.225706 0.609099
vt 0.128620 0.527859
vt 0.128135 0.526642
vt 0.127675 0.527859
vt 0.128135 0.529076
vt 0.257523 0.560314
vt 0.226191 0.619521
vt 0.225706 0.620580
vt 0.225706 0.618557
vt 0.644347 0.754704
vt 0.644141 0.754521
vt 0.644595 0.754500
vt 0.644772 0.754981
vt 0.644259 0.754843
vt 0.128620 0.523163
vt 0.128135 0.522006
vt 0.127675 0.523120
vt 0.128135 0.524255
vt 0.257523 0.556041
vt 0.127675 0.536615
vt 0.128620 0.521041
vt 0.128135 0.519982
vt 0.128620 0.532555
vt 0.128135 0.531463
vt 0.128135 0.533712
vt 0.128620 0.519182
vt 0.225706 0.604827
vt 0.225247 0.603948
vt 0.226191 0.621381
vt 0.516299 0.407563
vt 0.515840 0.406684
vt 0.516784 0.408622
vt 0.516299 0.409587
vt 0.516784 0.424117
vt 0.257523 0.571795
vt 0.257063 0.572674
vt 0.516299 0.423317
vt 0.258008 0.570736
vt 0.257523 0.569771
vt 0.226191 0.605886
vt 0.225706 0.606851
vt 0.225247 0.605824
vt 0.226191 0.608008
vt 0.516784 0.410744
vt 0.516299 0.411836
vt 0.516784 0.413046
vt 0.516299 0.414223
vt 0.258008 0.568614
vt 0.257523 0.567522
vt 0.257063 0.568657
vt 0.258008 0.566312
vt 0.257523 0.565135
vt 0.226191 0.610310
vt 0.225706 0.611487
vt 0.226191 0.612704
vt 0.516784 0.417834
vt 0.516299 0.419044
vt 0.516299 0.416657
vt 0.258008 0.563918
vt 0.257523 0.562701
vt 0.257063 0.563918
vt 0.258008 0.561524
vt 0.226191 0.617400
vt 0.516784 0.422257
vt 0.516299 0.421293
vt 0.258008 0.559222
vt 0.257523 0.558065
vt 0.258008 0.557100
vt 0.128620 0.525465
vt 0.128620 0.534677
vt 0.128135 0.535736
vt 0.128620 0.530253
vt 0.815675 0.034352
vt 0.226191 0.604026
vt 0.812642 0.013425
vt 0.517308 0.414272
vt 0.517308 0.411981
vt 0.817706 0.016041
vt 0.258531 0.565086
vt 0.258531 0.567377
vt 0.800855 0.015835
vt 0.820581 0.025628
vt 0.226714 0.613872
vt 0.226714 0.611536
vt 0.226714 0.607086
vt 0.808192 0.012932
vt 0.517308 0.418899
vt 0.517308 0.416608
vt 0.258531 0.560459
vt 0.258531 0.562750
vt 0.820609 0.023379
vt 0.226714 0.616163
vt 0.226714 0.618321
vt 0.805981 0.013344
vt 0.517308 0.421057
vt 0.516784 0.420136
vt 0.516784 0.415440
vt 0.803893 0.014179
vt 0.802678 0.014375
vt 0.798157 0.027559
vt 0.258531 0.558301
vt 0.798992 0.029648
vt 0.799188 0.030862
vt 0.819166 0.017865
vt 0.818135 0.017194
vt 0.516784 0.406763
vt 0.800397 0.016976
vt 0.258531 0.569535
vt 0.807912 0.035768
vt 0.129143 0.526691
vt 0.129143 0.529027
vt 0.810161 0.035795
vt 0.129143 0.524400
vt 0.816564 0.015584
vt 0.517308 0.409822
vt 0.814709 0.014312
vt 0.801790 0.033143
vt 0.129143 0.533476
vt 0.800648 0.032686
vt 0.810441 0.012960
vt 0.258008 0.555241
vt 0.814461 0.034548
vt 0.129143 0.522242
vt 0.805712 0.035302
vt 0.129143 0.531318
vt 0.802007 0.015406
vt 0.258008 0.572595
vt 0.819229 0.029896
vt 0.226714 0.609244
vt 0.817957 0.031751
vt 0.817499 0.032893
vt 0.799125 0.018831
vt 0.683288 0.898818
vt 0.682755 0.898264
vt 0.820115 0.027829
vt 0.958631 0.702945
vt 0.645697 0.735694
vt 0.128620 0.536536
vt 0.800219 0.031533
vt 0.799898 0.030400
vt 0.800821 0.031051
vt 0.801752 0.031609
vt 0.802287 0.032553
vt 0.802914 0.033492
vt 0.809041 0.035433
vt 0.815440 0.015235
vt 0.851121 0.897479
vt 0.851751 0.898844
vt 0.849553 0.897479
vt 0.850420 0.896036
vt 0.813029 0.033996
vt 0.814106 0.033863
vt 0.814834 0.033059
vt 0.815864 0.032719
vt 0.815214 0.033643
vt 0.812373 0.035383
vt 0.807997 0.035001
vt 0.809050 0.034737
vt 0.810095 0.035026
vt 0.811076 0.034562
vt 0.811470 0.013533
vt 0.814337 0.014988
vt 0.813264 0.014829
vt 0.812409 0.014161
vt 0.807151 0.013481
vt 0.803645 0.034416
vt 0.816347 0.033322
vt 0.816422 0.031788
vt 0.817366 0.031254
vt 0.818305 0.030626
vt 0.801446 0.016440
vt 0.645246 0.726693
vt 0.816602 0.017119
vt 0.815046 0.015809
vt 0.820007 0.026656
vt 0.811325 0.014215
vt 0.809304 0.013990
vt 0.808259 0.013701
vt 0.846626 0.866074
vt 0.845652 0.866497
vt 0.844626 0.866074
vt 0.326753 0.868195
vt 0.327763 0.868618
vt 0.328525 0.868195
vt 0.842627 0.866074
vt 0.807278 0.014165
vt 0.841589 0.866497
vt 0.840704 0.866074
vt 0.806196 0.014085
vt 0.805325 0.014731
vt 0.318909 0.868195
vt 0.805090 0.033898
vt 0.804017 0.033739
vt 0.803308 0.032918
vt 0.319794 0.868618
vt 0.320832 0.868195
vt 0.807028 0.034513
vt 0.838932 0.866074
vt 0.803520 0.015668
vt 0.837989 0.866497
vt 0.411035 0.857589
vt 0.802490 0.016008
vt 0.837379 0.866074
vt 0.801932 0.016939
vt 0.330078 0.868195
vt 0.696422 0.862255
vt 0.695479 0.861832
vt 0.321806 0.868618
vt 0.320709 0.869129
vt 0.319541 0.869689
vt 0.320523 0.870460
vt 0.321616 0.871662
vt 0.322831 0.870460
vt 0.323942 0.869689
vt 0.322831 0.869129
vt 0.323857 0.868618
vt 0.322831 0.868195
vt 0.817731 0.030232
vt 0.412588 0.857589
vt 0.800623 0.018495
vt 0.800988 0.017473
vt 0.413350 0.858013
vt 0.414359 0.857589
vt 0.418282 0.858523
vt 0.417170 0.859083
vt 0.420590 0.859854
vt 0.421572 0.859083
vt 0.420404 0.858523
vt 0.421319 0.858013
vt 0.420281 0.857589
vt 0.419307 0.858013
vt 0.418282 0.857589
vt 0.417256 0.858013
vt 0.799642 0.020276
vt 0.416282 0.857589
vt 0.686494 0.863326
vt 0.687662 0.862766
vt 0.686748 0.862255
vt 0.687785 0.861832
vt 0.688759 0.862255
vt 0.689785 0.861832
vt 0.690810 0.862255
vt 0.689785 0.862766
vt 0.690896 0.863326
vt 0.688569 0.865299
vt 0.687476 0.864097
vt 0.693707 0.861832
vt 0.818712 0.028451
vt 0.692822 0.862255
vt 0.691784 0.861832
vt 0.819379 0.027596
vt 0.819326 0.026512
vt 0.798978 0.026263
vt 0.422204 0.857589
vt 0.510186 0.371420
vt 0.510085 0.371499
vt 0.509991 0.371441
vt 0.509991 0.371365
vt 0.798898 0.027344
vt 0.799545 0.028216
vt 0.819550 0.024491
vt 0.819814 0.025543
vt 0.423976 0.857589
vt 0.800481 0.030021
vt 0.424919 0.858013
vt 0.315584 0.868195
vt 0.425529 0.857589
vt 0.324831 0.868195
vt 0.325868 0.868618
vt 0.685862 0.861832
vt 0.684853 0.862255
vt 0.684091 0.861832
vt 0.317137 0.868195
vt 0.317899 0.868618
vt 0.329468 0.868618
vt 0.697032 0.861832
vt 0.682538 0.861832
vt 0.603403 0.054144
vt 0.603504 0.054316
vt 0.603403 0.054404
vt 0.603309 0.054326
vt 0.851263 0.866497
vt 0.850320 0.866074
vt 0.848789 0.867008
vt 0.849970 0.867568
vt 0.849154 0.868339
vt 0.848226 0.869541
vt 0.846935 0.868339
vt 0.845737 0.867568
vt 0.846748 0.867008
vt 0.847663 0.866497
vt 0.848548 0.866074
vt 0.849558 0.866497
vt 0.411644 0.858013
vt 0.694716 0.862255
vt 0.415245 0.858013
vt 0.843601 0.866497
vt 0.839694 0.866497
vt 0.423213 0.858013
vt 0.683147 0.862255
vt 0.851873 0.866074
vt 0.316194 0.868618
vt 0.644205 0.726597
vt 0.644207 0.726340
vt 0.644309 0.726393
vt 0.644610 0.726438
vt 0.328175 0.869689
vt 0.330699 0.871662
vt 0.114538 0.408167
vt 0.400114 0.957681
vt 0.115129 0.408167
vt 0.400619 0.958262
vt 0.401226 0.958734
vt 0.399726 0.962598
vt 0.397809 0.964169
vt 0.398393 0.961760
vt 0.396206 0.962926
vt 0.397249 0.960678
vt 0.394877 0.961395
vt 0.424856 0.859854
vt 0.423625 0.859083
vt 0.421882 0.861057
vt 0.423273 0.862950
vt 0.424128 0.861057
vt 0.425528 0.862950
vt 0.426150 0.861057
vt 0.429059 0.879698
vt 0.430559 0.882913
vt 0.312054 0.890303
vt 0.315585 0.873555
vt 0.314963 0.871662
vt 0.314464 0.870460
vt 0.419947 0.879698
vt 0.421669 0.882913
vt 0.423213 0.879698
vt 0.838052 0.868339
vt 0.839283 0.867568
vt 0.841026 0.869541
vt 0.839635 0.871434
vt 0.846474 0.877483
vt 0.846938 0.878317
vt 0.846613 0.877723
vt 0.846422 0.877553
vt 0.082244 0.207320
vt 0.422445 0.858523
vt 0.681776 0.883940
vt 0.682538 0.867192
vt 0.685256 0.864097
vt 0.686184 0.865299
vt 0.684853 0.883940
vt 0.683140 0.887155
vt 0.684441 0.863326
vt 0.683211 0.864097
vt 0.682593 0.863326
vt 0.311228 0.247621
vt 0.685622 0.862766
vt 0.311631 0.248732
vt 0.689785 0.867192
vt 0.693385 0.865299
vt 0.692329 0.867192
vt 0.691000 0.865299
vt 0.843515 0.867568
vt 0.844626 0.868339
vt 0.235984 0.372258
vt 0.235257 0.370726
vt 0.236383 0.371892
vt 0.480800 0.488538
vt 0.510085 0.369484
vt 0.510295 0.369306
vt 0.510295 0.369484
vt 0.510186 0.369573
vt 0.849800 0.884763
vt 0.850496 0.884798
vt 0.850691 0.886490
vt 0.317488 0.869689
vt 0.316257 0.870460
vt 0.316985 0.871662
vt 0.317840 0.873555
vt 0.319231 0.871662
vt 0.114685 0.415274
vt 0.239316 0.372957
vt 0.845842 0.869541
vt 0.847465 0.877546
vt 0.846700 0.875810
vt 0.846382 0.876670
vt 0.846012 0.875810
vt 0.845692 0.876662
vt 0.845332 0.876668
vt 0.844626 0.876669
vt 0.844243 0.877545
vt 0.734531 0.593295
vt 0.855454 0.219573
vt 0.846794 0.877480
vt 0.848480 0.881149
vt 0.848687 0.882016
vt 0.848546 0.881909
vt 0.848086 0.881689
vt 0.848138 0.881299
vt 0.847844 0.881022
vt 0.847873 0.880636
vt 0.847584 0.880358
vt 0.847624 0.879971
vt 0.847334 0.879696
vt 0.847222 0.879362
vt 0.847018 0.878672
vt 0.846744 0.878332
vt 0.403394 0.951697
vt 0.510085 0.369129
vt 0.606732 0.054087
vt 0.606380 0.052927
vt 0.607093 0.053833
vt 0.607093 0.054096
vt 0.606912 0.054222
vt 0.325356 0.891926
vt 0.324533 0.893519
vt 0.324531 0.896650
vt 0.328243 0.895891
vt 0.327861 0.895105
vt 0.327019 0.893528
vt 0.326219 0.893519
vt 0.326176 0.891930
vt 0.322138 0.877931
vt 0.323796 0.878680
vt 0.960171 0.710469
vt 0.324548 0.878726
vt 0.846201 0.877350
vt 0.846336 0.877389
vt 0.324019 0.879132
vt 0.959812 0.710361
vt 0.995343 0.376489
vt 0.539488 0.450181
vt 0.743662 0.256858
vt 0.321404 0.879661
vt 0.321317 0.883302
vt 0.697961 0.890287
vt 0.696001 0.895892
vt 0.696280 0.893237
vt 0.609006 0.053436
vt 0.609193 0.053563
vt 0.609193 0.053691
vt 0.609376 0.053814
vt 0.609376 0.054065
vt 0.609195 0.054197
vt 0.609195 0.054323
vt 0.609008 0.054457
vt 0.609194 0.054572
vt 0.609194 0.054696
vt 0.609007 0.054832
vt 0.608817 0.054719
vt 0.608623 0.054855
vt 0.608428 0.054737
vt 0.608232 0.054871
vt 0.608037 0.054749
vt 0.608037 0.054620
vt 0.607843 0.054493
vt 0.608037 0.054360
vt 0.608231 0.053437
vt 0.608427 0.053568
vt 0.608622 0.053437
vt 0.608816 0.053566
vt 0.424926 0.882913
vt 0.426290 0.879698
vt 0.322985 0.882475
vt 0.323407 0.883382
vt 0.323054 0.882587
vt 0.418282 0.882913
vt 0.843988 0.878395
vt 0.647194 0.755613
vt 0.314823 0.890303
vt 0.313185 0.893519
vt 0.313402 0.899600
vt 0.314655 0.896650
vt 0.311828 0.896650
vt 0.335108 0.893519
vt 0.700562 0.883940
vt 0.699007 0.867192
vt 0.691450 0.883940
vt 0.689785 0.887155
vt 0.688119 0.883940
vt 0.323820 0.884285
vt 0.834368 0.889803
vt 0.836883 0.889803
vt 0.837590 0.891398
vt 0.836802 0.892977
vt 0.837597 0.894529
vt 0.836893 0.896036
vt 0.834381 0.896036
vt 0.833612 0.891398
vt 0.844193 0.878188
vt 0.959581 0.682507
vt 0.648745 0.755316
vt 0.649440 0.755980
vt 0.648812 0.755926
vt 0.648450 0.755628
vt 0.851377 0.896788
vt 0.680139 0.887155
vt 0.686397 0.887155
vt 0.600988 0.608107
vt 0.600697 0.608026
vt 0.600680 0.607370
vt 0.600760 0.607583
vt 0.600823 0.608027
vt 0.322831 0.883302
vt 0.694776 0.867192
vt 0.694716 0.883940
vt 0.693172 0.887155
vt 0.316187 0.893519
vt 0.317900 0.890303
vt 0.646621 0.725321
vt 0.322121 0.881051
vt 0.697031 0.867192
vt 0.697793 0.883940
vt 0.696429 0.887155
vt 0.695631 0.865299
vt 0.516885 0.372764
vt 0.109219 0.414086
vt 0.516015 0.372732
vt 0.849031 0.882960
vt 0.849373 0.883881
vt 0.849175 0.882098
vt 0.849611 0.883009
vt 0.851957 0.890355
vt 0.851849 0.890037
vt 0.851783 0.889699
vt 0.849586 0.884887
vt 0.849855 0.885542
vt 0.600411 0.608324
vt 0.603504 0.053526
vt 0.603504 0.053614
vt 0.603403 0.053703
vt 0.603403 0.053437
vt 0.328911 0.387595
vt 0.328463 0.388098
vt 0.241137 0.367553
vt 0.240589 0.366999
vt 0.241198 0.366379
vt 0.241414 0.366169
vt 0.329908 0.386445
vt 0.851511 0.888182
vt 0.852826 0.891384
vt 0.852569 0.891282
vt 0.609001 0.056127
vt 0.609354 0.056288
vt 0.514922 0.369484
vt 0.514529 0.370148
vt 0.423317 0.886045
vt 0.424776 0.888994
vt 0.426458 0.886045
vt 0.330428 0.385731
vt 0.330346 0.387271
vt 0.609862 0.050329
vt 0.609298 0.049837
vt 0.702062 0.887155
vt 0.332761 0.898806
vt 0.333077 0.898157
vt 0.334023 0.900965
vt 0.700788 0.890287
vt 0.699431 0.887155
vt 0.694820 0.890287
vt 0.601258 0.613963
vt 0.602314 0.613837
vt 0.601727 0.613568
vt 0.602226 0.613159
vt 0.602106 0.612486
vt 0.601952 0.611819
vt 0.601766 0.611161
vt 0.686875 0.898264
vt 0.689785 0.898264
vt 0.602375 0.615887
vt 0.325354 0.380530
vt 0.401914 0.959077
vt 0.326011 0.380530
vt 0.402656 0.959280
vt 0.326708 0.380530
vt 0.403424 0.959334
vt 0.404323 0.963381
vt 0.403601 0.965752
vt 0.402749 0.963424
vt 0.401579 0.965609
vt 0.401197 0.963160
vt 0.399623 0.965075
vt 0.525998 0.487984
vt 0.427928 0.882913
vt 0.429285 0.886045
vt 0.430283 0.888994
vt 0.310554 0.893519
vt 0.514529 0.370672
vt 0.513775 0.371173
vt 0.513062 0.370624
vt 0.316336 0.899600
vt 0.317796 0.896650
vt 0.691485 0.890287
vt 0.689785 0.893237
vt 0.688084 0.890287
vt 0.319520 0.899600
vt 0.321131 0.896650
vt 0.319444 0.893519
vt 0.662337 0.724856
vt 0.663342 0.725438
vt 0.663016 0.725304
vt 0.663334 0.725580
vt 0.663314 0.725855
vt 0.663622 0.726166
vt 0.662981 0.725829
vt 0.662630 0.726133
vt 0.662300 0.726128
vt 0.661991 0.725780
vt 0.659686 0.725368
vt 0.659375 0.725011
vt 0.659024 0.725358
vt 0.658708 0.724994
vt 0.658376 0.724989
vt 0.658071 0.724632
vt 0.657711 0.724978
vt 0.657404 0.724620
vt 0.657070 0.724614
vt 0.658584 0.724165
vt 0.660054 0.724115
vt 0.660838 0.724324
vt 0.686473 0.893237
vt 0.684750 0.890287
vt 0.669171 0.730187
vt 0.669738 0.730470
vt 0.669669 0.730997
vt 0.683290 0.893237
vt 0.681608 0.890287
vt 0.325741 0.904627
vt 0.324424 0.902255
vt 0.419982 0.886045
vt 0.421593 0.888994
vt 0.845480 0.892977
vt 0.845470 0.896036
vt 0.869658 0.545538
vt 0.661628 0.631744
vt 0.869658 0.540062
vt 0.667139 0.632770
vt 0.839667 0.437597
vt 0.647805 0.633710
vt 0.650538 0.632974
vt 0.869658 0.551121
vt 0.656023 0.631813
vt 0.427711 0.888994
vt 0.852578 0.891919
vt 0.852601 0.891977
vt 0.852306 0.891357
vt 0.650448 0.725602
vt 0.650786 0.725250
vt 0.651113 0.725250
vt 0.651482 0.724958
vt 0.651770 0.725257
vt 0.652114 0.724918
vt 0.652436 0.724908
vt 0.654417 0.724572
vt 0.654740 0.724935
vt 0.655074 0.724577
vt 0.655404 0.724582
vt 0.655728 0.724949
vt 0.656068 0.724594
vt 0.656402 0.724601
vt 0.656716 0.724962
vt 0.665250 0.727256
vt 0.665596 0.726950
vt 0.666564 0.728001
vt 0.666889 0.728369
vt 0.667540 0.729106
vt 0.668818 0.731296
vt 0.669146 0.731304
vt 0.669765 0.732063
vt 0.670415 0.734946
vt 0.670727 0.735318
vt 0.670404 0.735671
vt 0.670729 0.736038
vt 0.671021 0.736419
vt 0.670720 0.736763
vt 0.671044 0.737131
vt 0.671038 0.737856
vt 0.671028 0.738581
vt 0.671003 0.740032
vt 0.671640 0.740044
vt 0.671654 0.740768
vt 0.671600 0.742934
vt 0.670963 0.742934
vt 0.670247 0.747633
vt 0.668899 0.749434
vt 0.668890 0.750155
vt 0.668882 0.750508
vt 0.667544 0.752318
vt 0.665544 0.753742
vt 0.665542 0.754088
vt 0.664558 0.754774
vt 0.663890 0.754445
vt 0.663229 0.755158
vt 0.662895 0.755513
vt 0.662563 0.755514
vt 0.662239 0.755856
vt 0.661905 0.755862
vt 0.661573 0.755860
vt 0.661251 0.756195
vt 0.660917 0.756201
vt 0.660578 0.755850
vt 0.660247 0.756203
vt 0.659581 0.756200
vt 0.659269 0.756527
vt 0.658922 0.756191
vt 0.658597 0.756538
vt 0.658262 0.756540
vt 0.657934 0.756177
vt 0.657277 0.756168
vt 0.653988 0.756484
vt 0.653660 0.756829
vt 0.652698 0.756767
vt 0.652009 0.756095
vt 0.651700 0.756436
vt 0.651384 0.756419
vt 0.651041 0.756078
vt 0.650766 0.756328
vt 0.650396 0.756063
vt 0.647471 0.755254
vt 0.648073 0.754591
vt 0.645453 0.754551
vt 0.958680 0.682647
vt 0.644677 0.753820
vt 0.958713 0.684082
vt 0.958706 0.685533
vt 0.645578 0.744399
vt 0.958669 0.694239
vt 0.645618 0.741497
vt 0.958656 0.697141
vt 0.645657 0.738595
vt 0.958643 0.700043
vt 0.645737 0.732792
vt 0.958618 0.705846
vt 0.645001 0.727759
vt 0.667688 0.752874
vt 0.668941 0.751861
vt 0.668956 0.752119
vt 0.668357 0.752633
vt 0.667765 0.753132
vt 0.236196 0.366274
vt 0.236662 0.366186
vt 0.236565 0.366671
vt 0.235958 0.367217
vt 0.236996 0.367128
vt 0.237590 0.366603
vt 0.238134 0.366100
vt 0.238640 0.366640
vt 0.839185 0.894529
vt 0.840822 0.891398
vt 0.318570 0.921084
vt 0.324333 0.879301
vt 0.683568 0.895892
vt 0.318116 0.902255
vt 0.418282 0.894022
vt 0.419874 0.891649
vt 0.418282 0.888994
vt 0.416689 0.891649
vt 0.414970 0.888994
vt 0.321239 0.902255
vt 0.322831 0.899600
vt 0.688192 0.895892
vt 0.683083 0.897110
vt 0.421191 0.894022
vt 0.422997 0.891649
vt 0.607093 0.055619
vt 0.833859 0.897479
vt 0.832625 0.897479
vt 0.423988 0.894022
vt 0.425940 0.891649
vt 0.691377 0.895892
vt 0.692694 0.898264
vt 0.609006 0.055078
vt 0.609369 0.055284
vt 0.609528 0.055941
vt 0.609358 0.056076
vt 0.426566 0.894022
vt 0.428587 0.891649
vt 0.322831 0.904627
vt 0.393066 0.966245
vt 0.312525 0.902255
vt 0.310830 0.899600
vt 0.693096 0.893237
vt 0.680759 0.895892
vt 0.680355 0.893237
vt 0.395377 0.968036
vt 0.315173 0.902255
vt 0.697443 0.898253
vt 0.697843 0.897110
vt 0.600867 0.623420
vt 0.317125 0.904627
vt 0.328575 0.896678
vt 0.509905 0.369302
vt 0.403212 0.951697
vt 0.403116 0.951613
vt 0.403023 0.951619
vt 0.509905 0.369758
vt 0.390691 0.947474
vt 0.407976 0.891649
vt 0.415372 0.894022
vt 0.413566 0.891649
vt 0.554242 0.833307
vt 0.866894 0.012435
vt 0.392193 0.961759
vt 0.391169 0.959467
vt 0.390611 0.957020
vt 0.331915 0.896534
vt 0.839530 0.900134
vt 0.838043 0.900134
vt 0.837133 0.898844
vt 0.603309 0.054669
vt 0.603223 0.054774
vt 0.603223 0.054603
vt 0.853201 0.892189
vt 0.853573 0.892977
vt 0.853343 0.893610
vt 0.853025 0.892794
vt 0.853657 0.894401
vt 0.846290 0.897479
vt 0.610018 0.055212
vt 0.319922 0.904627
vt 0.237143 0.366126
vt 0.333021 0.899456
vt 0.412575 0.894022
vt 0.836992 0.496071
vt 0.597792 0.470118
vt 0.601134 0.458594
vt 0.835425 0.504792
vt 0.688030 0.659881
vt 0.688197 0.662735
vt 0.835702 0.501920
vt 0.836211 0.499028
vt 0.838583 0.902506
vt 0.837579 0.901353
vt 0.405613 0.965498
vt 0.404922 0.968116
vt 0.402413 0.968185
vt 0.399939 0.967764
vt 0.329134 0.384966
vt 0.329601 0.384220
vt 0.329054 0.383507
vt 0.328626 0.384220
vt 0.393645 0.963807
vt 0.407370 0.967558
vt 0.328538 0.904627
vt 0.661586 0.756175
vt 0.600495 0.606471
vt 0.680448 0.897110
vt 0.600786 0.606944
vt 0.855535 0.899177
vt 0.855817 0.898844
vt 0.599504 0.603464
vt 0.323611 0.885130
vt 0.314546 0.904627
vt 0.397594 0.966868
vt 0.412109 0.962950
vt 0.396129 0.951824
vt 0.393653 0.951720
vt 0.390963 0.952036
vt 0.391859 0.949691
vt 0.409997 0.894022
vt 0.393196 0.947566
vt 0.599179 0.627833
vt 0.599174 0.627623
vt 0.599613 0.626770
vt 0.514522 0.373312
vt 0.109414 0.411857
vt 0.109151 0.411144
vt 0.553256 0.109006
vt 0.356262 0.865071
vt 0.549343 0.104995
vt 0.547048 0.103388
vt 0.544722 0.101825
vt 0.542158 0.100697
vt 0.542301 0.100363
vt 0.345675 0.416932
vt 0.867470 0.621232
vt 0.867470 0.616202
vt 0.555111 0.111141
vt 0.556312 0.113703
vt 0.356262 0.859914
vt 0.845836 0.877374
vt 0.601133 0.618295
vt 0.599702 0.603875
vt 0.599511 0.603481
vt 0.601222 0.619323
vt 0.601807 0.619252
vt 0.601595 0.619902
vt 0.666374 0.726404
vt 0.329933 0.900966
vt 0.339225 0.922185
vt 0.339596 0.922497
vt 0.339889 0.922556
vt 0.855304 0.898600
vt 0.855403 0.898930
vt 0.685739 0.899354
vt 0.235774 0.368215
vt 0.235361 0.367758
vt 0.667354 0.753239
vt 0.667208 0.753627
vt 0.667203 0.753395
vt 0.601091 0.624548
vt 0.600554 0.623893
vt 0.834081 0.902506
vt 0.393118 0.953676
vt 0.390542 0.954510
vt 0.334191 0.920419
vt 0.333957 0.920522
vt 0.413147 0.958626
vt 0.672381 0.738263
vt 0.671514 0.737206
vt 0.671504 0.736999
vt 0.853921 0.895719
vt 0.510186 0.369662
vt 0.510085 0.369751
vt 0.509991 0.369664
vt 0.509991 0.369574
vt 0.671590 0.734838
vt 0.413120 0.961578
vt 0.412071 0.960919
vt 0.395469 0.965532
vt 0.312287 0.904627
vt 0.391150 0.964037
vt 0.405858 0.963031
vt 0.407536 0.964855
vt 0.409661 0.966534
vt 0.329861 0.904627
vt 0.680376 0.897659
vt 0.679841 0.897110
vt 0.679479 0.895892
vt 0.601563 0.608178
vt 0.601195 0.607546
vt 0.600487 0.605805
vt 0.600152 0.604864
vt 0.600242 0.605382
vt 0.600209 0.605266
vt 0.670769 0.732162
vt 0.412617 0.964213
vt 0.411302 0.943377
vt 0.852682 0.901352
vt 0.667209 0.753905
vt 0.994718 0.358892
vt 0.608230 0.053173
vt 0.607842 0.052906
vt 0.607841 0.052381
vt 0.608615 0.051894
vt 0.609361 0.052433
vt 0.609368 0.052932
vt 0.609004 0.053180
vt 0.699708 0.897087
vt 0.428826 0.894022
vt 0.410721 0.965858
vt 0.995456 0.350260
vt 0.668667 0.728409
vt 0.669995 0.749936
vt 0.669455 0.750484
vt 0.669505 0.751057
vt 0.699122 0.897110
vt 0.601372 0.618748
vt 0.601271 0.622868
vt 0.696812 0.898260
vt 0.669504 0.751513
vt 0.668918 0.751576
vt 0.412366 0.944839
vt 0.687065 0.899354
vt 0.696280 0.898814
vt 0.601636 0.622235
vt 0.412977 0.959105
vt 0.671968 0.736846
vt 0.671390 0.736430
vt 0.356281 0.450755
vt 0.356281 0.455785
vt 0.356281 0.460193
vt 0.507161 0.110554
vt 0.509068 0.108464
vt 0.507461 0.110759
vt 0.505898 0.113085
vt 0.504770 0.115649
vt 0.503691 0.118235
vt 0.530194 0.865071
vt 0.502530 0.123717
vt 0.530194 0.859914
vt 0.502462 0.129320
vt 0.502105 0.126514
vt 0.671451 0.735893
vt 0.601266 0.616120
vt 0.696486 0.897110
vt 0.695491 0.898264
vt 0.670785 0.731699
vt 0.411925 0.966373
vt 0.632731 0.649659
vt 0.633791 0.647064
vt 0.635303 0.644704
vt 0.636848 0.642365
vt 0.631196 0.652120
vt 0.742095 0.253820
vt 0.630941 0.666211
vt 0.631913 0.668870
vt 0.530279 0.848857
vt 0.630752 0.663386
vt 0.530279 0.854440
vt 0.630684 0.657780
vt 0.530279 0.859916
vt 0.631710 0.652269
vt 0.550262 0.856408
vt 0.599550 0.626031
vt 0.343453 0.926507
vt 0.599932 0.626090
vt 0.598983 0.627685
vt 0.598975 0.627497
vt 0.599290 0.626986
vt 0.340591 0.923554
vt 0.851063 0.888025
vt 0.320825 0.949211
vt 0.320492 0.949176
vt 0.600367 0.623888
vt 0.667541 0.727346
vt 0.867470 0.593938
vt 0.867470 0.588908
vt 0.867470 0.584500
vt 0.554719 0.143181
vt 0.552812 0.145270
vt 0.554419 0.142975
vt 0.555982 0.140649
vt 0.558189 0.135499
vt 0.356262 0.838227
vt 0.559350 0.130017
vt 0.356262 0.843383
vt 0.559418 0.124414
vt 0.559775 0.127220
vt 0.671661 0.733866
vt 0.407296 0.962388
vt 0.409298 0.963850
vt 0.408580 0.961478
vt 0.410829 0.962521
vt 0.671654 0.734331
vt 0.684557 0.673405
vt 0.681499 0.678103
vt 0.679557 0.680124
vt 0.677584 0.682116
vt 0.675285 0.683718
vt 0.672962 0.685287
vt 0.120904 0.217652
vt 0.667809 0.687495
vt 0.670543 0.686759
vt 0.101518 0.809691
vt 0.960306 0.682692
vt 0.851884 0.890418
vt 0.851581 0.890227
vt 0.852351 0.891784
vt 0.851907 0.890839
vt 0.413520 0.959056
vt 0.672394 0.737292
vt 0.402939 0.951715
vt 0.509905 0.369484
vt 0.693170 0.899350
vt 0.601223 0.614270
vt 0.602329 0.616570
vt 0.601734 0.616844
vt 0.515513 0.369614
vt 0.515317 0.369876
vt 0.515120 0.369616
vt 0.515317 0.369484
vt 0.345736 0.935937
vt 0.671909 0.741294
vt 0.413595 0.954873
vt 0.413025 0.954665
vt 0.672307 0.741536
vt 0.671864 0.742624
vt 0.413486 0.953613
vt 0.672319 0.742794
vt 0.601321 0.608712
vt 0.412837 0.965422
vt 0.114891 0.408617
vt 0.114249 0.408617
vt 0.113998 0.409176
vt 0.114533 0.409803
vt 0.114243 0.410461
vt 0.114820 0.411144
vt 0.115125 0.410461
vt 0.115719 0.411144
vt 0.671899 0.746173
vt 0.844890 0.877487
vt 0.844146 0.878142
vt 0.334335 0.902149
vt 0.603403 0.053969
vt 0.603403 0.053881
vt 0.603613 0.053704
vt 0.603504 0.054055
vt 0.603613 0.054145
vt 0.510085 0.369928
vt 0.510535 0.369939
vt 0.510535 0.370298
vt 0.663982 0.725931
vt 0.329212 0.898184
vt 0.329326 0.899600
vt 0.666887 0.727733
vt 0.666571 0.727672
vt 0.603403 0.055451
vt 0.512379 0.369843
vt 0.511094 0.370748
vt 0.512379 0.370081
vt 0.601986 0.618591
vt 0.327400 0.950060
vt 0.327066 0.950047
vt 0.510085 0.370622
vt 0.412102 0.944035
vt 0.411856 0.944397
vt 0.411883 0.943783
vt 0.412569 0.960034
vt 0.515312 0.371641
vt 0.514920 0.371422
vt 0.333262 0.900118
vt 0.326339 0.380980
vt 0.111409 0.408617
vt 0.111777 0.408167
vt 0.399650 0.954012
vt 0.111120 0.408167
vt 0.603853 0.053073
vt 0.603403 0.053081
vt 0.603853 0.052713
vt 0.240265 0.370456
vt 0.510535 0.369121
vt 0.510535 0.368760
vt 0.848685 0.880263
vt 0.509905 0.371698
vt 0.510085 0.371784
vt 0.110205 0.408617
vt 0.407183 0.956071
vt 0.409428 0.955243
vt 0.409025 0.955114
vt 0.409016 0.954974
vt 0.409843 0.954910
vt 0.409853 0.955070
vt 0.410325 0.955218
vt 0.406165 0.958109
vt 0.603403 0.051137
vt 0.406636 0.957501
vt 0.112829 0.408617
vt 0.406587 0.953650
vt 0.406572 0.953446
vt 0.406723 0.953468
vt 0.406856 0.953724
vt 0.241769 0.369939
vt 0.241589 0.370857
vt 0.241241 0.370407
vt 0.412418 0.954487
vt 0.413562 0.954368
vt 0.649384 0.724867
vt 0.650326 0.724804
vt 0.650265 0.724819
vt 0.650521 0.725000
vt 0.328484 0.380980
vt 0.328773 0.380530
vt 0.404916 0.958994
vt 0.328116 0.380530
vt 0.607463 0.054494
vt 0.607277 0.054621
vt 0.607463 0.054882
vt 0.671610 0.738607
vt 0.568101 0.275453
vt 0.544487 0.473798
vt 0.110767 0.408617
vt 0.399994 0.953324
vt 0.110529 0.408167
vt 0.603403 0.054906
vt 0.603403 0.054742
vt 0.603403 0.054574
vt 0.112105 0.408617
vt 0.407031 0.955492
vt 0.805540 0.809874
vt 0.340271 0.923183
vt 0.340233 0.922862
vt 0.340140 0.922673
vt 0.603223 0.055347
vt 0.406623 0.953303
vt 0.113553 0.408617
vt 0.333491 0.900747
vt 0.610579 0.052486
vt 0.239567 0.365815
vt 0.239122 0.366200
vt 0.509905 0.371155
vt 0.404187 0.959238
vt 0.510085 0.370954
vt 0.318668 0.869129
vt 0.401553 0.952140
vt 0.329125 0.380980
vt 0.329364 0.380530
vt 0.405584 0.958613
vt 0.601366 0.620528
vt 0.510535 0.372109
vt 0.110273 0.409176
vt 0.234845 0.365948
vt 0.603853 0.051375
vt 0.604412 0.051538
vt 0.605039 0.056585
vt 0.511094 0.366929
vt 0.510535 0.366860
vt 0.604412 0.055992
vt 0.605697 0.056527
vt 0.606380 0.057115
vt 0.512379 0.366394
vt 0.400465 0.952716
vt 0.603613 0.053259
vt 0.510535 0.368064
vt 0.511094 0.368315
vt 0.111660 0.409176
vt 0.328119 0.384967
vt 0.406868 0.954322
vt 0.406978 0.954386
vt 0.599163 0.603344
vt 0.599292 0.602976
vt 0.599804 0.604079
vt 0.856094 0.900100
vt 0.599948 0.605480
vt 0.599087 0.603634
vt 0.603223 0.055108
vt 0.407066 0.954262
vt 0.603223 0.054428
vt 0.406810 0.954149
vt 0.113224 0.409176
vt 0.513062 0.365806
vt 0.667853 0.728813
vt 0.667869 0.729125
vt 0.333838 0.920319
vt 0.330538 0.893982
vt 0.330577 0.893960
vt 0.331846 0.919833
vt 0.323149 0.949390
vt 0.322817 0.949357
vt 0.509905 0.371316
vt 0.325073 0.383507
vt 0.325650 0.382824
vt 0.325360 0.382166
vt 0.325894 0.381539
vt 0.325643 0.380980
vt 0.510295 0.369751
vt 0.111415 0.410461
vt 0.111960 0.409803
vt 0.110930 0.409176
vt 0.111125 0.409803
vt 0.110533 0.410461
vt 0.110838 0.411144
vt 0.603223 0.053710
vt 0.512379 0.368070
vt 0.511721 0.368616
vt 0.511094 0.367585
vt 0.511721 0.367781
vt 0.512379 0.367188
vt 0.513062 0.367494
vt 0.852284 0.900134
vt 0.850333 0.902506
vt 0.664694 0.755737
vt 0.510535 0.367422
vt 0.603613 0.053437
vt 0.328963 0.381539
vt 0.787554 0.843322
vt 0.671270 0.736814
vt 0.670986 0.735715
vt 0.670614 0.733243
vt 0.413313 0.961065
vt 0.605697 0.052023
vt 0.605039 0.052568
vt 0.604412 0.052267
vt 0.605039 0.051733
vt 0.605697 0.051141
vt 0.606380 0.051446
vt 0.959909 0.710072
vt 0.959676 0.710203
vt 0.406990 0.954855
vt 0.329688 0.380980
vt 0.604412 0.050881
vt 0.407218 0.955015
vt 0.407178 0.954729
vt 0.240058 0.366413
vt 0.610360 0.050757
vt 0.696160 0.898264
vt 0.599855 0.603769
vt 0.855744 0.899700
vt 0.844626 0.903596
vt 0.844271 0.903060
vt 0.843917 0.903060
vt 0.843529 0.902506
vt 0.843874 0.901937
vt 0.844250 0.901937
vt 0.110154 0.415174
vt 0.110493 0.414733
vt 0.110858 0.414126
vt 0.239657 0.366780
vt 0.240778 0.367944
vt 0.511721 0.372633
vt 0.109739 0.410461
vt 0.109939 0.411144
vt 0.328064 0.386475
vt 0.328604 0.385739
vt 0.327584 0.385741
vt 0.112829 0.409803
vt 0.113306 0.410461
vt 0.113844 0.411144
vt 0.644105 0.754834
vt 0.326049 0.383507
vt 0.329360 0.382824
vt 0.329537 0.382166
vt 0.235702 0.370299
vt 0.513062 0.373163
vt 0.322831 0.890303
vt 0.322831 0.893519
vt 0.325319 0.890308
vt 0.324495 0.890305
vt 0.324391 0.886941
vt 0.324010 0.886037
vt 0.397804 0.943854
vt 0.396706 0.943141
vt 0.841359 0.902506
vt 0.398963 0.943370
vt 0.329026 0.386463
vt 0.329565 0.385736
vt 0.513062 0.366594
vt 0.277206 0.911569
vt 0.275224 0.912431
vt 0.274243 0.910630
vt 0.607839 0.050430
vt 0.607093 0.050899
vt 0.606380 0.050547
vt 0.607092 0.050022
vt 0.329954 0.383507
vt 0.110756 0.412607
vt 0.111266 0.411857
vt 0.110291 0.411857
vt 0.607840 0.051365
vt 0.607093 0.051874
vt 0.325501 0.384219
vt 0.326008 0.384965
vt 0.326536 0.384220
vt 0.605697 0.050347
vt 0.330742 0.383507
vt 0.327064 0.384967
vt 0.111772 0.412608
vt 0.112301 0.411857
vt 0.111814 0.411144
vt 0.112829 0.412608
vt 0.113357 0.411857
vt 0.112829 0.411144
vt 0.113886 0.412607
vt 0.114392 0.411857
vt 0.114901 0.412606
vt 0.115367 0.411857
vt 0.607844 0.057266
vt 0.513775 0.366069
vt 0.606380 0.052422
vt 0.514526 0.366475
vt 0.513775 0.366946
vt 0.115838 0.412606
vt 0.116244 0.411857
vt 0.116657 0.412605
vt 0.323385 0.383507
vt 0.412806 0.962052
vt 0.324526 0.384219
vt 0.324993 0.384964
vt 0.330070 0.384966
vt 0.330479 0.384220
vt 0.401394 0.952230
vt 0.330889 0.384965
vt 0.606380 0.049758
vt 0.344614 0.940981
vt 0.344505 0.941310
vt 0.835918 0.901353
vt 0.835289 0.901353
vt 0.834699 0.898844
vt 0.836900 0.901353
vt 0.836750 0.901937
vt 0.836430 0.901937
vt 0.651060 0.688212
vt 0.334287 0.949776
vt 0.240867 0.368933
vt 0.240353 0.369417
vt 0.240831 0.369935
vt 0.323235 0.384968
vt 0.116201 0.413379
vt 0.326543 0.385738
vt 0.114797 0.414120
vt 0.115336 0.413382
vt 0.114373 0.413386
vt 0.112307 0.413391
vt 0.609340 0.057053
vt 0.109001 0.412605
vt 0.515310 0.366977
vt 0.327063 0.386476
vt 0.326994 0.869129
vt 0.393539 0.944151
vt 0.392482 0.945164
vt 0.406281 0.888994
vt 0.603729 0.053527
vt 0.603729 0.053616
vt 0.330664 0.386425
vt 0.608603 0.050072
vt 0.607838 0.049611
vt 0.848138 0.888194
vt 0.846685 0.884936
vt 0.649179 0.756126
vt 0.845934 0.883152
vt 0.645332 0.755198
vt 0.648213 0.755840
vt 0.742095 0.242454
vt 0.630151 0.657734
vt 0.742373 0.251009
vt 0.609344 0.051470
vt 0.608610 0.050933
vt 0.516061 0.367520
vt 0.515314 0.367940
vt 0.514527 0.367412
vt 0.111284 0.413389
vt 0.112828 0.414139
vt 0.113350 0.413390
vt 0.113832 0.414135
vt 0.114268 0.414770
vt 0.249467 0.910327
vt 0.654803 0.724319
vt 0.326803 0.891991
vt 0.656781 0.724307
vt 0.655777 0.724303
vt 0.854326 0.895853
vt 0.854871 0.896036
vt 0.855393 0.897479
vt 0.842084 0.449279
vt 0.563963 0.425098
vt 0.650377 0.632464
vt 0.395801 0.948303
vt 0.396534 0.947601
vt 0.397663 0.948217
vt 0.398023 0.947948
vt 0.397879 0.947332
vt 0.398079 0.947201
vt 0.398586 0.947579
vt 0.398976 0.947356
vt 0.836211 0.516098
vt 0.323783 0.387301
vt 0.113313 0.414791
vt 0.113774 0.415341
vt 0.328062 0.950089
vt 0.599087 0.626809
vt 0.327547 0.387116
vt 0.327061 0.387673
vt 0.327534 0.388161
vt 0.241308 0.368489
vt 0.241678 0.368062
vt 0.672326 0.740270
vt 0.667220 0.752986
vt 0.665881 0.754043
vt 0.667552 0.752650
vt 0.406449 0.953414
vt 0.234681 0.369221
vt 0.234230 0.368739
vt 0.234783 0.368268
vt 0.603853 0.053710
vt 0.326577 0.387112
vt 0.238900 0.372540
vt 0.609996 0.051995
vt 0.846619 0.885692
vt 0.648995 0.756086
vt 0.846976 0.879062
vt 0.600606 0.622075
vt 0.241801 0.368996
vt 0.326591 0.388151
vt 0.241345 0.369452
vt 0.666278 0.754143
vt 0.324271 0.879183
vt 0.530279 0.843382
vt 0.742095 0.236989
vt 0.646004 0.685617
vt 0.643643 0.684106
vt 0.641305 0.682560
vt 0.639285 0.680617
vt 0.637293 0.678645
vt 0.635690 0.676345
vt 0.634122 0.674022
vt 0.401165 0.952380
vt 0.234516 0.366562
vt 0.668505 0.729876
vt 0.668507 0.730216
vt 0.669138 0.730964
vt 0.695128 0.863326
vt 0.696359 0.864097
vt 0.697653 0.865299
vt 0.600474 0.606553
vt 0.407140 0.954541
vt 0.407118 0.954447
vt 0.236815 0.369294
vt 0.647530 0.725084
vt 0.647582 0.725090
vt 0.236936 0.365905
vt 0.413414 0.957647
vt 0.671911 0.740763
vt 0.671879 0.740405
vt 0.356348 0.859916
vt 0.686435 0.651599
vt 0.835425 0.515940
vt 0.669749 0.633792
vt 0.672344 0.634852
vt 0.674705 0.636363
vt 0.677043 0.637909
vt 0.679063 0.639852
vt 0.681055 0.641824
vt 0.682658 0.644124
vt 0.684226 0.646447
vt 0.234328 0.370595
vt 0.234718 0.370178
vt 0.234203 0.369672
vt 0.847904 0.888206
vt 0.848013 0.891398
vt 0.109542 0.414967
vt 0.238370 0.373067
vt 0.844626 0.867008
vt 0.426649 0.859854
vt 0.693948 0.862766
vt 0.696976 0.863326
vt 0.126691 0.198835
vt 0.850788 0.894768
vt 0.660944 0.756449
vt 0.661940 0.756241
vt 0.665999 0.754768
vt 0.659330 0.756833
vt 0.681417 0.864097
vt 0.406691 0.943061
vt 0.407886 0.943451
vt 0.408923 0.942652
vt 0.850719 0.887166
vt 0.850947 0.887784
vt 0.659270 0.723957
vt 0.836758 0.869541
vt 0.836259 0.868339
vt 0.411090 0.859083
vt 0.213753 0.226410
vt 0.840463 0.867008
vt 0.414991 0.859083
vt 0.414118 0.858523
vt 0.651884 0.724730
vt 0.996099 0.080056
vt 0.356281 0.423461
vt 0.356281 0.428491
vt 0.506768 0.142593
vt 0.505568 0.140032
vt 0.530194 0.843383
vt 0.508624 0.144728
vt 0.530194 0.838227
vt 0.512537 0.148739
vt 0.514832 0.150346
vt 0.517158 0.151909
vt 0.519579 0.153372
vt 0.447489 0.330805
vt 0.852081 0.891568
vt 0.705550 0.259231
vt 0.120861 0.231471
vt 0.659523 0.688711
vt 0.536152 0.154859
vt 0.120904 0.223128
vt 0.447079 0.301758
vt 0.447489 0.304560
vt 0.447489 0.299103
vt 0.120861 0.210108
vt 0.550825 0.147246
vt 0.356348 0.854440
vt 0.687596 0.657083
vt 0.356348 0.848857
vt 0.687664 0.662689
vt 0.356348 0.843382
vt 0.686638 0.668200
vt 0.685616 0.670810
vt 0.687152 0.668349
vt 0.835425 0.499109
vt 0.447079 0.307373
vt 0.447489 0.310235
vt 0.356305 0.840758
vt 0.687171 0.665448
vt 0.356305 0.846097
vt 0.559411 0.127216
vt 0.447079 0.291710
vt 0.447489 0.294073
vt 0.556425 0.140893
vt 0.356305 0.851649
vt 0.687035 0.654337
vt 0.356305 0.857201
vt 0.557377 0.116294
vt 0.687651 0.659886
vt 0.356305 0.862540
vt 0.356305 0.867460
vt 0.551319 0.106982
vt 0.638791 0.640345
vt 0.640764 0.638353
vt 0.643063 0.636751
vt 0.645386 0.635182
vt 0.869658 0.556596
vt 0.839667 0.454428
vt 0.685349 0.649015
vt 0.356305 0.871772
vt 0.869615 0.532518
vt 0.867061 0.613547
vt 0.867470 0.610745
vt 0.869615 0.537438
vt 0.664387 0.632237
vt 0.869615 0.542777
vt 0.531289 0.098396
vt 0.867061 0.623595
vt 0.544966 0.101382
vt 0.869615 0.548329
vt 0.653276 0.632373
vt 0.869615 0.553881
vt 0.520367 0.100430
vt 0.345675 0.421340
vt 0.658825 0.631758
vt 0.869615 0.559220
vt 0.869615 0.564140
vt 0.511055 0.106488
vt 0.647954 0.634059
vt 0.869615 0.568453
vt 0.530236 0.867460
vt 0.530236 0.862540
vt 0.631176 0.655021
vt 0.530236 0.857201
vt 0.502469 0.126518
vt 0.345266 0.456027
vt 0.345675 0.453663
vt 0.505455 0.112841
vt 0.530236 0.851649
vt 0.631313 0.666132
vt 0.530236 0.846097
vt 0.504503 0.137440
vt 0.630697 0.660583
vt 0.530236 0.840758
vt 0.530236 0.835838
vt 0.510561 0.146752
vt 0.632998 0.671454
vt 0.530236 0.831525
vt 0.120861 0.241730
vt 0.519722 0.153037
vt 0.355871 0.431146
vt 0.356281 0.433948
vt 0.120904 0.228711
vt 0.662325 0.688656
vt 0.120818 0.223128
vt 0.538902 0.154320
vt 0.355871 0.421098
vt 0.516914 0.152352
vt 0.660607 0.756476
vt 0.648599 0.686677
vt 0.355871 0.458148
vt 0.345675 0.458072
vt 0.502948 0.132079
vt 0.355871 0.448100
vt 0.356281 0.445298
vt 0.507073 0.142395
vt 0.530194 0.854440
vt 0.503487 0.134829
vt 0.530194 0.848858
vt 0.356281 0.439623
vt 0.355871 0.436761
vt 0.120861 0.246043
vt 0.120861 0.236810
vt 0.525043 0.154723
vt 0.356305 0.831525
vt 0.849635 0.885267
vt 0.653961 0.688232
vt 0.530591 0.155338
vt 0.522308 0.154116
vt 0.120818 0.239341
vt 0.527790 0.155277
vt 0.120818 0.234185
vt 0.533393 0.155345
vt 0.536219 0.155217
vt 0.447489 0.315910
vt 0.447489 0.321367
vt 0.447489 0.326397
vt 0.447079 0.328760
vt 0.356281 0.419053
vt 0.551079 0.147506
vt 0.558796 0.132764
vt 0.447079 0.318711
vt 0.867061 0.586545
vt 0.447489 0.289665
vt 0.558932 0.121655
vt 0.102304 0.799948
vt 0.867061 0.596594
vt 0.867470 0.599395
vt 0.554807 0.111340
vt 0.867470 0.605070
vt 0.356262 0.848858
vt 0.558393 0.118905
vt 0.356262 0.854440
vt 0.867061 0.607932
vt 0.869615 0.528206
vt 0.536837 0.099011
vt 0.345266 0.418977
vt 0.867470 0.625640
vt 0.525728 0.098875
vt 0.345266 0.429025
vt 0.515412 0.103000
vt 0.345266 0.440364
vt 0.345675 0.443177
vt 0.530236 0.871772
vt 0.869572 0.556594
vt 0.513079 0.104551
vt 0.869572 0.561751
vt 0.345675 0.448634
vt 0.345266 0.451267
vt 0.503084 0.120971
vt 0.656720 0.688725
vt 0.120904 0.234186
vt 0.548801 0.149183
vt 0.120818 0.212497
vt 0.120818 0.217654
vt 0.544104 0.152239
vt 0.995450 0.359087
vt 0.120818 0.228710
vt 0.651209 0.687699
vt 0.866426 0.593889
vt 0.865627 0.591317
vt 0.866426 0.588838
vt 0.446445 0.310235
vt 0.445646 0.313095
vt 0.446445 0.315935
vt 0.344631 0.443202
vt 0.344631 0.448683
vt 0.343832 0.445971
vt 0.445646 0.318704
vt 0.446445 0.321416
vt 0.865627 0.586561
vt 0.445646 0.291726
vt 0.446445 0.294003
vt 0.343832 0.440362
vt 0.344631 0.437502
vt 0.445646 0.323989
vt 0.446445 0.326467
vt 0.446445 0.299054
vt 0.445646 0.296481
vt 0.344631 0.431802
vt 0.343832 0.434642
vt 0.331022 0.904562
vt 0.330791 0.903422
vt 0.445646 0.301765
vt 0.343832 0.429032
vt 0.344631 0.426321
vt 0.445646 0.328744
vt 0.354438 0.421114
vt 0.355237 0.423391
vt 0.344631 0.421270
vt 0.343832 0.423748
vt 0.655742 0.451116
vt 0.353770 0.439623
vt 0.650906 0.453777
vt 0.353770 0.433986
vt 0.646683 0.457330
vt 0.353770 0.428566
vt 0.643234 0.461640
vt 0.353770 0.423570
vt 0.640692 0.466539
vt 0.639084 0.468946
vt 0.639154 0.471840
vt 0.444978 0.326288
vt 0.638680 0.477339
vt 0.444978 0.321292
vt 0.639289 0.482825
vt 0.444978 0.315872
vt 0.640956 0.488087
vt 0.444978 0.310235
vt 0.647170 0.497146
vt 0.444978 0.299178
vt 0.651480 0.500595
vt 0.444978 0.294182
vt 0.656379 0.503137
vt 0.658786 0.504745
vt 0.661680 0.504675
vt 0.864959 0.589017
vt 0.667179 0.505148
vt 0.864959 0.594013
vt 0.672665 0.504540
vt 0.864959 0.599433
vt 0.677927 0.502873
vt 0.864959 0.605070
vt 0.682763 0.500212
vt 0.864959 0.610707
vt 0.686986 0.496658
vt 0.864959 0.616127
vt 0.690435 0.492349
vt 0.864959 0.621123
vt 0.692977 0.487450
vt 0.694585 0.485043
vt 0.694515 0.482149
vt 0.343164 0.421449
vt 0.694988 0.476649
vt 0.343164 0.426445
vt 0.694380 0.471164
vt 0.343164 0.431865
vt 0.692713 0.465902
vt 0.343164 0.437502
vt 0.690052 0.461066
vt 0.343164 0.443139
vt 0.686498 0.456843
vt 0.343164 0.448559
vt 0.682189 0.453394
vt 0.343164 0.453555
vt 0.677290 0.450852
vt 0.674883 0.449244
vt 0.671989 0.449314
vt 0.353770 0.455676
vt 0.666489 0.448840
vt 0.353770 0.450680
vt 0.661004 0.449449
vt 0.353770 0.445260
vt 0.355237 0.428442
vt 0.354438 0.425869
vt 0.354438 0.431154
vt 0.354438 0.436763
vt 0.355237 0.439623
vt 0.343832 0.418993
vt 0.865627 0.623579
vt 0.866426 0.621302
vt 0.344631 0.453734
vt 0.343832 0.451256
vt 0.866426 0.616251
vt 0.865627 0.618824
vt 0.354438 0.442483
vt 0.355237 0.445323
vt 0.865627 0.613540
vt 0.865627 0.607930
vt 0.866426 0.605070
vt 0.576586 0.199514
vt 0.354438 0.448092
vt 0.355237 0.450804
vt 0.510411 0.369574
vt 0.510411 0.369664
vt 0.354438 0.453377
vt 0.355237 0.455855
vt 0.865627 0.602210
vt 0.866426 0.599370
vt 0.338569 0.948093
vt 0.354438 0.458132
vt 0.343832 0.456011
vt 0.865627 0.596601
vt 0.347777 0.899145
vt 0.348115 0.897650
vt 0.363655 0.892728
vt 0.362144 0.892987
vt 0.639289 0.485720
vt 0.638116 0.480179
vt 0.638047 0.474515
vt 0.641187 0.463687
vt 0.644276 0.458939
vt 0.648232 0.454885
vt 0.652903 0.451681
vt 0.658109 0.449449
vt 0.663650 0.448276
vt 0.669314 0.448207
vt 0.680142 0.451347
vt 0.684890 0.454436
vt 0.688944 0.458392
vt 0.692148 0.463063
vt 0.694380 0.468269
vt 0.695553 0.473810
vt 0.695622 0.479474
vt 0.332054 0.873555
vt 0.692482 0.490302
vt 0.689393 0.495050
vt 0.685437 0.499104
vt 0.680766 0.502308
vt 0.675560 0.504540
vt 0.670019 0.505713
vt 0.664355 0.505782
vt 0.653527 0.502642
vt 0.648779 0.499553
vt 0.644725 0.495597
vt 0.995547 0.241195
vt 0.960581 0.682706
vt 0.369014 0.918042
vt 0.369637 0.916642
vt 0.371169 0.898859
vt 0.851055 0.888523
vt 0.850736 0.888282
vt 0.850617 0.887947
vt 0.850691 0.887518
vt 0.850379 0.887277
vt 0.850254 0.886944
vt 0.850303 0.886516
vt 0.849995 0.886282
vt 0.849867 0.885948
vt 0.854485 0.897015
vt 0.853148 0.894201
vt 0.853453 0.894346
vt 0.335897 0.949441
vt 0.236530 0.365514
vt 0.236871 0.365437
vt 0.609943 0.051102
vt 0.395249 0.943423
vt 0.395253 0.944042
vt 0.835166 0.902506
vt 0.567106 0.425390
vt 0.842084 0.437280
vt 0.413614 0.955634
vt 0.672311 0.741030
vt 0.672316 0.742293
vt 0.672315 0.743042
vt 0.127093 0.197724
vt 0.669910 0.748706
vt 0.407737 0.894022
vt 0.397329 0.945496
vt 0.396755 0.945125
vt 0.101518 0.826522
vt 0.644255 0.754856
vt 0.646732 0.725306
vt 0.994971 0.241332
vt 0.600258 0.605443
vt 0.995167 0.385477
vt 0.600512 0.605270
vt 0.601150 0.615928
vt 0.601027 0.618447
vt 0.601037 0.618102
vt 0.669110 0.730312
vt 0.669048 0.730006
vt 0.668805 0.729935
vt 0.668128 0.728911
vt 0.330441 0.902242
vt 0.786634 0.847459
vt 0.331957 0.950127
vt 0.850993 0.888946
vt 0.851327 0.889173
vt 0.354345 0.919879
vt 0.318856 0.921506
vt 0.402929 0.941479
vt 0.845143 0.881344
vt 0.669575 0.749068
vt 0.854197 0.896367
vt 0.337910 0.948440
vt 0.272275 0.896598
vt 0.272237 0.894436
vt 0.851422 0.889917
vt 0.851269 0.889600
vt 0.853494 0.894770
vt 0.853872 0.895300
vt 0.318647 0.921149
vt 0.599159 0.602815
vt 0.855009 0.898361
vt 0.854825 0.898094
vt 0.854557 0.897424
vt 0.854276 0.896769
vt 0.853986 0.896129
vt 0.342215 0.945261
vt 0.994718 0.240829
vt 0.276151 0.904067
vt 0.277896 0.905343
vt 0.343497 0.926855
vt 0.958672 0.682477
vt 0.959068 0.710251
vt 0.960813 0.682732
vt 0.844005 0.878245
vt 0.240822 0.365869
vt 0.609321 0.050589
vt 0.958609 0.710111
vt 0.681517 0.898239
vt 0.603223 0.054162
vt 0.338157 0.948367
vt 0.336852 0.949056
vt 0.345615 0.936650
vt 0.852789 0.892726
vt 0.852521 0.892527
vt 0.852371 0.892209
vt 0.852814 0.893164
vt 0.960678 0.682692
vt 0.338751 0.921676
vt 0.338853 0.921876
vt 0.332940 0.899851
vt 0.333173 0.900520
vt 0.333296 0.900772
vt 0.995787 0.240829
vt 0.601063 0.619464
vt 0.600895 0.619194
vt 0.409914 0.859854
vt 0.663568 0.755429
vt 0.412788 0.946239
vt 0.412505 0.946592
vt 0.960313 0.682654
vt 0.958569 0.710569
vt 0.322915 0.879927
vt 0.330212 0.382166
vt 0.599876 0.605797
vt 0.959739 0.710336
vt 0.344692 0.929794
vt 0.341514 0.945964
vt 0.115453 0.408617
vt 0.856903 0.891398
vt 0.690468 0.899354
vt 0.323660 0.879219
vt 0.333382 0.920254
vt 0.600819 0.611222
vt 0.323453 0.386445
vt 0.324172 0.885232
vt 0.656155 0.724037
vt 0.682121 0.898260
vt 0.603853 0.050812
s 1
usemtl Black_Player.001
f 1251/1/1 4024/2/2 1225/3/3 3957/4/4 1250/5/5 4020/6/6 1267/7/7 4037/8/8 1292/9/9 4100/10/10 1268/11/11 4041/12/12
f 1645/13/13 2254/14/14 1586/15/15
f 15/16/16 2274/17/17 1631/18/18 14/19/19 31/20/20 2320/21/21
f 4448/22/22 1586/23/15 2254/14/14 1/24/23 2332/25/24 20/26/25 2322/27/26 2/28/27
f 2256/29/28 2722/30/29 1872/31/30
f 1636/32/31 2257/33/32 1639/34/33 4436/35/34
f 1624/36/35 2266/37/36 1625/38/37
f 2301/39/38 1613/40/39 1610/41/40 2291/42/41 9/43/42 2333/44/43 2328/45/44 28/46/45 2335/47/46 10/48/47
f 2714/49/48 2267/50/49 1873/51/50
f 2267/50/49 2715/52/51 1873/51/50
f 2279/53/52 1632/54/53 2274/17/17 15/16/16 2320/21/21 32/55/54 16/56/55
f 1211/57/56 3907/58/57 2098/59/58 3947/60/59 3951/61/60
f 2183/62/61 1395/63/62 4231/64/63 1352/65/64 2184/66/65
f 3571/67/66 1961/68/66 3549/69/67 1405/70/68 3562/71/69 1093/72/70 1965/73/71 3573/74/72 3575/75/73 3577/76/74 1094/77/75 3600/78/76 3601/79/77
f 1602/80/78 2271/81/79 1605/82/80
f 2291/42/41 1609/83/81 2285/84/82 8/85/83 2327/86/84 27/87/85 2333/44/43 9/43/42
f 1932/88/86 1979/89/87 2272/90/88
f 1631/18/18 2274/17/17 1632/54/53
f 1590/91/89 1587/92/90 4448/22/22 2/28/27 2322/27/26 2336/93/91 21/94/92 3/95/93 2300/96/94
f 2562/97/95 1814/98/96 2306/99/97 2305/100/98 2307/101/99 2205/102/100 2414/103/101 1891/104/102 4628/105/103 3621/106/104 1999/107/105 3633/108/106 1966/109/107 3601/79/77 3600/78/76 1978/110/108 3593/111/109 1955/112/110 4607/113/111 1802/114/112 4608/115/113 1936/116/114 1835/117/115 2640/118/116 2238/119/117 2130/120/118 2230/121/119 1836/122/120 1819/123/121 2859/124/122 1948/125/123 2408/126/124 2882/127/125 1818/128/126 2643/129/127 1879/130/128 2202/131/129 2407/132/130 1890/133/131
f 2321/134/132 24/135/132 2372/136/132 40/137/133 2399/138/134 2377/139/135 41/140/136 2348/141/137 25/142/138 6/143/139 1602/80/78 4429/144/140 1599/145/141 2275/146/132 5/147/132
f 1614/148/142 2276/149/143 1617/150/144
f 2984/151/145 510/152/146 2974/153/147 529/154/148 3008/155/149 3024/156/150 553/157/151 3011/158/152 530/159/153 2976/160/154 511/161/145
f 1632/54/53 2279/53/52 1635/162/155
f 1612/163/156 1611/164/157 4431/165/158 1682/166/159 4461/167/160 1686/168/161 4507/169/162 1688/170/163 4463/171/164 1692/172/165 4509/173/166 1694/174/167 4446/175/168 1615/176/169
f 1606/177/170 2285/84/82 1609/83/81
f 2487/178/171 1912/179/172 2215/180/173 1902/181/174
f 17/182/175 2257/33/32 1636/32/31 1635/162/155 2279/53/52 16/56/55 33/183/176 2334/184/177
f 1591/185/178 1594/186/179 4428/187/180
f 2254/14/14 1645/13/13 2309/188/181 19/189/182 2317/190/183 2332/25/24 1/24/23
f 1609/83/81 2291/42/41 1610/191/40 4445/192/184
f 1594/186/179 2292/193/185 1595/194/186
f 2337/195/187 34/196/188 2342/197/189 53/198/190 2389/199/191 54/200/192 2369/201/193 35/202/194
f 2366/203/195 47/204/196 2390/205/197 2406/206/198 48/207/199 2368/208/200 30/209/201 12/210/202 1624/36/35 4433/211/203 1621/212/204 2293/213/205 2331/214/206
f 2298/215/207 1639/34/33 2257/33/32 17/182/175 2334/184/177 2326/216/208 18/217/209
f 1799/218/210 4596/219/211 1743/220/212 4595/221/213
f 1846/222/214 2565/223/215 1889/224/216 2879/225/217 1918/226/218 2324/227/219 2131/228/220 1946/229/221 1838/230/222 492/231/223 1822/232/224 2613/233/225 2201/234/226 2339/235/227 2614/236/228 1839/237/229 2800/238/230 1823/239/231 2799/240/232 2232/241/233 2803/242/234 1864/243/235 2802/244/236 1827/245/237 2315/246/238 2314/247/239 2316/248/240 2204/249/241 2311/250/242 1878/251/243 2189/252/244 1917/253/245 2242/254/246 2788/255/247 1801/256/248 2789/257/249 2240/258/250 2190/259/251 1913/260/252 1921/261/253 1824/262/254 2137/263/255 1945/264/256 2394/265/257 2395/266/258 2608/267/259 1845/268/260 2199/269/261 1943/270/262 2609/271/263 1884/272/264 2343/273/265 2157/274/266 2655/275/267 1810/276/268 2856/277/269 1960/278/270 2417/279/271 2558/280/272 1848/281/273 1800/282/274 1834/283/275 2246/284/276 2656/285/277 2660/286/278 1877/287/279 2658/288/280 2891/289/281 2466/290/282 2078/291/283 2228/292/284 1924/293/285 2346/294/286 2603/295/287 2604/296/288 1886/297/289 4678/298/290 1811/299/291 2665/300/292 1916/301/293 2664/302/294 2296/303/295 2101/304/296 2207/305/297 2297/306/298 1876/307/299 1269/308/300 2536/309/301 1859/310/302 2779/311/303 2823/312/304 2247/313/305 1816/314/306 1893/315/306 1850/316/307 2667/317/308 1963/318/309 2229/319/310 1860/320/311 2785/321/311 1934/322/311 2303/323/311 2302/324/311 2206/325/311 2651/326/311 1817/327/312 2244/328/313 2308/329/314 1954/330/315 2307/101/99 2304/331/316 1814/332/96 2881/333/317 1890/334/131 2564/335/318 1947/336/319 2860/337/320 1820/338/321 2643/129/127 747/339/322 2882/127/125 2408/126/124 2203/340/323 2129/341/324 1819/123/121 1836/122/120 1867/342/325 2792/343/326 2230/121/119 2239/344/327 2238/119/117 2640/345/116 1880/346/328 2641/347/329 2642/348/330 1881/349/330 2318/350/331 2639/351/332 1910/352/333 2094/353/334 1928/354/335 2146/355/336 2634/356/337 1882/357/338 2862/358/339
f 4659/359/340 1849/360/341 4660/361/342
f 4659/359/340 4660/361/342 3782/362/343
f 2545/363/344 2717/364/345 2718/365/346
f 1639/34/33 2298/215/207 1640/366/347
f 2276/149/143 1614/148/142 2301/39/38 10/48/47 2335/47/46 2330/367/348 11/368/349
f 2266/37/36 1624/36/35 12/210/202 30/209/201 13/369/350
f 3998/370/351 4001/371/352 4005/372/353 4008/373/354 4004/374/355 4000/375/356
f 1590/91/89 2300/96/94 1591/185/178
f 1613/40/39 2301/39/38 1614/376/142
f 1642/377/357 2309/188/181 1645/378/13
f 2860/337/320 1947/336/319 2407/379/130 2202/131/129 1879/130/128
f 2343/273/265 2870/380/358 1929/381/359 2299/382/360 2157/274/266
f 1359/383/361 4191/384/362 1360/385/362 4182/386/363 1342/387/364 4152/388/365 1341/389/366 4113/390/367 4180/391/368
f 3954/392/369 3950/393/369 3946/394/370 3943/395/371 2110/396/372 4056/397/373 4057/398/374 4034/399/375 2104/400/376 3967/401/377 2122/402/378
f 87/403/379 2437/404/380 55/405/381 2453/406/382
f 214/407/383 2591/408/384 182/409/385 2617/410/386
f 2111/411/387 3975/412/388 3979/413/389 3904/414/390 2081/415/391 3915/416/392
f 3694/417/393 3636/418/394 1079/419/395 3566/420/396 1999/107/105 3621/106/104 3622/421/397
f 2299/382/360 2654/422/398 2077/423/399 1810/276/268 2655/275/267
f 1919/424/400 2324/227/219 1918/226/218
f 4138/425/401 4153/426/402 2148/427/403 4107/428/404 4097/429/405
f 2340/430/406 3605/431/407 2868/432/408 1839/237/229 2339/235/227 2201/234/226 2613/233/225 1883/433/409
f 84/434/410 2389/199/191 53/198/190 2403/435/411
f 1265/436/412 4025/437/413 1247/438/414 3959/439/415 1246/440/416 4023/441/417 1264/442/418 4040/443/419 1288/444/420 4102/445/421 1289/446/422 4045/447/423
f 58/448/424 2391/449/425 2404/450/426
f 2332/25/24 2317/190/183 35/451/194 2369/201/193 54/200/192 2393/452/427 2381/453/428 36/454/429 2341/455/430 20/26/25
f 3561/456/431 3646/457/432 1107/458/433 1996/459/434 3552/460/435 1410/461/436
f 2343/273/265 1884/272/264 2870/380/358
f 2608/267/259 2344/462/437 1885/463/438
f 69/464/439 2384/465/440 44/466/441 2410/467/442
f 151/468/443 2519/469/444 120/470/445 2483/471/446
f 77/472/447 2396/473/448 49/474/449 2411/475/450
f 61/476/451 2374/477/452 39/478/453 2397/479/454
f 2857/480/455 2657/481/456 1877/482/279
f 62/483/457 2399/138/134 40/137/133 2374/477/452
f 70/484/458 2375/485/459 45/486/460 2384/465/440
f 1535/487/461 3059/488/462 1540/489/463 3022/490/464 542/491/465 557/492/466
f 71/493/467 2386/494/468 2375/485/459
f 78/495/469 2376/496/470 2396/473/448
f 79/497/471 2398/498/472 50/499/473 2376/496/470
f 63/500/474 2377/139/135 2399/138/134
f 64/501/475 2402/502/476 41/140/136 2377/139/135
f 72/503/477 2378/504/478 46/505/479 2386/494/468
f 2371/506/480 32/55/54 2320/21/21 31/507/20 2347/508/481 50/499/473 2398/498/472 51/509/482
f 73/510/483 2390/205/197 47/204/196 2378/504/478
f 80/511/484 2379/512/485 51/509/482 2398/498/472
f 81/513/486 2400/514/487 2379/512/485
f 65/515/488 2380/516/489 2402/502/476
f 66/517/490 2405/518/491 42/519/492 2380/516/489
f 92/520/493 2428/521/494 60/522/495 2443/523/496
f 75/524/497 2392/525/498 48/526/199 2406/206/198
f 2327/86/84 26/527/499 2353/528/500 42/519/492 2405/518/491 43/529/501 2354/530/502 27/87/85
f 86/531/503 2381/453/428 2393/452/427
f 55/405/381 2401/532/504 36/454/429 2381/453/428
f 68/533/505 2410/467/442 2382/534/506
f 83/535/507 2403/435/411 2383/536/508
f 2336/93/91 2322/27/26 20/537/25 2341/455/430 36/454/429 2401/532/504 2385/538/509 37/539/510 2345/540/511 21/94/92
f 57/541/512 2404/450/426 37/542/510 2385/538/509
f 85/543/513 2393/452/427 54/200/192 2389/199/191
f 74/544/514 2406/206/198 2390/205/197
f 59/545/515 2409/546/516 38/547/517 2391/449/425
f 2328/45/44 2333/44/43 27/87/85 2354/530/502 43/548/501 2382/534/506 2410/467/442 44/466/441 2355/549/518 28/46/45
f 76/550/519 2411/475/450 2392/525/498
f 3/95/93 21/94/92 2345/540/511 37/542/510 2404/450/426 2391/449/425 38/551/517 2367/552/520 22/553/520 2338/554/521
f 2323/555/522 25/142/138 2348/141/137 41/140/136 2402/502/476 2380/516/489 42/556/492 2353/528/500 26/527/499
f 2509/557/523 2510/558/524 2146/355/336 1928/559/335 2493/560/525 2492/561/526 1923/562/527 2494/563/528 1900/564/529 2503/565/530 1907/566/531 2491/567/171 1898/568/172 2505/569/171 1911/570/172 2490/571/171 1901/572/172 2506/573/171 1908/574/172 2489/575/171 1899/576/172 2507/577/171 1912/578/172 2487/178/171 1902/181/174 1927/579/532 2508/580/533
f 4236/581/534 1385/582/535 4235/583/536 1355/584/537 4186/585/538 1335/586/539 4195/587/540 1354/588/541
f 60/522/495 2397/479/454 2409/546/516
f 4688/589/542 4689/590/543 4687/591/544
f 96/592/545 2438/593/546 64/501/475 2449/594/547
f 2374/477/452 61/476/451 2446/595/548 62/483/457
f 105/596/549 2422/597/550 73/510/483 2450/598/551
f 2375/485/459 70/484/458 2447/599/552 71/493/467
f 113/600/553 2434/601/554 81/513/486 2451/602/555
f 2376/496/470 78/495/469 2448/603/556 79/497/471
f 98/604/557 2441/605/558 66/606/490 2452/607/559
f 2377/139/135 63/500/474 2449/594/547 64/501/475
f 2483/471/446 119/608/560 2515/609/561
f 107/610/562 2424/611/563 75/524/497 2442/612/564
f 2378/504/478 72/503/477 2450/613/551 73/510/483
f 2379/512/485 80/511/484 2451/614/555 81/513/486
f 99/615/565 2415/616/566 67/617/567 2441/605/558
f 2380/516/489 65/515/488 2452/607/559 66/606/490
f 100/618/568 2444/619/569 68/533/505 2415/620/566
f 114/621/570 2416/622/571 82/623/572 2434/601/554
f 2381/453/428 86/531/503 2453/406/382 55/405/381
f 115/624/573 2439/625/574 83/535/507 2416/622/571
f 101/626/575 2418/627/576 69/464/439 2444/619/569
f 2382/534/506 67/617/567 2415/616/566 68/533/505
f 102/628/577 2447/599/552 70/484/458 2418/627/576
f 88/629/578 2419/630/579 56/631/580 2437/404/380
f 2383/536/508 82/632/572 2416/622/571 83/535/507
f 89/633/581 2440/634/582 57/541/512 2419/635/579
f 103/636/583 2420/637/584 71/493/467 2447/599/552
f 2384/465/440 69/464/439 2418/627/576 70/484/458
f 104/638/585 2450/613/551 72/503/477 2420/637/584
f 2385/538/509 56/631/580 2419/630/579 57/541/512
f 117/639/586 2425/640/587 85/543/513 2421/641/588
f 2386/494/468 71/493/467 2420/637/584 72/503/477
f 106/642/589 2442/612/564 74/643/514 2422/597/550
f 2389/199/191 84/434/410 2421/641/588 85/543/513
f 91/644/590 2443/645/496 59/545/515 2423/646/591
f 2390/205/197 73/510/483 2422/597/550 74/643/514
f 108/647/592 2445/648/593 76/550/519 2424/649/563
f 2391/449/425 58/448/424 2423/646/591 59/545/515
f 118/650/594 2453/406/382 86/531/503 2425/640/587
f 109/651/595 2427/652/596 77/472/447 2445/648/593
f 2392/525/498 75/524/497 2424/611/563 76/550/519
f 110/653/597 2448/603/556 78/495/469 2427/652/596
f 2393/452/427 85/543/513 2425/640/587 86/531/503
f 93/654/598 2446/595/548 61/476/451 2428/521/494
f 2396/473/448 77/472/447 2427/652/596 78/495/469
f 112/655/599 2451/614/555 80/511/484 2432/656/600
f 2397/479/454 60/522/495 2428/521/494 61/476/451
f 95/657/601 2449/594/547 63/500/474 2433/658/602
f 2398/498/472 79/497/471 2432/656/600 80/511/484
f 2399/138/134 62/483/457 2433/658/602 63/500/474
f 97/659/603 2452/607/559 65/515/488 2438/660/546
f 2400/514/487 81/513/486 2434/601/554 82/623/572
f 2401/532/504 55/405/381 2437/404/380 56/631/580
f 2402/502/476 64/501/475 2438/593/546 65/515/488
f 2403/435/411 83/535/507 2439/625/574 84/434/410
f 2404/450/426 57/541/512 2440/634/582 58/661/424
f 2405/518/491 66/517/490 2441/605/558 67/617/567
f 2406/206/198 74/544/514 2442/612/564 75/524/497
f 2272/90/88 2703/662/604 4635/663/605 3668/664/606 3669/665/607 1990/666/608 4633/667/609 2847/668/610 4632/669/611 2704/670/611 2846/671/612 4631/672/613 2705/673/614 1932/88/86
f 2409/546/516 59/545/515 2443/645/496 60/522/495
f 2410/467/442 68/533/505 2444/619/569 69/464/439
f 2411/475/450 76/550/519 2445/648/593 77/472/447
f 2415/620/566 99/615/565 2532/674/615 100/618/568
f 2416/622/571 114/621/570 2531/675/616 115/624/573
f 130/676/617 2467/677/618 131/678/619 2475/679/620 180/680/621 2532/674/615 99/615/565 98/604/557 97/659/603 2543/681/622 179/682/623 2463/683/624 129/684/625
f 2418/627/576 101/626/575 2530/685/626 102/628/577
f 2419/635/579 88/629/578 89/633/581
f 2420/637/584 103/636/583 104/638/585
f 2421/641/588 116/686/627 117/639/586
f 2891/687/281 1904/688/628 2466/689/282
f 2312/690/629 2189/252/244 1878/251/243
f 2422/597/550 105/596/549 106/642/589
f 2423/646/591 90/691/630 91/644/590
f 2424/649/563 107/610/562 108/647/592
f 2425/640/587 117/639/586 118/650/594
f 2427/652/596 109/651/595 110/653/597
f 2428/521/494 92/520/493 93/654/598
f 2432/656/600 111/692/631 112/655/599
f 2433/658/602 94/693/632 2544/694/633 95/657/601
f 1153/695/634 3796/696/635 3843/697/636 2020/698/637
f 2434/601/554 113/600/553 114/621/570
f 2437/404/380 87/403/379 88/629/578
f 2438/660/546 96/592/545 2543/681/622 97/659/603
f 2439/699/574 115/624/573 116/686/627
f 2440/634/582 89/633/581 2542/700/638 90/691/630
f 2441/605/558 98/604/557 99/615/565
f 2442/612/564 106/642/589 107/610/562
f 2443/523/496 91/644/590 2541/701/639 92/520/493
f 2444/619/569 100/618/568 101/626/575
f 2068/702/640 2067/703/641 2233/704/642
f 2445/648/593 108/647/592 2540/705/643 109/651/595
f 2446/595/548 93/654/598 94/693/632
f 4111/706/644 2170/707/645 4140/708/646 1302/709/647 4099/710/648 2155/711/649 4078/712/650 4077/713/650 4075/714/651 4074/715/652 4076/716/653 1301/717/644
f 2447/599/552 102/628/577 103/636/583
f 2448/603/556 110/653/597 2538/718/654 111/692/631
f 2449/594/547 95/657/601 96/592/545
f 2450/598/551 104/638/585 2537/719/655 105/596/549
f 2451/602/555 112/655/599 113/600/553
f 2452/607/559 97/659/603 98/604/557
f 2453/406/382 118/650/594 2533/720/656 87/403/379
f 2454/721/657 137/722/658 2522/723/659 138/724/660
f 122/725/661 123/726/662 2468/727/663 174/728/664 2541/701/639 91/644/590 90/691/630 2542/700/638 172/729/665 2465/730/666
f 122/725/661 2523/731/667 123/726/662
f 2455/732/668 139/733/669 2524/734/670 140/735/671
f 2456/736/672 149/737/673 2525/738/674 150/739/675
f 2504/740/676 2480/741/677 143/742/678
f 173/743/679 2469/744/680 141/745/681 142/746/682 2471/747/683 175/748/684 2538/718/654 110/653/597 109/651/595 2540/705/643
f 142/746/682 141/745/681 2527/749/685
f 166/750/686 2513/751/687 144/752/688 2480/741/677
f 155/753/689 2481/754/690 126/755/691 2501/756/692
f 124/757/693 2528/758/694 125/759/695
f 2511/760/696 127/761/697 2481/754/690
f 2482/762/698 145/763/699 2513/751/687
f 2457/764/700 143/742/678 2480/741/677 144/752/688
f 167/765/701 2517/766/702 146/767/703 2482/762/698
f 156/768/704 2484/769/705 128/770/706 2511/760/696
f 2458/771/707 126/755/691 2481/754/690 127/761/697
f 2514/772/708 129/684/625 2484/769/705
f 168/773/709 2485/774/710 147/775/711 2517/766/702
f 2461/776/712 145/763/699 2482/762/698 146/767/703
f 2485/774/710 2521/777/713 148/778/714
f 3700/779/715 2027/780/716 3747/781/717 1121/782/718 3659/783/719 3656/784/720 2007/785/721 1120/786/722
f 2486/787/723 121/788/724 2519/469/444
f 2462/789/725 119/608/560 2483/471/446 120/470/445
f 152/790/726 2523/731/667 122/725/661 2486/787/723
f 2458/771/707 127/761/697 128/770/706 2463/683/624 179/682/623 2543/681/622 96/592/545 95/657/601 2544/694/633 176/791/727
f 2463/683/624 128/770/706 2484/769/705 129/684/625
f 158/792/728 2516/793/729 131/678/619 2488/794/730
f 162/795/731 2497/796/732 138/724/660 2522/723/659
f 2464/797/733 147/775/711 2485/774/710 148/778/714
f 163/798/734 2524/734/670 139/733/669 2497/796/732
f 153/799/735 2498/800/736 123/726/662 2523/731/667
f 2465/730/666 121/788/724 2486/787/723 122/725/661
f 154/801/737 2528/758/694 124/757/693 2498/800/736
f 2129/341/324 1948/125/123 2859/124/122 1819/123/121
f 2467/677/618 130/676/617 2488/794/730 131/678/619
f 2518/802/738 133/803/739 2499/804/740
f 138/724/660 2497/796/732 139/733/669
f 164/805/741 2527/749/685 141/745/681 2500/806/742
f 2468/727/663 123/726/662 2498/800/736 124/757/693
f 132/807/743 2499/804/740 133/803/739
f 2520/808/744 135/809/745 2502/810/746
f 132/807/743 133/803/739 2477/811/747 181/812/748 2530/685/626 101/626/575 100/618/568 2532/674/615 180/680/621 2475/679/620
f 2469/744/680 140/735/671 2500/806/742 141/745/681
f 161/813/749 2512/814/750 136/815/751 2520/808/744
f 2470/816/752 125/759/695 2501/756/692 126/817/691
f 134/818/753 2502/810/746 135/809/745
f 2522/723/659 137/722/658 2512/814/750
f 2471/747/683 142/819/682 2504/740/676 143/742/678
f 127/761/697 2511/760/696 128/770/706
f 2472/820/754 136/815/751 2512/814/750 137/722/658
f 144/752/688 2513/751/687 145/763/699
f 130/676/617 129/684/625 2514/772/708
f 87/403/379 2533/720/656 178/821/755 2473/822/756 119/608/560 2462/789/725 120/470/445 121/788/724 2465/730/666 172/729/665 2542/700/638 89/633/581 88/629/578
f 1977/823/757 4610/824/758 4609/825/759
f 2526/826/760 2496/827/761 1896/828/762
f 2473/822/756 150/829/675 2515/609/561 119/608/560
f 160/830/763 2502/810/746 134/818/753 2518/802/738
f 2475/679/620 131/678/619 2516/793/729 132/807/743
f 2476/831/764 146/767/703 2517/766/702 147/775/711
f 4658/832/765 3779/833/766 3833/834/767 4677/835/768
f 2477/811/747 133/803/739 2518/802/738 134/836/753
f 120/470/445 2519/469/444 121/788/724
f 169/837/769 2525/738/674 149/737/673 2521/777/713
f 2478/838/770 135/809/745 2520/808/744 136/815/751
f 148/778/714 2521/777/713 149/737/673
f 4613/839/771 2496/840/761 1910/352/333
f 2528/758/694 154/801/737 2569/841/772 188/842/773 189/843/774 2572/844/775 155/753/689 2501/756/692
f 193/845/776 2578/846/777 158/792/728 2488/794/730 157/847/778 2561/848/779
f 2498/800/736 153/799/735 2552/849/780 187/850/781 2569/841/772 154/801/737
f 2515/609/561 170/851/782 2563/852/783 182/409/385 2574/853/784 151/468/443 2483/471/446
f 199/854/785 200/855/786 2568/856/787 162/795/731 2522/723/659 2512/814/750 161/813/749 2566/857/788
f 246/858/789 2627/859/790 214/407/383 2649/860/791
f 2513/751/687 166/750/686 2560/861/792 208/862/793 2573/863/794 167/765/701 2482/762/698
f 2854/864/795 4656/865/796 3759/866/797 3758/867/798 4655/868/799 3756/869/800 3754/870/801
f 2499/804/740 159/871/802 2554/872/803 196/873/804 197/874/805 2556/875/806 160/830/763 2518/802/738
f 2497/796/732 162/876/731 2568/856/787 201/877/807 2551/878/808 163/798/734
f 2485/774/710 168/773/709 2576/879/809 211/880/810 2567/881/811 169/837/769 2521/777/713
f 4116/882/812 1333/883/813 4192/884/814 4155/885/815 1307/886/816
f 2511/760/696 2481/754/690 155/753/689 2572/844/775 190/887/817 191/888/818 2575/889/819 156/768/704
f 2500/806/742 2524/734/670 163/798/734 2551/878/808 202/890/820 203/891/821 2555/892/822 164/805/741
f 2069/893/823 3808/894/824 2054/895/825 3809/896/826 3807/897/827 3806/898/828 3805/899/829 3804/900/829
f 1559/901/830 4412/902/831 1556/903/832 2844/904/833
f 2524/734/670 2500/806/742 140/735/671
f 170/851/782 2515/609/561 150/829/675 2525/738/674
f 4051/905/834 2142/906/835 2134/907/836 2156/908/837 2139/909/838 4052/910/834
f 165/911/839 2504/740/676 142/819/682 2527/749/685
f 82/632/572 2383/536/508 52/912/840 2400/514/487
f 2501/756/692 125/759/695 2528/758/694
f 2248/913/841 1925/914/842 2592/915/843 1825/916/844
f 532/917/845 2983/918/846 2943/919/847 2988/920/848 531/921/849 555/922/850 3002/923/851
f 236/924/852 2586/925/853 204/926/854 2602/927/855
f 2551/878/808 201/877/807 2599/928/856 202/890/820
f 221/929/857 2589/930/858 189/843/774 2605/931/859
f 2552/849/780 186/932/860 2600/933/861 187/850/781
f 229/934/862 2606/935/863 197/874/805 2620/936/864
f 230/937/865 2580/938/866 198/939/867 2606/935/863
f 2554/872/803 195/940/868 2601/941/869 196/873/804
f 238/942/870 2588/943/871 206/944/872 2610/945/873
f 2555/892/822 203/891/821 2602/927/855 204/926/854
f 223/946/874 2594/947/875 191/888/818 2611/948/876
f 188/842/773 2605/931/859 189/843/774
f 232/949/877 2582/950/878 200/855/786 2612/951/879
f 2556/875/806 197/874/805 2606/935/863 198/939/867
f 240/952/880 2590/953/881 208/862/793 2615/954/882
f 2557/955/883 205/956/884 2610/945/873 206/944/872
f 225/957/885 2598/958/886 193/959/776 2616/960/887
f 190/887/817 2611/948/876 191/888/818
f 2558/280/272 1892/961/888 1848/281/273
f 234/962/889 2584/963/890 202/890/820 2599/928/856
f 199/854/785 2612/951/879 200/855/786
f 242/964/891 2595/965/892 210/966/893 2619/967/894
f 2560/861/792 207/968/895 2615/954/882 208/862/793
f 227/969/896 2601/941/869 195/940/868 2618/970/897
f 2561/848/779 192/971/898 2616/960/887 193/959/776
f 2563/852/783 213/972/899 2617/410/386 182/409/385
f 2523/731/667 152/973/726 2577/974/900 185/975/901 2583/976/902 186/932/860 2552/849/780 153/799/735
f 2516/793/729 158/792/728 2578/846/777 194/977/903 2618/970/897 195/940/868 2554/872/803 159/871/802
f 216/978/904 2597/979/905 184/980/906 2579/981/907
f 196/873/804 2620/936/864 197/874/805
f 231/982/908 2612/951/879 199/854/785 2580/938/866
f 183/983/909 2579/981/907 184/980/906
f 244/984/910 2585/985/911 212/986/912 2581/987/913
f 2566/857/788 198/939/867 2580/938/866 199/854/785
f 233/988/914 2599/928/856 201/989/807 2582/950/878
f 219/990/915 2587/991/916 187/850/781 2600/933/861
f 2567/881/811 211/880/810 2581/987/913 212/986/912
f 218/992/917 2600/933/861 186/932/860 2583/976/902
f 2568/856/787 200/855/786 2582/950/878 201/989/807
f 235/993/918 2602/927/855 203/891/821 2584/963/890
f 3889/994/919 3888/995/920 3887/996/920 3902/997/920 3903/998/920 1205/999/921 3908/1000/922 1206/1001/923 4012/1002/924 1207/1003/925 3958/1004/926 1208/1005/927 3912/1006/928 1209/1007/929 2086/1008/930 3870/1009/931 3869/1010/932 1195/1011/932 3893/1012/933 1179/1013/934 3867/1014/934 1178/1015/934 3892/1016/935 1194/1017/936 3865/1018/936 2075/1019/936
f 245/1020/937 2617/410/386 213/972/899 2585/985/911
f 202/890/820 2584/963/890 203/891/821
f 237/1021/938 2610/945/873 205/956/884 2586/925/853
f 210/966/893 2576/879/809 168/773/709 2517/766/702 167/1022/701 2573/863/794 209/1023/939 2619/967/894
f 220/1024/940 2605/931/859 188/842/773 2587/991/916
f 2525/738/674 169/837/769 2567/881/811 212/986/912 2585/985/911 213/972/899 2563/852/783 170/851/782
f 239/1025/941 2615/954/882 207/968/895 2588/943/871
f 2569/841/772 187/850/781 2587/991/916 188/842/773
f 222/1026/942 2611/948/876 190/887/817 2589/930/858
f 206/944/872 2588/943/871 207/968/895
f 241/1027/943 2619/967/894 209/1028/939 2590/953/881
f 2572/844/775 189/843/774 2589/930/858 190/887/817
f 224/1029/944 2616/960/887 192/971/898 2594/947/875
f 2573/863/794 208/862/793 2590/953/881 209/1028/939
f 2574/853/784 182/409/385 2591/408/384 183/983/909
f 2575/889/819 191/888/818 2594/947/875 192/971/898
f 226/1030/945 2618/970/897 194/977/903 2598/958/886
f 2576/879/809 210/966/893 2595/965/892 211/880/810
f 2577/974/900 184/980/906 2597/979/905 185/1031/901
f 2578/846/777 193/845/776 2598/958/886 194/977/903
f 228/1032/946 2620/936/864 196/873/804 2601/941/869
f 250/1033/947 2633/1034/948 218/992/917 2671/1035/949
f 2579/981/907 215/1036/950 2659/1037/951 216/978/904
f 2580/938/866 230/937/865 2661/1038/952 231/982/908
f 251/1039/953 2623/1040/954 219/990/915 2633/1034/948
f 2581/987/913 243/1041/955 2663/1042/956 244/984/910
f 267/1043/957 2636/1044/958 235/993/918 2672/1045/959
f 2582/950/878 232/949/877 2668/1046/960 233/1047/914
f 276/1048/961 2621/1049/962 244/984/910 2663/1042/956
f 2583/976/902 217/1050/963 2671/1035/949 218/992/917
f 277/1051/964 2649/860/791 245/1020/937 2621/1049/962
f 268/1052/965 2622/1053/966 236/924/852 2636/1044/958
f 2584/963/890 234/962/889 2672/1045/959 235/993/918
f 269/1054/967 2644/1055/968 237/1021/938 2622/1053/966
f 2585/985/911 244/984/910 2621/1049/962 245/1020/937
f 252/1056/969 2637/1057/970 220/1024/940 2623/1040/954
f 270/1058/971 2624/1059/972 238/942/870 2644/1055/968
f 2586/925/853 236/924/852 2622/1053/966 237/1021/938
f 271/1060/973 2647/1061/974 239/1025/941 2624/1059/972
f 253/1062/975 2625/1063/976 221/929/857 2637/1057/970
f 2587/991/916 219/990/915 2623/1040/954 220/1024/940
f 254/1064/977 2645/1065/978 222/1026/942 2625/1063/976
f 272/1066/979 2626/1067/980 240/952/880 2647/1061/974
f 2588/943/871 238/942/870 2624/1059/972 239/1025/941
f 273/1068/981 2652/1069/982 241/1070/943 2626/1067/980
f 255/1071/983 2628/1072/984 223/946/874 2645/1065/978
f 2589/930/858 221/929/857 2625/1063/976 222/1026/942
f 256/1073/985 2648/1074/986 224/1029/944 2628/1072/984
f 274/1075/987 2629/1076/988 242/964/891 2652/1069/982
f 2590/953/881 240/952/880 2626/1067/980 241/1070/943
f 275/1077/989 2663/1042/956 243/1041/955 2629/1076/988
f 248/1078/990 2630/1079/991 216/978/904 2659/1037/951
f 2591/408/384 214/407/383 2627/859/790 215/1036/950
f 249/1080/992 2671/1035/949 217/1081/963 2630/1079/991
f 2594/947/875 223/946/874 2628/1072/984 224/1029/944
f 258/1082/993 2650/1083/994 226/1030/945 2631/1084/995
f 265/1085/996 2632/1086/997 233/1047/914 2668/1046/960
f 2595/965/892 242/964/891 2629/1076/988 243/1041/955
f 266/1087/998 2672/1045/959 234/962/889 2632/1086/997
f 2597/979/905 216/978/904 2630/1079/991 217/1081/963
f 2598/958/886 225/957/885 2631/1084/995 226/1030/945
f 260/1088/999 2653/1089/1000 228/1032/946 2635/1090/1001
f 2599/928/856 233/988/914 2632/1086/997 234/962/889
f 2600/933/861 218/992/917 2633/1034/948 219/990/915
f 2601/941/869 227/969/896 2635/1090/1001 228/1032/946
f 262/1091/1002 2661/1038/952 230/937/865 2638/1092/1003
f 2602/927/855 235/993/918 2636/1044/958 236/924/852
f 2605/931/859 220/1024/940 2637/1057/970 221/929/857
f 2606/935/863 229/934/862 2638/1092/1003 230/937/865
f 264/1093/1004 2668/1046/960 232/949/877 2646/1094/1005
f 1368/1095/1006 1374/1096/1007 1378/1097/1008 1373/1098/1009
f 2610/945/873 237/1021/938 2644/1055/968 238/942/870
f 2611/948/876 222/1026/942 2645/1065/978 223/946/874
f 1822/232/224 492/231/223 1829/1099/1010 1883/433/409
f 2612/951/879 231/982/908 2646/1094/1005 232/949/877
f 2615/954/882 239/1025/941 2647/1061/974 240/952/880
f 2616/960/887 224/1029/944 2648/1074/986 225/1100/885
f 2617/410/386 245/1020/937 2649/860/791 214/407/383
f 2618/970/897 226/1030/945 2650/1083/994 227/969/896
f 2619/967/894 241/1027/943 2652/1069/982 242/964/891
f 2620/936/864 228/1032/946 2653/1089/1000 229/934/862
f 3755/1101/1011 3757/1102/1012 2034/1103/1013 1123/1104/1014 2004/1105/1015 1122/1106/1016 3705/1107/1017 2031/1108/1018
f 2621/1049/962 276/1048/961 2711/1109/1019 277/1051/964
f 2622/1053/966 268/1052/965 2716/1110/1020 269/1054/967
f 2623/1040/954 251/1039/953 2719/1111/1021 252/1056/969
f 2624/1059/972 270/1058/971 2720/1112/1022 271/1060/973
f 2625/1063/976 253/1062/975 2723/1113/1023 254/1064/977
f 2626/1067/980 272/1066/979 2725/1114/1024 273/1115/981
f 2627/859/790 246/858/789 2673/1116/1025 247/1117/1026
f 2628/1072/984 255/1071/983 2674/1118/1027 256/1073/985
f 2629/1076/988 274/1075/987 2675/1119/1028 275/1077/989
f 330/1120/1029 2761/1121/1030 298/1122/1031 2790/1123/1032
f 2630/1079/991 248/1078/990 2676/1124/1033 249/1125/992
f 2631/1084/995 257/1126/1034 2677/1127/1035 258/1082/993
f 2632/1086/997 265/1085/996 2678/1128/1036 266/1087/998
f 2633/1034/948 250/1033/947 2679/1129/1037 251/1039/953
f 362/1130/1038 2834/1131/1039 331/1132/1040 2806/1133/1041
f 2635/1090/1001 259/1134/1042 2680/1135/1043 260/1088/999
f 2636/1044/958 267/1043/957 2681/1136/1044 268/1052/965
f 2637/1057/970 252/1056/969 2682/1137/1045 253/1062/975
f 2638/1092/1003 261/1138/1046 2683/1139/1047 262/1091/1002
f 2644/1055/968 269/1054/967 2684/1140/1048 270/1058/971
f 2645/1065/978 254/1064/977 2685/1141/1049 255/1071/983
f 2646/1094/1005 263/1142/1050 2686/1143/1051 264/1093/1004
f 2647/1061/974 271/1060/973 2690/1144/1052 272/1066/979
f 2648/1074/986 256/1073/985 2691/1145/1053 257/1146/1034
f 2649/860/791 277/1051/964 2692/1147/1054 246/858/789
f 2650/1083/994 258/1082/993 2693/1148/1055 259/1134/1042
f 2652/1069/982 273/1068/981 2696/1149/1056 274/1075/987
f 2653/1089/1000 260/1088/999 2697/1150/1057 261/1138/1046
f 2659/1037/951 247/1117/1026 2698/1151/1058 248/1078/990
f 3951/61/60 2120/1152/1059 3966/1153/1060 1211/57/56
f 2661/1038/952 262/1091/1002 2700/1154/1061 263/1142/1050
f 2663/1042/956 275/1077/989 2701/1155/1062 276/1048/961
f 2668/1046/960 264/1093/1004 2702/1156/1063 265/1157/996
f 2671/1035/949 249/1080/992 2706/1158/1064 250/1033/947
f 2672/1045/959 266/1087/998 2710/1159/1065 267/1043/957
f 1565/1160/1066 4409/1161/1067 1560/1162/1068 2848/1163/1069
f 2827/1164/1070 382/1165/1071 4405/1166/1072 4421/1167/1073 362/1130/1038 2806/1133/1041 330/1120/1029
f 282/1168/1074 2740/1169/1074 304/1170/1075 2775/1171/1076 305/1172/1077 2741/1173/1078 283/1174/1078 2723/1113/1023 253/1062/975 2682/1137/1045 252/1056/969 2719/1111/1021
f 293/1175/1079 2727/1176/1079 322/1177/1080 2758/1178/1081 323/1179/1082 2729/1180/1083 294/1181/1083 2690/1144/1052 271/1060/973 2720/1112/1022 270/1058/971 2684/1140/1048
f 2697/1150/1057 287/1182/1084 2734/1183/1084 312/1184/1085 2748/1185/1086 313/1186/1087 2776/1187/1088 314/1188/1089 2726/1189/1090 288/1190/1090 2683/1139/1047 261/1138/1046
f 2723/1113/1023 283/1191/1078 2741/1192/1078 305/1172/1077 2759/1193/1091 306/1194/1092 2778/1195/1093 307/1196/1094 2728/1197/1095 284/1198/1095 2685/1141/1049 254/1064/977
f 285/1199/1096 2730/1200/1096 309/1201/1097 2769/1202/1098 310/1203/1099 2732/1204/1100 286/1205/1100 2693/1148/1055 258/1082/993 2677/1127/1035 257/1146/1034 2691/1206/1053
f 1573/1207/1101 4398/1208/1102 1582/1209/1103 2861/1210/1104
f 1896/828/762 1953/1211/1105 3573/74/72 1096/1212/1106 4625/1213/1107 375/1214/1108 2495/1215/1109 1897/1216/1110
f 4398/1208/1102 373/1217/1111 4408/1218/1112 1582/1209/1103
f 280/1219/1113 2743/1220/1113 301/1221/1114 2753/1222/1115 302/1223/1116 2744/1224/1117 281/1225/1117 2679/1129/1037 250/1033/947 2706/1158/1064 249/1125/992 2676/1226/1033
f 329/1227/1118 2790/1123/1032 298/1122/1031 2731/1228/1119 278/1229/1119 2692/1147/1054 277/1051/964 2711/1109/1019 297/1230/1120 2739/1231/1120 328/1232/1121 2755/1233/1122
f 2740/1169/1074 282/1234/1074 2719/1111/1021 251/1039/953 2679/1129/1037 281/1225/1117 2744/1224/1117 302/1235/1116 2772/1236/1123 303/1237/1124 2757/1238/1125 304/1170/1075
f 339/1239/1126 2762/1240/1127 307/1196/1094 2778/1195/1093
f 348/1241/1128 2752/1242/1129 316/1243/1130 2782/1244/1131
f 356/1245/1132 2760/1246/1133 324/1247/1134 2784/1248/1135
f 341/1249/1136 2769/1202/1098 309/1201/1097 2787/1250/1137
f 350/1251/1138 2754/1252/1139 318/1253/1140 2770/1254/1141
f 2690/1144/1052 294/1181/1083 2729/1180/1083 323/1179/1082 2784/1248/1135 324/1255/1134 2760/1246/1133 325/1256/1142 2733/1257/1143 295/1258/1143 2696/1149/1056 273/1115/981 2725/1114/1024 272/1066/979
f 342/1259/1144 2746/1260/1145 310/1203/1099 2769/1202/1098
f 2693/1148/1055 286/1205/1100 2732/1204/1100 310/1261/1099 2746/1260/1145 311/1262/1146 2773/1263/1147 312/1184/1085 2734/1264/1084 287/1182/1084 2697/1150/1057 260/1088/999 2680/1135/1043 259/1134/1042
f 343/1265/1148 2773/1263/1147 311/1262/1146 2746/1260/1145
f 357/1266/1149 2747/1267/1150 325/1256/1142 2760/1246/1133
f 358/1268/1151 2765/1269/1152 326/1270/1153 2747/1267/1150
f 344/1271/1154 2748/1185/1086 312/1184/1085 2773/1263/1147
f 345/1272/1155 2776/1187/1088 313/1186/1087 2748/1185/1086
f 331/1132/1040 2749/1273/1156 299/1274/1157 2761/1121/1030
f 2698/1151/1058 247/1117/1026 2673/1116/1025 279/1275/1158 2742/1276/1158 299/1274/1157 2749/1273/1156 300/1277/1159 2768/1278/1160 301/1221/1114 2743/1220/1113 280/1219/1113 2676/1124/1033 248/1078/990
f 332/1279/1161 2768/1278/1160 300/1280/1159 2749/1273/1156
f 346/1281/1162 2750/1282/1163 314/1188/1089 2776/1187/1088
f 347/1283/1164 2782/1244/1131 315/1284/1165 2750/1282/1163
f 360/1285/1166 2755/1233/1122 328/1232/1121 2751/1286/1167
f 288/1190/1090 2726/1287/1090 314/1188/1089 2750/1282/1163 315/1284/1165 2735/1288/1168 289/1289/1168 2700/1154/1061 262/1091/1002 2683/1139/1047
f 349/1290/1169 2770/1254/1141 317/1291/1170 2752/1242/1129
f 335/1292/1171 2757/1238/1125 303/1237/1124 2772/1236/1123
f 2701/1155/1062 296/1293/1172 2736/1294/1172 327/1295/1173 2751/1286/1167 328/1232/1121 2739/1296/1120 297/1230/1120 2711/1109/1019 276/1048/961
f 334/1297/1174 2772/1236/1123 302/1223/1116 2753/1222/1115
f 351/1298/1175 2774/1299/1176 319/1300/1177 2754/1252/1139
f 361/1301/1178 2790/1123/1032 329/1227/1118 2755/1233/1122
f 352/1302/1179 2756/1303/1180 320/1304/1181 2774/1299/1176
f 353/1305/1182 2777/1306/1183 321/1307/1184 2756/1303/1180
f 336/1308/1185 2775/1171/1076 304/1170/1075 2757/1238/1125
f 316/1309/1130 2752/1242/1129 317/1291/1170 2737/1310/1186 290/1311/1186 2702/1156/1063 264/1093/1004 2686/1143/1051 263/1142/1050 2700/1154/1061 289/1289/1168 2735/1288/1168 315/1284/1165 2782/1244/1131
f 355/1312/1187 2784/1248/1135 323/1179/1082 2758/1178/1081
f 1583/1313/1188 4395/1314/1189 1584/1315/1190 2864/1316/1191
f 1657/1317/1192 4496/1318/1193 1660/1319/1194 4495/1320/1195
f 338/1321/1196 2778/1195/1093 306/1194/1092 2759/1193/1091
f 340/1322/1197 2787/1250/1137 308/1323/1198 2762/1240/1127
f 326/1324/1153 2765/1269/1152 327/1295/1173 2736/1294/1172 296/1293/1172 2701/1155/1062 275/1077/989 2675/1119/1028 274/1075/987 2696/1325/1056 295/1258/1143 2733/1257/1143 325/1256/1142 2747/1267/1150
f 2742/1276/1158 279/1275/1158 2673/1116/1025 246/858/789 2692/1147/1054 278/1229/1119 2731/1326/1119 298/1122/1031 2761/1121/1030 299/1274/1157
f 263/1142/1050 2646/1094/1005 231/982/908 2661/1038/952
f 2674/1118/1027 255/1071/983 2685/1141/1049 284/1198/1095 2728/1197/1095 307/1196/1094 2762/1240/1127 308/1327/1198 2787/1250/1137 309/1201/1097 2730/1200/1096 285/1199/1096 2691/1145/1053 256/1073/985
f 321/1307/1184 2777/1306/1183 322/1177/1080 2727/1328/1079 293/1175/1079 2684/1140/1048 269/1054/967 2716/1110/1020 268/1052/965 2681/1136/1044 292/1329/1199 2745/1330/1199 320/1304/1181 2756/1303/1180
f 3889/994/919 2075/1019/936 3865/1018/936 1194/1017/936 3892/1016/935 3808/894/824 2069/893/823 1177/1331/1200 2052/1332/1201 3850/1333/1202 3848/1334/1203 2051/1335/1204 2041/1336/1204 3897/1337/1204 2040/1338/1205 1176/1339/1206 3884/1340/1207 3882/1341/1208 3883/1342/1209 2080/1343/1210 3896/1344/1210
f 2745/1330/1199 292/1345/1199 2681/1136/1044 267/1043/957 2710/1159/1065 291/1346/1211 2738/1347/1211 319/1300/1177 2774/1299/1176 320/1304/1181
f 4411/1348/1212 372/1349/1213 2818/1350/1214 345/1272/1155 2833/1351/1215 371/1352/1216 4402/1353/1217
f 2746/1260/1145 342/1259/1144 2831/1354/1218 343/1265/1148
f 1575/1355/1219 4397/1356/1220 1570/1357/1221
f 2747/1267/1150 357/1266/1149 2832/1358/1222 358/1268/1151
f 372/1349/1213 2793/1359/1223 346/1281/1162 2818/1350/1214
f 2748/1185/1086 344/1271/1154 2833/1351/1215 345/1272/1155
f 4400/1360/1224 4408/1218/1112 373/1217/1111 2822/1361/1225 347/1283/1164 2793/1359/1223 372/1349/1213
f 381/1362/1226 2794/1363/1227 359/1364/1228 2809/1365/1229
f 2749/1273/1156 331/1132/1040 2834/1131/1039 332/1279/1161
f 2794/1363/1227 381/1362/1226 4399/1366/1230 4395/1314/1189 382/1165/1071 2797/1367/1231 360/1285/1166
f 2750/1282/1163 346/1281/1162 2793/1359/1223 347/1283/1164
f 378/1368/1232 4424/1369/1233 379/1370/1234 2824/1371/1235 355/1312/1187 354/1372/1236 2819/1373/1237
f 363/1374/1238 2795/1375/1239 333/1376/1240 2810/1377/1241
f 367/1378/1242 4420/1379/1243 368/1380/1244 2825/1381/1245 340/1322/1197 339/1239/1126 2820/1382/1246
f 2751/1286/1167 359/1364/1228 2794/1363/1227 360/1285/1166
f 2795/1375/1239 363/1374/1238 4397/1356/1220 4415/1383/1247 364/1384/1248 2813/1385/1249 334/1297/1174
f 2812/1386/1250 374/1387/1251 4416/1388/1252 4396/1389/1253 376/1390/1254 2796/1391/1255 350/1251/1138
f 2752/1242/1129 348/1241/1128 349/1392/1169
f 2753/1222/1115 333/1393/1240 2795/1375/1239 334/1297/1174
f 382/1165/1071 2827/1164/1070 361/1301/1178 2797/1367/1231
f 2754/1252/1139 350/1251/1138 2796/1391/1255 351/1298/1175
f 4426/1394/1256 4410/1395/1257 378/1368/1232 2819/1373/1237 353/1305/1182 2798/1396/1258 377/1397/1259
f 2755/1233/1122 360/1285/1166 2797/1367/1231 361/1301/1178
f 2756/1303/1180 352/1302/1179 2798/1396/1258 353/1305/1182
f 364/1384/1248 4425/1398/1260 365/1399/1261 2816/1400/1262 336/1308/1185 335/1292/1171 2813/1385/1249
f 395/1401/1263 2835/1402/1264 1553/1403/1265 4413/1404/1266 1578/1405/1267 2863/1406/1268 394/1407/1269 2884/1408/1270 422/1409/1271 423/1410/1272 2887/1411/1273
f 4423/1412/1274 366/1413/1275 2804/1414/1276 337/1415/1277 2816/1400/1262 365/1399/1261 4412/902/831
f 2757/1238/1125 335/1292/1171 336/1308/1185
f 2651/326/311 2206/325/311 2302/324/311 2303/323/311 1934/322/311 2785/321/311 1860/320/311 2229/319/310 2045/1416/1278 2245/1417/1279 3662/1418/1280 2009/1419/1281 1817/327/312
f 4422/1420/1282 380/1421/1283 2805/1422/1284 356/1245/1132 2824/1371/1235 379/1370/1234 4407/1423/1285
f 2758/1178/1081 354/1372/1236 355/1312/1187
f 380/1424/1283 2832/1358/1222 357/1425/1149 2805/1422/1284
f 376/1390/1254 4413/1404/1266 377/1397/1259 2798/1396/1258 352/1302/1179 351/1298/1175 2796/1391/1255
f 2759/1193/1091 337/1415/1277 2804/1414/1276 338/1321/1196
f 366/1413/1275 4409/1161/1067 367/1378/1242 2820/1382/1246 338/1321/1196 2804/1414/1276
f 4419/1426/1286 381/1362/1226 2809/1365/1229 358/1268/1151 2832/1358/1222 380/1424/1283 4403/1427/1287
f 2760/1246/1133 356/1245/1132 2805/1422/1284 357/1425/1149
f 2761/1121/1030 330/1120/1029 2806/1133/1041 331/1132/1040
f 1567/1428/1288 4403/1427/1287 1562/1429/1289 2852/1430/1290
f 2762/1240/1127 339/1239/1126 340/1322/1197
f 2765/1269/1152 358/1268/1151 2809/1365/1229 359/1364/1228
f 2768/1278/1160 332/1279/1161 2810/1377/1241 333/1376/1240
f 2769/1202/1098 341/1249/1136 2811/1431/1291 342/1259/1144
f 371/1352/1216 2833/1351/1215 344/1271/1154 2814/1432/1292
f 4610/824/758 2687/1433/1293 4609/825/759
f 2770/1254/1141 349/1290/1169 2812/1386/1250 350/1251/1138
f 2772/1236/1123 334/1297/1174 2813/1385/1249 335/1292/1171
f 2773/1263/1147 343/1265/1148 2814/1432/1292 344/1271/1154
f 4673/1434/1294 3820/1435/1295 4672/1436/1296 3817/1437/1297 3818/1438/1298 3821/1439/1299 3822/1440/1300
f 2774/1299/1176 351/1298/1175 352/1302/1179
f 2775/1171/1076 336/1308/1185 2816/1400/1262 337/1415/1277
f 2776/1187/1088 345/1272/1155 2818/1350/1214 346/1281/1162
f 2777/1306/1183 353/1305/1182 2819/1373/1237 354/1372/1236
f 2778/1195/1093 338/1321/1196 2820/1382/1246 339/1239/1126
f 2782/1244/1131 347/1283/1164 2822/1361/1225 348/1241/1128
f 2784/1248/1135 355/1312/1187 2824/1371/1235 356/1245/1132
f 1578/1405/1267 4396/1389/1253 1574/1441/1301 2863/1406/1268
f 2787/1250/1137 340/1322/1197 2825/1381/1245 341/1442/1136
f 2134/907/836 1279/1443/1302 4084/1444/1303 1305/1445/1304 2145/1446/1305 4088/1447/1306 4089/1448/1307 4087/1449/1307 4086/1450/1307 2156/908/837
f 2790/1123/1032 361/1301/1178 2827/1164/1070 330/1120/1029
f 1573/1451/1101 4416/1388/1252 374/1452/1251 4398/1208/1102
f 4397/1356/1220 363/1453/1238 4418/1454/1308 1570/1357/1221
f 1575/1355/1219 4415/1383/1247 4397/1356/1220
f 4396/1389/1253 4416/1388/1252 1574/1441/1301
f 1578/1405/1267 4413/1404/1266 376/1390/1254 4396/1389/1253
f 4395/1314/1189 4399/1366/1230 1584/1315/1190
f 4412/902/831 365/1399/1261 4425/1398/1260 1556/903/832
f 1583/1313/1188 4405/1166/1072 382/1165/1071 4395/1314/1189
f 4410/1395/1257 4426/1394/1256 1554/1455/1309
f 1648/1456/1310 4450/1457/1311 1651/1458/1312 4449/1459/1313
f 4407/1423/1285 379/1370/1234 4424/1369/1233 1558/1460/1314
f 4409/1161/1067 366/1413/1275 4423/1412/1274 1560/1162/1068
f 4406/1461/1315 368/1380/1244 4420/1379/1243 1566/1462/1316
f 4401/1463/1317 362/1130/1038 4421/1167/1073 1564/1464/1318
f 4399/1366/1230 381/1362/1226 4419/1426/1286 1568/1465/1319
f 4404/1466/1320 370/1467/1321 4417/1468/1322 1572/1469/1323
f 1561/1470/1324 4407/1423/1285 1558/1460/1314 2850/1471/1325
f 1555/1472/1326 4425/1398/1260 364/1384/1248 4415/1383/1247
f 4402/1353/1217 371/1352/1216 4414/1473/1327 1577/1474/1328
f 1553/1403/1265 4426/1394/1256 377/1397/1259 4413/1404/1266
f 2811/1431/1291 369/1475/1329 4417/1468/1322 370/1467/1321 2831/1354/1218 342/1259/1144
f 1559/901/830 4423/1412/1274 4412/902/831
f 4400/1360/1224 372/1349/1213 4411/1348/1212 1580/1476/1330
f 2814/1432/1292 343/1265/1148 2831/1354/1218 370/1467/1321 4404/1466/1320 4414/1473/1327 371/1352/1216
f 1557/1477/1331 4424/1369/1233 378/1368/1232 4410/1395/1257
f 1584/1315/1190 4399/1366/1230 1568/1465/1319
f 1565/1160/1066 4420/1379/1243 367/1378/1242 4409/1161/1067
f 1561/1470/1324 4422/1420/1282 4407/1423/1285
f 1571/1478/1332 4417/1468/1322 369/1479/1329 4406/1461/1315
f 1576/1480/1333 4404/1466/1320 1572/1469/1323 2851/1481/1334
f 1563/1482/1335 4421/1167/1073 4405/1166/1072
f 1576/1480/1333 4414/1473/1327 4404/1466/1320
f 1088/1483/1336 1097/1484/1337 1110/1485/1338 3627/1486/1339 3558/1487/1340 1400/1488/1341 3544/1489/1342 1399/1490/1343
f 1567/1428/1288 4419/1426/1286 4403/1427/1287
f 1579/1491/1344 4411/1348/1212 4402/1353/1217
f 369/1475/1329 2811/1431/1291 341/1442/1136 2825/1381/1245 368/1380/1244 4406/1461/1315
f 1569/1492/1345 4418/1454/1308 4401/1463/1317
f 1581/1493/1346 4408/1218/1112 4400/1360/1224
f 1963/318/309 2667/317/308 2295/1494/1347
f 4403/1427/1287 380/1421/1283 4422/1420/1282 1562/1429/1289
f 2810/1377/1241 332/1279/1161 2834/1131/1039 362/1130/1038 4401/1463/1317 4418/1454/1308 363/1453/1238
f 1741/1495/1348 4488/1496/1349 1648/1456/1310 4487/1497/1350
f 4146/1498/1351 4147/1499/1351 2161/1500/1352 1332/1501/1353 4137/1502/1354 4151/1503/1354 4150/1504/1355 4148/1505/1356 4145/1506/1357
f 1621/212/204 1618/1507/1358 2310/1508/1359 2331/214/206 2293/213/205
f 2866/1509/1360 384/1510/1361 2840/1511/1362 1569/1492/1345 1564/1464/1318 2837/1512/1363 383/1513/1364 2889/1514/1365 402/1515/1366 403/1516/1367
f 1581/1493/1346 2858/1517/1368 392/1518/1369 2880/1519/1370 418/1520/1371 419/1521/1372 2883/1522/1373 393/1523/1374 2861/1210/1104 1582/1209/1103
f 4096/1524/1375 4095/1525/1376 4097/429/405 4107/428/404 4106/1526/1377
f 1572/1469/1323 2841/1527/1378 389/1528/1379 2867/1529/1380 413/1530/1381 2876/1531/1382 390/1532/1383 2851/1481/1334
f 2875/1533/1384 397/1534/1385 2850/1471/1325 1558/1460/1314 2836/1535/1386 396/1536/1387 2888/1537/1388 426/1538/1389
f 2864/1316/1191 400/1539/1390 2885/1540/1391 432/1541/1392 401/1542/1393 2889/1514/1365 383/1513/1364 2837/1512/1363 1563/1482/1335 1583/1313/1188
f 1576/1480/1333 2851/1481/1334 390/1532/1383 2876/1531/1382 414/1543/1394 415/1544/1395 2878/1545/1396 391/1546/1397 2855/1547/1398 1577/1474/1328
f 1579/1491/1344 2855/1547/1398 391/1546/1397 2878/1545/1396 416/1548/1399 417/1549/1400 2880/1519/1370 392/1518/1369 2858/1517/1368 1580/1476/1330
f 2890/1550/1401 388/1551/1402 2838/1552/1403 1565/1160/1066 2848/1163/1069 387/1553/1404 2874/1554/1405 410/1555/1406
f 1555/1472/1326 2842/1556/1407 385/1557/1408 2869/1558/1409 406/1559/1410 407/1560/1411 2872/1561/1412 386/1562/1413 2844/904/833 1556/903/832
f 389/1528/1379 2841/1527/1378 1571/1563/1332 4406/1461/1315 1566/1462/1316 2838/1552/1403 388/1551/1402 2890/1550/1401 411/1564/1414 412/1565/1415 2867/1566/1380
f 1560/1162/1068 4423/1412/1274 1559/901/830
f 1568/1465/1319 4419/1426/1286 1567/1428/1288 2839/1567/1416
f 2852/1430/1290 398/1568/1417 2877/1569/1418 429/1570/1419 2865/1571/1420 399/1572/1421 2839/1567/1416 1567/1428/1288
f 1557/1477/1331 4410/1395/1257 1554/1455/1309
f 1564/1464/1318 4421/1167/1073 1563/1482/1335 2837/1512/1363
f 1574/1441/1301 4416/1388/1252 1573/1451/1101
f 1566/1462/1316 4420/1379/1243 1565/1160/1066 2838/1552/1403
f 1579/1491/1344 4402/1353/1217 1577/1474/1328 2855/1547/1398
f 1966/1573/107 3633/108/106 1967/1574/1422
f 498/1575/1423 2986/1576/1424 499/1577/1425 2952/1578/1426 467/1579/1427 2969/1580/1428 466/1581/1428 2949/1582/1429
f 1570/1583/1221 4418/1454/1308 1569/1492/1345 2840/1511/1362
f 1573/1207/1101 2861/1210/1104 393/1523/1374 2883/1584/1373 420/1585/1430 421/1586/1431 2884/1408/1270 394/1407/1269 2863/1406/1268 1574/1441/1301
f 1582/1209/1103 4408/1218/1112 1581/1493/1346
f 1572/1469/1323 4417/1468/1322 1571/1478/1332 2841/1527/1378
f 4202/1587/1432 4203/1588/1433 2180/1589/1434 2179/1590/1434 4173/1591/1434 4172/1592/1435 4171/1593/1436 2182/1594/1436 4189/1595/1437 4168/1596/1438 2178/1597/1439 4199/1598/1440 4198/1599/1441 2186/1600/1442 4200/1601/1432
f 1563/1482/1335 4405/1166/1072 1583/1313/1188
f 1555/1472/1326 4415/1383/1247 1575/1355/1219 2842/1556/1407
f 4615/1602/1443 4616/1603/1444 4617/1604/1445
f 436/1605/1446 2905/1606/1447 404/1607/1448 2916/1608/1449
f 2865/1571/1420 429/1570/1419 2915/1609/1450 430/1610/1451
f 2866/1611/1360 403/1516/1367 2916/1608/1449 404/1607/1448
f 447/1612/1452 2900/1613/1453 415/1544/1395 2920/1614/1454
f 2867/1529/1380 412/1565/1415 2917/1615/1455 413/1530/1381
f 455/1616/1456 2908/1617/1457 423/1410/1272 2921/1618/1458
f 420/1585/1430 2918/1619/1459 421/1586/1431
f 440/1620/1460 2911/1621/1461 408/1622/1462 2922/1623/1463
f 2869/1558/1409 405/1624/1464 2919/1625/1465 406/1559/1410
f 2945/1626/1466 500/1627/1467 2992/1628/1468 2958/1629/1469 471/1630/1470
f 449/1631/1471 2902/1632/1472 417/1549/1400 2923/1633/1473
f 414/1543/1394 2920/1614/1454 415/1544/1395
f 456/1634/1474 2892/1635/1475 424/1636/1476 2908/1617/1457
f 422/1409/1271 2921/1618/1458 423/1410/1272
f 457/1637/1477 2910/1638/1478 425/1639/1479 2892/1635/1475
f 441/1640/1480 2893/1641/1481 409/1642/1482 2911/1621/1461
f 2162/1643/1483 2176/1644/1484 1903/1645/1485 1906/1646/1486 2459/1647/1487
f 2872/1561/1412 407/1560/1411 2922/1623/1463 408/1622/1462
f 442/1648/1488 2914/1649/1489 410/1555/1406 2893/1641/1481
f 450/1650/1490 2894/1651/1491 418/1520/1371 2902/1632/1472
f 416/1548/1399 2923/1633/1473 417/1549/1400
f 451/1652/1492 2904/1653/1493 419/1521/1372 2894/1651/1491
f 458/1654/1494 2895/1655/1495 426/1538/1389 2910/1638/1478
f 424/1636/1476 2892/1635/1475 425/1639/1479
f 459/1656/1496 2912/1657/1497 427/1658/1498 2895/1655/1495
f 443/1659/1499 2896/1660/1500 411/1564/1414 2914/1649/1489
f 2874/1554/1405 409/1642/1482 2893/1641/1481 410/1555/1406
f 444/1661/1501 2917/1615/1455 412/1662/1415 2896/1660/1500
f 453/1663/1502 2906/1664/1503 421/1586/1431 2918/1619/1459
f 418/1520/1371 2894/1651/1491 419/1521/1372
f 464/1665/1504 2897/1666/1505 432/1541/1392 2907/1667/1506
f 2875/1533/1384 426/1538/1389 2895/1655/1495 427/1658/1498
f 433/1668/1507 2913/1669/1508 401/1542/1393 2897/1666/1505
f 445/1670/1509 2898/1671/1510 413/1530/1381 2917/1615/1455
f 411/1564/1414 2896/1660/1500 412/1662/1415
f 446/1672/1511 2920/1614/1454 414/1543/1394 2898/1671/1510
f 432/1541/1392 2897/1666/1505 401/1542/1393
f 461/1673/1512 2915/1609/1450 429/1570/1419 2899/1674/1513
f 2876/1531/1382 413/1530/1381 2898/1671/1510 414/1543/1394
f 448/1675/1514 2923/1633/1473 416/1548/1399 2900/1613/1453
f 2877/1569/1418 428/1676/1515 2899/1674/1513 429/1570/1419
f 435/1677/1516 2916/1608/1449 403/1516/1367 2901/1678/1517
f 2878/1545/1396 415/1544/1395 2900/1613/1453 416/1548/1399
f 402/1515/1366 2901/1678/1517 403/1516/1367
f 463/1679/1518 2907/1667/1506 431/1680/1519 2903/1681/1520
f 2880/1519/1370 417/1549/1400 2902/1632/1472 418/1520/1371
f 452/1682/1521 2918/1619/1459 420/1683/1430 2904/1653/1493
f 430/1610/1451 2903/1681/1520 431/1680/1519
f 437/1684/1522 2919/1625/1465 405/1624/1464 2905/1606/1447
f 2883/1584/1373 419/1521/1372 2904/1653/1493 420/1683/1430
f 454/1685/1523 2921/1618/1458 422/1409/1271 2906/1664/1503
f 404/1686/1448 2905/1606/1447 405/1624/1464
f 2884/1408/1270 421/1586/1431 2906/1664/1503 422/1409/1271
f 2885/1540/1391 431/1680/1519 2907/1667/1506 432/1541/1392
f 439/1687/1524 2922/1623/1463 407/1560/1411 2909/1688/1525
f 2887/1411/1273 423/1410/1272 2908/1617/1457 424/1636/1476
f 406/1559/1410 2909/1688/1525 407/1560/1411
f 2290/1689/1526 2849/1690/1527 1969/1691/1528
f 2888/1537/1388 425/1639/1479 2910/1638/1478 426/1538/1389
f 408/1622/1462 2911/1621/1461 409/1642/1482
f 427/1658/1498 2912/1657/1497 428/1692/1515
f 2889/1514/1365 401/1542/1393 2913/1669/1508 402/1515/1366
f 2890/1550/1401 410/1555/1406 2914/1649/1489 411/1564/1414
f 2176/1644/1484 2262/1693/1529 1903/1645/1485
f 466/1581/1428 2969/1580/1428 467/1579/1427 2932/1694/1530 435/1695/1516 434/1696/1531 433/1668/1507 2940/1697/1532 465/1698/1533 2949/1582/1429
f 2892/1635/1475 456/1634/1474 457/1637/1477
f 2042/1699/1534 1180/1700/1535 3893/1012/933 1195/1011/932 3869/1010/932 3870/1009/931 3894/1701/1536 2073/1702/1536 3872/1703/1537 2043/1704/1538 2053/1705/1539 3788/1706/1539 3786/1707/1539 2062/1708/1540 3813/1709/1534
f 2893/1641/1481 441/1640/1480 2936/1710/1541 442/1648/1488
f 479/1711/1542 2968/1712/1543 480/1713/1543 2959/1714/1544 481/1715/1545 2935/1716/1546 448/1675/1514 447/1612/1452 2934/1717/1547
f 2894/1651/1491 450/1650/1490 2937/1718/1548 451/1652/1492
f 2262/1693/1529 1930/1719/1549 1986/1720/1550 2261/1721/1551
f 2895/1655/1495 458/1654/1494 2938/1722/1552 459/1656/1496
f 493/1723/1553 2967/1724/1554 494/1725/1555 2924/1726/1556 460/1727/1557 459/1728/1496 2938/1722/1552 491/1729/1558 2948/1730/1553
f 2896/1660/1500 443/1731/1499 2939/1732/1559 444/1661/1501
f 2897/1666/1505 464/1665/1504 2940/1697/1532 433/1668/1507
f 2898/1671/1510 445/1733/1509 446/1672/1511
f 481/1715/1545 2970/1734/1560 482/1735/1561 2937/1718/1548 450/1650/1490 449/1631/1471 2935/1716/1546
f 2899/1674/1513 460/1736/1557 2924/1726/1556 461/1673/1512
f 2900/1613/1453 447/1612/1452 448/1675/1514
f 486/1737/1562 2957/1738/1563 487/1739/1564 2944/1740/1565 488/1741/1566 2929/1742/1567 455/1616/1456 454/1685/1523 2927/1743/1568
f 2901/1678/1517 434/1696/1531 435/1677/1516
f 484/1744/1569 2954/1745/1570 485/1746/1571 2942/1747/1571 486/1737/1562 2927/1743/1568 453/1748/1502 452/1749/1521 2925/1750/1572
f 2902/1632/1472 449/1631/1471 450/1650/1490
f 494/1725/1555 2951/1751/1573 495/1752/1574 2971/1753/1574 496/1754/1575 2928/1755/1576 463/1679/1518 462/1756/1577 461/1757/1512 2924/1726/1556
f 2290/1689/1526 2208/1758/1578 2288/1759/1579 2289/1760/1580 2287/1761/1581
f 2903/1681/1520 462/1756/1577 463/1679/1518
f 2904/1653/1493 451/1762/1492 2925/1750/1572 452/1682/1521
f 2905/1606/1447 436/1763/1446 2926/1764/1582 437/1684/1522
f 2906/1664/1503 453/1748/1502 2927/1743/1568 454/1685/1523
f 2907/1667/1506 463/1679/1518 2928/1755/1576 464/1665/1504
f 2169/1765/1583 1332/1501/1353 2161/1500/1352 1331/1766/1584 4169/1767/1585 2181/1768/1586 2183/62/61 2184/66/65 4175/1769/1587
f 2908/1617/1457 455/1616/1456 2929/1742/1567 456/1634/1474
f 478/1770/1588 2956/1771/1589 479/1711/1542 2934/1717/1547 446/1672/1511 445/1733/1509 2933/1772/1590 477/1773/1591 2966/1774/1592
f 2603/1775/287 1887/1776/1593 1844/1777/1594
f 2909/1688/1525 438/1778/1595 2930/1779/1596 439/1687/1524
f 2910/1638/1478 457/1637/1477 2931/1780/1597 458/1654/1494
f 2911/1621/1461 440/1620/1460 441/1640/1480
f 2912/1657/1497 459/1728/1496 460/1781/1557
f 2913/1669/1508 433/1668/1507 434/1696/1531
f 2914/1649/1489 442/1648/1488 443/1659/1499
f 490/1782/1598 2963/1783/1599 491/1729/1558 2938/1722/1552 458/1654/1494 2931/1780/1597
f 2915/1609/1450 461/1757/1512 462/1756/1577
f 2916/1608/1449 435/1695/1516 2932/1694/1530 436/1605/1446
f 2917/1615/1455 444/1784/1501 2933/1772/1590 445/1670/1509
f 2918/1619/1459 452/1785/1521 453/1663/1502
f 1833/1786/1600 2688/1787/1601 1832/1788/1602 4604/1789/1603 3591/1790/1604 2351/1791/1605
f 2919/1625/1465 437/1792/1522 438/1778/1595
f 2920/1614/1454 446/1672/1511 2934/1717/1547 447/1612/1452
f 2921/1618/1458 454/1685/1523 455/1616/1456
f 2922/1623/1463 439/1687/1524 440/1620/1460
f 2923/1633/1473 448/1675/1514 2935/1716/1546 449/1631/1471
f 2956/1771/1589 478/1770/1588 2966/1774/1592 2980/1793/1606 505/1794/1607
f 2987/1795/1608 2962/1796/1609 482/1735/1561 2970/1734/1560 481/1715/1545 2959/1714/1544
f 2961/1797/1610 501/1798/1611 2981/1799/1612 502/1800/1613 2950/1801/1614 474/1802/1615
f 2979/1803/1616 500/1627/1467 2945/1626/1466 470/1804/1617 2955/1805/1617 469/1806/1618 2941/1807/1619
f 2990/1808/1620 508/1809/1621 2957/1738/1563 486/1737/1562 2942/1747/1571 485/1746/1571 2954/1745/1570
f 512/1810/1622 2988/920/848 2943/919/847 496/1754/1575 2971/1753/1574 495/1752/1574 2951/1751/1573
f 2983/918/846 2949/1582/1429 465/1698/1533 2965/1811/1623 497/1812/1623 2943/919/847
f 1981/1813/1624 2712/1814/1625 2269/1815/1626
f 509/1816/1627 2960/1817/1628 488/1741/1566 2944/1740/1565
f 2939/1732/1559 475/1818/1629 2964/1819/1630 476/1820/1631 2953/1821/1631 477/1773/1591 2933/1772/1590 444/1822/1501
f 2993/1823/1632 2963/1783/1599 490/1782/1598 2946/1824/1633 489/1825/1633 2960/1817/1628
f 2973/1826/1634 501/1798/1611 2961/1797/1610 473/1827/1635 2947/1828/1636 472/1829/1636 2958/1629/1469
f 2974/153/147 510/1830/146 2967/1724/1554 493/1723/1553 2948/1730/1553 491/1729/1558 2963/1783/1599
f 470/1804/1617 2945/1626/1466 471/1630/1470 2930/1779/1596 438/1778/1595 437/1792/1522 2926/1764/1582 469/1806/1618 2955/1805/1617
f 1371/1831/1637 4227/1832/1638 4223/1833/1639 1366/1834/1640 4226/1835/1641
f 503/1836/1642 2982/1837/1643 504/1838/1644 2964/1819/1630 475/1818/1629 2950/1801/1614 502/1800/1613 2975/1839/1645
f 2967/1724/1554 510/1830/146 2984/151/145 511/161/145 2976/160/154 512/1810/1622 2951/1751/1573 494/1725/1555
f 2952/1578/1426 499/1577/1425 2977/1840/1646 2941/1807/1619 468/1841/1647
f 442/1648/1488 2936/1710/1541 473/1827/1635 2961/1797/1610 474/1802/1615 2950/1801/1614 475/1818/1629 2939/1732/1559 443/1731/1499
f 483/1842/1648 2972/1843/1648 484/1744/1569 2925/1750/1572 451/1762/1492 2937/1718/1548 482/1735/1561 2962/1796/1609
f 507/1844/1649 2989/1845/1650 2954/1745/1570 484/1744/1569 2972/1843/1648 483/1842/1648 2962/1796/1609
f 2926/1764/1582 436/1846/1446 2932/1694/1530 467/1579/1427 2952/1578/1426 468/1841/1647 2941/1807/1619 469/1806/1618
f 2958/1629/1469 2992/1628/1468 2995/1847/1651 517/1848/1652 2973/1826/1634
f 1348/1849/1653 1328/1850/1654 4115/1851/1655 1327/1852/1656 4177/1853/1657
f 2960/1817/1628 509/1816/1627 2991/1854/1658 528/1855/1659 2997/1856/1660 2993/1823/1632
f 506/1857/1661 523/1858/1662 2996/1859/1663 545/1860/1664 3006/1861/1665 524/1862/1666 2987/1795/1608 2959/1714/1544
f 2966/1774/1592 2978/1863/1667 521/1864/1668 3003/1865/1669 2980/1793/1606
f 2954/1745/1570 2989/1845/1650 3013/1866/1670 526/1867/1671 2990/1808/1620
f 2265/1868/1672 1930/1719/1549 2262/1693/1529 2176/1644/1484 2162/1643/1483
f 2953/1821/1631 476/1820/1631 2964/1819/1630 504/1869/1644 2978/1863/1667 2966/1774/1592 477/1773/1591
f 2130/120/118 2238/119/117 2239/344/327 2230/121/119
f 4611/1870/1673 2318/350/331 1802/114/112 4607/1871/111
f 2962/1796/1609 2987/1795/1608 524/1862/1666 3006/1861/1665 546/1872/1674 2999/1873/1675 525/1874/1676 507/1844/1649
f 3038/1875/1677 560/1876/1678 4378/1877/1679 3062/1878/1680 1532/1879/1681 4385/1880/1682 561/1881/1683
f 506/1857/1661 2959/1714/1544 480/1713/1543 2968/1712/1543 479/1711/1542 2956/1771/1589 505/1794/1607 2985/1882/1684
f 1811/1883/291 4678/298/290 3835/1884/1685 2061/1885/1686 3784/1886/1687 4662/1887/1688
f 2973/1826/1634 517/1848/1652 538/1888/1689 2998/1889/1690 518/1890/1691 2981/1799/1612 501/1798/1611
f 3013/1866/1670 547/1891/1692 3021/1892/1693 3007/1893/1694 526/1867/1671
f 4378/1877/1679 560/1876/1678 3020/1894/1695 3036/1895/1696
f 3745/1896/1697 1131/1897/1698 3715/1898/1699 1156/1899/1700 2015/1900/1701 3746/1901/1702 2035/1902/1703 3719/1903/1704 3722/1904/1704 3724/1905/1705 3721/1906/1706 3718/1907/1706 2036/1908/1707
f 3005/1909/1708 514/1910/1709 2986/1576/1424 498/1575/1423 513/1911/1710 3009/1912/1711 534/1913/1712
f 3001/1914/1713 520/1915/1714 2982/1837/1643 503/1836/1642 2975/1839/1645 519/1916/1715 3010/1917/1716 540/1918/1717
f 4232/1919/1718 1358/1920/1719 1339/1921/1720 4176/1922/1721
f 523/1858/1662 506/1857/1661 2985/1882/1684 522/1923/1722 3004/1924/1723 544/1925/1724 2996/1859/1663
f 1184/1926/1725 1196/1927/1726 1215/1928/1727 3972/1929/1728 1216/1930/1729 3929/1931/1730 1217/1932/1731 3974/1933/1732 1218/1934/1733 3864/1935/1734 1186/1936/1735 3877/1937/1735 1185/1938/1735 3895/1939/1735
f 531/921/849 2988/920/848 512/1810/1622 2976/160/154 530/159/153 3011/158/152 554/1940/1736
f 2990/1808/1620 526/1867/1671 3007/1893/1694 548/1941/1737 2994/1942/1738 527/1943/1739 508/1809/1621
f 2246/284/276 1834/283/275 1800/282/274 2783/1944/1740
f 542/491/465 3022/490/464 543/1945/1741 3004/1924/1723 522/1923/1722 2985/1882/1684 505/1794/1607 2980/1793/1606 3003/1865/1669
f 3012/1946/1742 515/1947/1743 2977/1840/1646 499/1577/1425 2986/1576/1424 514/1910/1709 3005/1909/1708 535/1948/1744
f 521/1864/1668 2978/1863/1667 504/1838/1644 2982/1837/1643 520/1915/1714 3001/1914/1713 541/1949/1745
f 4143/1950/1746 1340/1951/1747 4180/391/368 4113/390/367 1315/1952/1748
f 569/1953/1749 3033/1954/1750 546/1872/1674 3006/1861/1665 545/1860/1664 3039/1955/1751
f 3805/1956/829 3806/898/828 4670/1957/1752 1831/1958/1753 2763/1959/1754 4669/1960/1755 2830/1961/1756 2226/1962/1757 2365/1963/1758 1906/1646/1486 1903/1645/1485 2262/1693/1529 2261/1721/1551 2263/1964/1759 2264/1965/1760 2125/1966/1761 4664/1967/1762 3794/1968/1763 4665/1969/1763 3797/1970/1763 4666/1971/1763 2065/1972/1763 3844/1973/1763 3846/1974/1763 3848/1975/1203 3847/1976/1764 3850/1333/1202 3851/1977/1765 2069/1978/823 3804/900/829
f 1531/1979/1766 3044/1980/1767 4383/1981/1768 559/1982/1769
f 3038/1875/1677 561/1881/1683 3029/1983/1770 3012/1946/1742 535/1948/1744
f 3028/1984/1771 567/1985/1772 3035/1986/1773 541/1987/1745 3001/1914/1713 540/1918/1717
f 3614/1988/1774 3563/1989/1775 1411/1990/1776 3552/460/435 1996/459/434 3613/1991/1777 3615/1992/1778
f 552/1993/1779 3027/1994/1780 575/1995/1781 3024/156/150 3008/155/149
f 559/1982/1769 3015/1996/1782 554/1940/1736 3011/158/152 553/157/151
f 568/1997/1783 544/1925/1724 3004/1924/1723 543/1945/1741 3037/1998/1784
f 2100/1999/1785 2133/2000/1786 2138/2001/1787 4043/2002/1788 4042/2003/1788 4044/2004/1788 2141/2005/1789 1233/2006/1790 4009/2007/1791 4006/2008/1792 4002/2009/1792 3999/2010/1793 2108/2011/1794
f 565/2012/1795 3032/2013/1796 539/2014/1797 2998/1889/1690 538/1888/1689 3019/2015/1798
f 3032/2013/1796 566/2016/1799 3028/1984/1771 540/1918/1717 3010/1917/1716 539/2014/1797
f 3064/2017/1800 607/2018/1801 3068/2019/1802 4383/1981/1768 3044/1980/1767 606/2020/1803
f 4390/2021/1804 572/2022/1805 558/2023/1806 3042/2024/1807 1542/2025/1808 3050/2026/1809 1543/2027/1810
f 3673/2028/1811 2036/1908/1707 3718/1907/1706 3721/1906/1706 3724/1905/1705 2002/2029/1812 3675/2030/1813
f 3014/2031/1814 536/2032/1815 3041/2033/1816 563/2034/1817 556/2035/1818 3017/2036/1819
f 552/1993/1779 3000/2037/1820 551/2038/1821 3018/2039/1822 3034/2040/1823 574/2041/1824 3027/1994/1780
f 3036/1895/1696 3020/1894/1695 533/2042/1825 3002/923/851 555/922/850 3025/2043/1826 576/2044/1827
f 1539/2045/1828 556/2035/1818 563/2034/1817 4391/2046/1829 1538/2047/1830 3048/2048/1831
f 531/921/849 554/1940/1736 3015/1996/1782 3025/2043/1826 555/922/850
f 578/2049/1832 3062/1878/1680 4378/1877/1679 3058/2050/1833 577/2051/1834 3074/2052/1835
f 3031/2053/1836 1546/2054/1837 3071/2055/1838 1549/2056/1839 3034/2040/1823 3018/2039/1822 550/2057/1840
f 1458/2058/1841 3518/2059/1842 3534/2060/1843 1460/2061/1844 4306/2062/1845 1039/2063/1846 1038/2064/1847 1037/2065/1848 4300/2066/1849
f 1887/1776/1593 2603/1775/287 2346/2067/286 3792/2068/1850 4663/2069/1851 3790/2070/1852 4667/2071/1853
f 3040/2072/1854 1536/2073/1855 3047/2074/1856 1537/2075/1857 4392/2076/1858 571/2077/1859 3021/1892/1693 547/2078/1692 3016/2079/1860
f 572/2022/1805 4390/2021/1804 1543/2027/1810 3069/2080/1861 1545/2081/1862 4381/2082/1863 573/2083/1864 3026/2084/1865
f 559/1982/1769 4383/1981/1768 3068/2019/1802 1551/2085/1866 4382/2086/1867 576/2044/1827 3025/2043/1826 3015/1996/1782
f 3032/2013/1796 565/2012/1795 4380/2087/1868 3054/2088/1869 1529/2089/1870 4388/2090/1871 566/2016/1799
f 3034/2040/1823 1549/2056/1839 3056/2091/1872 1550/2092/1873 4379/2093/1874 574/2041/1824
f 2526/826/760 1896/828/762 1897/1216/1110 2495/1215/1109 2479/2094/1875
f 3027/1994/1780 574/2041/1824 4379/2093/1874 1550/2092/1873 3073/2095/1876 1552/2096/1877 4386/2097/1878 575/2098/1781
f 3774/2099/1879 4657/2100/1880 3775/2101/1881
f 3035/1986/1773 567/1985/1772 4394/2102/1882 1530/2103/1883 3057/2104/1884 1534/2105/1885
f 4394/2102/1882 567/1985/1772 3028/1984/1771 566/2016/1799 4388/2090/1871 1529/2089/1870 3043/2106/1886 1530/2103/1883
f 4393/2107/1887 562/2108/1888 3029/1983/1770 561/1881/1683 4385/1880/1682 1532/1879/1681 3045/2109/1889 1533/2110/1890
f 3796/696/635 3795/2111/1891 3792/2068/1850 2346/2067/286 1942/2112/1892 2078/2113/283 4668/2114/1893 1904/688/628 2165/2115/1894 2657/481/456 2857/480/455 4683/2116/1895 4682/2117/1896 3843/697/636
f 3022/490/464 1540/489/463 3049/2118/1897 1541/2119/1898 3037/1998/1784 543/1945/1741
f 557/492/466 541/1987/1745 3035/1986/1773 1534/2120/1885 3046/2121/1899 1535/487/461
f 2792/343/326 1867/342/325 1836/122/120
f 3039/1955/1751 4389/2122/1900 3063/2123/1901 1547/2124/1902 4384/2125/1903 569/1953/1749
f 3040/2072/1854 570/2126/1904 4387/2127/1905 1548/2128/1906 3065/2129/1907 1536/2130/1855
f 3031/2053/1836 573/2083/1864 4381/2082/1863 1545/2081/1862 3053/2131/1908 1546/2054/1837
f 3042/2024/1807 571/2077/1859 4392/2076/1858 1537/2075/1857 3067/2132/1909 1542/2025/1808
f 4387/2127/1905 570/2126/1904 3033/1954/1750 569/1953/1749 4384/2125/1903 1547/2124/1902 3055/2133/1910 1548/2128/1906
f 585/2134/1911 3054/2088/1869 4380/2087/1868 3051/2135/1912 584/2136/1913 3072/2137/1914
f 536/2032/1815 515/1947/1743 3012/1946/1742 3029/1983/1770 562/2138/1888 3041/2033/1816
f 3037/1998/1784 1541/2119/1898 3061/2139/1915 4389/2122/1900 568/1997/1783
f 3041/2033/1816 562/2108/1888 4393/2107/1887 1533/2140/1890 3066/2141/1916 1538/2047/1830 4391/2046/1829 563/2034/1817
f 586/2142/1917 3043/2106/1886 1529/2089/1870 3054/2088/1869
f 3043/2106/1886 586/2142/1917 3078/2143/1918 587/2144/1919
f 621/2145/1920 3090/2146/1921 589/2147/1922 3081/2148/1923
f 1530/2103/1883 3043/2106/1886 587/2144/1919 3057/2104/1884
f 628/2149/1924 3082/2150/1925 596/2151/1926 3096/2152/1927
f 605/2153/1928 3044/1980/1767 1531/1979/1766 3060/2154/1929
f 3044/1980/1767 605/2153/1928 3079/2155/1930 606/2020/1803
f 629/2156/1931 3099/2157/1932 597/2158/1933 3082/2150/1925
f 579/2159/1934 3045/2109/1889 1532/1879/1681 3062/1878/1680
f 3045/2109/1889 579/2159/1934 3100/2160/1935 580/2161/1936
f 614/2162/1937 3104/2163/1938 582/2164/1939 3103/2165/1940
f 1533/2110/1890 3045/2109/1889 580/2166/1936 3066/2141/1916
f 622/2167/1941 3083/2168/1942 590/2169/1943 3090/2146/1921
f 1554/1455/1309 4426/1394/1256 1553/1403/1265 2835/1402/1264
f 588/2170/1944 3046/2121/1899 1534/2105/1885 3057/2104/1884
f 3046/2121/1899 588/2170/1944 3081/2148/1923 589/2147/1922
f 623/2171/1945 3092/2172/1946 591/2173/1947 3083/2168/1942
f 1535/487/461 3046/2121/1899 589/2147/1922 3059/488/462
f 630/2174/1948 3084/2175/1949 598/2176/1950 3099/2157/1932
f 596/2177/1926 3047/2074/1856 1536/2130/1855 3065/2129/1907
f 3047/2074/1856 596/2177/1926 3082/2150/1925 597/2158/1933
f 631/2178/1951 3102/2179/1952 599/2180/1953 3084/2175/1949
f 1537/2075/1857 3047/2074/1856 597/2158/1933 3067/2132/1909
f 581/2181/1954 3048/2048/1831 1538/2047/1830 3066/2141/1916
f 3048/2048/1831 581/2181/1954 3103/2165/1940 582/2164/1939
f 1539/2045/1828 3048/2048/1831 582/2164/1939 3070/2182/1955
f 624/2183/1956 3085/2184/1957 592/2185/1958 3092/2172/1946
f 590/2169/1943 3049/2118/1897 1540/489/463 3059/488/462
f 3049/2118/1897 590/2169/1943 3083/2168/1942 591/2173/1947
f 625/2186/1959 3094/2187/1960 593/2188/1961 3085/2184/1957
f 1541/2119/1898 3049/2118/1897 591/2173/1947 3061/2139/1915
f 632/2189/1962 3086/2190/1963 600/2191/1964 3102/2179/1952
f 598/2176/1950 3050/2026/1809 1542/2025/1808 3067/2132/1909
f 3050/2026/1809 598/2176/1950 3084/2175/1949 599/2180/1953
f 633/2192/1965 3105/2193/1966 601/2194/1967 3086/2190/1963
f 1543/2027/1810 3050/2026/1809 599/2180/1953 3069/2080/1861
f 583/2195/1968 3051/2135/1912 1544/2196/1969 3070/2182/1955
f 3051/2135/1912 583/2195/1968 3106/2197/1970 584/2136/1913
f 618/2198/1971 3078/2143/1918 586/2142/1917 3077/2199/1972
f 626/2200/1973 3087/2201/1974 594/2202/1975 3094/2187/1960
f 3052/2203/1976 592/2185/1958 3085/2184/1957 593/2188/1961
f 627/2204/1977 3096/2152/1927 595/2205/1978 3087/2201/1974
f 4389/2122/1900 3061/2139/1915 592/2185/1958 3052/2203/1976 593/2188/1961 3063/2123/1901
f 634/2206/1979 3088/2207/1980 602/2208/1981 3105/2193/1966
f 600/2191/1964 3053/2131/1908 1545/2081/1862 3069/2080/1861
f 3053/2131/1908 600/2191/1964 3086/2190/1963 601/2194/1967
f 1546/2054/1837 3053/2131/1908 601/2194/1967 3071/2055/1838
f 2507/577/171 1899/2209/172 2216/2210/173 1912/578/172
f 3054/2088/1869 585/2134/1911 3077/2199/1972 586/2142/1917
f 620/2211/1982 3081/2148/1923 588/2212/1944 3080/2213/1983
f 594/2202/1975 3055/2133/1910 1547/2124/1902 3063/2123/1901
f 3055/2133/1910 594/2202/1975 3087/2201/1974 595/2205/1978
f 1548/2128/1906 3055/2133/1910 595/2205/1978 3065/2129/1907
f 640/2214/1984 3089/2215/1985 608/2216/1986 3101/2217/1987
f 602/2208/1981 3056/2091/1872 1549/2056/1839 3071/2055/1838
f 3056/2091/1872 602/2208/1981 3088/2207/1980 603/2218/1988
f 609/2219/1989 3097/2220/1990 577/2051/1834 3089/2215/1985
f 1550/2092/1873 3056/2091/1872 603/2218/1988 3073/2095/1876
f 3057/2104/1884 587/2144/1919 3080/2213/1983 588/2212/1944
f 608/2216/1986 3058/2050/1833 1551/2085/1866 3068/2019/1802
f 610/2221/1991 3093/2222/1992 578/2049/1832 3097/2220/1990
f 3058/2050/1833 608/2216/1986 3089/2215/1985 577/2051/1834
f 3059/488/462 589/2147/1922 3090/2146/1921 590/2169/1943
f 604/2223/1993 3060/2154/1929 1552/2224/1877 3073/2095/1876
f 3060/2154/1929 604/2223/1993 3091/2225/1994 605/2153/1928
f 611/2226/1995 3100/2160/1935 579/2159/1934 3093/2222/1992
f 3061/2139/1915 591/2173/1947 3092/2172/1946 592/2185/1958
f 3062/1878/1680 578/2049/1832 3093/2222/1992 579/2159/1934
f 639/2227/1996 3101/2217/1987 607/2018/1801 3095/2228/1997
f 3063/2123/1901 593/2188/1961 3094/2187/1960 594/2202/1975
f 3064/2017/1800 606/2020/1803 3095/2228/1997 607/2018/1801
f 613/2229/1998 3103/2165/1940 581/2181/1954 3098/2230/1999
f 3065/2129/1907 595/2205/1978 3096/2152/1927 596/2151/1926
f 3066/2141/1916 580/2166/1936 3098/2230/1999 581/2181/1954
f 3067/2132/1909 597/2158/1933 3099/2157/1932 598/2176/1950
f 3068/2019/1802 607/2018/1801 3101/2217/1987 608/2216/1986
f 615/2231/2000 3106/2197/1970 583/2195/1968 3104/2163/1938
f 3069/2080/1861 599/2180/1953 3102/2179/1952 600/2191/1964
f 3070/2182/1955 582/2164/1939 3104/2163/1938 583/2195/1968
f 617/2232/2001 3077/2199/1972 585/2134/1911 3075/2233/2002
f 3071/2055/1838 601/2194/1967 3105/2193/1966 602/2208/1981
f 636/2234/2003 3091/2225/1994 604/2235/1993 3076/2236/2004
f 3072/2137/1914 584/2136/1913 3075/2233/2002 585/2134/1911
f 619/2237/2005 3080/2213/1983 587/2144/1919 3078/2143/1918
f 3073/2095/1876 603/2218/1988 3076/2236/2004 604/2235/1993
f 638/2238/2006 3095/2228/1997 606/2020/1803 3079/2155/1930
f 3074/2052/1835 577/2051/1834 3097/2220/1990 578/2049/1832
f 630/2174/1948 3099/2157/1932 629/2156/1931 3118/2239/2007 648/2240/2007 3136/2241/2008 674/2242/2009 3125/2243/2010 675/2244/2011 3139/2245/2012 676/2246/2013 3127/2247/2014 649/2248/2015 3112/2249/2015 631/2178/1951 3084/2175/1949
f 3990/2250/2016 2107/2251/2017 2140/2252/2018 4068/2253/2019 4070/2254/2020 2151/2255/2020 4091/2256/2020 4093/2257/2021 2133/2000/1786 2100/1999/1785 3935/2258/2022 1232/2259/2016
f 719/2260/2023 3201/2261/2024 687/2262/2025 3181/2263/2026
f 3112/2249/2015 649/2248/2015 3127/2247/2014 677/2264/2027 678/2265/2028 3128/2266/2029 650/2267/2030 3113/2268/2030 634/2206/1979 3105/2193/1966 633/2192/1965 3086/2190/1963 632/2189/1962 3102/2179/1952 631/2178/1951
f 3694/417/393 3622/421/397 1989/2269/2031 3692/2270/2032 3693/2271/2033
f 626/2200/1973 3094/2187/1960 625/2186/1959 3108/2272/2034 646/2273/2034 3141/2274/2035 670/2275/2036 671/2276/2037 3143/2277/2038 647/2278/2039 3109/2279/2039 627/2204/1977 3087/2201/1974
f 628/2149/1924 3096/2152/1927 627/2204/1977 3109/2279/2039 647/2278/2039 3143/2277/2038 672/2280/2040 673/2281/2041 3136/2241/2008 648/2240/2007 3118/2239/2007 629/2156/1931 3082/2150/1925
f 2553/2282/2042 1833/1786/1600 2426/2283/2043 1969/1691/1528
f 4260/2284/2044 1437/2285/2045 3409/2286/2045 936/2287/2046 3435/2288/2047 3425/2289/2048 937/2290/2049 1438/2291/2050 4270/2292/2051 909/2293/2052
f 3133/2294/2053 652/2295/2054 3116/2296/2054 638/2238/2006 3079/2155/1930 637/2297/2055 3091/2225/1994 636/2234/2003 3114/2298/2056 651/2299/2056 3130/2300/2057 681/2301/2058 682/2302/2059
f 686/2303/2060 3155/2304/2061 654/2305/2062 3171/2306/2063
f 3124/2307/2064 684/2308/2065 3126/2309/2066 685/2310/2067 3120/2311/2068 653/2312/2069 3110/2313/2069 640/2214/1984 3101/2217/1987 639/2227/1996 3095/2228/1997 638/2238/2006 3116/2296/2054 652/2295/2054 3133/2294/2053 683/2314/2070
f 657/2315/2071 658/2316/2072 3137/2317/2073 642/2318/2074 3119/2319/2074 613/2229/1998 3098/2230/1999 612/2320/2075 3100/2160/1935 611/2226/1995 3117/2321/2076 641/2322/2076 3134/2323/2077
f 718/2324/2078 3181/2263/2026 686/2303/2060 3197/2325/2079
f 688/2326/2080 3158/2327/2081 656/2328/2082 3175/2329/2083
f 3120/2311/2068 685/2330/2067 3171/2306/2063 654/2331/2062
f 701/2332/2084 3165/2333/2085 669/2334/2086 3174/2335/2087
f 3121/2336/2088 666/2337/2089 3172/2338/2090 667/2339/2091
f 681/2301/2058 3173/2340/2092 682/2302/2059
f 703/2341/2093 3168/2342/2094 671/2343/2037 3176/2344/2095
f 3122/2345/2096 668/2346/2097 3174/2335/2087 669/2347/2086
f 715/2348/2098 3145/2349/2099 683/2350/2070 3157/2351/2100
f 3123/2352/2101 655/2353/2102 3175/2329/2083 656/2328/2082
f 716/2354/2103 3149/2355/2104 684/2356/2065 3145/2349/2099
f 704/2357/2105 3146/2358/2106 672/2280/2040 3168/2342/2094
f 670/2359/2036 3176/2344/2095 671/2276/2037
f 705/2360/2107 3160/2361/2108 673/2281/2041 3146/2358/2106
f 689/2362/2109 3147/2363/2110 657/2315/2071 3158/2327/2081
f 691/2364/2111 3151/2365/2112 659/2366/2113 3161/2367/2114
f 3124/2307/2064 683/2350/2070 3145/2349/2099 684/2308/2065
f 690/2368/2115 3161/2367/2114 658/2316/2072 3147/2363/2110
f 706/2369/2116 3148/2370/2117 674/2242/2009 3160/2361/2108
f 672/2280/2040 3146/2358/2106 673/2281/2041
f 707/2371/2118 3163/2372/2119 675/2373/2011 3148/2370/2117
f 657/2315/2071 3147/2363/2110 658/2316/2072
f 717/2374/2120 3171/2306/2063 685/2330/2067 3149/2355/2104
f 708/2375/2121 3150/2376/2122 676/2377/2013 3163/2372/2119
f 3125/2243/2010 674/2242/2009 3148/2370/2117 675/2244/2011
f 709/2378/2123 3166/2379/2124 677/2380/2027 3150/2376/2122
f 3126/2309/2066 684/2356/2065 3149/2355/2104 685/2310/2067
f 692/2381/2125 3164/2382/2126 660/2383/2127 3151/2365/2112
f 3127/2247/2014 676/2377/2013 3150/2376/2122 677/2264/2027
f 711/2384/2128 3169/2385/2129 679/2386/2130 3152/2387/2131
f 693/2388/2132 3153/2389/2133 661/2390/2134 3164/2382/2126
f 659/2366/2113 3151/2365/2112 660/2391/2127
f 694/2392/2135 3167/2393/2136 662/2394/2137 3153/2389/2133
f 712/2395/2138 3154/2396/2139 680/2397/2140 3169/2385/2129
f 3128/2266/2029 678/2398/2028 3152/2387/2131 679/2399/2130
f 713/2400/2141 3173/2340/2092 681/2301/2058 3154/2396/2139
f 695/2401/2142 3156/2402/2143 663/2403/2144 3167/2393/2136
f 3129/2404/2145 661/2390/2134 3153/2389/2133 662/2405/2137
f 696/2406/2146 3170/2407/2147 664/2408/2148 3156/2402/2143
f 714/2409/2149 3157/2351/2100 682/2302/2059 3173/2340/2092
f 3130/2300/2057 680/2397/2140 3154/2396/2139 681/2301/2058
f 3131/2410/2150 654/2305/2062 3155/2304/2061 655/2411/2102
f 3132/2412/2151 663/2403/2144 3156/2402/2143 664/2408/2148
f 698/2413/2152 3172/2338/2090 666/2337/2089 3159/2414/2153
f 3133/2294/2053 682/2302/2059 3157/2351/2100 683/2314/2070
f 3134/2323/2077 656/2328/2082 3158/2327/2081 657/2315/2071
f 3135/2415/2154 665/2416/2155 3159/2414/2153 666/2337/2089
f 700/2417/2156 3174/2335/2087 668/2346/2097 3162/2418/2157
f 3136/2241/2008 673/2281/2041 3160/2361/2108 674/2242/2009
f 3137/2317/2073 658/2316/2072 3161/2367/2114 659/2419/2113
f 3138/2420/2158 667/2421/2091 3162/2418/2157 668/2422/2097
f 702/2423/2159 3176/2344/2095 670/2359/2036 3165/2333/2085
f 3139/2245/2012 675/2373/2011 3163/2372/2119 676/2246/2013
f 3140/2424/2160 660/2383/2127 3164/2382/2126 661/2425/2134
f 3141/2274/2035 669/2334/2086 3165/2333/2085 670/2275/2036
f 677/2380/2027 3166/2379/2124 678/2265/2028
f 3142/2426/2161 662/2394/2137 3167/2393/2136 663/2427/2144
f 3143/2277/2038 671/2343/2037 3168/2342/2094 672/2280/2040
f 679/2386/2130 3169/2385/2129 680/2397/2140
f 3144/2428/2162 664/2408/2148 3170/2407/2147 665/2416/2155
f 723/2429/2163 3177/2430/2164 691/2364/2111 3187/2431/2165
f 3145/2349/2099 715/2348/2098 3203/2432/2166 716/2354/2103
f 739/2433/2167 3189/2434/2168 707/2371/2118 3206/2435/2169
f 3146/2358/2106 704/2357/2105 3204/2436/2170 705/2437/2107
f 3147/2363/2110 689/2362/2109 3205/2438/2171 690/2368/2115
f 741/2439/2172 3192/2440/2173 709/2378/2123 3208/2441/2174
f 3148/2370/2117 706/2369/2116 3206/2435/2169 707/2371/2118
f 3149/2355/2104 716/2354/2103 3207/2442/2175 717/2374/2120
f 724/2443/2176 3190/2444/2177 692/2381/2125 3177/2430/2164
f 742/2445/2178 3178/2446/2179 710/2447/2180 3192/2440/2173
f 3150/2376/2122 708/2375/2121 3208/2441/2174 709/2378/2123
f 743/2448/2181 3195/2449/2182 711/2384/2128 3178/2446/2179
f 725/2450/2183 3179/2451/2184 693/2388/2132 3190/2444/2177
f 3151/2365/2112 691/2364/2111 3177/2430/2164 692/2381/2125
f 726/2452/2185 3193/2453/2186 694/2392/2135 3179/2451/2184
f 744/2454/2187 3180/2455/2188 712/2395/2138 3195/2449/2182
f 750/2456/2189 3197/2325/2079 717/2374/2120 3207/2442/2175
f 3152/2387/2131 710/2447/2180 3178/2446/2179 711/2384/2128
f 745/2457/2190 3199/2458/2191 713/2459/2141 3180/2455/2188
f 727/2460/2192 3182/2461/2193 695/2401/2142 3193/2453/2186
f 3153/2389/2133 693/2388/2132 3179/2451/2184 694/2392/2135
f 728/2462/2194 3196/2463/2195 696/2406/2146 3182/2461/2193
f 746/2464/2196 3183/2465/2197 714/2409/2149 3199/2458/2191
f 3154/2396/2139 712/2395/2138 3180/2455/2188 713/2459/2141
f 748/2466/2198 3203/2432/2166 715/2348/2098 3183/2465/2197
f 720/2467/2199 3184/2468/2200 688/2326/2080 3201/2261/2024
f 3155/2304/2061 686/2303/2060 3181/2263/2026 687/2262/2025
f 721/2469/2201 3205/2438/2171 689/2470/2109 3184/2468/2200
f 729/2471/2202 3185/2472/2203 697/2473/2204 3196/2463/2195
f 3156/2402/2143 695/2401/2142 3182/2461/2193 696/2406/2146
f 730/2474/2205 3198/2475/2206 698/2413/2152 3185/2472/2203
f 737/2476/2207 3186/2477/2208 705/2437/2107 3204/2436/2170
f 3157/2351/2100 714/2409/2149 3183/2465/2197 715/2348/2098
f 738/2478/2209 3206/2435/2169 706/2369/2116 3186/2477/2208
f 3158/2327/2081 688/2326/2080 3184/2468/2200 689/2470/2109
f 3159/2414/2153 697/2479/2204 3185/2472/2203 698/2413/2152
f 732/2480/2210 3200/2481/2211 700/2417/2156 3188/2482/2212
f 3160/2361/2108 705/2360/2107 3186/2477/2208 706/2369/2116
f 740/2483/2213 3208/2441/2174 708/2375/2121 3189/2434/2168
f 3161/2367/2114 690/2368/2115 3187/2431/2165 691/2364/2111
f 3162/2418/2157 699/2484/2214 3188/2482/2212 700/2417/2156
f 734/2485/2215 3202/2486/2216 702/2423/2159 3191/2487/2217
f 3163/2372/2119 707/2371/2118 3189/2434/2168 708/2375/2121
f 3164/2382/2126 692/2381/2125 3190/2444/2177 693/2388/2132
f 3165/2333/2085 701/2332/2084 3191/2487/2217 702/2423/2159
f 736/2488/2218 3204/2436/2170 704/2357/2105 3194/2489/2219
f 3166/2379/2124 709/2378/2123 3192/2440/2173 710/2447/2180
f 3167/2393/2136 694/2392/2135 3193/2453/2186 695/2401/2142
f 3168/2342/2094 703/2341/2093 3194/2489/2219 704/2357/2105
f 3169/2385/2129 711/2384/2128 3195/2449/2182 712/2395/2138
f 3170/2407/2147 696/2406/2146 3196/2463/2195 697/2473/2204
f 3171/2306/2063 717/2374/2120 3197/2325/2079 686/2303/2060
f 3172/2338/2090 698/2413/2152 3198/2475/2206 699/2484/2214
f 3173/2340/2092 713/2400/2141 3199/2458/2191 714/2409/2149
f 3174/2335/2087 700/2417/2156 3200/2481/2211 701/2332/2084
f 3175/2329/2083 687/2262/2025 3201/2261/2024 688/2326/2080
f 749/2490/2220 3207/2442/2175 716/2354/2103 3203/2432/2166
f 3176/2344/2095 702/2423/2159 3202/2486/2216 703/2341/2093
f 3177/2430/2164 723/2429/2163 724/2443/2176
f 3178/2446/2179 742/2445/2178 743/2448/2181
f 3179/2451/2184 725/2450/2183 726/2452/2185
f 3180/2455/2188 744/2454/2187 745/2457/2190
f 3181/2263/2026 718/2324/2078 719/2260/2023
f 3182/2461/2193 727/2460/2192 728/2462/2194
f 3183/2465/2197 746/2464/2196 3215/2491/2221 748/2466/2198
f 3184/2468/2200 720/2467/2199 3209/2492/2222 721/2469/2201
f 2527/749/685 164/805/741 2555/892/822 204/926/854 2586/925/853 205/956/884 2557/955/883 165/911/839
f 3185/2472/2203 729/2471/2202 730/2474/2205
f 3186/2477/2208 737/2476/2207 738/2478/2209
f 3187/2431/2165 722/2493/2223 723/2429/2163
f 2873/2494/2224 1804/2495/2225 2571/2496/2226 2387/2497/2226 2388/2498/2227 1841/2499/2228
f 3188/2482/2212 731/2500/2229 732/2480/2210
f 3189/2434/2168 739/2433/2167 3210/2501/2230 740/2483/2213
f 3190/2444/2177 724/2443/2176 725/2450/2183
f 3191/2487/2217 733/2502/2231 734/2485/2215
f 3192/2440/2173 741/2439/2172 742/2445/2178
f 3193/2453/2186 726/2452/2185 727/2460/2192
f 3194/2489/2219 735/2503/2232 736/2488/2218
f 3195/2449/2182 743/2448/2181 744/2454/2187
f 3196/2463/2195 728/2462/2194 3211/2504/2233 729/2471/2202
f 3197/2325/2079 750/2456/2189 718/2324/2078
f 3198/2475/2206 730/2474/2205 731/2500/2229
f 3199/2458/2191 745/2457/2190 3212/2505/2234 746/2464/2196
f 3200/2481/2211 732/2480/2210 733/2502/2231
f 3201/2261/2024 719/2260/2023 720/2467/2199
f 3202/2486/2216 734/2485/2215 3213/2506/2235 735/2503/2232
f 3203/2432/2166 748/2466/2198 749/2490/2220
f 3204/2436/2170 736/2488/2218 737/2476/2207
f 3205/2438/2171 721/2469/2201 3214/2507/2236 722/2493/2223
f 3206/2435/2169 738/2478/2209 739/2433/2167
f 3207/2442/2175 749/2490/2220 750/2456/2189
f 3208/2441/2174 740/2483/2213 741/2439/2172
f 818/2508/2237 3275/2509/2238 786/2510/2239 3291/2511/2240
f 4363/2512/2241 1525/2513/2242 3257/2514/2243 796/2515/2244 3265/2516/2245 1527/2517/2246 4349/2518/2247 764/2519/2248
f 1577/1474/1328 4414/1473/1327 1576/1480/1333
f 800/2520/2249 3248/2521/2250 1509/2522/2251 4377/2523/2252 768/2524/2253 4357/2525/2254 1508/2526/2255 3262/2527/2256
f 762/2528/2257 3216/2529/2258 1490/2530/2259 3234/2531/2260
f 3216/2529/2258 762/2528/2257 4352/2532/2261 763/2533/2262
f 3216/2529/2258 763/2533/2262 3237/2534/2263
f 771/2535/2264 3217/2536/2265 1491/2537/2266 3225/2538/2267
f 3217/2536/2265 771/2535/2264 4351/2539/2268 772/2540/2269
f 1492/2541/2270 3217/2536/2265 772/2540/2269 3227/2542/2271
f 779/2543/2272 3218/2544/2273 1493/2545/2274 3233/2546/2275
f 3218/2544/2273 779/2543/2272 4350/2547/2276 780/2548/2277
f 3235/2549/2278 3218/2544/2273 780/2548/2277
f 764/2519/2248 3219/2550/2279 1494/2551/2280 3237/2534/2263
f 3219/2550/2279 764/2519/2248 4349/2518/2247 765/2552/2281
f 799/2553/2282 3262/2527/2256 1508/2526/2255 4357/2525/2254 767/2554/2283 4347/2555/2284 1528/2556/2285 3267/2557/2286
f 1495/2558/2287 3219/2550/2279 765/2559/2281 3240/2560/2288
f 785/2561/2289 3220/2562/2290 1496/2563/2291 3230/2564/2292
f 3220/2562/2290 785/2561/2289 4348/2565/2293 754/2566/2294
f 3236/2567/2295 3220/2562/2290 754/2566/2294
f 766/2568/2296 3221/2569/2297 3240/2560/2288
f 3221/2569/2297 766/2568/2296 4347/2555/2284 767/2554/2283
f 1497/2570/2298 3221/2569/2297 767/2554/2283 3243/2571/2299
f 781/2572/2300 3222/2573/2301 1498/2574/2302 3235/2549/2278
f 3222/2573/2301 781/2572/2300 4346/2575/2303 782/2576/2304
f 3238/2577/2305 3222/2573/2301 782/2576/2304
f 768/2524/2253 3223/2578/2306 3243/2571/2299
f 3223/2578/2306 768/2524/2253 4377/2523/2252 769/2579/2307
f 1499/2580/2308 3223/2578/2306 769/2579/2307 3246/2581/2309
f 755/2582/2310 3224/2583/2311 1500/2584/2312 3236/2567/2295
f 3224/2583/2311 755/2582/2310 4376/2585/2313 756/2586/2314
f 3239/2587/2315 3224/2583/2311 756/2586/2314
f 770/2588/2316 3225/2538/2267 3246/2581/2309
f 3225/2538/2267 770/2588/2316 4375/2589/2317 771/2535/2264
f 783/2590/2318 3226/2591/2319 1501/2592/2320 3238/2577/2305
f 3226/2591/2319 783/2590/2318 4374/2593/2321 784/2594/2322
f 3230/2564/2292 3226/2591/2319 784/2594/2322
f 3227/2542/2271 772/2540/2269 4373/2595/2323 773/2596/2324
f 3241/2597/2325 3227/2542/2271 773/2598/2324
f 757/2599/2326 3228/2600/2327 1502/2601/2328 3239/2587/2315
f 3228/2600/2327 757/2599/2326 4372/2602/2329 758/2603/2330
f 1503/2604/2331 3228/2600/2327 758/2603/2330 3242/2605/2332
f 774/2606/2333 3229/2607/2334 1504/2608/2335 3241/2597/2325
f 3229/2607/2334 774/2606/2333 4371/2609/2336 775/2610/2337
f 1505/2611/2338 3229/2607/2334 775/2610/2337 3244/2612/2339
f 3230/2564/2292 784/2594/2322 4370/2613/2340 785/2561/2289
f 776/2614/2341 3231/2615/2342 3244/2612/2339
f 3231/2615/2342 776/2614/2341 4369/2616/2343 777/2617/2344
f 1506/2618/2345 3231/2615/2342 777/2617/2344 3247/2619/2346
f 759/2620/2347 3232/2621/2348 3242/2605/2332
f 3232/2621/2348 759/2620/2347 4368/2622/2349 760/2623/2350
f 1507/2624/2351 3232/2621/2348 760/2623/2350 3245/2625/2352
f 778/2626/2353 3233/2546/2275 3247/2619/2346
f 3233/2546/2275 778/2626/2353 4367/2627/2354 779/2543/2272
f 761/2628/2355 3234/2531/2260 3245/2625/2352
f 3234/2531/2260 761/2628/2355 4366/2629/2356 762/2528/2257
f 3235/2549/2278 780/2548/2277 4365/2630/2357 781/2631/2300
f 1512/2632/2358 4374/2593/2321 783/2590/2318 4362/2633/2359 1526/2634/2360 3258/2635/2361 815/2636/2362 3251/2637/2363
f 3236/2567/2295 754/2566/2294 4364/2638/2364 755/2582/2310
f 3237/2534/2263 763/2533/2262 4363/2512/2241 764/2519/2248
f 3238/2577/2305 782/2576/2304 4362/2633/2359 783/2590/2318
f 3239/2587/2315 756/2586/2314 4361/2639/2365 757/2640/2326
f 4358/2641/2366 1515/2642/2367 3261/2643/2368 791/2644/2369 3253/2645/2370 1520/2646/2371 4368/2622/2349 759/2620/2347
f 3240/2560/2288 765/2559/2281 4360/2647/2372 766/2568/2296
f 3241/2597/2325 773/2598/2324 4359/2648/2373 774/2606/2333
f 1519/2649/2374 4369/2616/2343 776/2614/2341 4356/2650/2375 1517/2651/2376 3263/2652/2377 808/2653/2378 3252/2654/2379
f 3242/2605/2332 758/2603/2330 4358/2641/2366 759/2620/2347
f 3243/2571/2299 767/2554/2283 4357/2525/2254 768/2524/2253
f 3244/2612/2339 775/2610/2337 4356/2650/2375 776/2614/2341
f 3245/2625/2352 760/2623/2350 4355/2655/2380 761/2628/2355
f 3246/2581/2309 769/2579/2307 4354/2656/2381 770/2588/2316
f 3247/2619/2346 777/2617/2344 4353/2657/2382 778/2626/2353
f 3248/2521/2250 800/2520/2249 3294/2658/2383 801/2659/2384
f 1509/2522/2251 3248/2521/2250 801/2659/2384 802/2660/2385 3250/2661/2386 1511/2662/2387 4375/2589/2317 770/2588/2316 4354/2656/2381 769/2579/2307 4377/2523/2252
f 4364/2638/2364 754/2566/2294 4348/2565/2293 1518/2663/2388 3266/2664/2389 786/2510/2239 787/2665/2390 3249/2666/2391 1510/2667/2392 4376/2585/2313 755/2582/2310
f 3249/2666/2391 787/2665/2390 3295/2668/2393 788/2669/2394
f 3250/2661/2386 802/2660/2385 3296/2670/2395 803/2671/2396
f 3251/2637/2363 815/2636/2362 3297/2672/2397 816/2673/2398
f 838/2674/2399 3268/2675/2400 806/2676/2401 3280/2677/2402
f 1513/2678/2403 3264/2679/2404 804/2680/2405 805/2681/2406 3260/2682/2407 1516/2683/2408 4359/2648/2373 773/2596/2324 4373/2595/2323 772/2540/2269 4351/2539/2268
f 804/2680/2405 3298/2684/2409 805/2685/2406
f 839/2686/2410 3283/2687/2411 807/2688/2412 3268/2675/2400
f 848/2689/2413 3269/2690/2414 816/2673/2398 3297/2672/2397
f 1514/2691/2415 3259/2692/2416 789/2693/2417 790/2694/2418 3261/2643/2368 1515/2642/2367 4358/2641/2366 758/2603/2330 4372/2602/2329 757/2640/2326 4361/2639/2365
f 789/2693/2417 3299/2695/2419 790/2694/2418
f 849/2696/2420 3291/2511/2240 817/2697/2421 3269/2690/2414
f 840/2698/2422 3270/2699/2423 808/2653/2378 3283/2687/2411
f 806/2676/2401 3268/2675/2400 807/2688/2412
f 841/2700/2424 3286/2701/2425 809/2702/2426 3270/2699/2423
f 4371/2609/2336 774/2606/2333 4359/2648/2373 1516/2683/2408 3260/2682/2407 806/2676/2401 807/2688/2412 3263/2652/2377 1517/2651/2376 4356/2650/2375 775/2610/2337
f 816/2673/2398 3269/2690/2414 817/2697/2421
f 824/2703/2427 3284/2704/2428 792/2705/2429 3271/2706/2430
f 4370/2613/2340 784/2594/2322 4374/2593/2321 1512/2632/2358 3251/2637/2363 816/2673/2398 817/2697/2421 3266/2664/2389 1518/2663/2388 4348/2565/2293 785/2561/2289
f 842/2707/2431 3272/2708/2432 810/2709/2433 3286/2701/2425
f 3252/2654/2379 808/2653/2378 3270/2699/2423 809/2702/2426
f 843/2710/2434 3289/2711/2435 811/2712/2436 3272/2708/2432
f 1519/2649/2374 3252/2654/2379 809/2702/2426 810/2709/2433 3254/2713/2437 1521/2714/2438 4367/2627/2354 778/2626/2353 4353/2657/2382 777/2617/2344 4369/2616/2343
f 825/2715/2439 3273/2716/2440 793/2717/2441 3284/2704/2428
f 3253/2645/2370 791/2644/2369 3271/2706/2430 792/2705/2429
f 826/2718/2442 3287/2719/2443 794/2720/2444 3273/2716/2440
f 844/2721/2445 3274/2722/2446 812/2723/2447 3289/2711/2435
f 3254/2713/2437 810/2709/2433 3272/2708/2432 811/2712/2436
f 845/2724/2448 3293/2725/2449 813/2726/2450 3274/2722/2446
f 827/2727/2451 3276/2728/2452 795/2729/2453 3287/2719/2443
f 4355/2655/2380 760/2623/2350 4368/2622/2349 1520/2646/2371 3253/2645/2370 792/2705/2429 793/2717/2441 3255/2730/2454 1522/2731/2455 4366/2629/2356 761/2628/2355
f 3255/2730/2454 793/2717/2441 3273/2716/2440 794/2720/2444
f 828/2732/2456 3290/2733/2457 796/2515/2244 3276/2728/2452
f 846/2734/2458 3277/2735/2459 814/2736/2460 3293/2725/2449
f 4350/2547/2276 779/2543/2272 4367/2627/2354 1521/2714/2438 3254/2713/2437 811/2712/2436 812/2723/2447 3256/2737/2461 1523/2738/2462 4365/2630/2357 780/2548/2277
f 3256/2737/2461 812/2723/2447 3274/2722/2446 813/2726/2450
f 847/2739/2463 3297/2672/2397 815/2636/2362 3277/2735/2459
f 1524/2740/2464 3256/2737/2461 813/2741/2450 814/2736/2460 3258/2635/2361 1526/2634/2360 4362/2633/2359 782/2576/2304 4346/2575/2303 781/2631/2300 4365/2630/2357
f 820/2742/2465 3278/2743/2466 788/2669/2394 3295/2668/2393
f 786/2510/2239 3275/2509/2238 787/2665/2390
f 821/2744/2467 3299/2695/2419 789/2745/2417 3278/2743/2466
f 4352/2532/2261 762/2528/2257 4366/2629/2356 1522/2731/2455 3255/2730/2454 794/2720/2444 795/2729/2453 3257/2514/2243 1525/2513/2242 4363/2512/2241 763/2533/2262
f 3257/2514/2243 795/2729/2453 3276/2728/2452 796/2515/2244
f 830/2746/2468 3292/2747/2469 798/2748/2470 3279/2749/2471
f 837/2750/2472 3280/2677/2402 805/2685/2406 3298/2684/2409
f 3258/2635/2361 814/2736/2460 3277/2735/2459 815/2636/2362
f 3259/2692/2416 788/2669/2394 3278/2743/2466 789/2745/2417
f 797/2751/2473 3279/2749/2471 798/2748/2470
f 832/2752/2474 3294/2658/2383 800/2520/2249 3282/2753/2475
f 4360/2647/2372 765/2552/2281 4349/2518/2247 1527/2517/2246 3265/2516/2245 797/2751/2473 798/2748/2470 3267/2557/2286 1528/2556/2285 4347/2555/2284 766/2568/2296
f 3260/2682/2407 805/2681/2406 3280/2677/2402 806/2676/2401
f 833/2754/2476 3285/2755/2477 801/2659/2384 3294/2658/2383
f 3261/2643/2368 790/2694/2418 3281/2756/2478 791/2644/2369
f 1524/2740/2464 4365/2630/2357 1523/2738/2462 3256/2737/2461
f 3262/2527/2256 799/2553/2282 3282/2753/2475 800/2520/2249
f 834/2757/2479 3296/2670/2395 802/2660/2385 3285/2755/2477
f 3263/2652/2377 807/2688/2412 3283/2687/2411 808/2653/2378
f 792/2705/2429 3284/2704/2428 793/2717/2441
f 801/2659/2384 3285/2755/2477 802/2660/2385
f 836/2758/2480 3298/2684/2409 804/2680/2405 3288/2759/2481
f 809/2702/2426 3286/2701/2425 810/2709/2433
f 794/2720/2444 3287/2719/2443 795/2729/2453
f 3264/2679/2404 803/2671/2396 3288/2759/2481 804/2680/2405
f 811/2712/2436 3289/2711/2435 812/2723/2447
f 3265/2516/2245 796/2515/2244 3290/2733/2457 797/2760/2473
f 3266/2664/2389 817/2697/2421 3291/2511/2240 786/2510/2239
f 3267/2557/2286 798/2748/2470 3292/2747/2469 799/2553/2282
f 813/2741/2450 3293/2725/2449 814/2736/2460
f 873/2761/2482 3312/2762/2483 841/2700/2424 3328/2763/2484
f 3268/2675/2400 838/2674/2399 3326/2764/2485 839/2686/2410
f 3269/2690/2414 848/2689/2413 3327/2765/2486 849/2696/2420
f 875/2766/2487 3315/2767/2488 843/2710/2434 3330/2768/2489
f 3270/2699/2423 840/2698/2422 3328/2763/2484 841/2700/2424
f 858/2769/2490 3313/2770/2491 826/2718/2442 3331/2771/2492
f 3271/2706/2430 823/2772/2493 3329/2773/2494 824/2703/2427
f 876/2774/2495 3300/2775/2496 844/2721/2445 3315/2767/2488
f 881/2776/2497 3317/2777/2498 849/2696/2420 3327/2765/2486
f 3272/2708/2432 842/2707/2431 3330/2768/2489 843/2710/2434
f 877/2778/2499 3319/2779/2500 845/2780/2448 3300/2775/2496
f 859/2781/2501 3302/2782/2502 827/2727/2451 3313/2770/2491
f 3273/2716/2440 825/2715/2439 3331/2771/2492 826/2718/2442
f 860/2783/2503 3316/2784/2504 828/2732/2456 3302/2782/2502
f 878/2785/2505 3303/2786/2506 846/2734/2458 3319/2779/2500
f 3274/2722/2446 844/2721/2445 3300/2775/2496 845/2780/2448
f 879/2787/2507 3323/2788/2508 847/2739/2463 3303/2786/2506
f 852/2789/2509 3304/2790/2510 820/2742/2465 3321/2791/2511
f 3275/2509/2238 818/2508/2237 3301/2792/2512 819/2793/2513
f 853/2794/2514 3325/2795/2515 821/2796/2467 3304/2790/2510
f 861/2797/2516 3305/2798/2517 829/2799/2518 3316/2784/2504
f 3276/2728/2452 827/2727/2451 3302/2782/2502 828/2732/2456
f 862/2800/2519 3318/2801/2520 830/2746/2468 3305/2798/2517
f 869/2802/2521 3306/2803/2522 837/2804/2472 3324/2805/2523
f 3277/2735/2459 846/2734/2458 3303/2786/2506 847/2739/2463
f 870/2806/2524 3326/2764/2485 838/2674/2399 3306/2803/2522
f 854/2807/2525 3307/2808/2526 822/2809/2527 3325/2795/2515
f 3278/2743/2466 820/2742/2465 3304/2790/2510 821/2796/2467
f 855/2810/2528 3329/2773/2494 823/2772/2493 3307/2808/2526
f 863/2811/2529 3308/2812/2530 831/2813/2531 3318/2801/2520
f 3279/2749/2471 829/2814/2518 3305/2798/2517 830/2746/2468
f 864/2815/2532 3320/2816/2533 832/2752/2474 3308/2812/2530
f 871/2817/2534 3309/2818/2535 839/2686/2410 3326/2764/2485
f 3280/2677/2402 837/2750/2472 3306/2803/2522 838/2674/2399
f 872/2819/2536 3328/2763/2484 840/2698/2422 3309/2818/2535
f 3281/2756/2478 822/2809/2527 3307/2808/2526 823/2772/2493
f 857/2820/2537 3331/2771/2492 825/2715/2439 3310/2821/2538
f 3282/2753/2475 831/2813/2531 3308/2812/2530 832/2752/2474
f 866/2822/2539 3322/2823/2540 834/2757/2479 3311/2824/2541
f 3283/2687/2411 839/2686/2410 3309/2818/2535 840/2698/2422
f 874/2825/2542 3330/2768/2489 842/2707/2431 3312/2762/2483
f 3284/2704/2428 824/2703/2427 3310/2821/2538 825/2715/2439
f 3285/2755/2477 833/2754/2476 3311/2824/2541 834/2757/2479
f 868/2826/2543 3324/2805/2523 836/2758/2480 3314/2827/2544
f 3286/2701/2425 841/2700/2424 3312/2762/2483 842/2707/2431
f 3287/2719/2443 826/2718/2442 3313/2770/2491 827/2727/2451
f 3288/2759/2481 835/2828/2545 3314/2827/2544 836/2758/2480
f 3289/2711/2435 843/2710/2434 3315/2767/2488 844/2721/2445
f 3290/2733/2457 828/2732/2456 3316/2784/2504 829/2799/2518
f 3291/2511/2240 849/2696/2420 3317/2777/2498 818/2508/2237
f 3292/2747/2469 830/2746/2468 3318/2801/2520 831/2813/2531
f 3293/2725/2449 845/2724/2448 3319/2779/2500 846/2734/2458
f 3294/2658/2383 832/2752/2474 3320/2816/2533 833/2754/2476
f 3295/2668/2393 819/2793/2513 3321/2791/2511 820/2742/2465
f 880/2829/2546 3327/2765/2486 848/2689/2413 3323/2788/2508
f 3296/2670/2395 834/2757/2479 3322/2823/2540 835/2828/2545
f 3297/2672/2397 847/2739/2463 3323/2788/2508 848/2689/2413
f 3298/2684/2409 836/2758/2480 3324/2805/2523 837/2804/2472
f 3299/2695/2419 821/2744/2467 3325/2795/2515 822/2809/2527
f 882/2830/2547 3344/2831/2548 851/2832/2549 3356/2833/2550
f 3300/2775/2496 876/2834/2495 3355/2835/2551 877/2778/2499
f 895/2836/2552 3346/2837/2553 879/2787/2507 3358/2838/2554
f 3301/2792/2512 850/2839/2555 3356/2833/2550 851/2832/2549
f 3341/2840/2556 862/2841/2519 3360/2842/2557
f 3302/2782/2502 859/2781/2501 3357/2843/2558 860/2783/2503
f 3348/2844/2559 853/2794/2514 3359/2845/2560
f 3303/2786/2506 878/2846/2505 3358/2838/2554 879/2787/2507
f 3304/2790/2510 852/2847/2509 3359/2845/2560 853/2794/2514
f 888/2848/2561 3343/2849/2562 864/2815/2532 3363/2850/2563
f 3305/2798/2517 861/2797/2516 3360/2842/2557 862/2800/2519
f 3349/2851/2564 3332/2852/2565 871/2817/2534
f 3306/2803/2522 869/2802/2521 3361/2853/2566 870/2806/2524
f 3351/2854/2567 872/2819/2536 3332/2852/2565
f 3333/2855/2568 856/2856/2569 3352/2857/2570
f 3307/2808/2526 854/2858/2525 3362/2859/2571 855/2810/2528
f 3354/2860/2572 857/2820/2537 3333/2855/2568
f 889/2861/2573 3334/2862/2574 865/2863/2575 3343/2849/2562
f 3308/2812/2530 863/2811/2529 3363/2850/2563 864/2815/2532
f 3345/2864/2576 866/2822/2539 3334/2862/2574
f 892/2865/2577 3335/2866/2578 873/2761/2482 3351/2854/2567
f 3309/2818/2535 871/2817/2534 3332/2852/2565 872/2819/2536
f 893/2867/2579 3353/2868/2580 874/2825/2542 3335/2866/2578
f 3336/2869/2581 858/2769/2490 3354/2860/2572
f 3310/2821/2538 856/2856/2569 3333/2855/2568 857/2820/2537
f 886/2870/2582 3357/2843/2558 859/2781/2501 3336/2869/2581
f 3337/2871/2583 867/2872/2584 3345/2864/2576
f 3311/2824/2541 865/2863/2575 3334/2862/2574 866/2822/2539
f 890/2873/2585 3347/2874/2586 868/2875/2543 3337/2871/2583
f 3338/2876/2587 875/2766/2487 3353/2868/2580
f 3312/2762/2483 873/2761/2482 3335/2866/2578 874/2825/2542
f 3355/2835/2551 876/2834/2495 3338/2876/2587
f 887/2877/2588 3339/2878/2589 860/2879/2503 3357/2843/2558
f 3313/2770/2491 858/2769/2490 3336/2869/2581 859/2781/2501
f 3360/2842/2557 861/2797/2516 3339/2878/2589
f 3349/2851/2564 870/2880/2524 3361/2853/2566
f 3314/2827/2544 867/2872/2584 3337/2871/2583 868/2826/2543
f 3340/2881/2590 881/2776/2497 3350/2882/2591
f 3315/2767/2488 875/2766/2487 3338/2876/2587 876/2774/2495
f 3356/2833/2550 850/2839/2555 3340/2881/2590
f 3316/2784/2504 860/2879/2503 3339/2878/2589 861/2797/2516
f 3363/2850/2563 863/2811/2529 3341/2840/2556
f 3317/2777/2498 881/2776/2497 3340/2881/2590 850/2839/2555
f 894/2883/2592 3358/2838/2554 878/2846/2505 3342/2884/2593
f 3318/2801/2520 862/2841/2519 3341/2840/2556 863/2811/2529
f 1391/2885/2594 4215/2886/2595 1351/2887/2596 4194/2888/2597 1350/2889/2598 4179/2890/2599 1349/2891/2600
f 3319/2779/2500 877/2778/2499 3342/2884/2593 878/2785/2505
f 3359/2845/2560 852/2847/2509 3344/2831/2548
f 3320/2816/2533 864/2815/2532 3343/2849/2562 865/2863/2575
f 3321/2791/2511 851/2832/2549 3344/2831/2548 852/2789/2509
f 3350/2882/2591 880/2829/2546 3346/2837/2553
f 3322/2823/2540 866/2822/2539 3345/2864/2576 867/2872/2584
f 891/2892/2601 3361/2853/2566 869/2802/2521 3347/2874/2586
f 3323/2788/2508 879/2787/2507 3346/2837/2553 880/2829/2546
f 883/2893/2602 3362/2859/2571 854/2858/2525 3348/2844/2559
f 3324/2805/2523 868/2875/2543 3347/2874/2586 869/2802/2521
f 3325/2795/2515 853/2794/2514 3348/2844/2559 854/2807/2525
f 3326/2764/2485 870/2880/2524 3349/2851/2564 871/2817/2534
f 3327/2765/2486 880/2829/2546 3350/2882/2591 881/2776/2497
f 3328/2763/2484 872/2819/2536 3351/2854/2567 873/2761/2482
f 3329/2773/2494 855/2810/2528 3352/2857/2570 856/2856/2569
f 3330/2768/2489 874/2825/2542 3353/2868/2580 875/2766/2487
f 3331/2771/2492 857/2820/2537 3354/2860/2572 858/2769/2490
f 884/2894/2603 3352/2857/2570 855/2810/2528 3362/2859/2571
f 889/2861/2573 4294/2895/2604 1441/2896/2605 3367/2897/2606 911/2898/2607 3390/2899/2608 912/2900/2609 3369/2901/2610 913/2902/2611 3393/2903/2612 914/2904/2613 3371/2905/2614 1444/2906/2615 4293/2907/2616 890/2873/2585 3337/2871/2583 3345/2864/2576 3334/2862/2574
f 3335/2866/2578 892/2865/2577 4288/2908/2617 893/2867/2579
f 951/2909/2618 3418/2910/2619 928/2911/2620 3434/2912/2621
f 3626/2913/2622 1109/2914/2623 3665/2915/2624 1133/2916/2625 3761/2917/2626 1134/2918/2627 3670/2919/2628
f 3775/2101/1881 4657/2100/1880 3773/2920/2629 3771/2921/2630 2781/2922/2631 2780/2923/2632 2247/2924/305 2823/312/304 2535/2925/2633 1859/310/302 2536/309/301 2662/2926/2634 2297/2927/298
f 893/2867/2579 4288/2908/2617 1446/2928/2635 3391/2929/2636 920/2930/2637 3377/2931/2638 921/2932/2639 3394/2933/2640 922/2934/2641 3379/2935/2642 923/2936/2643 3366/2937/2644 924/2938/2645 3382/2939/2646 1443/2940/2647 4290/2941/2648 894/2883/2592 3342/2884/2593 3355/2835/2551 3338/2876/2587 3353/2868/2580
f 2641/347/329 1835/2942/115 1936/2943/114 1802/114/112
f 3343/2849/2562 888/2848/2561 4294/2895/2604 889/2861/2573
f 3347/2874/2586 890/2873/2585 4293/2907/2616 891/2892/2601
f 3368/2944/2649 898/2945/2650 3383/2946/2651 899/2947/2652 3372/2948/2653 900/2949/2654 3386/2950/2655 1445/2951/2656 4289/2952/2657 883/2893/2602 3348/2844/2559 3359/2845/2560 3344/2831/2548 882/2830/2547 4292/2953/2658 1442/2954/2658 3380/2955/2659 897/2956/2660
f 1447/2957/2661 4291/2958/2662 886/2870/2582 3336/2869/2581 3354/2860/2572 3333/2855/2568 3352/2857/2570 884/2894/2603 4289/2952/2657 1445/2951/2656 3386/2950/2655 901/2959/2663 3376/2960/2664 902/2961/2665 3389/2962/2666 903/2963/2667 3378/2964/2668 904/2965/2669 3392/2966/2670 905/2967/2671 3381/2968/2672
f 373/1217/1111 4398/1208/1102 374/1387/1251 2812/1386/1250 349/1392/1169 348/1241/1128 2822/1361/1225
f 4229/2969/2673 1384/2970/2674 1379/2971/2675 1375/2972/2676 4228/2973/2677 1380/2974/2678
f 398/1568/1417 2852/1430/1290 1562/2975/1289 4422/1420/1282 1561/1470/1324 2850/1471/1325 397/1534/1385 2875/1533/1384 427/1658/1498 428/1676/1515 2877/2976/1418
f 2160/2977/2679 1330/2978/2680 4194/2888/2597 1351/2887/2596 4181/2979/2681
f 3357/2843/2558 886/2870/2582 4291/2958/2662 887/2877/2588
f 3358/2838/2554 894/2883/2592 4290/2941/2648 895/2836/2552
f 1234/2980/2682 4012/1002/924 1206/1001/923 3956/2981/2683
f 1230/2982/2684 3973/2983/2685 1202/2984/2686 3911/2985/2687
f 3362/2859/2571 883/2893/2602 4289/2952/2657 884/2894/2603
f 3991/2986/2688 3986/2987/2689 3988/2988/2690 3992/2989/2691 2119/2990/2692
f 3364/2991/2693 927/2992/2694 4261/2993/2695 896/2994/2696
f 3549/69/67 1961/68/66 3571/67/66 3601/79/77 3602/2995/2697 1967/1574/1422 3633/108/106 1999/107/105 3566/420/396 1406/2996/2698
f 3979/413/389 3975/412/388 2111/2997/387 3976/2998/2699 3980/2999/2700 3983/3000/2701
f 3365/3001/2702 908/3002/2703 4260/2284/2044 909/2293/2052
f 3905/3003/2704 2095/3004/2704 2096/3005/2705 2087/3006/2706 3898/3007/2707 2097/3008/2708 3906/3009/2709 2098/59/58 3907/58/57 1211/57/56 3899/3010/2710 2088/3011/2711 3863/3012/2712 3861/3013/2712 3859/3014/2712 3856/3015/2713 3872/1703/1537 2073/1702/1536 3894/1701/1536 3870/1009/931 2086/1008/930 3909/3016/2704 1210/3017/2704
f 2251/3018/2714 2828/3019/2715 1828/3020/2716
f 3366/2937/2644 923/2936/2643 4259/3021/2717 924/2938/2645
f 3637/3022/2718 1109/2914/2623 3626/2913/2622 1097/1484/1337 1088/1483/1336 3542/3023/2719 1396/3024/2720 3553/3025/2721
f 1439/3026/2722 3411/3027/2722 938/3028/2723 3428/3029/2724 939/3030/2725 3413/3031/2726 1440/3032/2726 4256/3033/2727 912/2900/2609 4267/3034/2085 911/2898/2607 4258/3035/2728
f 3367/2897/2606 910/3036/2729 4258/3035/2728 911/2898/2607
f 2704/670/611 4632/669/611 2847/668/610 1808/3037/2730 2846/671/612
f 3368/2944/2649 897/2956/2660 4257/3038/2731 898/2945/2650
f 4057/398/374 4096/1524/1375 4106/1526/1377 2136/3039/2732 4034/399/375
f 3369/2901/2610 912/2900/2609 4256/3033/2727 913/2902/2611
f 3019/2015/1798 538/1888/1689 517/1848/1652 2995/1847/1651 537/3040/2733 3030/3041/2734
f 3370/3042/2735 925/3043/2736 4287/3044/2737 926/3045/2738
f 3594/3046/2739 3620/3047/2740 1998/3048/2740 3672/3049/2741 3674/3050/2742 1991/3051/2742 1992/3052/2743 1086/3053/2744 3557/3054/2745 3572/3055/2746 1959/3056/2747 3587/3057/2748 3585/3058/2749 3586/3059/2750 1973/3060/2751 1972/3061/2752 3596/3062/2753
f 2041/1336/1204 2051/1335/1204 3848/1975/1203 3846/1974/1763 3844/3063/1763 2065/1972/1763 4666/1971/1763 3797/1970/1763 4665/1969/1763 3794/1968/1763 4664/1967/1762 2040/1338/1205 3897/1337/1204
f 3371/2905/2614 914/2904/2613 4286/3064/2754 915/3065/2755
f 3372/2948/2653 899/2947/2652 4285/3066/2756 900/2949/2654
f 2188/3067/2757 4211/3068/2758 1391/2885/2594 1349/2891/2600 4205/3069/2759 4204/3070/2760
f 3373/3071/2761 916/3072/2762 4284/3073/2117 917/3074/2763
f 3374/3075/2764 926/3045/2738 4283/3076/2765 927/2992/2694
f 3375/3077/2766 918/3078/2767 4282/3079/2768 919/3080/2769
f 3949/3081/2770 3945/3082/2771 3943/395/371 3946/394/370
f 3421/3083/2772 930/3084/2773 3398/3085/2774 1422/3086/2774 4285/3066/2756 899/3087/2652 4274/3088/2775 898/2945/2650 4257/3038/2731 1434/3089/2776 3412/3090/2776 929/3091/2777 3438/3092/2778
f 3376/2960/2664 901/2959/2663 4281/3093/2779 902/2961/2665
f 3377/2931/2638 920/2930/2637 4280/3094/2780 921/2932/2639
f 2503/565/530 1900/3095/529 2210/3096/2781 1907/566/531
f 3378/2964/2668 903/2963/2667 4279/3097/2782 904/2965/2669
f 3379/2935/2642 922/2934/2641 4278/3098/2783 923/3099/2643
f 3380/2955/2659 896/2994/2696 4277/3100/2061 897/2956/2660
f 3381/2968/2672 905/2967/2671 4276/3101/2143 906/3102/2784
f 3382/2939/2646 924/2938/2645 4275/3103/2785 925/3043/2736
f 4284/3073/2117 916/3072/2762 4272/3104/2786 1424/3105/2787 3403/3106/2787 942/3107/2788 3443/3108/2789 943/3109/2790 3404/3110/2791 1425/3111/2791 4269/3112/2792 917/3074/2763
f 3383/2946/2651 898/2945/2650 4274/3088/2775 899/3087/2652
f 3599/3113/2793 1957/3114/2794 3598/3115/2795 1977/823/757
f 3384/3116/2796 907/3117/2797 4273/3118/2798 908/3002/2703
f 3385/3119/2799 915/3120/2755 4272/3104/2786 916/3072/2762
f 3386/2950/2655 900/2949/2654 4271/3121/2800 901/2959/2663
f 1427/3122/2801 3399/3123/2801 932/3124/2802 3427/3125/2803 933/3126/2804 3401/3127/2805 1430/3128/2805 4279/3097/2782 903/2963/2667 4268/3129/2126 902/2961/2665 4281/3093/2779
f 3387/3130/2806 909/2293/2052 4270/2292/2051 910/3036/2729
f 3388/3131/2807 917/3074/2763 4269/3112/2792 918/3078/2767
f 3389/2962/2666 902/2961/2665 4268/3129/2126 903/2963/2667
f 4276/3101/2143 905/2967/2671 4265/3132/2808 1435/3133/2809 3406/3134/2809 934/3135/2810 3419/3136/2811 935/3137/2812 3407/3138/2813 1436/3139/2813 4262/3140/2814 906/3102/2784
f 3390/2899/2608 911/2898/2607 4267/3034/2085 912/2900/2609
f 3391/2929/2636 919/3080/2769 4266/3141/2815 920/2930/2637
f 3392/2966/2670 904/2965/2669 4265/3132/2808 905/2967/2671
f 3393/2903/2612 913/2902/2611 4264/3142/2816 914/2904/2613
f 3394/2933/2640 921/2932/2639 4263/3143/2817 922/2934/2641
f 4277/3100/2061 896/2994/2696 4261/2993/2695 1433/3144/2818 3408/3145/2818 928/2911/2620 3418/2910/2619 929/3091/2777 3412/3090/2776 1434/3089/2776 4257/3038/2731 897/2956/2660
f 3395/3146/2819 906/3102/2784 4262/3140/2814 907/3147/2797
f 1421/3148/2820 4286/3064/2754 914/2904/2613 4264/3142/2816 1420/3149/2821 940/3150/2822 3431/3151/2823 3441/3152/2824 941/3153/2825 3397/3154/2820
f 957/3155/2826 3427/3125/2803 932/3124/2802 3414/3156/2827
f 975/3157/2828 3415/3158/2829 945/3159/2830 3429/3160/2831
f 4285/3066/2756 1422/3086/2774 3398/3085/2774 930/3084/2773 3442/3161/2832 3424/3162/2833 931/3163/2834 1423/3164/2835 4271/3121/2800 900/2949/2654
f 976/3165/2836 3432/3166/2837 946/3167/2838 3415/3158/2829
f 958/3168/2839 3416/3169/2840 933/3126/2804 3427/3125/2803
f 1427/3122/2801 4281/3093/2779 901/2959/2663 4271/3121/2800 1423/3164/2835 931/3163/2834 3414/3156/2827 932/3124/2802 3399/3123/2801
f 959/3170/2841 3430/3171/2842 3416/3169/2840
f 977/3172/2843 3417/3173/2844 947/3174/2845 3432/3166/2837
f 1429/3175/2846 4280/3094/2780 920/2930/2637 4266/3141/2815 1428/3176/2847 3405/3177/2847 945/3159/2830 3415/3158/2829 946/3167/2838 3400/3178/2846
f 978/3179/2848 3436/3180/2849 948/3181/2850 3417/3173/2844
f 960/3182/2851 3419/3136/2811 934/3135/2810 3430/3171/2842
f 961/3183/2852 3433/3184/2853 935/3137/2812 3419/3136/2811
f 979/3185/2854 3420/3186/2855 3436/3180/2849
f 4278/3098/2783 1431/3187/2856 3402/3188/2856 947/3174/2845 3417/3173/2844 948/3189/2850 3410/3190/2857 1432/3191/2857 4259/3021/2717 923/3099/2643
f 980/3192/2858 3440/3193/2859 949/3194/2860 3420/3186/2855
f 953/3195/2861 3421/3083/2772 3438/3092/2778
f 954/3196/2862 3442/3161/2832 930/3197/2773 3421/3083/2772
f 962/3198/2863 3422/3199/2864 3433/3184/2853
f 963/3200/2865 3435/2288/2047 936/2287/2046 3422/3199/2864
f 964/3201/2866 3425/2289/2048 3435/2288/2047
f 970/3202/2867 3423/3203/2868 941/3153/2825 3441/3152/2824
f 4262/3140/2814 1436/3139/2813 3407/3138/2813 935/3137/2812 3433/3184/2853 3422/3199/2864 936/2287/2046 3409/2286/2045 1437/2285/2045 4260/2284/2044 908/3002/2703 4273/3118/2798 907/3147/2797
f 971/3204/2869 3443/3108/2789 942/3107/2788 3423/3203/2868
f 965/3205/2870 3437/3206/2871 937/2290/2049 3425/2289/2048
f 1421/3148/2820 3397/3154/2820 941/3207/2825 3423/3203/2868 942/3107/2788 3403/3106/2787 1424/3105/2787 4272/3104/2786 915/3065/2755 4286/3064/2754
f 973/3208/2872 3445/3209/2873 944/3210/2874 3426/3211/2875
f 966/3212/2876 3428/3029/2724 938/3028/2723 3437/3206/2871
f 4287/3044/2737 1418/3213/2877 3396/3214/2877 949/3194/2860 3440/3193/2859 3444/3215/2878 950/3216/2879 1419/3217/2880 4283/3076/2765 926/3045/2738
f 1428/3176/2847 4266/3141/2815 919/3080/2769 4282/3079/2768 1426/3218/2881 944/3210/2874 3445/3209/2873 3429/3160/2831 945/3159/2830 3405/3177/2847
f 967/3219/2882 3439/3220/2883 939/3030/2725 3428/3029/2724
f 1024/3221/2884 4298/3222/2885 1463/3223/2886 3535/3224/2887 3524/3225/2888 1466/3226/2889 3538/3227/2890 1468/3228/2891 4297/3229/2892 1025/3230/2893
f 4269/3112/2792 1425/3111/2791 3404/3110/2791 943/3109/2790 3426/3211/2875 944/3210/2874 1426/3218/2881 4282/3079/2768 918/3078/2767
f 968/3231/2894 3431/3151/2823 940/3150/2822 3439/3220/2883
f 969/3232/2895 3441/3152/2824 3431/3151/2823
f 3110/2313/2069 653/2312/2069 3120/2311/2068 654/2331/2062 3131/2410/2150 655/2411/2102 3123/2352/2101 656/2328/2082 3134/2323/2077 641/2322/2076 3117/2321/2076 611/2226/1995 3093/2222/1992 610/2221/1991 3097/2220/1990 609/2219/1989 3089/2215/1985 640/2214/1984
f 1433/3144/2818 4261/2993/2695 927/2992/2694 4283/3076/2765 1419/3217/2880 950/3216/2879 3434/2912/2621 928/2911/2620 3408/3145/2818
f 4270/2292/2051 1438/2291/2050 937/2290/2049 3437/3206/2871 938/3028/2723 3411/3027/2722 1439/3026/2722 4258/3035/2728 910/3036/2729
f 4259/3021/2717 1432/3191/2857 3410/3190/2857 948/3189/2850 3436/3180/2849 3420/3186/2855 949/3194/2860 3396/3214/2877 1418/3213/2877 4287/3044/2737 925/3043/2736 4275/3103/2785 924/2938/2645
f 981/3233/2896 3444/3215/2878 3440/3193/2859
f 4256/3033/2727 1440/3032/2726 3413/3031/2726 939/3030/2725 3439/3220/2883 940/3150/2822 1420/3149/2821 4264/3142/2816 913/2902/2611
f 991/3234/2897 3455/3235/2898 959/3170/2841 3473/3236/2899
f 3414/3156/2827 956/3237/2900 3471/3238/2901 957/3155/2826
f 1014/3239/2902 3459/3240/2903 982/3241/2904 3469/3242/2905
f 3415/3158/2829 975/3157/2828 3472/3243/2906 976/3165/2836
f 993/3244/2907 3458/3245/2908 961/3183/2852 3476/3246/2909
f 3416/3169/2840 958/3168/2839 3473/3236/2899 959/3170/2841
f 1915/3247/2910 1909/3248/2911 2282/3249/2912 2283/3250/2913 4600/3251/2914
f 984/3252/2915 3463/3253/2916 952/3254/2917 3475/3255/2918
f 3417/3173/2844 977/3172/2843 3474/3256/2919 978/3257/2848
f 985/3258/2920 3446/3259/2921 953/3195/2861 3463/3253/2916
f 1012/3260/2922 3465/3261/2923 980/3192/2858 3477/3262/2924
f 3418/2910/2619 951/2909/2618 3475/3255/2918 952/3254/2917
f 986/3263/2925 3467/3264/2926 954/3265/2862 3446/3259/2921
f 994/3266/2927 3447/3267/2928 962/3268/2863 3458/3245/2908
f 3419/3136/2811 960/3182/2851 3476/3246/2909 961/3183/2852
f 995/3269/2929 3460/3270/2930 963/3200/2865 3447/3267/2928
f 1002/3271/2931 3448/3272/2932 970/3273/2867 3466/3274/2933
f 3420/3186/2855 979/3185/2854 3477/3262/2924 980/3192/2858
f 1003/3275/2934 3468/3276/2935 971/3204/2869 3448/3272/2932
f 987/3277/2936 3449/3278/2937 955/3279/2938 3467/3264/2926
f 3421/3083/2772 953/3195/2861 3446/3259/2921 954/3265/2862
f 988/3280/2939 3471/3238/2901 956/3237/2900 3449/3278/2937
f 996/3281/2940 3450/3282/2941 964/3201/2866 3460/3270/2930
f 3422/3199/2864 962/3198/2863 3447/3267/2928 963/3200/2865
f 997/3283/2942 3462/3284/2943 965/3205/2870 3450/3282/2941
f 1004/3285/2944 3451/3286/2945 972/3287/2946 3468/3276/2935
f 3423/3203/2868 970/3202/2867 3448/3272/2932 971/3204/2869
f 1005/3288/2947 3470/3289/2948 973/3208/2872 3451/3286/2945
f 989/3290/2949 3452/3291/2950 957/3155/2826 3471/3238/2901
f 3424/3162/2833 955/3279/2938 3449/3278/2937 956/3237/2900
f 990/3292/2951 3473/3236/2899 958/3168/2839 3452/3291/2950
f 3425/2289/2048 964/3201/2866 3450/3282/2941 965/3205/2870
f 999/3293/2952 3464/3294/2953 967/3219/2882 3453/3295/2954
f 1006/3296/2955 3454/3297/2956 974/3298/2957 3470/3289/2948
f 3426/3211/2875 972/3287/2946 3451/3286/2945 973/3208/2872
f 1007/3299/2958 3472/3243/2906 975/3157/2828 3454/3297/2956
f 3427/3125/2803 957/3155/2826 3452/3291/2950 958/3168/2839
f 992/3300/2959 3476/3246/2909 960/3182/2851 3455/3235/2898
f 3428/3029/2724 966/3212/2876 3453/3295/2954 967/3219/2882
f 1001/3301/2960 3466/3274/2933 969/3232/2895 3456/3302/2961
f 1008/3303/2962 3457/3304/2963 976/3165/2836 3472/3243/2906
f 3429/3160/2831 974/3298/2957 3454/3297/2956 975/3157/2828
f 1009/3305/2964 3474/3256/2919 977/3172/2843 3457/3304/2963
f 3430/3171/2842 959/3170/2841 3455/3235/2898 960/3182/2851
f 3431/3151/2823 968/3231/2894 3456/3302/2961 969/3232/2895
f 3432/3166/2837 976/3165/2836 3457/3304/2963 977/3172/2843
f 983/3306/2965 3475/3255/2918 951/2909/2618 3459/3240/2903
f 3433/3184/2853 961/3183/2852 3458/3245/2908 962/3268/2863
f 3434/2912/2621 982/3241/2904 3459/3240/2903 951/2909/2618
f 1011/3307/2966 3477/3262/2924 979/3185/2854 3461/3308/2967
f 3435/2288/2047 963/3200/2865 3460/3270/2930 964/3201/2866
f 3436/3180/2849 978/3179/2848 3461/3308/2967 979/3185/2854
f 3437/3206/2871 965/3205/2870 3462/3284/2943 966/3212/2876
f 3438/3092/2778 952/3254/2917 3463/3253/2916 953/3195/2861
f 1013/3309/2968 3469/3242/2905 981/3233/2896 3465/3261/2923
f 3439/3220/2883 967/3219/2882 3464/3294/2953 968/3231/2894
f 3440/3193/2859 980/3192/2858 3465/3261/2923 981/3233/2896
f 3441/3152/2824 969/3232/2895 3466/3274/2933 970/3273/2867
f 3442/3161/2832 954/3196/2862 3467/3264/2926 955/3279/2938
f 3443/3108/2789 971/3204/2869 3468/3276/2935 972/3287/2946
f 3444/3215/2878 981/3233/2896 3469/3242/2905 982/3241/2904
f 3445/3209/2873 973/3208/2872 3470/3289/2948 974/3298/2957
f 3446/3259/2921 985/3258/2920 3501/3310/2969 986/3311/2925
f 1029/3312/2970 3485/3313/2971 997/3283/2942 3505/3314/2972
f 3447/3267/2928 994/3266/2927 3502/3315/2973 995/3269/2929
f 1037/2065/1848 3493/3316/2974 1005/3288/2947 3506/3317/2975
f 3448/3272/2932 1002/3271/2931 3503/3318/2976 1003/3275/2934
f 1022/3319/2977 3496/3320/2978 990/3292/2951 3507/3321/2979
f 3449/3278/2937 987/3277/2936 3504/3322/2980 988/3280/2939
f 1031/3323/2981 3487/3324/2982 999/3293/2952 3508/3325/2983
f 3450/3282/2941 996/3281/2940 3505/3314/2972 997/3283/2942
f 1039/2063/1846 3495/3326/2984 1007/3299/2958 3509/3327/2985
f 3451/3286/2945 1004/3285/2944 3506/3317/2975 1005/3288/2947
f 1023/3328/2986 3478/3329/2987 991/3234/2897 3496/3320/2978
f 3452/3291/2950 989/3290/2949 3507/3321/2979 990/3292/2951
f 1024/3221/2884 3499/3330/2988 992/3300/2959 3478/3329/2987
f 1032/3331/2989 3479/3332/2990 1000/3333/2991 3487/3324/2982
f 3453/3295/2954 998/3334/2992 3508/3325/2983 999/3293/2952
f 1033/3335/2993 3489/3336/2994 1001/3301/2960 3479/3332/2990
f 1040/3337/2995 3480/3338/2996 1008/3303/2962 3495/3326/2984
f 3454/3297/2956 1006/3296/2955 3509/3327/2985 1007/3299/2958
f 1041/3339/2997 3497/3340/2998 1009/3305/2964 3480/3338/2996
f 1025/3230/2893 3481/3341/2999 993/3244/2907 3499/3330/2988
f 3455/3235/2898 991/3234/2897 3478/3329/2987 992/3300/2959
f 1026/3342/3000 3502/3315/2973 994/3343/2927 3481/3341/2999
f 1035/3344/3001 3491/3345/3002 1003/3275/2934 3503/3318/2976
f 3456/3302/2961 1000/3333/2991 3479/3332/2990 1001/3301/2960
f 1046/3346/3003 3482/3347/3004 1014/3239/2902 3492/3348/3005
f 3457/3304/2963 1008/3303/2962 3480/3338/2996 1009/3305/2964
f 1015/3349/3006 3498/3350/3007 983/3306/2965 3482/3347/3004
f 1027/3351/3008 3483/3352/3009 995/3269/2929 3502/3315/2973
f 3458/3245/2908 993/3244/2907 3481/3341/2999 994/3343/2927
f 1028/3353/3010 3505/3314/2972 996/3281/2940 3483/3352/3009
f 3459/3240/2903 1014/3239/2902 3482/3347/3004 983/3306/2965
f 1043/3354/3011 3500/3355/3012 1011/3307/2966 3484/3356/3013
f 3460/3270/2930 995/3269/2929 3483/3352/3009 996/3281/2940
f 1030/3357/3014 3508/3325/2983 998/3334/2992 3485/3313/2971
f 3461/3308/2967 1010/3358/3015 3484/3356/3013 1011/3307/2966
f 1017/3359/3016 3501/3310/2969 985/3258/2920 3486/3360/3017
f 3462/3284/2943 997/3283/2942 3485/3313/2971 998/3334/2992
f 3463/3253/2916 984/3252/2915 3486/3360/3017 985/3258/2920
f 1045/3361/3018 3492/3348/3005 1013/3309/2968 3488/3362/3019
f 3464/3294/2953 999/3293/2952 3487/3324/2982 1000/3333/2991
f 1034/3363/3020 3503/3318/2976 1002/3364/2931 3489/3336/2994
f 1020/3365/3021 3494/3366/3022 988/3280/2939 3504/3322/2980
f 3465/3261/2923 1012/3260/2922 3488/3362/3019 1013/3309/2968
f 1019/3367/3023 3504/3322/2980 987/3277/2936 3490/3368/3024
f 3466/3274/2933 1001/3301/2960 3489/3336/2994 1002/3364/2931
f 1036/3369/3025 3506/3317/2975 1004/3285/2944 3491/3345/3002
f 3467/3264/2926 986/3263/2925 3490/3368/3024 987/3277/2936
f 2020/698/637 3845/3370/3026 2021/3371/3027
f 3468/3276/2935 1003/3275/2934 3491/3345/3002 1004/3285/2944
f 1038/2064/1847 3509/3327/2985 1006/3296/2955 3493/3316/2974
f 3469/3242/2905 1013/3309/2968 3492/3348/3005 1014/3239/2902
f 1021/3372/3028 3507/3321/2979 989/3290/2949 3494/3366/3022
f 3470/3289/2948 1005/3288/2947 3493/3316/2974 1006/3296/2955
f 3471/3238/2901 988/3280/2939 3494/3366/3022 989/3290/2949
f 3472/3243/2906 1007/3299/2958 3495/3326/2984 1008/3303/2962
f 2505/569/171 1898/3373/172 2212/3374/173 1911/570/172
f 3473/3236/2899 990/3292/2951 3496/3320/2978 991/3234/2897
f 3474/3256/2919 1009/3305/2964 3497/3340/2998 1010/3375/3015
f 3475/3255/2918 983/3306/2965 3498/3350/3007 984/3252/2915
f 3476/3246/2909 992/3300/2959 3499/3330/2988 993/3244/2907
f 3477/3262/2924 1011/3307/2966 3500/3355/3012 1012/3260/2922
f 3478/3329/2987 1023/3328/2986 4298/3222/2885 1024/3221/2884
f 3479/3332/2990 1032/3331/2989 1033/3335/2993
f 1042/3376/3029 4305/3377/3030 1464/3378/3031 3541/3379/3032 1467/3380/3033 4304/3381/3034 1043/3354/3011
f 3480/3338/2996 1040/3337/2995 1041/3339/2997
f 3363/2850/2563 3341/2840/2556 3360/2842/2557 3339/2878/2589 887/2877/2588 4291/2958/2662 1447/2957/2661 3381/2968/2672 906/3102/2784 3395/3146/2819 907/3117/2797 3384/3116/2796 908/3002/2703 3365/3001/2702 909/2293/2052 3387/3130/2806 910/3036/2729 3367/2897/2606 1441/2896/2605 4294/2895/2604 888/2848/2561
f 3481/3341/2999 1025/3230/2893 4297/3229/2892 1026/3342/3000
f 3482/3347/3004 1046/3346/3003 4296/3382/3035 1015/3349/3006
f 3483/3352/3009 1027/3351/3008 4295/3383/3036 1028/3353/3010
f 1130/3384/3037 3743/3385/3038 3715/1898/1699 1131/1897/1698 2006/3386/3039 3667/3387/3040
f 3484/3356/3013 1042/3376/3029 1043/3354/3011
f 3511/3388/3041 1449/3389/3042 3526/3390/3043 1454/3391/3044 4303/3392/3045 1017/3359/3016 1016/3393/3046 1015/3349/3006 4296/3382/3035 1457/3394/3047 3539/3395/3048 1465/3396/3049 3523/3397/3050
f 3485/3313/2971 1029/3312/2970 4308/3398/3051 1030/3357/3014
f 1029/3312/2970 1028/3353/3010 4295/3383/3036 1469/3399/3052 3530/3400/3053 1448/3401/3054 4308/3398/3051
f 3486/3360/3017 1016/3393/3046 1017/3359/3016
f 3487/3324/2982 1031/3323/2981 4307/3402/3055 1032/3331/2989
f 3488/3362/3019 1044/3403/3056 1045/3361/3018
f 3489/3336/2994 1033/3335/2993 1034/3363/3020
f 3490/3368/3024 1018/3404/3057 1019/3367/3023
f 3491/3345/3002 1035/3344/3001 1036/3369/3025
f 3492/3348/3005 1045/3361/3018 1046/3346/3003
f 3493/3316/2974 1037/2065/1848 1038/2064/1847
f 1018/3404/3057 4303/3392/3045 1454/3391/3044 3515/3405/3058 1455/3406/3059 4301/3407/3060 1019/3367/3023
f 3494/3366/3022 1020/3365/3021 1021/3372/3028
f 3495/3326/2984 1039/2063/1846 4306/2062/1845 1040/3337/2995
f 3496/3320/2978 1022/3319/2977 1023/3328/2986
f 3497/3340/2998 1041/3339/2997 4305/3377/3030 1042/3376/3029
f 3498/3350/3007 1015/3349/3006 1016/3393/3046
f 3499/3330/2988 1024/3221/2884 1025/3230/2893
f 3500/3355/3012 1043/3354/3011 4304/3381/3034 1044/3403/3056
f 3501/3310/2969 1017/3359/3016 4303/3392/3045 1018/3404/3057
f 3502/3315/2973 1026/3342/3000 1027/3351/3008
f 3503/3318/2976 1034/3363/3020 4302/3408/3061 1035/3344/3001
f 1969/1691/1528 1789/3409/3062 2553/2282/2042
f 3504/3322/2980 1019/3367/3023 4301/3407/3060 1020/3365/3021
f 3505/3314/2972 1028/3353/3010 1029/3312/2970
f 1468/3228/2891 3527/3410/3063 3540/3411/3064 1469/3399/3052 4295/3383/3036 1027/3351/3008 1026/3342/3000 4297/3229/2892
f 3506/3317/2975 1036/3369/3025 4300/2066/1849 1037/2065/1848
f 3507/3321/2979 1021/3372/3028 4299/3412/3065 1022/3319/2977
f 3508/3325/2983 1030/3357/3014 1031/3323/2981
f 1031/3323/2981 1030/3357/3014 4308/3398/3051 1448/3401/3054 3510/3413/3066 3533/3414/3067 1450/3415/3068 4307/3402/3055
f 3509/3327/2985 1038/2064/1847 1039/2063/1846
f 1061/3416/3069 3510/3413/3066 1448/3401/3054 3530/3400/3053
f 3510/3413/3066 1061/3416/3069 4335/3417/3070 1062/3418/3071
f 3533/3414/3067 3510/3413/3066 1062/3418/3071
f 1048/3419/3072 3511/3388/3041 3523/3397/3050
f 3511/3388/3041 1048/3419/3072 4336/3420/3073 1049/3421/3074
f 1449/3389/3042 3511/3388/3041 1049/3421/3074 3526/3390/3043
f 1063/3422/3075 3512/3423/3076 1450/3415/3068 3533/3414/3067
f 3512/3423/3076 1063/3422/3075 4337/3424/3077 1064/3425/3078
f 1451/3426/3079 3512/3423/3076 1064/3425/3078 3536/3427/3080
f 1076/3428/3081 3513/3429/3082 1452/3430/3083 3525/3431/3084
f 3513/3429/3082 1076/3428/3081 4338/3432/3085 1077/3433/3086
f 3517/3434/3087 3513/3429/3082 1077/3433/3086
f 1065/3435/3088 3514/3436/3089 3536/3427/3080
f 3514/3436/3089 1065/3435/3088 4339/3437/3090 1066/3438/3091
f 1453/3439/3092 3514/3436/3089 1066/3440/3091 3528/3441/3093
f 1050/3442/3094 3515/3405/3058 1454/3391/3044 3526/3390/3043
f 3515/3405/3058 1050/3442/3094 4340/3443/3095 1051/3444/3096
f 4310/3445/3097 1077/3433/3086 4338/3432/3085 1470/3446/3098 4238/3447/3098 1397/3448/3099 3543/3449/3100 1398/3450/3101 4242/3451/3102 1481/3452/3102 4332/3453/3103 1078/3454/3104
f 1455/3406/3059 3515/3405/3058 1051/3444/3096 3529/3455/3105
f 1067/3456/3106 3516/3457/3107 1456/3458/3108 3528/3441/3093
f 3516/3457/3107 1067/3456/3106 4309/3459/3109 1068/3460/3110
f 1482/3461/3111 4255/3462/3111 1400/1488/1341 3558/1487/1340 1401/3463/3112 4254/3464/3113 1472/3465/3113 4313/3466/3114 1071/3467/3115 4327/3468/3116 1070/3469/3117 4311/3470/3118
f 3531/3471/3119 3516/3457/3107 1068/3460/3110
f 3517/3434/3087 1077/3433/3086 4310/3445/3097 1078/3454/3104
f 1457/3394/3047 3517/3434/3087 1078/3454/3104 3539/3395/3048
f 1069/3472/3120 3518/2059/1842 1458/2058/1841 3531/3471/3119
f 3518/2059/1842 1069/3472/3120 4311/3470/3118 1070/3469/3117
f 3534/2060/1843 3518/2059/1842 1070/3469/3117
f 4246/3473/3121 1484/3474/3121 4328/3475/3122 1055/3476/3123 4314/3477/3124 1054/3478/3125 4325/3479/3126 1473/3480/3127 4248/3481/3128 3547/3482/3129 1402/3483/3130
f 1052/3484/3131 3519/3485/3132 3529/3455/3105
f 3519/3485/3132 1052/3484/3131 4312/3486/3133 1053/3487/3134
f 1459/3488/3135 3519/3485/3132 1053/3487/3134 3532/3489/3136
f 1071/3467/3115 3520/3490/3137 1460/2061/1844 3534/2060/1843
f 3520/3490/3137 1071/3467/3115 4313/3466/3114 1072/3491/3138
f 3953/3492/3139 2121/3493/3140 3952/3494/3141 3948/3495/3142 3945/3082/2771 3949/3081/2770
f 1461/3496/3143 3520/3490/3137 1072/3491/3138 3537/3497/3144
f 1054/3478/3125 3521/3498/3145 1462/3499/3146 3532/3489/3136
f 3521/3498/3145 1054/3478/3125 4314/3477/3124 1055/3476/3123
f 1463/3223/2886 3521/3498/3145 1055/3476/3123 3535/3224/2887
f 1073/3500/3147 3522/3501/3148 3537/3497/3144
f 3522/3501/3148 1073/3500/3147 4315/3502/3149 1074/3503/3150
f 1464/3378/3031 3522/3501/3148 1074/3504/3150 3541/3379/3032
f 1047/3505/3151 3523/3397/3050 1465/3396/3049 3539/3395/3048
f 3523/3397/3050 1047/3505/3151 4316/3506/3152 1048/3419/3072
f 1056/3507/3153 3524/3225/2888 3535/3224/2887
f 3524/3225/2888 1056/3507/3153 4317/3508/3154 1057/3509/3155
f 1466/3226/2889 3524/3225/2888 1057/3509/3155 3538/3227/2890
f 1075/3510/3156 3525/3431/3084 1467/3380/3033 3541/3379/3032
f 3525/3431/3084 1075/3510/3156 4318/3511/3157 1076/3428/3081
f 3526/3390/3043 1049/3421/3074 4319/3512/3158 1050/3513/3094
f 1058/3514/3159 3527/3410/3063 1468/3228/2891 3538/3227/2890
f 2118/3515/3160 3932/3516/3161 3934/3517/3162 3931/3518/3163
f 3527/3410/3063 1058/3514/3159 4320/3519/3164 1059/3520/3165
f 1477/3521/3166 4241/3522/3166 1414/3523/3167 3555/3524/3168 1415/3525/3169 4240/3526/3170 1489/3527/3170 4335/3417/3070 1061/3416/3069 4323/3528/3171 1060/3529/3172 4333/3530/3173
f 3540/3411/3064 3527/3410/3063 1059/3520/3165
f 3528/3441/3093 1066/3440/3091 4321/3531/3174 1067/3456/3106
f 3529/3455/3105 1051/3444/3096 4322/3532/3175 1052/3484/3131
f 1060/3529/3172 3530/3400/3053 1469/3399/3052 3540/3411/3064
f 3530/3400/3053 1060/3529/3172 4323/3528/3171 1061/3416/3069
f 3531/3471/3119 1068/3460/3110 4324/3533/3176 1069/3472/3120
f 3532/3489/3136 1053/3487/3134 4325/3479/3126 1054/3478/3125
f 3533/3414/3067 1062/3418/3071 4326/3534/3177 1063/3422/3075
f 3534/2060/1843 1070/3469/3117 4327/3468/3116 1071/3467/3115
f 3535/3224/2887 1055/3476/3123 4328/3475/3122 1056/3507/3153
f 3536/3427/3080 1064/3425/3078 4329/3535/3178 1065/3435/3088
f 3537/3497/3144 1072/3491/3138 4330/3536/3179 1073/3500/3147
f 3538/3227/2890 1057/3509/3155 4331/3537/3180 1058/3538/3159
f 3539/3395/3048 1078/3454/3104 4332/3453/3103 1047/3505/3151
f 3540/3411/3064 1059/3520/3165 4333/3530/3173 1060/3529/3172
f 3541/3379/3032 1074/3504/3150 4334/3539/3181 1075/3510/3156
f 2287/1761/1581 2144/3540/3182 375/1214/1108 4625/1213/1107 1096/1212/1106 1957/3114/2794 3599/3541/2793 4623/3542/3183 4624/3543/3184
f 4239/3544/3185 1406/2996/2698 3566/420/396 1079/419/395 3551/3545/3186
f 3864/1935/1734 1218/1934/1733 3955/3546/3187 1219/3547/3188 3994/3548/3189 1220/3549/3190 3959/439/415 1221/3550/3191 3890/3551/3192 1189/3552/3193 3868/3553/3193 1188/3554/3194 3885/3555/3195 1187/3556/3196
f 1398/3450/3101 3543/3449/3100 1093/72/70 3562/71/69
f 1403/3557/3197 4244/3558/3198 3546/3559/3199 1089/3560/3200 3560/3561/3201 1090/3562/3202 3548/3563/3203
f 3631/3564/3204 1115/3565/3205 3618/3566/3206 1091/3567/3207 3564/3568/3208 1404/3569/3209 3548/3563/3203
f 3642/3570/3210 1112/3571/3211 3629/3572/3212 1089/3560/3200 3546/3559/3199 1401/3463/3112 3558/1487/1340
f 1417/3573/3213 4245/3574/3214 3567/3575/3215 1087/3576/3216
f 4622/3577/3217 4614/3578/3218 1821/3579/3218 2862/358/339 1882/357/338 2634/3580/337
f 4244/3558/3198 1403/3557/3197 1485/3581/3219 4315/3502/3149 1073/3500/3147 4330/3536/3179 1483/3582/3220
f 3634/3583/3221 1085/3584/3222 1407/3585/3223 3559/3586/3224 1402/3483/3130 3547/3482/3129 3643/3587/3225 1105/3588/3226
f 4253/3589/3227 1408/3590/3228 4243/3591/3229 1475/3592/3230 4331/3537/3180 1057/3509/3155 4317/3508/3154 1474/3593/3231
f 1408/3590/3228 4253/3589/3227 1407/3585/3223 1085/3584/3222 3561/456/431 1410/461/436 4243/3594/3229
f 1084/3595/3232 3547/3482/3129 4248/3481/3128 3545/3596/3233 1083/3597/3234 3556/3598/3235
f 3567/3575/3215 4247/3599/3236 1416/3600/3237 3557/3054/2745 1086/3053/2744
f 1390/3601/3238 4231/64/63 1395/63/62 4224/3602/3239 4230/3603/3240
f 2457/764/700 144/752/688 145/763/699 2461/776/712 146/767/703 2476/831/764 177/3604/3241 2531/675/616 114/621/570 113/600/553 112/655/599 111/692/631 2538/718/654 175/748/684 2471/747/683 143/742/678
f 2115/3605/3242 3962/3606/3243 2114/3607/3244 3919/3608/3245
f 1971/3609/3246 1970/3610/3247 3639/3611/3248
f 4252/3612/3249 1409/3613/3250 3564/3568/3208 1091/3567/3207 3550/3614/3251 1092/3615/3252 3568/3616/3253
f 1357/3617/3254 4233/3618/3255 1371/1831/1637 4226/1835/1641 4232/1919/1718 4176/1922/1721
f 3572/3055/2746 3557/3054/2745 1416/3600/3237 3565/3619/3256 1415/3525/3169 3555/3524/3168 1095/3620/3257 3578/3621/3258 3579/3622/3259 3580/3623/3260 3581/3624/3261 3582/3625/3262 1964/3626/3263 1958/3627/3264 3585/3058/2749 1959/3056/2747
f 318/3628/1140 2754/1252/1139 319/1300/1177 2738/1347/1211 291/1346/1211 2710/1159/1065 266/1087/998 2678/1128/1036 265/1157/996 2702/3629/1063 290/1311/1186 2737/1310/1186 317/1291/1170 2770/1254/1141
f 3579/3622/3259 1949/3630/3265 3608/3631/3266 3609/3632/3267 1829/1099/1010 1866/3633/3268 1838/230/222 1937/3634/3269 2231/3635/3270 2131/3636/220 2237/3637/3271 1919/3638/400 2191/3639/3272 2192/3640/3273 1837/3641/3274 1803/3642/3275 2862/3643/339 1821/3579/3218 4614/3578/3218 4622/3577/3217
f 3961/3644/3276 3960/3645/3277 3962/3606/3243 2115/3605/3242
f 4066/3646/3278 4068/2253/2019 2140/2252/2018 2132/3647/3279 4065/3648/3280 4067/3649/3281 4069/3650/3278
f 3612/3651/3282 1988/3652/3283 3682/3653/3284 2007/785/721 3656/784/720 3657/3654/3285 3655/3655/3286 1980/3656/3287 1098/3657/3288 1995/3658/3288
f 2974/153/147 2963/1783/1599 2993/1823/1632 551/2038/1821 3000/2037/1820 552/1993/1779 3008/155/149 529/154/148
f 3583/3659/3289 1957/3114/2794 1096/1212/1106
f 3574/3660/3290 3575/75/73 3573/74/72
f 4613/839/771 1910/352/333 4597/3661/3291
f 3576/3662/3292 3577/76/74 3575/75/73
f 4599/3663/3293 3579/3622/3259 4622/3577/3217 2146/3664/336
f 3575/75/73 3574/3660/3290 4597/3665/3291 3576/3662/3292
f 1096/1212/1106 3573/74/72 1965/73/71 3583/3659/3289
f 4612/3666/3294 4613/839/771 4597/3665/3291 3574/3660/3290
f 3579/3622/3259 3578/3621/3258 1949/3630/3265
f 3581/3624/3261 3580/3623/3260 3579/3622/3259 4599/3663/3293
f 3758/3667/798 3756/869/800 4655/868/799
f 3577/76/74 1955/112/110 3593/111/109 1094/77/75
f 30/209/201 2368/208/200 48/526/199 2392/525/498 2411/475/450 49/474/449 2370/3668/3295 2329/3669/3296 13/369/350
f 3598/3115/2795 1956/3670/3297 3597/3671/3298
f 3574/3660/3290 3573/74/72 1953/1211/1105
f 3666/3672/3299 1123/1104/1014 2034/1103/1013 2026/3673/3300 1124/3674/3301
f 3577/76/74 3576/3662/3292 1955/112/110
f 2173/3675/3302 4162/3676/3303 4163/3677/3303 2166/3678/3303 2167/3679/3304 4164/3680/3305 4166/3681/3305 2177/3682/3305 4127/3683/3305 4131/3684/3305 4134/3685/3306 4130/3686/3307 4133/3687/3307 4129/3688/3307 4132/3689/3308 4128/3690/3309 4126/3691/3309 1300/3692/3310 4165/3693/3311 2171/3694/3312 4160/3695/3313 2172/3696/3313 4161/3697/3313
f 3629/3572/3212 1113/3698/3314 3645/3699/3315 1090/3562/3202 3560/3561/3201 1089/3560/3200
f 3588/3700/3316 3589/3701/3317 4603/3702/3318
f 3627/1486/1339 1111/3703/3319 3642/3570/3210 3558/1487/1340
f 3585/3058/2749 3584/3704/3320 3586/3059/2750
f 1972/3061/2752 1973/3060/2751 3595/3705/3321 3596/3062/2753
f 3635/3706/3322 1092/3615/3252 3550/3614/3251 1091/3567/3207 3618/3566/3206 1116/3707/3323
f 1141/3708/3324 3661/3709/3325 1116/3707/3323 3618/3566/3206 1115/3565/3205 3689/3710/3326
f 1079/419/395 3636/418/394 1099/3711/3327 3625/3712/3328 1080/3713/3329 3551/3545/3186
f 1083/3597/3234 3641/3714/3330 1103/3715/3331 3630/3716/3332 1084/3595/3232 3556/3598/3235
f 3589/3701/3317 3591/3717/1604 4604/1789/1603
f 3624/3718/3333 3644/3719/3334 1993/3720/3335 3679/3721/3335 3678/3722/3336 3680/3723/3337 3648/3724/3338 1985/3725/3339
f 2509/557/523 2193/3726/3340 2474/3727/3341
f 2429/3728/3342 2105/3729/3343 2430/3730/3344 2431/3731/3345
f 3688/3732/3346 1130/3384/3037 3667/3387/3040 3669/665/607 3668/664/606
f 3634/3583/3221 1106/3733/3347 3646/457/432 3561/456/431 1085/3584/3222
f 1084/3595/3232 3630/3716/3332 1104/3734/3348 3643/3587/3225 3547/3482/3129
f 3849/3735/3349 4683/2116/1895 2857/480/455 1847/3736/3350 4685/3737/3351 3852/3738/3352 4684/3739/3353
f 3598/3115/2795 3597/3671/3298 1976/3740/3354
f 1082/3741/3355 3628/3742/3356 1102/3743/3357 3641/3714/3330 1083/3597/3234 3545/3596/3233
f 3635/3706/3322 1117/3744/3358 3623/3745/3359 3568/3616/3253 1092/3615/3252
f 3588/3746/3316 1977/3747/757 1976/3740/3354
f 1081/3748/3360 3638/3749/3361 1101/3750/3362 3628/3742/3356 1082/3741/3355 3554/3751/3363
f 1352/3752/64 4192/884/814 1333/3753/813 2164/3754/3364 4175/1769/1587 2184/66/65
f 1883/433/409 1829/1099/1010 3609/3632/3267 3607/3755/3365 3605/3756/407 2340/430/406
f 3602/2995/2697 3601/79/77 1966/1573/107 1967/1574/1422
f 1976/3740/3354 1977/823/757 3598/3115/2795
f 3604/3757/3366 3603/3758/3367 3605/3756/407 3607/3755/3365
f 4626/3759/3368 4627/3760/3369 3617/3761/3370
f 1839/237/229 2868/3762/408 2801/3763/3371
f 1877/287/279 2660/3764/278 1847/3736/3350 2857/480/455
f 3977/3765/3372 3981/3766/3373 3984/3767/3374 3980/2999/2700 3976/2998/2699 2112/3768/3375
f 1344/3769/3376 4212/3770/3377 1362/3771/3378 4206/3772/3379 4196/3773/3380 1345/3774/3381 1321/3775/3382
f 3614/1988/1774 3615/1992/1778 3617/3761/3370 3616/3776/3383
f 3613/1991/1777 1982/3777/3384 1983/3778/3385
f 2170/707/645 4112/3779/3386 1326/3780/3387 4177/1853/1657 1327/1852/1656 4140/708/646
f 2175/3781/3388 2150/3782/3389 4088/1447/1306 2145/1446/1305
f 3629/3572/3212 1112/3571/3211 3652/3783/3390 1138/3784/3391 3681/3785/3392 1113/3698/3314
f 4114/3786/3393 1321/3775/3382 1345/3787/3381 4183/3788/3394 1322/3789/3395
f 1099/3790/3327 3636/418/394 3694/417/393 2009/1419/1281 3662/3791/1280 3663/3792/3396 3705/3793/1017 1122/1106/1016 2004/1105/1015 3649/3794/3397
f 2869/1558/1409 385/1557/1408 2842/1556/1407 1575/1355/1219 1570/1583/1221 2840/1511/1362 384/1510/1361 2866/1611/1360 404/1686/1448 405/1624/1464
f 3638/3749/3361 1100/3795/3398 3666/3672/3299 1124/3674/3301 3651/3796/3399 1101/3750/3362
f 2230/121/119 2792/343/326 1836/122/120
f 2061/1885/1686 3835/1884/1685 3837/3797/3400 3836/3798/3401 3838/3799/3402 3839/3800/3403 2064/3801/3404 3790/2070/1852 3791/3802/3405 3793/3803/3406 3796/696/635 1153/695/634 1152/3804/3407 1151/3805/3408 3783/3806/3409
f 3890/3551/3192 1221/3550/3191 4010/3807/3410 1222/3808/3411 3965/3809/3412 1223/3810/3413 3971/3811/3414 1224/3812/3415 3866/3813/3416 1192/3814/3417 3876/3815/3417 1191/3816/3418 3873/3817/3419 1190/3818/3419
f 171/3819/3420 2537/719/655 104/638/585 103/636/583 102/628/577 2530/685/626 181/812/748 2477/811/747 134/836/753 135/809/745 2478/838/770 136/815/751 2472/820/754
f 3631/3564/3204 1114/3820/3421 3654/3821/3422 1140/3822/3423 3689/3710/3326 1115/3823/3205
f 4088/1447/1306 2150/3782/3389 2147/3824/3424 4104/3825/3425 2135/3826/3426 2139/909/838 2156/908/837 4086/1450/1307 4087/1449/1307 4089/1448/1307
f 1531/1979/1766 559/1982/1769 553/157/151 3024/156/150 575/1995/1781 4386/2097/1878 1552/2096/1877 3060/2154/1929
f 1142/3827/3427 3647/3828/3428 1117/3744/3358 3635/3706/3322 1116/3707/3323 3661/3709/3325
f 1977/823/757 3588/3746/3316 4610/824/758
f 3630/3716/3332 1103/3715/3331 3671/3829/3429 1126/3830/3430 3653/3831/3431 1104/3734/3348
f 3623/3745/3359 1117/3744/3358 3647/3828/3428 1143/3832/3432 3650/3833/3433 1118/3834/3434
f 2008/3835/3435 4642/3836/3436 4639/3837/3436 2234/3838/3436 2808/3839/3436 1826/3840/3437 2195/3841/3438 2196/3842/3438 1840/3843/3438 2593/3844/3438 2592/915/843 1925/914/842 2248/913/841 1868/3845/3438 2771/3846/3438 1858/3847/3438 2826/3848/3438 2249/3849/3438 2030/3850/3438 1933/3851/3438 2221/3852/3438 1853/3853/3439 4634/3854/3440 3657/3855/3285 3658/3856/3441
f 3643/3587/3225 1104/3734/3348 3653/3831/3431 1127/3857/3442 3677/3858/3443 1105/3588/3226
f 4689/590/543 4688/589/542 4687/591/544 4686/3859/3444 3855/3860/3445 2072/3861/3446
f 3634/3583/3221 1105/3588/3226 3677/3858/3443 1128/3862/3447 3660/3863/3448 1106/3733/3347
f 1145/3864/3449 3700/779/715 1120/786/722 3738/3865/3450
f 3642/3570/3210 1111/3703/3319 3676/3866/3451 1137/3867/3452 3652/3783/3390 1112/3571/3211
f 3674/3050/2742 3672/3049/2741 3690/3868/3453 3691/3869/3454 3673/2028/1811 3675/2030/1813 1992/3052/2743 1991/3051/2742
f 3593/111/109 1978/110/108 1094/77/75
f 4464/3870/3455 1689/3871/3456 4508/3872/3457 1685/3873/3458 4445/192/184 1610/41/40 1613/3874/39 1614/376/142 1617/150/144 4447/3875/3459 1695/3876/3460 4510/3877/3461 1691/3878/3462
f 2993/1823/1632 2997/1856/1660 550/2057/1840 3018/2039/1822 551/2038/1821
f 3645/3699/3315 1113/3698/3314 3681/3785/3392 1139/3879/3463 3654/3821/3422 1114/3820/3421
f 4637/3880/3464 2791/3881/3465 2821/3882/3466
f 1833/1786/1600 2351/1791/1605 2350/3883/3467 2352/3884/3468 1842/3885/3469 2596/3886/3470 1888/3887/3471 2871/3888/3472 1939/3889/3473 2067/703/641 2068/702/640 1863/3890/3474 2815/3891/3475 885/3892/3476 1975/3893/3477 2277/3894/3478 2220/3895/3479 1806/3896/3480 2699/3897/3481 1853/3853/3439 2221/3852/3438 1933/3851/3438 2030/3850/3438 2249/3849/3438 2826/3848/3438 1858/3847/3438 2771/3846/3438 1868/3845/3438 2248/913/841 1825/916/844 2592/915/843 2593/3844/3438 1840/3843/3438 2196/3842/3438 2195/3841/3438 1826/3840/3437 2873/2494/2224 1841/2499/2228 2388/2498/2227 2570/3898/3482 1813/3899/3483 2712/1814/1625 1981/1813/1624 2843/3900/3484 1856/3901/3485 2267/50/49 2714/49/48 1830/3902/3486 1869/3903/3487 2252/3904/3488 1931/3905/3489 2545/363/344 2718/365/346 2717/364/345 2163/3906/3489 1905/3907/3490 2460/3908/3491 2084/3909/3492 1940/3910/3493 1926/3911/3494 2357/3912/3495 1922/3913/3496 2363/3914/3497 2360/3915/3498 2361/3916/3499 2085/3917/3500 2260/3918/3501 2259/3919/3502 1986/1720/1550 1930/1719/1549 2265/1868/1672 2162/1643/1483 2459/1647/1487 2539/3920/3503 2124/3921/3504 2258/3922/3505 2721/3923/3506 2722/30/29 2256/29/28 2154/3924/3507 1987/3925/3508 2724/3926/3509 1828/3020/2716 2828/3019/2715 2251/3018/2714 2250/3927/3510 1857/3928/3511 1815/3929/3512 2707/3930/3513 1914/3931/3513 2436/3932/3513 1894/3933/3514 2435/3934/3515 2223/3935/3516 2708/3936/3517 1874/3937/3518 2709/3938/3519 2547/3939/3520 1854/3940/3520 2548/3941/3520 1807/3942/3520 2222/3943/3521 2273/3944/3522 1979/89/87 2126/3945/3523 1808/3037/2730 2847/668/610 1851/3946/3524 2694/3947/3525 2280/3948/3526 2127/3949/3527 2219/3950/3528 1852/3951/3529 2550/3952/3530 1805/3953/3531 2695/3954/3532 2105/3729/3343 2429/3728/3342 2431/3731/3345 2284/3955/3533 2227/3956/3533 2218/3957/3534 2282/3249/2912 1909/3958/2911 2281/3959/3535 1927/3960/532 1902/3961/174 2215/180/173 1912/179/172 2216/2210/173 1899/2209/172 2213/3962/173 1908/3963/172 2214/3964/173 1901/3965/172 2211/3966/173 1911/3967/172 2212/3374/173 1898/3373/172 2209/3968/173 1907/3969/531 2210/3096/2781 1900/3095/529 2286/3970/3536 1923/562/527 2289/1760/1580 2288/1759/1579 2208/1758/1578 2426/2283/2043
f 4647/3971/3537 3766/3972/3538 3768/3973/3539 2023/3974/3540 3711/3975/3541
f 1386/3976/3542 2187/3977/3543 4210/3978/3544 1387/3979/3545 4211/3068/2758 2188/3067/2757
f 1378/1097/1008 1382/3980/3546 4209/3981/3547 1377/3982/3548 4208/3983/3549 1373/1098/1009
f 3585/3058/2749 3587/3057/2748 1959/3056/2747
f 1992/3052/2743 3675/2030/1813 2002/2029/1812 3696/3984/3550 1984/3985/3551
f 4607/1871/111 1955/112/110 4598/3986/3552 2639/351/332 4611/3987/1673
f 3677/3858/3443 1127/3857/3442 2028/3988/3553 1128/3862/3447
f 3647/3828/3428 1142/3827/3427 3751/3989/3554 1143/3832/3432
f 1161/3990/3555 3725/3991/3556 1136/3992/3557 3763/3993/3558
f 3627/1486/1339 1110/1485/1338 3670/2919/2628 1135/3994/3559 3763/3993/3558 1136/3992/3557 3676/3866/3451 1111/3703/3319
f 3650/3833/3433 1143/3832/3432 3762/3995/3560 1144/3996/3561
f 2028/3988/3553 1127/3857/3442 3698/3997/3562 1152/3804/3407 1153/695/634 3701/3998/3563
f 1162/3999/3564 3697/4000/3565 1137/3867/3452 3725/3991/3556
f 2133/2000/1786 4093/2257/2021 4073/4001/3566 4075/714/651 4077/713/650 4078/712/650 2155/711/649 2138/2001/1787
f 1985/3725/3339 3648/3724/3338 2003/4002/3567 1132/4003/3568 3665/2915/2624 1109/2914/2623 3637/3022/2718
f 1163/4004/3569 3732/4005/3570 1138/3784/3391 3697/4000/3565
f 1151/3805/3408 1152/3804/3407 3698/3997/3562 1126/3830/3430 3717/4006/3571 1150/4007/3572
f 4132/3689/3308 4129/3688/3307 4133/3687/3307 4130/3686/3307 4134/3685/3306 4135/4008/3573 2159/4009/3574 4190/4010/3575 2168/4011/3575 1326/3780/3387 4112/3779/3386 2170/707/645 4111/706/644 1301/717/644 4076/716/653
f 1164/4012/3576 3699/4013/3577 1139/3879/3463 3732/4005/3570
f 1169/4014/3578 3738/3865/3450 1144/3996/3561 3762/3995/3560
f 3652/3783/3390 1137/3867/3452 3697/4000/3565 1138/3784/3391
f 1165/4015/3579 3744/4016/3580 1140/4017/3423 3699/4013/3577
f 3651/3796/3399 1124/3674/3301 2026/3673/3300 1125/4018/3581
f 3653/3831/3431 1126/3830/3430 3698/3997/3562 1127/3857/3442
f 3660/3863/3448 1128/3862/3447 2028/3988/3553 2029/4019/3582 1129/4020/3583
f 1166/4021/3584 3702/4022/3585 1141/3708/3324 3744/4016/3580
f 2011/4023/3586 3713/4024/3587 1148/4025/3588
f 3654/3821/3422 1139/3879/3463 3699/4013/3577 1140/4017/3423
f 1167/4026/3589 3751/3989/3554 1142/3827/3427 3702/4022/3585
f 2008/3835/3435 3658/4027/3441 3659/783/719 1121/782/718
f 2096/3005/2705 2095/3004/2704 3905/3003/2704 1210/3017/2704 3909/3016/2704 2086/1008/930 3961/4028/3276 2116/4029/3590 3917/4030/3591 3921/4031/3591 3925/4032/3592
f 4300/2066/1849 1036/3369/3025 1035/3344/3001 4302/3408/3061 1456/3458/3108 3516/3457/3107 3531/3471/3119 1458/2058/1841
f 3661/3709/3325 1141/3708/3324 3702/4022/3585 1142/3827/3427
f 1158/4033/3593 3761/2917/2626 1133/2916/2625 3712/4034/3594
f 3665/2915/2624 1132/4003/3568 3712/4034/3594 1133/2916/2625
f 1160/4035/3595 3763/3993/3558 1135/3994/3559 3716/4036/3596
f 536/2032/1815 3014/2031/1814 516/4037/3597 2979/1803/1616 2941/1807/1619 2977/1840/1646 515/4038/1743
f 1185/1938/1735 3877/1937/1735 1186/1936/1735 3864/1935/1734 1187/3556/3196 3803/4039/3598 1163/4004/3569 3834/4040/3599 1162/3999/3564 3789/4041/3600 1184/1926/1725 3895/1939/1735
f 3670/2919/2628 1134/2918/2627 3716/4036/3596 1135/3994/3559
f 3671/3829/3429 1125/4018/3581 3717/4006/3571 1126/3830/3430
f 2267/50/49 1856/3901/3485 2715/52/51
f 3694/417/393 3693/2271/2033 3695/4042/3601
f 3750/4043/3602 3726/4044/3603 3727/4045/3604 3680/3723/3337 3678/3722/3336 3696/3984/3550 2002/2029/1812
f 3676/3866/3451 1136/3992/3557 3725/3991/3556 1137/3867/3452
f 3938/4046/3605 3939/4047/3606 3936/4048/3607
f 3681/3785/3392 1138/3784/3391 3732/4005/3570 1139/3879/3463
f 3685/4049/3608 3683/4050/3609 3686/4051/3610 3687/4052/3611
f 3686/4051/3610 3683/4050/3609 3684/4053/3612
f 3673/2028/1811 3691/3869/3454 2001/4054/3613 1131/1897/1698 3745/1896/1697 2036/1908/1707
f 2167/3679/3304 4189/1595/1437 2182/1594/1436 4171/1593/1436 4172/1592/1435 4174/4055/3614 2159/4009/3574 4135/4008/3573 4134/3685/3306 4131/3684/3305 4127/3683/3305 2177/3682/3305 4166/3681/3305 4164/3680/3305
f 3689/3710/3326 1140/3822/3423 3744/4016/3580 1141/3708/3324
f 1168/4056/3615 3762/3995/3560 1143/3832/3432 3751/3989/3554
f 2187/3977/3543 1381/4057/3616 4209/3981/3547 1382/3980/3546 4210/3978/3544
f 3663/3792/3396 3662/3791/1280 2000/4058/3617
f 1159/4059/3618 3716/4036/3596 1134/2918/2627 3761/2917/2626
f 2319/4060/3619 23/4061/3620 39/478/453 2374/477/452 40/137/133 2372/136/132 24/4062/132 2321/134/132 5/147/132 2275/146/132 1599/4063/141 4443/4064/3621 1598/4065/3622 2270/4066/3623 4/4067/3623
f 2025/4068/3624 3728/4069/3625 3726/4044/3603 3750/4043/3602
f 1191/3816/3418 3876/3815/3417 1192/3814/3417 3866/3813/3416 1170/4070/3626 3810/4071/3627 1169/4014/3578 3825/4072/3628 1168/4056/3615 3816/4073/3629
f 3697/4000/3565 1162/3999/3564 3834/4040/3599 1163/4004/3569
f 1294/4074/3630 4103/4075/3631 1270/4076/3632 4072/4077/3633
f 3699/4013/3577 1164/4012/3576 3841/4078/3634 1165/4015/3579
f 3700/779/715 1145/3864/3449 3842/4079/3635 1146/4080/3636
f 2435/3934/3515 1894/3933/3514 2546/4081/3637 2223/3935/3516
f 2014/4082/3638 3733/4083/3639 1154/4084/3640
f 3709/4085/3641 3707/4086/3642 3708/4087/3643
f 3589/3701/3317 3588/3700/3316 1976/3740/3354 3590/4088/3644 3591/3717/1604
f 3702/4022/3585 1166/4089/3584 3853/4090/3645 1167/4026/3589
f 3818/1438/1298 3819/4091/3646 3821/1439/1299
f 3875/4092/3647 1182/4093/3648 3778/4094/3649 1159/4059/3618 3824/4095/3650 1158/4096/3593 3770/4097/3651
f 3705/3793/1017 3704/4098/3652 4643/4099/3653 3706/4100/3654
f 4106/1526/1377 4107/428/404 2148/427/403 1306/4101/3655 4082/4102/3656 1280/4103/3657 2136/3039/2732
f 1674/4104/3658 4503/4105/3659 1676/4106/3660 4459/4107/3661 1680/4108/3662 4505/4109/3663 1682/166/159 4444/4110/3664 1607/4111/3665 1604/4112/3666 1603/4113/3667 4430/4114/3668 1670/4115/3669 4457/4116/3670
f 1950/4117/3671 3582/3625/3262 3581/3624/3261 4599/3663/3293
f 3833/834/767 4676/4118/3672 4677/835/768
f 3708/4087/3643 4644/4119/3673 4645/4120/3674
f 3829/4121/3675 3830/4122/3676 3828/4123/3677
f 3748/4124/3678 3747/4125/717 2027/780/716
f 1861/4126/3679 2534/4127/3680 2076/4128/3681
f 3710/4129/3682 3709/4085/3641 4646/4130/3683
f 2656/285/277 2246/284/276 1847/3736/3350 2660/286/278
f 3791/3802/3405 3790/2070/1852 4663/2069/1851 3792/2068/1850 3793/4131/3406
f 1388/4132/3684 4214/4133/3685 1387/3979/3545 4210/3978/3544 1382/3980/3546
f 4648/4134/3686 3711/3975/3541 2033/4135/3687 4650/4136/3688
f 3760/4137/3689 2019/4138/3690 1148/4025/3588
f 3712/4034/3594 1157/4139/3691 3770/4097/3651 1158/4096/3593
f 1183/4140/3692 3826/4141/3693 1160/4035/3595 3778/4094/3649
f 3771/2921/2630 2011/4023/3586 1148/4025/3588
f 22/553/520 2367/552/520 38/547/517 2409/546/516 2397/479/454 39/478/453 23/4061/3620 2319/4060/3619 2292/193/185 2338/554/521
f 2244/328/313 1817/327/312 2413/4142/3694 2412/4143/3694 2308/329/314
f 2046/4144/3695 2047/4145/3696 2358/4146/3697 4675/4147/3698
f 1184/1926/1725 3789/4041/3600 1161/3990/3555 3826/4141/3693
f 3716/4036/3596 1159/4059/3618 3778/4094/3649 1160/4035/3595
f 2395/266/258 1920/4148/3699 2344/462/437 2608/267/259
f 3919/3608/3245 3923/4149/3700 3926/4150/3701 3922/4151/3702 3918/4152/3703 2115/3605/3242
f 3772/4153/3704 2056/4154/3705 1174/4155/3706
f 3725/3991/3556 1161/3990/3555 3789/4041/3600 1162/3999/3564
f 1187/3556/3196 3885/3555/3195 1188/3554/3194 3812/4156/3707 1165/4157/3579 3841/4078/3634 1164/4012/3576 3803/4039/3598
f 3732/4005/3570 1163/4004/3569 3803/4039/3598 1164/4158/3576
f 1170/4070/3626 3886/4159/3708 1171/4160/3709 3814/4161/3710 2018/4162/3711 1146/4080/3636 3842/4079/3635 1145/3864/3449 3810/4071/3627
f 3734/4163/3712 3733/4083/3639 2014/4082/3638
f 3736/4164/3713 3735/4165/3714 2029/4019/3582 2028/3988/3553 3701/3998/3563 1153/695/634 2020/698/637 2021/4166/3027 2022/4167/3715 1154/4084/3640 3733/4083/3639 3734/4168/3712
f 3737/4169/3716 4652/4170/3717 4653/4171/3718
f 3818/4172/1298 3817/1437/1297 2072/3861/3446 2071/4173/3719
f 3738/3865/3450 1169/4014/3578 3810/4071/3627 1145/3864/3449
f 1189/3552/3193 3890/3551/3192 1190/3818/3419 3873/3817/3419 1191/3816/3418 3816/4073/3629 1167/4026/3589 3853/4090/3645 1166/4089/3584 3812/4156/3707 1188/3554/3194 3868/3553/3193
f 3769/4174/3720 3740/4175/3721 3739/4176/3722 2033/4135/3687 3711/3975/3541 2023/4177/3540
f 4120/4178/3723 2143/4179/3724 1299/4180/3725 4158/4181/3726 1325/4182/3727 2158/4183/3728 4121/4184/3729 2173/3675/3302 4161/3697/3313 2172/3696/3313 4160/3695/3313 2171/3694/3312
f 3754/870/801 3756/869/800 3758/4185/798 3757/1102/1012 3755/1101/1011 2031/1108/1018
f 3744/4016/3580 1165/4186/3579 3812/4156/3707 1166/4089/3584
f 2070/4187/3730 3854/4188/3731 1147/4189/3732
f 1147/4189/3732 2018/4162/3711 3814/4161/3710 2070/4187/3730
f 3806/898/828 3809/4190/826 2055/4191/3733 1831/1958/1753 4670/1957/1752
f 3599/3541/2793 1977/823/757 4609/825/759 4624/3543/3184 4623/3542/3183
f 3751/3989/3554 1167/4026/3589 3816/4073/3629 1168/4056/3615
f 3764/4192/3734 2055/4191/3733 2054/895/825
f 3760/4137/3689 3759/866/797 2019/4138/3690
f 3759/866/797 3760/4193/3689 3758/867/798
f 3830/4122/3676 3829/4121/3675 3831/4194/3735
f 2011/4195/3586 3773/2920/2629 2012/4196/3736
f 3761/2917/2626 1158/4096/3593 3824/4095/3650 1159/4059/3618
f 3762/3995/3560 1168/4056/3615 3825/4072/3628 1169/4014/3578
f 2055/4191/3733 3809/896/826 2054/895/825
f 3763/3993/3558 1160/4035/3595 3826/4141/3693 1161/3990/3555
f 3767/4197/3737 3765/4198/3738 3764/4199/3734
f 3766/3972/3538 3765/4198/3738 3767/4197/3737
f 4667/2071/1853 2064/4200/3404 3839/3800/3403 3838/3799/3402 1887/1776/1593
f 3778/4094/3649 1182/4093/3648 1196/1927/1726 1184/1926/1725 3826/4141/3693 1183/4140/3692
f 3773/2920/2629 4657/2100/1880 3774/4201/1879 2012/4202/3736
f 1175/4203/3739 3827/4204/3740 2058/4205/3741
f 1626/4206/3742 1623/4207/3743 1622/4208/3744 4432/4209/3745 1700/4210/3746 4467/4211/3747 1704/4212/3748 4479/4213/3749 1706/4214/3750 4469/4215/3751 1710/4216/3752 4481/4217/3753 1712/4218/3754 4437/4219/3755
f 2058/4205/3741 3776/4220/3756 1175/4203/3739
f 2996/1859/1663 544/1925/1724 568/1997/1783 4389/2122/1900 3039/1955/1751 545/1860/1664
f 4660/361/342 4661/4221/3757 3782/362/343
f 3714/4222/3758 1149/4223/3759 1150/4007/3572 3717/4006/3571 1125/4018/3581 2026/3673/3300
f 2071/4224/3719 3855/3860/3445 3854/4225/3731 2070/4187/3730
f 3795/2111/1891 3796/696/635 3793/3803/3406
f 4470/4226/3760 1707/4227/3761 4480/4228/3762 1703/4229/3763 4433/211/203 1624/36/35 1625/4230/37 1628/4231/3764 4434/4232/3765 1719/4233/3766 4484/4234/3767 1715/4235/3768 4472/4236/3769 1713/4237/3770 4482/4238/3771 1709/4239/3772
f 4380/2087/1868 565/2012/1795 3019/2015/1798 3030/3041/2734 564/4240/3773 1544/2196/1969 3051/2135/1912
f 2295/4241/1347 2667/317/308 1850/316/307 2128/4242/3774 2854/864/795 3754/870/801 2031/1108/1018 2666/4243/3775 3706/4100/3654 4643/4099/3653 2669/4244/3776 2294/4245/3777 2853/4246/3778 1812/4247/3779
f 3640/4248/3780 3639/3611/3248 3616/3776/3383 3617/3761/3370
f 2192/4249/3273 1918/226/218 2879/225/217 1837/4250/3274
f 1148/4025/3588 2019/4138/3690 4656/865/796 2854/864/795 2128/4251/3774 2780/2923/2632 2781/2922/2631 3771/2921/2630
f 3749/4252/3781 2018/4162/3711 1147/4189/3732
f 1596/4253/3782 1593/4254/3783 1592/4255/3784 4427/4256/3785 1652/4257/3786 4451/4258/3787 1656/4259/3788 4495/1320/1195 1658/4260/3789 4453/4261/3790 1662/4262/3791 4499/4263/3792 1664/4264/3793 4442/4265/3794
f 3822/1440/1300 3821/1439/1299 3823/4266/3795
f 2071/4224/3719 2070/4187/3730 3814/4161/3710 1171/4160/3709 3871/4267/3796 1172/4268/3796 3891/4269/3797 1173/4270/3798 1174/4155/3706 2056/4271/3705 3823/4266/3795 3821/1439/1299 3819/4091/3646 3818/4172/1298
f 1590/91/89 1591/185/178 4428/187/180 1659/4272/3799 4496/1318/1193 1655/4273/3800 4452/4274/3801 1653/4275/3802 4492/4276/3803 1649/4277/3804 4450/4278/1311 1647/4279/3805 4438/4280/3806 1587/4281/90
f 4620/4282/3807 2510/558/524 2509/557/523 2474/3727/3341
f 1935/4283/3808 2312/4284/629 4627/3760/3369 4626/3759/3368 3617/3761/3370 1983/3778/3385 4637/3880/3464 2821/3882/3466 2791/3881/3465 1862/4285/3809 2243/4286/3810
f 2019/4138/3690 3759/866/797 4656/865/796
f 4675/4147/3698 3827/4287/3740 2046/4288/3695
f 3925/4289/3592 3921/4031/3591 3917/4030/3591 2116/4290/3590 3918/4152/3703 3922/4151/3702
f 3831/4194/3735 3832/4291/3811 3830/4122/3676
f 1844/1777/1594 1887/1776/1593 3838/3799/3402
f 1886/297/289 4679/4292/3812 3835/1884/1685 4678/298/290
f 3748/4124/3678 2027/780/716 3700/779/715 1146/4080/3636 2018/4162/3711 3749/4252/3781
f 3781/4293/3813 3780/4294/3814 3782/362/343
f 4123/4295/3815 2160/2977/2679 1331/1766/1584 2161/1500/1352 4147/1499/1351 4146/1498/1351 4145/1506/1357 4124/4296/3816 4122/4297/3817 2174/4298/3815
f 4679/4292/3812 3837/3797/3400 3835/1884/1685
f 3838/3799/3402 3836/3798/3401 3837/3797/3400
f 3838/3799/3402 3837/3797/3400 1844/1777/1594
f 3790/2070/1852 2064/3801/3404 4667/2071/1853
f 2604/296/288 1844/1777/1594 1886/4299/289
f 4681/4300/3818 2048/4301/3819 3879/4302/3820 2049/4303/3821
f 3840/4304/3822 2050/4305/3823 3884/1340/1207 1176/4306/1206
f 3843/697/636 3845/3370/3026 2020/698/637
f 3849/3735/3349 2021/3371/3027 3845/4307/3026 4683/2116/1895
f 2071/4224/3719 2072/3861/3446 3855/4308/3445
f 4040/443/419 1264/442/418 4023/441/417 1245/4309/3824 3955/3546/3187 1244/4310/3825 4022/4311/3826 1263/4312/3827 4039/4313/3828 1286/4314/3829 4058/4315/3830 1287/4316/3831
f 2069/1978/823 3851/1977/1765 2052/1332/1201 1177/1331/1200
f 3847/1976/1764 3848/1975/1203 3850/4317/1202
f 1964/3626/3263 3582/3625/3262 1951/4318/3832 4601/4319/3833 1958/3627/3264
f 3694/417/393 3695/4042/3601 2009/1419/1281
f 3706/4100/3654 2666/4243/3775 2031/4320/1018
f 3989/4321/3834 3987/4322/3835 3984/3767/3374 3985/4323/3836 3993/4324/3837 2117/4325/3837 3932/3516/3161 2118/3515/3160 3992/2989/2691
f 3928/4326/3838 2109/4327/3839 2103/4328/3840
f 1804/2495/2225 2807/4329/3841 1826/3840/3437 2808/3839/3436 2234/3838/3436 4639/3837/3436 4642/3836/3436 2008/4330/3435 1121/4331/718 3747/4125/717 3748/4124/3678 1809/4332/3842 2225/4333/3843 2269/1815/1626 2712/1814/1625 1813/3899/3483 2388/2498/2227 2387/2497/2226 2571/2496/2226
f 3956/2981/2683 2123/4334/3844 1233/2006/1790
f 4053/4335/3845 2142/906/835 4051/905/834 4052/910/834 2139/909/838 2135/3826/3426 4056/397/373 2110/396/372 4016/4336/3846 2103/4328/3840 2109/4327/3839 4054/4337/3845
f 2096/3005/2705 3928/4326/3838 2087/3006/2706
f 3832/4338/3811 3831/4194/3735 4676/4118/3672 3833/834/767
f 4634/3854/3440 3655/3655/3286 3657/3855/3285
f 1928/559/335 2094/353/334 2493/560/525
f 2236/4339/3847 2232/241/233 2799/240/232 1865/4340/3848
f 3670/2919/2628 1110/1485/1338 1097/1484/1337 3626/2913/2622
f 1154/4084/3640 3852/3738/3352 4685/3737/3351
f 2103/4328/3840 3964/4341/3849 2087/3006/2706 3928/4326/3838
f 3766/4342/3538 3767/4343/3737 3768/4344/3539
f 3772/4153/3704 1174/4155/3706 2038/4345/3850
f 3851/1977/1765 3850/1333/1202 2052/1332/1201
f 1947/336/319 2564/335/318 1890/334/131 2407/379/130
f 4150/1504/1355 4136/4346/3851 4138/425/401 4097/429/405 4095/1525/1376 4104/3825/3425 2147/3824/3424 4149/4347/3852 4148/1505/1356
f 3703/4348/3853 3704/4098/3652 3705/3793/1017 3663/3792/3396 2000/4058/3617
f 1249/4349/3854 3971/3811/3414 1223/3810/3413 3965/3809/3412
f 1240/4350/3855 3913/4351/3856 1214/4352/3857 3970/4353/3858
f 2097/3008/2708 3898/3007/2707 2087/3006/2706 3964/4341/3849
f 2099/4354/3859 3914/4355/3860 1231/4356/3861
f 1370/4357/3862 4223/1833/1639 4227/1832/1638 1375/2972/2676
f 2102/4358/3863 3960/3645/3277 1237/4359/3864
f 3608/3631/3266 1949/3630/3265 3578/3621/3258 1095/3620/3257 3606/4360/3865
f 3899/3010/2710 1211/57/56 3966/4361/1060 2088/3011/2711
f 3968/4362/3866 2104/400/376 1238/4363/3867
f 1203/4364/3868 2081/415/391 1193/4365/3869 3900/4366/3869 3901/4367/3869 3880/4368/3869 3878/4369/3869 2079/4370/3870 1175/4203/3739 2038/4345/3850 1174/4155/3706 1173/4270/3798 3891/4269/3797 1200/4371/3871 3969/4372/3872 1201/4373/3873 3911/2985/2687 1202/2984/2686 3973/2983/2685
f 2081/415/391 1203/4364/3868 3914/4355/3860
f 1242/4374/3874 3929/1931/1730 1216/1930/1729 3972/1929/1728
f 3997/4375/3875 4003/4376/3876 2092/4377/3877 2091/4378/3878
f 1244/4310/3825 3955/3546/3187 1218/1934/1733 3974/1933/1732
f 1231/4356/3861 3914/4355/3860 1203/4364/3868 3973/2983/2685
f 4219/4379/3879 4182/386/363 1360/385/362 4191/384/362 1359/383/361 1366/1834/1640 4222/4380/3880 1365/4381/3881
f 1250/5/5 3957/4/4 1224/3812/3415 3971/3811/3414
f 3879/4302/3820 3881/4382/3882 2049/4383/3821
f 4605/4384/3883 4606/4385/3884 1941/4386/3884 2349/4387/3885 2351/1791/1605 3591/1790/1604
f 1226/4388/3886 3963/4389/3887 1198/4390/3888 3995/4391/3889
f 4070/2254/2020 4068/2253/2019 4066/3646/3278 4069/3650/3278 4067/3649/3281 2152/4392/3890 4092/4393/3890 4094/4394/3891 4073/4001/3566 4093/2257/2021 4091/2256/2020 2151/2255/2020
f 2360/3915/3498 2363/3914/3497 2364/4395/3892 2361/3916/3499
f 32/55/54 2371/506/480 51/509/482 2379/512/485 2400/514/487 52/4396/840 2373/4397/3893 33/183/176 16/56/55
f 138/724/660 139/733/669 2455/732/668 140/735/671 2469/744/680 173/743/679 2540/705/643 108/647/592 107/610/562 106/642/589 105/596/549 2537/719/655 171/3819/3420 2472/820/754 137/722/658 2454/721/657
f 1239/4398/3894 3970/4353/3858 1213/4399/3895 3910/4400/3896
f 3935/2258/2022 3996/4401/3897 3940/4402/3898 3937/4403/3899 3934/3517/3162
f 1237/4359/3864 3960/3645/3277 1209/1007/929 3912/1006/928
f 1241/4404/3900 3972/1929/1728 1215/1928/1727 3913/4351/3856
f 3915/4405/392 2081/415/391 3914/4355/3860
f 2096/3005/2705 3925/4032/3592 3928/4326/3838
f 424/1636/1476 425/1639/1479 2888/1537/1388 396/1536/1387 2836/1535/1386 1557/1477/1331 1554/1455/1309 2835/1402/1264 395/4406/1263 2887/1411/1273
f 1963/318/309 2295/4241/1347 1812/4247/3779 2670/4407/3901 2294/4408/3777 2669/4409/3776 2076/4128/3681 2534/4127/3680 1861/4126/3679 2045/1416/1278 2229/319/310
f 4003/4376/3876 4007/4410/3902 1205/999/921 2093/4411/3903
f 2158/4183/3728 4168/1596/1438 4189/1595/1437 2167/3679/3304 2166/3678/3303 4163/3677/3303 4162/3676/3303 2173/3675/3302 4121/4184/3729
f 1243/4412/3904 3974/1933/1732 1217/1932/1731 3929/1931/1730
f 2669/4244/3776 4643/4099/3653 3704/4413/3652 3703/4348/3853
f 1245/4309/3824 3994/3548/3189 1219/3547/3188 3955/3546/3187
f 4199/1598/1440 2178/1597/1439 1347/4414/3905 4197/4415/3906 1372/4416/3907 4198/1599/1441
f 3906/3009/2709 2097/3008/2708 3942/4417/3908 2098/59/58
f 1948/125/123 2129/341/324 2203/340/323 2408/126/124
f 1225/3/3 3995/4391/3889 1197/4418/3909 3957/4/4
f 3941/4419/3910 3964/4341/3849 2110/396/372
f 3925/4032/3592 3926/4150/3701 3928/4326/3838
f 3908/1000/922 1205/999/921 3956/2981/2683 1206/1001/923
f 2086/1008/930 1209/1007/929 3960/3645/3277
f 1485/3581/3219 1409/3613/3250 4252/3612/3249 1487/4420/3911 4318/3511/3157 1075/3510/3156 4334/3539/3181 1074/3503/3150 4315/3502/3149
f 1247/438/414 4010/3807/3410 1221/3550/3191 3959/439/415
f 3962/3606/3243 3960/3645/3277 2102/4358/3863
f 4094/4394/3891 1300/3692/3310 4126/3691/3309 4128/3690/3309 4132/3689/3308 4076/716/653 4074/715/652 4075/714/651 4073/4001/3566
f 3964/4341/3849 3941/4419/3910 2097/3008/2708
f 3941/4419/3910 3942/4421/3908 2097/3008/2708
f 1227/4422/3912 4011/4423/3913 1199/4424/3914 3963/4389/3887
f 3828/4123/3677 2057/4425/3915 3829/4121/3675
f 3910/4400/3896 1238/4426/3867 4027/4427/3916 1239/4398/3894
f 4203/1588/1433 4204/3070/2760 4205/3069/2759 1348/4428/1653 4177/1853/1657 4174/4055/3614 4172/1592/1435 4173/1591/1434 2179/1590/1434 2180/1589/1434
f 3911/2985/2687 1229/4429/3917 4028/4430/3918 1230/2982/2684
f 1256/4431/3919 4026/4432/3920 1234/4433/2682 4013/4434/3921 1233/2006/1790 2141/2005/1789 4059/4435/3922 1276/4436/3923 4046/4437/3924
f 1212/4438/3925 2088/3011/2711 3968/4362/3866
f 2112/3768/3375 3915/4405/392 3914/4355/3860 3916/4439/3926
f 3912/1006/928 1236/4440/3927 4029/4441/3928 1237/4359/3864
f 3918/4152/3703 2116/4290/3590 2115/3605/3242
f 3916/4439/3926 3914/4355/3860 2099/4354/3859
f 3913/4351/3856 1240/4350/3855 4030/4442/3929 1241/4404/3900
f 1293/4443/3930 4072/4077/3633 1268/11/11 4100/10/10
f 2122/402/378 3967/401/377 2121/3493/3140 3953/3492/3139
f 2112/3768/3375 3976/2998/2699 2111/2997/387
f 3943/395/371 3945/3082/2771 3942/4421/3908 3941/4419/3910
f 4001/371/352 3998/370/351 3996/4401/3897 3999/2010/1793
f 2119/2990/2692 3931/3518/3163 3933/4444/3931 3930/4445/3932
f 4008/373/354 4005/372/353 4009/2007/1791 2123/4334/3844
f 2654/4446/398 2299/382/360 1929/381/359 4646/4130/3683 3709/4447/3641 3708/4087/3643 4645/4120/3674 4644/4119/3673 4649/4448/3933 2032/4449/3934 3737/4169/3716 4653/4171/3718 2783/4450/1740 1800/282/274 1892/961/888 2417/279/271 1960/278/270 2077/4451/399
f 4000/375/356 3997/4452/3875 3998/370/351
f 3939/4047/3606 2091/4378/3878 2083/4453/3935 3930/4445/3932 3933/4454/3931 3936/4455/3607
f 3929/1931/1730 1242/4374/3874 4031/4456/3936 1243/4412/3904
f 2141/2005/1789 4044/2004/1788 4042/2003/1788 4043/2002/1788 2138/2001/1787 2155/711/649 4099/710/648 1276/4457/3923 4059/4435/3922
f 2714/49/48 1873/51/50 2713/4458/3937 2153/4459/3938 1830/3902/3486
f 3938/4046/3605 3936/4048/3607 3937/4403/3899
f 3934/3517/3162 3932/3516/3161 3935/2258/2022
f 3649/3794/3397 2004/1105/1015 1123/1104/1014 3666/3672/3299 1100/3795/3398 3625/3712/3328 1099/3711/3327
f 4641/4460/3939 2559/4461/3939 4640/4462/3939 1989/2269/2031 4628/4463/103 1891/104/102 2308/329/314 2412/4143/3694 2413/4142/3694 1817/327/312 2009/1419/1281 3695/4042/3601 3693/2271/2033 3692/2270/2032
f 1838/4464/222 1946/229/221 1937/4465/3269
f 3948/3495/3142 3944/4466/3940 3945/3082/2771
f 4025/437/413 1265/436/412 4045/447/423 1290/4467/3941 4033/4468/3942 1266/4469/3943 4017/4470/3944 1248/4471/3945
f 3926/4150/3701 3923/4149/3700 3927/4472/3946 3928/4326/3838
f 1205/999/921 4007/4410/3902 2123/4334/3844
f 3954/392/369 2122/402/378 3953/3492/3139 3949/3081/2770 3946/394/370 3950/393/369
f 4050/4473/3947 1261/4474/3948 4030/4442/3929 1240/4350/3855 4019/4475/3949 1260/4476/3950 4036/4477/3951 1282/4478/3952
f 3968/4362/3866 3966/1153/1060 2121/3493/3140 3967/401/377
f 3983/4479/2701 3980/2999/2700 3984/3767/3374
f 2326/216/208 2334/184/177 33/183/176 2373/4397/3893 52/912/840 2383/536/508 2403/435/411 53/198/190 2342/197/189 34/196/188
f 3956/2981/2683 1233/2006/1790 4013/4434/3921 1234/4433/2682
f 4049/4480/3953 1258/4481/3954 4029/4441/3928 1236/4440/3927 4014/4482/3955 1257/4483/3956 4060/4484/3957 1278/4485/3958
f 3742/4486/3959 3740/4175/3721 1155/4487/3960 3715/1898/1699 3743/4488/3038
f 3961/3644/3276 2086/1008/930 3960/3645/3277
f 3958/1004/926 1235/4489/3961 4014/4482/3955 1236/4440/3927
f 3916/4439/3926 2113/4490/3962 3977/3765/3372 2112/3768/3375
f 2110/396/372 3943/395/371 3941/4419/3910
f 3963/4389/3887 1226/4388/3886 4015/4491/3963 1227/4422/3912
f 3939/4047/3606 3938/4046/3605 3940/4402/3898
f 550/2057/1840 2997/1856/1660 528/1855/1659 549/4492/3964 3026/2084/1865 573/2083/1864 3031/2053/1836
f 2110/396/372 3964/4341/3849 2103/4328/3840 4016/4336/3846
f 3968/4362/3866 3967/401/377 2104/400/376
f 2058/4205/3741 3827/4204/3740 4675/4147/3698 2358/4146/3697 2357/3912/3495 2356/4493/3965 1940/3910/3493 2359/4494/3966 1905/3907/3490 4674/4495/3967 3822/1440/1300 2056/4154/3705 3772/4496/3704 3776/4220/3756
f 4038/4497/3968 1255/4498/3969 4021/4499/3970 1230/2982/2684 4028/4430/3918 1254/4500/3971 4048/4501/3972 1274/4502/3973
f 3965/3809/3412 1248/4471/3945 4017/4470/3944 1249/4349/3854
f 2479/4503/1875 2492/561/526 2493/560/525 2496/840/761 2526/4504/760
f 3983/4479/2701 3984/3767/3374 3987/4322/3835 3986/4505/2689
f 3969/4372/3872 1228/4506/3974 4018/4507/3975 1229/4429/3917
f 3970/4353/3858 1239/4398/3894 4019/4475/3949 1240/4350/3855
f 3971/3811/3414 1249/4349/3854 4020/6/6 1250/5/5
f 3940/4402/3898 3996/4401/3897 3939/4047/3606
f 3973/2983/2685 1230/2982/2684 4021/4499/3970 1231/4356/3861
f 2089/4508/3976 3983/4479/2701 3986/4505/2689 3991/2986/2688 2090/4509/3977
f 3514/3436/3089 1453/3439/3092 3528/3441/3093 1456/3458/3108 4302/3408/3061 1034/3363/3020 1033/3335/2993 1032/3331/2989 4307/3402/3055 1450/3415/3068 3512/3423/3076 1451/3426/3079 3536/3427/3080
f 3933/4454/3931 3934/3517/3162 3937/4403/3899 3936/4455/3607
f 3974/1933/1732 1243/4412/3904 4022/4311/3826 1244/4310/3825
f 1367/4510/3978 1346/4511/3979 4196/3773/3380 4206/3772/3379
f 2013/4512/3980 1149/4223/3759 3714/4222/3758 2026/3673/3300 2034/1103/1013 3757/1102/1012 3758/867/798 3760/4137/3689 1148/4025/3588 3713/4024/3587 2011/4195/3586 2012/4196/3736
f 3988/2988/2690 3986/2987/2689 3987/4322/3835
f 2843/3900/3484 2225/4333/3843 1809/4332/3842 2715/52/51 1856/3901/3485
f 3984/3767/3374 3981/3766/3373 3985/4323/3836
f 2032/4513/3934 4649/4448/3933 4644/4119/3673 3708/4514/3643
f 3994/3548/3189 1245/4309/3824 4023/441/417 1246/440/416
f 3998/370/351 3997/4375/3875 3996/4401/3897
f 4007/4410/3902 4004/374/355 4008/373/354
f 3995/4391/3889 1225/3/3 4024/2/2 1226/4388/3886
f 2120/1152/1059 2121/3493/3140 3966/1153/1060
f 3746/1901/1702 2015/1900/1701 2063/4515/3981 3785/4516/3982 3787/4517/3982 2024/4518/3983 3723/4519/3984 3720/4520/3984 2035/1902/1703
f 4155/885/815 4192/884/814 1353/4521/3985 4184/4522/3985 1354/588/541 4195/587/540 1334/4523/3986
f 1368/1095/1006 1373/1098/1009 4207/4524/3987 4213/4525/3988
f 521/1864/1668 541/1949/1745 557/492/466 542/491/465 3003/1865/1669
f 4008/373/354 2123/4334/3844 4007/4410/3902
f 4010/3807/3410 1247/438/414 4025/437/413 1248/4471/3945
f 4012/1002/924 1234/2980/2682 4026/4432/3920 1235/4489/3961
f 4027/4427/3916 1259/4526/3989 4047/4527/3990 1281/4528/3991 4036/4477/3951 1260/4476/3950 4019/4475/3949 1239/4398/3894
f 1319/4529/3992 4110/4530/3993 1293/4443/3930 4141/4531/3994
f 3776/4220/3756 3772/4496/3704 2038/4345/3850
f 4031/4456/3936 1262/4532/3995 4055/4533/3996 1285/4534/3997 4039/4313/3828 1263/4312/3827 4022/4311/3826 1243/4412/3904
f 2088/3011/2711 3966/4361/1060 3968/4362/3866
f 2280/3948/3526 2219/3950/3528 2127/3949/3527
f 3952/3494/3141 2121/3493/3140 2120/1152/1059
f 4602/4535/3998 1915/3247/2910 4600/3251/2914 3584/3704/3320
f 2100/1999/1785 2108/2011/1794 3999/2010/1793 3996/4401/3897 3935/2258/2022
f 4017/4470/3944 1266/4469/3943 4033/4468/3942 1291/4536/3999 4037/8/8 1267/7/7 4020/6/6 1249/4349/3854
f 4015/4491/3963 1226/4388/3886 4024/2/2 1251/1/1 4041/12/12 1270/4076/3632 4032/4537/4000 1252/4538/4001
f 1389/4539/4002 1384/2970/2674 4230/3603/3240 4224/3602/3239
f 3979/413/389 3983/3000/2701 2089/4508/3976
f 2104/400/376 4034/399/375 2136/3039/2732 1280/4540/3657 4047/4527/3990 1259/4526/3989 4027/4427/3916 1238/4363/3867
f 3590/4088/3644 1994/4541/4003 1119/4542/4004 1988/3652/3283 3612/3651/3282 3611/4543/4005 3610/4544/4005 1968/4545/4006 3592/4546/4007
f 3798/4547/4008 3799/4548/4009 2025/4068/3624 3750/4043/3602 2016/4549/4010 3815/4550/4011
f 1320/4551/4012 4144/4552/4013 1294/4074/3630 4110/4530/3993
f 4026/4432/3920 1256/4431/3919 4046/4437/3924 1277/4553/4014 4060/4484/3957 1257/4483/3956 4014/4482/3955 1235/4489/3961
f 3925/4032/3592 3922/4151/3702 3926/4150/3701
f 659/2419/2113 660/2391/2127 3140/2424/2160 643/4554/4015 3107/4555/4015 616/4556/4016 3106/2197/1970 615/2231/2000 3104/2163/1938 614/2162/1937 3103/2165/1940 613/2229/1998 3119/2319/2074 642/2318/2074 3137/2317/2073
f 3933/4454/3931 3931/3518/3163 3934/3517/3162
f 3036/1895/1696 576/2044/1827 4382/2086/1867 1551/2085/1866 3058/2050/1833 4378/1877/1679
f 1297/4557/4017 4083/4558/4018 1273/4559/4019 4108/4560/4020
f 4032/4537/4000 1270/4076/3632 4103/4075/3631 1271/4561/4021
f 1308/4562/4022 4085/4563/4023 1282/4478/3952 4109/4564/4024
f 2641/347/329 1802/114/112 2318/350/331 1881/349/330 2642/348/330
f 1298/4565/4025 4063/4566/4026 1274/4502/3973 4083/4558/4018
f 4033/4468/3942 1290/4467/3941 4105/4567/4027 1291/4536/3999
f 1094/77/75 1978/110/108 3600/78/76
f 1317/4568/4028 4061/4569/4029 1291/4536/3999 4105/4567/4027
f 4035/4570/4030 1272/4571/4031 4108/4560/4020 1273/4559/4019
f 1318/4572/4032 4100/10/10 1292/9/9 4061/4569/4029
f 1309/4573/4033 4062/4574/4034 1283/4575/4035 4085/4563/4023
f 4036/4477/3951 1281/4528/3991 4109/4564/4024 1282/4478/3952
f 1310/4576/4036 4090/4577/4037 1284/4578/4038 4062/4574/4034
f 4037/8/8 1291/4536/3999 4061/4569/4029 1292/9/9
f 1311/4579/4039 4064/4580/4040 1285/4534/3997 4090/4577/4037
f 2849/1690/1527 2290/1689/1526 2287/1761/1581 4624/3543/3184 4609/825/759 2687/1433/1293 1789/3409/3062 1969/1691/1528
f 1312/4581/4041 4098/4582/4042 1286/4314/3829 4064/4580/4040
f 1302/4583/647 4081/4584/4043 1276/4457/3923 4099/710/648
f 4038/4497/3968 1274/4502/3973 4063/4566/4026 1275/4585/4044
f 1303/4586/4045 4101/4587/4046 1277/4553/4014 4081/4584/4043
f 1313/4588/4047 4071/4589/4048 1287/4316/3831 4098/4582/4042
f 4039/4313/3828 1285/4534/3997 4064/4580/4040 1286/4314/3829
f 1314/4590/4049 4102/445/421 1288/4591/420 4071/4589/4048
f 2056/4271/3705 3822/1440/1300 3823/4592/3795
f 1315/1952/1748 4079/4593/4050 1289/446/422 4102/445/421
f 4040/443/419 1287/4316/3831 4071/4589/4048 1288/4591/420
f 1316/4594/4051 4105/4567/4027 1290/4467/3941 4079/4593/4050
f 1295/4595/4052 4080/4596/4053 1271/4561/4021 4103/4075/3631
f 2098/59/58 3942/4417/3908 3944/4597/3940 3947/60/59
f 4041/12/12 1268/11/11 4072/4077/3633 1270/4076/3632
f 1296/4598/4054 4108/4560/4020 1272/4599/4031 4080/4596/4053
f 2165/4600/1894 2891/289/281 2658/288/280 1877/482/279 2657/4601/456
f 4045/447/423 1289/446/422 4079/4593/4050 1290/4467/3941
f 1307/886/816 4109/4564/4024 1281/4528/3991 4082/4102/3656
f 4046/4437/3924 1276/4436/3923 4081/4584/4043 1277/4553/4014
f 4047/4527/3990 1280/4540/3657 4082/4102/3656 1281/4528/3991
f 4048/4501/3972 1273/4559/4019 4083/4558/4018 1274/4502/3973
f 2037/4602/4055 3753/4603/4056 3752/4604/4057 3727/4045/3604 3726/4044/3603 3728/4069/3625 3729/4605/4055 3730/4606/4055 3731/4607/4055
f 4049/4480/3953 1278/4485/3958 4084/1444/1303 1279/1443/1302
f 4050/4473/3947 1282/4478/3952 4085/4563/4023 1283/4575/4035
f 1642/377/357 1640/4608/347 2298/215/207 18/217/209 2326/216/208 34/196/188 2337/195/187 35/202/194 2317/190/183 19/189/182 2309/188/181
f 4055/4533/3996 1284/4578/4038 4090/4577/4037 1285/4534/3997
f 4096/1524/1375 4057/398/374 4056/397/373 2135/3826/3426 4104/3825/3425 4095/1525/1376
f 2149/4609/4058 1824/262/254 1921/261/253
f 4058/4315/3830 1286/4314/3829 4098/4582/4042 1287/4316/3831
f 1368/1095/1006 4217/4610/4059 1369/4611/4060 4220/4612/4061 1370/4357/3862 1375/2972/2676 1379/2971/2675 1374/1096/1007
f 4060/4484/3957 1277/4553/4014 4101/4587/4046 1278/4485/3958
f 1262/4532/3995 4031/4456/3936 1242/4374/3874 3972/1929/1728 1241/4404/3900 4030/4442/3929 1261/4474/3948 4050/4473/3947 1283/4575/4035 4062/4574/4034 1284/4578/4038 4055/4533/3996
f 3782/362/343 3780/4294/3814 4658/832/765 1849/360/341 4659/359/340
f 1340/1951/1747 4143/1950/1746 1314/4613/4049 4167/4614/4062
f 4061/4569/4029 1317/4568/4028 4156/4615/4063 1318/4572/4032
f 1338/4616/4064 4139/4617/4065 1312/4581/4041 4159/4618/4066
f 4062/4574/4034 1309/4573/4033 4157/4619/4067 1310/4576/4036
f 1327/4620/1656 4115/1851/1655 1302/709/647 4140/708/646
f 3349/2851/2564 3361/2853/2566 891/2892/2601 4293/2907/2616 1444/2906/2615 3371/2905/2614 915/3120/2755 3385/3119/2799 916/3072/2762 3373/3071/2761 917/3074/2763 3388/3131/2807 918/3078/2767 3375/3077/2766 919/3080/2769 3391/2929/2636 1446/2928/2635 4288/2908/2617 892/2865/2577 3351/2854/2567 3332/2852/2565
f 1306/4621/3655 2148/427/403 4153/426/402 2164/3754/3364 1333/883/813 4116/882/812
f 4063/4566/4026 1298/4565/4025 4158/4181/3726 1299/4180/3725
f 1328/1850/1654 4142/4622/4068 1303/4586/4045 4115/1851/1655
f 2175/3781/3388 4122/4297/3817 4124/4296/3816 4145/1506/1357 4148/1505/1356 4149/4347/3852 2147/3824/3424 2150/3782/3389
f 1343/4623/4069 4141/4531/3994 1318/4572/4032 4156/4615/4063
f 4064/4580/4040 1311/4579/4039 4159/4618/4066 1312/4581/4041
f 4239/3544/3185 1486/4624/4070 4336/3420/3073 1048/3419/3072 4316/3506/3152 1047/3505/3151 4332/3453/3103 1481/3452/3102 4242/3451/3102 1398/3450/3101 3562/71/69 1405/70/68 3549/69/67 1406/2996/2698
f 2017/4625/4071 1157/4626/3691 3712/4034/3594 1132/4627/3568 2003/4002/3567 3752/4604/4057 3753/4603/4056
f 2113/4490/3962 3978/4628/4072 3982/4629/4072 3985/4323/3836 3981/3766/3373 3977/3765/3372
f 4071/4589/4048 1313/4588/4047 4167/4614/4062 1314/4613/4049
f 1341/389/366 4152/388/365 1316/4594/4051 4113/390/367
f 1321/3775/3382 4114/3786/3393 1295/4595/4052 4144/4552/4013
f 4072/4077/3633 1293/4443/3930 4110/4530/3993 1294/4074/3630
f 1322/4630/3395 4154/4631/4073 1296/4632/4054 4114/3786/3393
f 1805/3953/3531 1852/3951/3529 2219/3950/3528 2280/3948/3526 2694/3947/3525 4633/4633/609 4619/4634/4074 4615/1602/1443 4617/4635/1445 4618/4636/4075 3595/3705/3321 1974/4637/4076 2283/3250/2913 2282/3249/2912 2218/3957/3534 2217/4638/4077 2431/3731/3345 2430/3730/3344 2105/3729/3343 2695/3954/3532
f 4079/4593/4050 1315/1952/1748 4113/390/367 1316/4594/4051
f 2347/508/481 31/20/20 14/19/19 1631/4639/18 4434/4232/3765 1628/4640/3764 2268/4641/4078 2329/3669/3296 2370/3668/3295 49/474/449 2396/473/448 2376/496/470 50/499/473
f 2504/740/676 165/911/839 2557/955/883 206/944/872 207/968/895 2560/861/792 166/750/686 2480/741/677
f 4080/4596/4053 1295/4595/4052 4114/3786/3393 1296/4632/4054
f 1324/4642/4079 4158/4181/3726 1298/4565/4025 4117/4643/4080
f 1329/4644/4081 4118/4645/4082 1304/4646/4083 4142/4622/4068
f 4081/4584/4043 1302/4583/647 4115/1851/1655 1303/4586/4045
f 4110/4530/3993 1319/4529/3992 1344/3769/3376 1321/3775/3382 4144/4552/4013 1320/4551/4012
f 1334/4523/3986 4119/4647/4084 1308/4562/4022 4155/885/815
f 4082/4102/3656 1306/4101/3655 4116/882/812 1307/886/816
f 1335/586/539 4157/4619/4067 1309/4573/4033 4119/4647/4084
f 4083/4558/4018 1297/4557/4017 4117/4643/4080 1298/4565/4025
f 4084/1444/1303 1304/4646/4083 4118/4645/4082 1305/1445/1304
f 1336/4648/4085 4125/4649/4086 1310/4576/4036 4157/4619/4067
f 4085/4563/4023 1308/4562/4022 4119/4647/4084 1309/4573/4033
f 1337/4650/4087 4159/4618/4066 1311/4579/4039 4125/4649/4086
f 1357/3617/3254 4176/1922/1721 1338/4616/4064 4188/4651/4088
f 4090/4577/4037 1310/4576/4036 4125/4649/4086 1311/4579/4039
f 1339/1921/1720 4167/4614/4062 1313/4588/4047 4139/4617/4065
f 3130/2300/2057 651/2299/2056 3114/2298/2056 636/2234/2003 3076/2236/2004 635/4652/4089 3088/2207/1980 634/2206/1979 3113/2268/2030 650/2267/2030 3128/2266/2029 679/2399/2130 680/2397/2140
f 1975/3893/3477 885/3892/3476 2529/4653/4090 3632/4654/4091 4634/3854/3440 1853/3853/3439 2549/4655/4092 1806/3896/3480 2220/3895/3479 2278/4656/4093
f 3617/3761/3370 3615/1992/1778 3613/1991/1777 1983/3778/3385
f 4098/4582/4042 1312/4581/4041 4139/4617/4065 1313/4588/4047
f 3710/4129/3682 2010/4657/4094 3664/4658/4095 2005/4659/4096 3707/4086/3642 3709/4085/3641
f 4100/10/10 1318/4572/4032 4141/4531/3994 1293/4443/3930
f 4101/4587/4046 1303/4586/4045 4142/4622/4068 1304/4646/4083
f 4102/445/421 1314/4590/4049 4143/1950/1746 1315/1952/1748
f 4103/4075/3631 1294/4074/3630 4144/4552/4013 1295/4595/4052
f 1342/387/364 4156/4615/4063 1317/4568/4028 4152/388/365
f 2057/4425/3915 3828/4123/3677 1149/4223/3759 2013/4512/3980 3775/2101/1881
f 4105/4567/4027 1316/4594/4051 4152/388/365 1317/4568/4028
f 4108/4560/4020 1296/4598/4054 4154/4631/4073 1297/4557/4017
f 4109/4564/4024 1307/886/816 4155/885/815 1308/4562/4022
f 29/4660/4097 45/486/460 2375/485/459 2386/494/468 46/505/479 2362/4661/4098 2331/214/206 2310/1508/1359 1618/1507/1358 4447/3875/3459 1617/4662/144 2276/149/143 11/368/349 2330/367/348
f 1118/3834/3434 3650/3833/3433 1144/3996/3561 3682/3653/3284 1988/3652/3283 1119/4542/4004 1994/4541/4003
f 3863/3012/2712 2088/3011/2711 1212/4438/3925 3910/4400/3896 1213/4399/3895 3970/4353/3858 1214/4352/3857 3913/4351/3856 1215/1928/1727 1196/1927/1726 1182/4093/3648 3875/4092/3647 3770/4097/3651 1181/4663/4099 2044/4664/4100 3874/4665/4101 2074/4666/4101 3862/4667/4101 3860/4668/4101 3858/4669/4101 3857/4670/4101 3856/3015/2713 3859/3014/2712 3861/3013/2712
f 8/85/83 2285/84/82 1606/177/170 1605/82/80 2271/81/79 7/4671/4102 2323/555/522 26/527/499 2327/86/84
f 4232/1919/1718 4226/1835/1641 1366/1834/1640 1359/383/361 4180/391/368 1358/4672/1719
f 4118/4645/4082 1329/4644/4081 4194/2888/2597 1330/2978/2680
f 1355/584/537 4170/4673/4103 1336/4648/4085 4186/585/538
f 4119/4647/4084 1334/4523/3986 4195/587/540 1335/586/539
f 1356/4674/4104 4188/4651/4088 1337/4650/4087 4170/4673/4103
f 2519/469/444 151/468/443 2574/853/784 183/983/909 184/980/906 2577/974/900 152/790/726 2486/787/723
f 3632/4654/4091 1968/4545/4006 3610/4544/4005 3611/4543/4005 3612/3651/3282 1995/3658/3288 1098/3657/3288 1980/3656/3287
f 2235/4675/4105 1864/243/235 2803/242/234 2232/241/233
f 4125/4649/4086 1336/4648/4085 4170/4673/4103 1337/4650/4087
f 2874/1554/1405 387/1553/1404 2848/1163/1069 1560/1162/1068 1559/901/830 2844/904/833 386/1562/1413 2872/1561/1412 408/1622/1462 409/1642/1482
f 4002/2009/1792 4006/2008/1792 4009/2007/1791 4005/372/353 4001/371/352 3999/2010/1793
f 2670/4407/3901 1812/4676/3779 2853/4246/3778 2294/4408/3777
f 4139/4617/4065 1338/4616/4064 4176/1922/1721 1339/1921/1720
f 4178/4677/4106 1361/4678/4107 4216/4679/4108 1363/4680/4109 4212/4681/3377 1344/3769/3376 1319/4529/3992
f 2079/4370/3870 3883/1342/1209 3882/1341/1208 3884/1340/1207 2050/4305/3823 2049/4383/3821 3881/4382/3882 3879/4302/3820 2048/4301/3819 2039/4682/4110 2047/4145/3696 2046/4144/3695 1175/4203/3739
f 1350/2889/2598 4194/2888/2597 1329/4644/4081 4179/2890/2599
f 4141/4531/3994 1343/4623/4069 4178/4677/4106 1319/4529/3992
f 4142/4622/4068 1328/1850/1654 4179/2890/2599 1329/4644/4081
f 1895/4683/4111 2255/4684/4112 1987/3925/3508 2154/3924/3507 2886/4685/4113
f 4004/374/355 4007/4686/3902 4003/4376/3876 3997/4452/3875 4000/375/356
f 3766/3972/3538 4647/3971/3537 3711/3975/3541 4648/4134/3686 1895/4683/4111 2886/4685/4113 2154/3924/3507 2256/29/28 1872/31/30 2055/4191/3733 3764/4192/3734 3765/4198/3738
f 3658/3856/3441 3657/3654/3285 3656/784/720 3659/783/719
f 1393/4687/4114 4218/4688/4115 1392/4689/4116 4215/2886/2595 1391/2885/2594 4211/3068/2758 1387/3979/3545 4214/4133/3685 1388/4132/3684
f 3990/2250/2016 1232/2259/2016 3935/2258/2022 3932/3516/3161 2117/4325/3837 3993/4324/3837 3985/4323/3836 2106/4690/4117 2107/2251/2017
f 4156/4615/4063 1342/387/364 4185/4691/4118 1343/4623/4069
f 4157/4619/4067 1335/586/539 4186/585/538 1336/4648/4085
f 4227/1832/1638 1371/1831/1637 4233/3618/3255 1376/4692/4119
f 4158/4181/3726 1324/4642/4079 4187/4693/4120 1325/4182/3727
f 4159/4618/4066 1337/4650/4087 4188/4651/4088 1338/4616/4064
f 4619/4634/4074 3619/4694/4121 3594/3046/2739 3596/3062/2753 3595/3705/3321 4618/4695/4075 4617/1604/1445 4616/1603/1444 4615/1602/1443
f 1803/3642/3275 1837/4250/3274 2565/4696/215
f 2823/312/304 2779/311/303 1859/310/302 2535/4697/2633
f 4216/4698/4108 1361/4678/4107 4178/4677/4106 1343/4623/4069 4185/4691/4118 1342/387/364 4182/386/363 4219/4699/3879 1364/4700/4122
f 3739/4176/3722 4654/4701/4123 4650/4136/3688 2033/4135/3687
f 3576/3662/3292 4597/3665/3291 4598/4702/3552 1955/112/110
f 4474/4703/4124 1719/4233/3766 4434/4232/3765 1631/4639/18 1632/4704/53 1635/162/155 1636/32/31 4436/35/34 1731/4705/4125 4490/4706/4126 1727/4707/4127 4476/4708/4128 1725/4709/4129 4486/4710/4130 1721/4711/4131
f 2120/4712/1059 3951/61/60 3947/60/59 3944/4466/3940 3948/3495/3142 3952/3494/3141
f 1328/1850/1654 1348/4428/1653 4205/3069/2759 1349/4713/2600 4179/2890/2599
f 3845/4307/3026 3843/697/636 4682/2117/1896 4683/2116/1895
f 3727/4045/3604 3752/4604/4057 2003/4002/3567 3648/3724/3338 3680/3723/3337
f 2153/4459/3938 2253/4714/4132 2767/4715/4132 2829/4716/4132 2252/3904/3488 1869/3903/3487 1830/3902/3486
f 488/1741/1566 2960/1817/1628 489/1825/1633 2946/1824/1633 490/1782/1598 2931/1780/1597 457/1637/1477 456/1634/1474 2929/1742/1567
f 3545/3596/3233 4250/4717/4133 1413/4718/4134 3570/4719/4135 1081/3748/3360 3554/3751/3363 1082/3741/3355
f 1373/1098/1009 4208/3983/3549 1372/4416/3907 4207/4524/3987
f 1996/459/434 1107/458/433 3664/4658/4095 3683/4050/3609 3685/4049/3608 1982/3777/3384 3613/1991/1777
f 4197/4415/3906 1367/4510/3978 4207/4524/3987 1372/4416/3907
f 1376/4692/4119 4228/2973/2677 1375/2972/2676 4227/1832/1638
f 1363/4680/4109 4213/4525/3988 1362/3771/3378 4212/3770/3377
f 2339/235/227 1839/237/229 2614/236/228
f 4685/3737/3351 4671/4720/4136 2014/4082/3638 1154/4084/3640
f 1022/3319/2977 4299/3412/3065 1462/3499/3146 3521/3498/3145 1463/3223/2886 4298/3222/2885 1023/3328/2986
f 3606/4360/3865 3604/3757/3366 3607/3755/3365 3609/3632/3267 3608/3631/3266
f 3896/1344/1210 2080/1343/1210 3883/1342/1209 2079/4370/3870 3878/4369/3869 3880/4368/3869 3901/4367/3869 3900/4366/3869 1193/4365/3869 2081/415/391 3904/414/390 3979/413/389 2089/4508/3976 2090/4509/3977 3991/2986/2688 1204/4721/4137 2082/4722/4137 3930/4445/3932 2083/4453/3935 2091/4378/3878 2092/4377/3877 4003/4376/3876 2093/4411/3903 1205/999/921 3903/998/920 3902/997/920 3887/996/920 3888/995/920 3889/994/919
f 93/654/598 92/520/493 2541/701/639 174/728/664 2468/727/663 124/757/693 125/759/695 2470/816/752 126/817/691 2458/771/707 176/791/727 2544/694/633 94/693/632
f 1365/4381/3881 4220/4612/4061 1364/4700/4122 4219/4699/3879
f 2983/918/846 532/917/845 3002/923/851 533/2042/1825 3009/1912/1711 513/1911/1710 498/1575/1423 2949/1582/1429
f 1366/1834/1640 4223/1833/1639 1365/4381/3881 4222/4380/3880
f 1389/4539/4002 1393/4687/4114 1388/4132/3684 1383/4723/4138
f 3622/421/397 3621/106/104 4628/105/103 1989/2269/2031
f 1896/828/762 4612/3666/3294 3574/3660/3290 1953/1211/1105
f 1832/1788/1602 2688/1787/1601 4603/3702/3318 3589/4724/3317 4604/4725/1603
f 4198/1599/1441 1372/4416/3907 4208/3983/3549 1377/3982/3548 4209/3981/3547 1381/4057/3616 4201/4726/4139 2186/1600/1442
f 2047/4727/3696 2039/4682/4110 4680/4728/4140 2197/4729/4140 2085/3917/3500 2361/3916/3499 2364/4395/3892 2358/4146/3697
f 4207/4524/3987 1367/4510/3978 4206/3772/3379 1362/3771/3378 4213/4525/3988
f 2218/3957/3534 2227/3956/3533 2284/3955/3533 2431/3731/3345 2217/4638/4077
f 4213/4525/3988 1363/4680/4109 4217/4610/4059 1368/1095/1006
f 3723/4519/3984 2024/4518/3983 2016/4549/4010 3750/4043/3602 2002/2029/1812 3724/1905/1705 3722/1904/1704 3719/1903/1704 2035/1902/1703 3720/4520/3984
f 1351/2887/2596 4215/2886/2595 1392/4689/4116 4218/4688/4115
f 4217/4610/4059 1364/4700/4122 4220/4612/4061 1369/4611/4060
f 4458/4730/4141 1671/4731/4142 4429/144/140 1602/4732/78 1605/82/80 1606/177/170 1609/83/81 4445/192/184 1685/3873/3458 4462/4733/4143 1683/4734/4144 4506/4735/4145 1679/4736/4146 4460/4737/4147 1677/4738/4148 4504/4739/4149 1673/4740/4150
f 1393/4687/4114 1389/4539/4002 4224/3602/3239 1395/63/62 4225/4741/4151 1394/4742/4151 4221/4743/4152
f 4220/4612/4061 1365/4381/3881 4223/1833/1639 1370/4357/3862
f 3370/3042/2735 926/3045/2738 3374/3075/2764 927/2992/2694 3364/2991/2693 896/2994/2696 3380/2955/2659 1442/2954/2658 4292/2953/2658 882/2830/2547 3356/2833/2550 3340/2881/2590 3350/2882/2591 3346/2837/2553 895/2836/2552 4290/2941/2648 1443/2940/2647 3382/2939/2646 925/3043/2736
f 3594/3046/2739 3619/4694/4121 1997/4744/4153 1108/4745/4154 3690/3868/3453 3672/3049/2741 1998/3048/2740 3620/3047/2740
f 1086/3053/2744 1992/3052/2743 1984/3985/3551 3696/3984/3550 3678/3722/3336 3679/3721/3335 1993/3720/3335 3644/3719/3334 1087/3576/3216 3567/3575/3215
f 1385/582/535 4230/3603/3240 1384/2970/2674 4229/2969/2673
f 4225/4741/4151 1395/63/62 2183/62/61 2181/1768/1586 4221/4743/4152 1394/4742/4151
f 4230/3603/3240 1385/582/535 4236/581/534 1390/3601/3238
f 1352/4746/64 4231/64/63 1390/3601/3238 4236/581/534 1354/588/541 4184/4522/3985 1353/4521/3985 4192/884/814
f 4228/2973/2677 1376/4692/4119 4234/4747/4155 1380/2974/2678
f 1416/3600/3237 4247/3599/3236 1478/4748/4156 4326/3534/3177 1062/3418/3071 4335/3417/3070 1489/3527/3170 4240/3526/3170 1415/3525/3169 3565/3619/3256
f 1384/2970/2674 1389/4539/4002 1383/4723/4138 1378/1097/1008 1374/1096/1007 1379/2971/2675
f 1409/3613/3250 1485/3581/3219 1403/3557/3197 3548/3563/3203 1404/4749/3209 3564/3568/3208
f 1471/4750/4157 4250/4717/4133 3545/3596/3233 4248/3481/3128 1473/3480/3127 4325/3479/3126 1053/3487/3134 4312/3486/3133 1052/3484/3131 4322/3532/3175
f 4237/4751/4158 1488/4752/4159 4340/3443/3095 1050/3513/3094 4319/3512/3158 1049/3421/3074 4336/3420/3073 1486/4624/4070 4239/3544/3185 3551/3545/3186
f 1855/4753/4160 2224/4754/4161 2223/3935/3516 2546/4081/3637 4638/4755/4162 3741/4756/4163 3742/4486/3959 3743/3385/3038 1130/3384/3037 3688/3732/3346 3668/664/606 4635/663/605 2703/662/604 4636/4757/4164
f 1470/3446/3098 4338/3432/3085 1076/3428/3081 4318/3511/3157 1487/4420/3911 4252/3612/3249 3568/3616/3253 1397/3448/3099 4238/3447/3098
f 1475/3592/3230 4243/3591/3229 1410/4758/436 3552/460/435 1411/1990/1776 3563/1989/1775 1414/3523/3167 4241/3522/3166 1477/3521/3166 4333/3530/3173 1059/3520/3165 4320/3519/3164 1058/3538/3159 4331/3537/3180
f 4165/3693/3311 1300/3692/3310 4094/4394/3891 4092/4393/3890 2152/4392/3890 4067/3649/3281 4065/3648/3280 2143/4179/3724 4120/4178/3723 2171/3694/3312
f 3808/894/824 3892/1016/935 1178/1015/934 3867/1014/934 1179/1013/934 3893/1012/933 1180/1700/1535 3777/4759/4165 2059/4760/4166 3811/4761/4166 3767/4197/3737 3764/4192/3734 2054/895/825
f 972/3287/2946 3426/3211/2875 943/3109/2790 3443/3108/2789
f 982/3241/2904 3434/2912/2621 950/3216/2879 3444/3215/2878
f 974/3298/2957 3429/3160/2831 3445/3209/2873
f 956/3237/2900 3414/3156/2827 931/3163/2834 3424/3162/2833
f 4629/4762/4167 3640/4248/3780 4630/4763/4168
f 952/3254/2917 3438/3092/2778 929/3091/2777 3418/2910/2619
f 4263/3143/2817 921/2932/2639 4280/3094/2780 1429/3175/2846 3400/3178/2846 946/3167/2838 3432/3166/2837 947/3174/2845 3402/3188/2856 1431/3187/2856 4278/3098/2783 922/2934/2641
f 4279/3097/2782 1430/3128/2805 3401/3127/2805 933/3126/2804 3416/3169/2840 3430/3171/2842 934/3135/2810 3406/3134/2809 1435/3133/2809 4265/3132/2808 904/2965/2669
f 2520/808/744 2502/810/746 160/830/763 2556/875/806 198/939/867 2566/857/788 161/813/749
f 2643/129/127 1820/338/321 2860/337/320 1879/130/128
f 1980/3656/3287 3655/4764/3286 4634/3854/3440 3632/4654/4091
f 1417/3573/3213 3569/4765/4169 1412/4766/4170 4251/4767/4171 1476/4768/4171 4321/3531/3174 1066/3438/3091 4339/3437/3090 1065/3435/3088 4329/3535/3178 1479/4769/4172 4245/3574/3214
f 1045/3361/3018 1044/3403/3056 4304/3381/3034 1467/3380/3033 3525/3431/3084 1452/3430/3083 3513/3429/3082 3517/3434/3087 1457/3394/3047 4296/3382/3035 1046/3346/3003
f 4244/3558/3198 1483/3582/3220 4330/3536/3179 1072/3491/3138 4313/3466/3114 1472/3465/3113 4254/3464/3113 1401/3463/3112 3546/3559/3199
f 1399/1490/1343 4249/4770/4173 3542/3023/2719 1088/1483/1336
f 1883/433/409 2613/233/225 1822/232/224
f 4245/3574/3214 1479/4769/4172 4329/3535/3178 1064/3425/3078 4337/3424/3077 1063/3422/3075 4326/3534/3177 1478/4748/4156 4247/3599/3236 3567/3575/3215
f 4249/4770/4173 1480/4771/4174 4324/3533/3176 1068/3460/3110 4309/3459/3109 1067/3456/3106 4321/3531/3174 1476/4768/4171 4251/4767/4171 1412/4766/4170 3553/3025/2721 1396/3024/2720 3542/3023/2719
f 1464/3378/3031 4305/3377/3030 1041/3339/2997 1040/3337/2995 4306/2062/1845 1460/2061/1844 3520/3490/3137 1461/3496/3143 3537/3497/3144 3522/3501/3148
f 2596/3886/3470 1843/4772/4175 2871/3888/3472 1888/3887/3471
f 192/971/898 2561/848/779 157/4773/778 2514/772/708 2484/769/705 156/768/704 2575/889/819
f 819/2793/2513 3295/2668/2393 787/2665/2390 3275/2509/2238
f 1513/2678/2403 4351/2539/2268 771/2535/2264 4375/2589/2317 1511/2662/2387 3250/2661/2386 803/2671/2396 3264/2679/2404
f 4249/4770/4173 1399/1490/1343 3544/1489/1342 1400/1488/1341 4255/3462/3111 1482/3461/3111 4311/3470/3118 1069/3472/3120 4324/3533/3176 1480/4771/4174
f 850/2839/2555 3301/2792/2512 818/2508/2237 3317/2777/2498
f 4376/2585/2313 1510/2667/2392 3249/2666/2391 788/2669/2394 3259/2692/2416 1514/2691/2415 4361/2639/2365 756/2586/2314
f 851/2832/2549 3321/2791/2511 819/2793/2513 3301/2792/2512
f 1910/352/333 4598/4702/3552 4597/3661/3291
f 835/2828/2545 3288/2759/2481 803/2671/2396 3296/2670/2395
f 823/2772/2493 3271/2706/2430 791/2644/2369 3281/2756/2478
f 1634/4774/4176 1633/4775/4177 4435/4776/4178 1718/4777/4179 4473/4778/4180 1722/4779/4181 4485/4780/4182 1724/4781/4183 4475/4782/4184 1728/4783/4185 4439/4784/4186 1637/4785/4187
f 822/2809/2527 3281/2756/2478 790/2694/2418 3299/2695/2419
f 831/2813/2531 3282/2753/2475 799/2553/2282 3292/2747/2469
f 637/2297/2055 3079/2155/1930 605/2153/1928 3091/2225/1994
f 635/4652/4089 3076/2236/2004 603/2218/1988 3088/2207/1980
f 616/4556/4016 3075/2233/2002 584/2136/1913 3106/2197/1970
f 687/2262/2025 3175/2329/2083 655/2353/2102 3155/2304/2061
f 612/2320/2075 3098/2230/1999 580/2161/1936 3100/2160/1935
f 354/1372/1236 2758/1178/1081 322/1177/1080 2777/1306/1183
f 2788/4786/247 2242/254/246 2243/4286/3810 1862/4285/3809
f 438/1778/1595 2909/1688/1525 406/1559/1410 2919/1625/1465
f 2536/309/301 1269/308/300 1876/307/299 2662/2926/2634
f 1584/1315/1190 1568/1465/1319 2839/1567/1416 399/1572/1421 2865/1571/1420 430/1610/1451 431/1680/1519 2885/1540/1391 400/4787/1390 2864/1316/1191
f 1838/230/222 1866/3633/3268 1829/1099/1010 492/231/223
f 1738/4788/4188 4498/4789/4189 1741/1495/1348 4497/4790/4190
f 4450/1457/1311 1648/1456/1310 4488/4791/1349 1647/4279/3805
f 4519/4792/4191 1585/4793/4192 1588/4794/4193
f 1651/1458/1312 4492/4276/3803 1654/4795/4194 4491/4796/4195
f 4502/4797/4196 1667/4798/4197 4456/4799/4198 1665/4800/4199 4500/4801/4200 1661/4802/4201 4454/4803/4202 1659/4272/3799 4428/187/180 1594/186/179 1595/4804/186 1598/4805/3622 4443/4064/3621 1599/4063/141 4429/144/140 1671/4731/4142
f 4522/4806/4203 1644/4807/4204 1585/4793/4192
f 4452/4274/3801 1654/4795/4194 4492/4276/3803 1653/4275/3802
f 1663/4808/4205 4500/4809/4200 1666/4810/4206 4499/4811/3792
f 4516/4812/4207 1589/4813/4208 4427/4256/3785 1592/4814/3784
f 4454/4803/4202 1660/1319/1194 4496/1318/1193 1659/4272/3799
f 1669/4815/4209 4502/4816/4196 1672/4817/4210 4501/4818/4211
f 4456/4819/4198 1666/4810/4206 4500/4801/4200 1665/4800/4199
f 1675/4820/4212 4504/4739/4149 1678/4821/4213 4503/4822/3659
f 4468/4823/4214 1701/4824/4215 4512/4825/4216 1697/4826/4217 4466/4827/4218 1695/3876/3460 4447/3875/3459 1618/4828/1358 1621/212/204 4433/211/203 1703/4229/3763
f 4458/4829/4141 1672/4817/4210 4502/4797/4196 1671/4731/4142
f 1681/4830/4219 4506/4735/4145 1684/4831/4220 4505/4109/3663
f 4527/4832/4221 1601/4833/4222 4430/4114/3668 1603/4113/3667
f 4460/4737/4147 1678/4821/4213 4504/4739/4149 1677/4738/4148
f 1687/4834/4223 4508/4835/3457 1690/4836/4224 4507/4837/162
f 4525/4838/4225 1604/4112/3666 1607/4839/3665
f 4462/4733/4143 1684/4831/4220 4506/4735/4145 1683/4734/4144
f 1693/4840/4226 4510/4841/3461 1696/4842/4227 4509/4843/166
f 1608/4844/4228 4431/165/158 1611/164/157
f 4464/4845/3455 1690/4836/4224 4508/3872/3457 1689/3871/3456
f 1699/4846/4229 4512/4825/4216 1702/4847/4230 4511/4848/4231
f 4466/4849/4218 1696/4842/4227 4510/3877/3461 1695/3876/3460
f 1705/4850/4232 4480/4228/3762 1708/4851/4233 4479/4213/3749
f 4468/4823/4214 1702/4847/4230 4512/4825/4216 1701/4824/4215
f 1711/4852/4234 4482/4853/3771 1714/4854/4235 4481/4855/3753
f 4532/4856/4236 1620/4857/4237 4432/4209/3745 1622/4858/3744
f 4470/4226/3760 1708/4851/4233 4480/4228/3762 1707/4227/3761
f 1717/4859/4238 4484/4860/3767 1720/4861/4239 4483/4862/4240
f 4472/4863/3769 1714/4854/4235 4482/4238/3771 1713/4237/3770
f 1723/4864/4241 4486/4710/4130 1726/4865/4242 4485/4866/4182
f 4474/4867/4124 1720/4861/4239 4484/4234/3767 1719/4233/3766
f 1729/4868/4243 4490/4706/4126 1732/4869/4244 4489/4870/4245
f 4524/4871/4246 1630/4872/4247 4435/4776/4178 1633/4775/4177
f 4488/1496/1349 1741/1495/1348 4498/4873/4189 1740/4874/4248
f 4487/4875/1350 1739/4876/4249 4497/4790/4190 1741/1495/1348
f 4476/4708/4128 1726/4865/4242 4486/4710/4130 1725/4709/4129
f 4521/4877/4250 1634/4774/4176 1637/4878/4187
f 2222/3943/3521 1807/3942/3520 2548/3941/3520 1854/3940/3520 2547/3939/3520 2709/3938/3519 1855/4879/4160 4636/4757/4164 2703/662/604 2272/90/88
f 4478/4880/4251 1732/4869/4244 4490/4706/4126 1731/4705/4125
f 4530/4881/4252 1622/4882/3744 1623/4207/3743
f 1714/4854/4235 4472/4863/3769 1717/4859/4238 4471/4883/4253
f 4528/4884/4254 1626/4206/3742 4437/4219/3755 1627/4885/4255
f 1720/4861/4239 4474/4867/4124 1723/4864/4241 4473/4886/4180
f 1627/4885/4255 4437/4219/3755 1712/4218/3754 4471/4887/4253 1716/4888/4256 4483/4889/4240 1718/4777/4179 4435/4776/4178 1630/4872/4247 1629/4890/4257
f 4526/4891/4258 1629/4890/4257 1630/4872/4247
f 1726/4865/4242 4476/4708/4128 1729/4892/4243 4475/4782/4184
f 1732/4869/4244 4478/4880/4251 1735/4893/4259 4477/4894/4260
f 4438/4280/3806 1586/23/15 4448/22/22 1587/92/90
f 1654/4795/4194 4452/4274/3801 1657/4895/1192 4451/4258/3787
f 1865/4340/3848 2800/238/230 1839/4896/229 2801/3763/3371
f 1735/4893/4259 4494/4897/4261 1738/4788/4188 4493/4898/4262
f 1730/4899/4263 4477/4900/4260 1734/4901/4264 4493/4902/4262 1737/4903/4265 4441/4904/4266 1643/4905/4267 1641/4906/4268 1638/4907/4269 4439/4784/4186 1728/4783/4185 4489/4870/4245
f 4518/4908/4270 1637/4909/4187 4439/4784/4186 1638/4907/4269
f 1628/4640/3764 1625/4230/37 2266/37/36 13/369/350 2329/3669/3296 2268/4641/4078
f 1588/4794/4193 4440/4910/4271 1589/4813/4208
f 1660/1319/1194 4454/4803/4202 1663/4808/4205 4453/4911/3790
f 4515/4912/4272 1641/4906/4268 1643/4905/4267
f 4514/4913/4273 1592/4914/3784 1593/4254/3783
f 1666/4810/4206 4456/4819/4198 1669/4815/4209 4455/4915/4274
f 2292/193/185 1594/186/179 1591/185/178 2300/96/94 3/4916/93 2338/554/521
f 1643/4905/4267 4441/4904/4266 1644/4807/4204
f 4531/4917/4275 1596/4253/3782 4442/4265/3794 1597/4918/4276
f 1672/4817/4210 4458/4829/4141 1675/4820/4212 4457/4919/3670
f 1600/4920/4277 1597/4918/4276 4442/4265/3794 1664/4264/3793 4455/4921/4274 1668/4922/4278 4501/4923/4211 1670/4115/3669 4430/4114/3668 1601/4833/4222
f 4529/4924/4279 1600/4920/4277 1601/4833/4222
f 1678/4821/4213 4460/4737/4147 1681/4925/4219 4459/4107/3661
f 1684/4831/4220 4462/4733/4143 1687/4834/4223 4461/4926/160
f 4523/4927/4280 1607/4928/3665 4444/4110/3664 1608/4844/4228
f 1690/4836/4224 4464/4845/3455 1693/4840/4226 4463/4929/164
f 4520/4930/4281 1611/164/157 1612/163/156
f 1696/4842/4227 4466/4849/4218 1699/4846/4229 4465/4931/4282
f 4517/4932/4283 1615/176/169 4446/175/168 1616/4933/4284
f 1702/4847/4230 4468/4823/4214 1705/4934/4232 4467/4211/3747
f 1694/174/167 4465/4935/4282 1698/4936/4285 4511/4937/4231 1700/4210/3746 4432/4209/3745 1620/4857/4237 1619/4938/4286 1616/4933/4284 4446/175/168
f 1619/4938/4286 1620/4857/4237 4513/4939/4287
f 1708/4851/4233 4470/4226/3760 1711/4852/4234 4469/4940/3751
f 1736/4941/4288 4498/4789/4189 1738/4788/4188 4494/4942/4261
f 1650/4943/4289 4449/1459/1313 1651/1458/1312 4491/4944/4195
f 4449/4945/1313 1646/4946/4290 4487/1497/1350 1648/1456/1310
f 1649/4277/3804 4492/4276/3803 1651/1458/1312 4450/4278/1311
f 1589/4813/4208 4440/4910/4271 1652/4257/3786 4427/4256/3785
f 1656/4259/3788 4451/4258/3787 1657/1317/1192 4495/1320/1195
f 4451/4258/3787 1652/4257/3786 4491/4796/4195 1654/4795/4194
f 1655/4273/3800 4496/1318/1193 1657/4895/1192 4452/4274/3801
f 1662/4262/3791 4453/4911/3790 1663/4808/4205 4499/4263/3792
f 4453/4261/3790 1658/4260/3789 4495/1320/1195 1660/1319/1194
f 1661/4802/4201 4500/4809/4200 1663/4808/4205 4454/4803/4202
f 1668/4922/4278 4455/4915/4274 1669/4815/4209 4501/4923/4211
f 4455/4921/4274 1664/4264/3793 4499/4811/3792 1666/4810/4206
f 1667/4798/4197 4502/4816/4196 1669/4815/4209 4456/4799/4198
f 3767/4343/3737 3811/4761/4166 2059/4760/4166 3777/4759/4165 1156/1899/1700 3715/1898/1699 1155/4487/3960 3740/4175/3721 3769/4947/3720 2023/3974/3540 3768/4344/3539
f 1674/4104/3658 4457/4919/3670 1675/4820/4212 4503/4105/3659
f 4457/4116/3670 1670/4115/3669 4501/4818/4211 1672/4817/4210
f 1673/4740/4150 4504/4739/4149 1675/4820/4212 4458/4730/4141
f 1680/4108/3662 4459/4107/3661 1681/4830/4219 4505/4109/3663
f 4459/4107/3661 1676/4106/3660 4503/4822/3659 1678/4821/4213
f 1679/4736/4146 4506/4735/4145 1681/4925/4219 4460/4737/4147
f 1608/4844/4228 4444/4110/3664 1682/166/159 4431/165/158
f 1686/168/161 4461/4926/160 1687/4834/4223 4507/169/162
f 4672/1436/1296 3820/1435/1295 4673/1434/1294
f 4461/167/160 1682/166/159 4505/4109/3663 1684/4831/4220
f 1685/3873/3458 4508/4835/3457 1687/4834/4223 4462/4733/4143
f 1692/172/165 4463/4929/164 1693/4840/4226 4509/173/166
f 4463/171/164 1688/170/163 4507/4837/162 1690/4836/4224
f 1691/3878/3462 4510/4841/3461 1693/4840/4226 4464/3870/3455
f 1388/4132/3684 1382/3980/3546 1378/1097/1008 1383/4723/4138
f 1698/4936/4285 4465/4931/4282 1699/4846/4229 4511/4937/4231
f 4465/4935/4282 1694/174/167 4509/4843/166 1696/4842/4227
f 1697/4826/4217 4512/4825/4216 1699/4846/4229 4466/4827/4218
f 1704/4212/3748 4467/4211/3747 1705/4850/4232 4479/4213/3749
f 4467/4211/3747 1700/4210/3746 4511/4848/4231 1702/4847/4230
f 1703/4229/3763 4480/4228/3762 1705/4934/4232 4468/4823/4214
f 1710/4216/3752 4469/4940/3751 1711/4852/4234 4481/4217/3753
f 4469/4215/3751 1706/4214/3750 4479/4213/3749 1708/4851/4233
f 1709/4239/3772 4482/4853/3771 1711/4852/4234 4470/4226/3760
f 1716/4888/4256 4471/4883/4253 1717/4859/4238 4483/4889/4240
f 4471/4887/4253 1712/4218/3754 4481/4855/3753 1714/4854/4235
f 1715/4235/3768 4484/4860/3767 1717/4859/4238 4472/4236/3769
f 1646/4946/4290 4449/4945/1313 1650/4943/4289 4491/4944/4195 1652/4257/3786 4440/4910/4271 1588/4794/4193 1585/4793/4192 1644/4807/4204 4441/4904/4266 1737/4903/4265 4497/4948/4190 1739/4876/4249 4487/4875/1350
f 1722/4779/4181 4473/4886/4180 1723/4864/4241 4485/4780/4182
f 4473/4778/4180 1718/4777/4179 4483/4862/4240 1720/4861/4239
f 1721/4711/4131 4486/4710/4130 1723/4864/4241 4474/4703/4124
f 1728/4783/4185 4475/4782/4184 1729/4868/4243 4489/4870/4245
f 4475/4782/4184 1724/4781/4183 4485/4866/4182 1726/4865/4242
f 1727/4707/4127 4490/4706/4126 1729/4892/4243 4476/4708/4128
f 1734/4901/4264 4477/4894/4260 1735/4893/4259 4493/4902/4262
f 4477/4900/4260 1730/4899/4263 4489/4870/4245 1732/4869/4244
f 1733/4949/4291 4494/4897/4261 1735/4893/4259 4478/4880/4251
f 1737/4903/4265 4493/4898/4262 1738/4788/4188 4497/4948/4190
f 3667/3387/3040 2006/3386/3039 1131/1897/1698 2001/4054/3613 3691/3869/3454 3690/3868/3453 1108/4745/4154 1990/666/608 3669/665/607
f 4181/2979/2681 1351/2887/2596 4218/4688/4115 1393/4687/4114 4221/4743/4152 2181/1768/1586
f 2132/3647/3279 1275/4585/4044 4063/4566/4026 1299/4180/3725 2143/4179/3724 4065/3648/3280
f 1596/4253/3782 4531/4917/4275 1790/4950/4292 4585/4951/4293 1792/4952/4294 4514/4913/4273 1593/4254/3783
f 1644/4807/4204 4522/4806/4203 1742/4953/4295 4533/4954/4296 1744/4955/4297 4515/4912/4272 1643/4905/4267
f 440/1620/1460 439/1687/1524 2930/1779/1596 471/1630/1470 2958/1629/1469 472/1829/1636 2947/1828/1636 473/1827/1635 2936/1710/1541 441/1640/1480
f 1769/4956/4298 4517/4932/4283 1616/4933/4284 1619/4938/4286 4513/4939/4287 1767/4957/4299 4561/4958/4300
f 4535/4959/4301 1746/4960/4302 4515/4912/4272 1744/4955/4297
f 4587/4961/4303 4589/4962/4304 1795/4963/4305 4516/4812/4207 1592/4814/3784 4514/4913/4273 1792/4952/4294
f 4563/4964/4306 1771/4965/4307 4517/4932/4283 1769/4956/4298
f 4515/4912/4272 1746/4960/4302 4537/4966/4308 1748/4967/4309 4518/4908/4270 1638/4907/4269 1641/4906/4268
f 1797/4968/4310 4519/4792/4191 1588/4794/4193 1589/4813/4208 4516/4812/4207 1795/4963/4305 4591/4969/4311
f 1773/4970/4312 4520/4930/4281 1612/163/156 1615/176/169 4517/4932/4283 1771/4965/4307 4565/4971/4313
f 1147/4972/3732 3854/4225/3731 3855/3860/3445 3749/4973/3781
f 4522/4806/4203 1585/4793/4192 4519/4792/4191 1797/4968/4310 4593/4974/4314 4595/221/213 1742/4953/4295
f 4190/4010/3575 2159/4009/3574 4174/4055/3614 4177/1853/1657 1326/3780/3387 2168/4011/3575
f 4567/4975/4315 1775/4976/4316 4520/4930/4281 1773/4970/4312
f 4539/4977/4317 4541/4978/4318 1751/4979/4319 4521/4877/4250 1637/4878/4187 4518/4908/4270 1748/4967/4309
f 2145/1446/1305 1305/1445/1304 4118/4645/4082 1330/2978/2680 2160/2977/2679 4123/4295/3815 2174/4298/3815 4122/4297/3817 2175/3781/3388
f 1777/4980/4320 4523/4927/4280 1608/4844/4228 1611/164/157 4520/4930/4281 1775/4976/4316 4569/4981/4321
f 4550/4982/4322 1757/4983/4323 4548/4984/4324 1755/4985/4325 4546/4986/4326 1754/4987/4327 4544/4988/4328 1752/4989/4329 4542/4990/4330 1750/4991/4331 4540/4992/4332 1749/4993/4333 4538/4994/4334 1747/4995/4335 4536/4996/4336 1745/4997/4337 4534/4998/4338 1743/4999/212 4596/219/211 1799/218/210 4594/5000/4339 1798/5001/4340 4592/5002/4341 1796/5003/4342 4590/5004/4343 1794/5005/4344 4588/5006/4345 1793/5007/4346 4586/5008/4347 1791/5009/4348 4584/5010/4349 1788/5011/4350 4582/5012/4351 1786/5013/4352 4580/5014/4353 1784/5015/4354 4578/5016/4355 1783/5017/4356 4576/5018/4357 1781/5019/4358 4574/5020/4359 1779/5021/4360 4572/5022/4361 1778/5023/4362 4570/5024/4363 1776/5025/4364 4568/5026/4365 1774/5027/4366 4566/5028/4367 1772/5029/4368 4564/5030/4369 1770/5031/4370 4562/5032/4371 1768/5033/4372 4560/5034/4373 1766/5035/4374 4558/5036/4375 1764/5037/4376 4556/5038/4377 1763/5039/4378 4554/5040/4379 1761/5041/4380 4552/5042/4381 1759/5043/4382
f 1753/5044/4383 4524/4871/4246 1633/4775/4177 1634/4774/4176 4521/4877/4250 1751/4979/4319 4543/5045/4384
f 3641/3714/3330 1102/3743/3357 3628/3742/3356 1101/3750/3362 3651/3796/3399 1125/4018/3581 3671/3829/3429 1103/3715/3331
f 4526/4891/4258 1630/4872/4247 4524/4871/4246 1753/5044/4383 4545/5046/4385 4547/5047/4386 1756/5048/4387
f 4571/5049/4388 4573/5050/4389 1780/5051/4390 4525/4838/4225 1607/4839/3665 4523/4927/4280 1777/4980/4320
f 1922/3913/3496 2357/3912/3495 2358/4146/3697 2364/4395/3892 2363/3914/3497
f 1620/4857/4237 4532/4856/4236 1765/5052/4391 4559/5053/4392 1767/4957/4299 4513/4939/4287
f 1782/5054/4393 4527/4832/4221 1603/4113/3667 1604/4112/3666 4525/4838/4225 1780/5051/4390 4575/5055/4394
f 4526/4891/4258 1756/5048/4387 4549/5056/4395 1758/5057/4396 4528/4884/4254 1627/4885/4255 1629/4890/4257
f 4529/4924/4279 1601/4833/4222 4527/4832/4221 1782/5054/4393 4577/5058/4397 4579/5059/4398 1785/5060/4399
f 47/5061/196 2366/203/195 2331/214/206 2362/4661/4098 46/505/479 2378/504/478
f 4551/5062/4400 1760/5063/4401 4528/4884/4254 1758/5057/4396
f 3920/5064/4402 2114/3607/3244 3962/3606/3243 2102/4358/3863 1237/4359/3864 4029/4441/3928 1258/4481/3954 4049/4480/3953 1279/1443/1302 2134/907/836 2142/906/835 4053/4335/3845 4054/4337/3845 2109/4327/3839 3927/4472/3946 3924/5065/4402
f 4528/4884/4254 1760/5063/4401 4553/5066/4403 1762/5067/4404 4530/4881/4252 1623/4207/3743 1626/4206/3742
f 4529/4924/4279 1785/5060/4399 4581/5068/4405 1787/5069/4406 4531/4917/4275 1597/4918/4276 1600/4920/4277
f 2870/380/358 1884/272/264 2609/271/263 1944/5070/4407
f 4532/4856/4236 1622/4858/3744 4530/4881/4252 1762/5067/4404 4555/5071/4408 4557/5072/4409 1765/5052/4391
f 4583/5073/4410 1790/4950/4292 4531/4917/4275 1787/5069/4406
f 546/1872/1674 3033/1954/1750 570/2126/1904 3040/2072/1854 3016/2079/1860 2999/1873/1675
f 2490/571/171 1911/3967/172 2211/3966/173 1901/572/172
f 1493/2545/2274 3218/2544/2273 3235/2549/2278 1498/2574/2302 4343/5074/4411 753/5075/4411 3212/2505/2234 745/2457/2190 744/2454/2187 743/2448/2181 742/2445/2178 741/2439/2172 740/2483/2213 3210/2501/2230 752/5076/4412 4341/5077/4412 1505/2611/2338 3244/2612/2339 3231/2615/2342 1506/2618/2345 3247/2619/2346 3233/2546/2275
f 2283/3250/2913 1974/4637/4076 4600/3251/2914
f 1743/4999/212 4534/4998/4338 1745/5078/4337 4533/4954/4296
f 4533/4954/4296 1742/4953/4295 4595/221/213 1743/220/212
f 1745/4997/4337 4536/4996/4336 1747/5079/4335 4535/4959/4301
f 1747/4995/4335 4538/4994/4334 1749/5080/4333 4537/4966/4308
f 1744/4955/4297 4533/4954/4296 1745/5078/4337 4535/4959/4301
f 1746/4960/4302 4535/4959/4301 1747/5079/4335 4537/4966/4308
f 1749/4993/4333 4540/4992/4332 1750/4991/4331 4539/4977/4317
f 1748/4967/4309 4537/4966/4308 1749/5080/4333 4539/4977/4317
f 1750/4991/4331 4542/4990/4330 1752/5081/4329 4541/4978/4318
f 4539/4977/4317 1750/4991/4331 4541/4978/4318
f 1752/4989/4329 4544/4988/4328 1754/5082/4327 4543/5045/4384
f 1751/4979/4319 4541/4978/4318 1752/5081/4329 4543/5045/4384
f 1754/4987/4327 4546/4986/4326 1755/5083/4325 4545/5046/4385
f 1753/5044/4383 4543/5045/4384 1754/5082/4327 4545/5046/4385
f 1755/4985/4325 4548/4984/4324 1757/5084/4323 4547/5047/4386
f 4547/5047/4386 4545/5046/4385 1755/5083/4325
f 1757/4983/4323 4550/4982/4322 1759/5085/4382 4549/5056/4395
f 3685/4049/3608 3687/4052/3611 1982/3777/3384
f 1756/5048/4387 4547/5047/4386 1757/5084/4323 4549/5056/4395
f 1759/5043/4382 4552/5042/4381 1761/5086/4380 4551/5062/4400
f 2456/736/672 150/739/675 2473/822/756 178/821/755 2533/720/656 118/650/594 117/639/586 116/686/627 115/624/573 2531/675/616 177/3604/3241 2476/831/764 147/775/711 2464/797/733 148/778/714 149/737/673
f 1758/5057/4396 4549/5056/4395 1759/5085/4382 4551/5062/4400
f 1761/5041/4380 4554/5040/4379 1763/5087/4378 4553/5066/4403
f 1760/5063/4401 4551/5062/4400 1761/5086/4380 4553/5066/4403
f 1763/5039/4378 4556/5038/4377 1764/5037/4376 4555/5071/4408
f 1762/5067/4404 4553/5066/4403 1763/5087/4378 4555/5071/4408
f 1764/5037/4376 4558/5036/4375 1766/5088/4374 4557/5072/4409
f 4557/5072/4409 4555/5071/4408 1764/5037/4376
f 1766/5035/4374 4560/5034/4373 1768/5089/4372 4559/5053/4392
f 1765/5052/4391 4557/5072/4409 1766/5088/4374 4559/5053/4392
f 1768/5033/4372 4562/5032/4371 1770/5090/4370 4561/4958/4300
f 1767/4957/4299 4559/5053/4392 1768/5089/4372 4561/4958/4300
f 1770/5031/4370 4564/5030/4369 1772/5091/4368 4563/4964/4306
f 1769/4956/4298 4561/4958/4300 1770/5090/4370 4563/4964/4306
f 1772/5029/4368 4566/5028/4367 1774/5092/4366 4565/4971/4313
f 1771/4965/4307 4563/4964/4306 1772/5091/4368 4565/4971/4313
f 1774/5027/4366 4568/5026/4365 1776/5093/4364 4567/4975/4315
f 1773/4970/4312 4565/4971/4313 1774/5092/4366 4567/4975/4315
f 1776/5025/4364 4570/5024/4363 1778/5094/4362 4569/4981/4321
f 1080/5095/3329 3625/3712/3328 1100/3795/3398 3638/3749/3361 1081/3748/3360 3570/4719/4135
f 1775/4976/4316 4567/4975/4315 1776/5093/4364 4569/4981/4321
f 1778/5023/4362 4572/5022/4361 1779/5021/4360 4571/5049/4388
f 1777/4980/4320 4569/4981/4321 1778/5094/4362 4571/5049/4388
f 1779/5021/4360 4574/5020/4359 1781/5096/4358 4573/5050/4389
f 4571/5049/4388 1779/5021/4360 4573/5050/4389
f 1781/5019/4358 4576/5018/4357 1783/5097/4356 4575/5055/4394
f 1780/5051/4390 4573/5050/4389 1781/5096/4358 4575/5055/4394
f 1783/5017/4356 4578/5016/4355 1784/5098/4354 4577/5058/4397
f 1782/5054/4393 4575/5055/4394 1783/5097/4356 4577/5058/4397
f 1784/5015/4354 4580/5014/4353 1786/5099/4352 4579/5059/4398
f 4577/5058/4397 1784/5098/4354 4579/5059/4398
f 1786/5013/4352 4582/5012/4351 1788/5100/4350 4581/5068/4405
f 1785/5060/4399 4579/5059/4398 1786/5099/4352 4581/5068/4405
f 1788/5011/4350 4584/5010/4349 1791/5101/4348 4583/5073/4410
f 1787/5069/4406 4581/5068/4405 1788/5100/4350 4583/5073/4410
f 1791/5009/4348 4586/5008/4347 1793/5102/4346 4585/4951/4293
f 1790/4950/4292 4583/5073/4410 1791/5101/4348 4585/4951/4293
f 1793/5007/4346 4588/5006/4345 1794/5005/4344 4587/4961/4303
f 1792/4952/4294 4585/4951/4293 1793/5102/4346 4587/4961/4303
f 1794/5005/4344 4590/5004/4343 1796/5103/4342 4589/4962/4304
f 4587/4961/4303 1794/5005/4344 4589/4962/4304
f 1796/5003/4342 4592/5002/4341 1798/5104/4340 4591/4969/4311
f 1795/4963/4305 4589/4962/4304 1796/5103/4342 4591/4969/4311
f 1798/5001/4340 4594/5000/4339 1799/5105/210 4593/4974/4314
f 1797/4968/4310 4591/4969/4311 1798/5104/4340 4593/4974/4314
f 4595/221/213 4593/4974/4314 1799/5105/210
f 3708/4087/3643 3707/4086/3642 2032/4513/3934
f 1598/4065/3622 1595/4804/186 2292/193/185 2319/4060/3619 4/4067/3623 2270/4066/3623
f 1909/3958/2911 2509/557/523 2508/580/533
f 2506/573/171 1901/3965/172 2214/3964/173 1908/574/172
f 4610/824/758 3588/3746/3316 2689/5106/4413
f 2634/3580/337 2146/3664/336 4622/3577/3217
f 4599/3663/3293 4621/5107/4414 1950/4117/3671
f 1229/4429/3917 3911/2985/2687 1201/4373/3873 3969/4372/3872
f 1205/999/921 2123/4334/3844 3956/2981/2683
f 3211/2504/2233 751/5108/4415 4344/5109/4415 1494/2551/2280 3219/2550/2279 1495/2558/2287 3240/2560/2288 3221/2569/2297 1497/2570/2298 3243/2571/2299 3223/2578/2306 1499/2580/2308 3246/2581/2309 3225/2538/2267 1491/2537/2266 4345/5110/4416 3213/2506/2235 734/2485/2215 733/2502/2231 732/2480/2210 731/2500/2229 730/2474/2205 729/2471/2202
f 1913/260/252 2190/259/251 2149/4609/4058 1921/261/253
f 2882/127/125 747/339/322 2643/129/127 1818/128/126
f 1918/226/218 2192/3640/3273 2191/3639/3272 1919/424/400
f 3605/3756/407 1971/3609/3246 3639/3611/3248 3640/4248/3780 4629/4762/4167 4630/4763/4168 2313/5111/4417 2315/5112/238 1827/5113/237 2817/5114/4418 1864/5115/235 2235/5116/4105 2060/5117/4419 2236/5118/3847 1865/5119/3848 2801/3763/3371 2868/3762/408
f 67/617/567 2382/534/506 43/548/501 2405/518/491
f 1943/270/262 2199/269/261 2198/5120/4420 1944/5070/4407
f 2082/4722/4137 1204/4721/4137 3991/2986/2688 2119/2990/2692 3930/4445/3932
f 1945/264/256 2137/5121/255 2200/5122/4421 1938/5123/4422
f 1937/4465/3269 1946/229/221 2131/3636/220 2231/3635/3270
f 2862/3643/339 1803/3642/3275 2565/223/215 1846/222/214
f 4204/3070/2760 4203/5124/1433 4202/5125/1432 4200/1601/1432 2186/1600/1442 4201/4726/4139 1381/4057/3616 2187/3977/3543 1386/3976/3542 2188/3067/2757
f 2193/3726/3340 4601/4319/3833 1951/4318/3832 1950/4117/3671 4620/4282/3807 2474/3727/3341
f 2306/99/97 1814/332/96 2304/331/316
f 4193/5126/4423 1346/4511/3979 1367/4510/3978 4197/4415/3906 1347/4414/3905 4187/4693/4120 1324/4642/4079
f 3802/5127/4424 2066/5128/4424 2017/5129/4071 3753/4603/4056 2037/4602/4055 3731/4607/4055 3730/4606/4055 3729/4605/4055 3728/4069/3625 2025/4068/3624 3799/4548/4009
f 157/4773/778 2488/794/730 130/676/617 2514/772/708
f 4328/3475/3122 1484/3474/3121 4246/3473/3121 1402/3483/3130 3559/3586/3224 1407/3585/3223 4253/3589/3227 1474/3593/3231 4317/3508/3154 1056/3507/3153
f 1970/3610/3247 1971/3609/3246 3605/3756/407 3603/3758/3367 3604/3757/3366 3606/4360/3865 1095/3620/3257 3555/3524/3168 1414/3523/3167 3563/1989/1775 3614/1988/1774 3616/3776/3383 3639/3611/3248
f 4168/1596/1438 2158/4183/3728 1325/4182/3727 4187/4693/4120 1347/4414/3905 2178/1597/1439
f 4631/672/613 2846/671/612 1808/3037/2730 2705/673/614
f 1932/88/86 2705/673/614 1808/3037/2730 2126/3945/3523 1979/89/87
f 1924/293/285 2228/292/284 2078/2113/283 1942/2112/1892
f 1939/3889/3473 2233/704/642 2067/703/641
f 2800/238/230 1865/4340/3848 2799/240/232 1823/239/231
f 2232/241/233 2236/5118/3847 2060/5117/4419 2235/4675/4105
f 45/486/460 29/5130/4097 2330/367/348 2335/47/46 28/5131/45 2355/549/518 44/466/441 2384/465/440
f 4345/5110/4416 1491/2537/2266 3217/2536/2265 1492/2541/2270 3227/2542/2271 3241/2597/2325 1504/2608/2335 3229/2607/2334 1505/2611/2338 4341/5077/4412 752/5076/4412 3210/2501/2230 739/2433/2167 738/2478/2209 737/2476/2207 736/2488/2218 735/2503/2232 3213/2506/2235
f 497/1812/1623 2965/1811/1623 465/1698/1533 2940/1697/1532 464/1665/1504 2928/1755/1576 496/1754/1575 2943/919/847
f 2788/4786/247 1862/4285/3809 2789/257/249 1801/256/248
f 3937/4403/3899 3940/4402/3898 3938/4046/3605
f 4658/832/765 4677/835/768 1849/360/341
f 1331/1766/1584 2160/2977/2679 4181/2979/2681 2181/1768/1586 4169/1767/1585
f 3924/5065/4402 3927/4472/3946 3923/4149/3700 3919/3608/3245 2114/3607/3244 3920/5064/4402
f 2085/3917/3500 2197/4729/4140 4680/4728/4140 2039/5132/4110 2048/5133/3819 4681/4300/3818 2049/4383/3821 2050/5134/3823 3840/4304/3822 1176/4306/1206 2040/5135/1205 4664/1967/1762 2125/1966/1761 2260/3918/3501
f 4237/5136/4158 1413/4718/4134 4250/4717/4133 1471/4750/4157 4322/3532/3175 1051/3444/3096 4340/3443/3095 1488/4752/4159
f 2830/1961/1756 4669/1960/1755 2763/1959/1754 1871/5137/4425
f 2044/4664/4100 1181/4663/4099 3770/4097/3651 1157/5138/3691 2017/5129/4071 2066/5128/4424 3802/5127/4424 3799/4548/4009 3798/4547/4008 3800/5139/4426 3801/5140/4426
f 2011/4195/3586 3771/2921/2630 3773/2920/2629
f 1645/378/13 1586/15/15 4438/4280/3806 1647/4279/3805 4488/4791/1349 1740/4874/4248 4498/4873/4189 1736/4941/4288 4494/4942/4261 1733/4949/4291 4478/4880/4251 1731/4705/4125 4436/35/34 1639/34/33 1640/4608/347 1642/5141/357
f 2261/1721/1551 1986/1720/1550 2263/1964/1759
f 3017/2036/1819 556/2035/1818 1539/2045/1828 3070/2182/1955 1544/2196/1969 564/4240/3773 3030/3041/2734 537/3040/2733
f 2259/3919/3502 2260/3918/3501 2125/1966/1761 2264/1965/1760 2263/1964/1759 1986/1720/1550
f 3017/2036/1819 537/3040/2733 2995/1847/1651 2992/1628/1468 500/1627/1467 2979/1803/1616 516/4037/3597 3014/2031/1814
f 2709/3938/3519 1874/3937/3518 2708/3936/3517 1855/4879/4160
f 1981/1813/1624 2269/1815/1626 2225/4333/3843 2843/3900/3484
f 2287/1761/1581 2289/1760/1580 2144/3540/3182
f 2272/90/88 1979/89/87 2273/3944/3522 2222/3943/3521
f 1853/3853/3439 2699/3897/3481 1806/3896/3480 2549/4655/4092
f 2277/3894/3478 1975/3893/3477 2278/4656/4093 2220/3895/3479
f 1842/3885/3469 2352/3884/3468 2349/4387/3885 2596/3886/3470
f 2694/3947/3525 1851/3946/3524 2847/668/610 4633/667/609
f 1974/4637/4076 3584/5142/3320 4600/3251/2914
f 2491/567/171 1907/3969/531 2209/3968/173 1898/568/172
f 3588/3700/3316 4603/5143/3318 2688/1787/1601 2689/5106/4413
f 2687/1433/1293 4610/5144/758 2689/5106/4413 1789/3409/3062
f 4651/5145/4427 4652/4170/3717 3737/5146/3716 3736/5147/3713 3734/4168/3712
f 2208/1758/1578 2290/1689/1526 1969/1691/1528 2426/2283/2043
f 1849/360/341 4677/835/768 1916/301/293 2665/300/292 1811/1883/291 4662/1887/1688 1875/5148/4428 4660/361/342
f 4677/835/768 4676/4118/3672 2664/5149/294 1916/5150/293
f 3855/3860/3445 4686/3859/3444 2766/5151/4429 4690/5152/4429 1870/5153/4429 2185/5154/4429 2713/4458/3937 1873/51/50 2715/52/51 1809/4332/3842 3748/5155/3678 3749/4252/3781
f 3624/3718/3333 3569/4765/4169 1417/3573/3213 1087/3576/3216 3644/3719/3334
f 3023/5156/4430 558/2023/1806 572/2022/1805 3026/2084/1865 549/4492/3964 2994/1942/1738 548/1941/1737
f 2307/101/99 2305/100/98 2306/99/97 2304/331/316
f 2205/102/100 2307/101/99 1954/330/315 2414/103/101
f 2010/4657/4094 3684/4053/3612 3683/4050/3609 3664/4658/4095
f 2189/252/244 2312/4284/629 1935/4283/3808 2243/5157/3810
f 2316/248/240 2314/247/239 2315/5112/238 2313/5111/4417
f 2204/249/241 2316/5158/240 1952/5159/4431 2311/250/242
f 2641/347/329 1880/346/328 2640/118/116 1835/2942/115
f 3737/4169/3716 2032/4449/3934 3735/4165/3714 3736/5147/3713
f 1507/2624/2351 3245/2625/2352 3234/2531/2260 1490/2530/2259 3216/2529/2258 3237/2534/2263 1494/2551/2280 4344/5109/4415 751/5108/4415 3211/2504/2233 728/2462/2194 727/2460/2192 726/2452/2185 725/2450/2183 724/2443/2176 723/2429/2163 722/2493/2223 3214/2507/2236 4342/5160/4432 1503/2604/2331 3242/2605/2332 3232/2621/2348
f 1355/584/537 4235/583/536 1380/2974/2678 4234/4747/4155 1376/4692/4119 4233/3618/3255 1357/3617/3254 4188/4651/4088 1356/4674/4104 4170/4673/4103
f 2324/227/219 1919/3638/400 2237/3637/3271 2131/228/220
f 2493/560/525 2094/5161/334 1910/352/333 2496/840/761
f 3788/1706/1539 2053/1705/1539 2043/1704/1538 3815/4550/4011 2016/4549/4010 2024/4518/3983 3787/4517/3982 3785/4516/3982 2063/5162/3981 2062/1708/1540 3786/1707/1539
f 1974/4637/4076 3595/5163/3321 1973/3060/2751 3586/3059/2750 3584/5142/3320
f 2258/3922/3505 2764/5164/4433 1871/5137/4425 2763/1959/1754 1831/1958/1753 2055/4191/3733 1872/31/30 2722/30/29 2721/3923/3506
f 2608/267/259 1885/5165/438 2607/5166/4434 1845/268/260
f 624/2183/1956 3092/2172/1946 623/2171/1945 3083/2168/1942 622/2167/1941 3111/5167/4435 645/5168/4435 3121/2336/2088 667/2339/2091 3138/2420/2158 668/2422/2097 3122/2345/2096 669/2347/2086 3141/2274/2035 646/2273/2034 3108/2272/2034 625/2186/1959 3085/2184/1957
f 2352/3884/3468 2350/3883/3467 2351/1791/1605 2349/4387/3885
f 4153/426/402 4138/425/401 4136/4346/3851 4150/1504/1355 4151/1503/1354 4137/1502/1354 1332/1501/1353 2169/1765/1583 4175/1769/1587 2164/3754/3364
f 1952/5159/4431 2316/5158/240 2313/5111/4417 4630/4763/4168 3640/4248/3780 3617/3761/3370 4627/3760/3369 2312/4284/629 1878/5169/243 2311/5170/242
f 2394/265/257 1938/5171/4422 2194/5172/4436 2395/266/258
f 2565/223/215 1837/4250/3274 2879/225/217 1889/224/216
f 1910/5173/333 2639/351/332 4598/3986/3552
f 3710/4129/3682 4646/5174/3683 1929/5175/359 2870/5176/358 1944/5177/4407 2198/5120/4420 2607/5178/4434 1885/5165/438 2344/5179/437 1920/4148/3699 2194/5172/4436 1938/5171/4422 3684/4053/3612 2010/4657/4094
f 1954/330/315 2308/329/314 1891/104/102 2414/103/101
f 1848/281/273 1892/961/888 1800/5180/274
f 3682/3653/3284 1144/3996/3561 3738/3865/3450 1120/786/722 2007/785/721
f 4661/4221/3757 4660/361/342 1875/5148/4428 4662/1887/1688 3784/1886/1687 3782/362/343
f 2689/5106/4413 1833/1786/1600 2553/2282/2042 1789/5181/3062
f 3121/2336/2088 645/5168/4435 3111/5167/4435 622/2167/1941 3090/2146/1921 621/2145/1920 3081/2148/1923 620/2211/1982 3080/2213/1983 619/2237/2005 3078/2143/1918 618/2198/1971 3115/5182/4437 644/5183/4437 3132/2412/2151 664/2408/2148 3144/2428/2162 665/2416/2155 3135/2415/2154 666/2337/2089
f 1850/316/307 1893/315/306 1816/314/306 2247/313/305 2780/5184/2632 2128/4242/3774
f 2084/3909/3492 2460/3908/3491 1905/3907/3490 2359/4494/3966
f 1904/688/628 4668/2114/1893 2078/291/283 2466/689/282
f 1909/3958/2911 2193/5185/3340 2509/557/523
f 2495/1215/1109 2325/5186/4438 2492/561/526 2479/2094/1875
f 4621/5107/4414 2146/5187/336 2510/558/524
f 2193/5185/3340 1909/3248/2911 1915/3247/2910 4602/5188/3998
f 2508/580/533 1927/579/532 2281/3959/3535 1909/3958/2911
f 4183/3788/3394 1345/3774/3381 4196/3773/3380 1346/5189/3979 4193/5126/4423 1323/5190/4439
f 2325/5186/4438 2144/3540/3182 2289/1760/1580 1923/5191/527
f 2494/563/528 1923/562/527 2286/3970/3536 1900/3095/529
f 644/5183/4437 3115/5182/4437 618/2198/1971 3077/2199/1972 617/2232/2001 3075/2233/2002 616/4556/4016 3107/4555/4015 643/4554/4015 3140/2424/2160 661/2425/2134 3129/2404/2145 662/2405/2137 3142/2426/2161 663/2427/2144 3132/2412/2151
f 3852/3738/3352 1154/5192/3640 2022/4167/3715 3849/3735/3349 4684/3739/3353
f 3020/1894/1695 560/1876/1678 3038/1875/1677 535/1948/1744 3005/1909/1708 534/1913/1712 3009/1912/1711 533/2042/1825
f 3931/3518/3163 2119/5193/2692 3992/2989/2691 2118/3515/3160
f 2199/269/261 2607/5166/4434 2198/5194/4420
f 1920/5195/3699 2395/266/258 2194/5172/4436
f 2604/296/288 2603/1775/287 1844/5196/1594
f 2539/3920/3503 2459/1647/1487 1906/1646/1486 2365/1963/1758 2226/1962/1757
f 2957/1738/1563 508/1809/1621 527/1943/1739 2994/1942/1738 549/4492/3964 528/1855/1659 2991/1854/1658 509/1816/1627 2944/1740/1565 487/1739/1564
f 2077/423/399 1960/278/270 2856/277/269 1810/276/268
f 3793/3803/3406 3792/2068/1850 3795/2111/1891
f 2609/271/263 1943/270/262 1944/5070/4407
f 2241/5197/4440 2240/5198/250 2789/5199/249 1862/4285/3809 2791/3881/3465 4637/3880/3464 1983/3778/3385 1982/3777/3384 3687/4052/3611 3686/4051/3610 3684/4053/3612 1938/5171/4422 2200/5122/4421 2137/5121/255 1824/262/254 2149/5200/4058
f 2146/5187/336 4621/5107/4414 4599/5201/3293
f 1904/688/628 2891/687/281 2165/2115/1894
f 2000/4058/3617 3662/1418/1280 2245/5202/1279 2045/1416/1278 2786/5203/4441 1861/5204/3679 2076/5205/3681 2669/5206/3776 3703/4348/3853
f 2193/3726/3340 4602/5188/3998 1958/3627/3264 4601/4319/3833
f 1833/5207/1600 2689/5106/4413 2688/1787/1601
f 2550/3952/3530 1852/3951/3529 1805/3953/3531
f 1021/3372/3028 1020/3365/3021 4301/3407/3060 1455/3406/3059 3529/3455/3105 3519/3485/3132 1459/3488/3135 3532/3489/3136 1462/3499/3146 4299/3412/3065
f 4605/4384/3883 3591/3717/1604 3590/4088/3644 3592/4546/4007
f 1569/1492/1345 4401/1463/1317 1564/1464/1318
f 2057/4425/3915 3775/2101/1881 2297/2927/298 1962/5208/4442 2101/5209/296 2296/303/295 2664/5149/294 4676/4118/3672 3831/4194/3735 3829/4121/3675
f 3624/3718/3333 1985/3725/3339 3637/3022/2718 3553/3025/2721 1412/5210/4170 3569/4765/4169
f 3583/3659/3289 1965/73/71 1093/72/70 3543/3449/3100 1397/3448/3099 3568/3616/3253 3623/3745/3359 1118/3834/3434 1994/4541/4003 3590/4088/3644 1976/3740/3354 3597/3671/3298 1956/3670/3297
f 3916/4439/3926 2099/4354/3859 1231/4356/3861 4021/4499/3970 1255/4498/3969 4038/4497/3968 1275/4585/4044 2132/3647/3279 2140/2252/2018 2107/2251/2017 2106/4690/4117 3985/4323/3836 3982/4629/4072 3978/4628/4072 2113/4490/3962
f 4638/4755/4162 2546/4081/3637 1894/3933/3514 2436/3932/3513 1914/3931/3513 2707/3930/3513 1815/3929/3512 2845/5211/4443 2250/3927/3510 2251/3018/2714 1828/3020/2716 2724/3926/3509 2255/4684/4112 1895/4683/4111 4648/4134/3686 4650/4136/3688 4654/4701/4123 3739/4176/3722 3741/4756/4163
f 3706/4100/3654 2031/4320/1018 3705/1107/1017
f 3806/5212/828 3807/5213/827 3809/896/826
f 4620/4282/3807 1950/5214/3671 4621/5107/4414
f 375/1214/1108 2144/5215/3182 2325/5216/4438 2495/1215/1109
f 4018/4507/3975 1253/5217/4444 4035/4570/4030 1273/4559/4019 4048/4501/3972 1254/4500/3971 4028/4430/3918 1229/4429/3917
f 3798/4547/4008 3815/4550/4011 2043/1704/1538 3872/1703/1537 3856/3015/2713 3857/4670/4101 3858/4669/4101 3860/4668/4101 3862/4667/4101 2074/4666/4101 3874/4665/4101 2044/4664/4100 3801/5140/4426 3800/5139/4426
f 2153/4459/3938 2713/4458/3937 2185/5154/4429 1870/5153/4429 4690/5152/4429 2766/5151/4429 4686/3859/3444 4687/591/544 4689/590/543 2072/3861/3446 3817/1437/1297 4672/1436/1296 4673/1434/1294 3822/1440/1300 4674/4495/3967 1905/3907/3490 2163/3906/3489 2717/364/345 2545/363/344 1931/3905/3489 2252/3904/3488 2829/4716/4132 2767/4715/4132 2253/4714/4132
f 3734/4168/3712 2014/4082/3638 4671/4720/4136 4685/3737/3351 1847/3736/3350 2246/5218/276 2783/4450/1740 4653/4171/3718 4652/4170/3717 4651/5145/4427
f 1896/5219/762 2496/840/761 4613/839/771
f 7/4671/4102 2271/81/79 1602/80/78 6/143/139 25/142/138 2323/555/522
f 1876/307/299 2297/306/298 2662/5220/2634
f 1990/666/608 1108/4745/4154 1997/4744/4153 3619/4694/4121 4619/4634/4074 4633/4633/609
f 2005/4659/4096 1129/4020/3583 2029/4019/3582 3735/4165/3714 2032/4513/3934 3707/4086/3642
f 2199/269/261 1845/268/260 2607/5166/4434
f 2655/275/267 2157/274/266 2299/382/360
f 111/692/631 2432/656/600 79/497/471 2448/603/556
f 2489/575/171 1908/3963/172 2213/3962/173 1899/576/172
f 2639/351/332 2318/350/331 4611/1870/1673
f 2558/280/272 2417/279/271 1892/5221/888
f 3016/2079/1860 547/1891/1692 3013/1866/1670 2989/1845/1650 507/1844/1649 525/1874/1676 2999/1873/1675
f 1246/5222/416 3959/439/415 1220/3549/3190 3994/3548/3189
f 1107/5223/433 3646/457/432 1106/3733/3347 3660/3863/3448 1129/4020/3583 2005/4659/4096 3664/4658/4095
f 3944/4597/3940 3942/4417/3908 3945/3082/2771
f 3928/4326/3838 3927/4472/3946 2109/4327/3839
f 1413/4718/4134 4237/4751/4158 3551/3545/3186 1080/5095/3329 3570/4719/4135
f 56/631/580 2385/538/509 2401/532/504
f 1844/1777/1594 3837/3797/3400 4679/4292/3812 1886/4299/289
f 94/693/632 2433/658/602 62/483/457 2446/595/548
f 116/686/627 2421/641/588 84/434/410 2439/699/574
f 90/691/630 2423/646/591 58/661/424 2440/634/582
f 247/1117/1026 2659/1037/951 215/1036/950 2627/859/790
f 3781/4293/3813 3782/362/343 3784/1886/1687 2061/1885/1686 3783/5224/3409
f 215/1036/950 2579/981/907 183/983/909 2591/408/384
f 243/1041/955 2581/987/913 211/880/810 2595/965/892
f 217/1050/963 2583/976/902 185/1031/901 2597/979/905
f 3582/3625/3262 1950/4117/3671 1951/4318/3832
f 1936/116/114 4608/115/113 1802/114/112
f 159/871/802 2499/804/740 132/807/743 2516/793/729
f 1896/828/762 4613/839/771 4612/5225/3294
f 4620/4282/3807 4621/5107/4414 2510/558/524
f 257/1126/1034 2631/1084/995 225/1100/885 2648/1074/986
f 259/1134/1042 2635/1090/1001 227/969/896 2650/1083/994
f 261/1138/1046 2638/1092/1003 229/934/862 2653/1089/1000
f 2190/259/251 2240/5198/250 2241/5197/4440 2149/4609/4058
f 2045/1416/1278 1861/4126/3679 2786/5203/4441
f 337/1415/1277 2759/1193/1091 305/1172/1077 2775/1171/1076
f 359/1364/1228 2751/1286/1167 327/1295/1173 2765/1269/1152
f 333/1393/1240 2753/1222/1115 301/1221/1114 2768/1278/1160
f 3692/2270/2032 1989/2269/2031 4640/4462/3939 2559/5226/3939 4641/4460/3939
f 2357/3912/3495 1926/3911/3494 1940/3910/3493 2356/4493/3965
f 1580/1476/1330 4411/1348/1212 1579/1491/1344
f 460/1781/1557 2899/1674/1513 428/1692/1515 2912/1657/1497
f 434/1696/1531 2901/1678/1517 402/1515/1366 2913/1669/1508
f 462/1756/1577 2903/1681/1520 430/1610/1451 2915/1609/1450
f 1924/5227/285 1942/2112/1892 2346/294/286
f 2091/4378/3878 3939/4047/3606 3996/4401/3897 3997/4375/3875
f 2724/3926/3509 1987/3925/3508 2255/4684/4112
f 3010/1917/1716 519/1916/1715 2975/1839/1645 502/1800/1613 2981/1799/1612 518/1890/1691 2998/1889/1690 539/2014/1797
f 3866/3813/3416 1224/3812/3415 3957/4/4 1197/4418/3909 3995/4391/3889 1198/4390/3888 3963/4389/3887 1199/4424/3914 4011/4423/3913 1200/4371/3871 3891/4269/3797 1172/4268/3796 3871/4267/3796 1171/4160/3709 3886/4159/3708 1170/4070/3626
f 1917/253/245 2189/252/244 2243/5157/3810 2242/254/246
f 1581/1493/1346 4400/1360/1224 1580/1476/1330 2858/1517/1368
f 1857/3928/3511 2250/3927/3510 2845/5211/4443 1815/3929/3512
f 2124/3921/3504 2539/3920/3503 2226/1962/1757 2830/1961/1756 1871/5137/4425 2764/5164/4433 2258/3922/3505
f 1358/1920/1719 4180/391/368 1340/5228/1747 4167/4614/4062 1339/1921/1720
f 710/2447/2180 3152/2387/2131 678/2398/2028 3166/2379/2124
f 697/2479/2204 3159/2414/2153 665/2416/2155 3170/2407/2147
f 699/2484/2214 3162/2418/2157 667/2421/2091 3172/2338/2090
f 722/2493/2223 3187/2431/2165 690/2368/2115 3205/2438/2171
f 731/2500/2229 3188/2482/2212 699/2484/2214 3198/2475/2206
f 733/2502/2231 3191/2487/2217 701/2332/2084 3200/2481/2211
f 735/2503/2232 3194/2489/2219 703/2341/2093 3202/2486/2216
f 1940/3910/3493 2084/3909/3492 2359/4494/3966
f 2394/265/257 1945/264/256 1938/5171/4422
f 3740/4175/3721 3742/4486/3959 3741/4756/4163 3739/4176/3722
f 2325/5186/4438 1923/5191/527 2492/561/526
f 856/2856/2569 3310/2821/2538 824/2703/2427 3329/2773/2494
f 865/2863/2575 3311/2824/2541 833/2754/2476 3320/2816/2533
f 867/2872/2584 3314/2827/2544 835/2828/2545 3322/2823/2540
f 3342/2884/2593 877/2778/2499 3355/2835/2551
f 885/3892/3476 2815/3891/3475 1863/3890/3474 2529/4653/4090
f 998/3334/2992 3453/3295/2954 966/3212/2876 3462/3284/2943
f 1000/3333/2991 3456/3302/2961 968/3231/2894 3464/3294/2953
f 1010/3358/3015 3461/3308/2967 978/3257/2848 3474/3256/2919
f 1042/3376/3029 3484/3356/3013 1010/3375/3015 3497/3340/2998
f 1016/3393/3046 3486/3360/3017 984/3252/2915 3498/3350/3007
f 1044/3403/3056 3488/3362/3019 1012/3260/2922 3500/3355/3012
f 1018/3404/3057 3490/3368/3024 986/3311/2925 3501/3310/2969
f 1804/2495/2225 2873/2494/2224 1826/3840/3437 2807/4329/3841
f 4154/4631/4073 1322/4630/3395 4183/3788/3394 1323/5190/4439 4193/5126/4423 1324/4642/4079 4117/4643/4080 1297/4557/4017
f 3631/3564/3204 3548/3563/3203 1090/3562/3202 3645/3699/3315 1114/3820/3421
f 2596/3886/3470 2349/4387/3885 1941/4386/3884 4606/4385/3884 4605/5229/3883 3592/4546/4007 1968/4545/4006 3632/5230/4091 2529/4653/4090 1863/3890/3474 2068/702/640 2233/704/642 1939/3889/3473 2871/3888/3472 1843/4772/4175
f 2224/4754/4161 1855/4879/4160 2708/3936/3517 2223/3935/3516
f 1151/3805/3408 1150/4007/3572 1149/4223/3759 3828/4123/3677 3830/4122/3676 3832/4338/3811 3833/834/767 3779/833/766 4658/832/765 3780/4294/3814 3781/4293/3813 3783/3806/3409
f 2012/4196/3736 3774/4201/1879 2013/4512/3980
f 2021/4166/3027 3849/3735/3349 2022/5231/3715
f 3774/2099/1879 3775/2101/1881 2013/4512/3980
f 1248/4471/3945 3965/3809/3412 1222/3808/3411 4010/3807/3410
f 2207/305/297 2101/5209/296 1962/5208/4442 2297/2927/298
f 3989/4321/3834 3992/2989/2691 3988/2988/2690 3987/4322/3835
f 1496/2563/2291 3220/2562/2290 3236/2567/2295 1500/2584/2312 3224/2583/2311 3239/2587/2315 1502/2601/2328 3228/2600/2327 1503/2604/2331 4342/5160/4432 3214/2507/2236 721/2469/2201 3209/2492/2222 720/2467/2199 719/2260/2023 718/2324/2078 750/2456/2189 749/2490/2220 748/2466/2198 3215/2491/2221 746/2464/2196 3212/2505/2234 753/5075/4411 4343/5074/4411 1498/2574/2302 3222/2573/2301 3238/2577/2305 1501/2592/2320 3226/2591/2319 3230/2564/2292
f 3776/4220/3756 2038/4345/3850 1175/4203/3739
f 2046/4144/3695 3827/4287/3740 1175/4203/3739
f 1235/4489/3961 3958/1004/926 1207/1003/925 4012/1002/924
f 1238/4426/3867 3910/4400/3896 1212/4438/3925 3968/4362/3866
f 1236/4440/3927 3912/1006/928 1208/1005/927 3958/1004/926
f 2881/333/317 1814/98/96 2562/97/95 1890/334/131
f 4009/2007/1791 1233/2006/1790 2123/4334/3844
f 2111/411/387 3915/416/392 2112/3768/3375
f 2115/3605/3242 2116/4029/3590 3961/4028/3276
f 3007/1893/1694 3021/1892/1693 571/2077/1859 3042/2024/1807 558/2023/1806 3023/5156/4430 548/1941/1737
f 2570/3898/3482 2388/2498/2227 1813/3899/3483
f 1956/3670/3297 3598/3115/2795 1957/3114/2794 3583/3659/3289
f 1156/1899/1700 3777/4759/4165 1180/1700/1535 2042/1699/1534 3813/1709/1534 2062/1708/1540 2063/4515/3981 2015/1900/1701
f 1304/4646/4083 4084/1444/1303 1278/4485/3958 4101/4587/4046
f 1253/5217/4444 4018/4507/3975 1228/5232/3974 4011/4423/3913 1227/4422/3912 4015/4491/3963 1252/4538/4001 4032/4537/4000 1271/4561/4021 4080/4596/4053 1272/4571/4031 4035/4570/4030
f 1827/245/237 2802/244/236 1864/5115/235 2817/5114/4418
f 1364/4700/4122 4217/4610/4059 1363/4680/4109 4216/4679/4108
f 4229/2969/2673 1380/2974/2678 4235/583/536 1385/582/535
f 955/3279/2938 3424/3162/2833 3442/3161/2832
f 829/2814/2518 3279/2749/2471 797/2760/2473 3290/2733/2457
f 1558/1460/1314 4424/1369/1233 1557/1477/1331 2836/1535/1386
f 1556/903/832 4425/1398/1260 1555/1472/1326
f 3584/3704/3320 3585/3058/2749 1958/3627/3264 4602/5188/3998
f 1228/4506/3974 3969/4372/3872 1200/4371/3871 4011/4423/3913
