# Blender 4.2.0
# www.blender.org
mtllib king.mtl
o Piece_06.001
v 0.114874 0.058607 0.386242
v 0.059610 0.058695 0.388758
v 0.005899 0.058870 0.402007
v -0.044195 0.059125 0.425480
v -0.088747 0.059451 0.458274
v -0.126045 0.059835 0.499130
v -0.154655 0.060262 0.546477
v -0.173478 0.060715 0.598495
v -0.181791 0.061178 0.653187
v -0.179274 0.061633 0.708449
v -0.166024 0.062061 0.762158
v -0.142550 0.062447 0.812251
v -0.109754 0.062776 0.856802
v -0.068896 0.063035 0.894099
v -0.021548 0.063214 0.922708
v 0.030473 0.063307 0.941532
v 0.085166 0.063309 0.949845
v 0.140430 0.063221 0.947328
v 0.194141 0.063046 0.934079
v 0.244235 0.062790 0.910606
v 0.288787 0.062465 0.877812
v 0.326085 0.062081 0.836957
v 0.354695 0.061654 0.789610
v 0.373518 0.061201 0.737591
v 0.381831 0.060738 0.682900
v 0.379314 0.060283 0.627638
v 0.366064 0.059855 0.573928
v 0.342590 0.059469 0.523836
v 0.309794 0.059140 0.479285
v 0.268937 0.058881 0.441988
v 0.221588 0.058701 0.413378
v 0.169568 0.058609 0.394555
v 0.114879 0.062743 0.386208
v 0.059615 0.062831 0.388724
v 0.005904 0.063006 0.401973
v -0.044190 0.063261 0.425446
v -0.088742 0.063587 0.458240
v -0.126039 0.063971 0.499096
v -0.154650 0.064398 0.546443
v -0.173473 0.064851 0.598461
v -0.181786 0.065314 0.653152
v -0.179269 0.065769 0.708415
v -0.166019 0.066197 0.762124
v -0.142545 0.066583 0.812217
v -0.109749 0.066912 0.856767
v -0.068891 0.067171 0.894064
v -0.021543 0.067350 0.922674
v 0.030478 0.067443 0.941497
v 0.085171 0.067445 0.949810
v 0.140435 0.067357 0.947294
v 0.194146 0.067182 0.934045
v 0.244240 0.066926 0.910572
v 0.288792 0.066601 0.877778
v 0.326090 0.066217 0.836922
v 0.354700 0.065790 0.789575
v 0.373523 0.065337 0.737557
v 0.381836 0.064874 0.682866
v 0.379319 0.064419 0.627603
v 0.366069 0.063991 0.573894
v 0.342595 0.063605 0.523801
v 0.309799 0.063276 0.479250
v 0.268942 0.063017 0.441954
v 0.221593 0.062838 0.413344
v 0.169573 0.062745 0.394521
v 0.116352 0.080314 0.358540
v 0.055691 0.080411 0.361302
v -0.003266 0.080603 0.375845
v -0.058252 0.080883 0.401610
v -0.107155 0.081241 0.437607
v -0.148095 0.081662 0.482452
v -0.179499 0.082131 0.534423
v -0.200161 0.082629 0.591522
v -0.209285 0.083137 0.651554
v -0.206523 0.083636 0.712213
v -0.191979 0.084106 0.771168
v -0.166212 0.084530 0.826153
v -0.130213 0.084891 0.875054
v -0.085366 0.085175 0.915993
v -0.033393 0.085372 0.947397
v 0.023708 0.085473 0.968058
v 0.083742 0.085476 0.977183
v 0.144403 0.085379 0.974421
v 0.203360 0.085187 0.959878
v 0.258346 0.084906 0.934113
v 0.307249 0.084549 0.898116
v 0.348189 0.084128 0.853271
v 0.379593 0.083659 0.801300
v 0.400255 0.083161 0.744201
v 0.409379 0.082653 0.684169
v 0.406616 0.082154 0.623510
v 0.392072 0.081684 0.564555
v 0.366306 0.081260 0.509571
v 0.330307 0.080899 0.460669
v 0.285460 0.080615 0.419730
v 0.233487 0.080418 0.388326
v 0.176386 0.080317 0.367665
v 0.116434 0.095167 0.357205
v 0.055535 0.095264 0.359978
v -0.003652 0.095457 0.374578
v -0.058854 0.095738 0.400444
v -0.107949 0.096097 0.436582
v -0.149049 0.096520 0.481603
v -0.180576 0.096990 0.533777
v -0.201319 0.097490 0.591100
v -0.210479 0.098000 0.651367
v -0.207706 0.098501 0.712264
v -0.193105 0.098973 0.771450
v -0.167237 0.099399 0.826650
v -0.131097 0.099761 0.875743
v -0.086074 0.100047 0.916842
v -0.033898 0.100244 0.948369
v 0.023427 0.100346 0.969112
v 0.083696 0.100348 0.978272
v 0.144595 0.100251 0.975499
v 0.203782 0.100058 0.960899
v 0.258984 0.099777 0.935033
v 0.308078 0.099418 0.898895
v 0.349179 0.098995 0.853874
v 0.380706 0.098525 0.801700
v 0.401449 0.098025 0.744377
v 0.410609 0.097515 0.684110
v 0.407835 0.097014 0.623213
v 0.393234 0.096542 0.564028
v 0.367367 0.096116 0.508828
v 0.331227 0.095754 0.459734
v 0.286204 0.095469 0.418635
v 0.234028 0.095271 0.387108
v 0.176703 0.095169 0.366366
v 0.116093 0.110359 0.363891
v 0.056530 0.110454 0.366603
v -0.001359 0.110643 0.380883
v -0.055350 0.110918 0.406182
v -0.103367 0.111269 0.441527
v -0.143566 0.111683 0.485561
v -0.174402 0.112143 0.536591
v -0.194690 0.112631 0.592655
v -0.203649 0.113130 0.651601
v -0.200936 0.113620 0.711162
v -0.186655 0.114082 0.769049
v -0.161355 0.114498 0.823039
v -0.126008 0.114853 0.871055
v -0.081973 0.115132 0.911253
v -0.030941 0.115325 0.942088
v 0.025126 0.115425 0.962376
v 0.084074 0.115427 0.971335
v 0.143637 0.115332 0.968623
v 0.201526 0.115143 0.954343
v 0.255517 0.114868 0.929045
v 0.303534 0.114517 0.893700
v 0.343733 0.114103 0.849666
v 0.374569 0.113643 0.798636
v 0.394856 0.113155 0.742571
v 0.403816 0.112656 0.683625
v 0.401103 0.112166 0.624065
v 0.386822 0.111704 0.566177
v 0.361522 0.111288 0.512188
v 0.326175 0.110933 0.464172
v 0.282140 0.110654 0.423973
v 0.231108 0.110461 0.393138
v 0.175041 0.110361 0.372851
v 0.114719 0.117486 0.390059
v 0.007408 0.117746 0.405583
v -0.085792 0.118318 0.460991
v -0.150693 0.119116 0.547846
v -0.161889 0.120888 0.760234
v -0.138773 0.121268 0.809561
v -0.066245 0.121847 0.890159
v 0.031607 0.122115 0.936867
v 0.085464 0.122117 0.945053
v 0.139884 0.122030 0.942576
v 0.242104 0.121606 0.906415
v 0.322704 0.120908 0.833889
v 0.369413 0.120041 0.736042
v 0.377599 0.119585 0.682186
v 0.362072 0.118715 0.574878
v 0.306662 0.118011 0.481680
v 0.219803 0.117580 0.416780
v 0.113705 0.121056 0.409347
v 0.063073 0.121137 0.411653
v 0.013864 0.121298 0.423791
v -0.032031 0.121532 0.445297
v -0.072848 0.121830 0.475342
v -0.107020 0.122182 0.512773
v -0.133232 0.122573 0.556151
v -0.150477 0.122988 0.603810
v -0.158093 0.123412 0.653917
v -0.155787 0.123829 0.704547
v -0.143648 0.124221 0.753754
v -0.122141 0.124575 0.799648
v -0.092095 0.124876 0.840464
v -0.054662 0.125114 0.874635
v -0.011282 0.125278 0.900847
v 0.036378 0.125362 0.918092
v 0.086487 0.125365 0.925708
v 0.137119 0.125284 0.923403
v 0.186328 0.125123 0.911264
v 0.232223 0.124889 0.889759
v 0.273040 0.124591 0.859714
v 0.307212 0.124239 0.822283
v 0.333424 0.123848 0.778904
v 0.350669 0.123433 0.731246
v 0.358285 0.123009 0.681139
v 0.355979 0.122592 0.630509
v 0.343840 0.122200 0.581302
v 0.322333 0.121846 0.535408
v 0.292286 0.121545 0.494591
v 0.254854 0.121307 0.460421
v 0.211474 0.121143 0.434209
v 0.163814 0.121058 0.416964
v 0.114369 0.131407 0.396906
v 0.061314 0.131492 0.399322
v 0.009751 0.131660 0.412041
v -0.038341 0.131905 0.434575
v -0.081112 0.132218 0.466059
v -0.116918 0.132586 0.505281
v -0.144385 0.132996 0.550735
v -0.162456 0.133431 0.600674
v -0.170436 0.133876 0.653179
v -0.168020 0.134312 0.706232
v -0.155299 0.134723 0.757794
v -0.132764 0.135094 0.805884
v -0.101279 0.135410 0.848654
v -0.062055 0.135659 0.884460
v -0.016599 0.135831 0.911925
v 0.033342 0.135919 0.929996
v 0.085848 0.135921 0.937977
v 0.138903 0.135837 0.935561
v 0.190467 0.135669 0.922842
v 0.238558 0.135424 0.900307
v 0.281329 0.135111 0.868824
v 0.317136 0.134743 0.829602
v 0.344602 0.134333 0.784148
v 0.362673 0.133897 0.734209
v 0.370653 0.133453 0.681704
v 0.368237 0.133017 0.628651
v 0.355517 0.132605 0.577089
v 0.332981 0.132235 0.528999
v 0.301496 0.131919 0.486229
v 0.262272 0.131670 0.450423
v 0.216817 0.131498 0.422957
v 0.166876 0.131409 0.404887
v 0.115174 0.150373 0.381914
v 0.059211 0.150462 0.384462
v 0.004819 0.150640 0.397879
v -0.045909 0.150898 0.421649
v -0.091025 0.151228 0.454859
v -0.128795 0.151617 0.496231
v -0.157767 0.152049 0.544178
v -0.176829 0.152508 0.596855
v -0.185247 0.152977 0.652239
v -0.182698 0.153437 0.708201
v -0.169280 0.153871 0.762590
v -0.145509 0.154262 0.813317
v -0.112298 0.154595 0.858432
v -0.070923 0.154858 0.896201
v -0.022975 0.155039 0.925173
v 0.029704 0.155133 0.944234
v 0.085090 0.155135 0.952653
v 0.141053 0.155046 0.950104
v 0.195445 0.154868 0.936687
v 0.246173 0.154610 0.912917
v 0.291289 0.154280 0.879708
v 0.329059 0.153891 0.838335
v 0.358031 0.153459 0.790389
v 0.377093 0.153000 0.737712
v 0.385511 0.152531 0.682328
v 0.382962 0.152071 0.626366
v 0.369544 0.151637 0.571977
v 0.345773 0.151246 0.521250
v 0.312562 0.150913 0.476135
v 0.271187 0.150650 0.438366
v 0.223239 0.150469 0.409394
v 0.170560 0.150375 0.390332
v 0.115563 0.180906 0.374986
v 0.058291 0.180998 0.377594
v 0.002627 0.181179 0.391324
v -0.049288 0.181444 0.415650
v -0.095459 0.181781 0.449637
v -0.134112 0.182179 0.491977
v -0.163762 0.182621 0.541045
v -0.183270 0.183091 0.594954
v -0.191885 0.183571 0.651634
v -0.189276 0.184042 0.708904
v -0.175545 0.184486 0.764566
v -0.151217 0.184886 0.816479
v -0.117229 0.185227 0.862649
v -0.074887 0.185496 0.901302
v -0.025817 0.185681 0.930952
v 0.028094 0.185777 0.950459
v 0.084775 0.185779 0.959074
v 0.142048 0.185688 0.956466
v 0.197711 0.185507 0.942736
v 0.249626 0.185242 0.918410
v 0.295797 0.184904 0.884423
v 0.334451 0.184507 0.842083
v 0.364101 0.184064 0.793015
v 0.383608 0.183594 0.739106
v 0.392223 0.183115 0.682427
v 0.389615 0.182644 0.625156
v 0.375883 0.182200 0.569494
v 0.351556 0.181799 0.517581
v 0.317568 0.181459 0.471411
v 0.275225 0.181190 0.432758
v 0.226156 0.181004 0.403108
v 0.172244 0.180909 0.383601
v 0.115539 0.203640 0.375780
v 0.058459 0.203731 0.378379
v 0.002983 0.203912 0.392064
v -0.048757 0.204176 0.416308
v -0.094773 0.204512 0.450180
v -0.133297 0.204909 0.492378
v -0.162847 0.205349 0.541281
v -0.182289 0.205818 0.595009
v -0.190875 0.206296 0.651497
v -0.188275 0.206765 0.708575
v -0.174589 0.207208 0.764050
v -0.150344 0.207607 0.815788
v -0.116471 0.207947 0.861803
v -0.074271 0.208214 0.900326
v -0.025366 0.208399 0.929876
v 0.028364 0.208495 0.949317
v 0.084855 0.208497 0.957904
v 0.141935 0.208406 0.955305
v 0.197411 0.208225 0.941620
v 0.249151 0.207961 0.917376
v 0.295167 0.207625 0.883504
v 0.333690 0.207229 0.841306
v 0.363241 0.206788 0.792403
v 0.382683 0.206319 0.738675
v 0.391268 0.205841 0.682187
v 0.388669 0.205372 0.625108
v 0.374983 0.204929 0.569634
v 0.350738 0.204530 0.517895
v 0.316864 0.204191 0.471880
v 0.274664 0.203923 0.433358
v 0.225760 0.203738 0.403808
v 0.172030 0.203643 0.384366
v 0.114454 0.235043 0.396833
v 0.061553 0.235128 0.399241
v 0.010139 0.235295 0.411924
v -0.037813 0.235540 0.434393
v -0.080460 0.235851 0.465785
v -0.116163 0.236219 0.504893
v -0.143549 0.236627 0.550215
v -0.161568 0.237062 0.600010
v -0.169525 0.237505 0.652362
v -0.167116 0.237940 0.705261
v -0.154432 0.238350 0.756674
v -0.131962 0.238719 0.804624
v -0.100569 0.239034 0.847270
v -0.061458 0.239282 0.882972
v -0.016134 0.239454 0.910358
v 0.033662 0.239542 0.928377
v 0.086016 0.239544 0.936334
v 0.138917 0.239460 0.933925
v 0.190331 0.239292 0.921243
v 0.238283 0.239048 0.898774
v 0.280930 0.238736 0.867382
v 0.316633 0.238369 0.828273
v 0.344019 0.237960 0.782951
v 0.362038 0.237526 0.733157
v 0.369995 0.237083 0.680805
v 0.367586 0.236648 0.627906
v 0.354902 0.236238 0.576493
v 0.332432 0.235868 0.528542
v 0.301038 0.235553 0.485897
v 0.261928 0.235305 0.450195
v 0.216604 0.235134 0.422808
v 0.166808 0.235045 0.404790
v 0.111845 0.284872 0.447063
v 0.068875 0.284940 0.449020
v 0.027112 0.285076 0.459321
v -0.011838 0.285275 0.477572
v -0.046478 0.285528 0.503071
v -0.075479 0.285826 0.534838
v -0.097724 0.286158 0.571652
v -0.112360 0.286511 0.612098
v -0.118824 0.286871 0.654623
v -0.116867 0.287224 0.697591
v -0.106564 0.287557 0.739352
v -0.088312 0.287858 0.778301
v -0.062812 0.288113 0.812941
v -0.031044 0.288315 0.841941
v 0.005771 0.288454 0.864186
v 0.046219 0.288526 0.878822
v 0.088745 0.288528 0.885286
v 0.131715 0.288459 0.883329
v 0.173478 0.288323 0.873027
v 0.212428 0.288124 0.854776
v 0.247069 0.287871 0.829278
v 0.276069 0.287573 0.797511
v 0.298315 0.287241 0.760697
v 0.312950 0.286888 0.720250
v 0.319414 0.286528 0.677726
v 0.317457 0.286175 0.634757
v 0.307154 0.285842 0.592996
v 0.288902 0.285542 0.554047
v 0.263402 0.285286 0.519407
v 0.231634 0.285084 0.490408
v 0.194819 0.284945 0.468162
v 0.154371 0.284873 0.453527
v 0.111055 0.313409 0.462471
v 0.071153 0.313473 0.464287
v 0.032372 0.313599 0.473854
v -0.003798 0.313784 0.490802
v -0.035965 0.314019 0.514480
v -0.062895 0.314296 0.543979
v -0.083553 0.314604 0.578165
v -0.097144 0.314932 0.615724
v -0.103146 0.315266 0.655212
v -0.101328 0.315594 0.695113
v -0.091761 0.315903 0.733893
v -0.074813 0.316182 0.770061
v -0.051133 0.316420 0.802228
v -0.021633 0.316607 0.829158
v 0.012554 0.316736 0.849815
v 0.050115 0.316803 0.863405
v 0.089605 0.316804 0.869408
v 0.129507 0.316741 0.867591
v 0.168288 0.316614 0.858025
v 0.204457 0.316430 0.841077
v 0.236625 0.316195 0.817398
v 0.263555 0.315918 0.787899
v 0.284212 0.315610 0.753713
v 0.297803 0.315282 0.716155
v 0.303805 0.314948 0.676666
v 0.301988 0.314620 0.636765
v 0.292421 0.314310 0.597985
v 0.275472 0.314031 0.561817
v 0.251792 0.313794 0.529650
v 0.222292 0.313607 0.502721
v 0.188105 0.313478 0.482064
v 0.150545 0.313411 0.468473
v 0.111126 0.336128 0.461456
v 0.071062 0.336192 0.463280
v 0.032123 0.336319 0.472886
v -0.004193 0.336504 0.489902
v -0.036491 0.336740 0.513677
v -0.063531 0.337018 0.543296
v -0.084272 0.337328 0.577620
v -0.097918 0.337657 0.615332
v -0.103944 0.337992 0.654981
v -0.102120 0.338322 0.695044
v -0.092514 0.338632 0.733981
v -0.075496 0.338912 0.770296
v -0.051720 0.339151 0.802593
v -0.022100 0.339338 0.829632
v 0.012225 0.339468 0.850373
v 0.049938 0.339535 0.864019
v 0.089589 0.339537 0.870046
v 0.129653 0.339473 0.868222
v 0.168591 0.339346 0.858616
v 0.204907 0.339161 0.841600
v 0.237206 0.338925 0.817825
v 0.264245 0.338647 0.788206
v 0.284987 0.338337 0.753882
v 0.298633 0.338008 0.716170
v 0.304659 0.337673 0.676521
v 0.302834 0.337343 0.636459
v 0.293229 0.337033 0.597521
v 0.276211 0.336753 0.561206
v 0.252435 0.336514 0.528909
v 0.222815 0.336327 0.501870
v 0.188489 0.336197 0.481129
v 0.150776 0.336130 0.467483
v 0.111295 0.344830 0.458373
v 0.070641 0.344895 0.460224
v 0.031128 0.345023 0.469971
v -0.005723 0.345211 0.487238
v -0.038498 0.345451 0.511363
v -0.065936 0.345733 0.541418
v -0.086983 0.346047 0.576249
v -0.100830 0.346381 0.614516
v -0.106945 0.346721 0.654750
v -0.105093 0.347056 0.695403
v -0.095346 0.347371 0.734914
v -0.078077 0.347655 0.771765
v -0.053951 0.347897 0.804538
v -0.023895 0.348087 0.831975
v 0.010937 0.348219 0.853022
v 0.049206 0.348287 0.866869
v 0.089441 0.348289 0.872985
v 0.130095 0.348224 0.871134
v 0.169608 0.348095 0.861387
v 0.206459 0.347907 0.844119
v 0.239234 0.347668 0.819994
v 0.266671 0.347385 0.789939
v 0.287718 0.347071 0.755109
v 0.301566 0.346738 0.716841
v 0.307681 0.346397 0.676608
v 0.305829 0.346063 0.635954
v 0.296082 0.345748 0.596443
v 0.278813 0.345464 0.559593
v 0.254687 0.345222 0.526819
v 0.224631 0.345031 0.499382
v 0.189799 0.344899 0.478335
v 0.151530 0.344831 0.464488
v 0.111595 0.353693 0.452825
v 0.069867 0.353759 0.454725
v 0.029311 0.353891 0.464729
v -0.008514 0.354084 0.482453
v -0.042153 0.354330 0.507215
v -0.070316 0.354620 0.538064
v -0.091919 0.354942 0.573814
v -0.106131 0.355285 0.613092
v -0.112408 0.355634 0.654387
v -0.110508 0.355977 0.696114
v -0.100503 0.356301 0.736668
v -0.082778 0.356592 0.774492
v -0.058015 0.356841 0.808131
v -0.027165 0.357036 0.836293
v 0.008587 0.357172 0.857895
v 0.047866 0.357241 0.872108
v 0.089163 0.357243 0.878385
v 0.130891 0.357176 0.876485
v 0.171447 0.357044 0.866481
v 0.209271 0.356851 0.848757
v 0.242911 0.356605 0.823995
v 0.271074 0.356316 0.793146
v 0.292676 0.355994 0.757396
v 0.306889 0.355651 0.718118
v 0.313166 0.355301 0.676823
v 0.311265 0.354958 0.635096
v 0.301261 0.354635 0.594542
v 0.283536 0.354343 0.556718
v 0.258773 0.354095 0.523079
v 0.227923 0.353899 0.494917
v 0.192171 0.353764 0.473315
v 0.152892 0.353694 0.459102
v 0.112068 0.361573 0.443972
v 0.068616 0.361643 0.445951
v 0.026386 0.361780 0.456368
v -0.013001 0.361981 0.474823
v -0.048030 0.362237 0.500608
v -0.077355 0.362539 0.532731
v -0.099850 0.362874 0.569957
v -0.114650 0.363231 0.610857
v -0.121186 0.363595 0.653858
v -0.119207 0.363952 0.697308
v -0.108789 0.364289 0.739537
v -0.090332 0.364593 0.778923
v -0.064547 0.364851 0.813951
v -0.032422 0.365055 0.843276
v 0.004806 0.365196 0.865770
v 0.045707 0.365269 0.880570
v 0.088709 0.365270 0.887106
v 0.132161 0.365201 0.885127
v 0.174391 0.365063 0.874710
v 0.213778 0.364863 0.856255
v 0.248807 0.364606 0.830470
v 0.278132 0.364305 0.798347
v 0.300627 0.363969 0.761121
v 0.315427 0.363613 0.720221
v 0.321963 0.363249 0.677220
v 0.319984 0.362891 0.633770
v 0.309566 0.362554 0.591541
v 0.291109 0.362251 0.552156
v 0.265324 0.361992 0.517127
v 0.233199 0.361789 0.487803
v 0.195971 0.361648 0.465308
v 0.155070 0.361575 0.450509
v 0.112229 0.369821 0.441028
v 0.068214 0.369892 0.443032
v 0.025435 0.370031 0.453584
v -0.014462 0.370234 0.472279
v -0.049946 0.370494 0.498399
v -0.079652 0.370800 0.530938
v -0.102439 0.371139 0.568648
v -0.117431 0.371501 0.610079
v -0.124052 0.371869 0.653638
v -0.122047 0.372231 0.697652
v -0.111494 0.372573 0.740429
v -0.092798 0.372880 0.780326
v -0.066677 0.373142 0.815809
v -0.034136 0.373348 0.845514
v 0.003575 0.373491 0.868301
v 0.045007 0.373565 0.883292
v 0.088568 0.373567 0.889913
v 0.132583 0.373496 0.887909
v 0.175362 0.373357 0.877357
v 0.215260 0.373154 0.858662
v 0.250743 0.372894 0.832543
v 0.280450 0.372589 0.800003
v 0.303236 0.372249 0.762293
v 0.318228 0.371887 0.720863
v 0.324849 0.371519 0.677303
v 0.322844 0.371157 0.633289
v 0.312291 0.370815 0.590512
v 0.293595 0.370508 0.550615
v 0.267475 0.370246 0.515132
v 0.234933 0.370040 0.485427
v 0.197222 0.369897 0.462641
v 0.155790 0.369823 0.447649
v 0.111972 0.376818 0.446010
v 0.068945 0.376886 0.447969
v 0.027127 0.377023 0.458284
v -0.011875 0.377221 0.476559
v -0.046562 0.377475 0.502092
v -0.075601 0.377774 0.533901
v -0.097876 0.378106 0.570765
v -0.112532 0.378459 0.611265
v -0.119004 0.378820 0.653846
v -0.117044 0.379173 0.696872
v -0.106728 0.379507 0.738689
v -0.088452 0.379808 0.777690
v -0.062918 0.380064 0.812376
v -0.031107 0.380265 0.841414
v 0.005757 0.380405 0.863689
v 0.046259 0.380477 0.878344
v 0.088842 0.380479 0.884817
v 0.131869 0.380410 0.882857
v 0.173687 0.380274 0.872542
v 0.212689 0.380075 0.854267
v 0.247376 0.379821 0.828734
v 0.276415 0.379523 0.796925
v 0.298691 0.379190 0.760062
v 0.313346 0.378837 0.719561
v 0.319818 0.378477 0.676980
v 0.317858 0.378123 0.633954
v 0.307542 0.377789 0.592137
v 0.289266 0.377488 0.553137
v 0.263732 0.377232 0.518450
v 0.231921 0.377031 0.489412
v 0.195057 0.376891 0.467137
v 0.154555 0.376819 0.452482
v 0.111056 0.384736 0.463514
v 0.071474 0.384799 0.465317
v 0.033004 0.384925 0.474806
v -0.002874 0.385108 0.491618
v -0.034784 0.385341 0.515106
v -0.061498 0.385616 0.544368
v -0.081989 0.385922 0.578279
v -0.095471 0.386247 0.615537
v -0.101425 0.386578 0.654708
v -0.099622 0.386904 0.694288
v -0.090132 0.387210 0.732757
v -0.073319 0.387487 0.768634
v -0.049830 0.387723 0.800543
v -0.020566 0.387908 0.827256
v 0.013346 0.388036 0.847747
v 0.050605 0.388103 0.861229
v 0.089778 0.388104 0.867183
v 0.129359 0.388041 0.865381
v 0.167829 0.387916 0.855891
v 0.203707 0.387733 0.839079
v 0.235617 0.387500 0.815591
v 0.262331 0.387225 0.786329
v 0.282822 0.386919 0.752418
v 0.296304 0.386594 0.715161
v 0.302258 0.386263 0.675989
v 0.300455 0.385937 0.636409
v 0.290965 0.385630 0.597941
v 0.274152 0.385354 0.562063
v 0.250663 0.385118 0.530154
v 0.221399 0.384933 0.503441
v 0.187487 0.384804 0.482950
v 0.150228 0.384738 0.469469
v 0.110273 0.393952 0.478486
v 0.073643 0.394011 0.480154
v 0.038041 0.394127 0.488936
v 0.004837 0.394296 0.504494
v -0.024693 0.394512 0.526232
v -0.049416 0.394766 0.553312
v -0.068380 0.395049 0.584695
v -0.080856 0.395350 0.619175
v -0.086366 0.395657 0.655426
v -0.084698 0.395958 0.692056
v -0.075915 0.396242 0.727656
v -0.060356 0.396498 0.760859
v -0.038618 0.396716 0.790389
v -0.011536 0.396887 0.815111
v 0.019848 0.397006 0.834074
v 0.054329 0.397067 0.846551
v 0.090582 0.397069 0.852061
v 0.127213 0.397011 0.850393
v 0.162814 0.396894 0.841611
v 0.196018 0.396725 0.826053
v 0.225549 0.396509 0.804315
v 0.250271 0.396255 0.777235
v 0.269235 0.395972 0.745852
v 0.281711 0.395671 0.711372
v 0.287221 0.395365 0.675121
v 0.285553 0.395063 0.638491
v 0.276770 0.394779 0.602891
v 0.261211 0.394523 0.569688
v 0.239473 0.394305 0.540158
v 0.212391 0.394134 0.515436
v 0.181007 0.394015 0.496473
v 0.146526 0.393954 0.483996
v 0.109611 0.414287 0.491354
v 0.075536 0.414341 0.492905
v 0.042419 0.414449 0.501074
v 0.011533 0.414607 0.515547
v -0.015937 0.414807 0.535767
v -0.038934 0.415044 0.560958
v -0.056575 0.415307 0.590151
v -0.068181 0.415587 0.622224
v -0.073306 0.415872 0.655946
v -0.071754 0.416152 0.690019
v -0.063584 0.416417 0.723135
v -0.049111 0.416655 0.754021
v -0.028890 0.416858 0.781490
v -0.003698 0.417017 0.804487
v 0.025496 0.417128 0.822127
v 0.057571 0.417185 0.833733
v 0.091293 0.417186 0.838858
v 0.125368 0.417132 0.837307
v 0.158485 0.417024 0.829138
v 0.189372 0.416866 0.814665
v 0.216842 0.416665 0.794445
v 0.239839 0.416429 0.769254
v 0.257479 0.416166 0.740061
v 0.269085 0.415886 0.707988
v 0.274211 0.415601 0.674266
v 0.272659 0.415320 0.640193
v 0.264489 0.415056 0.607077
v 0.250015 0.414818 0.576191
v 0.229794 0.414615 0.548722
v 0.204602 0.414456 0.525725
v 0.175408 0.414345 0.508085
v 0.143334 0.414288 0.496479
v 0.106698 0.572768 0.548967
v 0.084178 0.572804 0.549993
v 0.062291 0.572875 0.555391
v 0.041879 0.572979 0.564956
v 0.023724 0.573112 0.578320
v 0.008526 0.573268 0.594968
v -0.003133 0.573442 0.614261
v -0.010803 0.573627 0.635458
v -0.014190 0.573816 0.657744
v -0.013165 0.574001 0.680263
v -0.007765 0.574175 0.702149
v 0.001800 0.574333 0.722561
v 0.015164 0.574467 0.740715
v 0.031813 0.574572 0.755913
v 0.051107 0.574645 0.767571
v 0.072305 0.574683 0.775241
v 0.094592 0.574684 0.778629
v 0.117111 0.574648 0.777604
v 0.138998 0.574577 0.772205
v 0.159411 0.574473 0.762640
v 0.177565 0.574340 0.749277
v 0.192764 0.574184 0.732628
v 0.204422 0.574010 0.713335
v 0.212092 0.573825 0.692138
v 0.215480 0.573636 0.669852
v 0.214454 0.573451 0.647333
v 0.209055 0.573276 0.625447
v 0.199489 0.573119 0.605035
v 0.186125 0.572985 0.586881
v 0.169476 0.572880 0.571683
v 0.150182 0.572807 0.560025
v 0.128984 0.572769 0.552355
v 0.106076 0.783847 0.563883
v 0.086824 0.783878 0.564759
v 0.068113 0.783939 0.569375
v 0.050663 0.784028 0.577552
v 0.035142 0.784142 0.588976
v 0.022149 0.784275 0.603209
v 0.012183 0.784424 0.619703
v 0.005625 0.784582 0.637824
v 0.002729 0.784743 0.656876
v 0.003606 0.784901 0.676127
v 0.008222 0.785051 0.694838
v 0.016400 0.785185 0.712288
v 0.027824 0.785300 0.727808
v 0.042057 0.785390 0.740801
v 0.058552 0.785452 0.750767
v 0.076674 0.785485 0.757325
v 0.095727 0.785485 0.760221
v 0.114979 0.785455 0.759344
v 0.133690 0.785394 0.754728
v 0.151141 0.785305 0.746551
v 0.166661 0.785191 0.735127
v 0.179654 0.785058 0.720895
v 0.189621 0.784909 0.704401
v 0.196178 0.784751 0.686279
v 0.199074 0.784590 0.667227
v 0.198197 0.784431 0.647976
v 0.193581 0.784282 0.629266
v 0.185404 0.784148 0.611815
v 0.173979 0.784033 0.596295
v 0.159746 0.783943 0.583303
v 0.143251 0.783880 0.573336
v 0.125129 0.783848 0.566779
v 0.106468 0.792968 0.556590
v 0.085801 0.793001 0.557531
v 0.065714 0.793067 0.562486
v 0.046980 0.793162 0.571264
v 0.030319 0.793284 0.583528
v 0.016371 0.793428 0.598807
v 0.005671 0.793587 0.616513
v -0.001368 0.793757 0.635967
v -0.004477 0.793930 0.656420
v -0.003535 0.794100 0.677086
v 0.001420 0.794260 0.697172
v 0.010198 0.794405 0.715905
v 0.022463 0.794528 0.732566
v 0.037743 0.794624 0.746514
v 0.055450 0.794691 0.757213
v 0.074904 0.794726 0.764253
v 0.095358 0.794727 0.767361
v 0.116025 0.794694 0.766420
v 0.136111 0.794628 0.761466
v 0.154845 0.794533 0.752687
v 0.171506 0.794411 0.740423
v 0.185455 0.794268 0.725145
v 0.196154 0.794108 0.707438
v 0.203193 0.793938 0.687985
v 0.206302 0.793765 0.667532
v 0.205361 0.793595 0.646865
v 0.200406 0.793435 0.626779
v 0.191627 0.793291 0.608046
v 0.179362 0.793168 0.591385
v 0.164083 0.793071 0.577437
v 0.146376 0.793004 0.566738
v 0.126922 0.792969 0.559699
v 0.108776 0.799468 0.512899
v 0.079552 0.799514 0.514230
v 0.024659 0.799742 0.533649
v 0.001099 0.799914 0.550991
v -0.018624 0.800117 0.572596
v -0.043708 0.800582 0.625141
v -0.048104 0.800827 0.654063
v -0.039766 0.801294 0.711688
v -0.010010 0.801672 0.761736
v 0.011596 0.801809 0.781459
v 0.064144 0.801953 0.806542
v 0.093066 0.801954 0.810938
v 0.122290 0.801907 0.809608
v 0.150693 0.801815 0.802602
v 0.200743 0.801508 0.772847
v 0.220467 0.801305 0.751242
v 0.235596 0.801079 0.726204
v 0.245550 0.800839 0.698696
v 0.249946 0.800594 0.669775
v 0.241608 0.800127 0.612150
v 0.229195 0.799923 0.585660
v 0.211852 0.799749 0.562101
v 0.165208 0.799518 0.527249
v 0.137699 0.799469 0.517295
v 0.109622 0.806653 0.496963
v 0.077284 0.806704 0.498435
v 0.045855 0.806807 0.506188
v 0.016543 0.806956 0.519923
v -0.009527 0.807147 0.539112
v -0.031351 0.807371 0.563019
v -0.048093 0.807621 0.590724
v -0.059107 0.807887 0.621162
v -0.063971 0.808157 0.653165
v -0.062498 0.808423 0.685502
v -0.054745 0.808674 0.716930
v -0.041009 0.808900 0.746241
v -0.021819 0.809092 0.772310
v 0.002089 0.809244 0.794134
v 0.029795 0.809349 0.810875
v 0.060234 0.809403 0.821890
v 0.092238 0.809404 0.826754
v 0.124576 0.809353 0.825282
v 0.156005 0.809250 0.817529
v 0.185317 0.809101 0.803794
v 0.211387 0.808910 0.784604
v 0.233211 0.808686 0.760698
v 0.249953 0.808436 0.732993
v 0.260967 0.808170 0.702554
v 0.265831 0.807900 0.670552
v 0.264358 0.807634 0.638215
v 0.256605 0.807383 0.606787
v 0.242869 0.807157 0.577475
v 0.223679 0.806965 0.551406
v 0.199771 0.806813 0.529582
v 0.172065 0.806708 0.512841
v 0.141626 0.806654 0.501827
v 0.110182 0.820020 0.486532
v 0.075821 0.820075 0.488096
v 0.042425 0.820184 0.496334
v 0.011278 0.820343 0.510929
v -0.016423 0.820545 0.531319
v -0.039613 0.820784 0.556722
v -0.057402 0.821049 0.586161
v -0.069106 0.821331 0.618504
v -0.074275 0.821619 0.652510
v -0.072710 0.821902 0.686870
v -0.064471 0.822168 0.720265
v -0.049876 0.822408 0.751411
v -0.029484 0.822613 0.779111
v -0.004081 0.822774 0.802301
v 0.025359 0.822885 0.820090
v 0.057704 0.822943 0.831793
v 0.091711 0.822944 0.836962
v 0.126072 0.822889 0.835398
v 0.159468 0.822780 0.827160
v 0.190615 0.822622 0.812565
v 0.218316 0.822419 0.792175
v 0.241506 0.822180 0.766772
v 0.259295 0.821915 0.737333
v 0.270999 0.821633 0.704990
v 0.276168 0.821345 0.670984
v 0.274603 0.821063 0.636624
v 0.266364 0.820796 0.603229
v 0.251769 0.820556 0.572083
v 0.231377 0.820352 0.544383
v 0.205973 0.820191 0.521193
v 0.176534 0.820079 0.503404
v 0.144189 0.820022 0.491700
v 0.110201 0.835519 0.486403
v 0.075840 0.835574 0.487968
v 0.042444 0.835683 0.496206
v 0.011297 0.835842 0.510800
v -0.016404 0.836044 0.531191
v -0.039595 0.836283 0.556594
v -0.057384 0.836548 0.586032
v -0.069087 0.836830 0.618376
v -0.074256 0.837118 0.652381
v -0.072691 0.837401 0.686742
v -0.064452 0.837667 0.720136
v -0.049857 0.837907 0.751282
v -0.029466 0.838112 0.778983
v -0.004062 0.838273 0.802173
v 0.025378 0.838384 0.819961
v 0.057723 0.838442 0.831665
v 0.091729 0.838443 0.836834
v 0.126091 0.838388 0.835269
v 0.159487 0.838279 0.827031
v 0.190634 0.838121 0.812437
v 0.218335 0.837918 0.792046
v 0.241525 0.837679 0.766644
v 0.259314 0.837414 0.737205
v 0.271018 0.837132 0.704861
v 0.276186 0.836844 0.670856
v 0.274621 0.836562 0.636496
v 0.266383 0.836295 0.603101
v 0.251788 0.836055 0.571955
v 0.231396 0.835851 0.544254
v 0.205992 0.835690 0.521064
v 0.176552 0.835578 0.503276
v 0.144208 0.835521 0.491572
v 0.109484 0.847862 0.500187
v 0.077846 0.847912 0.501627
v 0.047096 0.848012 0.509212
v 0.018417 0.848158 0.522651
v -0.007088 0.848345 0.541425
v -0.028441 0.848565 0.564815
v -0.044821 0.848809 0.591921
v -0.055597 0.849069 0.621701
v -0.060356 0.849334 0.653012
v -0.058915 0.849594 0.684649
v -0.051329 0.849839 0.715398
v -0.037890 0.850060 0.744076
v -0.019115 0.850248 0.769581
v 0.004276 0.850397 0.790933
v 0.031383 0.850499 0.807312
v 0.061165 0.850552 0.818089
v 0.092476 0.850553 0.822848
v 0.124115 0.850503 0.821407
v 0.154864 0.850403 0.813822
v 0.183543 0.850257 0.800384
v 0.209049 0.850070 0.781609
v 0.230402 0.849850 0.758220
v 0.246781 0.849606 0.731114
v 0.257557 0.849346 0.701333
v 0.262316 0.849081 0.670023
v 0.260875 0.848821 0.638385
v 0.253290 0.848576 0.607637
v 0.239851 0.848355 0.578959
v 0.221075 0.848167 0.553454
v 0.197684 0.848018 0.532101
v 0.170578 0.847916 0.515722
v 0.140796 0.847863 0.504946
v 0.108847 0.849478 0.512302
v 0.079587 0.849524 0.513634
v 0.051149 0.849617 0.520649
v 0.024626 0.849752 0.533077
v 0.001037 0.849925 0.550440
v -0.018710 0.850128 0.572072
v -0.033858 0.850354 0.597140
v -0.043825 0.850594 0.624682
v -0.048226 0.850839 0.653639
v -0.046893 0.851080 0.682898
v -0.039878 0.851307 0.711335
v -0.027449 0.851511 0.737857
v -0.010085 0.851685 0.761445
v 0.011547 0.851822 0.781192
v 0.036617 0.851917 0.796340
v 0.064159 0.851966 0.806306
v 0.093117 0.851967 0.810708
v 0.122377 0.851921 0.809375
v 0.150815 0.851828 0.802360
v 0.177338 0.851693 0.789933
v 0.200927 0.851520 0.772569
v 0.220674 0.851317 0.750938
v 0.235823 0.851091 0.725869
v 0.245789 0.850851 0.698328
v 0.250190 0.850606 0.669371
v 0.248857 0.850365 0.640112
v 0.241842 0.850138 0.611675
v 0.229413 0.849934 0.585152
v 0.212049 0.849760 0.561565
v 0.190417 0.849623 0.541817
v 0.165348 0.849528 0.526670
v 0.137805 0.849479 0.516703
v 0.108877 0.854695 0.511805
v 0.079528 0.854742 0.513142
v 0.051004 0.854835 0.520178
v 0.024400 0.854971 0.532644
v 0.000740 0.855144 0.550060
v -0.019068 0.855348 0.571757
v -0.034262 0.855574 0.596901
v -0.044258 0.855815 0.624527
v -0.048673 0.856061 0.653572
v -0.047336 0.856302 0.682920
v -0.040299 0.856530 0.711443
v -0.027833 0.856735 0.738046
v -0.010416 0.856910 0.761705
v 0.011282 0.857047 0.781513
v 0.036427 0.857142 0.796706
v 0.064054 0.857192 0.806703
v 0.093100 0.857193 0.811118
v 0.122449 0.857146 0.809781
v 0.150973 0.857053 0.802745
v 0.177577 0.856917 0.790280
v 0.201237 0.856744 0.772863
v 0.221044 0.856541 0.751166
v 0.236239 0.856314 0.726022
v 0.246235 0.856073 0.698396
v 0.250650 0.855827 0.669351
v 0.249313 0.855586 0.640003
v 0.242276 0.855358 0.611480
v 0.229810 0.855153 0.584877
v 0.212393 0.854979 0.561218
v 0.190695 0.854841 0.541410
v 0.165549 0.854746 0.526217
v 0.137923 0.854697 0.516220
v 0.138176 0.868108 0.510504
v 0.166857 0.868159 0.520882
v 0.192962 0.868257 0.536655
v 0.215489 0.868400 0.557218
v 0.233570 0.868581 0.581781
v 0.246513 0.868794 0.609399
v 0.253818 0.869031 0.639011
v 0.255206 0.869281 0.669479
v 0.250622 0.869536 0.699633
v 0.240244 0.869786 0.728313
v 0.224470 0.870022 0.754417
v 0.203907 0.870233 0.776942
v 0.179344 0.870413 0.795023
v 0.151725 0.870554 0.807964
v 0.122112 0.870650 0.815269
v 0.091643 0.870699 0.816656
v 0.061488 0.870698 0.812073
v 0.032807 0.870647 0.801695
v 0.006702 0.870548 0.785921
v -0.015824 0.870405 0.765358
v -0.033906 0.870224 0.740796
v -0.046848 0.870011 0.713178
v -0.054153 0.869775 0.683566
v -0.055541 0.869524 0.653097
v -0.050958 0.869269 0.622944
v -0.040580 0.869019 0.594264
v -0.024806 0.868783 0.568160
v -0.004242 0.868572 0.545635
v 0.020321 0.868392 0.527554
v 0.047940 0.868252 0.514612
v 0.077553 0.868155 0.507308
v 0.108022 0.868106 0.505920
v 0.107861 0.859661 0.508839
v 0.077951 0.859708 0.510201
v 0.048881 0.859803 0.517372
v 0.021768 0.859941 0.530076
v -0.002344 0.860117 0.547825
v -0.022531 0.860325 0.569938
v -0.038016 0.860556 0.595563
v -0.048204 0.860802 0.623717
v -0.052703 0.861052 0.653318
v -0.051340 0.861298 0.683227
v -0.044169 0.861530 0.712296
v -0.031464 0.861739 0.739408
v -0.013714 0.861917 0.763520
v 0.008399 0.862057 0.783706
v 0.034026 0.862154 0.799191
v 0.062181 0.862204 0.809379
v 0.091782 0.862205 0.813878
v 0.121693 0.862158 0.812516
v 0.150763 0.862063 0.805345
v 0.177875 0.861925 0.792641
v 0.191245 0.859809 0.539010
v 0.165618 0.859712 0.523526
v 0.137463 0.859662 0.513338
v 0.138217 0.876287 0.510316
v 0.166921 0.876338 0.520702
v 0.193047 0.876437 0.536488
v 0.215591 0.876580 0.557068
v 0.233687 0.876761 0.581650
v 0.246639 0.876974 0.609290
v 0.253950 0.877210 0.638926
v 0.255339 0.877461 0.669418
v 0.250752 0.877717 0.699596
v 0.240366 0.877967 0.728298
v 0.224580 0.878202 0.754423
v 0.204000 0.878414 0.776967
v 0.179417 0.878594 0.795062
v 0.151776 0.878735 0.808013
v 0.122139 0.878831 0.815324
v 0.091646 0.878880 0.816712
v 0.061467 0.878879 0.812126
v 0.032764 0.878828 0.801739
v 0.006638 0.878729 0.785953
v -0.015907 0.878586 0.765373
v -0.034003 0.878405 0.740791
v -0.046955 0.878191 0.713151
v -0.054266 0.877955 0.683516
v -0.055655 0.877704 0.653023
v -0.051068 0.877449 0.622846
v -0.040682 0.877199 0.594143
v -0.024895 0.876963 0.568018
v -0.004315 0.876751 0.545475
v 0.020267 0.876572 0.527380
v 0.047908 0.876431 0.514428
v 0.077545 0.876334 0.507117
v 0.108038 0.876285 0.505729
v 0.137335 0.884971 0.513752
v 0.165372 0.885020 0.523897
v 0.190890 0.885117 0.539316
v 0.212911 0.885257 0.559417
v 0.230586 0.885434 0.583428
v 0.243237 0.885642 0.610426
v 0.250378 0.885873 0.639372
v 0.251735 0.886118 0.669156
v 0.247255 0.886367 0.698632
v 0.237110 0.886612 0.726667
v 0.221690 0.886842 0.752185
v 0.201589 0.887048 0.774204
v 0.177577 0.887224 0.791879
v 0.150579 0.887362 0.804529
v 0.121632 0.887456 0.811670
v 0.091847 0.887504 0.813026
v 0.062370 0.887502 0.808546
v 0.034334 0.887452 0.798401
v 0.008815 0.887356 0.782982
v -0.013205 0.887216 0.762881
v -0.030880 0.887039 0.738870
v -0.043532 0.886831 0.711872
v -0.050673 0.886600 0.682926
v -0.052030 0.886355 0.653142
v -0.047549 0.886106 0.623666
v -0.037405 0.885861 0.595631
v -0.021985 0.885631 0.570113
v -0.001883 0.885424 0.548094
v 0.022128 0.885249 0.530419
v 0.049126 0.885111 0.517769
v 0.078074 0.885017 0.510628
v 0.107858 0.884969 0.509272
v 0.135945 0.891278 0.519198
v 0.162936 0.891326 0.528964
v 0.187503 0.891419 0.543808
v 0.208702 0.891553 0.563160
v 0.225718 0.891724 0.586275
v 0.237897 0.891924 0.612266
v 0.244772 0.892146 0.640133
v 0.246078 0.892382 0.668805
v 0.241765 0.892622 0.697182
v 0.231998 0.892858 0.724172
v 0.217154 0.893079 0.748738
v 0.197802 0.893278 0.769936
v 0.174686 0.893447 0.786951
v 0.148695 0.893580 0.799130
v 0.120827 0.893671 0.806004
v 0.092153 0.893716 0.807310
v 0.063776 0.893715 0.802997
v 0.036785 0.893667 0.793230
v 0.012218 0.893574 0.778386
v -0.008981 0.893440 0.759035
v -0.025997 0.893269 0.735919
v -0.038176 0.893069 0.709929
v -0.045051 0.892847 0.682062
v -0.046357 0.892611 0.653389
v -0.042044 0.892371 0.625012
v -0.032278 0.892135 0.598022
v -0.017433 0.891914 0.573457
v 0.001919 0.891715 0.552259
v 0.025034 0.891546 0.535243
v 0.051026 0.891413 0.523064
v 0.078894 0.891322 0.516190
v 0.107567 0.891277 0.514885
v 0.131439 0.894760 0.538791
v 0.154702 0.894801 0.547209
v 0.175876 0.894882 0.560003
v 0.194148 0.894997 0.576682
v 0.208814 0.895144 0.596605
v 0.219312 0.895317 0.619007
v 0.225237 0.895509 0.643025
v 0.226363 0.895712 0.667738
v 0.222645 0.895919 0.692196
v 0.214227 0.896122 0.715459
v 0.201433 0.896313 0.736632
v 0.184753 0.896484 0.754903
v 0.164830 0.896630 0.769568
v 0.142428 0.896744 0.780065
v 0.118408 0.896822 0.785990
v 0.093694 0.896862 0.787116
v 0.069236 0.896861 0.783398
v 0.045972 0.896819 0.774980
v 0.024798 0.896739 0.762186
v 0.006527 0.896623 0.745507
v -0.008140 0.896476 0.725584
v -0.018637 0.896304 0.703183
v -0.024563 0.896112 0.679164
v -0.025688 0.895909 0.654451
v -0.021971 0.895702 0.629993
v -0.013553 0.895499 0.606730
v -0.000759 0.895308 0.585557
v 0.015921 0.895137 0.567286
v 0.035845 0.894991 0.552621
v 0.058246 0.894877 0.542124
v 0.082266 0.894798 0.536199
v 0.106980 0.894759 0.535074
v 0.131446 0.900955 0.538740
v 0.154710 0.900996 0.547158
v 0.175884 0.901076 0.559952
v 0.194155 0.901192 0.576631
v 0.208822 0.901339 0.596554
v 0.219319 0.901512 0.618955
v 0.225245 0.901704 0.642974
v 0.226370 0.901907 0.667687
v 0.222653 0.902114 0.692145
v 0.214235 0.902317 0.715408
v 0.201440 0.902508 0.736581
v 0.184761 0.902679 0.754852
v 0.164837 0.902825 0.769517
v 0.142435 0.902939 0.780014
v 0.118416 0.903017 0.785939
v 0.093702 0.903057 0.787064
v 0.069243 0.903056 0.783347
v 0.045980 0.903014 0.774929
v 0.024806 0.902934 0.762135
v 0.006534 0.902818 0.745456
v -0.008132 0.902671 0.725533
v -0.018630 0.902499 0.703131
v -0.024555 0.902307 0.679113
v -0.025681 0.902104 0.654400
v -0.021963 0.901897 0.629942
v -0.013545 0.901694 0.606679
v -0.000751 0.901503 0.585506
v 0.015928 0.901332 0.567235
v 0.035852 0.901186 0.552570
v 0.058254 0.901072 0.542073
v 0.082274 0.900993 0.536148
v 0.106988 0.900954 0.535022
v 0.133080 0.908751 0.532286
v 0.157559 0.908795 0.541143
v 0.179839 0.908879 0.554606
v 0.199065 0.909001 0.572156
v 0.214498 0.909155 0.593120
v 0.225544 0.909337 0.616692
v 0.231779 0.909539 0.641965
v 0.232963 0.909753 0.667969
v 0.229051 0.909970 0.693705
v 0.220194 0.910184 0.718183
v 0.206731 0.910385 0.740462
v 0.189180 0.910565 0.759687
v 0.168216 0.910719 0.775119
v 0.144644 0.910839 0.786164
v 0.119370 0.910921 0.792398
v 0.093365 0.910963 0.793582
v 0.067628 0.910962 0.789671
v 0.043149 0.910918 0.780813
v 0.020869 0.910834 0.767351
v 0.001643 0.910712 0.749800
v -0.013789 0.910557 0.728837
v -0.024835 0.910375 0.705265
v -0.031070 0.910174 0.679992
v -0.032254 0.909960 0.653987
v -0.028343 0.909742 0.628252
v -0.019485 0.909529 0.603774
v -0.006022 0.909328 0.581495
v 0.011528 0.909147 0.562270
v 0.032493 0.908994 0.546838
v 0.056065 0.908874 0.535793
v 0.081339 0.908791 0.529558
v 0.107344 0.908750 0.528374
v 0.134066 0.916109 0.528385
v 0.159275 0.916154 0.537507
v 0.182220 0.916241 0.551371
v 0.202020 0.916366 0.569445
v 0.217912 0.916526 0.591034
v 0.229288 0.916713 0.615309
v 0.235709 0.916920 0.641337
v 0.236929 0.917141 0.668117
v 0.232900 0.917365 0.694620
v 0.223779 0.917585 0.719828
v 0.209914 0.917791 0.742772
v 0.191840 0.917978 0.762571
v 0.170250 0.918135 0.778463
v 0.145974 0.918259 0.789838
v 0.119946 0.918344 0.796259
v 0.093165 0.918387 0.797478
v 0.066661 0.918386 0.793449
v 0.041452 0.918341 0.784328
v 0.018506 0.918254 0.770463
v -0.001293 0.918128 0.752389
v -0.017186 0.917969 0.730800
v -0.028561 0.917782 0.706525
v -0.034982 0.917574 0.680498
v -0.036202 0.917354 0.653718
v -0.032174 0.917130 0.627214
v -0.023052 0.916910 0.602006
v -0.009187 0.916703 0.579062
v 0.008887 0.916517 0.559263
v 0.030477 0.916359 0.543371
v 0.054752 0.916236 0.531996
v 0.080781 0.916151 0.525576
v 0.107562 0.916108 0.524356
v 0.133791 0.925719 0.529433
v 0.158785 0.925764 0.538477
v 0.181535 0.925850 0.552224
v 0.201166 0.925974 0.570144
v 0.216924 0.926132 0.591549
v 0.228203 0.926318 0.615618
v 0.234569 0.926524 0.641424
v 0.235778 0.926742 0.667976
v 0.231784 0.926965 0.694254
v 0.222740 0.927182 0.719247
v 0.208994 0.927388 0.741996
v 0.191073 0.927572 0.761626
v 0.169667 0.927728 0.777383
v 0.145598 0.927851 0.788661
v 0.119791 0.927935 0.795027
v 0.093238 0.927978 0.796236
v 0.066959 0.927976 0.792242
v 0.041965 0.927932 0.783198
v 0.019215 0.927846 0.769452
v -0.000416 0.927722 0.751532
v -0.016174 0.927563 0.730126
v -0.027453 0.927378 0.706058
v -0.033819 0.927172 0.680252
v -0.035028 0.926954 0.653699
v -0.031034 0.926731 0.627422
v -0.021990 0.926513 0.602428
v -0.008244 0.926308 0.579679
v 0.009677 0.926124 0.560049
v 0.031083 0.925967 0.544292
v 0.055152 0.925845 0.533014
v 0.080959 0.925761 0.526648
v 0.107512 0.925718 0.525439
v 0.132322 0.929741 0.535195
v 0.156214 0.929783 0.543841
v 0.177961 0.929866 0.556981
v 0.196726 0.929985 0.574111
v 0.211789 0.930136 0.594572
v 0.222570 0.930313 0.617579
v 0.228656 0.930510 0.642247
v 0.229812 0.930718 0.667628
v 0.225994 0.930931 0.692747
v 0.217349 0.931139 0.716639
v 0.204208 0.931335 0.738384
v 0.187078 0.931512 0.757149
v 0.166616 0.931661 0.772211
v 0.143608 0.931779 0.782991
v 0.118940 0.931859 0.789077
v 0.093558 0.931899 0.790232
v 0.068438 0.931898 0.786414
v 0.044545 0.931856 0.777769
v 0.022799 0.931774 0.764629
v 0.004034 0.931655 0.747499
v -0.011029 0.931504 0.727037
v -0.021810 0.931326 0.704031
v -0.027896 0.931129 0.679363
v -0.029052 0.930921 0.653981
v -0.025234 0.930708 0.628862
v -0.016589 0.930500 0.604971
v -0.003449 0.930304 0.583225
v 0.013682 0.930128 0.564461
v 0.034144 0.929978 0.549399
v 0.057151 0.929861 0.538618
v 0.081820 0.929780 0.532533
v 0.107202 0.929740 0.531377
v 0.128638 0.933890 0.549667
v 0.149772 0.933927 0.557314
v 0.169007 0.934000 0.568937
v 0.185605 0.934105 0.584089
v 0.198928 0.934239 0.602187
v 0.208465 0.934396 0.622537
v 0.213848 0.934570 0.644357
v 0.214870 0.934754 0.666807
v 0.211493 0.934942 0.689025
v 0.203846 0.935127 0.710158
v 0.192223 0.935300 0.729392
v 0.177071 0.935456 0.745990
v 0.158972 0.935588 0.759313
v 0.138621 0.935692 0.768848
v 0.116801 0.935763 0.774231
v 0.094350 0.935799 0.775253
v 0.072131 0.935798 0.771876
v 0.050998 0.935761 0.764229
v 0.031763 0.935688 0.752606
v 0.015164 0.935583 0.737454
v 0.001841 0.935449 0.719356
v -0.007695 0.935292 0.699006
v -0.013078 0.935118 0.677186
v -0.014101 0.934933 0.654736
v -0.010724 0.934745 0.632518
v -0.003077 0.934561 0.611385
v 0.008546 0.934388 0.592151
v 0.023698 0.934232 0.575553
v 0.041798 0.934099 0.562230
v 0.062148 0.933996 0.552695
v 0.083968 0.933925 0.547312
v 0.106419 0.933889 0.546290
v 0.128897 0.944403 0.548614
v 0.150214 0.944441 0.556327
v 0.169617 0.944514 0.568051
v 0.186359 0.944620 0.583334
v 0.199798 0.944755 0.601591
v 0.209418 0.944913 0.622118
v 0.214847 0.945089 0.644127
v 0.215879 0.945275 0.666772
v 0.212472 0.945465 0.689184
v 0.204759 0.945650 0.710500
v 0.193035 0.945825 0.729902
v 0.177751 0.945983 0.746644
v 0.159494 0.946116 0.760083
v 0.138967 0.946221 0.769701
v 0.116957 0.946292 0.775131
v 0.094311 0.946329 0.776162
v 0.071898 0.946328 0.772755
v 0.050581 0.946290 0.765042
v 0.031178 0.946216 0.753318
v 0.014436 0.946110 0.738034
v 0.000997 0.945975 0.719778
v -0.008623 0.945817 0.699251
v -0.014052 0.945642 0.677242
v -0.015084 0.945455 0.654596
v -0.011677 0.945266 0.632185
v -0.003964 0.945080 0.610869
v 0.007760 0.944905 0.591467
v 0.023044 0.944748 0.574725
v 0.041301 0.944614 0.561286
v 0.061828 0.944510 0.551667
v 0.083838 0.944438 0.546238
v 0.106485 0.944402 0.545207
v 0.143683 1.141791 0.489777
v 0.175880 1.141849 0.501427
v 0.205186 1.141960 0.519134
v 0.230474 1.142120 0.542218
v 0.250772 1.142323 0.569792
v 0.265301 1.142562 0.600796
v 0.273501 1.142828 0.634038
v 0.275059 1.143109 0.668241
v 0.269914 1.143395 0.702091
v 0.258264 1.143676 0.734287
v 0.240556 1.143940 0.763591
v 0.217472 1.144178 0.788878
v 0.189897 1.144379 0.809175
v 0.158893 1.144537 0.823703
v 0.125649 1.144646 0.831904
v 0.091445 1.144700 0.833461
v 0.057594 1.144699 0.828316
v 0.025397 1.144642 0.816666
v -0.003909 1.144531 0.798958
v -0.029196 1.144370 0.775874
v -0.049495 1.144167 0.748300
v -0.064023 1.143928 0.717297
v -0.072224 1.143663 0.684054
v -0.073782 1.143381 0.649851
v -0.068637 1.143095 0.616001
v -0.056987 1.142814 0.583805
v -0.039279 1.142550 0.554501
v -0.016195 1.142313 0.529214
v 0.011380 1.142111 0.508917
v 0.042384 1.141953 0.494389
v 0.075628 1.141845 0.486189
v 0.109832 1.141790 0.484631
v 0.144561 1.160125 0.486262
v 0.177398 1.160183 0.498143
v 0.207285 1.160296 0.516202
v 0.233075 1.160460 0.539745
v 0.253777 1.160667 0.567867
v 0.268594 1.160911 0.599486
v 0.276958 1.161182 0.633389
v 0.278547 1.161469 0.668272
v 0.273300 1.161761 0.702794
v 0.261418 1.162047 0.735630
v 0.243358 1.162316 0.765516
v 0.219815 1.162559 0.791305
v 0.191693 1.162764 0.812006
v 0.160072 1.162925 0.826823
v 0.126169 1.163036 0.835186
v 0.091285 1.163092 0.836774
v 0.056761 1.163090 0.831527
v 0.023924 1.163032 0.819645
v -0.005963 1.162919 0.801586
v -0.031754 1.162755 0.778043
v -0.052455 1.162548 0.749922
v -0.067272 1.162304 0.718302
v -0.075636 1.162033 0.684399
v -0.077225 1.161747 0.649516
v -0.071978 1.161454 0.614994
v -0.060096 1.161168 0.582158
v -0.042037 1.160899 0.552272
v -0.018493 1.160656 0.526483
v 0.009629 1.160451 0.505782
v 0.041250 1.160290 0.490966
v 0.075153 1.160179 0.482603
v 0.110037 1.160123 0.481014
v 0.143166 1.175853 0.491692
v 0.174945 1.175910 0.503191
v 0.203870 1.176019 0.520669
v 0.228830 1.176178 0.543453
v 0.248864 1.176379 0.570669
v 0.263205 1.176614 0.601270
v 0.271299 1.176876 0.634081
v 0.272837 1.177154 0.667840
v 0.267758 1.177437 0.701251
v 0.256259 1.177714 0.733028
v 0.238781 1.177974 0.761952
v 0.215997 1.178209 0.786911
v 0.188780 1.178408 0.806945
v 0.158178 1.178564 0.821284
v 0.125366 1.178671 0.829378
v 0.091606 1.178725 0.830915
v 0.058194 1.178723 0.825837
v 0.026415 1.178667 0.814338
v -0.002510 1.178557 0.796860
v -0.027470 1.178399 0.774076
v -0.047504 1.178198 0.746860
v -0.061844 1.177962 0.716259
v -0.069939 1.177701 0.683448
v -0.071477 1.177423 0.649689
v -0.066398 1.177140 0.616278
v -0.054899 1.176863 0.584500
v -0.037421 1.176602 0.555576
v -0.014637 1.176368 0.530618
v 0.012580 1.176169 0.510584
v 0.043182 1.176013 0.496245
v 0.075994 1.175906 0.488151
v 0.109754 1.175852 0.486614
v 0.139389 1.192072 0.506491
v 0.168327 1.192123 0.516962
v 0.194667 1.192223 0.532877
v 0.217396 1.192367 0.553626
v 0.235640 1.192550 0.578409
v 0.248699 1.192765 0.606275
v 0.256070 1.193003 0.636154
v 0.257470 1.193256 0.666896
v 0.252845 1.193513 0.697320
v 0.242374 1.193766 0.726258
v 0.226458 1.194003 0.752597
v 0.205710 1.194216 0.775325
v 0.180926 1.194398 0.793568
v 0.153059 1.194540 0.806626
v 0.123179 1.194637 0.813996
v 0.092436 1.194686 0.815396
v 0.062011 1.194685 0.810771
v 0.033072 1.194633 0.800300
v 0.006732 1.194534 0.784385
v -0.015997 1.194390 0.763637
v -0.034241 1.194207 0.738853
v -0.047299 1.193992 0.710987
v -0.054670 1.193754 0.681109
v -0.056071 1.193501 0.650366
v -0.051446 1.193243 0.619942
v -0.040975 1.192991 0.591004
v -0.025059 1.192753 0.564665
v -0.004311 1.192540 0.541938
v 0.020473 1.192359 0.523694
v 0.048341 1.192217 0.510637
v 0.078220 1.192119 0.503266
v 0.108963 1.192070 0.501866
v 0.132222 1.203677 0.534632
v 0.155790 1.203719 0.543160
v 0.177242 1.203800 0.556121
v 0.195753 1.203917 0.573019
v 0.210611 1.204066 0.593203
v 0.227249 1.204435 0.640231
v 0.224623 1.204851 0.690046
v 0.216095 1.205056 0.713613
v 0.203133 1.205250 0.735064
v 0.186235 1.205424 0.753574
v 0.166051 1.205571 0.768431
v 0.143355 1.205687 0.779066
v 0.093984 1.205806 0.786209
v 0.069205 1.205805 0.782442
v 0.045637 1.205763 0.773914
v 0.024185 1.205682 0.760953
v 0.005674 1.205565 0.744055
v -0.009184 1.205416 0.723871
v -0.025822 1.205047 0.676843
v -0.023196 1.204631 0.627028
v -0.001706 1.204232 0.582010
v 0.015192 1.204058 0.563500
v 0.058072 1.203795 0.538008
v 0.107443 1.203676 0.530865
v 0.135995 1.212586 0.584579
v 0.161587 1.212713 0.603701
v 0.181757 1.213045 0.646744
v 0.166313 1.213566 0.707474
v 0.142566 1.213772 0.728843
v 0.080546 1.213922 0.737815
v 0.051715 1.213843 0.724053
v 0.030346 1.213673 0.700306
v 0.019691 1.213436 0.670190
v 0.035134 1.212915 0.609459
v 0.073416 1.212635 0.581280
v 0.105034 1.212558 0.576706
v 0.109990 1.216015 0.622016
v 0.116919 1.216027 0.624523
v 0.123225 1.216051 0.628334
v 0.128666 1.216085 0.633301
v 0.133034 1.216129 0.639235
v 0.136161 1.216181 0.645906
v 0.137926 1.216238 0.653060
v 0.138261 1.216298 0.660420
v 0.137154 1.216360 0.667704
v 0.134647 1.216420 0.674632
v 0.130836 1.216477 0.680938
v 0.125869 1.216528 0.686379
v 0.119935 1.216572 0.690747
v 0.113263 1.216606 0.693873
v 0.106110 1.216629 0.695638
v 0.098749 1.216641 0.695973
v 0.091465 1.216640 0.694866
v 0.084536 1.216628 0.692359
v 0.078230 1.216604 0.688548
v 0.072789 1.216570 0.683581
v 0.068421 1.216526 0.677648
v 0.065294 1.216474 0.670976
v 0.063530 1.216417 0.663823
v 0.063194 1.216357 0.656462
v 0.064302 1.216295 0.649178
v 0.066808 1.216235 0.642250
v 0.070619 1.216178 0.635944
v 0.075586 1.216127 0.630503
v 0.081520 1.216084 0.626135
v 0.088192 1.216049 0.623009
v 0.095346 1.216026 0.621244
v 0.102706 1.216014 0.620909
v 0.111313 1.219587 0.616801
v 0.119228 1.219601 0.619665
v 0.126432 1.219628 0.624018
v 0.132648 1.219667 0.629693
v 0.137638 1.219718 0.636471
v 0.141209 1.219776 0.644092
v 0.143225 1.219841 0.652264
v 0.143608 1.219911 0.660671
v 0.142343 1.219981 0.668992
v 0.139479 1.220050 0.676907
v 0.135127 1.220115 0.684110
v 0.129452 1.220173 0.690326
v 0.122674 1.220223 0.695316
v 0.115052 1.220262 0.698887
v 0.106880 1.220288 0.700903
v 0.098472 1.220302 0.701286
v 0.090151 1.220301 0.700021
v 0.082236 1.220287 0.697157
v 0.075032 1.220260 0.692804
v 0.068816 1.220221 0.687130
v 0.063826 1.220171 0.680352
v 0.060255 1.220112 0.672730
v 0.058239 1.220047 0.664559
v 0.057856 1.219977 0.656151
v 0.059121 1.219907 0.647830
v 0.061985 1.219838 0.639915
v 0.066337 1.219773 0.632712
v 0.072012 1.219715 0.626496
v 0.078790 1.219665 0.621506
v 0.086412 1.219626 0.617935
v 0.094584 1.219600 0.615919
v 0.102992 1.219586 0.615537
v 0.112671 1.229263 0.611430
v 0.121592 1.229279 0.614658
v 0.129712 1.229309 0.619564
v 0.136718 1.229354 0.625960
v 0.142343 1.229410 0.633600
v 0.146368 1.229476 0.642191
v 0.148640 1.229550 0.651401
v 0.149072 1.229628 0.660878
v 0.147647 1.229707 0.670258
v 0.144418 1.229785 0.679178
v 0.139512 1.229858 0.687298
v 0.133116 1.229924 0.694304
v 0.125475 1.229980 0.699928
v 0.116885 1.230024 0.703954
v 0.107674 1.230054 0.706226
v 0.098196 1.230069 0.706657
v 0.088817 1.230068 0.705232
v 0.079896 1.230053 0.702004
v 0.071776 1.230022 0.697097
v 0.064769 1.229977 0.690701
v 0.059145 1.229921 0.683061
v 0.055119 1.229855 0.674471
v 0.052847 1.229781 0.665260
v 0.052416 1.229703 0.655783
v 0.053841 1.229624 0.646404
v 0.057069 1.229546 0.637483
v 0.061976 1.229473 0.629363
v 0.068372 1.229407 0.622357
v 0.076012 1.229351 0.616733
v 0.084603 1.229308 0.612708
v 0.093814 1.229278 0.610436
v 0.103291 1.229262 0.610004
v 0.112456 1.241959 0.612230
v 0.121205 1.241975 0.615396
v 0.129168 1.242005 0.620208
v 0.136039 1.242048 0.626480
v 0.141555 1.242104 0.633973
v 0.145503 1.242169 0.642397
v 0.147731 1.242241 0.651430
v 0.148154 1.242317 0.660724
v 0.146756 1.242395 0.669922
v 0.143590 1.242471 0.678671
v 0.138779 1.242543 0.686633
v 0.132506 1.242607 0.693505
v 0.125013 1.242662 0.699020
v 0.116589 1.242705 0.702968
v 0.107555 1.242735 0.705196
v 0.098261 1.242750 0.705619
v 0.089063 1.242749 0.704221
v 0.080314 1.242734 0.701055
v 0.072351 1.242703 0.696244
v 0.065479 1.242660 0.689971
v 0.059964 1.242605 0.682478
v 0.056016 1.242540 0.674054
v 0.053788 1.242468 0.665021
v 0.053364 1.242391 0.655727
v 0.054762 1.242313 0.646529
v 0.057928 1.242237 0.637781
v 0.062740 1.242165 0.629818
v 0.069012 1.242101 0.622947
v 0.076505 1.242046 0.617431
v 0.084930 1.242003 0.613484
v 0.093963 1.241974 0.611255
v 0.103257 1.241959 0.610832
v 0.111463 1.247308 0.616117
v 0.119464 1.247322 0.619012
v 0.126747 1.247350 0.623412
v 0.133031 1.247390 0.629149
v 0.138075 1.247440 0.636001
v 0.141686 1.247500 0.643706
v 0.143724 1.247566 0.651967
v 0.144111 1.247636 0.660467
v 0.142832 1.247707 0.668879
v 0.139937 1.247777 0.676880
v 0.135536 1.247842 0.684162
v 0.129800 1.247901 0.690446
v 0.122947 1.247951 0.695490
v 0.115242 1.247991 0.699100
v 0.106981 1.248018 0.701138
v 0.098481 1.248031 0.701525
v 0.090069 1.248031 0.700246
v 0.082068 1.248017 0.697351
v 0.074785 1.247989 0.692951
v 0.068501 1.247949 0.687214
v 0.063456 1.247899 0.680362
v 0.059846 1.247839 0.672657
v 0.057808 1.247773 0.664396
v 0.057421 1.247703 0.655897
v 0.058699 1.247632 0.647485
v 0.061595 1.247562 0.639484
v 0.065995 1.247497 0.632201
v 0.071732 1.247438 0.625917
v 0.078584 1.247388 0.620873
v 0.086289 1.247348 0.617263
v 0.094550 1.247321 0.615225
v 0.103050 1.247308 0.614838
v 0.109463 1.250226 0.623969
v 0.115966 1.250237 0.626322
v 0.121885 1.250259 0.629899
v 0.126993 1.250292 0.634561
v 0.131093 1.250333 0.640131
v 0.134027 1.250381 0.646393
v 0.135684 1.250435 0.653107
v 0.135998 1.250492 0.660015
v 0.134959 1.250549 0.666852
v 0.132606 1.250606 0.673355
v 0.129030 1.250660 0.679274
v 0.124367 1.250708 0.684381
v 0.118798 1.250748 0.688481
v 0.112535 1.250780 0.691415
v 0.105821 1.250802 0.693071
v 0.098912 1.250813 0.693386
v 0.092075 1.250813 0.692347
v 0.085572 1.250801 0.689994
v 0.079653 1.250779 0.686417
v 0.074545 1.250746 0.681755
v 0.070446 1.250705 0.676185
v 0.067511 1.250657 0.669923
v 0.065855 1.250603 0.663209
v 0.065540 1.250547 0.656301
v 0.066579 1.250489 0.649464
v 0.068932 1.250432 0.642961
v 0.072509 1.250379 0.637042
v 0.077171 1.250331 0.631935
v 0.082741 1.250290 0.627835
v 0.089003 1.250258 0.624901
v 0.095718 1.250236 0.623245
v 0.110231 1.255462 0.632193
v 0.117987 1.255456 0.632602
v 0.137070 1.255441 0.633608
v 0.136743 1.255493 0.639806
v 0.136516 1.255529 0.644124
v 0.136256 1.255570 0.649051
v 0.135974 1.255615 0.654396
v 0.135681 1.255661 0.659955
v 0.135388 1.255707 0.665515
v 0.135106 1.255752 0.670860
v 0.134847 1.255793 0.675787
v 0.134333 1.255874 0.685528
v 0.122399 1.255884 0.684899
v 0.115251 1.255889 0.684522
v 0.107494 1.255895 0.684113
v 0.091361 1.255908 0.683263
v 0.083605 1.255914 0.682854
v 0.065607 1.255928 0.681905
v 0.065893 1.255883 0.676482
v 0.066120 1.255847 0.672164
v 0.066380 1.255806 0.667237
v 0.066662 1.255761 0.661892
v 0.066955 1.255715 0.656332
v 0.067248 1.255668 0.650773
v 0.067529 1.255624 0.645427
v 0.067789 1.255583 0.640501
v 0.068017 1.255547 0.636183
v 0.068343 1.255495 0.629985
v 0.086341 1.255481 0.630934
v 0.094098 1.255475 0.631343
v 0.156720 1.262023 0.634589
v 0.153983 1.262457 0.686509
v 0.046584 1.262541 0.680847
v 0.049321 1.262107 0.628927
v 0.153324 1.272561 0.635932
v 0.150754 1.272967 0.684688
v 0.049900 1.273046 0.679371
v 0.052470 1.272640 0.630615
v 0.137688 1.296460 0.642308
v 0.135884 1.296746 0.676524
v 0.065107 1.296801 0.672793
v 0.066911 1.296516 0.638577
v 0.137692 1.299730 0.642281
v 0.135888 1.300015 0.676497
v 0.065111 1.300071 0.672766
v 0.066915 1.299785 0.638550
v 0.137749 1.346692 0.641892
v 0.136834 1.346837 0.659255
v 0.135945 1.346977 0.676108
v 0.124995 1.351773 0.677125
v 0.065168 1.347032 0.672377
v 0.066057 1.346892 0.655524
v 0.066972 1.346747 0.638161
v 0.151173 1.380669 0.630656
v 0.153882 1.380806 0.647525
v 0.154104 1.380856 0.653639
v 0.153941 1.380909 0.659972
v 0.153399 1.380961 0.666281
v 0.149550 1.381138 0.686993
v 0.122625 1.381176 0.687685
v 0.087359 1.381208 0.686332
v 0.052057 1.381223 0.682958
v 0.049914 1.381138 0.672361
v 0.049316 1.381092 0.666702
v 0.049257 1.380989 0.654255
v 0.049799 1.380936 0.647946
v 0.050699 1.380885 0.641903
v 0.055251 1.380743 0.625489
v 0.111008 1.388547 0.631934
v 0.119210 1.388547 0.633153
v 0.135587 1.388545 0.635276
v 0.140188 1.388694 0.653975
v 0.135001 1.388920 0.680528
v 0.124027 1.388942 0.681588
v 0.116345 1.388958 0.682392
v 0.108046 1.388971 0.682687
v 0.090886 1.388984 0.681726
v 0.082684 1.388984 0.680506
v 0.067112 1.388985 0.678425
v 0.063917 1.388919 0.669895
v 0.063101 1.388752 0.649624
v 0.069821 1.388595 0.631647
v 0.093848 1.388560 0.630972
v 0.107078 1.392737 0.636699
v 0.111641 1.392743 0.638032
v 0.117627 1.392752 0.640090
v 0.122302 1.392800 0.646517
v 0.124554 1.392862 0.654319
v 0.124026 1.392931 0.662569
v 0.118283 1.393029 0.673597
v 0.113523 1.393051 0.675600
v 0.109144 1.393068 0.677029
v 0.104444 1.393080 0.677785
v 0.094811 1.393087 0.677184
v 0.090249 1.393082 0.675850
v 0.084429 1.393072 0.673801
v 0.079749 1.393025 0.667450
v 0.078025 1.392894 0.651398
v 0.086703 1.392774 0.638195
v 0.097446 1.392744 0.636098
v 0.104326 1.394631 0.644406
v 0.106711 1.394636 0.645307
v 0.108874 1.394644 0.646656
v 0.110733 1.394656 0.648401
v 0.112216 1.394672 0.650475
v 0.113265 1.394690 0.652799
v 0.113841 1.394709 0.655282
v 0.113921 1.394730 0.657830
v 0.113503 1.394752 0.660345
v 0.112602 1.394773 0.662730
v 0.111253 1.394792 0.664893
v 0.109508 1.394810 0.666752
v 0.107434 1.394825 0.668234
v 0.105111 1.394836 0.669284
v 0.102627 1.394844 0.669860
v 0.100079 1.394848 0.669940
v 0.097564 1.394847 0.669522
v 0.095179 1.394843 0.668621
v 0.093015 1.394834 0.667272
v 0.091157 1.394822 0.665527
v 0.089674 1.394807 0.663453
v 0.088625 1.394789 0.661130
v 0.088049 1.394769 0.658646
v 0.087968 1.394748 0.656098
v 0.088387 1.394726 0.653583
v 0.089288 1.394706 0.651198
v 0.090636 1.394686 0.649035
v 0.092381 1.394668 0.647176
v 0.094456 1.394654 0.645694
v 0.096779 1.394642 0.644644
v 0.099263 1.394634 0.644068
v 0.101811 1.394631 0.643988
v 0.104332 1.399989 0.644362
v 0.106717 1.399993 0.645263
v 0.108881 1.400002 0.646612
v 0.110740 1.400014 0.648357
v 0.112222 1.400030 0.650431
v 0.113272 1.400047 0.652754
v 0.113848 1.400067 0.655238
v 0.113928 1.400088 0.657786
v 0.113510 1.400110 0.660301
v 0.112609 1.400131 0.662686
v 0.111260 1.400150 0.664849
v 0.109515 1.400168 0.666708
v 0.107441 1.400182 0.668190
v 0.105117 1.400194 0.669239
v 0.102634 1.400202 0.669815
v 0.100085 1.400205 0.669896
v 0.097570 1.400205 0.669477
v 0.095185 1.400200 0.668577
v 0.093022 1.400192 0.667228
v 0.091163 1.400180 0.665483
v 0.089681 1.400164 0.663409
v 0.088631 1.400146 0.661085
v 0.088055 1.400127 0.658602
v 0.087975 1.400106 0.656054
v 0.088393 1.400084 0.653539
v 0.089294 1.400063 0.651154
v 0.090643 1.400044 0.648990
v 0.092388 1.400026 0.647132
v 0.094462 1.400012 0.645649
v 0.096786 1.400000 0.644600
v 0.099269 1.399992 0.644024
v 0.101817 1.399988 0.643944
v 0.105145 1.403008 0.641331
v 0.108101 1.403013 0.642447
v 0.110783 1.403024 0.644119
v 0.113086 1.403039 0.646282
v 0.114924 1.403058 0.648852
v 0.116224 1.403080 0.651732
v 0.116938 1.403105 0.654810
v 0.117038 1.403131 0.657968
v 0.116519 1.403157 0.661085
v 0.115403 1.403183 0.664041
v 0.113731 1.403207 0.666722
v 0.111568 1.403229 0.669025
v 0.108998 1.403247 0.670863
v 0.106118 1.403262 0.672163
v 0.103040 1.403271 0.672877
v 0.099882 1.403276 0.672977
v 0.096765 1.403275 0.672458
v 0.093809 1.403270 0.671342
v 0.091128 1.403259 0.669670
v 0.088824 1.403244 0.667507
v 0.086987 1.403225 0.664937
v 0.085686 1.403203 0.662057
v 0.084972 1.403178 0.658979
v 0.084872 1.403152 0.655821
v 0.085391 1.403126 0.652704
v 0.086507 1.403100 0.649748
v 0.088179 1.403076 0.647067
v 0.090342 1.403054 0.644764
v 0.092913 1.403036 0.642926
v 0.095792 1.403021 0.641626
v 0.098870 1.403012 0.640912
v 0.102028 1.403007 0.640812
v 0.105755 1.407460 0.639050
v 0.109137 1.407466 0.640327
v 0.112205 1.407478 0.642240
v 0.114841 1.407496 0.644715
v 0.116943 1.407517 0.647656
v 0.118431 1.407543 0.650950
v 0.119248 1.407571 0.654472
v 0.119362 1.407601 0.658086
v 0.118769 1.407631 0.661652
v 0.117491 1.407661 0.665034
v 0.115579 1.407688 0.668102
v 0.113104 1.407713 0.670737
v 0.110163 1.407734 0.672840
v 0.106868 1.407750 0.674328
v 0.103346 1.407762 0.675144
v 0.099732 1.407767 0.675258
v 0.096166 1.407766 0.674665
v 0.092784 1.407760 0.673388
v 0.089716 1.407748 0.671475
v 0.087080 1.407730 0.669000
v 0.084978 1.407709 0.666059
v 0.083490 1.407683 0.662764
v 0.082673 1.407655 0.659243
v 0.082559 1.407625 0.655629
v 0.083152 1.407595 0.652063
v 0.084430 1.407565 0.648681
v 0.086343 1.407538 0.645613
v 0.088817 1.407513 0.642978
v 0.091758 1.407492 0.640875
v 0.095053 1.407476 0.639387
v 0.098575 1.407465 0.638570
v 0.102189 1.407459 0.638457
v 0.105989 1.412209 0.638164
v 0.109531 1.412216 0.639502
v 0.112745 1.412229 0.641506
v 0.115506 1.412247 0.644098
v 0.117709 1.412270 0.647179
v 0.119267 1.412296 0.650630
v 0.120123 1.412326 0.654320
v 0.120242 1.412357 0.658105
v 0.119621 1.412389 0.661840
v 0.118283 1.412420 0.665383
v 0.116279 1.412449 0.668597
v 0.113687 1.412475 0.671358
v 0.110606 1.412497 0.673560
v 0.107154 1.412514 0.675119
v 0.103465 1.412525 0.675974
v 0.099680 1.412531 0.676093
v 0.095944 1.412530 0.675472
v 0.092401 1.412524 0.674134
v 0.089188 1.412511 0.672130
v 0.086426 1.412493 0.669538
v 0.084224 1.412470 0.666457
v 0.082665 1.412443 0.663006
v 0.081810 1.412414 0.659317
v 0.081690 1.412383 0.655531
v 0.082312 1.412351 0.651796
v 0.083650 1.412320 0.648253
v 0.085654 1.412291 0.645039
v 0.088246 1.412265 0.642279
v 0.091327 1.412243 0.640076
v 0.094778 1.412226 0.638518
v 0.098468 1.412214 0.637662
v 0.102253 1.412209 0.637543
v 0.105716 1.418074 0.639154
v 0.109062 1.418081 0.640418
v 0.112096 1.418092 0.642310
v 0.114704 1.418110 0.644758
v 0.116783 1.418131 0.647667
v 0.118255 1.418156 0.650926
v 0.119063 1.418184 0.654410
v 0.119176 1.418214 0.657985
v 0.118589 1.418244 0.661512
v 0.117326 1.418273 0.664858
v 0.115434 1.418300 0.667892
v 0.112986 1.418325 0.670500
v 0.110076 1.418346 0.672579
v 0.106817 1.418362 0.674051
v 0.103333 1.418373 0.674859
v 0.099759 1.418378 0.674972
v 0.096231 1.418377 0.674385
v 0.092885 1.418371 0.673121
v 0.089851 1.418359 0.671229
v 0.087243 1.418342 0.668781
v 0.085164 1.418320 0.665872
v 0.083692 1.418295 0.662613
v 0.082884 1.418267 0.659129
v 0.082771 1.418238 0.655555
v 0.083358 1.418208 0.652027
v 0.084621 1.418179 0.648682
v 0.086513 1.418151 0.645647
v 0.088961 1.418127 0.643040
v 0.091871 1.418106 0.640960
v 0.095130 1.418090 0.639488
v 0.098614 1.418079 0.638680
v 0.102188 1.418074 0.638568
v 0.104702 1.423212 0.642902
v 0.107327 1.423217 0.643894
v 0.109709 1.423227 0.645379
v 0.111755 1.423240 0.647300
v 0.113388 1.423257 0.649584
v 0.114543 1.423277 0.652142
v 0.115177 1.423299 0.654876
v 0.115266 1.423322 0.657681
v 0.114805 1.423345 0.660449
v 0.113813 1.423368 0.663075
v 0.112328 1.423390 0.665457
v 0.110407 1.423409 0.667503
v 0.108124 1.423425 0.669135
v 0.105566 1.423438 0.670290
v 0.102832 1.423447 0.670924
v 0.100026 1.423451 0.671013
v 0.097258 1.423450 0.670552
v 0.094632 1.423445 0.669560
v 0.092250 1.423436 0.668075
v 0.090204 1.423422 0.666154
v 0.088572 1.423406 0.663871
v 0.087416 1.423386 0.661313
v 0.086782 1.423364 0.658579
v 0.086694 1.423341 0.655774
v 0.087154 1.423317 0.653005
v 0.088146 1.423294 0.650380
v 0.089631 1.423273 0.647998
v 0.091552 1.423254 0.645952
v 0.093836 1.423237 0.644320
v 0.096394 1.423225 0.643164
v 0.099128 1.423216 0.642530
v 0.101933 1.423212 0.642442
v 0.103502 1.426475 0.647348
v 0.105278 1.426479 0.648019
v 0.106889 1.426485 0.649024
v 0.108273 1.426494 0.650323
v 0.109377 1.426505 0.651868
v 0.110159 1.426519 0.653598
v 0.110588 1.426534 0.655448
v 0.110648 1.426549 0.657346
v 0.110336 1.426565 0.659219
v 0.109665 1.426581 0.660995
v 0.108661 1.426595 0.662606
v 0.107361 1.426608 0.663990
v 0.105816 1.426619 0.665094
v 0.104086 1.426628 0.665876
v 0.102236 1.426634 0.666305
v 0.100339 1.426636 0.666364
v 0.098466 1.426636 0.666053
v 0.096689 1.426633 0.665382
v 0.095078 1.426626 0.664377
v 0.093694 1.426617 0.663078
v 0.092590 1.426606 0.661533
v 0.091808 1.426592 0.659803
v 0.091379 1.426578 0.657953
v 0.091319 1.426562 0.656056
v 0.091631 1.426546 0.654183
v 0.092302 1.426531 0.652407
v 0.093306 1.426516 0.650795
v 0.094606 1.426503 0.649411
v 0.096151 1.426492 0.648307
v 0.097881 1.426484 0.647526
v 0.099731 1.426478 0.647097
v 0.101629 1.426475 0.647037
v 0.094976 1.426870 0.649955
v 0.094058 1.427134 0.651865
v 0.093431 1.427298 0.653963
v 0.093119 1.427365 0.656169
v 0.093135 1.427335 0.658397
v 0.093477 1.427207 0.660563
v 0.094134 1.426976 0.662582
v 0.096969 1.427147 0.649381
v 0.096240 1.427568 0.651522
v 0.095723 1.427820 0.653865
v 0.095395 1.427861 0.658791
v 0.095596 1.427649 0.661186
v 0.096033 1.427265 0.663411
v 0.099179 1.427322 0.649093
v 0.098716 1.427834 0.651386
v 0.098358 1.428136 0.653885
v 0.098009 1.428179 0.659115
v 0.098031 1.427920 0.661645
v 0.098185 1.427446 0.663987
v 0.101491 1.427380 0.649100
v 0.100478 1.427507 0.664286
v 0.103784 1.427319 0.649400
v 0.103939 1.427831 0.651734
v 0.103963 1.428132 0.654259
v 0.103614 1.428176 0.659489
v 0.103255 1.427916 0.661994
v 0.102790 1.427443 0.664294
v 0.105936 1.427141 0.649980
v 0.106374 1.427562 0.652198
v 0.106576 1.427813 0.654589
v 0.106247 1.427854 0.659516
v 0.105729 1.427642 0.661862
v 0.105000 1.427258 0.664009
v 0.107834 1.426862 0.650814
v 0.108491 1.427124 0.652829
v 0.108834 1.427288 0.654992
v 0.108850 1.427355 0.657219
v 0.108538 1.427325 0.659425
v 0.107911 1.427197 0.661526
v 0.106992 1.426967 0.663440
v 0.155186 1.299181 0.677521
v 0.156990 1.298895 0.643305
v 0.155250 1.351106 0.677091
v 0.157053 1.350821 0.642875
v 0.048286 1.296246 0.637597
v 0.046483 1.296531 0.671813
v 0.048350 1.348562 0.637164
v 0.046546 1.348847 0.671380
v 0.123635 1.330288 0.675598
v 0.145547 1.363791 0.649797
v 0.058613 1.364128 0.677667
v 0.061112 1.363745 0.631825
v 0.144461 1.363680 0.636274
v 0.057497 1.364022 0.664706
v 0.058567 1.363858 0.645120
v 0.349032 0.063707 0.786888
v 0.367437 0.063263 0.736027
v -0.173059 0.063686 0.707533
v -0.160103 0.064105 0.760048
v 0.375565 0.062811 0.682552
v -0.137151 0.064482 0.809026
v 0.373104 0.062366 0.628519
v -0.105085 0.064804 0.852586
v 0.360148 0.061947 0.576005
v -0.065136 0.065057 0.889053
v 0.337197 0.061570 0.527026
v -0.018841 0.065232 0.917026
v 0.114546 0.060727 0.392493
v 0.060512 0.060813 0.394954
v 0.305130 0.061248 0.483466
v 0.032022 0.065323 0.935431
v 0.007995 0.060985 0.407908
v 0.265182 0.060995 0.446999
v 0.085499 0.065325 0.943559
v -0.040984 0.061234 0.430859
v 0.218886 0.060820 0.419026
v 0.139534 0.065239 0.941099
v -0.084545 0.061553 0.462924
v 0.168023 0.060729 0.400621
v 0.192050 0.065067 0.928144
v -0.121013 0.061928 0.502870
v 0.241030 0.064818 0.905194
v -0.148987 0.062345 0.549164
v 0.284591 0.064499 0.873129
v -0.167392 0.062789 0.600025
v 0.321059 0.064124 0.833182
v -0.175520 0.063241 0.653500
v 0.114845 0.034608 0.386441
v 0.059581 0.034697 0.388957
v 0.005870 0.034872 0.402206
v -0.044224 0.035127 0.425679
v -0.088776 0.035453 0.458473
v -0.126074 0.035836 0.499329
v -0.154684 0.036263 0.546676
v -0.173507 0.036717 0.598694
v -0.181820 0.037180 0.653385
v -0.179303 0.037634 0.708648
v -0.166053 0.038063 0.762357
v -0.142579 0.038449 0.812450
v -0.109783 0.038778 0.857000
v -0.068926 0.039037 0.894297
v -0.021577 0.039216 0.922907
v 0.030444 0.039308 0.941730
v 0.085137 0.039311 0.950043
v 0.140401 0.039222 0.947527
v 0.194112 0.039047 0.934278
v 0.244206 0.038792 0.910805
v 0.288758 0.038466 0.878011
v 0.326056 0.038083 0.837155
v 0.354666 0.037656 0.789808
v 0.373489 0.037202 0.737790
v 0.381802 0.036739 0.683098
v 0.379285 0.036285 0.627836
v 0.366035 0.035856 0.574127
v 0.342561 0.035470 0.524034
v 0.309765 0.035141 0.479483
v 0.268907 0.034882 0.442187
v 0.221559 0.034703 0.413577
v 0.169538 0.034611 0.394754
vn -0.8190 0.5718 -0.0479
vn -0.7277 -0.6851 -0.0326
vn -0.7212 -0.6839 0.1099
vn -0.8135 0.5705 0.1131
vn -0.6695 0.4146 0.6164
vn -0.6602 0.3173 0.6808
vn -0.5843 0.3117 -0.7493
vn -0.5998 0.4067 -0.6891
vn 0.0218 -0.9039 -0.4273
vn 0.0771 -0.0087 -0.9970
vn -0.1656 0.1747 -0.9706
vn -0.3281 -0.1911 -0.9251
vn -0.1463 -0.9035 -0.4029
vn -0.0638 -0.9025 -0.4259
vn 0.6464 0.6101 0.4581
vn 0.7183 0.6084 0.3375
vn 0.8827 -0.2068 0.4221
vn 0.7833 -0.2089 0.5855
vn 0.7859 -0.1882 0.5890
vn 0.8854 -0.1897 0.4243
vn 0.8768 -0.2329 0.4206
vn 0.7783 -0.2315 0.5837
vn -0.6567 -0.1974 -0.7279
vn -0.7864 -0.1960 -0.5858
vn -0.7789 -0.2392 -0.5798
vn -0.6504 -0.2405 -0.7205
vn -0.5826 0.6086 0.5388
vn -0.5196 0.6026 -0.6057
vn -0.4948 -0.6384 -0.5897
vn -0.5539 -0.6314 0.5428
vn -0.1259 0.5637 -0.8163
vn -0.1051 -0.6915 -0.7147
vn -0.2436 -0.6911 -0.6805
vn -0.2737 0.5624 -0.7803
vn -0.7672 0.6068 -0.2081
vn -0.7900 0.6092 -0.0693
vn -0.9238 -0.3802 -0.0455
vn -0.8968 -0.3804 -0.2258
vn 0.3103 0.0079 0.9506
vn 0.1432 0.0080 0.9897
vn -0.0526 0.0083 0.9986
vn -0.0425 0.5780 0.8149
vn 0.1185 0.5751 0.8095
vn 0.2745 0.5773 0.7691
vn -0.7090 0.6634 0.2392
vn -0.6700 0.6115 0.4210
vn -0.7979 -0.3640 0.4805
vn -0.8735 -0.3719 0.3140
vn -0.1886 0.6625 0.7249
vn -0.0252 0.6123 0.7903
vn -0.0446 -0.2944 0.9547
vn -0.2285 -0.3111 0.9225
vn -0.9506 0.0034 0.3103
vn -0.9897 0.0024 0.1432
vn -0.9986 0.0008 -0.0526
vn -0.7767 0.5734 0.2607
vn -0.4358 -0.8999 -0.0155
vn -0.4115 -0.8985 0.1526
vn -0.4344 -0.8980 0.0701
vn 0.7457 0.6571 -0.1100
vn 0.7417 0.6039 -0.2920
vn 0.9219 -0.2130 -0.3235
vn 0.9681 -0.2093 -0.1379
vn -0.6583 0.5652 -0.4971
vn -0.5839 -0.6886 -0.4300
vn -0.6577 -0.6875 -0.3079
vn -0.7401 0.5692 -0.3583
vn 0.1148 0.6114 0.7830
vn 0.2510 0.6116 0.7503
vn 0.3265 -0.2605 0.9086
vn 0.1429 -0.2773 0.9501
vn 0.0220 0.6236 -0.7814
vn -0.1105 0.6230 -0.7744
vn -0.1346 -0.3567 -0.9245
vn 0.0489 -0.3570 -0.9328
vn -0.2632 -0.8958 0.3582
vn -0.5184 -0.4954 0.6970
vn -0.6436 -0.4962 0.5827
vn -0.3247 -0.8974 0.2986
vn 0.3753 -0.9013 -0.2163
vn 0.7429 -0.5064 -0.4379
vn 0.8148 -0.5052 -0.2843
vn 0.4080 -0.9014 -0.1449
vn -0.1886 -0.8968 0.4003
vn -0.3732 -0.4949 0.7847
vn -0.1090 -0.8954 0.4318
vn -0.2138 -0.4946 0.8424
vn 0.3225 -0.9030 -0.2837
vn 0.6424 -0.5074 -0.5744
vn -0.2923 -0.9026 -0.3161
vn -0.5792 -0.5064 -0.6388
vn -0.4426 -0.5074 -0.7393
vn -0.2248 -0.9019 -0.3689
vn 0.2610 -0.9022 -0.3433
vn 0.5171 -0.5082 -0.6887
vn -0.2891 -0.5082 -0.8113
vn 0.1864 -0.9037 -0.3854
vn 0.3720 -0.5087 -0.7764
vn 0.1068 -0.9027 -0.4169
vn 0.2126 -0.5090 -0.8341
vn -0.1245 -0.5087 -0.8519
vn 0.0449 -0.5090 -0.8596
vn 0.0616 -0.8955 0.4408
vn 0.1232 -0.4949 0.8602
vn -0.0461 -0.4946 0.8679
vn -0.0240 -0.8966 0.4422
vn 0.1377 -0.8964 0.4213
vn 0.2879 -0.4954 0.8196
vn -0.3518 -0.9008 -0.2546
vn -0.6935 -0.5052 -0.5136
vn -0.4254 -0.8994 -0.1005
vn -0.8389 -0.5025 -0.2090
vn -0.7812 -0.5039 -0.3685
vn -0.3940 -0.9013 -0.1801
vn -0.9529 0.3020 -0.0294
vn -0.9523 0.3016 0.0475
vn -0.9398 0.3178 0.1260
vn -0.3654 0.9289 0.0598
vn -0.3694 0.9271 -0.0632
vn -0.9423 0.3152 -0.1128
vn 0.2282 -0.8968 0.3790
vn 0.4414 -0.4962 0.7476
vn 0.3476 -0.8985 0.2680
vn 0.6923 -0.4983 0.5219
vn 0.5780 -0.4972 0.6471
vn 0.2918 -0.8967 0.3329
vn 0.3940 -0.8979 0.1961
vn 0.7800 -0.4997 0.3768
vn -0.8644 -0.5011 -0.0414
vn 0.4208 -0.8999 0.1147
vn 0.8377 -0.5010 0.2173
vn -0.8567 -0.4997 0.1280
vn -0.8161 -0.4984 0.2926
vn 0.4361 -0.8994 0.0305
vn 0.8632 -0.5025 0.0497
vn -0.3774 -0.8967 0.2312
vn -0.7441 -0.4972 0.4462
vn 0.4319 -0.9006 -0.0479
vn 0.8555 -0.5039 -0.1197
vn -0.7895 0.1637 -0.5915
vn -0.6592 0.1623 -0.7342
vn 0.0521 0.1594 -0.9858
vn 0.2432 0.1594 -0.9568
vn 0.5040 0.1740 0.8460
vn 0.3290 0.1749 0.9280
vn -0.8895 0.1651 -0.4261
vn 0.6597 0.1728 0.7314
vn -0.9552 0.1667 -0.2443
vn 0.7899 0.1715 0.5887
vn -0.9843 0.1683 -0.0533
vn 0.8899 0.1700 0.4233
vn -0.9755 0.1699 0.1398
vn 0.9557 0.1684 0.2416
vn -0.9292 0.1714 0.3274
vn 0.9847 0.1668 0.0505
vn -0.8472 0.1728 0.5024
vn 0.9759 0.1652 -0.1425
vn -0.7326 0.1739 0.6580
vn 0.9296 0.1637 -0.3302
vn -0.5899 0.1748 0.7883
vn 0.8476 0.1624 -0.5052
vn -0.4245 0.1755 0.8883
vn -0.1410 0.1597 -0.9771
vn 0.7330 0.1612 -0.6608
vn -0.2428 0.1758 0.9540
vn -0.3286 0.1603 -0.9308
vn 0.5903 0.1603 -0.7911
vn -0.0517 0.1758 0.9831
vn -0.5036 0.1612 -0.8488
vn 0.4249 0.1597 -0.8910
vn 0.1414 0.1755 0.9743
vn -0.6443 0.7638 -0.0384
vn -0.6289 0.7599 -0.1641
vn 0.5974 0.7570 0.2647
vn 0.5269 0.7608 0.3788
vn -0.6380 0.7649 0.0888
vn 0.6327 0.7561 0.1672
vn -0.6073 0.7640 0.2181
vn 0.6480 0.7607 0.0374
vn -0.5558 0.7590 0.3392
vn 0.6412 0.7616 -0.0944
vn -0.4943 0.7596 0.4227
vn 0.6122 0.7591 -0.2213
vn -0.3943 0.7630 0.5121
vn 0.5628 0.7533 -0.3403
vn -0.2807 0.7620 0.5836
vn -0.0927 0.7515 -0.6532
vn 0.0352 0.7529 -0.6572
vn 0.4855 0.7541 -0.4423
vn -0.1596 0.7604 0.6295
vn -0.2165 0.7535 -0.6208
vn 0.3922 0.7520 -0.5299
vn -0.0339 0.7555 0.6543
vn -0.3331 0.7525 -0.5681
vn 0.2817 0.7531 -0.5945
vn 0.0900 0.7631 0.6400
vn -0.4351 0.7548 -0.4908
vn 0.1620 0.7513 -0.6397
vn 0.2122 0.7679 0.6044
vn -0.5227 0.7542 -0.3975
vn 0.3311 0.7659 0.5512
vn -0.5855 0.7586 -0.2857
vn 0.4382 0.7603 0.4796
vn 0.2195 0.9754 0.0214
vn 0.2065 0.9769 0.0554
vn 0.1775 0.9773 0.1153
vn -0.0750 0.9785 0.1921
vn -0.1238 0.9790 0.1617
vn -0.1428 0.9754 -0.1681
vn -0.0685 0.9764 -0.2051
vn 0.0912 0.9762 -0.1966
vn 0.1612 0.9751 -0.1521
vn -0.1880 0.9765 -0.1055
vn 0.1958 0.9772 -0.0824
vn 0.9048 0.2589 -0.3380
vn 0.9823 0.1306 -0.1341
vn 0.9911 0.1321 0.0157
vn 0.9349 0.2647 0.2366
vn 0.0125 0.9747 -0.2230
vn 0.1120 0.9793 0.1683
vn 0.0261 0.9749 0.2211
vn -0.0142 0.9774 0.2108
vn -0.1767 0.8338 -0.5230
vn -0.1083 0.9454 -0.3074
vn 0.0026 0.9010 -0.4339
vn 0.0170 0.6719 -0.7404
vn 0.5063 -0.8619 0.0259
vn 0.5025 -0.8626 -0.0577
vn 0.4831 -0.8644 -0.1392
vn 0.4141 -0.8792 -0.2355
vn 0.2426 -0.9609 -0.1333
vn 0.2744 -0.9592 -0.0683
vn 0.2890 -0.9573 0.0059
vn 0.2836 -0.9564 0.0698
vn 0.2512 -0.9594 0.1284
vn 0.4311 -0.8767 0.2136
vn 0.4944 -0.8624 0.1088
vn 0.4153 0.2606 -0.8716
vn 0.6259 0.1319 -0.7687
vn 0.7363 0.1322 -0.6636
vn 0.8293 0.1335 -0.5426
vn -0.9909 0.1051 0.0845
vn -0.9901 0.1027 -0.0954
vn -0.9573 0.1005 -0.2710
vn -0.8939 0.0988 -0.4373
vn -0.8020 0.0974 -0.5893
vn -0.6843 0.0965 -0.7228
vn -0.5441 0.0960 -0.8335
vn -0.3852 0.0961 -0.9178
vn -0.2119 0.0966 -0.9725
vn 0.0501 0.2892 -0.9560
vn 0.0064 0.9940 -0.1092
vn -0.0498 0.9921 -0.1147
vn -0.1032 0.9917 -0.0766
vn -0.1161 0.9932 -0.0087
vn -0.0933 0.9946 0.0461
vn -0.8250 0.2943 0.4824
vn -0.9587 0.1078 0.2633
vn -0.3210 0.2611 -0.9104
vn -0.1002 0.1310 -0.9863
vn 0.0523 0.1303 -0.9901
vn 0.2035 0.1307 -0.9703
vn 0.0023 -0.0375 0.9993
vn -0.0230 -0.1877 0.9820
vn -0.3576 0.0303 0.9334
vn 0.5803 0.3212 0.7484
vn 0.5317 -0.5899 0.6077
vn 0.4885 0.6425 0.5904
vn 0.2201 0.0237 0.9752
vn 0.4064 0.9087 0.0955
vn 0.4208 0.9070 0.0146
vn 0.4125 0.9080 -0.0729
vn 0.7964 0.5910 -0.1283
vn 0.8364 0.5466 0.0395
vn 0.7821 0.5923 0.1938
vn 0.8751 0.1418 0.4628
vn 0.7935 0.1425 0.5916
vn 0.6930 0.1440 0.7064
vn 0.5062 0.2690 0.8194
vn -0.0594 0.2752 0.9595
vn 0.1771 0.1410 0.9740
vn 0.1029 -0.6837 0.7225
vn -0.0390 -0.6834 0.7290
vn -0.5414 0.1328 -0.8302
vn -0.6623 0.1333 -0.7373
vn -0.4853 -0.6933 -0.5327
vn -0.3710 -0.6942 -0.6168
vn 0.1777 -0.6955 -0.6962
vn 0.3112 -0.6953 -0.6479
vn 0.3223 0.1403 0.9362
vn 0.2407 -0.6841 0.6885
vn -0.7674 0.1348 -0.6268
vn -0.5810 -0.6924 -0.4278
vn 0.0373 -0.6955 -0.7175
vn 0.3693 -0.6848 0.6283
vn -0.8638 0.2579 -0.4328
vn -0.6545 -0.6913 -0.3063
vn 0.4836 -0.6856 0.5441
vn -0.9619 0.1290 -0.2411
vn -0.7028 -0.6901 -0.1728
vn 0.5794 -0.6866 0.4392
vn -0.9656 0.2553 -0.0489
vn -0.7241 -0.6889 -0.0324
vn 0.6528 -0.6877 0.3177
vn -0.9799 0.1356 0.1460
vn -0.7177 -0.6877 0.1094
vn 0.7011 -0.6889 0.1842
vn -0.9464 0.1371 0.2924
vn -0.6837 -0.6866 0.2473
vn 0.7224 -0.6900 0.0438
vn -0.8242 0.2727 0.4964
vn -0.6234 -0.6857 0.3758
vn 0.7160 -0.6912 -0.0980
vn -0.6940 0.1494 0.7043
vn -0.5392 -0.6848 0.4902
vn 0.6820 -0.6923 -0.2358
vn -0.5760 0.1492 0.8037
vn -0.4344 -0.6841 0.5859
vn 0.6217 -0.6933 -0.3644
vn -0.4444 0.1497 0.8832
vn -0.3128 -0.6837 0.6593
vn -0.1046 -0.6953 -0.7111
vn 0.5376 -0.6941 -0.4787
vn -0.3016 0.1509 0.9414
vn -0.1793 -0.6834 0.7076
vn -0.2424 -0.6948 -0.6771
vn 0.4327 -0.6948 -0.5745
vn 0.6068 -0.4142 0.6784
vn 0.4635 -0.4132 0.7839
vn -0.8804 -0.4199 -0.2203
vn -0.8199 -0.4213 -0.3877
vn 0.7268 -0.4155 0.5469
vn -0.9072 -0.4184 -0.0443
vn 0.8189 -0.4168 0.3946
vn -0.8991 -0.4169 0.1335
vn 0.8794 -0.4183 0.2272
vn -0.8565 -0.4155 0.3063
vn 0.9062 -0.4198 0.0513
vn -0.7809 -0.4143 0.4674
vn 0.8981 -0.4213 -0.1265
vn -0.6754 -0.4132 0.6108
vn 0.8554 -0.4226 -0.2993
vn -0.5440 -0.4124 0.7308
vn 0.7799 -0.4239 -0.4605
vn -0.3916 -0.4118 0.8228
vn -0.1305 -0.4264 -0.8951
vn 0.0473 -0.4266 -0.9032
vn 0.6744 -0.4249 -0.6038
vn -0.2243 -0.4115 0.8834
vn -0.3033 -0.4258 -0.8525
vn 0.5430 -0.4258 -0.7238
vn -0.0483 -0.4115 0.9101
vn -0.4645 -0.4250 -0.7769
vn 0.3906 -0.4263 -0.8159
vn 0.1295 -0.4118 0.9020
vn -0.6078 -0.4239 -0.6714
vn 0.2232 -0.4266 -0.8764
vn 0.3023 -0.4124 0.8594
vn -0.7278 -0.4227 -0.5400
vn 0.9655 -0.0843 0.2463
vn 0.8991 -0.0827 0.4299
vn -0.9394 -0.0813 0.3330
vn -0.9862 -0.0828 0.1434
vn 0.9949 -0.0859 0.0532
vn -0.8565 -0.0799 0.5099
vn 0.9860 -0.0875 -0.1420
vn -0.7407 -0.0787 0.6672
vn 0.9392 -0.0890 -0.3316
vn -0.5965 -0.0778 0.7988
vn 0.8563 -0.0904 -0.5084
vn -0.4293 -0.0772 0.8998
vn -0.1428 -0.0931 -0.9854
vn 0.0523 -0.0934 -0.9942
vn 0.7405 -0.0916 -0.6657
vn -0.2457 -0.0769 0.9663
vn -0.3324 -0.0925 -0.9386
vn 0.5963 -0.0925 -0.7974
vn -0.0525 -0.0768 0.9957
vn -0.5093 -0.0916 -0.8557
vn 0.4291 -0.0931 -0.8984
vn 0.1426 -0.0772 0.9868
vn -0.6666 -0.0905 -0.7399
vn 0.2454 -0.0934 -0.9649
vn 0.3322 -0.0778 0.9400
vn -0.7983 -0.0891 -0.5957
vn 0.5091 -0.0787 0.8571
vn -0.8993 -0.0876 -0.4285
vn 0.6664 -0.0798 0.7413
vn -0.9657 -0.0860 -0.2448
vn 0.7981 -0.0812 0.5971
vn -0.9951 -0.0844 -0.0517
vn 0.8964 0.3071 -0.3196
vn 0.9410 0.3086 -0.1387
vn -0.5685 0.3179 0.7588
vn -0.7061 0.3170 0.6332
vn 0.8173 0.3058 -0.4883
vn -0.4091 0.3185 0.8551
vn -0.1357 0.3032 -0.9432
vn 0.0504 0.3029 -0.9517
vn 0.7069 0.3047 -0.6383
vn -0.2339 0.3188 0.9185
vn -0.3166 0.3038 -0.8986
vn 0.5693 0.3039 -0.7639
vn -0.0497 0.3188 0.9465
vn -0.4853 0.3047 -0.8195
vn 0.4098 0.3033 -0.8603
vn 0.1365 0.3185 0.9381
vn -0.6354 0.3058 -0.7091
vn 0.2346 0.3029 -0.9237
vn 0.3174 0.3179 0.8934
vn -0.7610 0.3071 -0.5715
vn 0.4861 0.3170 0.8144
vn -0.8574 0.3085 -0.4120
vn 0.6361 0.3159 0.7039
vn -0.9208 0.3100 -0.2368
vn 0.7618 0.3146 0.5663
vn -0.9488 0.3116 -0.0526
vn 0.8581 0.3132 0.4069
vn -0.9403 0.3131 0.1335
vn 0.9215 0.3117 0.2317
vn -0.8957 0.3146 0.3144
vn 0.9495 0.3101 0.0475
vn -0.8166 0.3159 0.4831
vn -0.2554 0.6347 -0.7293
vn -0.1092 0.6342 -0.7654
vn 0.4605 0.6347 -0.6205
vn 0.5717 0.6354 -0.5190
vn -0.0396 0.6468 0.7617
vn -0.1885 0.6468 0.7390
vn -0.3917 0.6354 -0.6655
vn 0.3316 0.6342 -0.6984
vn 0.1108 0.6465 0.7548
vn -0.5130 0.6363 -0.5762
vn 0.1901 0.6340 -0.7496
vn 0.2569 0.6461 0.7187
vn -0.6145 0.6373 -0.4650
vn 0.0412 0.6340 -0.7723
vn 0.3933 0.6454 0.6549
vn -0.6923 0.6385 -0.3362
vn 0.5145 0.6445 0.5656
vn -0.7436 0.6397 -0.1946
vn 0.6160 0.6434 0.4544
vn -0.7662 0.6410 -0.0457
vn 0.6939 0.6423 0.3256
vn -0.7593 0.6422 0.1047
vn 0.7451 0.6410 0.1840
vn -0.7233 0.6434 0.2508
vn 0.7678 0.6398 0.0351
vn -0.6594 0.6444 0.3872
vn 0.7609 0.6385 -0.1153
vn -0.5701 0.6453 0.5084
vn 0.7248 0.6374 -0.2614
vn -0.4589 0.6460 0.6099
vn 0.6610 0.6363 -0.3978
vn -0.3301 0.6465 0.6878
vn -0.7668 0.6099 -0.2002
vn -0.7140 0.6086 -0.3462
vn -0.7831 0.6124 0.1083
vn -0.7901 0.6112 -0.0467
vn 0.5305 0.6148 0.5836
vn 0.4055 0.6157 0.6757
vn 0.6815 0.6064 -0.4098
vn 0.7474 0.6075 -0.2692
vn 0.6352 0.6137 0.4690
vn 0.7154 0.6125 0.3361
vn 0.7916 0.6099 0.0366
vn 0.7683 0.6112 0.1901
vn -0.7459 0.6137 0.2591
vn -0.6800 0.6147 0.3996
vn -0.5880 0.6157 0.5247
vn -0.1127 0.6042 -0.7888
vn 0.0424 0.6040 -0.7959
vn 0.7845 0.6087 -0.1184
vn -0.6337 0.6074 -0.4791
vn 0.2649 0.6164 0.7415
vn -0.4733 0.6164 0.6293
vn -0.1944 0.6171 0.7624
vn -0.3404 0.6169 0.7096
vn 0.5894 0.6055 -0.5348
vn 0.4748 0.6047 -0.6394
vn -0.4040 0.6054 -0.6858
vn -0.2634 0.6047 -0.7516
vn -0.5290 0.6063 -0.5937
vn -0.0409 0.6172 0.7858
vn 0.1959 0.6040 -0.7726
vn 0.3419 0.6042 -0.7197
vn 0.1141 0.6169 0.7787
vn 0.0590 0.8955 -0.4411
vn -0.0790 0.6440 -0.7609
vn 0.0735 0.6022 -0.7949
vn 0.2012 0.6017 -0.7730
vn 0.3232 0.6034 -0.7290
vn 0.4407 0.6533 -0.6156
vn 0.1269 0.9497 -0.2861
vn 0.0792 0.9165 -0.3921
vn -0.8351 0.2406 0.4947
vn -0.9159 0.2393 0.3222
vn 0.9621 0.2332 -0.1411
vn 0.9708 0.2347 0.0492
vn -0.7222 0.2417 0.6481
vn 0.9165 0.2317 -0.3261
vn -0.5814 0.2426 0.7766
vn 0.8357 0.2304 -0.4986
vn -0.4184 0.2433 0.8751
vn -0.1389 0.2277 -0.9638
vn 0.0514 0.2274 -0.9724
vn 0.7227 0.2292 -0.6520
vn -0.2392 0.2436 0.9399
vn -0.3239 0.2283 -0.9182
vn 0.5820 0.2283 -0.7805
vn -0.0509 0.2436 0.9685
vn -0.4964 0.2292 -0.8373
vn 0.4190 0.2277 -0.8790
vn 0.1395 0.2433 0.9599
vn -0.6498 0.2303 -0.7244
vn 0.2398 0.2274 -0.9438
vn 0.3244 0.2427 0.9143
vn -0.7783 0.2316 -0.5837
vn 0.4969 0.2418 0.8334
vn -0.8768 0.2331 -0.4206
vn 0.6504 0.2407 0.7205
vn -0.9416 0.2346 -0.2415
vn 0.7788 0.2393 0.5798
vn -0.9702 0.2362 -0.0531
vn 0.8774 0.2379 0.4167
vn -0.9616 0.2378 0.1372
vn 0.9422 0.2363 0.2376
vn -0.4236 -0.1773 0.8883
vn -0.5884 -0.1779 0.7887
vn -0.1409 -0.1930 -0.9710
vn 0.0515 -0.1934 -0.9798
vn 0.7303 -0.1915 -0.6558
vn 0.8445 -0.1904 -0.5006
vn -0.2424 -0.1770 0.9539
vn -0.3280 -0.1924 -0.9249
vn 0.5880 -0.1924 -0.7857
vn -0.0520 -0.1770 0.9828
vn -0.5024 -0.1915 -0.8431
vn 0.4231 -0.1930 -0.8853
vn 0.1405 -0.1773 0.9741
vn -0.6576 -0.1904 -0.7289
vn 0.2420 -0.1933 -0.9508
vn 0.3275 -0.1779 0.9279
vn -0.7874 -0.1891 -0.5867
vn 0.5020 -0.1788 0.8462
vn -0.8871 -0.1876 -0.4218
vn 0.6571 -0.1799 0.7320
vn -0.9526 -0.1860 -0.2407
vn 0.7870 -0.1813 0.5897
vn -0.9816 -0.1844 -0.0502
vn 0.8866 -0.1827 0.4249
vn -0.9728 -0.1828 0.1422
vn 0.9522 -0.1843 0.2437
vn -0.9267 -0.1813 0.3293
vn 0.9811 -0.1859 0.0533
vn -0.8449 -0.1800 0.5037
vn 0.9724 -0.1875 -0.1392
vn -0.7307 -0.1788 0.6588
vn 0.9262 -0.1890 -0.3262
vn 0.1287 -0.4233 0.8968
vn -0.0480 -0.4230 0.9049
vn -0.6043 -0.4353 -0.6673
vn -0.4618 -0.4364 -0.7722
vn 0.2219 -0.4380 -0.8711
vn 0.3883 -0.4377 -0.8109
vn 0.3005 -0.4238 0.8544
vn -0.7236 -0.4341 -0.5367
vn 0.0470 -0.4380 -0.8977
vn 0.4607 -0.4247 0.7794
vn -0.8151 -0.4327 -0.3852
vn 0.6032 -0.4257 0.6745
vn -0.8753 -0.4313 -0.2189
vn 0.7225 -0.4269 0.5438
vn -0.9018 -0.4298 -0.0440
vn 0.8140 -0.4283 0.3924
vn -0.8938 -0.4284 0.1328
vn 0.8742 -0.4297 0.2260
vn -0.8514 -0.4270 0.3046
vn 0.9008 -0.4312 0.0511
vn -0.7763 -0.4258 0.4648
vn 0.8927 -0.4327 -0.1257
vn -0.6714 -0.4247 0.6073
vn 0.8504 -0.4340 -0.2974
vn -0.5408 -0.4239 0.7266
vn 0.7753 -0.4353 -0.4577
vn -0.3893 -0.4233 0.8181
vn -0.1298 -0.4378 -0.8897
vn 0.6704 -0.4363 -0.6001
vn -0.2230 -0.4230 0.8783
vn -0.3016 -0.4372 -0.8473
vn 0.5397 -0.4372 -0.7194
vn 0.5111 -0.6397 0.5741
vn 0.3903 -0.6388 0.6631
vn -0.7424 -0.6444 -0.1833
vn -0.6914 -0.6456 -0.3243
vn 0.6122 -0.6407 0.4634
vn -0.7649 -0.6431 -0.0350
vn 0.6898 -0.6419 0.3350
vn -0.7581 -0.6419 0.1149
vn 0.7408 -0.6431 0.1939
vn -0.7222 -0.6408 0.2605
vn 0.7634 -0.6443 0.0456
vn -0.6585 -0.6397 0.3964
vn 0.7566 -0.6456 -0.1042
vn -0.5696 -0.6388 0.5172
vn 0.7206 -0.6467 -0.2499
vn -0.4588 -0.6381 0.6183
vn 0.6570 -0.6478 -0.3857
vn -0.3304 -0.6376 0.6959
vn -0.1104 -0.6499 -0.7520
vn 0.0395 -0.6501 -0.7588
vn 0.5680 -0.6487 -0.5065
vn -0.1894 -0.6374 0.7469
vn -0.2560 -0.6494 -0.7161
vn 0.4573 -0.6494 -0.6076
vn -0.0411 -0.6374 0.7695
vn -0.3918 -0.6487 -0.6524
vn 0.3289 -0.6499 -0.6852
vn 0.1088 -0.6376 0.7626
vn -0.5126 -0.6478 -0.5635
vn 0.1878 -0.6501 -0.7363
vn 0.2544 -0.6381 0.7267
vn -0.6138 -0.6468 -0.4527
vn 0.8116 -0.5448 0.2111
vn 0.7557 -0.5435 0.3655
vn -0.7908 -0.5422 0.2840
vn -0.8301 -0.5435 0.1245
vn 0.8363 -0.5462 0.0486
vn -0.7210 -0.5411 0.4328
vn 0.8288 -0.5475 -0.1155
vn -0.6237 -0.5401 0.5651
vn 0.7894 -0.5488 -0.2750
vn -0.5023 -0.5394 0.6759
vn 0.7197 -0.5499 -0.4238
vn -0.3617 -0.5388 0.7608
vn -0.1207 -0.5522 -0.8249
vn 0.0434 -0.5525 -0.8324
vn 0.6223 -0.5509 -0.5561
vn -0.2072 -0.5385 0.8167
vn -0.2802 -0.5517 -0.7856
vn 0.5010 -0.5517 -0.6668
vn -0.0448 -0.5385 0.8414
vn -0.4290 -0.5510 -0.7158
vn 0.3604 -0.5522 -0.7518
vn 0.1193 -0.5388 0.8339
vn -0.5613 -0.5500 -0.6185
vn 0.2059 -0.5525 -0.8077
vn 0.2789 -0.5393 0.7946
vn -0.6720 -0.5489 -0.4971
vn 0.4276 -0.5401 0.7249
vn -0.7570 -0.5476 -0.3565
vn 0.5599 -0.5410 0.6275
vn -0.8129 -0.5462 -0.2020
vn 0.6707 -0.5422 0.5062
vn -0.8376 -0.5449 -0.0396
vn 0.9334 0.1380 -0.3313
vn 0.9799 0.1395 -0.1429
vn -0.5923 0.1491 0.7918
vn -0.7357 0.1482 0.6609
vn 0.8510 0.1366 -0.5070
vn -0.4263 0.1497 0.8921
vn -0.1416 0.1339 -0.9808
vn 0.0523 0.1336 -0.9897
vn 0.7360 0.1354 -0.6633
vn -0.2438 0.1501 0.9581
vn -0.3300 0.1345 -0.9344
vn 0.5927 0.1345 -0.7941
vn -0.0519 0.1501 0.9873
vn -0.5057 0.1354 -0.8520
vn 0.4266 0.1339 -0.8945
vn 0.1419 0.1498 0.9785
vn -0.6620 0.1365 -0.7370
vn 0.2441 0.1336 -0.9605
vn 0.3303 0.1491 0.9320
vn -0.7928 0.1379 -0.5937
vn 0.5060 0.1483 0.8497
vn -0.8932 0.1394 -0.4276
vn 0.6623 0.1471 0.7346
vn -0.9592 0.1410 -0.2451
vn 0.7931 0.1458 0.5913
vn -0.9883 0.1426 -0.0533
vn 0.8935 0.1443 0.4252
vn -0.9795 0.1442 0.1406
vn 0.9595 0.1427 0.2428
vn -0.9330 0.1457 0.3290
vn 0.9887 0.1411 0.0509
vn -0.8507 0.1471 0.5047
vn 0.3832 0.7648 -0.5179
vn 0.4735 0.7678 -0.4316
vn -0.0325 0.7772 0.6284
vn -0.1564 0.7749 0.6125
vn -0.3254 0.7654 -0.5552
vn -0.2111 0.7672 -0.6057
vn 0.2748 0.7668 -0.5801
vn 0.0924 0.7747 0.6256
vn -0.4243 0.7685 -0.4789
vn 0.1583 0.7642 -0.6252
vn 0.2130 0.7766 0.5929
vn -0.5106 0.7670 -0.3886
vn 0.0344 0.7666 -0.6412
vn 0.3273 0.7737 0.5425
vn -0.5727 0.7703 -0.2802
vn 0.4262 0.7753 0.4661
vn -0.6179 0.7690 -0.1637
vn 0.5125 0.7721 0.3758
vn -0.6339 0.7724 -0.0399
vn 0.5746 0.7735 0.2675
vn -0.6311 0.7711 0.0851
vn 0.6198 0.7701 0.1510
vn -0.5984 0.7744 0.2056
vn 0.6358 0.7714 0.0271
vn -0.5480 0.7729 0.3199
vn 0.6329 0.7680 -0.0978
vn -0.4716 0.7760 0.4188
vn 0.6002 0.7694 -0.2184
vn -0.3813 0.7742 0.5052
vn 0.5498 0.7662 -0.3327
vn -0.2729 0.7770 0.5673
vn -0.0905 0.7644 -0.6383
vn 0.4116 0.8917 0.1886
vn 0.3708 0.8890 0.2689
vn 0.3053 0.8930 0.3307
vn -0.4531 0.8909 -0.0313
vn -0.4462 0.8867 -0.1211
vn -0.4094 0.8894 -0.2033
vn 0.4299 0.8888 -0.1591
vn 0.4578 0.8860 -0.0734
vn 0.4553 0.8902 0.0166
vn -0.4277 0.8923 0.1443
vn -0.4557 0.8882 0.0587
vn 0.4483 0.8875 0.1064
vn -0.3032 0.8881 -0.3455
vn -0.2348 0.8841 -0.4040
vn -0.1506 0.8872 -0.4362
vn -0.3370 0.8935 0.2969
vn -0.3956 0.8896 0.2285
vn 0.3392 0.8876 -0.3116
vn 0.3978 0.8847 -0.2432
vn -0.0650 0.8834 -0.4641
vn 0.0250 0.8867 -0.4616
vn -0.3686 0.8853 -0.2836
vn -0.0229 0.8943 0.4468
vn -0.1127 0.8910 0.4399
vn -0.1949 0.8942 0.4031
vn 0.1706 0.9832 0.0648
vn 0.3083 0.9470 0.0899
vn 0.3118 0.9501 0.0129
vn 0.3186 0.9457 -0.0639
vn 0.1788 0.9822 -0.0579
vn 0.1970 0.8869 -0.4178
vn 0.2773 0.8837 -0.3770
vn -0.2752 0.8905 0.3623
vn 0.1528 0.8939 0.4214
vn 0.0672 0.8908 0.4494
vn 0.1148 0.8833 -0.4546
vn 0.6226 0.7265 0.2908
vn 0.5528 0.7275 0.4064
vn -0.6809 0.7264 0.0926
vn -0.6871 0.7253 -0.0423
vn 0.6686 0.7254 0.1638
vn -0.6486 0.7275 0.2238
vn 0.6889 0.7243 0.0303
vn -0.5913 0.7284 0.3460
vn 0.6827 0.7232 -0.1046
vn -0.5112 0.7292 0.4548
vn 0.6504 0.7221 -0.2358
vn -0.4115 0.7299 0.5459
vn 0.5931 0.7212 -0.3580
vn -0.2959 0.7303 0.6157
vn -0.0978 0.7193 -0.6878
vn 0.0371 0.7191 -0.6940
vn 0.5130 0.7204 -0.4668
vn -0.1689 0.7305 0.6617
vn -0.2289 0.7197 -0.6555
vn 0.4133 0.7197 -0.5579
vn -0.0354 0.7305 0.6820
vn -0.3512 0.7203 -0.5982
vn 0.2977 0.7193 -0.6277
vn 0.0995 0.7303 0.6758
vn -0.4599 0.7211 -0.5181
vn 0.1707 0.7191 -0.6737
vn 0.2307 0.7299 0.6435
vn -0.5510 0.7221 -0.4184
vn 0.2369 0.8901 0.3893
vn 0.3529 0.7293 0.5862
vn -0.6208 0.7231 -0.3028
vn 0.4617 0.7285 0.5061
vn -0.6668 0.7242 -0.1758
vn 0.8837 0.4492 -0.1315
vn 0.8916 0.4507 0.0432
vn -0.6628 0.4571 0.5931
vn -0.7665 0.4561 0.4523
vn 0.8418 0.4479 -0.3013
vn -0.5336 0.4579 0.7111
vn 0.7676 0.4466 -0.4597
vn -0.3839 0.4585 0.8015
vn -0.1272 0.4442 -0.8868
vn 0.0475 0.4439 -0.8948
vn 0.6639 0.4456 -0.6006
vn -0.2194 0.4588 0.8610
vn -0.2971 0.4448 -0.8450
vn 0.5347 0.4448 -0.7185
vn -0.0464 0.4588 0.8873
vn -0.4555 0.4456 -0.7707
vn 0.3850 0.4442 -0.8090
vn 0.1283 0.4585 0.8794
vn -0.5963 0.4466 -0.6670
vn 0.2205 0.4439 -0.8685
vn 0.2982 0.4580 0.8375
vn -0.7143 0.4478 -0.5378
vn 0.4566 0.4572 0.7633
vn -0.8047 0.4492 -0.3881
vn 0.5974 0.4561 0.6596
vn -0.8643 0.4506 -0.2236
vn 0.7154 0.4549 0.5304
vn -0.8905 0.4521 -0.0507
vn 0.8058 0.4536 0.3807
vn -0.8826 0.4535 0.1240
vn 0.8654 0.4521 0.2162
vn -0.8407 0.4548 0.2939
vn -0.6525 0.2131 -0.7272
vn -0.4984 0.2120 -0.8406
vn 0.2408 0.2102 -0.9476
vn 0.4207 0.2105 -0.8825
vn -0.9455 0.2175 -0.2423
vn -0.8804 0.2159 -0.4222
vn 0.5844 0.2111 -0.7835
vn 0.7257 0.2120 -0.6546
vn -0.3252 0.2111 -0.9218
vn 0.1400 0.2261 0.9640
vn -0.0511 0.2264 0.9727
vn 0.0516 0.2102 -0.9763
vn 0.6530 0.2235 0.7236
vn 0.4990 0.2246 0.8370
vn -0.7815 0.2144 -0.5859
vn -0.2402 0.2264 0.9439
vn 0.9661 0.2160 -0.1415
vn 0.9748 0.2175 0.0496
vn 0.3257 0.2255 0.9182
vn 0.9460 0.2191 0.2387
vn 0.8810 0.2207 0.4186
vn -0.9656 0.2206 0.1379
vn -0.9743 0.2191 -0.0532
vn -0.9286 0.3100 -0.2041
vn -0.6164 0.2094 -0.7591
vn -0.5839 0.2255 0.7799
vn -0.7252 0.2246 0.6509
vn 0.7820 0.2222 0.5823
vn -0.9197 0.2221 0.3237
vn 0.8391 0.2131 -0.5005
vn -0.8386 0.2234 0.4969
vn -0.4201 0.2261 0.8788
vn 0.9203 0.2145 -0.3273
vn -0.1395 0.2105 -0.9676
vn -0.4118 -0.2886 0.8644
vn -0.5721 -0.2892 0.7675
vn -0.8213 -0.2912 0.4905
vn -0.9008 -0.2925 0.3210
vn -0.9456 -0.2940 0.1392
vn -0.6392 -0.3013 -0.7075
vn -0.4885 -0.3024 -0.8185
vn -0.7103 -0.2901 0.6413
vn 0.7648 -0.2924 0.5741
vn 0.6385 -0.2911 0.7124
vn -0.3189 -0.3033 -0.8979
vn -0.0653 0.9968 0.0455
vn 0.0600 0.9967 0.0539
vn 0.0677 0.9958 -0.0620
vn -0.0576 0.9959 -0.0704
vn -0.1371 -0.3039 -0.9428
vn 0.0499 -0.3042 -0.9513
vn 0.9001 -0.3000 -0.3161
vn 0.9449 -0.2985 -0.1343
vn 0.4877 -0.2900 0.8234
vn -0.0506 -0.2883 0.9562
vn -0.2357 -0.2883 0.9281
vn 0.4111 -0.3039 -0.8595
vn 0.5713 -0.3033 -0.7626
vn 0.9253 -0.2954 0.2378
vn 0.8616 -0.2939 0.4139
vn 0.7096 -0.3024 -0.6364
vn 0.3182 -0.2892 0.9028
vn 0.1364 -0.2886 0.9477
vn -0.9541 -0.2955 -0.0478
vn -0.9260 -0.2971 -0.2329
vn 0.9534 -0.2970 0.0527
vn 0.2350 -0.3042 -0.9232
vn -0.8623 -0.2986 -0.4090
vn 0.8206 -0.3013 -0.4856
vn -0.7655 -0.3000 -0.5692
vn -0.2126 -0.8574 0.4687
vn -0.2846 -0.8588 0.4260
vn -0.0816 -0.8655 -0.4942
vn 0.0020 -0.8668 -0.4986
vn 0.3658 -0.8646 -0.3446
vn -0.1339 -0.8573 0.4972
vn -0.1629 -0.8653 -0.4741
vn 0.3037 -0.8644 -0.4007
vn -0.0512 -0.8584 0.5104
vn -0.2390 -0.8660 -0.4392
vn 0.2323 -0.8652 -0.4443
vn 0.0675 -0.8740 0.4812
vn -0.3201 -0.8793 -0.3526
vn 0.1140 -0.8807 -0.4597
vn 0.1897 -0.8590 0.4756
vn -0.4176 -0.8631 -0.2840
vn 0.2652 -0.8582 0.4394
vn -0.4606 -0.8619 -0.2122
vn 0.3326 -0.8587 0.3898
vn -0.4893 -0.8618 -0.1336
vn 0.3896 -0.8604 0.3284
vn -0.4840 -0.8749 -0.0179
vn -0.5027 -0.8591 0.0963
vn -0.4823 -0.8579 0.1774
vn -0.4471 -0.8579 0.2532
vn -0.3569 -0.8732 0.3318
vn -0.1873 -0.9610 -0.2036
vn -0.1297 -0.9602 -0.2474
vn -0.0598 -0.9592 -0.2762
vn 0.0040 -0.9590 -0.2834
vn 0.0652 -0.9618 -0.2659
vn -0.2880 -0.9576 0.0026
vn -0.2761 -0.9572 -0.0871
vn -0.2400 -0.9586 -0.1536
vn -0.2115 0.9759 -0.0545
vn -0.2036 0.9771 0.0612
vn -0.6538 0.6677 0.3558
vn -0.7498 0.6230 0.2229
vn -0.7782 0.6209 0.0948
vn -0.7833 0.6206 -0.0363
vn -0.7224 0.6620 -0.1997
vn -0.2174 -0.9567 0.1933
vn -0.2712 -0.9570 0.1034
vn 0.2260 -0.9553 0.1904
vn 0.1797 -0.9553 0.2348
vn 0.1128 -0.9562 0.2701
vn 0.0389 -0.9578 0.2847
vn -0.2464 0.0083 0.9691
vn -0.4085 0.0077 0.9127
vn -0.3450 0.5768 0.7405
vn -0.2021 0.5753 0.7926
vn 0.2256 0.9106 0.3464
vn 0.2723 0.9102 0.3119
vn 0.3313 0.9108 0.2464
vn 0.6408 0.5963 0.4836
vn 0.5480 0.5529 0.6276
vn 0.4417 0.5537 0.7059
vn 0.2770 0.5989 0.7514
vn 0.1455 0.9121 0.3832
vn -0.0267 -0.9541 0.2982
vn -0.0893 -0.9546 0.2843
vn -0.1483 -0.9551 0.2563
vn 0.6086 -0.7746 0.1717
vn 0.5706 -0.7723 0.2792
vn 0.5109 -0.7728 0.3765
vn -0.3214 -0.7848 -0.5299
vn -0.2084 -0.7875 -0.5800
vn -0.0991 -0.7848 -0.6118
vn 0.4114 -0.7764 0.4775
vn -0.6265 -0.7792 -0.0179
vn -0.6055 -0.7804 -0.1562
vn -0.1636 -0.7745 0.6110
vn -0.2689 -0.7779 0.5679
vn -0.3687 -0.7751 0.5131
vn 0.1351 -0.9598 -0.2461
vn 0.2670 -0.7858 -0.5579
vn 0.3714 -0.7875 -0.4918
vn 0.4644 -0.7848 -0.4104
vn 0.2038 -0.9594 -0.1948
vn 0.6246 -0.7803 0.0308
vn -0.5847 -0.7828 0.2130
vn -0.6166 -0.7814 0.0956
vn 0.2062 -0.7762 0.5959
vn 0.0897 -0.7688 0.6331
vn -0.0243 -0.7700 0.6376
vn -0.4721 -0.7758 0.4188
vn -0.5006 -0.7833 -0.3686
vn -0.4245 -0.7773 -0.4643
vn 0.5876 -0.7832 -0.2032
vn 0.6147 -0.7844 -0.0826
vn 0.0422 -0.7805 -0.6237
vn -0.5624 -0.7845 -0.2615
vn 0.1551 -0.7792 -0.6073
vn 0.5434 -0.7772 -0.3172
vn -0.4059 0.9064 -0.1168
vn -0.4170 0.9077 -0.0462
vn -0.4144 0.9098 0.0253
vn -0.3908 0.9117 0.1267
vn -0.7869 0.6130 0.0717
vn -0.7193 0.6056 -0.3403
vn -0.6480 0.6058 -0.4616
vn -0.5554 0.6074 -0.5680
vn -0.3880 0.6557 -0.6477
vn -0.2142 0.9074 -0.3615
vn -0.2971 0.9069 -0.2987
vn -0.3449 0.9060 -0.2454
vn -0.3816 0.9058 -0.1840
vn 0.3170 -0.7789 0.5412
vn -0.9395 -0.3134 0.1385
vn -0.9479 -0.3150 -0.0473
vn 0.9192 -0.3149 0.2365
vn 0.8559 -0.3134 0.4114
vn -0.8949 -0.3120 0.3191
vn 0.9472 -0.3165 0.0526
vn -0.5357 -0.7796 0.3244
vn -0.8160 -0.3107 0.4875
vn 0.9387 -0.3180 -0.1332
vn -0.7057 -0.3096 0.6373
vn 0.8941 -0.3194 -0.3138
vn -0.5683 -0.3087 0.7627
vn 0.8152 -0.3207 -0.4823
vn -0.4091 -0.3081 0.8589
vn -0.1363 -0.3233 -0.9364
vn 0.0496 -0.3236 -0.9449
vn 0.7049 -0.3218 -0.6321
vn -0.2342 -0.3078 0.9222
vn -0.3168 -0.3227 -0.8919
vn 0.5676 -0.3227 -0.7575
vn -0.0503 -0.3078 0.9501
vn -0.4853 -0.3219 -0.8130
vn 0.4084 -0.3233 -0.8536
vn 0.1355 -0.3081 0.9417
vn -0.6351 -0.3208 -0.7027
vn 0.2335 -0.3236 -0.9169
vn 0.3161 -0.3087 0.8971
vn -0.7605 -0.3195 -0.5653
vn 0.4845 -0.3096 0.8182
vn -0.8567 -0.3181 -0.4061
vn 0.6343 -0.3106 0.7079
vn -0.9200 -0.3165 -0.2312
vn 0.7597 -0.3119 0.5706
vn -0.6799 0.4086 0.6089
vn -0.7863 0.4076 0.4644
vn 0.8634 0.3992 -0.3086
vn 0.9064 0.4005 -0.1344
vn -0.5474 0.4095 0.7299
vn 0.7873 0.3979 -0.4711
vn -0.3938 0.4101 0.8227
vn -0.1306 0.3954 -0.9092
vn 0.0487 0.3951 -0.9173
vn 0.6809 0.3968 -0.6156
vn -0.2251 0.4104 0.8837
vn -0.3048 0.3960 -0.8662
vn 0.5484 0.3960 -0.7365
vn -0.0477 0.4104 0.9107
vn -0.4673 0.3968 -0.7901
vn 0.3948 0.3954 -0.8293
vn 0.1316 0.4101 0.9025
vn -0.6118 0.3978 -0.6837
vn 0.2261 0.3951 -0.8904
vn 0.3058 0.4095 0.8595
vn -0.7327 0.3991 -0.5512
vn 0.4682 0.4087 0.7834
vn -0.8255 0.4005 -0.3976
vn 0.6127 0.4076 0.6770
vn -0.8866 0.4019 -0.2289
vn 0.7337 0.4064 0.5445
vn -0.9136 0.4034 -0.0515
vn 0.8265 0.4050 0.3910
vn -0.9054 0.4049 0.1277
vn 0.8876 0.4035 0.2222
vn -0.8624 0.4063 0.3019
vn 0.9145 0.4020 0.0449
vn -0.1046 0.9114 0.3980
vn -0.1960 0.9100 0.3654
vn -0.1232 0.9035 -0.4105
vn -0.0538 0.9025 -0.4273
vn 0.2671 0.9036 -0.3348
vn 0.3197 0.9032 -0.2863
vn -0.0095 0.9094 0.4159
vn 0.1811 0.9052 -0.3845
vn 0.0619 0.9089 0.4124
vn 0.0883 0.9031 -0.4202
vn 0.1312 0.9090 0.3955
vn 0.0176 0.9024 -0.4305
vn 0.2185 0.9113 0.3489
vn 0.2979 0.9098 0.2889
vn 0.3457 0.9082 0.2358
vn 0.3826 0.9073 0.1746
vn 0.4070 0.9071 0.1074
vn 0.4183 0.9076 0.0368
vn -0.3523 0.9090 0.2226
vn 0.4132 0.9083 -0.0649
vn -0.3097 0.9087 0.2800
vn 0.3927 0.9049 -0.1643
vn -0.2569 0.9090 0.3281
vn 0.3620 0.9036 -0.2288
vn 0.3916 0.6625 0.6385
vn -0.5397 0.8294 -0.1444
vn -0.5588 0.8285 -0.0364
vn -0.5512 0.8312 0.0730
vn -0.2625 0.9644 0.0307
vn -0.2613 0.9624 -0.0747
vn -0.3625 0.6134 0.7016
vn -0.4818 0.6116 0.6275
vn -0.5854 0.6110 0.5330
vn 0.7272 -0.2237 -0.6490
vn 0.7308 -0.1853 -0.6570
vn 0.8455 -0.1796 -0.5029
vn 0.8403 -0.2179 -0.4963
vn 0.3254 0.6514 -0.6854
vn 0.4949 0.6014 -0.6272
vn 0.5974 0.6007 -0.5313
vn 0.6805 0.6015 -0.4183
vn -0.9159 -0.3774 0.1366
vn -0.8151 0.5773 -0.0487
vn -0.2489 0.0203 -0.9683
vn -0.9025 -0.0025 -0.4308
vn -0.8011 -0.0040 -0.5986
vn -0.6869 -0.0055 -0.7267
vn -0.5555 0.5659 -0.6092
vn 0.7669 0.6079 0.2058
vn 0.7906 0.6087 0.0671
vn 0.9769 -0.2070 0.0532
vn 0.9480 -0.2062 0.2423
vn 0.5867 -0.2451 -0.7718
vn -0.1054 0.5994 -0.7935
vn -0.2421 0.6012 -0.7616
vn -0.3098 -0.3414 -0.8874
vn -0.1305 -0.3266 -0.9361
vn -0.4017 -0.3269 0.8554
vn -0.5579 -0.3412 0.7565
vn 0.8204 0.5705 0.0385
vn 0.7260 -0.6862 0.0440
vn 0.7195 -0.6874 -0.0985
vn 0.8149 0.5665 -0.1225
vn -0.9254 -0.1883 0.3289
vn -0.8438 -0.1870 0.5031
vn -0.8357 -0.2302 0.4986
vn -0.9166 -0.2315 0.3261
vn 0.5021 -0.2317 0.8332
vn -0.4803 0.1760 -0.8593
vn -0.4113 0.5649 -0.7154
vn 0.1738 0.6005 -0.7805
vn 0.2417 -0.2929 -0.9251
vn 0.4200 -0.2753 -0.8647
vn 0.2464 -0.0083 -0.9691
vn 0.4308 -0.0080 -0.9024
vn -0.7433 -0.3726 -0.5556
vn -0.6218 -0.3647 -0.6931
vn 0.9842 -0.1688 0.0533
vn 0.9549 -0.1679 0.2448
vn -0.6915 -0.3537 0.6299
vn -0.6629 -0.4537 0.5956
vn -0.7618 -0.4626 0.4536
vn -0.5382 -0.4429 0.7170
vn 0.8886 -0.1685 0.4267
vn 0.7878 -0.1705 0.5919
vn -0.3918 -0.4305 0.8131
vn 0.6575 -0.1737 0.7332
vn 0.6547 -0.2122 0.7254
vn -0.2283 -0.4167 0.8799
vn -0.3045 -0.4443 -0.8425
vn -0.1349 -0.4314 -0.8920
vn 0.2310 0.8827 0.4092
vn 0.3641 0.9312 -0.0141
vn 0.2100 0.9774 -0.0242
vn 0.2057 0.9779 0.0382
vn 0.1370 0.9671 0.2146
vn -0.0536 -0.4018 0.9142
vn -0.4756 -0.3543 -0.8052
vn -0.4603 -0.4553 -0.7621
vn 0.3938 -0.3854 -0.8345
vn 0.5557 -0.3668 -0.7461
vn 0.1260 -0.3864 0.9137
vn -0.5970 -0.4641 -0.6544
vn 0.2210 -0.4014 -0.8888
vn 0.3035 -0.3711 0.8776
vn -0.7103 -0.4707 -0.5234
vn 0.0558 -0.3102 -0.9490
vn 0.0424 -0.4170 -0.9079
vn 0.4739 -0.3538 0.8064
vn -0.8360 -0.3779 -0.3979
vn -0.7965 -0.4750 -0.3742
vn -0.5040 -0.1740 -0.8460
vn -0.3290 -0.1749 -0.9280
vn 0.5898 -0.1818 -0.7868
vn -0.8530 -0.4770 -0.2120
vn -0.1997 0.9766 0.0803
vn -0.1728 0.9787 0.1109
vn -0.8781 -0.4767 -0.0423
vn -0.8710 -0.4741 0.1290
vn 0.9284 -0.1748 -0.3280
vn 0.9752 -0.1711 -0.1402
vn -0.8318 -0.4694 0.2963
vn -0.7899 -0.1715 -0.5887
vn -0.6596 -0.1729 -0.7314
vn -0.8476 -0.1624 0.5052
vn -0.9296 -0.1638 0.3302
vn 0.0517 -0.1758 -0.9831
vn -0.1414 -0.1755 -0.9743
vn -0.1404 0.1791 -0.9737
vn 0.0519 0.1788 -0.9825
vn 0.3286 -0.1603 0.9308
vn 0.1410 -0.1597 0.9770
vn -0.0521 -0.1594 0.9858
vn -0.2432 -0.1594 0.9568
vn 0.2428 -0.1758 -0.9540
vn 0.4245 -0.1755 -0.8883
vn -0.9759 -0.1653 0.1425
vn -0.9847 -0.1668 -0.0505
vn -0.4249 -0.1597 0.8910
vn -0.9556 -0.1685 -0.2416
vn -0.5903 -0.1604 0.7911
vn -0.8899 -0.1700 -0.4233
vn -0.7330 -0.1613 0.6608
vn 0.5037 -0.1682 0.8474
vn -0.7867 0.1831 -0.5895
vn -0.6569 0.1818 -0.7318
vn -0.4230 0.1949 0.8849
vn -0.5878 0.1943 0.7854
vn 0.3279 0.1943 0.9245
vn 0.1409 0.1949 0.9706
vn 0.8446 0.1818 -0.5035
vn 0.9263 0.1832 -0.3292
vn 0.2423 0.1789 -0.9536
vn -0.7300 0.1934 0.6555
vn 0.4234 0.1792 -0.8880
vn 0.9725 0.1847 -0.1422
vn -0.5018 0.1806 -0.8459
vn -0.8442 0.1922 0.5004
vn -0.0515 0.1952 0.9794
vn -0.9720 0.1894 0.1391
vn -0.9808 0.1878 -0.0533
vn 0.9812 0.1863 0.0502
vn 0.5882 0.1798 -0.7885
vn -0.9518 0.1862 -0.2436
vn -0.9259 0.1909 0.3261
vn -0.3274 0.1798 -0.9276
vn 0.8868 0.1895 0.4216
vn 0.7872 0.1909 0.5864
vn 0.9523 0.1879 0.2405
vn -0.2419 0.1952 0.9505
vn 0.6573 0.1923 0.7287
vn 0.7305 0.1807 -0.6586
vn -0.8863 0.1846 -0.4247
vn 0.5022 0.1934 0.8428
vn 0.5672 0.5362 0.6252
vn 0.4335 0.5372 0.7236
vn -0.2081 0.5387 0.8164
vn -0.3642 0.5384 0.7599
vn -0.7637 0.5296 -0.3692
vn -0.6778 0.5283 -0.5113
vn 0.6302 0.5262 -0.5709
vn 0.7286 0.5272 -0.4372
vn 0.2831 0.5379 0.7940
vn -0.1206 0.5249 -0.8426
vn 0.0452 0.5246 -0.8501
vn -0.5659 0.5271 -0.6340
vn -0.5063 0.5379 0.6740
vn 0.1219 0.5385 0.8338
vn 0.7991 0.5284 -0.2869
vn 0.2094 0.5246 -0.8252
vn -0.6289 0.5371 0.5621
vn 0.3655 0.5249 -0.7687
vn 0.8389 0.5296 -0.1257
vn -0.4322 0.5262 -0.7324
vn -0.7274 0.5361 0.4284
vn -0.0439 0.5387 0.8413
vn -0.8376 0.5337 0.1169
vn -0.8451 0.5323 -0.0490
vn 0.8464 0.5310 0.0402
vn 0.5076 0.5254 -0.6828
vn -0.8202 0.5309 -0.2131
vn -0.7978 0.5350 0.2781
vn -0.2818 0.5254 -0.8028
vn 0.7650 0.5338 0.3604
vn 0.6791 0.5350 0.5025
vn 0.8215 0.5324 0.2043
vn -0.3926 0.8690 -0.3013
vn -0.3382 0.8689 -0.3613
vn -0.2242 0.8751 0.4289
vn -0.2933 0.8743 0.3867
vn 0.1503 0.8743 0.4615
vn 0.0716 0.8740 0.4806
vn 0.4212 0.8697 -0.2572
vn 0.4710 0.8682 -0.1566
vn 0.0114 0.8669 -0.4984
vn 0.1211 0.8687 -0.4803
vn -0.3533 0.8745 0.3324
vn 0.2273 0.8664 -0.4446
vn 0.4900 0.8682 -0.0779
vn -0.2480 0.8701 -0.4258
vn -0.4174 0.8761 0.2414
vn -0.0092 0.8747 0.4846
vn -0.4850 0.8722 0.0631
vn -0.4890 0.8721 -0.0178
vn 0.4940 0.8694 0.0029
vn 0.2964 0.8661 -0.4024
vn -0.4705 0.8732 -0.1271
vn -0.4659 0.8734 0.1418
vn -0.1481 0.8673 -0.4753
vn 0.4388 0.8714 0.2193
vn 0.3967 0.8715 0.2884
vn 0.4751 0.8726 0.1134
vn -0.1193 0.8771 0.4652
vn 0.3423 0.8726 0.3483
vn 0.3564 0.8671 -0.3481
vn -0.4347 0.8701 -0.2322
vn -0.0694 0.8665 -0.4944
vn 0.2506 0.8757 0.4128
vn -0.0121 0.1534 0.9881
vn 0.6758 0.2333 0.6992
vn 0.0657 0.7898 0.6098
vn 0.0389 0.7220 0.6908
vn 0.1840 0.6669 -0.7221
vn -0.3760 0.6692 -0.6409
vn -0.2396 0.6242 -0.7436
vn 0.7833 0.6201 0.0441
vn 0.3227 0.0127 -0.9464
vn 0.6027 -0.4816 -0.6362
vn 0.9021 -0.4284 -0.0521
vn 0.9450 0.3116 -0.0994
vn 0.9471 0.3209 -0.0051
vn 0.9454 0.3142 0.0868
vn -0.1236 0.9511 0.2831
vn -0.4395 0.6636 0.6054
vn -0.5911 0.6287 0.5052
vn -0.5336 -0.4767 -0.6986
vn -0.8945 -0.4209 -0.1508
vn 0.6963 0.2098 -0.6864
vn -0.5977 -0.4814 0.6411
vn -0.9033 -0.4245 0.0626
vn -0.1805 0.6797 0.7109
vn -0.3511 0.6367 0.6866
vn -0.4642 0.6354 0.6170
vn -0.5629 0.6356 0.5283
vn -0.6336 0.6782 0.3722
vn 0.7712 0.6258 -0.1167
vn 0.7783 0.6277 0.0156
vn 0.7185 0.6727 0.1767
vn 0.6374 0.6684 -0.3834
vn 0.7405 0.6256 -0.2455
vn 0.8050 -0.3542 -0.4759
vn 0.8830 -0.3529 -0.3096
vn -0.6213 0.6270 -0.4700
vn -0.6908 0.6288 -0.3569
vn -0.8461 -0.3515 -0.4008
vn -0.7511 -0.3530 -0.5580
vn -0.7146 0.6739 -0.1877
vn -0.9086 -0.3500 -0.2280
vn 0.0724 0.4571 -0.8865
vn 0.0219 0.4571 -0.8891
vn -0.0042 0.3452 -0.9385
vn -0.2514 -0.5963 -0.7624
vn -0.6855 -0.3388 -0.6445
vn 0.7492 -0.3409 -0.5679
vn 0.3122 -0.6109 -0.7276
vn 0.1020 0.3443 -0.9333
vn 0.1121 0.6350 0.7644
vn 0.2411 0.6354 0.7336
vn 0.3121 -0.3423 0.8862
vn 0.1338 -0.3417 0.9302
vn 0.3796 0.6774 0.6300
vn 0.4784 -0.3431 0.8083
vn -0.3129 -0.3562 -0.8805
vn 0.3536 0.6229 -0.6978
vn 0.2305 -0.3570 -0.9052
vn 0.4032 -0.3567 -0.8427
vn -0.5613 -0.3423 0.7535
vn -0.6970 -0.3432 0.6297
vn 0.9761 -0.1847 -0.1141
vn 0.9818 0.1831 0.0502
vn 0.7745 0.5680 -0.2785
vn 0.9343 -0.0037 -0.3565
vn 0.9270 -0.3515 -0.1313
vn 0.5357 0.6327 0.5592
vn 0.6242 0.6310 0.4607
vn 0.7502 -0.3455 0.5638
vn 0.6264 -0.3442 0.6994
vn -0.7309 -0.1775 0.6590
vn -0.6084 0.1897 0.7706
vn -0.7367 0.6340 0.2351
vn -0.7676 0.6321 0.1059
vn -0.7746 0.6318 -0.0267
vn -0.9692 -0.0009 -0.2464
vn -0.9362 -0.3485 -0.0464
vn 0.9524 -0.1830 0.2438
vn 0.8873 0.1863 0.4219
vn 0.7414 0.5732 0.3489
vn 0.7980 0.5692 0.1980
vn -0.8838 -0.3456 0.3154
vn -0.9278 -0.3470 0.1371
vn -0.4793 -0.3553 -0.8025
vn 0.6961 -0.3553 -0.6239
vn 0.6163 -0.5631 -0.5505
vn 0.7128 -0.5621 -0.4195
vn 0.4235 -0.5524 0.7180
vn 0.2761 -0.5516 0.7871
vn -0.1195 -0.5644 -0.8168
vn 0.0430 -0.5647 -0.8242
vn -0.6272 -0.3542 -0.6936
vn -0.6656 -0.5611 -0.4922
vn -0.5559 -0.5622 -0.6123
vn -0.4041 -0.3417 0.8485
vn -0.3582 -0.5511 0.7536
vn -0.4975 -0.5516 0.6695
vn 0.1182 -0.5511 0.8260
vn 0.7818 -0.5610 -0.2722
vn 0.2039 -0.5647 -0.7997
vn -0.6177 -0.5524 0.5598
vn 0.3569 -0.5644 -0.7444
vn 0.8208 -0.5597 -0.1142
vn -0.4248 -0.5631 -0.7088
vn -0.8059 -0.3443 0.4817
vn -0.7141 -0.5534 0.4288
vn -0.0497 -0.3414 0.9386
vn -0.0444 -0.5508 0.8334
vn -0.8221 -0.5558 0.1235
vn -0.8295 -0.5571 -0.0391
vn 0.9353 -0.3500 0.0522
vn 0.8282 -0.5584 0.0483
vn 0.5604 -0.3561 -0.7477
vn 0.4961 -0.5639 -0.6602
vn -0.8051 -0.5585 -0.1999
vn -0.7832 -0.5545 0.2814
vn -0.2775 -0.5639 -0.7778
vn 0.8452 -0.3469 0.4065
vn 0.7484 -0.5557 0.3622
vn 0.6642 -0.5544 0.5014
vn 0.9077 -0.3484 0.2338
vn 0.8037 -0.5570 0.2092
vn -0.2314 -0.3414 0.9110
vn -0.2052 -0.5508 0.8090
vn 0.5545 -0.5533 0.6216
vn -0.7497 -0.5598 -0.3529
vn 0.8451 -0.1865 -0.5010
vn 0.9269 -0.1852 -0.3265
vn 0.0515 -0.1895 -0.9805
vn 0.2421 -0.1895 -0.9516
vn -0.5889 -0.1741 0.7893
vn -0.7312 -0.1750 0.6593
vn 0.4234 -0.1892 -0.8860
vn 0.9731 -0.1837 -0.1393
vn -0.6580 -0.1866 -0.7295
vn -0.5028 -0.1877 -0.8438
vn -0.8455 -0.1761 0.5040
vn 0.1406 -0.1735 0.9748
vn -0.0520 -0.1731 0.9835
vn -0.9735 -0.1790 0.1423
vn -0.9823 -0.1806 -0.0503
vn 0.9818 -0.1821 0.0533
vn 0.5884 -0.1886 -0.7863
vn -0.9533 -0.1822 -0.2409
vn -0.9273 -0.1775 0.3295
vn -0.3282 -0.1886 -0.9256
vn 0.8873 -0.1789 0.4251
vn 0.7876 -0.1774 0.5901
vn 0.9529 -0.1805 0.2439
vn -0.2426 -0.1732 0.9546
vn 0.6576 -0.1761 0.7325
vn 0.7308 -0.1877 -0.6563
vn -0.8877 -0.1838 -0.4221
vn -0.1410 -0.1892 -0.9718
vn 0.5023 -0.1750 0.8468
vn -0.4239 -0.1735 0.8890
vn -0.7880 -0.1852 -0.5871
vn 0.3278 -0.1741 0.9286
vn -0.6372 0.5190 0.5697
vn -0.7369 0.5180 0.4342
vn 0.1235 0.5204 0.8450
vn -0.0445 0.5206 0.8526
vn -0.8486 0.5156 0.1186
vn -0.8563 0.5142 -0.0494
vn 0.8499 0.5114 -0.1271
vn 0.8575 0.5128 0.0409
vn 0.3703 0.5066 -0.7786
vn 0.5142 0.5072 -0.6916
vn -0.8310 0.5128 -0.2157
vn -0.8083 0.5169 0.2819
vn -0.4379 0.5079 -0.7418
vn -0.2856 0.5072 -0.8132
vn 0.7750 0.5156 0.3654
vn 0.6880 0.5169 0.5094
vn 0.8322 0.5142 0.2072
vn -0.2108 0.5206 0.8273
vn 0.5746 0.5181 0.6336
vn 0.6385 0.5080 -0.5782
vn -0.7738 0.5114 -0.3739
vn -0.1222 0.5066 -0.8535
vn 0.4391 0.5191 0.7333
vn -0.3690 0.5204 0.7701
vn -0.6868 0.5101 -0.5179
vn 0.7382 0.5090 -0.4427
vn 0.2868 0.5198 0.8047
vn 0.0458 0.5064 -0.8611
vn -0.5733 0.5089 -0.6421
vn -0.5130 0.5198 0.6831
vn 0.8096 0.5101 -0.2904
vn 0.2121 0.5064 -0.8358
vn -0.0209 0.9118 0.4100
vn -0.1025 0.9109 0.3998
vn -0.3931 0.9100 0.1319
vn -0.4148 0.9084 0.0527
vn 0.2422 0.9048 -0.3503
vn 0.3095 0.9072 -0.2850
vn -0.4019 0.9075 -0.1225
vn -0.3821 0.9070 -0.1771
vn 0.3804 0.9084 0.1735
vn -0.1391 0.9043 -0.4037
vn -0.0588 0.9050 -0.4213
vn -0.1790 0.9117 0.3698
vn -0.3360 0.9075 -0.2522
vn 0.3673 0.9058 -0.2112
vn 0.0232 0.9039 -0.4272
vn -0.2800 0.9051 -0.3199
vn -0.2505 0.9105 0.3292
vn 0.0613 0.9107 0.4084
vn 0.3920 0.9062 -0.1586
vn 0.1094 0.9056 -0.4097
vn -0.3097 0.9110 0.2722
vn 0.1925 0.9046 -0.3803
vn -0.2126 0.9056 -0.3669
vn -0.3602 0.9096 0.2073
vn -0.4145 0.9094 -0.0352
vn -0.5986 0.5968 0.5344
vn -0.7187 0.5517 0.4232
vn -0.7593 0.5948 0.2640
vn -0.8276 0.5493 0.1153
vn -0.8029 0.5936 -0.0555
vn -0.0417 0.5983 0.8002
vn -0.2056 0.5542 0.8066
vn -0.3466 0.5980 0.7226
vn -0.8057 0.5475 -0.2261
vn -0.7607 0.5464 -0.3503
vn -0.6492 0.5898 -0.4803
vn 0.1205 0.5540 0.8238
vn -0.5592 0.5428 -0.6267
vn -0.4113 0.5864 -0.6979
vn -0.5003 0.5534 0.6659
vn -0.1147 0.5851 -0.8028
vn 0.0447 0.5403 -0.8403
vn 0.2071 0.5863 -0.7832
vn -0.7016 0.1080 0.7043
vn -0.0712 0.9932 0.0920
vn -0.0198 0.9929 0.1169
vn 0.0515 0.9945 0.0916
vn 0.4930 0.2986 0.8172
vn 0.2798 0.1088 0.9539
vn 0.1054 0.1085 0.9885
vn -0.0712 0.1082 0.9916
vn -0.2451 0.1080 0.9635
vn -0.4113 0.1079 0.9051
vn -0.5650 0.1079 0.8180
vn -0.2785 0.5411 -0.7935
vn 0.7560 0.5493 0.3560
vn 0.3753 0.5417 -0.7521
vn 0.4883 0.5421 -0.6838
vn 0.5985 0.5892 -0.5428
vn 0.7275 0.5441 -0.4180
vn 0.7835 0.5450 -0.2985
vn 0.9249 -0.1960 -0.3257
vn 0.9710 -0.1945 -0.1389
vn -0.5017 -0.1985 -0.8419
vn -0.7297 -0.1858 0.6580
vn 0.1403 -0.1843 0.9728
vn -0.0519 -0.1840 0.9816
vn -0.9715 -0.1898 0.1421
vn -0.9802 -0.1914 -0.0501
vn 0.9798 -0.1929 0.0533
vn 0.4225 -0.2000 -0.8840
vn 0.5872 -0.1994 -0.7845
vn -0.9513 -0.1930 -0.2403
vn -0.3275 -0.1994 -0.9236
vn 0.9509 -0.1913 0.2434
vn -0.2421 -0.1840 0.9527
vn 0.6562 -0.1869 0.7311
vn 0.7293 -0.1985 -0.6548
vn -0.8859 -0.1946 -0.4212
vn -0.1408 -0.2000 -0.9696
vn 0.5013 -0.1858 0.8451
vn -0.4230 -0.1843 0.8872
vn 0.8433 -0.1973 -0.4999
vn 0.3271 -0.1849 0.9267
vn 0.0514 -0.2003 -0.9784
vn -0.5876 -0.1849 0.7877
vn 0.2416 -0.2003 -0.9495
vn -0.9709 -0.2346 -0.0492
vn -0.9422 -0.2362 -0.2376
vn -0.4970 -0.2416 -0.8334
vn -0.3244 -0.2425 -0.9143
vn 0.9417 -0.2345 0.2415
vn -0.1395 -0.2431 -0.9599
vn 0.6498 -0.2301 0.7244
vn 0.4964 -0.2290 0.8373
vn -0.8774 -0.2377 -0.4167
vn 0.3239 -0.2281 0.9182
vn 0.1389 -0.2275 0.9638
vn 0.8351 -0.2405 -0.4947
vn 0.9160 -0.2391 -0.3222
vn 0.9616 -0.2376 -0.1372
vn 0.9703 -0.2361 0.0531
vn 0.5986 -0.0074 -0.8010
vn 0.7433 -0.0064 -0.6689
vn 0.6108 0.5659 -0.5538
vn 0.4931 0.5624 -0.6637
vn 0.3543 0.5646 -0.7454
vn -0.9659 0.0797 -0.2463
vn -0.8994 0.0781 -0.4300
vn 0.9661 0.0814 0.2450
vn 0.8996 0.0830 0.4287
vn -0.3323 0.0732 -0.9403
vn -0.1426 0.0726 -0.9871
vn 0.6668 0.0859 0.7402
vn 0.5095 0.0871 0.8561
vn -0.4190 -0.2275 0.8790
vn -0.2398 -0.2272 0.9439
vn -0.2455 0.0889 0.9653
vn -0.4293 0.0885 0.8988
vn -0.7984 0.0766 -0.5973
vn 0.7222 -0.2416 -0.6481
vn 0.7410 0.0742 -0.6674
vn 0.8569 0.0753 -0.5100
vn 0.3325 0.0880 0.9390
vn 0.0509 -0.2434 -0.9686
vn 0.0526 0.0723 -0.9960
vn -0.6666 0.0753 -0.7416
vn -0.5820 -0.2282 0.7805
vn -0.5965 0.0879 0.7978
vn 0.1428 0.0886 0.9858
vn 0.9398 0.0767 -0.3331
vn 0.2392 -0.2434 -0.9400
vn 0.2457 0.0723 -0.9666
vn -0.7228 -0.2291 0.6520
vn -0.7408 0.0870 0.6660
vn 0.4184 -0.2431 -0.8751
vn 0.4295 0.0726 -0.9002
vn 0.9866 0.0782 -0.1434
vn -0.5093 0.0741 -0.8574
vn -0.8567 0.0858 0.5087
vn -0.0514 -0.2272 0.9725
vn -0.0524 0.0889 0.9947
vn -0.9622 -0.2330 0.1411
vn -0.9864 0.0830 0.1420
vn -0.9953 0.0814 -0.0531
vn 0.9955 0.0798 0.0518
vn 0.5815 -0.2425 -0.7766
vn 0.5967 0.0732 -0.7991
vn -0.9396 0.0845 0.3317
vn 0.7986 0.0845 0.5959
vn 0.4361 0.5287 0.7282
vn 0.2849 0.5295 0.7991
vn -0.1214 0.5163 -0.8477
vn 0.0455 0.5161 -0.8553
vn -0.6821 0.5198 -0.5144
vn -0.5694 0.5186 -0.6378
vn -0.3665 0.5300 0.7647
vn -0.5095 0.5294 0.6783
vn 0.1227 0.5300 0.8391
vn 0.7332 0.5187 -0.4398
vn 0.8041 0.5198 -0.2885
vn 0.2107 0.5161 -0.8302
vn -0.6329 0.5287 0.5657
vn 0.3678 0.5163 -0.7734
vn 0.8441 0.5211 -0.1264
vn -0.4349 0.5176 -0.7368
vn -0.7319 0.5277 0.4312
vn -0.0442 0.5303 0.8467
vn -0.8428 0.5252 0.1177
vn -0.8504 0.5238 -0.0492
vn 0.8517 0.5225 0.0405
vn 0.5107 0.5169 -0.6870
vn -0.8253 0.5224 -0.2144
vn -0.8028 0.5265 0.2799
vn -0.2836 0.5169 -0.8077
vn 0.7697 0.5253 0.3628
vn 0.6833 0.5266 0.5058
vn 0.8266 0.5239 0.2057
vn -0.2094 0.5303 0.8216
vn 0.5707 0.5277 0.6291
vn 0.6341 0.5177 -0.5744
vn -0.7685 0.5211 -0.3714
vn 0.0226 0.8227 -0.5680
vn 0.1483 0.8211 -0.5512
vn -0.3375 0.8289 0.4461
vn -0.4124 0.8295 0.3767
vn 0.2446 0.8202 -0.5171
vn 0.5295 0.8259 -0.1938
vn 0.5532 0.8285 -0.0868
vn -0.3686 0.8244 -0.4296
vn -0.2855 0.8244 -0.4887
vn -0.4857 0.8303 0.2732
vn 0.0813 0.8325 0.5480
vn -0.0290 0.8329 0.5526
vn 0.5608 0.8276 0.0227
vn 0.3378 0.8225 -0.4576
vn -0.5275 0.8302 0.1801
vn -0.1851 0.8257 -0.5328
vn 0.5062 0.8272 0.2438
vn 0.4540 0.8270 0.3316
vn 0.5472 0.8278 0.1238
vn -0.1383 0.8295 0.5412
vn 0.3774 0.8296 0.4114
vn 0.4213 0.8211 -0.3850
vn -0.5049 0.8267 -0.2484
vn -0.0793 0.8236 -0.5617
vn 0.2900 0.8284 0.4792
vn -0.2414 0.8311 0.5010
vn -0.4536 0.8252 -0.3365
vn 0.4824 0.8253 -0.2937
vn 0.1884 0.8324 0.5212
vn 0.2403 0.9605 -0.1404
vn 0.2659 0.9630 -0.0433
vn 0.1850 0.9629 0.1963
vn 0.1309 0.9655 0.2250
vn 0.0761 0.9651 0.2506
vn 0.0620 0.9592 -0.2760
vn 0.1092 0.9610 -0.2539
vn 0.1657 0.9594 -0.2281
vn -0.2408 0.9626 0.1245
vn 0.2484 0.9632 0.1030
vn 0.2192 0.9648 0.1455
vn -0.0850 0.9612 -0.2626
vn 0.0059 0.9589 -0.2838
vn 0.0026 0.9653 0.2612
vn -0.0572 0.9660 0.2522
vn -0.1172 0.9637 0.2400
vn 0.2044 0.9612 -0.1852
vn -0.2222 0.9618 -0.1597
vn -0.1663 0.9652 0.2021
vn -0.2078 0.9632 0.1705
vn 0.2671 0.9624 0.0496
vn -0.1695 0.9597 -0.2242
vn 0.2302 0.8361 -0.4980
vn 0.0581 0.9928 -0.1050
vn 0.1024 0.9918 -0.0769
vn 0.1221 0.9923 -0.0228
vn 0.1089 0.9934 0.0371
vn -0.0615 0.1265 0.9901
vn -0.6878 0.2325 0.6877
vn -0.6870 -0.6828 0.2484
vn -0.6265 -0.6818 0.3776
vn -0.7007 0.5746 0.4228
vn -0.4983 0.5762 0.6478
vn -0.2319 0.8551 0.4638
vn 0.9396 0.3192 0.1237
vn -0.0720 0.6758 0.7336
vn -0.0981 0.7314 0.6748
vn 0.6936 0.6308 0.3478
vn -0.1071 -0.6761 -0.7290
vn 0.0383 -0.6763 -0.7356
vn -0.5954 -0.6731 -0.4387
vn -0.4973 -0.6741 -0.5461
vn -0.3205 -0.6642 0.6753
vn -0.4451 -0.6647 0.6001
vn 0.2467 -0.6647 0.7052
vn 0.1055 -0.6642 0.7401
vn 0.9405 0.0987 -0.3250
vn 0.8670 0.0978 -0.4886
vn 0.6371 -0.6741 -0.3737
vn 0.6989 -0.6731 -0.2420
vn 0.3171 0.0986 -0.9432
vn 0.1821 -0.6763 -0.7137
vn -0.5525 -0.6654 0.5020
vn 0.4861 0.0977 -0.8684
vn 0.3189 -0.6761 -0.6642
vn 0.9834 0.1001 -0.1512
vn 0.7337 -0.6719 -0.1007
vn -0.3801 -0.6750 -0.6324
vn -0.6388 -0.6662 0.3848
vn -0.0399 -0.6640 0.7467
vn -0.7354 -0.6684 0.1118
vn -0.7420 -0.6696 -0.0335
vn 0.9944 0.1019 0.0278
vn 0.7403 -0.6707 0.0446
vn 0.6368 0.0972 -0.7649
vn 0.4434 -0.6756 -0.5890
vn -0.7201 -0.6708 -0.1774
vn -0.7005 -0.6673 0.2531
vn -0.2484 -0.6757 -0.6941
vn 0.8339 0.1089 0.5411
vn 0.9191 0.1063 0.3795
vn 0.6690 -0.6683 0.3253
vn 0.5937 -0.6672 0.4498
vn 0.9729 0.1040 0.2065
vn 0.7185 -0.6695 0.1885
vn -0.1837 -0.6640 0.7248
vn 0.7190 0.1116 0.6860
vn 0.4956 -0.6662 0.5572
vn 0.7649 0.0973 -0.6368
vn 0.5509 -0.6749 -0.4909
vn -0.6706 -0.6720 -0.3142
vn 0.3785 -0.6653 0.6435
vn -0.5850 -0.2064 0.7843
vn -0.7264 -0.2073 0.6552
vn 0.2405 -0.2217 -0.9450
vn 0.4206 -0.2214 -0.8798
vn 0.9207 -0.2174 -0.3240
vn 0.9666 -0.2159 -0.1381
vn -0.6537 -0.2188 -0.7244
vn -0.4995 -0.2200 -0.8379
vn -0.8400 -0.2085 0.5010
vn 0.1396 -0.2058 0.9686
vn -0.0517 -0.2055 0.9773
vn -0.9671 -0.2113 0.1416
vn -0.9758 -0.2129 -0.0497
vn 0.9753 -0.2144 0.0532
vn 0.5845 -0.2208 -0.7808
vn -0.9470 -0.2145 -0.2390
vn -0.9212 -0.2098 0.3276
vn -0.3261 -0.2208 -0.9192
vn 0.8814 -0.2112 0.4226
vn 0.7823 -0.2097 0.5865
vn 0.9465 -0.2128 0.2425
vn -0.2410 -0.2055 0.9485
vn 0.6532 -0.2084 0.7279
vn 0.7259 -0.2199 -0.6517
vn -0.8819 -0.2160 -0.4191
vn -0.1401 -0.2214 -0.9650
vn 0.4990 -0.2073 0.8415
vn -0.4211 -0.2058 0.8834
vn -0.7828 -0.2175 -0.5830
vn 0.8395 -0.2188 -0.4974
vn 0.3256 -0.2064 0.9227
vn 0.0512 -0.2218 -0.9738
vn -0.9270 0.3512 0.1313
vn -0.9354 0.3497 -0.0522
vn 0.9279 0.3467 -0.1371
vn 0.9363 0.3482 0.0464
vn 0.4041 0.3415 -0.8486
vn 0.5614 0.3421 -0.7536
vn -0.9078 0.3482 -0.2338
vn -0.8051 0.3539 0.4760
vn -0.8830 0.3526 0.3096
vn -0.4785 0.3429 -0.8084
vn -0.3121 0.3420 -0.8863
vn 0.8461 0.3513 0.4008
vn 0.7511 0.3527 0.5580
vn 0.9087 0.3498 0.2281
vn -0.0489 0.3568 0.9329
vn -0.2305 0.3568 0.9053
vn 0.6273 0.3540 0.6937
vn 0.6970 0.3429 -0.6297
vn -0.8453 0.3467 -0.4066
vn -0.1338 0.3414 -0.9303
vn 0.4793 0.3551 0.8026
vn -0.4033 0.3565 0.8428
vn -0.7503 0.3452 -0.5638
vn 0.8059 0.3440 -0.4818
vn 0.3130 0.3559 0.8806
vn 0.0498 0.3412 -0.9387
vn -0.6264 0.3440 -0.6995
vn -0.5605 0.3559 0.7478
vn 0.1346 0.3565 0.9246
vn 0.8839 0.3453 -0.3154
vn 0.2314 0.3412 -0.9111
vn -0.6962 0.3550 0.6239
vn 0.4812 0.8027 0.3522
vn 0.4003 0.8054 0.4372
vn -0.5619 0.8045 0.1925
vn -0.5924 0.8018 0.0792
vn 0.3526 0.7970 -0.4905
vn 0.4509 0.7976 -0.4007
vn -0.5767 0.8008 -0.1617
vn -0.5401 0.7989 -0.2649
vn 0.5820 0.8008 0.1411
vn 0.5398 0.8037 0.2505
vn -0.2060 0.7970 -0.5678
vn -0.0770 0.7982 -0.5975
vn 0.3073 0.8042 0.5087
vn -0.1468 0.8053 0.5744
vn -0.2562 0.8070 0.5321
vn -0.4829 0.7991 -0.3582
vn 0.5163 0.7972 -0.3130
vn 0.2001 0.8066 0.5562
vn 0.0323 0.7986 -0.6010
vn -0.3932 0.7981 -0.4565
vn -0.3579 0.8047 0.4736
vn 0.0868 0.8051 0.5867
vn 0.5638 0.7999 -0.2058
vn 0.1481 0.7988 -0.5831
vn -0.4428 0.8060 0.3927
vn 0.2592 0.7955 -0.5476
vn 0.5943 0.7989 -0.0925
vn -0.3054 0.7964 -0.5219
vn -0.5143 0.8035 0.2997
vn -0.0305 0.8072 0.5895
vn -0.5967 0.8019 -0.0302
vn 0.5972 0.8017 0.0248
vn 0.4047 0.5261 0.7479
vn 0.1791 0.7805 0.5989
vn 0.0965 0.8857 0.4540
vn -0.1315 0.8839 0.4489
vn -0.2383 0.7856 0.5709
vn -0.8443 0.1824 0.5039
vn -0.7841 0.1651 -0.5983
vn -0.1856 0.7409 -0.6454
vn -0.0940 0.8611 -0.4997
vn 0.0270 0.9088 0.4164
vn -0.0201 0.9189 0.3941
vn -0.8327 0.3350 -0.4409
vn -0.0177 0.8968 -0.4421
vn 0.0734 0.8977 -0.4345
vn 0.8526 0.4310 0.2954
vn 0.8997 0.1384 0.4139
vn -0.8932 0.2644 0.3636
vn -0.8356 0.5146 0.1922
vn -0.7538 0.6370 -0.1617
vn -0.8374 0.4609 -0.2939
vn -0.0692 0.9088 0.4114
vn -0.7921 0.6072 0.0622
vn -0.7340 0.6783 -0.0348
vn 0.8793 0.4268 -0.2113
vn 0.8564 0.5105 -0.0769
vn 0.7997 0.5992 0.0372
vn 0.8629 0.1290 -0.4885
vn 0.9081 0.1828 -0.3768
vn 0.8441 0.5124 0.1580
vn 0.2368 0.7581 -0.6076
vn 0.0279 0.4090 0.9121
vn -0.0216 0.4946 0.8688
vn 0.5789 -0.8091 -0.1013
vn 0.7030 -0.7081 -0.0662
vn -0.3375 -0.5735 0.7465
vn -0.4953 -0.8584 0.1334
vn 0.1390 0.8528 -0.5034
vn 0.7854 -0.6188 -0.0135
vn -0.4773 -0.8630 -0.1657
vn -0.6401 -0.7576 0.1273
vn -0.8485 -0.5287 0.0247
vn -0.8703 -0.4908 -0.0418
vn 0.8108 -0.5833 0.0476
vn -0.8416 -0.5298 -0.1050
vn -0.7712 -0.6309 0.0848
vn 0.6915 -0.7063 0.1515
vn 0.5512 -0.8206 0.1510
vn 0.7791 -0.6178 0.1063
vn 0.2730 -0.5740 0.7720
vn 0.4522 -0.8861 -0.1019
vn -0.7586 -0.6329 -0.1549
vn 0.0647 0.1154 0.9912
vn -0.0691 0.4947 0.8663
vn -0.0987 0.3978 0.9121
vn -0.6239 -0.7602 -0.1812
vn -0.7499 -0.3297 0.5736
vn -0.5325 0.6269 -0.5688
vn 0.7872 -0.1800 0.5899
vn 0.6577 0.1891 0.7291
vn 0.5497 0.5756 0.6054
vn 0.6597 0.5718 0.4877
vn 0.6853 -0.3318 0.6482
vn 0.5986 0.4202 0.6820
vn 0.6664 0.4123 -0.6212
vn 0.6563 0.3152 -0.6855
vn 0.5948 -0.5958 -0.5397
vn -0.0203 0.6360 0.7714
vn -0.0737 0.9861 0.1487
vn 0.0546 0.9860 0.1573
vn 0.5923 0.6198 -0.5148
vn 0.6519 0.6637 -0.3669
vn 0.1948 0.9776 -0.0793
vn -0.0583 0.8960 0.4403
vn 0.0049 0.8986 0.4388
vn 0.0861 0.6583 0.7478
vn -0.0723 0.6147 0.7854
vn -0.2000 0.6142 0.7634
vn -0.3219 0.6154 0.7195
vn -0.0798 0.9181 0.3882
vn 0.5650 0.6240 -0.5398
vn 0.4664 0.6225 -0.6284
vn 0.7214 0.6680 0.1828
vn 0.6990 0.6256 0.3463
vn 0.6298 0.6271 0.4585
vn 0.4867 0.6658 0.5655
vn 0.0794 0.9412 0.3283
vn 0.3744 0.6199 0.6896
vn 0.2551 0.6196 0.7423
vn 0.0664 0.9198 0.3867
vn -0.0185 0.9580 0.2863
vn 0.0580 0.9538 0.2948
vn -0.0953 0.9539 0.2846
vn -0.0037 0.6643 0.7474
vn 0.0694 0.6577 -0.7501
vn 0.7458 0.6238 -0.2336
vn 0.7745 0.6239 -0.1046
vn 0.7796 0.6257 0.0274
vn 0.0347 0.5992 -0.7999
vn 0.5535 0.6131 0.5637
vn 0.0758 0.6924 -0.7175
vn -0.3743 0.6523 -0.6591
vn -0.2417 0.6044 -0.7591
vn -0.6947 0.6176 -0.3686
vn -0.6248 0.6161 -0.4796
vn -0.5362 0.6166 -0.5765
vn 0.4065 -0.4040 -0.8195
vn 0.5592 -0.4034 -0.7243
vn -0.9164 -0.3961 -0.0579
vn -0.8869 -0.3976 -0.2354
vn -0.7960 -0.3920 0.4613
vn -0.8701 -0.3932 0.2973
vn -0.4585 -0.4027 -0.7922
vn -0.2945 -0.4036 -0.8663
vn 0.8223 -0.3944 0.4103
vn 0.7271 -0.3930 0.5629
vn 0.9154 -0.3973 0.0644
vn 0.8859 -0.3958 0.2419
vn -0.0616 -0.3890 0.9192
vn -0.2391 -0.3891 0.8896
vn 0.6039 -0.3917 0.6941
vn -0.9107 -0.3946 0.1220
vn 0.6904 -0.4026 -0.6011
vn -0.8233 -0.3991 -0.4037
vn -0.1192 -0.4041 -0.9069
vn 0.4575 -0.3907 0.7988
vn -0.4075 -0.3894 0.8260
vn -0.7281 -0.4005 -0.5564
vn 0.7950 -0.4015 -0.4547
vn 0.2935 -0.3899 0.8728
vn 0.0606 -0.4044 -0.9126
vn -0.6049 -0.4017 -0.6876
vn -0.5602 -0.3900 0.7308
vn 0.1183 -0.3893 0.9135
vn 0.8691 -0.4002 -0.2907
vn 0.2382 -0.4043 -0.8831
vn -0.6913 -0.3909 0.6077
vn 0.9097 -0.3988 -0.1154
vn 0.4912 -0.5967 -0.6346
vn 0.6065 -0.5960 -0.5263
vn -0.7798 -0.5916 -0.2049
vn -0.7239 -0.5929 -0.3528
vn 0.7783 -0.5900 0.2146
vn 0.7224 -0.5887 0.3626
vn -0.2591 -0.5968 -0.7594
vn -0.1051 -0.5973 -0.7951
vn 0.5305 -0.5864 0.6121
vn 0.4018 -0.5855 0.7041
vn -0.2105 -0.5841 0.7839
vn -0.3584 -0.5844 0.7280
vn -0.6402 -0.5941 -0.4870
vn 0.6985 -0.5950 -0.3977
vn 0.2577 -0.5848 0.7691
vn 0.0530 -0.5976 -0.8001
vn -0.5320 -0.5952 -0.6023
vn -0.4926 -0.5849 0.6443
vn 0.1036 -0.5843 0.8049
vn 0.7636 -0.5939 -0.2535
vn 0.2090 -0.5975 -0.7741
vn -0.6079 -0.5857 0.5361
vn 0.3570 -0.5972 -0.7182
vn 0.7993 -0.5927 -0.0994
vn -0.4033 -0.5961 -0.6943
vn -0.6999 -0.5866 0.4074
vn -0.0544 -0.5841 0.8099
vn -0.8007 -0.5890 0.1092
vn -0.8057 -0.5903 -0.0488
vn 0.8043 -0.5914 0.0586
vn -0.7650 -0.5877 0.2633
vn 0.6388 -0.5875 0.4968
vn 0.7122 -0.3280 -0.6207
vn 0.8201 -0.3269 -0.4697
vn 0.4720 -0.3157 0.8231
vn 0.3029 -0.3149 0.8995
vn -0.1228 -0.3296 -0.9361
vn 0.0627 -0.3298 -0.9420
vn -0.7508 -0.3258 -0.5746
vn -0.6238 -0.3271 -0.7099
vn -0.4201 -0.3144 0.8513
vn -0.5776 -0.3150 0.7531
vn 0.1221 -0.3143 0.9414
vn 0.8965 -0.3256 -0.3006
vn 0.2457 -0.3298 -0.9115
vn -0.7129 -0.3159 0.6260
vn 0.4194 -0.3295 -0.8459
vn 0.9384 -0.3241 -0.1198
vn -0.4728 -0.3282 -0.8178
vn -0.8209 -0.3170 0.4750
vn -0.0634 -0.3141 0.9473
vn -0.9392 -0.3198 0.1251
vn -0.9450 -0.3213 -0.0604
vn 0.9443 -0.3226 0.0657
vn 0.5768 -0.3289 -0.7477
vn -0.9146 -0.3229 -0.2435
vn -0.8973 -0.3183 0.3059
vn -0.3036 -0.3290 -0.8942
vn 0.8482 -0.3195 0.4224
vn 0.7500 -0.3181 0.5799
vn 0.9138 -0.3210 0.2488
vn -0.2465 -0.3141 0.9168
vn 0.6230 -0.3168 0.7152
vn -0.8490 -0.3244 -0.4171
vn 0.8666 -0.0054 -0.4989
vn 0.9473 -0.0041 -0.3203
vn 0.0666 -0.0086 -0.9977
vn 0.2600 -0.0086 -0.9656
vn -0.6097 0.0070 0.7926
vn -0.7526 0.0061 0.6584
vn 0.4434 -0.0082 -0.8963
vn 0.9916 -0.0025 -0.1293
vn -0.6585 -0.0057 -0.7526
vn -0.4990 -0.0068 -0.8666
vn -0.8666 0.0049 0.4989
vn 0.1293 0.0078 0.9916
vn -0.0666 0.0081 0.9977
vn -0.9916 0.0020 0.1293
vn -0.9978 0.0004 -0.0666
vn 0.9978 -0.0009 0.0666
vn 0.6097 -0.0076 -0.7926
vn -0.9656 -0.0012 -0.2600
vn -0.9473 0.0035 0.3203
vn -0.3203 -0.0077 -0.9473
vn 0.8963 0.0023 0.4433
vn 0.7926 0.0038 0.6097
vn 0.9656 0.0007 0.2600
vn -0.2600 0.0080 0.9656
vn 0.6585 0.0052 0.7526
vn 0.7526 -0.0066 -0.6584
vn -0.8963 -0.0028 -0.4433
vn -0.1293 -0.0083 -0.9916
vn 0.4990 0.0063 0.8666
vn -0.4434 0.0077 0.8963
vn -0.7926 -0.0043 -0.6097
vn 0.3203 0.0072 0.9473
vn -0.6889 0.4069 0.5998
vn -0.7934 0.4059 0.4537
vn 0.1190 0.4085 0.9050
vn -0.0605 0.4087 0.9106
vn -0.9078 0.4032 0.1152
vn -0.9135 0.4017 -0.0643
vn 0.9088 0.3990 -0.1218
vn 0.9145 0.4005 0.0577
vn 0.4066 0.3938 -0.8244
vn 0.5590 0.3944 -0.7294
vn -0.8840 0.4002 -0.2415
vn -0.8673 0.4046 0.2901
vn -0.4566 0.3951 -0.7971
vn -0.2929 0.3943 -0.8711
vn 0.8216 0.4035 0.4028
vn 0.7265 0.4048 0.5552
vn 0.8850 0.4020 0.2348
vn -0.2377 0.4087 0.8812
vn 0.6036 0.4061 0.6861
vn 0.6899 0.3953 -0.6065
vn -0.8206 0.3987 -0.4094
vn -0.1180 0.3937 -0.9116
vn 0.4576 0.4071 0.7905
vn -0.4056 0.4084 0.8177
vn -0.7256 0.3974 -0.5618
vn 0.7943 0.3963 -0.4604
vn 0.2939 0.4079 0.8644
vn 0.0615 0.3935 -0.9173
vn -0.6027 0.3961 -0.6927
vn -0.5580 0.4078 0.7227
vn 0.8683 0.3976 -0.2967
vn 0.2386 0.3935 -0.8878
vn 0.6944 0.7184 0.0404
vn 0.6721 0.7196 0.1747
vn -0.0454 0.7247 0.6876
vn -0.1798 0.7247 0.6652
vn 0.5518 0.7217 0.4179
vn 0.4586 0.7227 0.5172
vn -0.6576 0.7215 0.2167
vn -0.6884 0.7205 0.0840
vn 0.4247 0.7138 -0.5569
vn 0.5240 0.7144 -0.4636
vn -0.6703 0.7182 -0.1867
vn -0.6222 0.7171 -0.3141
vn 0.6239 0.7207 0.3022
vn -0.2218 0.7137 -0.6644
vn -0.0890 0.7133 -0.6952
vn 0.3477 0.7234 0.5964
vn -0.3073 0.7244 0.6171
vn -0.5501 0.7160 -0.4298
vn 0.6033 0.7153 -0.3528
vn 0.2235 0.7241 0.6525
vn 0.0472 0.7131 -0.6995
vn -0.4568 0.7151 -0.5291
vn -0.4229 0.7240 0.5450
vn 0.0908 0.7245 0.6833
vn 0.6594 0.7162 -0.2286
vn 0.1816 0.7131 -0.6771
vn -0.5223 0.7233 0.4517
vn 0.3091 0.7133 -0.6290
vn 0.6902 0.7173 -0.0958
vn -0.3460 0.7143 -0.6083
vn -0.6015 0.7225 0.3409
vn -0.6927 0.7193 -0.0522
vn -0.1270 0.8757 0.4658
vn -0.2206 0.8713 0.4383
vn -0.4491 0.8633 -0.2304
vn -0.4058 0.8559 -0.3207
vn 0.4007 0.8439 -0.3566
vn 0.4460 0.8553 -0.2638
vn 0.2570 0.8630 0.4350
vn 0.1616 0.8711 0.4638
vn -0.0630 0.8677 -0.4931
vn 0.0335 0.8689 -0.4938
vn -0.3486 0.8445 -0.4067
vn -0.3114 0.8633 0.3971
vn 0.0652 0.8756 0.4786
vn 0.4768 0.8627 -0.1686
vn 0.1292 0.8676 -0.4802
vn -0.3987 0.8506 0.3427
vn 0.2228 0.8634 -0.4527
vn 0.4929 0.8672 -0.0717
vn -0.2549 0.8563 -0.4492
vn -0.4439 0.8606 0.2496
vn -0.0314 0.8771 0.4793
vn -0.4907 0.8694 0.0573
vn -0.4918 0.8698 -0.0401
vn 0.4939 0.8691 0.0257
vn 0.3135 0.8559 -0.4113
vn -0.4778 0.8678 -0.1365
vn -0.4747 0.8665 0.1543
vn -0.1595 0.8637 -0.4782
vn 0.4511 0.8659 0.2161
vn 0.4079 0.8601 0.3064
vn 0.4799 0.8688 0.1221
vn 0.3507 0.8502 0.3926
vn -0.2733 0.9078 -0.3180
vn -0.1620 0.9336 -0.3197
vn -0.0556 0.9489 -0.3106
vn 0.0208 0.9530 -0.3021
vn 0.0977 0.9488 -0.3004
vn 0.2043 0.9333 -0.2953
vn 0.3145 0.9074 -0.2788
vn -0.2964 0.9316 -0.2102
vn -0.1675 0.9669 -0.1923
vn -0.0522 0.9834 -0.1735
vn 0.0761 0.9834 -0.1650
vn 0.1928 0.9667 -0.1682
vn 0.3230 0.9312 -0.1689
vn -0.3060 0.9462 -0.1055
vn -0.1682 0.9824 -0.0810
vn -0.3095 0.9505 -0.0286
vn -0.1764 0.9834 0.0416
vn -0.3163 0.9474 0.0482
vn -0.3208 0.9347 0.1534
vn -0.1905 0.9698 0.1522
vn 0.1699 0.9696 0.1763
vn 0.2987 0.9343 0.1948
vn -0.3123 0.9126 0.2638
vn -0.2020 0.9386 0.2798
vn 0.1643 0.9383 0.3042
vn 0.2756 0.9123 0.3029
vn -0.8317 0.1879 0.5225
vn 0.5477 0.6354 -0.5443
vn 0.2034 0.5616 -0.8020
vn 0.0530 0.5634 -0.8245
vn -0.7966 0.5678 -0.2075
vn -0.7063 -0.6863 -0.1737
vn 0.5238 -0.1763 0.8334
vn 0.8596 -0.0053 -0.5110
vn 0.7078 0.5641 -0.4251
vn 0.7046 -0.6851 0.1851
vn 0.4349 -0.6910 -0.5774
vn 0.3127 -0.6915 -0.6512
vn 0.2419 -0.6803 0.6919
vn 0.3711 -0.6810 0.6313
vn 0.4211 0.5738 0.7024
vn -0.6108 0.5738 0.5456
vn -0.3144 -0.6799 0.6625
vn -0.1802 -0.6796 0.7111
vn 0.5402 -0.6904 -0.4812
vn -0.0391 -0.6796 0.7325
vn 0.1034 -0.6798 0.7260
vn -0.3728 -0.6904 -0.6200
vn -0.4877 -0.6896 -0.5354
vn 0.4861 -0.6818 0.5467
vn 0.6560 -0.6839 0.3192
vn 0.5823 -0.6828 0.4414
vn 0.0375 -0.6917 -0.7212
vn -0.4365 -0.6803 0.5887
vn -0.5419 -0.6810 0.4925
vn 0.6248 -0.6895 -0.3663
vn 0.6854 -0.6885 -0.2371
vn 0.1785 -0.6917 -0.6997
vt 0.342174 0.232624
vt 0.342174 0.239686
vt 0.358374 0.239686
vt 0.358374 0.232624
vt 0.503216 0.667693
vt 0.510227 0.665582
vt 0.510227 0.655500
vt 0.503216 0.653326
vt 0.249583 0.140670
vt 0.251253 0.139880
vt 0.245891 0.124894
vt 0.243555 0.109150
vt 0.241710 0.109241
vt 0.244099 0.125343
vt 0.376933 0.456552
vt 0.376933 0.448951
vt 0.378469 0.449002
vt 0.378469 0.456626
vt 0.407340 0.482796
vt 0.407340 0.488679
vt 0.349112 0.482032
vt 0.349112 0.473147
vt 0.542730 0.286549
vt 0.537574 0.286549
vt 0.547222 0.344777
vt 0.555011 0.344777
vt 0.040825 0.748754
vt 0.050907 0.748754
vt 0.050907 0.733360
vt 0.040825 0.733360
vt 0.343526 0.329135
vt 0.343526 0.336197
vt 0.359104 0.336197
vt 0.359104 0.329135
vt 0.566773 0.026900
vt 0.566773 0.035477
vt 0.568309 0.035477
vt 0.568309 0.026874
vt 0.405741 0.101183
vt 0.403406 0.085439
vt 0.398044 0.070453
vt 0.399714 0.069663
vt 0.405198 0.084990
vt 0.407586 0.101092
vt 0.566773 0.052302
vt 0.566773 0.059903
vt 0.568309 0.059977
vt 0.568309 0.052353
vt 0.575257 0.114766
vt 0.575257 0.106189
vt 0.576794 0.106189
vt 0.576794 0.114792
vt 0.320665 0.024074
vt 0.304921 0.026409
vt 0.289935 0.031771
vt 0.289145 0.030101
vt 0.304472 0.024617
vt 0.320574 0.022229
vt 0.376933 0.423549
vt 0.376933 0.415301
vt 0.378469 0.415250
vt 0.378469 0.423523
vt 0.296041 0.232624
vt 0.296041 0.239686
vt 0.310397 0.239686
vt 0.310397 0.232624
vt 0.575257 0.097612
vt 0.575257 0.089364
vt 0.576794 0.089313
vt 0.576794 0.097586
vt 0.415090 0.317288
vt 0.415090 0.324533
vt 0.416913 0.324533
vt 0.416913 0.317288
vt 0.367338 0.033943
vt 0.371507 0.026987
vt 0.355355 0.019347
vt 0.352623 0.026983
vt 0.312464 0.187306
vt 0.311274 0.195327
vt 0.329121 0.196204
vt 0.328723 0.188105
vt 0.380413 0.043640
vt 0.385859 0.037631
vt 0.391345 0.055701
vt 0.397859 0.050870
vt 0.296674 0.183351
vt 0.293942 0.190986
vt 0.246464 0.077192
vt 0.238829 0.074460
vt 0.234488 0.091793
vt 0.242509 0.092982
vt 0.281958 0.176391
vt 0.277789 0.183346
vt 0.233611 0.109639
vt 0.268884 0.166694
vt 0.263438 0.172702
vt 0.257952 0.154632
vt 0.251438 0.159463
vt 0.236233 0.127314
vt 0.242252 0.144137
vt 0.413064 0.083020
vt 0.407045 0.066196
vt 0.415686 0.100694
vt 0.253424 0.062477
vt 0.246469 0.058308
vt 0.275183 0.038470
vt 0.270352 0.031956
vt 0.257113 0.043956
vt 0.263121 0.049402
vt 0.685201 0.906687
vt 0.688859 0.906856
vt 0.690516 0.907101
vt 0.689640 0.911186
vt 0.683690 0.910699
vt 0.683339 0.906770
vt 0.406788 0.117351
vt 0.414809 0.118541
vt 0.395872 0.147857
vt 0.402828 0.152026
vt 0.410468 0.135873
vt 0.402832 0.133141
vt 0.386175 0.160931
vt 0.392184 0.166377
vt 0.285678 0.022770
vt 0.374114 0.171863
vt 0.378945 0.178377
vt 0.302501 0.016751
vt 0.320176 0.014129
vt 0.360152 0.180232
vt 0.363619 0.187563
vt 0.336833 0.023027
vt 0.338022 0.015006
vt 0.344825 0.185716
vt 0.346795 0.193582
vt 0.410788 0.205182
vt 0.396993 0.204505
vt 0.396976 0.208883
vt 0.410826 0.209563
vt 0.222451 0.055818
vt 0.221578 0.073579
vt 0.225947 0.073793
vt 0.226823 0.055963
vt 0.380577 0.217502
vt 0.396316 0.218275
vt 0.396300 0.222653
vt 0.380499 0.221877
vt 0.381253 0.203731
vt 0.381175 0.208106
vt 0.410112 0.218953
vt 0.410149 0.223334
vt 0.364175 0.202892
vt 0.364030 0.207264
vt 0.219787 0.008962
vt 0.219109 0.022757
vt 0.214751 0.022345
vt 0.215431 0.008495
vt 0.346415 0.202020
vt 0.346200 0.206388
vt 0.218336 0.038497
vt 0.213974 0.038146
vt 0.328654 0.201147
vt 0.328370 0.205512
vt 0.217497 0.055575
vt 0.213132 0.055290
vt 0.311576 0.200308
vt 0.311225 0.204670
vt 0.216624 0.073335
vt 0.212256 0.073121
vt 0.295837 0.199535
vt 0.295424 0.203894
vt 0.215752 0.091096
vt 0.211380 0.090951
vt 0.282042 0.198857
vt 0.281575 0.203213
vt 0.214913 0.108174
vt 0.210538 0.108096
vt 0.281365 0.212628
vt 0.295161 0.213306
vt 0.294748 0.217664
vt 0.280898 0.216984
vt 0.214140 0.123913
vt 0.209762 0.123896
vt 0.310900 0.214079
vt 0.310549 0.218440
vt 0.220706 0.091339
vt 0.225071 0.091623
vt 0.213462 0.137708
vt 0.209081 0.137746
vt 0.327978 0.214918
vt 0.327694 0.219283
vt 0.219867 0.108417
vt 0.224229 0.108768
vt 0.224741 0.009205
vt 0.224063 0.023001
vt 0.228441 0.023017
vt 0.229122 0.009168
vt 0.345738 0.215790
vt 0.345524 0.220159
vt 0.219094 0.124156
vt 0.223452 0.124569
vt 0.223290 0.038740
vt 0.227665 0.038818
vt 0.363499 0.216663
vt 0.363354 0.221035
vt 0.218416 0.137952
vt 0.222772 0.138419
vt 0.345982 0.210836
vt 0.363421 0.211693
vt 0.209488 0.038694
vt 0.210248 0.023240
vt 0.328543 0.209980
vt 0.208665 0.055463
vt 0.311774 0.209156
vt 0.207808 0.072902
vt 0.296320 0.208397
vt 0.206951 0.090341
vt 0.282774 0.207731
vt 0.206127 0.107110
vt 0.295643 0.222167
vt 0.282097 0.221502
vt 0.205368 0.122564
vt 0.311097 0.222927
vt 0.229538 0.091451
vt 0.230395 0.074012
vt 0.204703 0.136110
vt 0.327866 0.223750
vt 0.228715 0.108220
vt 0.232835 0.024350
vt 0.233500 0.010804
vt 0.345305 0.224607
vt 0.227955 0.123674
vt 0.232076 0.039804
vt 0.362744 0.225464
vt 0.227290 0.137220
vt 0.231252 0.056573
vt 0.379513 0.226288
vt 0.395644 0.213276
vt 0.409190 0.213942
vt 0.394967 0.227047
vt 0.380190 0.212517
vt 0.408513 0.227712
vt 0.210913 0.009694
vt 0.106442 0.267875
vt 0.100531 0.251356
vt 0.097957 0.234001
vt 0.105675 0.233622
vt 0.108027 0.249478
vt 0.121668 0.278320
vt 0.115462 0.282923
vt 0.225612 0.310514
vt 0.209093 0.316425
vt 0.207215 0.308929
vt 0.236057 0.295288
vt 0.240660 0.301495
vt 0.233357 0.152845
vt 0.247449 0.163297
vt 0.242260 0.169022
vt 0.214894 0.152620
vt 0.217497 0.145344
vt 0.134033 0.157725
vt 0.149082 0.148705
vt 0.152386 0.155691
vt 0.126759 0.174696
vt 0.121033 0.169507
vt 0.259231 0.176296
vt 0.268251 0.191345
vt 0.261266 0.194649
vt 0.110357 0.202062
vt 0.115716 0.203980
vt 0.112092 0.218447
vt 0.111361 0.233343
vt 0.113549 0.248095
vt 0.098818 0.216478
vt 0.103081 0.199459
vt 0.165601 0.142795
vt 0.182955 0.140220
vt 0.183334 0.147939
vt 0.127244 0.295923
vt 0.145308 0.299746
vt 0.141336 0.306374
vt 0.191738 0.318999
vt 0.174215 0.318138
vt 0.175348 0.310494
vt 0.191359 0.311281
vt 0.110582 0.183599
vt 0.200479 0.141081
vt 0.678322 0.912456
vt 0.680052 0.917498
vt 0.679305 0.920631
vt 0.677832 0.919512
vt 0.194374 0.256173
vt 0.188287 0.256173
vt 0.182316 0.254985
vt 0.176692 0.252656
vt 0.170631 0.263995
vt 0.178584 0.267289
vt 0.195635 0.268968
vt 0.204077 0.267289
vt 0.212030 0.263995
vt 0.205969 0.252656
vt 0.200345 0.254985
vt 0.154819 0.160836
vt 0.142027 0.168504
vt 0.130977 0.178519
vt 0.122093 0.190498
vt 0.069759 0.468807
vt 0.071917 0.469019
vt 0.074074 0.468807
vt 0.076149 0.468178
vt 0.078061 0.467156
vt 0.079737 0.465780
vt 0.081112 0.464104
vt 0.082134 0.462192
vt 0.082764 0.460118
vt 0.082976 0.457960
vt 0.096009 0.457960
vt 0.094175 0.467180
vt 0.085302 0.477992
vt 0.067216 0.481589
vt 0.058532 0.477992
vt 0.065772 0.467156
vt 0.067684 0.468178
vt 0.212976 0.157979
vt 0.198510 0.154355
vt 0.183614 0.153624
vt 0.168861 0.155812
vt 0.073415 0.839687
vt 0.073834 0.846006
vt 0.056182 0.844601
vt 0.050694 0.845131
vt 0.050694 0.829736
vt 0.056182 0.830782
vt 0.056182 0.829820
vt 0.077037 0.829820
vt 0.077037 0.830782
vt 0.082724 0.830541
vt 0.082724 0.845821
vt 0.077037 0.844601
vt 0.514371 0.380899
vt 0.521279 0.383760
vt 0.527495 0.387914
vt 0.524701 0.391318
vt 0.519202 0.387644
vt 0.513093 0.385114
vt 0.118573 0.262137
vt 0.126240 0.274929
vt 0.136256 0.285979
vt 0.148235 0.294864
vt 0.191079 0.305596
vt 0.176184 0.304864
vt 0.175649 0.308465
vt 0.191258 0.309232
vt 0.226458 0.164356
vt 0.238437 0.173240
vt 0.240882 0.170542
vt 0.228330 0.161233
vt 0.167977 0.152280
vt 0.153263 0.157545
vt 0.161717 0.301240
vt 0.160490 0.304668
vt 0.248453 0.184290
vt 0.251377 0.182122
vt 0.183435 0.149987
vt 0.146363 0.297986
vt 0.256120 0.197082
vt 0.259411 0.195526
vt 0.133811 0.288677
vt 0.261144 0.211124
vt 0.264676 0.210240
vt 0.123316 0.277098
vt 0.263333 0.225877
vt 0.266969 0.225698
vt 0.115282 0.263694
vt 0.262601 0.240773
vt 0.266202 0.241307
vt 0.110017 0.248980
vt 0.258977 0.255240
vt 0.262405 0.256466
vt 0.107724 0.233521
vt 0.252600 0.268721
vt 0.255723 0.270593
vt 0.108491 0.217913
vt 0.243716 0.280700
vt 0.246414 0.283145
vt 0.112288 0.202753
vt 0.232666 0.290716
vt 0.234835 0.293640
vt 0.118970 0.188626
vt 0.219874 0.298383
vt 0.221430 0.301674
vt 0.199044 0.150754
vt 0.128279 0.176074
vt 0.205832 0.303407
vt 0.206716 0.306939
vt 0.214203 0.154551
vt 0.139858 0.165579
vt 0.130876 0.291916
vt 0.144116 0.301735
vt 0.002420 0.181206
vt 0.002420 0.196160
vt 0.008037 0.195308
vt 0.008037 0.179533
vt 0.119805 0.279702
vt 0.002420 0.211713
vt 0.008037 0.211713
vt 0.045903 0.276152
vt 0.045903 0.262370
vt 0.051520 0.264043
vt 0.051520 0.278581
vt 0.002420 0.227265
vt 0.008037 0.228118
vt 0.045903 0.247416
vt 0.051520 0.248268
vt 0.002420 0.242220
vt 0.008037 0.243892
vt 0.045903 0.231863
vt 0.051520 0.231863
vt 0.002420 0.256002
vt 0.008037 0.258430
vt 0.045903 0.216311
vt 0.051520 0.215458
vt 0.249653 0.286081
vt 0.259472 0.272840
vt 0.045903 0.201356
vt 0.051520 0.199684
vt 0.237438 0.297151
vt 0.045903 0.187574
vt 0.051520 0.185146
vt 0.107524 0.336197
vt 0.093741 0.336197
vt 0.095414 0.330580
vt 0.109952 0.330580
vt 0.182547 0.365893
vt 0.198100 0.365893
vt 0.198952 0.360275
vt 0.182547 0.360275
vt 0.125041 0.173139
vt 0.115221 0.186379
vt 0.078787 0.336197
vt 0.079639 0.330580
vt 0.213054 0.365893
vt 0.214727 0.360275
vt 0.137255 0.162069
vt 0.063234 0.336197
vt 0.063234 0.330580
vt 0.226836 0.365893
vt 0.229265 0.360275
vt 0.138258 0.365893
vt 0.152040 0.365893
vt 0.150368 0.360275
vt 0.135830 0.360275
vt 0.047682 0.336197
vt 0.046829 0.330580
vt 0.243818 0.167304
vt 0.230577 0.157484
vt 0.166995 0.365893
vt 0.166142 0.360275
vt 0.032728 0.336197
vt 0.031055 0.330580
vt 0.254888 0.179518
vt 0.018945 0.336197
vt 0.016517 0.330580
vt 0.002420 0.167424
vt 0.008037 0.164995
vt 0.060521 0.248652
vt 0.060521 0.264796
vt 0.017038 0.244645
vt 0.017038 0.228501
vt 0.060521 0.231863
vt 0.017038 0.259523
vt 0.060521 0.215075
vt 0.008037 0.271173
vt 0.017038 0.272564
vt 0.060521 0.198931
vt 0.122695 0.330580
vt 0.111045 0.321579
vt 0.124085 0.321579
vt 0.060521 0.184053
vt 0.096167 0.321579
vt 0.199336 0.351274
vt 0.182547 0.351274
vt 0.051520 0.172403
vt 0.060521 0.171012
vt 0.080023 0.321579
vt 0.215480 0.351274
vt 0.123087 0.360275
vt 0.134737 0.351274
vt 0.121696 0.351274
vt 0.063234 0.321579
vt 0.230358 0.351274
vt 0.149615 0.351274
vt 0.046446 0.321579
vt 0.242007 0.360275
vt 0.243398 0.351274
vt 0.165759 0.351274
vt 0.030302 0.321579
vt 0.008037 0.152253
vt 0.017038 0.163902
vt 0.017038 0.150862
vt 0.015424 0.321579
vt 0.017038 0.178780
vt 0.003774 0.330580
vt 0.002384 0.321579
vt 0.017038 0.194924
vt 0.051520 0.291323
vt 0.060521 0.279673
vt 0.060521 0.292714
vt 0.017038 0.211713
vt 0.067208 0.199042
vt 0.067208 0.215131
vt 0.110884 0.314891
vt 0.123881 0.314891
vt 0.067208 0.184214
vt 0.096056 0.314891
vt 0.199280 0.344587
vt 0.182547 0.344587
vt 0.067208 0.171217
vt 0.079967 0.314891
vt 0.215369 0.344587
vt 0.134898 0.344587
vt 0.121901 0.344587
vt 0.063234 0.314891
vt 0.230197 0.344587
vt 0.149726 0.344587
vt 0.046502 0.314891
vt 0.243194 0.344587
vt 0.165815 0.344587
vt 0.030413 0.314891
vt 0.023725 0.164063
vt 0.023725 0.151066
vt 0.015585 0.314891
vt 0.023725 0.178891
vt 0.002588 0.314891
vt 0.023725 0.194980
vt 0.067208 0.279513
vt 0.067208 0.292509
vt 0.023725 0.211713
vt 0.067208 0.264685
vt 0.023725 0.228445
vt 0.067208 0.248596
vt 0.023725 0.244534
vt 0.067208 0.231863
vt 0.023725 0.259362
vt 0.023725 0.272359
vt 0.212966 0.335399
vt 0.198054 0.335399
vt 0.138387 0.335399
vt 0.126341 0.335399
vt 0.063234 0.305703
vt 0.078742 0.305703
vt 0.226708 0.335399
vt 0.152129 0.335399
vt 0.047727 0.305703
vt 0.238753 0.335399
vt 0.167040 0.335399
vt 0.032816 0.305703
vt 0.032914 0.167552
vt 0.032914 0.155507
vt 0.182547 0.335399
vt 0.019074 0.305703
vt 0.032914 0.181294
vt 0.007029 0.305703
vt 0.032914 0.196206
vt 0.076397 0.276024
vt 0.076397 0.288069
vt 0.032914 0.211713
vt 0.076397 0.262282
vt 0.032914 0.227220
vt 0.076397 0.247370
vt 0.032914 0.242131
vt 0.076397 0.231863
vt 0.032914 0.255873
vt 0.076397 0.216356
vt 0.032914 0.267918
vt 0.076397 0.201445
vt 0.107395 0.305703
vt 0.119440 0.305703
vt 0.076397 0.187703
vt 0.093653 0.305703
vt 0.076397 0.175657
vt 0.248025 0.345776
vt 0.262785 0.343587
vt 0.265861 0.355864
vt 0.251811 0.360891
vt 0.264022 0.318425
vt 0.262164 0.330945
vt 0.385548 0.280733
vt 0.374491 0.290754
vt 0.365113 0.282254
vt 0.374002 0.270269
vt 0.390496 0.381463
vt 0.378511 0.372575
vt 0.385018 0.361718
vt 0.398507 0.368098
vt 0.394830 0.293249
vt 0.382031 0.300920
vt 0.401492 0.307335
vt 0.387443 0.312362
vt 0.391139 0.337281
vt 0.390518 0.324639
vt 0.405279 0.322450
vt 0.254796 0.300128
vt 0.268286 0.306508
vt 0.249547 0.314799
vt 0.262807 0.286763
vt 0.274793 0.295652
vt 0.273272 0.275217
vt 0.283293 0.286273
vt 0.310964 0.396743
vt 0.323484 0.398601
vt 0.389282 0.349801
vt 0.403757 0.353427
vt 0.271272 0.367306
vt 0.258474 0.374978
vt 0.354257 0.275747
vt 0.360637 0.262258
vt 0.285787 0.265935
vt 0.293459 0.278734
vt 0.314989 0.255486
vt 0.317178 0.270247
vt 0.304900 0.273322
vt 0.299873 0.259273
vt 0.380032 0.393009
vt 0.370011 0.381953
vt 0.367516 0.402291
vt 0.359845 0.389493
vt 0.279301 0.397958
vt 0.288190 0.385972
vt 0.299047 0.392479
vt 0.292667 0.405969
vt 0.307338 0.411218
vt 0.267756 0.387493
vt 0.278812 0.377472
vt 0.329820 0.269626
vt 0.338315 0.412740
vt 0.336126 0.397979
vt 0.348403 0.394904
vt 0.353430 0.408954
vt 0.342340 0.271483
vt 0.345966 0.257008
vt 0.679365 0.923470
vt 0.681631 0.921261
vt 0.681576 0.922010
vt 0.681669 0.922754
vt 0.681904 0.923466
vt 0.682275 0.924119
vt 0.680233 0.926612
vt 0.679701 0.924828
vt 0.210255 0.464525
vt 0.221418 0.464525
vt 0.218857 0.456166
vt 0.208491 0.456166
vt 0.457016 0.334025
vt 0.457016 0.321429
vt 0.465375 0.322329
vt 0.465375 0.334025
vt 0.231202 0.464525
vt 0.227942 0.456166
vt 0.457016 0.309317
vt 0.465375 0.311081
vt 0.467621 0.193022
vt 0.467621 0.183238
vt 0.475980 0.180677
vt 0.475980 0.189762
vt 0.457016 0.298155
vt 0.465375 0.300716
vt 0.467621 0.172075
vt 0.475980 0.170311
vt 0.168578 0.492099
vt 0.181174 0.492099
vt 0.180275 0.483740
vt 0.168578 0.483740
vt 0.457016 0.288371
vt 0.465375 0.291630
vt 0.467621 0.159963
vt 0.475980 0.159064
vt 0.193286 0.492099
vt 0.191522 0.483740
vt 0.122924 0.492099
vt 0.132708 0.492099
vt 0.135269 0.483740
vt 0.126183 0.483740
vt 0.467621 0.147367
vt 0.475980 0.147367
vt 0.204449 0.492099
vt 0.201888 0.483740
vt 0.143870 0.492099
vt 0.145634 0.483740
vt 0.467621 0.134771
vt 0.475980 0.135670
vt 0.214233 0.492099
vt 0.210973 0.483740
vt 0.155982 0.492099
vt 0.156882 0.483740
vt 0.467621 0.122659
vt 0.475980 0.124423
vt 0.139893 0.464525
vt 0.149677 0.464525
vt 0.152238 0.456166
vt 0.143152 0.456166
vt 0.467621 0.111497
vt 0.475980 0.114058
vt 0.160839 0.464525
vt 0.162603 0.456166
vt 0.467621 0.101713
vt 0.475980 0.104972
vt 0.172951 0.464525
vt 0.173850 0.456166
vt 0.457016 0.379680
vt 0.457016 0.369896
vt 0.465375 0.367335
vt 0.465375 0.376421
vt 0.185547 0.464525
vt 0.185547 0.456166
vt 0.457016 0.358733
vt 0.465375 0.356970
vt 0.198143 0.464525
vt 0.197244 0.456166
vt 0.457016 0.346622
vt 0.465375 0.345722
vt 0.482668 0.170404
vt 0.482668 0.180812
vt 0.180323 0.477053
vt 0.168578 0.477053
vt 0.472062 0.291458
vt 0.472062 0.300581
vt 0.482668 0.159111
vt 0.191616 0.477053
vt 0.135133 0.477053
vt 0.126011 0.477053
vt 0.482668 0.147367
vt 0.202023 0.477053
vt 0.145541 0.477053
vt 0.482668 0.135623
vt 0.211146 0.477053
vt 0.156834 0.477053
vt 0.482668 0.124330
vt 0.152102 0.449478
vt 0.142980 0.449478
vt 0.482668 0.113922
vt 0.162510 0.449478
vt 0.482668 0.104800
vt 0.173803 0.449478
vt 0.472062 0.367470
vt 0.472062 0.376593
vt 0.185547 0.449478
vt 0.472062 0.357063
vt 0.197292 0.449478
vt 0.472062 0.345770
vt 0.208585 0.449478
vt 0.472062 0.334025
vt 0.218992 0.449478
vt 0.472062 0.322281
vt 0.228115 0.449478
vt 0.472062 0.310988
vt 0.482668 0.189934
vt 0.485236 0.135450
vt 0.485236 0.147367
vt 0.211773 0.474485
vt 0.202516 0.474485
vt 0.156661 0.474485
vt 0.145202 0.474485
vt 0.485236 0.123990
vt 0.151609 0.446910
vt 0.142353 0.446910
vt 0.168578 0.474485
vt 0.485236 0.113429
vt 0.162170 0.446910
vt 0.485236 0.104172
vt 0.173630 0.446910
vt 0.474630 0.367963
vt 0.474630 0.377220
vt 0.185547 0.446910
vt 0.474630 0.357402
vt 0.197465 0.446910
vt 0.474630 0.345943
vt 0.208924 0.446910
vt 0.474630 0.334025
vt 0.219485 0.446910
vt 0.474630 0.322108
vt 0.228742 0.446910
vt 0.474630 0.310649
vt 0.485236 0.181305
vt 0.485236 0.190562
vt 0.474630 0.300088
vt 0.485236 0.170744
vt 0.180496 0.474485
vt 0.474630 0.290831
vt 0.485236 0.159285
vt 0.191955 0.474485
vt 0.134640 0.474485
vt 0.125384 0.474485
vt 0.487857 0.103032
vt 0.487857 0.112533
vt 0.173315 0.444289
vt 0.161553 0.444289
vt 0.477251 0.368859
vt 0.477251 0.378361
vt 0.185547 0.444289
vt 0.477251 0.358020
vt 0.197779 0.444289
vt 0.477251 0.346258
vt 0.209541 0.444289
vt 0.477251 0.334025
vt 0.220381 0.444289
vt 0.477251 0.321793
vt 0.229882 0.444289
vt 0.477251 0.310031
vt 0.487857 0.182201
vt 0.487857 0.191702
vt 0.477251 0.299192
vt 0.487857 0.171361
vt 0.180810 0.471863
vt 0.168578 0.471863
vt 0.477251 0.289690
vt 0.487857 0.159599
vt 0.192572 0.471863
vt 0.133744 0.471863
vt 0.124243 0.471863
vt 0.487857 0.147367
vt 0.203412 0.471863
vt 0.144584 0.471863
vt 0.487857 0.135135
vt 0.212914 0.471863
vt 0.156346 0.471863
vt 0.487857 0.123373
vt 0.150713 0.444289
vt 0.141212 0.444289
vt 0.394065 0.082141
vt 0.395869 0.094299
vt 0.398455 0.094172
vt 0.396577 0.081511
vt 0.274211 0.076252
vt 0.279466 0.065141
vt 0.277245 0.063810
vt 0.271773 0.075380
vt 0.395266 0.106575
vt 0.397827 0.106955
vt 0.286788 0.055269
vt 0.284869 0.053530
vt 0.392279 0.118498
vt 0.394717 0.119370
vt 0.295895 0.047015
vt 0.294352 0.044935
vt 0.387024 0.129609
vt 0.389245 0.130940
vt 0.306437 0.040696
vt 0.305330 0.038355
vt 0.379702 0.139482
vt 0.381620 0.141221
vt 0.318010 0.036555
vt 0.317381 0.034043
vt 0.324045 0.159396
vt 0.312122 0.156410
vt 0.311250 0.158847
vt 0.323665 0.161957
vt 0.370595 0.147736
vt 0.372137 0.149816
vt 0.330168 0.034751
vt 0.330041 0.032165
vt 0.301011 0.151154
vt 0.299680 0.153375
vt 0.360052 0.154055
vt 0.361159 0.156396
vt 0.342445 0.035354
vt 0.342825 0.032793
vt 0.291138 0.143832
vt 0.289400 0.145751
vt 0.348479 0.158196
vt 0.349109 0.160707
vt 0.354368 0.038341
vt 0.355240 0.035903
vt 0.282884 0.134725
vt 0.280804 0.136268
vt 0.336321 0.159999
vt 0.336448 0.162585
vt 0.365479 0.043596
vt 0.366810 0.041375
vt 0.276565 0.124183
vt 0.274224 0.125290
vt 0.375351 0.050918
vt 0.377090 0.049000
vt 0.272424 0.112610
vt 0.269913 0.113239
vt 0.383606 0.060025
vt 0.385685 0.058483
vt 0.270621 0.100452
vt 0.268035 0.100579
vt 0.389924 0.070568
vt 0.392265 0.069461
vt 0.271224 0.088175
vt 0.268663 0.087795
vt 0.273513 0.007424
vt 0.261265 0.007424
vt 0.260941 0.004990
vt 0.273348 0.004990
vt 0.362112 0.320289
vt 0.352218 0.320289
vt 0.352689 0.317855
vt 0.362711 0.317855
vt 0.249978 0.007424
vt 0.249507 0.004990
vt 0.340931 0.320289
vt 0.341255 0.317855
vt 0.315946 0.346803
vt 0.328683 0.346803
vt 0.328848 0.344368
vt 0.315946 0.344369
vt 0.240084 0.007424
vt 0.239485 0.004990
vt 0.328683 0.320289
vt 0.328848 0.317855
vt 0.340931 0.346803
vt 0.341255 0.344368
vt 0.269780 0.346803
vt 0.279673 0.346803
vt 0.279202 0.344369
vt 0.269180 0.344369
vt 0.315946 0.320289
vt 0.315946 0.317855
vt 0.352218 0.346803
vt 0.352689 0.344368
vt 0.290961 0.346803
vt 0.290636 0.344369
vt 0.303208 0.320289
vt 0.303043 0.317855
vt 0.362112 0.346803
vt 0.362711 0.344368
vt 0.303208 0.346803
vt 0.303043 0.344369
vt 0.290961 0.320289
vt 0.290636 0.317855
vt 0.271901 0.356348
vt 0.281794 0.356348
vt 0.281324 0.353914
vt 0.271301 0.353914
vt 0.279673 0.320289
vt 0.279202 0.317855
vt 0.293082 0.356348
vt 0.292758 0.353914
vt 0.269780 0.320289
vt 0.269180 0.317855
vt 0.305330 0.356348
vt 0.305164 0.353914
vt 0.332416 0.007424
vt 0.322523 0.007424
vt 0.322993 0.004990
vt 0.333015 0.004990
vt 0.318067 0.356348
vt 0.318067 0.353914
vt 0.311235 0.007424
vt 0.311559 0.004990
vt 0.330804 0.356348
vt 0.330969 0.353914
vt 0.298987 0.007424
vt 0.299153 0.004990
vt 0.343052 0.356348
vt 0.343376 0.353914
vt 0.286250 0.007424
vt 0.286250 0.004990
vt 0.354339 0.356348
vt 0.354810 0.353914
vt 0.364233 0.356348
vt 0.364832 0.353914
vt 0.280027 0.342322
vt 0.270230 0.342322
vt 0.315946 0.315808
vt 0.328559 0.315808
vt 0.351864 0.342322
vt 0.340687 0.342322
vt 0.291205 0.342322
vt 0.303333 0.315808
vt 0.361661 0.342322
vt 0.303333 0.342322
vt 0.291205 0.315808
vt 0.282148 0.351867
vt 0.272351 0.351867
vt 0.315946 0.342322
vt 0.280027 0.315808
vt 0.293326 0.351867
vt 0.270230 0.315808
vt 0.305454 0.351867
vt 0.322168 0.002943
vt 0.331965 0.002943
vt 0.318067 0.351867
vt 0.310991 0.002943
vt 0.330680 0.351867
vt 0.298863 0.002943
vt 0.342808 0.351867
vt 0.286250 0.002943
vt 0.353985 0.351867
vt 0.273637 0.002943
vt 0.363782 0.351867
vt 0.261509 0.002943
vt 0.351864 0.315808
vt 0.361661 0.315808
vt 0.250332 0.002943
vt 0.340687 0.315808
vt 0.328559 0.342322
vt 0.240535 0.002943
vt 0.140096 0.263377
vt 0.133580 0.252506
vt 0.138260 0.250293
vt 0.144254 0.260293
vt 0.152084 0.268932
vt 0.148607 0.272768
vt 0.254738 0.209155
vt 0.256597 0.221692
vt 0.251427 0.221946
vt 0.249716 0.210413
vt 0.245788 0.199436
vt 0.250468 0.197222
vt 0.128073 0.215378
vt 0.131152 0.203084
vt 0.136027 0.204828
vt 0.133194 0.216138
vt 0.132622 0.227783
vt 0.127451 0.228037
vt 0.255976 0.234350
vt 0.252896 0.246645
vt 0.248022 0.244900
vt 0.250855 0.233591
vt 0.129310 0.240573
vt 0.134332 0.239315
vt 0.225261 0.169411
vt 0.235441 0.176961
vt 0.231964 0.180797
vt 0.222600 0.173851
vt 0.212060 0.168867
vt 0.213804 0.163992
vt 0.247477 0.258102
vt 0.239928 0.268281
vt 0.236092 0.264805
vt 0.243037 0.255440
vt 0.136571 0.191627
vt 0.144121 0.181447
vt 0.147957 0.184924
vt 0.141011 0.194288
vt 0.201510 0.160913
vt 0.200751 0.166034
vt 0.189106 0.165462
vt 0.188852 0.160291
vt 0.243952 0.186351
vt 0.239794 0.189435
vt 0.207733 0.287578
vt 0.195196 0.289438
vt 0.194942 0.284267
vt 0.206475 0.282556
vt 0.217453 0.278628
vt 0.219666 0.283308
vt 0.353035 0.249742
vt 0.353028 0.250416
vt 0.352382 0.250529
vt 0.351727 0.250545
vt 0.351589 0.249884
vt 0.153511 0.172936
vt 0.164382 0.166420
vt 0.166596 0.171100
vt 0.156595 0.177094
vt 0.230537 0.276793
vt 0.227453 0.272634
vt 0.182538 0.288816
vt 0.170244 0.285736
vt 0.171988 0.280862
vt 0.183297 0.283695
vt 0.176315 0.162150
vt 0.177573 0.167172
vt 0.142268 0.248397
vt 0.147815 0.257652
vt 0.246469 0.232940
vt 0.246998 0.222163
vt 0.138633 0.238238
vt 0.243847 0.243407
vt 0.137050 0.227565
vt 0.239234 0.253161
vt 0.137579 0.216788
vt 0.232806 0.261827
vt 0.140201 0.206322
vt 0.224812 0.269073
vt 0.144814 0.196568
vt 0.215557 0.274620
vt 0.200100 0.170420
vt 0.189323 0.169890
vt 0.151242 0.187901
vt 0.205398 0.278255
vt 0.210567 0.173041
vt 0.159237 0.180655
vt 0.194725 0.279838
vt 0.220320 0.177655
vt 0.168491 0.175108
vt 0.183948 0.279309
vt 0.228987 0.184082
vt 0.178650 0.171473
vt 0.173482 0.276687
vt 0.236233 0.192077
vt 0.161448 0.275877
vt 0.163728 0.272074
vt 0.241780 0.201331
vt 0.155061 0.265646
vt 0.245415 0.211490
vt 0.002098 0.382122
vt 0.002098 0.371384
vt 0.008050 0.372134
vt 0.008050 0.382122
vt 0.125653 0.437094
vt 0.125653 0.445435
vt 0.131605 0.442719
vt 0.131605 0.434960
vt 0.002098 0.361059
vt 0.008050 0.362529
vt 0.468767 0.468767
vt 0.460426 0.468767
vt 0.458292 0.462815
vt 0.466051 0.462815
vt 0.002098 0.351544
vt 0.008050 0.353678
vt 0.450910 0.468767
vt 0.449441 0.462815
vt 0.440453 0.283169
vt 0.451191 0.283169
vt 0.450442 0.277217
vt 0.440453 0.277217
vt 0.002098 0.343203
vt 0.008050 0.345919
vt 0.440585 0.468767
vt 0.439836 0.462815
vt 0.461516 0.283169
vt 0.460046 0.277217
vt 0.401534 0.283169
vt 0.409874 0.283169
vt 0.412008 0.277217
vt 0.404250 0.277217
vt 0.429847 0.468767
vt 0.429847 0.462815
vt 0.471032 0.283169
vt 0.468898 0.277217
vt 0.419390 0.283169
vt 0.420860 0.277217
vt 0.419110 0.468767
vt 0.419859 0.462815
vt 0.479372 0.283169
vt 0.476656 0.277217
vt 0.429715 0.283169
vt 0.430465 0.277217
vt 0.408784 0.468767
vt 0.410254 0.462815
vt 0.125653 0.367596
vt 0.125653 0.375936
vt 0.131605 0.378070
vt 0.131605 0.370312
vt 0.399269 0.468767
vt 0.401403 0.462815
vt 0.125653 0.385452
vt 0.131605 0.386922
vt 0.390928 0.468767
vt 0.393644 0.462815
vt 0.125653 0.395777
vt 0.131605 0.396527
vt 0.002098 0.421042
vt 0.002098 0.412701
vt 0.008050 0.410567
vt 0.008050 0.418326
vt 0.125653 0.406515
vt 0.131605 0.406515
vt 0.002098 0.403185
vt 0.008050 0.401715
vt 0.125653 0.417253
vt 0.131605 0.416504
vt 0.002098 0.392860
vt 0.008050 0.392111
vt 0.125653 0.427578
vt 0.131605 0.426108
vt 0.464379 0.230727
vt 0.459252 0.230727
vt 0.433852 0.230727
vt 0.427504 0.230727
vt 0.178095 0.399914
vt 0.178095 0.393566
vt 0.421654 0.230727
vt 0.416527 0.230727
vt 0.453402 0.230727
vt 0.423246 0.416325
vt 0.429847 0.416325
vt 0.440453 0.230727
vt 0.405921 0.416325
vt 0.411049 0.416325
vt 0.178095 0.387716
vt 0.436449 0.416325
vt 0.054540 0.375521
vt 0.054540 0.382122
vt 0.416899 0.416325
vt 0.054540 0.388724
vt 0.054540 0.395071
vt 0.178095 0.413116
vt 0.178095 0.406515
vt 0.681551 0.906961
vt 0.676670 0.908100
vt 0.448646 0.416325
vt 0.453774 0.416325
vt 0.054540 0.400921
vt 0.178095 0.419464
vt 0.054540 0.406049
vt 0.054540 0.358196
vt 0.054540 0.363323
vt 0.178095 0.425314
vt 0.178095 0.430442
vt 0.442796 0.416325
vt 0.054540 0.369173
vt 0.178095 0.382589
vt 0.447054 0.230727
vt 0.440917 0.354254
vt 0.445919 0.354254
vt 0.240166 0.422586
vt 0.240166 0.417585
vt 0.240166 0.412159
vt 0.460908 0.168656
vt 0.456524 0.168656
vt 0.450302 0.354254
vt 0.116611 0.398193
vt 0.116611 0.402577
vt 0.451523 0.168656
vt 0.352842 0.247322
vt 0.353004 0.248967
vt 0.351469 0.249118
vt 0.351307 0.247473
vt 0.446096 0.168656
vt 0.440453 0.168656
vt 0.116611 0.371052
vt 0.116611 0.376479
vt 0.409393 0.354254
vt 0.413776 0.354254
vt 0.240166 0.426970
vt 0.429847 0.354254
vt 0.435491 0.354254
vt 0.429383 0.168656
vt 0.424382 0.168656
vt 0.116611 0.387766
vt 0.116611 0.393192
vt 0.419998 0.168656
vt 0.418777 0.354254
vt 0.424204 0.354254
vt 0.240166 0.406515
vt 0.240166 0.400872
vt 0.116611 0.382122
vt 0.434810 0.168656
vt 0.240166 0.395445
vt 0.116611 0.361668
vt 0.116611 0.366051
vt 0.240166 0.390444
vt 0.119313 0.364870
vt 0.119313 0.370239
vt 0.441731 0.351552
vt 0.447100 0.351552
vt 0.446511 0.165955
vt 0.440453 0.165955
vt 0.177694 0.250780
vt 0.172979 0.247630
vt 0.171630 0.249274
vt 0.435906 0.351552
vt 0.452337 0.165955
vt 0.168970 0.243620
vt 0.167326 0.244969
vt 0.429847 0.351552
vt 0.457706 0.165955
vt 0.428569 0.165955
vt 0.423200 0.165955
vt 0.423789 0.351552
vt 0.165819 0.211632
vt 0.168970 0.206917
vt 0.167326 0.205568
vt 0.163944 0.210630
vt 0.434395 0.165955
vt 0.417964 0.351552
vt 0.172979 0.202907
vt 0.171630 0.201264
vt 0.412595 0.351552
vt 0.242868 0.394631
vt 0.242868 0.389263
vt 0.216842 0.238905
vt 0.213692 0.243620
vt 0.215336 0.244969
vt 0.218718 0.239907
vt 0.242868 0.400457
vt 0.209682 0.247630
vt 0.211031 0.249274
vt 0.242868 0.406515
vt 0.119313 0.394006
vt 0.119313 0.399375
vt 0.242868 0.412573
vt 0.119313 0.388181
vt 0.242868 0.418399
vt 0.119313 0.382122
vt 0.242868 0.423768
vt 0.119313 0.376064
vt 0.204967 0.199757
vt 0.209682 0.202907
vt 0.211031 0.201264
vt 0.205969 0.197882
vt 0.213692 0.206917
vt 0.215336 0.205568
vt 0.160426 0.222225
vt 0.161614 0.216254
vt 0.157387 0.197411
vt 0.152604 0.204569
vt 0.147631 0.220964
vt 0.147631 0.229573
vt 0.149310 0.238015
vt 0.161614 0.234283
vt 0.160426 0.228312
vt 0.182316 0.195552
vt 0.188287 0.194364
vt 0.187027 0.181569
vt 0.178584 0.183248
vt 0.163474 0.191325
vt 0.176692 0.197881
vt 0.684040 0.915107
vt 0.688738 0.915809
vt 0.687447 0.918678
vt 0.686776 0.918341
vt 0.686053 0.918142
vt 0.685305 0.918087
vt 0.684561 0.918180
vt 0.194374 0.194364
vt 0.200345 0.195552
vt 0.219188 0.191325
vt 0.204077 0.183248
vt 0.221047 0.234283
vt 0.219188 0.259212
vt 0.225275 0.253126
vt 0.233351 0.238015
vt 0.235031 0.229573
vt 0.222235 0.228312
vt 0.389861 0.056801
vt 0.379173 0.045008
vt 0.485322 0.383760
vt 0.492229 0.380899
vt 0.499562 0.379441
vt 0.499994 0.383823
vt 0.493508 0.385114
vt 0.487398 0.387644
vt 0.481900 0.391318
vt 0.479106 0.387914
vt 0.218718 0.210630
vt 0.221047 0.216254
vt 0.222235 0.222225
vt 0.235031 0.220964
vt 0.233351 0.212522
vt 0.225275 0.197411
vt 0.205435 0.271766
vt 0.214236 0.268121
vt 0.222156 0.262829
vt 0.148479 0.202364
vt 0.144833 0.211164
vt 0.142975 0.220506
vt 0.228891 0.256093
vt 0.186568 0.176913
vt 0.177226 0.178771
vt 0.237828 0.211164
vt 0.234183 0.202364
vt 0.228891 0.194444
vt 0.152604 0.245968
vt 0.148479 0.248174
vt 0.153770 0.256093
vt 0.160506 0.262829
vt 0.163474 0.259212
vt 0.196093 0.273624
vt 0.205435 0.178771
vt 0.196093 0.176913
vt 0.237828 0.239373
vt 0.239686 0.230031
vt 0.239686 0.220506
vt 0.222156 0.187708
vt 0.160506 0.187708
vt 0.153770 0.194444
vt 0.177226 0.271766
vt 0.186568 0.273624
vt 0.142975 0.230031
vt 0.168426 0.182416
vt 0.144833 0.239373
vt 0.168426 0.268121
vt 0.282806 0.107715
vt 0.280988 0.098574
vt 0.280988 0.089255
vt 0.282806 0.080115
vt 0.286226 0.081152
vt 0.284545 0.089605
vt 0.284545 0.098224
vt 0.286226 0.106677
vt 0.289524 0.114640
vt 0.294313 0.121806
vt 0.300407 0.127900
vt 0.307573 0.132689
vt 0.305889 0.135840
vt 0.298140 0.130663
vt 0.291550 0.124073
vt 0.286373 0.116325
vt 0.234183 0.248174
vt 0.078032 0.349984
vt 0.087511 0.349984
vt 0.088105 0.346025
vt 0.078032 0.346025
vt 0.333131 0.371195
vt 0.324016 0.371195
vt 0.324609 0.367237
vt 0.334295 0.367237
vt 0.096627 0.349984
vt 0.097790 0.346025
vt 0.314537 0.371195
vt 0.314537 0.367237
vt 0.105027 0.349984
vt 0.106716 0.346025
vt 0.305057 0.371195
vt 0.304464 0.367237
vt 0.112390 0.349984
vt 0.114540 0.346025
vt 0.295942 0.371195
vt 0.294779 0.367237
vt 0.010570 0.494191
vt 0.010570 0.486828
vt 0.014529 0.488518
vt 0.014529 0.496341
vt 0.287542 0.371195
vt 0.285852 0.367237
vt 0.010570 0.478428
vt 0.014529 0.479591
vt 0.416764 0.510740
vt 0.416764 0.520219
vt 0.420723 0.520813
vt 0.420723 0.510740
vt 0.280179 0.371195
vt 0.278028 0.367237
vt 0.010570 0.469313
vt 0.014529 0.469906
vt 0.416764 0.529334
vt 0.420723 0.530498
vt 0.416764 0.476382
vt 0.416764 0.483745
vt 0.420723 0.482056
vt 0.420723 0.474232
vt 0.010570 0.459833
vt 0.014529 0.459833
vt 0.416764 0.537735
vt 0.420723 0.539424
vt 0.416764 0.492146
vt 0.420723 0.490982
vt 0.010570 0.450354
vt 0.014529 0.449761
vt 0.416764 0.545098
vt 0.420723 0.547248
vt 0.416764 0.501261
vt 0.420723 0.500667
vt 0.010570 0.441239
vt 0.014529 0.440075
vt 0.043674 0.349984
vt 0.051037 0.349984
vt 0.049348 0.346025
vt 0.041524 0.346025
vt 0.010570 0.432838
vt 0.014529 0.431149
vt 0.059438 0.349984
vt 0.058274 0.346025
vt 0.010570 0.425475
vt 0.014529 0.423325
vt 0.068553 0.349984
vt 0.067960 0.346025
vt 0.348895 0.371195
vt 0.341532 0.371195
vt 0.343221 0.367237
vt 0.351045 0.367237
vt 0.114540 0.341465
vt 0.106716 0.341465
vt 0.294779 0.362676
vt 0.304464 0.362676
vt 0.019090 0.488518
vt 0.019090 0.496341
vt 0.285852 0.362676
vt 0.019090 0.479591
vt 0.425284 0.520813
vt 0.425284 0.510740
vt 0.278028 0.362676
vt 0.019090 0.469906
vt 0.425284 0.530498
vt 0.425284 0.482056
vt 0.425284 0.474232
vt 0.019090 0.459833
vt 0.425284 0.539424
vt 0.425284 0.490982
vt 0.019090 0.449761
vt 0.425284 0.547248
vt 0.425284 0.500667
vt 0.019090 0.440075
vt 0.049348 0.341465
vt 0.041524 0.341465
vt 0.019090 0.431149
vt 0.058274 0.341465
vt 0.019090 0.423325
vt 0.067960 0.341465
vt 0.343221 0.362676
vt 0.351045 0.362676
vt 0.078032 0.341465
vt 0.334295 0.362676
vt 0.088105 0.341465
vt 0.324609 0.362676
vt 0.097790 0.341465
vt 0.314537 0.362676
vt 0.303960 0.048381
vt 0.313311 0.044508
vt 0.314498 0.048423
vt 0.305888 0.051989
vt 0.323238 0.145297
vt 0.313311 0.143322
vt 0.314498 0.139407
vt 0.323639 0.141225
vt 0.368209 0.126669
vt 0.361052 0.133826
vt 0.358457 0.130663
vt 0.365046 0.124073
vt 0.323237 0.042533
vt 0.323638 0.046605
vt 0.303960 0.139449
vt 0.352637 0.139449
vt 0.350708 0.135840
vt 0.333359 0.042533
vt 0.332958 0.046605
vt 0.295544 0.133826
vt 0.343286 0.143322
vt 0.342098 0.139407
vt 0.343286 0.044508
vt 0.342098 0.048423
vt 0.288387 0.126669
vt 0.333359 0.145297
vt 0.332958 0.141225
vt 0.352637 0.048381
vt 0.350708 0.051989
vt 0.282764 0.118253
vt 0.361052 0.054004
vt 0.358457 0.057167
vt 0.278891 0.108902
vt 0.368209 0.061161
vt 0.365046 0.063756
vt 0.276916 0.098975
vt 0.373832 0.069576
vt 0.370224 0.071505
vt 0.276916 0.088854
vt 0.377705 0.078927
vt 0.373790 0.080115
vt 0.278891 0.078927
vt 0.379680 0.088854
vt 0.375608 0.089255
vt 0.282764 0.069576
vt 0.286373 0.071505
vt 0.379680 0.098975
vt 0.375608 0.098574
vt 0.288387 0.061161
vt 0.291550 0.063756
vt 0.377705 0.108902
vt 0.373790 0.107715
vt 0.295544 0.054004
vt 0.298140 0.057167
vt 0.373832 0.118253
vt 0.370224 0.116324
vt 0.349023 0.055141
vt 0.341061 0.051843
vt 0.332608 0.050161
vt 0.323989 0.050161
vt 0.315536 0.051843
vt 0.080929 0.503266
vt 0.071917 0.504154
vt 0.062905 0.503266
vt 0.064577 0.494858
vt 0.079256 0.494858
vt 0.307573 0.055141
vt 0.300407 0.059929
vt 0.294312 0.066023
vt 0.289524 0.073190
vt 0.378469 0.400943
vt 0.382429 0.399753
vt 0.382429 0.406691
vt 0.378469 0.407626
vt 0.349023 0.132689
vt 0.356190 0.127900
vt 0.362284 0.121806
vt 0.367072 0.114640
vt 0.370370 0.106677
vt 0.372052 0.098224
vt 0.274162 0.207864
vt 0.276736 0.225218
vt 0.566773 0.044054
vt 0.568309 0.044080
vt 0.286351 0.248694
vt 0.286351 0.253660
vt 0.286351 0.258776
vt 0.280863 0.258776
vt 0.280863 0.248694
vt 0.264490 0.050642
vt 0.255009 0.063426
vt 0.248204 0.077814
vt 0.376933 0.440703
vt 0.376933 0.432126
vt 0.378469 0.432126
vt 0.378469 0.440729
vt 0.585863 0.004043
vt 0.585863 0.010706
vt 0.587399 0.010632
vt 0.587399 0.003949
vt 0.585863 0.043709
vt 0.585863 0.051956
vt 0.587399 0.052008
vt 0.587399 0.043735
vt 0.376933 0.407700
vt 0.376933 0.401038
vt 0.575257 0.130615
vt 0.575257 0.123014
vt 0.576794 0.123065
vt 0.576794 0.130689
vt 0.182416 0.061126
vt 0.175354 0.061126
vt 0.175354 0.044927
vt 0.182416 0.044927
vt 0.505647 0.286549
vt 0.499765 0.286549
vt 0.490116 0.344777
vt 0.499001 0.344777
vt 0.575257 0.081763
vt 0.576794 0.081689
vt 0.244336 0.093253
vt 0.585863 0.018307
vt 0.585863 0.026554
vt 0.587399 0.026528
vt 0.587399 0.018256
vt 0.259435 0.153532
vt 0.270124 0.165325
vt 0.566773 0.004389
vt 0.566773 0.011051
vt 0.568309 0.010977
vt 0.568309 0.004295
vt 0.382429 0.432126
vt 0.382429 0.441058
vt 0.568309 0.066660
vt 0.569777 0.067256
vt 0.569777 0.060446
vt 0.240166 0.386061
vt 0.578262 0.131503
vt 0.578262 0.138314
vt 0.576794 0.137372
vt 0.382429 0.449646
vt 0.382429 0.457561
vt 0.578262 0.123733
vt 0.382429 0.464499
vt 0.378469 0.463309
vt 0.578262 0.115302
vt 0.588867 0.052676
vt 0.588867 0.044245
vt 0.691901 0.932213
vt 0.684031 0.933415
vt 0.684332 0.928822
vt 0.686764 0.928767
vt 0.690077 0.927213
vt 0.578262 0.106535
vt 0.587399 0.059632
vt 0.588867 0.060446
vt 0.588867 0.018278
vt 0.588867 0.010508
vt 0.578262 0.097767
vt 0.587399 0.066314
vt 0.588867 0.067256
vt 0.588867 0.026709
vt 0.578262 0.089336
vt 0.569777 0.010508
vt 0.569777 0.003698
vt 0.587399 0.035132
vt 0.588867 0.035477
vt 0.578262 0.081566
vt 0.568309 0.018601
vt 0.569777 0.018278
vt 0.591359 0.060912
vt 0.591359 0.052997
vt 0.591359 0.010042
vt 0.591359 0.003104
vt 0.569777 0.026709
vt 0.264336 0.257157
vt 0.257483 0.271648
vt 0.275875 0.242742
vt 0.271612 0.259760
vt 0.569777 0.035477
vt 0.569777 0.044245
vt 0.382429 0.414606
vt 0.382429 0.423194
vt 0.569777 0.052676
vt 0.572269 0.010042
vt 0.572269 0.003104
vt 0.572269 0.060912
vt 0.572269 0.052997
vt 0.591359 0.035477
vt 0.591359 0.044409
vt 0.593767 0.044416
vt 0.593767 0.035477
vt 0.580754 0.089015
vt 0.580754 0.097603
vt 0.580754 0.106535
vt 0.580754 0.115466
vt 0.591359 0.026546
vt 0.591359 0.017957
vt 0.572269 0.044409
vt 0.591359 0.067850
vt 0.572269 0.035477
vt 0.580754 0.124055
vt 0.572269 0.026546
vt 0.580754 0.131970
vt 0.572269 0.017957
vt 0.580754 0.138907
vt 0.580754 0.081099
vt 0.572269 0.067850
vt 0.574676 0.010022
vt 0.574676 0.003079
vt 0.583161 0.124069
vt 0.583161 0.131990
vt 0.583161 0.089001
vt 0.583161 0.097596
vt 0.384836 0.406671
vt 0.384836 0.414592
vt 0.593767 0.026538
vt 0.583161 0.138933
vt 0.593767 0.017943
vt 0.384836 0.423187
vt 0.593767 0.067876
vt 0.593767 0.060933
vt 0.574676 0.067876
vt 0.574676 0.060933
vt 0.583161 0.106535
vt 0.574676 0.044416
vt 0.574676 0.035477
vt 0.384836 0.432126
vt 0.593767 0.010022
vt 0.574676 0.026538
vt 0.574676 0.053011
vt 0.593767 0.053011
vt 0.384836 0.449660
vt 0.384836 0.457581
vt 0.384836 0.441065
vt 0.583161 0.115473
vt 0.384836 0.464525
vt 0.593767 0.003079
vt 0.574676 0.017943
vt 0.580754 0.074162
vt 0.583161 0.074136
vt 0.583161 0.081079
vt 0.384836 0.399727
vt 0.585707 0.074889
vt 0.585707 0.081671
vt 0.585707 0.115266
vt 0.585707 0.123661
vt 0.577223 0.018351
vt 0.577223 0.010614
vt 0.387383 0.400481
vt 0.387383 0.407262
vt 0.585707 0.089408
vt 0.596313 0.044208
vt 0.596313 0.035477
vt 0.577223 0.003832
vt 0.585707 0.131398
vt 0.585707 0.097804
vt 0.387383 0.415000
vt 0.596313 0.026746
vt 0.585707 0.138180
vt 0.596313 0.018351
vt 0.387383 0.423395
vt 0.596313 0.067123
vt 0.596313 0.060341
vt 0.577223 0.067123
vt 0.577223 0.060341
vt 0.585707 0.106535
vt 0.577223 0.044208
vt 0.577223 0.035477
vt 0.387383 0.432126
vt 0.596313 0.010614
vt 0.577223 0.026746
vt 0.577223 0.052604
vt 0.596313 0.052604
vt 0.387383 0.449252
vt 0.387383 0.456990
vt 0.387383 0.440857
vt 0.387383 0.463771
vt 0.596313 0.003832
vt 0.468716 0.478101
vt 0.474920 0.471898
vt 0.475979 0.473188
vt 0.470006 0.479160
vt 0.537906 0.478101
vt 0.542780 0.485396
vt 0.541308 0.486183
vt 0.536615 0.479160
vt 0.587549 0.090047
vt 0.587549 0.098129
vt 0.490320 0.549319
vt 0.482214 0.545961
vt 0.483001 0.544489
vt 0.490804 0.547722
vt 0.598155 0.035477
vt 0.598155 0.027072
vt 0.531702 0.471898
vt 0.530643 0.473188
vt 0.598155 0.018990
vt 0.389225 0.415638
vt 0.389225 0.423721
vt 0.463842 0.485396
vt 0.465314 0.486183
vt 0.524408 0.467024
vt 0.523621 0.468496
vt 0.587549 0.106535
vt 0.579065 0.043882
vt 0.579065 0.035477
vt 0.389225 0.432126
vt 0.468716 0.534884
vt 0.463842 0.527589
vt 0.465314 0.526802
vt 0.470006 0.533825
vt 0.579065 0.027072
vt 0.516302 0.463666
vt 0.515818 0.465264
vt 0.460485 0.493501
vt 0.462082 0.493986
vt 0.531702 0.541087
vt 0.524407 0.545962
vt 0.523621 0.544490
vt 0.530643 0.539797
vt 0.389225 0.440531
vt 0.587549 0.114940
vt 0.537906 0.534884
vt 0.536615 0.533825
vt 0.579065 0.051965
vt 0.474920 0.541087
vt 0.475978 0.539797
vt 0.579065 0.018990
vt 0.389225 0.448614
vt 0.598155 0.051965
vt 0.598155 0.043882
vt 0.542780 0.527589
vt 0.541308 0.526802
vt 0.587549 0.123022
vt 0.482214 0.467024
vt 0.483001 0.468496
vt 0.546137 0.519484
vt 0.544540 0.518999
vt 0.073294 0.854631
vt 0.081195 0.854631
vt 0.076818 0.856931
vt 0.073610 0.856931
vt 0.071365 0.856931
vt 0.466369 0.510271
vt 0.467789 0.517411
vt 0.462082 0.518999
vt 0.460434 0.510716
vt 0.460434 0.502270
vt 0.470575 0.489126
vt 0.467789 0.495852
vt 0.466369 0.502991
vt 0.609337 0.657993
vt 0.609337 0.652877
vt 0.614351 0.651164
vt 0.614351 0.655121
vt 0.619366 0.654366
vt 0.619366 0.656159
vt 0.619366 0.658023
vt 0.690548 0.917262
vt 0.688529 0.919707
vt 0.688038 0.919139
vt 0.557081 0.076000
vt 0.557081 0.079947
vt 0.562096 0.079165
vt 0.562096 0.074271
vt 0.619366 0.649451
vt 0.552066 0.082846
vt 0.552066 0.087812
vt 0.557081 0.089510
vt 0.557081 0.085719
vt 0.562096 0.086474
vt 0.562096 0.082817
vt 0.544540 0.493986
vt 0.538860 0.495852
vt 0.536074 0.489126
vt 0.532030 0.483073
vt 0.526882 0.477926
vt 0.520830 0.473882
vt 0.499685 0.543587
vt 0.506964 0.543587
vt 0.514104 0.542167
vt 0.515818 0.547722
vt 0.507534 0.549369
vt 0.499088 0.549369
vt 0.485819 0.539381
vt 0.492545 0.542167
vt 0.429938 0.303077
vt 0.429938 0.296657
vt 0.431761 0.296657
vt 0.431761 0.303077
vt 0.421454 0.104696
vt 0.421454 0.111116
vt 0.423277 0.111116
vt 0.423277 0.104696
vt 0.421454 0.118082
vt 0.423277 0.118082
vt 0.694551 0.815651
vt 0.689797 0.815651
vt 0.687512 0.815651
vt 0.682209 0.815651
vt 0.676601 0.817592
vt 0.708247 0.817592
vt 0.702460 0.815651
vt 0.696837 0.815651
vt 0.436301 0.121264
vt 0.436301 0.114298
vt 0.438124 0.114298
vt 0.438124 0.121264
vt 0.436301 0.107878
vt 0.438124 0.107878
vt 0.415090 0.331499
vt 0.416913 0.331499
vt 0.415090 0.303077
vt 0.415090 0.310043
vt 0.416913 0.310043
vt 0.416913 0.303077
vt 0.436301 0.154767
vt 0.436301 0.149139
vt 0.438124 0.149139
vt 0.438124 0.154767
vt 0.344376 0.183924
vt 0.359362 0.178562
vt 0.328632 0.186260
vt 0.429938 0.310043
vt 0.431761 0.310043
vt 0.429938 0.343546
vt 0.429938 0.337919
vt 0.431761 0.337919
vt 0.431761 0.343546
vt 0.352001 0.028722
vt 0.366389 0.035527
vt 0.514104 0.471096
vt 0.506964 0.469676
vt 0.499685 0.469676
vt 0.492545 0.471096
vt 0.490804 0.465264
vt 0.499088 0.463616
vt 0.507534 0.463616
vt 0.276283 0.039954
vt 0.421454 0.125327
vt 0.423277 0.125327
vt 0.373014 0.170380
vt 0.384807 0.159691
vt 0.421454 0.132571
vt 0.421454 0.139538
vt 0.423277 0.139538
vt 0.423277 0.132571
vt 0.415090 0.337919
vt 0.416913 0.337919
vt 0.707921 0.738129
vt 0.708634 0.745374
vt 0.710574 0.745374
vt 0.709823 0.737751
vt 0.440435 0.106800
vt 0.440435 0.113556
vt 0.419223 0.324911
vt 0.419223 0.317288
vt 0.048072 0.639318
vt 0.048786 0.632073
vt 0.046883 0.631695
vt 0.046132 0.639318
vt 0.438124 0.142719
vt 0.440435 0.143462
vt 0.440435 0.150217
vt 0.440435 0.120886
vt 0.434071 0.295580
vt 0.434071 0.302335
vt 0.419223 0.309665
vt 0.101100 0.590532
vt 0.101814 0.583287
vt 0.099911 0.582909
vt 0.099160 0.590532
vt 0.419223 0.302335
vt 0.434071 0.309665
vt 0.048786 0.646562
vt 0.046883 0.646941
vt 0.101814 0.597777
vt 0.099911 0.598155
vt 0.438124 0.128509
vt 0.440435 0.128509
vt 0.425587 0.132950
vt 0.425587 0.125327
vt 0.431761 0.317288
vt 0.434071 0.317288
vt 0.416913 0.296657
vt 0.419223 0.295580
vt 0.425587 0.117704
vt 0.423277 0.145958
vt 0.425587 0.147035
vt 0.425587 0.140280
vt 0.419223 0.338997
vt 0.419223 0.332241
vt 0.431761 0.331499
vt 0.434071 0.332241
vt 0.434071 0.338997
vt 0.431761 0.324533
vt 0.434071 0.324911
vt 0.438124 0.135753
vt 0.440435 0.136132
vt 0.698029 0.649923
vt 0.697315 0.657168
vt 0.699218 0.657546
vt 0.699969 0.649923
vt 0.707921 0.752618
vt 0.709823 0.752997
vt 0.425587 0.110374
vt 0.697315 0.642679
vt 0.699218 0.642300
vt 0.425587 0.103618
vt 0.436246 0.294932
vt 0.436246 0.301889
vt 0.421398 0.317288
vt 0.421398 0.309438
vt 0.440435 0.156138
vt 0.442610 0.150865
vt 0.442610 0.156963
vt 0.421398 0.301889
vt 0.436246 0.309438
vt 0.419223 0.344918
vt 0.421398 0.345742
vt 0.421398 0.339644
vt 0.425587 0.152957
vt 0.427762 0.153781
vt 0.427762 0.147683
vt 0.442610 0.120658
vt 0.442610 0.128509
vt 0.427762 0.133177
vt 0.427762 0.125327
vt 0.436246 0.317288
vt 0.421398 0.294932
vt 0.427762 0.117476
vt 0.427762 0.140726
vt 0.421398 0.332687
vt 0.436246 0.332687
vt 0.436246 0.339644
vt 0.436246 0.325138
vt 0.442610 0.136359
vt 0.434071 0.344918
vt 0.436246 0.345742
vt 0.419223 0.289658
vt 0.421398 0.288834
vt 0.427762 0.109928
vt 0.421398 0.325138
vt 0.440435 0.100879
vt 0.442610 0.100055
vt 0.442610 0.106152
vt 0.442610 0.143908
vt 0.427762 0.102971
vt 0.434071 0.289658
vt 0.436246 0.288834
vt 0.442610 0.113109
vt 0.425587 0.097697
vt 0.427762 0.096873
vt 0.430587 0.153539
vt 0.430587 0.147493
vt 0.445435 0.120725
vt 0.445435 0.128509
vt 0.430587 0.133111
vt 0.430587 0.125327
vt 0.439071 0.309504
vt 0.439071 0.317288
vt 0.424223 0.302020
vt 0.424223 0.295122
vt 0.430587 0.117543
vt 0.430587 0.140595
vt 0.424223 0.339454
vt 0.424223 0.332556
vt 0.439071 0.332556
vt 0.439071 0.339454
vt 0.439071 0.325072
vt 0.445435 0.136292
vt 0.439071 0.345500
vt 0.424223 0.289076
vt 0.430587 0.110059
vt 0.424223 0.325072
vt 0.445435 0.100297
vt 0.445435 0.106343
vt 0.445435 0.143777
vt 0.430587 0.103161
vt 0.439071 0.289076
vt 0.439071 0.295122
vt 0.445435 0.113240
vt 0.424223 0.317288
vt 0.430587 0.097115
vt 0.445435 0.150675
vt 0.439071 0.302020
vt 0.424223 0.309504
vt 0.445435 0.156721
vt 0.424223 0.345500
vt 0.514882 0.379215
vt 0.522108 0.382208
vt 0.465121 0.405813
vt 0.468114 0.398587
vt 0.469665 0.399417
vt 0.466804 0.406324
vt 0.491719 0.379215
vt 0.499390 0.377690
vt 0.477989 0.448236
vt 0.472459 0.442706
vt 0.473819 0.441590
vt 0.479106 0.446876
vt 0.541480 0.405813
vt 0.543006 0.413484
vt 0.541255 0.413657
vt 0.539796 0.406324
vt 0.499390 0.457101
vt 0.491719 0.455575
vt 0.492229 0.453891
vt 0.499562 0.455350
vt 0.507211 0.377690
vt 0.507039 0.379441
vt 0.534142 0.442706
vt 0.528611 0.448236
vt 0.527495 0.446876
vt 0.532782 0.441590
vt 0.484493 0.382208
vt 0.463595 0.413484
vt 0.465346 0.413657
vt 0.507211 0.457101
vt 0.507039 0.455350
vt 0.538487 0.398587
vt 0.536935 0.399417
vt 0.477990 0.386554
vt 0.538487 0.436203
vt 0.536935 0.435373
vt 0.514882 0.455575
vt 0.514371 0.453891
vt 0.463595 0.421306
vt 0.465346 0.421133
vt 0.472459 0.392084
vt 0.473819 0.393200
vt 0.534142 0.392084
vt 0.532782 0.393201
vt 0.541480 0.428977
vt 0.539796 0.428466
vt 0.465121 0.428977
vt 0.466804 0.428466
vt 0.543006 0.421306
vt 0.541255 0.421133
vt 0.528611 0.386554
vt 0.522108 0.452582
vt 0.521279 0.451030
vt 0.468114 0.436203
vt 0.469665 0.435373
vt 0.484493 0.452582
vt 0.485322 0.451030
vt 0.471019 0.427188
vt 0.473550 0.433297
vt 0.477224 0.438796
vt 0.481900 0.443472
vt 0.487398 0.447146
vt 0.473550 0.401493
vt 0.471019 0.407603
vt 0.469729 0.414089
vt 0.493508 0.449677
vt 0.499994 0.450967
vt 0.506607 0.450967
vt 0.477224 0.395994
vt 0.513093 0.449677
vt 0.519202 0.447146
vt 0.469729 0.420702
vt 0.529377 0.438796
vt 0.533051 0.433297
vt 0.535582 0.427188
vt 0.064096 0.465780
vt 0.051885 0.471345
vt 0.048287 0.462660
vt 0.051885 0.444575
vt 0.062721 0.451816
vt 0.061699 0.453728
vt 0.061070 0.455802
vt 0.060857 0.457960
vt 0.061070 0.460118
vt 0.061699 0.462192
vt 0.062721 0.464104
vt 0.524701 0.443472
vt 0.506607 0.383823
vt 0.576794 0.075006
vt 0.536872 0.420702
vt 0.536872 0.414089
vt 0.535582 0.407603
vt 0.533051 0.401493
vt 0.529377 0.395994
vt 0.410436 0.508281
vt 0.410436 0.514610
vt 0.407340 0.514722
vt 0.407340 0.508339
vt 0.526805 0.273624
vt 0.531917 0.273624
vt 0.532125 0.270528
vt 0.526968 0.270528
vt 0.499928 0.283453
vt 0.494816 0.283453
vt 0.494608 0.286549
vt 0.291654 0.518669
vt 0.291654 0.525250
vt 0.288558 0.525308
vt 0.288558 0.518669
vt 0.518669 0.283453
vt 0.512088 0.283453
vt 0.512031 0.286549
vt 0.518669 0.286549
vt 0.410436 0.501700
vt 0.407340 0.501700
vt 0.489322 0.273624
vt 0.495154 0.273624
vt 0.495042 0.270528
vt 0.489159 0.270528
vt 0.525250 0.283453
vt 0.525308 0.286549
vt 0.505760 0.283453
vt 0.520973 0.273624
vt 0.521085 0.270528
vt 0.410436 0.482959
vt 0.410436 0.488791
vt 0.410436 0.495119
vt 0.407340 0.495062
vt 0.291654 0.512088
vt 0.288558 0.512031
vt 0.410436 0.477847
vt 0.407340 0.477639
vt 0.484210 0.273624
vt 0.484003 0.270528
vt 0.531579 0.283453
vt 0.531691 0.286549
vt 0.514645 0.273624
vt 0.514702 0.270528
vt 0.291654 0.537411
vt 0.291654 0.542523
vt 0.288558 0.542730
vt 0.288558 0.537574
vt 0.291654 0.505760
vt 0.288558 0.505647
vt 0.537411 0.283453
vt 0.410436 0.520442
vt 0.410436 0.525554
vt 0.407340 0.525761
vt 0.407340 0.520605
vt 0.291654 0.531579
vt 0.288558 0.531691
vt 0.508064 0.273624
vt 0.508064 0.270528
vt 0.542523 0.283453
vt 0.291654 0.499928
vt 0.288558 0.499765
vt 0.501482 0.273624
vt 0.501425 0.270528
vt 0.291654 0.494816
vt 0.288558 0.494608
vt 0.518669 0.344777
vt 0.528696 0.344777
vt 0.536617 0.212300
vt 0.527732 0.212300
vt 0.349112 0.491674
vt 0.518090 0.212300
vt 0.230330 0.555011
vt 0.230330 0.547223
vt 0.538337 0.344777
vt 0.230330 0.538337
vt 0.230330 0.528696
vt 0.349112 0.530254
vt 0.349112 0.521368
vt 0.349112 0.511727
vt 0.349112 0.501700
vt 0.282908 0.174806
vt 0.297296 0.181611
vt 0.528895 0.350181
vt 0.538728 0.350181
vt 0.343709 0.491475
vt 0.343709 0.481642
vt 0.528122 0.206897
vt 0.518289 0.206897
vt 0.224926 0.555733
vt 0.224926 0.547790
vt 0.230330 0.499001
vt 0.230330 0.508643
vt 0.224926 0.508443
vt 0.224926 0.498611
vt 0.547790 0.350181
vt 0.349112 0.538042
vt 0.343709 0.538764
vt 0.343709 0.530821
vt 0.224926 0.538728
vt 0.508064 0.212300
vt 0.508064 0.206897
vt 0.555733 0.350181
vt 0.230330 0.490116
vt 0.224926 0.489549
vt 0.224926 0.528895
vt 0.343709 0.521759
vt 0.498037 0.212300
vt 0.497838 0.206897
vt 0.230330 0.482328
vt 0.224926 0.481606
vt 0.488396 0.212300
vt 0.488005 0.206897
vt 0.343709 0.511926
vt 0.544405 0.212300
vt 0.545127 0.206897
vt 0.537184 0.206897
vt 0.482328 0.344777
vt 0.481606 0.350181
vt 0.489549 0.350181
vt 0.230330 0.518669
vt 0.224926 0.518669
vt 0.508643 0.344777
vt 0.508443 0.350181
vt 0.518669 0.350181
vt 0.343709 0.501700
vt 0.479510 0.212300
vt 0.478943 0.206897
vt 0.498611 0.350181
vt 0.343709 0.472580
vt 0.349112 0.465359
vt 0.343709 0.464637
vt 0.471722 0.212300
vt 0.471000 0.206897
vt 0.220312 0.546852
vt 0.220312 0.538082
vt 0.517960 0.202282
vt 0.508064 0.202283
vt 0.546852 0.354795
vt 0.554539 0.354795
vt 0.220312 0.499257
vt 0.220312 0.490487
vt 0.220312 0.528566
vt 0.339095 0.529883
vt 0.339095 0.521113
vt 0.498167 0.202283
vt 0.220312 0.482800
vt 0.488651 0.202283
vt 0.339095 0.511597
vt 0.543933 0.202282
vt 0.536246 0.202282
vt 0.482800 0.354795
vt 0.490487 0.354795
vt 0.220312 0.518669
vt 0.508773 0.354795
vt 0.518669 0.354795
vt 0.339095 0.501700
vt 0.479881 0.202283
vt 0.528566 0.354795
vt 0.499257 0.354795
vt 0.527476 0.202282
vt 0.339095 0.482288
vt 0.339095 0.473518
vt 0.339095 0.491804
vt 0.220312 0.508773
vt 0.339095 0.465831
vt 0.472194 0.202283
vt 0.538082 0.354795
vt 0.220312 0.554539
vt 0.339095 0.537570
vt 0.508064 0.197548
vt 0.499052 0.197548
vt 0.036047 0.493830
vt 0.029738 0.486143
vt 0.033508 0.483624
vt 0.039253 0.490624
vt 0.490386 0.197548
vt 0.334360 0.519378
vt 0.334360 0.510712
vt 0.114095 0.486143
vt 0.107786 0.493830
vt 0.104580 0.490624
vt 0.110325 0.483624
vt 0.043734 0.500138
vt 0.046253 0.496369
vt 0.215577 0.527681
vt 0.215577 0.518669
vt 0.509657 0.359529
vt 0.518669 0.359529
vt 0.334360 0.501700
vt 0.114095 0.429777
vt 0.118783 0.438547
vt 0.114594 0.440282
vt 0.110325 0.432296
vt 0.527681 0.359529
vt 0.052504 0.504826
vt 0.054239 0.500637
vt 0.118783 0.477372
vt 0.114594 0.475637
vt 0.043734 0.415782
vt 0.052504 0.411094
vt 0.054239 0.415283
vt 0.046253 0.419551
vt 0.334360 0.492688
vt 0.215577 0.509657
vt 0.036047 0.422090
vt 0.039253 0.425296
vt 0.500992 0.359529
vt 0.107786 0.422090
vt 0.104580 0.425296
vt 0.536347 0.359529
vt 0.334360 0.484023
vt 0.525741 0.197548
vt 0.517076 0.197548
vt 0.029738 0.429777
vt 0.033508 0.432296
vt 0.215577 0.500992
vt 0.100099 0.500138
vt 0.091329 0.504826
vt 0.089594 0.500637
vt 0.097580 0.496369
vt 0.100099 0.415782
vt 0.097580 0.419551
vt 0.025051 0.438547
vt 0.029239 0.440282
vt 0.025051 0.477372
vt 0.029239 0.475637
vt 0.215577 0.536347
vt 0.091329 0.411094
vt 0.089594 0.415283
vt 0.080929 0.412654
vt 0.092818 0.426679
vt 0.079256 0.421062
vt 0.045315 0.431358
vt 0.040636 0.437059
vt 0.037160 0.443563
vt 0.117223 0.448948
vt 0.108814 0.450620
vt 0.106674 0.443563
vt 0.103197 0.437059
vt 0.051016 0.489240
vt 0.057520 0.423203
vt 0.051016 0.426679
vt 0.118110 0.457960
vt 0.117223 0.466972
vt 0.106674 0.472357
vt 0.109537 0.457960
vt 0.026611 0.466972
vt 0.025723 0.457960
vt 0.034296 0.457960
vt 0.035019 0.465299
vt 0.037160 0.472357
vt 0.098518 0.431358
vt 0.092818 0.489240
vt 0.040636 0.478861
vt 0.045315 0.484562
vt 0.062905 0.412654
vt 0.064577 0.421062
vt 0.026611 0.448948
vt 0.071917 0.411766
vt 0.098518 0.484562
vt 0.683744 0.937505
vt 0.681949 0.937365
vt 0.677022 0.936363
vt 0.678589 0.931835
vt 0.094175 0.448740
vt 0.088952 0.440924
vt 0.076617 0.434331
vt 0.058532 0.437928
vt 0.062911 0.854631
vt 0.052485 0.854631
vt 0.054334 0.849616
vt 0.373952 0.232624
vt 0.373952 0.239686
vt 0.388308 0.239686
vt 0.388308 0.232624
vt 0.436301 0.102251
vt 0.438124 0.102251
vt 0.421454 0.145958
vt 0.421454 0.151585
vt 0.423277 0.151585
vt 0.692109 0.912229
vt 0.693605 0.936571
vt 0.687469 0.937451
vt 0.685608 0.937534
vt 0.063874 0.856931
vt 0.061445 0.856931
vt 0.056837 0.856931
vt 0.520830 0.539381
vt 0.526882 0.535337
vt 0.532030 0.530189
vt 0.536074 0.524136
vt 0.084308 0.460425
vt 0.084550 0.457960
vt 0.078936 0.468465
vt 0.080850 0.466893
vt 0.060245 0.462795
vt 0.061412 0.464979
vt 0.060245 0.453125
vt 0.059526 0.455495
vt 0.076149 0.447742
vt 0.078061 0.448764
vt 0.078936 0.447455
vt 0.076751 0.446288
vt 0.082764 0.455802
vt 0.084308 0.455495
vt 0.062983 0.466893
vt 0.082134 0.453728
vt 0.083589 0.453125
vt 0.074074 0.447113
vt 0.074381 0.445569
vt 0.082421 0.464979
vt 0.064898 0.468465
vt 0.059283 0.457960
vt 0.069452 0.470351
vt 0.071917 0.470594
vt 0.071917 0.446900
vt 0.071917 0.445326
vt 0.081112 0.451816
vt 0.082421 0.450941
vt 0.074381 0.470351
vt 0.067082 0.469632
vt 0.083589 0.462795
vt 0.065772 0.448764
vt 0.067684 0.447742
vt 0.067082 0.446288
vt 0.064898 0.447455
vt 0.069759 0.447113
vt 0.069452 0.445569
vt 0.059526 0.460425
vt 0.064096 0.450140
vt 0.062983 0.449026
vt 0.079737 0.450140
vt 0.080850 0.449026
vt 0.076751 0.469632
vt 0.061412 0.450941
vt 0.978161 0.410361
vt 0.978161 0.408446
vt 0.981022 0.409339
vt 0.981022 0.411497
vt 0.980282 0.207813
vt 0.980282 0.210183
vt 0.983143 0.209870
vt 0.983143 0.207198
vt 0.978161 0.952574
vt 0.978161 0.950204
vt 0.981022 0.949589
vt 0.981022 0.952261
vt 0.980282 0.219667
vt 0.980282 0.221581
vt 0.983143 0.222717
vt 0.983143 0.220559
vt 0.795745 0.989632
vt 0.795745 0.991547
vt 0.798606 0.992683
vt 0.798606 0.990525
vt 0.978161 0.401427
vt 0.978161 0.398963
vt 0.981022 0.398649
vt 0.981022 0.401427
vt 0.795745 0.982613
vt 0.795745 0.985078
vt 0.798606 0.985392
vt 0.798606 0.982613
vt 0.978161 0.955039
vt 0.981022 0.955039
vt 0.980282 0.205629
vt 0.983143 0.204736
vt 0.795745 0.980149
vt 0.798606 0.979835
vt 0.795745 0.987448
vt 0.798606 0.988063
vt 0.980282 0.217483
vt 0.983143 0.218097
vt 0.978161 0.962058
vt 0.978161 0.959873
vt 0.981022 0.960488
vt 0.981022 0.962950
vt 0.978161 0.957503
vt 0.981022 0.957817
vt 0.978161 0.403892
vt 0.981022 0.404205
vt 0.978161 0.963972
vt 0.981022 0.965108
vt 0.980282 0.203714
vt 0.983143 0.202578
vt 0.795745 0.977779
vt 0.798606 0.977164
vt 0.980282 0.215113
vt 0.983143 0.215426
vt 0.978161 0.394408
vt 0.978161 0.392494
vt 0.981022 0.391358
vt 0.981022 0.393516
vt 0.978161 0.406262
vt 0.981022 0.406877
vt 0.795745 0.975594
vt 0.798606 0.974702
vt 0.978161 0.948020
vt 0.978161 0.946105
vt 0.981022 0.944969
vt 0.981022 0.947127
vt 0.978161 0.396593
vt 0.981022 0.395978
vt 0.980282 0.212648
vt 0.983143 0.212648
vt 0.795745 0.973680
vt 0.798606 0.972544
vt 0.802339 0.985338
vt 0.802339 0.982613
vt 0.984755 0.952314
vt 0.984755 0.955039
vt 0.986876 0.207304
vt 0.986876 0.204889
vt 0.802339 0.979889
vt 0.802339 0.990372
vt 0.802339 0.987958
vt 0.986876 0.220407
vt 0.986876 0.217992
vt 0.984755 0.960383
vt 0.984755 0.962797
vt 0.984755 0.957763
vt 0.984755 0.401427
vt 0.984755 0.404152
vt 0.984755 0.964914
vt 0.986876 0.202773
vt 0.802339 0.977269
vt 0.986876 0.215372
vt 0.984755 0.391552
vt 0.984755 0.393669
vt 0.984755 0.406772
vt 0.802339 0.974855
vt 0.984755 0.945164
vt 0.984755 0.947280
vt 0.984755 0.396083
vt 0.986876 0.212648
vt 0.802339 0.972738
vt 0.984755 0.409186
vt 0.984755 0.398703
vt 0.984755 0.949694
vt 0.986876 0.209923
vt 0.984755 0.411302
vt 0.986876 0.222523
vt 0.802339 0.992488
vt 0.986319 0.962134
vt 0.986319 0.964070
vt 0.803903 0.987501
vt 0.803903 0.985105
vt 0.988441 0.205552
vt 0.988441 0.203617
vt 0.803903 0.980122
vt 0.803903 0.977726
vt 0.986319 0.957530
vt 0.986319 0.959926
vt 0.988441 0.217535
vt 0.988441 0.215140
vt 0.986319 0.392396
vt 0.986319 0.394332
vt 0.986319 0.403919
vt 0.986319 0.406315
vt 0.803903 0.975518
vt 0.986319 0.946008
vt 0.986319 0.947943
vt 0.986319 0.396540
vt 0.988441 0.212648
vt 0.803903 0.973582
vt 0.986319 0.408523
vt 0.986319 0.398936
vt 0.986319 0.950151
vt 0.988441 0.210156
vt 0.986319 0.410458
vt 0.988441 0.207760
vt 0.986319 0.952547
vt 0.988441 0.221679
vt 0.988441 0.219744
vt 0.803903 0.991645
vt 0.803903 0.989709
vt 0.986319 0.401427
vt 0.803903 0.982613
vt 0.986319 0.955039
vt 0.596003 0.922193
vt 0.594414 0.924129
vt 0.592723 0.922438
vt 0.594014 0.920865
vt 0.594973 0.919070
vt 0.597183 0.919985
vt 0.594414 0.906066
vt 0.596003 0.908002
vt 0.597183 0.910210
vt 0.594973 0.911125
vt 0.594014 0.909330
vt 0.592723 0.907757
vt 0.573583 0.910210
vt 0.574764 0.908002
vt 0.576352 0.906066
vt 0.578043 0.907757
vt 0.576752 0.909330
vt 0.575793 0.911125
vt 0.598155 0.915098
vt 0.597910 0.917589
vt 0.595564 0.917123
vt 0.595764 0.915098
vt 0.578287 0.904478
vt 0.579616 0.906466
vt 0.572857 0.917589
vt 0.572611 0.915098
vt 0.572857 0.912606
vt 0.575202 0.913072
vt 0.575202 0.917123
vt 0.592479 0.925717
vt 0.590271 0.926897
vt 0.589356 0.924688
vt 0.591150 0.923729
vt 0.590271 0.903298
vt 0.592479 0.904478
vt 0.591150 0.906466
vt 0.589356 0.905507
vt 0.580495 0.903298
vt 0.582891 0.902571
vt 0.583358 0.904916
vt 0.581411 0.905507
vt 0.597910 0.912606
vt 0.595564 0.913072
vt 0.587875 0.902571
vt 0.587408 0.904916
vt 0.585383 0.904717
vt 0.585383 0.902326
vt 0.585383 0.927870
vt 0.582891 0.927624
vt 0.580495 0.926897
vt 0.581411 0.924688
vt 0.583358 0.925279
vt 0.585383 0.925478
vt 0.619366 0.659885
vt 0.619366 0.666031
vt 0.609337 0.662959
vt 0.578287 0.925717
vt 0.576352 0.924129
vt 0.578043 0.922438
vt 0.579616 0.923729
vt 0.587875 0.927624
vt 0.587408 0.925279
vt 0.574764 0.922193
vt 0.576752 0.920865
vt 0.592919 0.919760
vt 0.592919 0.917474
vt 0.359069 0.005108
vt 0.359069 0.003314
vt 0.360590 0.004416
vt 0.360590 0.005867
vt 0.592919 0.905132
vt 0.591321 0.905132
vt 0.575793 0.919070
vt 0.577619 0.917474
vt 0.577619 0.919760
vt 0.359069 0.007056
vt 0.360590 0.007443
vt 0.579446 0.905132
vt 0.577619 0.905132
vt 0.543606 0.182964
vt 0.543606 0.184537
vt 0.545127 0.183134
vt 0.545127 0.181862
vt 0.543606 0.177197
vt 0.543606 0.179222
vt 0.545127 0.178835
vt 0.545127 0.177197
vt 0.359069 0.009081
vt 0.360590 0.009081
vt 0.697941 0.814129
vt 0.696147 0.814129
vt 0.543606 0.175172
vt 0.545127 0.175559
vt 0.543606 0.181170
vt 0.545127 0.180410
vt 0.688202 0.814129
vt 0.686407 0.814129
vt 0.359069 0.014848
vt 0.359069 0.013053
vt 0.360590 0.012294
vt 0.360590 0.013746
vt 0.359069 0.011106
vt 0.360590 0.010719
vt 0.590048 0.925383
vt 0.592919 0.925383
vt 0.577619 0.925383
vt 0.579446 0.925383
vt 0.543606 0.173225
vt 0.545127 0.173984
vt 0.577619 0.910435
vt 0.577619 0.912721
vt 0.072212 0.816251
vt 0.073785 0.816251
vt 0.076730 0.817772
vt 0.073214 0.817772
vt 0.592919 0.912721
vt 0.592919 0.910435
vt 0.543606 0.171430
vt 0.545127 0.172532
vt 0.580718 0.925383
vt 0.070417 0.816251
vt 0.071107 0.817772
vt 0.543606 0.169857
vt 0.545127 0.171260
vt 0.060678 0.816251
vt 0.062472 0.816251
vt 0.061782 0.817772
vt 0.056479 0.817772
vt 0.566773 0.018652
vt 0.583745 0.905132
vt 0.585383 0.905132
vt 0.587021 0.905132
vt 0.588596 0.905132
vt 0.590048 0.905132
vt 0.592919 0.899524
vt 0.577619 0.899524
vt 0.580718 0.905132
vt 0.582170 0.905132
vt 0.421454 0.099069
vt 0.423277 0.099069
vt 0.394288 0.146907
vt 0.401093 0.132519
vt 0.064068 0.817772
vt 0.068822 0.817772
vt 0.082518 0.819713
vt 0.050872 0.819713
vt 0.081538 0.822809
vt 0.051821 0.822809
vt 0.500120 0.668152
vt 0.500120 0.652853
vt 0.649573 0.693627
vt 0.656584 0.695801
vt 0.656584 0.705884
vt 0.649573 0.707994
vt 0.677550 0.820688
vt 0.707268 0.820688
vt 0.646477 0.693154
vt 0.646477 0.708453
vt 0.436301 0.142719
vt 0.511189 0.665582
vt 0.511189 0.655500
vt 0.261574 0.013250
vt 0.261574 0.023332
vt 0.267261 0.023332
vt 0.267261 0.013250
vt 0.538860 0.517411
vt 0.540280 0.510271
vt 0.540280 0.502991
vt 0.546188 0.502270
vt 0.546188 0.510716
vt 0.353585 0.247305
vt 0.353736 0.248838
vt 0.682765 0.924686
vt 0.683357 0.925147
vt 0.682066 0.928065
vt 0.691417 0.920356
vt 0.691476 0.923195
vt 0.689173 0.922564
vt 0.689227 0.921816
vt 0.689135 0.921072
vt 0.688899 0.920359
vt 0.691080 0.918998
vt 0.479767 0.535336
vt 0.470575 0.524136
vt 0.474619 0.530189
vt 0.686243 0.925646
vt 0.686955 0.925410
vt 0.687608 0.925040
vt 0.688175 0.924550
vt 0.693605 0.907860
vt 0.573583 0.919985
vt 0.562096 0.080955
vt 0.552066 0.077730
vt 0.690723 0.925838
vt 0.688636 0.923958
vt 0.688973 0.923287
vt 0.691197 0.924568
vt 0.354383 0.248001
vt 0.354407 0.248681
vt 0.354274 0.247329
vt 0.068931 0.856931
vt 0.677906 0.924568
vt 0.684027 0.925484
vt 0.684750 0.925684
vt 0.685499 0.925738
vt 0.157196 0.313875
vt 0.692346 0.929000
vt 0.692531 0.916832
vt 0.692790 0.919258
vt 0.692676 0.926751
vt 0.315536 0.135987
vt 0.323989 0.137668
vt 0.332608 0.137668
vt 0.341061 0.135987
vt 0.692864 0.924315
vt 0.372052 0.089605
vt 0.370370 0.081152
vt 0.367072 0.073190
vt 0.362284 0.066023
vt 0.356189 0.059929
vt 0.678164 0.926995
vt 0.681911 0.842480
vt 0.680087 0.847495
vt 0.678263 0.852510
vt 0.706529 0.852510
vt 0.704648 0.847495
vt 0.702766 0.842480
vt 0.682167 0.919868
vt 0.681830 0.920538
vt 0.474619 0.483073
vt 0.485820 0.473882
vt 0.479767 0.477926
vt 0.683848 0.918415
vt 0.683196 0.918786
vt 0.682628 0.919276
vt 0.682638 0.854810
vt 0.689688 0.854810
vt 0.694745 0.854810
vt 0.697174 0.854810
vt 0.702019 0.854810
vt 0.210535 0.434233
vt 0.210535 0.434890
vt 0.212112 0.434890
vt 0.212112 0.434233
vt 0.401436 0.376213
vt 0.401436 0.376959
vt 0.403012 0.376959
vt 0.403012 0.376213
vt 0.401436 0.378427
vt 0.401436 0.379093
vt 0.403012 0.379093
vt 0.403012 0.378427
vt 0.210535 0.437818
vt 0.210535 0.438485
vt 0.212112 0.438485
vt 0.212112 0.437818
vt 0.382346 0.027001
vt 0.382346 0.026345
vt 0.383922 0.026345
vt 0.383922 0.027001
vt 0.382346 0.025630
vt 0.382346 0.024884
vt 0.383922 0.024884
vt 0.383922 0.025630
vt 0.346287 0.150776
vt 0.346287 0.150030
vt 0.347863 0.150030
vt 0.347863 0.150776
vt 0.382346 0.027575
vt 0.383922 0.027575
vt 0.401436 0.377706
vt 0.403012 0.377706
vt 0.210535 0.433660
vt 0.212112 0.433660
vt 0.401436 0.375498
vt 0.403012 0.375498
vt 0.210535 0.437097
vt 0.212112 0.437097
vt 0.346287 0.147896
vt 0.346287 0.147309
vt 0.347863 0.147309
vt 0.347863 0.147896
vt 0.346287 0.151491
vt 0.347863 0.151491
vt 0.401436 0.374842
vt 0.403012 0.374842
vt 0.382346 0.022750
vt 0.382346 0.022163
vt 0.383922 0.022163
vt 0.383922 0.022750
vt 0.346287 0.148562
vt 0.347863 0.148562
vt 0.210535 0.436350
vt 0.212112 0.436350
vt 0.401436 0.374269
vt 0.403012 0.374269
vt 0.346287 0.152147
vt 0.347863 0.152147
vt 0.346287 0.149283
vt 0.347863 0.149283
vt 0.382346 0.023416
vt 0.383922 0.023416
vt 0.210535 0.435604
vt 0.212112 0.435604
vt 0.346287 0.152720
vt 0.347863 0.152720
vt 0.382346 0.024137
vt 0.383922 0.024137
vt 0.210535 0.439071
vt 0.212112 0.439071
vt 0.401436 0.379680
vt 0.403012 0.379680
vt 0.147694 0.324890
vt 0.147163 0.324360
vt 0.146455 0.324941
vt 0.147113 0.325598
vt 0.148318 0.318557
vt 0.149011 0.318270
vt 0.148745 0.317393
vt 0.147886 0.317749
vt 0.151926 0.325307
vt 0.151232 0.325594
vt 0.151498 0.326471
vt 0.152357 0.326115
vt 0.146313 0.321557
vt 0.146460 0.320821
vt 0.145583 0.320555
vt 0.145402 0.321467
vt 0.153497 0.323736
vt 0.153080 0.324360
vt 0.153788 0.324941
vt 0.154304 0.324168
vt 0.153497 0.320128
vt 0.153784 0.320821
vt 0.154660 0.320555
vt 0.154304 0.319696
vt 0.147694 0.318974
vt 0.147113 0.318266
vt 0.148318 0.325307
vt 0.147886 0.326115
vt 0.153784 0.323043
vt 0.154660 0.323309
vt 0.146313 0.322307
vt 0.145402 0.322397
vt 0.147163 0.319504
vt 0.146455 0.318923
vt 0.153080 0.319504
vt 0.153788 0.318923
vt 0.153930 0.322307
vt 0.154842 0.322397
vt 0.149011 0.325594
vt 0.148745 0.326471
vt 0.146460 0.323043
vt 0.145583 0.323309
vt 0.152549 0.318974
vt 0.153130 0.318266
vt 0.146747 0.323736
vt 0.145939 0.324168
vt 0.149746 0.325740
vt 0.149657 0.326652
vt 0.146747 0.320128
vt 0.145939 0.319696
vt 0.151926 0.318557
vt 0.152357 0.317749
vt 0.153930 0.321557
vt 0.154842 0.321467
vt 0.149746 0.318124
vt 0.150497 0.318124
vt 0.150586 0.317212
vt 0.149657 0.317212
vt 0.150497 0.325740
vt 0.150586 0.326652
vt 0.151232 0.318270
vt 0.151498 0.317393
vt 0.152549 0.324890
vt 0.153130 0.325598
vt 0.371618 0.190609
vt 0.371618 0.189882
vt 0.372934 0.189405
vt 0.372934 0.190237
vt 0.297379 0.380214
vt 0.297379 0.379388
vt 0.298694 0.379016
vt 0.298694 0.379961
vt 0.310105 0.379893
vt 0.310105 0.380819
vt 0.311421 0.380943
vt 0.311421 0.379883
vt 0.210413 0.372317
vt 0.210413 0.373027
vt 0.211729 0.372639
vt 0.211729 0.371826
vt 0.297379 0.384658
vt 0.297379 0.383844
vt 0.298694 0.384115
vt 0.298694 0.385046
vt 0.297379 0.381108
vt 0.298694 0.380984
vt 0.371618 0.191435
vt 0.372934 0.191182
vt 0.310105 0.378969
vt 0.311421 0.378826
vt 0.297379 0.385368
vt 0.298694 0.385858
vt 0.310105 0.378083
vt 0.311421 0.377813
vt 0.371618 0.192328
vt 0.372934 0.192204
vt 0.310105 0.382539
vt 0.310105 0.383266
vt 0.311421 0.383742
vt 0.311421 0.382911
vt 0.210413 0.378297
vt 0.210413 0.379023
vt 0.211729 0.379500
vt 0.211729 0.378668
vt 0.297379 0.382034
vt 0.298694 0.382044
vt 0.210413 0.375651
vt 0.210413 0.376577
vt 0.211729 0.376701
vt 0.211729 0.375641
vt 0.371618 0.193255
vt 0.372934 0.193264
vt 0.310105 0.377269
vt 0.311421 0.376881
vt 0.210413 0.374727
vt 0.211729 0.374584
vt 0.210413 0.377471
vt 0.211729 0.377723
vt 0.310105 0.381713
vt 0.311421 0.381966
vt 0.371618 0.195878
vt 0.371618 0.195065
vt 0.372934 0.195335
vt 0.372934 0.196266
vt 0.371618 0.194179
vt 0.372934 0.194321
vt 0.297379 0.382958
vt 0.298694 0.383101
vt 0.371618 0.196589
vt 0.372934 0.197079
vt 0.310105 0.376559
vt 0.311421 0.376069
vt 0.210413 0.373841
vt 0.211729 0.373570
vt 0.297379 0.378661
vt 0.298694 0.378185
vt 0.374333 0.190097
vt 0.374333 0.191087
vt 0.312821 0.379880
vt 0.312821 0.378772
vt 0.300094 0.385192
vt 0.300094 0.386043
vt 0.312821 0.377711
vt 0.374333 0.192158
vt 0.312821 0.383922
vt 0.312821 0.383051
vt 0.213128 0.379680
vt 0.213128 0.378809
vt 0.300094 0.380937
vt 0.300094 0.382047
vt 0.213128 0.376748
vt 0.213128 0.375637
vt 0.374333 0.193268
vt 0.312821 0.376735
vt 0.213128 0.374530
vt 0.213128 0.377819
vt 0.312821 0.382061
vt 0.374333 0.195437
vt 0.374333 0.196412
vt 0.374333 0.194375
vt 0.300094 0.383155
vt 0.374333 0.197264
vt 0.312821 0.375884
vt 0.213128 0.373468
vt 0.312821 0.380990
vt 0.300094 0.378005
vt 0.300094 0.378876
vt 0.300094 0.384216
vt 0.213128 0.372493
vt 0.374333 0.189225
vt 0.300094 0.379866
vt 0.213128 0.371642
vt 0.214852 0.379459
vt 0.214852 0.378637
vt 0.301817 0.380994
vt 0.301817 0.382043
vt 0.214852 0.376691
vt 0.214852 0.375642
vt 0.376056 0.192215
vt 0.376056 0.193264
vt 0.314544 0.377836
vt 0.314544 0.376915
vt 0.214852 0.374596
vt 0.214852 0.377702
vt 0.314544 0.382879
vt 0.314544 0.381944
vt 0.376056 0.195312
vt 0.376056 0.196233
vt 0.376056 0.194309
vt 0.301817 0.383089
vt 0.376056 0.197037
vt 0.314544 0.376111
vt 0.214852 0.373594
vt 0.314544 0.380933
vt 0.301817 0.378226
vt 0.301817 0.379048
vt 0.301817 0.384091
vt 0.214852 0.372673
vt 0.376056 0.189446
vt 0.376056 0.190269
vt 0.301817 0.379983
vt 0.314544 0.379884
vt 0.214852 0.371868
vt 0.301817 0.385012
vt 0.376056 0.191204
vt 0.314544 0.378838
vt 0.301817 0.385816
vt 0.314544 0.383702
vt 0.377559 0.193247
vt 0.377559 0.194068
vt 0.303320 0.382027
vt 0.303320 0.382847
vt 0.356305 0.251626
vt 0.355560 0.252370
vt 0.354828 0.251477
vt 0.355412 0.250893
vt 0.216354 0.377275
vt 0.216354 0.376481
vt 0.348750 0.252370
vt 0.348005 0.251626
vt 0.348898 0.250893
vt 0.349482 0.251477
vt 0.216354 0.374837
vt 0.216354 0.374050
vt 0.377559 0.194855
vt 0.316046 0.381517
vt 0.316046 0.380723
vt 0.303320 0.379031
vt 0.303320 0.379676
vt 0.303320 0.383634
vt 0.216354 0.373328
vt 0.377559 0.190251
vt 0.377559 0.190897
vt 0.303320 0.380410
vt 0.316046 0.379900
vt 0.348006 0.244815
vt 0.348750 0.244071
vt 0.349482 0.244964
vt 0.348898 0.245548
vt 0.303320 0.384357
vt 0.303320 0.381204
vt 0.377559 0.191631
vt 0.316046 0.379080
vt 0.355561 0.244071
vt 0.356305 0.244815
vt 0.355412 0.245548
vt 0.354828 0.244964
vt 0.316046 0.378293
vt 0.377559 0.192424
vt 0.316046 0.382896
vt 0.316046 0.382251
vt 0.216354 0.378654
vt 0.216354 0.378008
vt 0.216354 0.375658
vt 0.316046 0.377570
vt 0.377559 0.195578
vt 0.355871 0.246234
vt 0.356187 0.246997
vt 0.354882 0.247393
vt 0.354669 0.246877
vt 0.350169 0.244505
vt 0.350812 0.245707
vt 0.350347 0.246017
vt 0.350169 0.251936
vt 0.350347 0.250423
vt 0.350812 0.250734
vt 0.356187 0.249443
vt 0.355871 0.250206
vt 0.354669 0.249564
vt 0.354882 0.249048
vt 0.347962 0.248633
vt 0.347962 0.247807
vt 0.349319 0.247941
vt 0.349319 0.248500
vt 0.349952 0.246412
vt 0.354358 0.246412
vt 0.356348 0.248633
vt 0.354991 0.248500
vt 0.350932 0.252252
vt 0.351328 0.250948
vt 0.348123 0.249443
vt 0.349428 0.249048
vt 0.353963 0.246017
vt 0.348440 0.250206
vt 0.349642 0.249564
vt 0.351742 0.252413
vt 0.351876 0.251057
vt 0.348440 0.246234
vt 0.349642 0.246877
vt 0.354141 0.244505
vt 0.353499 0.245707
vt 0.356348 0.247807
vt 0.354991 0.247941
vt 0.351742 0.244028
vt 0.352568 0.244028
vt 0.352434 0.245384
vt 0.351876 0.245384
vt 0.352568 0.252413
vt 0.352434 0.251057
vt 0.349952 0.250028
vt 0.350932 0.244189
vt 0.351328 0.245493
vt 0.353378 0.244189
vt 0.352982 0.245493
vt 0.348123 0.246997
vt 0.349428 0.247393
vt 0.354141 0.251936
vt 0.353499 0.250734
vt 0.353963 0.250423
vt 0.353378 0.252252
vt 0.352982 0.250948
vt 0.354358 0.250028
vt 0.350116 0.246516
vt 0.349967 0.247107
vt 0.349903 0.247760
vt 0.349927 0.248440
vt 0.350036 0.249111
vt 0.350226 0.249739
vt 0.350488 0.250290
vt 0.350670 0.246228
vt 0.350590 0.246873
vt 0.350574 0.247602
vt 0.214236 0.182416
vt 0.350725 0.249135
vt 0.350883 0.249847
vt 0.351087 0.250464
vt 0.351282 0.246024
vt 0.351275 0.246699
vt 0.158787 0.280317
vt 0.351928 0.245912
vt 0.253660 0.289712
vt 0.264111 0.275621
vt 0.562096 0.091208
vt 0.562096 0.088127
vt 0.352721 0.246557
vt 0.352583 0.245896
vt 0.353223 0.245977
vt 0.353427 0.246594
vt 0.353720 0.249568
vt 0.353640 0.250213
vt 0.353822 0.246151
vt 0.354084 0.246702
vt 0.354343 0.249333
vt 0.354194 0.249925
vt 0.585863 0.035132
vt 0.566773 0.066565
vt 0.316922 0.168092
vt 0.316922 0.178174
vt 0.322410 0.178174
vt 0.322410 0.168092
vt 0.336562 0.024855
vt 0.098248 0.184537
vt 0.098248 0.179421
vt 0.098248 0.174455
vt 0.103935 0.174455
vt 0.103935 0.184537
vt 0.588596 0.925383
vt 0.587021 0.925383
vt 0.585383 0.925383
vt 0.583745 0.925383
vt 0.582170 0.925383
vt 0.577619 0.931170
vt 0.592919 0.931170
vt 0.376933 0.463214
vt 0.681911 0.827699
vt 0.702766 0.827699
vt 0.657546 0.695801
vt 0.657546 0.705884
vt 0.436301 0.135753
vt 0.708453 0.843700
vt 0.708453 0.828420
vt 0.702766 0.828661
vt 0.681911 0.828661
vt 0.676424 0.827615
vt 0.676424 0.843010
vt 0.163944 0.239907
vt 0.325975 0.232624
vt 0.325975 0.239686
vt 0.322933 0.801782
vt 0.322933 0.786503
vt 0.333015 0.786503
vt 0.333015 0.801782
vt 0.415090 0.296657
vt 0.404960 0.117080
vt 0.312735 0.185479
vt 0.429938 0.317288
vt 0.436301 0.128509
vt 0.182416 0.077326
vt 0.175354 0.077326
vt 0.281193 0.329135
vt 0.281193 0.336197
vt 0.295549 0.336197
vt 0.295549 0.329135
vt 0.195143 0.029349
vt 0.188081 0.029349
vt 0.188081 0.014993
vt 0.195143 0.014993
vt 0.429938 0.331499
vt 0.429938 0.324533
vt 0.429938 0.291030
vt 0.431761 0.291030
vt 0.575257 0.075101
vt 0.195143 0.092904
vt 0.188081 0.092904
vt 0.188081 0.077326
vt 0.195143 0.077326
vt 0.268610 0.329135
vt 0.268610 0.336197
vt 0.195143 0.061126
vt 0.188081 0.061126
vt 0.188081 0.044927
vt 0.195143 0.044927
vt 0.373460 0.329135
vt 0.373460 0.336197
vt 0.386043 0.336197
vt 0.386043 0.329135
vt 0.188081 0.002410
vt 0.195143 0.002410
vt 0.182416 0.092904
vt 0.175354 0.092904
vt 0.182416 0.119843
vt 0.175354 0.119843
vt 0.175354 0.107260
vt 0.182416 0.107260
vt 0.585863 0.059557
vt 0.283458 0.232625
vt 0.283458 0.239686
vt 0.327327 0.329135
vt 0.327327 0.336197
vt 0.195143 0.107260
vt 0.188081 0.107260
vt 0.195143 0.119843
vt 0.188081 0.119843
vt 0.400891 0.239686
vt 0.400891 0.232624
vt 0.182416 0.014993
vt 0.175354 0.014993
vt 0.175354 0.002410
vt 0.182416 0.002410
vt 0.182416 0.029349
vt 0.175354 0.029349
vt 0.311127 0.336197
vt 0.311127 0.329135
vt 0.064839 0.004466
vt 0.049513 0.009950
vt 0.035550 0.018319
vt 0.023489 0.029251
vt 0.013792 0.042326
vt 0.006832 0.057041
vt 0.002877 0.072832
vt 0.002078 0.089090
vt 0.004466 0.105192
vt 0.009950 0.120519
vt 0.018319 0.134481
vt 0.029251 0.146543
vt 0.042326 0.156240
vt 0.057041 0.163200
vt 0.072832 0.167155
vt 0.089090 0.167954
vt 0.105192 0.165565
vt 0.120519 0.160081
vt 0.134481 0.151713
vt 0.146543 0.140781
vt 0.156240 0.127706
vt 0.163200 0.112990
vt 0.167155 0.097200
vt 0.167954 0.080941
vt 0.165565 0.064839
vt 0.160081 0.049513
vt 0.151713 0.035550
vt 0.140781 0.023489
vt 0.127706 0.013792
vt 0.112990 0.006832
vt 0.097200 0.002877
vt 0.080941 0.002078
vt 0.415090 0.343546
vt 0.416913 0.343546
vt 0.415090 0.291030
vt 0.416913 0.291030
vt 0.585863 0.066220
vt 0.575257 0.137277
s 1
usemtl Black_Player.001
f 9/1/1 2247/2/2 2248/3/3 10/4/4
f 1832/5/5 1836/6/6 1837/7/7 1833/8/8
f 33/9/9 2219/10/10 2220/11/11 2223/12/12 35/13/13 34/14/14
f 991/15/15 992/16/16 1024/17/17 1023/18/18
f 1419/19/19 1418/20/20 1450/21/21 1451/22/22
f 1436/23/23 1435/24/24 1467/25/25 1468/26/26
f 2199/27/27 2198/28/28 2196/29/29 2197/30/30
f 2/31/31 2240/32/32 2241/33/33 3/34/34
f 977/35/35 978/36/36 1010/37/37 1009/38/38
f 2231/39/39 2228/40/40 2225/41/41 17/42/42 18/43/43 19/44/44
f 980/45/45 981/46/46 1013/47/47 1012/48/48
f 985/49/49 986/50/50 1018/51/51 1017/52/52
f 2210/53/53 2209/54/54 2238/55/55 9/56/1 10/57/4 11/58/56
f 41/56/57 2238/55/55 2209/54/54 2210/53/53 43/58/58 42/57/59
f 995/59/60 996/60/61 1028/61/62 1027/62/63
f 6/63/64 2244/64/65 2245/65/66 7/66/67
f 987/67/68 988/68/69 1020/69/70 1019/70/71
f 1216/71/72 1215/72/73 1247/73/74 1248/74/75
f 46/75/76 78/76/77 77/77/78 45/78/79
f 60/79/80 92/80/81 91/81/82 59/82/83
f 47/83/84 79/84/85 78/76/77 46/75/76
f 48/85/86 80/86/87 79/84/85 47/83/84
f 61/87/88 93/88/89 92/80/81 60/79/80
f 37/89/90 69/90/91 68/91/92 36/92/93
f 62/93/94 94/94/95 93/88/89 61/87/88
f 36/92/93 68/91/92 67/95/96 35/13/13
f 63/96/97 95/97/98 94/94/95 62/93/94
f 64/98/99 96/99/100 95/97/98 63/96/97
f 34/14/14 66/100/101 65/101/102 33/9/9
f 50/43/103 82/102/104 81/103/105 49/42/106
f 51/44/107 83/104/108 82/102/104 50/43/103
f 38/105/109 70/106/110 69/90/91 37/89/90
f 40/107/111 72/108/112 71/109/113 39/110/114
f 33/9/9 65/101/102 96/99/100 64/98/99
f 1860/111/115 1859/112/116 1858/113/117 1875/114/118 1876/115/119 1861/116/120
f 52/117/121 84/118/122 83/104/108 51/44/107
f 35/13/13 67/95/96 66/100/101 34/14/14
f 54/119/123 86/120/124 85/121/125 53/122/126
f 55/123/127 87/124/128 86/120/124 54/119/123
f 41/56/57 73/125/129 72/108/112 40/107/111
f 56/126/130 88/127/131 87/124/128 55/123/127
f 42/57/59 74/128/132 73/125/129 41/56/57
f 39/110/114 71/109/113 70/106/110 38/105/109
f 43/58/58 75/129/133 74/128/132 42/57/59
f 49/42/106 81/103/105 80/86/87 48/85/86
f 57/130/134 89/131/135 88/127/131 56/126/130
f 44/132/136 76/133/137 75/129/133 43/58/58
f 58/134/138 90/135/139 89/131/135 57/130/134
f 45/78/79 77/77/78 76/133/137 44/132/136
f 59/82/83 91/81/82 90/135/139 58/134/138
f 69/136/91 70/137/110 102/138/140 101/139/141
f 96/140/100 65/141/102 97/142/142 128/143/143
f 83/144/108 84/145/122 116/146/144 115/147/145
f 70/137/110 71/148/113 103/149/146 102/138/140
f 84/145/122 85/150/125 117/151/147 116/146/144
f 71/148/113 72/152/112 104/153/148 103/149/146
f 85/154/125 86/155/124 118/156/149 117/157/147
f 72/152/112 73/158/129 105/159/150 104/153/148
f 86/155/124 87/160/128 119/161/151 118/156/149
f 73/158/129 74/162/132 106/163/152 105/159/150
f 87/160/128 88/164/131 120/165/153 119/161/151
f 74/162/132 75/166/133 107/167/154 106/163/152
f 88/164/131 89/168/135 121/169/155 120/165/153
f 75/166/133 76/170/137 108/171/156 107/167/154
f 89/168/135 90/172/139 122/173/157 121/169/155
f 76/170/137 77/174/78 109/175/158 108/171/156
f 90/172/139 91/176/82 123/177/159 122/173/157
f 77/178/78 78/179/77 110/180/160 109/181/158
f 91/176/82 92/182/81 124/183/161 123/177/159
f 78/179/77 79/184/85 111/185/162 110/180/160
f 65/141/102 66/186/101 98/187/163 97/142/142
f 92/182/81 93/188/89 125/189/164 124/183/161
f 79/184/85 80/190/87 112/191/165 111/185/162
f 66/186/101 67/192/96 99/193/166 98/187/163
f 93/194/89 94/195/95 126/196/167 125/197/164
f 80/190/87 81/198/105 113/199/168 112/191/165
f 67/192/96 68/200/92 100/201/169 99/193/166
f 94/195/95 95/202/98 127/203/170 126/196/167
f 81/198/105 82/204/104 114/205/171 113/199/168
f 68/200/92 69/206/91 101/207/141 100/201/169
f 95/202/98 96/140/100 128/143/143 127/203/170
f 82/204/104 83/144/108 115/147/145 114/205/171
f 104/153/148 105/159/150 137/208/172 136/209/173
f 118/156/149 119/161/151 151/210/174 150/211/175
f 105/159/150 106/163/152 138/212/176 137/208/172
f 119/161/151 120/165/153 152/213/177 151/210/174
f 106/163/152 107/167/154 139/214/178 138/212/176
f 120/165/153 121/169/155 153/215/179 152/213/177
f 107/167/154 108/171/156 140/216/180 139/214/178
f 121/169/155 122/173/157 154/217/181 153/215/179
f 108/171/156 109/175/158 141/218/182 140/216/180
f 122/173/157 123/177/159 155/219/183 154/217/181
f 109/181/158 110/180/160 142/220/184 141/221/182
f 123/177/159 124/183/161 156/222/185 155/219/183
f 110/180/160 111/185/162 143/223/186 142/220/184
f 97/142/142 98/187/163 130/224/187 129/225/188
f 124/183/161 125/189/164 157/226/189 156/222/185
f 111/185/162 112/191/165 144/227/190 143/223/186
f 98/187/163 99/193/166 131/228/191 130/224/187
f 125/197/164 126/196/167 158/229/192 157/230/189
f 112/191/165 113/199/168 145/231/193 144/227/190
f 99/193/166 100/201/169 132/232/194 131/228/191
f 126/196/167 127/203/170 159/233/195 158/229/192
f 113/199/168 114/205/171 146/234/196 145/231/193
f 100/201/169 101/207/141 133/235/197 132/232/194
f 127/203/170 128/143/143 160/236/198 159/233/195
f 114/205/171 115/147/145 147/237/199 146/234/196
f 101/139/141 102/138/140 134/238/200 133/239/197
f 128/143/143 97/142/142 129/225/188 160/236/198
f 115/147/145 116/146/144 148/240/201 147/237/199
f 102/138/140 103/149/146 135/241/202 134/238/200
f 116/146/144 117/151/147 149/242/203 148/240/201
f 103/149/146 104/153/148 136/209/173 135/241/202
f 117/157/147 118/156/149 150/211/175 149/243/203
f 151/244/174 152/245/177 153/246/179 174/247/204 173/248/205 172/249/206 150/250/175
f 143/251/186 144/252/190 168/253/207 167/254/208 142/255/184
f 132/256/194 133/257/197 163/258/209 162/259/210 131/260/191
f 158/261/192 159/262/195 177/263/211 176/264/212 157/265/189
f 134/266/200 135/267/202 164/268/213 163/258/209 133/257/197
f 175/269/214 204/270/215 203/271/216 202/272/217 201/273/218 173/248/205 174/247/204 153/246/179 154/274/181 155/275/183
f 160/276/198 129/277/188 161/278/219 177/263/211 159/262/195
f 149/279/203 150/250/175 172/249/206 171/280/220 148/281/201
f 145/282/193 146/283/196 170/284/221 169/285/222 168/253/207 144/252/190
f 156/286/185 157/265/189 176/264/212 175/269/214 155/275/183
f 130/287/187 131/260/191 162/259/210 161/278/219 129/277/188
f 1877/288/223 1894/289/224 1895/290/225 1878/291/226
f 810/292/227 811/293/228 812/294/229 813/295/230 838/296/231 837/297/232 836/298/233 835/299/234 834/300/235 808/301/236 809/302/237
f 176/264/212 177/263/211 208/303/238 207/304/239 206/305/240 205/306/241 204/270/215 175/269/214
f 1627/307/242 1628/308/243 1629/309/244 1630/310/245 1631/311/246 1632/312/247 1633/313/248 1634/314/249 1635/315/250 1636/316/251 1604/317/252 1603/318/253 1602/319/254 1601/320/255 1600/321/256 1625/322/257 1626/323/258
f 177/263/211 161/278/219 162/259/210 180/324/259 179/325/260 178/326/261 209/327/262 208/303/238
f 2200/328/263 1845/329/264 1846/330/265 2199/331/27 2197/332/30 1840/333/30 1836/334/6 1835/335/266 1839/336/267 2192/337/267 2194/338/268 1844/339/269
f 1353/340/270 1352/341/271 1351/342/272 1383/343/273 1384/344/274 1385/345/275
f 171/280/220 172/249/206 173/248/205 201/273/218 200/346/276 199/347/277 198/348/278 197/349/279
f 194/350/280 195/351/281 227/352/282 226/353/283
f 181/354/284 182/355/285 214/356/286 213/357/287
f 208/303/238 209/327/262 241/358/288 240/359/289
f 195/351/281 196/360/290 228/361/291 227/352/282
f 182/355/285 183/362/292 215/363/293 214/356/286
f 209/327/262 178/326/261 210/364/294 241/358/288
f 196/360/290 197/349/279 229/365/295 228/361/291
f 183/362/292 184/366/296 216/367/297 215/363/293
f 197/349/279 198/348/278 230/368/298 229/365/295
f 184/366/296 185/369/299 217/370/300 216/367/297
f 198/348/278 199/347/277 231/371/301 230/368/298
f 185/369/299 186/372/302 218/373/303 217/370/300
f 199/347/277 200/346/276 232/374/304 231/371/301
f 186/372/302 187/375/305 219/376/306 218/373/303
f 200/346/276 201/273/218 233/377/307 232/374/304
f 187/375/305 188/378/308 220/379/309 219/376/306
f 201/273/218 202/272/217 234/380/310 233/377/307
f 188/378/308 189/381/311 221/382/312 220/379/309
f 202/272/217 203/271/216 235/383/313 234/380/310
f 189/381/311 190/384/314 222/385/315 221/382/312
f 203/271/216 204/270/215 236/386/316 235/383/313
f 190/384/314 191/387/317 223/388/318 222/385/315
f 204/270/215 205/306/241 237/389/319 236/386/316
f 191/387/317 192/390/320 224/391/321 223/388/318
f 178/326/261 179/325/260 211/392/322 210/364/294
f 205/306/241 206/305/240 238/393/323 237/389/319
f 192/390/320 193/394/324 225/395/325 224/391/321
f 179/325/260 180/324/259 212/396/326 211/392/322
f 206/305/240 207/304/239 239/397/327 238/393/323
f 193/394/324 194/350/280 226/353/283 225/395/325
f 180/324/259 181/354/284 213/357/287 212/396/326
f 207/304/239 208/303/238 240/359/289 239/397/327
f 229/365/295 230/368/298 262/398/328 261/399/329
f 216/400/297 217/401/300 249/402/330 248/403/331
f 230/368/298 231/371/301 263/404/332 262/398/328
f 217/401/300 218/405/303 250/406/333 249/402/330
f 231/407/301 232/408/304 264/409/334 263/410/332
f 218/405/303 219/411/306 251/412/335 250/406/333
f 232/408/304 233/413/307 265/414/336 264/409/334
f 219/411/306 220/415/309 252/416/337 251/412/335
f 233/413/307 234/417/310 266/418/338 265/414/336
f 220/415/309 221/419/312 253/420/339 252/416/337
f 234/417/310 235/421/313 267/422/340 266/418/338
f 221/382/312 222/385/315 254/423/341 253/424/339
f 235/421/313 236/425/316 268/426/342 267/422/340
f 222/385/315 223/388/318 255/427/343 254/423/341
f 236/425/316 237/428/319 269/429/344 268/426/342
f 223/430/318 224/431/321 256/432/345 255/433/343
f 210/434/294 211/435/322 243/436/346 242/437/347
f 237/389/319 238/393/323 270/438/348 269/439/344
f 224/431/321 225/440/325 257/441/349 256/432/345
f 211/435/322 212/442/326 244/443/350 243/436/346
f 238/393/323 239/397/327 271/444/351 270/438/348
f 225/440/325 226/445/283 258/446/352 257/441/349
f 212/442/326 213/447/287 245/448/353 244/443/350
f 239/449/327 240/450/289 272/451/354 271/452/351
f 226/445/283 227/453/282 259/454/355 258/446/352
f 213/357/287 214/356/286 246/455/356 245/456/353
f 240/450/289 241/457/288 273/458/357 272/451/354
f 227/453/282 228/459/291 260/460/358 259/454/355
f 214/356/286 215/363/293 247/461/359 246/455/356
f 241/457/288 210/434/294 242/437/347 273/458/357
f 228/459/291 229/462/295 261/463/329 260/460/358
f 215/464/293 216/400/297 248/403/331 247/465/359
f 264/409/334 265/414/336 297/466/360 296/467/361
f 251/412/335 252/416/337 284/468/362 283/469/363
f 265/414/336 266/418/338 298/470/364 297/466/360
f 252/416/337 253/420/339 285/471/365 284/468/362
f 266/418/338 267/422/340 299/472/366 298/470/364
f 253/420/339 254/473/341 286/474/367 285/471/365
f 267/422/340 268/426/342 300/475/368 299/472/366
f 254/476/341 255/433/343 287/477/369 286/478/367
f 268/426/342 269/429/344 301/479/370 300/475/368
f 255/433/343 256/432/345 288/480/371 287/477/369
f 242/437/347 243/436/346 275/481/372 274/482/373
f 269/429/344 270/483/348 302/484/374 301/479/370
f 256/432/345 257/441/349 289/485/375 288/480/371
f 243/436/346 244/443/350 276/486/376 275/481/372
f 270/487/348 271/452/351 303/488/377 302/489/374
f 257/441/349 258/446/352 290/490/378 289/485/375
f 244/443/350 245/448/353 277/491/379 276/486/376
f 271/452/351 272/451/354 304/492/380 303/488/377
f 258/446/352 259/454/355 291/493/381 290/490/378
f 245/448/353 246/494/356 278/495/382 277/491/379
f 272/451/354 273/458/357 305/496/383 304/492/380
f 259/454/355 260/460/358 292/497/384 291/493/381
f 246/498/356 247/465/359 279/499/385 278/500/382
f 273/458/357 242/437/347 274/482/373 305/496/383
f 260/460/358 261/463/329 293/501/386 292/497/384
f 247/465/359 248/403/331 280/502/387 279/499/385
f 261/463/329 262/503/328 294/504/388 293/501/386
f 248/403/331 249/402/330 281/505/389 280/502/387
f 262/506/328 263/410/332 295/507/390 294/508/388
f 249/402/330 250/406/333 282/509/391 281/505/389
f 263/410/332 264/409/334 296/467/361 295/507/390
f 250/406/333 251/412/335 283/469/363 282/509/391
f 299/472/366 300/475/368 332/510/392 331/511/393
f 286/478/367 287/477/369 319/512/394 318/513/395
f 300/475/368 301/479/370 333/514/396 332/510/392
f 287/477/369 288/480/371 320/515/397 319/512/394
f 274/482/373 275/481/372 307/516/398 306/517/399
f 301/479/370 302/484/374 334/518/400 333/514/396
f 288/480/371 289/485/375 321/519/401 320/515/397
f 275/481/372 276/486/376 308/520/402 307/516/398
f 302/489/374 303/488/377 335/521/403 334/522/400
f 289/485/375 290/490/378 322/523/404 321/519/401
f 276/486/376 277/491/379 309/524/405 308/520/402
f 303/488/377 304/492/380 336/525/406 335/521/403
f 290/490/378 291/493/381 323/526/407 322/523/404
f 277/491/379 278/495/382 310/527/408 309/524/405
f 304/492/380 305/496/383 337/528/409 336/525/406
f 291/493/381 292/497/384 324/529/410 323/526/407
f 278/500/382 279/499/385 311/530/411 310/531/408
f 305/496/383 274/482/373 306/517/399 337/528/409
f 292/497/384 293/501/386 325/532/412 324/529/410
f 279/499/385 280/502/387 312/533/413 311/530/411
f 293/501/386 294/504/388 326/534/414 325/532/412
f 280/502/387 281/505/389 313/535/415 312/533/413
f 294/508/388 295/507/390 327/536/416 326/537/414
f 281/505/389 282/509/391 314/538/417 313/535/415
f 295/507/390 296/467/361 328/539/418 327/536/416
f 282/509/391 283/469/363 315/540/419 314/538/417
f 296/467/361 297/466/360 329/541/420 328/539/418
f 283/469/363 284/468/362 316/542/421 315/540/419
f 297/466/360 298/470/364 330/543/422 329/541/420
f 284/468/362 285/471/365 317/544/423 316/542/421
f 298/470/364 299/472/366 331/511/393 330/543/422
f 285/471/365 286/474/367 318/545/395 317/544/423
f 307/516/398 308/520/402 340/546/424 339/547/425
f 334/522/400 335/521/403 367/548/426 366/549/427
f 321/519/401 322/523/404 354/550/428 353/551/429
f 308/520/402 309/524/405 341/552/430 340/546/424
f 335/521/403 336/525/406 368/553/431 367/548/426
f 322/523/404 323/526/407 355/554/432 354/550/428
f 309/524/405 310/527/408 342/555/433 341/552/430
f 336/525/406 337/528/409 369/556/434 368/553/431
f 323/526/407 324/529/410 356/557/435 355/554/432
f 310/531/408 311/530/411 343/558/436 342/559/433
f 337/528/409 306/517/399 338/560/437 369/556/434
f 324/529/410 325/532/412 357/561/438 356/557/435
f 311/530/411 312/533/413 344/562/439 343/558/436
f 325/532/412 326/534/414 358/563/440 357/561/438
f 312/533/413 313/535/415 345/564/441 344/562/439
f 326/537/414 327/536/416 359/565/442 358/566/440
f 313/535/415 314/538/417 346/567/443 345/564/441
f 327/536/416 328/539/418 360/568/444 359/565/442
f 314/538/417 315/540/419 347/569/445 346/567/443
f 328/539/418 329/541/420 361/570/446 360/568/444
f 315/540/419 316/542/421 348/571/447 347/569/445
f 329/541/420 330/543/422 362/572/448 361/570/446
f 316/542/421 317/544/423 349/573/449 348/571/447
f 330/543/422 331/511/393 363/574/450 362/572/448
f 317/544/423 318/545/395 350/575/451 349/573/449
f 331/511/393 332/510/392 364/576/452 363/574/450
f 318/513/395 319/512/394 351/577/453 350/578/451
f 332/510/392 333/514/396 365/579/454 364/576/452
f 319/512/394 320/515/397 352/580/455 351/577/453
f 306/517/399 307/516/398 339/547/425 338/560/437
f 333/514/396 334/518/400 366/581/427 365/579/454
f 320/515/397 321/519/401 353/551/429 352/580/455
f 345/582/441 377/583/456 376/584/457 344/585/439
f 347/569/445 379/586/458 378/587/459 346/567/443
f 358/588/440 390/589/460 389/590/461 357/591/438
f 365/592/454 397/593/462 396/594/463 364/595/452
f 359/596/442 391/597/464 390/589/460 358/588/440
f 360/598/444 392/599/465 391/597/464 359/596/442
f 362/572/448 394/600/466 393/601/467 361/570/446
f 361/602/446 393/601/467 392/599/465 360/598/444
f 346/567/443 378/587/459 377/583/456 345/564/441
f 348/603/447 380/604/468 379/586/458 347/605/445
f 349/606/449 381/607/469 380/604/468 348/603/447
f 350/608/451 382/609/470 381/607/469 349/606/449
f 339/547/425 371/610/471 370/611/472 338/560/437
f 364/595/452 396/594/463 395/612/473 363/613/450
f 344/585/439 376/584/457 375/614/474 343/615/436
f 357/591/438 389/590/461 388/616/475 356/617/435
f 351/618/453 383/619/476 382/609/470 350/608/451
f 353/620/429 385/621/477 384/622/478 352/623/455
f 352/623/455 384/622/478 383/619/476 351/618/453
f 366/624/427 398/625/479 397/593/462 365/592/454
f 367/626/426 399/627/480 398/625/479 366/624/427
f 341/628/430 373/629/481 372/630/482 340/631/424
f 340/631/424 372/630/482 371/610/471 339/632/425
f 342/633/433 374/634/483 373/629/481 341/628/430
f 354/550/428 386/635/484 385/621/477 353/551/429
f 343/615/436 375/614/474 374/634/483 342/633/433
f 369/636/434 401/637/485 400/638/486 368/639/431
f 356/617/435 388/616/475 387/640/487 355/641/432
f 338/560/437 370/611/472 401/637/485 369/556/434
f 368/639/431 400/638/486 399/627/480 367/626/426
f 1879/642/488 1895/290/225 1926/643/489 1927/644/490 1896/645/491 1897/646/492 1898/647/493 1881/648/494 1880/649/495
f 363/574/450 395/612/473 394/600/466 362/572/448
f 380/650/468 381/651/469 413/652/496 412/653/497
f 394/654/466 395/655/473 427/656/498 426/657/499
f 381/651/469 382/658/470 414/659/500 413/652/496
f 395/655/473 396/660/463 428/661/501 427/656/498
f 382/662/470 383/663/476 415/664/502 414/665/500
f 396/660/463 397/666/462 429/667/503 428/661/501
f 383/663/476 384/668/478 416/669/504 415/664/502
f 370/670/472 371/671/471 403/672/505 402/673/506
f 397/666/462 398/674/479 430/675/507 429/667/503
f 384/668/478 385/676/477 417/677/508 416/669/504
f 371/671/471 372/678/482 404/679/509 403/672/505
f 398/680/479 399/681/480 431/682/510 430/683/507
f 385/676/477 386/684/484 418/685/511 417/677/508
f 372/678/482 373/686/481 405/687/512 404/679/509
f 399/681/480 400/688/486 432/689/513 431/682/510
f 386/684/484 387/690/487 419/691/514 418/685/511
f 373/686/481 374/692/483 406/693/515 405/687/512
f 400/688/486 401/694/485 433/695/516 432/689/513
f 387/690/487 388/696/475 420/697/517 419/691/514
f 374/698/483 375/699/474 407/700/518 406/701/515
f 401/694/485 370/670/472 402/673/506 433/695/516
f 388/696/475 389/702/461 421/703/519 420/697/517
f 375/699/474 376/704/457 408/705/520 407/700/518
f 389/702/461 390/706/460 422/707/521 421/703/519
f 376/704/457 377/708/456 409/709/522 408/705/520
f 390/710/460 391/711/464 423/712/523 422/713/521
f 377/708/456 378/714/459 410/715/524 409/709/522
f 391/711/464 392/716/465 424/717/525 423/712/523
f 378/714/459 379/718/458 411/719/526 410/715/524
f 392/716/465 393/720/467 425/721/527 424/717/525
f 379/718/458 380/650/468 412/653/497 411/719/526
f 393/720/467 394/654/466 426/657/499 425/721/527
f 415/664/502 416/669/504 448/722/528 447/723/529
f 402/673/506 403/672/505 435/724/530 434/725/531
f 429/667/503 430/675/507 462/726/532 461/727/533
f 416/669/504 417/677/508 449/728/534 448/722/528
f 403/672/505 404/679/509 436/729/535 435/724/530
f 430/683/507 431/682/510 463/730/536 462/731/532
f 417/677/508 418/685/511 450/732/537 449/728/534
f 404/679/509 405/687/512 437/733/538 436/729/535
f 431/682/510 432/689/513 464/734/539 463/730/536
f 418/685/511 419/691/514 451/735/540 450/732/537
f 405/687/512 406/693/515 438/736/541 437/733/538
f 432/689/513 433/695/516 465/737/542 464/734/539
f 419/691/514 420/697/517 452/738/543 451/735/540
f 406/701/515 407/700/518 439/739/544 438/740/541
f 433/695/516 402/673/506 434/725/531 465/737/542
f 420/697/517 421/703/519 453/741/545 452/738/543
f 407/700/518 408/705/520 440/742/546 439/739/544
f 421/703/519 422/707/521 454/743/547 453/741/545
f 408/705/520 409/709/522 441/744/548 440/742/546
f 422/713/521 423/712/523 455/745/549 454/746/547
f 409/709/522 410/715/524 442/747/550 441/744/548
f 423/712/523 424/717/525 456/748/551 455/745/549
f 410/715/524 411/719/526 443/749/552 442/747/550
f 424/717/525 425/721/527 457/750/553 456/748/551
f 411/719/526 412/653/497 444/751/554 443/749/552
f 425/721/527 426/657/499 458/752/555 457/750/553
f 412/653/497 413/652/496 445/753/556 444/751/554
f 426/657/499 427/656/498 459/754/557 458/752/555
f 413/652/496 414/659/500 446/755/558 445/753/556
f 427/656/498 428/661/501 460/756/559 459/754/557
f 414/665/500 415/664/502 447/723/529 446/757/558
f 428/661/501 429/667/503 461/727/533 460/756/559
f 450/732/537 451/735/540 483/758/560 482/759/561
f 437/733/538 438/736/541 470/760/562 469/761/563
f 464/734/539 465/737/542 497/762/564 496/763/565
f 451/735/540 452/738/543 484/764/566 483/758/560
f 438/740/541 439/739/544 471/765/567 470/766/562
f 465/737/542 434/725/531 466/767/568 497/762/564
f 452/738/543 453/741/545 485/768/569 484/764/566
f 439/739/544 440/742/546 472/769/570 471/765/567
f 453/741/545 454/743/547 486/770/571 485/768/569
f 440/742/546 441/744/548 473/771/572 472/769/570
f 454/746/547 455/745/549 487/772/573 486/773/571
f 441/744/548 442/747/550 474/774/574 473/771/572
f 455/745/549 456/748/551 488/775/575 487/772/573
f 442/747/550 443/749/552 475/776/576 474/774/574
f 456/748/551 457/750/553 489/777/577 488/775/575
f 443/749/552 444/751/554 476/778/578 475/776/576
f 457/750/553 458/752/555 490/779/579 489/777/577
f 444/751/554 445/753/556 477/780/580 476/778/578
f 458/752/555 459/754/557 491/781/581 490/779/579
f 445/753/556 446/755/558 478/782/582 477/780/580
f 459/754/557 460/756/559 492/783/583 491/781/581
f 446/757/558 447/723/529 479/784/584 478/785/582
f 460/756/559 461/727/533 493/786/585 492/783/583
f 447/723/529 448/722/528 480/787/586 479/784/584
f 434/725/531 435/724/530 467/788/587 466/767/568
f 461/727/533 462/726/532 494/789/588 493/786/585
f 448/722/528 449/728/534 481/790/589 480/787/586
f 435/724/530 436/729/535 468/791/590 467/788/587
f 462/731/532 463/730/536 495/792/591 494/793/588
f 449/728/534 450/732/537 482/759/561 481/790/589
f 436/729/535 437/733/538 469/761/563 468/791/590
f 463/730/536 464/734/539 496/763/565 495/792/591
f 485/768/569 486/770/571 518/794/592 517/795/593
f 472/769/570 473/771/572 505/796/594 504/797/595
f 486/773/571 487/772/573 519/798/596 518/799/592
f 473/771/572 474/774/574 506/800/597 505/796/594
f 487/772/573 488/775/575 520/801/598 519/798/596
f 474/774/574 475/776/576 507/802/599 506/800/597
f 488/775/575 489/777/577 521/803/600 520/801/598
f 475/776/576 476/778/578 508/804/601 507/802/599
f 489/777/577 490/779/579 522/805/602 521/803/600
f 476/778/578 477/780/580 509/806/603 508/804/601
f 490/779/579 491/781/581 523/807/604 522/805/602
f 477/780/580 478/782/582 510/808/605 509/806/603
f 491/781/581 492/783/583 524/809/606 523/807/604
f 478/785/582 479/784/584 511/810/607 510/811/605
f 492/783/583 493/786/585 525/812/608 524/809/606
f 479/784/584 480/787/586 512/813/609 511/810/607
f 466/767/568 467/788/587 499/814/610 498/815/611
f 493/786/585 494/789/588 526/816/612 525/812/608
f 480/787/586 481/790/589 513/817/613 512/813/609
f 467/788/587 468/791/590 500/818/614 499/814/610
f 494/793/588 495/792/591 527/819/615 526/820/612
f 481/790/589 482/759/561 514/821/616 513/817/613
f 468/791/590 469/761/563 501/822/617 500/818/614
f 495/792/591 496/763/565 528/823/618 527/819/615
f 482/759/561 483/758/560 515/824/619 514/821/616
f 469/761/563 470/760/562 502/825/620 501/822/617
f 496/763/565 497/762/564 529/826/621 528/823/618
f 483/758/560 484/764/566 516/827/622 515/824/619
f 470/766/562 471/765/567 503/828/623 502/829/620
f 497/762/564 466/767/568 498/815/611 529/826/621
f 484/764/566 485/768/569 517/795/593 516/827/622
f 471/765/567 472/769/570 504/797/595 503/828/623
f 520/830/598 521/831/600 553/832/624 552/833/625
f 507/834/599 508/835/601 540/836/626 539/837/627
f 521/831/600 522/838/602 554/839/628 553/832/624
f 508/835/601 509/840/603 541/841/629 540/836/626
f 522/838/602 523/842/604 555/843/630 554/839/628
f 509/840/603 510/844/605 542/845/631 541/841/629
f 523/842/604 524/846/606 556/847/632 555/843/630
f 510/844/605 511/848/607 543/849/633 542/845/631
f 524/846/606 525/850/608 557/851/634 556/847/632
f 511/848/607 512/852/609 544/853/635 543/849/633
f 498/854/611 499/855/610 531/856/636 530/857/637
f 525/850/608 526/858/612 558/859/638 557/851/634
f 512/852/609 513/860/613 545/861/639 544/853/635
f 499/855/610 500/862/614 532/863/640 531/856/636
f 526/858/612 527/864/615 559/865/641 558/859/638
f 513/860/613 514/866/616 546/867/642 545/861/639
f 500/862/614 501/868/617 533/869/643 532/863/640
f 527/864/615 528/870/618 560/871/644 559/865/641
f 514/866/616 515/872/619 547/873/645 546/867/642
f 501/868/617 502/874/620 534/875/646 533/869/643
f 528/870/618 529/876/621 561/877/647 560/871/644
f 515/872/619 516/878/622 548/879/648 547/873/645
f 502/874/620 503/880/623 535/881/649 534/875/646
f 529/876/621 498/854/611 530/857/637 561/877/647
f 516/878/622 517/882/593 549/883/650 548/879/648
f 503/880/623 504/884/595 536/885/651 535/881/649
f 517/882/593 518/886/592 550/887/652 549/883/650
f 504/884/595 505/888/594 537/889/653 536/885/651
f 518/886/592 519/890/596 551/891/654 550/887/652
f 505/888/594 506/892/597 538/893/655 537/889/653
f 519/890/596 520/830/598 552/833/625 551/891/654
f 506/892/597 507/834/599 539/837/627 538/893/655
f 555/894/630 556/895/632 588/896/656 587/897/657
f 542/898/631 543/899/633 575/900/658 574/901/659
f 556/895/632 557/902/634 589/903/660 588/896/656
f 543/899/633 544/904/635 576/905/661 575/900/658
f 530/906/637 531/907/636 563/908/662 562/909/663
f 557/902/634 558/910/638 590/911/664 589/903/660
f 544/904/635 545/912/639 577/913/665 576/905/661
f 531/907/636 532/914/640 564/915/666 563/908/662
f 558/916/638 559/917/641 591/918/667 590/919/664
f 545/912/639 546/920/642 578/921/668 577/913/665
f 532/914/640 533/922/643 565/923/669 564/915/666
f 559/917/641 560/924/644 592/925/670 591/918/667
f 546/920/642 547/926/645 579/927/671 578/921/668
f 533/922/643 534/928/646 566/929/672 565/923/669
f 560/924/644 561/930/647 593/931/673 592/925/670
f 547/926/645 548/932/648 580/933/674 579/927/671
f 534/934/646 535/935/649 567/936/675 566/937/672
f 561/930/647 530/906/637 562/909/663 593/931/673
f 548/932/648 549/938/650 581/939/676 580/933/674
f 535/935/649 536/940/651 568/941/677 567/936/675
f 549/938/650 550/942/652 582/943/678 581/939/676
f 536/940/651 537/944/653 569/945/679 568/941/677
f 550/946/652 551/947/654 583/948/680 582/949/678
f 537/944/653 538/950/655 570/951/681 569/945/679
f 551/947/654 552/952/625 584/953/682 583/948/680
f 538/950/655 539/954/627 571/955/683 570/951/681
f 552/952/625 553/956/624 585/957/684 584/953/682
f 539/954/627 540/958/626 572/959/685 571/955/683
f 553/956/624 554/960/628 586/961/686 585/957/684
f 540/958/626 541/962/629 573/963/687 572/959/685
f 554/960/628 555/894/630 587/897/657 586/961/686
f 541/962/629 542/964/631 574/965/659 573/963/687
f 590/919/664 591/918/667 623/966/688 622/967/689
f 577/913/665 578/921/668 610/968/690 609/969/691
f 564/915/666 565/923/669 597/970/692 596/971/693
f 591/918/667 592/925/670 624/972/694 623/966/688
f 578/921/668 579/927/671 611/973/695 610/968/690
f 565/923/669 566/929/672 598/974/696 597/970/692
f 592/925/670 593/931/673 625/975/697 624/972/694
f 579/927/671 580/933/674 612/976/698 611/973/695
f 566/937/672 567/936/675 599/977/699 598/978/696
f 593/931/673 562/909/663 594/979/700 625/975/697
f 580/933/674 581/939/676 613/980/701 612/976/698
f 567/936/675 568/941/677 600/981/702 599/977/699
f 581/939/676 582/943/678 614/982/703 613/980/701
f 568/941/677 569/945/679 601/983/704 600/981/702
f 582/949/678 583/948/680 615/984/705 614/985/703
f 569/945/679 570/951/681 602/986/706 601/983/704
f 583/948/680 584/953/682 616/987/707 615/984/705
f 570/951/681 571/955/683 603/988/708 602/986/706
f 584/953/682 585/957/684 617/989/709 616/987/707
f 571/955/683 572/959/685 604/990/710 603/988/708
f 585/957/684 586/961/686 618/991/711 617/989/709
f 572/959/685 573/963/687 605/992/712 604/990/710
f 586/961/686 587/897/657 619/993/713 618/991/711
f 573/963/687 574/965/659 606/994/714 605/992/712
f 587/897/657 588/896/656 620/995/715 619/993/713
f 574/901/659 575/900/658 607/996/716 606/997/714
f 588/896/656 589/903/660 621/998/717 620/995/715
f 575/900/658 576/905/661 608/999/718 607/996/716
f 562/909/663 563/908/662 595/1000/719 594/979/700
f 589/903/660 590/911/664 622/1001/689 621/998/717
f 576/905/661 577/913/665 609/969/691 608/999/718
f 563/908/662 564/915/666 596/971/693 595/1000/719
f 615/1002/705 616/1003/707 648/1004/720 647/1005/721 646/1006/722 614/1007/703
f 601/1008/704 602/1009/706 634/1010/723 633/1011/724 632/1012/725 600/1013/702
f 619/1014/713 620/1015/715 652/1016/726 651/1017/727 650/1018/728 618/1019/711
f 603/1020/708 604/1021/710 636/1022/729 635/1023/730 634/1010/723 602/1009/706
f 617/1024/709 618/1019/711 650/1018/728 649/1025/731 648/1004/720 616/1003/707
f 597/1026/692 598/1027/696 630/1028/732 629/1029/733 628/1030/734 596/1031/693
f 605/1032/712 606/1033/714 638/1034/735 637/1035/736 636/1022/729 604/1021/710
f 621/1036/717 622/1037/689 654/1038/737 653/1039/738 652/1016/726 620/1015/715
f 595/1040/719 596/1031/693 628/1030/734 627/1041/739 626/1042/740 594/1043/700
f 598/1027/696 599/1044/699 600/1013/702 632/1012/725 631/1045/741 630/1028/732
f 609/1046/691 610/1047/690 642/1048/742 641/1049/743 640/1050/744 608/1051/718
f 2182/1052/745 2189/1053/746 2188/1054/747 2187/1055/748 2181/1056/749
f 623/1057/688 624/1058/694 656/1059/750 655/1060/751 654/1038/737 622/1037/689
f 607/1061/716 608/1051/718 640/1050/744 639/1062/752 638/1034/735 606/1033/714
f 611/1063/695 612/1064/698 644/1065/753 643/1066/754 642/1048/742 610/1047/690
f 624/1058/694 625/1067/697 594/1043/700 626/1042/740 657/1068/755 656/1059/750
f 647/1005/721 648/1004/720 680/1069/756 679/1070/757
f 634/1010/723 635/1023/730 667/1071/758 666/1072/759
f 648/1004/720 649/1025/731 681/1073/760 680/1069/756
f 635/1023/730 636/1022/729 668/1074/761 667/1071/758
f 649/1025/731 650/1018/728 682/1075/762 681/1073/760
f 636/1022/729 637/1035/736 669/1076/763 668/1074/761
f 650/1018/728 651/1017/727 683/1077/764 682/1075/762
f 637/1035/736 638/1034/735 670/1078/765 669/1076/763
f 651/1017/727 652/1016/726 684/1079/766 683/1077/764
f 638/1034/735 639/1062/752 671/1080/767 670/1078/765
f 652/1016/726 653/1039/738 685/1081/768 684/1079/766
f 639/1062/752 640/1050/744 672/1082/769 671/1080/767
f 626/1042/740 627/1041/739 659/1083/770 658/1084/771
f 653/1039/738 654/1038/737 686/1085/772 685/1081/768
f 640/1050/744 641/1049/743 673/1086/773 672/1082/769
f 627/1041/739 628/1030/734 660/1087/774 659/1083/770
f 654/1038/737 655/1060/751 687/1088/775 686/1085/772
f 641/1049/743 642/1048/742 674/1089/776 673/1086/773
f 628/1030/734 629/1029/733 661/1090/777 660/1087/774
f 655/1060/751 656/1059/750 688/1091/778 687/1088/775
f 642/1048/742 643/1066/754 675/1092/779 674/1089/776
f 629/1029/733 630/1028/732 662/1093/780 661/1090/777
f 656/1059/750 657/1068/755 689/1094/781 688/1091/778
f 643/1066/754 644/1065/753 676/1095/782 675/1092/779
f 630/1028/732 631/1045/741 663/1096/783 662/1093/780
f 657/1068/755 626/1042/740 658/1084/771 689/1094/781
f 644/1065/753 645/1097/784 677/1098/785 676/1095/782
f 631/1045/741 632/1012/725 664/1099/786 663/1096/783
f 645/1097/784 646/1006/722 678/1100/787 677/1098/785
f 632/1012/725 633/1011/724 665/1101/788 664/1099/786
f 646/1006/722 647/1005/721 679/1070/757 678/1100/787
f 633/1011/724 634/1010/723 666/1072/759 665/1101/788
f 682/1102/762 683/1103/764 715/1104/789 714/1105/790
f 669/1106/763 670/1107/765 702/1108/791 701/1109/792
f 683/1103/764 684/1110/766 716/1111/793 715/1104/789
f 670/1112/765 671/1113/767 703/1114/794 702/1115/791
f 684/1110/766 685/1116/768 717/1117/795 716/1111/793
f 671/1113/767 672/1118/769 704/1119/796 703/1114/794
f 658/1120/771 659/1121/770 691/1122/797 690/1123/798
f 685/1116/768 686/1124/772 718/1125/799 717/1117/795
f 672/1118/769 673/1126/773 705/1127/800 704/1119/796
f 659/1121/770 660/1128/774 692/1129/801 691/1122/797
f 686/1130/772 687/1131/775 719/1132/802 718/1133/799
f 673/1126/773 674/1134/776 706/1135/803 705/1127/800
f 660/1128/774 661/1136/777 693/1137/804 692/1129/801
f 687/1131/775 688/1138/778 720/1139/805 719/1132/802
f 674/1134/776 675/1140/779 707/1141/806 706/1135/803
f 661/1136/777 662/1142/780 694/1143/807 693/1137/804
f 688/1138/778 689/1144/781 721/1145/808 720/1139/805
f 675/1140/779 676/1146/782 708/1147/809 707/1141/806
f 662/1148/780 663/1149/783 695/1150/810 694/1151/807
f 689/1144/781 658/1120/771 690/1123/798 721/1145/808
f 676/1146/782 677/1152/785 709/1153/811 708/1147/809
f 663/1149/783 664/1154/786 696/1155/812 695/1150/810
f 677/1152/785 678/1156/787 710/1157/813 709/1153/811
f 664/1154/786 665/1158/788 697/1159/814 696/1155/812
f 678/1160/787 679/1161/757 711/1162/815 710/1163/813
f 665/1158/788 666/1164/759 698/1165/816 697/1159/814
f 679/1161/757 680/1166/756 712/1167/817 711/1162/815
f 666/1164/759 667/1168/758 699/1169/818 698/1165/816
f 680/1166/756 681/1170/760 713/1171/819 712/1167/817
f 667/1168/758 668/1172/761 700/1173/820 699/1169/818
f 681/1170/760 682/1102/762 714/1105/790 713/1171/819
f 668/1172/761 669/1106/763 701/1109/792 700/1173/820
f 694/1143/807 726/1174/821 725/1175/822 693/1137/804
f 721/1145/808 753/1176/823 752/1177/824 720/1139/805
f 697/1159/814 729/1178/825 728/1179/826 696/1155/812
f 719/1132/802 751/1180/827 750/1181/828 718/1133/799
f 693/1137/804 725/1175/822 724/1182/829 692/1129/801
f 707/1141/806 739/1183/830 738/1184/831 706/1135/803
f 690/1123/798 722/1185/832 753/1176/823 721/1145/808
f 710/1157/813 742/1186/833 741/1187/834 709/1153/811
f 720/1139/805 752/1177/824 751/1180/827 719/1132/802
f 696/1155/812 728/1179/826 727/1188/835 695/1150/810
f 706/1135/803 738/1184/831 737/1189/836 705/1127/800
f 715/1104/789 747/1190/837 746/1191/838 714/1105/790
f 708/1147/809 740/1192/839 739/1183/830 707/1141/806
f 713/1171/819 745/1193/840 744/1194/841 712/1167/817
f 699/1169/818 731/1195/842 730/1196/843 698/1165/816
f 709/1153/811 741/1187/834 740/1192/839 708/1147/809
f 698/1165/816 730/1196/843 729/1178/825 697/1159/814
f 1862/1197/844 1861/116/120 1876/115/119 1877/288/223 1863/1198/845
f 703/1114/794 735/1199/846 734/1200/847 702/1115/791
f 712/1167/817 744/1194/841 743/1201/848 711/1162/815
f 700/1173/820 732/1202/849 731/1195/842 699/1169/818
f 711/1162/815 743/1201/848 742/1203/833 710/1163/813
f 718/1125/799 750/1204/828 749/1205/850 717/1117/795
f 714/1105/790 746/1191/838 745/1193/840 713/1171/819
f 701/1109/792 733/1206/851 732/1202/849 700/1173/820
f 702/1108/791 734/1207/847 733/1206/851 701/1109/792
f 705/1127/800 737/1189/836 736/1208/852 704/1119/796
f 716/1111/793 748/1209/853 747/1190/837 715/1104/789
f 695/1150/810 727/1188/835 726/1210/821 694/1151/807
f 704/1119/796 736/1208/852 735/1199/846 703/1114/794
f 691/1122/797 723/1211/854 722/1185/832 690/1123/798
f 692/1129/801 724/1182/829 723/1211/854 691/1122/797
f 736/1208/852 768/1212/855 767/1213/856 735/1199/846
f 733/1206/851 765/1214/857 764/1215/858 732/1202/849
f 732/1202/849 764/1215/858 763/1216/859 731/1195/842
f 726/1174/821 758/1217/860 757/1218/861 725/1175/822
f 735/1199/846 767/1213/856 766/1219/862 734/1200/847
f 743/1201/848 775/1220/863 774/1221/864 742/1203/833
f 725/1175/822 757/1218/861 756/1222/865 724/1182/829
f 2168/1223/866 2176/1224/867 2175/1225/868 2167/1226/869
f 723/1211/854 755/1227/870 754/1228/871 722/1185/832
f 748/1209/853 780/1229/872 779/1230/873 747/1190/837
f 742/1186/833 774/1231/864 773/1232/874 741/1187/834
f 734/1207/847 766/1233/862 765/1214/857 733/1206/851
f 738/1184/831 770/1234/875 769/1235/876 737/1189/836
f 752/1177/824 784/1236/877 783/1237/878 751/1180/827
f 745/1193/840 777/1238/879 776/1239/880 744/1194/841
f 751/1180/827 783/1237/878 782/1240/881 750/1181/828
f 740/1192/839 772/1241/882 771/1242/883 739/1183/830
f 724/1182/829 756/1222/865 755/1227/870 723/1211/854
f 730/1196/843 762/1243/884 761/1244/885 729/1178/825
f 731/1195/842 763/1216/859 762/1243/884 730/1196/843
f 747/1190/837 779/1230/873 778/1245/886 746/1191/838
f 744/1194/841 776/1239/880 775/1220/863 743/1201/848
f 746/1191/838 778/1245/886 777/1238/879 745/1193/840
f 741/1187/834 773/1232/874 772/1241/882 740/1192/839
f 722/1185/832 754/1228/871 785/1246/887 753/1176/823
f 729/1178/825 761/1244/885 760/1247/888 728/1179/826
f 739/1183/830 771/1242/883 770/1234/875 738/1184/831
f 750/1204/828 782/1248/881 781/1249/889 749/1205/850
f 737/1189/836 769/1235/876 768/1212/855 736/1208/852
f 728/1179/826 760/1247/888 759/1250/890 727/1188/835
f 753/1176/823 785/1246/887 784/1236/877 752/1177/824
f 780/1229/872 781/1249/889 813/1251/230 812/1252/229
f 767/1213/856 768/1212/855 800/1253/891 799/1254/892
f 754/1228/871 755/1227/870 787/1255/893 786/1256/894
f 781/1257/889 782/1258/881 814/1259/895 813/295/230
f 768/1212/855 769/1235/876 801/1260/896 800/1253/891
f 755/1227/870 756/1222/865 788/1261/897 787/1255/893
f 782/1258/881 783/1262/878 815/1263/898 814/1259/895
f 769/1235/876 770/1234/875 802/1264/899 801/1260/896
f 756/1222/865 757/1218/861 789/1265/900 788/1261/897
f 783/1237/878 784/1236/877 816/1266/901 815/1267/898
f 770/1234/875 771/1242/883 803/1268/902 802/1264/899
f 757/1269/861 758/1270/860 790/1271/903 789/1272/900
f 784/1236/877 785/1246/887 817/1273/904 816/1266/901
f 771/1242/883 772/1241/882 804/1274/905 803/1268/902
f 758/1270/860 759/1275/890 791/1276/906 790/1271/903
f 785/1246/887 754/1228/871 786/1256/894 817/1273/904
f 772/1241/882 773/1232/874 805/1277/907 804/1274/905
f 759/1250/890 760/1247/888 792/1278/908 791/1279/906
f 773/1280/874 774/1281/864 806/1282/909 805/1283/907
f 760/1247/888 761/1244/885 793/1284/910 792/1278/908
f 774/1281/864 775/1285/863 807/1286/911 806/1282/909
f 761/1244/885 762/1243/884 794/1287/912 793/1284/910
f 775/1220/863 776/1239/880 808/1288/236 807/1289/911
f 762/1243/884 763/1216/859 795/1290/913 794/1287/912
f 776/1239/880 777/1238/879 809/1291/237 808/1288/236
f 763/1216/859 764/1215/858 796/1292/914 795/1290/913
f 777/1238/879 778/1245/886 810/1293/227 809/1291/237
f 764/1215/858 765/1214/857 797/1294/915 796/1292/914
f 778/1245/886 779/1230/873 811/1295/228 810/1293/227
f 765/1296/857 766/1297/862 798/1298/916 797/1299/915
f 779/1230/873 780/1229/872 812/1252/229 811/1295/228
f 766/1297/862 767/1300/856 799/1301/892 798/1298/916
f 787/1302/893 788/1303/897 789/1272/900 790/1271/903 821/1304/917 820/1305/918 819/1306/919 818/1307/920 841/1308/921 817/1309/904 786/1310/894
f 793/1311/910 794/1312/912 824/1313/922 823/1314/923 822/1315/924 821/1304/917 790/1271/903 791/1276/906 792/1316/908
f 1893/1317/925 1892/1318/926 1916/1319/927 1917/1320/928 1918/1321/929 1919/1322/930 1920/1323/931
f 795/1324/913 796/1325/914 797/1299/915 798/1298/916 826/1326/932 825/1327/933 824/1313/922 794/1312/912
f 804/1328/905 805/1283/907 806/1282/909 807/1286/911 808/301/236 834/300/235 833/1329/934 832/1330/935 831/1331/936 830/1332/937 803/1333/902
f 2222/1334/938 2218/1335/939 15/83/940 16/85/941 17/42/42 2225/41/41
f 1357/1336/942 1356/1337/943 1355/1338/944 1387/1339/945 1388/1340/946 1389/1341/947 1390/1342/948 1358/1343/949
f 800/1344/891 801/1345/896 802/1346/899 803/1333/902 830/1332/937 829/1347/950 828/1348/951 827/1349/952 826/1326/932 798/1298/916 799/1301/892
f 834/300/235 835/299/234 865/1350/953 864/1351/954 863/1352/955 833/1329/934
f 820/1305/918 845/1353/956 844/1354/957 843/1355/958 819/1306/919
f 832/1330/935 833/1329/934 863/1352/955 862/1356/959
f 823/1314/923 824/1313/922 850/1357/960 849/1358/961
f 827/1349/952 828/1348/951 857/1359/962 856/1360/963 855/1361/964
f 840/1362/965 872/1363/966 871/1364/967 870/1365/968 839/1366/969
f 835/299/234 836/298/233 866/1367/970 865/1350/953
f 824/1313/922 825/1327/933 852/1368/971 851/1369/972 850/1357/960
f 830/1332/937 831/1331/936 860/1370/973 859/1371/974 858/1372/975 829/1347/950
f 826/1326/932 827/1349/952 855/1361/964 854/1373/976
f 821/1304/917 822/1315/924 847/1374/977 846/1375/978 845/1353/956 820/1305/918
f 836/298/233 837/297/232 868/1376/979 867/1377/980 866/1367/970
f 818/1307/920 819/1306/919 843/1355/958 842/1378/981
f 822/1315/924 823/1314/923 849/1358/961 848/1379/982 847/1374/977
f 841/1308/921 818/1307/920 842/1378/981 873/1380/983 872/1363/966 840/1362/965
f 828/1348/951 829/1347/950 858/1372/975 857/1359/962
f 838/296/231 839/1366/969 870/1365/968 869/1381/984 868/1376/979 837/297/232
f 945/1382/985 946/1383/986 947/1384/987 948/1385/988 980/1386/45 979/1387/989 978/1388/36 977/1389/35 976/1390/990 975/1391/991 974/1392/992 973/1393/993 941/1394/994 942/1395/995 943/1396/996 944/1397/997
f 831/1331/936 832/1330/935 862/1356/959 861/1398/998 860/1370/973
f 850/1399/960 851/1400/972 883/1401/999 882/1402/1000
f 864/1403/954 865/1404/953 897/1405/1001 896/1406/1002
f 851/1400/972 852/1407/971 884/1408/1003 883/1401/999
f 865/1404/953 866/1409/970 898/1410/1004 897/1405/1001
f 852/1407/971 853/1411/1005 885/1412/1006 884/1408/1003
f 866/1409/970 867/1413/980 899/1414/1007 898/1410/1004
f 853/1411/1005 854/1415/976 886/1416/1008 885/1412/1006
f 867/1413/980 868/1417/979 900/1418/1009 899/1414/1007
f 854/1419/976 855/1420/964 887/1421/1010 886/1422/1008
f 868/1417/979 869/1423/984 901/1424/1011 900/1418/1009
f 855/1420/964 856/1425/963 888/1426/1012 887/1421/1010
f 842/1427/981 843/1428/958 875/1429/1013 874/1430/1014
f 869/1423/984 870/1431/968 902/1432/1015 901/1424/1011
f 856/1425/963 857/1433/962 889/1434/1016 888/1426/1012
f 843/1428/958 844/1435/957 876/1436/1017 875/1429/1013
f 870/1437/968 871/1438/967 903/1439/1018 902/1440/1015
f 857/1433/962 858/1441/975 890/1442/1019 889/1434/1016
f 844/1435/957 845/1443/956 877/1444/1020 876/1436/1017
f 871/1438/967 872/1445/966 904/1446/1021 903/1439/1018
f 858/1441/975 859/1447/974 891/1448/1022 890/1442/1019
f 845/1443/956 846/1449/978 878/1450/1023 877/1444/1020
f 872/1445/966 873/1451/983 905/1452/1024 904/1446/1021
f 859/1447/974 860/1453/973 892/1454/1025 891/1448/1022
f 846/1455/978 847/1456/977 879/1457/1026 878/1458/1023
f 873/1451/983 842/1427/981 874/1430/1014 905/1452/1024
f 860/1453/973 861/1459/998 893/1460/1027 892/1454/1025
f 847/1456/977 848/1461/982 880/1462/1028 879/1457/1026
f 861/1459/998 862/1463/959 894/1464/1029 893/1460/1027
f 848/1461/982 849/1465/961 881/1466/1030 880/1462/1028
f 862/1467/959 863/1468/955 895/1469/1031 894/1470/1029
f 849/1465/961 850/1399/960 882/1402/1000 881/1466/1030
f 863/1468/955 864/1403/954 896/1406/1002 895/1469/1031
f 885/1412/1006 886/1416/1008 918/1471/1032 917/1472/1033
f 899/1414/1007 900/1418/1009 932/1473/1034 931/1474/1035
f 886/1422/1008 887/1421/1010 919/1475/1036 918/1476/1032
f 900/1418/1009 901/1424/1011 933/1477/1037 932/1473/1034
f 887/1421/1010 888/1426/1012 920/1478/1038 919/1475/1036
f 874/1430/1014 875/1429/1013 907/1479/1039 906/1480/1040
f 901/1424/1011 902/1432/1015 934/1481/1041 933/1477/1037
f 888/1426/1012 889/1434/1016 921/1482/1042 920/1478/1038
f 875/1429/1013 876/1436/1017 908/1483/1043 907/1479/1039
f 902/1440/1015 903/1439/1018 935/1484/1044 934/1485/1041
f 889/1434/1016 890/1442/1019 922/1486/1045 921/1482/1042
f 876/1436/1017 877/1444/1020 909/1487/1046 908/1483/1043
f 903/1439/1018 904/1446/1021 936/1488/1047 935/1484/1044
f 890/1442/1019 891/1448/1022 923/1489/1048 922/1486/1045
f 877/1444/1020 878/1450/1023 910/1490/1049 909/1487/1046
f 904/1446/1021 905/1452/1024 937/1491/1050 936/1488/1047
f 891/1448/1022 892/1454/1025 924/1492/1051 923/1489/1048
f 878/1458/1023 879/1457/1026 911/1493/1052 910/1494/1049
f 905/1452/1024 874/1430/1014 906/1480/1040 937/1491/1050
f 892/1454/1025 893/1460/1027 925/1495/1053 924/1492/1051
f 879/1457/1026 880/1462/1028 912/1496/1054 911/1493/1052
f 893/1460/1027 894/1464/1029 926/1497/1055 925/1495/1053
f 880/1462/1028 881/1466/1030 913/1498/1056 912/1496/1054
f 894/1470/1029 895/1469/1031 927/1499/1057 926/1500/1055
f 881/1466/1030 882/1402/1000 914/1501/1058 913/1498/1056
f 895/1469/1031 896/1406/1002 928/1502/1059 927/1499/1057
f 882/1402/1000 883/1401/999 915/1503/1060 914/1501/1058
f 896/1406/1002 897/1405/1001 929/1504/1061 928/1502/1059
f 883/1401/999 884/1408/1003 916/1505/1062 915/1503/1060
f 897/1405/1001 898/1410/1004 930/1506/1063 929/1504/1061
f 884/1408/1003 885/1412/1006 917/1472/1033 916/1505/1062
f 898/1410/1004 899/1414/1007 931/1474/1035 930/1506/1063
f 920/1507/1038 921/1508/1042 953/1509/1064 952/1510/1065
f 907/1511/1039 908/1512/1043 940/1513/1066 939/1514/1067
f 934/1515/1041 935/1516/1044 967/1517/1068 966/1518/1069
f 921/1508/1042 922/1519/1045 954/1520/1070 953/1509/1064
f 908/1512/1043 909/1521/1046 941/1394/994 940/1513/1066
f 935/1516/1044 936/1522/1047 968/1523/1071 967/1517/1068
f 922/1519/1045 923/1524/1048 955/1525/1072 954/1520/1070
f 909/1521/1046 910/1526/1049 942/1395/995 941/1394/994
f 936/1522/1047 937/1527/1050 969/1528/1073 968/1523/1071
f 923/1524/1048 924/1529/1051 956/1530/1074 955/1525/1072
f 910/1526/1049 911/1531/1052 943/1396/996 942/1395/995
f 937/1527/1050 906/1532/1040 938/1533/1075 969/1528/1073
f 924/1529/1051 925/1534/1053 957/1535/1076 956/1530/1074
f 911/1531/1052 912/1536/1054 944/1397/997 943/1396/996
f 925/1534/1053 926/1537/1055 958/1538/1077 957/1535/1076
f 912/1536/1054 913/1539/1056 945/1382/985 944/1397/997
f 926/1537/1055 927/1540/1057 959/1541/1078 958/1538/1077
f 913/1539/1056 914/1542/1058 946/1383/986 945/1382/985
f 927/1540/1057 928/1543/1059 960/1544/1079 959/1541/1078
f 914/1542/1058 915/1545/1060 947/1384/987 946/1383/986
f 928/1543/1059 929/1546/1061 961/1547/1080 960/1544/1079
f 915/1545/1060 916/1548/1062 948/1385/988 947/1384/987
f 929/1546/1061 930/1549/1063 962/1550/1081 961/1547/1080
f 916/1548/1062 917/1551/1033 949/1552/1082 948/1385/988
f 930/1549/1063 931/1553/1035 963/1554/1083 962/1550/1081
f 917/1551/1033 918/1555/1032 950/1556/1084 949/1552/1082
f 931/1553/1035 932/1557/1034 964/1558/1085 963/1554/1083
f 918/1555/1032 919/1559/1036 951/1560/1086 950/1556/1084
f 932/1557/1034 933/1561/1037 965/1562/1087 964/1558/1085
f 919/1559/1036 920/1507/1038 952/1510/1065 951/1560/1086
f 906/1532/1040 907/1511/1039 939/1514/1067 938/1533/1075
f 933/1561/1037 934/1515/1041 966/1518/1069 965/1562/1087
f 956/1530/1074 957/1535/1076 989/1563/1088 988/1564/69 987/1565/68 986/1566/50 985/1567/49 953/1509/1064 954/1520/1070 955/1525/1072
f 1561/1568/1089 1560/1569/1090 1559/1570/1091 1587/1571/1092 1588/1572/1093
f 949/1552/1082 950/1556/1084 951/1560/1086 952/1510/1065 953/1509/1064 985/1567/49 984/1573/1094 983/1574/1095 982/1575/1096 981/1576/46 980/1386/45 948/1385/988
f 1030/1577/1097 1037/1578/1098 1038/1579/1099 1029/1580/1100
f 966/1518/1069 967/1517/1068 968/1523/1071 1000/1581/1101 999/1582/1102 998/1583/1103 997/1584/1104 996/1585/61 995/1586/60 963/1554/1083 964/1558/1085 965/1562/1087
f 136/1587/173 137/1588/172 186/372/302 185/369/299 184/366/296 164/268/213 135/267/202
f 978/36/36 979/1589/989 1011/1590/1105 1010/37/37
f 1846/1591/265 1847/1592/1106 1848/1593/1107 2198/1594/28 2199/1595/27
f 979/1589/989 980/45/45 1012/48/48 1011/1590/1105
f 2234/1596/1108 2232/1597/1109 2229/1598/1110 5/89/1111 6/105/64 7/110/67
f 993/1599/1112 994/1600/1113 1026/1601/1114 1025/1602/1115
f 992/16/16 993/1599/1112 1025/1602/1115 1024/17/17
f 994/1600/1113 995/59/60 1027/62/63 1026/1601/1114
f 998/1603/1103 999/1604/1102 1031/1605/1116 1030/1606/1097
f 971/1607/1117 972/1608/1118 1004/1609/1119 1003/1610/1120
f 997/1611/1104 998/1612/1103 1030/1577/1097 1029/1580/1100
f 983/1613/1095 984/1614/1094 1016/1615/1121 1015/1616/1122
f 25/1617/1123 2263/1618/1124 2264/1619/1125 26/1620/1126
f 1430/1621/1127 1429/1622/1128 1461/1623/1129 1462/1624/1130
f 988/68/69 989/1625/1088 1021/1626/1131 1020/69/70
f 986/50/50 987/67/68 1019/70/71 1018/51/51
f 2229/1598/1110 2226/1627/1132 4/92/1133 5/89/1111
f 1000/1628/1101 1001/1629/1134 1033/1630/1135 1032/1631/1136
f 2230/1632/1137 2219/10/10 33/9/9 64/98/99 63/96/97 2227/1633/1138
f 974/1634/992 975/1635/991 1007/1636/1139 1006/1637/1140
f 1026/1601/1114 1041/1638/1141 1042/1639/1142 1025/1602/1115
f 1014/1640/1143 1078/1641/1144 1077/1642/1145 1013/47/47
f 727/1188/835 759/1250/890 758/1643/860 726/1210/821
f 1015/1616/1122 1079/1644/1146 1078/1645/1144 1014/1646/1143
f 1024/17/17 1043/1647/1147 1044/1648/1148 1023/18/18
f 1016/1615/1121 1080/1649/1149 1079/1644/1146 1015/1616/1122
f 1023/18/18 1044/1648/1148 1045/1650/1150 1022/1651/1151
f 1017/52/52 1081/1652/1152 1080/1649/1149 1016/1615/1121
f 1004/1609/1119 1068/1653/1153 1067/1654/1154 1003/1610/1120
f 1868/1655/1155 1867/1656/1156 1883/1657/1157 1884/1658/1158 1885/1659/1159
f 1018/51/51 1082/1660/1160 1081/1652/1152 1017/52/52
f 1005/1661/1161 1069/1662/1162 1068/1653/1153 1004/1609/1119
f 1032/1631/1136 1087/1663/1163 1086/1664/1164 1031/1605/1116
f 1019/70/71 1083/1665/1165 1082/1660/1160 1018/51/51
f 1006/1666/1140 1070/1667/1166 1069/1662/1162 1005/1661/1161
f 1033/1630/1135 1088/1668/1167 1087/1663/1163 1032/1631/1136
f 1020/69/70 1084/1669/1168 1083/1665/1165 1019/70/71
f 1007/1636/1139 1071/1670/1169 1070/1671/1166 1006/1637/1140
f 1002/1672/1170 1066/1673/1171 1088/1668/1167 1033/1630/1135
f 1021/1626/1131 1085/1674/1172 1084/1669/1168 1020/69/70
f 1008/1675/1173 1072/1676/1174 1071/1670/1169 1007/1636/1139
f 1068/1653/1153 1069/1662/1162 1062/1677/1175 1063/1678/1176
f 1086/1664/1164 1036/1679/1177 1037/1680/1098 1030/1606/1097 1031/1605/1116
f 1009/38/38 1073/1681/1178 1072/1676/1174 1008/1675/1173
f 165/1682/1179 166/1683/1180 189/381/311 188/378/308 187/375/305 186/372/302 137/1588/172 138/1684/176 139/1685/178
f 1010/37/37 1074/1686/1181 1073/1681/1178 1009/38/38
f 1011/1590/1105 1075/1687/1182 1074/1686/1181 1010/37/37
f 1028/61/62 1039/1688/1183 1040/1689/1184 1027/62/63
f 1012/48/48 1076/1690/1185 1075/1687/1182 1011/1590/1105
f 1013/47/47 1077/1642/1145 1076/1690/1185 1012/48/48
f 1070/1671/1166 1071/1670/1169 1060/1691/1186 1061/1692/1187
f 1076/1690/1185 1077/1642/1145 1054/1693/1188 1055/1694/1189
f 1065/1695/1190 1064/1696/1191 1119/1697/1192 1120/1698/1193
f 1083/1665/1165 1084/1669/1168 1047/1699/1194 1048/1700/1195
f 1081/1652/1152 1082/1660/1160 1049/1701/1196 1050/1702/1197
f 1087/1663/1163 1088/1668/1167 1034/1703/1198 1035/1704/1199
f 1075/1687/1182 1076/1690/1185 1055/1694/1189 1056/1705/1200
f 1069/1662/1162 1070/1667/1166 1061/1706/1187 1062/1677/1175
f 1067/1654/1154 1068/1653/1153 1063/1678/1176 1064/1696/1191
f 1082/1660/1160 1083/1665/1165 1048/1700/1195 1049/1701/1196
f 1074/1686/1181 1075/1687/1182 1056/1705/1200 1057/1707/1201
f 1080/1649/1149 1081/1652/1152 1050/1702/1197 1051/1708/1202
f 1086/1664/1164 1087/1663/1163 1035/1704/1199 1036/1679/1177
f 1073/1681/1178 1074/1686/1181 1057/1707/1201 1058/1709/1203
f 1066/1673/1171 1067/1654/1154 1064/1696/1191 1065/1695/1190
f 1079/1644/1146 1080/1649/1149 1051/1708/1202 1052/1710/1204
f 1072/1676/1174 1073/1681/1178 1058/1709/1203 1059/1711/1205
f 1078/1645/1144 1079/1644/1146 1052/1710/1204 1053/1712/1206
f 1071/1670/1169 1072/1676/1174 1059/1711/1205 1060/1691/1186
f 1084/1669/1168 1085/1674/1172 1046/1713/1207 1047/1699/1194
f 1077/1642/1145 1078/1641/1144 1053/1714/1206 1054/1693/1188
f 1088/1668/1167 1066/1673/1171 1065/1695/1190 1034/1703/1198
f 1003/1610/1120 1067/1654/1154 1066/1673/1171 1002/1672/1170
f 1061/1692/1187 1060/1691/1186 1115/1715/1208 1116/1716/1209
f 1052/1710/1204 1051/1708/1202 1106/1717/1210 1107/1718/1211
f 1048/1700/1195 1047/1699/1194 1102/1719/1212 1103/1720/1213
f 1039/1688/1183 1038/1579/1099 1093/1721/1214 1094/1722/1215
f 1034/1703/1198 1065/1695/1190 1120/1698/1193 1089/1723/1216
f 1053/1712/1206 1052/1710/1204 1107/1718/1211 1108/1724/1217
f 1035/1704/1199 1034/1703/1198 1089/1723/1216 1090/1725/1218
f 1040/1689/1184 1039/1688/1183 1094/1722/1215 1095/1726/1219
f 1062/1677/1175 1061/1706/1187 1116/1727/1209 1117/1728/1220
f 1054/1693/1188 1053/1714/1206 1108/1729/1217 1109/1730/1221
f 1049/1701/1196 1048/1700/1195 1103/1720/1213 1104/1731/1222
f 1057/1707/1201 1056/1705/1200 1111/1732/1223 1112/1733/1224
f 1041/1638/1141 1040/1689/1184 1095/1726/1219 1096/1734/1225
f 1036/1679/1177 1035/1704/1199 1090/1725/1218 1091/1735/1226
f 1058/1709/1203 1057/1707/1201 1112/1733/1224 1113/1736/1227
f 1055/1694/1189 1054/1693/1188 1109/1730/1221 1110/1737/1228
f 1063/1678/1176 1062/1677/1175 1117/1728/1220 1118/1738/1229
f 1044/1648/1148 1043/1647/1147 1098/1739/1230 1099/1740/1231
f 1042/1639/1142 1041/1638/1141 1096/1734/1225 1097/1741/1232
f 1050/1702/1197 1049/1701/1196 1104/1731/1222 1105/1742/1233
f 1045/1650/1150 1044/1648/1148 1099/1740/1231 1100/1743/1234
f 1056/1705/1200 1055/1694/1189 1110/1737/1228 1111/1732/1223
f 1037/1680/1098 1036/1679/1177 1091/1735/1226 1092/1744/1235
f 1059/1711/1205 1058/1709/1203 1113/1736/1227 1114/1745/1236
f 1043/1647/1147 1042/1639/1142 1097/1741/1232 1098/1739/1230
f 1064/1696/1191 1063/1678/1176 1118/1738/1229 1119/1697/1192
f 1046/1713/1207 1045/1746/1150 1100/1747/1234 1101/1748/1237
f 1051/1708/1202 1050/1702/1197 1105/1742/1233 1106/1717/1210
f 1060/1691/1186 1059/1711/1205 1114/1745/1236 1115/1715/1208
f 1038/1579/1099 1037/1578/1098 1092/1749/1235 1093/1721/1214
f 1047/1699/1194 1046/1713/1207 1101/1748/1237 1102/1719/1212
f 1101/1748/1237 1100/1747/1234 1132/1750/1238 1133/1751/1239
f 1106/1717/1210 1105/1742/1233 1137/1752/1240 1138/1753/1241
f 1115/1715/1208 1114/1745/1236 1146/1754/1242 1147/1755/1243
f 1093/1721/1214 1092/1749/1235 1124/1756/1244 1125/1757/1245
f 1102/1719/1212 1101/1748/1237 1133/1751/1239 1134/1758/1246
f 1120/1698/1193 1119/1697/1192 1151/1759/1247 1152/1760/1248
f 1116/1716/1209 1115/1715/1208 1147/1755/1243 1148/1761/1249
f 1107/1718/1211 1106/1717/1210 1138/1753/1241 1139/1762/1250
f 1103/1720/1213 1102/1719/1212 1134/1758/1246 1135/1763/1251
f 1094/1722/1215 1093/1721/1214 1125/1757/1245 1126/1764/1252
f 1089/1723/1216 1120/1698/1193 1152/1760/1248 1121/1765/1253
f 1108/1724/1217 1107/1718/1211 1139/1762/1250 1140/1766/1254
f 1090/1725/1218 1089/1723/1216 1121/1765/1253 1122/1767/1255
f 1095/1726/1219 1094/1722/1215 1126/1764/1252 1127/1768/1256
f 1117/1728/1220 1116/1727/1209 1148/1769/1249 1149/1770/1257
f 1109/1730/1221 1108/1729/1217 1140/1771/1254 1141/1772/1258
f 1104/1731/1222 1103/1720/1213 1135/1763/1251 1136/1773/1259
f 1112/1733/1224 1111/1732/1223 1143/1774/1260 1144/1775/1261
f 1096/1734/1225 1095/1726/1219 1127/1768/1256 1128/1776/1262
f 1091/1735/1226 1090/1725/1218 1122/1767/1255 1123/1777/1263
f 1113/1736/1227 1112/1733/1224 1144/1775/1261 1145/1778/1264
f 1110/1737/1228 1109/1730/1221 1141/1772/1258 1142/1779/1265
f 1118/1738/1229 1117/1728/1220 1149/1770/1257 1150/1780/1266
f 1099/1740/1231 1098/1739/1230 1130/1781/1267 1131/1782/1268
f 1097/1741/1232 1096/1734/1225 1128/1776/1262 1129/1783/1269
f 1105/1742/1233 1104/1731/1222 1136/1773/1259 1137/1752/1240
f 1100/1743/1234 1099/1740/1231 1131/1782/1268 1132/1784/1238
f 1111/1732/1223 1110/1737/1228 1142/1779/1265 1143/1774/1260
f 1092/1744/1235 1091/1735/1226 1123/1777/1263 1124/1785/1244
f 1114/1745/1236 1113/1736/1227 1145/1778/1264 1146/1754/1242
f 1098/1739/1230 1097/1741/1232 1129/1783/1269 1130/1781/1267
f 1119/1697/1192 1118/1738/1229 1150/1780/1266 1151/1759/1247
f 1148/1786/1249 1147/1787/1243 1179/1788/1270 1180/1789/1271
f 1139/1790/1250 1138/1791/1241 1170/1792/1272 1171/1793/1273
f 1135/1763/1251 1134/1758/1246 1166/1794/1274 1167/1795/1275
f 1126/1796/1252 1125/1797/1245 1157/1798/1276 1158/1799/1277
f 1121/1765/1253 1152/1760/1248 1184/1800/1278 1153/1801/1279
f 1140/1802/1254 1139/1790/1250 1171/1793/1273 1172/1803/1280
f 1122/1767/1255 1121/1765/1253 1153/1801/1279 1154/1804/1281
f 1127/1768/1256 1126/1764/1252 1158/1805/1277 1159/1806/1282
f 1149/1807/1257 1148/1786/1249 1180/1789/1271 1181/1808/1283
f 1141/1809/1258 1140/1802/1254 1172/1803/1280 1173/1810/1284
f 1136/1773/1259 1135/1763/1251 1167/1795/1275 1168/1811/1285
f 1144/1775/1261 1143/1774/1260 1175/1812/1286 1176/1813/1287
f 1128/1776/1262 1127/1768/1256 1159/1806/1282 1160/1814/1288
f 1123/1815/1263 1122/1816/1255 1154/1817/1281 1155/1818/1289
f 1145/1778/1264 1144/1775/1261 1176/1813/1287 1177/1819/1290
f 1142/1820/1265 1141/1809/1258 1173/1810/1284 1174/1821/1291
f 1150/1822/1266 1149/1807/1257 1181/1808/1283 1182/1823/1292
f 1131/1824/1268 1130/1825/1267 1162/1826/1293 1163/1827/1294
f 1129/1783/1269 1128/1776/1262 1160/1814/1288 1161/1828/1295
f 1137/1752/1240 1136/1773/1259 1168/1811/1285 1169/1829/1296
f 1132/1830/1238 1131/1824/1268 1163/1827/1294 1164/1831/1297
f 1143/1774/1260 1142/1779/1265 1174/1832/1291 1175/1812/1286
f 1124/1833/1244 1123/1815/1263 1155/1818/1289 1156/1834/1298
f 1146/1754/1242 1145/1778/1264 1177/1819/1290 1178/1835/1299
f 1130/1781/1267 1129/1783/1269 1161/1828/1295 1162/1836/1293
f 1151/1759/1247 1150/1780/1266 1182/1837/1292 1183/1838/1300
f 1133/1839/1239 1132/1830/1238 1164/1831/1297 1165/1840/1301
f 1138/1753/1241 1137/1752/1240 1169/1829/1296 1170/1841/1272
f 1147/1787/1243 1146/1842/1242 1178/1843/1299 1179/1788/1270
f 1125/1797/1245 1124/1833/1244 1156/1834/1298 1157/1798/1276
f 1134/1844/1246 1133/1839/1239 1165/1840/1301 1166/1845/1274
f 1152/1760/1248 1151/1759/1247 1183/1838/1300 1184/1800/1278
f 1855/1846/1302 1854/1847/1303 1868/1848/1155 1869/1849/1304 1870/1850/1305
f 1216/1851/72 1185/1852/1306 1153/1853/1279 1184/1854/1278 1183/1855/1300 1182/1823/1292 1181/1808/1283 1213/1856/1307 1214/1857/1308 1215/1858/73
f 1875/114/118 1892/1318/926 1893/1317/925 1876/115/119
f 1843/1859/1309 1842/1860/1310 2204/1861/1311 2201/1862/1312 1850/1863/1313 1851/1864/1314 1852/1865/1315
f 1892/1318/926 1891/1866/1316 1914/1867/1317 1915/1868/1318 1916/1319/927
f 2203/1869/1319 2206/1870/1320 1862/1871/844 1863/1872/845
f 2201/1862/1312 2204/1861/1311 1849/1873/1321 1850/1863/1313
f 1847/1874/1106 1846/1875/265 2202/1876/1322 2205/1877/1323 1859/1878/116 1860/1879/115
f 1027/62/63 1040/1689/1184 1041/1638/1141 1026/1601/1114
f 1169/1880/1296 1201/1881/1324 1202/1882/1325 1203/1883/1326 1204/1884/1327 1205/1885/1328 1173/1810/1284 1172/1803/1280 1171/1793/1273 1170/1792/1272
f 1191/1886/1329 1192/1887/1330 1193/1888/1331 1161/1889/1295 1160/1890/1288 1159/1891/1282 1158/1799/1277 1157/1798/1276 1189/1892/1332 1190/1893/1333
f 1190/1894/1333 1189/1895/1332 1221/1896/1334 1222/1897/1335
f 1211/1898/1336 1210/1899/1337 1242/1900/1338 1243/1901/1339
f 1210/1899/1337 1209/1902/1340 1241/1903/1341 1242/1900/1338
f 1796/1904/1342 1825/1905/1343 1824/1906/1344 1823/1907/1345 1829/1908/1346 1826/1909/1347 1798/1910/1348 1797/1911/1349
f 1199/1912/1350 1198/1913/1351 1230/1914/1352 1231/1915/1353
f 1198/1913/1351 1197/1916/1354 1229/1917/1355 1230/1914/1352
f 1215/72/73 1214/1918/1308 1246/1919/1356 1247/73/74
f 1186/1920/1357 1185/1921/1306 1217/1922/1358 1218/1923/1359
f 1204/1924/1327 1203/1925/1326 1235/1926/1360 1236/1927/1361
f 2213/1928/1362 2211/1929/1363 25/130/1123 26/134/1126 27/82/1364 2215/1930/1365
f 1185/1921/1306 1216/71/72 1248/74/75 1217/1922/1358
f 1191/1931/1329 1190/1894/1333 1222/1897/1335 1223/1932/1366
f 1196/1933/1367 1195/1934/1368 1227/1935/1369 1228/1936/1370
f 45/78/79 2214/1937/1371 2216/1938/1372 2218/1335/939 47/83/84 46/75/76
f 1206/1939/1373 1207/1940/1374 1208/1941/1375 1209/1942/1340 1177/1943/1290 1176/1944/1287 1175/1945/1286 1174/1821/1291 1173/1810/1284 1205/1885/1328
f 2222/1334/938 2225/41/41 49/42/106 48/85/86 47/83/84 2218/1335/939
f 2236/1946/1376 2238/55/55 41/56/57 40/107/111 39/110/114 2234/1596/1108
f 1209/1902/1340 1208/1947/1375 1240/1948/1377 1241/1903/1341
f 2211/1929/1363 2208/1949/1378 2207/1950/1379 23/123/1380 24/126/1381 25/130/1123
f 1207/1951/1374 1206/1952/1373 1238/1953/1382 1239/1954/1383
f 996/60/61 997/1611/1104 1029/1580/1100 1028/61/62
f 1214/1918/1308 1213/1955/1307 1245/1956/1384 1246/1919/1356
f 1221/1957/1334 1220/1958/1385 1252/1959/1386 1253/1960/1387
f 1230/1914/1352 1229/1917/1355 1261/1961/1388 1262/1962/1389
f 1248/74/75 1247/73/74 1279/1963/1390 1280/1964/1391
f 1244/1965/1392 1243/1966/1339 1275/1967/1393 1276/1968/1394
f 1235/1926/1360 1234/1969/1395 1266/1970/1396 1267/1971/1397
f 1231/1915/1353 1230/1914/1352 1262/1962/1389 1263/1972/1398
f 1222/1897/1335 1221/1896/1334 1253/1973/1387 1254/1974/1399
f 1217/1922/1358 1248/74/75 1280/1964/1391 1249/1975/1400
f 1236/1976/1361 1235/1977/1360 1267/1978/1397 1268/1979/1401
f 1218/1923/1359 1217/1922/1358 1249/1975/1400 1250/1980/1402
f 1223/1932/1366 1222/1897/1335 1254/1974/1399 1255/1981/1403
f 1245/1982/1384 1244/1965/1392 1276/1968/1394 1277/1983/1404
f 1237/1984/1405 1236/1976/1361 1268/1979/1401 1269/1985/1406
f 1232/1986/1407 1231/1915/1353 1263/1972/1398 1264/1987/1408
f 1240/1948/1377 1239/1954/1383 1271/1988/1409 1272/1989/1410
f 1224/1990/1411 1223/1932/1366 1255/1981/1403 1256/1991/1412
f 1219/1992/1413 1218/1923/1359 1250/1980/1402 1251/1993/1414
f 1241/1903/1341 1240/1948/1377 1272/1989/1410 1273/1994/1415
f 1238/1953/1382 1237/1995/1405 1269/1996/1406 1270/1997/1416
f 1246/1919/1356 1245/1956/1384 1277/1998/1404 1278/1999/1417
f 1227/1935/1369 1226/2000/1418 1258/2001/1419 1259/2002/1420
f 1225/2003/1421 1224/1990/1411 1256/1991/1412 1257/2004/1422
f 1233/2005/1423 1232/1986/1407 1264/1987/1408 1265/2006/1424
f 1228/2007/1370 1227/2008/1369 1259/2009/1420 1260/2010/1425
f 1239/1954/1383 1238/1953/1382 1270/1997/1416 1271/1988/1409
f 1220/1958/1385 1219/2011/1413 1251/2012/1414 1252/1959/1386
f 1242/1900/1338 1241/1903/1341 1273/1994/1415 1274/2013/1426
f 1226/2000/1418 1225/2003/1421 1257/2004/1422 1258/2001/1419
f 1247/73/74 1246/1919/1356 1278/1999/1417 1279/1963/1390
f 1229/2014/1355 1228/2007/1370 1260/2010/1425 1261/2015/1388
f 1234/1969/1395 1233/2005/1423 1265/2006/1424 1266/1970/1396
f 1243/1901/1339 1242/1900/1338 1274/2013/1426 1275/2016/1393
f 1254/1974/1399 1253/1973/1387 1285/2017/1427 1286/2018/1428
f 1249/1975/1400 1280/1964/1391 1312/2019/1429 1281/2020/1430
f 1268/2021/1401 1267/1971/1397 1299/2022/1431 1300/2023/1432
f 1250/1980/1402 1249/1975/1400 1281/2020/1430 1282/2024/1433
f 1255/1981/1403 1254/1974/1399 1286/2018/1428 1287/2025/1434
f 1277/1998/1404 1276/2026/1394 1308/2027/1435 1309/2028/1436
f 1269/1996/1406 1268/2029/1401 1300/2030/1432 1301/2031/1437
f 1264/1987/1408 1263/1972/1398 1295/2032/1438 1296/2033/1439
f 1272/1989/1410 1271/1988/1409 1303/2034/1440 1304/2035/1441
f 1256/1991/1412 1255/1981/1403 1287/2025/1434 1288/2036/1442
f 1251/1993/1414 1250/1980/1402 1282/2024/1433 1283/2037/1443
f 1273/1994/1415 1272/1989/1410 1304/2035/1441 1305/2038/1444
f 1270/1997/1416 1269/1996/1406 1301/2031/1437 1302/2039/1445
f 1278/1999/1417 1277/1998/1404 1309/2028/1436 1310/2040/1446
f 1259/2002/1420 1258/2001/1419 1290/2041/1447 1291/2042/1448
f 1257/2004/1422 1256/1991/1412 1288/2036/1442 1289/2043/1449
f 1265/2006/1424 1264/1987/1408 1296/2033/1439 1297/2044/1450
f 1260/2045/1425 1259/2002/1420 1291/2042/1448 1292/2046/1451
f 1271/1988/1409 1270/1997/1416 1302/2039/1445 1303/2034/1440
f 1252/2047/1386 1251/1993/1414 1283/2037/1443 1284/2048/1452
f 1274/2013/1426 1273/1994/1415 1305/2038/1444 1306/2049/1453
f 1258/2001/1419 1257/2004/1422 1289/2043/1449 1290/2041/1447
f 1279/1963/1390 1278/1999/1417 1310/2040/1446 1311/2050/1454
f 1261/1961/1388 1260/2051/1425 1292/2052/1451 1293/2053/1455
f 1266/1970/1396 1265/2006/1424 1297/2044/1450 1298/2054/1456
f 1275/2016/1393 1274/2013/1426 1306/2049/1453 1307/2055/1457
f 1253/1973/1387 1252/2056/1386 1284/2057/1452 1285/2017/1427
f 1262/1962/1389 1261/1961/1388 1293/2053/1455 1294/2058/1458
f 1280/1964/1391 1279/1963/1390 1311/2050/1454 1312/2019/1429
f 1276/2059/1394 1275/2016/1393 1307/2055/1457 1308/2060/1435
f 1267/1971/1397 1266/1970/1396 1298/2054/1456 1299/2022/1431
f 1263/1972/1398 1262/1962/1389 1294/2058/1458 1295/2032/1438
f 1301/2031/1437 1300/2030/1432 1332/2061/1459 1333/2062/1460
f 1296/2033/1439 1295/2032/1438 1327/2063/1461 1328/2064/1462
f 1304/2035/1441 1303/2034/1440 1335/2065/1463 1336/2066/1464
f 1288/2036/1442 1287/2025/1434 1319/2067/1465 1320/2068/1466
f 1283/2037/1443 1282/2024/1433 1314/2069/1467 1315/2070/1468
f 1305/2038/1444 1304/2035/1441 1336/2066/1464 1337/2071/1469
f 1302/2039/1445 1301/2031/1437 1333/2062/1460 1334/2072/1470
f 1310/2040/1446 1309/2028/1436 1341/2073/1471 1342/2074/1472
f 1291/2042/1448 1290/2041/1447 1322/2075/1473 1323/2076/1474
f 1289/2043/1449 1288/2036/1442 1320/2068/1466 1321/2077/1475
f 1297/2044/1450 1296/2033/1439 1328/2064/1462 1329/2078/1476
f 1292/2046/1451 1291/2042/1448 1323/2076/1474 1324/2079/1477
f 1303/2034/1440 1302/2039/1445 1334/2072/1470 1335/2065/1463
f 1284/2048/1452 1283/2037/1443 1315/2070/1468 1316/2080/1478
f 1306/2049/1453 1305/2038/1444 1337/2071/1469 1338/2081/1479
f 1290/2041/1447 1289/2043/1449 1321/2077/1475 1322/2075/1473
f 1311/2050/1454 1310/2040/1446 1342/2074/1472 1343/2082/1480
f 1293/2053/1455 1292/2052/1451 1324/2083/1477 1325/2084/1481
f 1298/2054/1456 1297/2044/1450 1329/2078/1476 1330/2085/1482
f 1307/2055/1457 1306/2049/1453 1338/2081/1479 1339/2086/1483
f 1285/2017/1427 1284/2057/1452 1316/2087/1478 1317/2088/1484
f 1294/2058/1458 1293/2053/1455 1325/2084/1481 1326/2089/1485
f 1312/2019/1429 1311/2050/1454 1343/2082/1480 1344/2090/1486
f 1308/2060/1435 1307/2055/1457 1339/2086/1483 1340/2091/1487
f 1299/2022/1431 1298/2054/1456 1330/2085/1482 1331/2092/1488
f 1295/2032/1438 1294/2058/1458 1326/2089/1485 1327/2063/1461
f 1286/2018/1428 1285/2017/1427 1317/2088/1484 1318/2093/1489
f 1281/2020/1430 1312/2019/1429 1344/2090/1486 1313/2094/1490
f 1300/2023/1432 1299/2022/1431 1331/2092/1488 1332/2095/1459
f 1282/2024/1433 1281/2020/1430 1313/2094/1490 1314/2069/1467
f 1287/2025/1434 1286/2018/1428 1318/2093/1489 1319/2067/1465
f 1309/2028/1436 1308/2027/1435 1340/2096/1487 1341/2073/1471
f 1321/2097/1475 1320/2098/1466 1352/341/271 1353/340/270
f 1329/2099/1476 1328/2100/1462 1360/2101/1491 1361/2102/1492
f 1324/2103/1477 1323/2104/1474 1355/1338/944 1356/1337/943
f 1335/2105/1463 1334/2106/1470 1366/2107/1493 1367/2108/1494
f 1316/2109/1478 1315/2110/1468 1347/2111/1495 1348/2112/1496
f 1338/2113/1479 1337/2114/1469 1369/2115/1497 1370/2116/1498
f 1322/2117/1473 1321/2097/1475 1353/340/270 1354/2118/1499
f 1343/2119/1480 1342/2120/1472 1374/2121/1500 1375/2122/1501
f 1325/2123/1481 1324/2103/1477 1356/1337/943 1357/1336/942
f 1330/2124/1482 1329/2099/1476 1361/2102/1492 1362/2125/1502
f 1339/2126/1483 1338/2113/1479 1370/2116/1498 1371/2127/1503
f 1317/2128/1484 1316/2109/1478 1348/2112/1496 1349/2129/1504
f 1326/2130/1485 1325/2123/1481 1357/1336/942 1358/1343/949
f 1344/2131/1486 1343/2119/1480 1375/2122/1501 1376/2132/1505
f 1340/2133/1487 1339/2126/1483 1371/2127/1503 1372/2134/1506
f 1331/2135/1488 1330/2124/1482 1362/2125/1502 1363/2136/1507
f 1327/2137/1461 1326/2130/1485 1358/1343/949 1359/2138/1508
f 1318/2139/1489 1317/2128/1484 1349/2129/1504 1350/2140/1509
f 1313/2141/1490 1344/2131/1486 1376/2132/1505 1345/2142/1510
f 1332/2143/1459 1331/2135/1488 1363/2136/1507 1364/2144/1511
f 1314/2145/1467 1313/2141/1490 1345/2142/1510 1346/2146/1512
f 1319/2147/1465 1318/2139/1489 1350/2140/1509 1351/342/272
f 1341/2148/1471 1340/2133/1487 1372/2134/1506 1373/2149/1513
f 1333/2150/1460 1332/2143/1459 1364/2144/1511 1365/2151/1514
f 1328/2100/1462 1327/2137/1461 1359/2138/1508 1360/2101/1491
f 1336/2152/1464 1335/2105/1463 1367/2108/1494 1368/2153/1515
f 1320/2098/1466 1319/2147/1465 1351/342/272 1352/341/271
f 1315/2110/1468 1314/2145/1467 1346/2146/1512 1347/2111/1495
f 1337/2114/1469 1336/2152/1464 1368/2153/1515 1369/2115/1497
f 1334/2106/1470 1333/2150/1460 1365/2151/1514 1366/2107/1493
f 1342/2120/1472 1341/2148/1471 1373/2149/1513 1374/2121/1500
f 1323/2104/1474 1322/2117/1473 1354/2118/1499 1355/1338/944
f 1366/2107/1493 1365/2151/1514 1364/2144/1511 1396/2154/1516 1397/2155/1517 1398/2156/1518
f 1367/2108/1494 1366/2107/1493 1398/2156/1518 1399/2157/1519 1400/2158/1520 1368/2153/1515
f 1362/2125/1502 1361/2102/1492 1360/2101/1491 1392/2159/1521 1393/2160/1522 1394/2161/1523
f 1370/2116/1498 1369/2115/1497 1368/2153/1515 1400/2158/1520 1401/2162/1524 1402/2163/1525 1403/2164/1526 1371/2127/1503
f 1360/2101/1491 1359/2138/1508 1358/1343/949 1390/1342/948 1391/2165/1527 1392/2159/1521
f 1372/2134/1506 1371/2127/1503 1403/2164/1526 1404/2166/1528 1405/2167/1529 1373/2149/1513
f 1364/2144/1511 1363/2136/1507 1362/2125/1502 1394/2161/1523 1395/2168/1530 1396/2154/1516
f 1376/2132/1505 1375/2122/1501 1407/2169/1531 1408/2170/1532 1377/2171/1533 1345/2142/1510
f 1624/2172/1534 1625/322/257 1600/321/256 1599/2173/1535 1598/2174/1536 1597/2175/1537 1617/2176/1538 1618/2177/1539 1619/2178/1540 1620/2179/1541 1621/2180/1542 1622/2181/1543 1623/2182/1544
f 1375/2122/1501 1374/2121/1500 1373/2149/1513 1405/2167/1529 1406/2183/1545 1407/2169/1531
f 1354/2118/1499 1353/340/270 1385/345/275 1386/2184/1546 1387/1339/945 1355/1338/944
f 1022/2185/1151 1045/1746/1150 1046/1713/1207 1085/1674/1172 1021/1626/1131
f 1347/2111/1495 1346/2146/1512 1345/2142/1510 1377/2171/1533 1378/2186/1547 1379/2187/1548 1380/2188/1549 1348/2112/1496
f 1349/2129/1504 1348/2112/1496 1380/2188/1549 1381/2189/1550 1382/2190/1551 1383/343/273 1351/342/272 1350/2140/1509
f 1383/2191/273 1382/2192/1551 1414/2193/1552 1415/2194/1553
f 1405/2195/1529 1404/2196/1528 1436/2197/23 1437/2198/1554
f 1397/2199/1517 1396/2200/1516 1428/2201/1555 1429/1622/1128
f 1392/2202/1521 1391/2203/1527 1423/2204/1556 1424/2205/1557
f 1400/2206/1520 1399/2207/1519 1431/2208/1558 1432/2209/1559
f 1384/2210/274 1383/2191/273 1415/2194/1553 1416/2211/1560
f 1379/2212/1548 1378/2213/1547 1410/2214/1561 1411/2215/1562
f 1401/2216/1524 1400/2206/1520 1432/2209/1559 1433/2217/1563
f 1398/2218/1518 1397/2199/1517 1429/1622/1128 1430/1621/1127
f 1406/2219/1545 1405/2195/1529 1437/2198/1554 1438/2220/1564
f 1387/2221/945 1386/2222/1546 1418/20/20 1419/19/19
f 1385/2223/275 1384/2210/274 1416/2211/1560 1417/2224/1565
f 1393/2225/1522 1392/2202/1521 1424/2205/1557 1425/2226/1566
f 1388/2227/946 1387/2221/945 1419/19/19 1420/2228/1567
f 1399/2207/1519 1398/2218/1518 1430/1621/1127 1431/2208/1558
f 1380/2229/1549 1379/2212/1548 1411/2215/1562 1412/2230/1568
f 1402/2231/1525 1401/2216/1524 1433/2217/1563 1434/2232/1569
f 1386/2222/1546 1385/2223/275 1417/2224/1565 1418/20/20
f 1407/2233/1531 1406/2219/1545 1438/2220/1564 1439/2234/1570
f 1389/2235/947 1388/2236/946 1420/2237/1567 1421/2238/1571
f 1394/2239/1523 1393/2225/1522 1425/2226/1566 1426/2240/1572
f 1403/2241/1526 1402/2231/1525 1434/2232/1569 1435/24/24
f 1381/2242/1550 1380/2243/1549 1412/2244/1568 1413/2245/1573
f 1390/2246/948 1389/2235/947 1421/2238/1571 1422/2247/1574
f 1408/2248/1532 1407/2233/1531 1439/2234/1570 1440/2249/1575
f 1404/2250/1528 1403/2241/1526 1435/24/24 1436/23/23
f 1395/2251/1530 1394/2239/1523 1426/2240/1572 1427/2252/1576
f 1391/2203/1527 1390/2246/948 1422/2247/1574 1423/2204/1556
f 1382/2192/1551 1381/2242/1550 1413/2245/1573 1414/2193/1552
f 1377/2253/1533 1408/2248/1532 1440/2249/1575 1409/2254/1577
f 1396/2255/1516 1395/2251/1530 1427/2252/1576 1428/2256/1555
f 1378/2213/1547 1377/2253/1533 1409/2254/1577 1410/2214/1561
f 1432/2209/1559 1464/2257/1578 1465/2258/1579 1433/2217/1563
f 1469/2259/1580 1470/2260/1581 1438/2220/1564 1437/2198/1554
f 1418/20/20 1417/2224/1565 1449/2261/1582 1450/21/21
f 1439/2234/1570 1438/2220/1564 1470/2260/1581 1471/2262/1583
f 1420/2237/1567 1452/2263/1584 1453/2264/1585 1421/2238/1571
f 1466/2265/1586 1467/25/25 1435/24/24 1434/2232/1569
f 1453/2264/1585 1454/2266/1587 1422/2247/1574 1421/2238/1571
f 1454/2266/1587 1455/2267/1588 1423/2204/1556 1422/2247/1574
f 1413/2245/1573 1445/2268/1589 1446/2269/1590 1414/2193/1552
f 1447/2270/1591 1448/2271/1592 1416/2211/1560 1415/2194/1553
f 2227/1633/1138 2224/2272/1593 2221/2273/1594 29/87/1595 30/93/1596 31/96/1597
f 1466/2265/1586 1465/2258/1579 1497/2274/1598 1498/2275/1599
f 1450/21/21 1449/2261/1582 1481/2276/1600 1482/2277/1601
f 1471/2262/1583 1470/2260/1581 1502/2278/1602 1503/2279/1603
f 1453/2264/1585 1452/2263/1584 1484/2280/1604 1485/2281/1605
f 1458/2282/1606 1457/2283/1607 1489/2284/1608 1490/2285/1609
f 1467/25/25 1466/2265/1586 1498/2275/1599 1499/2286/1610
f 1445/2268/1589 1444/2287/1611 1476/2288/1612 1477/2289/1613
f 1454/2266/1587 1453/2264/1585 1485/2281/1605 1486/2290/1614
f 1472/2291/1615 1471/2262/1583 1503/2279/1603 1504/2292/1616
f 1468/26/26 1467/25/25 1499/2286/1610 1500/2293/1617
f 1459/2294/1618 1458/2282/1606 1490/2285/1609 1491/2295/1619
f 1455/2267/1588 1454/2266/1587 1486/2290/1614 1487/2296/1620
f 1446/2269/1590 1445/2268/1589 1477/2289/1613 1478/2297/1621
f 1441/2298/1622 1472/2291/1615 1504/2292/1616 1473/2299/1623
f 1460/2300/1624 1459/2294/1618 1491/2295/1619 1492/2301/1625
f 1442/2302/1626 1441/2298/1622 1473/2299/1623 1474/2303/1627
f 1447/2270/1591 1446/2269/1590 1478/2297/1621 1479/2304/1628
f 1469/2259/1580 1468/2305/26 1500/2306/1617 1501/2307/1629
f 1461/1623/1129 1460/2308/1624 1492/2309/1625 1493/2310/1630
f 1456/2311/1631 1455/2267/1588 1487/2296/1620 1488/2312/1632
f 1464/2257/1578 1463/2313/1633 1495/2314/1634 1496/2315/1635
f 1448/2271/1592 1447/2270/1591 1479/2304/1628 1480/2316/1636
f 1443/2317/1637 1442/2302/1626 1474/2303/1627 1475/2318/1638
f 1465/2258/1579 1464/2257/1578 1496/2315/1635 1497/2274/1598
f 1462/1624/1130 1461/1623/1129 1493/2310/1630 1494/2319/1639
f 1470/2260/1581 1469/2259/1580 1501/2307/1629 1502/2278/1602
f 1451/22/22 1450/21/21 1482/2277/1601 1483/2320/1640
f 1449/2261/1582 1448/2271/1592 1480/2316/1636 1481/2276/1600
f 1457/2283/1607 1456/2311/1631 1488/2312/1632 1489/2284/1608
f 1452/2321/1584 1451/22/22 1483/2320/1640 1484/2322/1604
f 1463/2313/1633 1462/1624/1130 1494/2319/1639 1495/2314/1634
f 1444/2323/1611 1443/2317/1637 1475/2318/1638 1476/2324/1612
f 1486/2290/1614 1485/2281/1605 1517/2325/1641 1518/2326/1642
f 1504/2292/1616 1503/2279/1603 1535/2327/1643 1536/2328/1644
f 1500/2293/1617 1499/2286/1610 1531/2329/1645 1532/2330/1646
f 1491/2295/1619 1490/2285/1609 1522/2331/1647 1523/2332/1648
f 1487/2296/1620 1486/2290/1614 1518/2326/1642 1519/2333/1649
f 1478/2297/1621 1477/2289/1613 1509/2334/1650 1510/2335/1651
f 1473/2299/1623 1504/2292/1616 1536/2328/1644 1505/2336/1652
f 1492/2301/1625 1491/2295/1619 1523/2332/1648 1524/2337/1653
f 1474/2303/1627 1473/2299/1623 1505/2336/1652 1506/2338/1654
f 1479/2304/1628 1478/2297/1621 1510/2335/1651 1511/2339/1655
f 1501/2307/1629 1500/2306/1617 1532/2340/1646 1533/2341/1656
f 1493/2310/1630 1492/2309/1625 1524/2342/1653 1525/2343/1657
f 1488/2312/1632 1487/2296/1620 1519/2333/1649 1520/2344/1658
f 1496/2315/1635 1495/2314/1634 1527/2345/1659 1528/2346/1660
f 1480/2316/1636 1479/2304/1628 1511/2339/1655 1512/2347/1661
f 1475/2318/1638 1474/2303/1627 1506/2338/1654 1507/2348/1662
f 1497/2274/1598 1496/2315/1635 1528/2346/1660 1529/2349/1663
f 1494/2319/1639 1493/2310/1630 1525/2343/1657 1526/2350/1664
f 1502/2278/1602 1501/2307/1629 1533/2341/1656 1534/2351/1665
f 1483/2320/1640 1482/2277/1601 1514/2352/1666 1515/2353/1667
f 1481/2276/1600 1480/2316/1636 1512/2347/1661 1513/2354/1668
f 1489/2284/1608 1488/2312/1632 1520/2344/1658 1521/2355/1669
f 1484/2322/1604 1483/2320/1640 1515/2353/1667 1516/2356/1670
f 1495/2314/1634 1494/2319/1639 1526/2350/1664 1527/2345/1659
f 1476/2324/1612 1475/2318/1638 1507/2348/1662 1508/2357/1671
f 1498/2275/1599 1497/2274/1598 1529/2349/1663 1530/2358/1672
f 1482/2277/1601 1481/2276/1600 1513/2354/1668 1514/2352/1666
f 1503/2279/1603 1502/2278/1602 1534/2351/1665 1535/2327/1643
f 1485/2281/1605 1484/2280/1604 1516/2359/1670 1517/2325/1641
f 1490/2285/1609 1489/2284/1608 1521/2355/1669 1522/2331/1647
f 1499/2286/1610 1498/2275/1599 1530/2358/1672 1531/2329/1645
f 1477/2289/1613 1476/2288/1612 1508/2360/1671 1509/2334/1650
f 1505/2336/1652 1536/2328/1644 1568/2361/1673 1537/2362/1674
f 1524/2363/1653 1523/2364/1648 1555/2365/1675 1556/2366/1676
f 1506/2338/1654 1505/2336/1652 1537/2362/1674 1538/2367/1677
f 1511/2339/1655 1510/2335/1651 1542/2368/1678 1543/2369/1679
f 1533/2370/1656 1532/2371/1646 1564/2372/1680 1565/2373/1681
f 1525/2374/1657 1524/2363/1653 1556/2366/1676 1557/2375/1682
f 1520/2344/1658 1519/2333/1649 1551/2376/1683 1552/2377/1684
f 1528/2346/1660 1527/2345/1659 1559/2378/1091 1560/2379/1090
f 1512/2347/1661 1511/2339/1655 1543/2369/1679 1544/2380/1685
f 1507/2381/1662 1506/2382/1654 1538/2383/1677 1539/2384/1686
f 1529/2349/1663 1528/2346/1660 1560/2379/1090 1561/2385/1089
f 1526/2386/1664 1525/2374/1657 1557/2375/1682 1558/2387/1687
f 1534/2388/1665 1533/2370/1656 1565/2373/1681 1566/2389/1688
f 1515/2390/1667 1514/2391/1666 1546/2392/1689 1547/2393/1690
f 1513/2354/1668 1512/2347/1661 1544/2380/1685 1545/2394/1691
f 1521/2355/1669 1520/2344/1658 1552/2377/1684 1553/2395/1692
f 1516/2396/1670 1515/2390/1667 1547/2393/1690 1548/2397/1693
f 1527/2345/1659 1526/2350/1664 1558/2398/1687 1559/2378/1091
f 1508/2399/1671 1507/2381/1662 1539/2384/1686 1540/2400/1694
f 1530/2358/1672 1529/2349/1663 1561/2385/1089 1562/2401/1695
f 1514/2352/1666 1513/2354/1668 1545/2394/1691 1546/2402/1689
f 1535/2327/1643 1534/2351/1665 1566/2403/1688 1567/2404/1696
f 1517/2405/1641 1516/2396/1670 1548/2397/1693 1549/2406/1697
f 1522/2331/1647 1521/2355/1669 1553/2395/1692 1554/2407/1698
f 1531/2408/1645 1530/2409/1672 1562/2410/1695 1563/2411/1699
f 1509/2412/1650 1508/2399/1671 1540/2400/1694 1541/2413/1700
f 1518/2414/1642 1517/2405/1641 1549/2406/1697 1550/2415/1701
f 1536/2328/1644 1535/2327/1643 1567/2404/1696 1568/2361/1673
f 1532/2371/1646 1531/2408/1645 1563/2411/1699 1564/2372/1680
f 1523/2364/1648 1522/2416/1647 1554/2417/1698 1555/2365/1675
f 1519/2333/1649 1518/2326/1642 1550/2418/1701 1551/2376/1683
f 1510/2419/1651 1509/2412/1650 1541/2413/1700 1542/2420/1678
f 1543/2421/1679 1542/2420/1678 1541/2413/1700 1573/2422/1702 1574/2423/1703
f 1550/2415/1701 1549/2406/1697 1548/2397/1693 1578/2424/1704 1579/2425/1705 1580/2426/1706
f 1538/2383/1677 1537/2427/1674 1569/2428/1707 1570/2429/1708 1571/2430/1709 1539/2384/1686
f 1559/1570/1091 1558/2387/1687 1557/2375/1682 1586/2431/1710 1587/1571/1092
f 1548/2397/1693 1547/2393/1690 1546/2392/1689 1576/2432/1711 1577/2433/1712 1578/2424/1704
f 1568/2434/1673 1567/2435/1696 1566/2389/1688 1591/2436/1713 1592/2437/1714
f 1554/2417/1698 1553/2438/1692 1552/2439/1684 1581/2440/1715 1582/2441/1716 1583/2442/1717
f 1541/2413/1700 1540/2400/1694 1539/2384/1686 1571/2430/1709 1572/2443/1718 1573/2422/1702
f 1563/2411/1699 1562/2410/1695 1561/1568/1089 1588/1572/1093 1589/2444/1719
f 1556/2366/1676 1555/2365/1675 1554/2417/1698 1583/2442/1717 1584/2445/1720 1585/2446/1721
f 1546/2392/1689 1545/2447/1691 1575/2448/1722 1576/2432/1711
f 1551/2449/1683 1550/2415/1701 1580/2426/1706 1581/2440/1715 1552/2439/1684
f 1545/2447/1691 1544/2450/1685 1543/2421/1679 1574/2423/1703 1575/2448/1722
f 1564/2372/1680 1563/2411/1699 1589/2444/1719 1590/2451/1723
f 1565/2373/1681 1564/2372/1680 1590/2451/1723 1591/2436/1713 1566/2389/1688
f 1851/2452/1314 1850/2453/1313 1849/2454/1321 1866/2455/1724 1867/1656/1156
f 1537/2427/1674 1568/2434/1673 1592/2437/1714 1569/2428/1707
f 1557/2375/1682 1556/2366/1676 1585/2446/1721 1586/2431/1710
f 1571/2430/1709 1570/2429/1708 1593/2456/1725 1594/2457/1726 1572/2443/1718
f 1588/1572/1093 1587/1571/1092 1601/320/255 1602/319/254 1589/2444/1719
f 1586/2431/1710 1585/2446/1721 1584/2445/1720 1599/2173/1535 1600/321/256 1601/320/255 1587/1571/1092
f 1577/2433/1712 1576/2432/1711 1575/2448/1722 1574/2423/1703 1595/2458/1727 1596/2459/1728
f 1570/2429/1708 1569/2428/1707 1592/2437/1714 1591/2436/1713 1603/318/253 1604/317/252 1593/2456/1725
f 1573/2422/1702 1572/2443/1718 1594/2457/1726 1595/2458/1727 1574/2423/1703
f 1584/2445/1720 1583/2442/1717 1582/2441/1716 1598/2174/1536 1599/2173/1535
f 1845/329/264 1844/339/269 1854/1847/1303 1855/1846/1302 1856/2460/1729 1857/2461/1730 2202/2462/1322 1846/330/265
f 1579/2425/1705 1578/2424/1704 1577/2433/1712 1596/2459/1728 1597/2175/1537
f 1442/2302/1626 1443/2317/1637 1411/2215/1562 1410/2214/1561
f 1428/2201/1555 1460/2308/1624 1461/1623/1129 1429/1622/1128
f 1414/2193/1552 1446/2269/1590 1447/2270/1591 1415/2194/1553
f 11/2463/56 2249/2464/1731 2250/2465/1732 12/2466/1733
f 1426/2240/1572 1458/2282/1606 1459/2294/1618 1427/2252/1576
f 1439/2234/1570 1471/2262/1583 1472/2291/1615 1440/2249/1575
f 1197/1916/1354 1196/2467/1367 1228/2468/1370 1229/1917/1355
f 1413/2245/1573 1412/2244/1568 1444/2287/1611 1445/2268/1589
f 1205/2469/1328 1204/2470/1327 1236/2471/1361 1237/1995/1405
f 2211/1929/1363 2213/1928/1362 58/134/138 57/130/134 56/126/130 2208/1949/1378
f 984/1614/1094 985/49/49 1017/52/52 1016/1615/1121
f 1420/2228/1567 1419/19/19 1451/22/22 1452/2321/1584
f 1417/2224/1565 1416/2211/1560 1448/2271/1592 1449/2261/1582
f 1432/2209/1559 1431/2208/1558 1463/2313/1633 1464/2257/1578
f 1412/2230/1568 1411/2215/1562 1443/2317/1637 1444/2323/1611
f 2218/1335/939 2216/1938/1372 14/75/1734 15/83/940
f 1430/1621/1127 1462/1624/1130 1463/2313/1633 1431/2208/1558
f 1433/2217/1563 1465/2258/1579 1466/2265/1586 1434/2232/1569
f 1457/2283/1607 1458/2282/1606 1426/2240/1572 1425/2226/1566
f 2223/12/12 2220/11/11 2/14/31 3/13/34 4/92/1133 2226/1627/1132
f 1423/2204/1556 1455/2267/1588 1456/2311/1631 1424/2205/1557
f 1425/2226/1566 1424/2205/1557 1456/2311/1631 1457/2283/1607
f 1472/2291/1615 1441/2298/1622 1409/2254/1577 1440/2249/1575
f 1459/2294/1618 1460/2300/1624 1428/2256/1555 1427/2252/1576
f 1436/2197/23 1468/2305/26 1469/2259/1580 1437/2198/1554
f 1441/2298/1622 1442/2302/1626 1410/2214/1561 1409/2254/1577
f 749/1205/850 781/1249/889 780/1229/872 748/1209/853
f 1875/114/118 1874/2472/1735 1891/1866/1316 1892/1318/926
f 1854/2473/1303 1853/2474/1736 1852/2475/1315 1851/2452/1314 1867/1656/1156 1868/1655/1155
f 1857/2461/1730 1856/2460/1729 1872/2476/1737 1873/2477/1738 1874/2478/1735
f 1161/1889/1295 1193/1888/1331 1194/2479/1739 1195/2480/1368 1196/2481/1367 1197/2482/1354 1165/1840/1301 1164/1831/1297 1163/1827/1294 1162/1826/1293
f 1636/316/251 1635/315/250 1667/2483/1740 1668/2484/1741
f 1632/312/247 1631/311/246 1663/2485/1742 1664/2486/1743
f 1623/2182/1544 1622/2181/1543 1654/2487/1744 1655/2488/1745
f 1619/2178/1540 1618/2177/1539 1650/2489/1746 1651/2490/1747
f 1610/2491/1748 1609/2492/1749 1641/2493/1750 1642/2494/1751
f 1605/2495/1752 1636/316/251 1668/2484/1741 1637/2496/1753
f 1624/2172/1534 1623/2182/1544 1655/2488/1745 1656/2497/1754
f 1606/2498/1755 1605/2495/1752 1637/2496/1753 1638/2499/1756
f 1611/2500/1757 1610/2491/1748 1642/2494/1751 1643/2501/1758
f 1633/313/248 1632/312/247 1664/2486/1743 1665/2502/1759
f 1625/322/257 1624/2172/1534 1656/2497/1754 1657/2503/1760
f 1620/2179/1541 1619/2178/1540 1651/2490/1747 1652/2504/1761
f 1628/308/243 1627/307/242 1659/2505/1762 1660/2506/1763
f 1612/2507/1764 1611/2500/1757 1643/2501/1758 1644/2508/1765
f 1607/2509/1766 1606/2498/1755 1638/2499/1756 1639/2510/1767
f 1629/309/244 1628/308/243 1660/2506/1763 1661/2511/1768
f 1626/323/258 1625/322/257 1657/2503/1760 1658/2512/1769
f 1634/314/249 1633/313/248 1665/2502/1759 1666/2513/1770
f 1615/2514/1771 1614/2515/1772 1646/2516/1773 1647/2517/1774
f 1613/2518/1775 1612/2507/1764 1644/2508/1765 1645/2519/1776
f 1621/2180/1542 1620/2179/1541 1652/2504/1761 1653/2520/1777
f 1616/2521/1778 1615/2514/1771 1647/2517/1774 1648/2522/1779
f 1627/307/242 1626/323/258 1658/2512/1769 1659/2505/1762
f 1608/2523/1780 1607/2509/1766 1639/2510/1767 1640/2524/1781
f 1630/310/245 1629/309/244 1661/2511/1768 1662/2525/1782
f 1614/2515/1772 1613/2518/1775 1645/2519/1776 1646/2516/1773
f 1635/315/250 1634/314/249 1666/2513/1770 1667/2483/1740
f 1617/2176/1538 1616/2521/1778 1648/2522/1779 1649/2526/1783
f 1622/2181/1543 1621/2180/1542 1653/2520/1777 1654/2487/1744
f 1631/311/246 1630/310/245 1662/2525/1782 1663/2485/1742
f 1609/2492/1749 1608/2523/1780 1640/2524/1781 1641/2493/1750
f 1618/2177/1539 1617/2176/1538 1649/2526/1783 1650/2489/1746
f 1656/2527/1754 1655/2528/1745 1687/2529/1784 1688/2530/1785
f 1638/2531/1756 1637/2532/1753 1669/2533/1786 1670/2534/1787
f 1643/2535/1758 1642/2536/1751 1674/2537/1788 1675/2538/1789
f 1665/2539/1759 1664/2540/1743 1696/2541/1790 1697/2542/1791
f 1657/2543/1760 1656/2544/1754 1688/2545/1785 1689/2546/1792
f 1652/2547/1761 1651/2548/1747 1683/2549/1793 1684/2550/1794
f 1660/2551/1763 1659/2552/1762 1691/2553/1795 1692/2554/1796
f 1644/2555/1765 1643/2535/1758 1675/2538/1789 1676/2556/1797
f 1639/2557/1767 1638/2531/1756 1670/2534/1787 1671/2558/1798
f 1661/2559/1768 1660/2551/1763 1692/2554/1796 1693/2560/1799
f 1658/2561/1769 1657/2543/1760 1689/2546/1792 1690/2562/1800
f 1666/2563/1770 1665/2539/1759 1697/2542/1791 1698/2564/1801
f 1647/2565/1774 1646/2566/1773 1678/2567/1802 1679/2568/1803
f 1645/2569/1776 1644/2555/1765 1676/2556/1797 1677/2570/1804
f 1653/2571/1777 1652/2547/1761 1684/2550/1794 1685/2572/1805
f 1648/2573/1779 1647/2565/1774 1679/2568/1803 1680/2574/1806
f 1659/2552/1762 1658/2561/1769 1690/2562/1800 1691/2553/1795
f 1640/2575/1781 1639/2557/1767 1671/2558/1798 1672/2576/1807
f 1662/2577/1782 1661/2559/1768 1693/2560/1799 1694/2578/1808
f 1646/2566/1773 1645/2569/1776 1677/2570/1804 1678/2567/1802
f 1667/2579/1740 1666/2563/1770 1698/2564/1801 1699/2580/1809
f 1649/2581/1783 1648/2582/1779 1680/2583/1806 1681/2584/1810
f 1654/2585/1744 1653/2571/1777 1685/2572/1805 1686/2586/1811
f 1663/2587/1742 1662/2577/1782 1694/2578/1808 1695/2588/1812
f 1641/2589/1750 1640/2590/1781 1672/2591/1807 1673/2592/1813
f 1650/2593/1746 1649/2581/1783 1681/2584/1810 1682/2594/1814
f 1668/2595/1741 1667/2579/1740 1699/2580/1809 1700/2596/1815
f 1664/2597/1743 1663/2587/1742 1695/2588/1812 1696/2598/1790
f 1655/2528/1745 1654/2585/1744 1686/2586/1811 1687/2529/1784
f 1651/2548/1747 1650/2593/1746 1682/2594/1814 1683/2549/1793
f 1642/2536/1751 1641/2589/1750 1673/2592/1813 1674/2537/1788
f 1637/2532/1753 1668/2595/1741 1700/2596/1815 1669/2533/1786
f 1692/2554/1796 1691/2553/1795 1723/2599/1816 1724/2600/1817
f 1676/2556/1797 1675/2538/1789 1707/2601/1818 1708/2602/1819
f 1671/2558/1798 1670/2534/1787 1702/2603/1820 1703/2604/1821
f 1693/2560/1799 1692/2554/1796 1724/2600/1817 1725/2605/1822
f 1690/2562/1800 1689/2546/1792 1721/2606/1823 1722/2607/1824
f 1698/2564/1801 1697/2542/1791 1729/2608/1825 1730/2609/1826
f 1679/2568/1803 1678/2567/1802 1710/2610/1827 1711/2611/1828
f 1677/2570/1804 1676/2556/1797 1708/2602/1819 1709/2612/1829
f 1685/2572/1805 1684/2550/1794 1716/2613/1830 1717/2614/1831
f 1680/2574/1806 1679/2568/1803 1711/2611/1828 1712/2615/1832
f 1691/2553/1795 1690/2562/1800 1722/2607/1824 1723/2599/1816
f 1672/2576/1807 1671/2558/1798 1703/2604/1821 1704/2616/1833
f 1694/2578/1808 1693/2560/1799 1725/2605/1822 1726/2617/1834
f 1678/2567/1802 1677/2570/1804 1709/2612/1829 1710/2610/1827
f 1699/2580/1809 1698/2564/1801 1730/2609/1826 1731/2618/1835
f 1681/2584/1810 1680/2583/1806 1712/2619/1832 1713/2620/1836
f 1686/2586/1811 1685/2572/1805 1717/2614/1831 1718/2621/1837
f 1695/2588/1812 1694/2578/1808 1726/2617/1834 1727/2622/1838
f 1673/2592/1813 1672/2591/1807 1704/2623/1833 1705/2624/1839
f 1682/2594/1814 1681/2584/1810 1713/2620/1836 1714/2625/1840
f 1700/2596/1815 1699/2580/1809 1731/2618/1835 1732/2626/1841
f 1696/2598/1790 1695/2588/1812 1727/2622/1838 1728/2627/1842
f 1687/2529/1784 1686/2586/1811 1718/2621/1837 1719/2628/1843
f 1683/2549/1793 1682/2594/1814 1714/2625/1840 1715/2629/1844
f 1674/2537/1788 1673/2592/1813 1705/2624/1839 1706/2630/1845
f 1669/2533/1786 1700/2596/1815 1732/2626/1841 1701/2631/1846
f 1688/2530/1785 1687/2529/1784 1719/2628/1843 1720/2632/1847
f 1670/2534/1787 1669/2533/1786 1701/2631/1846 1702/2603/1820
f 1675/2538/1789 1674/2537/1788 1706/2630/1845 1707/2601/1818
f 1697/2542/1791 1696/2541/1790 1728/2633/1842 1729/2608/1825
f 1689/2546/1792 1688/2545/1785 1720/2634/1847 1721/2606/1823
f 1684/2550/1794 1683/2549/1793 1715/2629/1844 1716/2613/1830
f 1712/2615/1832 1711/2611/1828 1743/2635/1848 1744/2636/1849
f 1723/2599/1816 1722/2607/1824 1754/2637/1850 1755/2638/1851
f 1704/2616/1833 1703/2604/1821 1735/2639/1852 1736/2640/1853
f 1726/2617/1834 1725/2605/1822 1757/2641/1854 1758/2642/1855
f 1710/2610/1827 1709/2612/1829 1741/2643/1856 1742/2644/1857
f 1731/2618/1835 1730/2609/1826 1762/2645/1858 1763/2646/1859
f 1713/2620/1836 1712/2619/1832 1744/2647/1849 1745/2648/1860
f 1718/2621/1837 1717/2614/1831 1749/2649/1861 1750/2650/1862
f 1727/2622/1838 1726/2617/1834 1758/2642/1855 1759/2651/1863
f 1705/2624/1839 1704/2623/1833 1736/2652/1853 1737/2653/1864
f 1714/2625/1840 1713/2620/1836 1745/2648/1860 1746/2654/1865
f 1732/2626/1841 1731/2618/1835 1763/2646/1859 1764/2655/1866
f 1728/2627/1842 1727/2622/1838 1759/2651/1863 1760/2656/1867
f 1719/2628/1843 1718/2621/1837 1750/2650/1862 1751/2657/1868
f 1715/2629/1844 1714/2625/1840 1746/2654/1865 1747/2658/1869
f 1706/2630/1845 1705/2624/1839 1737/2653/1864 1738/2659/1870
f 1701/2631/1846 1732/2626/1841 1764/2655/1866 1733/2660/1871
f 1720/2632/1847 1719/2628/1843 1751/2657/1868 1752/2661/1872
f 1702/2603/1820 1701/2631/1846 1733/2660/1871 1734/2662/1873
f 1707/2601/1818 1706/2630/1845 1738/2659/1870 1739/2663/1874
f 1729/2608/1825 1728/2633/1842 1760/2664/1867 1761/2665/1875
f 1721/2606/1823 1720/2634/1847 1752/2666/1872 1753/2667/1876
f 1716/2613/1830 1715/2629/1844 1747/2658/1869 1748/2668/1877
f 1724/2600/1817 1723/2599/1816 1755/2638/1851 1756/2669/1878
f 1708/2602/1819 1707/2601/1818 1739/2663/1874 1740/2670/1879
f 1703/2604/1821 1702/2603/1820 1734/2662/1873 1735/2639/1852
f 1725/2605/1822 1724/2600/1817 1756/2669/1878 1757/2641/1854
f 1722/2607/1824 1721/2606/1823 1753/2667/1876 1754/2637/1850
f 1730/2609/1826 1729/2608/1825 1761/2665/1875 1762/2645/1858
f 1711/2611/1828 1710/2610/1827 1742/2644/1857 1743/2635/1848
f 1709/2612/1829 1708/2602/1819 1740/2670/1879 1741/2643/1856
f 1717/2614/1831 1716/2613/1830 1748/2668/1877 1749/2649/1861
f 1745/2671/1860 1744/2672/1849 1776/2673/1880 1777/2674/1881 1778/2675/1882 1746/2676/1865
f 1752/2677/1872 1751/2678/1868 1750/2679/1862 1782/2680/1883 1783/2681/1884 1784/2682/1885
f 1762/2683/1858 1761/2684/1875 1760/2685/1867 1792/2686/1886 1793/2687/1887 1794/2688/1888
f 1748/2689/1877 1747/2690/1869 1746/2676/1865 1778/2675/1882 1779/2691/1889 1780/2692/1890
f 1760/2685/1867 1759/2693/1863 1791/2694/1891 1792/2686/1886
f 1733/2695/1871 1764/2696/1866 1763/2697/1859 1795/2698/1892 1765/2699/1893
f 1744/2672/1849 1743/2700/1848 1742/2701/1857 1774/2702/1894 1775/2703/1895 1776/2673/1880
f 1754/2704/1850 1753/2705/1876 1752/2677/1872 1784/2682/1885 1785/2706/1896 1786/2707/1897
f 1758/2708/1855 1757/2709/1854 1789/2710/1898 1790/2711/1899 1791/2694/1891 1759/2693/1863
f 1750/2679/1862 1749/2712/1861 1748/2689/1877 1780/2692/1890 1781/2713/1900 1782/2680/1883
f 1755/2714/1851 1754/2704/1850 1786/2707/1897 1787/2715/1901 1788/2716/1902 1756/2717/1878
f 1740/2718/1879 1739/2719/1874 1738/2720/1870 1770/2721/1903 1771/2722/1904 1772/2723/1905
f 1757/2709/1854 1756/2717/1878 1788/2716/1902 1789/2710/1898
f 1853/2724/1736 1854/2725/1303 1844/2726/269 1843/1859/1309 1852/1865/1315
f 1738/2720/1870 1737/2727/1864 1736/2728/1853 1768/2729/1906 1769/2730/1907 1770/2721/1903
f 1742/2701/1857 1741/2731/1856 1740/2718/1879 1772/2723/1905 1773/2732/1908 1774/2702/1894
f 1736/2728/1853 1735/2733/1852 1767/2734/1909 1768/2729/1906
f 1763/2697/1859 1762/2683/1858 1794/2688/1888 1795/2698/1892
f 1779/2691/1889 1778/2675/1882 1809/2735/1910 1810/2736/1911
f 1770/2737/1903 1769/2738/1907 1800/2739/1912 1801/2740/1913
f 1784/2682/1885 1783/2681/1884 1813/2741/1914 1814/2742/1915
f 1766/2743/1916 1765/2699/1893 1796/2744/1342 1797/2745/1349
f 1771/2746/1904 1770/2737/1903 1801/2740/1913 1802/2747/1917
f 1793/2687/1887 1792/2686/1886 1822/2748/1918 1823/2749/1345
f 1785/2750/1896 1784/2751/1885 1814/2752/1915 1815/2753/1919
f 717/1117/795 749/1205/850 748/1209/853 716/1111/793
f 1788/2754/1902 1787/2755/1901 1817/2756/1920 1818/2757/1921
f 1772/2758/1905 1771/2746/1904 1802/2747/1917 1803/2759/1922
f 1767/2760/1909 1766/2761/1916 1797/1911/1349 1798/1910/1348
f 1789/2762/1898 1788/2754/1902 1818/2757/1921 1819/2763/1923
f 1786/2764/1897 1785/2750/1896 1815/2753/1919 1816/2765/1924
f 1794/2766/1888 1793/2767/1887 1823/1907/1345 1824/1906/1344
f 1775/2768/1895 1774/2769/1894 1805/2770/1925 1806/2771/1926
f 1773/2772/1908 1772/2758/1905 1803/2759/1922 1804/2773/1927
f 1776/2673/1880 1775/2703/1895 1806/2774/1926 1807/2775/1928
f 1787/2755/1901 1786/2764/1897 1816/2765/1924 1817/2756/1920
f 1768/2729/1906 1767/2734/1909 1798/2776/1348 1799/2777/1929
f 1790/2778/1899 1789/2762/1898 1819/2763/1923 1820/2779/1930
f 1774/2769/1894 1773/2772/1908 1804/2773/1927 1805/2770/1925
f 1795/2698/1892 1794/2688/1888 1824/2780/1344 1825/2781/1343
f 1777/2782/1881 1776/2783/1880 1807/2784/1928 1808/2785/1931
f 1782/2680/1883 1781/2713/1900 1811/2786/1932 1812/2787/1933
f 1791/2788/1891 1790/2778/1899 1820/2779/1930 1821/2789/1934
f 1769/2730/1907 1768/2729/1906 1799/2777/1929 1800/2790/1912
f 1778/2791/1882 1777/2782/1881 1808/2785/1931 1809/2792/1910
f 1792/2793/1886 1791/2788/1891 1821/2789/1934 1822/2794/1918
f 1783/2795/1884 1782/2796/1883 1812/2797/1933 1813/2798/1914
f 975/1635/991 976/2799/990 1008/1675/1173 1007/1636/1139
f 1819/2800/1923 1818/2801/1921 1817/2802/1920 1816/2803/1924 1815/2804/1919 1814/2742/1915 1813/2741/1914 1828/2805/1935 1829/2806/1346 1823/2749/1345 1822/2748/1918 1821/2807/1934 1820/2808/1930
f 1212/2809/1936 1211/1898/1336 1243/1901/1339 1244/2810/1392
f 2207/1950/1379 2237/2811/1937 2235/2812/1938 21/122/1939 22/119/1940 23/123/1380
f 1813/2798/1914 1812/2797/1933 1811/2813/1932 1810/2814/1911 1809/2792/1910 1808/2785/1931 1807/2784/1928 1827/2815/1941 1828/2816/1935
f 1827/2815/1941 1831/2817/1942 1832/2818/5 1828/2816/1935
f 1828/2819/1935 1832/5/5 1833/8/8 1829/2820/1346
f 1830/2821/1943 1834/2822/1944 1835/2823/266 1831/2824/1942
f 1831/2817/1942 1835/335/266 1836/334/6 1832/2818/5
f 1826/1909/1347 1829/1908/1346 1833/2825/8 1830/2826/1943
f 1826/2827/1347 1830/2821/1943 1831/2824/1942 1827/2828/1941
f 1203/1925/1326 1202/2829/1325 1234/1969/1395 1235/1926/1360
f 999/1604/1102 1000/1628/1101 1032/1631/1136 1031/1605/1116
f 1836/6/6 1840/2830/30 1841/2831/29 1837/7/7
f 1839/2832/267 1838/2833/1945 2193/2834/1945 2192/2835/267
f 166/1683/1180 167/254/208 168/253/207 169/285/222 194/350/280 193/394/324 192/390/320 191/387/317 190/384/314 189/381/311
f 2176/1224/867 2182/1052/745 2181/1056/749 2175/1225/868
f 61/87/88 2221/2273/1594 2224/2272/1593 2227/1633/1138 63/96/97 62/93/94
f 2200/328/263 1844/339/269 1845/329/264
f 1165/1840/1301 1197/2482/1354 1198/2836/1351 1199/2837/1350 1200/2838/1946 1201/1881/1324 1169/1880/1296 1168/2839/1285 1167/2840/1275 1166/1845/1274
f 2169/2841/1947 2177/2842/1948 2176/1224/867 2168/1223/866
f 1881/648/494 1898/647/493 1899/2843/1949 1900/2844/1950 1882/2845/1951
f 1889/2846/1952 1888/2847/1953 1910/2848/1954 1911/2849/1955 1912/2850/1956 1913/2851/1957 1914/1867/1317 1891/1866/1316 1890/2852/1958
f 1581/2440/1715 1580/2426/1706 1579/2425/1705 1597/2175/1537 1598/2174/1536 1582/2441/1716
f 1188/2853/1959 1189/1892/1332 1157/1798/1276 1156/1834/1298 1155/1818/1289 1154/1817/1281 1153/1853/1279 1185/1852/1306 1186/2854/1357 1187/2855/1960
f 1885/1659/1159 1884/1658/1158 1904/2856/1961 1905/2857/1962 1906/2858/1963 1907/2859/1964
f 1857/2860/1730 1874/2472/1735 1875/114/118 1858/113/117
f 1735/2733/1852 1734/2861/1873 1733/2695/1871 1765/2699/1893 1766/2743/1916 1767/2734/1909
f 1847/1874/1106 1860/1879/115 1861/2862/120 1862/1871/844 2206/1870/1320 2203/1869/1319 1848/2863/1107
f 1886/2864/1965 1885/1659/1159 1907/2859/1964 1908/2865/1966 1909/2866/1967 1910/2848/1954 1888/2847/1953 1887/2867/1968
f 2172/2868/1969 2178/2869/1970 2177/2842/1948 2169/2841/1947 2170/2870/1971
f 1855/1846/1302 1870/1850/1305 1871/2871/1972 1872/2476/1737 1856/2460/1729
f 1864/2872/1973 1878/291/226 1895/290/225 1879/642/488
f 1795/2698/1892 1825/2781/1343 1796/2744/1342 1765/2699/1893
f 163/258/209 164/268/213 184/366/296 183/362/292 182/355/285 181/354/284 180/324/259 162/259/210
f 1781/2713/1900 1780/2692/1890 1779/2691/1889 1810/2736/1911 1811/2786/1932
f 1876/115/119 1893/1317/925 1894/289/224 1877/288/223
f 1883/1657/1157 1882/2845/1951 1900/2844/1950 1901/2873/1974 1902/2874/1975 1903/2875/1976 1904/2856/1961 1884/1658/1158
f 171/280/220 197/349/279 196/360/290 195/351/281 194/350/280 169/285/222 170/284/221 146/283/196 147/2876/199 148/281/201
f 1869/2877/1304 1868/1655/1155 1885/1659/1159 1886/2864/1965
f 1873/2878/1738 1872/2879/1737 1889/2846/1952 1890/2852/1958
f 1870/2880/1305 1869/2877/1304 1886/2864/1965 1887/2867/1968
f 939/1514/1067 940/1513/1066 941/1394/994 973/1393/993 972/2881/1118 971/2882/1117 970/2883/1977 1001/2884/1134 1000/1581/1101 968/1523/1071 969/1528/1073 938/1533/1075
f 53/122/126 85/121/125 84/118/122 52/117/121
f 1874/2472/1735 1873/2878/1738 1890/2852/1958 1891/1866/1316
f 1871/2885/1972 1870/2880/1305 1887/2867/1968 1888/2847/1953
f 962/1550/1081 963/1554/1083 995/1586/60 994/2886/1113 993/2887/1112 992/2888/16 991/2889/15 990/2890/1978 989/1563/1088 957/1535/1076 958/1538/1077 959/1541/1078 960/1544/1079 961/1547/1080
f 1865/2891/1979 1864/2872/1973 1879/642/488 1880/649/495
f 1848/2892/1107 2203/2893/1319 1863/2894/845 1849/2895/1321 2204/2896/1311 1842/2897/1310
f 1866/2455/1724 1865/2891/1979 1880/649/495 1881/648/494
f 1895/290/225 1894/289/224 1924/2898/1980 1925/2899/1981 1926/643/489
f 1212/2900/1936 1213/1856/1307 1181/1808/1283 1180/1789/1271 1179/1788/1270 1178/1843/1299 1177/1943/1290 1209/1942/1340 1210/2901/1337 1211/2902/1336
f 355/554/432 387/640/487 386/635/484 354/550/428
f 1591/2436/1713 1590/2451/1723 1589/2444/1719 1602/319/254 1603/318/253
f 1893/1317/925 1920/1323/931 1921/2903/1982 1922/2904/1983 1923/2905/1984 1924/2898/1980 1894/289/224
f 1872/2879/1737 1871/2885/1972 1888/2847/1953 1889/2846/1952
f 1863/2894/845 1877/2906/223 1878/2907/226 1864/2908/1973 1865/2909/1979 1866/2910/1724 1849/2895/1321
f 1029/1580/1100 1038/1579/1099 1039/1688/1183 1028/61/62
f 1898/2911/493 1897/2912/492 1929/2913/1985 1930/2914/1986
f 1920/2915/931 1919/2916/930 1951/2917/1987 1952/2918/1988
f 1917/2919/928 1916/2920/927 1948/2921/1989 1949/2922/1990
f 1925/2923/1981 1924/2924/1980 1956/2925/1991 1957/2926/1992
f 1906/2927/1963 1905/2928/1962 1937/2929/1993 1938/2930/1994
f 1904/2931/1961 1903/2932/1976 1935/2933/1995 1936/2934/1996
f 1912/2935/1956 1911/2936/1955 1943/2937/1997 1944/2938/1998
f 1907/2939/1964 1906/2927/1963 1938/2930/1994 1939/2940/1999
f 1918/2941/929 1917/2919/928 1949/2922/1990 1950/2942/2000
f 1899/2943/1949 1898/2911/493 1930/2914/1986 1931/2944/2001
f 1921/2945/1982 1920/2915/931 1952/2918/1988 1953/2946/2002
f 1905/2928/1962 1904/2931/1961 1936/2934/1996 1937/2929/1993
f 1926/2947/489 1925/2923/1981 1957/2926/1992 1958/2948/2003
f 1908/2949/1966 1907/2950/1964 1939/2951/1999 1940/2952/2004
f 1913/2953/1957 1912/2935/1956 1944/2938/1998 1945/2954/2005
f 1922/2955/1983 1921/2945/1982 1953/2946/2002 1954/2956/2006
f 1900/2957/1950 1899/2958/1949 1931/2959/2001 1932/2960/2007
f 1909/2961/1967 1908/2949/1966 1940/2952/2004 1941/2962/2008
f 1927/2963/490 1926/2947/489 1958/2948/2003 1959/2964/2009
f 1923/2965/1984 1922/2955/1983 1954/2956/2006 1955/2966/2010
f 1914/2967/1317 1913/2953/1957 1945/2954/2005 1946/2968/2011
f 1910/2969/1954 1909/2961/1967 1941/2962/2008 1942/2970/2012
f 1901/2971/1974 1900/2957/1950 1932/2960/2007 1933/2972/2013
f 1896/2973/491 1927/2963/490 1959/2964/2009 1928/2974/2014
f 1915/2975/1318 1914/2967/1317 1946/2968/2011 1947/2976/2015
f 1897/2912/492 1896/2973/491 1928/2974/2014 1929/2913/1985
f 1902/2977/1975 1901/2971/1974 1933/2972/2013 1934/2978/2016
f 1924/2924/1980 1923/2979/1984 1955/2980/2010 1956/2925/1991
f 1916/2920/927 1915/2981/1318 1947/2982/2015 1948/2921/1989
f 1911/2936/1955 1910/2969/1954 1942/2970/2012 1943/2937/1997
f 1919/2916/930 1918/2941/929 1950/2942/2000 1951/2917/1987
f 1903/2932/1976 1902/2977/1975 1934/2978/2016 1935/2933/1995
f 1931/2983/2001 1930/2984/1986 1962/2985/2017 1963/2986/2018
f 1953/2987/2002 1952/2988/1988 1984/2989/2019 1985/2990/2020
f 1937/2991/1993 1936/2992/1996 1968/2993/2021 1969/2994/2022
f 1958/2995/2003 1957/2996/1992 1989/2997/2023 1990/2998/2024
f 1940/2999/2004 1939/3000/1999 1971/3001/2025 1972/3002/2026
f 1945/3003/2005 1944/3004/1998 1976/3005/2027 1977/3006/2028
f 1954/3007/2006 1953/2987/2002 1985/2990/2020 1986/3008/2029
f 1932/3009/2007 1931/2983/2001 1963/2986/2018 1964/3010/2030
f 1941/3011/2008 1940/2999/2004 1972/3002/2026 1973/3012/2031
f 1959/3013/2009 1958/2995/2003 1990/2998/2024 1991/3014/2032
f 1955/3015/2010 1954/3007/2006 1986/3008/2029 1987/3016/2033
f 1946/3017/2011 1945/3003/2005 1977/3006/2028 1978/3018/2034
f 1942/3019/2012 1941/3011/2008 1973/3012/2031 1974/3020/2035
f 1933/3021/2013 1932/3009/2007 1964/3010/2030 1965/3022/2036
f 1928/3023/2014 1959/3013/2009 1991/3014/2032 1960/3024/2037
f 1947/3025/2015 1946/3017/2011 1978/3018/2034 1979/3026/2038
f 1929/3027/1985 1928/3023/2014 1960/3024/2037 1961/3028/2039
f 1934/3029/2016 1933/3021/2013 1965/3022/2036 1966/3030/2040
f 1956/3031/1991 1955/3015/2010 1987/3016/2033 1988/3032/2041
f 1948/3033/1989 1947/3025/2015 1979/3026/2038 1980/3034/2042
f 1943/3035/1997 1942/3019/2012 1974/3020/2035 1975/3036/2043
f 1951/3037/1987 1950/3038/2000 1982/3039/2044 1983/3040/2045
f 1935/3041/1995 1934/3029/2016 1966/3030/2040 1967/3042/2046
f 1930/2984/1986 1929/3027/1985 1961/3028/2039 1962/2985/2017
f 1952/2988/1988 1951/3037/1987 1983/3040/2045 1984/2989/2019
f 1949/3043/1990 1948/3033/1989 1980/3034/2042 1981/3044/2047
f 1957/2996/1992 1956/3031/1991 1988/3032/2041 1989/2997/2023
f 1938/3045/1994 1937/2991/1993 1969/2994/2022 1970/3046/2048
f 1936/2992/1996 1935/3041/1995 1967/3042/2046 1968/2993/2021
f 1944/3004/1998 1943/3035/1997 1975/3036/2043 1976/3005/2027
f 1939/3000/1999 1938/3045/1994 1970/3046/2048 1971/3001/2025
f 1950/3038/2000 1949/3043/1990 1981/3044/2047 1982/3039/2044
f 1964/3047/2030 1963/3048/2018 1995/3049/2049 1996/3050/2050
f 1973/3051/2031 1972/3052/2026 2004/3053/2051 2005/3054/2052
f 1991/3055/2032 1990/3056/2024 2022/3057/2053 2023/3058/2054
f 1987/3059/2033 1986/3060/2029 2018/3061/2055 2019/3062/2056
f 1978/3063/2034 1977/3064/2028 2009/3065/2057 2010/3066/2058
f 1974/3067/2035 1973/3051/2031 2005/3054/2052 2006/3068/2059
f 1965/3069/2036 1964/3047/2030 1996/3050/2050 1997/3070/2060
f 1960/3071/2037 1991/3055/2032 2023/3058/2054 1992/3072/2061
f 1979/3073/2038 1978/3063/2034 2010/3066/2058 2011/3074/2062
f 1961/3075/2039 1960/3071/2037 1992/3072/2061 1993/3076/2063
f 1966/3077/2040 1965/3069/2036 1997/3070/2060 1998/3078/2064
f 1988/3079/2041 1987/3080/2033 2019/3081/2056 2020/3082/2065
f 1980/3083/2042 1979/3084/2038 2011/3085/2062 2012/3086/2066
f 1975/3087/2043 1974/3067/2035 2006/3068/2059 2007/3088/2067
f 1983/3089/2045 1982/3090/2044 2014/3091/2068 2015/3092/2069
f 1967/3093/2046 1966/3077/2040 1998/3078/2064 1999/3094/2070
f 1962/3095/2017 1961/3075/2039 1993/3076/2063 1994/3096/2071
f 1984/3097/2019 1983/3089/2045 2015/3092/2069 2016/3098/2072
f 1981/3099/2047 1980/3083/2042 2012/3086/2066 2013/3100/2073
f 1989/3101/2023 1988/3079/2041 2020/3082/2065 2021/3102/2074
f 1970/3103/2048 1969/3104/2022 2001/3105/2075 2002/3106/2076
f 1968/3107/2021 1967/3093/2046 1999/3094/2070 2000/3108/2077
f 1976/3109/2027 1975/3087/2043 2007/3088/2067 2008/3110/2078
f 1971/3111/2025 1970/3103/2048 2002/3106/2076 2003/3112/2079
f 1982/3090/2044 1981/3099/2047 2013/3100/2073 2014/3091/2068
f 1963/3113/2018 1962/3095/2017 1994/3096/2071 1995/3114/2049
f 1985/3115/2020 1984/3097/2019 2016/3098/2072 2017/3116/2080
f 1969/3104/2022 1968/3107/2021 2000/3108/2077 2001/3105/2075
f 1990/3056/2024 1989/3101/2023 2021/3102/2074 2022/3057/2053
f 1972/3052/2026 1971/3117/2025 2003/3118/2079 2004/3053/2051
f 1977/3064/2028 1976/3109/2027 2008/3110/2078 2009/3065/2057
f 1986/3060/2029 1985/3115/2020 2017/3116/2080 2018/3061/2055
f 1997/3070/2060 1996/3050/2050 2028/3119/2081 2029/3120/2082
f 1992/3072/2061 2023/3058/2054 2055/3121/2083 2024/3122/2084
f 2011/3074/2062 2010/3066/2058 2042/3123/2085 2043/3124/2086
f 1993/3076/2063 1992/3072/2061 2024/3122/2084 2025/3125/2087
f 1998/3078/2064 1997/3070/2060 2029/3120/2082 2030/3126/2088
f 2020/3082/2065 2019/3081/2056 2051/3127/2089 2052/3128/2090
f 2012/3086/2066 2011/3085/2062 2043/3129/2086 2044/3130/2091
f 2007/3088/2067 2006/3068/2059 2038/3131/2092 2039/3132/2093
f 2015/3092/2069 2014/3091/2068 2046/3133/2094 2047/3134/2095
f 1999/3094/2070 1998/3078/2064 2030/3126/2088 2031/3135/2096
f 1994/3096/2071 1993/3076/2063 2025/3125/2087 2026/3136/2097
f 2016/3098/2072 2015/3092/2069 2047/3134/2095 2048/3137/2098
f 2013/3100/2073 2012/3086/2066 2044/3130/2091 2045/3138/2099
f 2021/3102/2074 2020/3082/2065 2052/3128/2090 2053/3139/2100
f 2002/3106/2076 2001/3105/2075 2033/3140/2101 2034/3141/2102
f 2000/3108/2077 1999/3094/2070 2031/3135/2096 2032/3142/2103
f 2008/3110/2078 2007/3088/2067 2039/3132/2093 2040/3143/2104
f 2003/3112/2079 2002/3106/2076 2034/3141/2102 2035/3144/2105
f 2014/3091/2068 2013/3100/2073 2045/3138/2099 2046/3133/2094
f 1995/3114/2049 1994/3096/2071 2026/3136/2097 2027/3145/2106
f 2017/3116/2080 2016/3098/2072 2048/3137/2098 2049/3146/2107
f 2001/3105/2075 2000/3108/2077 2032/3142/2103 2033/3140/2101
f 2022/3057/2053 2021/3102/2074 2053/3139/2100 2054/3147/2108
f 2004/3053/2051 2003/3118/2079 2035/3148/2105 2036/3149/2109
f 2009/3065/2057 2008/3110/2078 2040/3143/2104 2041/3150/2110
f 2018/3061/2055 2017/3116/2080 2049/3146/2107 2050/3151/2111
f 1996/3050/2050 1995/3049/2049 2027/3152/2106 2028/3119/2081
f 2005/3054/2052 2004/3053/2051 2036/3149/2109 2037/3153/2112
f 2023/3058/2054 2022/3057/2053 2054/3147/2108 2055/3121/2083
f 2019/3062/2056 2018/3061/2055 2050/3151/2111 2051/3154/2089
f 2010/3066/2058 2009/3065/2057 2041/3150/2110 2042/3123/2085
f 2006/3068/2059 2005/3054/2052 2037/3153/2112 2038/3131/2092
f 2044/3130/2091 2043/3129/2086 2075/3155/2113 2076/3156/2114
f 2039/3132/2093 2038/3131/2092 2070/3157/2115 2071/3158/2116
f 2047/3134/2095 2046/3133/2094 2078/3159/2117 2079/3160/2118
f 2031/3135/2096 2030/3126/2088 2062/3161/2119 2063/3162/2120
f 2026/3136/2097 2025/3125/2087 2057/3163/2121 2058/3164/2122
f 2048/3137/2098 2047/3134/2095 2079/3160/2118 2080/3165/2123
f 2045/3138/2099 2044/3130/2091 2076/3156/2114 2077/3166/2124
f 2053/3139/2100 2052/3128/2090 2084/3167/2125 2085/3168/2126
f 2034/3141/2102 2033/3140/2101 2065/3169/2127 2066/3170/2128
f 2032/3142/2103 2031/3135/2096 2063/3162/2120 2064/3171/2129
f 2040/3143/2104 2039/3132/2093 2071/3158/2116 2072/3172/2130
f 2035/3144/2105 2034/3141/2102 2066/3170/2128 2067/3173/2131
f 2046/3133/2094 2045/3138/2099 2077/3166/2124 2078/3159/2117
f 2027/3145/2106 2026/3136/2097 2058/3164/2122 2059/3174/2132
f 2049/3146/2107 2048/3137/2098 2080/3165/2123 2081/3175/2133
f 2033/3140/2101 2032/3142/2103 2064/3171/2129 2065/3169/2127
f 2054/3147/2108 2053/3139/2100 2085/3168/2126 2086/3176/2134
f 2036/3149/2109 2035/3148/2105 2067/3177/2131 2068/3178/2135
f 2041/3150/2110 2040/3143/2104 2072/3172/2130 2073/3179/2136
f 2050/3151/2111 2049/3146/2107 2081/3175/2133 2082/3180/2137
f 2028/3119/2081 2027/3152/2106 2059/3181/2132 2060/3182/2138
f 2037/3153/2112 2036/3149/2109 2068/3178/2135 2069/3183/2139
f 2055/3121/2083 2054/3147/2108 2086/3176/2134 2087/3184/2140
f 2051/3154/2089 2050/3151/2111 2082/3180/2137 2083/3185/2141
f 2042/3123/2085 2041/3150/2110 2073/3179/2136 2074/3186/2142
f 2038/3131/2092 2037/3153/2112 2069/3183/2139 2070/3157/2115
f 2029/3120/2082 2028/3119/2081 2060/3182/2138 2061/3187/2143
f 2024/3122/2084 2055/3121/2083 2087/3184/2140 2056/3188/2144
f 2043/3124/2086 2042/3123/2085 2074/3186/2142 2075/3189/2113
f 2025/3125/2087 2024/3122/2084 2056/3188/2144 2057/3163/2121
f 2030/3126/2088 2029/3120/2082 2061/3187/2143 2062/3161/2119
f 2052/3128/2090 2051/3127/2089 2083/3190/2141 2084/3167/2125
f 2064/3171/2129 2063/3162/2120 2095/3191/2145 2096/3192/2146
f 2072/3172/2130 2071/3158/2116 2103/3193/2147 2104/3194/2148
f 2067/3195/2131 2066/3196/2128 2098/3197/2149 2099/3198/2150
f 2078/3159/2117 2077/3166/2124 2109/3199/2151 2110/3200/2152
f 2059/3201/2132 2058/3202/2122 2090/3203/2153 2091/3204/2154
f 2081/3175/2133 2080/3165/2123 2112/3205/2155 2113/3206/2156
f 2065/3169/2127 2064/3171/2129 2096/3192/2146 2097/3207/2157
f 2086/3176/2134 2085/3168/2126 2117/3208/2158 2118/3209/2159
f 2068/3178/2135 2067/3177/2131 2099/3210/2150 2100/3211/2160
f 2073/3179/2136 2072/3172/2130 2104/3194/2148 2105/3212/2161
f 2082/3180/2137 2081/3175/2133 2113/3206/2156 2114/3213/2162
f 2060/3182/2138 2059/3181/2132 2091/3214/2154 2092/3215/2163
f 2069/3183/2139 2068/3178/2135 2100/3211/2160 2101/3216/2164
f 2087/3184/2140 2086/3176/2134 2118/3209/2159 2119/3217/2165
f 2083/3218/2141 2082/3219/2137 2114/3220/2162 2115/3221/2166
f 2074/3186/2142 2073/3179/2136 2105/3212/2161 2106/3222/2167
f 2070/3157/2115 2069/3183/2139 2101/3216/2164 2102/3223/2168
f 2061/3187/2143 2060/3182/2138 2092/3215/2163 2093/3224/2169
f 2056/3188/2144 2087/3184/2140 2119/3217/2165 2088/3225/2170
f 2075/3226/2113 2074/3227/2142 2106/3228/2167 2107/3229/2171
f 2057/3163/2121 2056/3188/2144 2088/3225/2170 2089/3230/2172
f 2062/3161/2119 2061/3187/2143 2093/3224/2169 2094/3231/2173
f 2084/3167/2125 2083/3190/2141 2115/3232/2166 2116/3233/2174
f 2076/3156/2114 2075/3155/2113 2107/3234/2171 2108/3235/2175
f 2071/3158/2116 2070/3157/2115 2102/3223/2168 2103/3193/2147
f 2079/3160/2118 2078/3159/2117 2110/3200/2152 2111/3236/2176
f 2063/3162/2120 2062/3161/2119 2094/3231/2173 2095/3191/2145
f 2058/3164/2122 2057/3163/2121 2089/3230/2172 2090/3237/2153
f 2080/3165/2123 2079/3160/2118 2111/3236/2176 2112/3205/2155
f 2077/3166/2124 2076/3156/2114 2108/3235/2175 2109/3199/2151
f 2085/3168/2126 2084/3167/2125 2116/3233/2174 2117/3208/2158
f 2066/3170/2128 2065/3169/2127 2097/3207/2157 2098/3238/2149
f 2105/3239/2161 2104/3240/2148 2136/3241/2177 2137/3242/2178
f 2114/3220/2162 2113/3243/2156 2145/3244/2179 2146/3245/2180
f 2092/3246/2163 2091/3204/2154 2123/3247/2181 2124/3248/2182
f 2101/3249/2164 2100/3250/2160 2132/3251/2183 2133/3252/2184
f 2119/3253/2165 2118/3254/2159 2150/3255/2185 2151/3256/2186
f 2115/3221/2166 2114/3220/2162 2146/3245/2180 2147/3257/2187
f 2106/3228/2167 2105/3239/2161 2137/3242/2178 2138/3258/2188
f 2102/3259/2168 2101/3249/2164 2133/3252/2184 2134/3260/2189
f 2093/3261/2169 2092/3246/2163 2124/3248/2182 2125/3262/2190
f 2088/3263/2170 2119/3253/2165 2151/3256/2186 2120/3264/2191
f 2107/3229/2171 2106/3228/2167 2138/3258/2188 2139/3265/2192
f 2089/3266/2172 2088/3263/2170 2120/3264/2191 2121/3267/2193
f 2094/3268/2173 2093/3261/2169 2125/3262/2190 2126/3269/2194
f 2116/3270/2174 2115/3221/2166 2147/3257/2187 2148/3271/2195
f 2108/3272/2175 2107/3229/2171 2139/3265/2192 2140/3273/2196
f 2103/3274/2147 2102/3259/2168 2134/3260/2189 2135/3275/2197
f 2111/3276/2176 2110/3277/2152 2142/3278/2198 2143/3279/2199
f 2095/3280/2145 2094/3268/2173 2126/3269/2194 2127/3281/2200
f 2090/3203/2153 2089/3266/2172 2121/3267/2193 2122/3282/2201
f 2112/3283/2155 2111/3276/2176 2143/3279/2199 2144/3284/2202
f 2109/3285/2151 2108/3272/2175 2140/3273/2196 2141/3286/2203
f 2117/3287/2158 2116/3270/2174 2148/3271/2195 2149/3288/2204
f 2098/3197/2149 2097/3289/2157 2129/3290/2205 2130/3291/2206
f 2096/3292/2146 2095/3280/2145 2127/3281/2200 2128/3293/2207
f 2104/3240/2148 2103/3274/2147 2135/3275/2197 2136/3241/2177
f 2099/3198/2150 2098/3197/2149 2130/3291/2206 2131/3294/2208
f 2110/3277/2152 2109/3285/2151 2141/3286/2203 2142/3278/2198
f 2091/3204/2154 2090/3203/2153 2122/3282/2201 2123/3247/2181
f 2113/3243/2156 2112/3283/2155 2144/3284/2202 2145/3244/2179
f 2097/3289/2157 2096/3292/2146 2128/3293/2207 2129/3290/2205
f 2118/3254/2159 2117/3287/2158 2149/3288/2204 2150/3255/2185
f 2100/3250/2160 2099/3198/2150 2131/3294/2208 2132/3251/2183
f 2146/3245/2180 2152/3295/2209 2148/3271/2195 2147/3257/2187
f 2152/3295/2209 2159/3296/2210 2149/3288/2204 2148/3271/2195
f 2159/3296/2210 2165/3297/2211 2150/3255/2185 2149/3288/2204
f 2165/3297/2211 2171/3298/2212 2151/3256/2186 2150/3255/2185
f 2171/3298/2212 2173/3299/2213 2120/3264/2191 2151/3256/2186
f 2173/3299/2213 2179/3300/2214 2121/3267/2193 2120/3264/2191
f 2179/3300/2214 2185/3301/2215 2122/3282/2201 2121/3267/2193
f 2185/3301/2215 2124/3248/2182 2123/3247/2181 2122/3282/2201
f 2145/3244/2179 2153/3302/2216 2152/3295/2209 2146/3245/2180
f 2153/3302/2216 2160/3303/2217 2159/3296/2210 2152/3295/2209
f 2160/3303/2217 2166/3304/2218 2165/3297/2211 2159/3296/2210
f 825/1327/933 826/1326/932 854/1373/976 853/3305/1005 852/1368/971
f 2174/3306/2219 2180/3307/2220 2179/3300/2214 2173/3299/2213
f 2180/3307/2220 2186/3308/2221 2185/3301/2215 2179/3300/2214
f 2186/3308/2221 2125/3262/2190 2124/3248/2182 2185/3301/2215
f 2144/3284/2202 2154/3309/2222 2153/3302/2216 2145/3244/2179
f 2154/3309/2222 2161/3310/2223 2160/3303/2217 2153/3302/2216
f 2161/3310/2223 2167/1226/869 2166/3304/2218 2160/3303/2217
f 613/3311/701 614/1007/703 646/1006/722 645/1097/784 644/1065/753 612/1064/698
f 2175/1225/868 2181/1056/749 2180/3307/2220 2174/3306/2219
f 2181/1056/749 2187/1055/748 2186/3308/2221 2180/3307/2220
f 2187/1055/748 2126/3269/2194 2125/3262/2190 2186/3308/2221
f 2143/3279/2199 2155/3312/2224 2154/3309/2222 2144/3284/2202
f 141/3313/182 142/255/184 167/254/208 166/1683/1180 165/1682/1179 139/1685/178 140/3314/180
f 2202/1876/1322 1857/3315/1730 1858/3316/117 1859/1878/116 2205/1877/1323
f 2162/3317/2225 2168/1223/866 2167/1226/869 2161/3310/2223
f 2156/3318/2226 2162/3317/2225 2161/3310/2223 2154/3309/2222 2155/3312/2224
f 2188/1054/747 2127/3281/2200 2126/3269/2194 2187/1055/748
f 2142/3278/2198 2156/3318/2226 2155/3312/2224 2143/3279/2199
f 2189/1053/746 2128/3293/2207 2127/3281/2200 2188/1054/747
f 2141/3286/2203 2157/3319/2227 2156/3318/2226 2142/3278/2198
f 2157/3319/2227 2163/3320/2228 2162/3317/2225 2156/3318/2226
f 2163/3320/2228 2169/2841/1947 2168/1223/866 2162/3317/2225
f 2167/1226/869 2175/1225/868 2174/3306/2219 2166/3304/2218
f 2177/2842/1948 2183/3321/2229 2182/1052/745 2176/1224/867
f 2183/3321/2229 2190/3322/2230 2189/1053/746 2182/1052/745
f 2190/3322/2230 2129/3290/2205 2128/3293/2207 2189/1053/746
f 2140/3273/2196 2158/3323/2231 2157/3319/2227 2141/3286/2203
f 2158/3323/2231 2164/3324/2232 2163/3320/2228 2157/3319/2227
f 2164/3324/2232 2170/2870/1971 2169/2841/1947 2163/3320/2228
f 2166/3304/2218 2174/3306/2219 2173/3299/2213 2171/3298/2212 2165/3297/2211
f 2178/2869/1970 2184/3325/2233 2183/3321/2229 2177/2842/1948
f 2184/3325/2233 2191/3326/2234 2190/3322/2230 2183/3321/2229
f 2191/3326/2234 2130/3291/2206 2129/3290/2205 2190/3322/2230
f 2139/3265/2192 2138/3258/2188 2158/3323/2231 2140/3273/2196
f 2138/3258/2188 2137/3242/2178 2164/3324/2232 2158/3323/2231
f 2137/3242/2178 2136/3241/2177 2170/2870/1971 2164/3324/2232
f 2136/3241/2177 2135/3275/2197 2172/2868/1969 2170/2870/1971
f 2135/3275/2197 2134/3260/2189 2178/2869/1970 2172/2868/1969
f 2134/3260/2189 2133/3252/2184 2184/3325/2233 2178/2869/1970
f 2133/3252/2184 2132/3251/2183 2191/3326/2234 2184/3325/2233
f 2132/3251/2183 2131/3294/2208 2130/3291/2206 2191/3326/2234
f 970/3327/1977 971/1607/1117 1003/1610/1120 1002/1672/1170
f 981/46/46 982/3328/1096 1014/1640/1143 1013/47/47
f 2197/3329/30 2196/3330/29 1841/3331/29 1840/3332/30
f 43/58/58 2210/53/53 2212/3333/2235 2214/1937/1371 45/78/79 44/132/136
f 1842/3334/1310 1843/3335/1309 1844/3336/269 2194/3337/268 2195/3338/2236
f 1807/2775/1928 1806/2774/1926 1805/3339/1925 1804/3340/1927 1803/3341/1922 1802/3342/1917 1801/3343/1913 1800/2790/1912 1799/2777/1929 1798/2776/1348 1826/3344/1347 1827/3345/1941
f 990/3346/1978 991/15/15 1023/18/18 1022/1651/1151
f 2219/10/10 2230/1632/1137 2227/1633/1138 31/96/1597 32/98/2237 1/9/2238
f 1833/2825/8 1837/3347/7 1834/3348/1944 1830/2826/1943
f 1835/2823/266 1834/2822/1944 1838/3349/1945 1839/3350/267
f 1202/2829/1325 1201/3351/1324 1233/2005/1423 1234/1969/1395
f 1842/2897/1310 2195/3352/2236 2193/3353/1945 1838/3354/1945 1834/3348/1944 1837/3347/7 1841/3355/29 2196/3356/29 2198/3357/28 1848/2892/1107
f 1001/1629/1134 970/3327/1977 1002/1672/1170 1033/1630/1135
f 1613/2518/1775 1614/2515/1772 1615/2514/1771 1616/2521/1778 1617/2176/1538 1597/2175/1537 1596/2459/1728 1595/2458/1727 1594/2457/1726 1593/2456/1725 1604/317/252 1636/316/251 1605/2495/1752 1606/2498/1755 1607/2509/1766 1608/2523/1780 1609/2492/1749 1610/2491/1748 1611/2500/1757 1612/2507/1764
f 1867/1656/1156 1866/2455/1724 1881/648/494 1882/2845/1951 1883/1657/1157
f 814/1259/895 815/1263/898 816/3358/901 817/1309/904 841/1308/921 840/1362/965 839/1366/969 838/296/231 813/295/230
f 1025/1602/1115 1042/1639/1142 1043/1647/1147 1024/17/17
f 8/3359/2239 2246/3360/2240 2247/2/2 9/1/1
f 2194/3361/268 2192/3362/267 2193/3363/1945 2195/3364/2236
f 1187/3365/1960 1186/1920/1357 1218/1923/1359 1219/1992/1413
f 51/44/107 2231/39/39 2233/3366/2241 52/117/121
f 2221/2273/1594 2217/3367/2242 2215/1930/1365 27/82/1364 28/79/2243 29/87/1595
f 1192/3368/1330 1191/1931/1329 1223/1932/1366 1224/1990/1411
f 1200/3369/1946 1199/1912/1350 1231/1915/1353 1232/1986/1407
f 24/3370/1381 2262/3371/2244 2263/1618/1124 25/1617/1123
f 30/3372/1596 2268/3373/2245 2269/3374/2246 31/3375/1597
f 1208/1947/1375 1207/1951/1374 1239/1954/1383 1240/1948/1377
f 35/13/13 2223/12/12 2226/1627/1132 2229/1598/1110 37/89/90 36/92/93
f 2207/1950/1379 2208/1949/1378 56/126/130 55/123/127 54/119/123 2237/2811/1937
f 1206/1952/1373 1205/2469/1328 1237/1995/1405 1238/1953/1382
f 19/3376/44 2257/3377/2247 2258/3378/2248 20/3379/2249
f 2220/11/11 2219/10/10 1/9/2238 2/14/31
f 2216/1938/1372 2214/1937/1371 2212/3333/2235 12/132/1733 13/78/2250 14/75/1734
f 2236/1946/1376 2234/1596/1108 7/110/67 8/107/2239 9/56/1 2238/55/55
f 49/42/106 2225/41/41 2228/40/40 2231/39/39 51/44/107 50/43/103
f 1201/3351/1324 1200/3369/1946 1232/1986/1407 1233/2005/1423
f 1195/1934/1368 1194/3380/1739 1226/2000/1418 1227/1935/1369
f 1193/3381/1331 1192/3368/1330 1224/1990/1411 1225/2003/1421
f 1189/1895/1332 1188/3382/1959 1220/3383/1385 1221/1896/1334
f 989/1625/1088 990/3384/1978 1022/2185/1151 1021/1626/1131
f 2235/2812/1938 2237/2811/1937 54/119/123 53/122/126 52/117/121 2233/3366/2241
f 15/3385/940 2253/3386/2251 2254/3387/2252 16/3388/941
f 29/3389/1595 2267/3390/2253 2268/3373/2245 30/3372/1596
f 17/3391/42 2255/3392/2254 2256/3393/2255 18/3394/43
f 4/3395/1133 2242/3396/2256 2243/3397/2257 5/3398/1111
f 20/3379/2249 2258/3378/2248 2259/3399/2258 21/3400/1939
f 7/66/67 2245/65/66 2246/3360/2240 8/3359/2239
f 976/2799/990 977/35/35 1009/38/38 1008/1675/1173
f 23/3401/1380 2261/3402/2259 2262/3371/2244 24/3370/1381
f 21/3403/1939 2259/3404/2258 2260/3405/2260 22/3406/1940
f 18/3394/43 2256/3393/2255 2257/3377/2247 19/3376/44
f 972/1608/1118 973/3407/993 1005/1661/1161 1004/1609/1119
f 5/3408/1111 2243/3409/2257 2244/64/65 6/63/64
f 1/3410/2238 2239/3411/2261 2240/32/32 2/31/31
f 58/134/138 2213/1928/1362 2215/1930/1365 59/82/83
f 3/34/34 2241/33/33 2242/3396/2256 4/3395/1133
f 37/89/90 2229/1598/1110 2232/1597/1109 2234/1596/1108 39/110/114 38/105/109
f 14/3412/1734 2252/3413/2262 2253/3386/2251 15/3385/940
f 2235/2812/1938 2233/3366/2241 2231/39/39 19/44/44 20/117/2249 21/122/1939
f 16/3388/941 2254/3387/2252 2255/3392/2254 17/3391/42
f 13/3414/2250 2251/3415/2263 2252/3413/2262 14/3412/1734
f 12/2466/1733 2250/2465/1732 2251/3416/2263 13/3417/2250
f 28/3418/2243 2266/3419/2264 2267/3420/2253 29/3421/1595
f 22/3406/1940 2260/3405/2260 2261/3402/2259 23/3401/1380
f 27/3422/1364 2265/3423/2265 2266/3419/2264 28/3418/2243
f 31/3375/1597 2269/3374/2246 2270/3424/2266 32/3425/2237
f 10/4/4 2248/3/3 2249/2464/1731 11/2463/56
f 2217/3367/2242 2221/2273/1594 61/87/88 60/79/80 59/82/83 2215/1930/1365
f 2248/3426/3 2247/3427/2 2246/3428/2240 2245/3429/66 2244/3430/65 2243/3431/2257 2242/3432/2256 2241/3433/33 2240/3434/32 2239/3435/2261 2270/3436/2266 2269/3437/2246 2268/3438/2245 2267/3439/2253 2266/3440/2264 2265/3441/2265 2264/3442/1125 2263/3443/1124 2262/3444/2244 2261/3445/2259 2260/3446/2260 2259/3447/2258 2258/3448/2248 2257/3449/2247 2256/3450/2255 2255/3451/2254 2254/3452/2252 2253/3453/2251 2252/3454/2262 2251/3455/2263 2250/3456/1732 2249/3457/1731
f 1213/1955/1307 1212/3458/1936 1244/3459/1392 1245/1956/1384
f 26/1620/1126 2264/1619/1125 2265/3423/2265 27/3422/1364
f 32/3425/2237 2270/3424/2266 2239/3411/2261 1/3410/2238
f 1194/3380/1739 1193/3381/1331 1225/2003/1421 1226/2000/1418
f 1188/3460/1959 1187/3365/1960 1219/1992/1413 1220/3461/1385
f 973/3407/993 974/3462/992 1006/1666/1140 1005/1661/1161
f 2212/3333/2235 2210/53/53 11/58/56 12/132/1733
f 982/3463/1096 983/1613/1095 1015/1616/1122 1014/1646/1143
