# Blender 4.2.0
# www.blender.org
mtllib knight.mtl
o Piece_03.003
v 0.545155 -0.168070 0.905334
v 0.607596 -0.170915 0.862948
v 0.517113 -0.117026 0.880694
v 0.537470 -0.115667 0.847246
v 0.653694 -0.165817 0.714103
v 0.605772 -0.115646 0.709089
v 0.522899 -0.064837 0.529618
v 0.566511 -0.062979 0.593692
v 0.598038 -0.154971 0.610845
v 0.573474 -0.111311 0.602204
v 0.558398 -0.014033 0.589840
v 0.518944 -0.015546 0.521970
v 0.639199 -0.162727 0.675931
v 0.594777 -0.115099 0.667113
v 0.525477 -0.102136 0.540530
v 0.561506 -0.151088 0.564110
v 0.543412 0.031725 0.594030
v 0.516568 0.023986 0.533078
v 0.513063 0.064743 0.597517
v 0.513331 0.052218 0.554208
v 0.543411 0.040605 0.654386
v 0.512793 0.077880 0.653721
v 0.569189 -0.061694 0.656395
v 0.559062 -0.009410 0.652470
v 0.536111 0.052046 0.696493
v 0.503363 0.123673 0.710040
v 0.561798 -0.059819 0.701600
v 0.524470 0.055196 0.826595
v 0.518895 0.109866 0.834400
v 0.535646 -0.059419 0.832431
v 0.530764 -0.001759 0.823947
v 0.516948 -0.062811 0.862147
v 0.514722 -0.005411 0.852515
v 0.511083 0.053697 0.858984
v 0.509853 0.106682 0.875465
v 0.594479 -0.115616 0.778266
v 0.646235 -0.169120 0.791560
v 0.528497 0.056739 0.759616
v 0.522629 0.114211 0.762793
v 0.549151 -0.058545 0.767638
v 0.493292 0.179013 0.725134
v 0.510441 0.160778 0.890676
v 0.516337 0.168357 0.769346
v 0.480639 0.223200 0.718943
v 0.511792 0.219167 0.774616
v 0.574870 -0.115557 0.809545
v 0.517990 0.111358 0.799930
v 0.633927 -0.169197 0.822067
v 0.542733 -0.058543 0.798590
v 0.513907 0.164026 0.807443
v 0.480220 0.255357 0.706382
v 0.500240 0.293599 0.731530
v 0.511791 0.268684 0.912328
v 0.514597 0.270000 0.770279
v 0.480398 0.239878 0.711862
v 0.512760 0.320922 0.748713
v 0.517876 0.316840 0.782636
v 0.521479 0.351526 0.763064
v 0.520812 0.323108 0.866026
v 0.512313 0.331126 0.912025
v 0.518146 0.430256 0.734700
v 0.511738 0.369442 0.897964
v 0.504717 0.458832 0.708163
v 0.505816 0.458000 0.744732
v 0.508385 0.439130 0.814654
v 0.515260 0.429862 0.806584
v 0.485037 0.255264 0.706118
v 0.519699 0.292795 0.729344
v 0.531665 0.319955 0.741483
v 0.535071 0.346966 0.750949
v 0.525884 0.414021 0.736318
v 0.521799 0.433014 0.723094
v 0.515261 0.457885 0.707494
v 0.520107 0.433698 0.695706
v 0.513291 0.452917 0.692505
v 0.518840 0.416529 0.696818
v 0.484040 0.223355 0.672747
v 0.520866 0.250993 0.617651
v 0.500996 0.179221 0.622792
v 0.499745 0.134028 0.621806
v 0.490235 0.109853 0.657587
v 0.493408 0.108340 0.628614
v 0.490170 0.103546 0.659051
v 0.482661 0.099974 0.630206
v 0.520582 0.367443 0.791416
v 0.522588 0.365451 0.764972
v 0.511383 0.383954 0.888734
v 0.521303 0.377021 0.854556
v 0.534662 0.363163 0.754797
v 0.540820 0.351599 0.675483
v 0.541323 0.314341 0.627201
v 0.514792 0.295456 0.691892
v 0.524172 0.320948 0.699920
v 0.529675 0.330643 0.693812
v 0.517058 0.262470 0.637032
v 0.530469 0.327156 0.674881
v 0.529652 0.317044 0.661146
v 0.525578 0.303860 0.651921
v 0.518892 0.302718 0.664196
v 0.515362 0.300364 0.680077
v 0.521716 0.388730 0.761417
v 0.531758 0.387576 0.749476
v 0.528186 0.383903 0.705286
v 0.539699 0.382282 0.668749
v 0.542869 0.374998 0.629004
v 0.531588 0.374895 0.589615
v 0.524970 0.420495 0.575105
v 0.520023 0.429775 0.560828
v 0.501261 0.393927 0.538408
v 0.511221 0.430889 0.542184
v 0.495457 0.402568 0.524479
v 0.492126 0.443098 0.540617
v 0.491840 0.439636 0.524391
v 0.510452 0.465878 0.629966
v 0.512866 0.459004 0.654281
v 0.518862 0.450042 0.612203
v 0.491998 0.434801 0.523461
v 0.509562 0.436355 0.541061
v 0.529837 0.360047 0.549408
v 0.498940 0.379688 0.534058
v 0.520259 0.354717 0.536972
v 0.498183 0.369938 0.526989
v 0.503089 0.347142 0.525605
v 0.517970 0.336588 0.527279
v 0.502837 0.334394 0.522568
v 0.518119 0.323281 0.525811
v 0.505328 0.321003 0.521382
v 0.521694 0.315484 0.528028
v 0.507808 0.311273 0.522532
v 0.542346 0.368696 0.619170
v 0.528539 0.367871 0.592283
v 0.524608 0.355259 0.551021
v 0.521216 0.351265 0.539237
v 0.519443 0.336474 0.530005
v 0.518728 0.324089 0.528693
v 0.518893 0.316690 0.530355
v 0.525958 0.310699 0.535093
v 0.525086 0.305177 0.530763
v 0.521056 0.312247 0.537320
v 0.529401 0.308330 0.544934
v 0.529689 0.302083 0.545668
v 0.522929 0.310298 0.546163
v 0.532282 0.308718 0.557170
v 0.532922 0.302148 0.559513
v 0.525506 0.310767 0.557282
v 0.535561 0.316203 0.571268
v 0.536183 0.311812 0.576145
v 0.529692 0.317697 0.570317
v 0.537418 0.324985 0.575813
v 0.539492 0.323726 0.580049
v 0.532286 0.325717 0.573040
v 0.536621 0.339962 0.576659
v 0.539300 0.342513 0.581351
v 0.532760 0.338264 0.573868
v 0.537391 0.346249 0.572138
v 0.537325 0.351970 0.576077
v 0.530544 0.344423 0.570743
v 0.535730 0.353570 0.565386
v 0.536616 0.353781 0.575697
v 0.528434 0.353204 0.563505
v 0.537974 0.363058 0.593329
v 0.540192 0.356876 0.595531
v 0.530546 0.365138 0.593412
v 0.526096 0.351593 0.550893
v 0.523102 0.347054 0.540770
v 0.521949 0.336332 0.535302
v 0.521241 0.324115 0.534127
v 0.520449 0.318517 0.533729
v 0.521676 0.314828 0.539515
v 0.523362 0.312756 0.546848
v 0.525805 0.313070 0.556560
v 0.529092 0.319230 0.567990
v 0.529766 0.325925 0.568816
v 0.530446 0.337492 0.569727
v 0.529825 0.342664 0.568407
v 0.528411 0.350332 0.562027
v 0.530062 0.325688 0.559938
v 0.528875 0.323522 0.555154
v 0.527848 0.325229 0.550571
v 0.530634 0.334674 0.560444
v 0.529430 0.336375 0.555882
v 0.528169 0.334274 0.551082
v 0.503224 0.340293 0.523831
v 0.519052 0.345898 0.531322
v 0.519142 0.343084 0.532497
v 0.522108 0.341330 0.535967
v 0.503408 0.327989 0.521760
v 0.517558 0.329749 0.525581
v 0.538304 0.332954 0.576478
v 0.533161 0.332497 0.574354
v 0.541221 0.333566 0.581232
v 0.521733 0.330086 0.534174
v 0.530724 0.331934 0.570225
v 0.531187 0.330320 0.562112
v 0.527544 0.329644 0.548901
v 0.531661 0.330607 0.564449
v 0.530676 0.322717 0.562854
v 0.526020 0.322036 0.543874
v 0.529213 0.339222 0.554189
v 0.526498 0.337453 0.544270
v 0.531658 0.338486 0.564802
v 0.528458 0.400339 0.743420
v 0.521712 0.399235 0.701074
v 0.510002 0.418424 0.852917
v 0.515769 0.408640 0.542390
v 0.516216 0.416166 0.532333
v 0.492002 0.441483 0.532694
v 0.508702 0.435217 0.532380
v 0.536790 0.400724 0.666105
v 0.541231 0.396877 0.630336
v 0.520601 0.379912 0.789114
v 0.510983 0.396511 0.878378
v 0.540666 0.365855 0.672208
v 0.522460 0.376570 0.763976
v 0.521079 0.389994 0.847374
v 0.533329 0.375553 0.753530
v 0.535306 0.370729 0.708625
v 0.542865 0.353503 0.636058
v 0.542387 0.361924 0.621410
v 0.537028 0.301944 0.591363
v 0.540524 0.309978 0.609152
v 0.489560 0.180354 0.519521
v 0.505754 0.179689 0.528963
v 0.508314 0.152042 0.540142
v 0.503222 0.138030 0.530670
v 0.488213 0.137917 0.518914
v 0.504531 0.144959 0.541769
v 0.502469 0.136508 0.537267
v 0.511817 0.152882 0.548732
v 0.505226 0.145997 0.546684
v 0.514863 0.141430 0.560796
v 0.504930 0.140323 0.554328
v 0.508140 0.125673 0.555789
v 0.502869 0.130896 0.552577
v 0.505229 0.123273 0.541606
v 0.501594 0.128841 0.543210
v 0.502920 0.142468 0.547474
v 0.500971 0.133641 0.544857
v 0.505422 0.144260 0.551379
v 0.514575 0.148938 0.556472
v 0.501762 0.131819 0.539110
v 0.505538 0.129422 0.532797
v 0.502001 0.128473 0.548254
v 0.506149 0.123289 0.550967
v 0.487971 0.126506 0.521733
v 0.488927 0.166330 0.518004
v 0.506801 0.160750 0.536115
v 0.506399 0.105955 0.566795
v 0.488864 0.093973 0.562931
v 0.507024 0.104293 0.579214
v 0.489466 0.089358 0.578929
v 0.509583 0.117555 0.568626
v 0.511200 0.117066 0.579028
v 0.519972 0.164235 0.575143
v 0.519056 0.157686 0.580938
v 0.503732 0.112729 0.554756
v 0.507573 0.119161 0.560633
v 0.513498 0.124112 0.578008
v 0.505366 0.146460 0.533364
v 0.503504 0.141411 0.538251
v 0.503950 0.135332 0.554803
v 0.511861 0.133518 0.559639
v 0.501951 0.137718 0.547061
v 0.518113 0.139025 0.578517
v 0.516505 0.155548 0.561268
v 0.520668 0.151049 0.579649
v 0.519743 0.155137 0.572671
v 0.527655 0.366391 0.592389
v 0.524826 0.355686 0.556294
v 0.521338 0.349306 0.539555
v 0.520457 0.343782 0.534722
v 0.520445 0.335592 0.531410
v 0.520062 0.331170 0.530374
v 0.519260 0.323202 0.530231
v 0.518784 0.318410 0.531395
v 0.541016 0.362715 0.621520
v 0.540995 0.367207 0.619261
v 0.520227 0.312513 0.538942
v 0.521505 0.310900 0.545199
v 0.524597 0.311745 0.558701
v 0.527915 0.317084 0.568753
v 0.530677 0.326433 0.572807
v 0.531373 0.331609 0.573809
v 0.530793 0.339000 0.572941
v 0.529326 0.343171 0.570827
v 0.526368 0.355322 0.561756
v 0.528902 0.364602 0.593523
v 0.524284 0.352301 0.553487
v 0.521671 0.346998 0.540027
v 0.520867 0.342726 0.536237
v 0.520685 0.335484 0.533822
v 0.520412 0.331033 0.532999
v 0.519671 0.322984 0.532907
v 0.519095 0.319250 0.533045
v 0.520450 0.314047 0.540194
v 0.521648 0.312652 0.545673
v 0.524767 0.313606 0.558147
v 0.527716 0.318320 0.566947
v 0.528925 0.326680 0.569576
v 0.529652 0.331269 0.570652
v 0.529353 0.338545 0.570136
v 0.528975 0.342045 0.569242
v 0.526315 0.351495 0.560703
v 0.525320 0.323584 0.555350
v 0.525770 0.336561 0.556083
v 0.527435 0.330357 0.562316
v 0.524431 0.329970 0.549145
v 0.526428 0.325693 0.560137
v 0.524652 0.325442 0.550780
v 0.524892 0.334595 0.551303
v 0.526961 0.334730 0.560645
v 0.544126 0.328710 0.594172
v 0.503443 0.264093 0.685179
v 0.505913 0.266440 0.680147
v 0.519814 0.295227 0.701072
v 0.517596 0.295192 0.695945
v 0.533456 0.323643 0.706965
v 0.531067 0.323809 0.702931
v 0.540656 0.340874 0.702634
v 0.537466 0.334916 0.696283
v 0.540054 0.337976 0.676063
v 0.537478 0.332030 0.676170
v 0.540430 0.325411 0.651698
v 0.536416 0.319808 0.658701
v 0.539023 0.308385 0.640677
v 0.531206 0.305098 0.647864
v 0.531634 0.291264 0.628413
v 0.527596 0.288293 0.636017
v 0.526868 0.429067 0.581097
v 0.520291 0.375201 0.545478
v 0.517639 0.366751 0.535837
v 0.499637 0.359374 0.527029
v 0.485542 0.095611 0.604000
v 0.498484 0.109720 0.615634
v 0.499165 0.108151 0.604374
v 0.500754 0.162242 0.617149
v 0.482200 0.153199 0.636663
v 0.501381 0.171789 0.617829
v 0.482121 0.151908 0.636250
v 0.505117 0.125446 0.603445
v 0.500357 0.127236 0.624101
v 0.482484 0.130549 0.648066
v 0.505604 0.162114 0.608392
v 0.508042 0.132670 0.602352
v 0.507923 0.139652 0.601335
v 0.501353 0.118412 0.614845
v 0.504141 0.126191 0.613541
v 0.503748 0.133314 0.612055
v 0.505036 0.154419 0.608665
v 0.499663 0.140589 0.619653
v 0.482102 0.141835 0.638210
v 0.487403 0.125199 0.651655
v 0.499713 0.119818 0.626106
v 0.514462 0.455614 0.700812
v 0.520730 0.433826 0.708708
v 0.518941 0.415916 0.714347
v 0.529966 0.386095 0.723596
v 0.523930 0.400456 0.719692
v 0.534462 0.372329 0.726983
v 0.499369 0.260864 0.693759
v 0.498580 0.229142 0.663770
v 0.538448 0.343186 0.725045
v 0.496548 0.159706 0.626448
v 0.496764 0.167578 0.628850
v 0.497035 0.153263 0.625862
v 0.496855 0.128451 0.635198
v 0.496367 0.140893 0.628385
v 0.496875 0.110362 0.651545
v 0.490353 0.101776 0.652938
v 0.492709 0.123865 0.647225
v 0.514291 0.160876 0.593167
v 0.512936 0.152625 0.592243
v 0.511503 0.139155 0.592385
v 0.508357 0.132179 0.593090
v 0.493609 0.245308 0.523544
v 0.508211 0.244934 0.531240
v 0.518476 0.157467 0.584183
v 0.517397 0.160804 0.586235
v 0.517140 0.158497 0.586100
v 0.485465 0.091906 0.585252
v 0.484252 0.092509 0.587905
v 0.483671 0.092182 0.586477
v 0.499574 0.107356 0.587169
v 0.499947 0.107304 0.585237
v 0.514286 0.151180 0.587068
v 0.516942 0.150753 0.582840
v 0.515110 0.150583 0.584714
v 0.511259 0.138725 0.586263
v 0.511561 0.138604 0.584118
v 0.656418 -0.168787 0.756415
v 0.531718 0.055892 0.732735
v 0.554773 -0.058813 0.737470
v 0.513451 0.118195 0.733799
v 0.506058 0.173944 0.745880
v 0.495568 0.222903 0.743377
v 0.491551 0.275507 0.718163
v 0.509615 0.275444 0.717395
v 0.538846 0.304053 0.621885
v 0.509941 0.281250 0.684299
v 0.524487 0.294366 0.646222
v 0.512335 0.286740 0.672162
v 0.509812 0.279682 0.688275
v 0.509555 0.278674 0.693161
v 0.534944 0.299316 0.633962
v 0.529165 0.296123 0.641553
v 0.509051 0.277223 0.704146
v 0.518892 0.336104 0.788352
v 0.519081 0.336544 0.755763
v 0.512046 0.352184 0.905914
v 0.535723 0.333751 0.745940
v 0.526489 0.326438 0.697386
v 0.514575 0.297774 0.686310
v 0.509251 0.271434 0.670756
v 0.534583 0.329909 0.700389
v 0.538392 0.331861 0.706670
v 0.537453 0.332491 0.724963
v 0.510778 0.283881 0.678679
v 0.539846 0.354917 0.692132
v 0.530287 0.330475 0.684914
v 0.516710 0.301684 0.672352
v 0.533001 0.383236 0.686960
v 0.521415 0.433934 0.683516
v 0.512844 0.452586 0.681166
v 0.522917 0.419961 0.680316
v 0.528109 0.400021 0.684001
v 0.537304 0.368240 0.690440
v 0.537846 0.334706 0.686705
v 0.540422 0.339829 0.688460
v 0.514652 0.289295 0.664964
v 0.520006 0.191034 0.569383
v 0.521139 0.186615 0.574966
v 0.528501 0.262781 0.571817
v 0.529805 0.266074 0.576539
v 0.527711 0.267575 0.566478
v 0.530249 0.275156 0.569840
v 0.525217 0.277626 0.550547
v 0.518591 0.187553 0.562352
v 0.518408 0.178859 0.565279
v 0.526147 0.247840 0.590486
v 0.524717 0.248434 0.599555
v 0.525170 0.238135 0.582758
v 0.524137 0.238877 0.574011
v 0.523123 0.249636 0.608933
v 0.489184 0.173310 0.518709
v 0.507380 0.170697 0.533478
v 0.525383 0.259212 0.606945
v 0.520340 0.174623 0.575174
v 0.519098 0.180905 0.584156
v 0.516020 0.180704 0.595023
v 0.505390 0.180195 0.612797
v 0.529322 0.277622 0.614329
v 0.526782 0.276786 0.623069
v 0.513333 0.294527 0.773374
v 0.506341 0.307276 0.739977
v 0.512342 0.304466 0.914974
v 0.525768 0.306207 0.735510
v 0.542182 0.325370 0.631779
v 0.519498 0.308526 0.697023
v 0.526845 0.311088 0.657039
v 0.523024 0.315808 0.669710
v 0.520829 0.316168 0.688148
v 0.524810 0.309766 0.700098
v 0.533825 0.312685 0.653153
v 0.540531 0.317042 0.645940
v 0.519841 0.312139 0.692651
v 0.521674 0.316017 0.678918
v 0.523829 0.260091 0.615552
v 0.529477 0.321561 0.667068
v 0.521797 0.303433 0.657660
v 0.511213 0.465987 0.639215
v 0.539469 0.398765 0.648185
v 0.524271 0.313029 0.662887
v 0.508697 0.202412 0.620962
v 0.518090 0.203975 0.600186
v 0.517662 0.228270 0.613495
v 0.520825 0.227310 0.602153
v 0.524440 0.237830 0.591728
v 0.531545 0.278579 0.604317
v 0.530108 0.267542 0.586126
v 0.529499 0.268470 0.595625
v 0.528601 0.268682 0.605368
v 0.528931 0.284091 0.624885
v 0.538366 0.376014 0.608818
v 0.535756 0.368709 0.609233
v 0.539678 0.394475 0.614229
v 0.538021 0.363340 0.608529
v 0.513084 0.458125 0.619235
v 0.544308 0.358991 0.611272
v 0.544114 0.349342 0.615157
v 0.533778 0.367045 0.606310
v 0.535425 0.364272 0.607783
v 0.522406 0.420983 0.567299
v 0.519636 0.392389 0.558090
v 0.529494 0.371261 0.577385
v 0.525764 0.366196 0.579079
v 0.535832 0.361543 0.583863
v 0.528289 0.363510 0.583741
v 0.538105 0.355771 0.586637
v 0.519118 0.403793 0.560510
v 0.525087 0.363911 0.578868
v 0.526478 0.362500 0.582171
v 0.524389 0.382344 0.567366
v 0.540712 0.350926 0.591504
v 0.543331 0.335108 0.613709
v 0.544890 0.341891 0.594139
v 0.534829 0.292305 0.579778
v 0.503098 0.144590 0.534742
v 0.502148 0.137215 0.532636
v 0.511631 0.147295 0.554518
v 0.509074 0.150531 0.547875
v 0.509549 0.133784 0.558417
v 0.512508 0.141035 0.558418
v 0.504339 0.124212 0.549088
v 0.506342 0.127131 0.554905
v 0.503945 0.129844 0.534747
v 0.503669 0.124814 0.541299
v 0.506013 0.149616 0.540425
v 0.534958 0.291383 0.592221
v 0.526016 0.281922 0.632374
v 0.519894 0.277734 0.642145
v 0.508203 -0.167013 0.910485
v 0.508830 -0.171451 0.867138
v 0.507443 -0.115456 0.884806
v 0.508160 -0.065026 0.522425
v 0.538502 -0.159461 0.613302
v 0.506066 -0.015680 0.515066
v 0.509288 -0.101013 0.533661
v 0.504707 0.022957 0.525098
v 0.499906 0.071216 0.597990
v 0.499373 0.055623 0.554539
v 0.500979 0.082369 0.653983
v 0.496335 0.124656 0.707366
v 0.507463 -0.061831 0.866259
v 0.506195 -0.005252 0.856608
v 0.503735 0.052936 0.863122
v 0.503315 0.105482 0.879778
v 0.487217 0.179016 0.724467
v 0.504307 0.159642 0.896933
v 0.505512 0.268870 0.918012
v 0.505549 0.331900 0.916036
v 0.505078 0.371348 0.901708
v 0.497933 0.462894 0.708377
v 0.499025 0.462038 0.745452
v 0.501833 0.442835 0.817018
v 0.479024 0.255068 0.706551
v 0.498615 0.462127 0.702454
v 0.496839 0.462395 0.692243
v 0.477321 0.223585 0.672762
v 0.476955 0.207238 0.664879
v 0.477740 0.110503 0.658710
v 0.477777 0.103215 0.660177
v 0.476519 0.099185 0.630481
v 0.504730 0.386303 0.892221
v 0.487337 0.394388 0.533420
v 0.483172 0.402400 0.523455
v 0.492228 0.481015 0.630084
v 0.503593 0.463481 0.613038
v 0.495718 0.470966 0.666774
v 0.486738 0.380536 0.529746
v 0.486036 0.370617 0.526051
v 0.503317 0.421687 0.855514
v 0.504327 0.399233 0.881571
v 0.475949 0.096878 0.617051
v 0.476978 0.152960 0.637156
v 0.476973 0.151883 0.637108
v 0.477019 0.142122 0.638998
v 0.477536 0.125549 0.652640
v 0.496996 0.461834 0.700532
v 0.477476 0.100930 0.653182
v 0.474677 0.091102 0.587156
v 0.505360 0.353562 0.909854
v 0.496408 0.463613 0.681092
v 0.505617 0.304710 0.919222
v 0.492849 0.479279 0.639657
v 0.477960 0.192739 0.657430
v 0.488975 0.486475 0.620136
v 0.487473 -0.167958 0.913150
v 0.485573 -0.173455 0.868236
v 0.471387 -0.065567 0.521087
v 0.475014 -0.162128 0.615309
v 0.471240 -0.015412 0.513575
v 0.471746 -0.102149 0.532563
v 0.472978 -0.153121 0.566003
v 0.471804 0.024472 0.523880
v 0.475088 0.073692 0.598354
v 0.473188 0.057750 0.554276
v 0.477447 0.085126 0.653728
v 0.479782 0.126007 0.706227
v 0.480700 0.179123 0.723906
v 0.480649 0.222991 0.719210
v 0.480264 0.259380 0.707110
v 0.480154 0.256968 0.704674
v 0.478641 0.224738 0.671125
v 0.478243 0.208173 0.662954
v 0.477671 0.101756 0.657766
v 0.476478 0.099233 0.629480
v 0.473238 0.395635 0.528607
v 0.473021 0.403021 0.522840
v 0.473189 0.440905 0.523834
v 0.473121 0.432914 0.522847
v 0.472960 0.372350 0.523818
v 0.472652 0.335212 0.519424
v 0.472543 0.318209 0.518175
v 0.473591 0.443446 0.533239
v 0.471938 0.137644 0.518073
v 0.472026 0.125703 0.521129
v 0.471983 0.166463 0.516853
v 0.473655 0.092330 0.562654
v 0.474349 0.087459 0.579618
v 0.472900 0.361194 0.523265
v 0.476878 0.153883 0.634687
v 0.476799 0.149168 0.633181
v 0.476862 0.138037 0.635579
v 0.477408 0.121181 0.649947
v 0.477461 0.100907 0.652808
v 0.474737 0.091320 0.588568
v 0.474690 0.091234 0.587452
v 0.477886 0.193712 0.655577
v 0.520749 0.431709 0.729793
v 0.523012 0.412109 0.743624
v 0.510180 0.458496 0.707999
v 0.480246 0.255199 0.707033
v 0.526824 0.388157 0.755816
v 0.500234 0.275477 0.717794
v 0.498140 0.462182 0.705757
v 0.480239 0.255027 0.706867
v 0.490202 0.106626 0.658336
v 0.500336 0.098673 0.579110
v 0.499040 0.145976 0.527831
v 0.493880 0.106431 0.652183
v 0.517987 0.451612 0.556495
v 0.521323 0.452409 0.548749
v 0.501784 0.453306 0.538923
v 0.523718 0.463576 0.599865
v 0.513057 0.451315 0.541973
v 0.527437 0.459585 0.595223
v 0.525531 0.450111 0.582258
v 0.491241 0.455697 0.539605
v 0.502081 0.474547 0.604614
v 0.482128 0.456874 0.542579
v 0.487491 0.483377 0.601659
v 0.516688 0.473843 0.552130
v 0.514318 0.481780 0.535927
v 0.496712 0.479968 0.529778
v 0.518251 0.490090 0.584078
v 0.505018 0.480445 0.530310
v 0.525358 0.489663 0.578303
v 0.521729 0.475393 0.573738
v 0.489466 0.478440 0.535472
v 0.498807 0.489773 0.587120
v 0.483199 0.478299 0.540262
v 0.489813 0.486997 0.584433
v 0.520034 0.504259 0.550316
v 0.518006 0.499471 0.545114
v 0.513931 0.498822 0.535029
v 0.502520 0.499500 0.530222
v 0.518666 0.512759 0.566057
v 0.508448 0.498189 0.533285
v 0.520586 0.512082 0.560084
v 0.520646 0.501888 0.556253
v 0.519070 0.503149 0.546573
v 0.496489 0.499240 0.532688
v 0.505182 0.514877 0.570523
v 0.491564 0.496635 0.538181
v 0.495918 0.503562 0.570409
v 0.499247 0.520699 0.547036
v 0.492133 0.515489 0.549135
v 0.507133 0.520674 0.545226
v 0.513541 0.514092 0.543696
v 0.511675 0.517748 0.555771
v 0.517126 0.513633 0.551613
v 0.501537 0.518161 0.558671
v 0.493344 0.511862 0.560551
v 0.498062 0.510404 0.537424
v 0.491724 0.506698 0.540211
v 0.504441 0.511878 0.535264
v 0.510455 0.507182 0.537531
v 0.483078 0.478984 0.594410
v 0.482462 0.464033 0.576470
v 0.482824 0.487805 0.576706
v 0.480370 0.486851 0.561691
v 0.481540 0.482373 0.548929
v 0.492643 0.505049 0.562745
v 0.487958 0.510532 0.548485
v 0.489960 0.501162 0.542156
v 0.514163 0.491109 0.536996
v 0.506775 0.490169 0.532757
v 0.502017 0.502003 0.578818
v 0.518551 0.502619 0.575244
v 0.520558 0.492716 0.564183
v 0.499640 0.489760 0.529970
v 0.492883 0.494411 0.577413
v 0.516829 0.491409 0.546267
v 0.523407 0.501276 0.569814
v 0.493029 0.488840 0.534078
v 0.487443 0.487467 0.539219
v 0.487788 0.496217 0.569721
v 0.484216 0.498691 0.555086
v 0.485800 0.491767 0.545540
v 0.522116 0.417056 0.566560
v 0.527884 0.415813 0.584543
v 0.515257 0.422119 0.552517
v 0.525300 0.452342 0.581920
v 0.519448 0.451922 0.553444
v 0.516958 0.482437 0.543896
v 0.522389 0.482283 0.572483
v 0.519299 0.507057 0.542881
v 0.520450 0.508470 0.549336
v 0.521189 0.506738 0.556244
v 0.516724 0.500406 0.539546
v 0.521941 0.499015 0.564715
v 0.516399 0.492795 0.541747
v 0.518164 0.454334 0.567385
v 0.519080 0.455270 0.574304
v 0.520824 0.453583 0.578822
v 0.514133 0.455218 0.559921
v 0.520297 0.426898 0.574467
v 0.517546 0.427850 0.568538
v 0.510701 0.480527 0.557739
v 0.512749 0.481689 0.563519
v 0.517077 0.475383 0.570885
v 0.513210 0.474312 0.556122
v 0.515010 0.491928 0.558639
v 0.516309 0.498515 0.554108
v 0.513601 0.490798 0.553573
v 0.515380 0.497375 0.551323
v 0.513288 0.487573 0.551623
v 0.516295 0.489043 0.563774
v 0.522236 0.434496 0.579443
v 0.515299 0.436926 0.563139
v 0.516603 0.496060 0.558581
v 0.514273 0.494129 0.550398
v 0.499179 0.466668 0.534354
v 0.488620 0.482794 0.593028
v 0.500434 0.481428 0.595861
v 0.518138 0.467221 0.548673
v 0.520989 0.475904 0.591964
v 0.526441 0.474221 0.586758
v 0.490345 0.467072 0.537539
v 0.482670 0.467586 0.541420
v 0.517794 0.467131 0.542339
v 0.523817 0.467313 0.577203
v 0.482957 0.479923 0.585530
v 0.517320 0.462769 0.554314
v 0.523605 0.462752 0.577999
v 0.515805 0.470649 0.568899
v 0.514463 0.469452 0.562473
v 0.513680 0.464775 0.558021
v 0.518891 0.464483 0.574856
v 0.522601 0.435117 0.671557
v 0.522682 0.434415 0.677103
v 0.523254 0.434654 0.674255
v 0.513044 0.454209 0.671919
v 0.513066 0.455235 0.666592
v 0.511122 0.457384 0.668971
v 0.513111 0.454692 0.669104
v 0.528313 0.421444 0.664008
v 0.526408 0.425854 0.662526
v 0.527705 0.423655 0.663355
v 0.535471 0.419586 0.630743
v 0.531629 0.420632 0.602746
v 0.533083 0.415929 0.601263
v 0.532340 0.418066 0.599407
v 0.532712 0.420839 0.601347
v 0.533018 0.418395 0.601741
v 0.531283 0.424112 0.645586
v 0.532931 0.422141 0.646150
v 0.535899 0.414963 0.613775
v 0.535425 0.417438 0.613721
v 0.429341 -0.167685 0.910186
v 0.363556 -0.170103 0.873173
v 0.455563 -0.116821 0.883273
v 0.432488 -0.115318 0.851645
v 0.305203 -0.164657 0.728705
v 0.352870 -0.114804 0.719685
v 0.420775 -0.064497 0.533897
v 0.382689 -0.062367 0.601394
v 0.352097 -0.154152 0.621150
v 0.376142 -0.110654 0.610472
v 0.390777 -0.013475 0.596863
v 0.424405 -0.015232 0.525931
v 0.316474 -0.161653 0.689453
v 0.360318 -0.114318 0.676937
v 0.418871 -0.101781 0.544997
v 0.384616 -0.150499 0.571521
v 0.406365 0.032181 0.599772
v 0.427964 0.024281 0.536791
v 0.437118 0.064996 0.600699
v 0.433145 0.052485 0.557567
v 0.411474 0.041045 0.659914
v 0.442177 0.078115 0.656680
v 0.385274 -0.061082 0.664101
v 0.395385 -0.008865 0.659328
v 0.422347 0.052425 0.701260
v 0.456589 0.123829 0.712000
v 0.396433 -0.059268 0.708529
v 0.444851 0.055462 0.829931
v 0.451423 0.110090 0.837227
v 0.433440 -0.059079 0.836713
v 0.437979 -0.001450 0.827835
v 0.454536 -0.062603 0.864762
v 0.456330 -0.005216 0.854962
v 0.460890 0.053864 0.861087
v 0.463847 0.106836 0.877392
v 0.369910 -0.114868 0.787675
v 0.319093 -0.168030 0.805267
v 0.435246 0.057049 0.763523
v 0.441740 0.114480 0.766182
v 0.414569 -0.058097 0.773277
v 0.468255 0.179096 0.726183
v 0.464892 0.160930 0.892585
v 0.448918 0.168582 0.772170
v 0.454226 0.219359 0.777028
v 0.392067 -0.114948 0.817204
v 0.449451 0.111586 0.802801
v 0.333909 -0.168198 0.834638
v 0.423553 -0.058146 0.803583
v 0.454498 0.164224 0.809932
v 0.462628 0.293724 0.733106
v 0.466076 0.268837 0.914244
v 0.451406 0.270211 0.772926
v 0.451771 0.321125 0.751269
v 0.449484 0.317068 0.785502
v 0.444487 0.351783 0.766290
v 0.453575 0.323332 0.868843
v 0.465946 0.331280 0.913968
v 0.445959 0.430497 0.737725
v 0.465597 0.369596 0.899898
v 0.457311 0.458990 0.710150
v 0.459269 0.458155 0.746683
v 0.462433 0.439283 0.816579
v 0.454846 0.430063 0.809116
v 0.475397 0.255296 0.706522
v 0.443050 0.293051 0.732555
v 0.432322 0.320286 0.745645
v 0.429899 0.347317 0.755355
v 0.438276 0.414312 0.739989
v 0.441367 0.433282 0.726464
v 0.446742 0.458113 0.710364
v 0.440766 0.433963 0.699030
v 0.447417 0.453136 0.695265
v 0.442007 0.416784 0.700038
v 0.473387 0.223390 0.673193
v 0.432265 0.251288 0.621364
v 0.452018 0.179384 0.624844
v 0.452881 0.134184 0.623770
v 0.465190 0.109937 0.658636
v 0.459596 0.108452 0.630031
v 0.465336 0.103628 0.660092
v 0.470381 0.100015 0.630720
v 0.447858 0.367685 0.794463
v 0.443634 0.365714 0.768280
v 0.465275 0.384107 0.890666
v 0.452485 0.377250 0.857439
v 0.430736 0.363509 0.759151
v 0.417888 0.352008 0.680634
v 0.413100 0.314768 0.632573
v 0.444824 0.295689 0.694823
v 0.436318 0.321241 0.703601
v 0.430388 0.330973 0.697972
v 0.437758 0.262734 0.640355
v 0.427990 0.327497 0.679175
v 0.427588 0.317384 0.665422
v 0.430789 0.304176 0.655893
v 0.438470 0.302985 0.667566
v 0.443300 0.300604 0.683097
v 0.444360 0.388988 0.764658
v 0.433347 0.387904 0.753600
v 0.433185 0.384219 0.709266
v 0.418646 0.382686 0.673821
v 0.412114 0.375434 0.634482
v 0.420059 0.375266 0.594288
v 0.425744 0.420825 0.579262
v 0.429541 0.430076 0.564619
v 0.446122 0.394110 0.540718
v 0.436759 0.431137 0.545304
v 0.450799 0.402716 0.526350
v 0.455737 0.443219 0.542142
v 0.454642 0.439759 0.525949
v 0.445102 0.466096 0.632704
v 0.444684 0.459231 0.657138
v 0.435130 0.450321 0.615711
v 0.454375 0.434926 0.525037
v 0.438355 0.436592 0.544044
v 0.418343 0.360418 0.554080
v 0.447977 0.379858 0.536193
v 0.426810 0.355029 0.540887
v 0.448075 0.370105 0.529088
v 0.442919 0.347342 0.528126
v 0.428160 0.336887 0.531042
v 0.442832 0.334594 0.525082
v 0.427801 0.323582 0.529595
v 0.440161 0.321220 0.524112
v 0.424372 0.315808 0.532105
v 0.437721 0.311506 0.525469
v 0.411771 0.369130 0.624641
v 0.423275 0.368221 0.596694
v 0.423656 0.355595 0.555251
v 0.426024 0.351583 0.543225
v 0.426920 0.336782 0.533882
v 0.427440 0.324393 0.532518
v 0.427366 0.316995 0.534190
v 0.420682 0.311049 0.539504
v 0.421152 0.305523 0.535118
v 0.425764 0.312565 0.541313
v 0.418058 0.308701 0.549599
v 0.417792 0.302455 0.550357
v 0.424624 0.310626 0.550282
v 0.416214 0.309104 0.562033
v 0.415728 0.302538 0.564424
v 0.422989 0.311109 0.561577
v 0.414175 0.316607 0.576354
v 0.413935 0.312220 0.581267
v 0.419954 0.318062 0.574915
v 0.412764 0.325400 0.581036
v 0.411043 0.324153 0.585431
v 0.417651 0.326099 0.577843
v 0.413729 0.340372 0.581808
v 0.411469 0.342938 0.586707
v 0.417331 0.338648 0.578704
v 0.412625 0.346665 0.577366
v 0.413058 0.352384 0.581283
v 0.419319 0.344793 0.575404
v 0.413764 0.353977 0.570496
v 0.413745 0.354190 0.580845
v 0.420875 0.353562 0.568011
v 0.413928 0.363472 0.598526
v 0.411861 0.357304 0.600908
v 0.421351 0.365501 0.597987
v 0.422138 0.351939 0.555249
v 0.424244 0.347383 0.544912
v 0.424865 0.336656 0.539370
v 0.425391 0.324434 0.538143
v 0.426110 0.318831 0.537682
v 0.425347 0.315148 0.543551
v 0.424266 0.313086 0.551000
v 0.422647 0.313413 0.560882
v 0.420368 0.319592 0.572546
v 0.419810 0.326292 0.573424
v 0.419286 0.337862 0.574384
v 0.419828 0.343031 0.573016
v 0.420754 0.350690 0.566538
v 0.418770 0.326058 0.564601
v 0.419538 0.323886 0.559736
v 0.420191 0.325587 0.555082
v 0.418302 0.335048 0.565151
v 0.419132 0.336743 0.560503
v 0.419974 0.334634 0.555616
v 0.442591 0.340495 0.526371
v 0.427482 0.346203 0.535158
v 0.427473 0.343389 0.536338
v 0.424795 0.341654 0.540044
v 0.442152 0.328193 0.524327
v 0.428384 0.330046 0.529317
v 0.411990 0.333375 0.581771
v 0.416934 0.332884 0.579224
v 0.409485 0.334004 0.586752
v 0.424944 0.330409 0.538230
v 0.419013 0.332306 0.574906
v 0.417863 0.330698 0.566861
v 0.420383 0.330001 0.553391
v 0.417587 0.330987 0.569229
v 0.418383 0.323091 0.567559
v 0.421431 0.322384 0.548256
v 0.419226 0.339588 0.558797
v 0.421090 0.337804 0.548686
v 0.417672 0.338866 0.569578
v 0.436214 0.400646 0.747285
v 0.439386 0.399509 0.704523
v 0.463884 0.418578 0.854849
v 0.432097 0.408919 0.545896
v 0.430861 0.416450 0.535910
v 0.455187 0.441606 0.534237
v 0.438478 0.435451 0.535322
v 0.421446 0.401108 0.670938
v 0.414003 0.397301 0.635667
v 0.447730 0.380154 0.792167
v 0.464891 0.396665 0.880310
v 0.417863 0.366264 0.677353
v 0.443752 0.376832 0.767274
v 0.452194 0.390223 0.850261
v 0.432041 0.375890 0.757774
v 0.426282 0.371092 0.713193
v 0.412565 0.353937 0.641518
v 0.411872 0.362358 0.626879
v 0.414300 0.302353 0.596505
v 0.412358 0.310405 0.614522
v 0.454783 0.180469 0.520978
v 0.439432 0.179909 0.531742
v 0.437632 0.152278 0.543104
v 0.441820 0.138235 0.533243
v 0.455791 0.138025 0.520272
v 0.441490 0.145169 0.544410
v 0.443112 0.136705 0.539754
v 0.434865 0.153138 0.551956
v 0.441215 0.146210 0.549366
v 0.432763 0.141704 0.564236
v 0.442112 0.140532 0.556960
v 0.438939 0.125904 0.558689
v 0.443956 0.131092 0.555045
v 0.440637 0.123488 0.544312
v 0.444430 0.129031 0.545605
v 0.443556 0.142665 0.549961
v 0.445221 0.133827 0.547193
v 0.441402 0.144473 0.554062
v 0.432738 0.149211 0.559901
v 0.443940 0.132011 0.541533
v 0.439633 0.129642 0.535558
v 0.444444 0.128665 0.550665
v 0.440503 0.123508 0.553717
v 0.456193 0.126612 0.523064
v 0.455193 0.166443 0.519417
v 0.438861 0.160977 0.538962
v 0.441463 0.106171 0.569516
v 0.458533 0.094074 0.564202
v 0.441868 0.104510 0.581944
v 0.459241 0.089458 0.580196
v 0.438520 0.117792 0.571603
v 0.437776 0.117311 0.582104
v 0.429024 0.164538 0.578954
v 0.430378 0.157981 0.584654
v 0.443158 0.112930 0.557294
v 0.439865 0.119386 0.563469
v 0.435448 0.124372 0.581278
v 0.439965 0.146678 0.536104
v 0.442195 0.141615 0.540819
v 0.443096 0.135535 0.557353
v 0.435605 0.133772 0.562834
v 0.444455 0.137909 0.549470
v 0.430991 0.139316 0.582168
v 0.431259 0.155832 0.564840
v 0.428619 0.151356 0.583506
v 0.428985 0.155440 0.576474
v 0.424154 0.366735 0.596725
v 0.423883 0.356022 0.560523
v 0.425916 0.349624 0.543553
v 0.426352 0.344095 0.538665
v 0.426034 0.335906 0.535366
v 0.426299 0.331482 0.534303
v 0.427033 0.323509 0.534096
v 0.427573 0.318714 0.535217
v 0.413253 0.363140 0.626874
v 0.413115 0.367633 0.624619
v 0.426727 0.312825 0.542860
v 0.425966 0.311218 0.549203
v 0.424020 0.312080 0.562915
v 0.421590 0.317438 0.573208
v 0.419239 0.326804 0.577476
v 0.418664 0.331985 0.578531
v 0.419218 0.339371 0.577615
v 0.420531 0.343534 0.575385
v 0.422800 0.355667 0.566096
v 0.422995 0.364954 0.597960
v 0.424166 0.352634 0.557682
v 0.425608 0.347318 0.544052
v 0.426064 0.343042 0.540209
v 0.425995 0.335799 0.537789
v 0.426168 0.331347 0.536947
v 0.426846 0.323293 0.536796
v 0.427407 0.319555 0.536886
v 0.426620 0.314360 0.544126
v 0.425875 0.312971 0.549686
v 0.423817 0.313943 0.562377
v 0.421645 0.318673 0.571392
v 0.420717 0.327040 0.574110
v 0.420113 0.331634 0.575241
v 0.420416 0.338908 0.574700
v 0.420741 0.342405 0.573777
v 0.422740 0.351839 0.565043
v 0.423098 0.323924 0.559633
v 0.422797 0.336904 0.560398
v 0.421618 0.330709 0.566750
v 0.423507 0.330306 0.553374
v 0.422408 0.326040 0.564495
v 0.423394 0.325779 0.555022
v 0.423259 0.334933 0.555561
v 0.421980 0.335080 0.565043
v 0.407640 0.329165 0.599891
v 0.455363 0.264253 0.687193
v 0.452497 0.266618 0.682385
v 0.440586 0.295491 0.704392
v 0.442367 0.295442 0.699097
v 0.427675 0.323995 0.711398
v 0.429719 0.324147 0.707178
v 0.420251 0.341275 0.707679
v 0.422859 0.335298 0.701085
v 0.418610 0.338381 0.681151
v 0.421145 0.332417 0.681044
v 0.416113 0.325825 0.656907
v 0.420662 0.320194 0.663551
v 0.416480 0.308794 0.645812
v 0.424849 0.305452 0.652321
v 0.422703 0.291627 0.632977
v 0.427343 0.288627 0.640217
v 0.424410 0.429408 0.585390
v 0.427627 0.375509 0.549360
v 0.429406 0.367045 0.539534
v 0.446560 0.359551 0.529253
v 0.465290 0.095678 0.604848
v 0.453460 0.109870 0.617521
v 0.451829 0.108309 0.606358
v 0.451674 0.162406 0.619206
v 0.471735 0.153234 0.637101
v 0.451170 0.171956 0.619933
v 0.471771 0.151943 0.636684
v 0.445936 0.125643 0.605924
v 0.452419 0.127395 0.626109
v 0.472255 0.130583 0.648495
v 0.446108 0.162312 0.610885
v 0.442978 0.132887 0.605078
v 0.443057 0.139868 0.604053
v 0.450594 0.118581 0.616971
v 0.447758 0.126379 0.615904
v 0.448072 0.133500 0.614388
v 0.446645 0.154613 0.611111
v 0.452827 0.140745 0.621615
v 0.471886 0.141869 0.638638
v 0.467619 0.125264 0.652484
v 0.453179 0.119973 0.628056
v 0.446963 0.455839 0.703640
v 0.441233 0.434091 0.712039
v 0.443369 0.416168 0.717514
v 0.432958 0.386418 0.727661
v 0.438741 0.400740 0.723262
v 0.428670 0.372681 0.731416
v 0.460119 0.260995 0.695404
v 0.458185 0.229277 0.665462
v 0.424342 0.343566 0.729826
v 0.456626 0.159839 0.628121
v 0.456665 0.167712 0.630530
v 0.456049 0.153399 0.627579
v 0.456844 0.128584 0.636875
v 0.456844 0.141024 0.630041
v 0.458072 0.110491 0.653171
v 0.464630 0.101862 0.654016
v 0.461951 0.123968 0.648513
v 0.436170 0.161136 0.596441
v 0.437388 0.152877 0.595408
v 0.438738 0.139397 0.595434
v 0.441886 0.132400 0.595876
v 0.451516 0.245448 0.525308
v 0.437607 0.245170 0.534199
v 0.431226 0.157758 0.587839
v 0.432495 0.161087 0.589792
v 0.432724 0.158779 0.589637
v 0.463773 0.091978 0.586161
v 0.465208 0.092573 0.588703
v 0.465666 0.092242 0.587232
v 0.449977 0.107521 0.589247
v 0.449444 0.107472 0.587353
v 0.435600 0.151442 0.590364
v 0.432597 0.151034 0.586374
v 0.434578 0.150851 0.588088
v 0.438467 0.138967 0.589313
v 0.437985 0.138849 0.587201
v 0.306008 -0.167620 0.771097
v 0.429782 0.056232 0.737006
v 0.406441 -0.058319 0.743685
v 0.448487 0.118411 0.736521
v 0.457235 0.174107 0.747926
v 0.467805 0.222996 0.744540
v 0.470048 0.275579 0.719064
v 0.451983 0.275636 0.719810
v 0.415056 0.304465 0.627072
v 0.448928 0.281454 0.686855
v 0.431336 0.294676 0.650125
v 0.445564 0.286962 0.674960
v 0.449379 0.279884 0.690807
v 0.450037 0.278872 0.695654
v 0.419923 0.299699 0.638781
v 0.426296 0.296466 0.645863
v 0.451448 0.277414 0.706560
v 0.449077 0.336337 0.791277
v 0.446166 0.336787 0.758818
v 0.465841 0.352338 0.907850
v 0.428743 0.334108 0.750422
v 0.433834 0.326746 0.701268
v 0.444588 0.298007 0.689242
v 0.448418 0.271637 0.673305
v 0.426043 0.330271 0.704937
v 0.422785 0.332246 0.711514
v 0.425256 0.332864 0.729664
v 0.447642 0.284091 0.681324
v 0.420274 0.355315 0.697142
v 0.429033 0.330813 0.689157
v 0.441320 0.301935 0.675511
v 0.426850 0.383589 0.691407
v 0.438444 0.434210 0.686993
v 0.446913 0.452806 0.683929
v 0.436587 0.420248 0.683933
v 0.431589 0.400342 0.688045
v 0.422754 0.368621 0.695240
v 0.421679 0.335093 0.691573
v 0.419292 0.340232 0.693535
v 0.442670 0.289535 0.667980
v 0.428686 0.191338 0.573210
v 0.427995 0.186926 0.578869
v 0.420901 0.263139 0.576325
v 0.420019 0.266440 0.581139
v 0.421275 0.267930 0.570938
v 0.419077 0.275526 0.574498
v 0.422494 0.277968 0.554851
v 0.429484 0.187850 0.566085
v 0.429854 0.179154 0.568990
v 0.424709 0.248178 0.594736
v 0.426897 0.248760 0.603653
v 0.424973 0.238469 0.586956
v 0.425275 0.239207 0.578153
v 0.429278 0.249949 0.612865
v 0.455043 0.173424 0.520140
v 0.438129 0.170928 0.536379
v 0.426924 0.259539 0.611070
v 0.428728 0.174928 0.579013
v 0.430759 0.181199 0.587857
v 0.434734 0.180975 0.598429
v 0.446810 0.180390 0.615251
v 0.423738 0.277973 0.618753
v 0.426994 0.277118 0.627250
v 0.453088 0.294728 0.775898
v 0.457346 0.307439 0.742029
v 0.465987 0.304620 0.916916
v 0.437607 0.306501 0.739204
v 0.412701 0.325801 0.637204
v 0.440651 0.308789 0.700327
v 0.430002 0.311411 0.661097
v 0.434901 0.316102 0.673403
v 0.438632 0.316441 0.691592
v 0.435622 0.310063 0.703835
v 0.422732 0.313055 0.657807
v 0.415475 0.317458 0.651180
v 0.439967 0.312405 0.695998
v 0.437018 0.316299 0.682465
v 0.429197 0.260407 0.619517
v 0.428287 0.321898 0.671308
v 0.435033 0.303721 0.661296
v 0.445118 0.466207 0.641984
v 0.417264 0.399172 0.653305
v 0.433069 0.313332 0.666708
v 0.444346 0.202626 0.623658
v 0.433258 0.204258 0.603740
v 0.434959 0.228546 0.616960
v 0.430852 0.227609 0.605923
v 0.426448 0.238156 0.595834
v 0.420692 0.278948 0.608962
v 0.420529 0.267907 0.590718
v 0.421937 0.268828 0.600132
v 0.423648 0.269031 0.609766
v 0.425054 0.284437 0.629237
v 0.414919 0.376425 0.613990
v 0.417506 0.369103 0.614187
v 0.414188 0.394893 0.619487
v 0.415155 0.363749 0.613677
v 0.441530 0.458364 0.622233
v 0.409090 0.359442 0.616938
v 0.409545 0.349791 0.620795
v 0.419222 0.367426 0.611110
v 0.417685 0.364664 0.612716
v 0.427649 0.421299 0.571269
v 0.429448 0.392689 0.561868
v 0.421100 0.371622 0.581927
v 0.424924 0.366532 0.583304
v 0.415261 0.361944 0.588915
v 0.422780 0.363862 0.588162
v 0.413190 0.356187 0.591871
v 0.430244 0.404089 0.564234
v 0.425565 0.364242 0.583038
v 0.424447 0.362840 0.586446
v 0.425422 0.382673 0.571512
v 0.410966 0.351358 0.596940
v 0.410110 0.335552 0.619291
v 0.406963 0.342350 0.599918
v 0.415459 0.292702 0.584780
v 0.442328 0.144792 0.537288
v 0.443050 0.137412 0.535112
v 0.435497 0.147549 0.557708
v 0.437511 0.150769 0.550874
v 0.437808 0.134023 0.561423
v 0.434908 0.141294 0.561669
v 0.442156 0.124419 0.551694
v 0.440666 0.127350 0.557657
v 0.441386 0.130052 0.537368
v 0.442176 0.125019 0.543876
v 0.439931 0.149836 0.543194
v 0.416364 0.291778 0.597190
v 0.428570 0.282246 0.636457
v 0.435460 0.278015 0.645683
v 0.466601 -0.166874 0.912228
v 0.462321 -0.171296 0.869086
v 0.465552 -0.115316 0.886561
v 0.434859 -0.064781 0.525496
v 0.411598 -0.159038 0.618619
v 0.436659 -0.015449 0.517974
v 0.434436 -0.100764 0.536797
v 0.439109 0.023175 0.527847
v 0.450311 0.071381 0.600068
v 0.447104 0.055797 0.556729
v 0.454000 0.082526 0.655951
v 0.463374 0.124766 0.708747
v 0.464338 -0.061688 0.868066
v 0.465170 -0.005116 0.858326
v 0.468554 0.053053 0.864596
v 0.470714 0.105591 0.881144
v 0.474252 0.179059 0.725010
v 0.471521 0.159752 0.898307
v 0.472810 0.268979 0.919383
v 0.473027 0.332009 0.917398
v 0.472560 0.371456 0.903070
v 0.464176 0.463002 0.709733
v 0.466124 0.462147 0.746830
v 0.469184 0.442944 0.818386
v 0.481424 0.255060 0.706450
v 0.464478 0.462210 0.704750
v 0.463853 0.462505 0.693625
v 0.480085 0.223576 0.672646
v 0.479681 0.207229 0.664764
v 0.472212 0.386412 0.893583
v 0.459583 0.394481 0.534582
v 0.462953 0.402468 0.524302
v 0.463371 0.481111 0.631293
v 0.450504 0.463657 0.615262
v 0.462897 0.471076 0.668149
v 0.459781 0.380626 0.530875
v 0.460105 0.370703 0.527137
v 0.470785 0.421795 0.856877
v 0.471809 0.399341 0.882933
v 0.464359 0.461940 0.702018
v 0.472842 0.353670 0.911216
v 0.463358 0.463723 0.682477
v 0.473045 0.304819 0.920587
v 0.463542 0.479376 0.640885
v 0.465818 0.486552 0.621106
v 0.442964 0.431968 0.733052
v 0.441736 0.412379 0.747029
v 0.451851 0.458690 0.710443
v 0.438798 0.388450 0.759505
v 0.461364 0.275606 0.719423
v 0.464054 0.462265 0.708122
v 0.465265 0.106709 0.659381
v 0.448486 0.098845 0.581282
v 0.445803 0.146153 0.530062
v 0.461084 0.106540 0.653557
v 0.431353 0.451901 0.560125
v 0.427386 0.452721 0.552685
v 0.446040 0.453492 0.541259
v 0.429349 0.463890 0.603819
v 0.435049 0.451575 0.545242
v 0.425228 0.459925 0.599505
v 0.425980 0.450443 0.586429
v 0.456618 0.455813 0.541055
v 0.451380 0.474716 0.606739
v 0.465955 0.456928 0.543257
v 0.465730 0.483450 0.602571
v 0.432429 0.474124 0.555661
v 0.433488 0.482049 0.539314
v 0.450506 0.480122 0.531714
v 0.433652 0.490372 0.587623
v 0.442276 0.480654 0.532938
v 0.426084 0.489993 0.582463
v 0.429224 0.475701 0.577614
v 0.458193 0.478544 0.536783
v 0.453280 0.489925 0.589027
v 0.464837 0.478360 0.541031
v 0.462000 0.487090 0.585599
v 0.429146 0.504561 0.554125
v 0.430700 0.499762 0.548773
v 0.433912 0.499088 0.538382
v 0.444885 0.499692 0.532637
v 0.431882 0.513048 0.569693
v 0.439226 0.498420 0.536185
v 0.429464 0.512386 0.563902
v 0.429017 0.502193 0.560092
v 0.429786 0.503447 0.550314
v 0.451099 0.499391 0.534589
v 0.445707 0.515075 0.573015
v 0.456450 0.496752 0.539652
v 0.454853 0.503699 0.572129
v 0.449694 0.520864 0.549112
v 0.456925 0.515606 0.550610
v 0.441684 0.520892 0.547969
v 0.435128 0.514353 0.546981
v 0.438022 0.517993 0.558857
v 0.432214 0.513916 0.555171
v 0.448369 0.518338 0.560899
v 0.456649 0.511984 0.562089
v 0.450002 0.510564 0.539437
v 0.456526 0.506816 0.541685
v 0.443475 0.512081 0.537819
v 0.437640 0.507424 0.540582
v 0.469492 0.479029 0.594979
v 0.468506 0.464080 0.577055
v 0.468323 0.487853 0.577314
v 0.469505 0.486888 0.562146
v 0.467243 0.482420 0.549528
v 0.457485 0.505166 0.564218
v 0.460997 0.510621 0.549615
v 0.458410 0.501267 0.543478
v 0.433795 0.491377 0.540363
v 0.440795 0.490389 0.535521
v 0.449469 0.502178 0.581020
v 0.432698 0.502905 0.578841
v 0.429707 0.493018 0.567990
v 0.447669 0.489933 0.532148
v 0.458402 0.494526 0.578858
v 0.431915 0.491691 0.549825
v 0.427396 0.501595 0.573837
v 0.454595 0.488968 0.535688
v 0.460582 0.487556 0.540344
v 0.462848 0.496300 0.570766
v 0.465199 0.498755 0.555883
v 0.462776 0.491844 0.546505
v 0.427850 0.417370 0.570510
v 0.423599 0.416160 0.588913
v 0.433544 0.422391 0.555940
v 0.426197 0.452672 0.586073
v 0.429643 0.452221 0.557207
v 0.431529 0.482722 0.547475
v 0.428507 0.482596 0.576417
v 0.429274 0.507357 0.546653
v 0.428678 0.508776 0.553181
v 0.428507 0.507047 0.560128
v 0.431518 0.500690 0.543116
v 0.428415 0.499326 0.568634
v 0.431974 0.493077 0.545285
v 0.432105 0.454620 0.570991
v 0.431777 0.455561 0.577962
v 0.430406 0.453884 0.582611
v 0.435503 0.455480 0.563216
v 0.430389 0.427197 0.578234
v 0.432642 0.428133 0.572096
v 0.438909 0.480766 0.560747
v 0.437359 0.481940 0.566678
v 0.433621 0.475660 0.574382
v 0.436232 0.474568 0.559347
v 0.434766 0.492195 0.562002
v 0.433137 0.498792 0.557593
v 0.435739 0.491057 0.556836
v 0.433822 0.497647 0.554740
v 0.435866 0.487830 0.554867
v 0.433896 0.489318 0.567227
v 0.428924 0.434807 0.583353
v 0.434489 0.437195 0.566525
v 0.433201 0.496338 0.562075
v 0.434826 0.494394 0.553727
v 0.448342 0.466837 0.536484
v 0.463879 0.482876 0.594065
v 0.452334 0.481588 0.597876
v 0.430651 0.467512 0.552339
v 0.431489 0.476203 0.595714
v 0.425610 0.474557 0.590983
v 0.457414 0.467181 0.538919
v 0.465390 0.467644 0.542144
v 0.430463 0.467422 0.545999
v 0.427379 0.467634 0.581244
v 0.468876 0.479970 0.586120
v 0.431909 0.463053 0.557892
v 0.427627 0.463072 0.582020
v 0.434691 0.470919 0.572298
v 0.435482 0.469715 0.565782
v 0.435859 0.465034 0.561282
v 0.432073 0.464772 0.578494
v 0.436270 0.435405 0.675174
v 0.436649 0.434702 0.680708
v 0.435842 0.434945 0.677917
v 0.445950 0.454432 0.674730
v 0.445490 0.455460 0.669424
v 0.447640 0.457595 0.671630
v 0.445652 0.454917 0.671931
v 0.429856 0.421772 0.668133
v 0.431659 0.426169 0.666496
v 0.430421 0.423979 0.667431
v 0.419928 0.419971 0.635584
v 0.421421 0.420999 0.607363
v 0.419817 0.416307 0.606009
v 0.420416 0.418439 0.604097
v 0.420226 0.421214 0.606060
v 0.419938 0.418771 0.606479
v 0.425373 0.424465 0.650024
v 0.423765 0.422504 0.650724
v 0.418052 0.415356 0.618713
v 0.418536 0.417828 0.618619
v 0.467800 0.448594 0.543086
v 0.480221 0.448552 0.542565
v 0.481032 0.444300 0.540857
v 0.473595 0.443962 0.533279
v 0.466820 0.444347 0.541452
v 0.473991 0.444469 0.542703
v 0.484844 0.488536 0.607333
v 0.468940 0.488591 0.607728
v 0.476560 0.488563 0.607701
v 0.469471 0.449096 0.558871
v 0.479879 0.449061 0.558435
v 0.474677 0.444701 0.559047
v 0.470123 0.455434 0.577000
v 0.480788 0.455398 0.576553
v 0.475450 0.450805 0.577006
v 0.478846 0.473157 0.594449
v 0.473673 0.473175 0.594665
v 0.476225 0.467894 0.594159
v 0.506816 -0.104961 0.910215
v 0.509037 -0.150420 0.976286
v 0.506640 0.337260 0.942815
v 0.498857 0.490373 0.725687
v 0.497967 0.488960 0.699378
v 0.499447 0.489547 0.711752
v 0.504630 0.431504 0.887368
v 0.489451 0.497362 0.620440
v 0.493327 0.497658 0.633757
v 0.468373 -0.104833 0.911825
v 0.471384 -0.150294 0.977864
v 0.474215 0.337368 0.944174
v 0.472207 0.431612 0.888727
v 0.465405 0.497435 0.621452
v 0.462695 0.497760 0.635041
v 0.485238 0.495672 0.601586
v 0.468010 0.495720 0.602052
v 0.515272 -0.121915 1.001674
v 0.514193 -0.146153 1.001776
v 0.513965 -0.002742 0.928412
v 0.514398 -0.043877 0.935947
v 0.512398 0.038292 0.933364
v 0.514747 0.204272 0.987089
v 0.515417 0.310136 1.002094
v 0.514977 0.383976 0.986518
v 0.515337 0.351130 0.997685
v 0.505905 0.528207 0.732414
v 0.506428 0.524600 0.768305
v 0.513797 0.434627 0.954338
v 0.509622 0.511360 0.845153
v 0.510527 0.499789 0.870973
v 0.507343 0.527919 0.714682
v 0.513205 0.453912 0.938662
v 0.512419 0.471519 0.918532
v 0.503486 0.531319 0.643885
v 0.505696 0.530877 0.685944
v 0.506755 0.529272 0.695053
v 0.504782 0.531917 0.672979
v 0.496563 0.531921 0.616605
v 0.501431 0.532441 0.629462
v 0.491475 -0.120865 1.004918
v 0.491382 -0.146974 1.004769
v 0.488830 -0.002735 0.932400
v 0.489001 -0.043112 0.939682
v 0.489161 0.037661 0.937076
v 0.491968 0.203915 0.990869
v 0.492948 0.310337 1.005790
v 0.492537 0.385006 0.990044
v 0.492899 0.351748 1.001327
v 0.483750 0.527405 0.769585
v 0.491345 0.436319 0.957509
v 0.486982 0.513974 0.847209
v 0.488034 0.502267 0.873257
v 0.490744 0.455860 0.941624
v 0.489951 0.473677 0.921276
v 0.477982 0.535666 0.630689
v 0.467485 -0.121756 1.003676
v 0.468407 -0.146001 1.003694
v 0.463451 -0.002574 0.930529
v 0.463376 -0.043707 0.938085
v 0.465700 0.038447 0.935321
v 0.468956 0.204424 0.989007
v 0.470248 0.310286 1.003986
v 0.469874 0.384126 0.988408
v 0.470232 0.351280 0.999575
v 0.458275 0.528292 0.733645
v 0.461017 0.524746 0.770184
v 0.468694 0.434778 0.956227
v 0.464232 0.511511 0.847054
v 0.465413 0.499939 0.872863
v 0.456253 0.527938 0.717888
v 0.468101 0.454063 0.940551
v 0.467317 0.471669 0.920422
v 0.453643 0.531485 0.645973
v 0.454789 0.532083 0.675073
v 0.458175 0.532037 0.618279
v 0.454492 0.532597 0.631429
v 0.490448 0.531692 0.582906
v 0.475431 0.532243 0.583605
v 0.461361 0.531781 0.584028
v 0.640633 -0.171813 0.778904
v 0.641374 -0.171198 0.728121
v 0.626384 -0.170549 0.679595
v 0.597131 -0.169931 0.638077
v 0.593785 -0.172714 0.867624
v 0.624236 -0.172336 0.826973
v 0.552263 -0.172911 0.896876
v 0.510848 -0.176608 0.574714
v 0.559609 -0.180900 0.911825
v 0.609100 -0.177614 0.626364
v 0.554180 -0.169397 0.607727
v 0.402802 -0.176383 0.590372
v 0.322302 -0.177014 0.667524
v 0.503734 -0.172907 0.911867
v 0.563943 -0.177032 0.592794
v 0.605409 -0.180683 0.879559
v 0.657900 -0.179011 0.725684
v 0.506863 -0.169015 0.591301
v 0.355889 -0.176597 0.622685
v 0.450062 -0.180671 0.927546
v 0.452947 -0.172703 0.911129
v 0.320721 -0.169910 0.723462
v 0.337119 -0.169387 0.675392
v 0.367570 -0.169009 0.634742
v 0.412742 -0.168825 0.605336
v 0.334971 -0.171174 0.822770
v 0.319981 -0.170525 0.774245
v 0.364223 -0.171792 0.864288
v 0.638997 -0.180266 0.834720
v 0.641366 -0.178296 0.672159
v 0.657084 -0.179690 0.781699
v 0.458407 -0.168819 0.590465
v 0.304214 -0.177590 0.720545
v 0.506080 -0.180896 0.928360
v 0.404875 -0.172318 0.894735
v 0.319932 -0.178984 0.830084
v 0.303398 -0.178269 0.776560
v 0.352198 -0.179666 0.875880
v 0.455434 -0.176385 0.573875
v 0.397038 -0.180247 0.909463
v 0.300678 -0.190255 0.776850
v 0.301507 -0.189566 0.719990
v 0.565479 -0.189000 0.590297
v 0.511622 -0.188570 0.571942
v 0.350215 -0.191673 0.877669
v 0.317462 -0.190981 0.831183
v 0.560757 -0.192926 0.914157
v 0.506420 -0.192922 0.930942
v 0.395732 -0.192263 0.911759
v 0.319868 -0.188981 0.666168
v 0.607248 -0.192706 0.881403
v 0.641343 -0.192282 0.835888
v 0.610995 -0.189590 0.624387
v 0.353962 -0.188558 0.620653
v 0.400641 -0.188338 0.587892
v 0.659703 -0.191697 0.782066
v 0.660532 -0.191008 0.725206
v 0.643748 -0.190282 0.670874
v 0.449556 -0.192693 0.930115
v 0.454816 -0.188342 0.571114
v 0.304388 -0.202255 0.776218
v 0.305199 -0.201580 0.720544
v 0.563664 -0.201026 0.593556
v 0.510962 -0.200605 0.575582
v 0.352891 -0.203643 0.874934
v 0.320821 -0.202966 0.829417
v 0.559042 -0.204870 0.910660
v 0.505838 -0.204866 0.927095
v 0.397458 -0.204221 0.908313
v 0.323176 -0.201007 0.667844
v 0.604563 -0.204654 0.878590
v 0.637946 -0.204240 0.834024
v 0.608232 -0.201604 0.626935
v 0.356560 -0.200593 0.623278
v 0.402081 -0.200377 0.591208
v 0.655923 -0.203667 0.781325
v 0.656735 -0.202992 0.725651
v 0.640302 -0.202281 0.672452
v 0.450160 -0.204642 0.926286
v 0.455285 -0.200381 0.574773
v 0.328554 -0.215205 0.772642
v 0.329254 -0.214623 0.724620
v 0.552195 -0.214145 0.615085
v 0.506737 -0.213782 0.599582
v 0.370391 -0.216402 0.857790
v 0.342728 -0.215818 0.818529
v 0.548208 -0.217460 0.888607
v 0.502317 -0.217457 0.902783
v 0.408833 -0.216900 0.886582
v 0.344760 -0.214129 0.679163
v 0.587473 -0.217274 0.860944
v 0.616268 -0.216917 0.822504
v 0.590637 -0.214643 0.643876
v 0.373555 -0.213771 0.640722
v 0.412820 -0.213585 0.613060
v 0.631775 -0.216423 0.777047
v 0.632475 -0.215841 0.729025
v 0.618300 -0.215228 0.683138
v 0.454291 -0.217264 0.902085
v 0.458711 -0.213589 0.598884
v 0.335394 -0.223646 0.771590
v 0.336063 -0.223090 0.725739
v 0.548923 -0.222634 0.621158
v 0.505520 -0.222287 0.606355
v 0.375340 -0.224789 0.852888
v 0.348928 -0.224231 0.815402
v 0.545116 -0.225799 0.882311
v 0.501300 -0.225796 0.895846
v 0.412043 -0.225265 0.880377
v 0.350868 -0.222618 0.682338
v 0.582606 -0.225622 0.855899
v 0.610099 -0.225280 0.819197
v 0.585627 -0.223109 0.648647
v 0.378361 -0.222277 0.645636
v 0.415850 -0.222099 0.619224
v 0.624904 -0.224809 0.775796
v 0.625572 -0.224253 0.729945
v 0.612038 -0.223668 0.686133
v 0.455446 -0.225612 0.895180
v 0.459666 -0.222103 0.605689
v 0.328103 -0.239852 0.772430
v 0.328805 -0.239268 0.724294
v 0.552271 -0.238790 0.614502
v 0.506705 -0.238425 0.598963
v 0.370039 -0.241052 0.857779
v 0.342311 -0.240466 0.818425
v 0.548274 -0.242113 0.888667
v 0.502275 -0.242109 0.902877
v 0.408571 -0.241552 0.886638
v 0.344348 -0.238773 0.678731
v 0.587632 -0.241926 0.860940
v 0.616494 -0.241568 0.822409
v 0.590803 -0.239289 0.643361
v 0.373210 -0.238415 0.640200
v 0.412568 -0.238228 0.612473
v 0.632037 -0.241073 0.776846
v 0.632739 -0.240489 0.728710
v 0.618531 -0.239875 0.682715
v 0.454137 -0.241916 0.902177
v 0.458567 -0.238232 0.598263
v 0.257493 -0.306474 0.781713
v 0.258519 -0.305621 0.711345
v 0.585201 -0.304922 0.550842
v 0.518589 -0.304389 0.528125
v 0.318798 -0.308229 0.906483
v 0.278264 -0.307373 0.848953
v 0.579358 -0.309780 0.951639
v 0.512113 -0.309774 0.972412
v 0.375128 -0.308959 0.948672
v 0.281241 -0.304898 0.644737
v 0.636894 -0.309507 0.911105
v 0.679088 -0.308983 0.854777
v 0.641531 -0.305651 0.593031
v 0.323435 -0.304374 0.588409
v 0.380971 -0.304101 0.547875
v 0.701810 -0.308259 0.788169
v 0.702836 -0.307406 0.717801
v 0.682065 -0.306508 0.650561
v 0.441740 -0.309492 0.971389
v 0.448217 -0.304106 0.527102
v 0.249257 -0.333664 0.782549
v 0.250321 -0.332779 0.709611
v 0.588932 -0.332054 0.543247
v 0.519888 -0.331502 0.519700
v 0.312801 -0.335482 0.911875
v 0.270787 -0.334595 0.852244
v 0.582876 -0.337089 0.958680
v 0.513175 -0.337084 0.980211
v 0.371188 -0.336239 0.955605
v 0.273872 -0.332029 0.640570
v 0.642513 -0.336807 0.916666
v 0.686248 -0.336264 0.858281
v 0.647319 -0.332810 0.586976
v 0.317607 -0.331486 0.582185
v 0.377244 -0.331203 0.540171
v 0.709799 -0.335514 0.789240
v 0.710863 -0.334630 0.716302
v 0.689333 -0.333698 0.646607
v 0.440232 -0.336791 0.979152
v 0.446945 -0.331209 0.518640
v 0.254186 -0.355064 0.781569
v 0.255226 -0.354199 0.710215
v 0.586486 -0.353489 0.547462
v 0.518941 -0.352949 0.524426
v 0.316350 -0.356843 0.908088
v 0.275248 -0.355975 0.849752
v 0.580562 -0.358415 0.953877
v 0.512374 -0.358410 0.974941
v 0.373469 -0.357583 0.950868
v 0.278267 -0.353465 0.642673
v 0.638904 -0.358139 0.912775
v 0.681689 -0.357608 0.855657
v 0.643606 -0.354229 0.590242
v 0.321052 -0.352933 0.585556
v 0.379394 -0.352657 0.544453
v 0.704730 -0.356874 0.788115
v 0.705770 -0.356009 0.716761
v 0.684708 -0.355098 0.648579
v 0.441015 -0.358123 0.973904
v 0.447582 -0.352662 0.523390
v 0.270192 -0.372697 0.779042
v 0.271158 -0.371893 0.712767
v 0.578836 -0.371234 0.561601
v 0.516100 -0.370733 0.540205
v 0.327931 -0.374349 0.896554
v 0.289755 -0.373543 0.842371
v 0.573333 -0.375810 0.939083
v 0.510000 -0.375805 0.958647
v 0.380984 -0.375037 0.936289
v 0.292558 -0.371212 0.650034
v 0.627522 -0.375553 0.900907
v 0.667262 -0.375060 0.847856
v 0.631889 -0.371922 0.601335
v 0.332298 -0.370718 0.596983
v 0.386487 -0.370461 0.558806
v 0.688662 -0.374378 0.785122
v 0.689628 -0.373575 0.718847
v 0.670066 -0.372728 0.655519
v 0.443721 -0.375538 0.957685
v 0.449821 -0.370466 0.539242
v 0.451820 -0.386354 0.553390
v 0.446138 -0.391079 0.943166
v 0.656977 -0.388461 0.661701
v 0.675199 -0.389249 0.720691
v 0.674299 -0.389998 0.782426
v 0.392826 -0.386349 0.571614
v 0.342349 -0.386589 0.607175
v 0.621416 -0.387709 0.611230
v 0.654365 -0.390633 0.840861
v 0.617348 -0.391092 0.890278
v 0.305332 -0.387048 0.656592
v 0.387700 -0.390611 0.923236
v 0.507877 -0.391327 0.944063
v 0.566872 -0.391331 0.925839
v 0.302720 -0.389220 0.835752
v 0.338281 -0.389971 0.886224
v 0.513559 -0.386602 0.554287
v 0.571998 -0.387069 0.574217
v 0.285398 -0.387683 0.715028
v 0.284498 -0.388432 0.776762
v 0.286094 -0.386037 0.776553
v 0.286987 -0.385294 0.715320
v 0.571258 -0.384685 0.575654
v 0.513294 -0.384222 0.555886
v 0.339440 -0.387563 0.885125
v 0.304168 -0.386818 0.835064
v 0.566173 -0.388913 0.924419
v 0.507658 -0.388908 0.942494
v 0.388457 -0.388199 0.921836
v 0.306759 -0.384664 0.657359
v 0.616240 -0.388675 0.889147
v 0.652956 -0.388220 0.840131
v 0.620274 -0.385320 0.612366
v 0.343475 -0.384209 0.608344
v 0.393541 -0.383971 0.573072
v 0.672728 -0.387590 0.782170
v 0.673621 -0.386848 0.720938
v 0.655546 -0.386066 0.662427
v 0.446421 -0.388662 0.941605
v 0.452057 -0.383976 0.554996
v 0.375762 -0.394743 0.537002
v 0.446306 -0.394749 0.515210
v 0.712339 -0.399106 0.789083
v 0.713415 -0.398211 0.715263
v 0.310540 -0.399074 0.913201
v 0.369633 -0.399840 0.957458
v 0.583881 -0.400700 0.960571
v 0.513337 -0.400695 0.982363
v 0.247304 -0.396338 0.708491
v 0.271141 -0.395579 0.638615
v 0.644239 -0.400414 0.918049
v 0.688502 -0.399865 0.858958
v 0.315405 -0.395029 0.579524
v 0.520131 -0.395045 0.516283
v 0.246228 -0.397233 0.782310
v 0.649103 -0.396369 0.584373
v 0.590010 -0.395604 0.540115
v 0.439512 -0.400398 0.981290
v 0.268018 -0.398176 0.852849
v 0.691625 -0.397268 0.644725
v 0.372455 -0.403461 0.529674
v 0.445201 -0.403466 0.507202
v 0.719538 -0.407959 0.789624
v 0.720648 -0.407036 0.713500
v 0.305197 -0.407926 0.917616
v 0.366134 -0.408716 0.963256
v 0.587070 -0.409604 0.966466
v 0.514324 -0.409598 0.988938
v 0.239987 -0.405106 0.706516
v 0.264567 -0.404322 0.634459
v 0.649312 -0.409309 0.922616
v 0.694957 -0.408742 0.861681
v 0.310213 -0.403756 0.573524
v 0.521330 -0.403772 0.508308
v 0.238877 -0.406028 0.782640
v 0.654328 -0.405138 0.578524
v 0.593390 -0.404348 0.532884
v 0.438194 -0.409292 0.987832
v 0.261347 -0.407000 0.855381
v 0.698178 -0.406064 0.640760
v 0.372409 -0.415906 0.529577
v 0.445155 -0.415912 0.507105
v 0.719492 -0.420405 0.789527
v 0.720602 -0.419482 0.713402
v 0.305151 -0.420372 0.917519
v 0.366089 -0.421162 0.963159
v 0.587024 -0.422049 0.966369
v 0.514278 -0.422044 0.988840
v 0.239941 -0.417551 0.706419
v 0.264522 -0.416768 0.634362
v 0.649266 -0.421754 0.922519
v 0.694912 -0.421188 0.861583
v 0.310167 -0.416201 0.573427
v 0.521285 -0.416218 0.508211
v 0.238831 -0.418474 0.782543
v 0.654282 -0.417583 0.578426
v 0.593345 -0.416794 0.532787
v 0.438149 -0.421738 0.987734
v 0.261301 -0.419446 0.855283
v 0.698132 -0.418510 0.640662
v 0.382839 -0.433319 0.550798
v 0.448472 -0.433324 0.530524
v 0.695984 -0.437378 0.785330
v 0.696985 -0.436545 0.716649
v 0.322158 -0.437348 0.900807
v 0.377137 -0.438061 0.941983
v 0.576469 -0.438861 0.944880
v 0.510836 -0.438856 0.965154
v 0.263324 -0.434803 0.710348
v 0.285501 -0.434096 0.645337
v 0.632625 -0.438595 0.905317
v 0.673807 -0.438084 0.850340
v 0.326684 -0.433585 0.590360
v 0.517157 -0.433600 0.531522
v 0.262323 -0.435636 0.779029
v 0.637150 -0.434832 0.594871
v 0.582171 -0.434120 0.553694
v 0.442151 -0.438580 0.964156
v 0.282596 -0.436513 0.844656
v 0.676712 -0.435668 0.651021
v 0.386825 -0.446593 0.558905
v 0.449723 -0.446598 0.539475
v 0.686923 -0.450483 0.783665
v 0.687882 -0.449685 0.717845
v 0.328672 -0.450454 0.894331
v 0.381360 -0.451137 0.933792
v 0.572387 -0.451905 0.936567
v 0.509489 -0.451900 0.955997
v 0.272289 -0.448015 0.711807
v 0.293542 -0.447338 0.649505
v 0.626203 -0.451650 0.898653
v 0.665670 -0.451160 0.845967
v 0.333009 -0.446848 0.596819
v 0.515547 -0.446862 0.540431
v 0.271330 -0.448813 0.777626
v 0.630540 -0.448043 0.601141
v 0.577852 -0.447360 0.561680
v 0.443665 -0.451635 0.955041
v 0.290758 -0.449653 0.840520
v 0.668454 -0.448844 0.654952
v 0.386798 -0.454065 0.558846
v 0.386808 -0.451307 0.558868
v 0.449706 -0.451312 0.539438
v 0.449696 -0.454070 0.539416
v 0.686905 -0.455197 0.783628
v 0.686895 -0.457955 0.783606
v 0.687855 -0.457157 0.717787
v 0.687865 -0.454399 0.717809
v 0.328654 -0.455168 0.894294
v 0.328644 -0.457926 0.894272
v 0.381333 -0.458609 0.933733
v 0.381343 -0.455851 0.933755
v 0.572360 -0.459377 0.936509
v 0.572370 -0.456619 0.936530
v 0.509471 -0.456614 0.955960
v 0.509461 -0.459372 0.955939
v 0.272262 -0.455487 0.711749
v 0.272272 -0.452729 0.711770
v 0.293525 -0.452052 0.649468
v 0.293515 -0.454810 0.649447
v 0.626186 -0.456364 0.898617
v 0.626176 -0.459122 0.898595
v 0.665642 -0.458632 0.845908
v 0.665652 -0.455874 0.845930
v 0.332991 -0.451562 0.596782
v 0.332981 -0.454320 0.596760
v 0.515529 -0.451577 0.540394
v 0.515519 -0.454335 0.540373
v 0.271302 -0.456285 0.777568
v 0.271312 -0.453527 0.777589
v 0.630523 -0.452757 0.601104
v 0.630513 -0.455515 0.601083
v 0.577825 -0.454832 0.561622
v 0.577835 -0.452074 0.561643
v 0.443638 -0.459107 0.954982
v 0.443648 -0.456349 0.955004
v 0.290740 -0.454367 0.840483
v 0.290730 -0.457126 0.840461
v 0.668427 -0.456316 0.654894
v 0.668437 -0.453558 0.654915
v 0.388778 -0.452743 0.562878
v 0.450337 -0.452747 0.543862
v 0.682485 -0.456549 0.782852
v 0.683424 -0.455769 0.718434
v 0.331864 -0.456521 0.891161
v 0.383430 -0.457190 0.929782
v 0.570389 -0.457941 0.932498
v 0.508830 -0.457936 0.951514
v 0.276682 -0.454135 0.712525
v 0.297482 -0.453472 0.651549
v 0.623059 -0.457692 0.895392
v 0.661685 -0.457212 0.843827
v 0.336108 -0.452992 0.599985
v 0.514759 -0.453006 0.544798
v 0.275743 -0.454915 0.776942
v 0.627304 -0.454162 0.604216
v 0.575738 -0.453494 0.565595
v 0.444408 -0.457677 0.950578
v 0.294757 -0.455738 0.838496
v 0.664410 -0.454946 0.656881
v 0.386745 -0.468554 0.558733
v 0.449643 -0.468558 0.539303
v 0.686842 -0.472443 0.783493
v 0.687802 -0.471645 0.717674
v 0.328591 -0.472415 0.894159
v 0.381280 -0.473098 0.933620
v 0.572307 -0.473865 0.936396
v 0.509408 -0.473860 0.955825
v 0.272209 -0.469976 0.711636
v 0.293462 -0.469299 0.649333
v 0.626123 -0.473610 0.898482
v 0.665589 -0.473120 0.845795
v 0.332928 -0.468809 0.596647
v 0.515466 -0.468823 0.540260
v 0.271249 -0.470774 0.777455
v 0.630460 -0.470004 0.600970
v 0.577772 -0.469321 0.561508
v 0.443585 -0.473596 0.954869
v 0.290677 -0.471614 0.840348
v 0.668374 -0.470805 0.654781
v 0.523769 -0.168417 0.611428
v 0.575392 -0.166447 0.680168
v 0.393609 -0.165503 0.659936
v 0.567822 -0.173456 0.805550
v 0.389442 -0.172463 0.780286
v 0.485894 -0.169618 0.603484
v 0.550793 -0.172694 0.847472
v 0.419170 -0.171131 0.866415
v 0.448705 -0.171858 0.881278
v 0.574963 -0.173654 0.770713
v 0.532655 -0.171755 0.881893
v 0.386901 -0.172609 0.744170
v 0.416173 -0.161601 0.611829
v 0.446280 -0.168029 0.604037
v 0.403305 -0.171863 0.825803
v 0.389886 -0.172793 0.709506
v 0.576579 -0.173814 0.734422
v 0.555807 -0.162312 0.626212
v 0.542416 -0.163085 0.902927
v 0.556843 -0.146199 0.561118
v 0.600747 -0.165520 0.861415
v 0.431902 -0.162717 0.907558
v 0.389045 -0.145640 0.568148
v 0.370288 -0.164752 0.871071
vn 0.3510 0.5853 0.7309
vn 0.4984 0.6978 0.5145
vn 0.7032 0.4786 0.5257
vn 0.4843 0.4489 0.7509
vn 0.6834 -0.4870 0.5439
vn 0.7407 0.2556 0.6213
vn 0.0405 0.3416 0.9390
vn 0.0309 -0.6170 0.7864
vn -0.8799 -0.3463 -0.3253
vn -0.8457 0.5197 -0.1214
vn -0.8903 0.2854 -0.3548
vn -0.7841 -0.4343 -0.4434
vn 0.9300 0.1080 -0.3513
vn 0.6468 -0.0959 -0.7566
vn 0.6738 0.1086 -0.7309
vn 0.9385 0.1947 -0.2852
vn 0.8594 0.2796 -0.4282
vn 0.4914 -0.2356 -0.8385
vn -0.5614 -0.2321 -0.7944
vn -0.5600 -0.1175 -0.8201
vn -0.5690 -0.5174 -0.6391
vn -0.9384 -0.3376 -0.0741
vn -0.7631 0.6463 0.0031
vn 0.6210 0.4460 -0.6446
vn 0.8663 0.4433 -0.2301
vn 0.5320 0.7090 -0.4629
vn 0.5743 0.7850 -0.2323
vn 0.6370 0.7292 -0.2500
vn 0.9105 0.4121 -0.0348
vn 0.9768 0.2099 0.0416
vn 0.9563 0.2902 -0.0354
vn 0.8360 0.5141 -0.1919
vn 0.7182 0.4747 -0.5088
vn 0.9448 0.3275 -0.0058
vn 0.9542 -0.1158 -0.2758
vn 0.9278 -0.2228 -0.2994
vn 0.9623 -0.1788 -0.2052
vn 0.9355 -0.2060 -0.2869
vn 0.9489 -0.2042 -0.2408
vn 0.9606 -0.1299 -0.2459
vn 0.7322 -0.1025 -0.6734
vn 0.7403 -0.1060 -0.6639
vn 0.9212 0.0473 0.3862
vn 0.7988 0.1969 0.5685
vn 0.8536 0.2567 0.4534
vn 0.9535 0.0359 0.2992
vn 0.9674 -0.1137 0.2265
vn 0.9378 0.0547 0.3429
vn 0.9259 0.1319 0.3540
vn 0.9140 0.4014 0.0583
vn 0.7649 0.6412 -0.0609
vn -0.8460 -0.3540 0.3987
vn -0.9087 -0.3528 0.2233
vn -0.7758 -0.2372 -0.5847
vn -0.9605 0.0275 0.2768
vn -0.0386 0.9421 0.3331
vn -0.6303 -0.2774 0.7251
vn -0.7759 -0.3195 0.5440
vn 0.9632 0.0970 0.2508
vn 0.9909 0.0274 0.1318
vn 0.8329 -0.1406 0.5353
vn 0.7690 -0.0722 0.6352
vn 0.9416 0.1358 0.3082
vn 0.7003 0.0813 0.7092
vn 0.6755 0.6180 0.4023
vn 0.9036 0.3301 0.2731
vn 0.8732 0.2204 0.4347
vn 0.9723 0.2329 0.0184
vn 0.9427 0.2441 -0.2275
vn 0.9809 0.1864 -0.0548
vn 0.9822 0.1871 0.0169
vn -0.6353 0.6224 0.4572
vn -0.6617 0.6726 0.3313
vn 0.8064 0.2545 0.5338
vn 0.8354 0.1486 0.5292
vn 0.8363 0.0314 0.5474
vn 0.8623 -0.0947 0.4975
vn 0.9000 -0.1299 0.4161
vn 0.9202 -0.0991 0.3786
vn 0.9135 -0.0491 0.4039
vn 0.8906 0.0187 0.4545
vn 0.8776 0.1036 0.4680
vn 0.8779 0.1805 0.4436
vn 0.8789 0.2443 0.4097
vn 0.8786 0.2981 0.3732
vn 0.8762 0.3545 0.3265
vn 0.8752 0.4133 0.2514
vn 0.8728 0.4629 0.1546
vn 0.8669 0.4969 0.0401
vn 0.8849 0.4522 0.1115
vn 0.9953 -0.0973 0.0001
vn 0.9954 -0.0378 -0.0875
vn 0.9949 -0.0066 -0.1011
vn 0.7699 -0.6365 0.0463
vn 0.4755 -0.7867 0.3938
vn 0.8813 0.1746 -0.4390
vn 0.6253 0.1735 -0.7608
vn -0.5126 -0.0290 -0.8581
vn 0.8845 0.0374 -0.4650
vn -0.6536 0.4831 0.5826
vn -0.4490 0.7009 0.5542
vn 0.6916 0.6681 0.2746
vn 0.8856 0.4157 0.2070
vn -0.9850 0.0280 -0.1701
vn -0.9851 -0.0522 -0.1640
vn -0.8739 -0.2472 -0.4186
vn -0.5440 -0.0235 -0.8388
vn -0.9201 0.0435 -0.3893
vn 0.9829 -0.0624 -0.1734
vn 0.7897 -0.4638 0.4015
vn 0.8092 -0.4280 0.4025
vn 0.9901 -0.0961 -0.1028
vn -0.9051 -0.2333 -0.3556
vn -0.9042 -0.2326 -0.3582
vn -0.8996 -0.2362 0.3673
vn -0.9331 -0.1093 0.3427
vn -0.9972 -0.0400 -0.0633
vn -0.9785 -0.0630 -0.1962
vn -0.5656 -0.6165 0.5477
vn -0.5204 -0.6825 0.5132
vn -0.2490 -0.6878 0.6818
vn 0.1614 -0.7401 0.6528
vn 0.0478 -0.5129 0.8571
vn -0.6843 -0.5663 0.4594
vn -0.7641 -0.5067 0.3992
vn -0.7564 -0.4587 0.4662
vn -0.6066 -0.5733 0.5508
vn -0.7741 0.4699 0.4242
vn -0.9426 0.2933 0.1598
vn -0.7199 0.6304 0.2905
vn -0.7171 0.6832 0.1380
vn -0.4338 0.8175 0.3788
vn 0.6359 0.5551 0.5362
vn 0.7381 0.4209 0.5273
vn 0.9627 0.2562 0.0873
vn 0.9323 0.3203 0.1682
vn 0.3428 0.8437 0.4131
vn 0.7352 0.6710 0.0960
vn 0.8698 0.4324 0.2376
vn 0.8999 0.4098 0.1488
vn 0.6733 0.6742 -0.3035
vn 0.9651 0.1655 -0.2029
vn 0.9767 0.2041 -0.0670
vn -0.8727 -0.0029 0.4882
vn -0.8418 0.0360 0.5386
vn -0.8112 -0.1708 0.5593
vn -0.8190 -0.1858 0.5429
vn 0.7815 -0.6137 -0.1125
vn 0.7138 -0.6947 0.0886
vn 0.7373 -0.6284 0.2481
vn 0.9711 -0.2220 0.0880
vn 0.9705 -0.2353 0.0526
vn 0.9846 -0.1744 0.0121
vn 0.6960 -0.5872 -0.4133
vn 0.6973 -0.4266 -0.5761
vn 0.7665 -0.2563 -0.5889
vn 0.7483 -0.5603 -0.3551
vn 0.9888 0.0601 -0.1368
vn 0.9907 0.0849 -0.1067
vn 0.8865 0.3339 0.3205
vn 0.9118 0.3198 0.2577
vn 0.9705 0.1519 0.1874
vn 0.9360 0.2549 0.2429
vn 0.9267 0.2723 0.2591
vn 0.9401 0.1624 0.2999
vn 0.9842 0.1144 0.1348
vn 0.9438 0.3093 0.1168
vn -0.9992 -0.0387 -0.0036
vn -0.7448 0.5338 0.4003
vn -0.7624 0.5477 0.3445
vn -0.7555 0.6148 0.2265
vn -0.7701 0.6308 0.0945
vn -0.7788 0.6250 0.0533
vn -0.7971 0.5994 -0.0731
vn -0.9920 -0.0946 -0.0833
vn 0.6624 -0.7345 -0.1473
vn 0.6592 -0.7391 0.1388
vn 0.9303 -0.2312 0.2847
vn 0.9458 -0.2820 0.1611
vn 0.8199 -0.2633 0.5083
vn 0.8053 -0.2562 0.5347
vn 0.0401 -0.2242 0.9737
vn 0.0418 -0.0158 0.9990
vn -0.7343 -0.0219 0.6785
vn -0.7415 -0.1719 0.6485
vn 0.7864 0.4167 0.4559
vn 0.3817 0.5648 0.7316
vn 0.4465 0.1878 0.8749
vn 0.9146 -0.1662 0.3686
vn 0.5356 -0.0393 0.8436
vn 0.8160 -0.5317 0.2266
vn -0.8718 0.1530 0.4654
vn -0.8539 0.2038 0.4788
vn -0.6898 -0.5404 0.4818
vn -0.4947 -0.6488 0.5782
vn -0.5332 -0.6834 0.4986
vn -0.5934 -0.7090 0.3810
vn -0.7181 -0.6235 0.3091
vn 0.7478 0.5593 0.3577
vn 0.7458 0.6255 0.2291
vn 0.7512 -0.4740 0.4594
vn 0.6521 -0.5415 0.5306
vn 0.6934 -0.4792 0.5381
vn 0.7258 -0.4434 0.5260
vn 0.9420 -0.3235 0.0893
vn 0.9813 -0.1851 0.0531
vn 0.8798 -0.3964 0.2623
vn 0.8525 -0.4482 0.2691
vn 0.9951 -0.0770 0.0616
vn 0.9328 -0.2725 0.2361
vn -0.7124 0.6815 0.1674
vn -0.7509 0.6498 -0.1179
vn -0.7750 0.6319 0.0089
vn -0.9849 0.1387 0.1031
vn -0.9955 0.0915 -0.0235
vn -0.9128 0.3264 0.2455
vn -0.0775 0.9354 -0.3449
vn -0.5469 0.6746 -0.4958
vn -0.8941 -0.4290 -0.1284
vn -0.9074 -0.4061 -0.1080
vn -0.6584 -0.5203 0.5439
vn -0.7829 -0.3204 0.5333
vn -0.9631 -0.2407 0.1204
vn -0.9331 -0.3592 -0.0152
vn 0.8156 -0.5773 0.0396
vn 0.7838 -0.5502 0.2879
vn 0.9142 -0.3475 0.2086
vn 0.8916 -0.4523 -0.0211
vn -0.8710 0.4537 0.1886
vn -0.8509 0.4971 0.1699
vn -0.9599 0.2057 0.1903
vn -0.9106 0.2611 0.3203
vn -0.8999 0.2784 0.3357
vn -0.9075 0.3103 0.2833
vn -0.8953 0.4121 0.1692
vn 0.6851 0.2863 -0.6699
vn -0.0217 -0.0206 -0.9996
vn -0.7205 0.2872 -0.6312
vn -0.6119 -0.4704 -0.6358
vn 0.5609 -0.4701 -0.6815
vn 0.9636 0.2354 0.1264
vn 0.9950 0.0776 0.0629
vn 0.9951 0.0561 0.0819
vn 0.9895 0.0824 0.1191
vn -0.6886 0.4257 0.5870
vn -0.9503 0.2626 0.1675
vn -0.9022 0.3561 0.2435
vn -0.8803 0.3076 0.3611
vn -0.6675 0.3370 0.6640
vn 0.8914 0.1018 -0.4416
vn 0.9295 0.0580 -0.3642
vn 0.9450 -0.0219 -0.3263
vn 0.6183 0.0804 -0.7819
vn 0.6376 0.1715 -0.7510
vn 0.8680 0.2856 -0.4061
vn 0.9033 0.1622 -0.3971
vn 0.9849 0.0639 -0.1610
vn 0.9039 -0.0289 -0.4268
vn 0.9647 0.1785 0.1937
vn 0.9921 0.1239 0.0197
vn 0.9796 0.0899 -0.1797
vn 0.9702 0.0907 -0.2246
vn 0.9741 0.1518 -0.1676
vn 0.9741 0.0883 -0.2082
vn 0.9533 -0.0668 -0.2944
vn 0.9527 -0.1728 -0.2500
vn 0.8903 0.1005 -0.4441
vn 0.8987 -0.1259 -0.4200
vn 0.8997 -0.2054 -0.3851
vn 0.9701 0.0199 -0.2418
vn 0.9275 0.0045 -0.3737
vn 0.9380 0.2194 -0.2683
vn 0.6156 -0.1605 -0.7715
vn 0.3101 -0.4327 -0.8465
vn 0.8327 -0.0456 -0.5518
vn 0.6531 0.5504 -0.5201
vn 0.2394 0.2467 -0.9391
vn 0.2343 0.7066 -0.6677
vn 0.2522 0.9217 -0.2946
vn 0.8613 -0.3170 -0.3970
vn 0.9134 -0.1061 -0.3930
vn 0.9620 -0.0291 -0.2716
vn 0.8790 -0.4307 -0.2047
vn 0.9300 0.3042 0.2063
vn 0.9603 0.2271 0.1623
vn 0.9865 -0.1409 -0.0830
vn 0.8961 -0.4436 0.0144
vn 0.8993 -0.4319 -0.0683
vn 0.9664 -0.1432 -0.2133
vn 0.7850 0.6030 -0.1423
vn 0.7409 0.5760 -0.3453
vn 0.7909 0.2496 -0.5587
vn 0.9691 -0.1220 -0.2145
vn 0.9729 -0.0985 -0.2090
vn 0.8230 0.5236 -0.2204
vn 0.5890 0.2614 -0.7647
vn 0.2905 0.1653 -0.9425
vn 0.2912 0.2810 -0.9145
vn 0.3746 0.3427 -0.8615
vn 0.2233 0.2509 -0.9419
vn 0.7085 0.2278 -0.6679
vn 0.1876 0.1770 -0.9662
vn 0.1821 0.1058 -0.9776
vn 0.7368 0.0785 -0.6715
vn 0.2327 0.0225 -0.9723
vn 0.7968 0.3422 -0.4980
vn 0.3225 -0.0447 -0.9455
vn 0.9878 0.0702 -0.1393
vn 0.8699 0.4604 0.1768
vn 0.0402 -0.2118 0.9765
vn -0.7383 -0.1623 0.6547
vn 0.9989 0.0322 -0.0332
vn 0.9877 0.1559 -0.0133
vn 0.7620 0.3647 -0.5351
vn 0.7621 0.0422 -0.6461
vn -0.6809 0.0847 -0.7274
vn -0.9691 -0.0155 -0.2461
vn -0.9563 0.0643 -0.2852
vn -0.9246 0.1079 -0.3655
vn -0.6971 0.1760 -0.6951
vn -0.9742 0.1979 -0.1086
vn -0.9598 0.2703 -0.0762
vn -0.9583 0.2635 -0.1106
vn -0.6585 0.7121 -0.2434
vn -0.6800 0.2544 -0.6876
vn -0.8464 -0.2455 -0.4726
vn 0.9877 0.1033 -0.1175
vn 0.6846 0.6708 -0.2852
vn 0.8810 0.3650 -0.3009
vn 0.9940 -0.0240 -0.1068
vn 0.6193 0.7692 0.1577
vn 0.8205 -0.5440 0.1755
vn 0.8396 -0.5337 0.1008
vn 0.3736 -0.9236 0.0865
vn 0.4293 -0.8903 0.1516
vn 0.8243 -0.5574 0.0989
vn 0.9438 -0.2062 -0.2584
vn 0.4003 0.9155 -0.0391
vn 0.3593 0.8913 -0.2765
vn 0.3748 0.4986 -0.7816
vn 0.3801 0.1852 -0.9062
vn 0.7357 0.0285 -0.6767
vn 0.9355 -0.1463 -0.3215
vn -0.8192 -0.0687 0.5694
vn -0.7833 -0.0002 0.6217
vn -0.7627 0.1097 0.6374
vn -0.9873 0.0085 0.1586
vn -0.9762 0.0340 0.2142
vn -0.7861 -0.1352 0.6031
vn -0.8291 -0.1148 0.5472
vn 0.9190 0.0046 -0.3943
vn 0.6945 0.0578 -0.7172
vn 0.7514 -0.0567 -0.6574
vn 0.9378 0.0995 -0.3326
vn 0.4130 -0.1695 -0.8948
vn 0.3249 -0.4948 -0.8060
vn 0.8022 -0.2510 -0.5417
vn 0.9630 0.1914 -0.1897
vn -0.5412 0.3374 -0.7702
vn -0.9007 0.3709 -0.2263
vn -0.7588 -0.2156 -0.6146
vn -0.3944 -0.4924 -0.7759
vn 0.4771 0.3340 -0.8129
vn 0.0057 0.9704 -0.2413
vn 0.6405 0.7078 -0.2978
vn 0.6218 0.2501 -0.7422
vn 0.0971 0.9924 -0.0756
vn 0.7162 0.6702 -0.1948
vn 0.9474 0.2572 -0.1905
vn 0.9659 0.1433 -0.2155
vn 0.6254 0.4946 0.6035
vn 0.6370 0.6799 0.3633
vn 0.7808 0.6247 -0.0126
vn 0.9295 0.2778 0.2425
vn 0.5355 -0.5074 -0.6752
vn 0.7187 -0.0334 -0.6945
vn 0.4996 0.0232 -0.8660
vn 0.5377 -0.5465 -0.6420
vn -0.3154 0.2486 -0.9158
vn -0.0416 0.0637 -0.9971
vn -0.0402 -0.3633 -0.9308
vn -0.1713 -0.4103 -0.8957
vn -0.3827 -0.4304 -0.8175
vn 0.7750 0.1417 0.6159
vn 0.9590 0.1630 0.2319
vn -0.9747 -0.1093 -0.1950
vn -0.9877 -0.0919 -0.1269
vn -0.9844 -0.1155 -0.1326
vn -0.8332 0.2551 -0.4906
vn -0.7634 0.5810 -0.2823
vn -0.7901 0.6082 -0.0763
vn -0.8350 0.5292 -0.1509
vn -0.7939 -0.1009 -0.5996
vn 0.7713 -0.0492 0.6346
vn 0.9333 -0.1196 0.3387
vn 0.5397 -0.4764 0.6941
vn 0.6636 -0.2918 0.6888
vn 0.9223 -0.2166 0.3201
vn 0.8277 -0.5410 0.1490
vn 0.5756 -0.7996 -0.1710
vn 0.6196 -0.7791 -0.0950
vn 0.9697 -0.2382 -0.0545
vn 0.5182 -0.8552 0.0114
vn 0.6446 -0.6396 0.4187
vn 0.6848 -0.5848 0.4348
vn 0.7084 0.3584 -0.6081
vn 0.6263 0.7513 -0.2082
vn 0.6587 0.7414 -0.1286
vn 0.5861 0.5122 -0.6278
vn 0.7806 -0.0794 -0.6199
vn 0.9334 -0.1652 -0.3185
vn 0.5697 -0.6676 -0.4794
vn 0.5307 -0.5061 -0.6799
vn 0.6260 -0.1460 -0.7660
vn 0.7033 -0.2205 -0.6758
vn 0.7049 -0.7001 0.1137
vn 0.9968 -0.0801 -0.0058
vn 0.7575 0.1085 -0.6438
vn 0.6830 0.2380 -0.6905
vn 0.5699 0.6274 -0.5307
vn 0.9358 0.0639 -0.3468
vn 0.9924 0.1229 0.0002
vn -0.8303 -0.0741 -0.5524
vn -0.9579 -0.1589 -0.2392
vn -0.9610 0.0702 -0.2673
vn -0.8079 0.1138 -0.5782
vn -0.8441 0.0012 -0.5361
vn 0.6010 0.7262 -0.3340
vn 0.9647 0.0915 -0.2470
vn 0.2750 0.2323 -0.9330
vn 0.7436 0.5417 -0.3919
vn 0.6624 0.4669 -0.5858
vn 0.6992 0.5896 0.4044
vn 0.7084 -0.0390 0.7048
vn 0.7276 -0.0719 0.6822
vn 0.7219 0.5150 0.4623
vn 0.7694 0.2968 -0.5656
vn 0.7221 0.4544 -0.5216
vn -0.9955 0.0768 -0.0562
vn -0.9789 -0.0480 -0.1985
vn -0.7899 0.0836 -0.6075
vn -0.6090 -0.5373 0.5834
vn -0.6491 -0.4747 0.5944
vn -0.5997 -0.5338 0.5962
vn -0.6154 -0.5422 0.5721
vn 0.5223 -0.8406 -0.1439
vn 0.7239 -0.6423 -0.2519
vn 0.7132 -0.5989 -0.3643
vn -0.9724 -0.2317 0.0268
vn -0.7543 0.3633 -0.5468
vn -0.6365 0.7555 -0.1553
vn -0.6590 0.5941 0.4613
vn -0.6472 -0.0345 0.7616
vn -0.6116 -0.6355 0.4713
vn -0.5932 -0.7957 -0.1220
vn -0.5934 -0.5036 -0.6279
vn -0.7745 -0.0284 -0.6319
vn -0.9943 -0.0734 0.0776
vn -0.9881 0.1295 0.0832
vn -0.9813 0.0980 -0.1655
vn 0.9664 0.1081 -0.2333
vn 0.6670 0.2976 -0.6830
vn 0.1401 0.5486 -0.8242
vn 0.9109 0.3125 -0.2694
vn 0.9569 0.2539 -0.1410
vn -0.6220 0.3622 -0.6942
vn -0.0304 0.5158 -0.8562
vn 0.5652 0.3604 -0.7420
vn 0.9251 -0.2559 0.2806
vn 0.9397 -0.2114 0.2688
vn -0.3111 -0.5587 0.7688
vn 0.8021 0.3412 0.4901
vn 0.9927 0.0714 0.0972
vn 0.9791 0.1726 0.1079
vn 0.7696 0.4560 0.4471
vn 0.8533 0.4451 0.2718
vn 0.8938 0.4251 0.1431
vn 0.6637 0.4375 0.6068
vn 0.9412 0.3272 -0.0844
vn 0.4534 0.8911 -0.0172
vn 0.9191 0.3628 -0.1535
vn 0.9666 0.2528 0.0425
vn 0.9097 0.1241 -0.3963
vn 0.9589 0.0226 -0.2830
vn 0.9264 0.1251 -0.3552
vn 0.9201 -0.1350 -0.3677
vn -0.9833 -0.1821 0.0059
vn -0.9960 -0.0869 -0.0205
vn -0.9487 0.0108 -0.3160
vn -0.9601 -0.1400 -0.2421
vn 0.8256 0.5611 0.0600
vn 0.7938 0.5695 -0.2133
vn 0.7770 0.6284 -0.0379
vn 0.7657 0.6372 0.0878
vn 0.8818 -0.3319 0.3350
vn 0.8419 -0.3404 0.4188
vn 0.8388 -0.3625 0.4063
vn 0.9015 -0.3193 0.2921
vn 0.8998 -0.2657 0.3461
vn 0.9220 -0.2775 -0.2701
vn 0.8865 -0.3268 -0.3276
vn 0.8136 -0.5803 -0.0357
vn 0.9147 -0.3617 0.1803
vn 0.9583 -0.0695 -0.2773
vn 0.9716 -0.0411 -0.2329
vn 0.9992 -0.0387 -0.0106
vn 0.9998 -0.0081 -0.0170
vn 0.9881 -0.0466 -0.1465
vn 0.6283 -0.4988 -0.5970
vn 0.8706 -0.2392 -0.4299
vn 0.8695 -0.2385 -0.4326
vn 0.5899 -0.2912 -0.7531
vn 0.5521 0.0040 -0.8338
vn 0.8098 -0.1756 -0.5598
vn 0.8514 0.0354 -0.5233
vn 0.6736 0.3266 -0.6630
vn 0.7592 0.6158 -0.2106
vn 0.9139 0.1925 -0.3572
vn 0.9495 -0.0494 -0.3099
vn 0.7752 0.5898 0.2261
vn 0.9671 -0.1071 -0.2307
vn 0.8151 0.4065 0.4128
vn 0.9682 0.1479 0.2017
vn 0.9962 -0.0576 0.0656
vn 0.9967 -0.0698 -0.0414
vn 0.9623 0.2637 0.0666
vn 0.9221 -0.3585 -0.1453
vn 0.8059 -0.5453 -0.2305
vn 0.7024 -0.5277 -0.4777
vn 0.7136 -0.3190 -0.6237
vn 0.9320 -0.3530 -0.0825
vn 0.9722 -0.1949 -0.1295
vn 0.7713 -0.0670 -0.6329
vn 0.8611 0.1601 -0.4826
vn 0.9290 0.3063 -0.2079
vn 0.7070 -0.6229 -0.3349
vn 0.8496 -0.3478 -0.3965
vn 0.9397 0.0434 0.3393
vn 0.9540 -0.0848 -0.2876
vn 0.7659 -0.4941 -0.4114
vn 0.7867 -0.5394 -0.3001
vn 0.3350 -0.8415 -0.4240
vn 0.3163 -0.4895 -0.8126
vn 0.4076 -0.0689 -0.9106
vn 0.8111 -0.0830 -0.5790
vn 0.8331 -0.0308 -0.5522
vn 0.4067 -0.0436 -0.9125
vn 0.7975 -0.5158 0.3131
vn 0.9383 -0.2701 -0.2160
vn 0.9023 -0.2753 0.3317
vn 0.9577 -0.1156 0.2635
vn 0.9670 -0.0132 0.2545
vn 0.8621 -0.1450 0.4856
vn 0.7044 -0.2025 0.6803
vn 0.9291 -0.2566 -0.2662
vn 0.3538 -0.1088 -0.9290
vn -0.0419 -0.1425 -0.9889
vn -0.0419 -0.0198 -0.9989
vn 0.5570 -0.2396 -0.7952
vn 0.6442 -0.1648 -0.7469
vn 0.8672 0.0228 -0.4975
vn 0.7306 -0.0620 -0.6799
vn 0.7428 -0.0969 -0.6625
vn 0.6862 -0.2099 -0.6965
vn 0.6161 -0.3077 -0.7250
vn 0.5604 0.3091 -0.7684
vn 0.6900 0.6725 -0.2678
vn 0.9253 -0.0453 -0.3764
vn 0.4165 -0.1502 -0.8967
vn 0.3359 -0.0870 -0.9379
vn 0.7646 -0.0037 -0.6445
vn 0.8731 -0.0314 -0.4864
vn 0.6471 0.0870 -0.7574
vn -0.7706 0.6233 -0.1326
vn -0.7749 0.6299 0.0526
vn -0.9041 0.2839 0.3193
vn -0.9996 -0.0173 -0.0233
vn -0.9790 0.0291 -0.2018
vn -0.9520 0.1314 -0.2765
vn -0.9032 0.0684 -0.4238
vn -0.8120 0.3020 -0.4994
vn -0.7601 0.4594 -0.4595
vn -0.6684 -0.0672 0.7407
vn -0.6772 0.5197 0.5209
vn -0.6622 0.7458 -0.0732
vn -0.6331 0.5162 -0.5768
vn -0.5701 0.0267 -0.8211
vn -0.6499 -0.5804 0.4907
vn -0.5932 -0.5428 -0.5946
vn -0.6306 -0.7749 -0.0427
vn 0.3834 0.0350 -0.9229
vn 0.5920 0.0435 -0.8048
vn 0.8650 0.0626 -0.4979
vn 0.7609 0.6182 -0.1968
vn 0.9851 0.1551 -0.0739
vn 0.8800 0.4738 -0.0332
vn 0.4959 0.8280 -0.2618
vn 0.7963 -0.0042 -0.6049
vn 0.8367 -0.0729 -0.5428
vn 0.8763 -0.0208 -0.4813
vn 0.7748 -0.2276 -0.5898
vn 0.7159 -0.1637 -0.6788
vn 0.8513 -0.2466 -0.4631
vn 0.9225 -0.2309 -0.3092
vn 0.8490 -0.1734 -0.4991
vn 0.9425 -0.3238 -0.0830
vn 0.8925 -0.4120 -0.1834
vn 0.9262 -0.3654 -0.0931
vn 0.6053 -0.6204 0.4987
vn 0.5570 -0.6861 0.4680
vn -0.7922 -0.6085 -0.0465
vn -0.9813 -0.1678 0.0945
vn -0.9642 -0.2288 0.1337
vn -0.9618 -0.2156 0.1690
vn -0.7085 -0.6900 0.1482
vn -0.9442 -0.1984 0.2631
vn -0.9880 -0.0346 -0.1508
vn -0.9833 -0.0395 -0.1774
vn -0.9786 -0.1234 -0.1647
vn -0.7866 -0.0974 -0.6097
vn -0.7966 -0.0533 -0.6022
vn -0.8572 -0.0774 -0.5091
vn -0.8766 -0.0251 -0.4806
vn -0.9129 -0.3208 -0.2522
vn -0.8821 -0.3420 -0.3240
vn 0.9643 0.1977 -0.1762
vn 0.9518 0.2639 -0.1563
vn 0.9637 -0.2598 -0.0617
vn -0.3712 -0.9211 0.1177
vn -0.8318 -0.5282 0.1709
vn -0.8066 -0.5386 0.2437
vn -0.8168 -0.5519 0.1677
vn -0.4210 -0.8875 0.1873
vn -0.7588 -0.3603 0.5425
vn -0.7702 -0.2492 0.5871
vn -0.7385 -0.1409 0.6594
vn -0.3099 -0.2787 0.9090
vn 0.7901 -0.1460 0.5953
vn 0.3829 -0.2810 0.8800
vn 0.3837 0.0189 0.9233
vn 0.7718 -0.0017 0.6358
vn -0.8706 0.4476 0.2041
vn -0.8624 0.4215 0.2802
vn 0.3390 0.6503 0.6799
vn -0.4997 -0.8423 0.2022
vn -0.7977 -0.5264 0.2943
vn -0.8817 -0.1602 0.4439
vn -0.2812 0.2073 -0.9370
vn -0.0408 0.1574 -0.9867
vn -0.0412 0.1149 -0.9925
vn -0.3672 0.1674 -0.9149
vn -0.3648 0.2831 -0.8870
vn -0.7896 0.0336 -0.6128
vn -0.7516 0.0626 -0.6566
vn -0.8042 -0.0515 -0.5922
vn -0.4875 -0.1665 -0.8571
vn -0.4590 0.0378 -0.8876
vn -0.4533 0.1880 -0.8713
vn 0.2394 0.8377 0.4909
vn 0.0844 0.8126 0.5766
vn -0.0882 0.8384 0.5379
vn -0.0918 0.8225 0.5613
vn 0.0830 0.8187 0.5681
vn 0.2484 0.8225 0.5116
vn 0.8997 -0.4358 0.0239
vn 0.9468 -0.3158 0.0623
vn 0.9381 -0.2784 0.2059
vn 0.9285 -0.2940 0.2268
vn 0.8275 -0.5009 0.2539
vn 0.8798 -0.4553 0.1364
vn 0.8276 0.5564 -0.0745
vn 0.9217 0.3500 0.1671
vn -0.9966 0.0507 0.0650
vn -0.9655 0.1790 0.1893
vn -0.8679 0.2390 0.4354
vn -0.9974 0.0030 0.0714
vn 0.3006 -0.6897 0.6588
vn 0.9583 0.2854 0.0149
vn 0.9628 0.2667 -0.0433
vn 0.9095 0.3017 0.2861
vn 0.8923 0.1980 0.4057
vn 0.8841 0.0303 0.4663
vn 0.9910 0.1322 0.0203
vn 0.9593 -0.1579 0.2342
vn 0.9399 -0.2994 0.1640
vn -0.8853 0.0534 0.4619
vn -0.8921 0.1380 0.4302
vn -0.9054 0.0608 0.4201
vn -0.9458 -0.1074 0.3066
vn -0.9249 0.0422 0.3779
vn -0.8109 0.2622 0.5231
vn -0.7471 0.2020 0.6333
vn -0.5588 -0.0414 -0.8283
vn -0.8507 0.0536 -0.5229
vn -0.7745 0.2355 -0.5871
vn -0.6336 0.1611 -0.7567
vn -0.1302 0.0736 -0.9888
vn -0.2503 -0.0826 -0.9646
vn 0.9200 -0.1496 0.3622
vn 0.9612 -0.1833 0.2060
vn -0.4421 0.0012 0.8970
vn -0.4503 0.3756 0.8100
vn 0.3807 0.3910 0.8380
vn -0.8633 -0.1373 0.4857
vn -0.8033 -0.1871 0.5654
vn -0.7594 -0.2509 0.6002
vn -0.9048 -0.2250 0.3616
vn -0.8875 -0.1436 0.4380
vn -0.7991 -0.4150 0.4349
vn -0.8529 -0.3261 0.4076
vn -0.8062 -0.3349 0.4878
vn -0.8042 -0.3570 0.4752
vn -0.7246 -0.5040 0.4700
vn -0.6822 -0.4387 0.5850
vn -0.7132 -0.4691 0.5208
vn 0.3542 -0.7128 0.6053
vn 0.4073 -0.9020 0.1430
vn 0.6254 -0.7228 0.2940
vn -0.9000 -0.0357 0.4345
vn -0.9386 -0.1333 0.3182
vn 0.9583 -0.2311 0.1679
vn 0.9610 -0.1396 0.2387
vn -0.3130 0.0243 -0.9494
vn -0.2625 0.1073 -0.9589
vn -0.2666 0.1785 -0.9471
vn -0.0411 0.1299 -0.9907
vn -0.0417 0.0408 -0.9983
vn 0.9549 -0.2601 0.1429
vn 0.9329 -0.0418 0.3577
vn -0.9236 -0.0704 0.3768
vn -0.9566 -0.0890 0.2773
vn -0.9968 -0.0320 0.0730
vn -0.9978 -0.0015 0.0667
vn -0.9424 -0.0068 0.3345
vn -0.8194 -0.1394 0.5561
vn -0.9388 0.1302 -0.3189
vn -0.9634 -0.1999 -0.1785
vn -0.8132 0.0475 -0.5801
vn -0.7604 0.2327 -0.6063
vn 0.9791 -0.1887 -0.0763
vn 0.9823 -0.1796 -0.0530
vn 0.9773 -0.1768 -0.1163
vn 0.8466 -0.1926 0.4962
vn 0.9514 -0.0766 0.2983
vn -0.8500 -0.0718 0.5219
vn -0.9418 -0.1769 0.2857
vn -0.7160 0.0032 0.6981
vn -0.8575 -0.1259 0.4989
vn 0.8654 0.4914 0.0980
vn 0.8740 0.4854 -0.0221
vn 0.8921 0.4387 -0.1079
vn 0.9557 0.2767 -0.1007
vn -0.8933 -0.4463 0.0537
vn -0.8132 -0.5718 0.1078
vn -0.9845 -0.1730 0.0294
vn -0.9848 -0.1703 -0.0340
vn -0.9866 -0.1489 0.0660
vn -0.9684 -0.1729 0.1798
vn -0.9359 -0.2031 0.2877
vn -0.9536 -0.2444 0.1760
vn -0.9582 -0.2601 0.1193
vn -0.9334 -0.3172 0.1679
vn -0.9746 -0.1785 0.1350
vn 0.8522 -0.4441 0.2766
vn 0.8299 -0.4204 0.3666
vn 0.9352 -0.2860 0.2090
vn 0.9576 -0.2878 -0.0140
vn 0.9584 -0.2702 0.0922
vn -0.8835 -0.3188 0.3431
vn -0.8290 -0.4385 0.3471
vn -0.8299 -0.4426 0.3396
vn -0.9054 -0.2970 0.3032
vn 0.9675 0.0215 -0.2519
vn 0.9753 0.1358 -0.1744
vn -0.9033 0.4075 0.1344
vn 0.9206 -0.3867 -0.0547
vn -0.6791 -0.1561 -0.7173
vn -0.3281 -0.3124 -0.8915
vn -0.0407 -0.3227 -0.9456
vn -0.3341 0.3475 -0.8762
vn -0.4431 0.3454 -0.8273
vn 0.8774 -0.4349 -0.2026
vn 0.8945 0.4451 -0.0430
vn 0.8675 0.4949 0.0505
vn 0.7883 0.5940 0.1604
vn 0.8165 0.5675 0.1058
vn 0.8534 0.5119 0.0982
vn 0.9090 0.4061 0.0936
vn 0.9945 -0.0746 0.0733
vn 0.9682 -0.2471 0.0395
vn 0.7764 0.5347 0.3337
vn 0.7807 0.4824 0.3974
vn 0.7919 0.4021 0.4595
vn 0.7855 0.3013 0.5405
vn 0.7913 0.1429 0.5945
vn 0.7883 -0.0270 0.6147
vn 0.7920 -0.1770 0.5843
vn 0.7894 -0.1673 0.5907
vn 0.7919 0.0109 0.6105
vn 0.7680 0.3020 0.5648
vn -0.7637 0.2729 0.5850
vn -0.7560 0.3464 0.5554
vn -0.9806 0.0780 0.1799
vn -0.7581 0.2113 0.6169
vn 0.8151 -0.3324 0.4745
vn 0.9968 -0.0712 -0.0358
vn -0.8975 -0.4298 0.0992
vn -0.8683 -0.4495 0.2096
vn -0.8066 -0.4954 0.3224
vn -0.8760 -0.3134 0.3666
vn -0.9082 -0.2879 0.3038
vn -0.9194 -0.2722 0.2837
vn -0.9403 -0.3095 0.1413
vn 0.7772 0.6267 -0.0562
vn 0.7646 0.6322 0.1257
vn 0.6185 -0.7131 0.3302
vn 0.9615 -0.2047 0.1832
vn 0.9902 -0.0935 -0.1037
vn 0.9868 0.0992 -0.1282
vn 0.9973 0.0705 0.0227
vn 0.9982 0.0549 -0.0241
vn 0.8540 -0.1764 0.4895
vn 0.8226 -0.3258 0.4661
vn 0.9290 0.3669 0.0483
vn -0.9670 -0.1978 -0.1605
vn -0.9576 -0.1997 -0.2076
vn -0.9772 -0.1723 -0.1239
vn -0.9510 -0.2165 -0.2207
vn 0.3631 -0.0355 -0.9311
vn 0.7431 -0.0584 -0.6667
vn 0.9959 -0.0892 -0.0177
vn 0.9759 -0.0954 0.1964
vn 0.8999 -0.1432 0.4118
vn 0.9365 -0.1902 0.2946
vn 0.9113 -0.1414 0.3868
vn -0.8009 -0.4889 -0.3458
vn -0.9724 -0.0430 -0.2294
vn -0.9837 -0.1006 -0.1490
vn -0.3864 -0.4872 -0.7832
vn -0.3748 -0.8391 -0.3942
vn -0.8126 -0.5341 -0.2331
vn 0.0261 -0.1969 -0.9801
vn -0.0958 -0.3104 -0.9458
vn 0.7241 -0.5451 0.4225
vn 0.6575 -0.5464 0.5188
vn 0.5685 -0.6871 0.4525
vn 0.7580 -0.5090 0.4079
vn 0.6439 -0.5379 0.5441
vn 0.5370 -0.6522 0.5350
vn 0.8443 0.0641 -0.5320
vn 0.6249 0.1119 -0.7726
vn 0.4666 0.1178 -0.8766
vn 0.4972 0.3851 -0.7775
vn 0.6179 0.6161 -0.4885
vn 0.8349 0.2588 -0.4857
vn 0.9675 -0.0587 -0.2458
vn 0.7915 -0.5119 0.3340
vn -0.8627 -0.2308 0.4500
vn -0.9098 -0.1841 0.3720
vn -0.8767 -0.1354 0.4617
vn -0.8436 -0.1754 0.5075
vn -0.9909 -0.1343 -0.0001
vn -0.9714 -0.1663 -0.1694
vn -0.9237 0.1065 -0.3680
vn -0.9282 0.3186 -0.1923
vn 0.0273 0.8092 0.5869
vn 0.0223 0.8873 0.4606
vn -0.9115 -0.2663 0.3133
vn -0.8574 -0.3906 0.3351
vn -0.9944 -0.0826 0.0657
vn -0.9262 -0.1860 0.3278
vn 0.8721 -0.3578 0.3337
vn 0.8139 -0.3225 0.4833
vn 0.6795 -0.3428 0.6487
vn 0.9473 0.0231 0.3194
vn 0.6688 -0.6340 -0.3882
vn 0.9244 -0.3469 -0.1587
vn 0.9211 -0.3575 0.1545
vn -0.8959 -0.4248 -0.1303
vn -0.9815 -0.0226 -0.1902
vn -0.9438 -0.0999 -0.3152
vn -0.8936 -0.3112 -0.3234
vn -0.9750 -0.0603 -0.2136
vn -0.9876 -0.0510 0.1487
vn -0.9971 -0.0632 0.0421
vn -0.9809 -0.1884 -0.0476
vn -0.9334 -0.3523 -0.0676
vn -0.9379 -0.3468 -0.0042
vn -0.9785 -0.2051 0.0212
vn 0.7387 -0.4412 -0.5096
vn 0.5101 -0.5210 -0.6843
vn 0.4886 -0.1210 -0.8641
vn -0.7606 -0.5450 0.3526
vn 0.7344 0.0210 -0.6784
vn 0.9755 -0.2116 -0.0607
vn 0.8693 0.4895 0.0686
vn 0.8591 0.5057 -0.0784
vn 0.8635 -0.0744 0.4989
vn 0.8325 -0.0056 0.5540
vn 0.4261 -0.8957 0.1270
vn -0.4621 -0.8773 0.1296
vn 0.0139 -0.9144 0.4045
vn -0.0021 -0.9830 0.1838
vn -0.0405 -0.9475 0.3170
vn 0.3033 -0.8818 0.3611
vn 0.5092 -0.8456 0.1600
vn 0.4660 -0.5042 0.7271
vn -0.3144 -0.4723 0.8235
vn 0.4242 -0.8938 0.1455
vn 0.2014 0.5784 -0.7905
vn 0.1248 0.1061 -0.9865
vn 0.2608 0.0611 -0.9635
vn 0.2340 0.4492 -0.8622
vn 0.7747 0.5992 0.2020
vn 0.6525 0.7255 0.2188
vn 0.9016 0.4223 0.0940
vn 0.8914 0.4381 -0.1161
vn 0.9056 0.4239 0.0167
vn 0.8712 -0.1205 0.4760
vn 0.1851 0.8237 -0.5359
vn 0.2265 0.9388 -0.2594
vn -0.3820 0.4669 0.7976
vn -0.4508 0.3758 0.8096
vn -0.3067 0.3932 0.8668
vn -0.2766 0.6523 0.7057
vn -0.3154 0.5671 0.7608
vn -0.4541 -0.2825 0.8450
vn -0.2550 -0.4576 0.8518
vn 0.8580 -0.2698 0.4370
vn 0.8141 0.1045 0.5713
vn 0.8085 0.2061 0.5513
vn 0.2342 0.8787 -0.4159
vn -0.1621 -0.1089 -0.9807
vn -0.0413 0.1053 -0.9936
vn -0.2062 0.1072 -0.9726
vn -0.6856 0.1779 -0.7059
vn 0.7472 0.6331 -0.2021
vn 0.8428 0.4931 -0.2157
vn -0.8862 -0.0895 0.4545
vn -0.8769 -0.0395 0.4791
vn -0.7747 -0.3271 0.5411
vn -0.7755 -0.4227 0.4689
vn 0.2032 0.2056 -0.9573
vn 0.2619 0.3455 -0.9011
vn 0.7311 0.6779 0.0774
vn 0.4754 0.8306 0.2899
vn -0.4069 0.4618 0.7881
vn -0.3936 0.2681 0.8793
vn -0.4354 -0.2850 0.8539
vn -0.7264 0.4610 0.5097
vn -0.8423 0.3635 0.3981
vn -0.8469 0.4222 0.3232
vn -0.7116 0.5641 0.4188
vn -0.8522 0.4715 0.2267
vn -0.8552 0.5061 0.1121
vn 0.9585 -0.0544 -0.2797
vn 0.9363 0.2998 -0.1830
vn -0.0370 -0.5424 -0.8393
vn -0.0221 -0.8887 -0.4579
vn 0.8118 0.2677 0.5190
vn 0.6499 0.2016 0.7328
vn -0.3067 -0.3624 0.8801
vn -0.4469 -0.7826 0.4333
vn -0.7564 0.2635 0.5987
vn -0.4168 0.4519 0.7887
vn -0.2847 0.5874 0.7575
vn -0.1420 0.0122 -0.9898
vn -0.4410 0.0123 -0.8974
vn -0.3636 -0.5630 -0.7422
vn -0.1191 -0.5577 -0.8215
vn 0.1378 -0.5642 -0.8141
vn 0.1708 0.0109 -0.9852
vn 0.2503 -0.3144 -0.9157
vn 0.0931 -0.4112 -0.9068
vn -0.2846 0.7084 -0.6459
vn -0.0285 0.6773 -0.7352
vn -0.8951 0.4447 -0.0330
vn -0.9837 0.1583 -0.0856
vn -0.9875 0.0948 -0.1260
vn -0.9843 0.1625 0.0693
vn -0.8695 0.4912 0.0509
vn 0.1464 -0.3845 -0.9115
vn 0.2364 -0.2026 -0.9503
vn 0.7647 0.6205 -0.1740
vn 0.7913 0.5756 0.2063
vn 0.1620 -0.7370 0.6562
vn -0.3993 -0.8636 0.3077
vn -0.5905 0.5989 0.5410
vn 0.2461 -0.9113 0.3301
vn 0.7034 0.7067 0.0761
vn -0.8617 -0.1768 0.4756
vn -0.0416 0.0536 -0.9977
vn -0.0352 0.4779 -0.8777
vn -0.7763 -0.2580 0.5752
vn -0.6932 -0.4634 0.5521
vn -0.8274 -0.5373 0.1632
vn -0.9309 -0.2757 0.2397
vn -0.0204 0.8328 -0.5532
vn -0.0080 0.9633 -0.2681
vn 0.5488 0.7144 0.4341
vn 0.0922 0.9918 -0.0880
vn -0.3601 0.5802 -0.7305
vn -0.1151 0.5746 -0.8103
vn -0.1074 -0.6658 -0.7384
vn -0.3280 -0.6656 -0.6703
vn -0.0144 0.9093 -0.4159
vn -0.0411 0.7828 -0.6209
vn -0.6181 0.5695 -0.5419
vn -0.8161 0.0633 -0.5745
vn -0.2303 -0.1198 -0.9657
vn -0.0322 0.5779 -0.8155
vn 0.9540 -0.1501 -0.2595
vn 0.0035 -0.9869 0.1610
vn 0.4522 -0.0932 -0.8870
vn 0.5024 0.7554 -0.4207
vn 0.2343 0.9675 -0.0951
vn 0.2109 0.9582 -0.1933
vn 0.9747 -0.1315 -0.1810
vn -0.0298 0.9650 -0.2605
vn -0.1048 0.6201 -0.7775
vn -0.3361 0.6279 -0.7020
vn -0.1637 0.9370 -0.3086
vn -0.0293 0.9197 -0.3915
vn 0.8452 -0.3695 -0.3862
vn -0.7855 -0.2155 -0.5801
vn -0.5246 -0.0216 -0.8511
vn -0.1621 -0.1081 -0.9808
vn -0.4573 -0.8807 0.1237
vn 0.4243 -0.8938 0.1454
vn -0.9991 0.0033 0.0419
vn 0.0027 -0.9831 0.1828
vn -0.4309 -0.1061 -0.8961
vn -0.9753 -0.0783 -0.2067
vn -0.9432 -0.2712 -0.1920
vn -0.7884 0.0260 -0.6146
vn -0.4819 -0.0406 -0.8753
vn 0.9869 -0.1128 -0.1154
vn 0.9913 -0.1292 -0.0271
vn -0.9153 -0.2052 0.3466
vn -0.5903 0.5929 0.5478
vn -0.0055 0.9778 -0.2094
vn -0.3671 -0.4537 0.8121
vn 0.9991 -0.0033 -0.0419
vn 0.0003 -0.9962 0.0868
vn -0.3999 -0.8993 0.1768
vn -0.8202 -0.2642 0.5073
vn -0.9001 -0.2498 0.3571
vn -0.0321 0.5833 -0.8116
vn -0.0370 0.4028 -0.9146
vn 0.0033 -0.9491 0.3151
vn -0.2778 -0.8799 0.3855
vn -0.3071 -0.7106 0.6330
vn 0.5158 -0.4393 0.7356
vn -0.0153 -0.9289 0.3701
vn -0.0081 -0.9845 0.1751
vn -0.9977 -0.0309 0.0599
vn 0.7991 -0.3655 0.4773
vn 0.8149 -0.2545 0.5207
vn 0.8954 -0.1317 0.4254
vn 0.8973 -0.1827 0.4019
vn 0.8819 -0.1811 0.4352
vn 0.8958 -0.2366 0.3763
vn 0.9492 -0.1923 0.2492
vn 0.9554 -0.2094 0.2084
vn 0.9633 -0.2508 0.0957
vn 0.9256 -0.3031 0.2265
vn 0.9070 -0.3248 0.2681
vn 0.9465 -0.2491 0.2051
vn -0.9471 0.3038 -0.1038
vn -0.9734 -0.1461 -0.1765
vn -0.2143 -0.4602 0.8615
vn -0.8677 0.1815 -0.4627
vn -0.0396 -0.4045 -0.9137
vn -0.0415 -0.2234 -0.9738
vn -0.2041 0.9608 -0.1875
vn 0.9105 -0.0088 0.4135
vn 0.8603 -0.1914 0.4726
vn 0.1621 -0.7400 0.6528
vn 0.7165 -0.5710 0.4007
vn -0.3842 -0.8679 0.3149
vn 0.0207 -0.5128 0.8583
vn 0.8100 0.4647 0.3578
vn -0.5851 0.5591 0.5874
vn -0.7719 -0.5105 0.3789
vn -0.6034 -0.7187 0.3455
vn -0.6953 0.6775 -0.2401
vn -0.5938 0.5508 -0.5865
vn 0.9999 0.0163 -0.0022
vn 0.8043 0.4679 -0.3662
vn 0.8272 0.5406 -0.1533
vn 0.5744 0.5655 -0.5919
vn 0.7656 0.0580 -0.6408
vn 0.8443 -0.4210 -0.3316
vn 0.7503 -0.3488 -0.5617
vn 0.6262 -0.4056 -0.6658
vn 0.7117 -0.4955 -0.4979
vn -0.4910 -0.1472 -0.8586
vn -0.4137 -0.0845 -0.9065
vn 0.1682 -0.0840 -0.9822
vn 0.0143 -0.3107 -0.9504
vn -0.1093 -0.1964 -0.9744
vn -0.3245 0.8924 0.3137
vn 0.2029 0.7798 0.5922
vn -0.1261 0.6860 0.7165
vn -0.4751 0.7074 0.5233
vn -0.9666 0.1259 0.2234
vn -0.9406 0.1654 0.2964
vn -0.8780 0.1880 0.4401
vn -0.8194 0.0665 0.5694
vn -0.9416 -0.0091 0.3365
vn -0.8521 0.1555 0.4997
vn -0.8101 0.1757 0.5593
vn -0.8904 0.1264 0.4374
vn -0.9803 0.1716 0.0978
vn -0.9637 0.1562 0.2164
vn 0.9664 -0.0155 0.2566
vn 0.9688 -0.2352 0.0777
vn 0.9483 -0.1713 0.2673
vn 0.8645 0.0609 0.4988
vn -0.4013 -0.2124 -0.8910
vn -0.8430 -0.1041 -0.5277
vn 0.9839 0.1414 0.1090
vn 0.9907 0.0399 -0.1304
vn -0.5850 0.2057 0.7845
vn -0.6380 0.0857 0.7653
vn -0.9116 0.1420 0.3859
vn -0.8323 0.2261 0.5061
vn -0.9539 -0.0391 -0.2977
vn -0.9110 -0.0255 -0.4117
vn -0.8159 0.0016 -0.5782
vn 0.5296 0.5485 0.6470
vn 0.4028 0.5383 0.7402
vn 0.7304 0.1085 -0.6743
vn -0.5375 0.1212 -0.8345
vn -0.1246 0.1921 -0.9734
vn 0.0475 0.0730 -0.9962
vn -0.4770 0.0135 -0.8788
vn -0.8030 -0.0165 -0.5957
vn -0.6866 0.1163 -0.7177
vn -0.2160 0.6395 0.7378
vn 0.4657 0.5341 0.7056
vn 0.5345 0.7236 0.4367
vn -0.1304 0.7850 0.6057
vn -0.2429 0.9055 0.3479
vn -0.7291 0.5510 0.4060
vn -0.7647 0.4293 0.4806
vn -0.7970 0.4426 0.4111
vn -0.7055 0.5925 0.3889
vn -0.5318 0.6487 0.5444
vn 0.9862 0.1650 0.0154
vn 0.9795 0.1497 0.1349
vn 0.9404 0.3386 -0.0303
vn 0.9412 -0.3337 -0.0522
vn 0.9142 -0.4048 0.0212
vn 0.9550 0.2531 0.1547
vn 0.8273 0.5618 0.0054
vn -0.7715 0.2303 -0.5931
vn -0.5479 0.2453 -0.7998
vn 0.9604 -0.0825 -0.2663
vn 0.7502 -0.0217 -0.6608
vn 0.0440 0.1916 -0.9805
vn 0.9724 -0.0714 -0.2222
vn 0.9822 0.0793 -0.1705
vn -0.4725 0.5259 -0.7072
vn -0.7142 0.3729 -0.5923
vn 0.3631 0.9264 0.1000
vn 0.7179 0.6799 -0.1497
vn 0.0978 0.5528 -0.8276
vn 0.2341 0.9152 -0.3280
vn -0.3507 0.9176 -0.1873
vn -0.7522 0.6542 -0.0789
vn 0.9412 0.2499 -0.2272
vn -0.5579 0.3886 -0.7333
vn -0.8854 0.0699 -0.4595
vn -0.8709 0.2645 -0.4142
vn -0.6525 0.6203 -0.4353
vn -0.0057 0.7827 -0.6224
vn 0.1479 -0.1210 -0.9816
vn -0.3812 0.8411 0.3837
vn -0.5115 0.8181 0.2630
vn -0.5282 0.8447 0.0865
vn -0.5343 0.8405 0.0900
vn -0.4921 0.8320 0.2562
vn -0.3926 0.8295 0.3974
vn -0.8964 0.2478 -0.3676
vn -0.9762 0.1255 -0.1769
vn -0.8440 0.4381 0.3095
vn -0.9179 0.3969 0.0002
vn -0.9775 0.2106 0.0149
vn -0.8816 0.4158 0.2234
vn 0.4019 0.0106 -0.9156
vn -0.1048 0.9910 -0.0832
vn 0.5569 0.5422 -0.6291
vn -0.9050 0.4024 -0.1381
vn -0.8674 0.2008 -0.4553
vn 0.5691 0.1571 -0.8071
vn 0.7242 0.2306 -0.6499
vn 0.8043 0.0481 -0.5922
vn 0.4873 -0.0449 -0.8721
vn 0.8286 0.3293 -0.4527
vn 0.9032 -0.3924 -0.1741
vn 0.8176 -0.5222 -0.2425
vn 0.9246 0.1203 0.3613
vn 0.8552 0.1702 0.4895
vn 0.9218 -0.1177 -0.3693
vn 0.8335 -0.1130 -0.5408
vn 0.8920 0.1497 0.4266
vn -0.7854 -0.0570 -0.6164
vn -0.7962 -0.0918 -0.5980
vn -0.9538 0.0762 -0.2906
vn -0.9705 0.0677 -0.2314
vn -0.8614 0.3349 -0.3819
vn -0.7835 0.1136 -0.6109
vn 0.9827 0.1194 0.1417
vn 0.9452 0.0455 -0.3234
vn 0.9482 0.0614 -0.3118
vn 0.9266 0.0699 -0.3694
vn 0.9654 0.1475 -0.2150
vn 0.9989 -0.0218 0.0405
vn 0.8922 -0.1673 -0.4195
vn 0.9632 0.1591 0.2166
vn 0.9130 0.1821 0.3651
vn 0.8902 -0.3363 -0.3075
vn 0.9708 -0.2357 -0.0455
vn -0.6231 -0.2357 -0.7458
vn -0.7434 -0.2051 -0.6366
vn -0.9056 0.0288 -0.4232
vn -0.7055 -0.1604 -0.6904
vn 0.6467 -0.5775 0.4982
vn 0.9591 0.2232 0.1739
vn -0.6271 0.7298 0.2724
vn -0.8010 0.5729 0.1736
vn -0.8388 0.5175 0.1691
vn -0.7511 0.6043 0.2659
vn 0.8867 0.4478 0.1149
vn 0.3261 -0.0237 -0.9450
vn -0.8758 0.4310 0.2172
vn -0.9589 0.2830 -0.0204
vn -0.8139 0.5665 0.1287
vn -0.7682 0.5992 0.2256
vn -0.8569 0.5007 0.1227
vn -0.8919 0.4510 0.0319
vn -0.9554 0.1143 -0.2723
vn -0.9577 0.2010 -0.2057
vn -0.7319 0.1133 -0.6720
vn -0.7084 -0.0914 -0.6998
vn -0.8796 0.4491 -0.1570
vn -0.6697 0.4503 -0.5905
vn -0.5865 0.7889 -0.1836
vn -0.5642 0.7126 -0.4170
vn -0.9074 0.4182 0.0413
vn -0.6508 0.7335 -0.1960
vn -0.9540 0.2965 0.0447
vn -0.9685 0.2164 0.1231
vn -0.9398 0.3337 0.0732
vn -0.7550 0.4796 -0.4471
vn -0.9382 0.1034 0.3304
vn -0.9894 0.0878 0.1153
vn -0.9855 0.1423 -0.0923
vn -0.9808 0.1929 0.0274
vn -0.9761 0.1936 0.0990
vn -0.9658 0.2394 0.0996
vn -0.8753 0.3361 0.3477
vn -0.7136 -0.0673 0.6973
vn 0.8876 0.4418 0.1304
vn -0.9568 0.2505 -0.1479
vn 0.9971 0.0019 0.0754
vn 0.9029 0.2331 0.3612
vn 0.7229 0.3323 0.6058
vn -0.9138 0.1806 -0.3638
vn -0.1933 -0.3056 0.9323
vn -0.9943 -0.0558 -0.0905
vn -0.9958 -0.0895 -0.0196
vn 0.9999 -0.0037 -0.0123
vn -0.9253 -0.1612 -0.3433
vn -0.9150 -0.3302 -0.2319
vn -0.8385 -0.5167 -0.1731
vn -0.9119 -0.3987 0.0977
vn -0.9727 -0.2292 0.0359
vn -0.9922 -0.0152 0.1239
vn 0.9546 0.2870 0.0803
vn -0.3081 0.8551 0.4169
vn 0.6982 -0.5248 0.4870
vn 0.7952 -0.1096 -0.5963
vn 0.9588 0.1191 -0.2580
vn -0.7320 -0.5824 -0.3535
vn -0.7791 -0.5552 -0.2911
vn -0.8148 -0.2511 -0.5226
vn -0.7458 -0.4218 -0.5156
vn -0.9963 0.0667 -0.0536
vn -0.9106 0.1686 0.3774
vn -0.9504 0.1583 0.2679
vn -0.8849 0.3258 0.3330
vn -0.8543 0.3397 0.3935
vn -0.9286 0.3155 0.1953
vn -0.9687 0.1209 0.2167
vn -0.6501 -0.7347 0.1937
vn -0.6773 -0.7300 -0.0911
vn -0.7428 0.4218 0.5200
vn -0.3705 0.1905 0.9091
vn -0.4634 -0.0359 0.8854
vn -0.9870 -0.0704 0.1447
vn -0.8958 -0.3415 0.2845
vn -0.9481 0.2418 0.2065
vn -0.9755 0.0890 0.2014
vn -0.9843 0.0627 0.1648
vn -0.9857 0.0842 0.1459
vn 0.9738 0.1993 0.1093
vn -0.4828 -0.0660 -0.8733
vn -0.4399 -0.0328 -0.8974
vn -0.4042 -0.0212 -0.9144
vn -0.4007 -0.0423 -0.9152
vn -0.9319 0.2381 0.2735
vn -0.9370 0.2594 0.2340
vn -0.9880 -0.0648 -0.1401
vn -0.9503 -0.1114 -0.2909
vn -0.8766 -0.1073 -0.4692
vn -0.9397 0.2295 0.2534
vn -0.9945 0.0705 -0.0780
vn -0.9323 0.1683 -0.3202
vn -0.8971 0.2915 -0.3322
vn -0.9557 0.2257 -0.1890
vn -0.9555 0.0108 -0.2948
vn -0.9868 0.0264 -0.1598
vn -0.9301 -0.1993 -0.3085
vn -0.9315 -0.1198 -0.3434
vn -0.9850 0.0972 -0.1427
vn -0.9906 0.0964 -0.0972
vn -0.9861 0.1305 0.1026
vn -0.9439 0.1849 0.2737
vn -0.9366 -0.0227 -0.3496
vn -0.8763 -0.0399 -0.4802
vn -0.6907 0.5548 -0.4638
vn -0.2698 0.9235 -0.2728
vn -0.9418 0.2334 0.2420
vn -0.9818 -0.1367 -0.1317
vn -0.9047 -0.4259 0.0073
vn -0.8947 -0.4376 0.0894
vn 0.9087 0.1470 0.3908
vn -0.6492 0.2655 -0.7128
vn -0.2997 0.2526 -0.9200
vn -0.8333 0.3476 -0.4297
vn -0.8490 0.4661 0.2488
vn -0.9980 0.0388 0.0505
vn -0.8017 0.3699 -0.4696
vn 0.8346 -0.5429 0.0936
vn -0.9933 0.1099 -0.0345
vn -0.7016 0.6754 -0.2272
vn -0.5988 0.7732 0.2087
vn -0.3753 0.8937 -0.2457
vn -0.3961 0.9182 -0.0058
vn -0.4356 0.5013 -0.7477
vn -0.9617 0.1058 -0.2530
vn -0.0194 0.9705 -0.2402
vn -0.7255 0.6750 -0.1344
vn -0.0965 0.9930 -0.0675
vn -0.9796 0.1498 -0.1339
vn -0.5694 0.4986 0.6536
vn -0.5998 0.6840 0.4151
vn -0.7198 0.1467 0.6785
vn -0.9351 0.1693 0.3113
vn -0.7158 -0.0443 0.6969
vn -0.9024 -0.1135 0.4156
vn -0.4829 -0.4730 0.7369
vn -0.8159 -0.5355 0.2178
vn -0.8937 -0.2106 0.3962
vn -0.6056 -0.2875 0.7420
vn -0.5211 -0.8517 0.0550
vn -0.5890 -0.5024 -0.6330
vn -0.6122 -0.6637 -0.4299
vn -0.6888 -0.1416 -0.7109
vn -0.6976 -0.6954 0.1725
vn -0.6081 0.6313 -0.4813
vn -0.7368 0.2427 -0.6311
vn -0.6220 0.7302 -0.2827
vn -0.3505 0.2344 -0.9068
vn -0.7060 0.4715 -0.5284
vn -0.7702 0.5467 -0.3285
vn -0.4199 -0.8929 0.1624
vn -0.7451 -0.5940 -0.3032
vn -0.7467 -0.6374 -0.1903
vn -0.5380 -0.8370 -0.0994
vn -0.9818 0.1146 -0.1517
vn -0.7198 0.3022 -0.6249
vn -0.2050 0.5498 -0.8098
vn -0.9636 0.2602 -0.0605
vn -0.8245 0.4507 0.3421
vn -0.6077 0.4417 0.6600
vn -0.9428 0.3334 -0.0055
vn -0.9579 0.2592 0.1231
vn -0.9263 0.3689 -0.0762
vn -0.4473 0.8941 0.0205
vn -0.9485 -0.1288 -0.2894
vn -0.7732 0.6336 0.0271
vn -0.8051 0.5749 -0.1463
vn -0.7514 0.6423 0.1514
vn -0.9968 -0.0645 0.0477
vn -0.8988 -0.3556 0.2563
vn -0.8176 -0.5748 0.0326
vn -0.6793 -0.4944 -0.5423
vn -0.6528 -0.2871 -0.7011
vn -0.6198 0.0079 -0.7847
vn -0.7245 0.3313 -0.6044
vn -0.8919 0.0412 -0.4503
vn -0.8550 -0.1700 -0.4900
vn -0.7701 0.6209 -0.1465
vn -0.7497 0.5949 0.2900
vn -0.9393 0.1987 -0.2796
vn -0.7750 0.4118 0.4794
vn -0.9469 0.1543 0.2820
vn -0.9516 0.2700 0.1468
vn -0.7654 -0.3141 -0.5618
vn -0.7434 -0.5229 -0.4171
vn -0.8260 -0.5399 -0.1621
vn -0.8220 -0.0617 -0.5661
vn -0.9410 0.3125 -0.1295
vn -0.8974 0.1659 -0.4089
vn -0.7366 -0.6181 -0.2744
vn -0.9077 0.0496 0.4167
vn -0.8732 -0.2694 0.4061
vn -0.9548 -0.2638 -0.1367
vn -0.6464 -0.1980 0.7369
vn -0.9498 -0.2503 -0.1874
vn 0.9256 -0.2423 0.2908
vn 0.9096 -0.2812 0.3060
vn 0.3706 -0.5610 0.7402
vn -0.7054 0.6772 -0.2093
vn -0.6206 0.3130 -0.7189
vn -0.6767 -0.3034 -0.6709
vn -0.7076 0.0915 -0.7006
vn -0.6569 0.0477 -0.7524
vn -0.8765 0.4796 0.0404
vn -0.9868 0.1617 0.0088
vn -0.5105 0.8313 -0.2197
vn -0.9136 -0.0148 -0.4063
vn -0.8796 -0.0671 -0.4709
vn -0.8229 -0.2223 -0.5229
vn -0.7712 -0.1588 -0.6165
vn -0.8889 -0.1677 -0.4263
vn -0.9467 -0.2247 -0.2308
vn -0.8887 -0.2408 -0.3902
vn -0.9483 -0.3175 -0.0038
vn -0.9743 0.2041 -0.0950
vn -0.9672 -0.2534 0.0192
vn -0.3050 0.0212 0.9521
vn -0.9424 -0.2247 0.2476
vn -0.9413 -0.2538 0.2224
vn -0.9249 -0.2932 0.2421
vn 0.8902 -0.0776 0.4490
vn -0.8272 0.5619 -0.0052
vn -0.9518 0.2918 0.0950
vn -0.9613 0.2731 0.0373
vn -0.9374 -0.1516 0.3136
vn -0.4420 0.0012 0.8970
vn -0.8774 0.4422 0.1862
vn -0.8888 0.4446 0.1108
vn -0.3359 0.5408 0.7712
vn -0.4015 0.5370 0.7419
vn -0.4700 0.5518 0.6889
vn 0.7338 -0.4681 0.4923
vn -0.9163 -0.2798 0.2866
vn -0.9573 -0.2814 0.0662
vn -0.9491 -0.2638 0.1721
vn 0.9631 -0.2665 0.0388
vn 0.9789 -0.1794 0.0982
vn 0.9877 -0.1555 -0.0167
vn -0.9245 -0.3806 0.0226
vn -0.9854 -0.0680 0.1563
vn 0.9962 0.0812 0.0321
vn -0.7472 0.6372 0.1890
vn -0.9963 0.0616 0.0594
vn -0.9914 0.0771 0.1060
vn -0.9934 0.1058 -0.0453
vn -0.9192 0.3731 0.1257
vn 0.0159 0.9254 -0.3786
vn 0.0500 0.8821 -0.4685
vn 0.0976 0.9779 -0.1851
vn 0.0565 0.9739 -0.2199
vn -0.8826 -0.2752 0.3811
vn 0.9989 0.0441 -0.0186
vn -0.0116 0.9707 0.2399
vn -0.2064 0.9737 -0.0962
vn -0.2301 0.9728 -0.0262
vn -0.2311 0.9718 0.0478
vn -0.2091 0.9707 0.1183
vn -0.1665 0.9697 0.1786
vn -0.1074 0.9689 0.2228
vn -0.0375 0.9684 0.2466
vn 0.0363 0.9682 0.2476
vn 0.1068 0.9683 0.2259
vn 0.1672 0.9687 0.1835
vn 0.2116 0.9694 0.1244
vn 0.2356 0.9703 0.0546
vn 0.2368 0.9714 -0.0194
vn 0.0214 0.0381 0.9990
vn -0.0167 0.0090 0.9998
vn -0.8694 -0.2598 0.4203
vn -0.8505 0.5257 0.0139
vn -0.8472 0.5074 0.1575
vn -0.8491 0.0282 0.5274
vn -0.4527 -0.8821 0.1305
vn -0.4347 -0.4454 0.7827
vn -0.4069 -0.5013 0.7636
vn -0.2630 0.5799 -0.7711
vn -0.3023 0.4510 -0.8398
vn -0.3401 0.0631 -0.9383
vn -0.8918 0.4513 -0.0316
vn -0.8632 -0.1203 0.4903
vn -0.2412 0.9404 -0.2398
vn -0.2238 0.8251 -0.5188
vn -0.9853 0.0058 -0.1708
vn -0.9899 0.0021 0.1421
vn -0.8145 -0.5697 0.1099
vn -0.8141 -0.5617 -0.1473
vn -0.7273 -0.5651 -0.3895
vn -0.8843 0.0089 -0.4668
vn -0.8343 0.1131 0.5396
vn -0.8358 0.1899 0.5151
vn -0.2623 0.8804 -0.3951
vn -0.8125 0.5769 -0.0838
vn -0.8279 0.5376 -0.1598
vn 0.0028 1.0000 0.0006
vn -0.8206 0.5425 0.1794
vn -0.3898 0.2686 0.8809
vn -0.0265 -0.8240 -0.5660
vn -0.4211 -0.8565 0.2986
vn -0.8413 0.3073 0.4448
vn -0.4724 0.8479 -0.2408
vn -0.3978 0.8244 -0.4027
vn -0.2342 0.8493 -0.4730
vn -0.2294 0.8573 -0.4609
vn -0.3691 0.8523 -0.3707
vn -0.4689 0.8510 -0.2365
vn -0.8390 0.2536 0.4813
vn -0.7866 0.1578 0.5969
vn -0.7872 0.0405 0.6154
vn 0.0952 0.8486 -0.5204
vn 0.2720 0.8228 -0.4990
vn 0.3892 0.8459 -0.3646
vn 0.3847 0.8510 -0.3576
vn 0.2521 0.8522 -0.4584
vn 0.0934 0.8572 -0.5064
vn 0.3769 -0.3647 0.8514
vn -0.8185 -0.0854 0.5682
vn -0.3164 -0.2008 -0.9271
vn -0.2247 -0.3832 -0.8959
vn -0.7203 0.6562 0.2248
vn -0.7994 0.5998 -0.0363
vn -0.6898 0.7114 0.1343
vn -0.0064 0.9734 -0.2290
vn -0.0086 0.9594 -0.2819
vn 0.0154 0.9561 0.2927
vn 0.0078 0.9935 0.1137
vn -0.5333 -0.6767 0.5076
vn -0.3482 -0.6787 0.6466
vn -0.3823 0.5604 0.7347
vn -0.5859 0.5682 0.5779
vn -0.3916 0.2688 0.8800
vn -0.4025 0.4738 0.7833
vn -0.4735 0.3680 0.8002
vn -0.4111 -0.2272 0.8828
vn -0.2392 -0.4548 0.8578
vn -0.8678 0.1775 -0.4641
vn -0.9776 0.1719 -0.1215
vn -0.8335 0.5462 -0.0837
vn -0.8290 0.4733 -0.2978
vn 0.7686 0.6198 0.1582
vn 0.7726 0.6343 0.0269
vn 0.5552 0.6178 -0.5568
vn 0.3634 0.6202 -0.6952
vn 0.1501 0.6212 -0.7691
vn 0.9648 -0.0459 -0.2590
vn -0.5057 0.7181 0.4781
vn -0.9964 0.0230 0.0814
vn -0.8719 -0.4153 -0.2597
vn -0.7542 -0.4906 -0.4365
vn -0.6824 -0.4012 -0.6110
vn -0.7969 -0.3436 -0.4968
vn 0.3556 0.8901 0.2852
vn 0.5219 0.7041 0.4816
vn 0.1902 0.6850 0.7033
vn -0.1474 0.7810 0.6069
vn -0.9237 -0.1650 0.3457
vn -0.9605 -0.2288 0.1585
vn 0.9531 0.2318 0.1945
vn 0.3240 -0.2148 -0.9214
vn -0.9704 0.1479 0.1909
vn -0.9978 0.0465 -0.0471
vn 0.8031 0.5763 -0.1514
vn 0.8134 0.5335 -0.2319
vn 0.2812 0.6379 0.7170
vn 0.1858 0.7839 0.5924
vn -0.4913 0.7270 0.4797
vn 0.8050 0.4241 0.4148
vn 0.7641 0.5461 0.3434
vn 0.2771 0.9038 0.3261
vn 0.5798 0.6450 0.4978
vn 0.7395 0.5877 0.3283
vn 0.8315 0.4372 0.3429
vn -0.9374 0.3449 0.0484
vn -0.9445 -0.3275 0.0268
vn -0.8202 0.5673 0.0744
vn 0.4807 0.2419 -0.8429
vn 0.7207 0.2254 -0.6556
vn -0.9798 -0.0761 -0.1850
vn -0.9924 0.0859 -0.0878
vn 0.4152 0.5229 -0.7444
vn 0.6647 0.3683 -0.6501
vn -0.3473 0.9287 0.1298
vn -0.7233 0.6847 -0.0893
vn -0.1630 0.5537 -0.8166
vn -0.2546 0.9169 -0.3075
vn 0.3399 0.9153 -0.2163
vn 0.7473 0.6492 -0.1417
vn -0.9553 0.2562 -0.1478
vn 0.8641 0.2420 -0.4413
vn 0.9173 0.3908 -0.0767
vn 0.8929 0.3964 -0.2135
vn 0.8276 0.1952 -0.5263
vn -0.9172 -0.3863 -0.0979
vn -0.9686 0.0519 -0.2432
vn -0.9790 0.1540 -0.1335
vn 0.0731 -0.9299 -0.3606
vn 0.0149 -0.1870 -0.9822
vn 0.1384 -0.0726 -0.9877
vn -0.0053 0.9787 -0.2054
vn -0.0253 0.6611 -0.7499
vn -0.0042 0.9839 -0.1787
vn -0.0180 0.8664 -0.4990
vn -0.6388 -0.4826 0.5993
vn -0.7681 -0.6306 0.1109
vn -0.9998 0.0033 -0.0174
vn -0.6844 0.2603 0.6810
vn -0.7160 0.3069 0.6270
vn -0.7380 0.0160 0.6746
vn -0.7378 0.1480 0.6586
vn -0.7356 0.3063 0.6042
vn -0.7480 0.4073 0.5240
vn -0.7415 0.4874 0.4611
vn 0.8273 0.5607 0.0334
vn 0.7939 0.6071 0.0330
vn 0.0359 0.5846 0.8105
vn 0.0392 0.4312 0.9014
vn 0.8102 0.5855 -0.0268
vn 0.0420 0.0337 0.9986
vn 0.0393 0.4284 0.9027
vn 0.0416 0.2155 0.9756
vn 0.7857 0.5545 0.2741
vn 0.0324 0.6943 0.7190
vn -0.9277 -0.2429 0.2836
vn 0.8965 -0.0409 -0.4411
vn 0.9888 -0.0437 -0.1424
vn 0.7718 -0.6248 -0.1185
vn 0.6992 -0.6222 -0.3521
vn 0.7891 0.6051 -0.1057
vn 0.7160 0.6077 -0.3435
vn 0.1717 -0.0311 -0.9847
vn -0.1433 -0.0290 -0.9893
vn 0.1150 0.5989 0.7925
vn 0.3522 0.5987 0.7193
vn -0.7842 0.6088 0.1201
vn -0.7105 0.6062 0.3574
vn 0.7163 -0.0361 -0.6969
vn -0.3682 0.6015 0.7089
vn -0.5671 0.6037 0.5603
vn -0.7169 -0.0443 0.6957
vn -0.4667 -0.0467 0.8832
vn 0.5553 0.5994 0.5765
vn 0.7045 0.6007 0.3779
vn -0.1332 0.5999 0.7889
vn -0.7010 0.6132 -0.3641
vn -0.7810 0.6112 -0.1286
vn 0.7851 0.6027 0.1428
vn -0.1708 -0.0487 0.9841
vn 0.1418 -0.0499 0.9886
vn -0.5461 0.6210 -0.5623
vn -0.8836 -0.0341 -0.4669
vn -0.9846 -0.0362 -0.1711
vn 0.9843 -0.0462 0.1701
vn 0.6961 -0.0496 0.7163
vn 0.8835 -0.0483 0.4660
vn -0.9892 -0.0387 0.1415
vn -0.8970 -0.0415 0.4401
vn 0.4669 -0.0312 -0.8837
vn -0.4423 -0.0232 -0.8966
vn -0.6952 -0.0268 -0.7183
vn 0.4405 -0.0502 0.8964
vn 0.3623 -0.6175 -0.6981
vn 0.5581 -0.6198 -0.5518
vn 0.4406 -0.7822 -0.4405
vn 0.2856 -0.7804 -0.5563
vn -0.5641 -0.6262 0.5382
vn -0.3682 -0.6283 0.6853
vn -0.1362 -0.6300 0.7646
vn -0.6935 -0.6168 -0.3723
vn -0.7728 -0.6188 -0.1409
vn 0.3431 -0.6311 0.6957
vn 0.5433 -0.6305 0.5544
vn 0.6899 -0.6291 0.3581
vn -0.5469 -0.6147 -0.5684
vn -0.7768 -0.6211 0.1037
vn -0.7049 -0.6237 0.3378
vn 0.1311 -0.6159 -0.7768
vn -0.1136 -0.6146 -0.7806
vn 0.7686 -0.6271 0.1262
vn -0.3477 -0.6137 -0.7089
vn 0.1089 -0.6309 0.7682
vn -0.6130 -0.7816 -0.1153
vn -0.5501 -0.7799 -0.2985
vn -0.8761 -0.1318 -0.4638
vn -0.9761 -0.1346 -0.1706
vn 0.1025 -0.7790 -0.6185
vn 0.6076 -0.7884 0.0962
vn 0.6100 -0.7864 -0.0976
vn -0.2756 -0.7782 -0.5643
vn -0.4338 -0.7787 -0.4531
vn -0.5595 -0.7858 0.2638
vn -0.4480 -0.7878 0.4226
vn -0.0908 -0.7783 -0.6213
vn 0.5453 -0.7901 0.2799
vn 0.0852 -0.7918 0.6049
vn 0.2707 -0.7919 0.5474
vn -0.1091 -0.7910 0.6020
vn 0.5524 -0.7842 -0.2825
vn -0.2928 -0.7896 0.5392
vn 0.4293 -0.7913 0.4354
vn -0.6163 -0.7836 0.0784
vn -0.6904 -0.1298 -0.7117
vn -0.5601 0.5994 -0.5718
vn -0.7115 0.5975 -0.3697
vn 0.4361 -0.1513 0.8871
vn 0.6893 -0.1504 0.7087
vn 0.8750 -0.1484 0.4607
vn -0.9806 -0.1379 0.1391
vn -0.8892 -0.1415 0.4351
vn 0.1686 -0.1302 -0.9770
vn -0.1412 -0.1290 -0.9815
vn 0.7097 -0.1354 -0.6914
vn 0.4618 -0.1324 -0.8771
vn 0.9751 -0.1456 0.1675
vn 0.9796 -0.1423 -0.1422
vn -0.4371 -0.1289 -0.8901
vn -0.7108 -0.1449 0.6883
vn 0.1401 -0.1512 0.9785
vn -0.1697 -0.1500 0.9740
vn 0.8881 -0.1388 -0.4382
vn -0.4629 -0.1478 0.8740
vn 0.8013 0.5885 -0.1075
vn 0.8501 0.5138 -0.1154
vn 0.7710 0.5172 -0.3715
vn 0.7268 0.5918 -0.3488
vn -0.7968 0.5919 0.1219
vn -0.7222 0.5887 0.3631
vn -0.7931 0.5949 -0.1306
vn 0.1402 0.5994 -0.7881
vn -0.1124 0.6004 -0.7918
vn 0.5813 0.5948 -0.5552
vn 0.3792 0.5975 -0.7066
vn 0.7976 0.5855 0.1450
vn -0.3537 0.6004 -0.7172
vn -0.5768 0.5856 0.5696
vn 0.7161 0.5829 0.3840
vn 0.1169 0.5800 0.8062
vn 0.3582 0.5800 0.7316
vn -0.1356 0.5811 0.8025
vn -0.3746 0.5830 0.7210
vn 0.5647 0.5810 0.5862
vn 0.4020 0.5233 -0.7514
vn 0.1483 0.5253 -0.8379
vn -0.6126 0.5107 0.6032
vn -0.3981 0.5079 0.7639
vn 0.6166 0.5205 -0.5907
vn -0.1444 0.5059 0.8504
vn -0.7557 0.5234 -0.3937
vn -0.8422 0.5206 -0.1400
vn 0.3798 0.5048 0.7752
vn 0.5989 0.5058 0.6208
vn 0.7596 0.5078 0.4063
vn -0.5950 0.5254 -0.6083
vn -0.8461 0.5174 0.1280
vn -0.7670 0.5139 0.3841
vn -0.1197 0.5264 -0.8418
vn 0.8462 0.5106 0.1526
vn -0.3758 0.5264 -0.7627
vn 0.1237 0.5048 0.8543
vn 0.8840 0.0206 0.4670
vn 0.9850 0.0238 0.1710
vn -0.8970 0.0277 0.4411
vn -0.9893 0.0317 0.1424
vn -0.8810 -0.4575 0.1206
vn -0.7990 -0.4611 0.3861
vn 0.1421 0.0171 0.9897
vn 0.4409 0.0170 0.8974
vn -0.1706 0.0183 0.9852
vn 0.9895 0.0276 -0.1416
vn 0.8972 0.0316 -0.4404
vn -0.7169 0.0239 0.6968
vn -0.4666 0.0207 0.8842
vn 0.7171 0.0354 -0.6960
vn -0.8838 0.0387 -0.4663
vn -0.9847 0.0355 -0.1703
vn 0.6965 0.0183 0.7173
vn -0.6963 0.0411 -0.7166
vn 0.1709 0.0410 -0.9844
vn -0.1418 0.0423 -0.9890
vn 0.4668 0.0386 -0.8835
vn -0.4406 0.0423 -0.8967
vn -0.4165 -0.4674 0.7798
vn -0.6389 -0.4645 0.6132
vn -0.4982 -0.7271 0.4724
vn -0.3252 -0.7294 0.6018
vn -0.8770 -0.4541 -0.1573
vn 0.1500 -0.4492 -0.8808
vn -0.1279 -0.4481 -0.8848
vn 0.6354 -0.4542 -0.6245
vn 0.4130 -0.4513 -0.7911
vn 0.8734 -0.4646 0.1461
vn 0.8775 -0.4612 -0.1318
vn -0.3935 -0.4480 -0.8028
vn -0.6206 -0.4491 -0.6427
vn 0.7837 -0.4674 0.4091
vn 0.1244 -0.4706 0.8735
vn 0.3899 -0.4706 0.7915
vn -0.1535 -0.4695 0.8695
vn 0.7955 -0.4576 -0.3973
vn -0.7873 -0.4512 -0.4203
vn 0.6171 -0.4695 0.6315
vn -0.6227 -0.7244 0.2958
vn -0.8873 -0.1572 0.4335
vn -0.7094 -0.1607 0.6862
vn 0.6175 -0.7214 -0.3135
vn 0.4931 -0.7186 -0.4904
vn -0.1207 -0.7311 0.6715
vn -0.6140 -0.7164 -0.3314
vn -0.6836 -0.7187 -0.1268
vn 0.3017 -0.7320 0.6109
vn 0.4784 -0.7311 0.4865
vn 0.6080 -0.7294 0.3137
vn -0.4844 -0.7147 -0.5046
vn -0.6866 -0.7215 0.0894
vn 0.1153 -0.7146 -0.6900
vn -0.1010 -0.7137 -0.6931
vn 0.3200 -0.7163 -0.6201
vn 0.6779 -0.7270 0.1092
vn 0.6812 -0.7242 -0.1069
vn -0.3076 -0.7137 -0.6292
vn 0.0953 -0.7320 0.6746
vn -0.1694 -0.1660 0.9715
vn -0.4620 -0.1637 0.8716
vn -0.2642 0.8146 0.5164
vn -0.1408 -0.1442 -0.9795
vn -0.4360 -0.1441 -0.8883
vn 0.8731 -0.1642 0.4591
vn 0.9728 -0.1613 0.1665
vn 0.1397 -0.1672 0.9760
vn 0.4351 -0.1673 0.8847
vn 0.9771 -0.1578 -0.1425
vn 0.8858 -0.1542 -0.4377
vn 0.7078 -0.1507 -0.6902
vn -0.8739 -0.1472 -0.4633
vn -0.9738 -0.1501 -0.1709
vn 0.6879 -0.1663 0.7066
vn -0.6886 -0.1452 -0.7105
vn -0.9784 -0.1536 0.1381
vn 0.1680 -0.1454 -0.9750
vn 0.4604 -0.1477 -0.8753
vn -0.0787 0.8248 -0.5600
vn 0.5191 0.8193 -0.2434
vn -0.5629 0.8218 -0.0880
vn 0.4877 0.8434 -0.2253
vn 0.5380 0.8405 -0.0639
vn 0.9346 0.3303 -0.1320
vn 0.8455 0.3388 -0.4128
vn 0.5350 0.8423 -0.0661
vn 0.4022 0.8130 0.4210
vn 0.4774 0.8391 0.2606
vn 0.5685 0.8156 0.1081
vn 0.4891 0.8296 0.2693
vn 0.5443 0.8321 0.1065
vn -0.5313 0.8434 -0.0799
vn -0.0720 0.8555 -0.5128
vn 0.3915 0.8225 0.4125
vn -0.2578 0.8224 0.5071
vn 0.6628 0.3074 0.6828
vn 0.4205 0.3033 0.8551
vn 0.3950 -0.4476 0.8022
vn 0.6250 -0.4470 0.6400
vn 0.1612 0.3562 -0.9204
vn -0.1317 0.3576 -0.9245
vn -0.4119 0.3565 -0.8386
vn -0.9338 0.3310 0.1360
vn -0.8487 0.3223 0.4193
vn -0.9271 0.3395 -0.1589
vn 0.9327 0.3217 0.1632
vn 0.8392 0.3138 0.4442
vn 0.6746 0.3464 -0.6519
vn 0.4389 0.3523 -0.8266
vn -0.6796 0.3142 0.6629
vn -0.4428 0.3077 0.8422
vn -0.1614 0.3035 0.9391
vn 0.1363 0.3020 0.9435
vn -0.6524 0.3529 -0.6707
vn -0.8299 0.3471 -0.4368
vn -0.8913 -0.4365 0.1225
vn -0.8869 -0.4339 -0.1586
vn -0.6963 -0.7061 -0.1289
vn -0.7000 -0.7083 0.0914
vn -0.7959 -0.4318 -0.4245
vn 0.8045 -0.4379 -0.4013
vn 0.6424 -0.4352 -0.6308
vn 0.4175 -0.4328 -0.7990
vn 0.1516 -0.4309 -0.8895
vn 0.7935 -0.4455 0.4146
vn -0.8086 -0.4393 0.3913
vn -0.6468 -0.4421 0.6215
vn -0.6272 -0.4303 -0.6492
vn 0.8878 -0.4407 -0.1328
vn -0.1292 -0.4299 -0.8936
vn -0.3975 -0.4296 -0.8108
vn 0.8840 -0.4433 0.1483
vn -0.4217 -0.4445 0.7903
vn -0.1553 -0.4463 0.8813
vn 0.1261 -0.4474 0.8854
vn 0.6207 -0.7155 0.3205
vn 0.4888 -0.7168 0.4973
vn 0.6623 -0.3161 0.6793
vn 0.8407 -0.3148 0.4407
vn 0.6915 -0.7137 0.1116
vn 0.6942 -0.7115 -0.1087
vn 0.5017 -0.7069 -0.4986
vn 0.3255 -0.7049 -0.6302
vn -0.5087 -0.7129 0.4827
vn -0.3322 -0.7149 0.6153
vn -0.1233 -0.7164 0.6867
vn 0.0975 -0.7173 0.6900
vn 0.3085 -0.7174 0.6247
vn -0.3126 -0.7024 -0.6394
vn -0.4926 -0.7030 -0.5130
vn -0.6248 -0.7043 -0.3371
vn 0.6288 -0.7092 -0.3190
vn 0.1173 -0.7034 -0.7010
vn -0.6354 -0.7106 0.3022
vn -0.1025 -0.7026 -0.7042
vn -0.8555 -0.3083 0.4160
vn -0.6842 -0.3110 0.6596
vn -0.6634 -0.2997 -0.6856
vn -0.8420 -0.3011 -0.4477
vn 0.9404 -0.3102 -0.1389
vn 0.8523 -0.3075 -0.4231
vn 0.1611 -0.3006 -0.9400
vn -0.1361 -0.2995 -0.9443
vn -0.4202 -0.2992 -0.8567
vn -0.9431 -0.3056 0.1314
vn -0.9384 -0.3031 -0.1662
vn 0.9365 -0.3127 0.1587
vn 0.6807 -0.3048 -0.6661
vn 0.4426 -0.3025 -0.8442
vn -0.4459 -0.3134 0.8384
vn -0.1639 -0.3152 0.9348
vn 0.1341 -0.3164 0.9391
vn 0.4188 -0.3167 0.8511
vn 0.1151 -0.5746 0.8103
vn 0.3600 -0.5802 0.7305
vn 0.1235 -0.6667 -0.7350
vn 0.3421 -0.6682 -0.6606
vn 0.5271 -0.6703 -0.5223
vn 0.6604 -0.6727 -0.3336
vn 0.7290 -0.6752 -0.1129
vn 0.7259 -0.6775 0.1184
vn 0.6516 -0.6794 0.3375
vn 0.5130 -0.6807 0.5229
vn 0.3238 -0.6814 0.6564
vn 0.1026 -0.6812 0.7249
vn -0.1290 -0.6803 0.7215
vn -0.6664 -0.6743 0.3183
vn -0.7343 -0.6718 0.0971
vn -0.7306 -0.6695 -0.1341
vn -0.6557 -0.6676 -0.3527
vn -0.5170 -0.6663 -0.5374
vn 0.5913 0.5751 -0.5654
vn 0.7424 0.5669 -0.3571
vn -0.5727 0.5741 -0.5852
vn 0.8099 -0.5735 -0.1233
vn 0.7373 -0.5653 -0.3699
vn -0.5759 -0.5582 -0.5973
vn -0.7424 -0.5669 0.3571
vn 0.8102 -0.5705 0.1342
vn 0.7238 -0.5781 0.3766
vn 0.5859 -0.5682 -0.5779
vn 0.3823 -0.5604 -0.7347
vn -0.5913 -0.5751 0.5654
vn -0.3875 -0.5718 0.7231
vn -0.1425 -0.5791 0.8027
vn 0.5727 -0.5741 0.5852
vn -0.8102 0.5705 -0.1342
vn -0.8099 0.5735 0.1232
vn 0.1425 0.5791 -0.8027
vn 0.5759 0.5582 0.5973
vn 0.3635 0.5630 0.7422
vn 0.8141 0.5617 0.1473
vn 0.7273 0.5651 0.3895
vn 0.3875 0.5718 -0.7231
vn -0.1378 0.5642 0.8141
vn 0.1191 0.5577 0.8215
vn -0.7238 0.5781 -0.3766
vn 0.8145 0.5697 -0.1099
vn -0.7373 0.5653 0.3699
vn 0.8843 -0.0089 0.4669
vn 0.9853 -0.0058 0.1708
vn 0.9899 -0.0021 -0.1421
vn -0.8975 -0.0018 0.4410
vn -0.7173 -0.0055 0.6967
vn 0.6967 -0.0111 0.7173
vn 0.4410 -0.0122 0.8974
vn 0.7173 0.0055 -0.6967
vn 0.4669 0.0087 -0.8843
vn -0.4669 -0.0087 0.8843
vn -0.1708 -0.0109 0.9852
vn 0.8975 0.0018 -0.4410
vn 0.1420 -0.0122 0.9898
vn -0.6967 0.0111 -0.7173
vt 0.684470 0.522520
vt 0.681579 0.531555
vt 0.689466 0.528058
vt 0.688966 0.522893
vt 0.274552 0.310477
vt 0.277765 0.310590
vt 0.277877 0.307421
vt 0.274417 0.307441
vt 0.457596 0.003402
vt 0.459015 0.009693
vt 0.467727 0.010179
vt 0.466442 0.004406
vt 0.468897 0.016580
vt 0.477622 0.016308
vt 0.478662 0.022837
vt 0.469458 0.023061
vt 0.476159 0.011368
vt 0.473255 0.005545
vt 0.472832 0.004900
vt 0.452461 0.003002
vt 0.453396 0.009629
vt 0.477208 0.028075
vt 0.468991 0.029118
vt 0.474432 0.031817
vt 0.468701 0.033480
vt 0.461263 0.035226
vt 0.461001 0.030300
vt 0.461163 0.023680
vt 0.460581 0.016757
vt 0.453864 0.041294
vt 0.455468 0.031817
vt 0.475498 0.064932
vt 0.474875 0.061690
vt 0.472292 0.061366
vt 0.472751 0.060360
vt 0.472039 0.059726
vt 0.471770 0.056557
vt 0.477522 0.057348
vt 0.477498 0.065338
vt 0.465853 0.043526
vt 0.464715 0.043566
vt 0.463809 0.041918
vt 0.465259 0.041757
vt 0.466636 0.041620
vt 0.466835 0.042563
vt 0.465567 0.042657
vt 0.454638 0.017006
vt 0.715906 0.515133
vt 0.720009 0.517718
vt 0.723465 0.522151
vt 0.716001 0.530910
vt 0.713564 0.526997
vt 0.710426 0.523369
vt 0.705341 0.519643
vt 0.700433 0.516597
vt 0.705795 0.511463
vt 0.712002 0.513195
vt 0.438309 0.032240
vt 0.437313 0.039483
vt 0.431926 0.039060
vt 0.434095 0.032039
vt 0.438619 0.024696
vt 0.434925 0.024208
vt 0.440268 0.009636
vt 0.441903 0.017175
vt 0.437462 0.017059
vt 0.435485 0.009608
vt 0.450695 0.032328
vt 0.450662 0.040575
vt 0.446772 0.040054
vt 0.447154 0.032441
vt 0.707273 0.519693
vt 0.711968 0.521065
vt 0.430679 0.009626
vt 0.433140 0.016730
vt 0.434431 0.024225
vt 0.433588 0.031935
vt 0.431391 0.038899
vt 0.429120 0.046077
vt 0.426334 0.060553
vt 0.426177 0.065302
vt 0.426603 0.068905
vt 0.427424 0.071774
vt 0.428506 0.074130
vt 0.429766 0.076111
vt 0.431179 0.077823
vt 0.434637 0.080796
vt 0.439744 0.083594
vt 0.449236 0.086131
vt 0.454151 0.086240
vt 0.451857 0.089883
vt 0.430414 0.082100
vt 0.423052 0.069618
vt 0.427319 0.011018
vt 0.418555 0.005002
vt 0.427269 0.002797
vt 0.449110 0.047960
vt 0.451928 0.048624
vt 0.452822 0.054473
vt 0.449505 0.054442
vt 0.700250 0.519252
vt 0.705253 0.512224
vt 0.444301 0.009634
vt 0.445965 0.017175
vt 0.445278 0.053957
vt 0.445843 0.060694
vt 0.453763 0.056682
vt 0.445442 0.063943
vt 0.449904 0.065627
vt 0.448713 0.067438
vt 0.444193 0.066903
vt 0.474136 0.044633
vt 0.473561 0.043639
vt 0.471196 0.043324
vt 0.471034 0.044918
vt 0.471963 0.045459
vt 0.473491 0.045511
vt 0.507057 0.502686
vt 0.505796 0.500369
vt 0.502613 0.497672
vt 0.501974 0.497662
vt 0.504552 0.500370
vt 0.503400 0.500370
vt 0.504468 0.502785
vt 0.505223 0.504609
vt 0.507820 0.504472
vt 0.450550 0.081927
vt 0.441049 0.081880
vt 0.440020 0.083106
vt 0.449293 0.085599
vt 0.454141 0.085705
vt 0.451186 0.082120
vt 0.449340 0.079525
vt 0.450291 0.079779
vt 0.452067 0.082293
vt 0.206419 0.721517
vt 0.207688 0.724498
vt 0.207869 0.723617
vt 0.207095 0.721483
vt 0.324014 0.249392
vt 0.323913 0.247828
vt 0.323162 0.246914
vt 0.326247 0.247170
vt 0.325530 0.250705
vt 0.507210 0.512351
vt 0.508866 0.512043
vt 0.508948 0.509893
vt 0.507080 0.510503
vt 0.455519 0.069299
vt 0.456785 0.069271
vt 0.458181 0.068915
vt 0.458182 0.069704
vt 0.456539 0.069951
vt 0.454661 0.070091
vt 0.414991 0.021211
vt 0.415072 0.020277
vt 0.415713 0.019543
vt 0.415739 0.020335
vt 0.453239 0.080025
vt 0.453977 0.082399
vt 0.457204 0.077921
vt 0.456783 0.075699
vt 0.459157 0.075574
vt 0.459525 0.078016
vt 0.459852 0.080758
vt 0.457723 0.080560
vt 0.455560 0.080105
vt 0.454979 0.077815
vt 0.426249 0.087408
vt 0.432559 0.091149
vt 0.435983 0.092680
vt 0.446180 0.094425
vt 0.451033 0.094891
vt 0.453130 0.094841
vt 0.458807 0.095386
vt 0.462665 0.095304
vt 0.464586 0.095450
vt 0.464059 0.090838
vt 0.158976 0.293048
vt 0.158846 0.294311
vt 0.157838 0.293924
vt 0.157993 0.292753
vt 0.470087 0.044933
vt 0.470209 0.043281
vt 0.470491 0.043265
vt 0.470394 0.044854
vt 0.320896 0.307165
vt 0.335013 0.307081
vt 0.334975 0.304086
vt 0.320932 0.304128
vt 0.607904 0.083602
vt 0.608631 0.083781
vt 0.608283 0.081755
vt 0.607370 0.081819
vt 0.461643 0.039522
vt 0.460880 0.039453
vt 0.460780 0.039025
vt 0.461575 0.039000
vt 0.507193 0.513823
vt 0.508691 0.513683
vt 0.379623 0.067128
vt 0.378709 0.066858
vt 0.378635 0.066081
vt 0.378698 0.065046
vt 0.379613 0.064822
vt 0.205470 0.740737
vt 0.205496 0.735640
vt 0.204612 0.735907
vt 0.204567 0.741033
vt 0.995095 0.116531
vt 0.996313 0.116469
vt 0.995971 0.115763
vt 0.994717 0.115960
vt 0.465357 0.065204
vt 0.464641 0.066568
vt 0.462869 0.065779
vt 0.463780 0.064575
vt 0.464031 0.068031
vt 0.462165 0.066928
vt 0.454171 0.085584
vt 0.455060 0.085282
vt 0.456166 0.084924
vt 0.455702 0.082381
vt 0.725390 0.527211
vt 0.727046 0.537288
vt 0.720983 0.543363
vt 0.719551 0.536467
vt 0.454126 0.067805
vt 0.454979 0.064033
vt 0.451236 0.063713
vt 0.450387 0.065493
vt 0.449566 0.067318
vt 0.448954 0.069148
vt 0.451722 0.068980
vt 0.454138 0.068896
vt 0.454629 0.061642
vt 0.456056 0.059470
vt 0.457170 0.059898
vt 0.456081 0.061834
vt 0.459942 0.081050
vt 0.462191 0.080850
vt 0.461882 0.077756
vt 0.458151 0.082475
vt 0.458525 0.082507
vt 0.346797 0.004884
vt 0.347896 0.004848
vt 0.348904 0.004814
vt 0.349030 0.005749
vt 0.346748 0.005826
vt 0.456297 0.073714
vt 0.456057 0.071950
vt 0.458256 0.071509
vt 0.458692 0.073398
vt 0.449335 0.077968
vt 0.448514 0.076279
vt 0.447702 0.076354
vt 0.477633 0.069483
vt 0.477441 0.069366
vt 0.477580 0.068780
vt 0.478228 0.068590
vt 0.478002 0.069497
vt 0.471640 0.080623
vt 0.470837 0.081760
vt 0.470374 0.080004
vt 0.470739 0.084843
vt 0.468967 0.085805
vt 0.468123 0.080674
vt 0.468382 0.080306
vt 0.468132 0.080023
vt 0.466459 0.079898
vt 0.466376 0.077185
vt 0.467098 0.074737
vt 0.469678 0.074584
vt 0.473919 0.076894
vt 0.473603 0.078406
vt 0.476021 0.079045
vt 0.474685 0.080831
vt 0.472787 0.080165
vt 0.472688 0.080685
vt 0.476627 0.077088
vt 0.478504 0.078229
vt 0.477351 0.080041
vt 0.481494 0.460786
vt 0.480723 0.458399
vt 0.480624 0.458468
vt 0.479876 0.459272
vt 0.467057 0.073768
vt 0.467454 0.073547
vt 0.469331 0.073456
vt 0.469341 0.073653
vt 0.304314 0.173932
vt 0.302494 0.171233
vt 0.306762 0.170766
vt 0.306834 0.172928
vt 0.457309 0.082411
vt 0.471308 0.074101
vt 0.471104 0.073428
vt 0.474824 0.071976
vt 0.475009 0.072613
vt 0.475598 0.065759
vt 0.473962 0.065813
vt 0.472078 0.066808
vt 0.471429 0.066227
vt 0.473648 0.064943
vt 0.476920 0.066071
vt 0.822276 0.878353
vt 0.819893 0.879218
vt 0.819774 0.877810
vt 0.819902 0.876516
vt 0.820253 0.881772
vt 0.822344 0.881128
vt 0.822159 0.882358
vt 0.820168 0.882551
vt 0.820204 0.883404
vt 0.822066 0.883263
vt 0.822095 0.884122
vt 0.820412 0.884342
vt 0.822501 0.885175
vt 0.820667 0.885645
vt 0.477880 0.066702
vt 0.478194 0.067734
vt 0.477809 0.067841
vt 0.477587 0.066861
vt 0.298810 0.307296
vt 0.298883 0.304199
vt 0.464400 0.074607
vt 0.464235 0.077505
vt 0.475584 0.074616
vt 0.476708 0.071901
vt 0.476874 0.073494
vt 0.471436 0.071548
vt 0.471490 0.071788
vt 0.470034 0.072053
vt 0.470414 0.072817
vt 0.472860 0.071759
vt 0.471956 0.070790
vt 0.471135 0.073125
vt 0.470690 0.072939
vt 0.473393 0.071986
vt 0.474124 0.072033
vt 0.131012 0.002489
vt 0.130581 0.002704
vt 0.130653 0.003673
vt 0.131352 0.003534
vt 0.822993 0.885828
vt 0.822864 0.886559
vt 0.147408 0.008558
vt 0.148140 0.006861
vt 0.149566 0.006691
vt 0.149062 0.010143
vt 0.147266 0.010044
vt 0.476402 0.071444
vt 0.131503 0.004910
vt 0.130630 0.004873
vt 0.130631 0.006385
vt 0.131509 0.006575
vt 0.130780 0.008185
vt 0.131509 0.008484
vt 0.385636 0.012727
vt 0.384871 0.012505
vt 0.385235 0.011450
vt 0.385895 0.011566
vt 0.471467 0.067973
vt 0.470895 0.067807
vt 0.427052 0.060531
vt 0.426702 0.065272
vt 0.427096 0.068805
vt 0.433138 0.067742
vt 0.429914 0.046230
vt 0.470730 0.069112
vt 0.471375 0.069029
vt 0.471361 0.069957
vt 0.470725 0.070296
vt 0.385850 0.009578
vt 0.385347 0.009790
vt 0.385098 0.008969
vt 0.386004 0.008754
vt 0.382776 0.152433
vt 0.382521 0.152720
vt 0.382810 0.151110
vt 0.382977 0.151270
vt 0.383883 0.151484
vt 0.383732 0.152453
vt 0.168785 0.225451
vt 0.168271 0.228072
vt 0.169251 0.228273
vt 0.169689 0.225873
vt 0.168329 0.229385
vt 0.169299 0.229557
vt 0.469149 0.073019
vt 0.468845 0.072201
vt 0.458101 0.401917
vt 0.457984 0.400903
vt 0.457719 0.400742
vt 0.457981 0.401994
vt 0.995937 0.305620
vt 0.995367 0.305716
vt 0.995344 0.305219
vt 0.995917 0.305133
vt 0.306762 0.165777
vt 0.306502 0.168272
vt 0.302541 0.168272
vt 0.302464 0.166931
vt 0.302494 0.165310
vt 0.458153 0.402603
vt 0.458011 0.402458
vt 0.458161 0.403340
vt 0.458014 0.403423
vt 0.457900 0.405018
vt 0.458015 0.404133
vt 0.457903 0.404029
vt 0.457719 0.405133
vt 0.995455 0.222297
vt 0.996082 0.222295
vt 0.995984 0.222773
vt 0.995358 0.222773
vt 0.473220 0.067668
vt 0.472436 0.068093
vt 0.472548 0.067206
vt 0.474079 0.066387
vt 0.994800 0.222297
vt 0.994718 0.222725
vt 0.996061 0.259581
vt 0.995410 0.259591
vt 0.995329 0.260056
vt 0.995978 0.260056
vt 0.477076 0.067846
vt 0.475759 0.067574
vt 0.476359 0.066616
vt 0.477132 0.067104
vt 0.385095 0.009685
vt 0.384931 0.009129
vt 0.458111 0.479925
vt 0.458161 0.481494
vt 0.458019 0.481316
vt 0.457926 0.480095
vt 0.473004 0.068714
vt 0.472245 0.068890
vt 0.476917 0.069466
vt 0.476829 0.070128
vt 0.476188 0.070887
vt 0.475705 0.069617
vt 0.473345 0.071326
vt 0.472492 0.070311
vt 0.472313 0.069626
vt 0.472958 0.069758
vt 0.477067 0.068638
vt 0.474832 0.071491
vt 0.474377 0.069853
vt 0.820273 0.880862
vt 0.822533 0.879962
vt 0.130471 0.006540
vt 0.130597 0.007930
vt 0.994717 0.296356
vt 0.995299 0.296306
vt 0.995329 0.295891
vt 0.994732 0.295931
vt 0.996276 0.213763
vt 0.995507 0.213724
vt 0.995677 0.213543
vt 0.996252 0.213579
vt 0.477602 0.067724
vt 0.994786 0.259587
vt 0.994717 0.260006
vt 0.473610 0.068061
vt 0.473316 0.068676
vt 0.995775 0.126514
vt 0.996117 0.125808
vt 0.378375 0.067418
vt 0.994717 0.126576
vt 0.458132 0.477600
vt 0.458112 0.478599
vt 0.457930 0.478393
vt 0.457953 0.477648
vt 0.474249 0.067773
vt 0.474862 0.067998
vt 0.475085 0.068583
vt 0.474794 0.069197
vt 0.474151 0.069477
vt 0.473541 0.069252
vt 0.476076 0.081991
vt 0.477388 0.082562
vt 0.476234 0.082714
vt 0.480777 0.461691
vt 0.479158 0.460036
vt 0.472664 0.075566
vt 0.452502 0.077980
vt 0.349984 0.010476
vt 0.348123 0.010606
vt 0.346129 0.010606
vt 0.026834 0.499505
vt 0.026858 0.495056
vt 0.027656 0.495080
vt 0.027723 0.499470
vt 0.430190 0.075802
vt 0.434659 0.074885
vt 0.435613 0.076603
vt 0.431565 0.077465
vt 0.994744 0.305614
vt 0.994717 0.305133
vt 0.466766 0.084538
vt 0.467944 0.080646
vt 0.468374 0.086333
vt 0.466738 0.072485
vt 0.467137 0.073058
vt 0.465407 0.072873
vt 0.463464 0.071759
vt 0.384642 0.007518
vt 0.384897 0.007806
vt 0.385853 0.007786
vt 0.477305 0.070359
vt 0.476359 0.071185
vt 0.477003 0.070452
vt 0.465705 0.073770
vt 0.469408 0.064921
vt 0.469000 0.068471
vt 0.462275 0.081111
vt 0.465868 0.085607
vt 0.464462 0.086634
vt 0.463234 0.086650
vt 0.464038 0.062266
vt 0.462778 0.061710
vt 0.460716 0.065117
vt 0.459866 0.065022
vt 0.463469 0.059685
vt 0.477246 0.044299
vt 0.476333 0.045041
vt 0.476308 0.044718
vt 0.477076 0.044050
vt 0.472952 0.048601
vt 0.471630 0.048041
vt 0.471635 0.046664
vt 0.474410 0.044414
vt 0.473889 0.043586
vt 0.995787 0.030667
vt 0.995860 0.030959
vt 0.994718 0.030882
vt 0.994816 0.030596
vt 0.146333 0.017358
vt 0.146101 0.017100
vt 0.146180 0.018344
vt 0.146386 0.018394
vt 0.146101 0.019516
vt 0.146321 0.019265
vt 0.476503 0.042358
vt 0.476744 0.042979
vt 0.475747 0.042599
vt 0.475961 0.041964
vt 0.475391 0.043770
vt 0.475483 0.044239
vt 0.474860 0.044009
vt 0.474472 0.043487
vt 0.476137 0.044100
vt 0.475450 0.043140
vt 0.474414 0.042826
vt 0.474714 0.042237
vt 0.475291 0.041915
vt 0.475304 0.044841
vt 0.475176 0.045154
vt 0.477359 0.043072
vt 0.477069 0.042097
vt 0.477318 0.042041
vt 0.477613 0.043181
vt 0.474386 0.041740
vt 0.474259 0.041548
vt 0.474908 0.041231
vt 0.475167 0.041352
vt 0.146434 0.016599
vt 0.146133 0.014985
vt 0.148432 0.015565
vt 0.148375 0.021059
vt 0.817275 0.903778
vt 0.819581 0.904229
vt 0.819422 0.905537
vt 0.817196 0.904701
vt 0.471162 0.038716
vt 0.472810 0.038935
vt 0.472551 0.040474
vt 0.471165 0.040411
vt 0.470873 0.045797
vt 0.470446 0.045768
vt 0.470632 0.044877
vt 0.473620 0.040685
vt 0.474419 0.039831
vt 0.996825 0.030699
vt 0.996980 0.030959
vt 0.816901 0.908455
vt 0.814752 0.908381
vt 0.814963 0.904569
vt 0.137622 0.007563
vt 0.137740 0.009244
vt 0.137866 0.010926
vt 0.137292 0.010433
vt 0.137149 0.008981
vt 0.137022 0.007530
vt 0.465700 0.073573
vt 0.465400 0.072978
vt 0.467250 0.073180
vt 0.126184 0.453602
vt 0.127220 0.453341
vt 0.128609 0.457065
vt 0.127434 0.457371
vt 0.126813 0.455491
vt 0.168558 0.225171
vt 0.168074 0.227824
vt 0.471903 0.068161
vt 0.472454 0.066921
vt 0.472694 0.067084
vt 0.472340 0.068193
vt 0.472174 0.070378
vt 0.471886 0.069826
vt 0.472265 0.069765
vt 0.472386 0.070229
vt 0.474499 0.071584
vt 0.473532 0.071479
vt 0.477120 0.069353
vt 0.476800 0.070312
vt 0.476295 0.070879
vt 0.994743 0.170677
vt 0.994717 0.171315
vt 0.995188 0.171773
vt 0.995886 0.171756
vt 0.996392 0.171295
vt 0.169192 0.233323
vt 0.168936 0.231537
vt 0.168616 0.231376
vt 0.169010 0.233303
vt 0.995242 0.170219
vt 0.996404 0.170675
vt 0.995931 0.170219
vt 0.384642 0.012580
vt 0.385026 0.011349
vt 0.995917 0.296356
vt 0.995945 0.295920
vt 0.995612 0.332835
vt 0.994717 0.332835
vt 0.994821 0.332652
vt 0.995414 0.332657
vt 0.385373 0.010555
vt 0.385135 0.010665
vt 0.994845 0.213763
vt 0.994718 0.213614
vt 0.997750 0.011865
vt 0.996241 0.011865
vt 0.996528 0.012170
vt 0.997520 0.012102
vt 0.476653 0.066274
vt 0.477450 0.067089
vt 0.476443 0.066309
vt 0.168113 0.229360
vt 0.996260 0.196251
vt 0.995467 0.196274
vt 0.995294 0.196091
vt 0.996365 0.196069
vt 0.477230 0.068763
vt 0.994717 0.196255
vt 0.994794 0.196069
vt 0.458161 0.476812
vt 0.458009 0.476680
vt 0.414993 0.018245
vt 0.414991 0.016097
vt 0.415318 0.015973
vt 0.415538 0.017796
vt 0.456727 0.061967
vt 0.455670 0.064027
vt 0.454991 0.068635
vt 0.452872 0.061408
vt 0.461404 0.068037
vt 0.460499 0.067293
vt 0.473339 0.049752
vt 0.472401 0.050215
vt 0.477830 0.048702
vt 0.477222 0.047511
vt 0.476875 0.046193
vt 0.994852 0.011979
vt 0.994717 0.012145
vt 0.469374 0.071413
vt 0.457252 0.062175
vt 0.456222 0.064060
vt 0.151195 0.006679
vt 0.152624 0.006829
vt 0.153379 0.008516
vt 0.153543 0.010000
vt 0.151748 0.010124
vt 0.612622 0.097571
vt 0.612602 0.089377
vt 0.612591 0.088331
vt 0.610637 0.087473
vt 0.610650 0.096807
vt 0.607296 0.088331
vt 0.609249 0.087473
vt 0.609257 0.087301
vt 0.607225 0.087477
vt 0.449928 0.017139
vt 0.994885 0.136549
vt 0.995800 0.136581
vt 0.997273 0.135754
vt 0.994717 0.135754
vt 0.152065 0.003623
vt 0.464698 0.039251
vt 0.814744 0.877449
vt 0.816473 0.877323
vt 0.816391 0.878799
vt 0.812865 0.878829
vt 0.813139 0.877443
vt 0.383774 0.148673
vt 0.383922 0.149725
vt 0.383729 0.150661
vt 0.383226 0.150449
vt 0.383251 0.149684
vt 0.383113 0.148788
vt 0.062494 0.608837
vt 0.059966 0.601056
vt 0.059966 0.592874
vt 0.054892 0.592074
vt 0.054892 0.601858
vt 0.057916 0.611162
vt 0.456686 0.066807
vt 0.457783 0.064709
vt 0.458847 0.062902
vt 0.459787 0.063241
vt 0.458799 0.064884
vt 0.459115 0.066758
vt 0.457903 0.066786
vt 0.130475 0.004705
vt 0.443327 0.075262
vt 0.446989 0.076429
vt 0.446645 0.074818
vt 0.446511 0.073345
vt 0.443021 0.073610
vt 0.226801 0.288472
vt 0.226801 0.284906
vt 0.229081 0.285954
vt 0.228370 0.287677
vt 0.453901 0.074045
vt 0.451475 0.074258
vt 0.451950 0.076080
vt 0.447967 0.074687
vt 0.447791 0.073046
vt 0.464996 0.040774
vt 0.462239 0.041309
vt 0.466388 0.039435
vt 0.466478 0.040588
vt 0.130659 0.456591
vt 0.131509 0.456489
vt 0.131069 0.457755
vt 0.130324 0.458010
vt 0.129442 0.458219
vt 0.129694 0.456889
vt 0.469409 0.045124
vt 0.469397 0.043339
vt 0.609943 0.087296
vt 0.609943 0.086005
vt 0.609266 0.085969
vt 0.469280 0.046218
vt 0.470200 0.045904
vt 0.463547 0.063112
vt 0.460011 0.066390
vt 0.460771 0.066134
vt 0.461455 0.065175
vt 0.462214 0.063916
vt 0.462807 0.064150
vt 0.020976 0.280827
vt 0.020317 0.280774
vt 0.019589 0.282524
vt 0.607322 0.085840
vt 0.468232 0.043404
vt 0.468096 0.042479
vt 0.467967 0.041521
vt 0.811783 0.883864
vt 0.812093 0.882955
vt 0.812223 0.882111
vt 0.816201 0.882241
vt 0.816076 0.884492
vt 0.469320 0.042413
vt 0.470181 0.046210
vt 0.470449 0.048874
vt 0.477461 0.070732
vt 0.469305 0.063520
vt 0.470953 0.063641
vt 0.470136 0.060359
vt 0.471407 0.060163
vt 0.467279 0.045360
vt 0.465047 0.045205
vt 0.464973 0.046058
vt 0.464654 0.047102
vt 0.466088 0.047661
vt 0.466181 0.046396
vt 0.467313 0.046380
vt 0.464216 0.080512
vt 0.466469 0.080226
vt 0.468069 0.080350
vt 0.021211 0.290593
vt 0.020971 0.289538
vt 0.020755 0.289670
vt 0.020981 0.290554
vt 0.470606 0.056460
vt 0.469423 0.056420
vt 0.469579 0.057747
vt 0.468386 0.057826
vt 0.468882 0.060482
vt 0.467597 0.060511
vt 0.467721 0.061823
vt 0.467035 0.065988
vt 0.464532 0.063506
vt 0.457823 0.060210
vt 0.456962 0.064366
vt 0.457992 0.062523
vt 0.465013 0.062554
vt 0.466408 0.061696
vt 0.465265 0.061585
vt 0.445946 0.047226
vt 0.446844 0.002614
vt 0.455110 0.067443
vt 0.455518 0.065794
vt 0.456095 0.066273
vt 0.455433 0.068171
vt 0.812982 0.874237
vt 0.814798 0.874289
vt 0.816644 0.874237
vt 0.814749 0.876128
vt 0.813154 0.876142
vt 0.454673 0.067825
vt 0.458886 0.082568
vt 0.460059 0.081341
vt 0.461229 0.085727
vt 0.459598 0.085229
vt 0.459265 0.085157
vt 0.451707 0.070398
vt 0.158433 0.294835
vt 0.157389 0.294374
vt 0.423578 0.085077
vt 0.421497 0.082524
vt 0.417225 0.075816
vt 0.415741 0.071464
vt 0.415152 0.066033
vt 0.417131 0.052004
vt 0.424239 0.030005
vt 0.424882 0.024568
vt 0.423877 0.019118
vt 0.415162 0.008784
vt 0.415152 0.005571
vt 0.428965 0.073880
vt 0.427909 0.071595
vt 0.447746 0.069512
vt 0.443433 0.069456
vt 0.457669 0.084879
vt 0.159017 0.291654
vt 0.158102 0.291431
vt 0.469001 0.070218
vt 0.466418 0.069320
vt 0.466224 0.071206
vt 0.448296 0.070900
vt 0.454384 0.075787
vt 0.820284 0.874642
vt 0.822632 0.877240
vt 0.817368 0.902848
vt 0.819453 0.903034
vt 0.471655 0.049630
vt 0.468335 0.051932
vt 0.469027 0.048847
vt 0.154467 0.016542
vt 0.154746 0.018283
vt 0.154842 0.019454
vt 0.152590 0.021029
vt 0.152455 0.015536
vt 0.154745 0.014924
vt 0.128714 0.453448
vt 0.129213 0.455172
vt 0.455889 0.068729
vt 0.457063 0.068707
vt 0.461247 0.066348
vt 0.458390 0.068266
vt 0.158039 0.290395
vt 0.157389 0.289808
vt 0.157779 0.289058
vt 0.158113 0.289618
vt 0.127392 0.459860
vt 0.127712 0.459611
vt 0.128416 0.459452
vt 0.128298 0.460667
vt 0.128020 0.461623
vt 0.127162 0.460774
vt 0.451055 0.063811
vt 0.459430 0.067523
vt 0.465636 0.051722
vt 0.466733 0.048776
vt 0.114800 0.753929
vt 0.111807 0.753727
vt 0.111882 0.760125
vt 0.114875 0.760265
vt 0.461961 0.065341
vt 0.468062 0.055025
vt 0.466578 0.055152
vt 0.467154 0.057985
vt 0.466012 0.058164
vt 0.466275 0.059371
vt 0.467405 0.059255
vt 0.682300 0.542575
vt 0.681182 0.538362
vt 0.680726 0.531934
vt 0.687167 0.523971
vt 0.687977 0.529061
vt 0.689501 0.534860
vt 0.691510 0.539121
vt 0.694222 0.543098
vt 0.687666 0.551384
vt 0.684013 0.547111
vt 0.169689 0.232052
vt 0.469174 0.073220
vt 0.994743 0.164968
vt 0.996392 0.165586
vt 0.995886 0.166047
vt 0.995188 0.166063
vt 0.994717 0.165605
vt 0.476609 0.043630
vt 0.029696 0.500584
vt 0.454499 0.058722
vt 0.478013 0.044231
vt 0.994717 0.278042
vt 0.994796 0.277746
vt 0.996024 0.277749
vt 0.995784 0.278042
vt 0.995724 0.029921
vt 0.996389 0.029814
vt 0.996904 0.029710
vt 0.997565 0.030322
vt 0.476202 0.041431
vt 0.995125 0.030005
vt 0.206934 0.719492
vt 0.206949 0.717989
vt 0.204769 0.717861
vt 0.204754 0.719340
vt 0.786891 0.516936
vt 0.786934 0.512191
vt 0.786020 0.512158
vt 0.786028 0.516908
vt 0.149157 0.012277
vt 0.150381 0.006682
vt 0.150393 0.008461
vt 0.150420 0.012232
vt 0.150421 0.012419
vt 0.149228 0.012469
vt 0.148653 0.003647
vt 0.148707 0.002840
vt 0.150353 0.002748
vt 0.150359 0.003673
vt 0.995242 0.164509
vt 0.995931 0.164509
vt 0.996404 0.164965
vt 0.560655 0.009626
vt 0.562096 0.016969
vt 0.561180 0.016845
vt 0.559854 0.009629
vt 0.711698 0.941818
vt 0.711952 0.947075
vt 0.710285 0.947062
vt 0.710168 0.941928
vt 0.207035 0.716765
vt 0.206798 0.716359
vt 0.204768 0.715953
vt 0.207000 0.712412
vt 0.206960 0.711183
vt 0.204540 0.711065
vt 0.204561 0.712337
vt 0.209256 0.504242
vt 0.209991 0.497095
vt 0.209133 0.497151
vt 0.208356 0.504304
vt 0.655144 0.806092
vt 0.655425 0.800373
vt 0.653574 0.800336
vt 0.653397 0.806075
vt 0.609943 0.083823
vt 0.610621 0.085969
vt 0.610622 0.084484
vt 0.611255 0.083781
vt 0.711239 0.938043
vt 0.709400 0.937550
vt 0.609943 0.087439
vt 0.609943 0.092731
vt 0.609763 0.094660
vt 0.609760 0.096834
vt 0.786934 0.508662
vt 0.786924 0.505878
vt 0.786016 0.505695
vt 0.786016 0.508559
vt 0.654791 0.813517
vt 0.653223 0.813481
vt 0.558994 0.003783
vt 0.558994 0.003811
vt 0.558994 0.009618
vt 0.558135 0.009629
vt 0.557334 0.009626
vt 0.207034 0.720596
vt 0.204721 0.720439
vt 0.081817 0.266995
vt 0.082680 0.266967
vt 0.506809 0.508510
vt 0.509068 0.508137
vt 0.508562 0.506303
vt 0.506018 0.506429
vt 0.818178 0.877639
vt 0.818319 0.876326
vt 0.205603 0.726350
vt 0.205695 0.721502
vt 0.204794 0.721482
vt 0.204697 0.726397
vt 0.609943 0.081836
vt 0.385738 0.671140
vt 0.384835 0.670763
vt 0.384862 0.674242
vt 0.385765 0.674539
vt 0.653210 0.820872
vt 0.652294 0.820478
vt 0.385791 0.679635
vt 0.384907 0.679369
vt 0.384992 0.688879
vt 0.385898 0.688925
vt 0.477246 0.067696
vt 0.477230 0.067201
vt 0.476276 0.066513
vt 0.475543 0.066329
vt 0.473875 0.066458
vt 0.473802 0.066211
vt 0.475607 0.066096
vt 0.465885 0.089353
vt 0.464550 0.088632
vt 0.150484 0.021211
vt 0.150444 0.015670
vt 0.786917 0.501687
vt 0.786916 0.500034
vt 0.786016 0.499673
vt 0.786016 0.501375
vt 0.786919 0.503600
vt 0.786016 0.503347
vt 0.207947 0.526698
vt 0.208490 0.519119
vt 0.207348 0.518975
vt 0.206689 0.526434
vt 0.165447 0.002875
vt 0.160568 0.003526
vt 0.161311 0.010289
vt 0.162585 0.009944
vt 0.165168 0.003565
vt 0.724836 0.321360
vt 0.722197 0.313240
vt 0.722726 0.312971
vt 0.725422 0.321267
vt 0.725422 0.329990
vt 0.724836 0.329897
vt 0.208784 0.511268
vt 0.207783 0.511262
vt 0.364490 0.168994
vt 0.362605 0.169689
vt 0.363343 0.167873
vt 0.364694 0.167374
vt 0.307403 0.165805
vt 0.307562 0.168272
vt 0.712282 0.953607
vt 0.712449 0.958543
vt 0.710348 0.958354
vt 0.710371 0.953596
vt 0.207128 0.533816
vt 0.205854 0.533471
vt 0.204923 0.720704
vt 0.204839 0.721138
vt 0.454405 0.058712
vt 0.454491 0.058733
vt 0.454395 0.059266
vt 0.454427 0.058689
vt 0.466741 0.086312
vt 0.465434 0.048646
vt 0.705685 0.946923
vt 0.705825 0.941629
vt 0.470404 0.039113
vt 0.470150 0.039120
vt 0.650108 0.800153
vt 0.650108 0.805983
vt 0.467603 0.089623
vt 0.467866 0.087777
vt 0.468339 0.088940
vt 0.705942 0.937189
vt 0.733897 0.856716
vt 0.733907 0.865151
vt 0.731987 0.865151
vt 0.731977 0.856716
vt 0.650108 0.813314
vt 0.131335 0.451979
vt 0.131509 0.452529
vt 0.131371 0.453652
vt 0.130139 0.453620
vt 0.650108 0.820234
vt 0.468363 0.090569
vt 0.465844 0.090796
vt 0.682195 0.512095
vt 0.679628 0.509804
vt 0.681809 0.507674
vt 0.689480 0.517069
vt 0.687494 0.518999
vt 0.705032 0.552930
vt 0.698665 0.548762
vt 0.693298 0.552871
vt 0.699699 0.554951
vt 0.558994 0.016675
vt 0.718194 0.548980
vt 0.719820 0.550499
vt 0.724091 0.544569
vt 0.721856 0.543775
vt 0.718403 0.546578
vt 0.452787 0.054445
vt 0.464543 0.038031
vt 0.461533 0.038264
vt 0.461582 0.038261
vt 0.464676 0.038037
vt 0.466324 0.037723
vt 0.812608 0.908217
vt 0.810691 0.908076
vt 0.810488 0.906942
vt 0.479373 0.046923
vt 0.454931 0.086139
vt 0.455194 0.086099
vt 0.455345 0.089693
vt 0.453698 0.089773
vt 0.454475 0.058694
vt 0.454718 0.058946
vt 0.460605 0.038568
vt 0.460925 0.038374
vt 0.150428 0.013415
vt 0.152433 0.013410
vt 0.459999 0.052351
vt 0.458955 0.054518
vt 0.459164 0.054672
vt 0.460246 0.052476
vt 0.151616 0.012452
vt 0.151861 0.012602
vt 0.150421 0.012380
vt 0.994717 0.394093
vt 0.994907 0.394093
vt 0.994759 0.394082
vt 0.460028 0.055263
vt 0.459048 0.060873
vt 0.454496 0.086146
vt 0.364060 0.166033
vt 0.364832 0.166033
vt 0.467639 0.089624
vt 0.465843 0.090795
vt 0.468397 0.090567
vt 0.460978 0.050430
vt 0.461223 0.050559
vt 0.705381 0.958392
vt 0.705509 0.953559
vt 0.724310 0.537068
vt 0.496739 0.512351
vt 0.496869 0.510503
vt 0.495000 0.509893
vt 0.495083 0.512043
vt 0.026378 0.495080
vt 0.027017 0.494985
vt 0.027017 0.495007
vt 0.027176 0.495056
vt 0.500548 0.500370
vt 0.501974 0.497682
vt 0.499397 0.500370
vt 0.207312 0.725132
vt 0.460686 0.038617
vt 0.461494 0.038382
vt 0.150599 0.290593
vt 0.149572 0.287831
vt 0.148523 0.287756
vt 0.148977 0.288819
vt 0.150364 0.290517
vt 0.127471 0.451321
vt 0.129856 0.451972
vt 0.331621 0.282188
vt 0.333385 0.284230
vt 0.334333 0.282563
vt 0.331669 0.280724
vt 0.234309 0.139062
vt 0.234886 0.140021
vt 0.235444 0.140014
vt 0.234667 0.138317
vt 0.475153 0.084847
vt 0.474542 0.084782
vt 0.127184 0.450624
vt 0.327049 0.246353
vt 0.329351 0.247440
vt 0.330894 0.248864
vt 0.330111 0.249642
vt 0.137796 0.004075
vt 0.137664 0.005276
vt 0.137072 0.005727
vt 0.137200 0.004809
vt 0.405086 0.540289
vt 0.406476 0.536565
vt 0.407560 0.536741
vt 0.407080 0.538459
vt 0.406580 0.540182
vt 0.234152 0.140204
vt 0.232589 0.139817
vt 0.232801 0.140985
vt 0.233989 0.141346
vt 0.473714 0.085217
vt 0.473969 0.086483
vt 0.474224 0.087747
vt 0.474821 0.089503
vt 0.475511 0.090013
vt 0.474733 0.087686
vt 0.474440 0.086219
vt 0.260897 0.033414
vt 0.260897 0.030514
vt 0.260342 0.031515
vt 0.475658 0.091082
vt 0.474978 0.090373
vt 0.153866 0.013326
vt 0.154748 0.013275
vt 0.130400 0.455106
vt 0.131439 0.455071
vt 0.475182 0.086809
vt 0.476023 0.086796
vt 0.476893 0.088735
vt 0.475823 0.088824
vt 0.431169 0.009422
vt 0.433631 0.016604
vt 0.404050 0.540029
vt 0.404679 0.538140
vt 0.405301 0.536259
vt 0.331624 0.279807
vt 0.334241 0.280910
vt 0.334181 0.279013
vt 0.331609 0.278697
vt 0.137873 0.013722
vt 0.137315 0.012967
vt 0.406282 0.534178
vt 0.407064 0.534088
vt 0.407309 0.535411
vt 0.406390 0.535258
vt 0.405454 0.535031
vt 0.405579 0.534019
vt 0.332296 0.277165
vt 0.334495 0.277390
vt 0.334743 0.276077
vt 0.332989 0.275548
vt 0.190650 0.439071
vt 0.190682 0.437425
vt 0.189574 0.437329
vt 0.233176 0.143216
vt 0.233604 0.144236
vt 0.234249 0.143306
vt 0.994717 0.059785
vt 0.995444 0.060525
vt 0.473559 0.081849
vt 0.473280 0.082794
vt 0.472552 0.081593
vt 0.475459 0.091570
vt 0.474850 0.090803
vt 0.471666 0.091502
vt 0.472358 0.091325
vt 0.473663 0.092755
vt 0.472883 0.092844
vt 0.327897 0.253412
vt 0.327563 0.252825
vt 0.326791 0.253773
vt 0.327046 0.254511
vt 0.476112 0.090196
vt 0.476753 0.089971
vt 0.477015 0.090993
vt 0.476402 0.091204
vt 0.130002 0.459427
vt 0.129197 0.459543
vt 0.473041 0.091025
vt 0.474167 0.092047
vt 0.129973 0.460922
vt 0.130646 0.459019
vt 0.130773 0.460349
vt 0.192532 0.439071
vt 0.192078 0.437481
vt 0.193022 0.438400
vt 0.192938 0.437189
vt 0.129141 0.461203
vt 0.128963 0.462404
vt 0.191128 0.434616
vt 0.190877 0.435863
vt 0.191944 0.435962
vt 0.192020 0.434607
vt 0.189895 0.435838
vt 0.192815 0.436043
vt 0.130012 0.462300
vt 0.130889 0.461517
vt 0.475086 0.092275
vt 0.474804 0.092958
vt 0.475947 0.092087
vt 0.475872 0.093017
vt 0.406164 0.532963
vt 0.405258 0.533770
vt 0.405028 0.532857
vt 0.405887 0.532008
vt 0.409201 0.541651
vt 0.408005 0.540010
vt 0.409238 0.539978
vt 0.409376 0.541101
vt 0.067303 0.578474
vt 0.073922 0.573665
vt 0.081703 0.571136
vt 0.080885 0.566081
vt 0.071581 0.569104
vt 0.063666 0.574855
vt 0.326574 0.252650
vt 0.328335 0.251877
vt 0.327145 0.251463
vt 0.233580 0.142281
vt 0.234909 0.142376
vt 0.323870 0.250818
vt 0.325036 0.252423
vt 0.234895 0.141199
vt 0.128524 0.458372
vt 0.127588 0.458599
vt 0.198250 0.130801
vt 0.198620 0.131509
vt 0.199385 0.129849
vt 0.198827 0.129841
vt 0.323718 0.246375
vt 0.324003 0.254534
vt 0.324543 0.254141
vt 0.323687 0.252282
vt 0.323258 0.253127
vt 0.325664 0.254534
vt 0.326002 0.253837
vt 0.323088 0.251418
vt 0.408190 0.535620
vt 0.408936 0.535875
vt 0.409376 0.537141
vt 0.408525 0.537039
vt 0.137583 0.014848
vt 0.137022 0.013963
vt 0.474958 0.091717
vt 0.474169 0.091404
vt 0.473882 0.090630
vt 0.474476 0.090955
vt 0.232375 0.142095
vt 0.471751 0.081469
vt 0.470693 0.084548
vt 0.474146 0.084741
vt 0.137773 0.006659
vt 0.137811 0.008644
vt 0.473118 0.090189
vt 0.471845 0.087895
vt 0.472008 0.088808
vt 0.471175 0.085005
vt 0.471712 0.086448
vt 0.472518 0.087264
vt 0.471783 0.085228
vt 0.471083 0.082477
vt 0.472704 0.085103
vt 0.473376 0.087104
vt 0.474025 0.088569
vt 0.473248 0.088725
vt 0.472249 0.087892
vt 0.473196 0.089701
vt 0.473883 0.090082
vt 0.474561 0.089931
vt 0.095199 0.206502
vt 0.094600 0.206536
vt 0.094727 0.205085
vt 0.094869 0.203633
vt 0.095443 0.203140
vt 0.095318 0.204821
vt 0.471269 0.086221
vt 0.471374 0.086826
vt 0.499480 0.502785
vt 0.501335 0.497672
vt 0.498152 0.500369
vt 0.496891 0.502686
vt 0.496128 0.504472
vt 0.498725 0.504609
vt 0.470095 0.087743
vt 0.469436 0.087964
vt 0.232375 0.138649
vt 0.459294 0.085513
vt 0.458893 0.085093
vt 0.818329 0.894275
vt 0.695823 0.513250
vt 0.695289 0.517730
vt 0.441881 0.039677
vt 0.440915 0.046655
vt 0.688899 0.539902
vt 0.820215 0.894414
vt 0.507104 0.515431
vt 0.463279 0.088403
vt 0.456293 0.086172
vt 0.457772 0.086333
vt 0.459672 0.087305
vt 0.452870 0.061409
vt 0.446768 0.071499
vt 0.434943 0.080366
vt 0.386714 0.693759
vt 0.387390 0.693792
vt 0.388164 0.691659
vt 0.387983 0.690777
vt 0.497139 0.508510
vt 0.497930 0.506429
vt 0.495386 0.506303
vt 0.494880 0.508137
vt 0.329223 0.250760
vt 0.364084 0.138997
vt 0.364832 0.139873
vt 0.364806 0.140666
vt 0.364165 0.139932
vt 0.379572 0.063429
vt 0.378589 0.063724
vt 0.378434 0.062553
vt 0.379442 0.062166
vt 0.609265 0.084484
vt 0.607290 0.084199
vt 0.611983 0.083602
vt 0.612516 0.081819
vt 0.611604 0.081755
vt 0.158733 0.288601
vt 0.159027 0.289349
vt 0.996939 0.115664
vt 0.996992 0.126576
vt 0.997370 0.126005
vt 0.205443 0.744136
vt 0.204540 0.744512
vt 0.812729 0.904454
vt 0.812754 0.903528
vt 0.812763 0.902593
vt 0.812755 0.893966
vt 0.811386 0.885131
vt 0.471222 0.089788
vt 0.474531 0.454601
vt 0.476225 0.456029
vt 0.476936 0.455191
vt 0.476992 0.455085
vt 0.207124 0.714424
vt 0.207072 0.716059
vt 0.304314 0.162612
vt 0.306834 0.163615
vt 0.496137 0.515352
vt 0.496845 0.515431
vt 0.496755 0.513823
vt 0.810592 0.877706
vt 0.812224 0.881327
vt 0.810266 0.881699
vt 0.810218 0.880457
vt 0.810135 0.883459
vt 0.810258 0.882608
vt 0.809614 0.884461
vt 0.467875 0.039226
vt 0.169192 0.116661
vt 0.169532 0.115617
vt 0.168833 0.115477
vt 0.168761 0.116446
vt 0.809101 0.885796
vt 0.809053 0.885056
vt 0.810866 0.893896
vt 0.130497 0.003857
vt 0.169683 0.114241
vt 0.169689 0.112576
vt 0.168811 0.112766
vt 0.168811 0.114278
vt 0.169689 0.110666
vt 0.168960 0.110966
vt 0.383515 0.147512
vt 0.382750 0.147734
vt 0.386043 0.010514
vt 0.204844 0.330614
vt 0.205748 0.330192
vt 0.205310 0.327792
vt 0.204330 0.327993
vt 0.205358 0.326508
vt 0.204388 0.326680
vt 0.415679 0.032762
vt 0.415559 0.032685
vt 0.415297 0.033938
vt 0.415562 0.033776
vt 0.994718 0.315098
vt 0.994738 0.314611
vt 0.995311 0.314697
vt 0.995288 0.315194
vt 0.415730 0.032076
vt 0.415588 0.032221
vt 0.415739 0.031340
vt 0.415592 0.031257
vt 0.415478 0.029662
vt 0.415297 0.029546
vt 0.415481 0.030651
vt 0.415593 0.030546
vt 0.995345 0.231564
vt 0.995442 0.232040
vt 0.994815 0.232040
vt 0.994717 0.231562
vt 0.996000 0.231564
vt 0.996082 0.231991
vt 0.994717 0.250319
vt 0.994800 0.250794
vt 0.995449 0.250794
vt 0.995368 0.250329
vt 0.382974 0.150554
vt 0.409325 0.304316
vt 0.409140 0.304147
vt 0.409233 0.302926
vt 0.409376 0.302748
vt 0.475379 0.066343
vt 0.812305 0.880421
vt 0.810159 0.879276
vt 0.168777 0.111220
vt 0.168651 0.112611
vt 0.995945 0.287115
vt 0.995931 0.286690
vt 0.995334 0.286650
vt 0.995363 0.287065
vt 0.994718 0.205011
vt 0.994742 0.204827
vt 0.995317 0.204790
vt 0.995487 0.204971
vt 0.153709 0.012273
vt 0.153771 0.012527
vt 0.151683 0.012259
vt 0.996061 0.250744
vt 0.995992 0.250326
vt 0.409346 0.306642
vt 0.409167 0.306594
vt 0.409144 0.305849
vt 0.409326 0.305643
vt 0.473717 0.455419
vt 0.475551 0.456831
vt 0.995937 0.314611
vt 0.995911 0.315093
vt 0.996495 0.041478
vt 0.997466 0.041408
vt 0.997565 0.041693
vt 0.996422 0.041770
vt 0.154579 0.017300
vt 0.154541 0.018336
vt 0.154807 0.017039
vt 0.154618 0.019206
vt 0.818822 0.908527
vt 0.819057 0.909679
vt 0.816775 0.909959
vt 0.810425 0.905039
vt 0.810411 0.903721
vt 0.146107 0.013336
vt 0.146990 0.013374
vt 0.148424 0.013439
vt 0.995458 0.041510
vt 0.995302 0.041770
vt 0.476153 0.041227
vt 0.473730 0.042589
vt 0.471288 0.041345
vt 0.607284 0.089377
vt 0.607265 0.097571
vt 0.609237 0.096807
vt 0.204133 0.328241
vt 0.204617 0.330894
vt 0.471767 0.068847
vt 0.472194 0.068801
vt 0.205251 0.322742
vt 0.205069 0.322762
vt 0.204675 0.324689
vt 0.204995 0.324528
vt 0.382905 0.148890
vt 0.382521 0.147659
vt 0.994717 0.286679
vt 0.994746 0.287115
vt 0.994717 0.341513
vt 0.994916 0.341335
vt 0.995509 0.341330
vt 0.995612 0.341513
vt 0.383014 0.149574
vt 0.996276 0.204862
vt 0.996149 0.205011
vt 0.994717 0.020787
vt 0.994947 0.021024
vt 0.995939 0.021093
vt 0.996226 0.020787
vt 0.204172 0.326705
vt 0.994822 0.187530
vt 0.994717 0.187348
vt 0.995788 0.187370
vt 0.995616 0.187553
vt 0.996289 0.187348
vt 0.996365 0.187534
vt 0.409376 0.307429
vt 0.409224 0.307562
vt 0.364086 0.141963
vt 0.364631 0.142413
vt 0.364411 0.144236
vt 0.364084 0.144112
vt 0.455081 0.065961
vt 0.997750 0.021067
vt 0.997615 0.020901
vt 0.812567 0.909726
vt 0.810330 0.909195
vt 0.612661 0.087477
vt 0.610630 0.087301
vt 0.997106 0.146515
vt 0.997273 0.145720
vt 0.994717 0.145720
vt 0.996191 0.146547
vt 0.168656 0.114445
vt 0.515272 0.121580
vt 0.516841 0.122375
vt 0.517552 0.124098
vt 0.515272 0.125146
vt 0.283743 0.041120
vt 0.283674 0.043543
vt 0.284230 0.044543
vt 0.385063 0.699322
vt 0.384856 0.702938
vt 0.387295 0.702863
vt 0.387419 0.700851
vt 0.387367 0.699217
vt 0.387093 0.698917
vt 0.249337 0.327429
vt 0.249650 0.329052
vt 0.250292 0.328778
vt 0.250292 0.327234
vt 0.250109 0.325203
vt 0.249396 0.325532
vt 0.149705 0.290570
vt 0.612564 0.085840
vt 0.019135 0.283588
vt 0.020183 0.283512
vt 0.021211 0.280750
vt 0.147132 0.012320
vt 0.147073 0.012574
vt 0.150599 0.280750
vt 0.150370 0.280789
vt 0.150143 0.281673
vt 0.150359 0.281805
vt 0.377985 0.062102
vt 0.379029 0.061641
vt 0.026311 0.499470
vt 0.024338 0.500584
vt 0.019893 0.288359
vt 0.020315 0.289932
vt 0.020673 0.287910
vt 0.019402 0.285348
vt 0.019546 0.286320
vt 0.307403 0.170738
vt 0.810361 0.876561
vt 0.688494 0.535027
vt 0.810671 0.902547
vt 0.714244 0.549783
vt 0.709598 0.551950
vt 0.706666 0.554757
vt 0.712989 0.552741
vt 0.149703 0.281411
vt 0.149281 0.282984
vt 0.148934 0.285023
vt 0.148790 0.285995
vt 0.150061 0.283433
vt 0.377985 0.066668
vt 0.495258 0.513683
vt 0.814665 0.909957
vt 0.610127 0.096834
vt 0.610124 0.094660
vt 0.696119 0.517367
vt 0.724310 0.530338
vt 0.722230 0.523937
vt 0.718274 0.518492
vt 0.712829 0.514537
vt 0.706428 0.512457
vt 0.699698 0.512457
vt 0.693297 0.514538
vt 0.687852 0.518494
vt 0.683897 0.523939
vt 0.681817 0.530340
vt 0.681817 0.537070
vt 0.683897 0.543471
vt 0.687853 0.548915
vt 0.690867 0.523643
vt 0.693244 0.521678
vt 0.695644 0.519742
vt 0.205748 0.324013
vt 0.996024 0.269139
vt 0.994958 0.269139
vt 0.994718 0.268846
vt 0.995946 0.268843
vt 0.996558 0.040732
vt 0.995893 0.040626
vt 0.994717 0.041133
vt 0.995379 0.040521
vt 0.997157 0.040816
vt 0.818339 0.907450
vt 0.819149 0.907422
vt 0.387229 0.695783
vt 0.385049 0.695935
vt 0.385064 0.697415
vt 0.387244 0.697286
vt 0.081809 0.271745
vt 0.082723 0.271711
vt 0.148984 0.012622
vt 0.152000 0.002817
vt 0.556809 0.016845
vt 0.555893 0.016969
vt 0.699951 0.941507
vt 0.701472 0.941698
vt 0.701083 0.946819
vt 0.699418 0.946743
vt 0.387330 0.698511
vt 0.384835 0.704211
vt 0.387255 0.704092
vt 0.164713 0.039518
vt 0.163812 0.039456
vt 0.164590 0.046608
vt 0.165447 0.046665
vt 0.645072 0.806092
vt 0.646819 0.806075
vt 0.646642 0.800336
vt 0.644791 0.800373
vt 0.702153 0.298677
vt 0.693616 0.298677
vt 0.693523 0.298091
vt 0.702246 0.298091
vt 0.710542 0.300787
vt 0.710273 0.301316
vt 0.700608 0.937762
vt 0.702470 0.937367
vt 0.082724 0.275241
vt 0.081805 0.275344
vt 0.081805 0.278208
vt 0.082713 0.278025
vt 0.645425 0.813517
vt 0.646993 0.813481
vt 0.387329 0.694679
vt 0.385020 0.694821
vt 0.112407 0.798569
vt 0.114272 0.798568
vt 0.114831 0.794045
vt 0.115372 0.792319
vt 0.112259 0.792326
vt 0.385080 0.693801
vt 0.385990 0.693773
vt 0.716352 0.964450
vt 0.716938 0.965108
vt 0.705204 0.965108
vt 0.608290 0.081328
vt 0.609943 0.080872
vt 0.608297 0.080921
vt 0.647006 0.820872
vt 0.647922 0.820478
vt 0.082706 0.282216
vt 0.081805 0.282528
vt 0.081805 0.284230
vt 0.082705 0.283869
vt 0.097666 0.573665
vt 0.104285 0.578474
vt 0.109094 0.585093
vt 0.113638 0.582770
vt 0.107888 0.574855
vt 0.099973 0.569104
vt 0.082709 0.280303
vt 0.081805 0.280556
vt 0.163404 0.017062
vt 0.162146 0.017326
vt 0.162804 0.024785
vt 0.163947 0.024641
vt 0.111622 0.601056
vt 0.109094 0.608837
vt 0.104285 0.615456
vt 0.107888 0.619077
vt 0.113638 0.611162
vt 0.116661 0.601858
vt 0.683983 0.522480
vt 0.691768 0.515509
vt 0.695881 0.512765
vt 0.164240 0.032492
vt 0.163240 0.032498
vt 0.364490 0.163072
vt 0.364694 0.164692
vt 0.363343 0.164193
vt 0.362605 0.162377
vt 0.027200 0.499505
vt 0.698743 0.953249
vt 0.700653 0.953339
vt 0.700424 0.958091
vt 0.698316 0.958169
vt 0.385089 0.694014
vt 0.385017 0.694459
vt 0.302464 0.169612
vt 0.478072 0.457627
vt 0.478898 0.456696
vt 0.476671 0.457785
vt 0.478069 0.457630
vt 0.478080 0.459037
vt 0.114934 0.763700
vt 0.111923 0.763591
vt 0.112046 0.773899
vt 0.115058 0.773907
vt 0.886828 0.094264
vt 0.886804 0.101021
vt 0.888724 0.101021
vt 0.888748 0.094264
vt 0.460800 0.039533
vt 0.461607 0.041526
vt 0.463418 0.043721
vt 0.463669 0.045014
vt 0.463663 0.045157
vt 0.463990 0.045279
vt 0.464190 0.044654
vt 0.463871 0.043179
vt 0.461964 0.040947
vt 0.108914 0.763770
vt 0.109036 0.773975
vt 0.818473 0.874492
vt 0.699353 0.557139
vt 0.706809 0.557113
vt 0.713876 0.554812
vt 0.387607 0.690144
vt 0.405337 0.542309
vt 0.407723 0.541658
vt 0.246777 0.324254
vt 0.246824 0.325718
vt 0.249488 0.323879
vt 0.248540 0.322212
vt 0.405051 0.543006
vt 0.095374 0.209991
vt 0.094778 0.209257
vt 0.094650 0.208339
vt 0.095242 0.208790
vt 0.198093 0.129659
vt 0.197930 0.128516
vt 0.196742 0.128877
vt 0.196530 0.130045
vt 0.335136 0.279208
vt 0.335136 0.277664
vt 0.334953 0.281239
vt 0.408266 0.538524
vt 0.409306 0.538559
vt 0.109147 0.792392
vt 0.109740 0.794113
vt 0.110415 0.798601
vt 0.246780 0.326635
vt 0.246765 0.327744
vt 0.094893 0.201098
vt 0.095450 0.200344
vt 0.247452 0.329277
vt 0.248144 0.330894
vt 0.249898 0.330365
vt 0.168279 0.371360
vt 0.168363 0.372716
vt 0.169471 0.372620
vt 0.997465 0.065541
vt 0.995444 0.065541
vt 0.197521 0.127581
vt 0.198190 0.126556
vt 0.197545 0.125626
vt 0.407868 0.534203
vt 0.407840 0.532708
vt 0.408639 0.533282
vt 0.408512 0.534611
vt 0.170867 0.372564
vt 0.171321 0.370974
vt 0.169438 0.370974
vt 0.171726 0.372856
vt 0.171810 0.371645
vt 0.407008 0.532428
vt 0.406829 0.531227
vt 0.169917 0.375429
vt 0.170809 0.375438
vt 0.170733 0.374082
vt 0.169666 0.374182
vt 0.168684 0.374207
vt 0.171604 0.374002
vt 0.407878 0.531330
vt 0.408756 0.532113
vt 0.198850 0.127486
vt 0.198836 0.128663
vt 0.094600 0.200102
vt 0.095160 0.199218
vt 0.196315 0.127767
vt 0.095389 0.205421
vt 0.095351 0.207406
vt 0.611597 0.081328
vt 0.611590 0.080921
vt 0.196315 0.131214
vt 0.727543 0.545137
vt 0.718608 0.552740
vt 0.709372 0.559975
vt 0.701781 0.557919
vt 0.707895 0.552926
vt 0.714466 0.547668
vt 0.720932 0.542281
vt 0.476615 0.458026
vt 0.477239 0.458564
vt 0.477847 0.459120
vt 0.348130 0.002785
vt 0.347764 0.002098
vt 0.347444 0.002808
vt 0.475321 0.459683
vt 0.475800 0.460184
vt 0.476353 0.460600
vt 0.473717 0.461464
vt 0.474222 0.461960
vt 0.474774 0.462404
vt 0.324246 0.245914
vt 0.327456 0.245896
vt 0.684332 0.505963
vt 0.686063 0.508937
vt 0.168677 0.115293
vt 0.470811 0.095342
vt 0.466315 0.095378
vt 0.466307 0.095377
vt 0.470824 0.095341
vt 0.455179 0.086098
vt 0.454817 0.086135
vt 0.454372 0.086142
vt 0.454158 0.086240
vt 0.148185 0.003736
vt 0.453271 0.094861
vt 0.450931 0.094900
vt 0.344778 0.310014
vt 0.351455 0.309974
vt 0.351654 0.306982
vt 0.344890 0.307022
vt 0.457085 0.095250
vt 0.455873 0.095039
vt 0.288038 0.310744
vt 0.293480 0.310678
vt 0.293453 0.307328
vt 0.288110 0.307360
vt 0.298920 0.310392
vt 0.340438 0.310039
vt 0.340495 0.307048
vt 0.344743 0.304032
vt 0.351420 0.303992
vt 0.108893 0.760335
vt 0.353994 0.309959
vt 0.354227 0.306966
vt 0.274516 0.304405
vt 0.277727 0.304253
vt 0.335011 0.310076
vt 0.108702 0.781077
vt 0.108702 0.783680
vt 0.108807 0.784892
vt 0.108877 0.786614
vt 0.108932 0.790472
vt 0.108964 0.778734
vt 0.108788 0.751311
vt 0.108819 0.753999
vt 0.111775 0.751010
vt 0.287997 0.303977
vt 0.293440 0.303978
vt 0.320968 0.310201
vt 0.340402 0.304058
vt 0.353959 0.303977
vt 0.692238 0.554282
vt 0.115542 0.790395
vt 0.115506 0.786537
vt 0.115482 0.780856
vt 0.115277 0.778761
vt 0.114769 0.751241
vt 0.414150 0.640604
vt 0.414150 0.633317
vt 0.415739 0.633260
vt 0.415739 0.640395
vt 0.686286 0.550482
vt 0.692292 0.554846
vt 0.608761 0.560866
vt 0.608759 0.568197
vt 0.607171 0.568321
vt 0.607173 0.560805
vt 0.686285 0.516927
vt 0.681922 0.522933
vt 0.719841 0.516925
vt 0.713835 0.512562
vt 0.412561 0.646709
vt 0.412561 0.640467
vt 0.414150 0.646941
vt 0.617225 0.500167
vt 0.617245 0.494417
vt 0.615655 0.494150
vt 0.615634 0.499987
vt 0.679628 0.529993
vt 0.679628 0.537417
vt 0.706775 0.510268
vt 0.699351 0.510269
vt 0.692291 0.512563
vt 0.726499 0.529991
vt 0.724205 0.522931
vt 0.681923 0.544477
vt 0.617211 0.514499
vt 0.617213 0.507087
vt 0.615622 0.507011
vt 0.615620 0.514535
vt 0.726499 0.537415
vt 0.635278 0.428262
vt 0.635278 0.435182
vt 0.636867 0.435355
vt 0.636867 0.428331
vt 0.412561 0.633288
vt 0.412561 0.625877
vt 0.414150 0.625794
vt 0.412561 0.618957
vt 0.412561 0.613207
vt 0.414150 0.612933
vt 0.414150 0.618770
vt 0.635278 0.420850
vt 0.636867 0.420807
vt 0.635278 0.407430
vt 0.635278 0.413672
vt 0.636867 0.413521
vt 0.636867 0.407184
vt 0.608747 0.575127
vt 0.607159 0.575349
vt 0.608735 0.547416
vt 0.608752 0.553806
vt 0.607165 0.553539
vt 0.607147 0.547178
vt 0.608727 0.580919
vt 0.607139 0.581186
vt 0.617237 0.527920
vt 0.617219 0.521677
vt 0.615629 0.521822
vt 0.615647 0.528158
vt 0.635278 0.440932
vt 0.636867 0.441192
vt 0.576785 0.805104
vt 0.572448 0.811074
vt 0.570156 0.808782
vt 0.573897 0.803633
vt 0.614067 0.494525
vt 0.614047 0.500240
vt 0.415739 0.646599
vt 0.614035 0.507118
vt 0.638456 0.435095
vt 0.638456 0.428218
vt 0.614042 0.521619
vt 0.614059 0.527824
vt 0.415739 0.613300
vt 0.415739 0.619016
vt 0.638456 0.440811
vt 0.638456 0.420851
vt 0.638456 0.413716
vt 0.605580 0.568218
vt 0.605582 0.560852
vt 0.605548 0.580811
vt 0.605568 0.575096
vt 0.415739 0.625893
vt 0.605574 0.553717
vt 0.605556 0.547513
vt 0.638456 0.407512
vt 0.614034 0.514484
vt 0.951897 0.326365
vt 0.951897 0.332297
vt 0.953013 0.331829
vt 0.953013 0.326165
vt 0.579065 0.798087
vt 0.575864 0.797580
vt 0.559461 0.817691
vt 0.552083 0.817691
vt 0.552590 0.814489
vt 0.558954 0.814489
vt 0.572448 0.777722
vt 0.576785 0.783691
vt 0.573897 0.785163
vt 0.570156 0.780014
vt 0.539096 0.777722
vt 0.545066 0.773385
vt 0.546537 0.776273
vt 0.541388 0.780014
vt 0.579065 0.790708
vt 0.575864 0.791215
vt 0.545066 0.815411
vt 0.546537 0.812523
vt 0.534759 0.805104
vt 0.532479 0.798087
vt 0.535681 0.797580
vt 0.537647 0.803633
vt 0.532479 0.790708
vt 0.535681 0.791215
vt 0.566479 0.815411
vt 0.565007 0.812523
vt 0.534759 0.783691
vt 0.537647 0.785163
vt 0.559461 0.771105
vt 0.566479 0.773385
vt 0.565007 0.776273
vt 0.558954 0.774306
vt 0.539096 0.811074
vt 0.541388 0.808782
vt 0.552083 0.771105
vt 0.552590 0.774306
vt 0.953013 0.336536
vt 0.955163 0.337258
vt 0.955163 0.332316
vt 0.952382 0.895080
vt 0.952367 0.889728
vt 0.951254 0.889357
vt 0.951268 0.894467
vt 0.542039 0.808131
vt 0.546955 0.811703
vt 0.569506 0.780664
vt 0.564590 0.777092
vt 0.951897 0.313856
vt 0.951897 0.320010
vt 0.953013 0.320098
vt 0.953013 0.314222
vt 0.956624 0.913918
vt 0.956622 0.920272
vt 0.955502 0.920078
vt 0.955503 0.914011
vt 0.569506 0.808131
vt 0.573077 0.803215
vt 0.956612 0.926205
vt 0.955492 0.925742
vt 0.951897 0.168762
vt 0.951897 0.162408
vt 0.953013 0.162598
vt 0.953013 0.168665
vt 0.956602 0.902412
vt 0.956617 0.907764
vt 0.955496 0.908135
vt 0.955482 0.903025
vt 0.951897 0.308505
vt 0.953013 0.309112
vt 0.951897 0.156475
vt 0.953013 0.156934
vt 0.952359 0.883574
vt 0.951247 0.883481
vt 0.952361 0.877220
vt 0.951248 0.877414
vt 0.951897 0.174916
vt 0.953013 0.174541
vt 0.542039 0.780664
vt 0.538467 0.785580
vt 0.951897 0.180268
vt 0.953013 0.179650
vt 0.952371 0.871287
vt 0.951258 0.871750
vt 0.220057 0.665295
vt 0.834372 0.066199
vt 0.834372 0.075217
vt 0.219059 0.658994
vt 0.955163 0.320001
vt 0.955163 0.313832
vt 0.955163 0.326370
vt 0.953356 0.920283
vt 0.953358 0.913913
vt 0.955475 0.930449
vt 0.953329 0.931170
vt 0.953346 0.926229
vt 0.955163 0.162393
vt 0.955163 0.168762
vt 0.953351 0.907745
vt 0.953336 0.902381
vt 0.955163 0.308468
vt 0.955163 0.156447
vt 0.949093 0.883579
vt 0.949100 0.889747
vt 0.949095 0.877209
vt 0.955163 0.174931
vt 0.951275 0.867043
vt 0.949122 0.866322
vt 0.949105 0.871263
vt 0.955163 0.180295
vt 0.949115 0.895112
vt 0.953013 0.152227
vt 0.955163 0.151505
vt 0.205968 0.645903
vt 0.211652 0.648800
vt 0.217192 0.641142
vt 0.208882 0.636908
vt 0.183172 0.677280
vt 0.175556 0.682777
vt 0.182151 0.689371
vt 0.187682 0.681791
vt 0.228020 0.656046
vt 0.223786 0.647736
vt 0.216163 0.653310
vt 0.190460 0.693605
vt 0.193367 0.684687
vt 0.183172 0.653310
vt 0.175556 0.647736
vt 0.171322 0.656046
vt 0.180275 0.658994
vt 0.205968 0.684687
vt 0.208882 0.693605
vt 0.217192 0.689371
vt 0.211652 0.681791
vt 0.223786 0.682777
vt 0.216163 0.677280
vt 0.187682 0.648799
vt 0.182151 0.641142
vt 0.179277 0.665295
vt 0.836493 0.550904
vt 0.836493 0.541886
vt 0.180275 0.671596
vt 0.836493 0.560215
vt 0.838950 0.269622
vt 0.838952 0.260311
vt 0.834372 0.056888
vt 0.193367 0.645903
vt 0.190460 0.636908
vt 0.171322 0.674468
vt 0.199667 0.644905
vt 0.199671 0.635449
vt 0.228020 0.674468
vt 0.219059 0.671596
vt 0.199667 0.685685
vt 0.523922 0.817075
vt 0.523932 0.826093
vt 0.523924 0.807764
vt 0.834372 0.048195
vt 0.837977 0.047647
vt 0.837977 0.056658
vt 0.840098 0.541448
vt 0.840098 0.550795
vt 0.842933 0.550862
vt 0.842933 0.541718
vt 0.520312 0.817184
vt 0.520322 0.826531
vt 0.520314 0.807533
vt 0.837977 0.066309
vt 0.837977 0.075656
vt 0.523939 0.799071
vt 0.523964 0.791847
vt 0.520356 0.791035
vt 0.520329 0.798523
vt 0.834372 0.083059
vt 0.837977 0.083784
vt 0.836493 0.568908
vt 0.840098 0.569456
vt 0.840098 0.560446
vt 0.523954 0.833934
vt 0.520345 0.834660
vt 0.834372 0.040972
vt 0.837977 0.040160
vt 0.836493 0.576132
vt 0.840098 0.576944
vt 0.835349 0.269853
vt 0.835351 0.260202
vt 0.838935 0.278315
vt 0.838909 0.285539
vt 0.835307 0.286351
vt 0.835334 0.278863
vt 0.838920 0.243452
vt 0.838942 0.251293
vt 0.835341 0.250855
vt 0.835318 0.242726
vt 0.836493 0.534045
vt 0.840098 0.533319
vt 0.670752 0.181268
vt 0.676311 0.173617
vt 0.677843 0.175138
vt 0.672681 0.182244
vt 0.842933 0.560304
vt 0.832512 0.269711
vt 0.832514 0.260269
vt 0.832471 0.285851
vt 0.832497 0.278526
vt 0.840812 0.056800
vt 0.840812 0.066241
vt 0.832503 0.251125
vt 0.832481 0.243173
vt 0.842933 0.533766
vt 0.840812 0.047985
vt 0.517480 0.817117
vt 0.517491 0.826261
vt 0.517482 0.807675
vt 0.840812 0.075386
vt 0.517523 0.791535
vt 0.517497 0.798860
vt 0.840812 0.083337
vt 0.842933 0.569119
vt 0.517513 0.834213
vt 0.840812 0.040660
vt 0.842933 0.576444
vt 0.684949 0.169975
vt 0.685931 0.171878
vt 0.679366 0.176648
vt 0.719056 0.216362
vt 0.711405 0.221921
vt 0.710439 0.220003
vt 0.717545 0.214840
vt 0.515173 0.799944
vt 0.515159 0.808131
vt 0.845265 0.568036
vt 0.845265 0.559849
vt 0.676311 0.216362
vt 0.670752 0.208712
vt 0.672681 0.207734
vt 0.677843 0.214840
vt 0.683961 0.221921
vt 0.684949 0.220003
vt 0.711405 0.168059
vt 0.719056 0.173617
vt 0.717545 0.175138
vt 0.710439 0.169975
vt 0.845265 0.551079
vt 0.845265 0.542586
vt 0.830170 0.269255
vt 0.830172 0.260486
vt 0.724614 0.208712
vt 0.722708 0.207734
vt 0.830156 0.277442
vt 0.843144 0.057256
vt 0.843144 0.066026
vt 0.724614 0.181268
vt 0.722708 0.182244
vt 0.683961 0.168059
vt 0.830163 0.251992
vt 0.843144 0.049069
vt 0.515157 0.816901
vt 0.515167 0.825394
vt 0.843144 0.074519
vt 0.878107 0.303737
vt 0.878120 0.296173
vt 0.877802 0.296066
vt 0.877789 0.303692
vt 0.725422 0.190597
vt 0.723325 0.190931
vt 0.720818 0.183213
vt 0.685931 0.218099
vt 0.693649 0.220607
vt 0.693303 0.222717
vt 0.669966 0.199381
vt 0.672088 0.199046
vt 0.674596 0.206764
vt 0.669966 0.190597
vt 0.672088 0.190931
vt 0.702086 0.222717
vt 0.701764 0.220607
vt 0.709482 0.218099
vt 0.674596 0.183213
vt 0.716048 0.213329
vt 0.709482 0.171878
vt 0.701764 0.169370
vt 0.702086 0.167261
vt 0.679366 0.213329
vt 0.716048 0.176648
vt 0.693303 0.167261
vt 0.693649 0.169370
vt 0.725422 0.199381
vt 0.723325 0.199046
vt 0.720818 0.206764
vt 0.803894 0.852427
vt 0.803903 0.860274
vt 0.803586 0.860252
vt 0.803577 0.852341
vt 0.803901 0.868376
vt 0.803584 0.868421
vt 0.890551 0.598015
vt 0.890551 0.591191
vt 0.890869 0.591275
vt 0.890869 0.598155
vt 0.890551 0.531502
vt 0.890551 0.539604
vt 0.890869 0.539648
vt 0.890869 0.531479
vt 0.811691 0.142702
vt 0.811691 0.133242
vt 0.812860 0.133421
vt 0.812860 0.143177
vt 0.878143 0.289887
vt 0.877824 0.289729
vt 0.890551 0.523655
vt 0.890869 0.523568
vt 0.890551 0.516831
vt 0.890869 0.516688
vt 0.890551 0.583344
vt 0.890869 0.583364
vt 0.890551 0.547168
vt 0.890551 0.553454
vt 0.890869 0.553612
vt 0.890869 0.547274
vt 0.803875 0.845603
vt 0.803558 0.845461
vt 0.878105 0.311840
vt 0.877787 0.311861
vt 0.890551 0.567677
vt 0.890551 0.561391
vt 0.890869 0.561231
vt 0.890869 0.567569
vt 0.890551 0.575242
vt 0.890869 0.575195
vt 0.878114 0.319687
vt 0.877796 0.319772
vt 0.878134 0.326510
vt 0.877815 0.326652
vt 0.803889 0.875940
vt 0.803572 0.876047
vt 0.803866 0.882226
vt 0.803549 0.882385
vt 0.081703 0.622793
vt 0.073922 0.620265
vt 0.071581 0.624828
vt 0.080885 0.627851
vt 0.090669 0.627851
vt 0.089885 0.622793
vt 0.097666 0.620265
vt 0.099973 0.624827
vt 0.089885 0.571136
vt 0.090668 0.566081
vt 0.111622 0.592874
vt 0.116661 0.592074
vt 0.067303 0.615456
vt 0.063666 0.619077
vt 0.062494 0.585093
vt 0.057916 0.582770
vt 0.209991 0.540885
vt 0.209711 0.540194
vt 0.205111 0.540234
vt 0.508946 0.822994
vt 0.508923 0.814510
vt 0.507273 0.814510
vt 0.507297 0.822994
vt 0.822993 0.118103
vt 0.822991 0.127871
vt 0.821827 0.128078
vt 0.821829 0.118005
vt 0.822983 0.108643
vt 0.821818 0.108250
vt 0.093693 0.777775
vt 0.093693 0.787235
vt 0.094862 0.787218
vt 0.094862 0.777462
vt 0.093693 0.797003
vt 0.094862 0.797290
vt 0.811691 0.123474
vt 0.812860 0.123348
vt 0.811691 0.114355
vt 0.812860 0.113944
vt 0.108664 0.619762
vt 0.114594 0.611600
vt 0.510102 0.785770
vt 0.510129 0.778191
vt 0.508958 0.777463
vt 0.508930 0.785278
vt 0.510084 0.804657
vt 0.510086 0.794889
vt 0.508914 0.794682
vt 0.508911 0.804755
vt 0.510095 0.814117
vt 0.114594 0.582322
vt 0.108664 0.574160
vt 0.510118 0.822343
vt 0.093693 0.806122
vt 0.094862 0.806694
vt 0.100502 0.625692
vt 0.822976 0.136990
vt 0.821811 0.137482
vt 0.063062 0.619762
vt 0.071224 0.625692
vt 0.093693 0.769548
vt 0.094862 0.768979
vt 0.100502 0.568230
vt 0.448843 0.540820
vt 0.458932 0.540820
vt 0.458438 0.543935
vt 0.449336 0.543935
vt 0.096511 0.806687
vt 0.096511 0.797283
vt 0.812860 0.151660
vt 0.814509 0.143169
vt 0.814509 0.151653
vt 0.820162 0.137482
vt 0.820178 0.128078
vt 0.812860 0.106130
vt 0.814509 0.106123
vt 0.814509 0.113937
vt 0.096511 0.777455
vt 0.096511 0.768972
vt 0.094862 0.814509
vt 0.096511 0.814502
vt 0.814509 0.133414
vt 0.820180 0.118005
vt 0.820169 0.108250
vt 0.096511 0.787210
vt 0.814509 0.123341
vt 0.821783 0.145297
vt 0.820134 0.145297
vt 0.507308 0.777463
vt 0.507281 0.785278
vt 0.507265 0.794682
vt 0.507262 0.804755
vt 0.821794 0.099766
vt 0.820145 0.099766
vt 0.871532 0.023243
vt 0.871532 0.016192
vt 0.873276 0.017089
vt 0.873276 0.023845
vt 0.458932 0.604518
vt 0.448843 0.604518
vt 0.449336 0.601404
vt 0.458438 0.601404
vt 0.439248 0.601401
vt 0.440679 0.598591
vt 0.482618 0.587309
vt 0.476688 0.595471
vt 0.474459 0.593241
vt 0.479809 0.585877
vt 0.425156 0.558030
vt 0.431086 0.549868
vt 0.433316 0.552098
vt 0.427966 0.559461
vt 0.422039 0.577714
vt 0.422039 0.567625
vt 0.425153 0.568118
vt 0.425153 0.577220
vt 0.425156 0.587309
vt 0.427966 0.585877
vt 0.476688 0.549868
vt 0.482618 0.558030
vt 0.479809 0.559462
vt 0.474459 0.552098
vt 0.431086 0.595471
vt 0.433316 0.593241
vt 0.468526 0.543938
vt 0.467095 0.546748
vt 0.468526 0.601401
vt 0.467095 0.598591
vt 0.485736 0.577714
vt 0.482622 0.577221
vt 0.439248 0.543938
vt 0.440679 0.546747
vt 0.485736 0.567625
vt 0.482622 0.568118
vt 0.769718 0.832822
vt 0.769718 0.840476
vt 0.771462 0.840957
vt 0.771462 0.833622
vt 0.769718 0.866850
vt 0.769718 0.873900
vt 0.771462 0.872989
vt 0.771462 0.866232
vt 0.871532 0.049616
vt 0.871532 0.040815
vt 0.873276 0.040685
vt 0.873276 0.049120
vt 0.445435 0.845035
vt 0.445432 0.854123
vt 0.443683 0.853866
vt 0.443686 0.845157
vt 0.445424 0.836234
vt 0.443676 0.836722
vt 0.769718 0.849278
vt 0.771462 0.849392
vt 0.769718 0.858365
vt 0.771462 0.858101
vt 0.871532 0.031727
vt 0.873276 0.031976
vt 0.445418 0.862607
vt 0.445393 0.869658
vt 0.443646 0.868754
vt 0.443670 0.861997
vt 0.867512 0.835630
vt 0.867537 0.828580
vt 0.865797 0.829484
vt 0.865773 0.836241
vt 0.867495 0.853203
vt 0.867498 0.844115
vt 0.865759 0.844372
vt 0.865757 0.853081
vt 0.867505 0.862004
vt 0.865767 0.861516
vt 0.445403 0.828580
vt 0.443655 0.829387
vt 0.867527 0.869658
vt 0.865787 0.868851
vt 0.871532 0.057270
vt 0.873276 0.056455
vt 0.443061 0.845157
vt 0.443051 0.836722
vt 0.865132 0.853081
vt 0.865142 0.861516
vt 0.639517 0.695644
vt 0.639517 0.704367
vt 0.636821 0.712663
vt 0.631694 0.719720
vt 0.624637 0.724848
vt 0.616341 0.727543
vt 0.607618 0.727543
vt 0.599322 0.724848
vt 0.592265 0.719720
vt 0.587138 0.712663
vt 0.584442 0.704367
vt 0.584442 0.695644
vt 0.587138 0.687348
vt 0.592265 0.680291
vt 0.599322 0.675164
vt 0.607618 0.672468
vt 0.616341 0.672468
vt 0.624637 0.675164
vt 0.631694 0.680291
vt 0.636821 0.687348
vt 0.019090 0.881405
vt 0.019090 0.888740
vt 0.017170 0.888748
vt 0.017170 0.881413
vt 0.731956 0.849382
vt 0.733876 0.849382
vt 0.772087 0.866229
vt 0.772087 0.858098
vt 0.873900 0.040683
vt 0.873900 0.049118
vt 0.443059 0.853866
vt 0.443031 0.829387
vt 0.772087 0.849389
vt 0.772087 0.840954
vt 0.873900 0.031974
vt 0.873900 0.023843
vt 0.443021 0.868754
vt 0.443045 0.861997
vt 0.865172 0.829484
vt 0.865148 0.836241
vt 0.865134 0.844372
vt 0.865162 0.868851
vt 0.873900 0.056452
vt 0.873900 0.017086
vt 0.772087 0.833619
vt 0.772087 0.872986
vt 0.390487 0.865376
vt 0.392407 0.865368
vt 0.392407 0.856658
vt 0.390487 0.856667
vt 0.733904 0.873860
vt 0.731984 0.873860
vt 0.886798 0.126295
vt 0.886818 0.133630
vt 0.888738 0.133630
vt 0.888718 0.126295
vt 0.019090 0.856130
vt 0.019090 0.864261
vt 0.017170 0.864269
vt 0.017170 0.856138
vt 0.731971 0.881991
vt 0.733891 0.881991
vt 0.886790 0.109151
vt 0.888710 0.109151
vt 0.888708 0.117861
vt 0.886788 0.117861
vt 0.390487 0.873507
vt 0.392407 0.873499
vt 0.019090 0.872970
vt 0.017170 0.872978
vt 0.390487 0.848232
vt 0.392407 0.848224
vt 0.392407 0.840889
vt 0.390487 0.840897
vt 0.685227 0.350470
vt 0.685497 0.349941
vt 0.693616 0.352580
vt 0.702153 0.352580
vt 0.702246 0.353166
vt 0.693523 0.353166
vt 0.685497 0.301316
vt 0.685227 0.300787
vt 0.678170 0.305914
vt 0.678590 0.306334
vt 0.678590 0.344923
vt 0.678170 0.345343
vt 0.673043 0.338286
vt 0.673572 0.338017
vt 0.717599 0.345343
vt 0.717179 0.344923
vt 0.722197 0.338017
vt 0.722726 0.338286
vt 0.673572 0.313240
vt 0.673043 0.312971
vt 0.670348 0.321267
vt 0.670934 0.321360
vt 0.710273 0.349941
vt 0.710542 0.350470
vt 0.670934 0.329897
vt 0.670348 0.329990
vt 0.717179 0.306334
vt 0.717599 0.305914
vt 0.019090 0.849373
vt 0.017170 0.849381
vt 0.731947 0.888748
vt 0.733867 0.888748
vt 0.364832 0.250352
vt 0.364832 0.258776
vt 0.363725 0.256788
vt 0.363765 0.251815
vt 0.446176 0.094426
vt 0.612597 0.084199
vt 0.693486 0.964488
vt 0.694106 0.963862
vt 0.390487 0.880264
vt 0.392407 0.880255
s 1
usemtl Black_Player.001
f 2037/1/1 2039/2/2 4/3/3 3/4/4
f 1517/5/5 1516/6/6 1539/7/7 1540/8/8
f 782/9/9 783/10/10 779/11/11 778/12/12
f 8/13/13 7/14/14 12/15/15 11/16/16
f 10/11/17 15/17/18 7/14/14 8/13/13
f 779/11/11 784/17/19 2041/18/20 785/19/21 778/12/12
f 774/20/22 775/21/23 783/10/10 782/9/9
f 11/16/16 12/15/15 18/22/24 17/23/25
f 17/23/25 18/22/24 20/24/26 19/25/27
f 17/23/25 19/25/27 22/26/28 21/27/29
f 8/13/13 11/16/16 24/28/30 23/29/31
f 11/16/16 17/23/25 21/27/29 24/28/30
f 8/13/13 23/29/31 14/10/32 10/11/17
f 21/27/29 22/26/28 26/30/33 25/31/34
f 141/32/35 436/33/36 435/34/37 434/35/38 432/36/39 442/37/40 376/38/41 138/39/42
f 350/40/43 367/41/44 366/42/45 341/43/46 347/44/47 348/45/48 80/46/49
f 14/10/32 23/29/31 27/47/50 6/21/51
f 806/48/52 1156/49/53 774/50/22 2034/51/54 2030/52/55 2023/53/55 2033/54/55 2026/55/56 771/56/57 816/57/58
f 28/58/59 29/59/60 35/60/61 34/61/62
f 31/62/63 28/58/59 34/61/62 33/63/64
f 46/64/65 49/65/66 30/66/67 4/67/3
f 391/68/68 393/69/69 39/70/70 38/71/71
f 814/72/72 805/73/73 806/48/52 816/57/58
f 523/74/74 533/75/75 534/76/76 535/77/77 536/78/78 538/79/79 539/80/80 573/81/81 540/82/82 571/83/83 541/84/84 553/85/85 562/86/86 561/87/87 544/88/88 543/89/89 542/90/90 1502/91/91 1505/92/92 1501/93/93 1499/94/93 1500/95/94 521/96/95
f 394/97/96 41/98/97 44/99/98 395/100/99
f 773/101/100 814/72/72 816/57/58 771/56/57 2042/102/101
f 36/103/102 40/104/103 49/65/66 46/64/65
f 813/105/104 821/106/105 55/107/106 44/99/107 1161/100/108
f 453/108/109 454/109/110 56/110/111 57/111/112
f 1006/112/113 997/113/114 1030/114/115 1032/115/116 1033/116/117 1031/117/118
f 834/118/119 1163/119/120 833/120/121 622/121/122 1336/122/123 1162/123/124 819/124/125 1220/125/126 1222/126/127
f 827/127/128 832/128/129 831/129/130 830/130/131 829/131/132
f 619/132/133 620/133/134 71/134/135 72/135/136
f 621/136/137 619/137/133 72/138/136 73/139/138
f 1391/140/139 1454/141/140 1389/142/141 1390/143/142 1392/144/143
f 852/145/144 855/146/145 836/147/146 824/148/147
f 320/149/148 427/150/149 322/151/150 321/152/151 428/153/152 319/154/153
f 414/155/154 318/156/155 93/157/156 411/158/157
f 356/159/158 355/160/159 72/135/136 71/134/135
f 425/161/160 421/162/161 104/163/162 209/164/163 757/165/164 424/166/165 76/167/166 203/168/167
f 1511/92/168 1571/169/169 1568/170/170 1567/171/171 1565/172/172 1564/173/173 1569/174/173 1573/175/173 1572/176/173 1575/177/174 1513/178/175
f 427/179/149 320/180/148 94/181/176 419/182/177
f 385/183/178 388/184/179 389/185/180 387/186/181
f 1544/187/182 1545/188/183 1561/189/184 1560/190/185
f 370/191/186 352/192/187 81/193/188 368/194/189
f 368/195/189 81/196/188 627/197/190 630/198/191
f 980/199/192 982/200/193 855/146/145 852/145/144
f 1090/201/194 863/202/195 1234/203/196 862/204/197 1088/205/198
f 204/206/199 65/207/200 544/208/88 561/209/87
f 405/210/201 326/211/202 98/212/203 400/213/204
f 398/214/205 91/215/206 325/216/207 404/217/208
f 457/218/209 464/219/210 325/216/207 91/215/206
f 839/220/211 1120/221/212 841/222/213 840/223/214 1121/160/215 838/135/216
f 774/50/22 782/224/9 778/225/12 2031/226/217 2021/227/218 2034/51/54
f 1083/228/219 1081/229/220 834/230/119 1222/231/127 835/232/221 1176/233/222 1182/234/223 1181/235/224
f 406/236/225 360/237/226 313/238/227 403/239/228
f 1470/240/229 1478/241/230 1237/242/231 975/164/232 1468/165/233 1462/243/234 1463/244/235
f 1487/245/236 1489/246/237 1488/247/238 1515/248/239 1514/249/240
f 426/250/241 418/251/242 90/252/243 213/253/244
f 1333/133/245 837/134/246 968/254/247 868/255/248 1335/256/249
f 134/257/250 272/258/251 273/259/252 188/260/253 124/261/254
f 107/262/255 329/263/256 701/264/257 703/265/258 636/266/259 764/267/260 763/268/261 762/269/262 768/270/263 485/271/264 483/272/265 106/273/266 493/274/267 499/275/268 205/276/269 702/277/270 700/278/271 492/279/272
f 205/276/269 109/280/273 111/281/274 206/282/275
f 208/283/276 117/284/277 113/285/278 207/286/279
f 484/287/280 490/288/281 268/289/282 131/290/283 106/273/266 483/272/265
f 206/291/275 111/292/274 117/293/277 208/294/276
f 424/166/165 757/165/164 751/243/284 422/295/285
f 494/296/286 495/297/287 132/298/288 119/299/289
f 140/300/290 143/301/291 146/302/292 147/303/293 144/304/294 141/32/35 138/39/42 137/305/295
f 331/306/296 332/307/297 122/308/298 120/309/299
f 183/310/300 184/311/301 124/312/254 125/313/302
f 187/314/303 188/315/253 126/316/304 127/317/305
f 127/317/305 126/316/304 128/318/306 129/319/307
f 128/320/306 126/321/304 135/322/308 136/323/309
f 494/296/286 106/273/266 131/290/283 495/297/287
f 1543/324/310 1544/187/182 1560/190/185 1559/325/311
f 105/326/312 483/272/265 485/271/264 210/327/313
f 330/328/314 119/299/289 121/329/315 331/330/296
f 954/260/316 1039/259/317 1038/258/318 900/257/319 890/261/320
f 922/331/321 925/332/322 1264/333/323 1262/334/324 924/335/325 921/336/326
f 500/337/327 501/338/328 286/339/329 269/340/330
f 128/341/306 136/342/309 139/343/331 137/344/295
f 129/319/307 128/318/306 137/345/295 138/346/42
f 334/347/332 82/348/333 84/349/334 333/350/335 335/351/336
f 121/329/315 119/299/289 132/298/288 133/352/337
f 140/353/290 142/354/338 145/355/339 143/356/291
f 143/356/291 145/355/339 148/357/340 146/358/292
f 146/359/292 148/360/340 151/361/341 149/362/342
f 147/303/293 146/302/292 149/363/342 150/364/343
f 820/365/344 1221/366/345 826/367/346 825/368/347 798/59/348 804/60/349 811/369/350
f 191/370/351 189/371/352 152/372/353 153/373/354
f 152/374/353 154/375/355 157/376/356 155/377/357
f 153/373/354 152/372/353 155/336/357 156/331/358
f 926/378/359 1052/379/360 1051/380/361 923/381/362 921/382/326 924/383/325
f 499/275/268 493/274/267 109/280/273 205/276/269
f 160/384/363 497/385/364 496/386/365 158/387/366
f 496/386/365 497/385/364 163/388/367 161/389/368
f 498/333/369 496/334/365 161/390/368 162/391/370
f 175/392/371 176/393/372 303/394/373 302/395/374
f 180/396/375 194/397/376 306/398/377 311/399/378
f 883/400/379 600/401/380 598/402/381 1318/403/382 877/404/383
f 495/297/287 131/290/283 268/289/282 500/337/327
f 174/405/384 175/392/371 302/395/374 301/406/385
f 907/32/386 910/304/387 913/303/388 912/302/389 909/301/390 906/300/391 903/305/392 904/39/393
f 495/297/287 500/337/327 269/340/330 132/298/288
f 193/407/394 174/405/384 301/406/385 300/408/395
f 172/409/396 173/410/397 299/411/398 298/412/399
f 181/413/400 180/414/375 311/415/378 305/416/401
f 197/417/402 173/418/397 172/419/396 171/420/403
f 182/421/404 181/413/400 305/416/401 310/422/405
f 177/423/406 178/424/407 304/425/408 308/426/409
f 167/427/410 198/428/411 169/429/412 168/430/413
f 157/376/356 154/375/355 284/431/414 285/432/415
f 171/433/403 172/434/396 298/435/399 297/436/416
f 196/437/417 193/438/394 173/418/397 197/417/402
f 166/439/418 186/440/419 165/441/420 200/442/421
f 176/443/372 175/444/371 174/445/384 201/446/422
f 933/427/423 964/428/424 966/442/425 932/439/426 958/447/427
f 165/441/420 164/448/428 199/449/429 200/442/421
f 123/450/430 121/451/315 184/311/301 183/310/300
f 201/446/422 174/445/384 193/438/394 196/437/417
f 148/357/340 145/355/339 280/452/431 281/453/432
f 164/448/428 176/443/372 201/446/422 199/449/429
f 179/454/433 195/455/434 307/456/435 309/457/436
f 165/458/420 186/459/419 290/460/437 289/461/438
f 150/364/343 149/363/342 189/371/352 191/370/351
f 901/322/439 1040/462/440 1039/259/317 954/260/316 892/321/441
f 125/313/302 124/312/254 188/315/253 187/314/303
f 178/424/407 179/463/433 309/464/436 304/425/408
f 177/465/406 194/466/376 196/437/417 197/417/402
f 1092/467/442 864/468/443 1225/469/444 863/202/195 1090/201/194 1229/470/445
f 169/471/412 170/472/446 296/473/447 295/474/448
f 170/472/446 171/433/403 297/436/416 296/473/447
f 964/428/424 963/417/449 943/465/450 944/475/451 945/476/452 961/477/453 948/478/454 947/479/455 946/480/456 960/466/457 962/437/458 967/446/459 965/449/460 966/442/425
f 110/481/461 206/282/275 208/482/276 118/483/462
f 118/484/462 208/283/276 207/286/279 112/485/463
f 330/328/314 502/486/464 494/296/286 119/299/289
f 702/277/270 205/276/269 206/282/275 110/481/461
f 356/159/158 358/487/465 203/168/167 76/167/166
f 1514/249/240 1515/248/239 1578/488/466 1577/489/467 1576/490/468
f 1314/491/469 1311/492/470 833/493/121 843/494/471
f 87/495/472 88/496/473 215/497/474 212/498/475
f 421/162/161 426/250/241 213/253/244 104/163/162
f 194/397/376 177/499/406 308/500/409 306/398/377
f 116/501/476 761/502/477 764/267/260 636/266/259 634/503/478
f 488/504/479 486/505/480 219/506/481 218/507/482
f 157/376/356 285/432/415 286/508/329 160/509/363 158/510/366 155/377/357
f 185/511/483 133/352/337 270/512/484 271/513/485
f 483/272/265 105/326/312 130/514/486 484/287/280
f 986/515/487 1078/516/488 957/370/489 916/364/490 913/303/388
f 766/517/491 761/502/477 116/501/476 487/518/492 114/519/493 470/520/494
f 519/521/495 520/522/496 469/523/497 99/524/498 95/525/499
f 259/526/500 224/527/501 517/528/502 507/529/503
f 265/117/504 438/530/505 447/531/506 254/532/507 267/116/508
f 509/533/509 240/112/510 231/113/511 512/534/512
f 511/535/513 262/536/514 233/537/515 514/538/516
f 513/539/517 244/540/518 235/541/519 516/542/520
f 516/542/520 235/541/519 242/543/521 515/544/522
f 241/545/523 228/546/524 238/547/525 236/548/526
f 237/549/527 230/550/528 239/551/529 232/552/530
f 227/553/531 230/550/528 237/549/527
f 263/554/532 237/549/527 232/552/530 261/555/533
f 236/548/526 238/547/525 234/556/534 243/557/535
f 510/558/536 229/559/537 240/112/510 509/533/509
f 508/560/538 515/561/522 242/562/521 225/563/539
f 514/564/516 233/565/515 244/566/518 513/567/517
f 235/541/519 256/568/540 248/569/541 249/570/542 245/571/543 242/543/521
f 444/572/544 445/573/545 247/574/546 246/575/547
f 250/576/548 248/577/541 252/578/549 253/579/550
f 266/115/551 267/116/508 254/532/507 255/580/552
f 377/581/553 386/582/554 266/115/551 255/580/552
f 257/583/555 252/578/549 248/577/541 256/584/540
f 238/547/525 263/554/532 261/555/533 234/556/534
f 512/585/512 231/586/511 262/536/514 511/535/513
f 225/563/539 259/526/500 507/529/503 508/560/538
f 226/587/556 605/588/557 607/589/558 246/575/547
f 648/590/559 745/591/560 637/592/561 715/593/562 749/594/563 721/595/564
f 490/288/281 277/596/565 276/597/566 491/598/567
f 632/599/568 635/600/569 646/601/570 643/602/571 741/603/572
f 160/384/363 286/604/329 501/605/328 497/385/364
f 178/475/407 177/465/406 197/417/402 198/428/411 200/442/421 199/449/429 201/446/422 196/437/417 194/466/376 180/480/375 181/479/400 182/478/404 195/477/434 179/476/433
f 282/606/573 281/607/432 298/608/399 299/609/398
f 285/610/415 284/611/414 301/612/385 302/613/374
f 1054/614/574 1069/615/575 1068/613/576 1051/610/361 1052/339/360 1035/340/577 1036/512/578 1037/513/579 1038/258/318 1057/616/580 1056/617/581 1055/618/582
f 1073/619/583 1075/620/584 1070/621/585 1074/622/586 1072/623/587
f 219/624/481 486/625/480 491/626/567 276/627/566
f 1076/628/588 1073/619/583 1072/623/587 1077/629/589 1071/630/590
f 151/361/341 148/360/340 281/631/432 282/632/573
f 109/280/273 493/274/267 502/486/464 330/328/314
f 195/455/434 182/633/404 310/634/405 307/456/435
f 130/635/486 219/636/481 276/637/566 277/638/565
f 133/352/337 132/298/288 269/340/330 270/512/484
f 134/257/250 185/511/483 271/513/485 272/258/251
f 190/639/591 151/361/341 282/632/573 283/640/592
f 186/459/419 166/641/418 291/642/593 290/460/437
f 176/643/372 164/644/428 288/645/594 303/646/373
f 139/647/331 136/323/309 275/648/595 278/649/596
f 486/625/480 163/388/367 287/650/597 491/626/567
f 192/651/598 167/652/410 293/653/599 292/654/600
f 166/439/418 192/447/598 292/655/600 291/616/593
f 154/375/355 190/639/591 283/640/592 284/431/414
f 167/652/410 168/656/413 294/657/601 293/653/599
f 173/410/397 193/407/394 300/408/395 299/411/398
f 168/658/413 169/471/412 295/474/448 294/659/601
f 462/660/602 316/661/603 92/662/604 458/663/605
f 402/664/606 316/665/603 315/229/607 403/239/228
f 414/666/154 320/149/148 319/154/153 415/235/608
f 406/236/225 403/239/228 315/229/607 68/230/609 397/667/610
f 1086/149/611 1085/154/612 1194/153/613 1087/152/614 1088/151/198 1193/150/615
f 1088/151/198 1087/152/614 1089/668/616 1090/669/194
f 1031/117/118 1204/530/617 1203/670/618 1196/671/618 1208/37/619 1142/38/620 989/672/621 1211/673/622 1013/674/623 990/527/624 995/559/625 1006/112/113
f 121/451/315 123/450/430 332/307/297 331/306/296
f 164/644/428 165/675/420 289/676/438 288/645/594
f 498/333/369 503/677/626 156/331/358 159/332/627
f 402/664/606 399/678/628 92/679/604 316/665/603
f 850/680/629 848/681/630 1100/682/631 1101/683/632 1099/684/633
f 1127/685/634 1130/686/635 1129/687/636 1103/688/637 843/689/471
f 363/690/638 337/691/639 339/692/640 365/693/641
f 1158/694/642 1156/49/53 806/48/52 805/103/73 809/104/643
f 352/695/187 370/696/186 366/697/45 342/698/644
f 850/680/629 1135/699/645 1341/198/646 1134/195/647 848/700/630
f 1323/701/648 601/702/649 610/703/650 1098/704/651 888/705/652
f 915/706/653 955/707/654 918/708/655 920/709/656 956/710/657 917/711/658
f 1812/712/659 1811/713/660 1800/714/661 1856/715/662 1846/716/663 1845/717/664
f 461/718/665 100/719/666 401/720/667 429/721/668 420/722/668 99/524/498 460/723/669 466/724/670
f 145/355/339 142/354/338 279/725/671 280/452/431
f 71/134/135 202/254/672 358/487/465 356/159/158
f 977/726/673 981/497/674 832/128/129 827/127/128 867/727/675 980/728/192 852/729/144 851/730/676
f 397/731/610 67/732/677 360/733/226 406/734/225
f 418/251/242 426/250/241 217/735/678 359/736/679 357/737/679 102/255/680 216/738/681 89/739/682
f 76/167/166 74/223/683 355/160/159 356/159/158
f 353/740/684 370/741/186 368/195/189 82/700/333
f 82/700/333 334/742/332 346/743/685 353/740/684
f 341/43/46 353/740/684 346/743/685 347/44/47
f 1116/40/686 846/46/687 1114/45/688 1113/44/689 1107/43/690 1132/42/691 1133/41/692
f 649/744/693 651/745/694 696/746/695 695/747/696 691/748/697 644/749/698
f 385/183/178 372/750/699 373/751/700 388/184/179
f 339/692/640 565/752/701 566/753/702 351/754/703
f 1137/755/704 1145/756/705 1153/186/706 1151/183/707 1138/750/708
f 1094/757/709 1285/521/710 1286/522/711 1235/523/712 1238/758/713 1225/759/444 864/760/443 1166/761/714 1171/762/715
f 380/763/716 251/764/717 628/765/718
f 339/692/640 351/754/703 367/766/44 365/693/641
f 1114/45/688 846/46/687 1116/40/686 1111/767/719 1110/768/720
f 340/769/721 344/768/722 348/45/48 347/44/47
f 893/770/723 953/771/724 891/772/725 602/773/726 603/774/727
f 344/768/722 374/775/728 373/751/700 345/767/729
f 1144/776/730 1214/777/731 1213/531/732 1020/532/733 1021/580/734 1143/581/735
f 353/740/684 341/43/46 366/42/45 370/741/186
f 890/261/320 900/257/319 951/511/736 899/352/737 887/329/738 950/778/739
f 147/303/293 220/515/740 518/779/741 506/780/741 479/781/741 433/782/742 435/34/37 144/304/294
f 379/756/743 377/581/553 378/776/744
f 1115/783/745 1138/750/708 1139/751/746 1111/767/719 1116/40/686 1133/41/692 1131/784/747 1129/785/636 1130/786/635 1104/787/748 1102/788/745 1109/789/745
f 761/502/477 766/517/491 767/241/749 760/790/750 769/791/751 765/792/752
f 379/793/743 387/794/181 386/795/554 377/796/553
f 1081/229/220 1169/239/753 1172/236/754 1163/667/120 834/230/119
f 986/515/487 1284/779/755 1272/780/755 1245/781/755 1199/782/756 1207/797/757 1243/798/758 1205/799/758 1206/800/758 1246/801/758 1247/802/759 1244/803/760 987/804/761 1164/214/762 857/215/763 1078/516/488
f 327/805/764 404/217/208 405/762/201 328/757/765
f 314/806/766 402/664/606 403/239/228 313/238/227
f 412/807/767 417/808/768 401/720/667 100/719/666
f 1248/809/769 1285/521/710 1094/757/709 1093/805/770 1170/217/771 1164/214/762 1217/810/772 1218/811/769
f 39/70/70 393/69/69 26/30/33 41/98/97 394/97/96 395/100/99 45/105/773 43/812/774
f 25/31/34 26/30/33 393/69/69 391/68/68
f 775/21/23 774/20/22 1156/813/53 1158/694/642 796/47/775
f 93/814/156 458/815/605 92/679/604 399/678/628 417/808/768 412/807/767 100/719/666 461/718/665 465/816/776 411/817/157
f 875/818/777 1317/819/778 597/820/779 601/702/649 1323/701/648 1322/821/780 886/822/781
f 318/823/155 414/666/154 415/235/608 317/228/782
f 156/331/358 155/336/357 158/335/366 496/334/365 498/333/369 159/332/627
f 750/824/783 758/825/784 115/826/785 754/827/786 756/828/787 752/244/788
f 362/829/789 416/234/790 415/235/608 319/154/153
f 320/180/148 414/830/154 411/831/157 94/181/176
f 1505/92/92 1532/169/791 1531/832/792 1527/833/793 1523/834/794 1524/835/795 1522/836/796 1521/837/797 1520/838/798 1518/839/799 1519/840/800 1516/841/6 1517/842/5 1500/95/94 1499/94/93 1501/93/93
f 828/843/801 853/495/802 854/496/803 825/368/347 826/367/346 1175/844/804
f 57/111/112 56/110/111 408/845/805 407/846/806
f 1227/718/807 1232/724/808 1226/723/809 865/524/810 1186/722/811 1195/721/811 1167/720/812 866/719/813
f 75/222/814 74/223/683 422/295/285 423/847/815
f 322/848/150 427/179/149 419/182/177 96/849/816
f 321/152/151 323/668/817 464/219/210 457/218/209 91/215/206 312/516/818 505/850/819 504/851/820 489/852/821 488/504/479 218/507/482 219/506/481 130/514/486 105/326/312 104/163/162 213/253/244 90/252/243 418/251/242 89/739/682 70/853/822 410/233/823 416/234/790 362/829/789 319/154/153 428/153/152
f 203/168/167 103/854/824 421/162/161 425/161/160
f 76/167/166 424/166/165 422/295/285 74/223/683
f 433/782/742 432/36/39 434/35/38 435/34/37
f 103/854/824 217/735/678 426/250/241 421/162/161
f 109/855/273 330/856/314 331/306/296 120/309/299
f 907/32/386 904/39/393 1142/38/620 1208/37/619 1198/36/825 1200/35/826 1201/34/827 1202/33/828
f 1020/532/733 1213/531/732 1204/530/617 1031/117/118 1033/116/117
f 222/857/829 223/858/830 445/573/545 444/572/544
f 431/859/831 448/777/832 447/531/506 438/530/505
f 371/755/833 379/756/743 378/776/744 448/777/832 474/860/834 449/861/835
f 1022/862/836 1001/863/837 1008/864/838 1011/865/839 1015/866/840 1014/867/841
f 635/600/569 633/868/842 733/869/843 644/749/698 646/601/570
f 94/870/176 461/718/665 466/724/670 419/871/177
f 324/669/844 463/872/845 464/219/210 323/668/817
f 318/156/155 462/660/602 458/663/605 93/157/156
f 411/817/157 465/816/776 461/718/665 94/870/176
f 419/871/177 466/724/670 460/723/669 96/873/816
f 468/874/846 472/875/847 459/876/848 97/877/849
f 710/878/850 655/879/851 658/880/852 677/881/853 669/882/854 707/883/855
f 54/106/856 52/884/857 454/109/110 453/108/109
f 96/873/816 460/723/669 472/758/847 468/885/846
f 460/723/669 99/524/498 469/523/497 472/758/847
f 1239/886/858 1240/860/859 1215/861/860 1216/887/861
f 1260/296/862 872/273/863 1259/274/864 1268/486/865
f 1571/888/169 1553/889/866 1551/890/867 1568/891/170
f 1170/217/771 1171/762/715 1092/892/442 1229/872/445 1230/219/868 1091/216/869
f 1207/797/757 1197/859/870 1214/777/731 1240/860/859 1242/893/871 1241/894/871 1209/895/871 844/896/871 1233/897/871 1212/898/871 1247/802/759 1246/801/758 1206/800/758 1205/799/758 1243/798/758
f 37/899/872 48/900/873 2/901/874 2029/902/875 2025/903/875 2022/904/875 2028/905/875 2035/906/876 5/907/877 390/908/878
f 153/373/354 505/850/819 312/516/818 191/370/351
f 910/304/387 907/32/386 1202/33/828 1201/34/827
f 897/290/879 1034/289/880 1256/288/881 1250/287/882 1249/272/883 872/273/863
f 161/389/368 163/388/367 486/625/480 488/909/479
f 161/390/368 488/504/479 489/852/821 162/391/370
f 268/289/282 490/288/281 491/598/567 287/910/597
f 163/388/367 497/385/364 501/605/328 287/650/597
f 307/911/435 306/912/377 308/913/409 304/914/408 309/915/436
f 156/331/358 503/677/626 505/850/819 153/373/354
f 130/514/486 277/596/565 490/288/281 484/287/280
f 489/852/821 503/677/626 498/333/369 162/391/370
f 503/677/626 489/852/821 504/851/820 505/850/819
f 994/546/884 1004/547/885 1029/554/886 1003/549/887 993/553/888 1026/916/889
f 268/289/282 287/910/597 501/338/328 500/337/327
f 10/11/17 9/12/890 16/19/891 2038/18/892 15/17/18
f 1127/917/634 843/494/471 833/918/121 1126/237/893
f 629/919/894 247/674/546 224/527/501 259/526/500
f 517/920/502 224/921/501 229/922/537 510/923/536
f 260/916/895 228/546/524 508/560/538 507/529/503
f 239/551/529 230/550/528 510/558/536 509/533/509
f 261/924/533 232/925/530 512/585/512 511/535/513
f 243/557/535 234/556/534 514/564/516 513/567/517
f 232/925/530 239/926/529 509/927/509 512/585/512
f 228/546/524 241/545/523 515/561/522 508/560/538
f 236/548/526 243/557/535 513/567/517 516/928/520
f 227/553/531 260/916/895 507/529/503 517/528/502
f 234/929/534 261/924/533 511/535/513 514/538/516
f 230/550/528 227/553/531 517/528/502 510/558/536
f 241/545/523 236/548/526 516/928/520 515/561/522
f 987/804/761 1244/803/760 1217/810/772 1164/214/762
f 75/930/814 423/931/815 572/932/896 547/933/897
f 53/934/898 455/935/899 573/936/81 539/937/80
f 381/938/900 333/350/335 84/349/334 552/939/901 563/940/902 616/941/903 570/942/904 382/943/905
f 369/944/906 83/945/907 551/946/908 569/947/909
f 310/948/405 305/949/401 311/950/378 306/912/377 307/911/435
f 41/951/97 26/952/33 532/953/910 537/954/911
f 18/955/24 12/956/15 526/957/912 528/958/913
f 423/931/815 753/959/914 755/960/915 558/961/916 572/932/896
f 470/962/494 114/963/493 556/964/917 574/965/918
f 35/966/61 42/967/919 538/968/79 536/969/78
f 19/970/27 20/971/26 530/972/920 529/973/921
f 567/974/922 566/753/923 1117/975/924 1108/976/925 1118/977/926
f 20/978/26 18/955/24 528/958/913 530/979/920
f 564/980/927 575/981/928 1315/982/929 1314/983/469 843/689/471 1103/688/637
f 60/984/930 409/985/931 571/986/83 540/987/82
f 22/988/28 19/970/27 529/973/921 531/989/932
f 44/990/107 590/991/933 589/992/934 1303/993/935 810/994/936
f 354/995/937 75/930/814 547/933/897 568/996/938
f 1304/79/939 1305/997/940 820/998/344 811/369/350
f 1174/999/941 1176/1000/222 835/1001/221 822/1002/942
f 120/309/299 122/308/298 560/1003/943 559/1004/944
f 64/1005/945 63/1006/946 542/1007/90 543/1008/89
f 81/193/188 352/192/187 567/974/947 550/1009/948
f 339/692/640 337/691/639 564/980/949 565/752/701
f 84/349/334 369/944/906 569/947/909 552/939/901
f 978/1010/950 1325/1011/951 1324/1012/952 970/1013/953
f 455/935/899 60/984/930 540/987/82 573/936/81
f 26/1014/33 22/988/28 531/989/932 532/1015/910
f 831/1016/130 1310/1017/954 1309/1018/955 830/1019/131
f 274/462/956 273/259/252 272/258/251 291/616/593 292/655/600 293/1020/599 294/1021/601 295/1022/448 296/1023/447 297/1024/416 298/608/399 281/607/432 280/1025/431 279/1026/671 278/649/596 275/648/595 136/323/309 135/322/308
f 114/519/493 487/518/492 576/1027/957 556/1028/917
f 758/825/784 766/517/491 470/520/494 115/826/785
f 606/1029/958 608/1030/959 1015/866/840 1011/865/839
f 87/1031/472 212/1032/475 562/1033/86 553/1034/85
f 62/1035/960 87/1031/472 553/1034/85 541/1036/84
f 1324/1012/952 1310/1017/954 831/1016/130 970/1013/953
f 32/1037/961 33/1038/64 534/1039/76 533/1040/75
f 770/1041/962 1287/1042/963 1289/1043/964 772/1044/965 2040/1045/966
f 1980/1046/967 1979/1047/968 1940/1048/969 1941/1049/970 1965/1050/971 1992/1051/972
f 34/1052/62 35/966/61 536/969/78 535/1053/77
f 409/985/931 62/1035/960 541/1036/84 571/986/83
f 111/1054/274 109/1055/273 554/1056/973 555/1057/974
f 33/1038/64 34/1052/62 535/1053/77 534/1039/76
f 879/1058/975 599/1059/976 600/401/380 883/400/379
f 1480/791/977 1479/270/978 1251/271/979 976/327/980 1471/790/981
f 7/1060/14 15/1061/18 527/1062/982 524/1063/983
f 3/1064/4 32/1037/961 533/1040/75 523/1065/74
f 621/136/137 73/139/138 546/1066/984 625/1067/985
f 622/1068/986 51/1069/987 591/1070/988 626/1071/989
f 12/956/15 7/1060/14 524/1063/983 526/957/912
f 487/518/492 116/501/476 557/1072/990 576/1027/957
f 73/139/138 354/995/937 568/996/938 546/1066/984
f 1216/887/861 1215/861/860 1137/755/704 1138/750/708 1115/783/745 1109/789/745 1102/788/745 1104/787/748 845/1073/991
f 528/958/913 526/957/912 581/1074/992 584/1075/993
f 1155/185/994 1150/1076/995 1149/1077/996 1154/184/997
f 529/973/921 530/972/920 586/1078/998 585/1079/999
f 1487/1080/236 576/1027/957 557/1072/990 639/1081/1000 641/1082/1001
f 530/979/920 528/958/913 584/1075/993 586/1083/998
f 1939/1084/1002 1942/1085/1003 2000/1086/1004 1999/1087/1005
f 531/989/932 529/973/921 585/1079/999 587/1088/1006
f 1483/1089/1007 1482/1090/1008 640/1091/1009 638/1092/1010
f 532/1015/910 531/989/932 587/1088/1006 588/1093/1011
f 576/1027/957 1487/1080/236 1514/1094/240 1506/1095/1012
f 1500/1096/94 1517/1097/5 1540/1098/8 577/1099/1013 521/1100/95
f 144/304/294 435/34/37 436/33/36 141/32/35
f 2036/1101/1014 2020/1102/1015 1581/1103/1016 1582/1104/1017
f 537/954/911 532/953/910 588/1105/1011 589/992/934
f 556/1028/917 576/1027/957 1506/1095/1012 1507/178/1018
f 1610/1106/1019 1617/1107/1020 1590/1108/1021 1603/1109/1022 2031/226/217 2032/1110/1023
f 5/20/877 13/9/1024 14/10/32 6/21/51
f 55/107/1025 44/99/1026 590/1111/1027 591/1070/988 51/1069/987
f 552/1112/1028 569/1113/1029 615/1114/1030 596/1115/1030 563/1116/1031
f 992/1117/1032 991/1118/1033 1025/1119/1034 1340/919/1035 1013/674/623 1012/1120/1036
f 546/1121/984 568/1122/938 1503/1123/1037 1504/1124/1038
f 545/1125/1039 626/1071/989 591/1070/1040 592/1126/1041
f 569/1113/1029 551/1127/1042 595/1128/1043 615/1114/1030
f 1015/866/840 608/1030/959 609/1129/1044 1017/1130/1045
f 549/1131/1046 548/1132/1047 593/1133/1048 594/1134/1049
f 570/942/1050 1148/1135/1051 1146/1136/1052 1017/1130/1045 609/1129/1044 617/1137/1053
f 570/1138/1054 616/1139/1055 617/1140/1056
f 361/1141/1057 364/786/1058 338/787/1059 79/1073/1060 450/887/1061 473/886/1062 474/860/834 476/893/1063 475/894/1063 443/895/1063 78/896/1063 467/897/1063 446/898/1063 481/802/1064 478/803/1065 451/810/1066 452/811/1067 482/809/1067 519/521/495 95/525/499 99/524/498 420/722/668 429/721/668 401/720/667 417/808/768 413/1142/1068 314/806/766 313/238/227 360/237/226
f 542/90/90 625/1143/985 546/1121/984 1504/1124/1038 1502/91/91
f 555/1057/974 554/1056/973 597/1144/779 598/1145/381
f 42/369/919 53/934/898 539/937/80 538/79/79
f 1488/1146/238 1331/1027/1069 1512/1147/1070 1515/1148/239
f 575/1149/1071 549/1131/1046 594/1134/1049 618/1150/1072
f 524/1063/983 527/1062/982 582/1151/1073 579/1152/1074
f 13/9/1024 9/12/890 10/11/17 14/10/32
f 2021/227/218 2031/226/217 1603/1109/1022 1602/1153/1075
f 86/1154/1076 58/1155/1077 70/1156/822 89/1157/682
f 526/957/912 524/1063/983 579/1152/1074 581/1074/992
f 67/1158/677 622/1159/1078 626/1160/989 545/1161/1039
f 63/1006/946 621/136/137 625/1067/985 542/1007/90
f 396/1162/1079 51/1163/1080 622/121/1078 624/1164/1081
f 63/1006/946 61/1165/1082 619/137/133 621/136/137
f 1335/256/249 867/727/675 827/127/128 1332/132/1083 1333/133/245
f 630/198/191 627/197/190 83/1166/907 369/1167/906
f 1148/1168/1051 1150/1169/995 1016/1170/1084 1339/1171/1085 1146/1172/1052
f 118/1173/462 112/1174/463 633/868/842 635/600/569
f 557/1175/990 116/1176/476 634/1177/478 639/1178/1000
f 641/1179/1001 678/1180/1086 1496/1181/1087 1487/1182/236
f 702/277/270 110/481/461 632/1183/568 704/1184/1088
f 112/1174/463 1483/1089/1007 638/1092/1010 633/868/842
f 110/1185/461 118/1173/462 635/600/569 632/599/568
f 1390/143/142 1493/1186/1089 1490/1187/1090 1481/1188/1091 1351/1189/1092
f 660/1190/1093 690/1191/1094 728/1192/1095 731/1193/1096
f 1346/1194/1097 1357/1195/1098 1355/1196/1099 1444/1197/1100 1344/1198/1101
f 734/1199/1102 735/1200/1103 650/1201/1104 652/1202/1105
f 1427/1203/1106 1459/1204/1107 1433/1205/1108 1438/1206/1109 1404/1207/1110 1353/1208/1111 1455/1209/1112 1342/1210/1113 874/1211/1114 1441/1212/1115
f 693/1207/1116 654/1213/1117 732/1214/1118 727/1206/1119
f 1339/1215/1085 1016/1216/1084 1014/867/841 1015/866/840 1017/1130/1045
f 739/1217/1120 740/1218/1121 651/745/694 649/744/693
f 736/1219/1122 741/1220/572 643/1221/571 705/1222/1123
f 733/869/843 739/1217/1120 649/744/693 644/749/698
f 773/67/100 772/1223/965 801/1224/1124 802/63/1125 800/62/1126 799/66/1127
f 1343/1225/1128 1452/1226/1129 1354/1227/1130 1357/1195/1098 1346/1194/1097
f 735/1228/1103 737/1229/1131 645/1230/1132 650/1231/1104
f 637/592/561 329/1232/256 729/1233/1133 715/593/562
f 1369/1234/1134 1367/1235/1135 1402/1236/1136 1398/1237/1137 1397/1238/1138 1366/1239/1139
f 688/1240/1140 689/1241/1141 657/1242/1142 663/1243/1143
f 690/1191/1094 648/590/559 721/595/564 728/1192/1095
f 663/1244/1143 672/1245/1144 673/1246/1145 665/1247/1146 683/1248/1147 697/1249/1148 692/1250/1149 688/1251/1140
f 492/279/272 108/1252/1150 730/1253/1151 718/1254/1152
f 654/1213/1117 661/1255/1153 726/1256/1154 732/1214/1118
f 689/1257/1141 694/1258/1155 659/1259/1156 657/1260/1142
f 695/1261/696 696/1262/695 664/1263/1157 662/1264/1158
f 712/1265/1159 686/1266/1160 655/1267/851 710/1268/850
f 691/748/697 695/747/696 662/1269/1158 656/1270/1161
f 694/1258/1155 711/1271/1162 709/1272/1163 659/1259/1156
f 674/1273/1164 662/1269/1158 664/1274/1157 675/1275/1165
f 672/1245/1144 663/1244/1143 657/1276/1142 670/1277/1166
f 670/1277/1166 657/1276/1142 659/1278/1156 671/1279/1167
f 676/1280/1168 668/1281/1169 669/882/854 677/881/853
f 674/1282/1164 666/1283/1170 668/1284/1169 676/1285/1168
f 672/1245/1144 666/1283/1170 667/1286/1171 673/1246/1145
f 668/1284/1169 670/1277/1166 671/1279/1167 669/1287/854
f 666/1283/1170 672/1245/1144 670/1277/1166 668/1284/1169
f 662/1269/1158 674/1273/1164 676/1280/1168 656/1270/1161
f 656/1270/1161 676/1280/1168 677/881/853 658/880/852
f 666/1288/1170 674/1273/1164 675/1275/1165 667/1289/1171
f 659/1259/1156 709/1272/1163 708/1290/1172 671/1291/1167
f 708/1290/1172 707/1292/855 669/1293/854 671/1291/1167
f 1388/1294/1173 1369/1234/1134 1366/1239/1139 1421/1295/1174 1418/1296/1175 1380/1297/1176
f 1485/1298/1177 1349/1299/1178 1351/1300/1092 1481/1301/1091
f 1814/1302/1179 1813/1303/1180 1818/1304/1181 1853/1305/1182 1857/1306/1183 1843/1307/1184
f 699/1308/1185 696/1262/695 651/1309/694 682/1310/1186
f 692/1311/1149 697/1249/1148 680/1312/1187 652/1202/1105
f 697/1313/1148 698/1314/1188 681/144/1189 680/140/1187
f 698/1314/1188 699/1308/1185 682/1310/1186 681/144/1189
f 734/1199/1102 743/1315/1190 678/1180/1086 641/1179/1001
f 687/1316/1191 691/748/697 656/1270/1161 658/880/852 655/879/851 686/1317/1160
f 1352/1318/1192 1488/1319/238 1497/1320/1193 1389/1321/141
f 1389/142/141 1497/1322/1193 1493/1186/1089 1390/143/142
f 667/1323/1171 684/1324/1194 683/1325/1147 673/1326/1145
f 675/1327/1165 685/1328/1195 684/1324/1194 667/1323/1171
f 664/1263/1157 685/1328/1195 675/1327/1165
f 673/1326/1145 683/1325/1147 665/1329/1146
f 684/1324/1194 685/1328/1195 699/1308/1185 698/1314/1188
f 683/1325/1147 684/1324/1194 698/1314/1188 697/1313/1148
f 685/1328/1195 664/1263/1157 696/1262/695 699/1308/1185
f 1406/1330/1196 1407/1331/1197 1362/1332/1198 1360/1333/1199 1355/1196/1099 1402/1236/1136
f 705/1222/1123 643/1221/571 686/1266/1160 712/1265/1159
f 329/1232/256 107/1334/255 717/1335/1200 729/1233/1133
f 653/1336/1201 660/1337/1093 731/1338/1096 724/1339/1202
f 652/1202/1105 650/1201/1104 688/1340/1140 692/1311/1149
f 646/601/570 644/749/698 691/748/697 687/1316/1191
f 107/262/255 492/279/272 718/1254/1152 717/1341/1200
f 650/1231/1104 645/1230/1132 689/1241/1141 688/1240/1140
f 643/602/571 646/601/570 687/1316/1191 686/1317/1160
f 108/1252/1150 492/279/272 700/278/271 702/277/270
f 329/263/256 637/1342/561 703/265/258 701/264/257
f 631/1343/1203 108/1252/1150 702/277/270 704/1184/1088
f 744/1209/1204 631/1343/1203 704/1184/1088 736/1219/1122
f 745/591/560 648/590/559 706/1344/1205 742/1345/1206
f 660/1337/1093 653/1336/1201 661/1255/1153 654/1213/1117 693/1207/1116 712/1265/1159 710/1268/850 707/1292/855 708/1290/1172 709/1272/1163 711/1271/1162 690/1346/1094
f 648/1347/559 690/1346/1094 711/1271/1162 706/1348/1205
f 693/1207/1116 642/1208/1207 705/1222/1123 712/1265/1159
f 1426/1349/1208 1460/1350/1209 1457/1351/1210 1425/1352/1211 1428/1341/1212 1440/1353/1213
f 718/1254/1152 730/1253/1151 716/1203/1214 713/1354/1215
f 717/1341/1200 718/1254/1152 713/1354/1215 714/1352/1216
f 746/1351/1217 747/1355/1218 719/1356/1219 720/1357/1220
f 747/1355/1218 748/1204/1221 722/1205/1222 719/1356/1219
f 749/1350/563 746/1351/1217 720/1357/1220 721/1358/564
f 728/1359/1095 723/1360/1223 724/1339/1202 731/1338/1096
f 725/1361/1224 727/1206/1119 732/1214/1118 726/1256/1154
f 719/1356/1219 722/1205/1222 727/1206/1119 725/1361/1224
f 721/1358/564 720/1357/1220 723/1360/1223 728/1359/1095
f 1359/1362/1225 1432/1363/1226 1460/1364/1209 1426/1365/1208 1348/1366/1227 1456/1367/1228
f 661/1255/1153 653/1336/1201 724/1339/1202 726/1256/1154
f 713/1354/1215 716/1203/1214 748/1204/1221 747/1355/1218
f 714/1352/1216 713/1354/1215 747/1355/1218 746/1351/1217
f 637/1342/561 745/1368/560 742/1369/1206 703/265/258
f 642/1208/1207 744/1209/1204 736/1219/1122 705/1222/1123
f 652/1202/1105 680/1312/1187 743/1315/1190 734/1199/1102
f 52/1370/857 396/1162/1079 624/1164/1081 622/121/1078 67/1371/677 397/1372/610 68/1373/609 456/1374/1229 454/1375/110
f 639/1178/1000 634/1177/478 737/1229/1131 735/1228/1103
f 636/266/259 703/265/258 742/1369/1206 738/1376/1230
f 633/868/842 638/1092/1010 739/1217/1120 733/869/843
f 704/1184/1088 632/1183/568 741/1220/572 736/1219/1122
f 638/1092/1010 640/1091/1009 740/1218/1121 739/1217/1120
f 634/503/478 636/266/259 738/1376/1230 737/1377/1131
f 641/1179/1001 639/1378/1000 735/1200/1103 734/1199/1102
f 1466/1379/1231 1465/827/1232 1467/828/1233 1464/1380/1234
f 761/502/477 765/792/752 762/269/262 763/268/261 764/267/260
f 758/825/784 750/824/783 752/244/788 759/240/1235
f 603/774/727 127/317/305 129/319/307 375/1381/1236 222/857/829 444/572/544 246/575/547 607/589/558
f 1472/502/1237 1476/792/1238 1480/791/977 1471/790/981 1478/241/230 1477/517/1239
f 1465/827/1232 881/826/1240 1469/825/1241 1461/824/1242 1463/244/235 1467/828/1233
f 269/340/330 286/339/329 285/610/415 302/613/374 303/615/373 288/614/594 289/618/438 290/617/437 291/616/593 272/258/251 271/513/485 270/512/484
f 759/240/1235 767/241/749 766/517/491 758/825/784
f 765/792/752 769/791/751 768/270/263 762/269/262
f 2040/1382/966 772/1383/965 773/101/100 2042/102/101
f 188/260/253 273/259/252 274/462/956 135/322/308 126/321/304
f 777/13/1243 780/16/1244 781/15/1245 776/14/1246
f 779/11/11 777/13/1243 776/14/1246 784/17/19
f 780/16/1244 786/23/1247 787/22/1248 781/15/1245
f 786/23/1247 788/25/1249 789/24/1250 787/22/1248
f 786/23/1247 790/27/1251 791/26/1252 788/25/1249
f 777/13/1243 792/29/1253 793/28/1254 780/16/1244
f 780/16/1244 793/28/1254 790/27/1251 786/23/1247
f 777/13/1243 779/11/11 783/10/10 792/29/1253
f 790/27/1251 794/31/1255 795/30/1256 791/26/1252
f 800/62/1126 797/58/1257 798/59/348 815/1384/1258 818/1385/1258 812/812/1259 808/70/1260 807/71/1261 1157/68/1262 794/31/1255 790/27/1251 793/28/1254 792/29/1253 796/47/775 1158/694/642 809/104/643 817/65/1263 799/66/1127
f 783/10/10 775/21/23 796/47/775 792/29/1253
f 4/67/3 30/66/67 31/62/63 33/63/64 32/1224/961 3/1223/4
f 797/58/1257 803/61/1264 804/60/349 798/59/348
f 800/62/1126 802/63/1125 803/61/1264 797/58/1257
f 814/64/72 773/67/100 799/66/1127 817/65/1263
f 36/1386/102 37/899/872 390/908/878 392/694/1265 40/104/103
f 138/346/42 376/1387/41 375/1381/1236 129/319/307
f 1157/68/1262 807/71/1261 808/70/1260 1159/69/1266
f 1335/256/249 868/255/248 982/738/193 980/199/192 867/1388/675
f 29/59/60 59/368/1267 60/367/930 455/366/899 53/365/898 42/369/919 35/60/61
f 101/727/1268 623/256/1269 620/133/134 619/132/133 61/127/1082
f 1160/97/1270 1161/100/108 44/99/107 810/98/936
f 574/1389/918 556/1028/917 1507/178/1018 1503/1123/1037 568/1122/938 547/1390/897 572/1391/896 558/1392/916
f 805/103/73 814/64/72 817/65/1263 809/104/643
f 54/106/856 55/107/1271 51/1069/1080 396/1393/1079 52/884/857
f 1219/108/1272 823/111/1273 822/110/942 1220/109/126
f 58/1394/1077 86/729/1076 85/730/1274 407/846/806 408/845/805
f 1431/1357/1275 1434/1360/1276 1435/1339/1277 1437/1256/1278 1436/1361/1279 1430/1356/1280
f 215/497/474 66/128/1281 65/129/200 204/1395/199 212/498/475
f 1332/132/1083 838/135/216 837/134/246 1333/133/245
f 1334/1396/1282 839/1397/211 838/1398/216 1332/1399/1083
f 408/1400/805 56/1401/111 69/1402/1283 410/1403/823
f 1392/144/143 1390/143/142 1351/1189/1092 1451/1404/1284 1362/1309/1198 1393/1310/1285
f 73/220/138 72/135/136 355/160/159 74/223/683 75/222/814 354/221/937
f 1180/1405/1286 1177/1406/1287 859/1407/1288 1084/1408/1289
f 1122/159/1290 837/134/246 838/135/216 1121/160/215
f 751/243/284 752/244/788 756/828/787 753/1380/914 423/847/815 422/295/285
f 1190/166/1291 1468/165/233 975/164/232 870/163/1292 1187/162/1293 1191/161/1294 969/168/1295 842/167/1296
f 606/1029/958 245/571/543 249/570/542 608/1030/959
f 1193/1409/615 1185/1410/1297 860/1411/1298 1086/1412/611
f 1151/183/707 1153/186/706 1155/185/994 1154/184/997
f 351/754/703 342/1413/644 366/1414/45 367/766/44
f 1136/1415/1299 1134/1416/647 847/1417/1300 1118/977/926
f 1134/195/647 1341/198/646 1338/197/1301 847/196/1300
f 620/133/134 623/256/1269 102/255/680 202/254/672 71/134/135
f 326/211/202 463/1418/845 324/1419/844 97/877/849 459/1420/848 98/212/203
f 1171/1421/715 1166/1422/714 864/468/443 1092/467/442
f 537/954/911 589/992/934 590/991/933 44/990/98 41/951/97
f 1164/214/762 1170/217/771 1091/216/869 857/215/763
f 1223/218/1302 857/215/763 1091/216/869 1230/219/868
f 212/1423/475 204/206/199 561/209/87 562/1424/86
f 1172/236/754 1169/239/753 1079/238/1303 1126/237/893
f 469/523/497 520/522/496 519/521/495 328/757/765 405/762/201 400/761/204 98/760/203 459/759/848 472/758/847
f 327/805/764 328/757/765 519/521/495 482/809/1067 452/811/1067 451/810/1066 398/214/205 404/217/208
f 1192/250/1304 979/253/1305 856/252/1306 1184/251/1307
f 209/164/163 104/163/162 105/326/312 210/327/313 471/242/1308
f 893/770/723 603/774/727 607/589/558 1012/1425/1036 1210/1426/1309 988/1427/1310 1141/1428/1311 895/1429/1312
f 1358/1430/1313 1405/1258/1314 1422/1271/1315 1417/1348/1316 1453/1369/1317 1449/1376/1318
f 210/327/313 760/790/750 767/241/749 471/242/1308
f 1412/264/1319 1095/263/1320 873/262/1321 1258/279/1322 1411/278/1323 1413/277/1324 971/276/1325 1265/275/1326 1259/274/864 872/273/863 1249/272/883 1251/271/979 1479/270/978 1473/269/1327 1474/268/1328 1475/267/1329 1347/266/1330 1414/265/1331
f 593/1133/1048 592/1126/1041 1311/1125/470 1314/1132/469
f 971/276/1325 972/282/1332 877/281/383 875/280/777
f 974/1431/1333 973/1432/1334 879/1433/975 883/1434/379
f 115/1435/785 470/962/494 574/965/918 558/961/916 755/960/915 754/1436/786
f 972/1437/1332 974/1438/1333 883/400/379 877/404/383
f 494/296/286 502/486/464 493/274/267 106/273/266
f 1190/166/1291 1188/295/1335 1462/243/234 1468/165/233
f 1260/296/862 885/299/1336 898/298/1337 1261/297/1338
f 216/738/681 102/255/680 623/1439/1269 101/1440/1268 214/1441/1339
f 1097/1442/1340 886/822/781 888/705/652 1098/704/651
f 949/1443/1341 891/772/725 890/1444/320 950/1445/739
f 953/771/724 893/770/723 892/1446/441 954/1447/316
f 893/770/723 895/1429/1312 894/1448/1342 892/1446/441
f 894/320/1342 902/323/1343 901/322/439 892/321/441
f 1260/296/862 1261/297/1338 897/290/879 872/273/863
f 124/261/254 184/778/301 121/329/315 133/352/337 185/511/483 134/257/250
f 871/326/1344 976/327/980 1251/271/979 1249/272/883
f 1096/328/1345 1097/330/1340 887/329/738 885/299/1336
f 383/1077/1346 388/184/179 373/751/700 374/775/728 344/768/722 340/769/721 347/44/47 346/743/685 334/742/332 335/1449/336
f 1266/337/1347 1035/340/577 1052/339/360 1267/338/1348
f 894/1450/1342 903/1451/392 905/1452/1349 902/1453/1343
f 895/1429/1312 904/1454/393 903/1455/392 894/1448/1342
f 1141/1428/1311 1142/1456/620 904/1454/393 895/1429/1312
f 887/329/738 899/352/737 898/298/1337 885/299/1336
f 139/343/331 278/1457/596 279/725/671 142/354/338 140/353/290 137/344/295
f 906/1458/391 909/1459/390 911/1460/1350 908/1461/1351
f 909/1459/390 912/1462/389 914/1463/1352 911/1460/1350
f 912/1464/389 915/706/653 917/711/658 914/1465/1352
f 913/303/388 916/364/490 915/363/653 912/302/389
f 149/362/342 151/361/341 190/639/591 154/375/355 152/374/353 189/1466/352
f 957/370/489 919/373/1353 918/372/655 955/371/654
f 918/708/655 921/382/326 923/381/362 920/709/656
f 919/373/1353 922/331/321 921/336/326 918/372/655
f 1265/275/1326 971/276/1325 875/280/777 1259/274/864
f 926/1467/359 924/1468/325 1262/1469/324 1263/1470/1354
f 1262/1469/324 927/1471/1355 929/1472/1356 1263/1470/1354
f 1264/333/323 928/391/1357 927/390/1355 1262/334/324
f 941/1473/1358 1068/1474/576 1069/1475/575 942/1476/1359
f 946/1477/456 1077/1478/589 1072/1479/587 960/1480/457
f 1261/297/1338 1266/337/1347 1034/289/880 897/290/879
f 940/1481/1360 1067/1482/1361 1068/1474/576 941/1473/1358
f 714/1352/1216 746/1351/1217 749/1350/563 715/1349/562 729/1353/1133 717/1341/1200
f 1261/297/1338 898/298/1337 1035/340/577 1266/337/1347
f 959/1483/1362 1066/1484/1363 1067/1482/1361 940/1481/1360
f 938/1485/1364 1064/1486/1365 1065/1487/1366 939/1488/1367
f 947/1489/455 1071/1490/590 1077/1491/589 946/1492/456
f 963/417/449 937/420/1368 938/419/1364 939/418/1367
f 948/1493/454 1076/1494/588 1071/1490/590 947/1489/455
f 943/1495/450 1074/1496/586 1070/1497/585 944/1498/451
f 933/427/423 934/430/1369 935/429/1370 964/428/424
f 923/381/362 1051/380/361 1050/1499/1371 920/709/656
f 937/1500/1368 1063/1501/1372 1064/1502/1365 938/1503/1364
f 962/437/458 963/417/449 939/418/1367 959/438/1362
f 932/439/426 966/442/425 931/441/1373 952/440/1374
f 198/428/411 197/417/402 171/420/403 170/1504/446 169/429/412
f 942/443/1359 967/446/459 940/445/1360 941/444/1358
f 931/441/1373 966/442/425 965/449/460 930/448/1375
f 889/1505/1376 949/1443/1341 950/1445/739 887/1506/738
f 967/446/459 962/437/458 959/438/1362 940/445/1360
f 914/1463/1352 1047/1507/1377 1046/1508/1378 911/1460/1350
f 930/448/1375 965/449/460 967/446/459 942/443/1359
f 945/1509/452 1075/1510/584 1073/1511/583 961/1512/453
f 931/1513/1373 1055/1514/582 1056/1515/581 952/1516/1374
f 916/364/490 957/370/489 955/371/654 915/363/653
f 1149/1517/996 1150/1518/995 1148/1135/1051 1147/1519/1379 1099/684/633 1101/683/632
f 891/772/725 953/771/724 954/1447/316 890/1444/320
f 944/1498/451 1070/1497/585 1075/1520/584 945/1521/452
f 943/465/450 963/417/449 962/437/458 960/466/457
f 935/1522/1370 1061/1523/1380 1062/1524/1381 936/1525/1382
f 936/1525/1382 1062/1524/1381 1063/1501/1372 937/1500/1368
f 607/589/558 605/588/557 992/1117/1032 1012/1425/1036
f 876/481/1383 884/483/1384 974/482/1333 972/282/1332
f 884/1526/1384 878/1527/1385 973/1432/1334 974/1431/1333
f 1096/328/1345 885/299/1336 1260/296/862 1268/486/865
f 1413/277/1324 876/481/1383 972/282/1332 971/276/1325
f 1122/159/1290 842/167/1296 969/168/1295 1124/487/1386
f 769/791/751 760/790/750 210/327/313 485/271/264 768/270/263
f 853/495/802 978/498/950 981/497/674 854/496/803
f 1187/162/1293 870/163/1292 979/253/1305 1192/250/1304
f 960/1480/457 1072/1479/587 1074/1528/586 943/1529/450
f 882/501/1387 1345/503/1388 1347/266/1330 1475/267/1329 1472/502/1237
f 1254/504/1389 984/507/1390 985/506/1391 1252/505/1392
f 951/511/736 1037/513/579 1036/512/578 899/352/737
f 1249/272/883 1250/287/882 896/514/1393 871/326/1344
f 880/519/1394 1253/518/1395 882/501/1387 1472/502/1237 1477/517/1239 1236/520/1396
f 375/1381/1236 376/1387/41 223/858/830 222/857/829
f 1173/846/1397 851/730/676 852/729/144 824/1394/147 1174/845/941
f 1025/526/1034 1273/529/1398 1283/528/1399 990/527/624
f 228/546/524 260/916/895 227/553/531 237/549/527 263/554/532 238/547/525
f 1275/533/1400 1278/534/1401 997/113/114 1006/112/113
f 1277/1530/1402 1280/1531/1403 999/1532/1404 1028/1533/1405
f 1279/1534/1406 1282/1535/1407 1001/863/837 1010/1536/1408
f 1282/1535/1407 1281/1537/1409 1008/864/838 1001/863/837
f 1007/545/1410 1002/548/1411 1004/547/885 994/546/884
f 1003/549/887 998/552/1412 1005/551/1413 996/550/1414
f 993/553/888 1003/549/887 996/550/1414
f 1029/554/886 1027/555/1415 998/552/1412 1003/549/887
f 1002/548/1411 1009/557/1416 1000/556/1417 1004/547/885
f 1276/558/1418 1275/533/1400 1006/112/113 995/559/625
f 1274/560/1419 991/563/1033 1008/562/838 1281/561/1409
f 1280/564/1403 1279/567/1406 1010/566/1408 999/565/1404
f 226/587/556 225/1538/539 242/1539/521 245/1540/543
f 1210/1426/1309 1012/1425/1036 1013/1541/623 1211/1542/622
f 187/314/303 127/317/305 603/774/727 602/773/726 125/313/302
f 249/570/542 248/569/541 250/1543/548 628/1544/718 251/1545/717
f 1016/576/1084 1019/579/1420 1018/578/1421 1014/577/841
f 1032/115/116 1021/580/734 1020/532/733 1033/116/117
f 1143/581/735 1021/580/734 1032/115/116 1152/582/1422
f 1023/583/1423 1022/584/836 1014/577/841 1018/578/1421
f 1004/547/885 1000/556/1417 1027/555/1415 1029/554/886
f 1278/1546/1401 1277/1530/1402 1028/1533/1405 997/1547/114
f 991/563/1033 1274/560/1419 1273/529/1398 1025/526/1034
f 253/579/550 252/578/549 257/583/555 256/584/540 235/1548/519 244/566/518 233/565/515 262/1549/514 231/113/511 264/114/1424 258/1550/1425
f 337/691/639 363/690/638 364/1551/1058 361/1552/1057 77/1553/1426
f 1256/288/881 1257/598/1427 1042/597/1428 1043/596/1429
f 392/694/1265 390/813/878 5/20/877 6/21/51 27/47/50
f 926/1467/359 1263/1470/1354 1267/1554/1348 1052/1555/360
f 284/611/414 283/1556/592 282/606/573 299/609/398 300/1557/395 301/612/385
f 975/164/232 1237/242/231 976/327/980 871/326/1344 870/163/1292
f 1048/606/1430 1065/609/1366 1064/608/1365 1047/607/1377
f 1051/610/361 1068/613/576 1067/612/1361 1050/611/1371
f 64/130/945 65/129/200 66/128/1281 61/127/1082 63/131/946
f 985/1558/1391 1042/1559/1428 1257/1560/1427 1252/1561/1392
f 917/711/658 1048/1562/1430 1047/1563/1377 914/1465/1352
f 875/280/777 1096/328/1345 1268/486/865 1259/274/864
f 961/1512/453 1073/1511/583 1076/1564/588 948/1565/454
f 896/1566/1393 1043/1567/1429 1042/1568/1428 985/1569/1391
f 899/352/737 1036/512/578 1035/340/577 898/298/1337
f 900/257/319 1038/258/318 1037/513/579 951/511/736
f 956/710/657 1049/1570/1431 1048/1562/1430 917/711/658
f 952/1516/1374 1056/1515/581 1057/1571/580 932/1572/426
f 942/1573/1359 1069/1574/575 1054/1575/574 930/1576/1375
f 905/647/1349 1044/649/1432 1041/648/1433 902/323/1343
f 1252/1561/1392 1257/1560/1427 1053/1577/1434 929/1472/1356
f 958/1578/427 1058/1579/1435 1059/1580/1436 933/1581/423
f 932/439/426 1057/616/580 1058/655/1435 958/447/427
f 920/709/656 1050/1499/1371 1049/1570/1431 956/710/657
f 933/1581/423 1059/1580/1436 1060/1582/1437 934/1583/1369
f 939/1488/1367 1065/1487/1366 1066/1484/1363 959/1483/1362
f 934/1584/1369 1060/1585/1437 1061/1523/1380 935/1522/1370
f 1228/1586/1438 1224/1587/1439 858/1588/1440 1082/1589/1441
f 1168/664/1442 1169/239/753 1081/229/220 1082/665/1441
f 316/665/603 462/1590/602 318/823/155 317/228/782 315/229/607
f 1180/666/1286 1181/235/224 1085/154/612 1086/149/611
f 404/217/208 325/216/207 464/219/210 463/872/845 326/892/202 405/762/201
f 887/1506/738 1097/1442/1340 1098/704/651 889/1505/1376
f 930/1576/1375 1054/1575/574 1055/1591/582 931/1592/1373
f 1264/333/323 925/332/322 922/331/321 1269/677/1443
f 1168/664/1442 1082/665/1441 858/679/1440 1165/678/1444
f 756/828/787 754/827/786 755/1379/915 753/1380/914
f 1011/1593/839 1008/1594/838 991/1118/1033 992/1117/1032
f 315/229/607 317/228/782 415/235/608 416/234/790 410/233/823 69/232/1283 456/231/1229 68/230/609
f 1129/687/636 1131/1595/747 1105/1596/1445 1103/688/637
f 1118/1597/926 1108/1598/925 1132/1599/691 1136/1600/1299
f 240/112/510 265/117/504 267/116/508 266/115/551 264/114/1424 231/113/511
f 1106/769/1446 1110/768/720 1140/775/1447 1139/751/746 1154/184/997 1149/1077/996 1101/1449/632 1100/742/631 1112/743/1448 1113/44/689
f 350/40/43 345/767/729 373/751/700 372/750/699 349/783/1449 343/789/1449 336/788/1449 338/787/1059 364/786/1058 363/785/638 365/784/641 367/41/44
f 911/1460/1350 1046/1508/1378 1045/1601/1450 908/1461/1351
f 837/134/246 1122/159/1290 1124/487/1386 968/254/247
f 357/737/679 359/736/679 217/735/678 103/854/824 203/168/167 358/487/465 202/254/672 102/255/680
f 1163/1602/120 1172/1603/754 1126/1604/893 833/1605/121
f 983/735/1451 1192/250/1304 1184/251/1307 855/739/145 982/738/193 868/255/248 1123/737/1452 1125/736/1452
f 842/167/1296 1122/159/1290 1121/160/215 840/223/214
f 1119/740/1453 848/700/630 1134/195/647 1136/741/1299
f 848/700/630 1119/740/1453 1112/743/1448 1100/742/631
f 1107/43/690 1113/44/689 1112/743/1448 1119/740/1453
f 631/1343/1203 744/1209/1204 642/1208/1207 693/1207/1116 727/1206/1119 722/1205/1222 748/1204/1221 716/1606/1214 730/1607/1151 108/1608/1150
f 1151/183/707 1154/184/997 1139/751/746 1138/750/708
f 1105/1596/1445 1117/975/924 566/753/923 565/752/1454
f 1321/1609/1455 1330/1610/1456 1236/1611/1396 881/1612/1240 1465/1613/1232 1466/1614/1231
f 1356/1615/1457 1400/1616/1458 1405/1617/1314 1358/1618/1313 1449/1619/1318 1448/1620/1459
f 1146/1172/1052 1339/1171/1085 1017/1621/1045
f 1105/1596/1445 1131/1595/747 1133/1622/692 1117/975/924
f 1106/769/1446 1113/44/689 1114/45/688 1110/768/720
f 1110/768/720 1111/767/719 1139/751/746 1140/775/1447
f 250/1623/548 384/1624/1460 382/1625/905 380/763/716 628/765/718
f 1119/740/1453 1136/741/1299 1132/42/691 1107/43/690
f 1272/780/755 1284/779/755 986/515/487 913/303/388 910/304/387 1201/34/827 1199/782/756 1245/781/755
f 1145/756/705 1144/776/730 1143/581/735
f 383/1626/1346 335/351/336 333/350/335 381/938/900 382/943/905 384/1627/1460
f 388/184/179 383/1077/1346 384/1076/1460 389/185/180
f 1145/1628/705 1143/1629/735 1152/1630/1422 1153/1631/706
f 314/806/766 413/1142/1068 417/808/768 399/678/628 402/664/606
f 1093/805/770 1094/757/709 1171/762/715 1170/217/771
f 1080/806/1461 1079/238/1303 1169/239/753 1168/664/1442
f 1178/807/1462 866/719/813 1167/720/812 1183/808/1463
f 808/70/1260 812/812/1259 813/105/104 1161/100/108 1160/97/1270 810/98/936 795/30/1256 1159/69/1266
f 794/31/1255 1157/68/1262 1159/69/1266 795/30/1256
f 221/804/1464 478/803/1065 481/802/1064 480/801/1465 440/800/1465 439/799/1465 477/798/1465 441/797/1466 433/782/742 479/781/741 506/780/741 518/779/741 220/515/740 312/516/818 91/215/206 398/214/205
f 859/814/1288 1177/817/1287 1231/816/1467 1227/718/807 866/719/813 1178/807/1462 1183/808/1463 1165/678/1444 858/679/1440 1224/815/1439
f 936/1504/1382 937/420/1368 963/417/449 964/428/424 935/429/1370
f 1084/823/1289 1083/228/219 1181/235/224 1180/666/1286
f 1198/36/825 1208/37/619 1207/797/757 1199/782/756
f 1128/829/1468 1085/154/612 1181/235/224 1182/234/223
f 1086/1412/611 860/1411/1298 1177/1632/1287 1180/1633/1286
f 58/1155/1077 408/1400/805 410/1403/823 70/1156/822
f 77/1634/1426 361/1635/1057 360/237/226 67/918/677
f 823/111/1273 1173/846/1397 1174/845/941 822/110/942
f 38/71/71 39/70/70 43/812/774 50/1385/1469 47/1384/1469 29/59/60 28/58/59 31/62/63 30/66/67 49/65/66 40/104/103 392/694/1265 27/47/50 23/29/31 24/28/30 21/27/29 25/31/34 391/68/68
f 824/148/147 836/147/146 1176/1000/222 1174/999/941
f 264/1636/1424 266/1637/551 386/795/554 387/794/181 389/1638/180 384/1624/1460 250/1623/548 253/1639/550 258/1640/1425
f 841/222/213 1189/847/1470 1188/295/1335 840/223/214
f 117/293/277 600/401/380 599/1059/976 113/1641/278
f 1088/205/198 862/204/197 1185/1410/1297 1193/1409/615
f 1255/852/1471 1270/851/1472 1271/850/1473 1078/516/488 857/215/763 1223/218/1302 1230/219/868 1089/668/616 1087/152/614 1194/153/613 1085/154/612 1128/829/1468 1182/234/223 1176/233/222 836/853/146 855/739/145 1184/251/1307 856/252/1306 979/253/1305 870/163/1292 871/326/1344 896/514/1393 985/506/1391 984/507/1390 1254/504/1389
f 969/168/1295 1191/161/1294 1187/162/1293 869/854/1474
f 842/167/1296 840/223/214 1188/295/1335 1190/166/1291
f 1197/859/870 1207/797/757 1208/37/619 1196/671/618 1203/670/618 1204/530/617
f 1199/782/756 1201/34/827 1200/35/826 1198/36/825
f 869/854/1474 1187/162/1293 1192/250/1304 983/735/1451
f 350/40/43 80/46/49 348/45/48 344/768/722 345/767/729
f 875/818/777 886/822/781 1097/1442/1340 1096/1642/1345
f 4/3/3 2039/2/2 2/901/874 48/900/873 46/1643/65
f 978/498/950 970/1395/953 831/129/130 832/128/129 981/497/674
f 988/1427/1310 1210/1426/1309 1211/1542/622 989/1644/621
f 433/782/742 441/797/1466 442/37/40 432/36/39
f 2024/1645/1475 2019/1646/1476 1589/1647/1477 1596/1648/1478 1610/1106/1019 2032/1110/1023
f 1197/859/870 1204/530/617 1213/531/732 1214/777/731
f 1144/776/730 1145/756/705 1137/755/704 1215/861/860 1240/860/859 1214/777/731
f 449/861/835 450/887/1061 79/1073/1060 338/787/1059 336/788/1449 343/789/1449 349/783/1449 372/750/699 371/755/833
f 1152/1630/1422 1032/1649/116 1030/1650/115 1024/1651/1479 1019/1652/1420 1016/1170/1084 1150/1169/995 1155/1653/994 1153/1631/706
f 860/870/1298 1185/871/1297 1232/724/808 1227/718/807
f 1090/669/194 1089/668/616 1230/219/868 1229/872/445
f 1084/1408/1289 859/1407/1288 1224/1587/1439 1228/1586/1438
f 1177/817/1287 860/870/1298 1227/718/807 1231/816/1467
f 1185/871/1297 862/873/197 1226/723/809 1232/724/808
f 1234/203/196 863/202/195 1225/469/444 1238/1654/713
f 56/1401/111 454/1375/110 456/1374/1229 69/1402/1283
f 45/105/773 54/106/856 453/108/109 57/111/112 407/846/806 85/730/1274 211/726/1480 215/497/474 88/496/473 59/368/1267 29/59/60 47/1384/1469 50/1385/1469 43/812/774
f 821/106/105 1219/108/1272 1220/109/126 819/884/125
f 862/873/197 1234/885/196 1238/758/713 1226/723/809
f 1226/723/809 1238/758/713 1235/523/712 865/524/810
f 1141/1428/1311 988/1427/1310 989/1644/621 1142/1456/620
f 214/1441/1339 86/1154/1076 89/1157/682 216/1655/681
f 46/1643/65 48/900/873 37/899/872 36/1386/102
f 1464/1380/1234 1467/828/1233 1463/244/235 1462/243/234 1188/295/1335 1189/847/1470
f 992/1117/1032 605/588/557 606/1656/958 1011/1593/839
f 337/691/639 77/1553/1426 548/1657/1047 549/1658/1046 575/981/1071 564/980/949
f 2027/1659/1481 2026/55/56 2033/54/55 2023/53/55 2030/52/55 2034/51/54 2021/227/218 1602/1153/1075 1601/1660/1482 1600/1661/1483 1605/1662/1484 1604/1663/1485 1606/1664/1486 1613/1665/1487 1599/1666/1488 1592/1667/1489 1585/1668/1490 1583/1669/1491 1584/1670/1492 1579/1671/1493 1580/1672/1494 1581/1103/1016 2020/1102/1015 2035/906/876 2028/905/875 2022/904/875 2025/903/875 2029/902/875 2/901/874 522/1673/1495 578/1674/1495 1288/1675/1496
f 919/373/1353 957/370/489 1078/516/488 1271/850/1473
f 927/1471/1355 1254/1676/1389 1252/1561/1392 929/1472/1356
f 927/390/1355 928/391/1357 1255/852/1471 1254/504/1389
f 1034/289/880 1053/910/1434 1257/598/1427 1256/288/881
f 929/1472/1356 1053/1577/1434 1267/1554/1348 1263/1470/1354
f 922/331/321 919/373/1353 1271/850/1473 1269/677/1443
f 896/514/1393 1250/287/882 1256/288/881 1043/596/1429
f 1255/852/1471 928/391/1357 1264/333/323 1269/677/1443
f 1269/677/1443 1271/850/1473 1270/851/1472 1255/852/1471
f 1050/611/1371 1067/612/1361 1066/1557/1363 1065/609/1366 1048/606/1430 1049/1556/1431
f 254/532/507 447/531/506 448/777/832 378/776/744 377/581/553 255/580/552
f 1034/289/880 1266/337/1347 1267/338/1348 1053/910/1434
f 1286/522/711 1285/521/710 861/525/1497 865/524/810 1235/523/712
f 1082/665/1441 1081/229/220 1083/228/219 1084/823/1289 1228/1590/1438
f 1340/919/1035 1025/526/1034 990/527/624 1013/674/623
f 1283/1677/1399 1276/1678/1418 995/1679/625 990/1680/624
f 1026/916/889 1273/529/1398 1274/560/1419 994/546/884
f 1005/551/1413 1275/533/1400 1276/558/1418 996/550/1414
f 1027/1681/1415 1277/1530/1402 1278/1546/1401 998/1682/1412
f 1009/557/1416 1279/567/1406 1280/564/1403 1000/556/1417
f 998/1682/1412 1278/1546/1401 1275/1683/1400 1005/1684/1413
f 994/546/884 1274/560/1419 1281/561/1409 1007/545/1410
f 1002/548/1411 1282/928/1407 1279/567/1406 1009/557/1416
f 993/553/888 1283/528/1399 1273/529/1398 1026/916/889
f 1000/1685/1417 1280/1531/1403 1277/1530/1402 1027/1681/1415
f 996/550/1414 1276/558/1418 1283/528/1399 993/553/888
f 1007/545/1410 1281/561/1409 1282/928/1407 1002/548/1411
f 629/1686/894 259/1687/500 225/1538/539 226/587/556 246/1120/547 247/674/546
f 841/1688/213 1313/1689/1498 1328/1690/1499 1189/1691/1470
f 820/998/344 1305/997/940 1329/1692/1500 1221/1693/345
f 380/1694/716 382/943/905 570/942/904 617/1137/1053 609/1129/1044 251/1545/717
f 616/941/903 563/940/902 552/939/1501 850/680/629 1099/684/633 1147/1519/1379 1148/1135/1051 570/942/1050
f 1135/699/645 569/947/1029 551/946/1502 849/1695/1503
f 810/994/936 1303/993/935 1298/1696/1504 795/1697/1256
f 787/1698/1248 1294/1699/1505 1292/1700/1506 781/1701/1245
f 1189/1691/1470 1328/1690/1499 1321/1609/1455 1466/1614/1231 1464/1702/1234
f 1236/1611/1396 1330/1610/1456 1319/1703/1507 880/1704/1394
f 804/1705/349 1302/1706/1508 1304/1707/939 811/1708/350
f 788/1709/1249 1295/1710/1509 1296/1711/1510 789/1712/1250
f 1987/1713/1511 1993/1714/1512 1968/1715/1513 1956/1716/1514 1957/1717/1515 1988/1718/1516
f 789/1719/1250 1296/1720/1510 1294/1699/1505 787/1698/1248
f 826/1721/346 1306/1722/1517 1327/1723/1518 1175/1724/804
f 791/1725/1252 1297/1726/1519 1295/1710/1509 788/1709/1249
f 1120/1727/212 1326/1728/1520 1313/1689/1498 841/1688/213
f 1577/1729/467 1578/1730/466 1574/1731/1521 1575/1732/174 1554/1733/1522
f 886/822/781 1322/821/780 1323/701/648 888/705/652
f 830/1019/131 1309/1018/955 1308/1734/1523 829/1735/132
f 847/1417/1300 550/1009/1524 567/974/922 1118/977/926
f 1105/1596/1445 565/752/1454 564/980/927 1103/688/637
f 850/680/629 552/939/1501 569/947/1029 1135/699/645
f 610/703/650 602/773/726 891/772/725 949/1443/1341 889/1505/1376 1098/704/651
f 2038/1736/892 16/1737/891 583/1738/1525 582/1151/1073 527/1062/982 15/1061/18
f 1221/1693/345 1329/1692/1500 1306/1722/1517 826/1721/346
f 627/1739/190 81/193/188 550/1009/948 551/1740/908 83/1741/907
f 795/1742/1256 1298/1743/1504 1297/1726/1519 791/1725/1252
f 821/106/105 819/884/125 1162/1393/124 51/1069/1526 55/107/106
f 245/1540/543 606/1656/958 605/588/557 226/587/556
f 880/519/1394 1319/1028/1507 1331/1027/1069 1253/518/1395
f 1469/825/1241 881/826/1240 1236/520/1396 1477/517/1239
f 1237/242/231 1478/241/230 1471/790/981 976/327/980
f 853/1744/802 1316/1745/1527 1325/1746/951 978/1747/950
f 1809/1748/1528 1805/1749/1529 1804/1750/1530 1839/1751/1531 1851/1752/1532 1848/1753/1533
f 828/1754/801 1307/1755/1534 1316/1745/1527 853/1744/802
f 59/368/1267 88/496/473 87/495/472 62/843/960 409/844/931 60/367/930
f 251/1545/717 609/1129/1044 608/1030/959 249/570/542
f 801/1756/1124 1299/1757/1535 1300/1758/1536 802/1759/1125
f 1815/1760/1537 1816/1761/1538 1806/1762/1539 1854/1763/1540 1855/1764/1541 1852/1765/1542
f 1288/1675/1496 578/1674/1495 522/1673/1495 2/901/874 1/1766/1543 521/1100/95 577/1099/1013 1287/1767/963 770/1768/962 771/56/57
f 803/1769/1264 1301/1770/1544 1302/1706/1508 804/1705/349
f 1175/1724/804 1327/1723/1518 1307/1755/1534 828/1754/801
f 877/1771/383 1318/1772/382 1317/1773/778 875/1774/777
f 802/1759/1125 1300/1758/1536 1301/1770/1544 803/1769/1264
f 1059/1020/1436 1058/655/1435 1057/616/580 1038/258/318 1039/259/317 1040/462/440 901/322/439 902/323/1343 1041/648/1433 1044/649/1432 1045/1026/1450 1046/1025/1378 1047/607/1377 1064/608/1365 1063/1024/1372 1062/1023/1381 1061/1022/1380 1060/1021/1437
f 77/1634/1426 67/1158/677 545/1161/1039 548/1775/1047
f 776/1776/1246 1290/1777/1545 1293/1778/1546 784/1779/19
f 772/1044/965 1289/1043/964 1299/1757/1535 801/1756/1124
f 1334/1396/1282 1337/1780/1547 1312/1781/1548 839/1397/211
f 555/1782/974 598/402/381 600/401/380 117/293/277 111/292/274
f 781/1701/1245 1292/1700/1506 1290/1777/1545 776/1776/1246
f 1253/518/1395 1331/1027/1069 1320/1072/1549 882/501/1387
f 839/1397/211 1312/1781/1548 1326/1728/1520 1120/1727/212
f 332/307/297 610/703/650 601/702/649 560/1003/943 122/308/298
f 1294/1699/1505 584/1075/993 581/1074/992 1292/1700/1506
f 548/1132/1047 545/1125/1039 592/1126/1041 593/1133/1048
f 1295/1710/1509 585/1079/999 586/1078/998 1296/1711/1510
f 1296/1720/1510 586/1083/998 584/1075/993 1294/1699/1505
f 1297/1726/1519 587/1088/1006 585/1079/999 1295/1710/1509
f 604/1783/1550 599/1784/976 879/1433/975 973/1432/1334 878/1527/1385 1485/1785/1177 1484/1786/1551
f 1298/1743/1504 588/1093/1011 587/1088/1006 1297/1726/1519
f 1303/993/935 589/992/934 588/1105/1011 1298/1696/1504
f 113/285/278 599/1784/976 604/1783/1550 1484/1786/1551 1483/1787/1007 112/485/463 207/286/279
f 449/861/835 474/860/834 473/886/1062 450/887/1061
f 1331/1027/1069 1319/1028/1507 1513/178/175 1512/1147/1070
f 1567/1788/171 1550/1789/1552 1548/1790/1553 1565/1791/172
f 2003/1792/1554 2004/1793/1555 1949/1794/1556 1948/1795/1557
f 1311/1125/470 592/1126/1041 591/1070/1040 626/1071/989
f 1315/1131/929 594/1134/1049 593/1133/1048 1314/1132/469
f 551/1127/1042 550/1796/1558 567/1797/1559 566/1798/1560 565/1799/1454 564/1800/1561 575/1149/1562 618/1150/1563 611/1801/1030 612/1802/1030 613/1803/1030 614/1804/1030 595/1128/1043
f 1318/1772/382 598/1145/381 597/1144/779 1317/1773/778
f 322/151/150 324/669/844 323/668/817 321/152/151
f 679/143/1564 640/1189/1009 1482/1188/1008 1491/1187/1565 1494/1186/1566
f 1528/1805/1567 1526/1806/1568 1548/1790/1553 1550/1789/1552
f 575/1149/928 618/1150/1072 594/1134/1049 1315/1131/929
f 1290/1777/1545 579/1152/1074 582/1151/1073 1293/1778/1546
f 109/855/273 120/309/299 559/1004/944 560/1003/943 601/702/649 597/820/779 554/1807/973
f 1292/1700/1506 581/1074/992 579/1152/1074 1290/1777/1545
f 45/105/773 395/100/99 44/99/98 55/107/1271 54/106/856
f 1582/1104/1017 1588/1808/1569 1593/1809/1570 1586/1810/1571 1596/1648/1478 1589/1647/1477 2019/1646/1476 2036/1101/1014
f 833/493/121 1311/492/470 626/1160/989 622/1159/122
f 829/1735/132 1308/1734/1523 1337/1780/1547 1334/1396/1282
f 1162/123/124 1336/122/123 622/121/122 51/1163/1526
f 829/1735/132 1334/1396/1282 1332/1399/1083 827/1811/128
f 125/313/302 602/773/726 610/703/650 332/307/297 123/450/430 183/310/300
f 1341/198/646 1135/1167/645 849/1166/1503 1338/197/1301
f 445/673/545 223/672/830 376/38/41 442/37/40 430/671/1572 437/670/1572 438/530/505 265/117/504 240/112/510 229/559/537 224/527/501 247/674/546
f 398/214/205 451/810/1066 478/803/1065 221/804/1464
f 884/1812/1384 1346/1194/1097 1344/1198/1101 878/1813/1385
f 1320/1814/1549 1350/1815/1573 1345/1816/1388 882/1817/1387
f 1488/1146/238 1352/1082/1192 1350/1081/1573 1320/1072/1549 1331/1027/1069
f 1413/277/1324 1415/1184/1574 1343/1183/1128 876/481/1383
f 878/1813/1385 1344/1198/1101 1349/1299/1178 1485/1298/1177
f 876/1818/1383 1343/1225/1128 1346/1194/1097 884/1812/1384
f 869/854/1474 983/735/1451 1125/736/1452 1123/737/1452 868/255/248 968/254/247 1124/487/1386 969/168/1295
f 1371/1819/1575 1442/1820/1576 1439/1821/1577 1401/1822/1578
f 1445/1823/1579 1363/1824/1580 1361/1825/1581 1446/1826/1582
f 1404/1207/1110 1438/1206/1109 1443/1214/1583 1365/1213/1584
f 647/1827/1585 694/1828/1155 689/1241/1141 645/1230/1132 737/1229/1131 738/1829/1230
f 1450/1830/1586 1360/1333/1199 1362/1332/1198 1451/1831/1284
f 1447/1219/1587 1416/1222/1588 1354/1221/1130 1452/1220/1129
f 1444/1197/1100 1355/1196/1099 1360/1333/1199 1450/1830/1586
f 1577/1729/467 1554/1733/1522 1538/1832/1589 1537/1833/1590 1576/1834/468
f 1446/1835/1582 1361/1836/1581 1356/1615/1457 1448/1620/1459
f 1348/1366/1227 1426/1365/1208 1440/1837/1213 1095/1838/1320
f 65/207/200 64/1005/945 543/1008/89 544/208/88
f 1399/1839/1591 1374/1840/1592 1368/1841/1593 1400/1616/1458
f 1401/1822/1578 1439/1821/1577 1432/1363/1226 1359/1362/1225
f 1376/1842/1594 1384/1843/1595 1383/1844/1596 1374/1845/1592 1399/1846/1591 1403/1847/1597 1408/1848/1598 1394/1849/1599
f 1258/279/1322 1429/1254/1600 1441/1253/1115 874/1252/1114
f 1365/1213/1584 1443/1214/1583 1437/1256/1278 1372/1255/1601
f 1400/1257/1458 1368/1260/1593 1370/1259/1602 1405/1258/1314
f 1406/1261/1196 1373/1264/1603 1375/1263/1604 1407/1262/1197
f 1423/1265/1605 1421/1268/1174 1366/1267/1139 1397/1266/1138
f 1402/1236/1136 1367/1235/1135 1373/1850/1603 1406/1330/1196
f 1405/1258/1314 1370/1259/1602 1420/1272/1606 1422/1271/1315
f 1385/1851/1607 1386/1852/1608 1375/1853/1604 1373/1850/1603
f 1383/1844/1596 1381/1854/1609 1368/1855/1593 1374/1856/1592
f 1381/1854/1609 1382/1857/1610 1370/1858/1602 1368/1855/1593
f 1387/1859/1611 1388/1294/1173 1380/1297/1176 1379/1860/1612
f 1385/1861/1607 1387/1862/1611 1379/1863/1612 1377/1864/1613
f 1383/1844/1596 1384/1843/1595 1378/1865/1614 1377/1864/1613
f 1379/1863/1612 1380/1866/1176 1382/1857/1610 1381/1854/1609
f 1377/1864/1613 1379/1863/1612 1381/1854/1609 1383/1844/1596
f 1373/1850/1603 1367/1235/1135 1387/1859/1611 1385/1851/1607
f 1367/1235/1135 1369/1234/1134 1388/1294/1173 1387/1859/1611
f 1377/1867/1613 1378/1868/1614 1386/1852/1608 1385/1851/1607
f 1370/1259/1602 1382/1291/1610 1419/1290/1615 1420/1272/1606
f 1419/1290/1615 1382/1291/1610 1380/1293/1176 1418/1292/1175
f 1410/1308/1616 1393/1310/1285 1362/1309/1198 1407/1262/1197
f 1403/1847/1597 1363/1824/1580 1391/1869/139 1408/1848/1598
f 1408/1313/1598 1391/140/139 1392/144/143 1409/1314/1617
f 1409/1314/1617 1392/144/143 1393/1310/1285 1410/1308/1616
f 1445/1823/1579 1352/1318/1192 1389/1321/141 1454/1870/140
f 680/140/1187 681/144/1189 679/143/1564 678/142/1086 743/141/1190
f 678/142/1086 679/143/1564 1494/1186/1566 1496/1322/1087
f 1378/1323/1614 1384/1326/1595 1394/1325/1599 1395/1324/1618
f 1386/1327/1608 1378/1323/1614 1395/1324/1618 1396/1328/1619
f 1375/1263/1604 1386/1327/1608 1396/1328/1619
f 1384/1326/1595 1376/1329/1594 1394/1325/1599
f 1395/1324/1618 1409/1314/1617 1410/1308/1616 1396/1328/1619
f 1394/1325/1599 1408/1313/1598 1409/1314/1617 1395/1324/1618
f 1396/1328/1619 1410/1308/1616 1407/1262/1197 1375/1263/1604
f 342/1413/644 351/754/703 566/753/702 567/974/947 352/192/187
f 1416/1222/1588 1423/1265/1605 1397/1266/1138 1354/1221/1130
f 1095/1838/1320 1440/1837/1213 1428/1871/1212 873/1872/1321
f 1364/1336/1620 1435/1339/1277 1442/1338/1576 1371/1337/1575
f 1363/1824/1580 1403/1847/1597 1399/1873/1591 1361/1825/1581
f 1357/1195/1098 1398/1237/1137 1402/1236/1136 1355/1196/1099
f 873/262/1321 1428/1341/1212 1429/1254/1600 1258/279/1322
f 1361/1836/1581 1399/1839/1591 1400/1616/1458 1356/1615/1457
f 1354/1227/1130 1397/1238/1138 1398/1237/1137 1357/1195/1098
f 874/1252/1114 1413/277/1324 1411/278/1323 1258/279/1322
f 1095/263/1320 1412/264/1319 1414/265/1331 1348/1342/1227
f 1342/1343/1113 1415/1184/1574 1413/277/1324 874/1252/1114
f 1455/1209/1112 1447/1219/1587 1415/1184/1574 1342/1343/1113
f 1456/1367/1228 1453/1874/1317 1417/1875/1316 1359/1362/1225
f 1420/1272/1606 1419/1290/1615 1418/1292/1175 1421/1268/1174 1423/1265/1605 1404/1207/1110 1365/1213/1584 1372/1255/1601 1364/1336/1620 1371/1337/1575 1401/1346/1578 1422/1271/1315
f 1359/1347/1225 1417/1348/1316 1422/1271/1315 1401/1346/1578
f 1404/1207/1110 1423/1265/1605 1416/1222/1588 1353/1208/1111
f 551/1740/1502 550/1009/1524 847/1417/1300 1338/1876/1301 849/1877/1503
f 1429/1254/1600 1424/1354/1621 1427/1203/1106 1441/1253/1115
f 1428/1341/1212 1425/1352/1211 1424/1354/1621 1429/1254/1600
f 1457/1351/1210 1431/1357/1275 1430/1356/1280 1458/1355/1622
f 1458/1355/1622 1430/1356/1280 1433/1205/1108 1459/1204/1107
f 1460/1350/1209 1432/1358/1226 1431/1357/1275 1457/1351/1210
f 1439/1359/1577 1442/1338/1576 1435/1339/1277 1434/1360/1276
f 720/1357/1220 719/1356/1219 725/1361/1224 726/1256/1154 724/1339/1202 723/1360/1223
f 1436/1361/1279 1437/1256/1278 1443/1214/1583 1438/1206/1109
f 1430/1356/1280 1436/1361/1279 1438/1206/1109 1433/1205/1108
f 1432/1358/1226 1439/1359/1577 1434/1360/1276 1431/1357/1275
f 1372/1255/1601 1437/1256/1278 1435/1339/1277 1364/1336/1620
f 1424/1354/1621 1458/1355/1622 1459/1204/1107 1427/1203/1106
f 1425/1352/1211 1457/1351/1210 1458/1355/1622 1424/1354/1621
f 1348/1342/1227 1414/265/1331 1453/1369/1317 1456/1368/1228
f 1353/1208/1111 1416/1222/1588 1447/1219/1587 1455/1209/1112
f 1363/1824/1580 1445/1823/1579 1454/1870/140 1391/1869/139
f 477/798/1465 439/799/1465 440/800/1465 480/801/1465 481/802/1064 446/898/1063 467/897/1063 78/896/1063 443/895/1063 475/894/1063 476/893/1063 474/860/834 448/777/832 431/859/831 441/797/1466
f 1350/1815/1573 1446/1835/1582 1448/1620/1459 1345/1816/1388
f 1347/266/1330 1449/1376/1318 1453/1369/1317 1414/265/1331
f 1344/1198/1101 1444/1197/1100 1450/1830/1586 1349/1299/1178
f 1415/1184/1574 1447/1219/1587 1452/1220/1129 1343/1183/1128
f 1349/1299/1178 1450/1830/1586 1451/1831/1284 1351/1300/1092
f 1345/503/1388 1448/1377/1459 1449/1376/1318 1347/266/1330
f 1352/1318/1192 1445/1823/1579 1446/1826/1582 1350/1878/1573
f 1472/502/1237 1475/267/1329 1474/268/1328 1473/269/1327 1476/792/1238
f 1469/825/1241 1470/240/229 1463/244/235 1461/824/1242
f 471/242/1308 767/241/749 759/240/1235 752/244/788 751/243/284 757/165/164 209/164/163
f 785/1879/21 583/1880/1525 16/1881/891 9/1882/890 525/1883/1623 580/1884/1624 1291/1885/1625 778/225/12
f 1470/240/229 1469/825/1241 1477/517/1239 1478/241/230
f 1476/792/1238 1473/269/1327 1479/270/978 1480/791/977
f 1481/1886/1091 1486/1887/1626 1482/1888/1008 1483/1787/1007 1484/1786/1551 1485/1785/1177
f 1497/1889/1193 1488/247/238 1489/246/237 1498/1890/1627
f 1498/1890/1627 1489/246/237 1487/245/236 1496/1891/1087
f 1481/1886/1091 1490/1892/1090 1492/1893/1628 1486/1887/1626
f 1486/1887/1626 1492/1893/1628 1491/1894/1565 1482/1888/1008
f 1490/1892/1090 1493/1895/1089 1495/1896/1629 1492/1893/1628
f 1492/1893/1628 1495/1896/1629 1494/1897/1566 1491/1894/1565
f 1493/1186/1089 1497/1322/1193 1498/1898/1627 1495/1899/1629
f 1495/1899/1629 1498/1898/1627 1496/1322/1087 1494/1186/1566
f 577/1099/1013 1540/1098/8 1556/1900/1630 1509/1901/1631 1287/1767/963
f 908/1461/1351 1045/1601/1450 1044/1902/1432 905/1452/1349 903/1451/392 906/1458/391
f 1506/1095/1012 1514/1094/240 1576/1903/468 1537/1904/1590
f 1515/1148/239 1512/1147/1070 1574/1905/1521 1578/1906/466
f 150/364/343 191/370/351 312/516/818 220/515/740 147/303/293
f 61/127/1082 66/128/1281 215/497/474 211/726/1480 85/730/1274 86/729/1076 214/728/1339 101/727/1268
f 1507/178/1018 1506/1095/1012 1537/1904/1590 1538/177/1589
f 1321/1392/1455 1328/1391/1499 1313/1390/1498 1326/1907/1520 1312/1908/1548 1337/1909/1547 1308/1910/1523 1309/89/955 1310/88/954 1324/87/952 1325/86/951 1316/85/1527 1307/84/1534 1327/83/1518 1306/82/1517 1329/81/1500 1305/80/940 1304/79/939 1302/78/1508 1301/77/1544 1300/76/1536 1299/75/1535 1289/74/964 1287/96/963 1509/95/1631 1508/94/1632 1510/93/1632 1511/92/168 1513/178/175 1319/1028/1507 1330/1389/1456
f 167/427/410 192/447/598 166/439/418 200/442/421 198/428/411
f 630/1911/191 369/944/906 84/349/334 82/700/333 368/195/189
f 1510/93/1632 1508/94/1632 1509/95/1631 1556/842/1630 1555/841/1633 1558/840/1634 1557/839/1635 1559/838/311 1560/837/185 1561/836/184 1563/835/1636 1562/834/1637 1566/833/1638 1570/832/1639 1571/169/169 1511/92/168
f 1502/91/91 1504/1124/1038 1530/1912/1640 1525/1913/1641
f 1512/1147/1070 1513/178/175 1575/177/174 1574/1905/1521
f 1019/579/1420 1024/1550/1479 1030/114/115 997/113/114 1028/1549/1405 999/565/1404 1010/566/1408 1001/1548/837 1022/584/836 1023/583/1423 1018/578/1421
f 1523/1914/794 1527/1915/793 1549/1916/1642 1546/1917/1643
f 1503/1123/1037 1507/178/1018 1538/177/1589 1533/176/1644 1536/175/1644 1534/1918/1644 1535/1919/1644 1530/1912/1640 1504/1124/1038
f 1519/1920/800 1518/1921/799 1541/1922/1645 1542/1923/1646
f 706/1348/1205 711/1271/1162 694/1258/1155 647/1430/1585 738/1376/1230 742/1369/1206
f 1518/1921/799 1520/1924/798 1543/324/310 1541/1922/1645
f 1516/6/6 1519/1920/800 1542/1923/1646 1539/7/7
f 324/1419/844 322/848/150 96/849/816 468/874/846 97/877/849
f 1524/1925/795 1523/1914/794 1546/1917/1643 1547/1926/1647
f 1562/1927/1637 1546/1917/1643 1549/1916/1642 1566/1928/1638
f 1529/1929/1648 1528/1805/1567 1550/1789/1552 1551/890/867
f 1527/1915/793 1531/1930/792 1552/1931/1649 1549/1916/1642
f 1556/1932/1630 1540/8/8 1539/7/7 1555/1933/1633
f 1522/1934/796 1524/1925/795 1547/1926/1647 1545/188/183
f 1530/1935/1640 1535/1936/1644 1534/1937/1644 1536/1938/1644 1533/1939/1644 1538/1832/1589 1554/1733/1522 1548/1790/1553 1526/1806/1568 1525/1940/1641
f 1531/1941/792 1532/1942/791 1553/889/866 1552/1943/1649
f 1532/1942/791 1529/1929/1648 1551/890/867 1553/889/866
f 1558/1944/1634 1542/1923/1646 1541/1922/1645 1557/1945/1635
f 1219/108/1272 821/106/105 813/105/104 812/812/1259 818/1385/1258 815/1384/1258 798/59/348 825/368/347 854/496/803 981/497/674 977/726/673 851/730/676 1173/846/1397 823/111/1273
f 1557/1945/1635 1541/1922/1645 1543/324/310 1559/325/311
f 1555/1933/1633 1539/7/7 1542/1923/1646 1558/1944/1634
f 1521/1946/797 1544/187/182 1543/324/310 1520/1924/798
f 1522/1934/796 1545/188/183 1544/187/182 1521/1946/797
f 1563/1947/1636 1547/1926/1647 1546/1917/1643 1562/1927/1637
f 681/144/1189 682/1310/1186 651/1309/694 740/1404/1121 640/1189/1009 679/143/1564
f 385/183/178 387/186/181 379/756/743 371/755/833 372/750/699
f 1568/891/170 1551/890/867 1550/1789/1552 1567/1788/171
f 1566/1928/1638 1549/1916/1642 1552/1931/1649 1570/1948/1639
f 822/1002/942 835/1001/221 1222/126/127 1220/125/126
f 9/1882/890 13/1949/1024 5/907/877 2035/906/876 2020/1102/1015 2036/1101/1014
f 1561/189/184 1545/188/183 1547/1926/1647 1563/1947/1636
f 1548/1790/1553 1554/1733/1522 1575/1732/174 1572/1950/173 1573/1951/173 1569/1952/173 1564/1953/173 1565/1791/172
f 1570/1954/1639 1552/1943/1649 1553/889/866 1571/888/169
f 1127/1141/634 1126/237/893 1079/238/1303 1080/806/1461 1179/1142/1650 1183/808/1463 1167/720/812 1195/721/811 1186/722/811 865/524/810 861/525/1497 1285/521/710 1248/809/769 1218/811/769 1217/810/772 1244/803/760 1247/802/759 1212/898/871 1233/897/871 844/896/871 1209/895/871 1241/894/871 1242/893/871 1240/860/859 1239/886/858 1216/887/861 845/1073/991 1104/787/748 1130/786/635
f 1636/1955/1651 1635/1956/1652 1655/1957/1653 1656/1958/1654
f 1581/1103/1016 1580/1672/1494 1595/1959/1655 1608/1960/1656
f 1617/1961/1020 1586/1962/1571 1622/1963/1657 1638/1964/1658
f 1585/1668/1490 1592/1667/1489 1612/1965/1659 1587/1966/1660
f 1604/1663/1485 1605/1662/1484 1615/1967/1661 1614/1968/1662
f 1588/1969/1569 1608/1970/1656 1636/1955/1651 1631/1971/1663
f 1618/1972/1664 1616/1973/1665 1623/1974/1666 1627/1975/1667
f 1584/1670/1492 1583/1669/1491 1594/1976/1668 1607/1977/1669
f 1613/1665/1487 1606/1664/1486 1616/1978/1665 1618/1979/1664
f 1592/1667/1489 1599/1666/1488 1598/1980/1670 1612/1965/1659
f 1599/1666/1488 1613/1665/1487 1618/1979/1664 1598/1980/1670
f 1610/1106/1019 1596/1648/1478 1586/1810/1571 1617/1107/1020
f 1600/1661/1483 1601/1660/1482 1591/1981/1671 1611/1982/1672
f 1580/1672/1494 1579/1671/1493 1609/1983/1673 1595/1959/1655
f 1579/1671/1493 1584/1670/1492 1607/1977/1669 1609/1983/1673
f 1612/1984/1659 1598/1985/1670 1637/1986/1674 1626/1987/1675
f 1583/1669/1491 1585/1668/1490 1587/1966/1660 1594/1976/1668
f 1601/1660/1482 1602/1153/1075 1597/1988/1676 1591/1981/1671
f 1582/1104/1017 1581/1103/1016 1608/1960/1656 1588/1808/1569
f 1605/1662/1484 1600/1661/1483 1611/1982/1672 1615/1967/1661
f 1606/1664/1486 1604/1663/1485 1614/1968/1662 1616/1978/1665
f 1602/1153/1075 1603/1109/1022 1590/1108/1021 1597/1988/1676
f 1611/1989/1672 1591/1990/1671 1628/1991/1677 1620/1992/1678
f 1595/1993/1655 1609/1994/1673 1634/1995/1679 1635/1956/1652
f 1598/1985/1670 1618/1972/1664 1627/1975/1667 1637/1986/1674
f 1607/1996/1669 1594/1997/1668 1629/1998/1680 1630/1999/1681
f 1615/2000/1661 1611/1989/1672 1620/1992/1678 1619/2001/1682
f 1616/2002/1665 1614/2003/1662 1624/2004/1683 1623/2005/1666
f 1614/2003/1662 1615/2000/1661 1619/2001/1682 1624/2004/1683
f 1586/1962/1571 1593/2006/1570 1621/2007/1684 1622/1963/1657
f 1597/2008/1676 1590/2009/1021 1633/2010/1685 1632/2011/1686
f 1593/2006/1570 1588/2012/1569 1631/2013/1663 1621/2007/1684
f 1609/1994/1673 1607/1996/1669 1630/1999/1681 1634/1995/1679
f 1594/2014/1668 1587/2015/1660 1625/2016/1687 1629/2017/1680
f 1608/1970/1656 1595/1993/1655 1635/1956/1652 1636/1955/1651
f 1590/2009/1021 1617/1961/1020 1638/1964/1658 1633/2010/1685
f 1587/2015/1660 1612/1984/1659 1626/1987/1675 1625/2016/1687
f 1591/1990/1671 1597/2018/1676 1632/2019/1686 1628/1991/1677
f 1641/2020/1688 1651/2021/1689 1671/2022/1690 1661/2023/1691
f 1627/1975/1667 1623/1974/1666 1643/2024/1692 1647/2025/1693
f 1631/1971/1663 1636/1955/1651 1656/1958/1654 1651/2026/1689
f 1637/1986/1674 1627/1975/1667 1647/2025/1693 1657/2027/1694
f 1620/1992/1678 1628/1991/1677 1648/2028/1695 1640/2029/1696
f 1629/2017/1680 1625/2016/1687 1645/2030/1697 1649/2031/1698
f 1630/1999/1681 1629/1998/1680 1649/2032/1698 1650/2033/1699
f 1628/1991/1677 1632/2019/1686 1652/2034/1700 1648/2028/1695
f 1624/2004/1683 1619/2001/1682 1639/2035/1701 1644/2036/1702
f 1619/2001/1682 1620/1992/1678 1640/2029/1696 1639/2035/1701
f 1638/1964/1658 1622/1963/1657 1642/2037/1703 1658/2038/1704
f 1621/2007/1684 1631/2013/1663 1651/2039/1689 1641/2040/1688
f 1622/1963/1657 1621/2007/1684 1641/2040/1688 1642/2037/1703
f 1635/1956/1652 1634/1995/1679 1654/2041/1705 1655/1957/1653
f 1632/2011/1686 1633/2010/1685 1653/2042/1706 1652/2043/1700
f 1623/2005/1666 1624/2004/1683 1644/2036/1702 1643/2044/1692
f 1633/2010/1685 1638/1964/1658 1658/2038/1704 1653/2042/1706
f 1634/1995/1679 1630/1999/1681 1650/2033/1699 1654/2041/1705
f 1625/2016/1687 1626/1987/1675 1646/2045/1707 1645/2030/1697
f 1626/1987/1675 1637/1986/1674 1657/2027/1694 1646/2045/1707
f 1660/2046/1708 1668/2047/1709 1688/2048/1710 1680/2049/1711
f 1642/2050/1703 1641/2020/1688 1661/2023/1691 1662/2051/1712
f 1655/2052/1653 1654/2053/1705 1674/2054/1713 1675/2055/1714
f 1652/2056/1700 1653/2057/1706 1673/2058/1715 1672/2059/1716
f 1643/2060/1692 1644/2061/1702 1664/2062/1717 1663/2063/1718
f 1653/2057/1706 1658/2064/1704 1678/2065/1719 1673/2058/1715
f 1654/2053/1705 1650/2066/1699 1670/2067/1720 1674/2054/1713
f 1645/2068/1697 1646/2069/1707 1666/2070/1721 1665/2071/1722
f 1646/2069/1707 1657/2072/1694 1677/2073/1723 1666/2070/1721
f 1656/2074/1654 1655/2052/1653 1675/2055/1714 1676/2075/1724
f 1647/2076/1693 1643/2060/1692 1663/2063/1718 1667/2077/1725
f 1651/2021/1689 1656/2074/1654 1676/2075/1724 1671/2022/1690
f 1657/2072/1694 1647/2076/1693 1667/2077/1725 1677/2073/1723
f 1640/2078/1696 1648/2079/1695 1668/2080/1709 1660/2081/1708
f 1649/2082/1698 1645/2068/1697 1665/2071/1722 1669/2083/1726
f 1650/2066/1699 1649/2082/1698 1669/2083/1726 1670/2067/1720
f 1648/2079/1695 1652/2056/1700 1672/2059/1716 1668/2080/1709
f 1644/2061/1702 1639/2084/1701 1659/2085/1727 1664/2062/1717
f 1639/2084/1701 1640/2078/1696 1660/2081/1708 1659/2085/1727
f 1658/2064/1704 1642/2050/1703 1662/2051/1712 1678/2065/1719
f 1688/2048/1710 1692/2086/1728 1712/2087/1729 1708/2088/1730
f 1669/2089/1726 1665/2090/1722 1685/2091/1731 1689/2092/1732
f 1670/2067/1720 1669/2083/1726 1689/2093/1732 1690/2094/1733
f 1668/2080/1709 1672/2059/1716 1692/2095/1728 1688/2096/1710
f 1664/2097/1717 1659/2098/1727 1679/2099/1734 1684/2100/1735
f 1659/2098/1727 1660/2046/1708 1680/2049/1711 1679/2099/1734
f 1678/2101/1719 1662/2102/1712 1682/2103/1736 1698/2104/1737
f 1661/2023/1691 1671/2022/1690 1691/2105/1738 1681/2106/1739
f 1662/2102/1712 1661/2107/1691 1681/2108/1739 1682/2103/1736
f 1675/2109/1714 1674/2110/1713 1694/2111/1740 1695/2112/1741
f 1672/2113/1716 1673/2114/1715 1693/2115/1742 1692/2116/1728
f 1663/2117/1718 1664/2097/1717 1684/2100/1735 1683/2118/1743
f 1673/2114/1715 1678/2101/1719 1698/2104/1737 1693/2115/1742
f 1674/2110/1713 1670/2119/1720 1690/2120/1733 1694/2111/1740
f 1665/2090/1722 1666/2121/1721 1686/2122/1744 1685/2091/1731
f 1666/2121/1721 1677/2123/1723 1697/2124/1745 1686/2122/1744
f 1676/2125/1724 1675/2109/1714 1695/2112/1741 1696/2126/1746
f 1667/2077/1725 1663/2063/1718 1683/2127/1743 1687/2128/1747
f 1671/2129/1690 1676/2125/1724 1696/2126/1746 1691/2130/1738
f 1677/2123/1723 1667/2131/1725 1687/2132/1747 1697/2124/1745
f 1715/2133/1748 1735/2134/1749 1736/2135/1750 1716/2136/1751
f 1684/2100/1735 1679/2099/1734 1699/2137/1752 1704/2138/1753
f 1679/2099/1734 1680/2049/1711 1700/2139/1754 1699/2137/1752
f 1698/2104/1737 1682/2103/1736 1702/2140/1755 1718/2141/1756
f 1681/2108/1739 1691/2142/1738 1711/2143/1757 1701/2144/1758
f 1682/2103/1736 1681/2108/1739 1701/2144/1758 1702/2140/1755
f 1695/2112/1741 1694/2111/1740 1714/2145/1759 1715/2146/1748
f 1692/2116/1728 1693/2115/1742 1713/2147/1760 1712/2148/1729
f 1683/2118/1743 1684/2100/1735 1704/2138/1753 1703/2149/1761
f 1693/2115/1742 1698/2104/1737 1718/2141/1756 1713/2147/1760
f 1694/2111/1740 1690/2120/1733 1710/2150/1762 1714/2145/1759
f 1685/2091/1731 1686/2122/1744 1706/2151/1763 1705/2152/1764
f 1686/2122/1744 1697/2124/1745 1717/2153/1765 1706/2151/1763
f 1696/2126/1746 1695/2112/1741 1715/2146/1748 1716/2154/1751
f 1687/2132/1747 1683/2155/1743 1703/2156/1761 1707/2157/1766
f 1691/2130/1738 1696/2126/1746 1716/2154/1751 1711/2158/1757
f 1697/2124/1745 1687/2132/1747 1707/2157/1766 1717/2153/1765
f 1680/2049/1711 1688/2048/1710 1708/2088/1730 1700/2139/1754
f 1689/2092/1732 1685/2091/1731 1705/2152/1764 1709/2159/1767
f 1690/2120/1733 1689/2160/1732 1709/2161/1767 1710/2150/1762
f 1702/2162/1755 1701/2163/1758 1721/2164/1768 1722/2165/1769
f 1703/2166/1761 1723/2167/1770 1727/2168/1771 1707/2169/1766
f 1716/2136/1751 1736/2170/1750 1731/2171/1772 1711/2172/1757
f 1707/2169/1766 1727/2168/1771 1737/2173/1773 1717/2174/1765
f 1708/2175/1730 1728/2176/1774 1720/2177/1775 1700/2178/1754
f 1705/2179/1764 1725/2180/1776 1729/2181/1777 1709/2182/1767
f 1709/2182/1767 1729/2181/1777 1730/2183/1778 1710/2184/1762
f 1712/2185/1729 1732/2186/1779 1728/2176/1774 1708/2175/1730
f 1699/2187/1752 1719/2188/1780 1724/2189/1781 1704/2190/1753
f 1700/2139/1754 1720/2191/1775 1719/2188/1780 1699/2137/1752
f 1722/2192/1769 1738/2193/1782 1718/2141/1756 1702/2140/1755
f 1711/2172/1757 1731/2171/1772 1721/2164/1768 1701/2163/1758
f 1714/2145/1759 1734/2194/1783 1735/2134/1749 1715/2146/1748
f 1713/2195/1760 1733/2196/1784 1732/2186/1779 1712/2185/1729
f 1704/2190/1753 1724/2197/1781 1723/2167/1770 1703/2166/1761
f 1718/2198/1756 1738/2199/1782 1733/2196/1784 1713/2195/1760
f 1710/2184/1762 1730/2183/1778 1734/2200/1783 1714/2201/1759
f 1706/2202/1763 1726/2203/1785 1725/2204/1776 1705/2179/1764
f 1717/2153/1765 1737/2205/1773 1726/2203/1785 1706/2151/1763
f 1734/2194/1783 1730/2206/1778 1750/2207/1786 1754/2208/1787
f 1744/2209/1788 1739/2210/1789 1759/2211/1790 1764/2212/1791
f 1725/2204/1776 1726/2203/1785 1746/2213/1792 1745/2214/1793
f 1726/2203/1785 1737/2205/1773 1757/2215/1794 1746/2213/1792
f 1736/2135/1750 1735/2134/1749 1755/2216/1795 1756/2217/1796
f 1727/2218/1771 1723/2219/1770 1743/2220/1797 1747/2221/1798
f 1731/2222/1772 1736/2135/1750 1756/2217/1796 1751/2223/1799
f 1737/2205/1773 1727/2218/1771 1747/2221/1798 1757/2215/1794
f 1720/2191/1775 1728/2224/1774 1748/2225/1800 1740/2226/1801
f 1729/2227/1777 1725/2204/1776 1745/2214/1793 1749/2228/1802
f 1730/2206/1778 1729/2229/1777 1749/2230/1802 1750/2207/1786
f 1728/2224/1774 1732/2231/1779 1752/2232/1803 1748/2225/1800
f 1724/2189/1781 1719/2188/1780 1739/2210/1789 1744/2209/1788
f 1719/2188/1780 1720/2191/1775 1740/2226/1801 1739/2210/1789
f 1738/2193/1782 1722/2192/1769 1742/2233/1804 1758/2234/1805
f 1721/2235/1768 1731/2236/1772 1751/2237/1799 1741/2238/1806
f 1722/2192/1769 1721/2235/1768 1741/2238/1806 1742/2233/1804
f 1735/2134/1749 1734/2194/1783 1754/2208/1787 1755/2216/1795
f 1732/2239/1779 1733/2240/1784 1753/2241/1807 1752/2242/1803
f 1723/2243/1770 1724/2189/1781 1744/2209/1788 1743/2244/1797
f 1733/2240/1784 1738/2193/1782 1758/2234/1805 1753/2241/1807
f 1767/2245/1808 1763/2246/1809 1783/2247/1810 1787/2248/1811
f 1739/2210/1789 1740/2226/1801 1760/2249/1812 1759/2211/1790
f 1758/2234/1805 1742/2233/1804 1762/2250/1813 1778/2251/1814
f 1741/2238/1806 1751/2237/1799 1771/2252/1815 1761/2253/1816
f 1742/2233/1804 1741/2238/1806 1761/2253/1816 1762/2250/1813
f 1755/2216/1795 1754/2208/1787 1774/2254/1817 1775/2255/1818
f 1752/2242/1803 1753/2241/1807 1773/2256/1819 1772/2257/1820
f 1743/2244/1797 1744/2209/1788 1764/2212/1791 1763/2258/1809
f 1753/2241/1807 1758/2234/1805 1778/2251/1814 1773/2256/1819
f 1754/2208/1787 1750/2207/1786 1770/2259/1821 1774/2254/1817
f 1745/2214/1793 1746/2213/1792 1766/2260/1822 1765/2261/1823
f 1746/2213/1792 1757/2215/1794 1777/2262/1824 1766/2260/1822
f 1756/2217/1796 1755/2216/1795 1775/2255/1818 1776/2263/1825
f 1747/2221/1798 1743/2220/1797 1763/2264/1809 1767/2265/1808
f 1751/2223/1799 1756/2217/1796 1776/2263/1825 1771/2266/1815
f 1757/2215/1794 1747/2221/1798 1767/2265/1808 1777/2262/1824
f 1740/2226/1801 1748/2225/1800 1768/2267/1826 1760/2249/1812
f 1749/2228/1802 1745/2214/1793 1765/2261/1823 1769/2268/1827
f 1750/2207/1786 1749/2230/1802 1769/2269/1827 1770/2259/1821
f 1748/2225/1800 1752/2232/1803 1772/2270/1820 1768/2267/1826
f 1784/2271/1828 1824/2272/1829 1823/2273/1830 1783/2247/1810
f 1771/2274/1815 1776/2275/1825 1796/2276/1831 1791/2277/1832
f 1777/2262/1824 1767/2265/1808 1787/2278/1811 1797/2279/1833
f 1760/2249/1812 1768/2267/1826 1788/2280/1834 1780/2281/1835
f 1769/2282/1827 1765/2283/1823 1785/2284/1836 1789/2285/1837
f 1770/2286/1821 1769/2282/1827 1789/2285/1837 1790/2287/1838
f 1768/2288/1826 1772/2289/1820 1792/2290/1839 1788/2291/1834
f 1764/2212/1791 1759/2211/1790 1779/2292/1840 1784/2293/1828
f 1759/2211/1790 1760/2249/1812 1780/2281/1835 1779/2292/1840
f 1778/2251/1814 1762/2250/1813 1782/2294/1841 1798/2295/1842
f 1761/2296/1816 1771/2274/1815 1791/2277/1832 1781/2297/1843
f 1762/2250/1813 1761/2253/1816 1781/2298/1843 1782/2294/1841
f 1775/2255/1818 1774/2254/1817 1794/2299/1844 1795/2300/1845
f 1772/2289/1820 1773/2301/1819 1793/2302/1846 1792/2290/1839
f 1763/2246/1809 1764/2303/1791 1784/2271/1828 1783/2247/1810
f 1773/2256/1819 1778/2251/1814 1798/2295/1842 1793/2304/1846
f 1774/2254/1817 1770/2259/1821 1790/2305/1838 1794/2299/1844
f 1765/2261/1823 1766/2260/1822 1786/2306/1847 1785/2307/1836
f 1766/2260/1822 1777/2262/1824 1797/2279/1833 1786/2306/1847
f 1776/2263/1825 1775/2255/1818 1795/2300/1845 1796/2308/1831
f 1837/2309/1848 1827/2310/1849 1810/2311/1850 1800/2312/661
f 1798/2313/1842 1838/2314/1851 1833/2315/1852 1793/2302/1846
f 1790/2287/1838 1830/2316/1853 1834/2317/1854 1794/2318/1844
f 1786/2319/1847 1826/2320/1855 1825/2321/1856 1785/2284/1836
f 1797/2322/1833 1837/2323/1848 1826/2320/1855 1786/2319/1847
f 1795/2324/1845 1835/2325/1857 1836/2326/1858 1796/2276/1831
f 1783/2247/1810 1823/2273/1830 1827/2327/1849 1787/2248/1811
f 1796/2276/1831 1836/2326/1858 1831/2328/1859 1791/2277/1832
f 1787/2248/1811 1827/2327/1849 1837/2323/1848 1797/2322/1833
f 1788/2291/1834 1828/2329/1860 1820/2330/1861 1780/2331/1835
f 1165/678/1444 1183/808/1463 1179/1142/1650 1080/806/1461 1168/664/1442
f 1785/2284/1836 1825/2321/1856 1829/2332/1862 1789/2285/1837
f 1789/2285/1837 1829/2332/1862 1830/2316/1853 1790/2287/1838
f 1792/2290/1839 1832/2333/1863 1828/2329/1860 1788/2291/1834
f 1779/2334/1840 1819/2335/1864 1824/2272/1829 1784/2271/1828
f 1782/2336/1841 1822/2337/1865 1838/2314/1851 1798/2313/1842
f 1791/2277/1832 1831/2328/1859 1821/2338/1866 1781/2297/1843
f 1781/2297/1843 1821/2338/1866 1822/2337/1865 1782/2336/1841
f 1794/2318/1844 1834/2317/1854 1835/2325/1857 1795/2324/1845
f 1793/2302/1846 1833/2315/1852 1832/2333/1863 1792/2290/1839
f 1833/2339/1852 1838/2340/1851 1799/2341/1867 1804/2342/1530
f 1838/2340/1851 1822/2343/1865 1815/2344/1537 1799/2341/1867
f 1831/2345/1859 1836/2346/1858 1801/2347/1868 1806/2348/1539
f 1819/2349/1864 1820/2350/1861 1817/2351/1869 1818/2352/1181
f 1858/2353/1870 1842/2354/1871 1862/2355/1872 1878/2356/1873
f 1827/2310/1849 1823/2357/1830 1814/2358/1179 1810/2311/1850
f 1824/2359/1829 1819/2349/1864 1818/2352/1181 1813/2360/1180
f 1823/2361/1830 1824/2359/1829 1813/2360/1180 1814/2362/1179
f 1836/2346/1858 1835/2363/1857 1802/2364/1874 1801/2347/1868
f 1828/2365/1860 1832/2366/1863 1805/2367/1529 1809/2368/1528
f 1832/2369/1863 1833/2339/1852 1804/2342/1530 1805/2370/1529
f 1826/2371/1855 1837/2309/1848 1800/2312/661 1811/2372/660
f 1830/2373/1853 1829/2374/1862 1808/2375/1875 1807/2376/1876
f 1835/2363/1857 1834/2377/1854 1803/2378/1877 1802/2364/1874
f 1825/2379/1856 1826/2371/1855 1811/2372/660 1812/2380/659
f 1829/2381/1862 1825/2379/1856 1812/2380/659 1808/2382/1875
f 1822/2343/1865 1821/2383/1866 1816/2384/1538 1815/2344/1537
f 1834/2377/1854 1830/2373/1853 1807/2376/1876 1803/2378/1877
f 1820/2350/1861 1828/2365/1860 1809/2368/1528 1817/2351/1869
f 1821/2383/1866 1831/2385/1859 1806/2386/1539 1816/2384/1538
f 1780/2331/1835 1820/2330/1861 1819/2335/1864 1779/2334/1840
f 1803/2387/1877 1807/2388/1876 1850/2389/1878 1841/2390/1879 1842/2391/1871 1802/2392/1874
f 1801/2393/1868 1802/2392/1874 1842/2391/1871 1858/2394/1870 1854/1763/1540 1806/1762/1539
f 1817/2395/1869 1809/1748/1528 1848/1753/1533 1847/2396/1880 1853/1305/1182 1818/1304/1181
f 1799/2397/1867 1815/1760/1537 1852/1765/1542 1840/2398/1881 1839/1751/1531 1804/1750/1530
f 1807/2388/1876 1808/2399/1875 1812/712/659 1845/717/664 1849/2400/1882 1850/2389/1878
f 1800/714/661 1810/2401/1850 1814/1302/1179 1843/1307/1184 1844/2402/1883 1856/715/662
f 1/2403/1543 2037/2404/1 3/1064/4 523/1065/74 521/2405/95
f 430/671/1572 442/37/40 441/797/1466 431/859/831 438/530/505 437/670/1572
f 1869/2406/1884 1865/2407/1885 1885/2408/1886 1889/2409/1887
f 1840/2410/1881 1852/2411/1542 1872/2412/1888 1860/2413/1889
f 1839/2414/1531 1840/2410/1881 1860/2413/1889 1859/2415/1890
f 1857/2416/1183 1853/2417/1182 1873/2418/1891 1877/2419/1892
f 1853/2417/1182 1847/2420/1880 1867/2421/1893 1873/2418/1891
f 1842/2354/1871 1841/2422/1879 1861/2423/1894 1862/2355/1872
f 1841/2422/1879 1850/2424/1878 1870/2425/1895 1861/2423/1894
f 1855/1764/1541 1854/1763/1540 1874/2426/1896 1875/2427/1897
f 1844/2428/1883 1843/2429/1184 1863/2430/1898 1864/2431/1899
f 1846/2432/663 1856/2433/662 1876/2434/1900 1866/2435/1901
f 1856/2433/662 1844/2428/1883 1864/2431/1899 1876/2434/1900
f 1845/2436/664 1846/2432/663 1866/2435/1901 1865/2407/1885
f 1851/1752/1532 1839/1751/1531 1859/2437/1890 1871/2438/1902
f 1849/2439/1882 1845/2436/664 1865/2407/1885 1869/2406/1884
f 1847/2420/1880 1848/2440/1533 1868/2441/1903 1867/2421/1893
f 1854/1763/1540 1858/2394/1870 1878/2442/1873 1874/2426/1896
f 1852/2411/1542 1855/2443/1541 1875/2444/1897 1872/2412/1888
f 1850/2389/1878 1849/2400/1882 1869/2445/1884 1870/2446/1895
f 1843/2447/1184 1857/2416/1183 1877/2419/1892 1863/2448/1898
f 1848/1753/1533 1851/1752/1532 1871/2438/1902 1868/2449/1903
f 1893/2450/1904 1887/2451/1905 1907/2452/1906 1913/2453/1907
f 1867/2421/1893 1868/2441/1903 1888/2454/1908 1887/2455/1905
f 1874/2456/1896 1878/2356/1873 1898/2457/1909 1894/2458/1910
f 1872/2412/1888 1875/2444/1897 1895/2459/1911 1892/2460/1912
f 1870/2425/1895 1869/2461/1884 1889/2462/1887 1890/2463/1913
f 1863/2448/1898 1877/2419/1892 1897/2464/1914 1883/2465/1915
f 1868/2441/1903 1871/2466/1902 1891/2467/1916 1888/2454/1908
f 1878/2356/1873 1862/2355/1872 1882/2468/1917 1898/2457/1909
f 1860/2413/1889 1872/2412/1888 1892/2460/1912 1880/2469/1918
f 1859/2415/1890 1860/2413/1889 1880/2469/1918 1879/2470/1919
f 1877/2419/1892 1873/2418/1891 1893/2471/1904 1897/2464/1914
f 1873/2418/1891 1867/2421/1893 1887/2455/1905 1893/2471/1904
f 1862/2355/1872 1861/2423/1894 1881/2472/1920 1882/2468/1917
f 1861/2423/1894 1870/2425/1895 1890/2463/1913 1881/2472/1920
f 1875/2444/1897 1874/2473/1896 1894/2474/1910 1895/2459/1911
f 1864/2431/1899 1863/2430/1898 1883/2475/1915 1884/2476/1921
f 1866/2435/1901 1876/2434/1900 1896/2477/1922 1886/2478/1923
f 1876/2434/1900 1864/2431/1899 1884/2476/1921 1896/2477/1922
f 1865/2407/1885 1866/2435/1901 1886/2478/1923 1885/2408/1886
f 1871/2479/1902 1859/2415/1890 1879/2470/1919 1891/2480/1916
f 1910/2481/1924 1909/2482/1925 1929/2483/1926 1930/2484/1927
f 1882/2485/1917 1881/2486/1920 1901/2487/1928 1902/2488/1929
f 1881/2486/1920 1890/2489/1913 1910/2490/1924 1901/2487/1928
f 1895/2491/1911 1894/2492/1910 1914/2493/1930 1915/2494/1931
f 1884/2495/1921 1883/2496/1915 1903/2497/1932 1904/2498/1933
f 1886/2499/1923 1896/2500/1922 1916/2501/1934 1906/2502/1935
f 1896/2500/1922 1884/2495/1921 1904/2498/1933 1916/2501/1934
f 1885/2503/1886 1886/2499/1923 1906/2502/1935 1905/2504/1936
f 1891/2505/1916 1879/2506/1919 1899/2507/1937 1911/2508/1938
f 1889/2509/1887 1885/2503/1886 1905/2504/1936 1909/2510/1925
f 1887/2451/1905 1888/2511/1908 1908/2512/1939 1907/2452/1906
f 1894/2492/1910 1898/2513/1909 1918/2514/1940 1914/2493/1930
f 1892/2515/1912 1895/2491/1911 1915/2494/1931 1912/2516/1941
f 1890/2489/1913 1889/2509/1887 1909/2510/1925 1910/2490/1924
f 1883/2496/1915 1897/2517/1914 1917/2518/1942 1903/2497/1932
f 1888/2511/1908 1891/2505/1916 1911/2508/1938 1908/2512/1939
f 1898/2513/1909 1882/2485/1917 1902/2488/1929 1918/2514/1940
f 1880/2519/1918 1892/2515/1912 1912/2516/1941 1900/2520/1943
f 1879/2506/1919 1880/2519/1918 1900/2520/1943 1899/2507/1937
f 1897/2517/1914 1893/2450/1904 1913/2453/1907 1917/2518/1942
f 1903/2521/1932 1917/2522/1942 1937/2523/1944 1923/2524/1945
f 1908/2525/1939 1911/2526/1938 1931/2527/1946 1928/2528/1947
f 1918/2529/1940 1902/2530/1929 1922/2531/1948 1938/2532/1949
f 1900/2533/1943 1912/2534/1941 1932/2535/1950 1920/2536/1951
f 1899/2537/1937 1900/2533/1943 1920/2536/1951 1919/2538/1952
f 1917/2522/1942 1913/2539/1907 1933/2540/1953 1937/2523/1944
f 1913/2539/1907 1907/2541/1906 1927/2542/1954 1933/2540/1953
f 1902/2530/1929 1901/2543/1928 1921/2544/1955 1922/2531/1948
f 1901/2543/1928 1910/2481/1924 1930/2484/1927 1921/2544/1955
f 1915/2545/1931 1914/2546/1930 1934/2547/1956 1935/2548/1957
f 1904/2549/1933 1903/2550/1932 1923/2551/1945 1924/2552/1958
f 1906/2553/1935 1916/2554/1934 1936/2555/1959 1926/2556/1960
f 1916/2554/1934 1904/2549/1933 1924/2552/1958 1936/2555/1959
f 1905/2557/1936 1906/2553/1935 1926/2556/1960 1925/2558/1961
f 1911/2559/1938 1899/2537/1937 1919/2538/1952 1931/2560/1946
f 1909/2561/1925 1905/2557/1936 1925/2558/1961 1929/2562/1926
f 1907/2541/1906 1908/2525/1939 1928/2528/1947 1927/2542/1954
f 1914/2563/1930 1918/2529/1940 1938/2532/1949 1934/2564/1956
f 1912/2534/1941 1915/2545/1931 1935/2548/1957 1932/2535/1950
f 1919/2538/1952 1920/2536/1951 1941/2565/970 1940/2566/969
f 1925/2558/1961 1926/2556/1960 1953/2567/1962 1952/2568/1963
f 2000/2569/1004 2012/2570/1964 2015/2571/1965 2014/2572/1966 2018/2573/1967 2002/2574/1968 2001/2575/1969 2010/2576/1970 2009/2577/1971 2005/2578/1972 2006/2579/1973 2016/2580/1974 2004/2581/1555 2003/2582/1554 2017/2583/1975 2013/2584/1976 2007/2585/1977 2008/2586/1978 2011/2587/1979 1999/2588/1005
f 2018/2589/1967 2014/2590/1966 1970/2591/1980 1977/2592/1981
f 1939/1084/1002 1999/1087/1005 2011/2593/1979 1964/2594/1982
f 1927/2542/1954 1928/2528/1947 1957/2595/1515 1956/2596/1514
f 1938/2532/1949 1922/2531/1948 1946/2597/1983 1978/2598/1984
f 1920/2536/1951 1932/2535/1950 1965/2599/971 1941/2565/970
f 1931/2560/1946 1919/2538/1952 1940/2566/969 1963/2600/1985
f 1937/2523/1944 1933/2540/1953 1968/2601/1513 1975/2602/1986
f 1922/2531/1948 1921/2544/1955 1943/2603/1987 1946/2597/1983
f 1921/2544/1955 1930/2484/1927 1962/2604/1988 1943/2603/1987
f 1935/2548/1957 1934/2547/1956 1969/2605/1989 1972/2606/1990
f 1924/2552/1958 1923/2551/1945 1947/2607/1991 1950/2608/1992
f 1926/2556/1960 1936/2555/1959 1974/2609/1993 1953/2567/1962
f 1936/2555/1959 1924/2552/1958 1950/2608/1992 1974/2609/1993
f 1929/2562/1926 1925/2558/1961 1952/2568/1963 1959/2610/1994
f 1933/2540/1953 1927/2542/1954 1956/2596/1514 1968/2601/1513
f 1934/2564/1956 1938/2532/1949 1978/2598/1984 1969/2611/1989
f 1932/2535/1950 1935/2548/1957 1972/2606/1990 1965/2599/971
f 1930/2484/1927 1929/2483/1926 1959/2612/1994 1962/2604/1988
f 1923/2524/1945 1937/2523/1944 1975/2602/1986 1947/2613/1991
f 1928/2528/1947 1931/2527/1946 1963/2614/1985 1957/2595/1515
f 1955/2615/1995 2007/2616/1977 2013/2617/1976 1967/2618/1996
f 1966/2619/1997 2012/2620/1964 2000/1086/1004 1942/1085/1003
f 2005/2621/1972 2009/2622/1971 1960/2623/1998 1951/2624/1999
f 2010/2625/1970 2001/2626/1969 1944/2627/2000 1961/2628/2001
f 2015/2629/1965 2012/2620/1964 1966/2619/1997 1971/2630/2002
f 2004/1793/1555 2016/2631/1974 1973/2632/2003 1949/1794/1556
f 1954/2633/2004 2006/2634/1973 2005/2621/1972 1951/2624/1999
f 1958/2635/2005 2008/2636/1978 2007/2616/1977 1955/2615/1995
f 2001/2626/1969 2002/2637/1968 1945/2638/2006 1944/2627/2000
f 2002/2637/1968 2018/2589/1967 1977/2592/1981 1945/2638/2006
f 1976/2639/2007 2017/2640/1975 2003/2641/1554 1948/2642/1557
f 1962/2643/1988 1990/2644/2008 1981/2645/2009 1982/2646/2010 1946/2647/1983 1943/2648/1987
f 1982/2646/2010 1981/2645/2009 1990/2644/2008 1961/2643/2001 1944/2648/2000 1945/2647/2006
f 1997/2649/2011 1993/1714/1512 1967/1715/1996 1976/2650/2007 1948/2651/1557 1983/2652/2012
f 1989/2653/2013 1990/2644/2008 1962/2643/1988 1959/2654/1994 1952/2655/1963 1985/2656/2014
f 1969/2657/1989 1994/2658/2015 1995/2659/2016 1992/1051/972 1965/1050/971 1972/2660/1990
f 1989/2653/2013 1985/2656/2014 1951/2655/1999 1960/2654/1998 1961/2643/2001 1990/2644/2008
f 1984/2661/2017 1983/2652/2012 1948/2651/1557 1949/2662/1556 1973/2663/2003 1996/2664/2018
f 1998/2665/2019 1994/2658/2015 1969/2657/1989 1978/2666/1984 1946/2647/1983 1982/2646/2010
f 1987/1713/1511 1988/1718/1516 1958/1717/2005 1955/1716/1995 1967/1715/1996 1993/1714/1512
f 1992/1051/972 1995/2659/2016 1994/2658/2015 1970/2657/1980 1971/2660/2002 1966/1050/1997
f 1984/2661/2017 1996/2664/2018 1974/2663/1993 1950/2662/1992 1947/2651/1991 1983/2652/2012
f 1939/1048/1002 1979/1047/968 1980/1046/967 1992/1051/972 1966/1050/1997 1942/1049/1003
f 1996/2664/2018 1986/2667/2020 1985/2656/2014 1952/2655/1963 1953/2668/1962 1974/2663/1993
f 1986/2667/2020 1996/2664/2018 1973/2663/2003 1954/2668/2004 1951/2655/1999 1985/2656/2014
f 1993/1714/1512 1997/2649/2011 1983/2652/2012 1947/2651/1991 1975/2650/1986 1968/1715/1513
f 1958/1717/2005 1988/1718/1516 1991/2669/2021 1979/1047/968 1939/1048/1002 1964/2670/1982
f 1963/2670/1985 1940/1048/969 1979/1047/968 1991/2669/2021 1988/1718/1516 1957/1717/1515
f 1998/2665/2019 1982/2646/2010 1945/2647/2006 1977/2666/1981 1970/2657/1980 1994/2658/2015
f 1973/2632/2003 2016/2631/1974 2006/2634/1973 1954/2633/2004
f 1967/2618/1996 2013/2617/1976 2017/2640/1975 1976/2639/2007
f 2009/2671/1971 2010/2625/1970 1961/2628/2001 1960/2672/1998
f 2014/2673/1966 2015/2629/1965 1971/2630/2002 1970/2674/1980
f 525/1883/1623 9/1882/890 2036/1101/1014 2019/1646/1476
f 778/225/12 1291/1885/1625 2032/1110/1023 2031/226/217
f 580/2675/1624 525/2676/1623 2019/2677/1476 2024/2678/1475
f 1505/92/92 1502/91/91 1525/1913/1641 1526/2679/1568 1528/171/1567 1529/170/1648 1532/169/791
f 1288/1675/1496 771/56/57 2026/55/56 2027/1659/1481
f 1291/1885/1625 580/1884/1624 2024/1645/1475 2032/1110/1023
f 1133/1622/692 1132/2680/691 1108/976/925 1117/975/924
f 770/1768/962 2040/1382/966 2042/102/101 771/56/57
f 1293/1778/1546 582/1151/1073 583/1738/1525 785/2681/21 2041/2682/20 784/1779/19
f 1/1766/1543 2/901/874 2039/2/2 2037/1/1
f 1964/2683/1982 2011/2684/1979 2008/2636/1978 1958/2635/2005
