# Blender 4.2.0
# www.blender.org
mtllib pawn.mtl
o Piece_01.008
v -0.718492 0.638945 0.470385
v -0.701117 0.702952 0.552445
v -0.701592 0.723745 0.553706
v -0.699871 0.743919 0.551859
v -0.696214 0.762115 0.547229
v -0.723184 0.760660 0.388315
v -0.728109 0.742395 0.385476
v -0.730281 0.722197 0.384659
v -0.729354 0.701428 0.386062
v -0.648350 0.635397 0.371549
v -0.564338 0.755444 0.361404
v -0.561798 0.736934 0.357300
v -0.561307 0.716648 0.356032
v -0.563043 0.695967 0.357887
v -0.549518 0.633397 0.441759
v -0.537368 0.756899 0.520319
v -0.533560 0.738458 0.523683
v -0.532617 0.718196 0.525079
v -0.534806 0.697491 0.524270
v -0.619660 0.636945 0.540596
v -0.707631 0.664253 0.530137
v -0.714227 0.682422 0.534450
v -0.718059 0.702849 0.537677
v -0.718927 0.724053 0.538676
v -0.716789 0.744600 0.537079
v -0.711771 0.763195 0.533294
v -0.704148 0.778769 0.528497
v -0.718444 0.661035 0.513706
v -0.727075 0.680611 0.516990
v -0.732100 0.702098 0.519461
v -0.733343 0.724219 0.520198
v -0.730777 0.745619 0.518838
v -0.724507 0.765074 0.515781
v -0.714775 0.781700 0.511978
v -0.726902 0.658290 0.494113
v -0.736745 0.678840 0.496550
v -0.742628 0.701233 0.498259
v -0.744169 0.724233 0.498692
v -0.741253 0.746453 0.497611
v -0.734075 0.766652 0.495292
v -0.723080 0.783999 0.492313
v -0.732325 0.657115 0.472567
v -0.742666 0.677987 0.474131
v -0.748956 0.700725 0.474990
v -0.750652 0.724088 0.475064
v -0.747559 0.746653 0.474332
v -0.739954 0.767142 0.472854
v -0.728444 0.784733 0.470740
v -0.734317 0.657889 0.450421
v -0.744475 0.678423 0.451002
v -0.750660 0.700800 0.450931
v -0.752327 0.723792 0.450621
v -0.749285 0.746019 0.450284
v -0.741805 0.766234 0.449745
v -0.730495 0.783599 0.448621
v -0.732805 0.660261 0.429089
v -0.742095 0.679801 0.428488
v -0.747719 0.701255 0.427431
v -0.749202 0.723364 0.426752
v -0.746395 0.744777 0.426808
v -0.739527 0.764264 0.427278
v -0.729136 0.780925 0.427361
v -0.728027 0.663152 0.409956
v -0.735732 0.681262 0.407737
v -0.740475 0.701639 0.405592
v -0.741689 0.722825 0.404558
v -0.739206 0.743391 0.404994
v -0.733276 0.762034 0.406581
v -0.724545 0.777669 0.408316
v -0.707676 0.662123 0.381280
v -0.711704 0.680046 0.373878
v -0.714605 0.700331 0.369139
v -0.715264 0.721488 0.367324
v -0.713336 0.742082 0.368541
v -0.709248 0.760819 0.372722
v -0.704194 0.776639 0.379640
v -0.691309 0.658161 0.370618
v -0.694287 0.677382 0.361121
v -0.696417 0.698660 0.355141
v -0.696799 0.720713 0.352911
v -0.695093 0.742181 0.354518
v -0.691718 0.761845 0.359911
v -0.687640 0.778826 0.368890
v -0.671771 0.654725 0.362287
v -0.673886 0.674852 0.351536
v -0.675241 0.696985 0.344658
v -0.675306 0.719896 0.342091
v -0.673866 0.742204 0.344011
v -0.671216 0.762664 0.350278
v -0.667948 0.780435 0.360487
v -0.650251 0.652964 0.356918
v -0.651489 0.673375 0.345655
v -0.651989 0.695820 0.338355
v -0.651689 0.719082 0.335616
v -0.650592 0.741748 0.337697
v -0.648778 0.762530 0.344378
v -0.646371 0.780581 0.355090
v -0.628098 0.653291 0.354888
v -0.628358 0.673357 0.343822
v -0.627934 0.695432 0.336644
v -0.627256 0.718319 0.333951
v -0.626559 0.740651 0.335996
v -0.625688 0.761169 0.342565
v -0.624275 0.779001 0.353088
v -0.606729 0.655384 0.356289
v -0.605823 0.674478 0.346134
v -0.604426 0.695639 0.339557
v -0.603394 0.717646 0.337087
v -0.603103 0.739161 0.338933
v -0.603254 0.758941 0.344924
v -0.603059 0.776048 0.354561
v -0.587548 0.658178 0.360928
v -0.585045 0.675887 0.352421
v -0.582578 0.695996 0.346771
v -0.581205 0.717086 0.344612
v -0.581308 0.737747 0.346173
v -0.582589 0.756660 0.351264
v -0.584065 0.772695 0.359288
v -0.558873 0.657598 0.381299
v -0.551188 0.675202 0.376473
v -0.546126 0.695258 0.372667
v -0.543972 0.716333 0.371062
v -0.544856 0.737009 0.372069
v -0.548732 0.755975 0.375316
v -0.555390 0.772115 0.379659
v -0.548261 0.654201 0.397824
v -0.538459 0.673114 0.393989
v -0.532140 0.694176 0.390909
v -0.529556 0.716151 0.389541
v -0.530817 0.737698 0.390285
v -0.535891 0.757577 0.392779
v -0.544591 0.774865 0.396096
v -0.539968 0.651508 0.417495
v -0.528897 0.671344 0.414480
v -0.521666 0.693281 0.412136
v -0.518731 0.716122 0.411047
v -0.520291 0.738500 0.411489
v -0.526226 0.759156 0.413223
v -0.536145 0.777218 0.415695
v -0.534608 0.650623 0.439071
v -0.523020 0.670775 0.436920
v -0.515361 0.693055 0.435416
v -0.512248 0.716260 0.434675
v -0.513964 0.738983 0.434758
v -0.520308 0.759930 0.435643
v -0.530727 0.778241 0.437243
v -0.532553 0.651908 0.461187
v -0.521167 0.671761 0.460028
v -0.513634 0.693714 0.459464
v -0.510573 0.716562 0.459117
v -0.512259 0.738934 0.458816
v -0.518496 0.759573 0.458770
v -0.528730 0.777618 0.459387
v -0.533900 0.654976 0.482441
v -0.523439 0.673925 0.482491
v -0.516522 0.695019 0.482939
v -0.513697 0.717007 0.482986
v -0.515198 0.738541 0.482316
v -0.520870 0.758388 0.481282
v -0.530230 0.775640 0.480714
v -0.538477 0.658699 0.501480
v -0.529683 0.676362 0.503186
v -0.523709 0.696467 0.504751
v -0.521210 0.717561 0.505180
v -0.522440 0.738219 0.504154
v -0.527227 0.757135 0.502030
v -0.534994 0.773215 0.499840
v -0.558827 0.659728 0.530156
v -0.553712 0.677578 0.537045
v -0.549580 0.697776 0.541205
v -0.547635 0.718898 0.542414
v -0.548310 0.739527 0.540607
v -0.551256 0.758351 0.535888
v -0.555345 0.774245 0.528516
v -0.575395 0.657075 0.540913
v -0.571248 0.676343 0.549858
v -0.567824 0.697614 0.555229
v -0.566101 0.719658 0.556828
v -0.566500 0.741136 0.554606
v -0.568679 0.760806 0.548649
v -0.571726 0.777739 0.539185
v -0.595100 0.655072 0.549321
v -0.591756 0.675332 0.559494
v -0.589053 0.697529 0.565737
v -0.587594 0.720459 0.567648
v -0.587678 0.742749 0.565089
v -0.589085 0.763144 0.558237
v -0.591277 0.780782 0.547522
v -0.616681 0.654775 0.554720
v -0.614196 0.675387 0.565396
v -0.612327 0.697960 0.572051
v -0.611211 0.721266 0.574123
v -0.610931 0.743888 0.571394
v -0.611485 0.764542 0.564119
v -0.612801 0.782392 0.552893
v -0.638772 0.656506 0.556720
v -0.637284 0.676827 0.567207
v -0.636360 0.699083 0.573751
v -0.635644 0.722036 0.575788
v -0.634985 0.744302 0.573104
v -0.634613 0.764639 0.565950
v -0.634950 0.782216 0.554920
v -0.659976 0.659852 0.555242
v -0.659712 0.679248 0.564845
v -0.659814 0.700635 0.570813
v -0.659506 0.722725 0.572652
v -0.658491 0.744156 0.570190
v -0.657143 0.763711 0.563636
v -0.656307 0.780516 0.553514
v -0.678956 0.663673 0.550507
v -0.680370 0.681737 0.558503
v -0.681607 0.702111 0.563572
v -0.681694 0.723300 0.565126
v -0.680337 0.743863 0.562975
v -0.677914 0.762510 0.557346
v -0.675474 0.778189 0.548868
v -0.704080 0.637440 0.406110
v -0.686473 0.628870 0.399702
v -0.667054 0.623585 0.393313
v -0.645960 0.621433 0.388358
v -0.624319 0.622183 0.386073
v -0.603584 0.626149 0.385660
v -0.584340 0.633508 0.385824
v -0.663072 0.613221 0.410258
v -0.643595 0.612076 0.404136
v -0.623156 0.611917 0.403496
v -0.704374 0.625473 0.445901
v -0.686549 0.614408 0.443340
v -0.590076 0.611247 0.426996
v -0.571734 0.621119 0.423430
v -0.702321 0.624284 0.467775
v -0.686975 0.614270 0.465263
v -0.582471 0.610839 0.447558
v -0.566547 0.619825 0.444773
v -0.697294 0.625875 0.488902
v -0.680825 0.614834 0.484757
v -0.581815 0.611576 0.467983
v -0.564231 0.621504 0.466359
v -0.690693 0.630555 0.508404
v -0.647745 0.614164 0.508257
v -0.625851 0.613033 0.508685
v -0.605292 0.612764 0.501065
v -0.563734 0.626386 0.486896
v -0.683925 0.638546 0.526149
v -0.644708 0.624811 0.526258
v -0.622908 0.622676 0.524190
v -0.601551 0.623392 0.518947
v -0.563762 0.634600 0.505792
v -0.579264 0.793936 0.383511
v -0.597400 0.800835 0.383165
v -0.618188 0.805454 0.383887
v -0.640156 0.807513 0.386551
v -0.661861 0.806889 0.391286
v -0.681980 0.803612 0.397494
v -0.699393 0.797880 0.403862
v -0.572788 0.800337 0.400649
v -0.699447 0.804496 0.422106
v -0.566510 0.804409 0.420600
v -0.698538 0.808744 0.442967
v -0.561746 0.805926 0.442254
v -0.695805 0.810328 0.464966
v -0.559095 0.804809 0.464292
v -0.691123 0.809144 0.486659
v -0.558428 0.801112 0.485266
v -0.685086 0.805271 0.506724
v -0.558867 0.795036 0.503692
v -0.575894 0.801995 0.509879
v -0.595772 0.806664 0.515972
v -0.617395 0.808741 0.520669
v -0.639445 0.808098 0.523371
v -0.660475 0.804773 0.524208
v -0.678997 0.798981 0.524044
v -0.716143 0.651090 0.402983
v -0.719217 0.645933 0.418612
v -0.720843 0.641537 0.438147
v -0.719977 0.639178 0.459515
v -0.716309 0.639376 0.481131
v -0.710084 0.642118 0.501543
v -0.702117 0.646856 0.519367
v -0.694076 0.652280 0.533012
v -0.692768 0.658949 0.539439
v -0.696794 0.673956 0.545534
v -0.700091 0.692787 0.550712
v -0.701627 0.713335 0.553459
v -0.700999 0.733997 0.553164
v -0.698249 0.753343 0.549845
v -0.693871 0.770075 0.544158
v -0.689002 0.782772 0.537667
v -0.689938 0.788348 0.531064
v -0.697674 0.792971 0.517275
v -0.705379 0.796869 0.499328
v -0.711457 0.798933 0.478847
v -0.715125 0.798735 0.457231
v -0.716138 0.796288 0.435931
v -0.714774 0.792048 0.416520
v -0.712006 0.787157 0.401035
v -0.713284 0.781462 0.394594
v -0.719983 0.768666 0.390299
v -0.725942 0.751849 0.386674
v -0.729574 0.732455 0.384793
v -0.730202 0.711793 0.385089
v -0.727783 0.691293 0.387541
v -0.722906 0.672547 0.391675
v -0.717049 0.657639 0.396367
v -0.580759 0.646548 0.373338
v -0.596471 0.641512 0.370501
v -0.616076 0.637362 0.369077
v -0.637478 0.635388 0.370052
v -0.659085 0.636098 0.373712
v -0.679444 0.639443 0.379812
v -0.697182 0.644818 0.387563
v -0.710731 0.650816 0.395357
v -0.706594 0.786883 0.393409
v -0.692739 0.790933 0.385471
v -0.674739 0.794194 0.377596
v -0.654233 0.795655 0.371427
v -0.632626 0.794946 0.367767
v -0.611370 0.792113 0.366861
v -0.592028 0.787627 0.368409
v -0.576621 0.782615 0.371389
v -0.570273 0.776766 0.370366
v -0.566190 0.763616 0.364244
v -0.562842 0.746494 0.359042
v -0.561276 0.726929 0.356281
v -0.561904 0.706267 0.356576
v -0.564683 0.685937 0.359910
v -0.569113 0.667497 0.365620
v -0.574039 0.652943 0.372139
v -0.551065 0.647584 0.508784
v -0.548324 0.641806 0.493312
v -0.546985 0.636762 0.473912
v -0.548011 0.633850 0.452619
v -0.551680 0.633652 0.431003
v -0.557744 0.636182 0.410516
v -0.565424 0.640883 0.392557
v -0.573133 0.646394 0.378755
v -0.568995 0.782461 0.376807
v -0.560980 0.786998 0.390465
v -0.553038 0.790933 0.408300
v -0.546827 0.793209 0.428719
v -0.543159 0.793407 0.450335
v -0.542278 0.791513 0.471696
v -0.543881 0.787921 0.491220
v -0.546927 0.783652 0.506836
v -0.545992 0.778076 0.513438
v -0.540078 0.765025 0.518104
v -0.535149 0.747988 0.522213
v -0.532701 0.728471 0.524651
v -0.533329 0.707808 0.524947
v -0.536991 0.687432 0.523080
v -0.543001 0.668906 0.519480
v -0.549757 0.654254 0.515211
v -0.686450 0.652126 0.538430
v -0.671070 0.646227 0.541423
v -0.651752 0.640937 0.542983
v -0.630510 0.637640 0.542083
v -0.608903 0.636930 0.538422
v -0.588384 0.638856 0.532247
v -0.570359 0.642920 0.524361
v -0.556477 0.647858 0.516410
v -0.552339 0.783926 0.514462
v -0.565915 0.789036 0.522269
v -0.583677 0.793607 0.530031
v -0.604051 0.796488 0.536138
v -0.625658 0.797197 0.539798
v -0.647046 0.795688 0.540767
v -0.666627 0.792342 0.539331
v -0.682312 0.788193 0.536481
v -0.711268 0.672964 0.532317
v -0.716501 0.692446 0.536289
v -0.718870 0.713446 0.538493
v -0.718230 0.734494 0.538192
v -0.714623 0.754214 0.535405
v -0.708274 0.771413 0.530908
v -0.713288 0.662695 0.522383
v -0.721016 0.681586 0.526137
v -0.725475 0.702522 0.528980
v -0.726537 0.724155 0.529850
v -0.724181 0.745100 0.528370
v -0.718507 0.764105 0.524956
v -0.709714 0.780218 0.520701
v -0.723203 0.670516 0.515372
v -0.730050 0.691191 0.518395
v -0.733199 0.713164 0.520083
v -0.732533 0.735091 0.519769
v -0.728090 0.755655 0.517472
v -0.720063 0.773775 0.513894
v -0.723013 0.659517 0.504233
v -0.732344 0.679656 0.507088
v -0.737848 0.701647 0.509185
v -0.739254 0.724246 0.509777
v -0.736497 0.746090 0.508549
v -0.729720 0.765959 0.505852
v -0.719258 0.783003 0.502465
v -0.732292 0.668269 0.495382
v -0.740209 0.689878 0.497533
v -0.743955 0.712744 0.498659
v -0.743262 0.735524 0.498333
v -0.738172 0.756867 0.496574
v -0.729025 0.775712 0.493843
v -0.730024 0.657468 0.483501
v -0.740202 0.678262 0.485511
v -0.746351 0.700913 0.486808
v -0.747991 0.724180 0.487067
v -0.744960 0.746652 0.486153
v -0.737502 0.767064 0.484240
v -0.726159 0.784593 0.481681
v -0.737963 0.667255 0.473431
v -0.746355 0.689194 0.474654
v -0.750400 0.712416 0.475128
v -0.749696 0.735557 0.474797
v -0.744287 0.757219 0.473680
v -0.734646 0.776328 0.471869
v -0.733761 0.657266 0.461481
v -0.744096 0.678052 0.462571
v -0.750396 0.700694 0.462973
v -0.752100 0.723958 0.462855
v -0.749005 0.746434 0.462318
v -0.741395 0.766854 0.461300
v -0.729896 0.784392 0.459661
v -0.739854 0.667861 0.450824
v -0.748103 0.689452 0.451020
v -0.752079 0.712305 0.450786
v -0.751387 0.735085 0.450460
v -0.746066 0.756441 0.450061
v -0.736587 0.775304 0.449285
v -0.733988 0.658925 0.439564
v -0.743800 0.679038 0.439589
v -0.749754 0.701005 0.439034
v -0.751344 0.723593 0.438537
v -0.748402 0.745448 0.438398
v -0.741175 0.765341 0.438354
v -0.730233 0.782410 0.437796
v -0.737876 0.669724 0.428917
v -0.745399 0.690363 0.427955
v -0.748995 0.712312 0.427009
v -0.748329 0.734238 0.426695
v -0.743439 0.754826 0.427032
v -0.734736 0.772983 0.427439
v -0.730805 0.661750 0.419168
v -0.739396 0.680595 0.417838
v -0.744607 0.701490 0.416254
v -0.745961 0.723107 0.415397
v -0.743312 0.744067 0.415644
v -0.736887 0.763113 0.416657
v -0.727232 0.779273 0.417485
v -0.732206 0.671834 0.408943
v -0.738516 0.691258 0.406573
v -0.741543 0.712222 0.404901
v -0.740903 0.733270 0.404599
v -0.736638 0.753026 0.405689
v -0.729213 0.770283 0.407533
v -0.709925 0.703010 0.545506
v -0.710596 0.723916 0.546633
v -0.708672 0.744189 0.544917
v -0.704339 0.762490 0.540731
v -0.698098 0.777602 0.535247
v -0.721057 0.776363 0.399970
v -0.728711 0.761175 0.397122
v -0.734128 0.742816 0.394927
v -0.736449 0.722521 0.394302
v -0.735380 0.701637 0.395516
v -0.723247 0.655367 0.410490
v -0.726938 0.651515 0.428843
v -0.727937 0.648606 0.449732
v -0.725820 0.647666 0.471549
v -0.720623 0.649001 0.492824
v -0.712798 0.652278 0.512158
v -0.703271 0.656445 0.528194
v -0.709720 0.670696 0.377257
v -0.713383 0.689987 0.371159
v -0.715252 0.710892 0.367855
v -0.714612 0.731940 0.367553
v -0.711505 0.751755 0.370275
v -0.706726 0.769146 0.375847
v -0.699954 0.660189 0.375696
v -0.703411 0.678774 0.367132
v -0.705921 0.699533 0.361742
v -0.706445 0.721108 0.359715
v -0.704626 0.742110 0.361133
v -0.700902 0.761293 0.365951
v -0.696381 0.777713 0.374013
v -0.692828 0.667446 0.365440
v -0.695524 0.687840 0.357677
v -0.696862 0.709675 0.353548
v -0.696195 0.731601 0.353234
v -0.693564 0.752303 0.356754
v -0.689688 0.770704 0.363961
v -0.681866 0.656288 0.366119
v -0.684406 0.676033 0.355898
v -0.686155 0.697788 0.349417
v -0.686385 0.720307 0.347002
v -0.684803 0.742231 0.348780
v -0.681782 0.762336 0.354662
v -0.678111 0.779774 0.364351
v -0.672884 0.664474 0.356457
v -0.674696 0.685739 0.347582
v -0.675457 0.708429 0.342818
v -0.674765 0.731209 0.342492
v -0.672659 0.752728 0.346623
v -0.669617 0.771916 0.354918
v -0.661177 0.653595 0.359202
v -0.662862 0.673943 0.348105
v -0.663800 0.696314 0.340951
v -0.663687 0.719486 0.338273
v -0.662409 0.742053 0.340296
v -0.660162 0.762745 0.346834
v -0.657311 0.780720 0.357382
v -0.650958 0.662853 0.350832
v -0.651836 0.684413 0.341468
v -0.651941 0.707436 0.336389
v -0.651237 0.730576 0.336058
v -0.649768 0.752438 0.340494
v -0.647641 0.771926 0.349270
v -0.639166 0.652872 0.355473
v -0.639932 0.673190 0.344221
v -0.639976 0.695532 0.336915
v -0.639486 0.718691 0.334173
v -0.638585 0.741271 0.336260
v -0.637231 0.761992 0.342949
v -0.635300 0.779997 0.353653
v -0.628345 0.663011 0.348911
v -0.628202 0.684212 0.339706
v -0.627605 0.706858 0.334711
v -0.626912 0.729638 0.334385
v -0.626165 0.751201 0.338746
v -0.625078 0.770453 0.347372
v -0.617226 0.654165 0.355168
v -0.616937 0.673818 0.344468
v -0.616034 0.695485 0.337537
v -0.615176 0.717969 0.334939
v -0.614683 0.739928 0.336901
v -0.614312 0.760121 0.343232
v -0.613470 0.777651 0.353400
v -0.606410 0.664608 0.350800
v -0.605123 0.684872 0.342361
v -0.603828 0.706620 0.337787
v -0.603162 0.728546 0.337473
v -0.603163 0.749335 0.341438
v -0.603270 0.767867 0.349321
v -0.596784 0.656802 0.358217
v -0.595159 0.675220 0.348793
v -0.593244 0.695833 0.342653
v -0.592042 0.717351 0.340334
v -0.591949 0.738410 0.342043
v -0.592650 0.757738 0.347611
v -0.593210 0.774325 0.356534
v -0.586399 0.666647 0.356365
v -0.583724 0.685729 0.349193
v -0.581717 0.706508 0.345232
v -0.581077 0.727556 0.344931
v -0.581845 0.747498 0.348309
v -0.583405 0.765097 0.354955
v -0.722423 0.700981 0.377259
v -0.723215 0.721852 0.375654
v -0.721171 0.742160 0.376669
v -0.716688 0.760567 0.380180
v -0.710957 0.775852 0.385738
v -0.575738 0.771412 0.362830
v -0.573141 0.755854 0.355861
v -0.571246 0.737238 0.351270
v -0.570950 0.716852 0.349858
v -0.572499 0.696058 0.351860
v -0.588203 0.650624 0.366052
v -0.606618 0.646906 0.362540
v -0.627552 0.644293 0.361677
v -0.649380 0.643800 0.363838
v -0.670625 0.645707 0.368974
v -0.689897 0.649641 0.376649
v -0.705855 0.654487 0.385984
v -0.554715 0.666006 0.378873
v -0.548312 0.685012 0.374350
v -0.544673 0.705758 0.371548
v -0.544033 0.726806 0.371247
v -0.546433 0.746781 0.373466
v -0.551721 0.764455 0.377463
v -0.553314 0.655922 0.389098
v -0.544456 0.674194 0.384813
v -0.538735 0.694730 0.381376
v -0.536363 0.716224 0.379888
v -0.537441 0.737307 0.380767
v -0.541947 0.756712 0.383631
v -0.549740 0.773445 0.387415
v -0.542936 0.663323 0.395892
v -0.534849 0.683449 0.392285
v -0.530371 0.705133 0.389971
v -0.529704 0.727060 0.389657
v -0.532888 0.747913 0.391362
v -0.539796 0.766582 0.394413
v -0.543784 0.652679 0.407341
v -0.533249 0.672124 0.403919
v -0.526421 0.693672 0.401198
v -0.523646 0.716117 0.399962
v -0.525070 0.738115 0.400562
v -0.530625 0.758427 0.402683
v -0.540029 0.776165 0.405573
v -0.533983 0.661101 0.415946
v -0.524770 0.682119 0.413184
v -0.519643 0.704673 0.411408
v -0.518950 0.727453 0.411082
v -0.522733 0.749108 0.412225
v -0.530716 0.768544 0.414408
v -0.536892 0.650802 0.428129
v -0.525472 0.670873 0.425533
v -0.517959 0.693062 0.423595
v -0.514909 0.716170 0.422672
v -0.516568 0.738802 0.422940
v -0.522771 0.759675 0.424262
v -0.533026 0.777927 0.426308
v -0.528365 0.660372 0.437922
v -0.518657 0.681718 0.436079
v -0.513209 0.704628 0.434945
v -0.512505 0.727769 0.434613
v -0.516588 0.749743 0.435105
v -0.525048 0.769445 0.436360
v -0.533155 0.651004 0.450149
v -0.521578 0.671083 0.448473
v -0.513914 0.693280 0.447430
v -0.510800 0.716392 0.446883
v -0.512523 0.739020 0.446775
v -0.518878 0.759885 0.447202
v -0.529289 0.778129 0.448329
v -0.526421 0.661509 0.460504
v -0.516876 0.682545 0.459698
v -0.511518 0.705112 0.459281
v -0.510825 0.727892 0.458955
v -0.514839 0.749534 0.458739
v -0.523153 0.768952 0.458966
v -0.532809 0.653271 0.472010
v -0.521794 0.672742 0.471418
v -0.514516 0.694314 0.471349
v -0.511555 0.716769 0.471201
v -0.513164 0.738757 0.470713
v -0.519169 0.759045 0.470182
v -0.529054 0.776757 0.470242
v -0.528263 0.664115 0.482347
v -0.519500 0.684277 0.482725
v -0.514575 0.705986 0.483045
v -0.513908 0.727912 0.482731
v -0.517539 0.748741 0.481802
v -0.525123 0.767374 0.480868
v -0.535797 0.656867 0.492314
v -0.526076 0.675185 0.493112
v -0.519604 0.695762 0.494102
v -0.516938 0.717272 0.494341
v -0.518309 0.738340 0.493493
v -0.523567 0.757704 0.491930
v -0.532223 0.774390 0.490631
v -0.533777 0.667136 0.502248
v -0.526297 0.686200 0.504066
v -0.522001 0.706981 0.505141
v -0.521360 0.728029 0.504840
v -0.524418 0.747969 0.503182
v -0.530783 0.765585 0.500838
v -0.554242 0.695689 0.364829
v -0.552303 0.716475 0.363105
v -0.552990 0.736868 0.364239
v -0.556200 0.755511 0.367896
v -0.561506 0.771124 0.372940
v -0.538548 0.772363 0.508217
v -0.531827 0.756826 0.511505
v -0.527534 0.738242 0.514229
v -0.526450 0.717870 0.515436
v -0.528787 0.697062 0.514819
v -0.543721 0.651206 0.501164
v -0.540287 0.646613 0.482932
v -0.539485 0.643053 0.462136
v -0.541674 0.641620 0.440352
v -0.546799 0.642659 0.419044
v -0.554427 0.645850 0.399617
v -0.563697 0.650128 0.383460
v -0.556263 0.668273 0.533933
v -0.551429 0.687472 0.539480
v -0.548291 0.708311 0.542187
v -0.547651 0.729359 0.541885
v -0.549551 0.749240 0.538595
v -0.553269 0.766723 0.532524
v -0.566648 0.658428 0.535786
v -0.562061 0.677006 0.543817
v -0.558290 0.697719 0.548614
v -0.556454 0.719271 0.550023
v -0.556995 0.740297 0.548004
v -0.559551 0.759524 0.542636
v -0.563074 0.775951 0.534103
v -0.573312 0.666394 0.545824
v -0.569374 0.686800 0.553003
v -0.566709 0.708623 0.556506
v -0.566042 0.730549 0.556192
v -0.567414 0.751264 0.552080
v -0.570171 0.769653 0.544345
v -0.584931 0.655908 0.545455
v -0.581188 0.675747 0.555109
v -0.578115 0.697531 0.560967
v -0.576515 0.720055 0.562736
v -0.576763 0.741974 0.560331
v -0.578563 0.762050 0.553874
v -0.581176 0.779394 0.543687
v -0.593391 0.664897 0.554871
v -0.590283 0.686258 0.563135
v -0.588140 0.708987 0.567249
v -0.587447 0.731768 0.566923
v -0.588246 0.753247 0.562176
v -0.590123 0.772339 0.553333
v -0.605740 0.654675 0.552428
v -0.602812 0.675193 0.562940
v -0.600511 0.697661 0.569452
v -0.599213 0.720864 0.571466
v -0.599120 0.743401 0.568797
v -0.600111 0.763995 0.561668
v -0.601874 0.781801 0.550608
v -0.615370 0.664774 0.560521
v -0.613176 0.686499 0.569265
v -0.611668 0.709609 0.573683
v -0.610965 0.732749 0.573352
v -0.611107 0.754524 0.568291
v -0.612053 0.773847 0.558959
v -0.627751 0.655398 0.556157
v -0.625742 0.675946 0.566824
v -0.624335 0.698443 0.573488
v -0.623415 0.721659 0.575566
v -0.622944 0.744183 0.572833
v -0.623042 0.764748 0.565553
v -0.623885 0.782523 0.554337
v -0.637930 0.666360 0.562417
v -0.636777 0.687785 0.571012
v -0.635992 0.710559 0.575356
v -0.635300 0.733339 0.575030
v -0.634739 0.754774 0.570053
v -0.634662 0.773802 0.560879
v -0.649572 0.658030 0.556406
v -0.648657 0.677962 0.566539
v -0.648235 0.699834 0.572846
v -0.647724 0.722393 0.574800
v -0.646884 0.744277 0.572210
v -0.646032 0.764265 0.565304
v -0.645817 0.781516 0.554638
v -0.659729 0.669231 0.560464
v -0.659775 0.689769 0.568318
v -0.659742 0.711678 0.572267
v -0.659075 0.733604 0.571953
v -0.657815 0.754232 0.567395
v -0.656589 0.772490 0.558986
v -0.669818 0.661815 0.553264
v -0.670313 0.680560 0.562157
v -0.670967 0.701419 0.567703
v -0.670858 0.723028 0.569404
v -0.669672 0.743996 0.567093
v -0.667803 0.763079 0.560975
v -0.666245 0.779339 0.551582
v -0.679584 0.672323 0.554826
v -0.681089 0.691729 0.561446
v -0.681826 0.712696 0.564809
v -0.681186 0.733744 0.564508
v -0.679211 0.753498 0.560562
v -0.676590 0.770772 0.553416
v -0.541743 0.697718 0.533076
v -0.539684 0.718539 0.534084
v -0.540491 0.738897 0.532487
v -0.543851 0.757434 0.528447
v -0.548648 0.772874 0.522449
v -0.683867 0.777314 0.545357
v -0.687397 0.762148 0.552766
v -0.690416 0.743820 0.557886
v -0.691949 0.723539 0.559880
v -0.691668 0.702641 0.558476
v -0.678766 0.655949 0.545603
v -0.660607 0.651221 0.549235
v -0.639870 0.647367 0.550191
v -0.618114 0.645487 0.548064
v -0.596797 0.645952 0.542894
v -0.577328 0.648487 0.535126
v -0.561113 0.652086 0.525671
v -0.695638 0.632807 0.403033
v -0.676957 0.625805 0.396410
v -0.656678 0.622142 0.390555
v -0.635094 0.621434 0.386898
v -0.613828 0.623733 0.385715
v -0.593602 0.629457 0.385746
v -0.704018 0.633231 0.414841
v -0.684052 0.622998 0.408768
v -0.603256 0.620346 0.395080
v -0.581794 0.629218 0.394135
v -0.653637 0.612473 0.406715
v -0.633259 0.611808 0.403262
v -0.704324 0.627189 0.434973
v -0.683545 0.615029 0.431153
v -0.596877 0.612188 0.416470
v -0.575267 0.622953 0.413109
v -0.703747 0.624523 0.456879
v -0.687718 0.614197 0.454739
v -0.585238 0.610837 0.437377
v -0.568773 0.620092 0.434013
v -0.700104 0.624723 0.478504
v -0.684390 0.614395 0.475310
v -0.581593 0.611015 0.457895
v -0.565077 0.620288 0.455628
v -0.694110 0.627794 0.498840
v -0.563838 0.623516 0.476770
v -0.681896 0.624324 0.505891
v -0.659889 0.615376 0.505260
v -0.636368 0.613423 0.509425
v -0.615674 0.612739 0.505919
v -0.594759 0.613232 0.494226
v -0.573246 0.620756 0.487485
v -0.687198 0.634191 0.517633
v -0.563758 0.630138 0.496720
v -0.675390 0.633952 0.526021
v -0.655549 0.627014 0.526233
v -0.633783 0.623381 0.525619
v -0.612146 0.622670 0.521953
v -0.591205 0.624900 0.515333
v -0.572139 0.630562 0.508529
v -0.704141 0.642254 0.398325
v -0.687783 0.635060 0.391312
v -0.668408 0.630044 0.384739
v -0.647181 0.627836 0.379909
v -0.625452 0.628634 0.377462
v -0.604715 0.632333 0.377239
v -0.586537 0.638393 0.378401
v -0.562842 0.627367 0.421940
v -0.557997 0.626031 0.443265
v -0.555518 0.627760 0.464937
v -0.555216 0.632377 0.485487
v -0.556264 0.639262 0.503377
v -0.599953 0.630007 0.527550
v -0.621292 0.629233 0.532454
v -0.642962 0.631420 0.534837
v -0.691487 0.643702 0.526286
v -0.698800 0.637092 0.509813
v -0.705572 0.632687 0.490358
v -0.710477 0.631038 0.469098
v -0.712843 0.632292 0.447353
v -0.587909 0.797653 0.383301
v -0.691080 0.801041 0.400779
v -0.594790 0.805108 0.392156
v -0.615973 0.810132 0.393428
v -0.638344 0.812321 0.396316
v -0.660512 0.811594 0.400973
v -0.681208 0.807945 0.406796
v -0.582019 0.804849 0.401228
v -0.690272 0.808404 0.419568
v -0.576119 0.809325 0.421740
v -0.688796 0.813025 0.440829
v -0.571430 0.810967 0.443852
v -0.685834 0.814724 0.463233
v -0.568557 0.809733 0.466298
v -0.681234 0.813433 0.485387
v -0.567347 0.805641 0.487684
v -0.675599 0.809196 0.506023
v -0.558606 0.798360 0.494889
v -0.576410 0.806099 0.500455
v -0.596841 0.811164 0.506154
v -0.618920 0.813370 0.510769
v -0.641380 0.812627 0.513699
v -0.662828 0.808937 0.515096
v -0.670141 0.802171 0.524155
v -0.581905 0.789883 0.376230
v -0.599635 0.795818 0.374898
v -0.620171 0.800002 0.375063
v -0.641869 0.801929 0.377523
v -0.663245 0.801417 0.382360
v -0.682914 0.798552 0.389007
v -0.699559 0.793746 0.396162
v -0.706850 0.794115 0.406437
v -0.707932 0.799818 0.424259
v -0.707599 0.803661 0.444860
v -0.705076 0.805126 0.466587
v -0.700286 0.804055 0.487952
v -0.693792 0.800581 0.507575
v -0.686874 0.795193 0.524141
v -0.676600 0.794985 0.531440
v -0.658542 0.799867 0.532616
v -0.637789 0.802790 0.532350
v -0.616016 0.803324 0.529855
v -0.594716 0.801376 0.525053
v -0.575262 0.797133 0.518508
v -0.558947 0.791122 0.511508
v -0.551655 0.790753 0.501233
v -0.550245 0.795867 0.483256
v -0.550361 0.799132 0.462553
v -0.552810 0.800127 0.440791
v -0.557674 0.798738 0.419461
v -0.564385 0.795104 0.399940
v -0.571631 0.789675 0.383529
v -0.717561 0.671811 0.524277
v -0.723661 0.691879 0.527753
v -0.726435 0.713339 0.529701
v -0.725783 0.734796 0.529393
v -0.721744 0.754913 0.526851
v -0.714497 0.772563 0.522835
v -0.728139 0.669289 0.505697
v -0.735594 0.690493 0.508285
v -0.739072 0.712956 0.509701
v -0.738391 0.735344 0.509381
v -0.733592 0.756334 0.507342
v -0.724929 0.774865 0.504185
v -0.735583 0.667569 0.484572
v -0.743814 0.689427 0.486271
v -0.747753 0.712557 0.487081
v -0.747052 0.735601 0.486751
v -0.741754 0.757178 0.485301
v -0.732279 0.776218 0.483017
v -0.739393 0.667363 0.462124
v -0.747790 0.689212 0.462847
v -0.751845 0.712336 0.462970
v -0.751144 0.735380 0.462640
v -0.745729 0.756964 0.461877
v -0.736089 0.776012 0.460568
v -0.739340 0.668685 0.439700
v -0.747295 0.689862 0.439339
v -0.751114 0.712306 0.438750
v -0.750433 0.734694 0.438429
v -0.745293 0.755703 0.438396
v -0.736130 0.774261 0.438188
v -0.735491 0.670843 0.418628
v -0.742457 0.690865 0.417002
v -0.745783 0.712295 0.415697
v -0.745131 0.733752 0.415390
v -0.740540 0.753899 0.416100
v -0.732427 0.771596 0.417185
v -0.698219 0.658202 0.534516
v -0.704357 0.673752 0.539417
v -0.708633 0.692778 0.543951
v -0.710585 0.713453 0.546419
v -0.709953 0.734219 0.546122
v -0.706782 0.753664 0.543080
v -0.701415 0.770521 0.538031
v -0.694406 0.783582 0.532721
v -0.704134 0.787023 0.518779
v -0.712738 0.790339 0.500814
v -0.719205 0.792165 0.480280
v -0.722893 0.791966 0.458555
v -0.723556 0.789755 0.437072
v -0.721350 0.786094 0.417338
v -0.716756 0.782376 0.401030
v -0.725084 0.769244 0.398562
v -0.731766 0.752316 0.395868
v -0.735705 0.732829 0.394389
v -0.736336 0.712063 0.394687
v -0.733617 0.691430 0.396740
v -0.728027 0.672475 0.399948
v -0.720569 0.656996 0.402825
v -0.725384 0.653431 0.419237
v -0.727810 0.649860 0.439075
v -0.727275 0.647858 0.460618
v -0.723587 0.648057 0.482343
v -0.716992 0.650443 0.502817
v -0.708169 0.654360 0.520678
v -0.701705 0.669134 0.371021
v -0.704864 0.688963 0.364030
v -0.706469 0.710306 0.360300
v -0.705817 0.731763 0.359993
v -0.702947 0.751997 0.363127
v -0.698642 0.769887 0.369578
v -0.683177 0.665844 0.360561
v -0.685431 0.686732 0.352167
v -0.686490 0.709037 0.347689
v -0.685809 0.731425 0.347368
v -0.683429 0.752574 0.351225
v -0.679967 0.771420 0.359049
v -0.662091 0.663453 0.353198
v -0.663446 0.684946 0.343998
v -0.663888 0.707887 0.339030
v -0.663187 0.730931 0.338700
v -0.661385 0.752697 0.343028
v -0.658787 0.772102 0.351642
v -0.639652 0.662716 0.349396
v -0.640032 0.684177 0.340032
v -0.639787 0.707095 0.334947
v -0.639086 0.730140 0.334617
v -0.637971 0.751928 0.339061
v -0.636348 0.771365 0.347840
v -0.617209 0.663677 0.349385
v -0.616516 0.684469 0.340492
v -0.615569 0.706708 0.335674
v -0.614888 0.729097 0.335353
v -0.614513 0.750311 0.339549
v -0.613999 0.769254 0.347874
v -0.596102 0.665666 0.353130
v -0.594161 0.685329 0.345276
v -0.592515 0.706564 0.340995
v -0.591863 0.728021 0.340688
v -0.592245 0.748362 0.344373
v -0.593038 0.766419 0.351687
v -0.712143 0.656570 0.390954
v -0.716799 0.671907 0.384127
v -0.721032 0.690793 0.379006
v -0.723169 0.711397 0.376133
v -0.722538 0.732163 0.375835
v -0.719181 0.751679 0.378134
v -0.713857 0.768676 0.382742
v -0.708331 0.781950 0.389158
v -0.694344 0.784728 0.379283
v -0.676337 0.787366 0.370536
v -0.655782 0.788571 0.363989
v -0.634066 0.787858 0.360310
v -0.612622 0.785274 0.359742
v -0.592947 0.781398 0.362105
v -0.576697 0.777628 0.366857
v -0.574449 0.764098 0.359124
v -0.572033 0.746847 0.353205
v -0.570871 0.727183 0.350141
v -0.571502 0.706417 0.350438
v -0.573884 0.685961 0.354077
v -0.577391 0.667329 0.360510
v -0.580510 0.652247 0.368653
v -0.596981 0.648735 0.364005
v -0.616877 0.645379 0.361746
v -0.638448 0.643750 0.362374
v -0.660164 0.644463 0.366053
v -0.680591 0.647471 0.372540
v -0.698378 0.652064 0.381183
v -0.548497 0.664703 0.386948
v -0.541192 0.684256 0.382905
v -0.537121 0.705443 0.380347
v -0.536468 0.726900 0.380040
v -0.539275 0.747290 0.382003
v -0.545433 0.765456 0.385506
v -0.538075 0.662076 0.405603
v -0.529348 0.682705 0.402416
v -0.524513 0.704865 0.400360
v -0.523832 0.727254 0.400040
v -0.527346 0.748547 0.401473
v -0.534864 0.767652 0.404091
v -0.530731 0.660512 0.426774
v -0.521189 0.681772 0.424458
v -0.515853 0.704587 0.422990
v -0.515152 0.727631 0.422660
v -0.519128 0.749523 0.423488
v -0.527427 0.769160 0.425218
v -0.526921 0.660717 0.449222
v -0.517213 0.681986 0.447882
v -0.511761 0.704808 0.447101
v -0.511060 0.727852 0.446771
v -0.515153 0.749737 0.446912
v -0.523617 0.769366 0.447666
v -0.526874 0.662680 0.471599
v -0.517647 0.683337 0.471361
v -0.512471 0.705515 0.471312
v -0.511791 0.727904 0.470991
v -0.515645 0.749178 0.470419
v -0.523664 0.768256 0.470088
v -0.530567 0.665670 0.492598
v -0.522396 0.685271 0.493656
v -0.517773 0.706487 0.494350
v -0.517120 0.727944 0.494043
v -0.520479 0.748304 0.492753
v -0.527503 0.766423 0.491155
v -0.568639 0.652007 0.377086
v -0.561571 0.667009 0.371748
v -0.556152 0.685602 0.366675
v -0.552949 0.706041 0.363618
v -0.552318 0.726808 0.363321
v -0.554300 0.746488 0.365803
v -0.558629 0.763778 0.370362
v -0.564826 0.777388 0.375291
v -0.554895 0.780628 0.389138
v -0.546090 0.783928 0.407007
v -0.539505 0.785944 0.427486
v -0.535818 0.786143 0.449212
v -0.535272 0.784512 0.470749
v -0.537678 0.781557 0.490578
v -0.542476 0.778593 0.506982
v -0.534959 0.765055 0.509831
v -0.529316 0.747836 0.513014
v -0.526567 0.728197 0.515053
v -0.527198 0.707431 0.515351
v -0.531168 0.686951 0.513886
v -0.537902 0.668286 0.511217
v -0.546289 0.653213 0.508777
v -0.541713 0.648894 0.492478
v -0.539526 0.644616 0.472752
v -0.540201 0.642035 0.451275
v -0.543888 0.641836 0.429550
v -0.550344 0.644032 0.409010
v -0.558929 0.647965 0.391037
v -0.564352 0.667380 0.540205
v -0.559989 0.687172 0.546628
v -0.557087 0.708476 0.549747
v -0.556434 0.729933 0.549440
v -0.558072 0.750206 0.545726
v -0.561288 0.768132 0.538763
v -0.583037 0.665521 0.550738
v -0.579511 0.686466 0.558533
v -0.577095 0.708784 0.562373
v -0.576414 0.731173 0.562052
v -0.577509 0.752307 0.557590
v -0.579826 0.771097 0.549226
v -0.604224 0.664628 0.558149
v -0.601557 0.686253 0.566731
v -0.599718 0.709257 0.571041
v -0.599018 0.732302 0.570711
v -0.599497 0.754004 0.565761
v -0.600920 0.773276 0.556593
v -0.626662 0.665365 0.561950
v -0.624971 0.687022 0.570697
v -0.623819 0.710049 0.575124
v -0.623118 0.733093 0.574794
v -0.622911 0.754773 0.569727
v -0.623358 0.774013 0.560395
v -0.649005 0.667687 0.561914
v -0.648427 0.688729 0.570208
v -0.648016 0.711113 0.574388
v -0.647335 0.733501 0.574067
v -0.646424 0.754570 0.569266
v -0.645794 0.773264 0.560402
v -0.669956 0.670847 0.558096
v -0.670691 0.690807 0.565383
v -0.671041 0.712218 0.569053
v -0.670388 0.733675 0.568746
v -0.668775 0.753841 0.564480
v -0.666892 0.771600 0.556653
v -0.554714 0.653639 0.520649
v -0.549129 0.668854 0.527037
v -0.543753 0.687587 0.531620
v -0.540365 0.708097 0.533905
v -0.539734 0.728863 0.533607
v -0.541901 0.748473 0.530748
v -0.546186 0.765623 0.525652
v -0.550901 0.779020 0.518854
v -0.564685 0.782923 0.528633
v -0.582491 0.786900 0.537285
v -0.602929 0.789538 0.543777
v -0.624645 0.790251 0.547456
v -0.646205 0.788992 0.548079
v -0.666082 0.786253 0.545811
v -0.682535 0.783342 0.541154
v -0.685595 0.770201 0.549270
v -0.689049 0.753305 0.555677
v -0.691401 0.733843 0.559302
v -0.692032 0.713077 0.559599
v -0.690900 0.692419 0.556549
v -0.688537 0.673432 0.550655
v -0.686348 0.657961 0.542949
v -0.670116 0.653589 0.547710
v -0.650460 0.649097 0.550082
v -0.629027 0.646143 0.549519
v -0.607311 0.645430 0.545840
v -0.586745 0.647005 0.539288
v -0.568719 0.650260 0.530532
v -0.694383 0.627719 0.411953
v -0.592174 0.624363 0.394638
v -0.678513 0.628731 0.516298
v -0.572729 0.625257 0.498377
v -0.710730 0.646371 0.401253
v -0.696430 0.638453 0.394890
v -0.678397 0.632228 0.387871
v -0.657948 0.628570 0.382052
v -0.636286 0.627859 0.378382
v -0.614872 0.630143 0.377109
v -0.595175 0.635128 0.377735
v -0.579103 0.642049 0.378953
v -0.572940 0.634678 0.393532
v -0.566005 0.629154 0.411823
v -0.560142 0.626318 0.432474
v -0.556460 0.626516 0.454149
v -0.555131 0.629734 0.475439
v -0.555659 0.635603 0.494893
v -0.556750 0.643255 0.510640
v -0.571440 0.636402 0.517130
v -0.589811 0.631488 0.524308
v -0.610500 0.629250 0.530297
v -0.632169 0.629961 0.533968
v -0.653489 0.633579 0.535096
v -0.672846 0.639732 0.534310
v -0.688384 0.647577 0.532941
v -0.695082 0.640182 0.518514
v -0.702355 0.634568 0.500381
v -0.708313 0.631502 0.479875
v -0.711988 0.631304 0.458199
v -0.713078 0.633983 0.436740
v -0.712211 0.639251 0.417126
v -0.585070 0.801589 0.391902
v -0.605146 0.807963 0.392626
v -0.627098 0.811588 0.394645
v -0.649536 0.812325 0.398447
v -0.671114 0.810129 0.403802
v -0.690674 0.805057 0.409792
v -0.578981 0.807434 0.411214
v -0.599926 0.814655 0.413185
v -0.622746 0.818700 0.415989
v -0.646160 0.819468 0.419956
v -0.668841 0.816918 0.424861
v -0.689684 0.811069 0.429969
v -0.573571 0.810505 0.432671
v -0.594959 0.818137 0.435729
v -0.618322 0.822405 0.439301
v -0.642422 0.823197 0.443384
v -0.665881 0.820466 0.447744
v -0.687525 0.814247 0.451976
v -0.569761 0.810710 0.455119
v -0.590984 0.818352 0.459153
v -0.614230 0.822626 0.463412
v -0.638330 0.823418 0.467495
v -0.661905 0.820681 0.471168
v -0.683715 0.814452 0.474425
v -0.567780 0.808038 0.477211
v -0.588224 0.815287 0.482131
v -0.610705 0.819350 0.486941
v -0.634119 0.820118 0.490908
v -0.657140 0.817550 0.493806
v -0.678483 0.811673 0.495965
v -0.567140 0.802557 0.497551
v -0.586350 0.808978 0.503377
v -0.607750 0.812632 0.508649
v -0.630188 0.813369 0.512450
v -0.652318 0.811144 0.514553
v -0.672744 0.806024 0.515442
v -0.574709 0.786452 0.376885
v -0.590301 0.793022 0.375470
v -0.609661 0.798168 0.374725
v -0.630970 0.801265 0.375987
v -0.652686 0.801978 0.379666
v -0.673375 0.800260 0.385519
v -0.691698 0.796351 0.392648
v -0.706342 0.790774 0.399186
v -0.707477 0.797150 0.414882
v -0.708009 0.802012 0.434321
v -0.706629 0.804707 0.455678
v -0.702942 0.804906 0.477403
v -0.697191 0.802596 0.498064
v -0.690261 0.798079 0.516323
v -0.683992 0.791980 0.530877
v -0.668028 0.797629 0.532117
v -0.648391 0.801608 0.532731
v -0.626934 0.803368 0.531399
v -0.605219 0.802655 0.527720
v -0.584677 0.799516 0.521937
v -0.566631 0.794299 0.514939
v -0.552359 0.787657 0.508576
v -0.550852 0.793501 0.492705
v -0.550043 0.797764 0.473135
v -0.551275 0.799926 0.451709
v -0.554962 0.799727 0.429983
v -0.560861 0.797180 0.409392
v -0.568069 0.792572 0.391264
v -0.684314 0.035793 0.275475
v -0.720586 0.037038 0.285360
v -0.754230 0.038301 0.302134
v -0.783954 0.039535 0.325153
v -0.808615 0.040691 0.353533
v -0.827265 0.041726 0.386183
v -0.839188 0.042599 0.421848
v -0.843926 0.043277 0.459157
v -0.841296 0.043734 0.496678
v -0.831399 0.043953 0.532967
v -0.814617 0.043925 0.566631
v -0.791593 0.043651 0.596376
v -0.763212 0.043141 0.621058
v -0.730566 0.042415 0.639729
v -0.694909 0.041502 0.651672
v -0.657610 0.040436 0.656427
v -0.620105 0.039258 0.653812
v -0.583833 0.038013 0.643928
v -0.550188 0.036750 0.627154
v -0.520464 0.035517 0.604135
v -0.495804 0.034360 0.575755
v -0.477153 0.033326 0.543105
v -0.465230 0.032452 0.507440
v -0.460493 0.031774 0.470130
v -0.463123 0.031317 0.432610
v -0.473019 0.031098 0.396321
v -0.489802 0.031127 0.362657
v -0.512826 0.031401 0.332912
v -0.541206 0.031911 0.308230
v -0.573853 0.032636 0.289559
v -0.609510 0.033549 0.277616
v -0.646808 0.034615 0.272861
v -0.688729 0.052020 0.246272
v -0.730555 0.053455 0.257670
v -0.769351 0.054912 0.277013
v -0.803627 0.056334 0.303557
v -0.832064 0.057668 0.336283
v -0.853570 0.058861 0.373932
v -0.867319 0.059868 0.415058
v -0.872782 0.060650 0.458081
v -0.869749 0.061177 0.501347
v -0.858337 0.061429 0.543193
v -0.838984 0.061397 0.582012
v -0.812435 0.061080 0.616311
v -0.779708 0.060493 0.644773
v -0.742063 0.059656 0.666303
v -0.700946 0.058603 0.680075
v -0.657936 0.057374 0.685558
v -0.614687 0.056015 0.682543
v -0.572861 0.054580 0.671145
v -0.534064 0.053123 0.651803
v -0.499789 0.051701 0.625259
v -0.471352 0.050368 0.592533
v -0.449846 0.049175 0.554884
v -0.436097 0.048168 0.513757
v -0.430634 0.047385 0.470734
v -0.433667 0.046858 0.427469
v -0.445079 0.046606 0.385622
v -0.464431 0.046639 0.346804
v -0.490981 0.046955 0.312504
v -0.523707 0.047543 0.284043
v -0.561352 0.048379 0.262512
v -0.602470 0.049432 0.248741
v -0.645480 0.050662 0.243257
v -0.688400 0.066862 0.245338
v -0.730364 0.068301 0.256774
v -0.769289 0.069763 0.276181
v -0.803677 0.071190 0.302813
v -0.832209 0.072528 0.335646
v -0.853786 0.073725 0.373420
v -0.867580 0.074735 0.414683
v -0.873061 0.075520 0.457848
v -0.870018 0.076049 0.501257
v -0.858568 0.076302 0.543241
v -0.839152 0.076269 0.582188
v -0.812514 0.075952 0.616601
v -0.779680 0.075362 0.645157
v -0.741910 0.074523 0.666758
v -0.700657 0.073466 0.680575
v -0.657505 0.072233 0.686077
v -0.614113 0.070870 0.683052
v -0.572148 0.069430 0.671616
v -0.533224 0.067968 0.652210
v -0.498835 0.066541 0.625578
v -0.470304 0.065204 0.592744
v -0.448727 0.064007 0.554970
v -0.434933 0.062996 0.513708
v -0.429452 0.062212 0.470543
v -0.432494 0.061683 0.427134
v -0.443944 0.061430 0.385149
v -0.463361 0.061462 0.346202
v -0.489998 0.061780 0.311790
v -0.522833 0.062369 0.283234
v -0.560602 0.063209 0.261632
v -0.601856 0.064265 0.247815
v -0.645008 0.065499 0.242313
v -0.681668 0.082983 0.281948
v -0.716570 0.084181 0.291459
v -0.748943 0.085396 0.307599
v -0.777544 0.086583 0.329749
v -0.801273 0.087696 0.357056
v -0.819219 0.088692 0.388472
v -0.830691 0.089532 0.422790
v -0.835250 0.090184 0.458690
v -0.832719 0.090624 0.494793
v -0.823196 0.090835 0.529711
v -0.807048 0.090808 0.562103
v -0.784894 0.090544 0.590724
v -0.757585 0.090053 0.614473
v -0.726173 0.089355 0.632439
v -0.691862 0.088476 0.643931
v -0.655973 0.087451 0.648507
v -0.619885 0.086317 0.645991
v -0.584983 0.085120 0.636480
v -0.552610 0.083904 0.620339
v -0.524009 0.082717 0.598190
v -0.500280 0.081604 0.570882
v -0.482334 0.080609 0.539466
v -0.470861 0.079769 0.505148
v -0.466303 0.079116 0.469248
v -0.468834 0.078676 0.433146
v -0.478356 0.078466 0.398227
v -0.494505 0.078493 0.365835
v -0.516659 0.078757 0.337214
v -0.543967 0.079247 0.313465
v -0.575380 0.079945 0.295499
v -0.609690 0.080824 0.284008
v -0.645579 0.081850 0.279432
v -0.681439 0.090508 0.281840
v -0.716341 0.091706 0.291351
v -0.748714 0.092921 0.307491
v -0.777315 0.094108 0.329641
v -0.801044 0.095221 0.356948
v -0.818990 0.096217 0.388365
v -0.830462 0.097057 0.422682
v -0.835021 0.097709 0.458582
v -0.832490 0.098149 0.494685
v -0.822967 0.098360 0.529603
v -0.806819 0.098333 0.561995
v -0.784665 0.098069 0.590616
v -0.757357 0.097578 0.614366
v -0.725944 0.096880 0.632331
v -0.691634 0.096001 0.643823
v -0.655745 0.094976 0.648399
v -0.619656 0.093842 0.645883
v -0.584754 0.092645 0.636372
v -0.552381 0.091429 0.620232
v -0.523780 0.090242 0.598082
v -0.500051 0.089129 0.570774
v -0.482105 0.088134 0.539358
v -0.470633 0.087294 0.505041
v -0.466074 0.086641 0.469141
v -0.468605 0.086201 0.433038
v -0.478128 0.085991 0.398119
v -0.494276 0.086018 0.365727
v -0.516430 0.086282 0.337107
v -0.543738 0.086772 0.313357
v -0.575151 0.087470 0.295391
v -0.609461 0.088349 0.283900
v -0.645350 0.089375 0.279324
v -0.683949 0.096865 0.265794
v -0.721910 0.098167 0.276138
v -0.757120 0.099489 0.293693
v -0.788228 0.100780 0.317784
v -0.814037 0.101990 0.347485
v -0.833555 0.103073 0.381655
v -0.846033 0.103987 0.418980
v -0.850991 0.104697 0.458026
v -0.848239 0.105175 0.497294
v -0.837881 0.105404 0.535272
v -0.820317 0.105375 0.570503
v -0.796222 0.105088 0.601632
v -0.766520 0.104554 0.627464
v -0.732354 0.103795 0.647004
v -0.695037 0.102839 0.659503
v -0.656002 0.101723 0.664479
v -0.616750 0.100491 0.661743
v -0.578790 0.099188 0.651399
v -0.543579 0.097866 0.633844
v -0.512472 0.096575 0.609753
v -0.486663 0.095365 0.580052
v -0.467144 0.094282 0.545882
v -0.454666 0.093368 0.508557
v -0.449708 0.092658 0.469510
v -0.452461 0.092180 0.430243
v -0.462818 0.091951 0.392264
v -0.480382 0.091981 0.357033
v -0.504478 0.092268 0.325904
v -0.534179 0.092801 0.300073
v -0.568345 0.093560 0.280533
v -0.605663 0.094516 0.268034
v -0.644697 0.095632 0.263057
v -0.684749 0.128799 0.254884
v -0.724713 0.130170 0.265774
v -0.761783 0.131562 0.284256
v -0.794532 0.132921 0.309619
v -0.821704 0.134195 0.340888
v -0.842253 0.135335 0.376861
v -0.855389 0.136297 0.416157
v -0.860609 0.137044 0.457265
v -0.857711 0.137548 0.498605
v -0.846807 0.137789 0.538588
v -0.828316 0.137758 0.575679
v -0.802948 0.137456 0.608452
v -0.771679 0.136894 0.635647
v -0.735709 0.136095 0.656218
v -0.696422 0.135089 0.669377
v -0.655327 0.133914 0.674617
v -0.614003 0.132616 0.671736
v -0.574038 0.131245 0.660845
v -0.536969 0.129853 0.642363
v -0.504219 0.128494 0.617001
v -0.477048 0.127220 0.585732
v -0.456499 0.126080 0.549758
v -0.443362 0.125118 0.510463
v -0.438142 0.124370 0.469355
v -0.441040 0.123867 0.428015
v -0.451944 0.123626 0.388031
v -0.470435 0.123657 0.350940
v -0.495803 0.123959 0.318168
v -0.527073 0.124521 0.290973
v -0.563042 0.125320 0.270401
v -0.602329 0.126326 0.257242
v -0.643425 0.127501 0.252003
v -0.682470 0.158553 0.262566
v -0.720880 0.159871 0.273033
v -0.756508 0.161209 0.290796
v -0.787984 0.162515 0.315172
v -0.814098 0.163740 0.345224
v -0.833848 0.164835 0.379799
v -0.846474 0.165760 0.417566
v -0.851490 0.166478 0.457075
v -0.848705 0.166962 0.496807
v -0.838225 0.167194 0.535235
v -0.820453 0.167164 0.570883
v -0.796072 0.166874 0.602381
v -0.766019 0.166334 0.628518
v -0.731449 0.165566 0.648290
v -0.693689 0.164599 0.660937
v -0.654193 0.163470 0.665972
v -0.614476 0.162222 0.663204
v -0.576066 0.160904 0.652737
v -0.540438 0.159566 0.634974
v -0.508963 0.158260 0.610598
v -0.482848 0.157036 0.580545
v -0.463099 0.155940 0.545971
v -0.450473 0.155015 0.508203
v -0.445456 0.154297 0.468695
v -0.448241 0.153813 0.428963
v -0.458721 0.153581 0.390534
v -0.476493 0.153611 0.354886
v -0.500874 0.153902 0.323388
v -0.530927 0.154442 0.297251
v -0.565498 0.155210 0.277480
v -0.603257 0.156177 0.264833
v -0.642754 0.157306 0.259797
v -0.676677 0.185392 0.291560
v -0.709455 0.186517 0.300492
v -0.739858 0.187659 0.315650
v -0.766718 0.188773 0.336452
v -0.789003 0.189818 0.362098
v -0.805856 0.190753 0.391602
v -0.816631 0.191542 0.423831
v -0.820912 0.192155 0.457546
v -0.818535 0.192569 0.491452
v -0.809592 0.192766 0.524245
v -0.794426 0.192740 0.554666
v -0.773620 0.192493 0.581545
v -0.747974 0.192032 0.603849
v -0.718473 0.191377 0.620722
v -0.686251 0.190551 0.631514
v -0.652546 0.189588 0.635811
v -0.618653 0.188523 0.633448
v -0.585876 0.187399 0.624516
v -0.555473 0.186257 0.609358
v -0.528612 0.185142 0.588557
v -0.506327 0.184097 0.562911
v -0.489474 0.183163 0.533407
v -0.478700 0.182373 0.501177
v -0.474418 0.181760 0.467462
v -0.476795 0.181347 0.433556
v -0.485738 0.181150 0.400763
v -0.500904 0.181175 0.370343
v -0.521710 0.181423 0.343464
v -0.547356 0.181884 0.321159
v -0.576857 0.182539 0.304287
v -0.609079 0.183365 0.293495
v -0.642784 0.184328 0.289197
v -0.672295 0.213655 0.311949
v -0.701086 0.214643 0.319794
v -0.727791 0.215645 0.333109
v -0.751385 0.216624 0.351381
v -0.770960 0.217542 0.373907
v -0.785763 0.218364 0.399823
v -0.795227 0.219057 0.428133
v -0.798988 0.219595 0.457747
v -0.796900 0.219958 0.487529
v -0.789045 0.220132 0.516334
v -0.775723 0.220109 0.543055
v -0.757448 0.219891 0.566665
v -0.734921 0.219487 0.586257
v -0.709008 0.218911 0.601077
v -0.680704 0.218186 0.610557
v -0.651099 0.217340 0.614331
v -0.621328 0.216405 0.612256
v -0.592537 0.215417 0.604410
v -0.565832 0.214414 0.591096
v -0.542238 0.213435 0.572824
v -0.522663 0.212517 0.550297
v -0.507860 0.211696 0.524381
v -0.498396 0.211003 0.496072
v -0.494635 0.210464 0.466457
v -0.496723 0.210102 0.436675
v -0.504578 0.209928 0.407870
v -0.517900 0.209950 0.381149
v -0.536175 0.210168 0.357540
v -0.558702 0.210573 0.337948
v -0.584615 0.211149 0.323128
v -0.612919 0.211873 0.313648
v -0.642524 0.212720 0.309873
v -0.671798 0.229986 0.311715
v -0.700589 0.230973 0.319561
v -0.727295 0.231976 0.332875
v -0.750888 0.232955 0.351147
v -0.770463 0.233873 0.373674
v -0.785267 0.234694 0.399589
v -0.794731 0.235388 0.427899
v -0.798491 0.235926 0.457514
v -0.796403 0.236289 0.487296
v -0.788548 0.236462 0.516101
v -0.775227 0.236440 0.542821
v -0.756951 0.236222 0.566431
v -0.734424 0.235818 0.586023
v -0.708511 0.235242 0.600843
v -0.680208 0.234517 0.610323
v -0.650602 0.233671 0.614098
v -0.620832 0.232736 0.612022
v -0.592040 0.231748 0.604176
v -0.565335 0.230745 0.590862
v -0.541741 0.229766 0.572590
v -0.522167 0.228848 0.550063
v -0.507363 0.228027 0.524148
v -0.497899 0.227334 0.495838
v -0.494139 0.226795 0.466223
v -0.496226 0.226432 0.436441
v -0.504082 0.226259 0.407636
v -0.517403 0.226281 0.380916
v -0.535679 0.226499 0.357306
v -0.558206 0.226904 0.337714
v -0.584119 0.227479 0.322894
v -0.612422 0.228204 0.313414
v -0.642028 0.229051 0.309639
v -0.673462 0.248970 0.298214
v -0.704789 0.250045 0.306751
v -0.733847 0.251136 0.321239
v -0.759519 0.252202 0.341120
v -0.780818 0.253200 0.365631
v -0.796926 0.254094 0.393830
v -0.807223 0.254848 0.424633
v -0.811315 0.255434 0.456856
v -0.809044 0.255829 0.489262
v -0.800496 0.256018 0.520604
v -0.786001 0.255993 0.549679
v -0.766116 0.255756 0.575369
v -0.741605 0.255316 0.596686
v -0.713409 0.254690 0.612812
v -0.682612 0.253901 0.623127
v -0.650399 0.252980 0.627234
v -0.618006 0.251963 0.624976
v -0.586678 0.250888 0.616439
v -0.557620 0.249797 0.601951
v -0.531949 0.248731 0.582070
v -0.510650 0.247733 0.557559
v -0.494542 0.246839 0.529360
v -0.484244 0.246085 0.498557
v -0.480152 0.245499 0.466334
v -0.482424 0.245104 0.433928
v -0.490972 0.244915 0.402586
v -0.505466 0.244940 0.373511
v -0.525352 0.245177 0.347821
v -0.549863 0.245617 0.326504
v -0.578059 0.246243 0.310378
v -0.608855 0.247032 0.300063
v -0.641069 0.247953 0.295956
v -0.673204 0.257456 0.298093
v -0.704531 0.258531 0.306630
v -0.733589 0.259622 0.321117
v -0.759261 0.260687 0.340998
v -0.780560 0.261686 0.365509
v -0.796668 0.262580 0.393708
v -0.806965 0.263334 0.424511
v -0.811057 0.263920 0.456735
v -0.808786 0.264315 0.489140
v -0.800238 0.264503 0.520483
v -0.785743 0.264479 0.549557
v -0.765858 0.264242 0.575247
v -0.741347 0.263802 0.596565
v -0.713151 0.263175 0.612690
v -0.682354 0.262387 0.623005
v -0.650141 0.261466 0.627112
v -0.617748 0.260448 0.624854
v -0.586420 0.259373 0.616317
v -0.557362 0.258282 0.601830
v -0.531691 0.257217 0.581948
v -0.510392 0.256218 0.557437
v -0.494284 0.255325 0.529239
v -0.483986 0.254571 0.498436
v -0.479894 0.253985 0.466212
v -0.482166 0.253590 0.433806
v -0.490713 0.253401 0.402464
v -0.505208 0.253425 0.373389
v -0.525094 0.253662 0.347700
v -0.549605 0.254102 0.326382
v -0.577801 0.254729 0.310256
v -0.608597 0.255518 0.299942
v -0.640811 0.256439 0.295835
v -0.665612 0.290420 0.336515
v -0.689483 0.291239 0.343020
v -0.711624 0.292071 0.354059
v -0.731185 0.292883 0.369208
v -0.747414 0.293644 0.387885
v -0.759688 0.294324 0.409372
v -0.767534 0.294899 0.432843
v -0.770652 0.295346 0.457396
v -0.768921 0.295646 0.482088
v -0.762408 0.295790 0.505970
v -0.751364 0.295772 0.528124
v -0.736212 0.295591 0.547699
v -0.717535 0.295256 0.563942
v -0.696050 0.294778 0.576229
v -0.672584 0.294177 0.584089
v -0.648039 0.293476 0.587218
v -0.623356 0.292700 0.585498
v -0.599486 0.291881 0.578993
v -0.577344 0.291050 0.567954
v -0.557783 0.290238 0.552805
v -0.541554 0.289477 0.534128
v -0.529280 0.288796 0.512642
v -0.521434 0.288222 0.489171
v -0.518316 0.287775 0.464617
v -0.520047 0.287474 0.439925
v -0.526560 0.287331 0.416043
v -0.537605 0.287349 0.393889
v -0.552757 0.287530 0.374314
v -0.571434 0.287865 0.358071
v -0.592918 0.288343 0.345784
v -0.616384 0.288944 0.337924
v -0.640930 0.289645 0.334795
v -0.659555 0.339766 0.362702
v -0.678270 0.340408 0.367802
v -0.695629 0.341060 0.376456
v -0.710965 0.341696 0.388333
v -0.723689 0.342293 0.402976
v -0.733311 0.342827 0.419821
v -0.739463 0.343277 0.438223
v -0.741907 0.343627 0.457473
v -0.740550 0.343863 0.476831
v -0.735444 0.343976 0.495555
v -0.726785 0.343961 0.512924
v -0.714906 0.343820 0.528270
v -0.700263 0.343557 0.541005
v -0.683419 0.343183 0.550639
v -0.665022 0.342711 0.556800
v -0.645778 0.342161 0.559254
v -0.626427 0.341553 0.557905
v -0.607712 0.340911 0.552805
v -0.590353 0.340259 0.544151
v -0.575017 0.339623 0.532274
v -0.562293 0.339026 0.517631
v -0.552671 0.338493 0.500786
v -0.546519 0.338042 0.482384
v -0.544075 0.337692 0.463134
v -0.545432 0.337456 0.443776
v -0.550538 0.337343 0.425052
v -0.559197 0.337358 0.407683
v -0.571076 0.337500 0.392337
v -0.585719 0.337762 0.379602
v -0.602563 0.338137 0.369968
v -0.620960 0.338608 0.363806
v -0.640204 0.339158 0.361353
v -0.702245 0.316555 0.367458
v -0.682951 0.315830 0.357838
v -0.598801 0.313306 0.360246
v -0.580079 0.312890 0.370954
v -0.625326 0.317104 0.569140
v -0.646835 0.317779 0.570640
v -0.719291 0.317262 0.380659
v -0.619250 0.313830 0.353397
v -0.604525 0.316390 0.563472
v -0.733434 0.317925 0.396935
v -0.640640 0.314441 0.350670
v -0.585230 0.315665 0.553852
v -0.744130 0.318519 0.415659
v -0.662149 0.315117 0.352170
v -0.568184 0.314958 0.540651
v -0.750967 0.319019 0.436112
v -0.554041 0.314295 0.524375
v -0.753684 0.319408 0.457509
v -0.543346 0.313701 0.505651
v -0.752176 0.319671 0.479026
v -0.536508 0.313201 0.485198
v -0.746500 0.319796 0.499837
v -0.533791 0.312812 0.463801
v -0.736876 0.319780 0.519143
v -0.535299 0.312549 0.442284
v -0.723672 0.319623 0.536201
v -0.540975 0.312424 0.421473
v -0.707396 0.319330 0.550356
v -0.550600 0.312440 0.402167
v -0.688674 0.318914 0.561064
v -0.563803 0.312598 0.385109
v -0.668225 0.318390 0.567913
v -0.652581 0.427736 0.386818
v -0.666431 0.428211 0.390592
v -0.679277 0.428694 0.396997
v -0.690626 0.429165 0.405786
v -0.700042 0.429606 0.416623
v -0.707163 0.430001 0.429089
v -0.711716 0.430335 0.442707
v -0.713525 0.430594 0.456952
v -0.712520 0.430768 0.471279
v -0.708742 0.430852 0.485135
v -0.702334 0.430841 0.497988
v -0.693543 0.430736 0.509345
v -0.682706 0.430542 0.518770
v -0.670241 0.430265 0.525899
v -0.656627 0.429916 0.530459
v -0.642385 0.429509 0.532274
v -0.628065 0.429059 0.531276
v -0.614215 0.428584 0.527502
v -0.601369 0.428102 0.521097
v -0.590020 0.427631 0.512308
v -0.580604 0.427189 0.501472
v -0.573483 0.426794 0.489005
v -0.568930 0.426461 0.475388
v -0.567121 0.426202 0.461142
v -0.568125 0.426027 0.446816
v -0.571904 0.425944 0.432960
v -0.578312 0.425954 0.420106
v -0.587103 0.426059 0.408749
v -0.597940 0.426254 0.399325
v -0.610405 0.426531 0.392196
v -0.624019 0.426879 0.387636
v -0.638261 0.427286 0.385820
v -0.661143 0.499487 0.322374
v -0.687151 0.500379 0.329461
v -0.711275 0.501285 0.341488
v -0.732587 0.502170 0.357994
v -0.750270 0.502999 0.378343
v -0.763642 0.503741 0.401753
v -0.772191 0.504367 0.427326
v -0.775588 0.504853 0.454078
v -0.773703 0.505181 0.480981
v -0.766607 0.505338 0.507001
v -0.754573 0.505317 0.531139
v -0.738064 0.505121 0.552466
v -0.717715 0.504755 0.570164
v -0.694307 0.504235 0.583551
v -0.668740 0.503580 0.592115
v -0.641996 0.502816 0.595524
v -0.615104 0.501971 0.593650
v -0.589096 0.501079 0.586562
v -0.564972 0.500173 0.574535
v -0.543659 0.499289 0.558029
v -0.525977 0.498459 0.537681
v -0.512604 0.497718 0.514270
v -0.504055 0.497091 0.488697
v -0.500658 0.496605 0.461946
v -0.502544 0.496277 0.435043
v -0.509640 0.496120 0.409022
v -0.521674 0.496141 0.384885
v -0.538183 0.496337 0.363557
v -0.558532 0.496703 0.345859
v -0.581940 0.497223 0.332472
v -0.607507 0.497878 0.323909
v -0.634251 0.498642 0.320499
v -0.643372 0.600060 0.407781
v -0.652729 0.600381 0.410331
v -0.661409 0.600707 0.414658
v -0.669077 0.601025 0.420597
v -0.675439 0.601323 0.427918
v -0.680251 0.601590 0.436341
v -0.683327 0.601816 0.445542
v -0.684549 0.601991 0.455167
v -0.683870 0.602109 0.464847
v -0.681317 0.602165 0.474209
v -0.676987 0.602158 0.482894
v -0.671048 0.602087 0.490567
v -0.663726 0.601955 0.496935
v -0.655304 0.601768 0.501752
v -0.646105 0.601533 0.504833
v -0.636483 0.601258 0.506060
v -0.626807 0.600954 0.505385
v -0.617449 0.600633 0.502835
v -0.608769 0.600307 0.498508
v -0.601101 0.599989 0.492569
v -0.594739 0.599690 0.485248
v -0.589928 0.599423 0.476825
v -0.586852 0.599198 0.467624
v -0.585629 0.599023 0.457998
v -0.586308 0.598905 0.448319
v -0.588861 0.598849 0.438957
v -0.593191 0.598856 0.430272
v -0.599131 0.598927 0.422598
v -0.606452 0.599058 0.416231
v -0.614874 0.599245 0.411414
v -0.624073 0.599481 0.408333
v -0.633696 0.599756 0.407106
v -0.650434 0.498338 0.385807
v -0.664284 0.498814 0.389582
v -0.677130 0.499296 0.395986
v -0.688479 0.499767 0.404776
v -0.697895 0.500209 0.415612
v -0.705016 0.500604 0.428078
v -0.709569 0.500937 0.441696
v -0.711378 0.501196 0.455941
v -0.710373 0.501371 0.470268
v -0.706595 0.501454 0.484124
v -0.700187 0.501443 0.496977
v -0.691396 0.501339 0.508334
v -0.680559 0.501144 0.517759
v -0.668094 0.500867 0.524888
v -0.654480 0.500518 0.529448
v -0.640238 0.500111 0.531263
v -0.625918 0.499661 0.530265
v -0.612068 0.499186 0.526491
v -0.599222 0.498704 0.520086
v -0.587873 0.498233 0.511297
v -0.578457 0.497791 0.500461
v -0.571336 0.497396 0.487995
v -0.566783 0.497063 0.474377
v -0.564974 0.496804 0.460131
v -0.565978 0.496629 0.445805
v -0.569757 0.496546 0.431949
v -0.576165 0.496557 0.419095
v -0.584956 0.496661 0.407738
v -0.595793 0.496856 0.398314
v -0.608258 0.497133 0.391185
v -0.621872 0.497482 0.386625
v -0.636114 0.497889 0.384809
v -0.672121 0.242063 0.307467
v -0.701694 0.243078 0.315526
v -0.729124 0.244108 0.329202
v -0.753357 0.245113 0.347969
v -0.773463 0.246056 0.371107
v -0.788668 0.246900 0.397726
v -0.798389 0.247611 0.426804
v -0.802252 0.248164 0.457222
v -0.800107 0.248537 0.487812
v -0.792039 0.248716 0.517399
v -0.778356 0.248692 0.544844
v -0.759585 0.248469 0.569095
v -0.736446 0.248053 0.589218
v -0.709830 0.247462 0.604441
v -0.680759 0.246717 0.614177
v -0.650350 0.245848 0.618055
v -0.619772 0.244888 0.615923
v -0.590199 0.243873 0.607864
v -0.562769 0.242843 0.594188
v -0.538536 0.241837 0.575421
v -0.518430 0.240895 0.552283
v -0.503224 0.240051 0.525664
v -0.493504 0.239339 0.496586
v -0.489641 0.238786 0.466168
v -0.491786 0.238413 0.435578
v -0.499854 0.238235 0.405992
v -0.513537 0.238258 0.378546
v -0.532308 0.238482 0.354295
v -0.555447 0.238897 0.334172
v -0.582063 0.239489 0.318950
v -0.611134 0.240233 0.309213
v -0.641543 0.241103 0.305336
v -0.477194 0.031982 0.543124
v -0.465271 0.031108 0.507459
v -0.841337 0.042390 0.496697
v -0.831440 0.042609 0.532987
v -0.460534 0.030430 0.470150
v -0.814657 0.042581 0.566650
v -0.463164 0.029973 0.432629
v -0.791633 0.042307 0.596395
v -0.473060 0.029754 0.396340
v -0.763253 0.041797 0.621077
v -0.489843 0.029783 0.362676
v -0.730607 0.041071 0.639748
v -0.512867 0.030057 0.332932
v -0.694950 0.040158 0.651691
v -0.684355 0.034449 0.275495
v -0.720627 0.035694 0.285379
v -0.541247 0.030566 0.308249
v -0.657651 0.039092 0.656446
v -0.754271 0.036957 0.302153
v -0.573893 0.031292 0.289578
v -0.620145 0.037914 0.653832
v -0.783995 0.038191 0.325172
v -0.609551 0.032205 0.277635
v -0.583873 0.036669 0.643947
v -0.808656 0.039347 0.353552
v -0.646849 0.033271 0.272880
v -0.550229 0.035406 0.627173
v -0.827306 0.040382 0.386202
v -0.520505 0.034173 0.604154
v -0.839229 0.041255 0.421867
v -0.495844 0.033016 0.575774
v -0.843967 0.041933 0.459177
v -0.479015 0.033034 0.542280
v -0.839306 0.043333 0.496344
v -0.683985 0.035476 0.277481
v -0.467219 0.032170 0.506992
v -0.829514 0.043549 0.532249
v -0.462531 0.031499 0.470077
v -0.812909 0.043521 0.565557
v -0.465133 0.031047 0.432954
v -0.790128 0.043250 0.594987
v -0.474925 0.030830 0.397048
v -0.762048 0.042746 0.619408
v -0.491530 0.030858 0.363741
v -0.729747 0.042028 0.637882
v -0.514311 0.031130 0.334311
v -0.694467 0.041124 0.649698
v -0.719873 0.036707 0.287261
v -0.542391 0.031634 0.309890
v -0.657564 0.040069 0.654403
v -0.753161 0.037957 0.303858
v -0.574692 0.032352 0.291416
v -0.620454 0.038904 0.651816
v -0.782571 0.039177 0.326634
v -0.609972 0.033255 0.279600
v -0.584566 0.037672 0.642036
v -0.806971 0.040322 0.354713
v -0.646876 0.034310 0.274894
v -0.551278 0.036422 0.625440
v -0.825424 0.041345 0.387018
v -0.521868 0.035202 0.602664
v -0.837221 0.042209 0.422305
v -0.497468 0.034058 0.574584
v -0.841908 0.042880 0.459220
v -0.684832 0.018769 0.275719
v -0.721104 0.020013 0.285604
v -0.754748 0.021277 0.302378
v -0.784472 0.022510 0.325397
v -0.809133 0.023666 0.353777
v -0.827783 0.024701 0.386427
v -0.839706 0.025574 0.422092
v -0.844444 0.026253 0.459401
v -0.841814 0.026710 0.496922
v -0.831917 0.026929 0.533211
v -0.815134 0.026900 0.566875
v -0.792110 0.026626 0.596619
v -0.763730 0.026116 0.621301
v -0.731084 0.025391 0.639973
v -0.695426 0.024478 0.651915
v -0.658128 0.023411 0.656671
v -0.620622 0.022233 0.654056
v -0.584350 0.020989 0.644172
v -0.550706 0.019726 0.627398
v -0.520982 0.018492 0.604378
v -0.496321 0.017336 0.575999
v -0.477671 0.016301 0.543349
v -0.465748 0.015428 0.507684
v -0.461010 0.014750 0.470374
v -0.463641 0.014292 0.432854
v -0.473537 0.014074 0.396564
v -0.490320 0.014102 0.362901
v -0.513344 0.014376 0.333156
v -0.541724 0.014886 0.308474
v -0.574370 0.015611 0.289803
v -0.610028 0.016525 0.277860
v -0.647326 0.017591 0.273104
v -0.498512 0.059369 0.626253
v -0.469880 0.058027 0.593303
v -0.868566 0.067592 0.414609
v -0.874066 0.068379 0.457928
v -0.448226 0.056825 0.555395
v -0.871012 0.068910 0.501491
v -0.434383 0.055811 0.513986
v -0.859522 0.069164 0.543624
v -0.428882 0.055024 0.470668
v -0.840037 0.069131 0.582710
v -0.431936 0.054493 0.427105
v -0.813305 0.068813 0.617244
v -0.443426 0.054239 0.384971
v -0.780354 0.068221 0.645901
v -0.462912 0.054272 0.345886
v -0.742450 0.067379 0.667580
v -0.489644 0.054590 0.311351
v -0.701050 0.066319 0.681446
v -0.688749 0.059690 0.244664
v -0.730863 0.061135 0.256141
v -0.522595 0.055182 0.282694
v -0.657745 0.065081 0.686967
v -0.769925 0.062602 0.275616
v -0.560498 0.056024 0.261016
v -0.614199 0.063713 0.683931
v -0.804436 0.064034 0.302343
v -0.601898 0.057085 0.247150
v -0.572086 0.062268 0.672455
v -0.833069 0.065377 0.335293
v -0.645203 0.058323 0.241629
v -0.533023 0.060801 0.652980
v -0.854722 0.066578 0.373201
v -0.672452 0.608140 0.427757
v -0.676815 0.608155 0.436160
v -0.679526 0.607978 0.445695
v -0.680592 0.607962 0.455068
v -0.679958 0.608047 0.464076
v -0.677667 0.608128 0.472729
v -0.674147 0.608321 0.480813
v -0.669683 0.608683 0.488034
v -0.663537 0.608818 0.493997
v -0.655146 0.608389 0.498361
v -0.645630 0.607743 0.501071
v -0.636268 0.607290 0.502139
v -0.627266 0.606981 0.501508
v -0.618556 0.606707 0.499138
v -0.610058 0.606572 0.495045
v -0.601943 0.606640 0.489348
v -0.595447 0.606581 0.482462
v -0.591626 0.606118 0.474810
v -0.589819 0.605549 0.466527
v -0.589175 0.605220 0.457737
v -0.589869 0.605089 0.448813
v -0.592241 0.605063 0.440100
v -0.596329 0.605250 0.431600
v -0.602009 0.605701 0.423486
v -0.608885 0.606054 0.416988
v -0.616546 0.605995 0.413159
v -0.624845 0.605827 0.411342
v -0.633640 0.605901 0.410691
v -0.642562 0.606156 0.411381
v -0.651210 0.606476 0.413668
v -0.659287 0.606955 0.417177
v -0.666497 0.607633 0.421622
v -0.668960 0.272881 0.320151
v -0.696016 0.273809 0.327524
v -0.721112 0.274751 0.340036
v -0.743284 0.275671 0.357207
v -0.761679 0.276534 0.378376
v -0.775591 0.277306 0.402730
v -0.784484 0.277957 0.429333
v -0.788018 0.278463 0.457163
v -0.786056 0.278804 0.485150
v -0.778674 0.278967 0.512219
v -0.766156 0.278946 0.537330
v -0.748982 0.278741 0.559517
v -0.727812 0.278361 0.577928
v -0.703461 0.277820 0.591855
v -0.676863 0.277139 0.600763
v -0.649042 0.276344 0.604310
v -0.621065 0.275465 0.602360
v -0.594009 0.274537 0.594987
v -0.568913 0.273594 0.582475
v -0.546742 0.272674 0.565304
v -0.528347 0.271812 0.544135
v -0.514435 0.271040 0.519781
v -0.505542 0.270389 0.493178
v -0.502008 0.269883 0.465348
v -0.503970 0.269542 0.437361
v -0.511352 0.269378 0.410292
v -0.523870 0.269400 0.385181
v -0.541044 0.269604 0.362994
v -0.562214 0.269984 0.344583
v -0.586565 0.270525 0.330656
v -0.613163 0.271207 0.321748
v -0.640984 0.272002 0.318201
vn 0.2610 -0.5229 -0.8114
vn 0.2705 -0.4574 -0.8471
vn 0.2917 -0.3784 -0.8785
vn 0.3847 -0.3693 -0.8459
vn 0.3786 -0.4420 -0.8132
vn 0.3614 -0.5031 -0.7850
vn -0.7249 -0.4071 0.5556
vn -0.7449 -0.3260 0.5821
vn -0.7940 -0.3367 0.5062
vn -0.7641 -0.4186 0.4907
vn 0.4708 -0.4524 0.7574
vn 0.4024 -0.4601 0.7914
vn 0.3850 -0.5393 0.7490
vn 0.4509 -0.5306 0.7177
vn 0.5157 -0.5092 0.6891
vn 0.5362 -0.4431 0.7184
vn -0.3539 0.4948 0.7937
vn -0.4248 0.4868 0.7632
vn -0.4408 0.3983 0.8044
vn -0.3690 0.4028 0.8376
vn -0.2956 0.4110 0.8624
vn -0.2810 0.4999 0.8193
vn -0.7654 -0.2431 0.5958
vn -0.7780 -0.1661 0.6059
vn -0.8340 -0.1598 0.5282
vn -0.8174 -0.2505 0.5187
vn -0.7163 -0.1624 0.6786
vn -0.7242 -0.0618 0.6868
vn -0.7872 -0.0630 0.6135
vn -0.7246 0.0322 0.6885
vn -0.7880 0.0331 0.6148
vn -0.8443 0.0337 0.5349
vn -0.8431 -0.0648 0.5338
vn -0.7182 0.1283 0.6839
vn -0.7811 0.1313 0.6104
vn -0.7049 0.2245 0.6728
vn -0.7662 0.2300 0.6001
vn -0.8202 0.2357 0.5212
vn -0.8368 0.1344 0.5307
vn -0.6847 0.3187 0.6555
vn -0.7430 0.3270 0.5839
vn -0.6585 0.4087 0.6319
vn -0.7058 0.4193 0.5710
vn -0.7588 0.4323 0.4872
vn -0.7942 0.3357 0.5065
vn 0.6264 0.3443 -0.6994
vn 0.5958 0.4352 -0.6750
vn 0.6483 0.4441 -0.6184
vn 0.6967 0.4504 -0.5584
vn 0.7295 0.3592 -0.5821
vn 0.6816 0.3497 -0.6428
vn 0.7896 0.5537 0.2646
vn 0.7694 0.5394 0.3422
vn 0.8147 0.4531 0.3619
vn 0.8405 0.4582 0.2892
vn 0.8590 0.4727 0.1965
vn 0.8002 0.5691 0.1891
vn -0.6675 0.5077 0.5446
vn -0.7146 0.5244 0.4631
vn -0.8363 -0.3456 0.4256
vn -0.7984 -0.4288 0.4227
vn -0.8716 -0.3529 0.3402
vn -0.8355 -0.4391 0.3302
vn -0.7572 -0.5094 0.4089
vn -0.7881 -0.5203 0.3290
vn -0.8624 -0.2570 0.4360
vn -0.8809 -0.1640 0.4440
vn -0.9197 -0.1677 0.3549
vn -0.8997 -0.2625 0.3486
vn -0.8912 -0.0668 0.4486
vn -0.8928 0.0339 0.4492
vn -0.9329 0.0339 0.3587
vn -0.9310 -0.0687 0.3584
vn -0.8848 0.1370 0.4454
vn -0.8666 0.2408 0.4370
vn -0.9050 0.2447 0.3480
vn -0.9244 0.1388 0.3552
vn -0.8380 0.3434 0.4240
vn -0.7989 0.4427 0.4071
vn -0.8324 0.4506 0.3227
vn -0.8743 0.3494 0.3370
vn -0.7502 0.5364 0.3866
vn -0.0994 0.6207 0.7777
vn -0.1792 0.6072 0.7740
vn -0.1881 0.5137 0.8371
vn -0.1038 0.5233 0.8458
vn -0.0168 0.5309 0.8473
vn -0.0174 0.6283 0.7778
vn -0.7800 0.5464 0.3051
vn -0.8618 -0.4451 0.2433
vn -0.8161 -0.5283 0.2343
vn -0.8994 -0.3578 0.2511
vn -0.9192 -0.3601 0.1593
vn -0.8809 -0.4477 0.1536
vn -0.8345 -0.5312 0.1465
vn -0.9288 -0.2664 0.2575
vn -0.9499 -0.1705 0.2620
vn -0.9709 -0.1720 0.1664
vn -0.9493 -0.2684 0.1636
vn -0.9619 -0.0703 0.2644
vn -0.9639 0.0335 0.2642
vn -0.9854 0.0327 0.1669
vn -0.9833 -0.0715 0.1675
vn -0.9551 0.1397 0.2612
vn -0.9348 0.2468 0.2553
vn -0.9557 0.2470 0.1599
vn -0.9765 0.1394 0.1644
vn -0.9026 0.3528 0.2465
vn -0.8588 0.4553 0.2349
vn -0.8779 0.4564 0.1448
vn -0.9228 0.3535 0.1534
vn -0.8043 0.5516 0.2211
vn 0.6902 -0.7236 -0.0001
vn 0.7510 -0.6600 -0.0212
vn 0.7531 -0.6547 0.0654
vn 0.7523 -0.6441 0.1382
vn 0.6958 -0.7035 0.1445
vn -0.8220 0.5534 0.1344
vn -0.8925 -0.4467 0.0626
vn -0.8461 -0.5299 0.0575
vn -0.9308 -0.3595 0.0661
vn -0.9340 -0.3562 -0.0273
vn -0.8964 -0.4424 -0.0282
vn -0.8509 -0.5237 -0.0413
vn -0.9610 -0.2682 0.0682
vn -0.9826 -0.1723 0.0691
vn -0.9848 -0.1712 -0.0285
vn -0.9636 -0.2660 -0.0276
vn -0.9950 -0.0721 0.0690
vn -0.9972 0.0317 0.0680
vn -0.9990 0.0303 -0.0314
vn -0.9969 -0.0723 -0.0299
vn -0.9882 0.1379 0.0661
vn -0.9675 0.2451 0.0630
vn -0.9699 0.2412 -0.0342
vn -0.9903 0.1353 -0.0328
vn -0.9345 0.3511 0.0589
vn -0.8896 0.4536 0.0535
vn -0.8936 0.4473 -0.0380
vn -0.9376 0.3459 -0.0359
vn -0.8339 0.5500 0.0469
vn 0.2320 0.6282 0.7427
vn 0.1496 0.6322 0.7602
vn 0.1583 0.5336 0.8308
vn 0.2447 0.5282 0.8131
vn 0.3285 0.5196 0.7888
vn 0.3124 0.6174 0.7219
vn -0.8386 0.5432 -0.0404
vn -0.8918 -0.4339 -0.1280
vn -0.8481 -0.5144 -0.1270
vn -0.9289 -0.3506 -0.1196
vn -0.9155 -0.3432 -0.2099
vn -0.8820 -0.4250 -0.2036
vn -0.2232 -0.4296 0.8750
vn -0.2971 -0.4157 0.8596
vn -0.2916 -0.4827 0.8258
vn -0.2225 -0.5085 0.8318
vn -0.1507 -0.5217 0.8397
vn -0.1481 -0.4420 0.8847
vn -0.9572 -0.2622 -0.1225
vn -0.9776 -0.1692 -0.1255
vn -0.9610 -0.1666 -0.2206
vn -0.9420 -0.2572 -0.2155
vn -0.9891 -0.0721 -0.1282
vn -0.9911 0.0286 -0.1301
vn -0.9736 0.0267 -0.2269
vn -0.9718 -0.0718 -0.2245
vn -0.9826 0.1317 -0.1310
vn -0.9630 0.2356 -0.1308
vn -0.9470 0.2289 -0.2256
vn -0.9655 0.1274 -0.2272
vn -0.9320 0.3383 -0.1299
vn -0.8898 0.4378 -0.1285
vn -0.8783 0.4259 -0.2172
vn -0.9178 0.3290 -0.2221
vn -0.8374 0.5317 -0.1269
vn 0.1362 0.5910 -0.7951
vn 0.2151 0.5729 -0.7909
vn 0.2182 0.4772 -0.8513
vn 0.1347 0.4917 -0.8603
vn 0.0483 0.5045 -0.8621
vn 0.0549 0.6035 -0.7954
vn -0.8289 0.5182 -0.2107
vn -0.8942 -0.3340 -0.2979
vn -0.8664 -0.4147 -0.2780
vn 0.6313 -0.4471 -0.6337
vn 0.6621 -0.3749 -0.6489
vn 0.7232 -0.3872 -0.5719
vn 0.6984 -0.4661 -0.5431
vn 0.6661 -0.5311 -0.5237
vn 0.6087 -0.5081 -0.6093
vn -0.9184 -0.2513 -0.3055
vn -0.9338 -0.1745 -0.3122
vn 0.8726 -0.3791 0.3081
vn 0.9017 -0.2978 0.3134
vn 0.9218 -0.2219 0.3179
vn 0.8878 -0.2151 0.4068
vn 0.8643 -0.2989 0.4047
vn 0.8403 -0.3653 0.4007
vn -0.9453 -0.0716 -0.3182
vn -0.9468 0.0245 -0.3210
vn -0.9112 0.0221 -0.4114
vn -0.9100 -0.0718 -0.4083
vn -0.8996 -0.1723 -0.4013
vn -0.9391 0.1228 -0.3208
vn -0.9219 0.2216 -0.3177
vn -0.8881 0.2146 -0.4065
vn -0.9040 0.1182 -0.4108
vn -0.8950 0.3188 -0.3119
vn -0.8559 0.4112 -0.3135
vn -0.8314 0.3993 -0.3865
vn -0.8635 0.3091 -0.3985
vn -0.8114 0.4999 -0.3029
vn -0.6215 0.6000 0.5037
vn -0.6555 0.6169 0.4357
vn -0.6196 0.5002 0.6049
vn -0.5779 0.5837 0.5704
vn 0.3826 0.4495 -0.8072
vn 0.4529 0.4381 -0.7765
vn 0.4635 0.3476 -0.8151
vn 0.3921 0.3555 -0.8485
vn 0.3193 0.3675 -0.8735
vn 0.3101 0.4582 -0.8330
vn -0.4261 -0.5871 0.6883
vn -0.4420 -0.5115 0.7369
vn -0.5094 -0.4964 0.7029
vn -0.5640 -0.5090 0.6502
vn -0.5291 -0.5816 0.6178
vn -0.4509 -0.6300 0.6323
vn -0.6052 -0.3771 0.7011
vn -0.6568 -0.3896 0.6457
vn -0.6379 -0.4526 0.6231
vn -0.6064 -0.5334 0.5897
vn -0.5413 -0.3779 0.7512
vn 0.6860 -0.6665 0.2917
vn 0.7393 -0.6076 0.2904
vn 0.7313 -0.5773 0.3631
vn 0.7129 -0.5510 0.4339
vn 0.6647 -0.6208 0.4156
vn -0.7910 -0.2639 -0.5519
vn -0.7364 -0.2684 -0.6210
vn -0.7076 -0.3924 -0.5876
vn -0.7576 -0.3895 -0.5237
vn 0.6830 -0.4177 0.5992
vn 0.7193 -0.2948 0.6290
vn 0.6573 -0.2884 0.6962
vn 0.6434 -0.3553 0.6781
vn 0.6270 -0.4286 0.6505
vn -0.5639 -0.2517 0.7866
vn -0.5746 -0.1506 0.8045
vn -0.6492 -0.1503 0.7456
vn -0.6330 -0.2522 0.7319
vn -0.7002 -0.2475 0.6697
vn -0.5788 -0.0624 0.8130
vn -0.6545 -0.0615 0.7535
vn -0.5785 0.0296 0.8152
vn -0.6545 0.0310 0.7554
vn -0.5730 0.1235 0.8102
vn -0.6487 0.1256 0.7506
vn -0.5624 0.2174 0.7978
vn -0.6368 0.2201 0.7390
vn -0.5467 0.3088 0.7783
vn -0.6191 0.3122 0.7206
vn -0.5267 0.3950 0.7527
vn -0.6037 0.4016 0.6887
vn -0.5000 0.4849 0.7176
vn -0.5677 0.4897 0.6617
vn 0.7508 0.5373 0.3842
vn 0.7178 0.5848 0.3779
vn 0.6870 0.5562 0.4676
vn 0.7381 0.4442 0.5078
vn 0.7838 0.4453 0.4327
vn -0.3678 0.6223 0.6910
vn -0.3594 0.6867 0.6319
vn -0.3865 0.7292 0.5648
vn -0.4598 0.6888 0.5605
vn -0.5146 0.6253 0.5867
vn -0.4580 0.5938 0.6616
vn 0.6790 0.6904 0.2495
vn 0.6616 0.6519 0.3705
vn 0.7330 0.6314 0.2530
vn -0.5770 0.6110 -0.5420
vn -0.4628 0.6556 -0.5966
vn -0.4946 0.5797 -0.6476
vn -0.5615 0.5664 -0.6033
vn -0.5951 0.5646 -0.5719
vn -0.5747 -0.6755 -0.4620
vn -0.5168 -0.6948 -0.5002
vn -0.4529 -0.7171 -0.5298
vn -0.4400 -0.7810 -0.4432
vn -0.5037 -0.7572 -0.4159
vn -0.5789 -0.7174 -0.3877
vn 0.2623 -0.6678 -0.6966
vn 0.2780 -0.7209 -0.6348
vn 0.2067 -0.7387 -0.6415
vn 0.1264 -0.7523 -0.6466
vn 0.1136 -0.6980 -0.7070
vn -0.6237 0.7814 0.0194
vn -0.6365 0.7599 -0.1321
vn -0.6977 0.7049 -0.1281
vn -0.6871 0.7260 0.0283
vn -0.3276 0.6862 -0.6495
vn -0.1760 0.7002 -0.6919
vn -0.1940 0.6196 -0.7605
vn -0.2749 0.6144 -0.7396
vn -0.3522 0.6070 -0.7123
vn 0.2078 0.7646 0.6101
vn 0.0537 0.7696 0.6362
vn 0.0600 0.7129 0.6987
vn 0.2188 0.7077 0.6718
vn 0.7029 0.6804 -0.2072
vn 0.7299 0.6819 -0.0484
vn 0.7984 0.5995 -0.0555
vn 0.7879 0.5999 -0.1392
vn 0.7702 0.5980 -0.2217
vn -0.5541 -0.8034 -0.2178
vn -0.5775 -0.7937 -0.1915
vn -0.5806 -0.7549 -0.3050
vn -0.5081 -0.7989 -0.3217
vn -0.4826 -0.8111 -0.3305
vn -0.7723 -0.3163 -0.5509
vn -0.8957 -0.2394 -0.3746
vn 0.3693 0.6833 0.6299
vn 0.3891 0.6047 0.6950
vn 0.1437 0.7285 -0.6698
vn 0.2807 0.6894 -0.6678
vn 0.2816 0.6312 -0.7227
vn 0.1387 0.6708 -0.7285
vn 0.5023 0.6431 0.5780
vn 0.4622 0.5862 0.6654
vn 0.5294 0.5668 0.6312
vn -0.5498 0.6764 -0.4901
vn -0.4402 0.7131 -0.5456
vn -0.6524 0.5833 -0.4839
vn -0.6813 0.6163 -0.3951
vn -0.6211 0.6801 -0.3896
vn -0.5533 0.7202 -0.4185
vn -0.3326 0.8128 0.4783
vn -0.2730 0.8309 0.4848
vn -0.2879 0.8678 0.4050
vn -0.2876 0.8948 0.3415
vn -0.3741 0.8567 0.3553
vn -0.4477 0.8142 0.3696
vn -0.4201 0.7952 0.4371
vn -0.4074 0.7720 0.4879
vn -0.7983 0.3911 -0.4580
vn -0.7557 0.4796 -0.4460
vn -0.7102 0.4736 -0.5210
vn -0.7467 0.3832 -0.5437
vn -0.8231 0.3012 -0.4815
vn -0.8456 0.2088 -0.4913
vn -0.7738 0.2965 -0.5598
vn -0.7947 0.2049 -0.5713
vn -0.8604 0.1141 -0.4967
vn -0.8672 0.0195 -0.4976
vn -0.8086 0.1108 -0.5778
vn -0.8151 0.0168 -0.5791
vn -0.8663 -0.0729 -0.4942
vn -0.8584 -0.1616 -0.4869
vn -0.8145 -0.0751 -0.5753
vn -0.8073 -0.1632 -0.5671
vn -0.8812 -0.2573 -0.3967
vn -0.8383 -0.2633 -0.4775
vn 0.7740 -0.2956 0.5599
vn 0.7330 -0.4197 0.5353
vn 0.5566 0.6838 -0.4718
vn 0.6046 0.7192 -0.3423
vn 0.6601 0.6603 -0.3581
vn 0.6066 0.6246 -0.4918
vn 0.6016 -0.4902 0.6307
vn 0.5648 -0.5689 0.5978
vn 0.6263 -0.5466 0.5559
vn 0.6795 -0.5355 0.5015
vn -0.3037 -0.6374 0.7082
vn -0.2994 -0.5692 0.7658
vn -0.3717 -0.5381 0.7565
vn -0.7113 -0.5073 -0.4865
vn -0.6588 -0.5232 -0.5406
vn -0.6276 -0.5947 -0.5025
vn -0.6428 -0.6392 -0.4222
vn -0.6980 -0.5944 -0.3993
vn -0.7454 -0.5188 -0.4185
vn 0.5459 -0.6803 -0.4890
vn 0.6039 -0.6149 -0.5071
vn 0.6371 -0.6327 -0.4403
vn 0.6666 -0.6487 -0.3672
vn 0.6071 -0.7119 -0.3530
vn 0.6937 -0.5549 -0.4592
vn 0.5724 -0.5859 -0.5737
vn -0.3134 -0.3347 0.8887
vn -0.3173 -0.2521 0.9142
vn -0.3206 -0.1754 0.9309
vn -0.4094 -0.1687 0.8966
vn -0.4086 -0.2534 0.8768
vn -0.4057 -0.3209 0.8558
vn 0.1180 -0.5537 -0.8243
vn 0.1905 -0.5447 -0.8167
vn 0.1891 -0.6236 -0.7585
vn 0.1100 -0.6375 -0.7626
vn 0.0368 -0.6448 -0.7635
vn 0.0321 -0.5618 -0.8267
vn -0.7191 -0.6829 0.1283
vn -0.7801 -0.6103 0.1380
vn -0.7897 -0.6123 0.0394
vn -0.7327 -0.6803 0.0200
vn -0.7915 -0.6093 -0.0473
vn -0.7605 0.6483 0.0377
vn -0.7676 0.6393 -0.0453
vn -0.7499 0.6504 0.1213
vn -0.7297 -0.6060 0.3166
vn -0.7566 -0.6105 0.2342
vn -0.6965 -0.6780 0.2348
vn 0.3544 0.7399 0.5718
vn 0.8154 -0.5611 0.1424
vn 0.8080 -0.5487 0.2145
vn 0.7486 -0.6266 0.2166
vn 0.8176 -0.5730 0.0570
vn -0.3906 -0.4576 0.7988
vn -0.2260 -0.5890 0.7759
vn 0.8032 -0.5237 0.2840
vn 0.8399 -0.4585 0.2905
vn 0.8064 -0.4376 0.3978
vn 0.7772 -0.4991 0.3833
vn -0.5628 -0.4301 -0.7059
vn -0.5880 -0.3495 -0.7295
vn -0.5123 -0.3636 -0.7780
vn -0.4981 -0.4444 -0.7446
vn 0.7369 -0.4781 -0.4779
vn 0.7705 -0.4885 -0.4096
vn 0.7245 -0.5660 -0.3935
vn 0.6700 -0.2041 0.7138
vn 0.5971 -0.2055 0.7754
vn 0.5837 -0.2817 0.7615
vn 0.5663 -0.3636 0.7397
vn -0.6004 -0.2674 -0.7537
vn -0.6092 -0.1909 -0.7697
vn -0.5315 -0.1884 -0.8259
vn -0.5234 -0.2784 -0.8053
vn -0.6818 -0.1834 -0.7082
vn -0.6884 -0.0830 -0.7206
vn -0.6151 -0.0883 -0.7835
vn -0.6885 0.0109 -0.7251
vn -0.6150 0.0077 -0.7885
vn -0.5350 0.0045 -0.8448
vn -0.5356 -0.0938 -0.8393
vn -0.6824 0.1070 -0.7231
vn -0.6090 0.1061 -0.7861
vn -0.6698 0.2036 -0.7141
vn -0.5970 0.2052 -0.7755
vn -0.5181 0.2072 -0.8298
vn -0.5293 0.1054 -0.8419
vn -0.6509 0.2983 -0.6981
vn -0.5793 0.3029 -0.7568
vn -0.6259 0.3889 -0.6760
vn -0.5648 0.3965 -0.7237
vn -0.4809 0.4058 -0.7772
vn -0.5018 0.3080 -0.8083
vn -0.2965 -0.8118 -0.5030
vn -0.2843 -0.8229 -0.4920
vn -0.4708 -0.2364 -0.8499
vn -0.6161 -0.3065 -0.7256
vn -0.3784 -0.7958 -0.4728
vn -0.2550 0.5926 0.7641
vn -0.3328 0.5787 0.7446
vn -0.5370 0.4861 -0.6895
vn -0.4552 0.4993 -0.7372
vn -0.4318 -0.3757 -0.8200
vn -0.4303 -0.4572 -0.7783
vn -0.3467 -0.3859 -0.8549
vn -0.3380 -0.4706 -0.8150
vn -0.4177 -0.5361 -0.7336
vn -0.3380 -0.5496 -0.7640
vn -0.4409 -0.2883 -0.8500
vn -0.4473 -0.1961 -0.8726
vn -0.3584 -0.2029 -0.9113
vn -0.3536 -0.2968 -0.8870
vn -0.4504 -0.0993 -0.8873
vn -0.4495 0.0012 -0.8933
vn -0.3589 -0.0021 -0.9334
vn -0.3603 -0.1045 -0.9270
vn -0.4440 0.1045 -0.8899
vn -0.4339 0.2088 -0.8764
vn -0.3449 0.2095 -0.9150
vn -0.3538 0.1031 -0.9296
vn -0.4192 0.3124 -0.8524
vn -0.4007 0.4130 -0.8178
vn -0.3162 0.4181 -0.8516
vn -0.3322 0.3153 -0.8890
vn -0.3786 0.5085 -0.7733
vn 0.4095 0.5065 0.7588
vn 0.4854 0.4916 0.7230
vn -0.2970 0.5158 -0.8036
vn -0.2512 -0.4792 -0.8410
vn -0.2435 -0.5604 -0.7916
vn -0.2577 -0.3936 -0.8825
vn -0.1659 -0.3982 -0.9022
vn -0.1616 -0.4841 -0.8600
vn -0.1558 -0.5656 -0.8099
vn -0.2626 -0.3035 -0.9159
vn -0.2656 -0.2085 -0.9413
vn -0.1700 -0.2126 -0.9622
vn -0.1687 -0.3079 -0.9364
vn -0.2663 -0.1090 -0.9577
vn -0.2645 -0.0054 -0.9644
vn -0.1673 -0.0087 -0.9859
vn -0.1696 -0.1126 -0.9791
vn -0.2598 0.1011 -0.9604
vn -0.2522 0.2089 -0.9449
vn -0.1568 0.2066 -0.9658
vn -0.1631 0.0983 -0.9817
vn -0.2416 0.3161 -0.9175
vn -0.2284 0.4202 -0.8782
vn -0.1383 0.4190 -0.8974
vn -0.1485 0.3143 -0.9376
vn -0.2129 0.5186 -0.8281
vn 0.8540 0.4984 -0.1495
vn 0.8361 0.4951 -0.2360
vn 0.8115 0.4890 -0.3199
vn 0.7491 0.5895 -0.3023
vn -0.1263 0.5182 -0.8459
vn -0.0706 -0.4851 -0.8716
vn -0.0668 -0.5662 -0.8215
vn -0.0727 -0.3996 -0.9138
vn 0.0207 -0.3980 -0.9172
vn 0.0203 -0.4824 -0.8757
vn -0.0734 -0.3097 -0.9480
vn -0.0728 -0.2149 -0.9739
vn 0.0249 -0.2155 -0.9762
vn 0.0224 -0.3092 -0.9507
vn -0.0711 -0.1154 -0.9908
vn -0.0684 -0.0118 -0.9976
vn 0.0309 -0.0149 -0.9994
vn 0.0278 -0.1172 -0.9927
vn -0.0647 0.0947 -0.9934
vn -0.0600 0.2026 -0.9774
vn 0.0372 0.1970 -0.9797
vn 0.0341 0.0904 -0.9953
vn -0.0541 0.3099 -0.9492
vn -0.0470 0.4142 -0.9090
vn 0.0444 0.4062 -0.9127
vn 0.0406 0.3031 -0.9521
vn -0.0388 0.5129 -0.8576
vn -0.0111 -0.6922 0.7217
vn 0.0113 -0.6260 0.7797
vn -0.0752 -0.6192 0.7816
vn -0.1478 -0.6075 0.7804
vn -0.1562 -0.6733 0.7227
vn 0.1202 -0.4753 -0.8716
vn 0.1131 -0.3936 -0.9123
vn 0.2035 -0.3871 -0.8993
vn 0.1960 -0.4672 -0.8622
vn -0.8338 -0.4819 -0.2696
vn -0.8401 -0.5045 -0.1994
vn 0.1173 -0.3066 -0.9446
vn 0.1219 -0.2147 -0.9690
vn 0.2170 -0.2130 -0.9527
vn 0.2104 -0.3025 -0.9296
vn 0.1261 -0.1183 -0.9849
vn 0.1296 -0.0178 -0.9914
vn 0.2264 -0.0205 -0.9738
vn 0.2225 -0.1187 -0.9677
vn 0.1321 0.0855 -0.9875
vn 0.1337 0.1902 -0.9726
vn 0.2283 0.1827 -0.9563
vn 0.2284 0.0805 -0.9702
vn 0.1344 0.2942 -0.9462
vn 0.1347 0.3955 -0.9085
vn 0.2232 0.3827 -0.8965
vn 0.2265 0.2841 -0.9317
vn 0.8046 0.5836 0.1095
vn 0.8682 0.4833 0.1124
vn 0.8701 0.4922 0.0255
vn 0.8051 0.5925 0.0277
vn -0.4040 -0.3947 0.8252
vn 0.3006 -0.2970 -0.9063
vn 0.3085 -0.2211 -0.9252
vn -0.6742 -0.2677 -0.6883
vn -0.6644 -0.3348 -0.6682
vn 0.3161 -0.1188 -0.9412
vn 0.3204 -0.0230 -0.9470
vn 0.4108 -0.0252 -0.9114
vn 0.4062 -0.1190 -0.9060
vn 0.3976 -0.2188 -0.8911
vn 0.3219 0.0755 -0.9438
vn 0.3204 0.1750 -0.9310
vn 0.4091 0.1682 -0.8969
vn 0.4118 0.0711 -0.9085
vn 0.3161 0.2735 -0.9085
vn 0.4026 0.2637 -0.8766
vn -0.4730 -0.3798 0.7950
vn 0.4884 -0.6333 -0.6003
vn 0.5315 -0.5608 -0.6349
vn 0.5469 -0.3079 -0.7786
vn 0.6159 -0.3110 -0.7238
vn 0.5805 -0.4331 -0.6895
vn 0.5167 -0.4314 -0.7396
vn -0.8318 -0.3990 -0.3858
vn -0.8613 -0.3249 -0.3908
vn -0.8014 -0.3877 -0.4554
vn -0.7486 -0.1672 -0.6416
vn -0.7550 -0.0786 -0.6510
vn -0.7554 0.0139 -0.6551
vn -0.7491 0.1085 -0.6535
vn -0.7359 0.2033 -0.6458
vn -0.7161 0.2958 -0.6323
vn -0.6827 0.3852 -0.6209
vn -0.6543 0.4744 -0.5889
vn -0.3748 0.5765 0.7261
vn -0.6525 -0.4081 -0.6386
vn -0.6308 -0.4706 -0.6169
vn -0.5988 -0.5504 -0.5818
vn 0.6135 0.5901 0.5248
vn 0.5954 0.5482 0.5873
vn 0.6288 0.5435 0.5561
vn -0.5136 0.7296 0.4515
vn -0.5595 0.7641 0.3211
vn -0.6185 0.7091 0.3385
vn -0.5671 0.6741 0.4732
vn -0.6935 0.6673 -0.2715
vn -0.7547 0.5928 -0.2811
vn -0.7644 0.6110 -0.2060
vn -0.7678 0.6281 -0.1268
vn 0.6700 0.7412 -0.0412
vn 0.6816 0.7233 0.1108
vn 0.7393 0.6646 0.1085
vn 0.5503 -0.8291 0.0991
vn 0.5489 -0.8148 0.1865
vn 0.8807 -0.3327 0.3373
vn 0.9516 -0.2622 0.1604
vn 0.5344 -0.8403 0.0913
vn -0.5976 0.7828 0.1736
vn -0.6601 0.7275 0.1871
vn -0.7323 0.6498 0.2038
vn -0.0986 0.7547 0.6486
vn -0.0971 0.6986 0.7089
vn 0.7217 0.5792 -0.3792
vn -0.2377 0.7240 0.6475
vn -0.2421 0.6676 0.7041
vn -0.4263 0.5939 -0.6823
vn -0.5467 0.5799 0.6040
vn 0.5004 0.6432 -0.5796
vn 0.5512 0.5758 -0.6039
vn 0.4926 0.5457 -0.6779
vn 0.4043 0.5788 -0.7082
vn 0.3999 0.6453 -0.6509
vn 0.4295 0.6879 -0.5851
vn 0.6261 0.4627 0.6277
vn 0.6824 0.4505 0.5757
vn 0.5279 0.4329 -0.7307
vn 0.5491 0.3406 -0.7632
vn 0.4855 0.2563 -0.8358
vn 0.4938 0.1629 -0.8542
vn 0.5637 0.2526 -0.7864
vn 0.5738 0.1600 -0.8032
vn 0.4977 0.0676 -0.8647
vn 0.4971 -0.0272 -0.8673
vn 0.5788 0.0653 -0.8129
vn 0.5785 -0.0290 -0.8152
vn 0.4922 -0.1195 -0.8623
vn 0.4835 -0.2076 -0.8504
vn 0.5733 -0.1207 -0.8104
vn 0.5636 -0.2082 -0.7993
vn -0.4895 -0.2551 0.8338
vn 0.3917 -0.3027 -0.8689
vn 0.4724 -0.3081 -0.8258
vn 0.7768 -0.4225 0.4670
vn 0.8212 -0.2999 0.4855
vn -0.7186 -0.6388 -0.2748
vn -0.7751 -0.5696 -0.2735
vn -0.7654 -0.5420 -0.3471
vn 0.4777 -0.5464 -0.6880
vn 0.4259 -0.6743 -0.6033
vn 0.3880 -0.6280 -0.6745
vn 0.4095 -0.5583 -0.7216
vn 0.4306 -0.6106 0.6647
vn 0.4978 -0.5953 0.6307
vn -0.3842 -0.6816 -0.6227
vn -0.3952 -0.6209 -0.6770
vn -0.3270 -0.6328 -0.7019
vn -0.2447 -0.6398 -0.7285
vn -0.2463 -0.7046 -0.6655
vn -0.0654 -0.5349 0.8424
vn -0.1399 -0.7122 -0.6879
vn -0.1485 -0.6423 -0.7520
vn -0.0500 -0.6462 -0.7615
vn -0.0318 -0.7117 -0.7018
vn -0.0279 0.6142 -0.7887
vn -0.1115 0.6181 -0.7781
vn 0.2636 -0.6080 -0.7489
vn -0.7855 -0.5859 -0.1992
vn -0.7902 -0.6009 -0.1204
vn -0.8064 -0.4617 -0.3696
vn -0.5463 -0.4964 -0.6747
vn 0.7716 -0.3986 -0.4957
vn -0.6381 -0.7390 0.2161
vn -0.6169 -0.7276 0.3000
vn -0.5935 -0.7159 0.3678
vn -0.6529 -0.6592 0.3730
vn 0.7487 -0.3061 -0.5880
vn 0.7660 -0.2303 -0.6002
vn 0.8222 -0.2252 -0.5227
vn 0.8002 -0.3145 -0.5106
vn 0.7046 -0.2250 -0.6730
vn 0.7185 -0.1253 -0.6842
vn 0.7814 -0.1283 -0.6107
vn 0.7246 -0.0316 -0.6885
vn 0.7880 -0.0324 -0.6148
vn 0.8443 -0.0330 -0.5349
vn 0.8372 -0.1312 -0.5310
vn 0.7241 0.0648 -0.6866
vn 0.7871 0.0661 -0.6133
vn 0.7167 0.1619 -0.6784
vn 0.7782 0.1658 -0.6058
vn 0.8326 0.1704 -0.5270
vn 0.8430 0.0681 -0.5336
vn 0.7022 0.2577 -0.6637
vn 0.7610 0.2645 -0.5924
vn 0.7832 0.3713 -0.4987
vn 0.8127 0.2722 -0.5152
vn 0.8210 0.3548 0.4473
vn 0.8544 0.3590 0.3756
vn 0.8796 0.3673 0.3024
vn 0.5662 0.4720 0.6757
vn 0.7447 0.4665 -0.4773
vn 0.8134 -0.4078 -0.4148
vn 0.8483 -0.4147 -0.3292
vn 0.8070 -0.4983 -0.3168
vn 0.7547 -0.5764 -0.3133
vn 0.8448 -0.3213 -0.4278
vn 0.8689 -0.2299 -0.4383
vn 0.9075 -0.2334 -0.3491
vn 0.8818 -0.3266 -0.3402
vn 0.8852 -0.1336 -0.4457
vn 0.8928 -0.0332 -0.4492
vn 0.9329 -0.0331 -0.3587
vn 0.9248 -0.1354 -0.3555
vn 0.8911 0.0702 -0.4484
vn 0.8793 0.1751 -0.4429
vn 0.9179 0.1792 -0.3541
vn 0.9308 0.0722 -0.3583
vn 0.8570 0.2796 -0.4330
vn 0.8240 0.3815 -0.4189
vn 0.8579 0.3898 -0.3347
vn 0.8936 0.2858 -0.3461
vn 0.7811 0.4786 -0.4011
vn 0.8330 -0.5034 -0.2297
vn 0.7823 -0.5834 -0.2183
vn 0.8758 -0.4188 -0.2400
vn 0.8955 -0.4197 -0.1481
vn 0.8519 -0.5046 -0.1400
vn 0.8005 -0.5849 -0.1305
vn 0.9107 -0.3296 -0.2489
vn 0.9376 -0.2353 -0.2562
vn 0.9585 -0.2354 -0.1605
vn 0.9311 -0.3301 -0.1550
vn 0.9556 -0.1362 -0.2614
vn 0.9639 -0.0327 -0.2642
vn 0.9854 -0.0320 -0.1670
vn 0.9770 -0.1358 -0.1646
vn 0.9616 0.0739 -0.2643
vn 0.9479 0.1822 -0.2614
vn 0.9688 0.1838 -0.1661
vn 0.9830 0.0751 -0.1675
vn 0.9222 0.2902 -0.2557
vn 0.8846 0.3954 -0.2471
vn 0.9039 0.3979 -0.1570
vn 0.9424 0.2923 -0.1626
vn 0.0659 0.6336 0.7708
vn 0.0706 0.5339 0.8426
vn 0.8636 -0.5017 -0.0491
vn 0.8123 -0.5818 -0.0416
vn 0.9072 -0.4171 -0.0550
vn 0.9107 -0.4114 0.0383
vn 0.8679 -0.4950 0.0417
vn 0.9428 -0.3279 -0.0596
vn 0.9703 -0.2335 -0.0633
vn 0.9726 -0.2299 0.0343
vn 0.9457 -0.3231 0.0360
vn 0.9887 -0.1344 -0.0661
vn 0.9972 -0.0309 -0.0680
vn 0.9991 -0.0296 0.0314
vn 0.9907 -0.1318 0.0328
vn 0.9947 0.0757 -0.0691
vn 0.9805 0.1840 -0.0692
vn 0.9828 0.1827 0.0282
vn 0.9967 0.0758 0.0298
vn 0.9540 0.2919 -0.0681
vn 0.9154 0.3971 -0.0656
vn 0.9191 0.3931 0.0260
vn 0.9569 0.2892 0.0268
vn 0.8657 0.4967 -0.0619
vn -0.7335 -0.6679 -0.1258
vn 0.8639 -0.4834 0.1411
vn 0.9060 -0.4028 0.1304
vn 0.8931 -0.3921 0.2204
vn 0.8547 -0.4718 0.2165
vn -0.7257 -0.4983 0.4743
vn -0.6967 -0.4745 0.5381
vn 0.9396 -0.3162 0.1307
vn 0.9656 -0.2246 0.1311
vn 0.9493 -0.2183 0.2261
vn 0.9248 -0.3077 0.2235
vn 0.9830 -0.1283 0.1310
vn 0.9911 -0.0279 0.1301
vn 0.9736 -0.0260 0.2269
vn 0.9659 -0.1242 0.2273
vn 0.9889 0.0755 0.1280
vn 0.9757 0.1803 0.1249
vn 0.9593 0.1773 0.2197
vn 0.9716 0.0750 0.2243
vn 0.9510 0.2847 0.1210
vn 0.9149 0.3864 0.1167
vn 0.9028 0.3778 0.2057
vn 0.9363 0.2789 0.2134
vn -0.6848 0.6325 0.3618
vn -0.7116 0.6423 0.2846
vn -0.6831 -0.3153 0.6587
vn 0.9395 -0.1197 0.3209
vn 0.9468 -0.0239 0.3209
vn 0.9112 -0.0215 0.4113
vn 0.9043 -0.1153 0.4109
vn 0.9452 0.0747 0.3180
vn 0.9340 0.1742 0.3121
vn 0.8998 0.1718 0.4009
vn 0.9099 0.0748 0.4080
vn 0.9130 0.2727 0.3034
vn 0.8811 0.2673 0.3902
vn -0.5974 0.4817 -0.6412
vn 0.7054 0.3606 0.6102
vn 0.5885 0.3820 0.7126
vn 0.6490 0.3694 0.6651
vn 0.4785 -0.6630 0.5757
vn 0.5905 -0.6205 0.5161
vn 0.6382 -0.2107 -0.7405
vn 0.6833 -0.3086 -0.6617
vn 0.6489 -0.1227 -0.7509
vn 0.6545 -0.0304 -0.7554
vn 0.6545 0.0644 -0.7534
vn 0.6484 0.1598 -0.7444
vn 0.6363 0.2533 -0.7287
vn -0.7171 0.5708 -0.4000
vn -0.7859 0.4912 -0.3755
vn -0.7355 0.5752 -0.3582
vn 0.5903 0.6555 0.4710
vn 0.4832 0.7003 0.5254
vn 0.4085 0.5316 -0.7419
vn 0.3667 0.5359 -0.7605
vn 0.2898 0.5539 -0.7805
vn -0.0074 0.7530 -0.6580
vn -0.0172 0.6950 -0.7188
vn 0.6564 0.5465 -0.5201
vn 0.6913 0.5632 -0.4526
vn 0.6118 0.5309 -0.5864
vn 0.6439 0.7398 -0.1954
vn -0.6360 0.7230 -0.2697
vn 0.5964 0.6969 0.3982
vn 0.7691 0.3525 0.5332
vn 0.8403 0.2643 0.4734
vn 0.8571 0.1710 0.4859
vn 0.7908 0.2649 0.5517
vn 0.8062 0.1725 0.5659
vn 0.8662 0.0758 0.4940
vn 0.8672 -0.0189 0.4976
vn 0.8143 0.0780 0.5751
vn 0.8151 -0.0162 0.5791
vn 0.8607 -0.1113 0.4968
vn 0.8474 -0.1995 0.4921
vn 0.8089 -0.1080 0.5779
vn 0.7964 -0.1956 0.5722
vn 0.9345 0.3173 -0.1615
vn 0.9796 0.1113 -0.1673
vn 0.9932 0.1136 0.0262
vn 0.9473 0.3195 0.0218
vn 0.3376 -0.5811 -0.7405
vn 0.5927 -0.6642 0.4555
vn -0.5929 -0.6245 0.5084
vn -0.6397 -0.5623 0.5240
vn -0.6740 -0.5799 0.4576
vn -0.7044 -0.5963 0.3850
vn -0.4675 -0.6020 -0.6473
vn -0.4829 -0.5226 -0.7026
vn 0.6762 -0.7288 -0.1081
vn 0.7414 -0.6603 -0.1198
vn 0.3420 -0.6897 0.6383
vn 0.3573 -0.6241 0.6948
vn 0.2886 -0.6312 0.7200
vn 0.2060 -0.6324 0.7467
vn 0.2038 -0.6992 0.6852
vn 0.6913 -0.6580 -0.2985
vn 0.7179 -0.6618 -0.2160
vn 0.6535 -0.7258 -0.2149
vn -0.5189 -0.6421 -0.5643
vn -0.5335 -0.5818 -0.6139
vn 0.2828 0.9446 0.1668
vn 0.1394 0.9714 0.1921
vn 0.1628 0.9265 0.3391
vn 0.2381 0.9147 0.3265
vn 0.3056 0.8998 0.3113
vn -0.3093 0.7434 -0.5931
vn -0.2910 0.8098 -0.5095
vn -0.2161 0.8214 -0.5279
vn -0.1435 0.8259 -0.5452
vn -0.1615 0.7580 -0.6319
vn 0.4899 -0.3717 0.7886
vn 0.5198 -0.1966 0.8314
vn 0.5062 -0.2866 0.8134
vn 0.6827 -0.1041 0.7232
vn 0.6093 -0.1030 0.7862
vn 0.6886 -0.0103 0.7251
vn 0.6150 -0.0071 0.7885
vn 0.5350 -0.0038 0.8448
vn 0.5296 -0.1021 0.8421
vn 0.6883 0.0860 0.7204
vn 0.6150 0.0914 0.7832
vn 0.6815 0.1829 0.7086
vn 0.6091 0.1906 0.7699
vn 0.5305 0.1990 0.8240
vn 0.5354 0.0971 0.8390
vn 0.6684 0.2781 0.6898
vn 0.5973 0.2886 0.7483
vn 0.5053 0.3979 0.7657
vn 0.5203 0.2999 0.7996
vn 0.4089 -0.3777 0.8308
vn 0.3233 -0.3817 0.8659
vn 0.3095 -0.4668 0.8284
vn 0.3047 -0.5471 0.7797
vn 0.4233 -0.2901 0.8583
vn 0.4354 -0.1978 0.8782
vn 0.3462 -0.1982 0.9170
vn 0.3357 -0.2923 0.8955
vn 0.4443 -0.1011 0.8902
vn 0.4495 -0.0005 0.8933
vn 0.3590 0.0028 0.9333
vn 0.3541 -0.0996 0.9299
vn 0.4503 0.1027 0.8870
vn 0.4465 0.2071 0.8705
vn 0.3577 0.2143 0.9089
vn 0.3602 0.1080 0.9266
vn 0.4382 0.3106 0.8435
vn 0.4257 0.4112 0.8060
vn 0.3417 0.4223 0.8396
vn 0.3515 0.3199 0.8799
vn 0.2223 -0.4693 0.8546
vn 0.2097 -0.5513 0.8075
vn 0.2340 -0.3831 0.8936
vn 0.1422 -0.3816 0.9133
vn 0.1326 -0.4682 0.8736
vn 0.1218 -0.5506 0.8258
vn 0.2444 -0.2926 0.9245
vn 0.2532 -0.1973 0.9471
vn 0.1576 -0.1949 0.9681
vn 0.1505 -0.2906 0.9449
vn 0.2601 -0.0975 0.9607
vn 0.2645 0.0061 0.9644
vn 0.1673 0.0094 0.9859
vn 0.1633 -0.0947 0.9820
vn 0.2663 0.1125 0.9573
vn 0.2652 0.2201 0.9387
vn 0.1699 0.2242 0.9596
vn 0.1696 0.1162 0.9786
vn 0.2611 0.3269 0.9083
vn 0.2543 0.4305 0.8660
vn 0.1643 0.4353 0.8852
vn 0.1682 0.3314 0.9284
vn 0.0418 -0.4633 0.8852
vn 0.0330 -0.5455 0.8375
vn 0.0491 -0.3770 0.9249
vn -0.0440 -0.3696 0.9281
vn -0.0488 -0.4550 0.8892
vn 0.0552 -0.2863 0.9565
vn 0.0604 -0.1909 0.9797
vn -0.0371 -0.1856 0.9819
vn -0.0403 -0.2799 0.9592
vn 0.0648 -0.0911 0.9937
vn 0.0684 0.0126 0.9976
vn -0.0309 0.0156 0.9994
vn -0.0340 -0.0869 0.9956
vn 0.0712 0.1189 0.9903
vn 0.0730 0.2264 0.9713
vn -0.0243 0.2268 0.9736
vn -0.0276 0.1207 0.9923
vn 0.0737 0.3331 0.9400
vn 0.0729 0.4365 0.8968
vn -0.0188 0.4341 0.9007
vn -0.0213 0.3321 0.9430
vn -0.1360 -0.3598 0.9231
vn -0.2258 -0.3482 0.9098
vn -0.1349 -0.2718 0.9529
vn -0.1338 -0.1791 0.9747
vn -0.2287 -0.1720 0.9582
vn -0.2276 -0.2625 0.9377
vn -0.1322 -0.0822 0.9878
vn -0.1296 0.0185 0.9914
vn -0.2264 0.0212 0.9738
vn -0.2284 -0.0773 0.9705
vn -0.1258 0.1216 0.9846
vn -0.1211 0.2257 0.9666
vn -0.2160 0.2235 0.9505
vn -0.2222 0.1219 0.9673
vn -0.1155 0.3288 0.9373
vn -0.1097 0.4287 0.8967
vn -0.1988 0.4210 0.8850
vn -0.2080 0.3238 0.9230
vn -0.3220 -0.0724 0.9440
vn -0.3204 0.0236 0.9470
vn -0.4108 0.0258 0.9114
vn -0.4119 -0.0681 0.9087
vn -0.3159 0.1219 0.9409
vn -0.3084 0.2207 0.9253
vn -0.3973 0.2183 0.8913
vn -0.4059 0.1219 0.9057
vn -0.2981 0.3180 0.9000
vn -0.3851 0.3127 0.8683
vn 0.4484 -0.4304 -0.7834
vn 0.7376 -0.1939 0.6468
vn 0.7494 -0.1056 0.6536
vn 0.7554 -0.0133 0.6551
vn 0.7549 0.0814 0.6508
vn 0.7475 0.1766 0.6404
vn 0.7333 0.2697 0.6242
vn 0.5804 0.5281 -0.6199
vn -0.0674 0.8269 -0.5582
vn 0.0085 0.8209 -0.5710
vn -0.4683 0.3092 0.8277
vn -0.4823 0.2169 0.8487
vn -0.4919 0.1224 0.8620
vn -0.4971 0.0278 0.8673
vn -0.4978 -0.0647 0.8649
vn -0.4945 -0.1534 0.8555
vn -0.6590 -0.6943 -0.2892
vn -0.6697 -0.7269 -0.1522
vn -0.5312 -0.6800 0.5054
vn -0.4922 -0.6633 0.5637
vn 0.0970 -0.6995 0.7081
vn 0.1098 -0.6283 0.7702
vn -0.0061 0.9762 0.2167
vn -0.1513 0.9588 0.2403
vn -0.1281 0.9141 0.3847
vn -0.0586 0.9244 0.3768
vn 0.0173 0.9313 0.3638
vn -0.0204 -0.8252 -0.5645
vn -0.1093 -0.8246 -0.5551
vn -0.1081 -0.8328 -0.5430
vn -0.0293 -0.8324 -0.5534
vn 0.0516 -0.8246 -0.5633
vn 0.0424 -0.8350 -0.5487
vn 0.5273 -0.8456 -0.0830
vn 0.5394 -0.8420 0.0077
vn 0.5479 -0.8364 0.0170
vn 0.5381 -0.8384 -0.0864
vn -0.5872 -0.7994 -0.1270
vn -0.5843 -0.8067 -0.0884
vn 0.2894 -0.7833 -0.5502
vn 0.3721 -0.7486 -0.5488
vn 0.3985 -0.7871 -0.4709
vn 0.3220 -0.8262 -0.4623
vn 0.4618 0.8544 -0.2381
vn 0.4906 0.8666 -0.0912
vn 0.5714 0.8140 -0.1044
vn 0.5583 0.8098 -0.1804
vn 0.5408 0.8023 -0.2527
vn 0.3656 -0.8230 0.4348
vn 0.3492 -0.8125 0.4667
vn 0.2539 -0.8237 0.5071
vn 0.2906 -0.8184 0.4957
vn -0.1629 -0.8035 0.5725
vn -0.1249 -0.8113 0.5712
vn -0.2272 -0.7937 0.5643
vn -0.2538 -0.8026 0.5398
vn 0.1636 -0.8248 0.5413
vn 0.1853 -0.8181 0.5444
vn 0.0703 -0.8158 0.5740
vn 0.0685 -0.8227 0.5643
vn -0.0288 -0.8185 0.5738
vn -0.0478 -0.8105 0.5838
vn -0.5984 -0.8011 -0.0112
vn -0.5869 -0.8096 0.0080
vn 0.1502 -0.8132 -0.5623
vn 0.3221 -0.3374 -0.8846
vn 0.1488 -0.2568 -0.9549
vn -0.2073 -0.8269 -0.5228
vn -0.2191 -0.8198 -0.5291
vn 0.4531 0.7316 -0.5094
vn 0.4673 0.7554 -0.4593
vn -0.7539 0.5541 -0.3529
vn -0.6590 0.5837 -0.4743
vn -0.6502 0.5971 -0.4699
vn -0.7245 0.5990 -0.3410
vn -0.7727 0.6059 -0.1893
vn -0.7823 0.5928 -0.1912
vn -0.4497 -0.7460 0.4912
vn -0.3574 -0.7922 0.4946
vn -0.3390 -0.7499 0.5681
vn -0.4199 -0.7085 0.5672
vn -0.0882 -0.9442 -0.3172
vn -0.1817 -0.1697 -0.9686
vn -0.3991 0.0303 -0.9164
vn -0.5305 0.0352 -0.8470
vn -0.6501 0.0402 -0.7588
vn -0.8024 -0.1452 -0.5788
vn -0.3005 -0.9359 -0.1839
vn -0.2501 -0.9373 -0.2428
vn -0.2092 -0.9386 -0.2743
vn -0.1632 -0.9407 -0.2974
vn 0.5090 -0.8375 -0.1990
vn 0.5039 -0.8455 -0.1768
vn -0.5866 -0.8015 0.1161
vn -0.5758 -0.8094 0.1151
vn 0.4699 -0.8414 -0.2670
vn 0.4605 -0.8338 -0.3045
vn 0.3992 -0.8347 -0.3793
vn 0.4304 -0.8268 -0.3621
vn 0.0653 0.9674 -0.2446
vn -0.0803 0.9722 -0.2199
vn -0.0546 0.9957 -0.0745
vn 0.0904 0.9910 -0.0991
vn 0.4490 -0.8187 0.3579
vn 0.5377 -0.7784 0.3239
vn 0.5370 -0.7400 0.4050
vn 0.4585 -0.7761 0.4330
vn 0.3464 -0.7057 -0.6180
vn 0.4814 -0.7318 -0.4824
vn -0.3206 -0.6912 0.6477
vn -0.5617 -0.6998 0.4412
vn 0.6234 -0.7179 0.3098
vn 0.6069 -0.6994 0.3775
vn 0.5418 -0.8012 0.2542
vn 0.6298 -0.7390 0.2394
vn 0.0544 -0.7616 -0.6458
vn -0.0322 -0.7696 -0.6377
vn 0.6346 -0.7562 0.1597
vn 0.6336 -0.7686 0.0882
vn -0.1306 -0.7729 -0.6210
vn -0.2285 -0.7632 -0.6044
vn -0.3123 -0.7495 -0.5837
vn 0.6252 -0.7804 0.0021
vn -0.3798 -0.7357 -0.5609
vn 0.4711 -0.7172 0.5136
vn -0.1851 -0.7300 0.6579
vn 0.1835 -0.7590 0.6246
vn 0.2590 -0.7536 0.6041
vn 0.3443 -0.7474 0.5682
vn 0.5345 -0.7664 -0.3562
vn 0.5701 -0.7756 -0.2709
vn 0.5903 -0.7832 -0.1956
vn 0.6082 -0.7879 -0.0962
vn -0.4779 -0.7677 0.4269
vn -0.0933 -0.7421 0.6638
vn -0.0158 -0.7525 0.6584
vn 0.0839 -0.7615 0.6427
vn -0.5656 -0.7987 0.2054
vn -0.5302 -0.8068 0.2605
vn -0.5417 -0.7948 0.2736
vn -0.5598 -0.8056 0.1941
vn 0.0904 0.9311 0.3534
vn 0.1056 0.8861 0.4514
vn 0.2522 0.8703 0.4231
vn 0.7429 -0.0014 -0.6693
vn 0.6349 0.0006 -0.7726
vn 0.4188 -0.1882 -0.8883
vn 0.1138 -0.9506 -0.2887
vn 0.1835 -0.9513 -0.2475
vn 0.2223 -0.9513 -0.2135
vn 0.2539 -0.9517 -0.1727
vn 0.2771 -0.9525 -0.1266
vn 0.2995 -0.9528 -0.0488
vn 0.9633 -0.1947 -0.1850
vn 0.9070 -0.0026 -0.4210
vn 0.8342 -0.0025 -0.5515
vn -0.3383 0.9398 0.0488
vn -0.3241 0.9382 0.1213
vn -0.1763 0.9797 0.0958
vn -0.2010 0.9783 -0.0497
vn -0.3488 0.9369 -0.0243
vn 0.2189 -0.8027 -0.5548
vn -0.6549 -0.7464 0.1178
vn -0.6757 -0.7347 -0.0599
vn -0.6704 -0.7418 0.0180
vn 0.3226 0.7986 -0.5081
vn 0.2324 0.8273 -0.5115
vn 0.2500 0.8745 -0.4155
vn 0.3398 0.8368 -0.4294
vn 0.7055 -0.2920 -0.6458
vn 0.5262 -0.3590 -0.7709
vn 0.2942 -0.8367 -0.4620
vn -0.3116 0.9296 0.1971
vn -0.2965 0.9175 0.2652
vn -0.4370 0.8971 0.0659
vn -0.4089 0.8874 0.2132
vn 0.4051 0.9143 -0.0022
vn 0.4177 0.9056 0.0735
vn 0.5119 0.8571 0.0572
vn 0.3947 0.9157 -0.0754
vn -0.4729 0.8513 -0.2272
vn -0.4590 0.8847 -0.0821
vn -0.3620 0.9268 -0.0998
vn -0.3701 0.9135 -0.1688
vn -0.3868 0.8895 -0.2434
vn 0.3514 0.8898 -0.2910
vn 0.3673 0.9029 -0.2233
vn 0.4251 0.8218 -0.3793
vn 0.3411 0.8655 -0.3667
vn -0.3345 0.8459 -0.4155
vn -0.4202 0.8230 -0.3823
vn -0.4080 0.8613 -0.3027
vn -0.3165 0.8931 -0.3196
vn 0.4251 0.8938 0.1429
vn 0.4298 0.8780 0.2106
vn 0.5249 0.8285 0.1951
vn 0.1831 0.8932 -0.4106
vn 0.2091 0.9406 -0.2675
vn -0.2250 0.9549 -0.1940
vn 0.2354 0.9640 -0.1237
vn -0.0300 0.9971 0.0706
vn 0.3804 0.9130 -0.1478
vn 0.2601 0.9653 0.0219
vn 0.5984 0.7918 0.1223
vn 0.6035 0.7742 0.1906
vn 0.6078 0.7499 0.2611
vn -0.2507 0.9075 -0.3371
vn 0.1151 0.9923 0.0460
vn -0.1065 0.9246 -0.3656
vn -0.1824 0.9177 -0.3528
vn 0.0959 0.8618 -0.4981
vn -0.0519 0.8776 -0.4766
vn -0.0340 0.9244 -0.3800
vn 0.0390 0.9199 -0.3903
vn 0.1143 0.9080 -0.4031
vn 0.6425 -0.2675 0.7181
vn 0.7670 -0.3433 0.5421
vn 0.4484 -0.8305 0.3305
vn 0.2660 0.8215 0.5043
vn 0.3401 0.8049 0.4864
vn 0.4052 0.7896 0.4608
vn 0.3928 0.8338 0.3879
vn -0.1993 0.8715 -0.4481
vn 0.3809 0.8739 0.3020
vn 0.4431 0.8441 0.3019
vn -0.1961 0.8996 0.3901
vn -0.1812 0.8541 0.4874
vn -0.0429 0.8799 0.4731
vn 0.5212 0.8039 0.2864
vn -0.4766 0.7541 -0.4518
vn -0.4262 0.7708 -0.4734
vn 0.3485 0.7270 -0.5916
vn 0.3810 0.7770 -0.5011
vn 0.6035 0.7323 0.3155
vn -0.5493 0.8229 -0.1454
vn -0.5470 0.8089 -0.2156
vn -0.5432 0.7886 -0.2881
vn -0.4743 0.8051 -0.3562
vn -0.5479 0.7644 -0.3398
vn 0.5841 0.8112 -0.0283
vn 0.5915 0.8050 0.0458
vn -0.3576 0.7937 -0.4921
vn 0.1939 0.8309 0.5215
vn 0.1180 0.8369 0.5344
vn 0.0419 0.8359 0.5473
vn -0.5078 -0.7802 0.3654
vn 0.0823 0.8116 -0.5784
vn 0.1581 0.7950 -0.5856
vn -0.4731 0.8270 0.3038
vn 0.9110 -0.4122 0.0167
vn 0.8242 0.5663 0.0079
vn 0.8264 0.5401 0.1591
vn 0.8913 -0.4102 0.1931
vn -0.2485 0.7804 0.5737
vn -0.3032 0.7635 0.5702
vn 0.4718 0.7681 0.4329
vn 0.5215 0.7428 0.4198
vn 0.5138 0.7851 0.3458
vn 0.4960 0.7746 -0.3923
vn 0.5222 0.7877 -0.3270
vn -0.1776 0.8034 0.5683
vn -0.1090 0.8196 0.5625
vn -0.0323 0.8313 0.5549
vn -0.5337 0.8456 0.0046
vn -0.5208 0.8499 0.0806
vn -0.5415 0.8378 -0.0693
vn 0.2949 0.7472 -0.5956
vn -0.5697 -0.5693 -0.5927
vn -0.5215 -0.6649 -0.5348
vn -0.4146 -0.6676 -0.6184
vn -0.2930 -0.6739 -0.6783
vn -0.3189 -0.5792 -0.7502
vn -0.4630 -0.5394 -0.7034
vn -0.5079 0.8470 0.1567
vn -0.4908 0.8406 0.2292
vn 0.2256 0.7745 -0.5909
vn -0.1281 0.5045 -0.8538
vn -0.2904 0.5101 -0.8096
vn -0.4409 0.5158 -0.7345
vn -0.7383 0.6493 -0.1824
vn -0.5985 0.7863 -0.1534
vn -0.6143 0.7885 -0.0293
vn -0.7575 0.6520 -0.0312
vn -0.9325 0.0647 0.3555
vn -0.7863 0.5411 0.2984
vn -0.7112 0.5409 0.4490
vn -0.8693 0.0648 0.4900
vn -0.7384 -0.1285 0.6620
vn -0.6081 0.5397 0.5821
vn -0.4811 0.5374 0.6926
vn -0.5772 0.0610 0.8143
vn 0.5720 0.0257 0.8199
vn 0.4721 0.5088 0.7199
vn 0.6051 0.5033 0.6169
vn 0.6872 0.0207 0.7262
vn 0.8617 0.4845 -0.1507
vn 0.8174 0.4835 -0.3131
vn -0.9912 -0.1314 -0.0140
vn -0.8423 0.5380 -0.0319
vn -0.8305 0.5401 0.1360
vn -0.9749 0.0640 0.2130
vn 0.9986 0.0020 0.0521
vn 0.8735 0.4866 0.0172
vn 0.7423 0.4837 -0.4637
vn 0.6393 0.4849 -0.5968
vn -0.3856 -0.1357 0.9126
vn -0.3351 0.5342 0.7761
vn -0.1755 0.5301 0.8296
vn -0.1750 0.0507 0.9833
vn 0.3467 -0.1598 0.9243
vn 0.3216 0.5145 0.7949
vn 0.0530 0.0157 -0.9985
vn 0.0397 0.4993 -0.8655
vn 0.1999 0.0115 -0.9797
vn 0.2067 0.4945 -0.8442
vn 0.1212 0.0418 0.9917
vn 0.1592 0.5201 0.8392
vn 0.8906 -0.1825 0.4167
vn 0.7989 0.4935 0.3438
vn 0.8523 0.4896 0.1842
vn 0.9800 0.0046 0.1990
vn -0.5740 0.5213 -0.6315
vn 0.3662 0.4904 -0.7908
vn -0.9204 0.0540 -0.3872
vn -0.7678 0.5311 -0.3584
vn -0.8211 0.5350 -0.1988
vn -0.9674 0.0575 -0.2467
vn -0.0272 0.0463 0.9986
vn -0.0086 0.5253 0.8509
vn -0.5589 0.7834 -0.2720
vn -0.4968 0.7799 -0.3806
vn -0.7107 0.4723 -0.5213
vn -0.7971 0.4771 -0.3701
vn -0.7721 0.5639 0.2929
vn -0.7914 0.5976 0.1288
vn -0.7816 0.6107 0.1271
vn -0.7420 0.6085 0.2813
vn -0.6751 0.6105 0.4142
vn -0.6841 0.5973 0.4186
vn 0.2042 0.5182 -0.8306
vn 0.3525 0.5502 -0.7570
vn 0.3490 0.5638 -0.7485
vn 0.1987 0.5644 -0.8012
vn 0.0406 0.5722 -0.8191
vn 0.0405 0.5586 -0.8284
vn 0.7155 0.4981 0.4899
vn 0.7873 0.0162 0.6164
vn 0.4584 0.5797 0.6736
vn 0.4639 0.5661 0.6813
vn 0.2992 0.5723 0.7635
vn 0.2972 0.5858 0.7540
vn 0.0397 -0.9466 -0.3199
vn 0.1646 -0.5913 -0.7894
vn 0.3167 -0.5952 -0.7385
vn 0.0906 -0.9410 0.3260
vn 0.2742 -0.5723 0.7729
vn 0.1195 -0.5670 0.8150
vn 0.0133 -0.9368 0.3496
vn -0.6845 -0.5609 -0.4657
vn -0.5794 -0.5658 -0.5867
vn -0.0114 -0.9452 -0.3264
vn 0.0056 -0.5868 -0.8097
vn 0.1640 -0.9422 0.2921
vn 0.4177 -0.5777 0.7013
vn -0.3421 -0.9321 -0.1187
vn -0.7641 -0.5565 -0.3264
vn -0.1544 -0.5818 -0.7986
vn 0.2047 -0.9435 0.2605
vn 0.5444 -0.5829 0.6031
vn -0.3584 -0.9309 -0.0698
vn -0.8149 -0.5527 -0.1743
vn 0.2386 -0.9455 0.2216
vn 0.6496 -0.5879 0.4821
vn -0.3645 -0.9312 0.0073
vn -0.8351 -0.5498 -0.0152
vn 0.2765 -0.9486 0.1540
vn 0.7291 -0.5923 0.3429
vn -0.3596 -0.9293 0.0847
vn -0.8239 -0.5479 0.1448
vn 0.3046 -0.9489 0.0819
vn 0.7800 -0.5960 0.1907
vn -0.3459 -0.9286 0.1344
vn -0.7817 -0.5470 0.2996
vn 0.3111 -0.9499 0.0308
vn 0.8002 -0.5989 0.0316
vn -0.3230 -0.9290 0.1807
vn -0.7101 -0.5471 0.4432
vn 0.7890 -0.6009 -0.1284
vn -0.2783 -0.9301 0.2398
vn -0.6119 -0.5482 0.5701
vn 0.7468 -0.6018 -0.2832
vn -0.2259 -0.9295 0.2915
vn -0.4909 -0.5504 0.6753
vn 0.6752 -0.6017 -0.4267
vn -0.1598 -0.9325 0.3240
vn -0.3517 -0.5535 0.7550
vn 0.5770 -0.6005 -0.5536
vn -0.0893 -0.9337 0.3467
vn -0.1996 -0.5574 0.8059
vn -0.3091 -0.5765 -0.7564
vn 0.4560 -0.5983 -0.6589
vn -0.0381 -0.9348 0.3531
vn -0.0405 -0.5620 0.8262
vn -0.4526 -0.5711 -0.6849
vn 0.8131 -0.0589 0.5791
vn 0.6734 0.5703 0.4704
vn 0.5762 0.5727 0.5831
vn 0.6847 -0.0528 0.7269
vn -0.9995 -0.0124 -0.0280
vn -0.7951 0.6056 -0.0316
vn -0.9749 -0.0160 -0.2222
vn 0.9102 -0.0643 0.4091
vn 0.7628 0.5653 0.3140
vn -0.9858 -0.0101 0.1674
vn 0.9723 -0.0688 0.2234
vn 0.8104 0.5597 0.1731
vn -0.9343 -0.0089 0.3564
vn 0.9970 -0.0723 0.0292
vn 0.8282 0.5602 0.0148
vn -0.8469 -0.0091 0.5316
vn 0.9833 -0.0747 -0.1662
vn 0.8193 0.5549 -0.1441
vn -0.7270 -0.0105 0.6865
vn -0.5648 0.6092 0.5567
vn 0.9317 -0.0758 -0.3551
vn 0.7753 0.5573 -0.2972
vn -0.5793 -0.0131 0.8150
vn -0.4529 0.6050 0.6548
vn 0.8443 -0.0757 -0.5304
vn 0.7062 0.5541 -0.4407
vn -0.4093 -0.0169 0.9123
vn -0.3135 0.6052 0.7318
vn 0.7245 -0.0743 -0.6853
vn 0.6070 0.5586 -0.5653
vn -0.2236 -0.0217 0.9744
vn -0.1634 0.5981 0.7846
vn -0.3573 -0.0449 -0.9329
vn -0.2713 0.5824 -0.7663
vn -0.1184 0.5739 -0.8103
vn -0.1685 -0.0514 -0.9844
vn 0.5767 -0.0716 -0.8138
vn 0.4883 0.5574 -0.6715
vn -0.0294 -0.0272 0.9992
vn -0.0051 0.5968 0.8024
vn -0.5325 -0.0383 -0.8456
vn -0.4149 0.5845 -0.6973
vn 0.4067 -0.0678 -0.9110
vn 0.1659 -0.0334 0.9856
vn 0.1538 0.5886 0.7937
vn -0.6873 -0.0319 -0.7257
vn -0.5320 0.5915 -0.6058
vn 0.2210 -0.0631 -0.9732
vn 0.3547 -0.0398 0.9341
vn -0.8157 -0.0259 -0.5779
vn 0.0268 -0.0575 -0.9980
vn 0.5299 -0.0464 0.8468
vn -0.9128 -0.0205 -0.4079
vn 0.1575 0.5433 0.8246
vn -0.0057 0.5835 0.8121
vn 0.6802 0.5566 0.4770
vn 0.5959 0.5268 0.6061
vn -0.5714 0.5960 0.5643
vn -0.5382 0.5781 -0.6133
vn 0.4324 0.6256 0.6493
vn 0.3627 0.7668 0.5295
vn 0.4616 0.7627 0.4529
vn 0.5528 0.6206 0.5561
vn 0.5047 0.5110 -0.6959
vn 0.6135 0.5449 -0.5716
vn -0.8272 0.5610 -0.0318
vn -0.4721 0.5604 0.6805
vn -0.3178 0.5920 0.7407
vn -0.4326 0.5391 -0.7227
vn -0.2751 0.5690 -0.7750
vn 0.8482 0.5084 -0.1486
vn 0.8373 0.5465 0.0153
vn 0.7838 0.5436 -0.3004
vn 0.7308 0.5075 -0.4564
vn -0.1250 0.5280 -0.8400
vn -0.1716 0.5532 0.8152
vn 0.6679 -0.5566 0.4940
vn 0.5509 -0.5864 0.5938
vn 0.4541 -0.6025 -0.6563
vn 0.5934 -0.5696 -0.5687
vn 0.6672 -0.6047 -0.4350
vn 0.7486 -0.6048 -0.2718
vn 0.8390 0.5133 0.1806
vn 0.7715 0.5516 0.3171
vn -0.8555 -0.5176 -0.0162
vn -0.8121 -0.5571 -0.1736
vn -0.3594 -0.5214 0.7740
vn -0.4893 -0.5548 0.6729
vn -0.1990 -0.5618 0.8030
vn 0.1188 -0.5713 0.8121
vn -0.0401 -0.5300 0.8470
vn -0.1430 -0.5852 -0.7982
vn -0.6893 -0.5637 -0.4551
vn -0.3565 -0.1676 -0.9191
vn -0.3044 -0.5971 -0.7421
vn -0.1525 -0.6024 -0.7835
vn -0.1700 -0.1740 -0.9700
vn 0.1638 -0.5956 -0.7864
vn 0.3264 -0.5642 -0.7584
vn 0.0071 -0.5555 -0.8315
vn -0.6265 -0.5160 0.5842
vn -0.7826 -0.5244 -0.3356
vn 0.4068 -0.5804 0.7054
vn 0.2827 -0.5406 0.7923
vn 0.8109 -0.5699 -0.1324
vn 0.8017 -0.5650 0.1950
vn 0.7262 -0.5965 0.3417
vn 0.7648 -0.6163 0.1877
vn 0.8640 -0.4590 0.2070
vn 0.8080 -0.4549 0.3743
vn 0.7149 -0.6127 0.3370
vn -0.7684 -0.5682 0.2946
vn -0.8539 -0.4051 0.3268
vn -0.9003 -0.4061 0.1565
vn -0.8098 -0.5691 0.1426
vn 0.7970 -0.6031 0.0316
vn 0.7205 -0.4501 0.5275
vn 0.6368 -0.6084 0.4737
vn -0.7077 -0.5515 0.4416
vn -0.8007 -0.5146 0.3068
vn -0.8211 -0.5523 0.1444
vn -0.6460 -0.6487 0.4024
vn -0.7128 -0.6458 0.2736
vn -0.7487 -0.6494 0.1330
vn -0.0413 -0.6594 0.7507
vn -0.1849 -0.6580 0.7299
vn 0.1032 -0.6667 0.7382
vn -0.7406 -0.6538 -0.1552
vn -0.6968 -0.6544 -0.2936
vn -0.6291 -0.6598 -0.4110
vn 0.1440 -0.6886 -0.7107
vn 0.2824 -0.6895 -0.6670
vn 0.4070 -0.6950 -0.5928
vn -0.7612 -0.6484 -0.0116
vn -0.1348 -0.6793 -0.7214
vn 0.0005 -0.6819 -0.7315
vn 0.4945 -0.6803 0.5409
vn 0.3648 -0.6750 0.6413
vn 0.5182 -0.6943 -0.4994
vn 0.6007 -0.6969 -0.3917
vn -0.4480 -0.6517 0.6120
vn -0.5590 -0.6469 0.5186
vn -0.3232 -0.6517 0.6862
vn 0.7179 -0.6955 0.0308
vn 0.7021 -0.6902 0.1750
vn 0.6537 -0.6895 0.3118
vn 0.6739 -0.6971 -0.2449
vn 0.7103 -0.6946 -0.1142
vn 0.5840 -0.6828 0.4390
vn 0.2438 -0.6687 0.7024
vn -0.9128 -0.0023 -0.4084
vn -0.8156 -0.0077 -0.5785
vn -0.1680 -0.0332 -0.9852
vn 0.0274 -0.0394 -0.9988
vn 0.6857 -0.0347 0.7271
vn 0.5308 -0.0282 0.8470
vn -0.9749 0.0022 -0.2226
vn 0.8141 -0.0407 0.5792
vn -0.9996 0.0058 -0.0282
vn 0.9113 -0.0461 0.4091
vn -0.9859 0.0081 0.1672
vn 0.9734 -0.0506 0.2233
vn -0.9343 0.0093 0.3563
vn 0.9981 -0.0542 0.0289
vn -0.8469 0.0091 0.5317
vn 0.9844 -0.0566 -0.1666
vn -0.7269 0.0077 0.6867
vn 0.9328 -0.0577 -0.3556
vn -0.5791 0.0050 0.8153
vn 0.8454 -0.0575 -0.5310
vn -0.4090 0.0013 0.9125
vn 0.7255 -0.0561 -0.6860
vn -0.2232 -0.0035 0.9748
vn -0.3570 -0.0268 -0.9337
vn 0.5776 -0.0535 -0.8146
vn -0.0289 -0.0090 0.9995
vn -0.5323 -0.0202 -0.8463
vn 0.4075 -0.0497 -0.9119
vn 0.1665 -0.0152 0.9859
vn -0.6871 -0.0137 -0.7264
vn 0.2217 -0.0449 -0.9741
vn 0.3555 -0.0217 0.9344
vn -0.8258 0.5476 0.1351
vn -0.8375 0.5455 -0.0319
vn 0.8480 0.4974 0.1830
vn 0.7950 0.5012 0.3418
vn -0.7817 0.5485 0.2966
vn 0.8691 0.4943 0.0170
vn -0.7070 0.5484 0.4465
vn 0.8574 0.4923 -0.1500
vn -0.6046 0.5472 0.5789
vn 0.8134 0.4913 -0.3115
vn -0.4782 0.5449 0.6887
vn 0.7387 0.4915 -0.4614
vn -0.3329 0.5417 0.7718
vn 0.6362 0.4927 -0.5938
vn -0.1742 0.5376 0.8250
vn -0.2885 0.5178 -0.8054
vn -0.1271 0.5122 -0.8494
vn 0.5099 0.4949 -0.7036
vn -0.0082 0.5329 0.8461
vn -0.4383 0.5234 -0.7307
vn 0.3646 0.4982 -0.7867
vn 0.1587 0.5276 0.8345
vn -0.5706 0.5289 -0.6283
vn 0.2059 0.5022 -0.8399
vn 0.3201 0.5221 0.7905
vn -0.6803 0.5340 -0.5020
vn 0.0399 0.5070 -0.8610
vn 0.4699 0.5165 0.7159
vn -0.7633 0.5386 -0.3567
vn 0.6022 0.5110 0.6134
vn -0.8164 0.5425 -0.1979
vn 0.7119 0.5058 0.4871
vn -0.5121 0.7027 0.4938
vn -0.6002 0.7038 0.3801
vn 0.7056 0.6548 -0.2709
vn 0.7435 0.6556 -0.1322
vn -0.4037 0.7008 0.5882
vn 0.6415 0.6549 -0.3996
vn -0.2789 0.6980 0.6596
vn 0.5535 0.6559 -0.5133
vn -0.1426 0.6945 0.7052
vn -0.2407 0.6775 -0.6951
vn -0.1021 0.6727 -0.7328
vn 0.4450 0.6579 -0.6076
vn -0.0000 0.6904 0.7234
vn -0.3693 0.6823 -0.6309
vn 0.3202 0.6606 -0.6790
vn 0.1434 0.6859 0.7134
vn -0.4830 0.6870 -0.5429
vn 0.1839 0.6641 -0.7247
vn 0.2820 0.6812 0.6756
vn -0.5772 0.6914 -0.4345
vn 0.0413 0.6682 -0.7428
vn 0.4106 0.6764 0.6115
vn -0.6485 0.6954 -0.3097
vn 0.5243 0.6716 0.5235
vn -0.6941 0.6987 -0.1733
vn 0.6185 0.6672 0.4150
vn -0.7122 0.7013 -0.0307
vn 0.6898 0.6633 0.2902
vn -0.7021 0.7031 0.1127
vn 0.7354 0.6599 0.1539
vn -0.6643 0.7039 0.2514
vn 0.7535 0.6573 0.0112
vn -0.2008 0.3420 0.9180
vn -0.3767 0.3465 0.8591
vn -0.3275 0.3200 -0.8890
vn -0.1486 0.3138 -0.9378
vn 0.5574 0.2947 -0.7762
vn 0.6974 0.2922 -0.6544
vn -0.0168 0.3367 0.9414
vn -0.4935 0.3262 -0.8063
vn 0.3963 0.2983 -0.8683
vn 0.1682 0.3309 0.9286
vn -0.6401 0.3323 -0.6927
vn 0.2204 0.3028 -0.9272
vn 0.3471 0.3248 0.8798
vn -0.7617 0.3380 -0.5527
vn 0.0364 0.3080 -0.9507
vn 0.5131 0.3186 0.7970
vn -0.8537 0.3431 -0.3917
vn 0.6597 0.3125 0.6835
vn -0.9126 0.3474 -0.2157
vn 0.7814 0.3068 0.5435
vn -0.9359 0.3507 -0.0317
vn 0.8734 0.3017 0.3824
vn -0.9230 0.3530 0.1534
vn 0.9322 0.2974 0.2065
vn -0.8741 0.3541 0.3324
vn 0.9555 0.2940 0.0224
vn -0.7914 0.3539 0.4985
vn 0.9426 0.2917 -0.1626
vn -0.6778 0.3526 0.6452
vn 0.8937 0.2907 -0.3417
vn -0.5378 0.3501 0.7670
vn 0.8110 0.2908 -0.5077
vn 0.3464 -0.1626 0.9239
vn 0.1600 -0.1562 0.9747
vn -0.8089 -0.1488 -0.5687
vn -0.6822 -0.1548 -0.7146
vn 0.0227 -0.1801 -0.9834
vn 0.2145 -0.1856 -0.9589
vn 0.5194 -0.1691 0.8377
vn -0.9048 -0.1435 -0.4009
vn 0.6721 -0.1754 0.7193
vn -0.9661 -0.1390 -0.2176
vn 0.7989 -0.1814 0.5735
vn -0.9904 -0.1356 -0.0258
vn 0.8948 -0.1867 0.4056
vn -0.9769 -0.1332 0.1670
vn 0.9560 -0.1912 0.2223
vn -0.9260 -0.1321 0.3535
vn 0.9804 -0.1947 0.0306
vn -0.8398 -0.1322 0.5266
vn 0.9669 -0.1970 -0.1623
vn -0.7214 -0.1336 0.6795
vn 0.9160 -0.1982 -0.3488
vn -0.5756 -0.1363 0.8063
vn 0.8297 -0.1980 -0.5218
vn -0.4078 -0.1400 0.9023
vn 0.7114 -0.1966 -0.6747
vn -0.2245 -0.1447 0.9637
vn 0.5655 -0.1940 -0.8016
vn -0.0328 -0.1502 0.9881
vn -0.5294 -0.1611 -0.8329
vn 0.3977 -0.1903 -0.8976
vn 0.4091 -0.5984 0.6889
vn 0.4654 -0.4389 0.7686
vn 0.3076 -0.4329 0.8473
vn 0.2682 -0.5931 0.7592
vn 0.1607 -0.6118 -0.7746
vn 0.1871 -0.4539 -0.8712
vn 0.3544 -0.4582 -0.8152
vn 0.3100 -0.6156 -0.7246
vn -0.0407 -0.5829 0.8115
vn -0.0386 -0.4216 0.9060
vn -0.2136 -0.4166 0.8837
vn -0.1969 -0.5785 0.7916
vn -0.9127 -0.4082 -0.0195
vn -0.8208 -0.5710 -0.0145
vn 0.6619 -0.6219 -0.4185
vn 0.7487 -0.4652 -0.4722
vn 0.8274 -0.4654 -0.3143
vn 0.7322 -0.6220 -0.2775
vn -0.4829 -0.5716 0.6634
vn -0.5340 -0.4089 0.7400
vn -0.6671 -0.4065 0.6242
vn -0.6017 -0.5695 0.5601
vn -0.6981 -0.5683 0.4355
vn -0.7752 -0.4052 0.4847
vn 0.0045 -0.6073 -0.7945
vn 0.0121 -0.4489 -0.8935
vn 0.8739 -0.4644 -0.1441
vn 0.7736 -0.6211 -0.1256
vn 0.8862 -0.4622 0.0320
vn 0.7846 -0.6192 0.0315
vn -0.6730 -0.5819 -0.4567
vn -0.7470 -0.4204 -0.5150
vn -0.6313 -0.4258 -0.6482
vn -0.5697 -0.5867 -0.5755
vn -0.3808 -0.4123 0.8276
vn -0.3462 -0.5746 0.7416
vn 0.1374 -0.4271 0.8937
vn 0.1163 -0.5879 0.8006
vn 0.4467 -0.6186 -0.6464
vn 0.5075 -0.4616 -0.7276
vn 0.6407 -0.4640 -0.6118
vn 0.5655 -0.6208 -0.5430
vn -0.4919 -0.4316 -0.7562
vn -0.4453 -0.5919 -0.6719
vn -0.1639 -0.4434 -0.8812
vn -0.8904 -0.4114 -0.1945
vn -0.8010 -0.5739 -0.1707
vn -0.7510 -0.5775 -0.3200
vn -0.8345 -0.4155 -0.3619
vn 0.5335 -0.6035 0.5926
vn 0.6048 -0.4447 0.6606
vn -0.3340 -0.4375 -0.8349
vn -0.5455 0.6536 0.5247
vn -0.4402 0.7898 0.4271
vn -0.3458 0.7881 0.5092
vn -0.4306 0.6515 0.6246
vn -0.2983 0.6486 0.7003
vn -0.2372 0.7857 0.5713
vn -0.1186 0.7826 0.6111
vn -0.1539 0.6449 0.7487
vn 0.5436 0.7589 0.3586
vn 0.6527 0.6159 0.4411
vn 0.1492 0.6358 0.7573
vn 0.1302 0.7752 0.6182
vn 0.2508 0.7710 0.5853
vn 0.2961 0.6307 0.7173
vn 0.1598 -0.1578 0.9745
vn 0.3467 -0.1649 0.9234
vn -0.6145 0.6416 -0.4591
vn -0.6900 0.6458 -0.3269
vn 0.7664 0.4280 -0.4791
vn 0.8441 0.4278 -0.3231
vn -0.3491 0.4803 0.8046
vn -0.5004 0.4836 0.7181
vn 0.6597 0.4293 -0.6169
vn -0.1839 0.4761 0.8600
vn -0.3029 0.4554 -0.8372
vn -0.1348 0.4496 -0.8830
vn 0.5282 0.4316 -0.7312
vn -0.0111 0.4711 0.8820
vn -0.4588 0.4612 -0.7595
vn 0.3770 0.4350 -0.8177
vn 0.1627 0.4657 0.8699
vn -0.5965 0.4669 -0.6528
vn 0.2117 0.4392 -0.8731
vn 0.3307 0.4599 0.8241
vn 0.0389 0.4441 -0.8951
vn 0.4866 0.4540 0.7464
vn 0.6243 0.4483 0.6397
vn -0.8524 0.4811 -0.2048
vn 0.7386 0.4430 0.5082
vn -0.8743 0.4843 -0.0320
vn 0.8250 0.4382 0.3570
vn -0.8621 0.4864 0.1419
vn 0.8802 0.4341 0.1917
vn -0.8163 0.4874 0.3100
vn 0.9022 0.4310 0.0189
vn -0.7385 0.4873 0.4660
vn 0.8900 0.4289 -0.1550
vn -0.6319 0.4860 0.6038
vn -0.3942 0.6319 -0.6673
vn -0.3159 0.7720 -0.5515
vn -0.4148 0.7761 -0.4750
vn -0.5146 0.6369 -0.5741
vn 0.3365 0.6089 -0.7183
vn 0.2840 0.7532 -0.5934
vn 0.1654 0.7562 -0.6331
vn 0.1921 0.6126 -0.7667
vn 0.0414 0.7597 -0.6489
vn 0.0410 0.6170 -0.7859
vn 0.6057 0.7554 0.2500
vn 0.7283 0.6117 0.3088
vn -0.2040 0.7678 -0.6073
vn -0.0834 0.7637 -0.6402
vn -0.5168 0.7907 0.3282
vn -0.5726 0.7908 0.2162
vn 0.6453 0.7525 0.1313
vn 0.7766 0.6082 0.1644
vn -0.6388 0.6547 0.4042
vn 0.7958 0.6054 0.0132
vn 0.6611 0.7503 0.0072
vn 0.6523 0.7488 -0.1176
vn 0.7851 0.6036 -0.1388
vn -0.7068 0.6548 0.2678
vn -0.7469 0.6539 0.1208
vn -0.6055 0.7901 0.0955
vn 0.6194 0.7480 -0.2383
vn 0.7450 0.6027 -0.2858
vn 0.5636 0.7481 -0.3502
vn 0.6770 0.6028 -0.4222
vn 0.0054 0.7791 0.6269
vn -0.0028 0.6405 0.7679
vn 0.5838 0.6039 -0.5427
vn 0.4870 0.7490 -0.4492
vn 0.3926 0.7507 -0.5313
vn 0.4688 0.6060 -0.6426
vn -0.2579 0.6268 -0.7353
vn -0.6843 0.5265 -0.5045
vn -0.2159 0.1638 0.9626
vn -0.1893 -0.6663 0.7213
vn -0.3236 -0.6624 0.6757
vn -0.3998 0.1685 0.9010
vn -0.1109 0.6217 -0.7753
vn -0.5682 0.1722 0.8047
vn -0.4465 -0.6593 0.6050
vn -0.5533 -0.6572 0.5118
vn -0.7145 0.1749 0.6774
vn -0.4504 0.4876 -0.7479
vn -0.4879 0.3514 -0.7990
vn -0.3235 0.3453 -0.8810
vn -0.2970 0.4819 -0.8244
vn 0.3720 0.4618 -0.8052
vn 0.3934 0.3238 -0.8605
vn 0.5529 0.3202 -0.7692
vn 0.5208 0.4585 -0.7201
vn 0.1611 0.4920 0.8556
vn 0.1674 0.3561 0.9193
vn -0.0158 0.3619 0.9321
vn -0.0099 0.4974 0.8675
vn -0.5860 0.4933 -0.6429
vn -0.6331 0.3575 -0.6865
vn 0.2094 0.4660 -0.8597
vn 0.2192 0.3282 -0.9188
vn 0.3265 0.4863 0.8105
vn 0.3447 0.3500 0.8710
vn -0.6984 0.4985 -0.5135
vn -0.7536 0.3631 -0.5479
vn 0.0393 0.4708 -0.8813
vn 0.0370 0.3334 -0.9421
vn 0.4799 0.4806 0.7340
vn 0.5091 0.3439 0.7891
vn -0.7834 0.5033 -0.3647
vn -0.8448 0.3682 -0.3883
vn -0.1317 0.4762 -0.8694
vn -0.1463 0.3392 -0.9293
vn 0.6154 0.4749 0.6291
vn 0.6543 0.3378 0.6766
vn -0.8378 0.5072 -0.2021
vn -0.9030 0.3724 -0.2141
vn 0.7278 0.4697 0.4997
vn 0.7748 0.3322 0.5379
vn -0.8594 0.5103 -0.0319
vn -0.9262 0.3758 -0.0318
vn 0.8129 0.4650 0.3508
vn 0.8659 0.3271 0.3784
vn -0.8474 0.5124 0.1391
vn -0.9133 0.3780 0.1515
vn 0.8672 0.4610 0.1882
vn 0.9242 0.3229 0.2041
vn -0.8023 0.5134 0.3046
vn -0.8650 0.3791 0.3289
vn 0.8888 0.4579 0.0181
vn -0.7258 0.5133 0.4581
vn -0.7830 0.3789 0.4933
vn 0.8768 0.4558 -0.1530
vn -0.6208 0.5120 0.5937
vn -0.6705 0.3776 0.6387
vn 0.8317 0.4548 -0.3184
vn 0.8861 0.3162 -0.3388
vn -0.4914 0.5097 0.7062
vn -0.5318 0.3751 0.7593
vn 0.7552 0.4549 -0.4719
vn 0.8041 0.3164 -0.5033
vn -0.3425 0.5064 0.7913
vn -0.3723 0.3715 0.8505
vn 0.6502 0.4562 -0.6075
vn 0.6916 0.3177 -0.6486
vn -0.1800 0.5022 0.8458
vn -0.1981 0.3671 0.9089
vn -0.9845 0.1730 -0.0304
vn -0.9600 0.1695 -0.2228
vn -0.8985 0.1650 -0.4067
vn 0.9286 0.1101 -0.3544
vn 0.9072 0.1216 0.4026
vn 0.8111 0.1270 0.5710
vn 0.9687 0.1171 0.2187
vn -0.8333 0.1763 0.5240
vn -0.9709 0.1753 0.1632
vn -0.9199 0.1764 0.3503
vn 0.8420 0.1103 -0.5281
vn 0.5306 0.1393 0.8361
vn 0.3570 0.1458 0.9226
vn 0.1699 0.1522 0.9736
vn -0.0235 0.1583 0.9871
vn 0.7233 0.1117 -0.6815
vn 0.5769 0.1143 -0.8088
vn -0.3483 0.1408 -0.9267
vn -0.1612 0.1344 -0.9777
vn -0.5218 0.1473 -0.8402
vn 0.4085 0.1181 -0.9051
vn -0.8023 0.1596 -0.5751
vn -0.6751 0.1536 -0.7215
vn 0.2246 0.1228 -0.9667
vn 0.0322 0.1283 -0.9912
vn 0.6839 0.1329 0.7174
vn -0.6400 -0.6562 0.3998
vn 0.6635 -0.7032 -0.2554
vn 0.7012 -0.7029 -0.1192
vn 0.1510 -0.6953 -0.7027
vn 0.2849 -0.6980 -0.6570
vn 0.5137 -0.7018 -0.4935
vn 0.6002 -0.7029 -0.3818
vn 0.4073 -0.7002 -0.5864
vn 0.0931 -0.6762 0.7308
vn -0.0486 -0.6710 0.7399
vn 0.2306 -0.6817 0.6943
vn -0.5278 -0.6769 -0.5132
vn -0.4157 -0.6825 -0.6012
vn 0.6950 -0.7004 0.1626
vn 0.6511 -0.6982 0.2975
vn -0.6204 -0.6716 -0.4050
vn -0.2638 -0.7308 -0.6295
vn -0.7035 -0.6562 0.2730
vn -0.9312 -0.1466 0.3337
vn -0.8605 -0.2028 0.4674
vn -0.7400 -0.2796 0.6117
vn 0.8379 -0.4075 0.3630
vn 0.7405 -0.4060 0.5356
vn 0.5367 -0.7404 0.4047
vn 0.7119 -0.7020 0.0219
vn 0.0106 -0.6922 -0.7216
vn -0.1310 -0.6889 -0.7129
vn -0.3364 -0.3931 -0.8557
vn -0.1450 -0.3958 -0.9068
vn 0.0328 -0.4000 -0.9159
vn 0.2086 -0.4038 -0.8908
vn 0.3757 -0.4071 -0.8325
vn 0.5284 -0.4099 -0.7435
vn 0.6611 -0.4119 -0.6271
vn 0.7691 -0.4132 -0.4876
vn 0.8485 -0.4137 -0.3299
vn 0.8964 -0.4133 -0.1598
vn -0.5494 -0.3583 0.7548
vn -0.4728 0.5448 0.6926
vn -0.6128 0.5515 0.5659
vn -0.6831 -0.3557 0.6378
vn 0.1841 0.5422 -0.8198
vn 0.3506 0.4989 -0.7926
vn 0.3015 -0.3864 0.8717
vn 0.3009 0.6008 0.7406
vn 0.1519 0.6091 0.7784
vn 0.1279 -0.3794 0.9163
vn -0.3955 -0.3622 0.8440
vn -0.3076 0.5727 0.7598
vn -0.2272 -0.3671 0.9020
vn -0.1523 0.5999 0.7855
vn 0.7987 0.5052 0.3268
vn 0.5166 0.4907 -0.7016
vn -0.2640 0.5854 -0.7665
vn -0.1163 0.5883 -0.8002
vn -0.9334 -0.3587 -0.0104
vn -0.7841 0.6200 -0.0285
vn -0.7782 0.6020 -0.1791
vn -0.9129 -0.3626 -0.1876
vn -0.5151 -0.3874 -0.7646
vn -0.4086 0.5617 -0.7194
vn -0.6919 0.5899 0.4163
vn -0.7919 -0.3544 0.4973
vn -0.9194 -0.3559 0.1672
vn -0.7709 0.6247 0.1246
vn -0.7717 -0.3737 -0.5147
vn -0.6863 0.5303 -0.4978
vn -0.5592 0.5288 -0.6385
vn -0.6559 -0.3803 -0.6521
vn 0.6360 0.5214 -0.5689
vn 0.0338 0.5756 -0.8170
vn 0.7080 0.5060 0.4925
vn 0.5763 0.5438 0.6100
vn 0.6076 -0.4007 0.6858
vn 0.4634 -0.3936 0.7939
vn 0.4402 0.5805 0.6851
vn -0.8583 -0.3677 -0.3578
vn -0.7531 0.5671 -0.3336
vn -0.0015 0.6107 0.7919
vn -0.0505 -0.3729 0.9265
vn -0.3666 -0.8037 0.4686
vn -0.5661 -0.2996 0.7680
vn -0.3860 -0.2338 0.8924
vn 0.8071 0.5729 -0.1427
vn 0.7689 0.5689 -0.2916
vn 0.7126 0.5530 -0.4317
vn -0.8716 -0.3545 0.3385
vn -0.7378 0.6175 0.2726
vn -0.7516 -0.6596 -0.0051
vn -0.7344 -0.6628 -0.1461
vn -0.7411 -0.6574 0.1363
vn -0.6902 -0.6668 -0.2811
vn 0.3584 -0.6874 0.6317
vn 0.6884 -0.7046 0.1722
vn 0.6432 -0.7012 0.3074
vn 0.4717 -0.6930 0.5452
vn -0.1828 -0.6702 0.7193
vn -0.3181 -0.6668 0.6740
vn -0.7381 -0.6618 0.1313
vn -0.7481 -0.6635 -0.0110
vn -0.4078 -0.6824 -0.6067
vn -0.2802 -0.6872 -0.6703
vn 0.5725 -0.6973 0.4313
vn 0.4789 -0.6929 0.5390
vn -0.7301 -0.6661 -0.1525
vn -0.6849 -0.6694 -0.2878
vn -0.4419 -0.6640 0.6032
vn -0.6142 -0.6733 -0.4117
vn 0.6589 -0.7097 -0.2494
vn 0.6964 -0.7089 -0.1117
vn 0.2385 -0.6835 0.6899
vn 0.1009 -0.6787 0.7274
vn -0.6369 -0.6610 0.3967
vn -0.7006 -0.6609 0.2690
vn 0.7064 -0.7071 0.0306
vn -0.5496 -0.6621 0.5095
vn -0.5206 -0.6777 -0.5193
vn -0.0413 -0.6743 0.7373
vn 0.4002 -0.7066 -0.5835
vn 0.5123 0.4872 -0.7073
vn 0.5079 -0.7085 -0.4899
vn 0.1411 -0.7004 -0.6997
vn 0.2764 -0.7039 -0.6544
vn 0.3662 -0.6883 0.6263
vn -0.9645 -0.1630 -0.2079
vn -0.0004 -0.6964 -0.7177
vn -0.1426 -0.6919 -0.7078
vn 0.5952 -0.7096 -0.3771
vn -0.2158 -0.1670 0.9620
vn 0.5092 -0.1908 0.8392
vn -0.0335 -0.1524 0.9877
vn 0.9654 -0.2013 -0.1659
vn 0.9149 -0.2020 -0.3494
vn 0.0020 -0.1956 -0.9807
vn -0.1700 -0.1810 -0.9687
vn 0.9778 -0.2093 0.0102
vn -0.9770 -0.1375 0.1633
vn -0.9899 -0.1394 -0.0266
vn 0.8299 -0.2219 -0.5119
vn -0.3370 -0.1844 -0.9233
vt 0.960764 0.643310
vt 0.961954 0.643174
vt 0.963235 0.643026
vt 0.963385 0.641791
vt 0.962144 0.641987
vt 0.961005 0.642175
vt 0.972232 0.137697
vt 0.973505 0.137904
vt 0.973399 0.136571
vt 0.972085 0.136403
vt 0.978136 0.908490
vt 0.978268 0.907111
vt 0.979536 0.906993
vt 0.979366 0.908338
vt 0.979171 0.909593
vt 0.977988 0.909783
vt 0.964422 0.894701
vt 0.964501 0.893617
vt 0.965574 0.893314
vt 0.965523 0.894451
vt 0.965442 0.895691
vt 0.964306 0.895895
vt 0.974850 0.138100
vt 0.976246 0.138265
vt 0.976214 0.136873
vt 0.974782 0.136733
vt 0.976273 0.139567
vt 0.977669 0.139700
vt 0.977671 0.138384
vt 0.979072 0.139768
vt 0.979102 0.138447
vt 0.979134 0.137035
vt 0.977672 0.136977
vt 0.980459 0.139765
vt 0.980515 0.138449
vt 0.981807 0.139694
vt 0.981890 0.138395
vt 0.981982 0.137006
vt 0.980578 0.137044
vt 0.983095 0.139565
vt 0.983205 0.138293
vt 0.984304 0.139391
vt 0.984442 0.138156
vt 0.984594 0.136829
vt 0.983327 0.136930
vt 0.363622 0.986850
vt 0.362535 0.986597
vt 0.362406 0.985518
vt 0.362236 0.984330
vt 0.363381 0.984482
vt 0.363518 0.985717
vt 0.360876 0.970322
vt 0.361034 0.969178
vt 0.362024 0.968940
vt 0.361909 0.970134
vt 0.361784 0.971427
vt 0.360713 0.971576
vt 0.985586 0.138005
vt 0.985771 0.136719
vt 0.973303 0.135157
vt 0.971952 0.135025
vt 0.973231 0.133680
vt 0.971853 0.133581
vt 0.970684 0.134906
vt 0.970557 0.133493
vt 0.974720 0.135287
vt 0.976184 0.135402
vt 0.976166 0.133867
vt 0.974675 0.133778
vt 0.977674 0.135490
vt 0.979168 0.135544
vt 0.979203 0.133987
vt 0.977683 0.133939
vt 0.980642 0.135558
vt 0.982075 0.135537
vt 0.982160 0.134005
vt 0.980703 0.134008
vt 0.983447 0.135488
vt 0.984742 0.135421
vt 0.984870 0.133948
vt 0.983554 0.133983
vt 0.985946 0.135347
vt 0.962968 0.898681
vt 0.963110 0.897337
vt 0.964181 0.897188
vt 0.964070 0.898566
vt 0.963988 0.900009
vt 0.962865 0.900093
vt 0.986094 0.133910
vt 0.971802 0.132094
vt 0.970490 0.132035
vt 0.973197 0.132159
vt 0.973207 0.130617
vt 0.971807 0.130585
vt 0.970489 0.130555
vt 0.974658 0.132225
vt 0.976167 0.132288
vt 0.976191 0.130686
vt 0.974675 0.130651
vt 0.977702 0.132342
vt 0.979240 0.132384
vt 0.979277 0.130757
vt 0.977733 0.130722
vt 0.980756 0.132412
vt 0.982229 0.132428
vt 0.982278 0.130826
vt 0.980800 0.130792
vt 0.983638 0.132432
vt 0.984967 0.132431
vt 0.985025 0.130890
vt 0.983692 0.130859
vt 0.986203 0.132426
vt 0.379601 0.975375
vt 0.378483 0.975394
vt 0.378333 0.973961
vt 0.378114 0.972578
vt 0.379187 0.972576
vt 0.986264 0.130918
vt 0.971872 0.129077
vt 0.970558 0.129076
vt 0.973268 0.129077
vt 0.973372 0.127559
vt 0.971991 0.127594
vt 0.970693 0.127622
vt 0.974731 0.129078
vt 0.976241 0.129085
vt 0.976313 0.127507
vt 0.974819 0.127528
vt 0.977777 0.129102
vt 0.979315 0.129131
vt 0.979352 0.127528
vt 0.977832 0.127506
vt 0.980831 0.129172
vt 0.982303 0.129225
vt 0.982306 0.127646
vt 0.980851 0.127575
vt 0.983711 0.129285
vt 0.985038 0.129348
vt 0.985011 0.127828
vt 0.983698 0.127733
vt 0.986273 0.129410
vt 0.962880 0.904510
vt 0.962816 0.903031
vt 0.963956 0.903005
vt 0.964017 0.904513
vt 0.964126 0.905996
vt 0.963000 0.905964
vt 0.986232 0.127922
vt 0.972157 0.126157
vt 0.970884 0.126217
vt 0.973512 0.126087
vt 0.973673 0.124679
vt 0.972352 0.124786
vt 0.977868 0.896873
vt 0.977661 0.895587
vt 0.978851 0.895723
vt 0.979104 0.896968
vt 0.979336 0.898303
vt 0.978063 0.898243
vt 0.974934 0.126022
vt 0.976402 0.125975
vt 0.976499 0.124507
vt 0.975063 0.124581
vt 0.977894 0.125956
vt 0.979388 0.125971
vt 0.979423 0.124479
vt 0.977960 0.124470
vt 0.980862 0.126024
vt 0.982292 0.126111
vt 0.982267 0.124640
vt 0.980866 0.124537
vt 0.983661 0.126224
vt 0.984951 0.126351
vt 0.984869 0.124937
vt 0.983607 0.124778
vt 0.986150 0.126479
vt 0.976646 0.646268
vt 0.976505 0.644924
vt 0.975433 0.644775
vt 0.975545 0.646153
vt 0.975627 0.647596
vt 0.976750 0.647680
vt 0.986039 0.125102
vt 0.973840 0.123352
vt 0.972559 0.123500
vt 0.375455 0.985217
vt 0.374224 0.985470
vt 0.374318 0.984230
vt 0.375591 0.984022
vt 0.376773 0.983832
vt 0.376585 0.984976
vt 0.975193 0.123218
vt 0.976596 0.123118
vt 0.373982 0.969678
vt 0.372630 0.969544
vt 0.371227 0.969444
vt 0.371140 0.968144
vt 0.372513 0.968272
vt 0.373832 0.968443
vt 0.978024 0.123065
vt 0.979456 0.123068
vt 0.979487 0.121747
vt 0.978083 0.121749
vt 0.976682 0.121819
vt 0.980869 0.123131
vt 0.982239 0.123248
vt 0.982216 0.121946
vt 0.980873 0.121814
vt 0.983548 0.123411
vt 0.984778 0.123604
vt 0.984697 0.122364
vt 0.983497 0.122135
vt 0.985914 0.123808
vt 0.986627 0.137865
vt 0.986848 0.136620
vt 0.985416 0.139192
vt 0.986416 0.139001
vt 0.975193 0.642288
vt 0.975114 0.641204
vt 0.974040 0.640901
vt 0.974092 0.642038
vt 0.974172 0.643278
vt 0.975308 0.643482
vt 0.980131 0.893891
vt 0.979364 0.893797
vt 0.970542 0.140173
vt 0.970448 0.139406
vt 0.282628 0.953203
vt 0.283396 0.953116
vt 0.972461 0.139975
vt 0.972367 0.138891
vt 0.971238 0.138651
vt 0.970229 0.138461
vt 0.972485 0.140943
vt 0.378503 0.970081
vt 0.377536 0.970057
vt 0.377229 0.968971
vt 0.376966 0.968036
vt 0.377733 0.968130
vt 0.964335 0.661299
vt 0.964337 0.660227
vt 0.961855 0.659649
vt 0.961879 0.660617
vt 0.977759 0.912062
vt 0.975278 0.912640
vt 0.975312 0.911463
vt 0.976622 0.911231
vt 0.977853 0.910978
vt 0.974940 0.141626
vt 0.976274 0.141872
vt 0.976285 0.140771
vt 0.974942 0.140553
vt 0.974908 0.139376
vt 0.977641 0.142038
vt 0.977660 0.140920
vt 0.979018 0.142115
vt 0.979044 0.140992
vt 0.980380 0.142101
vt 0.980412 0.140983
vt 0.981704 0.141998
vt 0.981743 0.140897
vt 0.982967 0.141811
vt 0.983012 0.140739
vt 0.984148 0.141552
vt 0.984201 0.140524
vt 0.985225 0.141237
vt 0.985287 0.140271
vt 0.361154 0.968160
vt 0.360348 0.968420
vt 0.360425 0.967653
vt 0.362121 0.966889
vt 0.362103 0.967856
vt 0.452239 0.816987
vt 0.452843 0.816896
vt 0.453603 0.817035
vt 0.453688 0.817803
vt 0.453555 0.818398
vt 0.452812 0.817772
vt 0.456352 0.797929
vt 0.454360 0.798585
vt 0.454270 0.797982
vt 0.456335 0.797077
vt 0.976461 0.659463
vt 0.976951 0.657441
vt 0.976021 0.657539
vt 0.975811 0.658674
vt 0.975644 0.659685
vt 0.283777 0.971077
vt 0.284867 0.971394
vt 0.286081 0.971712
vt 0.286128 0.970595
vt 0.284848 0.970318
vt 0.283666 0.970061
vt 0.298409 0.972785
vt 0.298476 0.971820
vt 0.297245 0.972061
vt 0.295924 0.972265
vt 0.295880 0.973331
vt 0.463813 0.819858
vt 0.466632 0.819607
vt 0.466621 0.820573
vt 0.463785 0.820872
vt 0.977448 0.654918
vt 0.977768 0.652101
vt 0.976734 0.652097
vt 0.976614 0.653551
vt 0.976446 0.654957
vt 0.451500 0.806652
vt 0.451398 0.809556
vt 0.450384 0.809527
vt 0.450486 0.806609
vt 0.359450 0.978753
vt 0.359382 0.975834
vt 0.360415 0.975790
vt 0.360419 0.977270
vt 0.360483 0.978749
vt 0.286004 0.966432
vt 0.283157 0.966290
vt 0.283534 0.968919
vt 0.284874 0.969131
vt 0.286307 0.969369
vt 0.287550 0.966687
vt 0.286826 0.965663
vt 0.962167 0.907331
vt 0.961847 0.904514
vt 0.963169 0.907370
vt 0.473865 0.804625
vt 0.473327 0.802094
vt 0.474180 0.802078
vt 0.474831 0.804635
vt 0.962664 0.909854
vt 0.963372 0.908707
vt 0.963593 0.909952
vt 0.472061 0.817568
vt 0.472854 0.815628
vt 0.473703 0.815704
vt 0.472656 0.817701
vt 0.472030 0.818444
vt 0.471245 0.819017
vt 0.471154 0.818414
vt 0.471292 0.817653
vt 0.454403 0.816289
vt 0.454229 0.815142
vt 0.455413 0.815347
vt 0.456696 0.815570
vt 0.456776 0.816811
vt 0.456824 0.817949
vt 0.455617 0.817628
vt 0.454534 0.817308
vt 0.984646 0.121228
vt 0.985720 0.121531
vt 0.985702 0.120563
vt 0.984640 0.120199
vt 0.983469 0.120958
vt 0.982207 0.120742
vt 0.983472 0.119885
vt 0.982219 0.119641
vt 0.980883 0.120595
vt 0.979516 0.120523
vt 0.980902 0.119477
vt 0.979542 0.119400
vt 0.978130 0.120531
vt 0.976749 0.120616
vt 0.978163 0.119413
vt 0.976789 0.119515
vt 0.975310 0.121946
vt 0.975398 0.120772
vt 0.975446 0.119700
vt 0.975280 0.913713
vt 0.977736 0.913030
vt 0.469886 0.798402
vt 0.467398 0.797689
vt 0.467455 0.796725
vt 0.469961 0.797553
vt 0.978982 0.910737
vt 0.979991 0.910548
vt 0.979772 0.911493
vt 0.979678 0.912260
vt 0.980901 0.895842
vt 0.979933 0.895818
vt 0.979626 0.894732
vt 0.959937 0.659847
vt 0.959843 0.659080
vt 0.282930 0.971575
vt 0.282843 0.970807
vt 0.970089 0.121805
vt 0.970856 0.121711
vt 0.378816 0.983619
vt 0.377850 0.983687
vt 0.378100 0.982463
vt 0.378312 0.981143
vt 0.379383 0.981095
vt 0.376968 0.982577
vt 0.377594 0.984787
vt 0.976380 0.895439
vt 0.975027 0.895305
vt 0.973625 0.895205
vt 0.973538 0.893905
vt 0.974910 0.894033
vt 0.976229 0.894204
vt 0.960279 0.645890
vt 0.960511 0.644555
vt 0.959375 0.644616
vt 0.959103 0.645926
vt 0.958884 0.647309
vt 0.960087 0.647296
vt 0.968143 0.130500
vt 0.969266 0.130526
vt 0.969340 0.129068
vt 0.968222 0.129049
vt 0.969490 0.127635
vt 0.987408 0.129465
vt 0.987355 0.128007
vt 0.987404 0.130945
vt 0.969356 0.133425
vt 0.969272 0.131987
vt 0.968155 0.131954
vt 0.451947 0.803858
vt 0.450983 0.803801
vt 0.376939 0.972542
vt 0.376706 0.971207
vt 0.377842 0.971268
vt 0.377130 0.973948
vt 0.978610 0.894588
vt 0.980239 0.897029
vt 0.376453 0.969962
vt 0.375263 0.969826
vt 0.375073 0.968639
vt 0.376213 0.968828
vt 0.961626 0.657370
vt 0.962899 0.657578
vt 0.962794 0.656245
vt 0.961479 0.656077
vt 0.375738 0.982729
vt 0.375871 0.981351
vt 0.377139 0.981232
vt 0.973947 0.911654
vt 0.973974 0.910352
vt 0.975370 0.910187
vt 0.976715 0.909991
vt 0.964244 0.657774
vt 0.965641 0.657939
vt 0.965608 0.656547
vt 0.964177 0.656407
vt 0.965667 0.659241
vt 0.967063 0.659374
vt 0.967066 0.658057
vt 0.968466 0.659442
vt 0.968496 0.658121
vt 0.968528 0.656709
vt 0.967066 0.656650
vt 0.969853 0.659438
vt 0.969910 0.658123
vt 0.971201 0.659368
vt 0.971284 0.658069
vt 0.971377 0.656680
vt 0.969972 0.656718
vt 0.972490 0.659239
vt 0.972599 0.657966
vt 0.973699 0.659065
vt 0.973837 0.657830
vt 0.973989 0.656503
vt 0.972721 0.656604
vt 0.288813 0.971090
vt 0.289074 0.968807
vt 0.289473 0.967839
vt 0.288444 0.967385
vt 0.287449 0.970859
vt 0.963273 0.896083
vt 0.963431 0.894939
vt 0.974981 0.657678
vt 0.975165 0.656392
vt 0.962697 0.654831
vt 0.961347 0.654698
vt 0.962625 0.653353
vt 0.961248 0.653255
vt 0.960078 0.654580
vt 0.959952 0.653167
vt 0.964114 0.654961
vt 0.965579 0.655075
vt 0.965561 0.653541
vt 0.964070 0.653452
vt 0.967069 0.655163
vt 0.968562 0.655217
vt 0.968597 0.653661
vt 0.967078 0.653612
vt 0.970036 0.655232
vt 0.971469 0.655211
vt 0.971554 0.653679
vt 0.970097 0.653682
vt 0.972841 0.655162
vt 0.974136 0.655094
vt 0.974265 0.653622
vt 0.972949 0.653656
vt 0.975340 0.655021
vt 0.964274 0.907434
vt 0.964449 0.908805
vt 0.975489 0.653583
vt 0.961196 0.651768
vt 0.959884 0.651709
vt 0.962591 0.651833
vt 0.962602 0.650291
vt 0.961201 0.650259
vt 0.959883 0.650228
vt 0.964052 0.651899
vt 0.965561 0.651961
vt 0.965585 0.650360
vt 0.964070 0.650325
vt 0.967096 0.652015
vt 0.968634 0.652058
vt 0.968672 0.650431
vt 0.967127 0.650395
vt 0.970151 0.652086
vt 0.971624 0.652101
vt 0.971673 0.650500
vt 0.970194 0.650466
vt 0.973033 0.652106
vt 0.974361 0.652104
vt 0.974419 0.650564
vt 0.973086 0.650533
vt 0.975597 0.652100
vt 0.361559 0.977244
vt 0.361620 0.978752
vt 0.361728 0.980236
vt 0.360603 0.980203
vt 0.975658 0.650592
vt 0.961266 0.648751
vt 0.959952 0.648750
vt 0.962662 0.648750
vt 0.962767 0.647233
vt 0.961386 0.647268
vt 0.964125 0.648752
vt 0.965635 0.648759
vt 0.965707 0.647181
vt 0.964214 0.647201
vt 0.967171 0.648776
vt 0.968709 0.648804
vt 0.968746 0.647201
vt 0.967226 0.647180
vt 0.970225 0.648846
vt 0.971698 0.648899
vt 0.971701 0.647319
vt 0.970245 0.647249
vt 0.973105 0.648959
vt 0.974432 0.649022
vt 0.974406 0.647501
vt 0.973093 0.647406
vt 0.975667 0.649083
vt 0.981998 0.901136
vt 0.980880 0.901154
vt 0.980730 0.899722
vt 0.980512 0.898338
vt 0.981584 0.898337
vt 0.961551 0.645830
vt 0.962906 0.645761
vt 0.963068 0.644352
vt 0.961747 0.644460
vt 0.971370 0.123637
vt 0.971117 0.124881
vt 0.964328 0.645696
vt 0.965796 0.645649
vt 0.965893 0.644181
vt 0.964457 0.644254
vt 0.967288 0.645630
vt 0.968783 0.645645
vt 0.968818 0.644153
vt 0.967354 0.644144
vt 0.970256 0.645698
vt 0.971687 0.645785
vt 0.971662 0.644314
vt 0.970261 0.644211
vt 0.973055 0.645897
vt 0.974346 0.646024
vt 0.974263 0.644611
vt 0.973001 0.644451
vt 0.360571 0.972920
vt 0.361672 0.972805
vt 0.361590 0.974248
vt 0.360468 0.974332
vt 0.977471 0.894400
vt 0.964588 0.642892
vt 0.965990 0.642792
vt 0.964303 0.659050
vt 0.962993 0.658818
vt 0.967419 0.642739
vt 0.968851 0.642741
vt 0.968882 0.641420
vt 0.967477 0.641423
vt 0.966077 0.641492
vt 0.970263 0.642804
vt 0.971633 0.642922
vt 0.971611 0.641620
vt 0.970267 0.641487
vt 0.972942 0.643085
vt 0.972892 0.641809
vt 0.977327 0.893322
vt 0.977259 0.892356
vt 0.979235 0.893035
vt 0.378136 0.985603
vt 0.377374 0.985732
vt 0.372882 0.987952
vt 0.372881 0.986879
vt 0.375362 0.986301
vt 0.375338 0.987269
vt 0.972750 0.122313
vt 0.973991 0.122118
vt 0.972893 0.121235
vt 0.965668 0.661546
vt 0.965679 0.660444
vt 0.967036 0.661711
vt 0.967054 0.660593
vt 0.968413 0.661789
vt 0.968438 0.660666
vt 0.969774 0.661775
vt 0.969807 0.660657
vt 0.971098 0.661671
vt 0.971137 0.660570
vt 0.972361 0.661485
vt 0.972407 0.660413
vt 0.973542 0.661226
vt 0.973595 0.660198
vt 0.974619 0.660911
vt 0.974682 0.659945
vt 0.963551 0.893921
vt 0.962745 0.894181
vt 0.962822 0.893414
vt 0.964519 0.892650
vt 0.961762 0.658565
vt 0.960632 0.658324
vt 0.959623 0.658135
vt 0.963153 0.911876
vt 0.963804 0.911087
vt 0.963970 0.912098
vt 0.455629 0.818596
vt 0.458116 0.819309
vt 0.458059 0.820274
vt 0.455553 0.819445
vt 0.988251 0.126679
vt 0.987871 0.124136
vt 0.986947 0.123996
vt 0.987110 0.125250
vt 0.987252 0.126594
vt 0.461701 0.797140
vt 0.458883 0.797391
vt 0.458893 0.796425
vt 0.461729 0.796126
vt 0.300996 0.959646
vt 0.300852 0.958270
vt 0.297315 0.959052
vt 0.297704 0.960108
vt 0.298702 0.959764
vt 0.460910 0.819757
vt 0.460867 0.820770
vt 0.988373 0.132427
vt 0.988441 0.129508
vt 0.987340 0.132423
vt 0.451649 0.812374
vt 0.450683 0.812363
vt 0.359769 0.981570
vt 0.360771 0.981609
vt 0.452187 0.814905
vt 0.451335 0.814921
vt 0.976242 0.656294
vt 0.987067 0.139789
vt 0.987557 0.137767
vt 0.986250 0.140012
vt 0.471826 0.799196
vt 0.471959 0.798600
vt 0.472702 0.799226
vt 0.473275 0.800012
vt 0.472672 0.800102
vt 0.471911 0.799964
vt 0.963266 0.912639
vt 0.964804 0.911279
vt 0.964933 0.912358
vt 0.964995 0.913324
vt 0.975096 0.640236
vt 0.974035 0.639872
vt 0.972863 0.640632
vt 0.971602 0.640416
vt 0.972867 0.639559
vt 0.971614 0.639314
vt 0.970277 0.640268
vt 0.968910 0.640197
vt 0.970296 0.639150
vt 0.968936 0.639074
vt 0.967525 0.640205
vt 0.966144 0.640290
vt 0.967557 0.639087
vt 0.966184 0.639189
vt 0.974822 0.892859
vt 0.964705 0.641620
vt 0.964793 0.640446
vt 0.964840 0.639374
vt 0.374930 0.967561
vt 0.372424 0.967098
vt 0.372377 0.966026
vt 0.374861 0.966595
vt 0.376837 0.967274
vt 0.969319 0.123755
vt 0.970287 0.123731
vt 0.970594 0.122645
vt 0.377280 0.986499
vt 0.301302 0.971273
vt 0.300533 0.971361
vt 0.959484 0.641478
vt 0.960251 0.641384
vt 0.980498 0.908224
vt 0.980247 0.909448
vt 0.957834 0.654443
vt 0.958905 0.654491
vt 0.958751 0.653099
vt 0.958667 0.651661
vt 0.957549 0.651628
vt 0.979527 0.899709
vt 0.957537 0.650174
vt 0.958660 0.650200
vt 0.958734 0.648741
vt 0.957616 0.648723
vt 0.976802 0.649138
vt 0.976798 0.650618
vt 0.958030 0.645924
vt 0.959681 0.643405
vt 0.958714 0.643429
vt 0.969981 0.124942
vt 0.969708 0.126252
vt 0.971610 0.122502
vt 0.960444 0.657179
vt 0.374424 0.982897
vt 0.280701 0.960432
vt 0.281806 0.960463
vt 0.281972 0.959036
vt 0.282205 0.957659
vt 0.281138 0.957636
vt 0.372973 0.984426
vt 0.371576 0.984591
vt 0.371609 0.983199
vt 0.373040 0.983059
vt 0.371550 0.985893
vt 0.370154 0.986026
vt 0.370152 0.984710
vt 0.368751 0.986094
vt 0.368721 0.984773
vt 0.368689 0.983361
vt 0.370151 0.983303
vt 0.367364 0.986091
vt 0.367308 0.984775
vt 0.366016 0.986020
vt 0.365933 0.984721
vt 0.365841 0.983332
vt 0.367245 0.983370
vt 0.364727 0.985891
vt 0.364618 0.984618
vt 0.363228 0.983155
vt 0.364496 0.983256
vt 0.363177 0.967553
vt 0.363126 0.968690
vt 0.363045 0.969930
vt 0.964634 0.910091
vt 0.362052 0.983044
vt 0.374520 0.981483
vt 0.374592 0.980005
vt 0.375970 0.979907
vt 0.377265 0.979819
vt 0.373103 0.981613
vt 0.371639 0.981727
vt 0.371657 0.980193
vt 0.373148 0.980104
vt 0.370149 0.981816
vt 0.368655 0.981869
vt 0.368620 0.980313
vt 0.370140 0.980264
vt 0.367181 0.981884
vt 0.365748 0.981863
vt 0.365663 0.980331
vt 0.367120 0.980334
vt 0.364376 0.981814
vt 0.363081 0.981746
vt 0.362953 0.980274
vt 0.364268 0.980308
vt 0.361877 0.981673
vt 0.376021 0.978420
vt 0.377333 0.978361
vt 0.374626 0.978485
vt 0.374615 0.976943
vt 0.376016 0.976911
vt 0.377334 0.976880
vt 0.373165 0.978551
vt 0.371656 0.978613
vt 0.371632 0.977012
vt 0.373147 0.976977
vt 0.370121 0.978667
vt 0.368583 0.978710
vt 0.368546 0.977083
vt 0.370090 0.977047
vt 0.367066 0.978738
vt 0.365593 0.978753
vt 0.365544 0.977152
vt 0.367023 0.977118
vt 0.364185 0.978758
vt 0.362856 0.978756
vt 0.362798 0.977216
vt 0.364131 0.977185
vt 0.962812 0.901551
vt 0.963948 0.901496
vt 0.375951 0.975403
vt 0.377265 0.975402
vt 0.374555 0.975402
vt 0.374451 0.973885
vt 0.375831 0.973920
vt 0.373092 0.975404
vt 0.371582 0.975411
vt 0.371510 0.973833
vt 0.373003 0.973854
vt 0.370046 0.975428
vt 0.368508 0.975456
vt 0.368471 0.973853
vt 0.369991 0.973832
vt 0.366992 0.975498
vt 0.365519 0.975551
vt 0.365516 0.973972
vt 0.366972 0.973901
vt 0.364112 0.975611
vt 0.362785 0.975674
vt 0.362811 0.974154
vt 0.364124 0.974058
vt 0.361550 0.975735
vt 0.968636 0.126250
vt 0.375666 0.972483
vt 0.374311 0.972413
vt 0.374149 0.971005
vt 0.375470 0.971112
vt 0.970854 0.136251
vt 0.971050 0.137506
vt 0.372889 0.972348
vt 0.371421 0.972301
vt 0.371324 0.970833
vt 0.372760 0.970906
vt 0.369929 0.972282
vt 0.368434 0.972297
vt 0.368399 0.970805
vt 0.369863 0.970796
vt 0.366961 0.972350
vt 0.365530 0.972437
vt 0.365555 0.970966
vt 0.366957 0.970863
vt 0.364162 0.972550
vt 0.362872 0.972677
vt 0.362954 0.971263
vt 0.364216 0.971103
vt 0.987051 0.135284
vt 0.987220 0.133877
vt 0.973598 0.139144
vt 0.369798 0.969391
vt 0.368366 0.969394
vt 0.368335 0.968072
vt 0.369740 0.968075
vt 0.366954 0.969456
vt 0.365584 0.969574
vt 0.365606 0.968272
vt 0.366950 0.968140
vt 0.364275 0.969737
vt 0.364325 0.968461
vt 0.974811 0.658866
vt 0.966019 0.912611
vt 0.965778 0.910243
vt 0.965916 0.911478
vt 0.981213 0.909380
vt 0.980534 0.911364
vt 0.972961 0.120269
vt 0.371549 0.988198
vt 0.371538 0.987097
vt 0.372915 0.985702
vt 0.370182 0.988363
vt 0.370163 0.987245
vt 0.368805 0.988441
vt 0.368779 0.987318
vt 0.367443 0.988427
vt 0.367410 0.987309
vt 0.366119 0.988324
vt 0.366080 0.987222
vt 0.364856 0.988137
vt 0.364810 0.987065
vt 0.363675 0.987878
vt 0.362598 0.987563
vt 0.986669 0.121834
vt 0.987475 0.122094
vt 0.987398 0.121327
vt 0.985799 0.122614
vt 0.986789 0.122852
vt 0.453454 0.799430
vt 0.452660 0.801371
vt 0.451811 0.801295
vt 0.452858 0.799298
vt 0.977265 0.643810
vt 0.976869 0.641768
vt 0.976064 0.641508
vt 0.976183 0.642525
vt 0.976341 0.643670
vt 0.359572 0.973005
vt 0.359952 0.970462
vt 0.474116 0.807443
vt 0.475130 0.807471
vt 0.988054 0.135244
vt 0.361196 0.984191
vt 0.360975 0.982946
vt 0.361406 0.985326
vt 0.961780 0.901595
vt 0.464605 0.797242
vt 0.464647 0.796228
vt 0.469163 0.819070
vt 0.469179 0.819922
vt 0.453484 0.798554
vt 0.454222 0.799345
vt 0.976349 0.660226
vt 0.363182 0.966524
vt 0.364354 0.967284
vt 0.365615 0.967068
vt 0.364350 0.966211
vt 0.365604 0.965966
vt 0.366940 0.966920
vt 0.368307 0.966849
vt 0.366921 0.965802
vt 0.368281 0.965726
vt 0.369693 0.966857
vt 0.371074 0.966942
vt 0.369660 0.965739
vt 0.371034 0.965841
vt 0.974774 0.891787
vt 0.955398 0.087184
vt 0.955398 0.098816
vt 0.953504 0.098816
vt 0.952838 0.087184
vt 0.959988 0.642319
vt 0.301000 0.952901
vt 0.301087 0.953669
vt 0.969007 0.137293
vt 0.969973 0.137362
vt 0.969723 0.136137
vt 0.969511 0.134817
vt 0.968439 0.134769
vt 0.959117 0.655811
vt 0.960249 0.655925
vt 0.379680 0.976826
vt 0.378557 0.976852
vt 0.981781 0.906856
vt 0.980709 0.906904
vt 0.980864 0.905512
vt 0.980948 0.904074
vt 0.982065 0.904041
vt 0.378466 0.979751
vt 0.378550 0.978313
vt 0.379668 0.978280
vt 0.958402 0.656967
vt 0.959367 0.657035
vt 0.458289 0.803707
vt 0.458047 0.806759
vt 0.455153 0.806724
vt 0.455291 0.805242
vt 0.455474 0.803807
vt 0.473567 0.813140
vt 0.472495 0.813126
vt 0.472730 0.811746
vt 0.472897 0.810315
vt 0.474015 0.810347
vt 0.976821 0.908658
vt 0.974007 0.908960
vt 0.975438 0.908820
vt 0.972551 0.911787
vt 0.972549 0.910470
vt 0.971148 0.911855
vt 0.971118 0.910534
vt 0.971086 0.909122
vt 0.972549 0.909064
vt 0.969762 0.911852
vt 0.969705 0.910536
vt 0.968413 0.911781
vt 0.968330 0.910482
vt 0.968238 0.909093
vt 0.969642 0.909131
vt 0.967125 0.911652
vt 0.967015 0.910379
vt 0.965626 0.908916
vt 0.966893 0.909017
vt 0.976917 0.907244
vt 0.976989 0.905766
vt 0.978367 0.905668
vt 0.979663 0.905580
vt 0.975500 0.907373
vt 0.974036 0.907488
vt 0.974054 0.905954
vt 0.975545 0.905865
vt 0.972546 0.907577
vt 0.971053 0.907630
vt 0.971017 0.906074
vt 0.972537 0.906025
vt 0.969578 0.907645
vt 0.968145 0.907624
vt 0.968060 0.906092
vt 0.969518 0.906095
vt 0.966773 0.907575
vt 0.965478 0.907507
vt 0.965350 0.906035
vt 0.966666 0.906069
vt 0.978418 0.904181
vt 0.979730 0.904122
vt 0.977024 0.904246
vt 0.977013 0.902704
vt 0.978413 0.902672
vt 0.979732 0.902641
vt 0.975562 0.904312
vt 0.974053 0.904374
vt 0.974029 0.902773
vt 0.975545 0.902738
vt 0.972518 0.904428
vt 0.970980 0.904471
vt 0.970943 0.902844
vt 0.972487 0.902808
vt 0.969464 0.904499
vt 0.967991 0.904514
vt 0.967942 0.902913
vt 0.969420 0.902879
vt 0.966582 0.904519
vt 0.965253 0.904517
vt 0.965196 0.902977
vt 0.966528 0.902946
vt 0.978349 0.901164
vt 0.979662 0.901163
vt 0.976952 0.901163
vt 0.976848 0.899646
vt 0.978229 0.899681
vt 0.975490 0.901165
vt 0.973979 0.901172
vt 0.973907 0.899594
vt 0.975401 0.899615
vt 0.972444 0.901189
vt 0.970905 0.901217
vt 0.970868 0.899614
vt 0.972389 0.899593
vt 0.969389 0.901259
vt 0.967917 0.901312
vt 0.967914 0.899732
vt 0.969369 0.899662
vt 0.966509 0.901372
vt 0.965182 0.901435
vt 0.965209 0.899914
vt 0.966522 0.899819
vt 0.976708 0.898174
vt 0.976547 0.896766
vt 0.975286 0.898109
vt 0.973819 0.898062
vt 0.973721 0.896594
vt 0.975158 0.896667
vt 0.972326 0.898043
vt 0.970832 0.898058
vt 0.970797 0.896566
vt 0.972260 0.896557
vt 0.969359 0.898111
vt 0.967928 0.898198
vt 0.967953 0.896727
vt 0.969354 0.896624
vt 0.966559 0.898310
vt 0.965269 0.898438
vt 0.965351 0.897024
vt 0.966613 0.896864
vt 0.972196 0.895152
vt 0.970764 0.895154
vt 0.970733 0.893833
vt 0.972137 0.893836
vt 0.969352 0.895217
vt 0.967981 0.895335
vt 0.968004 0.894033
vt 0.969348 0.893901
vt 0.966672 0.895498
vt 0.966723 0.894222
vt 0.962288 0.640909
vt 0.962356 0.639943
vt 0.960380 0.640622
vt 0.969687 0.139277
vt 0.973947 0.913959
vt 0.973936 0.912857
vt 0.972579 0.914124
vt 0.972560 0.913006
vt 0.971202 0.914202
vt 0.971176 0.913079
vt 0.969840 0.914187
vt 0.969808 0.913070
vt 0.968517 0.914084
vt 0.968478 0.912983
vt 0.967253 0.913898
vt 0.967208 0.912826
vt 0.966072 0.913639
vt 0.360868 0.986878
vt 0.360756 0.986115
vt 0.361573 0.986337
vt 0.360266 0.984093
vt 0.475028 0.810389
vt 0.474532 0.813197
vt 0.977835 0.649182
vt 0.977645 0.646353
vt 0.986954 0.140552
vt 0.472988 0.808857
vt 0.472999 0.807397
vt 0.976792 0.641001
vt 0.965580 0.892285
vt 0.966752 0.893045
vt 0.968013 0.892829
vt 0.966748 0.891972
vt 0.968001 0.891727
vt 0.969338 0.892681
vt 0.970704 0.892610
vt 0.969319 0.891563
vt 0.970678 0.891487
vt 0.972090 0.892618
vt 0.973471 0.892703
vt 0.972057 0.891500
vt 0.973431 0.891602
vt 0.281418 0.968682
vt 0.282393 0.968759
vt 0.281948 0.966208
vt 0.280871 0.966153
vt 0.281842 0.955147
vt 0.282809 0.955140
vt 0.283125 0.954050
vt 0.982077 0.902587
vt 0.980954 0.902613
vt 0.457937 0.809906
vt 0.457965 0.812968
vt 0.455164 0.812672
vt 0.455082 0.811227
vt 0.455048 0.809739
vt 0.293118 0.969189
vt 0.291745 0.969261
vt 0.291679 0.971362
vt 0.293131 0.971357
vt 0.294557 0.971270
vt 0.294439 0.968975
vt 0.301089 0.962523
vt 0.301084 0.961071
vt 0.298916 0.961085
vt 0.298987 0.962458
vt 0.285393 0.964888
vt 0.282961 0.964859
vt 0.959081 0.658951
vt 0.298562 0.970748
vt 0.299759 0.970565
vt 0.299961 0.969433
vt 0.298611 0.969561
vt 0.466002 0.799731
vt 0.463072 0.799492
vt 0.463115 0.798268
vt 0.464573 0.798360
vt 0.466004 0.798527
vt 0.296524 0.956551
vt 0.296560 0.953701
vt 0.295144 0.953415
vt 0.295021 0.955844
vt 0.289315 0.955666
vt 0.289344 0.953234
vt 0.287912 0.953430
vt 0.287770 0.956277
vt 0.293703 0.953213
vt 0.293571 0.955395
vt 0.292185 0.955215
vt 0.292250 0.953114
vt 0.290795 0.953122
vt 0.290790 0.955308
vt 0.285035 0.963413
vt 0.282849 0.963408
vt 0.295933 0.971125
vt 0.295157 0.967595
vt 0.294102 0.967984
vt 0.290230 0.971266
vt 0.290379 0.969103
vt 0.470980 0.799690
vt 0.469898 0.799371
vt 0.356636 0.654091
vt 0.360623 0.651426
vt 0.363764 0.655253
vt 0.358970 0.658457
vt 0.353642 0.660664
vt 0.352205 0.655926
vt 0.283884 0.955121
vt 0.285071 0.955147
vt 0.285283 0.953807
vt 0.284142 0.953939
vt 0.541251 0.670050
vt 0.541489 0.669923
vt 0.539601 0.665367
vt 0.538639 0.660530
vt 0.538639 0.655598
vt 0.539601 0.650762
vt 0.539344 0.650684
vt 0.538372 0.655572
vt 0.538372 0.660556
vt 0.539344 0.665445
vt 0.298808 0.963844
vt 0.300990 0.963976
vt 0.284942 0.962018
vt 0.282841 0.961952
vt 0.300787 0.965417
vt 0.298358 0.965294
vt 0.297652 0.966797
vt 0.300502 0.966833
vt 0.467578 0.807093
vt 0.467467 0.810239
vt 0.464320 0.810175
vt 0.464433 0.806937
vt 0.299288 0.955592
vt 0.300475 0.955641
vt 0.300292 0.954444
vt 0.299160 0.954242
vt 0.300398 0.972121
vt 0.299583 0.971572
vt 0.301110 0.969345
vt 0.285443 0.952666
vt 0.285521 0.951691
vt 0.283532 0.952354
vt 0.282491 0.956354
vt 0.301547 0.955727
vt 0.301299 0.954619
vt 0.300671 0.956935
vt 0.301788 0.956958
vt 0.294536 0.972412
vt 0.293101 0.972488
vt 0.293063 0.973593
vt 0.301992 0.958279
vt 0.302139 0.959667
vt 0.290159 0.973502
vt 0.291609 0.973593
vt 0.291644 0.972484
vt 0.290190 0.972397
vt 0.288763 0.972231
vt 0.303058 0.958323
vt 0.302215 0.961102
vt 0.303320 0.961140
vt 0.287363 0.973065
vt 0.287386 0.971998
vt 0.284874 0.972361
vt 0.301848 0.953805
vt 0.302511 0.955794
vt 0.282081 0.970671
vt 0.299072 0.953092
vt 0.287995 0.952221
vt 0.293740 0.952079
vt 0.295170 0.952248
vt 0.296553 0.952489
vt 0.296566 0.951411
vt 0.293771 0.950974
vt 0.301714 0.966826
vt 0.301954 0.965444
vt 0.302123 0.964013
vt 0.303229 0.964044
vt 0.303320 0.962593
vt 0.302211 0.962559
vt 0.970986 0.120949
vt 0.283608 0.956401
vt 0.299056 0.952115
vt 0.302088 0.969329
vt 0.288050 0.951144
vt 0.289390 0.952067
vt 0.290828 0.951988
vt 0.290867 0.950883
vt 0.292286 0.951991
vt 0.292320 0.950883
vt 0.285100 0.960652
vt 0.285395 0.959347
vt 0.283113 0.959086
vt 0.282936 0.960503
vt 0.455070 0.808230
vt 0.453750 0.808184
vt 0.453989 0.805255
vt 0.302792 0.966839
vt 0.561209 0.683100
vt 0.556372 0.682138
vt 0.551816 0.680250
vt 0.551689 0.680488
vt 0.556294 0.682395
vt 0.561182 0.683367
vt 0.566167 0.683367
vt 0.571055 0.682395
vt 0.575660 0.680488
vt 0.575533 0.680250
vt 0.570977 0.682137
vt 0.566140 0.683100
vt 0.462488 0.816186
vt 0.460982 0.816103
vt 0.461017 0.813210
vt 0.464164 0.813320
vt 0.463997 0.816209
vt 0.297268 0.970944
vt 0.280610 0.961882
vt 0.281718 0.961917
vt 0.281794 0.964813
vt 0.281715 0.963375
vt 0.280610 0.963336
vt 0.471286 0.801857
vt 0.471466 0.803114
vt 0.470234 0.802947
vt 0.470101 0.801652
vt 0.296880 0.965977
vt 0.296093 0.966954
vt 0.297166 0.969709
vt 0.459500 0.815966
vt 0.458065 0.815782
vt 0.462442 0.817507
vt 0.459512 0.817268
vt 0.461517 0.800790
vt 0.460029 0.800824
vt 0.460133 0.799525
vt 0.463026 0.800812
vt 0.468143 0.817208
vt 0.465381 0.817473
vt 0.465485 0.816175
vt 0.466930 0.816093
vt 0.468309 0.815976
vt 0.467450 0.801216
vt 0.466015 0.801033
vt 0.468738 0.800188
vt 0.468818 0.801429
vt 0.471069 0.814480
vt 0.470801 0.815721
vt 0.469605 0.815843
vt 0.469828 0.814560
vt 0.458585 0.800906
vt 0.457205 0.801023
vt 0.457372 0.799790
vt 0.470351 0.804327
vt 0.467550 0.804031
vt 0.467226 0.813292
vt 0.464497 0.803789
vt 0.461081 0.810062
vt 0.464533 0.800895
vt 0.461351 0.803679
vt 0.458822 0.798462
vt 0.457499 0.798658
vt 0.456272 0.798894
vt 0.470040 0.813192
vt 0.461194 0.806823
vt 0.470361 0.810275
vt 0.470223 0.811757
vt 0.471731 0.805875
vt 0.471765 0.808814
vt 0.470444 0.808768
vt 0.470467 0.807259
vt 0.470433 0.805771
vt 0.295697 0.957330
vt 0.296674 0.958116
vt 0.299436 0.957037
vt 0.452785 0.805253
vt 0.453020 0.803872
vt 0.453308 0.802566
vt 0.454446 0.802518
vt 0.471526 0.811744
vt 0.455687 0.802438
vt 0.455910 0.801155
vt 0.455280 0.814051
vt 0.454048 0.813885
vt 0.453783 0.811123
vt 0.456115 0.799971
vt 0.471566 0.816722
vt 0.471886 0.815640
vt 0.472119 0.800912
vt 0.471111 0.800710
vt 0.455170 0.799137
vt 0.466692 0.818536
vt 0.468015 0.818340
vt 0.469243 0.818105
vt 0.470547 0.816853
vt 0.470345 0.817861
vt 0.461655 0.798258
vt 0.460215 0.798324
vt 0.472207 0.814432
vt 0.452618 0.806684
vt 0.452526 0.808141
vt 0.452515 0.809602
vt 0.283343 0.957722
vt 0.472932 0.805957
vt 0.472794 0.804564
vt 0.458130 0.818237
vt 0.974297 0.983990
vt 0.907635 0.706701
vt 0.908704 0.705986
vt 0.974297 0.987410
vt 0.453152 0.814985
vt 0.453395 0.816087
vt 0.453628 0.801359
vt 0.453948 0.800276
vt 0.454968 0.800145
vt 0.468690 0.799050
vt 0.467384 0.798762
vt 0.452916 0.813758
vt 0.452720 0.812434
vt 0.452582 0.811041
vt 0.463860 0.818741
vt 0.462399 0.818730
vt 0.465299 0.818674
vt 0.472363 0.802014
vt 0.741087 0.772074
vt 0.740876 0.774208
vt 0.746093 0.774208
vt 0.751209 0.773190
vt 0.750586 0.771138
vt 0.745883 0.772074
vt 0.460942 0.818639
vt 0.459511 0.818472
vt 0.472598 0.803241
vt 0.961969 0.898766
vt 0.962349 0.896223
vt 0.805373 0.606850
vt 0.803956 0.605124
vt 0.807047 0.603058
vt 0.808100 0.605028
vt 0.556372 0.633991
vt 0.556294 0.633734
vt 0.561182 0.632761
vt 0.561209 0.633029
vt 0.566140 0.633029
vt 0.566167 0.632761
vt 0.571055 0.633734
vt 0.570977 0.633991
vt 0.588710 0.655598
vt 0.588978 0.655572
vt 0.588978 0.660556
vt 0.588710 0.660530
vt 0.547715 0.638618
vt 0.547545 0.638410
vt 0.551689 0.635641
vt 0.551816 0.635878
vt 0.579634 0.677510
vt 0.579804 0.677718
vt 0.575533 0.635878
vt 0.575660 0.635641
vt 0.579804 0.638410
vt 0.579634 0.638618
vt 0.587748 0.650762
vt 0.588005 0.650684
vt 0.544228 0.674023
vt 0.544020 0.674194
vt 0.547715 0.677510
vt 0.547545 0.677718
vt 0.585861 0.646206
vt 0.586098 0.646079
vt 0.585861 0.669923
vt 0.586098 0.670050
vt 0.583329 0.674194
vt 0.583121 0.674023
vt 0.541488 0.646206
vt 0.541251 0.646079
vt 0.544020 0.641935
vt 0.544228 0.642105
vt 0.583121 0.642105
vt 0.583329 0.641934
vt 0.801327 0.607753
vt 0.799262 0.610844
vt 0.796621 0.609433
vt 0.799013 0.605853
vt 0.338001 0.655926
vt 0.342705 0.656862
vt 0.342220 0.661789
vt 0.336564 0.660664
vt 0.331237 0.658457
vt 0.333570 0.654091
vt 0.368514 0.625413
vt 0.366679 0.620982
vt 0.371045 0.618648
vt 0.373252 0.623976
vt 0.374377 0.629631
vt 0.369450 0.630116
vt 0.588005 0.665445
vt 0.587748 0.665367
vt 0.319161 0.618648
vt 0.323527 0.620982
vt 0.321692 0.625413
vt 0.316954 0.623976
vt 0.545075 0.680728
vt 0.549854 0.683921
vt 0.591731 0.649553
vt 0.589531 0.644243
vt 0.535618 0.649553
vt 0.534497 0.655191
vt 0.541011 0.676664
vt 0.592852 0.655190
vt 0.537818 0.644243
vt 0.537818 0.671885
vt 0.592852 0.660938
vt 0.541011 0.639465
vt 0.591731 0.666575
vt 0.545075 0.635400
vt 0.589531 0.671885
vt 0.549854 0.632207
vt 0.586338 0.676664
vt 0.555164 0.630008
vt 0.582274 0.680728
vt 0.560801 0.628887
vt 0.577495 0.683921
vt 0.566548 0.628887
vt 0.572185 0.686121
vt 0.572185 0.630008
vt 0.566548 0.687242
vt 0.577495 0.632207
vt 0.560801 0.687242
vt 0.582274 0.635400
vt 0.535618 0.666575
vt 0.555164 0.686121
vt 0.586338 0.639465
vt 0.534497 0.660938
vt 0.864466 0.333690
vt 0.865416 0.333764
vt 0.865416 0.338221
vt 0.864466 0.338163
vt 0.866587 0.397590
vt 0.867537 0.397611
vt 0.867537 0.392093
vt 0.866587 0.392053
vt 0.003292 0.042191
vt 0.004242 0.042133
vt 0.004242 0.046591
vt 0.003292 0.046665
vt 0.866587 0.403350
vt 0.867537 0.403350
vt 0.003292 0.037088
vt 0.004242 0.037048
vt 0.866587 0.409109
vt 0.867537 0.409088
vt 0.003292 0.031550
vt 0.004242 0.031529
vt 0.866587 0.414646
vt 0.867537 0.414606
vt 0.003292 0.025791
vt 0.004242 0.025791
vt 0.866587 0.419750
vt 0.867537 0.419692
vt 0.003292 0.020032
vt 0.004242 0.020052
vt 0.866587 0.424223
vt 0.867537 0.424150
vt 0.003292 0.014494
vt 0.004242 0.014534
vt 0.864466 0.370964
vt 0.865416 0.370906
vt 0.865416 0.375364
vt 0.864466 0.375438
vt 0.003292 0.009390
vt 0.004242 0.009448
vt 0.864466 0.365861
vt 0.865416 0.365821
vt 0.202677 0.029429
vt 0.203627 0.029408
vt 0.203627 0.023670
vt 0.202677 0.023670
vt 0.003292 0.004917
vt 0.004242 0.004991
vt 0.864466 0.360323
vt 0.865416 0.360303
vt 0.202677 0.034966
vt 0.203627 0.034926
vt 0.202677 0.007269
vt 0.203627 0.007327
vt 0.203627 0.002869
vt 0.202677 0.002796
vt 0.864466 0.354564
vt 0.865416 0.354564
vt 0.202677 0.040070
vt 0.203627 0.040012
vt 0.202677 0.012373
vt 0.203627 0.012413
vt 0.864466 0.348805
vt 0.865416 0.348825
vt 0.202677 0.044543
vt 0.203627 0.044470
vt 0.202677 0.017910
vt 0.203627 0.017931
vt 0.864466 0.343267
vt 0.865416 0.343307
vt 0.866587 0.386949
vt 0.867537 0.387007
vt 0.867537 0.382549
vt 0.866587 0.382476
vt 0.320756 0.630116
vt 0.320756 0.634912
vt 0.315829 0.635398
vt 0.315829 0.629631
vt 0.326442 0.609776
vt 0.329583 0.613603
vt 0.326191 0.616994
vt 0.322364 0.613853
vt 0.326442 0.655253
vt 0.329583 0.651426
vt 0.364015 0.648035
vt 0.367842 0.651176
vt 0.832639 0.621424
vt 0.834862 0.621643
vt 0.834136 0.625290
vt 0.831999 0.624641
vt 0.364015 0.616994
vt 0.360623 0.613603
vt 0.363764 0.609776
vt 0.367842 0.613853
vt 0.347501 0.656862
vt 0.347986 0.661789
vt 0.326191 0.648035
vt 0.322364 0.651176
vt 0.319161 0.646381
vt 0.323527 0.644047
vt 0.366679 0.644047
vt 0.368514 0.639616
vt 0.373252 0.641053
vt 0.371045 0.646381
vt 0.347501 0.608167
vt 0.342705 0.608167
vt 0.342220 0.603240
vt 0.347986 0.603240
vt 0.353642 0.604365
vt 0.352205 0.609103
vt 0.356636 0.610938
vt 0.358970 0.606572
vt 0.369450 0.634912
vt 0.374377 0.635398
vt 0.321692 0.639616
vt 0.316954 0.641053
vt 0.639580 0.202967
vt 0.640577 0.202967
vt 0.640577 0.206674
vt 0.639580 0.206674
vt 0.249294 0.370535
vt 0.250292 0.370535
vt 0.250292 0.374242
vt 0.249294 0.374242
vt 0.249294 0.378472
vt 0.250292 0.378472
vt 0.250292 0.383061
vt 0.249294 0.383061
vt 0.338001 0.609103
vt 0.333570 0.610938
vt 0.331237 0.606572
vt 0.336564 0.604365
vt 0.554735 0.503965
vt 0.555733 0.503965
vt 0.555733 0.499375
vt 0.554735 0.499375
vt 0.639580 0.233858
vt 0.640577 0.233858
vt 0.640577 0.237565
vt 0.639580 0.237565
vt 0.639580 0.229628
vt 0.640577 0.229628
vt 0.639580 0.220266
vt 0.640577 0.220266
vt 0.640577 0.225039
vt 0.639580 0.225039
vt 0.586552 0.469302
vt 0.587549 0.469302
vt 0.587549 0.465072
vt 0.586552 0.465072
vt 0.586552 0.460483
vt 0.587549 0.460483
vt 0.587549 0.455710
vt 0.586552 0.455710
vt 0.586552 0.473009
vt 0.587549 0.473009
vt 0.431102 0.723718
vt 0.432708 0.723825
vt 0.432708 0.719781
vt 0.431102 0.719781
vt 0.586552 0.446348
vt 0.587549 0.446348
vt 0.587549 0.442118
vt 0.586552 0.442118
vt 0.586552 0.450937
vt 0.587549 0.450937
vt 0.554735 0.526037
vt 0.555733 0.526037
vt 0.555733 0.522330
vt 0.554735 0.522330
vt 0.555733 0.495146
vt 0.554735 0.495146
vt 0.639580 0.210904
vt 0.640577 0.210904
vt 0.640577 0.215493
vt 0.639580 0.215493
vt 0.555733 0.491438
vt 0.554735 0.491438
vt 0.250292 0.387834
vt 0.249294 0.387834
vt 0.249294 0.397196
vt 0.250292 0.397196
vt 0.250292 0.401426
vt 0.249294 0.401426
vt 0.250292 0.405133
vt 0.249294 0.405133
vt 0.603239 0.335670
vt 0.604020 0.336621
vt 0.607063 0.333577
vt 0.606112 0.332797
vt 0.588057 0.299017
vt 0.587936 0.297792
vt 0.583714 0.298632
vt 0.584071 0.299810
vt 0.250292 0.392607
vt 0.249294 0.392607
vt 0.609455 0.329998
vt 0.608370 0.329418
vt 0.554735 0.518100
vt 0.555733 0.518100
vt 0.555733 0.513511
vt 0.554735 0.513511
vt 0.555733 0.508738
vt 0.554735 0.508738
vt 0.719137 0.750125
vt 0.717004 0.750335
vt 0.718021 0.755451
vt 0.720017 0.760270
vt 0.721908 0.759260
vt 0.720073 0.754829
vt 0.726604 0.727158
vt 0.722915 0.730846
vt 0.724573 0.732206
vt 0.727964 0.728815
vt 0.731952 0.726151
vt 0.730941 0.724260
vt 0.727964 0.766638
vt 0.726604 0.768296
vt 0.730941 0.771194
vt 0.735760 0.773190
vt 0.736383 0.771138
vt 0.731952 0.769303
vt 0.762396 0.763247
vt 0.764054 0.764607
vt 0.766952 0.760270
vt 0.768948 0.755451
vt 0.766896 0.754829
vt 0.765061 0.759260
vt 0.722915 0.764607
vt 0.724573 0.763247
vt 0.755017 0.769303
vt 0.756028 0.771194
vt 0.760365 0.768296
vt 0.759005 0.766638
vt 0.745883 0.723380
vt 0.746093 0.721246
vt 0.740876 0.721246
vt 0.741087 0.723380
vt 0.769966 0.750335
vt 0.769966 0.745119
vt 0.767832 0.745329
vt 0.767832 0.750125
vt 0.720073 0.740625
vt 0.718021 0.740003
vt 0.717004 0.745119
vt 0.719137 0.745329
vt 0.720017 0.735183
vt 0.721908 0.736194
vt 0.762396 0.732207
vt 0.764054 0.730846
vt 0.760365 0.727158
vt 0.756028 0.724260
vt 0.755017 0.726151
vt 0.759005 0.728815
vt 0.766896 0.740625
vt 0.768948 0.740003
vt 0.766952 0.735183
vt 0.765061 0.736194
vt 0.751209 0.722264
vt 0.750586 0.724315
vt 0.735760 0.722264
vt 0.736383 0.724315
vt 0.878445 0.476597
vt 0.882692 0.475817
vt 0.882692 0.471572
vt 0.878445 0.472565
vt 0.201809 0.873182
vt 0.206056 0.873182
vt 0.206056 0.867716
vt 0.201809 0.867990
vt 0.577247 0.856277
vt 0.581493 0.855497
vt 0.581493 0.860340
vt 0.577247 0.860878
vt 0.878445 0.481198
vt 0.882692 0.480660
vt 0.577247 0.852245
vt 0.581493 0.851252
vt 0.878445 0.486189
vt 0.882692 0.485915
vt 0.715119 0.887965
vt 0.719366 0.888745
vt 0.719366 0.892990
vt 0.715119 0.891997
vt 0.878445 0.491380
vt 0.882692 0.491380
vt 0.715119 0.883364
vt 0.719366 0.883902
vt 0.878445 0.496572
vt 0.882692 0.496846
vt 0.715119 0.878373
vt 0.719366 0.878647
vt 0.878445 0.501563
vt 0.882692 0.502101
vt 0.715119 0.873182
vt 0.719366 0.873182
vt 0.878445 0.506164
vt 0.882692 0.506944
vt 0.715119 0.867990
vt 0.719366 0.867716
vt 0.878445 0.510196
vt 0.882692 0.511189
vt 0.715119 0.862999
vt 0.719366 0.862461
vt 0.577247 0.885844
vt 0.581493 0.886624
vt 0.581493 0.890869
vt 0.577247 0.889876
vt 0.715119 0.858398
vt 0.719366 0.857618
vt 0.577247 0.881243
vt 0.581493 0.881781
vt 0.201809 0.878373
vt 0.206056 0.878647
vt 0.715119 0.854366
vt 0.719366 0.853373
vt 0.577247 0.876252
vt 0.581493 0.876526
vt 0.201809 0.883364
vt 0.206056 0.883902
vt 0.201809 0.858398
vt 0.206056 0.857618
vt 0.206056 0.853373
vt 0.201809 0.854366
vt 0.577247 0.871060
vt 0.581493 0.871060
vt 0.201809 0.887965
vt 0.206056 0.888745
vt 0.201809 0.862999
vt 0.206056 0.862461
vt 0.577247 0.865869
vt 0.581493 0.865595
vt 0.201809 0.891997
vt 0.206056 0.892990
vt 0.886627 0.491380
vt 0.886627 0.486128
vt 0.723301 0.883485
vt 0.723301 0.888140
vt 0.886627 0.496633
vt 0.723301 0.878434
vt 0.886627 0.501684
vt 0.723301 0.873182
vt 0.886627 0.506339
vt 0.723301 0.867929
vt 0.886627 0.510419
vt 0.723301 0.862878
vt 0.585428 0.886019
vt 0.585428 0.890099
vt 0.723301 0.858223
vt 0.585428 0.881364
vt 0.209991 0.878434
vt 0.209991 0.873182
vt 0.723301 0.854143
vt 0.585428 0.876313
vt 0.209991 0.883485
vt 0.209991 0.858223
vt 0.209991 0.854143
vt 0.585428 0.871060
vt 0.209991 0.888140
vt 0.209991 0.862878
vt 0.585428 0.865808
vt 0.209991 0.892220
vt 0.209991 0.867929
vt 0.585428 0.860757
vt 0.886627 0.476422
vt 0.886627 0.472342
vt 0.585428 0.856102
vt 0.886627 0.481077
vt 0.585428 0.852022
vt 0.723301 0.892220
vt 0.099377 0.704578
vt 0.097516 0.708060
vt 0.093355 0.706336
vt 0.094501 0.702558
vt 0.084046 0.755118
vt 0.084433 0.751189
vt 0.088937 0.751189
vt 0.089324 0.755118
vt 0.103766 0.707511
vt 0.101261 0.710562
vt 0.078870 0.754088
vt 0.080016 0.750310
vt 0.107498 0.711243
vt 0.104446 0.713747
vt 0.073993 0.752068
vt 0.075854 0.748586
vt 0.110430 0.715631
vt 0.106948 0.717492
vt 0.059891 0.725684
vt 0.063820 0.726071
vt 0.063820 0.730575
vt 0.059891 0.730962
vt 0.069605 0.749136
vt 0.072109 0.746084
vt 0.112450 0.720508
vt 0.108672 0.721654
vt 0.060920 0.720508
vt 0.064699 0.721654
vt 0.065873 0.745404
vt 0.068925 0.742899
vt 0.113480 0.725684
vt 0.109551 0.726071
vt 0.062940 0.715631
vt 0.066422 0.717492
vt 0.062940 0.741015
vt 0.066422 0.739154
vt 0.113480 0.730962
vt 0.109551 0.730575
vt 0.065873 0.711243
vt 0.068925 0.713747
vt 0.060920 0.736139
vt 0.064699 0.734993
vt 0.112450 0.736139
vt 0.108672 0.734993
vt 0.069605 0.707511
vt 0.072109 0.710562
vt 0.110430 0.741015
vt 0.106948 0.739154
vt 0.073993 0.704578
vt 0.075854 0.708060
vt 0.107498 0.745404
vt 0.104446 0.742899
vt 0.078870 0.702558
vt 0.080016 0.706336
vt 0.103766 0.749136
vt 0.101261 0.746084
vt 0.084046 0.701529
vt 0.084433 0.705458
vt 0.099377 0.752068
vt 0.097516 0.748586
vt 0.089324 0.701529
vt 0.088937 0.705458
vt 0.094501 0.754088
vt 0.093355 0.750310
vt 0.717929 0.461313
vt 0.721651 0.460244
vt 0.721651 0.463733
vt 0.717929 0.465285
vt 0.425215 0.724263
vt 0.428937 0.723718
vt 0.428937 0.719781
vt 0.425215 0.719781
vt 0.739140 0.635659
vt 0.742862 0.637635
vt 0.742862 0.640693
vt 0.739140 0.639141
vt 0.717929 0.457003
vt 0.721651 0.456458
vt 0.425215 0.728574
vt 0.428937 0.727504
vt 0.425215 0.707016
vt 0.428937 0.708569
vt 0.428937 0.705511
vt 0.425215 0.703535
vt 0.717929 0.452520
vt 0.721651 0.452520
vt 0.425215 0.732546
vt 0.428937 0.730993
vt 0.425215 0.710989
vt 0.428937 0.712058
vt 0.717929 0.448038
vt 0.721651 0.448583
vt 0.425215 0.736028
vt 0.428937 0.734052
vt 0.425215 0.715299
vt 0.428937 0.715844
vt 0.717929 0.443728
vt 0.721651 0.444797
vt 0.079473 0.715501
vt 0.083194 0.717053
vt 0.083194 0.713995
vt 0.079473 0.712019
vt 0.717929 0.439756
vt 0.721651 0.441308
vt 0.079473 0.719473
vt 0.083194 0.720542
vt 0.717929 0.436274
vt 0.721651 0.438250
vt 0.079473 0.723783
vt 0.083194 0.724328
vt 0.739140 0.664670
vt 0.742862 0.663118
vt 0.742862 0.666176
vt 0.739140 0.668152
vt 0.079473 0.728266
vt 0.083194 0.728266
vt 0.739140 0.660698
vt 0.742862 0.659629
vt 0.079473 0.732748
vt 0.083194 0.732203
vt 0.739140 0.656388
vt 0.742862 0.655843
vt 0.079473 0.737058
vt 0.083194 0.735989
vt 0.739140 0.651905
vt 0.742862 0.651905
vt 0.079473 0.741030
vt 0.083194 0.739478
vt 0.739140 0.647423
vt 0.742862 0.647968
vt 0.079473 0.744512
vt 0.083194 0.742536
vt 0.739140 0.643113
vt 0.742862 0.644182
vt 0.721651 0.466791
vt 0.717929 0.468767
vt 0.723816 0.448583
vt 0.723816 0.452520
vt 0.431102 0.734052
vt 0.431102 0.730993
vt 0.431102 0.715844
vt 0.431102 0.712058
vt 0.723816 0.444797
vt 0.085360 0.717053
vt 0.085360 0.713995
vt 0.723816 0.441308
vt 0.085360 0.720542
vt 0.723816 0.438250
vt 0.085360 0.724328
vt 0.745027 0.663118
vt 0.745027 0.666176
vt 0.085360 0.728266
vt 0.745027 0.659629
vt 0.085360 0.732203
vt 0.745027 0.655843
vt 0.085360 0.735989
vt 0.745027 0.651905
vt 0.085360 0.739478
vt 0.745027 0.647968
vt 0.085360 0.742536
vt 0.745027 0.644182
vt 0.723816 0.463733
vt 0.723816 0.466791
vt 0.745027 0.640693
vt 0.723816 0.460244
vt 0.745027 0.637635
vt 0.723816 0.456458
vt 0.431102 0.727504
vt 0.431102 0.708569
vt 0.431102 0.705511
vt 0.610718 0.321678
vt 0.611942 0.321799
vt 0.611942 0.317494
vt 0.610718 0.317614
vt 0.574065 0.332797
vt 0.573114 0.333577
vt 0.576158 0.336621
vt 0.576938 0.335670
vt 0.608370 0.309874
vt 0.609455 0.309295
vt 0.607063 0.305715
vt 0.606112 0.306496
vt 0.579737 0.300280
vt 0.580317 0.301365
vt 0.588057 0.340276
vt 0.587936 0.341500
vt 0.592241 0.341500
vt 0.592120 0.340276
vt 0.599860 0.301365
vt 0.600440 0.300280
vt 0.596463 0.298632
vt 0.596106 0.299810
vt 0.592120 0.299017
vt 0.592241 0.297792
vt 0.571807 0.329418
vt 0.570722 0.329998
vt 0.596463 0.340660
vt 0.596106 0.339483
vt 0.600440 0.339013
vt 0.599860 0.337928
vt 0.571807 0.309875
vt 0.570722 0.309295
vt 0.569075 0.313272
vt 0.570252 0.313629
vt 0.604019 0.302671
vt 0.603239 0.303622
vt 0.611102 0.313272
vt 0.609925 0.313629
vt 0.580317 0.337928
vt 0.579737 0.339013
vt 0.583714 0.340660
vt 0.584071 0.339483
vt 0.086966 0.739782
vt 0.086966 0.736198
vt 0.746633 0.655949
vt 0.746633 0.659838
vt 0.746633 0.651905
vt 0.568235 0.317494
vt 0.569459 0.317614
vt 0.570252 0.325664
vt 0.569075 0.326021
vt 0.576158 0.302671
vt 0.576938 0.303622
vt 0.574065 0.306496
vt 0.573114 0.305715
vt 0.609925 0.325664
vt 0.611102 0.326021
vt 0.432708 0.727714
vt 0.568235 0.321799
vt 0.569459 0.321678
vt 0.746633 0.643973
vt 0.746633 0.647861
vt 0.820845 0.603772
vt 0.821493 0.601636
vt 0.824928 0.603058
vt 0.823875 0.605028
vt 0.725422 0.464037
vt 0.725422 0.467178
vt 0.086966 0.732310
vt 0.746633 0.637248
vt 0.746633 0.640389
vt 0.725422 0.452520
vt 0.725422 0.456564
vt 0.725422 0.448476
vt 0.086966 0.742923
vt 0.432708 0.708265
vt 0.432708 0.705123
vt 0.725422 0.460453
vt 0.086966 0.720333
vt 0.086966 0.716749
vt 0.086966 0.728266
vt 0.086966 0.724222
vt 0.432708 0.715737
vt 0.746633 0.663422
vt 0.432708 0.731298
vt 0.086966 0.713608
vt 0.746633 0.666563
vt 0.725422 0.444588
vt 0.432708 0.711848
vt 0.826602 0.606850
vt 0.828019 0.605124
vt 0.830648 0.607753
vt 0.828922 0.609169
vt 0.832714 0.628724
vt 0.830744 0.627672
vt 0.015743 0.939727
vt 0.015743 0.937422
vt 0.019443 0.937422
vt 0.019007 0.939727
vt 0.725422 0.437863
vt 0.725422 0.441004
vt 0.292154 0.956191
vt 0.293341 0.956345
vt 0.801231 0.611897
vt 0.803053 0.609169
vt 0.499459 0.606041
vt 0.500584 0.606041
vt 0.500584 0.610160
vt 0.499459 0.610160
vt 0.020086 0.709368
vt 0.021211 0.709368
vt 0.021211 0.712695
vt 0.020086 0.712695
vt 0.499459 0.602244
vt 0.500584 0.602244
vt 0.020086 0.705571
vt 0.021211 0.705571
vt 0.238561 0.669635
vt 0.239686 0.669635
vt 0.239686 0.665351
vt 0.238561 0.665351
vt 0.499459 0.598916
vt 0.500584 0.598916
vt 0.020086 0.701452
vt 0.021211 0.701452
vt 0.238561 0.673754
vt 0.239686 0.673754
vt 0.238561 0.653151
vt 0.239686 0.653151
vt 0.239686 0.649823
vt 0.238561 0.649823
vt 0.020086 0.697168
vt 0.021211 0.697168
vt 0.238561 0.677551
vt 0.239686 0.677551
vt 0.238561 0.656947
vt 0.239686 0.656947
vt 0.020086 0.692884
vt 0.021211 0.692884
vt 0.238561 0.680879
vt 0.239686 0.680879
vt 0.238561 0.661067
vt 0.239686 0.661067
vt 0.020086 0.688764
vt 0.021211 0.688764
vt 0.087962 0.655272
vt 0.089087 0.655272
vt 0.089087 0.651944
vt 0.087962 0.651944
vt 0.020086 0.684968
vt 0.021211 0.684968
vt 0.087962 0.659069
vt 0.089087 0.659069
vt 0.020086 0.681640
vt 0.021211 0.681640
vt 0.087962 0.663188
vt 0.089087 0.663188
vt 0.499459 0.626644
vt 0.500584 0.626644
vt 0.500584 0.629972
vt 0.499459 0.629972
vt 0.087962 0.667472
vt 0.089087 0.667472
vt 0.499459 0.622848
vt 0.500584 0.622848
vt 0.087962 0.671756
vt 0.089087 0.671756
vt 0.499459 0.618728
vt 0.500584 0.618728
vt 0.087962 0.675875
vt 0.089087 0.675875
vt 0.499459 0.614444
vt 0.500584 0.614444
vt 0.087962 0.679672
vt 0.089087 0.679672
vt 0.087962 0.683000
vt 0.089087 0.683000
vt 0.799336 0.618144
vt 0.797114 0.617925
vt 0.797839 0.614279
vt 0.799976 0.614927
vt 0.805373 0.632719
vt 0.803956 0.634445
vt 0.801327 0.631816
vt 0.803053 0.630399
vt 0.799262 0.628725
vt 0.801231 0.627672
vt 0.830648 0.631816
vt 0.828922 0.630399
vt 0.832639 0.618144
vt 0.834862 0.617925
vt 0.432708 0.734439
vt 0.797114 0.621643
vt 0.797839 0.625290
vt 0.794974 0.626159
vt 0.794134 0.621937
vt 0.817846 0.600910
vt 0.814129 0.600910
vt 0.813835 0.597931
vt 0.818140 0.597931
vt 0.828019 0.634445
vt 0.826603 0.632719
vt 0.587549 0.438411
vt 0.586552 0.438411
vt 0.817628 0.603132
vt 0.952133 0.080674
vt 0.951698 0.078369
vt 0.955398 0.078369
vt 0.955398 0.080674
vt 0.835354 0.630136
vt 0.832962 0.633715
vt 0.814348 0.603132
vt 0.138768 0.941848
vt 0.138768 0.939543
vt 0.135068 0.939543
vt 0.135503 0.941848
vt 0.824928 0.636510
vt 0.823875 0.634541
vt 0.959098 0.078369
vt 0.958662 0.080674
vt 0.802057 0.602809
vt 0.805636 0.600418
vt 0.817628 0.636436
vt 0.817847 0.638658
vt 0.814129 0.638658
vt 0.814348 0.636436
vt 0.832713 0.610844
vt 0.830744 0.611897
vt 0.837841 0.621937
vt 0.837001 0.626159
vt 0.012479 0.939727
vt 0.012043 0.937422
vt 0.811130 0.635796
vt 0.810482 0.637933
vt 0.807047 0.636510
vt 0.808100 0.634541
vt 0.821493 0.637933
vt 0.822362 0.640798
vt 0.818140 0.641638
vt 0.826339 0.600418
vt 0.829918 0.602809
vt 0.142032 0.941848
vt 0.142468 0.939543
vt 0.799336 0.621424
vt 0.012028 0.957869
vt 0.012028 0.967229
vt 0.010349 0.967229
vt 0.010349 0.957869
vt 0.209908 0.941848
vt 0.210343 0.939543
vt 0.206643 0.939543
vt 0.206643 0.941848
vt 0.794974 0.613410
vt 0.826339 0.639151
vt 0.794134 0.617632
vt 0.813835 0.641638
vt 0.829919 0.636759
vt 0.810482 0.601636
vt 0.809613 0.598770
vt 0.822362 0.598770
vt 0.832962 0.605853
vt 0.835354 0.609433
vt 0.809613 0.640798
vt 0.805636 0.639151
vt 0.802057 0.636759
vt 0.799013 0.633715
vt 0.834136 0.614279
vt 0.837001 0.613410
vt 0.796621 0.630136
vt 0.837841 0.617632
vt 0.131903 0.959990
vt 0.131903 0.969351
vt 0.133374 0.969351
vt 0.133374 0.959990
vt 0.201064 0.945103
vt 0.201623 0.948358
vt 0.204084 0.948358
vt 0.203799 0.945103
vt 0.214744 0.945103
vt 0.213932 0.948358
vt 0.215920 0.948358
vt 0.216954 0.945103
vt 0.015743 0.942982
vt 0.015743 0.946236
vt 0.013184 0.946236
vt 0.012898 0.942982
vt 0.198543 0.945103
vt 0.199355 0.948358
vt 0.212223 0.945103
vt 0.211664 0.948358
vt 0.018588 0.942982
vt 0.018302 0.946236
vt 0.196333 0.945103
vt 0.197367 0.948358
vt 0.209488 0.945103
vt 0.209203 0.948358
vt 0.021323 0.942982
vt 0.020763 0.946236
vt 0.146869 0.945103
vt 0.146056 0.948358
vt 0.148044 0.948358
vt 0.149078 0.945103
vt 0.206643 0.945103
vt 0.206643 0.948358
vt 0.023844 0.942982
vt 0.023031 0.946236
vt 0.144348 0.945103
vt 0.143788 0.948358
vt 0.026053 0.942982
vt 0.025019 0.946236
vt 0.141612 0.945103
vt 0.141327 0.948358
vt 0.947297 0.083929
vt 0.948110 0.087184
vt 0.946122 0.087184
vt 0.945087 0.083929
vt 0.138768 0.945103
vt 0.138768 0.948358
vt 0.949818 0.083929
vt 0.950378 0.087184
vt 0.135923 0.945103
vt 0.136208 0.948358
vt 0.952553 0.083929
vt 0.133188 0.945103
vt 0.133748 0.948358
vt 0.955398 0.083929
vt 0.130667 0.945103
vt 0.131480 0.948358
vt 0.958242 0.083929
vt 0.957957 0.087184
vt 0.128457 0.945103
vt 0.129492 0.948358
vt 0.960978 0.083929
vt 0.960418 0.087184
vt 0.007642 0.942982
vt 0.008455 0.946236
vt 0.006467 0.946236
vt 0.005433 0.942982
vt 0.963499 0.083929
vt 0.962686 0.087184
vt 0.010163 0.942982
vt 0.010723 0.946236
vt 0.965708 0.083929
vt 0.964674 0.087184
vt 0.009340 0.939727
vt 0.967229 0.080674
vt 0.964694 0.080674
vt 0.203379 0.941848
vt 0.006447 0.939727
vt 0.961801 0.080674
vt 0.003911 0.939727
vt 0.126936 0.941848
vt 0.129472 0.941848
vt 0.132364 0.941848
vt 0.948995 0.080674
vt 0.946102 0.080674
vt 0.943566 0.080674
vt 0.145171 0.941848
vt 0.027575 0.939727
vt 0.025039 0.939727
vt 0.148064 0.941848
vt 0.022146 0.939727
vt 0.150599 0.941848
vt 0.213047 0.941848
vt 0.194812 0.941848
vt 0.197347 0.941848
vt 0.215940 0.941848
vt 0.200240 0.941848
vt 0.218475 0.941848
vt 0.140662 0.959990
vt 0.142483 0.959990
vt 0.144161 0.959990
vt 0.957292 0.098816
vt 0.950004 0.098816
vt 0.948533 0.098816
vt 0.951683 0.098816
vt 0.135053 0.959990
vt 0.138768 0.959990
vt 0.008878 0.957869
vt 0.136874 0.959990
vt 0.959113 0.098816
vt 0.019458 0.957869
vt 0.017637 0.957869
vt 0.015743 0.957869
vt 0.013849 0.957869
vt 0.960791 0.098816
vt 0.962262 0.098816
vt 0.204750 0.959990
vt 0.206643 0.959990
vt 0.202928 0.959990
vt 0.212037 0.959990
vt 0.213508 0.959990
vt 0.199779 0.959990
vt 0.201250 0.959990
vt 0.210359 0.959990
vt 0.208537 0.959990
vt 0.145632 0.959990
vt 0.022608 0.957869
vt 0.021136 0.957869
vt 0.135053 0.969351
vt 0.957292 0.108177
vt 0.955398 0.108177
vt 0.210359 0.969351
vt 0.212037 0.969351
vt 0.008878 0.967229
vt 0.960791 0.108177
vt 0.959113 0.108177
vt 0.962262 0.108177
vt 0.015743 0.967229
vt 0.013849 0.967229
vt 0.017637 0.967229
vt 0.201250 0.969351
vt 0.202928 0.969351
vt 0.951683 0.108177
vt 0.950004 0.108177
vt 0.199779 0.969351
vt 0.204750 0.969351
vt 0.136874 0.969351
vt 0.286055 0.960878
vt 0.286370 0.959753
vt 0.286824 0.958724
vt 0.918636 0.712481
vt 0.920621 0.709510
vt 0.913105 0.705492
vt 0.912048 0.707075
vt 0.910702 0.708420
vt 0.909119 0.709478
vt 0.907361 0.710206
vt 0.905495 0.710577
vt 0.903592 0.710577
vt 0.901725 0.710206
vt 0.899967 0.709478
vt 0.898384 0.708420
vt 0.897039 0.707075
vt 0.895981 0.705492
vt 0.895253 0.703734
vt 0.894882 0.701867
vt 0.886400 0.702703
vt 0.887098 0.706208
vt 0.888465 0.709510
vt 0.890451 0.712481
vt 0.892978 0.715008
vt 0.895949 0.716994
vt 0.899251 0.718361
vt 0.902756 0.719059
vt 0.906330 0.719059
vt 0.909835 0.718361
vt 0.913137 0.716994
vt 0.916109 0.715008
vt 0.913137 0.684838
vt 0.907635 0.695131
vt 0.906447 0.694639
vt 0.909835 0.683470
vt 0.692188 0.973457
vt 0.899473 0.705077
vt 0.900382 0.705986
vt 0.692188 0.970305
vt 0.002825 0.978998
vt 0.016054 0.981275
vt 0.016054 0.982554
vt 0.002825 0.982554
vt 0.916108 0.686823
vt 0.908704 0.695845
vt 0.002825 0.989531
vt 0.909614 0.696755
vt 0.002825 0.992683
vt 0.909614 0.705077
vt 0.974297 0.990562
vt 0.901451 0.706701
vt 0.692188 0.983990
vt 0.705417 0.981713
vt 0.705417 0.980433
vt 0.692188 0.980433
vt 0.974297 0.533563
vt 0.901451 0.695131
vt 0.900382 0.695845
vt 0.974297 0.530143
vt 0.692188 0.987410
vt 0.898015 0.700273
vt 0.898015 0.701559
vt 0.974297 0.547248
vt 0.905186 0.694388
vt 0.974297 0.544096
vt 0.974297 0.537120
vt 0.987525 0.537120
vt 0.987525 0.535840
vt 0.888465 0.692322
vt 0.898758 0.697824
vt 0.898266 0.699012
vt 0.887097 0.695624
vt 0.902639 0.707193
vt 0.705417 0.979154
vt 0.692188 0.976877
vt 0.910328 0.704008
vt 0.910820 0.702820
vt 0.921989 0.706208
vt 0.002825 0.975578
vt 0.911071 0.701559
vt 0.911071 0.700273
vt 0.692188 0.990562
vt 0.890451 0.689350
vt 0.899473 0.696755
vt 0.898758 0.704008
vt 0.974297 0.526991
vt 0.016054 0.983834
vt 0.002825 0.986111
vt 0.284834 0.956580
vt 0.287523 0.957830
vt 0.288547 0.957106
vt 0.974297 0.980433
vt 0.987525 0.980433
vt 0.987525 0.981713
vt 0.974297 0.976877
vt 0.987525 0.979154
vt 0.910328 0.697824
vt 0.974297 0.973457
vt 0.903900 0.707444
vt 0.905186 0.707444
vt 0.002825 0.972426
vt 0.974297 0.540676
vt 0.987525 0.538399
vt 0.903900 0.694388
vt 0.974297 0.970305
vt 0.948533 0.108177
vt 0.140662 0.969351
vt 0.142483 0.969351
vt 0.138768 0.969351
vt 0.144161 0.969351
vt 0.206643 0.969351
vt 0.019458 0.967229
vt 0.634256 0.040537
vt 0.636335 0.040537
vt 0.636335 0.044933
vt 0.634256 0.044933
vt 0.021136 0.967229
vt 0.953504 0.108177
vt 0.213508 0.969351
vt 0.145632 0.969351
vt 0.195185 0.738385
vt 0.197264 0.738385
vt 0.197264 0.742780
vt 0.195185 0.742780
vt 0.208537 0.969351
vt 0.627893 0.423214
vt 0.629972 0.423214
vt 0.629972 0.418254
vt 0.627893 0.418254
vt 0.704253 0.203863
vt 0.706332 0.203863
vt 0.706332 0.199093
vt 0.704253 0.199093
vt 0.195185 0.710676
vt 0.197264 0.710676
vt 0.197264 0.714529
vt 0.195185 0.714529
vt 0.629972 0.413484
vt 0.627893 0.413484
vt 0.636335 0.048786
vt 0.634256 0.048786
vt 0.629972 0.409088
vt 0.627893 0.409088
vt 0.197264 0.746633
vt 0.195185 0.746633
vt 0.629972 0.405235
vt 0.627893 0.405235
vt 0.634256 0.025847
vt 0.636335 0.025847
vt 0.636335 0.030807
vt 0.634256 0.030807
vt 0.195185 0.723694
vt 0.197264 0.723694
vt 0.197264 0.728655
vt 0.195185 0.728655
vt 0.627893 0.432944
vt 0.629972 0.432944
vt 0.629972 0.428174
vt 0.627893 0.428174
vt 0.634256 0.035767
vt 0.636335 0.035767
vt 0.627893 0.437339
vt 0.629972 0.437339
vt 0.704253 0.212112
vt 0.706332 0.212112
vt 0.706332 0.208259
vt 0.704253 0.208259
vt 0.195185 0.733615
vt 0.197264 0.733615
vt 0.634256 0.012829
vt 0.636335 0.012829
vt 0.636335 0.016682
vt 0.634256 0.016682
vt 0.704253 0.184403
vt 0.706332 0.184403
vt 0.706332 0.180008
vt 0.704253 0.180008
vt 0.195185 0.718925
vt 0.197264 0.718925
vt 0.286299 0.964460
vt 0.022608 0.967229
vt 0.704253 0.189173
vt 0.706332 0.189173
vt 0.706332 0.176155
vt 0.704253 0.176155
vt 0.704253 0.194133
vt 0.706332 0.194133
vt 0.672607 0.774401
vt 0.671634 0.779290
vt 0.671634 0.784274
vt 0.672607 0.789163
vt 0.674514 0.793768
vt 0.677283 0.797912
vt 0.680808 0.801436
vt 0.684952 0.804205
vt 0.689557 0.806113
vt 0.694445 0.807085
vt 0.699429 0.807085
vt 0.704318 0.806113
vt 0.708923 0.804205
vt 0.713067 0.801436
vt 0.716591 0.797912
vt 0.719361 0.793768
vt 0.721268 0.789163
vt 0.722240 0.784274
vt 0.722240 0.779290
vt 0.721268 0.774401
vt 0.719361 0.769797
vt 0.716591 0.765652
vt 0.713067 0.762128
vt 0.708923 0.759359
vt 0.704318 0.757451
vt 0.699429 0.756479
vt 0.694445 0.756479
vt 0.689557 0.757451
vt 0.684952 0.759359
vt 0.680808 0.762128
vt 0.677283 0.765652
vt 0.674514 0.769797
vt 0.202944 0.939543
vt 0.636335 0.021077
vt 0.634256 0.021077
vt 0.918636 0.689350
vt 0.906330 0.682773
vt 0.902756 0.682773
vt 0.899251 0.683470
vt 0.895949 0.684838
vt 0.892978 0.686823
vt 0.886400 0.699129
vt 0.894882 0.699964
vt 0.895253 0.698098
vt 0.895981 0.696340
vt 0.897039 0.694757
vt 0.898384 0.693411
vt 0.899967 0.692354
vt 0.901725 0.691626
vt 0.903592 0.691255
vt 0.905495 0.691255
vt 0.907361 0.691626
vt 0.909119 0.692354
vt 0.910702 0.693411
vt 0.912048 0.694757
vt 0.913105 0.696339
vt 0.913833 0.698098
vt 0.914204 0.699964
vt 0.914204 0.701867
vt 0.913833 0.703734
vt 0.922686 0.702703
vt 0.922686 0.699129
vt 0.921989 0.695624
vt 0.920621 0.692322
vt 0.627893 0.441192
vt 0.629972 0.441192
vt 0.289749 0.956579
vt 0.865568 0.392130
vt 0.865568 0.387061
vt 0.863447 0.338275
vt 0.863447 0.343344
vt 0.201659 0.023670
vt 0.201659 0.017950
vt 0.865568 0.382618
vt 0.863447 0.348844
vt 0.201659 0.012450
vt 0.201659 0.044401
vt 0.201659 0.039958
vt 0.863447 0.354564
vt 0.201659 0.007381
vt 0.201659 0.034889
vt 0.863447 0.360284
vt 0.201659 0.002938
vt 0.201659 0.029389
vt 0.863447 0.365784
vt 0.002274 0.005059
vt 0.002274 0.009502
vt 0.863447 0.370853
vt 0.002274 0.014571
vt 0.863447 0.375295
vt 0.002274 0.020071
vt 0.865568 0.424081
vt 0.865568 0.419638
vt 0.002274 0.025791
vt 0.865568 0.414569
vt 0.002274 0.031510
vt 0.865568 0.409069
vt 0.002274 0.037011
vt 0.865568 0.403350
vt 0.002274 0.042079
vt 0.865568 0.397630
vt 0.002274 0.046522
vt 0.863447 0.333832
vt 0.294530 0.956729
vt 0.290960 0.956270
vt 0.298018 0.962434
vt 0.297864 0.963621
vt 0.292959 0.968228
vt 0.291775 0.968299
vt 0.297948 0.961250
vt 0.285911 0.962055
vt 0.285990 0.963249
vt 0.297481 0.964810
vt 0.290598 0.968154
vt 0.705417 0.984077
vt 0.705417 0.985071
vt 0.706332 0.984707
vt 0.706300 0.983792
vt 0.705417 0.982943
vt 0.706248 0.982749
vt 0.706224 0.981615
vt 0.706220 0.980433
vt 0.706224 0.979252
vt 0.705417 0.977923
vt 0.706248 0.978118
vt 0.705417 0.976789
vt 0.706301 0.977075
vt 0.705417 0.975795
vt 0.706332 0.976160
vt 0.987525 0.976789
vt 0.987525 0.975795
vt 0.988441 0.975849
vt 0.988409 0.976849
vt 0.987525 0.977923
vt 0.988357 0.978035
vt 0.988333 0.979236
vt 0.988329 0.980426
vt 0.988332 0.981608
vt 0.987525 0.982943
vt 0.988357 0.982742
vt 0.987525 0.984078
vt 0.988409 0.983785
vt 0.987525 0.985071
vt 0.988440 0.984700
vt 0.016054 0.978910
vt 0.016054 0.977916
vt 0.016969 0.977977
vt 0.016937 0.978978
vt 0.016054 0.980044
vt 0.016885 0.980163
vt 0.016861 0.981364
vt 0.016857 0.982554
vt 0.016861 0.983745
vt 0.016054 0.985065
vt 0.016885 0.984946
vt 0.016054 0.986199
vt 0.016938 0.986131
vt 0.016054 0.987193
vt 0.016969 0.987132
vt 0.987525 0.540764
vt 0.987525 0.541758
vt 0.988441 0.541387
vt 0.988409 0.540471
vt 0.987525 0.539630
vt 0.988357 0.539428
vt 0.988333 0.538294
vt 0.988329 0.537113
vt 0.988332 0.535922
vt 0.987525 0.534610
vt 0.988357 0.534721
vt 0.987525 0.533476
vt 0.988409 0.533536
vt 0.987525 0.532482
vt 0.988440 0.532535
s 1
usemtl Black_Player.001
f 541/1/1 979/2/2 542/3/3 113/4/4 548/5/5 112/6/6
f 885/7/7 376/8/8 29/9/9 382/10/10
f 685/11/11 1083/12/12 691/13/13 175/14/14 678/15/15 1077/16/16
f 755/17/17 1128/18/18 762/19/19 215/20/20 748/21/21 1112/22/22
f 886/23/23 377/24/24 30/25/25 383/26/26
f 376/8/8 886/23/23 383/26/26 29/9/9
f 23/27/27 371/28/28 887/29/29 377/24/24
f 371/28/28 24/30/30 378/31/31 887/29/29
f 887/29/29 378/31/31 31/32/32 384/33/33
f 377/24/24 887/29/29 384/33/33 30/25/25
f 24/30/30 372/34/34 888/35/35 378/31/31
f 372/34/34 25/36/36 379/37/37 888/35/35
f 888/35/35 379/37/37 32/38/38 385/39/39
f 378/31/31 888/35/35 385/39/39 31/32/32
f 25/36/36 373/40/40 889/41/41 379/37/37
f 373/40/40 26/42/42 380/43/43 889/41/41
f 889/41/41 380/43/43 33/44/44 386/45/45
f 379/37/37 889/41/41 386/45/45 32/38/38
f 658/46/46 1055/47/47 576/48/48 1018/49/49 582/50/50 124/51/51
f 648/52/52 167/53/53 654/54/54 1048/55/55 641/56/56 160/57/57
f 380/43/43 890/58/58 387/59/59 33/44/44
f 382/10/10 29/9/9 389/60/60 891/61/61
f 891/61/61 389/60/60 36/62/62 395/63/63
f 388/64/64 891/61/61 395/63/63 35/65/65
f 29/9/9 383/26/26 892/66/66 389/60/60
f 383/26/26 30/25/25 390/67/67 892/66/66
f 892/66/66 390/67/67 37/68/68 396/69/69
f 389/60/60 892/66/66 396/69/69 36/62/62
f 30/25/25 384/33/33 893/70/70 390/67/67
f 384/33/33 31/32/32 391/71/71 893/70/70
f 893/70/70 391/71/71 38/72/72 397/73/73
f 390/67/67 893/70/70 397/73/73 37/68/68
f 31/32/32 385/39/39 894/74/74 391/71/71
f 385/39/39 32/38/38 392/75/75 894/74/74
f 894/74/74 392/75/75 39/76/76 398/77/77
f 391/71/71 894/74/74 398/77/77 38/72/72
f 32/38/38 386/45/45 895/78/78 392/75/75
f 386/45/45 33/44/44 393/79/79 895/78/78
f 895/78/78 393/79/79 40/80/80 399/81/81
f 392/75/75 895/78/78 399/81/81 39/76/76
f 33/44/44 387/59/59 896/82/82 393/79/79
f 736/83/83 209/84/84 742/85/85 1106/86/86 729/87/87 202/88/88
f 393/79/79 896/82/82 400/89/89 40/80/80
f 35/65/65 395/63/63 897/90/90 401/91/91
f 395/63/63 36/62/62 402/92/92 897/90/90
f 897/90/90 402/92/92 43/93/93 408/94/94
f 401/91/91 897/90/90 408/94/94 42/95/95
f 36/62/62 396/69/69 898/96/96 402/92/92
f 396/69/69 37/68/68 403/97/97 898/96/96
f 898/96/96 403/97/97 44/98/98 409/99/99
f 402/92/92 898/96/96 409/99/99 43/93/93
f 37/68/68 397/73/73 899/100/100 403/97/97
f 397/73/73 38/72/72 404/101/101 899/100/100
f 899/100/100 404/101/101 45/102/102 410/103/103
f 403/97/97 899/100/100 410/103/103 44/98/98
f 38/72/72 398/77/77 900/104/104 404/101/101
f 398/77/77 39/76/76 405/105/105 900/104/104
f 900/104/104 405/105/105 46/106/106 411/107/107
f 404/101/101 900/104/104 411/107/107 45/102/102
f 39/76/76 399/81/81 901/108/108 405/105/105
f 399/81/81 40/80/80 406/109/109 901/108/108
f 901/108/108 406/109/109 47/110/110 412/111/111
f 405/105/105 901/108/108 412/111/111 46/106/106
f 40/80/80 400/89/89 902/112/112 406/109/109
f 332/113/113 1073/114/114 667/115/115 1072/116/116 331/117/117
f 406/109/109 902/112/112 413/118/118 47/110/110
f 42/95/95 408/94/94 903/119/119 414/120/120
f 408/94/94 43/93/93 415/121/121 903/119/119
f 903/119/119 415/121/121 50/122/122 421/123/123
f 414/120/120 903/119/119 421/123/123 49/124/124
f 43/93/93 409/99/99 904/125/125 415/121/121
f 409/99/99 44/98/98 416/126/126 904/125/125
f 904/125/125 416/126/126 51/127/127 422/128/128
f 415/121/121 904/125/125 422/128/128 50/122/122
f 44/98/98 410/103/103 905/129/129 416/126/126
f 410/103/103 45/102/102 417/130/130 905/129/129
f 905/129/129 417/130/130 52/131/131 423/132/132
f 416/126/126 905/129/129 423/132/132 51/127/127
f 45/102/102 411/107/107 906/133/133 417/130/130
f 411/107/107 46/106/106 418/134/134 906/133/133
f 906/133/133 418/134/134 53/135/135 424/136/136
f 417/130/130 906/133/133 424/136/136 52/131/131
f 46/106/106 412/111/111 907/137/137 418/134/134
f 412/111/111 47/110/110 419/138/138 907/137/137
f 907/137/137 419/138/138 54/139/139 425/140/140
f 418/134/134 907/137/137 425/140/140 53/135/135
f 47/110/110 413/118/118 908/141/141 419/138/138
f 710/142/142 195/143/143 716/144/144 1094/145/145 703/146/146 188/147/147
f 419/138/138 908/141/141 426/148/148 54/139/139
f 49/124/124 421/123/123 909/149/149 427/150/150
f 421/123/123 50/122/122 428/151/151 909/149/149
f 909/149/149 428/151/151 57/152/152 434/153/153
f 737/154/154 1107/155/155 743/156/156 203/157/157 730/158/158 1101/159/159
f 50/122/122 422/128/128 910/160/160 428/151/151
f 422/128/128 51/127/127 429/161/161 910/160/160
f 910/160/160 429/161/161 58/162/162 435/163/163
f 428/151/151 910/160/160 435/163/163 57/152/152
f 51/127/127 423/132/132 911/164/164 429/161/161
f 423/132/132 52/131/131 430/165/165 911/164/164
f 911/164/164 430/165/165 59/166/166 436/167/167
f 429/161/161 911/164/164 436/167/167 58/162/162
f 52/131/131 424/136/136 912/168/168 430/165/165
f 424/136/136 53/135/135 431/169/169 912/168/168
f 912/168/168 431/169/169 60/170/170 437/171/171
f 430/165/165 912/168/168 437/171/171 59/166/166
f 53/135/135 425/140/140 913/172/172 431/169/169
f 425/140/140 54/139/139 432/173/173 913/172/172
f 913/172/172 432/173/173 61/174/174 438/175/175
f 431/169/169 913/172/172 438/175/175 60/170/170
f 54/139/139 426/148/148 914/176/176 432/173/173
f 534/177/177 111/178/178 540/179/179 978/180/180 527/181/181 104/182/182
f 432/173/173 914/176/176 439/183/183 61/174/174
f 434/153/153 57/152/152 441/184/184 915/185/185
f 571/186/186 120/187/187 578/188/188 1013/189/189 577/190/190 119/191/191
f 57/152/152 435/163/163 916/192/192 441/184/184
f 435/163/163 58/162/162 442/193/193 916/192/192
f 643/194/194 1044/195/195 644/196/196 163/197/197 650/198/198 162/199/199
f 58/162/162 436/167/167 917/200/200 442/193/193
f 436/167/167 59/166/166 443/201/201 917/200/200
f 917/200/200 443/201/201 66/202/202 449/203/203
f 442/193/193 917/200/200 449/203/203 65/204/204
f 59/166/166 437/171/171 918/205/205 443/201/201
f 437/171/171 60/170/170 444/206/206 918/205/205
f 918/205/205 444/206/206 67/207/207 450/208/208
f 443/201/201 918/205/205 450/208/208 66/202/202
f 60/170/170 438/175/175 919/209/209 444/206/206
f 438/175/175 61/174/174 445/210/210 919/209/209
f 919/209/209 445/210/210 68/211/211 451/212/212
f 444/206/206 919/209/209 451/212/212 67/207/207
f 61/174/174 439/183/183 920/213/213 445/210/210
f 381/214/214 34/215/215 387/59/59 890/58/58 374/216/216 27/217/217
f 553/218/218 1000/219/219 560/220/220 117/221/221 546/222/222 984/223/223
f 353/224/224 1134/225/225 281/226/226 921/227/227 280/228/228 1166/229/229
f 922/230/230 369/231/231 21/232/232 469/233/233 921/227/227 281/226/226 282/234/234
f 330/235/235 1071/236/236 665/237/237 1070/238/238 329/239/239
f 302/240/240 987/241/241 986/242/242 303/243/243
f 1114/244/244 1115/245/245 673/246/246 169/247/247 672/248/248
f 283/249/249 2/250/250 453/251/251 923/252/252
f 923/252/252 453/251/251 23/27/27 370/253/253
f 2/250/250 284/254/254 924/255/255 453/251/251
f 284/254/254 3/256/256 454/257/257 924/255/255
f 924/255/255 454/257/257 24/30/30 371/28/28
f 453/251/251 924/255/255 371/28/28 23/27/27
f 3/256/256 285/258/258 925/259/259 454/257/257
f 285/258/258 4/260/260 455/261/261 925/259/259
f 925/259/259 455/261/261 25/36/36 372/34/34
f 454/257/257 925/259/259 372/34/34 24/30/30
f 4/260/260 286/262/262 926/263/263 455/261/261
f 286/262/262 5/264/264 456/265/265 926/263/263
f 926/263/263 456/265/265 26/42/42 373/40/40
f 455/261/261 926/263/263 373/40/40 25/36/36
f 5/264/264 287/266/266 927/267/267 456/265/265
f 660/268/268 1063/269/269 345/270/270 346/271/271 1064/272/272 654/54/54 167/53/53
f 1127/273/273 368/274/274 1223/275/275 289/276/276 928/277/277 288/278/278
f 343/279/279 344/280/280 1063/281/269 1062/282/281
f 992/283/282 993/284/283 482/285/284 76/286/285 558/287/286
f 813/288/287 1146/289/288 814/290/289 218/291/290 773/292/291 217/293/292
f 306/294/293 1151/295/294 818/296/295 1150/297/296 307/298/297
f 293/299/298 294/300/299 933/301/300 932/302/301
f 994/303/302 995/304/303 508/305/304 90/306/305 495/307/306
f 364/308/307 365/309/308 1124/310/309 1123/311/310
f 1059/312/311 1060/313/312 622/314/313 146/315/314 609/316/315
f 786/317/316 785/318/317 779/319/318 1141/320/319 780/321/320 2037/322/321 2038/323/322
f 1122/324/323 1123/325/310 710/142/142 188/147/147 697/326/324
f 318/327/325 319/328/326 998/329/327 997/330/328
f 1121/331/329 1122/324/323 697/326/324 181/332/330 684/333/331
f 313/334/332 314/335/333 993/336/283 992/337/282
f 313/334/332 992/337/282 297/338/334 935/339/335 296/340/336 1216/341/337
f 272/342/338 856/343/339 1208/344/340 849/345/341 265/346/342 869/347/343 1222/348/344 870/349/345
f 459/350/346 936/351/347 298/352/348 6/353/349
f 67/207/207 451/212/212 937/354/350 460/355/351
f 451/212/212 68/211/211 459/350/346 937/354/350
f 937/354/350 459/350/346 6/353/349 299/356/352
f 460/355/351 937/354/350 299/356/352 7/357/353
f 66/202/202 450/208/208 938/358/354 461/359/355
f 450/208/208 67/207/207 460/355/351 938/358/354
f 938/358/354 460/355/351 7/357/353 300/360/356
f 461/359/355 938/358/354 300/360/356 8/361/357
f 65/204/204 449/203/203 939/362/358 462/363/359
f 449/203/203 66/202/202 461/359/355 939/362/358
f 939/362/358 461/359/355 8/361/357 301/364/360
f 462/363/359 939/362/358 301/364/360 9/365/361
f 448/366/362 65/204/204 462/363/359 940/367/363
f 940/367/363 462/363/359 9/365/361 302/368/240
f 350/369/364 1115/245/245 1114/244/244 351/370/365
f 338/371/366 339/372/367 1058/373/368 1057/374/369
f 1114/244/244 672/248/248 168/375/370 772/376/371 1113/377/372 352/378/373 351/370/365
f 354/379/374 1135/380/375 766/381/376 1134/225/225 353/224/224
f 304/382/377 985/383/378 312/384/379 1145/385/380 273/386/381 942/387/382
f 335/388/383 1076/389/384 670/390/385 1075/391/386 334/392/387
f 577/190/190 126/393/388 670/390/385 1076/389/384 671/394/389 119/191/191
f 744/395/390 1108/396/391 745/397/392 212/398/393 751/399/394 211/400/395
f 528/401/396 105/402/397 565/403/398 1008/404/399 566/405/400 98/406/401
f 1/407/402 466/408/403 945/409/404 276/410/405
f 466/408/403 42/95/95 414/120/120 945/409/404
f 945/409/404 414/120/120 49/124/124 465/411/406
f 420/412/407 55/413/408 426/148/148 908/141/141 413/118/118 48/414/409
f 467/415/410 35/65/65 401/91/91 946/416/411
f 946/416/411 401/91/91 42/95/95 466/408/403
f 277/417/412 946/416/411 466/408/403 1/407/402
f 363/418/413 364/308/307 1123/311/310 1122/419/323
f 629/420/414 154/421/415 666/422/416 1072/116/116 667/115/115 147/423/417
f 743/156/156 210/424/418 766/381/376 1135/380/375 767/425/419 203/157/157
f 642/426/420 1043/427/421 643/194/194 162/199/199 649/428/422 161/429/423
f 949/430/424 477/431/425 78/432/426 483/433/427
f 584/434/428 1019/435/429 590/436/430 126/393/388 577/190/190 1013/189/189
f 673/246/246 170/437/431 680/438/432 1078/439/433 679/440/434 169/247/247
f 950/441/435 478/442/436 79/443/437 484/444/438
f 477/431/425 950/441/435 484/444/438 78/432/426
f 72/445/439 472/446/440 951/447/441 478/442/436
f 472/446/440 73/448/442 479/449/443 951/447/441
f 951/447/441 479/449/443 80/450/444 485/451/445
f 478/442/436 951/447/441 485/451/445 79/443/437
f 73/448/442 473/452/446 952/453/447 479/449/443
f 473/452/446 74/454/448 480/455/449 952/453/447
f 952/453/447 480/455/449 81/456/450 486/457/451
f 479/449/443 952/453/447 486/457/451 80/450/444
f 74/454/448 474/458/452 953/459/453 480/455/449
f 474/458/452 75/460/454 481/461/455 953/459/453
f 953/459/453 481/461/455 82/462/456 487/463/457
f 480/455/449 953/459/453 487/463/457 81/456/450
f 219/464/458 224/465/459 2067/466/460 2068/467/461 774/468/462
f 749/469/463 216/470/464 755/17/17 1112/22/22 742/85/85 209/84/84
f 481/461/455 954/471/465 488/472/466 82/462/456
f 483/433/427 78/432/426 490/473/467 955/474/468
f 955/474/468 490/473/467 85/475/469 496/476/470
f 489/477/471 955/474/468 496/476/470 84/478/472
f 78/432/426 484/444/438 956/479/473 490/473/467
f 484/444/438 79/443/437 491/480/474 956/479/473
f 956/479/473 491/480/474 86/481/475 497/482/476
f 490/473/467 956/479/473 497/482/476 85/475/469
f 79/443/437 485/451/445 957/483/477 491/480/474
f 485/451/445 80/450/444 492/484/478 957/483/477
f 957/483/477 492/484/478 87/485/479 498/486/480
f 491/480/474 957/483/477 498/486/480 86/481/475
f 80/450/444 486/457/451 958/487/481 492/484/478
f 486/457/451 81/456/450 493/488/482 958/487/481
f 958/487/481 493/488/482 88/489/483 499/490/484
f 492/484/478 958/487/481 499/490/484 87/485/479
f 81/456/450 487/463/457 959/491/485 493/488/482
f 487/463/457 82/462/456 494/492/486 959/491/485
f 959/491/485 494/492/486 89/493/487 500/494/488
f 493/488/482 959/491/485 500/494/488 88/489/483
f 82/462/456 488/472/466 960/495/489 494/492/486
f 697/326/324 188/147/147 703/146/146 1088/496/490 690/497/491 181/332/330
f 494/492/486 960/495/489 501/498/492 89/493/487
f 84/478/472 496/476/470 961/499/493 502/500/494
f 496/476/470 85/475/469 503/501/495 961/499/493
f 961/499/493 503/501/495 92/502/496 509/503/497
f 502/500/494 961/499/493 509/503/497 91/504/498
f 85/475/469 497/482/476 962/505/499 503/501/495
f 497/482/476 86/481/475 504/506/500 962/505/499
f 962/505/499 504/506/500 93/507/501 510/508/502
f 503/501/495 962/505/499 510/508/502 92/502/496
f 86/481/475 498/486/480 963/509/503 504/506/500
f 498/486/480 87/485/479 505/510/504 963/509/503
f 963/509/503 505/510/504 94/511/505 511/512/506
f 504/506/500 963/509/503 511/512/506 93/507/501
f 87/485/479 499/490/484 964/513/507 505/510/504
f 499/490/484 88/489/483 506/514/508 964/513/507
f 964/513/507 506/514/508 95/515/509 512/516/510
f 505/510/504 964/513/507 512/516/510 94/511/505
f 88/489/483 500/494/488 965/517/511 506/514/508
f 500/494/488 89/493/487 507/518/512 965/517/511
f 965/517/511 507/518/512 96/519/513 513/520/514
f 506/514/508 965/517/511 513/520/514 95/515/509
f 89/493/487 501/498/492 966/521/515 507/518/512
f 609/316/315 146/315/314 615/522/516 1030/523/517 602/524/518 139/525/519
f 507/518/512 966/521/515 514/526/520 96/519/513
f 91/504/498 509/503/497 967/527/521 515/528/522
f 509/503/497 92/502/496 516/529/523 967/527/521
f 967/527/521 516/529/523 99/530/524 522/531/525
f 515/528/522 967/527/521 522/531/525 98/406/401
f 92/502/496 510/508/502 968/532/526 516/529/523
f 510/508/502 93/507/501 517/533/527 968/532/526
f 968/532/526 517/533/527 100/534/528 523/535/529
f 516/529/523 968/532/526 523/535/529 99/530/524
f 93/507/501 511/512/506 969/536/530 517/533/527
f 511/512/506 94/511/505 518/537/531 969/536/530
f 969/536/530 518/537/531 101/538/532 524/539/533
f 517/533/527 969/536/530 524/539/533 100/534/528
f 94/511/505 512/516/510 970/540/534 518/537/531
f 512/516/510 95/515/509 519/541/535 970/540/534
f 970/540/534 519/541/535 102/542/536 525/543/537
f 518/537/531 970/540/534 525/543/537 101/538/532
f 95/515/509 513/520/514 971/544/538 519/541/535
f 513/520/514 96/519/513 520/545/539 971/544/538
f 971/544/538 520/545/539 103/546/540 526/547/541
f 519/541/535 971/544/538 526/547/541 102/542/536
f 96/519/513 514/526/520 972/548/542 520/545/539
f 356/549/543 1137/550/544 768/551/545 1136/552/546 355/553/547
f 520/545/539 972/548/542 527/181/181 103/546/540
f 98/406/401 522/531/525 973/554/548 528/401/396
f 522/531/525 99/530/524 529/555/549 973/554/548
f 973/554/548 529/555/549 106/556/550 535/557/551
f 434/153/153 915/185/185 440/558/552 56/559/553 427/150/150 909/149/149
f 99/530/524 523/535/529 974/560/554 529/555/549
f 523/535/529 100/534/528 530/561/555 974/560/554
f 974/560/554 530/561/555 107/562/556 536/563/557
f 529/555/549 974/560/554 536/563/557 106/556/550
f 100/534/528 524/539/533 975/564/558 530/561/555
f 524/539/533 101/538/532 531/565/559 975/564/558
f 975/564/558 531/565/559 108/566/560 537/567/561
f 530/561/555 975/564/558 537/567/561 107/562/556
f 101/538/532 525/543/537 976/568/562 531/565/559
f 525/543/537 102/542/536 532/569/563 976/568/562
f 976/568/562 532/569/563 109/570/564 538/571/565
f 531/565/559 976/568/562 538/571/565 108/566/560
f 102/542/536 526/547/541 977/572/566 532/569/563
f 526/547/541 103/546/540 533/573/567 977/572/566
f 977/572/566 533/573/567 110/574/568 539/575/569
f 532/569/563 977/572/566 539/575/569 109/570/564
f 103/546/540 527/181/181 978/180/180 533/573/567
f 635/576/570 160/57/57 641/56/56 1042/577/571 628/578/572 153/579/573
f 533/573/567 978/180/180 540/179/179 110/574/568
f 535/557/551 106/556/550 542/3/3 979/2/2
f 743/156/156 1107/155/155 744/395/390 211/400/395 750/580/574 210/424/418
f 106/556/550 536/563/557 980/581/575 542/3/3
f 536/563/557 107/562/556 543/582/576 980/581/575
f 471/583/577 72/445/439 478/442/436 950/441/435 477/431/425 71/584/578
f 107/562/556 537/567/561 981/585/579 543/582/576
f 537/567/561 108/566/560 544/586/580 981/585/579
f 981/585/579 544/586/580 115/587/581 550/588/582
f 543/582/576 981/585/579 550/588/582 114/589/583
f 108/566/560 538/571/565 982/590/584 544/586/580
f 538/571/565 109/570/564 545/591/585 982/590/584
f 982/590/584 545/591/585 116/592/586 551/593/587
f 544/586/580 982/590/584 551/593/587 115/587/581
f 109/570/564 539/575/569 983/594/588 545/591/585
f 539/575/569 110/574/568 546/222/222 983/594/588
f 983/594/588 546/222/222 117/221/221 552/595/589
f 545/591/585 983/594/588 552/595/589 116/592/586
f 110/574/568 540/179/179 984/223/223 546/222/222
f 672/248/248 169/247/247 679/440/434 1077/16/16 678/15/15 168/375/370
f 456/265/265 927/267/267 374/216/216 890/58/58 380/43/43 26/42/42
f 766/381/376 210/424/418 750/580/574 1133/596/590 282/597/234 281/598/226 1134/225/225
f 671/394/389 1076/389/384 335/388/383 336/599/591 1049/600/592
f 326/601/593 1051/602/594 1050/603/595 327/604/596
f 447/605/597 64/606/598 448/366/362 940/367/363 941/607/599
f 302/240/240 9/608/361 554/609/600 987/241/241
f 987/241/241 554/609/600 72/445/439 471/583/577
f 9/608/361 301/610/360 988/611/601 554/609/600
f 301/610/360 8/612/357 555/613/602 988/611/601
f 988/611/601 555/613/602 73/448/442 472/446/440
f 554/609/600 988/611/601 472/446/440 72/445/439
f 8/612/357 300/614/356 989/615/603 555/613/602
f 300/614/356 7/616/353 556/617/604 989/615/603
f 989/615/603 556/617/604 74/454/448 473/452/446
f 555/613/602 989/615/603 473/452/446 73/448/442
f 7/616/353 299/618/352 990/619/605 556/617/604
f 299/618/352 6/620/349 557/621/606 990/619/605
f 990/619/605 557/621/606 75/460/454 474/458/452
f 556/617/604 990/619/605 474/458/452 74/454/448
f 6/620/349 298/622/348 991/623/607 557/621/606
f 761/624/608 1127/625/273 288/626/278 287/627/266 1128/18/18 755/17/17 216/470/464
f 986/242/242 470/628/609 70/629/610 570/630/611 985/383/378 304/382/377 303/243/243
f 1120/631/612 1121/331/329 684/333/331 174/632/613 760/633/614
f 290/634/615 291/635/616 930/636/617 929/637/618
f 933/638/300 934/639/619 446/640/620 62/641/621 433/642/622
f 341/643/623 342/644/624 1061/645/625 1060/646/312
f 238/647/626 798/648/627 2054/649/628 2055/650/629 237/651/630
f 292/652/631 293/299/298 932/302/301 931/653/632
f 931/654/632 932/655/301 420/412/407 48/414/409 407/656/633
f 365/309/308 366/657/634 1125/658/635 1124/310/309
f 1058/659/368 1059/312/311 609/316/315 139/525/519 596/660/636
f 366/657/634 367/661/637 1126/662/638 1125/658/635
f 993/284/283 994/303/302 495/307/306 83/663/639 482/285/284
f 289/276/276 290/634/615 929/637/618 928/277/277
f 928/664/277 929/665/618 381/214/214 27/217/217 457/666/640
f 337/667/641 1056/668/642 321/669/643 999/670/644 320/671/645 1209/672/646
f 345/673/270 1120/631/612 760/633/614 174/632/613 677/674/647 1119/675/648 346/676/271
f 560/220/220 1000/219/219 322/677/649 11/678/650
f 116/592/586 552/595/589 1001/679/651 561/680/652
f 552/595/589 117/221/221 560/220/220 1001/679/651
f 1001/679/651 560/220/220 11/678/650 323/681/653
f 561/680/652 1001/679/651 323/681/653 12/682/654
f 115/587/581 551/593/587 1002/683/655 562/684/656
f 551/593/587 116/592/586 561/680/652 1002/683/655
f 1002/683/655 561/680/652 12/682/654 324/685/657
f 562/684/656 1002/683/655 324/685/657 13/686/658
f 114/589/583 550/588/582 1003/687/659 563/688/660
f 550/588/582 115/587/581 562/684/656 1003/687/659
f 1003/687/659 562/684/656 13/686/658 325/689/661
f 563/688/660 1003/687/659 325/689/661 14/690/662
f 750/580/574 211/400/395 751/399/394 1132/691/663 1133/596/590
f 549/692/664 114/589/583 563/688/660 1004/693/665
f 1004/693/665 563/688/660 14/690/662 326/694/593
f 1069/695/666 1068/696/667 350/697/364 351/698/365
f 665/237/237 161/429/423 649/428/422 1069/695/666 351/698/365 352/699/373 1070/238/238
f 274/700/668 943/701/669 463/702/670 942/387/382 273/386/381
f 328/703/671 1049/600/592 336/704/591 1152/705/672 305/706/673 1006/707/674
f 331/117/117 1072/116/116 666/422/416 1071/236/236 330/235/235
f 678/15/15 175/14/14 771/708/675 1140/709/676 772/376/371 168/375/370
f 310/710/677 1011/711/678 568/712/679 1010/713/680 309/714/681
f 730/158/158 203/157/157 767/425/419 1136/552/546 768/551/545 196/715/682
f 10/716/683 567/717/684 1009/718/685 308/719/686
f 567/717/684 91/504/498 515/528/522 1009/718/685
f 1009/718/685 515/528/522 98/406/401 566/405/400
f 521/720/687 104/182/182 527/181/181 972/548/542 514/526/520 97/721/688
f 568/712/679 84/478/472 502/500/494 1010/713/680
f 1010/713/680 502/500/494 91/504/498 567/717/684
f 309/714/681 1010/713/680 567/717/684 10/716/683
f 307/722/297 1008/404/399 565/403/398 1007/723/689 306/724/293
f 427/150/150 56/559/553 464/725/690 944/726/691 465/411/406 49/124/124
f 440/558/552 63/727/692 463/702/670 943/701/669 464/725/690 56/559/553
f 470/628/609 71/584/578 477/431/425 949/430/424 476/728/693 70/629/610
f 1013/189/189 578/188/188 127/729/694 584/434/428
f 277/730/412 1169/731/695 830/732/696 1168/733/697 278/734/698
f 441/184/184 916/192/192 442/193/193 65/204/204 448/366/362 64/606/598
f 1014/735/699 579/736/700 128/737/701 585/738/702
f 578/188/188 1014/735/699 585/738/702 127/729/694
f 121/739/703 573/740/704 1015/741/705 579/736/700
f 573/740/704 122/742/706 580/743/707 1015/741/705
f 1015/741/705 580/743/707 129/744/708 586/745/709
f 579/736/700 1015/741/705 586/745/709 128/737/701
f 122/742/706 574/746/710 1016/747/711 580/743/707
f 574/746/710 123/748/712 581/749/713 1016/747/711
f 1016/747/711 581/749/713 130/750/714 587/751/715
f 580/743/707 1016/747/711 587/751/715 129/744/708
f 123/748/712 575/752/716 1017/753/717 581/749/713
f 575/752/716 124/51/51 582/50/50 1017/753/717
f 1017/753/717 582/50/50 131/754/718 588/755/719
f 581/749/713 1017/753/717 588/755/719 130/750/714
f 654/54/54 1064/272/272 661/756/720 166/757/721 647/758/722 1048/55/55
f 684/333/331 181/332/330 690/497/491 1082/759/723 677/674/647 174/632/613
f 582/50/50 1018/49/49 589/760/724 131/754/718
f 584/434/428 127/729/694 591/761/725 1019/435/429
f 1019/435/429 591/761/725 134/762/726 597/763/727
f 590/436/430 1019/435/429 597/763/727 133/764/728
f 127/729/694 585/738/702 1020/765/729 591/761/725
f 585/738/702 128/737/701 592/766/730 1020/765/729
f 1020/765/729 592/766/730 135/767/731 598/768/732
f 591/761/725 1020/765/729 598/768/732 134/762/726
f 128/737/701 586/745/709 1021/769/733 592/766/730
f 586/745/709 129/744/708 593/770/734 1021/769/733
f 1021/769/733 593/770/734 136/771/735 599/772/736
f 592/766/730 1021/769/733 599/772/736 135/767/731
f 129/744/708 587/751/715 1022/773/737 593/770/734
f 587/751/715 130/750/714 594/774/738 1022/773/737
f 1022/773/737 594/774/738 137/775/739 600/776/740
f 593/770/734 1022/773/737 600/776/740 136/771/735
f 130/750/714 588/755/719 1023/777/741 594/774/738
f 588/755/719 131/754/718 595/778/742 1023/777/741
f 1023/777/741 595/778/742 138/779/743 601/780/744
f 594/774/738 1023/777/741 601/780/744 137/775/739
f 131/754/718 589/760/724 1024/781/745 595/778/742
f 495/307/306 90/306/305 501/498/492 960/495/489 488/472/466 83/663/639
f 595/778/742 1024/781/745 602/524/518 138/779/743
f 133/764/728 597/763/727 1025/782/746 603/783/747
f 597/763/727 134/762/726 604/784/748 1025/782/746
f 1025/782/746 604/784/748 141/785/749 610/786/750
f 603/783/747 1025/782/746 610/786/750 140/787/751
f 134/762/726 598/768/732 1026/788/752 604/784/748
f 598/768/732 135/767/731 605/789/753 1026/788/752
f 1026/788/752 605/789/753 142/790/754 611/791/755
f 604/784/748 1026/788/752 611/791/755 141/785/749
f 135/767/731 599/772/736 1027/792/756 605/789/753
f 599/772/736 136/771/735 606/793/757 1027/792/756
f 1027/792/756 606/793/757 143/794/758 612/795/759
f 605/789/753 1027/792/756 612/795/759 142/790/754
f 136/771/735 600/776/740 1028/796/760 606/793/757
f 600/776/740 137/775/739 607/797/761 1028/796/760
f 1028/796/760 607/797/761 144/798/762 613/799/763
f 606/793/757 1028/796/760 613/799/763 143/794/758
f 137/775/739 601/780/744 1029/800/764 607/797/761
f 601/780/744 138/779/743 608/801/765 1029/800/764
f 1029/800/764 608/801/765 145/802/766 614/803/767
f 607/797/761 1029/800/764 614/803/767 144/798/762
f 138/779/743 602/524/518 1030/523/517 608/801/765
f 723/804/768 202/88/88 729/87/87 1100/805/769 716/144/144 195/143/143
f 608/801/765 1030/523/517 615/522/516 145/802/766
f 140/787/751 610/786/750 1031/806/770 616/807/771
f 610/786/750 141/785/749 617/808/772 1031/806/770
f 1031/806/770 617/808/772 148/809/773 623/810/774
f 616/807/771 1031/806/770 623/810/774 147/423/417
f 141/785/749 611/791/755 1032/811/775 617/808/772
f 611/791/755 142/790/754 618/812/776 1032/811/775
f 1032/811/775 618/812/776 149/813/777 624/814/778
f 617/808/772 1032/811/775 624/814/778 148/809/773
f 142/790/754 612/795/759 1033/815/779 618/812/776
f 612/795/759 143/794/758 619/816/780 1033/815/779
f 1033/815/779 619/816/780 150/817/781 625/818/782
f 618/812/776 1033/815/779 625/818/782 149/813/777
f 143/794/758 613/799/763 1034/819/783 619/816/780
f 613/799/763 144/798/762 620/820/784 1034/819/783
f 1034/819/783 620/820/784 151/821/785 626/822/786
f 619/816/780 1034/819/783 626/822/786 150/817/781
f 144/798/762 614/803/767 1035/823/787 620/820/784
f 614/803/767 145/802/766 621/824/788 1035/823/787
f 1035/823/787 621/824/788 152/825/789 627/826/790
f 620/820/784 1035/823/787 627/826/790 151/821/785
f 145/802/766 615/522/516 1036/827/791 621/824/788
f 276/410/405 945/409/404 465/411/406 944/726/691 275/828/792
f 621/824/788 1036/827/791 628/578/572 152/825/789
f 147/423/417 623/810/774 1037/829/793 629/420/414
f 623/810/774 148/809/773 630/830/794 1037/829/793
f 1037/829/793 630/830/794 155/831/795 636/832/796
f 382/10/10 891/61/61 388/64/64 28/833/797 375/834/798 885/7/7
f 148/809/773 624/814/778 1038/835/799 630/830/794
f 624/814/778 149/813/777 631/836/800 1038/835/799
f 1038/835/799 631/836/800 156/837/801 637/838/802
f 630/830/794 1038/835/799 637/838/802 155/831/795
f 149/813/777 625/818/782 1039/839/803 631/836/800
f 625/818/782 150/817/781 632/840/804 1039/839/803
f 1039/839/803 632/840/804 157/841/805 638/842/806
f 631/836/800 1039/839/803 638/842/806 156/837/801
f 150/817/781 626/822/786 1040/843/807 632/840/804
f 626/822/786 151/821/785 633/844/808 1040/843/807
f 1040/843/807 633/844/808 158/845/809 639/846/810
f 632/840/804 1040/843/807 639/846/810 157/841/805
f 151/821/785 627/826/790 1041/847/811 633/844/808
f 627/826/790 152/825/789 634/848/812 1041/847/811
f 1041/847/811 634/848/812 159/849/813 640/850/814
f 633/844/808 1041/847/811 640/850/814 158/845/809
f 152/825/789 628/578/572 1042/577/571 634/848/812
f 394/851/815 41/852/816 400/89/89 896/82/82 387/59/59 34/215/215
f 634/848/812 1042/577/571 641/56/56 159/849/813
f 636/832/796 155/831/795 643/194/194 1043/427/421
f 369/231/231 22/853/817 376/8/8 885/7/7 375/834/798 21/232/232
f 155/831/795 637/838/802 1044/195/195 643/194/194
f 637/838/802 156/837/801 644/196/196 1044/195/195
f 542/3/3 980/581/575 543/582/576 114/589/583 549/692/664 113/4/4
f 156/837/801 638/842/806 1045/854/818 644/196/196
f 638/842/806 157/841/805 645/855/819 1045/854/818
f 1045/854/818 645/855/819 164/856/820 651/857/821
f 644/196/196 1045/854/818 651/857/821 163/197/197
f 157/841/805 639/846/810 1046/858/822 645/855/819
f 639/846/810 158/845/809 646/859/823 1046/858/822
f 1046/858/822 646/859/823 165/860/824 652/861/825
f 645/855/819 1046/858/822 652/861/825 164/856/820
f 158/845/809 640/850/814 1047/862/826 646/859/823
f 640/850/814 159/849/813 647/758/722 1047/862/826
f 1047/862/826 647/758/722 166/757/721 653/863/827
f 646/859/823 1047/862/826 653/863/827 165/860/824
f 159/849/813 641/56/56 1048/55/55 647/758/722
f 482/285/284 83/663/639 488/472/466 954/471/465 475/864/828 76/286/285
f 759/865/829 1119/675/648 677/674/647 1082/759/723 683/866/830 173/867/831
f 1050/603/595 571/186/186 119/191/191 671/394/389 1049/600/592 328/703/671 327/604/596
f 772/376/371 1140/709/676 359/868/832 360/869/833 1113/377/372
f 941/607/599 940/367/363 302/368/240 303/870/243
f 649/428/422 162/199/199 650/198/198 1068/696/667 1069/695/666
f 326/601/593 14/871/662 655/872/834 1051/602/594
f 1051/602/594 655/872/834 121/739/703 572/873/835
f 14/871/662 325/874/661 1052/875/836 655/872/834
f 325/874/661 13/876/658 656/877/837 1052/875/836
f 1052/875/836 656/877/837 122/742/706 573/740/704
f 655/872/834 1052/875/836 573/740/704 121/739/703
f 13/876/658 324/878/657 1053/879/838 656/877/837
f 324/878/657 12/880/654 657/881/839 1053/879/838
f 1053/879/838 657/881/839 123/748/712 574/746/710
f 656/877/837 1053/879/838 574/746/710 122/742/706
f 12/880/654 323/882/653 1054/883/840 657/881/839
f 323/882/653 11/884/650 658/46/46 1054/883/840
f 1054/883/840 658/46/46 124/51/51 575/752/716
f 657/881/839 1054/883/840 575/752/716 123/748/712
f 11/884/650 322/885/649 1055/47/47 658/46/46
f 458/886/841 935/887/335 297/888/334 298/352/348 936/351/347 452/889/842 69/890/843
f 361/891/844 362/892/845 1121/893/329 1120/894/612
f 998/895/327 999/896/644 559/897/846 118/898/847 547/899/848
f 362/892/845 363/418/413 1122/419/323 1121/893/329
f 1061/900/625 1062/901/281 648/52/52 160/57/57 635/576/570
f 317/902/849 318/327/325 997/330/328 996/903/850
f 930/904/617 931/654/632 407/656/633 41/852/816 394/851/815
f 583/905/851 132/906/852 589/760/724 1018/49/49 576/48/48 125/907/853
f 1123/325/310 1124/908/309 723/804/768 195/143/143 710/142/142
f 339/372/367 340/909/854 1059/910/311 1058/373/368
f 932/655/301 933/638/300 433/642/622 55/413/408 420/412/407
f 294/300/299 295/911/855 934/912/619 933/301/300
f 929/665/618 930/904/617 394/851/815 34/215/215 381/214/214
f 295/911/855 296/340/336 935/339/335 934/912/619
f 934/639/619 935/887/335 458/886/841 69/890/843 446/640/620
f 361/891/844 1120/894/612 345/913/270 1063/281/269 344/280/280 1230/914/856
f 297/915/334 992/283/282 558/287/286 76/286/285 475/864/828 991/623/607 298/622/348
f 661/756/720 1064/272/272 346/271/271 16/916/857
f 165/860/824 653/863/827 1065/917/858 662/918/859
f 653/863/827 166/757/721 661/756/720 1065/917/858
f 1065/917/858 661/756/720 16/916/857 347/919/860
f 662/918/859 1065/917/858 347/919/860 17/920/861
f 164/856/820 652/861/825 1066/921/862 663/922/863
f 652/861/825 165/860/824 662/918/859 1066/921/862
f 1066/921/862 662/918/859 17/920/861 348/923/864
f 663/922/863 1066/921/862 348/923/864 18/924/865
f 163/197/197 651/857/821 1067/925/866 664/926/867
f 651/857/821 164/856/820 663/922/863 1067/925/866
f 1067/925/866 663/922/863 18/924/865 349/927/868
f 664/926/867 1067/925/866 349/927/868 19/928/869
f 986/242/242 987/241/241 471/583/577 71/584/578 470/628/609
f 650/198/198 163/197/197 664/926/867 1068/696/667
f 1068/696/667 664/926/867 19/928/869 350/697/364
f 1133/596/590 1132/691/663 283/929/249 282/597/234
f 1709/930/870 1773/931/871 1772/932/872 1708/933/873
f 306/724/293 1007/723/689 564/934/874 1006/707/674 305/706/673
f 352/378/373 1113/377/372 360/935/833 1159/936/875 329/239/239 1070/238/238
f 279/937/876 948/938/877 468/939/878 947/940/879 278/941/698
f 541/1/1 112/6/6 564/934/874 1007/723/689 565/403/398 105/402/397
f 622/314/313 153/579/573 628/578/572 1036/827/791 615/522/516 146/315/314
f 489/477/471 84/478/472 568/712/679 1011/711/678 569/942/880 77/943/881
f 15/944/882 668/945/883 1073/114/114 332/113/113
f 668/945/883 140/787/751 616/807/771 1073/114/114
f 1073/114/114 616/807/771 147/423/417 667/115/115
f 358/946/884 1139/947/885 770/948/886 1138/949/887 357/950/888
f 669/951/889 133/764/728 603/783/747 1074/952/890
f 1074/952/890 603/783/747 140/787/751 668/945/883
f 333/953/891 1074/952/890 668/945/883 15/944/882
f 311/954/892 1012/955/893 569/942/880 1011/711/678 310/710/677
f 1198/956/894 1199/957/895 1205/958/896 852/959/897 1204/960/898
f 315/961/899 1214/962/900 861/963/901 1213/964/902 316/965/903
f 440/558/552 915/185/185 441/184/184 64/606/598 447/605/597 63/727/692
f 1077/16/16 679/440/434 176/966/904 685/11/11
f 483/433/427 955/474/468 489/477/471 77/943/881 476/728/693 949/430/424
f 370/253/253 23/27/27 377/24/24 886/23/23 376/8/8 22/853/817
f 1078/439/433 680/438/432 177/967/905 686/968/906
f 679/440/434 1078/439/433 686/968/906 176/966/904
f 170/437/431 674/969/907 1079/970/908 680/438/432
f 674/969/907 171/971/909 681/972/910 1079/970/908
f 1079/970/908 681/972/910 178/973/911 687/974/912
f 680/438/432 1079/970/908 687/974/912 177/967/905
f 171/971/909 675/975/913 1080/976/914 681/972/910
f 675/975/913 172/977/915 682/978/916 1080/976/914
f 1080/976/914 682/978/916 179/979/917 688/980/918
f 681/972/910 1080/976/914 688/980/918 178/973/911
f 172/977/915 676/981/919 1081/982/920 682/978/916
f 676/981/919 173/867/831 683/866/830 1081/982/920
f 1081/982/920 683/866/830 180/983/921 689/984/922
f 682/978/916 1081/982/920 689/984/922 179/979/917
f 557/621/606 991/623/607 475/864/828 954/471/465 481/461/455 75/460/454
f 446/640/620 69/890/843 452/889/842 920/213/213 439/183/183 62/641/621
f 683/866/830 1082/759/723 690/497/491 180/983/921
f 685/11/11 176/966/904 692/985/923 1083/12/12
f 1083/12/12 692/985/923 183/986/924 698/987/925
f 691/13/13 1083/12/12 698/987/925 182/988/926
f 176/966/904 686/968/906 1084/989/927 692/985/923
f 686/968/906 177/967/905 693/990/928 1084/989/927
f 1084/989/927 693/990/928 184/991/929 699/992/930
f 692/985/923 1084/989/927 699/992/930 183/986/924
f 177/967/905 687/974/912 1085/993/931 693/990/928
f 687/974/912 178/973/911 694/994/932 1085/993/931
f 1085/993/931 694/994/932 185/995/933 700/996/934
f 693/990/928 1085/993/931 700/996/934 184/991/929
f 178/973/911 688/980/918 1086/997/935 694/994/932
f 688/980/918 179/979/917 695/998/936 1086/997/935
f 1086/997/935 695/998/936 186/999/937 701/1000/938
f 694/994/932 1086/997/935 701/1000/938 185/995/933
f 179/979/917 689/984/922 1087/1001/939 695/998/936
f 689/984/922 180/983/921 696/1002/940 1087/1001/939
f 1087/1001/939 696/1002/940 187/1003/941 702/1004/942
f 695/998/936 1087/1001/939 702/1004/942 186/999/937
f 180/983/921 690/497/491 1088/496/490 696/1002/940
f 388/64/64 35/65/65 467/415/410 947/940/879 468/939/878 28/833/797
f 696/1002/940 1088/496/490 703/146/146 187/1003/941
f 182/988/926 698/987/925 1089/1005/943 704/1006/944
f 698/987/925 183/986/924 705/1007/945 1089/1005/943
f 1089/1005/943 705/1007/945 190/1008/946 711/1009/947
f 704/1006/944 1089/1005/943 711/1009/947 189/1010/948
f 183/986/924 699/992/930 1090/1011/949 705/1007/945
f 699/992/930 184/991/929 706/1012/950 1090/1011/949
f 1090/1011/949 706/1012/950 191/1013/951 712/1014/952
f 705/1007/945 1090/1011/949 712/1014/952 190/1008/946
f 184/991/929 700/996/934 1091/1015/953 706/1012/950
f 700/996/934 185/995/933 707/1016/954 1091/1015/953
f 1091/1015/953 707/1016/954 192/1017/955 713/1018/956
f 706/1012/950 1091/1015/953 713/1018/956 191/1013/951
f 185/995/933 701/1000/938 1092/1019/957 707/1016/954
f 701/1000/938 186/999/937 708/1020/958 1092/1019/957
f 1092/1019/957 708/1020/958 193/1021/959 714/1022/960
f 707/1016/954 1092/1019/957 714/1022/960 192/1017/955
f 186/999/937 702/1004/942 1093/1023/961 708/1020/958
f 702/1004/942 187/1003/941 709/1024/962 1093/1023/961
f 1093/1023/961 709/1024/962 194/1025/963 715/1026/964
f 708/1020/958 1093/1023/961 715/1026/964 193/1021/959
f 187/1003/941 703/146/146 1094/145/145 709/1024/962
f 407/656/633 48/414/409 413/118/118 902/112/112 400/89/89 41/852/816
f 709/1024/962 1094/145/145 716/144/144 194/1025/963
f 189/1010/948 711/1009/947 1095/1027/965 717/1028/966
f 711/1009/947 190/1008/946 718/1029/967 1095/1027/965
f 1095/1027/965 718/1029/967 197/1030/968 724/1031/969
f 717/1028/966 1095/1027/965 724/1031/969 196/715/682
f 190/1008/946 712/1014/952 1096/1032/970 718/1029/967
f 712/1014/952 191/1013/951 719/1033/971 1096/1032/970
f 1096/1032/970 719/1033/971 198/1034/972 725/1035/973
f 718/1029/967 1096/1032/970 725/1035/973 197/1030/968
f 191/1013/951 713/1018/956 1097/1036/974 719/1033/971
f 713/1018/956 192/1017/955 720/1037/975 1097/1036/974
f 1097/1036/974 720/1037/975 199/1038/976 726/1039/977
f 719/1033/971 1097/1036/974 726/1039/977 198/1034/972
f 192/1017/955 714/1022/960 1098/1040/978 720/1037/975
f 714/1022/960 193/1021/959 721/1041/979 1098/1040/978
f 1098/1040/978 721/1041/979 200/1042/980 727/1043/981
f 720/1037/975 1098/1040/978 727/1043/981 199/1038/976
f 193/1021/959 715/1026/964 1099/1044/982 721/1041/979
f 715/1026/964 194/1025/963 722/1045/983 1099/1044/982
f 1099/1044/982 722/1045/983 201/1046/984 728/1047/985
f 721/1041/979 1099/1044/982 728/1047/985 200/1042/980
f 194/1025/963 716/144/144 1100/805/769 722/1045/983
f 334/392/387 1075/391/386 669/951/889 1074/952/890 333/953/891
f 722/1045/983 1100/805/769 729/87/87 201/1046/984
f 196/715/682 724/1031/969 1101/159/159 730/158/158
f 724/1031/969 197/1030/968 731/1048/986 1101/159/159
f 1101/159/159 731/1048/986 204/1049/987 737/154/154
f 636/832/796 1043/427/421 642/426/420 154/421/415 629/420/414 1037/829/793
f 197/1030/968 725/1035/973 1102/1050/988 731/1048/986
f 725/1035/973 198/1034/972 732/1051/989 1102/1050/988
f 1102/1050/988 732/1051/989 205/1052/990 738/1053/991
f 731/1048/986 1102/1050/988 738/1053/991 204/1049/987
f 198/1034/972 726/1039/977 1103/1054/992 732/1051/989
f 726/1039/977 199/1038/976 733/1055/993 1103/1054/992
f 1103/1054/992 733/1055/993 206/1056/994 739/1057/995
f 732/1051/989 1103/1054/992 739/1057/995 205/1052/990
f 199/1038/976 727/1043/981 1104/1058/996 733/1055/993
f 727/1043/981 200/1042/980 734/1059/997 1104/1058/996
f 1104/1058/996 734/1059/997 207/1060/998 740/1061/999
f 733/1055/993 1104/1058/996 740/1061/999 206/1056/994
f 200/1042/980 728/1047/985 1105/1062/1000 734/1059/997
f 728/1047/985 201/1046/984 735/1063/1001 1105/1062/1000
f 1105/1062/1000 735/1063/1001 208/1064/1002 741/1065/1003
f 734/1059/997 1105/1062/1000 741/1065/1003 207/1060/998
f 201/1046/984 729/87/87 1106/86/86 735/1063/1001
f 596/660/636 139/525/519 602/524/518 1024/781/745 589/760/724 132/906/852
f 735/1063/1001 1106/86/86 742/85/85 208/1064/1002
f 737/154/154 204/1049/987 744/395/390 1107/155/155
f 204/1049/987 738/1053/991 1108/396/391 744/395/390
f 738/1053/991 205/1052/990 745/397/392 1108/396/391
f 572/873/835 121/739/703 579/736/700 1014/735/699 578/188/188 120/187/187
f 205/1052/990 739/1057/995 1109/1066/1004 745/397/392
f 739/1057/995 206/1056/994 746/1067/1005 1109/1066/1004
f 1109/1066/1004 746/1067/1005 213/1068/1006 752/1069/1007
f 745/397/392 1109/1066/1004 752/1069/1007 212/398/393
f 206/1056/994 740/1061/999 1110/1070/1008 746/1067/1005
f 740/1061/999 207/1060/998 747/1071/1009 1110/1070/1008
f 1110/1070/1008 747/1071/1009 214/1072/1010 753/1073/1011
f 746/1067/1005 1110/1070/1008 753/1073/1011 213/1068/1006
f 207/1060/998 741/1065/1003 1111/1074/1012 747/1071/1009
f 741/1065/1003 208/1064/1002 748/21/21 1111/1074/1012
f 1111/1074/1012 748/21/21 215/20/20 754/1075/1013
f 747/1071/1009 1111/1074/1012 754/1075/1013 214/1072/1010
f 208/1064/1002 742/85/85 1112/22/22 748/21/21
f 547/899/848 118/898/847 553/218/218 984/223/223 540/179/179 111/178/178
f 452/889/842 936/351/347 459/350/346 68/211/211 445/210/210 920/213/213
f 564/934/874 112/6/6 548/5/5 1005/1076/1014 327/1077/596 328/1078/671 1006/707/674
f 469/233/233 948/938/877 279/937/876 280/1079/228 921/227/227
f 1005/1076/1014 1004/693/665 326/694/593 327/1077/596
f 548/5/5 113/4/4 549/692/664 1004/693/665 1005/1076/1014
f 350/369/364 19/1080/869 756/1081/1015 1115/245/245
f 1115/245/245 756/1081/1015 170/437/431 673/246/246
f 19/1080/869 349/1082/868 1116/1083/1016 756/1081/1015
f 349/1082/868 18/1084/865 757/1085/1017 1116/1083/1016
f 1116/1083/1016 757/1085/1017 171/971/909 674/969/907
f 756/1081/1015 1116/1083/1016 674/969/907 170/437/431
f 18/1084/865 348/1086/864 1117/1087/1018 757/1085/1017
f 348/1086/864 17/1088/861 758/1089/1019 1117/1087/1018
f 1117/1087/1018 758/1089/1019 172/977/915 675/975/913
f 757/1085/1017 1117/1087/1018 675/975/913 171/971/909
f 17/1088/861 347/1090/860 1118/1091/1020 758/1089/1019
f 347/1090/860 16/1092/857 759/865/829 1118/1091/1020
f 1118/1091/1020 759/865/829 173/867/831 676/981/919
f 758/1089/1019 1118/1091/1020 676/981/919 172/977/915
f 16/1092/857 346/676/271 1119/675/648 759/865/829
f 321/1093/643 1056/1094/642 659/1095/1021 125/907/853 576/48/48 1055/47/47 322/885/649
f 319/328/326 320/671/645 999/670/644 998/329/327
f 1062/901/281 1063/269/269 660/268/268 167/53/53 648/52/52
f 342/644/624 343/279/279 1062/282/281 1061/645/625
f 1057/1096/369 1058/659/368 596/660/636 132/906/852 583/905/851
f 315/961/899 316/965/903 995/1097/303 994/1098/302
f 996/1099/850 997/1100/328 534/177/177 104/182/182 521/720/687
f 340/909/854 341/643/623 1060/646/312 1059/910/311
f 287/266/266 288/1101/278 928/664/277 457/666/640 27/217/217 374/216/216 927/267/267
f 291/635/616 292/652/631 931/653/632 930/636/617
f 1060/313/312 1061/900/625 635/576/570 153/579/573 622/314/313
f 314/335/333 315/961/899 994/1098/302 993/336/283
f 997/1100/328 998/895/327 547/899/848 111/178/178 534/177/177
f 337/667/641 338/371/366 1057/374/369 1056/668/642
f 1056/1094/642 1057/1096/369 583/905/851 125/907/853 659/1095/1021
f 316/965/903 1213/964/902 860/1102/1022 1212/1103/1023 317/902/849
f 559/897/846 999/896/644 321/1104/643 322/677/649 1000/219/219 553/218/218 118/898/847
f 762/19/19 1128/18/18 287/627/266 5/1105/264
f 214/1072/1010 754/1075/1013 1129/1106/1024 763/1107/1025
f 754/1075/1013 215/20/20 762/19/19 1129/1106/1024
f 1129/1106/1024 762/19/19 5/1105/264 286/1108/262
f 763/1107/1025 1129/1106/1024 286/1108/262 4/1109/260
f 213/1068/1006 753/1073/1011 1130/1110/1026 764/1111/1027
f 753/1073/1011 214/1072/1010 763/1107/1025 1130/1110/1026
f 1130/1110/1026 763/1107/1025 4/1109/260 285/1112/258
f 764/1111/1027 1130/1110/1026 285/1112/258 3/1113/256
f 212/398/393 752/1069/1007 1131/1114/1028 765/1115/1029
f 752/1069/1007 213/1068/1006 764/1111/1027 1131/1114/1028
f 1131/1114/1028 764/1111/1027 3/1113/256 284/1116/254
f 765/1115/1029 1131/1114/1028 284/1116/254 2/1117/250
f 1050/603/595 1051/602/594 572/873/835 120/187/187 571/186/186
f 751/399/394 212/398/393 765/1115/1029 1132/691/663
f 1132/691/663 765/1115/1029 2/1117/250 283/929/249
f 274/1118/668 1172/1119/1030 1171/1120/1031 275/1121/792
f 279/1122/876 1167/1123/1032 828/1124/1033 1166/229/229 280/228/228
f 275/828/792 944/726/691 464/725/690 943/701/669 274/700/668
f 642/426/420 161/429/423 665/237/237 1071/236/236 666/422/416 154/421/415
f 278/941/698 947/940/879 467/415/410 946/416/411 277/417/412
f 691/13/13 182/988/926 770/948/886 1139/947/885 771/708/675 175/14/14
f 20/1125/1034 769/1126/1035 1137/550/544 356/549/543
f 769/1126/1035 189/1010/948 717/1028/966 1137/550/544
f 1137/550/544 717/1028/966 196/715/682 768/551/545
f 308/719/686 1009/718/685 566/405/400 1008/404/399 307/722/297
f 770/948/886 182/988/926 704/1006/944 1138/949/887
f 1138/949/887 704/1006/944 189/1010/948 769/1126/1035
f 357/950/888 1138/949/887 769/1126/1035 20/1125/1034
f 355/553/547 1136/552/546 767/425/419 1135/380/375 354/379/374
f 1200/1127/1036 1201/1128/1037 1207/1129/1038 854/1130/1039 1206/1131/1040
f 476/728/693 77/943/881 569/942/880 1012/955/893 570/630/611 70/629/610
f 217/293/292 773/292/291 1141/320/319 779/319/318
f 784/1132/1041 225/1133/1042 220/1134/1043 776/1135/1044 221/1136/1045 226/1137/1046
f 234/1138/1047 796/1139/1048 795/1140/1049 233/1141/1050
f 785/318/317 786/317/316 228/1142/1051 227/1143/1052
f 570/630/611 1012/955/893 311/954/892 312/1144/379 985/383/378
f 778/1145/1053 223/1146/1054 782/1147/1055 1142/1148/1056
f 258/1149/1057 260/1150/1058 881/1151/1059 1234/1152/1060 882/1153/1061
f 803/1154/1062 811/1155/1063 247/1156/1064 242/1157/1065
f 240/1158/1066 245/1159/1067 808/1160/1068 800/1161/1069
f 242/1157/1065 247/1156/1064 810/1162/1070 802/1163/1071
f 241/1164/1072 246/1165/1073 809/1166/1074 801/1167/1075
f 801/1167/1075 809/1166/1074 245/1159/1067 240/1158/1066
f 228/1142/1051 790/1168/1076 789/1169/1077 227/1143/1052
f 802/1163/1071 810/1162/1070 246/1165/1073 241/1164/1072
f 777/1170/1078 2062/1171/1079 2063/1172/1080 226/1137/1046 221/1136/1045
f 775/1173/1081 783/1174/1082 224/465/459 219/464/458
f 795/1140/1049 796/1139/1048 238/647/626 237/651/630
f 884/1175/1083 1236/1176/1084 338/371/366 337/667/641 1209/672/646
f 1338/1177/1085 1337/1178/1086 1305/1179/1087 1306/1180/1088 1307/1181/1089 1339/1182/1090
f 433/642/622 62/641/621 439/183/183 914/176/176 426/148/148 55/413/408
f 805/1183/1091 1143/1184/1092 807/1185/1093 244/1186/1094
f 1237/1187/1095 1943/1188/1096 1956/1189/1097 1959/1190/1098 1962/1191/1099 1965/1192/1100 1241/1193/1101 1240/1194/1102 1239/1195/1103 1238/1196/1104
f 220/1134/1043 225/1133/1042 783/1174/1082 775/1173/1081
f 791/1197/1105 792/1198/1106 234/1138/1047 233/1141/1050
f 789/1169/1077 790/1168/1076 232/1199/1107 231/1200/1108
f 230/1201/1109 792/1198/1106 791/1197/1105 229/1202/1110
f 787/1203/1111 788/1204/1112 230/1201/1109 229/1202/1110
f 1181/1205/1113 1182/1206/1114 1188/1207/1115 1187/1208/1116
f 1144/1209/1117 806/1210/1118 248/1211/1119 812/1212/1120
f 305/1213/673 1152/705/672 819/1214/1121 1151/295/294 306/294/293
f 1152/705/672 1153/1215/1122 782/1147/1055 223/1146/1054 819/1214/1121
f 1166/229/229 1165/1216/1123 354/1217/374 353/1218/224
f 278/734/698 1168/733/697 829/1219/1124 1167/1123/1032 279/1122/876
f 1158/1220/1125 824/1221/1126 248/1211/1119 806/1210/1118 243/1222/1127 823/1223/1128
f 307/298/297 1150/297/296 817/1224/1129 1149/1225/1130 308/1226/686
f 1157/1227/1131 823/1223/1128 243/1222/1127 798/648/627 238/647/626 822/1228/1132
f 309/1229/681 10/1230/683 816/1231/1133 1148/1232/1134
f 1148/1232/1134 816/1231/1133 220/1134/1043 775/1173/1081
f 815/1233/1135 1148/1232/1134 775/1173/1081 219/464/458
f 10/1230/683 308/1226/686 1149/1225/1130 816/1231/1133
f 331/1234/117 1157/1227/1131 822/1228/1132 1156/1235/1136 332/1236/113
f 1149/1225/1130 817/1224/1129 221/1136/1045 776/1135/1044
f 816/1231/1133 1149/1225/1130 776/1135/1044 220/1134/1043
f 310/1237/677 1147/1238/1137 814/290/289 1146/289/288 311/1239/892
f 814/290/289 1147/1238/1137 815/1233/1135 219/464/458 774/468/462 218/291/290
f 329/1240/239 1159/936/875 824/1221/1126 1158/1220/1125 330/1241/235
f 1172/1119/1030 779/319/318 785/318/317 1171/1120/1031
f 1145/385/380 1172/1119/1030 274/1118/668 273/1242/381
f 812/1212/1120 248/1211/1119 824/1221/1126 1159/936/875 1160/1243/1138
f 807/1185/1093 808/1160/1068 1164/1244/1139 1165/1216/1123
f 1162/1245/1140 825/1246/1141 1161/1247/1142 358/1248/884 357/1249/888
f 788/1204/1112 1154/1250/1143 820/1251/1144 230/1201/1109
f 230/1201/1109 820/1251/1144 1155/1252/1145 792/1198/1106
f 1155/1252/1145 333/1253/891 15/1254/882 821/1255/1146
f 792/1198/1106 1155/1252/1145 821/1255/1146 234/1138/1047
f 234/1138/1047 821/1255/1146 1156/1235/1136 796/1139/1048
f 821/1255/1146 15/1254/882 332/1236/113 1156/1235/1136
f 508/305/304 97/721/688 514/526/520 966/521/515 501/498/492 90/306/305
f 796/1139/1048 1156/1235/1136 822/1228/1132 238/647/626
f 463/702/670 63/727/692 447/605/597 941/607/599 303/870/243 304/1256/377 942/387/382
f 217/293/292 779/319/318 1172/1119/1030 1145/385/380 813/288/287
f 805/1183/1091 244/1186/1094 828/1124/1033 1167/1123/1032 829/1219/1124 239/1257/1147
f 1160/1243/1138 1159/936/875 360/935/833 359/1258/832
f 828/1124/1033 244/1186/1094 807/1185/1093 1165/1216/1123 1166/229/229
f 336/704/591 335/1259/383 1153/1215/1122 1152/705/672
f 1153/1215/1122 1154/1250/1143 788/1204/1112 782/1147/1055
f 1165/1216/1123 1164/1244/1139 355/1260/547 354/1217/374
f 247/1156/1064 811/1155/1063 1161/1247/1142 825/1246/1141
f 1164/1244/1139 827/1261/1148 1163/1262/1149 356/1263/543 355/1260/547
f 246/1165/1073 810/1162/1070 1162/1245/1140 826/1264/1150
f 810/1162/1070 247/1156/1064 825/1246/1141 1162/1245/1140
f 826/1264/1150 1162/1245/1140 357/1249/888 20/1265/1034
f 245/1159/1067 809/1166/1074 1163/1262/1149 827/1261/1148
f 809/1166/1074 246/1165/1073 826/1264/1150 1163/1262/1149
f 1163/1262/1149 826/1264/1150 20/1265/1034 356/1263/543
f 232/1199/1107 794/1266/1151 236/1267/1152 235/1268/1153 793/1269/1154 231/1200/1108
f 852/959/897 1205/958/896 853/1270/1155 269/1271/1156 268/1272/1157
f 808/1160/1068 245/1159/1067 827/1261/1148 1164/1244/1139
f 334/1273/387 1154/1250/1143 1153/1215/1122 335/1259/383
f 1954/1274/1158 1957/1275/1159 1960/1276/1160 1266/1277/1161 1265/1278/1162 1264/1279/1163 1263/1280/1164 1262/1281/1165 1261/1282/1166 1948/1283/1167 1950/1284/1168 1952/1285/1169
f 312/384/379 311/1239/892 1146/289/288 813/288/287 1145/385/380
f 845/1286/1170 1196/1287/1171 1195/1288/1172 1189/1289/1173 1190/1290/1174
f 330/1241/235 1158/1220/1125 823/1223/1128 1157/1227/1131 331/1234/117
f 818/296/295 1151/295/294 819/1214/1121 223/1146/1054 778/1145/1053 222/1291/1175
f 309/1229/681 1148/1232/1134 815/1233/1135 1147/1238/1137 310/1237/677
f 817/1224/1129 1150/297/296 818/296/295 222/1291/1175 777/1170/1078 221/1136/1045
f 1/1292/402 831/1293/1176 1169/731/695 277/730/412
f 831/1293/1176 231/1200/1108 793/1269/1154 1169/731/695
f 1169/731/695 793/1269/1154 235/1268/1153 830/732/696
f 333/1253/891 1155/1252/1145 820/1251/1144 1154/1250/1143 334/1273/387
f 832/1294/1177 227/1143/1052 789/1169/1077 1170/1295/1178
f 1170/1295/1178 789/1169/1077 231/1200/1108 831/1293/1176
f 276/1296/405 1170/1295/1178 831/1293/1176 1/1292/402
f 1161/1247/1142 1160/1243/1138 359/1258/832 358/1248/884
f 811/1155/1063 812/1212/1120 1160/1243/1138 1161/1247/1142
f 1171/1120/1031 785/318/317 227/1143/1052 832/1294/1177
f 833/1297/1179 250/1298/1180 835/1299/1181 1173/1300/1182
f 782/1147/1055 788/1204/1112 787/1203/1111 2060/1301/1183 2061/1302/1184 781/1303/1185 1142/1148/1056
f 1201/1128/1037 1195/1288/1172 1196/1287/1171 847/1304/1186 1202/1305/1187
f 261/1306/1188 263/1307/1189 847/1304/1186 1196/1287/1171 845/1286/1170
f 1191/1308/1190 846/1309/1191 262/1310/1192 260/1150/1058 844/1311/1193
f 257/1312/1194 259/1313/1195 843/1314/1196 1184/1315/1197 841/1316/1198
f 1179/1317/1199 842/1318/1200 258/1149/1057 256/1319/1201 840/1320/1202
f 254/1321/1203 834/1322/1204 1178/1323/1205 839/1324/1206
f 1197/1325/1207 848/1326/1208 264/1327/1209 262/1310/1192 846/1309/1191
f 1174/1328/1210 1180/1329/1211 1179/1317/1199 840/1320/1202 1173/1300/1182 835/1299/1181
f 1189/1289/1173 1183/1330/1212 1184/1315/1197 843/1314/1196 1190/1290/1174
f 1181/1205/1113 1187/1208/1116 1186/1331/1213 1180/1329/1211
f 1200/1127/1036 1194/1332/1214 1195/1288/1172 1201/1128/1037
f 1191/1308/1190 844/1311/1193 1185/1333/1215 1186/1331/1213 1192/1334/1216
f 342/644/624 1232/1335/1217 879/1336/1218 1231/1337/1219 343/279/279
f 841/1316/1198 1184/1315/1197 1183/1330/1212 1177/1338/1220 839/1324/1206 1178/1323/1205
f 1192/1334/1216 1186/1331/1213 1187/1208/1116 1193/1339/1221
f 263/1307/1189 265/346/342 849/345/341 1202/1305/1187 847/1304/1186
f 1177/1338/1220 1183/1330/1212 1182/1206/1114 1176/1340/1222 838/1341/1223
f 251/1342/1224 252/1343/1225 837/1344/1226 1175/1345/1227 836/1346/1228
f 1200/1127/1036 1206/1131/1040 853/1270/1155 1205/958/896 1199/957/895
f 1193/1339/1221 1187/1208/1116 1188/1207/1115 1194/1332/1214
f 1189/1289/1173 1195/1288/1172 1194/1332/1214 1188/1207/1115
f 811/1155/1063 803/1154/1062 2052/1347/1229 2053/1348/1230 804/1349/1231 1144/1209/1117 812/1212/1120
f 535/557/551 979/2/2 541/1/1 105/402/397 528/401/396 973/554/548
f 1185/1333/1215 844/1311/1193 260/1150/1058 258/1149/1057 842/1318/1200
f 268/1272/1157 875/1350/1232 1228/1351/1233 876/1352/1234 267/1353/1235
f 1175/1345/1227 1181/1205/1113 1180/1329/1211 1174/1328/1210 836/1346/1228
f 1188/1207/1115 1182/1206/1114 1183/1330/1212 1189/1289/1173
f 1194/1332/1214 1200/1127/1036 1199/957/895 1193/1339/1221
f 1192/1334/1216 1193/1339/1221 1199/957/895 1198/956/894
f 252/1343/1225 253/1354/1236 838/1341/1223 1176/1340/1222 837/1344/1226
f 590/436/430 133/764/728 669/951/889 1075/391/386 670/390/385 126/393/388
f 250/1298/1180 251/1342/1224 836/1346/1228 1174/1328/1210 835/1299/1181
f 1197/1325/1207 1198/956/894 1204/960/898 851/1355/1237 1203/1356/1238 848/1326/1208
f 1201/1128/1037 1202/1305/1187 849/345/341 1208/344/340 855/1357/1239 1207/1129/1038
f 854/1130/1039 1207/1129/1038 855/1357/1239 271/1358/1240 270/1359/1241
f 264/1327/1209 848/1326/1208 1203/1356/1238 850/1360/1242
f 1192/1334/1216 1198/956/894 1197/1325/1207 846/1309/1191 1191/1308/1190
f 253/1354/1236 254/1321/1203 839/1324/1206 1177/1338/1220 838/1341/1223
f 853/1270/1155 1206/1131/1040 854/1130/1039 270/1359/1241 269/1271/1156
f 1180/1329/1211 1186/1331/1213 1185/1333/1215 842/1318/1200 1179/1317/1199
f 259/1313/1195 261/1306/1188 845/1286/1170 1190/1290/1174 843/1314/1196
f 851/1355/1237 1204/960/898 852/959/897 268/1272/1157 267/1353/1235
f 855/1357/1239 1208/344/340 856/343/339 271/1358/1240
f 313/334/332 1216/341/337 863/1361/1243 1215/1362/1244 314/335/333
f 1209/672/646 857/1363/1245 249/1364/1246 884/1175/1083
f 343/279/279 1231/1337/1219 878/1365/1247 1230/914/856 344/280/280
f 294/300/299 1218/1366/1248 865/1367/1249 1217/1368/1250 295/911/855
f 257/1312/1194 841/1316/1198 1178/1323/1205 834/1322/1204 255/1369/1251 864/1370/1252 1217/1368/1250 865/1367/1249
f 341/643/623 1233/1371/1253 880/1372/1254 1232/1335/1217 342/644/624
f 861/963/901 1214/962/900 862/1373/1255 254/1321/1203 253/1354/1236
f 1227/1374/1256 874/1375/1257 1226/1376/1258 365/309/308 364/308/307
f 797/1377/1259 239/1257/1147 829/1219/1124 1168/733/697 830/732/696 235/1268/1153
f 317/902/849 1212/1103/1023 859/1378/1260 1211/1379/1261 318/327/325
f 859/1378/1260 1212/1103/1023 860/1102/1022 252/1343/1225 251/1342/1224
f 290/634/615 1222/348/344 869/347/343 1221/1380/1262 291/635/616
f 289/276/276 1223/275/275 870/349/345 1222/348/344 290/634/615
f 1804/1381/1263 1836/1382/1264 1835/1383/1265 1803/1384/1266
f 1224/1385/1267 871/1386/1268 1223/275/275 368/274/274 367/661/637
f 863/1361/1243 1216/341/337 864/1370/1252 255/1369/1251
f 850/1360/1242 1203/1356/1238 851/1355/1237 267/1353/1235 876/1352/1234 1229/1387/1269 877/1388/1270 266/1389/1271
f 338/371/366 1236/1176/1084 883/1390/1272 1235/1391/1273 339/372/367
f 271/1358/1240 872/1392/1274 1225/1393/1275 873/1394/1276 270/1359/1241
f 339/372/367 1235/1391/1273 882/1153/1061 1234/1152/1060 340/909/854
f 270/1359/1241 873/1394/1276 1226/1376/1258 874/1375/1257 269/1271/1156
f 340/909/854 1234/1152/1060 881/1151/1059 1233/1371/1253 341/643/623
f 1219/1395/1277 867/1396/1278 261/1306/1188 259/1313/1195 866/1397/1279
f 1226/1376/1258 873/1394/1276 1225/1393/1275 366/657/634 365/309/308
f 1218/1366/1248 866/1397/1279 259/1313/1195 257/1312/1194 865/1367/1249
f 1229/1387/1269 876/1352/1234 1228/1351/1233 363/418/413 362/892/845
f 850/1360/1242 266/1389/1271 878/1365/1247 1231/1337/1219 879/1336/1218 264/1327/1209
f 367/661/637 368/274/274 1127/273/273 1126/662/638
f 272/342/338 870/349/345 1223/275/275 871/1386/1268
f 319/328/326 1210/1398/1280 857/1363/1245 1209/672/646 320/671/645
f 1173/1300/1182 840/1320/1202 256/1319/1201 883/1390/1272 1236/1176/1084 884/1175/1083 249/1364/1246 833/1297/1179
f 1368/1399/1281 1400/1400/1282 1399/1401/1283 1398/1402/1284 1366/1403/1285 1367/1404/1286
f 262/1310/1192 264/1327/1209 879/1336/1218 1232/1335/1217 880/1372/1254
f 282/234/234 283/249/249 923/252/252 922/230/230
f 260/1150/1058 262/1310/1192 880/1372/1254 1233/1371/1253 881/1151/1059
f 292/652/631 1220/1405/1287 867/1396/1278 1219/1395/1277 293/299/298
f 1220/1405/1287 868/1406/1288 263/1307/1189 261/1306/1188 867/1396/1278
f 293/299/298 1219/1395/1277 866/1397/1279 1218/1366/1248 294/300/299
f 256/1319/1201 258/1149/1057 882/1153/1061 1235/1391/1273 883/1390/1272
f 318/327/325 1211/1379/1261 858/1407/1289 1210/1398/1280 319/328/326
f 856/343/339 272/342/338 871/1386/1268 1224/1385/1267 872/1392/1274 271/1358/1240
f 295/911/855 1217/1368/1250 864/1370/1252 1216/341/337 296/340/336
f 1230/914/856 877/1388/1270 1229/1387/1269 362/892/845 361/891/844
f 878/1365/1247 266/1389/1271 877/1388/1270 1230/914/856
f 1124/908/309 1125/1408/635 736/83/83 202/88/88 723/804/768
f 314/335/333 1215/1362/1244 862/1373/1255 1214/962/900 315/961/899
f 862/1373/1255 1215/1362/1244 863/1361/1243 255/1369/1251 834/1322/1204 254/1321/1203
f 1228/1351/1233 875/1350/1232 1227/1374/1256 364/308/307 363/418/413
f 858/1407/1289 1211/1379/1261 859/1378/1260 251/1342/1224 250/1298/1180
f 1125/1408/635 1126/1409/638 749/469/463 209/84/84 736/83/83
f 860/1102/1022 1213/964/902 861/963/901 253/1354/1236 252/1343/1225
f 291/635/616 1221/1380/1262 868/1406/1288 1220/1405/1287 292/652/631
f 269/1271/1156 874/1375/1257 1227/1374/1256 875/1350/1232 268/1272/1157
f 1225/1393/1275 872/1392/1274 1224/1385/1267 367/661/637 366/657/634
f 1221/1380/1262 869/347/343 265/346/342 263/1307/1189 868/1406/1288
f 857/1363/1245 1210/1398/1280 858/1407/1289 250/1298/1180 833/1297/1179 249/1364/1246
f 1943/1188/1096 1923/1187/1290 1924/1196/1291 1956/1189/1097
f 1956/1189/1097 1924/1196/1291 1927/1195/1292 1959/1190/1098
f 1659/1410/1293 2075/1411/1294 2076/1412/1295 1660/1413/1296
f 1945/1414/1297 1912/1415/1298 1914/1416/1299 1947/1417/1300
f 1949/1418/1301 1916/1419/1302 1918/1420/1303 1951/1421/1304
f 1967/1422/1305 1935/1423/1306 1937/1424/1307 1969/1425/1308
f 1948/1283/1167 1915/1282/1309 1917/1281/1310 1950/1284/1168
f 1972/1426/1311 1940/1427/1312 1911/1428/1313 1942/1429/1314
f 1946/1430/1315 1913/1431/1316 1915/1282/1309 1948/1283/1167
f 1947/1417/1300 1914/1416/1299 1916/1419/1302 1949/1418/1301
f 1952/1285/1169 1919/1280/1317 1921/1279/1318 1954/1274/1158
f 1953/1432/1319 1920/1433/1320 1922/1434/1321 1955/1435/1322
f 1964/1436/1323 1932/1437/1324 1935/1423/1306 1967/1422/1305
f 1966/1438/1325 1934/1439/1326 1923/1187/1290 1943/1188/1096
f 1963/1440/1327 1931/1441/1328 1934/1439/1326 1966/1438/1325
f 1951/1421/1304 1918/1420/1303 1920/1433/1320 1953/1432/1319
f 1961/1442/1329 1929/1443/1330 1932/1437/1324 1964/1436/1323
f 1941/1444/1331 1909/1445/1332 1910/1446/1333 1944/1447/1334
f 1959/1190/1098 1927/1195/1292 1930/1194/1335 1962/1191/1099
f 1960/1276/1160 1928/1277/1336 1931/1441/1328 1963/1440/1327
f 1968/1448/1337 1936/1449/1338 1938/1450/1339 1970/1451/1340
f 1958/1452/1341 1926/1453/1342 1929/1443/1330 1961/1442/1329
f 2074/1454/1343 2073/1455/1344 1625/1456/1345 1626/1457/1346
f 1955/1435/1322 1922/1434/1321 1926/1453/1342 1958/1452/1341
f 1342/1458/1347 1341/1459/1348 1309/1460/1349 1310/1461/1350 1311/1462/1351 1343/1463/1352
f 1363/1464/1353 1362/1465/1354 1330/1466/1355 1331/1467/1356 1332/1468/1357 1364/1469/1358
f 1969/1425/1308 1937/1424/1307 1939/1470/1359 1971/1471/1360
f 1970/1451/1340 1938/1450/1339 1940/1427/1312 1972/1426/1311
f 1319/1472/1361 1351/1473/1362 1350/1474/1363 1318/1475/1364
f 1267/1441/1365 1299/1476/1366 1298/1477/1367 1266/1277/1161
f 1254/1437/1368 1286/1478/1369 1285/1479/1370 1253/1443/1371
f 1241/1193/1101 1273/1480/1372 1272/1481/1373 1240/1194/1102
f 1268/1439/1374 1300/1482/1375 1299/1476/1366 1267/1441/1365
f 1255/1423/1376 1287/1483/1377 1286/1478/1369 1254/1437/1368
f 1242/1449/1378 1274/1484/1379 1273/1480/1372 1241/1193/1101
f 1237/1187/1095 1269/1485/1380 1300/1482/1375 1268/1439/1374
f 1256/1424/1381 1288/1486/1382 1287/1483/1377 1255/1423/1376
f 1243/1450/1383 1275/1487/1384 1274/1484/1379 1242/1449/1378
f 1257/1470/1385 1289/1488/1386 1288/1486/1382 1256/1424/1381
f 1244/1427/1387 1276/1489/1388 1275/1487/1384 1243/1450/1383
f 1258/1445/1389 1290/1490/1390 1289/1488/1386 1257/1470/1385
f 1245/1428/1391 1277/1491/1392 1276/1489/1388 1244/1427/1387
f 1259/1446/1393 1291/1492/1394 1290/1490/1390 1258/1445/1389
f 1246/1415/1395 1278/1493/1396 1277/1491/1392 1245/1428/1391
f 1260/1431/1397 1292/1494/1398 1291/1492/1394 1259/1446/1393
f 1247/1416/1399 1279/1495/1400 1278/1493/1396 1246/1415/1395
f 1261/1282/1166 1293/1496/1401 1292/1494/1398 1260/1431/1397
f 1248/1419/1402 1280/1497/1403 1279/1495/1400 1247/1416/1399
f 1262/1281/1165 1294/1498/1404 1293/1496/1401 1261/1282/1166
f 1249/1420/1405 1281/1499/1406 1280/1497/1403 1248/1419/1402
f 1263/1280/1164 1295/1500/1407 1294/1498/1404 1262/1281/1165
f 1250/1433/1408 1282/1501/1409 1281/1499/1406 1249/1420/1405
f 1264/1279/1163 1296/1502/1410 1295/1500/1407 1263/1280/1164
f 1251/1434/1411 1283/1503/1412 1282/1501/1409 1250/1433/1408
f 1238/1196/1104 1270/1504/1413 1269/1485/1380 1237/1187/1095
f 1265/1278/1162 1297/1505/1414 1296/1502/1410 1264/1279/1163
f 1252/1453/1415 1284/1506/1416 1283/1503/1412 1251/1434/1411
f 1239/1195/1103 1271/1507/1417 1270/1504/1413 1238/1196/1104
f 1266/1277/1161 1298/1477/1367 1297/1505/1414 1265/1278/1162
f 1253/1443/1371 1285/1479/1370 1284/1506/1416 1252/1453/1415
f 1240/1194/1102 1272/1481/1373 1271/1507/1417 1239/1195/1103
f 2006/1508/1418 1321/1509/1419 1320/1510/1420 2005/1511/1421
f 2008/1512/1422 1308/1513/1423 1307/1514/1089 2007/1515/1424
f 2009/1516/1425 1322/1517/1426 1321/1518/1419 2006/1519/1418
f 2010/1520/1427 1309/1521/1349 1308/1513/1423 2008/1512/1422
f 2011/1522/1428 1323/1523/1429 1322/1517/1426 2009/1516/1425
f 2012/1524/1430 1310/1525/1350 1309/1521/1349 2010/1520/1427
f 2013/1526/1431 1324/1527/1432 1323/1523/1429 2011/1522/1428
f 2014/1528/1433 1311/1529/1351 1310/1525/1350 2012/1524/1430
f 2015/1530/1434 1325/1531/1435 1324/1527/1432 2013/1526/1431
f 2016/1532/1436 1312/1533/1437 1311/1529/1351 2014/1528/1433
f 2017/1534/1438 1326/1535/1439 1325/1531/1435 2015/1530/1434
f 2018/1536/1440 1313/1537/1441 1312/1533/1437 2016/1532/1436
f 2019/1538/1442 1327/1539/1443 1326/1535/1439 2017/1534/1438
f 2020/1540/1444 1314/1541/1445 1313/1542/1441 2018/1543/1440
f 2021/1544/1446 1328/1545/1447 1327/1539/1443 2019/1538/1442
f 2022/1546/1448 1315/1547/1449 1314/1541/1445 2020/1540/1444
f 2024/1548/1450 1302/1549/1451 1301/1550/1452 2023/1551/1453
f 2025/1552/1454 1329/1553/1455 1328/1545/1447 2021/1544/1446
f 2026/1554/1456 1316/1555/1457 1315/1547/1449 2022/1546/1448
f 2027/1556/1458 1303/1557/1459 1302/1549/1451 2024/1548/1450
f 2028/1558/1460 1330/1559/1355 1329/1560/1455 2025/1561/1454
f 2029/1562/1461 1317/1563/1462 1316/1555/1457 2026/1554/1456
f 2030/1564/1463 1304/1565/1464 1303/1557/1459 2027/1556/1458
f 2031/1566/1465 1331/1567/1356 1330/1559/1355 2028/1558/1460
f 2032/1568/1466 1318/1569/1364 1317/1563/1462 2029/1562/1461
f 2033/1570/1467 1305/1571/1087 1304/1565/1464 2030/1564/1463
f 2034/1572/1468 1332/1573/1357 1331/1567/1356 2031/1566/1465
f 2035/1574/1469 1319/1575/1361 1318/1569/1364 2032/1568/1466
f 2036/1576/1470 1306/1577/1088 1305/1578/1087 2033/1579/1467
f 2023/1551/1453 1301/1550/1452 1332/1573/1357 2034/1572/1468
f 2005/1511/1421 1320/1510/1420 1319/1575/1361 2035/1574/1469
f 2007/1515/1424 1307/1514/1089 1306/1577/1088 2036/1576/1470
f 1349/1580/1471 1348/1581/1472 1316/1582/1457 1317/1583/1462 1318/1475/1364 1350/1474/1363
f 1321/1584/1419 1353/1585/1473 1352/1586/1474 1351/1473/1362 1319/1472/1361 1320/1587/1420
f 1312/1588/1437 1344/1589/1475 1343/1463/1352 1311/1462/1351
f 1305/1179/1087 1337/1178/1086 1336/1590/1476 1304/1591/1464
f 1671/1592/1477 2087/1593/1478 2088/1594/1479 1672/1595/1480
f 1361/1596/1481 1360/1597/1482 1328/1598/1447 1329/1599/1455 1330/1466/1355 1362/1465/1354
f 1309/1460/1349 1341/1459/1348 1340/1600/1483 1339/1182/1090 1307/1181/1089 1308/1601/1423
f 1345/1602/1484 1344/1589/1475 1312/1588/1437 1313/1603/1441 1314/1604/1445 1346/1605/1485
f 1304/1591/1464 1336/1590/1476 1335/1606/1486 1334/1607/1487 1302/1608/1451 1303/1609/1459
f 375/834/798 28/833/797 468/939/878 948/938/877 469/233/233 21/232/232
f 1357/1610/1488 1356/1611/1489 1324/1612/1432 1325/1613/1435 1326/1614/1439 1358/1615/1490
f 1359/1616/1491 1358/1615/1490 1326/1614/1439 1327/1617/1443 1328/1598/1447 1360/1597/1482
f 1333/1618/1492 1364/1469/1358 1332/1468/1357 1301/1619/1452 1302/1608/1451 1334/1607/1487
f 1316/1582/1457 1348/1581/1472 1347/1620/1493 1346/1605/1485 1314/1604/1445 1315/1621/1449
f 1353/1622/1473 1385/1623/1494 1384/1624/1495 1352/1625/1474
f 1361/1626/1481 1393/1627/1496 1392/1628/1497 1360/1629/1482
f 1942/1429/1314 1911/1428/1313 1912/1415/1298 1945/1414/1297
f 1359/1630/1491 1391/1631/1498 1390/1632/1499 1358/1633/1490
f 1355/1634/1500 1354/1635/1501 1322/1636/1426 1323/1637/1429 1324/1612/1432 1356/1611/1489
f 1360/1629/1482 1392/1628/1497 1391/1631/1498 1359/1630/1491
f 1322/1636/1426 1354/1635/1501 1353/1585/1473 1321/1584/1419
f 1340/1638/1483 1372/1639/1502 1371/1640/1503 1339/1641/1090
f 1346/1642/1485 1378/1643/1504 1377/1644/1505 1345/1645/1484
f 1347/1646/1493 1379/1647/1506 1378/1643/1504 1346/1642/1485
f 1349/1648/1471 1381/1649/1507 1380/1650/1508 1348/1651/1472
f 1336/1652/1476 1368/1653/1281 1367/1654/1286 1335/1655/1486
f 1348/1651/1472 1380/1650/1508 1379/1647/1506 1347/1646/1493
f 1334/1656/1487 1366/1657/1285 1365/1658/1509 1333/1659/1492
f 1335/1655/1486 1367/1654/1286 1366/1657/1285 1334/1656/1487
f 1337/1660/1086 1369/1661/1510 1368/1653/1281 1336/1652/1476
f 1558/1662/1511 1878/1663/1512 1877/1664/1513 1557/1665/1514
f 1363/1666/1353 1395/1667/1515 1394/1668/1516 1362/1669/1354
f 1364/1670/1358 1396/1671/1517 1395/1667/1515 1363/1666/1353
f 1345/1672/1484 1377/1673/1505 1376/1674/1518 1344/1675/1475
f 1339/1641/1090 1371/1640/1503 1370/1676/1519 1338/1677/1085
f 1351/1678/1362 1383/1679/1520 1382/1680/1521 1350/1681/1363
f 1338/1677/1085 1370/1676/1519 1369/1682/1510 1337/1683/1086
f 1358/1633/1490 1390/1632/1499 1389/1684/1522 1357/1685/1488
f 1352/1625/1474 1384/1624/1495 1383/1679/1520 1351/1678/1362
f 1355/1686/1500 1387/1687/1523 1386/1688/1524 1354/1689/1501
f 1354/1689/1501 1386/1688/1524 1385/1690/1494 1353/1691/1473
f 1899/1692/1525 1611/1693/1526 1610/1694/1527 1898/1695/1528
f 1333/1659/1492 1365/1658/1509 1396/1671/1517 1364/1670/1358
f 1886/1696/1529 1598/1697/1530 1597/1698/1531 1885/1699/1532
f 1357/1685/1488 1389/1684/1522 1388/1700/1533 1356/1701/1489
f 1898/1695/1528 1610/1694/1527 1609/1702/1534 1897/1703/1535
f 1356/1701/1489 1388/1700/1533 1387/1687/1523 1355/1686/1500
f 1343/1704/1352 1375/1705/1536 1374/1706/1537 1342/1707/1347
f 1342/1707/1347 1374/1706/1537 1373/1708/1538 1341/1709/1348
f 1344/1675/1475 1376/1674/1518 1375/1705/1536 1343/1704/1352
f 1341/1709/1348 1373/1708/1538 1372/1639/1502 1340/1638/1483
f 1375/1710/1536 1407/1711/1539 1406/1712/1540 1405/1713/1541 1373/1714/1538 1374/1715/1537
f 1412/1716/1542 1411/1717/1543 1379/1718/1506 1380/1719/1508 1381/1720/1507 1413/1721/1544
f 1371/1722/1503 1403/1723/1545 1402/1724/1546 1401/1725/1547 1369/1726/1510 1370/1727/1519
f 1395/1728/1515 1427/1729/1548 1426/1730/1549 1425/1731/1550 1393/1732/1496 1394/1733/1516
f 1369/1726/1510 1401/1725/1547 1400/1400/1282 1368/1399/1281
f 1373/1714/1538 1405/1713/1541 1404/1734/1551 1403/1723/1545 1371/1722/1503 1372/1735/1502
f 1365/1736/1509 1397/1737/1552 1428/1738/1553 1427/1729/1548 1395/1728/1515 1396/1739/1517
f 1384/1740/1495 1416/1741/1554 1415/1742/1555 1383/1743/1520
f 1393/1732/1496 1425/1731/1550 1424/1744/1556 1423/1745/1557 1391/1746/1498 1392/1747/1497
f 1377/1748/1505 1409/1749/1558 1408/1750/1559 1407/1711/1539 1375/1710/1536 1376/1751/1518
f 1379/1718/1506 1411/1717/1543 1410/1752/1560 1409/1749/1558 1377/1748/1505 1378/1753/1504
f 1388/1754/1533 1420/1755/1561 1419/1756/1562 1418/1757/1563 1386/1758/1524 1387/1759/1523
f 837/1344/1226 1176/1340/1222 1182/1206/1114 1181/1205/1113 1175/1345/1227
f 1390/1760/1499 1422/1761/1564 1421/1762/1565 1420/1755/1561 1388/1754/1533 1389/1763/1522
f 1391/1746/1498 1423/1745/1557 1422/1761/1564 1390/1760/1499
f 1386/1758/1524 1418/1757/1563 1417/1764/1566 1416/1741/1554 1384/1740/1495 1385/1765/1494
f 1383/1743/1520 1415/1742/1555 1414/1766/1567 1413/1721/1544 1381/1720/1507 1382/1767/1521
f 1366/1403/1285 1398/1402/1284 1397/1737/1552 1365/1736/1509
f 1402/1768/1546 1434/1769/1568 1433/1770/1569 1401/1771/1547
f 1397/1772/1552 1429/1773/1570 1460/1774/1571 1428/1775/1553
f 1416/1776/1554 1448/1777/1572 1447/1778/1573 1415/1779/1555
f 1403/1780/1545 1435/1781/1574 1434/1769/1568 1402/1768/1546
f 1417/1782/1566 1449/1783/1575 1448/1777/1572 1416/1776/1554
f 1404/1784/1551 1436/1785/1576 1435/1781/1574 1403/1780/1545
f 1418/1786/1563 1450/1787/1577 1449/1788/1575 1417/1789/1566
f 1405/1790/1541 1437/1791/1578 1436/1785/1576 1404/1784/1551
f 1419/1792/1562 1451/1793/1579 1450/1787/1577 1418/1786/1563
f 1406/1794/1540 1438/1795/1580 1437/1791/1578 1405/1790/1541
f 1420/1796/1561 1452/1797/1581 1451/1793/1579 1419/1792/1562
f 1407/1798/1539 1439/1799/1582 1438/1795/1580 1406/1794/1540
f 1421/1800/1565 1453/1801/1583 1452/1797/1581 1420/1796/1561
f 1408/1802/1559 1440/1803/1584 1439/1799/1582 1407/1798/1539
f 1422/1804/1564 1454/1805/1585 1453/1801/1583 1421/1800/1565
f 1409/1806/1558 1441/1807/1586 1440/1803/1584 1408/1802/1559
f 1423/1808/1557 1455/1809/1587 1454/1805/1585 1422/1804/1564
f 1410/1810/1560 1442/1811/1588 1441/1812/1586 1409/1813/1558
f 1424/1814/1556 1456/1815/1589 1455/1809/1587 1423/1808/1557
f 1411/1816/1543 1443/1817/1590 1442/1811/1588 1410/1810/1560
f 1398/1818/1284 1430/1819/1591 1429/1773/1570 1397/1772/1552
f 1425/1820/1550 1457/1821/1592 1456/1815/1589 1424/1814/1556
f 1412/1822/1542 1444/1823/1593 1443/1817/1590 1411/1816/1543
f 1399/1824/1283 1431/1825/1594 1430/1819/1591 1398/1818/1284
f 1426/1826/1549 1458/1827/1595 1457/1828/1592 1425/1829/1550
f 1413/1830/1544 1445/1831/1596 1444/1823/1593 1412/1822/1542
f 1400/1832/1282 1432/1833/1597 1431/1825/1594 1399/1824/1283
f 1427/1834/1548 1459/1835/1598 1458/1827/1595 1426/1826/1549
f 1414/1836/1567 1446/1837/1599 1445/1831/1596 1413/1830/1544
f 1401/1838/1547 1433/1839/1569 1432/1833/1597 1400/1832/1282
f 1428/1775/1553 1460/1774/1571 1459/1835/1598 1427/1834/1548
f 1415/1779/1555 1447/1778/1573 1446/1837/1599 1414/1836/1567
f 1437/1791/1578 1469/1840/1600 1468/1841/1601 1436/1785/1576
f 1451/1793/1579 1483/1842/1602 1482/1843/1603 1450/1787/1577
f 1438/1795/1580 1470/1844/1604 1469/1840/1600 1437/1791/1578
f 1452/1797/1581 1484/1845/1605 1483/1842/1602 1451/1793/1579
f 1439/1799/1582 1471/1846/1606 1470/1844/1604 1438/1795/1580
f 1453/1801/1583 1485/1847/1607 1484/1845/1605 1452/1797/1581
f 1440/1803/1584 1472/1848/1608 1471/1846/1606 1439/1799/1582
f 1454/1805/1585 1486/1849/1609 1485/1847/1607 1453/1801/1583
f 1441/1807/1586 1473/1850/1610 1472/1848/1608 1440/1803/1584
f 1455/1809/1587 1487/1851/1611 1486/1849/1609 1454/1805/1585
f 1442/1811/1588 1474/1852/1612 1473/1853/1610 1441/1812/1586
f 1456/1815/1589 1488/1854/1613 1487/1851/1611 1455/1809/1587
f 1443/1817/1590 1475/1855/1614 1474/1852/1612 1442/1811/1588
f 1430/1819/1591 1462/1856/1615 1461/1857/1616 1429/1773/1570
f 1457/1821/1592 1489/1858/1617 1488/1854/1613 1456/1815/1589
f 1444/1823/1593 1476/1859/1618 1475/1855/1614 1443/1817/1590
f 1431/1825/1594 1463/1860/1619 1462/1856/1615 1430/1819/1591
f 1458/1827/1595 1490/1861/1620 1489/1862/1617 1457/1828/1592
f 1445/1831/1596 1477/1863/1621 1476/1859/1618 1444/1823/1593
f 1432/1833/1597 1464/1864/1622 1463/1860/1619 1431/1825/1594
f 1459/1835/1598 1491/1865/1623 1490/1861/1620 1458/1827/1595
f 1446/1837/1599 1478/1866/1624 1477/1863/1621 1445/1831/1596
f 1433/1839/1569 1465/1867/1625 1464/1864/1622 1432/1833/1597
f 1460/1774/1571 1492/1868/1626 1491/1865/1623 1459/1835/1598
f 1447/1778/1573 1479/1869/1627 1478/1866/1624 1446/1837/1599
f 1434/1769/1568 1466/1870/1628 1465/1871/1625 1433/1770/1569
f 1429/1773/1570 1461/1857/1616 1492/1868/1626 1460/1774/1571
f 1448/1777/1572 1480/1872/1629 1479/1869/1627 1447/1778/1573
f 1435/1781/1574 1467/1873/1630 1466/1870/1628 1434/1769/1568
f 1449/1783/1575 1481/1874/1631 1480/1872/1629 1448/1777/1572
f 1436/1785/1576 1468/1841/1601 1467/1873/1630 1435/1781/1574
f 1450/1787/1577 1482/1843/1603 1481/1875/1631 1449/1788/1575
f 1472/1876/1608 1504/1877/1632 1503/1878/1633 1471/1879/1606
f 1486/1880/1609 1518/1881/1634 1517/1882/1635 1485/1883/1607
f 1473/1884/1610 1505/1885/1636 1504/1877/1632 1472/1876/1608
f 1487/1886/1611 1519/1887/1637 1518/1881/1634 1486/1880/1609
f 1474/1888/1612 1506/1889/1638 1505/1885/1636 1473/1884/1610
f 1488/1890/1613 1520/1891/1639 1519/1887/1637 1487/1886/1611
f 1475/1892/1614 1507/1893/1640 1506/1889/1638 1474/1888/1612
f 1462/1894/1615 1494/1895/1641 1493/1896/1642 1461/1897/1616
f 1489/1898/1617 1521/1899/1643 1520/1891/1639 1488/1890/1613
f 1476/1900/1618 1508/1901/1644 1507/1893/1640 1475/1892/1614
f 1463/1902/1619 1495/1903/1645 1494/1895/1641 1462/1894/1615
f 1490/1904/1620 1522/1905/1646 1521/1899/1643 1489/1898/1617
f 1477/1906/1621 1509/1907/1647 1508/1901/1644 1476/1900/1618
f 1464/1908/1622 1496/1909/1648 1495/1903/1645 1463/1902/1619
f 1491/1910/1623 1523/1911/1649 1522/1905/1646 1490/1904/1620
f 1478/1912/1624 1510/1913/1650 1509/1907/1647 1477/1906/1621
f 1465/1914/1625 1497/1915/1651 1496/1909/1648 1464/1908/1622
f 1492/1916/1626 1524/1917/1652 1523/1911/1649 1491/1910/1623
f 1479/1918/1627 1511/1919/1653 1510/1913/1650 1478/1912/1624
f 1466/1920/1628 1498/1921/1654 1497/1915/1651 1465/1914/1625
f 1461/1897/1616 1493/1896/1642 1524/1917/1652 1492/1916/1626
f 1480/1922/1629 1512/1923/1655 1511/1919/1653 1479/1918/1627
f 1467/1924/1630 1499/1925/1656 1498/1921/1654 1466/1920/1628
f 1481/1926/1631 1513/1927/1657 1512/1923/1655 1480/1922/1629
f 1468/1928/1601 1500/1929/1658 1499/1925/1656 1467/1924/1630
f 1482/1930/1603 1514/1931/1659 1513/1927/1657 1481/1926/1631
f 1469/1932/1600 1501/1933/1660 1500/1929/1658 1468/1928/1601
f 1483/1934/1602 1515/1935/1661 1514/1931/1659 1482/1930/1603
f 1470/1936/1604 1502/1937/1662 1501/1933/1660 1469/1932/1600
f 1484/1938/1605 1516/1939/1663 1515/1935/1661 1483/1934/1602
f 1471/1879/1606 1503/1878/1633 1502/1937/1662 1470/1936/1604
f 1485/1883/1607 1517/1882/1635 1516/1939/1663 1484/1938/1605
f 1507/1940/1640 1539/1941/1664 1538/1942/1665 1506/1943/1638
f 1494/1944/1641 1526/1945/1666 1525/1946/1667 1493/1947/1642
f 1521/1948/1643 1553/1949/1668 1552/1950/1669 1520/1951/1639
f 1508/1952/1644 1540/1953/1670 1539/1941/1664 1507/1940/1640
f 1495/1954/1645 1527/1955/1671 1526/1945/1666 1494/1944/1641
f 1522/1956/1646 1554/1957/1672 1553/1958/1668 1521/1959/1643
f 1509/1960/1647 1541/1961/1673 1540/1953/1670 1508/1952/1644
f 1496/1962/1648 1528/1963/1674 1527/1955/1671 1495/1954/1645
f 1523/1964/1649 1555/1965/1675 1554/1957/1672 1522/1956/1646
f 1510/1966/1650 1542/1967/1676 1541/1961/1673 1509/1960/1647
f 1497/1968/1651 1529/1969/1677 1528/1963/1674 1496/1962/1648
f 1524/1970/1652 1556/1971/1678 1555/1965/1675 1523/1964/1649
f 1511/1972/1653 1543/1973/1679 1542/1967/1676 1510/1966/1650
f 1498/1974/1654 1530/1975/1680 1529/1976/1677 1497/1977/1651
f 1493/1947/1642 1525/1946/1667 1556/1971/1678 1524/1970/1652
f 1512/1978/1655 1544/1979/1681 1543/1973/1679 1511/1972/1653
f 1499/1980/1656 1531/1981/1682 1530/1975/1680 1498/1974/1654
f 1513/1982/1657 1545/1983/1683 1544/1979/1681 1512/1978/1655
f 1500/1984/1658 1532/1985/1684 1531/1981/1682 1499/1980/1656
f 1514/1986/1659 1546/1987/1685 1545/1988/1683 1513/1989/1657
f 1501/1990/1660 1533/1991/1686 1532/1985/1684 1500/1984/1658
f 1515/1992/1661 1547/1993/1687 1546/1987/1685 1514/1986/1659
f 1502/1994/1662 1534/1995/1688 1533/1991/1686 1501/1990/1660
f 1516/1996/1663 1548/1997/1689 1547/1993/1687 1515/1992/1661
f 1503/1998/1633 1535/1999/1690 1534/1995/1688 1502/1994/1662
f 1517/2000/1635 1549/2001/1691 1548/1997/1689 1516/1996/1663
f 1504/2002/1632 1536/2003/1692 1535/1999/1690 1503/1998/1633
f 1518/2004/1634 1550/2005/1693 1549/2001/1691 1517/2000/1635
f 1505/2006/1636 1537/2007/1694 1536/2003/1692 1504/2002/1632
f 1519/2008/1637 1551/2009/1695 1550/2005/1693 1518/2004/1634
f 1506/1943/1638 1538/1942/1665 1537/2010/1694 1505/2011/1636
f 1520/1951/1639 1552/1950/1669 1551/2009/1695 1519/2008/1637
f 1542/1967/1676 1574/2012/1696 1573/2013/1697 1541/1961/1673
f 1529/1969/1677 1561/2014/1698 1560/2015/1699 1528/1963/1674
f 1556/1971/1678 1588/2016/1700 1587/2017/1701 1555/1965/1675
f 1543/1973/1679 1575/2018/1702 1574/2012/1696 1542/1967/1676
f 1530/1975/1680 1562/2019/1703 1561/2020/1698 1529/1976/1677
f 1525/1946/1667 1557/1665/1514 1588/2016/1700 1556/1971/1678
f 1544/1979/1681 1576/2021/1704 1575/2018/1702 1543/1973/1679
f 1531/1981/1682 1563/2022/1705 1562/2019/1703 1530/1975/1680
f 1545/1983/1683 1577/2023/1706 1576/2021/1704 1544/1979/1681
f 1532/1985/1684 1564/2024/1707 1563/2022/1705 1531/1981/1682
f 1546/1987/1685 1578/2025/1708 1577/2026/1706 1545/1988/1683
f 1533/1991/1686 1565/2027/1709 1564/2024/1707 1532/1985/1684
f 1547/1993/1687 1579/2028/1710 1578/2025/1708 1546/1987/1685
f 1534/1995/1688 1566/2029/1711 1565/2027/1709 1533/1991/1686
f 1548/1997/1689 1580/2030/1712 1579/2028/1710 1547/1993/1687
f 1535/1999/1690 1567/2031/1713 1566/2029/1711 1534/1995/1688
f 1549/2001/1691 1581/2032/1714 1580/2030/1712 1548/1997/1689
f 1536/2003/1692 1568/2033/1715 1567/2031/1713 1535/1999/1690
f 1550/2005/1693 1582/2034/1716 1581/2032/1714 1549/2001/1691
f 1537/2007/1694 1569/2035/1717 1568/2033/1715 1536/2003/1692
f 1551/2009/1695 1583/2036/1718 1582/2034/1716 1550/2005/1693
f 1538/1942/1665 1570/2037/1719 1569/2038/1717 1537/2010/1694
f 1552/1950/1669 1584/2039/1720 1583/2036/1718 1551/2009/1695
f 1539/1941/1664 1571/2040/1721 1570/2037/1719 1538/1942/1665
f 1526/1945/1666 1558/1662/1511 1557/1665/1514 1525/1946/1667
f 1553/1949/1668 1585/2041/1722 1584/2039/1720 1552/1950/1669
f 1540/1953/1670 1572/2042/1723 1571/2040/1721 1539/1941/1664
f 1527/1955/1671 1559/2043/1724 1558/1662/1511 1526/1945/1666
f 1554/1957/1672 1586/2044/1725 1585/2045/1722 1553/1958/1668
f 1541/1961/1673 1573/2013/1697 1572/2042/1723 1540/1953/1670
f 1528/1963/1674 1560/2015/1699 1559/2043/1724 1527/1955/1671
f 1555/1965/1675 1587/2017/1701 1586/2044/1725 1554/1957/1672
f 1895/2046/1726 1607/2047/1727 1606/2048/1728 1894/2049/1729
f 1907/2050/1730 1619/2051/1731 1618/2052/1732 1906/2053/1733
f 1892/2054/1734 1604/2055/1735 1603/2056/1736 1891/2057/1737
f 1885/1699/1532 1597/1698/1531 1596/2058/1738 1884/2059/1739
f 1903/2060/1740 1615/2061/1741 1614/2062/1742 1902/2063/1743
f 1889/2064/1744 1601/2065/1745 1600/2066/1746 1888/2067/1747
f 1887/2068/1748 1599/2069/1749 1598/1697/1530 1886/1696/1529
f 1350/1681/1363 1382/1680/1521 1381/1649/1507 1349/1648/1471
f 1908/2070/1750 1620/2071/1751 1619/2051/1731 1907/2050/1730
f 1902/2063/1743 1614/2062/1742 1613/2072/1752 1901/2073/1753
f 1901/2073/1753 1613/2072/1752 1612/2074/1754 1900/2075/1755
f 1888/2067/1747 1600/2066/1746 1599/2069/1749 1887/2068/1748
f 1900/2075/1755 1612/2074/1754 1611/1693/1526 1899/1692/1525
f 1881/2076/1756 1593/2077/1757 1592/2078/1758 1880/2079/1759
f 1891/2057/1737 1603/2056/1736 1602/2080/1760 1890/2081/1761
f 1894/2049/1729 1606/2048/1728 1605/2082/1762 1893/2083/1763
f 1905/2084/1764 1617/2085/1765 1616/2086/1766 1904/2087/1767
f 1568/2033/1715 1888/2088/1747 1887/2089/1748 1567/2031/1713
f 1906/2053/1733 1618/2052/1732 1617/2085/1765 1905/2084/1764
f 1893/2083/1763 1605/2082/1762 1604/2055/1735 1892/2054/1734
f 1580/2030/1712 1900/2090/1755 1899/2091/1525 1579/2028/1710
f 1581/2032/1714 1901/2092/1753 1900/2090/1755 1580/2030/1712
f 1880/2079/1759 1592/2078/1758 1591/2093/1768 1879/2094/1769
f 1877/2095/1513 1589/2096/1770 1620/2071/1751 1908/2070/1750
f 1904/2087/1767 1616/2086/1766 1615/2061/1741 1903/2060/1740
f 1884/2059/1739 1596/2058/1738 1595/2097/1771 1883/2098/1772
f 1882/2099/1773 1594/2100/1774 1593/2077/1757 1881/2076/1756
f 1896/2101/1775 1608/2102/1776 1607/2047/1727 1895/2046/1726
f 1897/1703/1535 1609/1702/1534 1608/2102/1776 1896/2101/1775
f 1559/2043/1724 1879/2103/1769 1878/1663/1512 1558/1662/1511
f 1879/2094/1769 1591/2093/1768 1590/2104/1777 1878/2105/1512
f 1583/2036/1718 1903/2106/1740 1902/2107/1743 1582/2034/1716
f 1664/2108/1778 2080/2109/1779 2081/2110/1780 1665/2111/1781
f 1582/2034/1716 1902/2107/1743 1901/2092/1753 1581/2032/1714
f 1883/2098/1772 1595/2097/1771 1594/2100/1774 1882/2099/1773
f 1570/2037/1719 1890/2112/1761 1889/2113/1744 1569/2038/1717
f 1567/2031/1713 1887/2089/1748 1886/2114/1529 1566/2029/1711
f 1585/2041/1722 1905/2115/1764 1904/2116/1767 1584/2039/1720
f 1584/2039/1720 1904/2116/1767 1903/2106/1740 1583/2036/1718
f 1573/2013/1697 1893/2117/1763 1892/2118/1734 1572/2042/1723
f 1574/2012/1696 1894/2119/1729 1893/2117/1763 1573/2013/1697
f 1569/2035/1717 1889/2120/1744 1888/2088/1747 1568/2033/1715
f 1586/2044/1725 1906/2121/1733 1905/2122/1764 1585/2045/1722
f 1571/2040/1721 1891/2123/1737 1890/2112/1761 1570/2037/1719
f 1572/2042/1723 1892/2118/1734 1891/2123/1737 1571/2040/1721
f 1563/2022/1705 1883/2124/1772 1882/2125/1773 1562/2019/1703
f 1565/2027/1709 1885/2126/1532 1884/2127/1739 1564/2024/1707
f 1557/1665/1514 1877/1664/1513 1908/2128/1750 1588/2016/1700
f 1579/2028/1710 1899/2091/1525 1898/2129/1528 1578/2025/1708
f 1560/2015/1699 1880/2130/1759 1879/2103/1769 1559/2043/1724
f 1890/2081/1761 1602/2080/1760 1601/2065/1745 1889/2064/1744
f 1562/2019/1703 1882/2125/1773 1881/2131/1756 1561/2020/1698
f 1578/2025/1708 1898/2129/1528 1897/2132/1535 1577/2026/1706
f 1575/2018/1702 1895/2133/1726 1894/2119/1729 1574/2012/1696
f 1588/2016/1700 1908/2128/1750 1907/2134/1730 1587/2017/1701
f 1666/2135/1782 2082/2136/1783 2083/2137/1784 1667/2138/1785
f 1672/1595/1480 2088/1594/1479 2089/2139/1786 1673/2140/1787
f 1669/2141/1788 2085/2142/1789 2086/2143/1790 1670/2144/1791
f 1577/2023/1706 1897/2145/1535 1896/2146/1775 1576/2021/1704
f 1564/2024/1707 1884/2127/1739 1883/2124/1772 1563/2022/1705
f 1576/2021/1704 1896/2146/1775 1895/2133/1726 1575/2018/1702
f 2049/2147/1792 2050/2148/1793 802/1163/1071 241/1164/1072
f 1657/2149/1794 2073/1455/1344 2074/1454/1343 1658/2150/1795
f 1615/2151/1741 1647/2152/1796 1646/2153/1797 1614/2154/1742
f 1602/2155/1760 1634/2156/1798 1633/2157/1799 1601/2158/1745
f 1616/2159/1766 1648/2160/1800 1647/2152/1796 1615/2151/1741
f 1603/2161/1736 1635/2162/1801 1634/2156/1798 1602/2155/1760
f 1590/2163/1777 1622/2164/1802 1621/2165/1803 1589/2166/1770
f 1617/2167/1765 1649/2168/1804 1648/2160/1800 1616/2159/1766
f 1604/2169/1735 1636/2170/1805 1635/2162/1801 1603/2161/1736
f 1591/2171/1768 1623/2172/1806 1622/2164/1802 1590/2163/1777
f 1618/2173/1732 1650/2174/1807 1649/2175/1804 1617/2176/1765
f 1605/2177/1762 1637/2178/1808 1636/2170/1805 1604/2169/1735
f 1592/2179/1758 1624/2180/1809 1623/2172/1806 1591/2171/1768
f 1619/2181/1731 1651/2182/1810 1650/2174/1807 1618/2173/1732
f 1606/2183/1728 1638/2184/1811 1637/2178/1808 1605/2177/1762
f 1593/2185/1757 1625/2186/1345 1624/2180/1809 1592/2179/1758
f 1620/2187/1751 1652/2188/1812 1651/2182/1810 1619/2181/1731
f 1607/2189/1727 1639/2190/1813 1638/2184/1811 1606/2183/1728
f 1594/2191/1774 1626/2192/1346 1625/2193/1345 1593/2194/1757
f 1589/2166/1770 1621/2165/1803 1652/2188/1812 1620/2187/1751
f 1608/2195/1776 1640/2196/1814 1639/2190/1813 1607/2189/1727
f 1595/2197/1771 1627/2198/1815 1626/2192/1346 1594/2191/1774
f 1609/2199/1534 1641/2200/1816 1640/2196/1814 1608/2195/1776
f 1596/2201/1738 1628/2202/1817 1627/2198/1815 1595/2197/1771
f 1610/2203/1527 1642/2204/1818 1641/2205/1816 1609/2206/1534
f 1597/2207/1531 1629/2208/1819 1628/2202/1817 1596/2201/1738
f 1611/2209/1526 1643/2210/1820 1642/2204/1818 1610/2203/1527
f 1598/2211/1530 1630/2212/1821 1629/2208/1819 1597/2207/1531
f 1612/2213/1754 1644/2214/1822 1643/2210/1820 1611/2209/1526
f 1599/2215/1749 1631/2216/1823 1630/2212/1821 1598/2211/1530
f 1613/2217/1752 1645/2218/1824 1644/2214/1822 1612/2213/1754
f 1600/2219/1746 1632/2220/1825 1631/2216/1823 1599/2215/1749
f 1614/2154/1742 1646/2153/1797 1645/2218/1824 1613/2217/1752
f 1601/2221/1745 1633/2222/1799 1632/2220/1825 1600/2219/1746
f 1566/2029/1711 1886/2114/1529 1885/2126/1532 1565/2027/1709
f 1655/2223/1826 2071/2224/1827 2072/2225/1828 1656/2226/1829
f 1682/2227/1830 2098/2228/1831 2099/2229/1832 1683/2230/1833
f 1683/2230/1833 2099/2229/1832 2100/2231/1834 1684/2232/1835
f 1673/2140/1787 2089/2139/1786 2090/2233/1836 1674/2234/1837
f 1656/2226/1829 2072/2225/1828 2073/1455/1344 1657/2149/1794
f 1670/2235/1791 2086/2236/1790 2087/1593/1478 1671/1592/1477
f 1561/2014/1698 1881/2237/1756 1880/2130/1759 1560/2015/1699
f 2070/2238/1838 2069/2239/1839 1621/2240/1803 1622/2241/1802
f 2079/2242/1840 2078/2243/1841 1630/2244/1821 1631/2245/1823
f 1674/2234/1837 2090/2233/1836 2091/2246/1842 1675/2247/1843
f 1362/1669/1354 1394/1668/1516 1393/2248/1496 1361/2249/1481
f 1658/2150/1795 2074/1454/1343 2075/1411/1294 1659/1410/1293
f 1663/2250/1844 2079/2242/1840 2080/2109/1779 1664/2108/1778
f 1676/2251/1845 2092/2252/1846 2093/2253/1847 1677/2254/1848
f 2090/2233/1836 2089/2139/1786 1641/2255/1816 1642/2256/1818
f 1662/2257/1849 2078/2243/1841 2079/2242/1840 1663/2250/1844
f 1661/2258/1850 2077/2259/1851 2078/2260/1841 1662/2261/1849
f 1675/2247/1843 2091/2246/1842 2092/2262/1846 1676/2263/1845
f 1677/2254/1848 2093/2253/1847 2094/2264/1852 1678/2265/1853
f 2076/1412/1295 2075/1411/1294 1627/2266/1815 1628/2267/1817
f 1678/2268/1853 2094/2269/1852 2095/2270/1854 1679/2271/1855
f 1665/2111/1781 2081/2110/1780 2082/2136/1783 1666/2135/1782
f 1667/2138/1785 2083/2137/1784 2084/2272/1856 1668/2273/1857
f 2088/1594/1479 2087/1593/1478 1639/2274/1813 1640/2275/1814
f 1668/2276/1857 2084/2277/1856 2085/2142/1789 1669/2141/1788
f 1680/2278/1858 2096/2279/1859 2097/2280/1860 1681/2281/1861
f 2094/2269/1852 2093/2282/1847 1645/2283/1824 1646/2284/1797
f 2082/2136/1783 2081/2110/1780 1633/2285/1799 1634/2286/1798
f 1660/2287/1296 2076/2288/1295 2077/2259/1851 1661/2258/1850
f 1681/2281/1861 2097/2280/1860 2098/2228/1831 1682/2227/1830
f 1654/2289/1862 2070/2238/1838 2071/2224/1827 1655/2223/1826
f 1965/1192/1100 1933/1193/1863 1936/1449/1338 1968/1448/1337
f 1763/2290/1864 1859/2291/1865 1858/2292/1866 1762/2293/1867
f 1684/2294/1835 2100/2295/1834 2069/2296/1839 1653/2297/1868
f 1679/2271/1855 2095/2270/1854 2096/2279/1859 1680/2278/1858
f 2075/1411/1294 2074/1454/1343 1626/1457/1346 1627/2266/1815
f 2073/1455/1344 2072/2225/1828 1624/2298/1809 1625/1456/1345
f 2093/2282/1847 2092/2262/1846 1644/2299/1822 1645/2283/1824
f 2071/2224/1827 2070/2238/1838 1622/2241/1802 1623/2300/1806
f 2095/2270/1854 2094/2269/1852 1646/2284/1797 1647/2301/1796
f 2092/2262/1846 2091/2246/1842 1643/2302/1820 1644/2299/1822
f 2078/2243/1841 2077/2303/1851 1629/2304/1819 1630/2244/1821
f 2080/2109/1779 2079/2242/1840 1631/2245/1823 1632/2305/1825
f 2084/2272/1856 2083/2137/1784 1635/2306/1801 1636/2307/1805
f 2097/2280/1860 2096/2279/1859 1648/2308/1800 1649/2309/1804
f 2099/2229/1832 2098/2228/1831 1650/2310/1807 1651/2311/1810
f 2081/2110/1780 2080/2109/1779 1632/2305/1825 1633/2285/1799
f 2085/2312/1789 2084/2272/1856 1636/2307/1805 1637/2313/1808
f 2091/2246/1842 2090/2233/1836 1642/2256/1818 1643/2302/1820
f 2089/2139/1786 2088/1594/1479 1640/2275/1814 1641/2255/1816
f 2083/2137/1784 2082/2136/1783 1634/2286/1798 1635/2306/1801
f 2096/2279/1859 2095/2270/1854 1647/2301/1796 1648/2308/1800
f 2069/2239/1839 2100/2231/1834 1652/2314/1812 1621/2240/1803
f 2087/1593/1478 2086/2236/1790 1638/2315/1811 1639/2274/1813
f 2100/2231/1834 2099/2229/1832 1651/2311/1810 1652/2314/1812
f 1761/2316/1869 1857/2317/1870 1856/2318/1871 1760/2319/1872
f 2086/2236/1790 2085/2312/1789 1637/2313/1808 1638/2315/1811
f 2072/2225/1828 2071/2224/1827 1623/2300/1806 1624/2298/1809
f 1717/2320/1873 1687/2321/1874 1686/2322/1875 1718/2323/1876
f 1719/2324/1877 1714/2325/1878 1713/2326/1879 1720/2327/1880
f 1721/2328/1881 1701/2329/1882 1700/2330/1883 1722/2331/1884
f 1723/2332/1885 1688/2333/1886 1687/2321/1874 1717/2320/1873
f 1724/2334/1887 1715/2335/1888 1714/2325/1878 1719/2324/1877
f 1725/2336/1889 1702/2337/1890 1701/2329/1882 1721/2328/1881
f 1726/2338/1891 1689/2339/1892 1688/2333/1886 1723/2332/1885
f 1727/2340/1893 1716/2341/1894 1715/2335/1888 1724/2334/1887
f 1728/2342/1895 1703/2343/1896 1702/2337/1890 1725/2336/1889
f 1729/2344/1897 1690/2345/1898 1689/2346/1892 1726/2347/1891
f 1730/2348/1899 1685/2349/1900 1716/2341/1894 1727/2340/1893
f 1731/2350/1901 1704/2351/1902 1703/2343/1896 1728/2342/1895
f 1732/2352/1903 1691/2353/1904 1690/2345/1898 1729/2344/1897
f 1733/2354/1905 1705/2355/1906 1704/2351/1902 1731/2350/1901
f 1734/2356/1907 1692/2357/1908 1691/2353/1904 1732/2352/1903
f 1735/2358/1909 1706/2359/1910 1705/2360/1906 1733/2361/1905
f 1736/2362/1911 1693/2363/1912 1692/2357/1908 1734/2356/1907
f 1737/2364/1913 1707/2365/1914 1706/2359/1910 1735/2358/1909
f 1738/2366/1915 1694/2367/1916 1693/2363/1912 1736/2362/1911
f 1739/2368/1917 1708/933/873 1707/2365/1914 1737/2364/1913
f 1740/2369/1918 1695/2370/1919 1694/2367/1916 1738/2366/1915
f 1741/2371/1920 1709/930/870 1708/933/873 1739/2368/1917
f 1742/2372/1921 1696/2373/1922 1695/2370/1919 1740/2369/1918
f 1743/2374/1923 1710/2375/1924 1709/930/870 1741/2371/1920
f 1744/2376/1925 1697/2377/1926 1696/2373/1922 1742/2372/1921
f 1745/2378/1927 1711/2379/1928 1710/2375/1924 1743/2374/1923
f 1746/2380/1929 1698/2381/1930 1697/2382/1926 1744/2383/1925
f 1747/2384/1931 1712/2385/1932 1711/2379/1928 1745/2378/1927
f 1748/2386/1933 1699/2387/1934 1698/2381/1930 1746/2380/1929
f 1718/2323/1876 1686/2322/1875 1685/2349/1900 1730/2348/1899
f 1720/2388/1880 1713/2389/1879 1712/2385/1932 1747/2384/1931
f 1722/2331/1884 1700/2330/1883 1699/2387/1934 1748/2386/1933
f 1668/2276/1857 1722/2331/1884 1748/2386/1933 1667/2390/1785
f 1681/2391/1861 1720/2388/1880 1747/2384/1931 1680/2392/1858
f 1654/2393/1862 1718/2323/1876 1730/2348/1899 1653/2297/1868
f 1667/2390/1785 1748/2386/1933 1746/2380/1929 1666/2394/1782
f 1680/2392/1858 1747/2384/1931 1745/2378/1927 1679/2395/1855
f 1666/2394/1782 1746/2380/1929 1744/2383/1925 1665/2396/1781
f 1679/2395/1855 1745/2378/1927 1743/2374/1923 1678/2265/1853
f 1665/2397/1781 1744/2376/1925 1742/2372/1921 1664/2398/1778
f 1678/2265/1853 1743/2374/1923 1741/2371/1920 1677/2254/1848
f 1664/2398/1778 1742/2372/1921 1740/2369/1918 1663/2399/1844
f 1677/2254/1848 1741/2371/1920 1739/2368/1917 1676/2251/1845
f 1663/2399/1844 1740/2369/1918 1738/2366/1915 1662/2261/1849
f 1676/2251/1845 1739/2368/1917 1737/2364/1913 1675/2400/1843
f 1662/2261/1849 1738/2366/1915 1736/2362/1911 1661/2258/1850
f 1675/2400/1843 1737/2364/1913 1735/2358/1909 1674/2401/1837
f 1661/2258/1850 1736/2362/1911 1734/2356/1907 1660/2287/1296
f 1674/2401/1837 1735/2358/1909 1733/2361/1905 1673/2402/1787
f 1660/2287/1296 1734/2356/1907 1732/2352/1903 1659/2403/1293
f 1673/2404/1787 1733/2354/1905 1731/2350/1901 1672/2405/1480
f 1659/2403/1293 1732/2352/1903 1729/2344/1897 1658/2406/1795
f 1672/2405/1480 1731/2350/1901 1728/2342/1895 1671/2407/1477
f 1653/2297/1868 1730/2348/1899 1727/2340/1893 1684/2294/1835
f 1658/2406/1795 1729/2344/1897 1726/2347/1891 1657/2408/1794
f 1671/2407/1477 1728/2342/1895 1725/2336/1889 1670/2144/1791
f 1684/2294/1835 1727/2340/1893 1724/2334/1887 1683/2409/1833
f 1657/2410/1794 1726/2338/1891 1723/2332/1885 1656/2411/1829
f 1670/2144/1791 1725/2336/1889 1721/2328/1881 1669/2141/1788
f 1683/2409/1833 1724/2334/1887 1719/2324/1877 1682/2412/1830
f 1656/2411/1829 1723/2332/1885 1717/2320/1873 1655/2413/1826
f 1669/2141/1788 1721/2328/1881 1722/2331/1884 1668/2276/1857
f 1682/2412/1830 1719/2324/1877 1720/2327/1880 1681/2414/1861
f 1655/2413/1826 1717/2320/1873 1718/2323/1876 1654/2393/1862
f 1692/2357/1908 1756/2415/1935 1755/2416/1936 1691/2353/1904
f 1691/2353/1904 1755/2416/1936 1754/2417/1937 1690/2345/1898
f 1710/2375/1924 1774/2418/1938 1773/931/871 1709/930/870
f 1706/2359/1910 1770/2419/1939 1769/2420/1940 1705/2360/1906
f 1708/933/873 1772/932/872 1771/2421/1941 1707/2365/1914
f 1696/2373/1922 1760/2319/1872 1759/2422/1942 1695/2370/1919
f 1693/2363/1912 1757/2423/1943 1756/2415/1935 1692/2357/1908
f 1707/2365/1914 1771/2421/1941 1770/2419/1939 1706/2359/1910
f 1698/2381/1930 1762/2293/1867 1761/2424/1869 1697/2382/1926
f 1695/2370/1919 1759/2422/1942 1758/2425/1944 1694/2367/1916
f 1711/2379/1928 1775/2426/1945 1774/2418/1938 1710/2375/1924
f 1697/2377/1926 1761/2316/1869 1760/2319/1872 1696/2373/1922
f 1699/2387/1934 1763/2290/1864 1762/2293/1867 1698/2381/1930
f 1703/2343/1896 1767/2427/1946 1766/2428/1947 1702/2337/1890
f 1701/2329/1882 1765/2429/1948 1764/2430/1949 1700/2330/1883
f 1712/2385/1932 1776/2431/1950 1775/2426/1945 1711/2379/1928
f 1713/2389/1879 1777/2432/1951 1776/2431/1950 1712/2385/1932
f 1686/2322/1875 1750/2433/1952 1749/2434/1953 1685/2349/1900
f 1694/2367/1916 1758/2425/1944 1757/2423/1943 1693/2363/1912
f 1687/2321/1874 1751/2435/1954 1750/2433/1952 1686/2322/1875
f 1714/2325/1878 1778/2436/1955 1777/2437/1951 1713/2326/1879
f 1689/2339/1892 1753/2438/1956 1752/2439/1957 1688/2333/1886
f 1700/2330/1883 1764/2430/1949 1763/2290/1864 1699/2387/1934
f 1715/2335/1888 1779/2440/1958 1778/2436/1955 1714/2325/1878
f 1688/2333/1886 1752/2439/1957 1751/2435/1954 1687/2321/1874
f 1685/2349/1900 1749/2434/1953 1780/2441/1959 1716/2341/1894
f 1716/2341/1894 1780/2441/1959 1779/2440/1958 1715/2335/1888
f 1690/2345/1898 1754/2417/1937 1753/2442/1956 1689/2346/1892
f 1702/2337/1890 1766/2428/1947 1765/2429/1948 1701/2329/1882
f 1705/2355/1906 1769/2443/1940 1768/2444/1960 1704/2351/1902
f 1704/2351/1902 1768/2444/1960 1767/2427/1946 1703/2343/1896
f 1760/2319/1872 1856/2318/1871 1855/2445/1961 1759/2422/1942
f 1774/2418/1938 1870/2446/1962 1869/2447/1963 1773/931/871
f 1779/2440/1958 1875/2448/1964 1874/2449/1965 1778/2436/1955
f 2098/2228/1831 2097/2280/1860 1649/2309/1804 1650/2310/1807
f 1762/2293/1867 1858/2292/1866 1857/2450/1870 1761/2424/1869
f 1776/2431/1950 1872/2451/1966 1871/2452/1967 1775/2426/1945
f 1777/2432/1951 1873/2453/1968 1872/2451/1966 1776/2431/1950
f 1765/2429/1948 1861/2454/1969 1860/2455/1970 1764/2430/1949
f 1766/2428/1947 1862/2456/1971 1861/2454/1969 1765/2429/1948
f 2077/2303/1851 2076/1412/1295 1628/2267/1817 1629/2304/1819
f 1752/2439/1957 1848/2457/1972 1847/2458/1973 1751/2435/1954
f 1771/2421/1941 1867/2459/1974 1866/2460/1975 1770/2419/1939
f 1753/2438/1956 1849/2461/1976 1848/2457/1972 1752/2439/1957
f 1751/2435/1954 1847/2458/1973 1846/2462/1977 1750/2433/1952
f 1759/2422/1942 1855/2445/1961 1854/2463/1978 1758/2425/1944
f 1963/1440/1327 1966/1438/1325 1943/1188/1096 1237/1187/1095 1268/1439/1374 1267/1441/1365 1266/1277/1161 1960/1276/1160
f 2042/2464/1979 2043/2465/1980 236/1267/1152 794/1266/1151
f 236/1267/1152 2043/2465/1980 2044/2466/1981 797/1377/1259 235/1268/1153
f 1961/1442/1329 1964/1436/1323 1254/1437/1368 1253/1443/1371 1252/1453/1415 1251/1434/1411 1250/1433/1408 1953/1432/1319 1955/1435/1322 1958/1452/1341
f 1802/2467/1982 1801/2468/1983 1865/2469/1984 1866/2470/1975 1867/2471/1974 1868/2472/1985 1869/2473/1963 1870/2474/1962 1871/2475/1967 1872/2476/1966 1873/2477/1968 1874/2478/1965 1875/2479/1964 1876/2480/1986 1845/2481/1987 1846/2482/1977 1782/2483/1988 1781/2484/1989 1812/2485/1990 1811/2486/1991 1810/2487/1992 1809/2488/1993 1808/2489/1994 1807/2490/1995 1806/2491/1996 1805/2492/1997 1804/2493/1263 1803/2494/1266
f 1793/2495/1998 1825/2496/1999 1824/2497/2000 1792/2498/2001
f 1811/2499/1991 1843/2500/2002 1842/2501/2003 1810/2502/1992
f 1798/2503/2004 1830/2504/2005 1829/2505/2006 1797/2506/2007
f 1794/2507/2008 1826/2508/2009 1825/2496/1999 1793/2495/1998
f 1795/2509/2010 1827/2510/2011 1826/2508/2009 1794/2511/2008
f 1803/1384/1266 1835/1383/1265 1834/2512/2012 1802/2513/1982
f 1810/2487/1992 1842/2501/2003 1841/2514/2013 1809/2488/1993
f 1782/2515/1988 1814/2516/2014 1813/2517/2015 1781/2518/1989
f 1788/2519/2016 1820/2520/2017 1819/2521/2018 1787/2522/2019
f 1783/2523/2020 1815/2524/2021 1814/2525/2014 1782/2515/1988
f 1792/2526/2001 1824/2497/2000 1823/2527/2022 1791/2528/2023
f 1789/2529/2024 1821/2530/2025 1820/2531/2017 1788/2519/2016
f 1785/2532/2026 1817/2533/2027 1816/2534/2028 1784/2535/2029
f 1809/2488/1993 1841/2514/2013 1840/2536/2030 1808/2489/1994
f 1781/2518/1989 1813/2517/2015 1844/2537/2031 1812/2538/1990
f 1801/2468/1983 1833/2539/2032 1832/2540/2033 1800/2541/2034
f 1799/2542/2035 1831/2543/2036 1830/2544/2005 1798/2503/2004
f 1784/2545/2029 1816/2534/2028 1815/2524/2021 1783/2523/2020
f 1786/2546/2037 1818/2547/2038 1817/2533/2027 1785/2532/2026
f 1812/2538/1990 1844/2548/2031 1843/2500/2002 1811/2499/1991
f 1787/2522/2019 1819/2521/2018 1818/2547/2038 1786/2549/2037
f 1797/2506/2007 1829/2505/2006 1828/2550/2039 1796/2551/2040
f 800/1161/1069 808/1160/1068 807/1185/1093 1143/1184/1092 799/2552/2041 2045/2553/2042 2046/2554/2043
f 1805/2555/1997 1837/2556/2044 1836/2557/1264 1804/1381/1263
f 1802/2467/1982 1834/2512/2012 1833/2539/2032 1801/2468/1983
f 1806/2558/1996 1838/2559/2045 1837/2556/2044 1805/2555/1997
f 1796/2551/2040 1828/2560/2039 1827/2510/2011 1795/2509/2010
f 1807/2561/1995 1839/2562/2046 1838/2563/2045 1806/2558/1996
f 1800/2564/2034 1832/2540/2033 1831/2543/2036 1799/2542/2035
f 1790/2565/2047 1822/2566/2048 1821/2530/2025 1789/2529/2024
f 1791/2528/2023 1823/2527/2022 1822/2567/2048 1790/2565/2047
f 1808/2568/1994 1840/2536/2030 1839/2562/2046 1807/2561/1995
f 1770/2419/1939 1866/2460/1975 1865/2569/1984 1769/2420/1940
f 1756/2415/1935 1852/2570/2049 1851/2571/2050 1755/2416/1936
f 1757/2423/1943 1853/2572/2051 1852/2570/2049 1756/2415/1935
f 1758/2425/1944 1854/2463/1978 1853/2572/2051 1757/2423/1943
f 1755/2416/1936 1851/2571/2050 1850/2573/2052 1754/2417/1937
f 1764/2430/1949 1860/2455/1970 1859/2291/1865 1763/2290/1864
f 1750/2433/1952 1846/2462/1977 1845/2574/1987 1749/2434/1953
f 1767/2427/1946 1863/2575/2053 1862/2456/1971 1766/2428/1947
f 1995/2576/2054 1910/2577/1333 1909/2578/1332 1994/2579/2055
f 1768/2444/1960 1864/2580/2056 1863/2575/2053 1767/2427/1946
f 1772/932/872 1868/2581/1985 1867/2459/1974 1771/2421/1941
f 1587/2017/1701 1907/2134/1730 1906/2121/1733 1586/2044/1725
f 1778/2436/1955 1874/2449/1965 1873/2582/1968 1777/2437/1951
f 1754/2417/1937 1850/2573/2052 1849/2583/1976 1753/2442/1956
f 1987/2584/2057 1922/2585/1321 1920/2586/1320 1986/2587/2058
f 1749/2434/1953 1845/2574/1987 1876/2588/1986 1780/2441/1959
f 1773/931/871 1869/2447/1963 1868/2581/1985 1772/932/872
f 1775/2426/1945 1871/2452/1967 1870/2446/1962 1774/2418/1938
f 1981/2589/2059 1911/2590/1313 1940/2591/1312 1980/2592/2060
f 1780/2441/1959 1876/2588/1986 1875/2448/1964 1779/2440/1958
f 1962/1191/1099 1930/1194/1335 1933/1193/1863 1965/1192/1100
f 1590/2104/1777 1589/2096/1770 1877/2095/1513 1878/2105/1512
f 1975/2593/2061 1927/2594/1292 1924/2595/1291 1974/2596/2062
f 1993/2597/2063 1939/2598/1359 1937/2599/1307 1992/2600/2064
f 1980/2592/2060 1940/2591/1312 1938/2601/1339 1979/2602/2065
f 1994/2579/2055 1909/2578/1332 1939/2603/1359 1993/2604/2063
f 1979/2602/2065 1938/2601/1339 1936/2605/1338 1978/2606/2066
f 1986/2587/2058 1920/2586/1320 1918/2607/1303 1985/2608/2067
f 1978/2606/2066 1936/2605/1338 1933/2609/1863 1977/2610/2068
f 1998/2611/2069 1917/2612/1310 1915/2613/1309 1997/2614/2070
f 1990/2615/2071 1932/2616/1324 1929/2617/1330 1989/2618/2072
f 1983/2619/2073 1914/2620/1299 1912/2621/1298 1982/2622/2074
f 1996/2623/2075 1913/2624/1316 1910/2577/1333 1995/2576/2054
f 1984/2625/2076 1916/2626/1302 1914/2620/1299 1983/2619/2073
f 1977/2627/2068 1933/2628/1863 1930/2629/1335 1976/2630/2077
f 1988/2631/2078 1926/2632/1342 1922/2585/1321 1987/2584/2057
f 2001/2633/2079 1925/2634/2080 1921/2635/1318 2000/2636/2081
f 2003/2637/2082 1931/2638/1328 1928/2639/1336 2002/2640/2083
f 1991/2641/2084 1935/2642/1306 1932/2616/1324 1990/2615/2071
f 2038/323/322 2039/2643/2085 228/1142/1051 786/317/316
f 1769/2443/1940 1865/2644/1984 1864/2580/2056 1768/2444/1960
f 1976/2630/2077 1930/2629/1335 1927/2594/1292 1975/2593/2061
f 2004/2645/2086 1934/2646/1326 1931/2638/1328 2003/2637/2082
f 1997/2614/2070 1915/2613/1309 1913/2624/1316 1996/2623/2075
f 2002/2640/2083 1928/2639/1336 1925/2647/2080 2001/2648/2079
f 1973/2649/2087 1923/2650/1290 1934/2646/1326 2004/2645/2086
f 1987/2651/2057 1986/2652/2058 1985/2653/2067 1984/2654/2076 1983/2655/2073 1982/2656/2074 1981/2657/2059 1980/2658/2060 1979/2659/2065 1978/2660/2066 1977/2661/2068 1976/2662/2077 1975/2663/2061 1974/2664/2062 1973/2665/2087 2004/2666/2086 2003/2667/2082 2002/2668/2083 2001/2669/2079 2000/2670/2081 1999/2671/2088 1998/2672/2069 1997/2673/2070 1996/2674/2075 1995/2675/2054 1994/2676/2055 1993/2677/2063 1992/2678/2064 1991/2679/2084 1990/2680/2071 1989/2681/2072 1988/2682/2078
f 1957/1275/1159 1925/1278/2080 1928/1277/1336 1960/1276/1160
f 1982/2622/2074 1912/2621/1298 1911/2590/1313 1981/2589/2059
f 1654/2393/1862 1653/2297/1868 2069/2296/1839 2070/2683/1838
f 2000/2636/2081 1921/2635/1318 1919/2684/1317 1999/2685/2088
f 1992/2600/2064 1937/2599/1307 1935/2642/1306 1991/2641/2084
f 1999/2685/2088 1919/2684/1317 1917/2612/1310 1998/2611/2069
f 1944/1447/1334 1910/1446/1333 1913/1431/1316 1946/1430/1315
f 1944/1447/1334 1946/1430/1315 1948/1283/1167 1261/1282/1166 1260/1431/1397 1259/1446/1393 1258/1445/1389 1941/1444/1331
f 1795/2686/2010 1794/2507/2008 1793/2495/1998 1792/2498/2001 1791/2687/2023 1790/2688/2047 1789/2689/2024 1788/2690/2016 1787/2691/2019 1786/2546/2037 1785/2532/2026 1784/2535/2029 1783/2692/2020 1782/2483/1988 1846/2482/1977 1847/2693/1973 1848/2694/1972 1849/2695/1976 1850/2696/2052 1851/2697/2050 1852/2698/2049 1853/2699/2051 1854/2700/1978 1855/2701/1961 1856/2702/1871 1857/2703/1870 1858/2704/1866 1859/2705/1865 1860/2706/1970 1861/2707/1969 1862/2708/1971 1863/2709/2053 1864/2710/2056 1865/2469/1984 1801/2468/1983 1800/2541/2034 1799/2711/2035 1798/2712/2004 1797/2713/2007 1796/2714/2040
f 1241/1193/1101 1965/1192/1100 1968/1448/1337 1970/1451/1340 1972/1426/1311 1244/1427/1387 1243/1450/1383 1242/1449/1378
f 1967/1422/1305 1969/1425/1308 1971/1471/1360 1941/1444/1331 1258/1445/1389 1257/1470/1385 1256/1424/1381 1255/1423/1376 1254/1437/1368 1964/1436/1323
f 1947/1417/1300 1949/1418/1301 1248/1419/1402 1247/1416/1399 1246/1415/1395 1245/1428/1391 1244/1427/1387 1972/1426/1311 1942/1429/1314 1945/1414/1297
f 1985/2715/2067 1918/2716/1303 1916/2626/1302 1984/2625/2076
f 359/868/832 1140/709/676 771/708/675 1139/947/885 358/946/884
f 1248/1419/1402 1949/1418/1301 1951/1421/1304 1953/1432/1319 1250/1433/1408 1249/1420/1405
f 1924/2595/1291 1923/2650/1290 1973/2649/2087 1974/2596/2062
f 2046/2554/2043 2047/2717/2089 240/1158/1066 800/1161/1069
f 1275/2718/1384 2007/1515/1424 2036/1576/1470 1274/2719/1379
f 1288/2720/1382 2005/1511/1421 2035/1574/1469 1287/2721/1377
f 1269/2722/1380 2023/1551/1453 2034/1572/1468 1300/2723/1375
f 1274/2719/1379 2036/1576/1470 2033/1579/1467 1273/2724/1372
f 1287/2721/1377 2035/1574/1469 2032/1568/1466 1286/2725/1369
f 1300/2723/1375 2034/1572/1468 2031/1566/1465 1299/2726/1366
f 1273/2727/1372 2033/1570/1467 2030/1564/1463 1272/2728/1373
f 1286/2725/1369 2032/1568/1466 2029/1562/1461 1285/2729/1370
f 1299/2726/1366 2031/1566/1465 2028/1558/1460 1298/2730/1367
f 1272/2728/1373 2030/1564/1463 2027/1556/1458 1271/2731/1417
f 1285/2729/1370 2029/1562/1461 2026/1554/1456 1284/2732/1416
f 1298/2730/1367 2028/1558/1460 2025/1561/1454 1297/2733/1414
f 1271/2731/1417 2027/1556/1458 2024/1548/1450 1270/2734/1413
f 1284/2732/1416 2026/1554/1456 2022/1546/1448 1283/2735/1412
f 1297/2736/1414 2025/1552/1454 2021/1544/1446 1296/2737/1410
f 1270/2734/1413 2024/1548/1450 2023/1551/1453 1269/2722/1380
f 1283/2735/1412 2022/1546/1448 2020/1540/1444 1282/2738/1409
f 1296/2737/1410 2021/1544/1446 2019/1538/1442 1295/2739/1407
f 1282/2738/1409 2020/1540/1444 2018/1543/1440 1281/2740/1406
f 1295/2739/1407 2019/1538/1442 2017/1534/1438 1294/2741/1404
f 1281/2742/1406 2018/1536/1440 2016/1532/1436 1280/2743/1403
f 1294/2741/1404 2017/1534/1438 2015/1530/1434 1293/2744/1401
f 1280/2743/1403 2016/1532/1436 2014/1528/1433 1279/2745/1400
f 1293/2744/1401 2015/1530/1434 2013/1526/1431 1292/2746/1398
f 1279/2745/1400 2014/1528/1433 2012/1524/1430 1278/2747/1396
f 1292/2746/1398 2013/1526/1431 2011/1522/1428 1291/2748/1394
f 1278/2747/1396 2012/1524/1430 2010/1520/1427 1277/2749/1392
f 1291/2748/1394 2011/1522/1428 2009/1516/1425 1290/2750/1390
f 1277/2749/1392 2010/1520/1427 2008/1512/1422 1276/2751/1388
f 1290/2750/1390 2009/1516/1425 2006/1519/1418 1289/2752/1386
f 1276/2751/1388 2008/1512/1422 2007/1515/1424 1275/2718/1384
f 1289/2753/1386 2006/1508/1418 2005/1511/1421 1288/2720/1382
f 316/965/903 317/902/849 996/903/850 995/1097/303
f 2051/2754/2090 2052/1347/1229 803/1154/1062 242/1157/1065
f 2047/2717/2089 2048/2755/2091 801/1167/1075 240/1158/1066
f 2057/2756/2092 2058/2757/2093 791/1197/1105 233/1141/1050
f 2064/2758/2094 2065/2759/2095 225/1133/1042 784/1132/1041
f 2055/650/629 2056/2760/2096 795/1140/1049 237/651/630
f 275/1121/792 1171/1120/1031 832/1294/1177 1170/1295/1178 276/1296/405
f 774/468/462 2068/467/461 2037/322/321 780/321/320 1141/320/319 773/292/291 218/291/290
f 922/230/230 923/252/252 370/253/253 22/853/817 369/231/231
f 1954/1274/1158 1921/1279/1318 1925/1278/2080 1957/1275/1159
f 2050/2148/1793 2051/2754/2090 242/1157/1065 802/1163/1071
f 2041/2761/2097 2042/2464/1979 794/1266/1151 232/1199/1107
f 2040/2762/2098 2041/2761/2097 232/1199/1107 790/1168/1076
f 2058/2757/2093 2059/2763/2099 229/1202/1110 791/1197/1105
f 1971/1471/1360 1939/1470/1359 1909/1445/1332 1941/1444/1331
f 797/1377/1259 2044/2466/1981 2045/2553/2042 799/2552/2041 1143/1184/1092 805/1183/1091 239/1257/1147
f 995/304/303 996/1099/850 521/720/687 97/721/688 508/305/304
f 2063/1172/1080 2064/2758/2094 784/1132/1041 226/1137/1046
f 1126/1409/638 1127/625/273 761/624/608 216/470/464 749/469/463
f 2048/2755/2091 2049/2147/1792 241/1164/1072 801/1167/1075
f 2054/649/628 798/648/627 243/1222/1127 806/1210/1118 1144/1209/1117 804/1349/1231 2053/1348/1230
f 1950/1284/1168 1917/1281/1310 1919/1280/1317 1952/1285/1169
f 2039/2643/2085 2040/2762/2098 790/1168/1076 228/1142/1051
f 2066/2764/2100 2067/466/460 224/465/459 783/1174/1082
f 2065/2759/2095 2066/2764/2100 783/1174/1082 225/1133/1042
f 2056/2760/2096 2057/2756/2092 233/1141/1050 795/1140/1049
f 781/1303/1185 2061/1302/1184 2062/1171/1079 777/1170/1078 222/1291/1175 778/1145/1053 1142/1148/1056
f 1816/2765/2028 1817/2766/2027 2037/2767/321 2068/2768/461
f 1815/2769/2021 1816/2765/2028 2068/2768/461 2067/2770/460
f 1814/2516/2014 1815/2769/2021 2067/2770/460 2066/2771/2100
f 1813/2517/2015 1814/2516/2014 2066/2771/2100 2065/2772/2095
f 1844/2537/2031 1813/2517/2015 2065/2772/2095 2064/2773/2094
f 1843/2774/2002 1844/2537/2031 2064/2773/2094 2063/2775/1080
f 1842/2776/2003 1843/2774/2002 2063/2775/1080 2062/2777/1079
f 1841/2778/2013 1842/2776/2003 2062/2777/1079 2061/2779/1184
f 1840/2780/2030 1841/2781/2013 2061/2782/1184 2060/2783/1183
f 1839/2784/2046 1840/2780/2030 2060/2783/1183 2059/2785/2099
f 1838/2559/2045 1839/2784/2046 2059/2785/2099 2058/2786/2093
f 1837/2556/2044 1838/2559/2045 2058/2786/2093 2057/2787/2092
f 1836/2557/1264 1837/2556/2044 2057/2787/2092 2056/2788/2096
f 1835/2789/1265 1836/2557/1264 2056/2788/2096 2055/2790/629
f 1834/2791/2012 1835/2789/1265 2055/2790/629 2054/2792/628
f 1833/2793/2032 1834/2791/2012 2054/2792/628 2053/2794/1230
f 1832/2795/2033 1833/2796/2032 2053/2797/1230 2052/2798/1229
f 1831/2799/2036 1832/2795/2033 2052/2798/1229 2051/2800/2090
f 1830/2504/2005 1831/2799/2036 2051/2800/2090 2050/2801/1793
f 1829/2505/2006 1830/2504/2005 2050/2801/1793 2049/2802/1792
f 1828/2550/2039 1829/2505/2006 2049/2802/1792 2048/2803/2091
f 1827/2804/2011 1828/2550/2039 2048/2803/2091 2047/2805/2089
f 1826/2806/2009 1827/2804/2011 2047/2805/2089 2046/2807/2043
f 1825/2808/1999 1826/2806/2009 2046/2807/2043 2045/2809/2042
f 1824/2810/2000 1825/2811/1999 2045/2812/2042 2044/2813/1981
f 1823/2814/2022 1824/2810/2000 2044/2813/1981 2043/2815/1980
f 1822/2566/2048 1823/2814/2022 2043/2815/1980 2042/2816/1979
f 1821/2530/2025 1822/2566/2048 2042/2816/1979 2041/2817/2097
f 1820/2531/2017 1821/2530/2025 2041/2817/2097 2040/2818/2098
f 1819/2819/2018 1820/2531/2017 2040/2818/2098 2039/2820/2085
f 1818/2821/2038 1819/2819/2018 2039/2820/2085 2038/2822/322
f 1817/2823/2027 1818/2821/2038 2038/2822/322 2037/2824/321
f 2059/2763/2099 2060/1301/1183 787/1203/1111 229/1202/1110
f 1989/2618/2072 1929/2617/1330 1926/2632/1342 1988/2631/2078
