# Blender 4.2.0
# www.blender.org
mtllib queen.mtl
o Piece_05.001
v -0.115961 0.075997 0.371417
v -0.226058 0.078145 0.400927
v -0.316477 0.080300 0.470329
v -0.373452 0.082136 0.569058
v -0.388309 0.083373 0.682083
v -0.358786 0.083822 0.792197
v -0.328534 0.083725 0.840835
v -0.289377 0.083415 0.882636
v -0.242820 0.082905 0.915996
v -0.190651 0.082214 0.939632
v -0.134875 0.081369 0.952636
v -0.077636 0.080402 0.954507
v 0.032462 0.078255 0.924997
v 0.122880 0.076099 0.855595
v 0.179855 0.074263 0.756866
v 0.194712 0.073026 0.643841
v 0.165189 0.072577 0.533727
v 0.134937 0.072675 0.485090
v 0.095780 0.072984 0.443288
v 0.049223 0.073494 0.409928
v -0.002946 0.074185 0.386292
v -0.115831 0.093809 0.368580
v -0.226941 0.095976 0.398362
v -0.318192 0.098152 0.468403
v -0.375691 0.100005 0.568040
v -0.390684 0.101253 0.682104
v -0.360889 0.101706 0.793231
v -0.290843 0.101296 0.884502
v -0.191208 0.100084 0.942022
v -0.077153 0.098255 0.957034
v 0.033957 0.096088 0.927253
v 0.125207 0.093912 0.857212
v 0.182706 0.092059 0.757575
v 0.197700 0.090811 0.643510
v 0.167905 0.090358 0.532383
v 0.097858 0.090769 0.441112
v 0.050872 0.091283 0.407446
v -0.001777 0.091981 0.383592
v -0.058065 0.092834 0.370469
v -0.114750 0.107594 0.381326
v -0.221003 0.109667 0.409805
v -0.308263 0.111747 0.476783
v -0.340448 0.112690 0.521715
v -0.363248 0.113519 0.572064
v -0.377586 0.114713 0.681142
v -0.349094 0.115146 0.787410
v -0.319899 0.115052 0.834349
v -0.282110 0.114753 0.874691
v -0.237178 0.114261 0.906885
v -0.186831 0.113594 0.929696
v -0.077764 0.111846 0.944051
v 0.028489 0.109773 0.915572
v 0.115749 0.107693 0.848594
v 0.170734 0.105921 0.753313
v 0.185072 0.104727 0.644235
v 0.156580 0.104294 0.537967
v 0.089596 0.104687 0.450686
v 0.044665 0.105179 0.418492
v -0.059510 0.106661 0.383132
v -0.113380 0.117712 0.399480
v -0.164374 0.118661 0.407902
v -0.212744 0.119650 0.426113
v -0.256631 0.120641 0.453411
v -0.294348 0.121596 0.488749
v -0.324446 0.122477 0.530768
v -0.345768 0.123253 0.577853
v -0.357495 0.123891 0.628195
v -0.359176 0.124369 0.679859
v -0.350747 0.124667 0.730860
v -0.332531 0.124774 0.779238
v -0.305229 0.124686 0.823133
v -0.269890 0.124407 0.860860
v -0.227871 0.123946 0.890967
v -0.180788 0.123323 0.912299
v -0.130450 0.122560 0.924035
v -0.078791 0.121687 0.925724
v -0.027797 0.120738 0.917302
v 0.020573 0.119749 0.899091
v 0.064460 0.118758 0.871793
v 0.102177 0.117804 0.836455
v 0.132275 0.116922 0.794436
v 0.153597 0.116147 0.747351
v 0.165324 0.115508 0.697009
v 0.167005 0.115031 0.645345
v 0.158576 0.114733 0.594344
v 0.140360 0.114625 0.545966
v 0.113058 0.114713 0.502070
v 0.077719 0.114993 0.464344
v 0.035700 0.115453 0.434236
v -0.011383 0.116076 0.412905
v -0.061721 0.116839 0.401169
v -0.113380 0.117712 0.399480
v -0.164374 0.118661 0.407902
v -0.212744 0.119650 0.426113
v -0.256631 0.120641 0.453411
v -0.294348 0.121596 0.488749
v -0.324446 0.122477 0.530768
v -0.345768 0.123253 0.577853
v -0.357495 0.123891 0.628195
v -0.359176 0.124369 0.679859
v -0.350747 0.124667 0.730860
v -0.332531 0.124774 0.779238
v -0.305229 0.124686 0.823133
v -0.269890 0.124407 0.860860
v -0.227871 0.123946 0.890967
v -0.180788 0.123323 0.912299
v -0.130450 0.122560 0.924035
v -0.078791 0.121687 0.925724
v -0.027797 0.120738 0.917302
v 0.020573 0.119749 0.899091
v 0.064460 0.118758 0.871793
v 0.102177 0.117804 0.836455
v 0.132275 0.116922 0.794436
v 0.153597 0.116147 0.747351
v 0.165324 0.115508 0.697009
v 0.167005 0.115031 0.645345
v 0.158576 0.114733 0.594344
v 0.140360 0.114625 0.545966
v 0.113058 0.114713 0.502070
v 0.077719 0.114993 0.464344
v 0.035700 0.115453 0.434236
v -0.011383 0.116076 0.412905
v -0.061721 0.116839 0.401169
v -0.112907 0.119236 0.406276
v -0.162582 0.120160 0.414481
v -0.209700 0.121124 0.432220
v -0.252451 0.122089 0.458812
v -0.289192 0.123019 0.493235
v -0.318511 0.123878 0.534167
v -0.339281 0.124633 0.580033
v -0.350705 0.125255 0.629072
v -0.352343 0.125720 0.679400
v -0.344132 0.126011 0.729081
v -0.326387 0.126115 0.776207
v -0.299792 0.126029 0.818966
v -0.265367 0.125757 0.855717
v -0.224436 0.125309 0.885045
v -0.178571 0.124701 0.905825
v -0.129535 0.123958 0.917257
v -0.079213 0.123108 0.918902
v -0.029539 0.122184 0.910698
v 0.017579 0.121220 0.892959
v 0.060330 0.120255 0.866366
v 0.097071 0.119325 0.831943
v 0.126390 0.118466 0.791012
v 0.147161 0.117711 0.745145
v 0.158584 0.117089 0.696106
v 0.160222 0.116624 0.645779
v 0.152011 0.116334 0.596097
v 0.134267 0.116229 0.548971
v 0.107671 0.116315 0.506212
v 0.073246 0.116587 0.469462
v 0.032315 0.117035 0.440133
v -0.013550 0.117643 0.419354
v -0.062585 0.118386 0.407921
v -0.113148 0.164382 0.390386
v -0.165826 0.165362 0.399086
v -0.215793 0.166384 0.417898
v -0.261129 0.167407 0.446098
v -0.300091 0.168393 0.482603
v -0.331183 0.169304 0.526009
v -0.353209 0.170105 0.574649
v -0.365324 0.170765 0.626653
v -0.367060 0.171258 0.680023
v -0.339536 0.171677 0.782683
v -0.274826 0.171297 0.867000
v -0.182782 0.170178 0.920138
v -0.130782 0.169390 0.932261
v -0.077417 0.168488 0.934006
v -0.024739 0.167508 0.925306
v 0.025228 0.166486 0.906494
v 0.070563 0.165463 0.878294
v 0.109526 0.164476 0.841789
v 0.162644 0.162765 0.749744
v 0.174758 0.162105 0.697739
v 0.176495 0.161612 0.644369
v 0.167787 0.161304 0.591684
v 0.148970 0.161193 0.541709
v 0.084260 0.161573 0.457392
v -0.007783 0.162692 0.404254
v -0.112710 0.191645 0.389688
v -0.165478 0.192627 0.398403
v -0.260942 0.194676 0.445494
v -0.299971 0.195664 0.482061
v -0.331115 0.196576 0.525541
v -0.353179 0.197378 0.574263
v -0.365314 0.198039 0.626356
v -0.367054 0.198533 0.679816
v -0.358331 0.198842 0.732591
v -0.339482 0.198952 0.782651
v -0.311231 0.198862 0.828073
v -0.274662 0.198572 0.867111
v -0.182462 0.197451 0.920339
v -0.130374 0.196662 0.932483
v -0.076919 0.195759 0.934231
v -0.024151 0.194777 0.925516
v 0.071313 0.192728 0.878424
v 0.110342 0.191740 0.841858
v 0.141486 0.190827 0.798378
v 0.163550 0.190025 0.749655
v 0.175685 0.189365 0.697563
v 0.168702 0.188562 0.591328
v 0.149853 0.188451 0.541268
v 0.121602 0.188542 0.495846
v 0.085034 0.188831 0.456807
v 0.041554 0.189307 0.425653
v -0.007167 0.189953 0.403579
v -0.111269 0.216302 0.404991
v -0.161029 0.217228 0.413210
v -0.251053 0.219160 0.457618
v -0.317227 0.220952 0.533102
v -0.349477 0.222332 0.628172
v -0.342892 0.223089 0.728352
v -0.298476 0.223108 0.818393
v -0.263991 0.222835 0.855207
v -0.222990 0.222386 0.884586
v -0.177046 0.221777 0.905401
v -0.127926 0.221033 0.916853
v -0.077517 0.220182 0.918501
v -0.027757 0.219256 0.910283
v 0.062267 0.217324 0.865875
v 0.128441 0.215531 0.790390
v 0.160691 0.214152 0.695321
v 0.154106 0.213395 0.595140
v 0.109690 0.213376 0.505099
v 0.034204 0.214098 0.438907
v -0.011740 0.214706 0.418091
v -0.060860 0.215451 0.406639
v -0.145976 0.263200 0.459823
v -0.218933 0.264765 0.495812
v -0.272562 0.266218 0.556986
v -0.298697 0.267336 0.634032
v -0.293361 0.267949 0.715220
v -0.257365 0.267964 0.788190
v -0.196190 0.267379 0.841834
v -0.119149 0.266283 0.867984
v -0.037971 0.264843 0.862659
v 0.034986 0.263277 0.826670
v 0.088615 0.261824 0.765496
v 0.114750 0.260707 0.688451
v 0.109414 0.260093 0.607263
v 0.073418 0.260078 0.534292
v 0.012243 0.260663 0.480649
v -0.064798 0.261759 0.454499
v -0.142683 0.283985 0.472664
v -0.178469 0.284717 0.486136
v -0.210937 0.285450 0.506333
v -0.238841 0.286156 0.532476
v -0.261108 0.286809 0.563563
v -0.276883 0.287382 0.598398
v -0.285559 0.287855 0.635642
v -0.280567 0.288428 0.711596
v -0.246891 0.288443 0.779862
v -0.189660 0.287895 0.830048
v -0.117585 0.286870 0.854512
v -0.041640 0.285522 0.849530
v -0.005855 0.284790 0.836058
v 0.026614 0.284057 0.815862
v 0.054518 0.283351 0.789718
v 0.076785 0.282699 0.758631
v 0.092560 0.282125 0.723797
v 0.101236 0.281653 0.686552
v 0.102479 0.281299 0.648330
v 0.096243 0.281079 0.610598
v 0.082767 0.281000 0.574807
v 0.062568 0.281065 0.542332
v 0.036423 0.281271 0.514421
v 0.005337 0.281612 0.492146
v -0.029497 0.282073 0.476365
v -0.066738 0.282637 0.467682
v -0.065973 0.315286 0.465848
v -0.028433 0.314717 0.474600
v 0.038015 0.313909 0.512961
v 0.084730 0.313635 0.573831
v 0.104601 0.313937 0.647944
v 0.094602 0.314770 0.724016
v 0.056255 0.316005 0.790465
v -0.004602 0.317456 0.837177
v -0.040674 0.318194 0.850757
v -0.117228 0.319552 0.855779
v -0.154768 0.320121 0.847027
v -0.189881 0.320586 0.831118
v -0.221216 0.320930 0.808666
v -0.247571 0.321138 0.780531
v -0.267932 0.321203 0.747795
v -0.281516 0.321123 0.711717
v -0.286548 0.320545 0.635154
v -0.277803 0.320069 0.597611
v -0.261902 0.319491 0.562497
v -0.239456 0.318833 0.531161
v -0.178599 0.317382 0.484450
v -0.142527 0.316645 0.470869
v -0.104498 0.315937 0.464588
v -0.141671 0.310661 0.474498
v -0.177064 0.311384 0.487823
v -0.236775 0.312808 0.533655
v -0.274399 0.314020 0.598853
v -0.282980 0.314488 0.635689
v -0.278043 0.315055 0.710811
v -0.264714 0.315133 0.746210
v -0.244737 0.315069 0.778328
v -0.218878 0.314865 0.805933
v -0.188133 0.314528 0.827964
v -0.153682 0.314072 0.843572
v -0.116849 0.313514 0.852160
v -0.041736 0.312181 0.847233
v -0.006343 0.311457 0.833908
v 0.053367 0.310033 0.788076
v 0.090992 0.308821 0.722878
v 0.100803 0.308004 0.648238
v 0.081307 0.307708 0.575521
v 0.035471 0.307976 0.515798
v -0.029726 0.308769 0.478159
v -0.066559 0.309328 0.469572
v -0.063040 0.334047 0.445850
v -0.021681 0.333420 0.455492
v 0.051526 0.332530 0.497756
v 0.102994 0.332228 0.564818
v 0.124886 0.332561 0.646470
v 0.113869 0.333478 0.730280
v 0.071621 0.334839 0.803490
v 0.004574 0.336438 0.854953
v -0.035167 0.337250 0.869915
v -0.119509 0.338747 0.875447
v -0.160868 0.339374 0.865805
v -0.199552 0.339886 0.848278
v -0.234076 0.340264 0.823541
v -0.263111 0.340494 0.792544
v -0.285543 0.340566 0.756479
v -0.300510 0.340478 0.716731
v -0.306054 0.339841 0.632379
v -0.296419 0.339316 0.591017
v -0.278900 0.338679 0.552331
v -0.254171 0.337955 0.517808
v -0.187123 0.336356 0.466344
v -0.147382 0.335544 0.451382
v -0.105484 0.334764 0.444462
v -0.062885 0.343099 0.445771
v -0.021526 0.342473 0.455414
v 0.051682 0.341582 0.497677
v 0.103149 0.341280 0.564740
v 0.125041 0.341613 0.646391
v 0.114025 0.342530 0.730202
v 0.071777 0.343892 0.803411
v 0.004730 0.345490 0.854874
v -0.035012 0.346303 0.869836
v -0.076910 0.347083 0.876756
v -0.119354 0.347800 0.875369
v -0.160712 0.348426 0.865726
v -0.199397 0.348939 0.848200
v -0.233920 0.349317 0.823463
v -0.262956 0.349546 0.792466
v -0.285388 0.349619 0.756400
v -0.300354 0.349531 0.716652
v -0.305898 0.348893 0.632300
v -0.296263 0.348369 0.590938
v -0.254015 0.347007 0.517729
v -0.186968 0.345409 0.466266
v -0.147226 0.344596 0.451304
v -0.064207 0.352994 0.457026
v -0.025032 0.352400 0.466159
v 0.044311 0.351557 0.506191
v 0.093062 0.351271 0.569714
v 0.113798 0.351586 0.647055
v 0.112490 0.351958 0.687262
v 0.103363 0.352455 0.726441
v 0.063346 0.353745 0.795786
v 0.033992 0.354488 0.823287
v -0.000162 0.355259 0.844532
v -0.077492 0.356767 0.865259
v -0.156871 0.358040 0.854811
v -0.193513 0.358525 0.838210
v -0.253717 0.359101 0.785418
v -0.289141 0.359086 0.713607
v -0.294392 0.358482 0.633708
v -0.245248 0.356696 0.525185
v -0.215895 0.355953 0.497683
v -0.144097 0.354412 0.462266
v -0.032743 0.364100 0.489367
v 0.028284 0.363357 0.524598
v 0.071187 0.363106 0.580502
v 0.089437 0.363383 0.648567
v 0.088285 0.363711 0.683952
v 0.080253 0.364148 0.718432
v 0.045035 0.365283 0.779460
v 0.019202 0.365937 0.803663
v -0.010856 0.366615 0.822360
v -0.078911 0.367943 0.840601
v -0.148770 0.369063 0.831406
v -0.209796 0.369805 0.796175
v -0.234000 0.369997 0.770336
v -0.252700 0.370057 0.740271
v -0.265176 0.369983 0.707137
v -0.269797 0.369452 0.636821
v -0.261765 0.369015 0.602341
v -0.226547 0.367880 0.541313
v -0.200715 0.367226 0.517110
v -0.170656 0.366547 0.498413
v -0.102601 0.365220 0.480172
v -0.036865 0.384377 0.502363
v 0.019461 0.383692 0.534881
v 0.059061 0.383460 0.586479
v 0.075905 0.383716 0.649303
v 0.067429 0.384422 0.713787
v 0.034923 0.385469 0.770115
v -0.016664 0.386699 0.809712
v -0.079478 0.387924 0.826548
v -0.143957 0.388958 0.818061
v -0.200284 0.389643 0.785543
v -0.239883 0.389876 0.733945
v -0.251399 0.389808 0.703362
v -0.255664 0.389318 0.638461
v -0.248251 0.388914 0.606637
v -0.215745 0.387866 0.550309
v -0.164158 0.386636 0.510713
v -0.101344 0.385411 0.493876
v -0.073710 0.580332 0.556918
v -0.054147 0.580036 0.561479
v -0.019519 0.579614 0.581470
v 0.004826 0.579472 0.613192
v 0.015181 0.579629 0.651814
v 0.009970 0.580063 0.691457
v -0.010013 0.580707 0.726086
v -0.041728 0.581463 0.750429
v -0.060526 0.581847 0.757506
v -0.080344 0.582216 0.760780
v -0.100421 0.582555 0.760123
v -0.119984 0.582852 0.755562
v -0.154612 0.583273 0.735571
v -0.178957 0.583416 0.703850
v -0.186036 0.583374 0.685048
v -0.188659 0.583073 0.645149
v -0.184101 0.582825 0.625584
v -0.164118 0.582181 0.590955
v -0.132403 0.581424 0.566612
v -0.113605 0.581040 0.559535
v -0.093787 0.580671 0.556262
v -0.071425 0.762636 0.561768
v -0.053101 0.762358 0.566040
v -0.020664 0.761963 0.584765
v 0.002139 0.761830 0.614479
v 0.011839 0.761977 0.650656
v 0.011227 0.762151 0.669464
v 0.006958 0.762384 0.687790
v -0.011761 0.762987 0.720227
v -0.041468 0.763695 0.743029
v -0.059076 0.764055 0.749658
v -0.096445 0.764718 0.752109
v -0.114770 0.764996 0.747837
v -0.147206 0.765390 0.729111
v -0.170010 0.765524 0.699398
v -0.176641 0.765485 0.681787
v -0.179097 0.765203 0.644413
v -0.174828 0.764970 0.626087
v -0.156110 0.764367 0.593650
v -0.126403 0.763659 0.570848
v -0.108795 0.763299 0.564219
v -0.063090 0.766341 0.498891
v -0.004209 0.765503 0.518877
v 0.042545 0.765056 0.559876
v 0.059047 0.765003 0.586406
v 0.075151 0.765248 0.646470
v 0.074135 0.765537 0.677696
v 0.054160 0.766391 0.736580
v 0.035969 0.766924 0.761976
v -0.013352 0.768100 0.799833
v -0.042587 0.768698 0.810839
v -0.104629 0.769799 0.814909
v -0.135054 0.770260 0.807816
v -0.188906 0.770915 0.776726
v -0.226766 0.771137 0.727394
v -0.237776 0.771072 0.698155
v -0.241854 0.770603 0.636105
v -0.234766 0.770217 0.605678
v -0.221879 0.769749 0.577220
v -0.203688 0.769216 0.551824
v -0.154368 0.768040 0.513967
v -0.125133 0.767442 0.502961
v -0.062207 0.777304 0.493519
v -0.001360 0.776438 0.514172
v 0.046956 0.775976 0.556540
v 0.064009 0.775921 0.583956
v 0.080651 0.776174 0.646026
v 0.079600 0.776472 0.678295
v 0.058959 0.777355 0.739145
v 0.040160 0.777906 0.765390
v -0.010808 0.779121 0.804511
v -0.041019 0.779739 0.815885
v -0.105134 0.780877 0.820090
v -0.136574 0.781353 0.812760
v -0.192225 0.782030 0.780632
v -0.231350 0.782260 0.729653
v -0.242727 0.782193 0.699437
v -0.246942 0.781708 0.635314
v -0.239617 0.781309 0.603872
v -0.226300 0.780825 0.574464
v -0.207501 0.780274 0.548220
v -0.156533 0.779059 0.509098
v -0.126322 0.778441 0.497724
v -0.061856 0.797754 0.493341
v -0.030416 0.797277 0.500671
v -0.001009 0.796888 0.513994
v 0.025235 0.796600 0.532799
v 0.047308 0.796426 0.556362
v 0.064360 0.796371 0.583778
v 0.081002 0.796624 0.645849
v 0.079952 0.796922 0.678117
v 0.059310 0.797805 0.738968
v 0.040511 0.798356 0.765212
v 0.016954 0.798952 0.787283
v -0.010457 0.799571 0.804333
v -0.040668 0.800189 0.815707
v -0.104783 0.801327 0.819913
v -0.136223 0.801803 0.812583
v -0.191874 0.802480 0.780455
v -0.230998 0.802710 0.729475
v -0.242376 0.802643 0.699260
v -0.246590 0.802158 0.635137
v -0.239266 0.801759 0.603694
v -0.225948 0.801275 0.574286
v -0.207150 0.800725 0.548042
v -0.183592 0.800128 0.525971
v -0.156182 0.799509 0.508921
v -0.125971 0.798892 0.497547
v -0.062325 0.802230 0.497450
v -0.031683 0.801766 0.504594
v 0.022554 0.801106 0.535906
v 0.044066 0.800936 0.558870
v 0.060685 0.800882 0.585590
v 0.076904 0.801129 0.646084
v 0.075881 0.801420 0.677533
v 0.055763 0.802280 0.736838
v 0.037442 0.802817 0.762416
v 0.014483 0.803398 0.783926
v -0.041675 0.804604 0.811628
v -0.104161 0.805712 0.815727
v -0.134803 0.806177 0.808583
v -0.189041 0.806836 0.777271
v -0.210552 0.807006 0.754307
v -0.227172 0.807060 0.727587
v -0.238260 0.806995 0.698138
v -0.242367 0.806523 0.635644
v -0.222250 0.805662 0.576339
v -0.180970 0.804544 0.529251
v -0.124811 0.803339 0.501549
v 0.014787 0.808715 0.742415
v -0.003844 0.809187 0.759870
v -0.168997 0.811977 0.754470
v -0.186453 0.812115 0.735834
v -0.206477 0.811407 0.614677
v -0.195945 0.811024 0.591419
v -0.066877 0.809878 0.532968
v -0.043087 0.809517 0.538514
v -0.020834 0.809223 0.548596
v -0.000976 0.809005 0.562825
v 0.015726 0.808873 0.580655
v 0.028630 0.808832 0.601401
v 0.037239 0.808882 0.624265
v 0.041223 0.809023 0.648369
v 0.040428 0.809249 0.672787
v 0.034886 0.809551 0.696579
v 0.024809 0.809917 0.718833
v 0.010584 0.810334 0.738691
v -0.007242 0.810785 0.755392
v -0.027984 0.811253 0.768294
v -0.050844 0.811721 0.776901
v -0.074945 0.812169 0.780882
v -0.099360 0.812582 0.780083
v -0.123150 0.812942 0.774537
v -0.145403 0.813237 0.764455
v -0.165261 0.813454 0.750226
v -0.181963 0.813586 0.732395
v -0.194867 0.813628 0.711650
v -0.203476 0.813577 0.688785
v -0.207460 0.813436 0.664681
v -0.206665 0.813211 0.640264
v -0.201123 0.812909 0.616471
v -0.191045 0.812542 0.594218
v -0.176821 0.812126 0.574359
v -0.158995 0.811675 0.557658
v -0.138253 0.811206 0.544756
v -0.115393 0.810739 0.536150
v -0.091292 0.810290 0.532169
v -0.065585 0.816470 0.523953
v -0.040070 0.816084 0.529901
v -0.016204 0.815768 0.540714
v 0.005094 0.815534 0.555975
v 0.036846 0.815348 0.597347
v 0.050351 0.815554 0.647720
v 0.043555 0.816119 0.699425
v 0.017491 0.816959 0.744589
v -0.023872 0.817945 0.776338
v -0.048390 0.818447 0.785569
v -0.100422 0.819370 0.788982
v -0.125937 0.819757 0.783033
v -0.149803 0.820073 0.772221
v -0.171101 0.820306 0.756960
v -0.189014 0.820448 0.737837
v -0.202853 0.820492 0.715587
v -0.216358 0.820287 0.665214
v -0.209562 0.819721 0.613510
v -0.198754 0.819328 0.589644
v -0.164380 0.818397 0.550433
v -0.142135 0.817895 0.536596
v -0.117617 0.817394 0.527366
v -0.091770 0.816913 0.523097
v -0.064936 0.827731 0.520397
v -0.038755 0.827334 0.526501
v -0.014267 0.827010 0.537596
v 0.007586 0.826770 0.553255
v 0.025967 0.826625 0.572876
v 0.040166 0.826579 0.595707
v 0.054025 0.826790 0.647394
v 0.047051 0.827370 0.700447
v 0.020307 0.828232 0.746790
v -0.022135 0.829244 0.779368
v -0.047292 0.829759 0.788839
v -0.100682 0.830706 0.792341
v -0.126863 0.831103 0.786237
v -0.151351 0.831427 0.775143
v -0.173205 0.831666 0.759484
v -0.191585 0.831812 0.739862
v -0.205785 0.831857 0.717032
v -0.215259 0.831802 0.691870
v -0.219643 0.831647 0.665345
v -0.218769 0.831398 0.638474
v -0.212670 0.831066 0.612291
v -0.201580 0.830663 0.587802
v -0.166309 0.829708 0.547569
v -0.143484 0.829193 0.533371
v -0.118326 0.828678 0.523899
v -0.091804 0.828184 0.519519
v -0.065079 0.838519 0.522793
v -0.015338 0.837812 0.539677
v 0.024160 0.837434 0.574312
v 0.038100 0.837389 0.596724
v 0.051704 0.837596 0.647465
v 0.044858 0.838166 0.699547
v 0.018604 0.839012 0.745042
v -0.023061 0.840005 0.777022
v -0.047758 0.840510 0.786320
v -0.100170 0.841440 0.789758
v -0.125872 0.841830 0.783766
v -0.149912 0.842148 0.772875
v -0.171366 0.842383 0.757502
v -0.189409 0.842526 0.738240
v -0.212650 0.842516 0.691127
v -0.216095 0.842120 0.638708
v -0.199221 0.841398 0.588964
v -0.164596 0.840460 0.549467
v -0.142188 0.839954 0.535529
v -0.117491 0.839449 0.526231
v -0.091455 0.838965 0.521931
v -0.021640 0.847835 0.550805
v -0.002249 0.847622 0.564699
v 0.026659 0.847453 0.602366
v 0.038955 0.847640 0.648227
v 0.032767 0.848155 0.695300
v 0.009038 0.848920 0.736420
v -0.050942 0.850274 0.773729
v -0.121544 0.851467 0.771420
v -0.143272 0.851754 0.761576
v -0.162663 0.851967 0.747682
v -0.199977 0.852087 0.687690
v -0.203091 0.851729 0.640312
v -0.197679 0.851434 0.617081
v -0.187839 0.851076 0.595352
v -0.136291 0.849772 0.547056
v -0.090437 0.848877 0.534765
v -0.068108 0.852993 0.547572
v -0.047201 0.852676 0.552446
v -0.027646 0.852417 0.561306
v -0.010195 0.852226 0.573810
v 0.004483 0.852110 0.589479
v 0.015822 0.852074 0.607710
v 0.023388 0.852118 0.627803
v 0.026888 0.852242 0.648985
v 0.026190 0.852440 0.670443
v 0.021320 0.852706 0.691351
v 0.012464 0.853027 0.710907
v -0.000037 0.853394 0.728359
v -0.015702 0.853790 0.743035
v -0.033929 0.854202 0.754373
v -0.054018 0.854613 0.761936
v -0.075198 0.855007 0.765435
v -0.096653 0.855369 0.764733
v -0.117560 0.855686 0.759859
v -0.137115 0.855945 0.750999
v -0.154566 0.856136 0.738495
v -0.169244 0.856252 0.722826
v -0.180583 0.856289 0.704595
v -0.188149 0.856244 0.684502
v -0.191650 0.856120 0.663320
v -0.190951 0.855922 0.641862
v -0.186081 0.855657 0.620954
v -0.177225 0.855335 0.601398
v -0.164725 0.854969 0.583946
v -0.149060 0.854572 0.569270
v -0.130832 0.854161 0.557932
v -0.110743 0.853750 0.550368
v -0.089563 0.853356 0.546870
v -0.045300 0.857648 0.547052
v -0.024736 0.857376 0.556369
v 0.009050 0.857053 0.585996
v 0.028930 0.857061 0.626297
v 0.031878 0.857400 0.671136
v 0.017443 0.858017 0.713688
v -0.012175 0.858819 0.747473
v -0.031343 0.859252 0.759396
v -0.052469 0.859684 0.767350
v -0.074741 0.860099 0.771028
v -0.097303 0.860480 0.770290
v -0.119288 0.860813 0.765165
v -0.158204 0.861286 0.742699
v -0.173638 0.861408 0.726221
v -0.185563 0.861447 0.707050
v -0.193518 0.861400 0.685921
v -0.196465 0.861061 0.641081
v -0.182031 0.860444 0.598530
v -0.168886 0.860059 0.580178
v -0.152413 0.859642 0.564744
v -0.133245 0.859209 0.552821
v -0.112119 0.858777 0.544868
v -0.089847 0.858362 0.541189
v -0.066445 0.867424 0.536696
v -0.043469 0.867076 0.542053
v -0.021978 0.866791 0.551789
v 0.013332 0.866454 0.582752
v 0.025794 0.866414 0.602788
v 0.034109 0.866463 0.624870
v 0.037956 0.866599 0.648149
v 0.037189 0.866817 0.671731
v 0.031836 0.867108 0.694710
v 0.022103 0.867462 0.716201
v -0.008850 0.868300 0.751510
v -0.050961 0.869204 0.772283
v -0.097816 0.870035 0.775356
v -0.120793 0.870384 0.770000
v -0.142284 0.870668 0.760263
v -0.161463 0.870878 0.746520
v -0.177594 0.871006 0.729300
v -0.190056 0.871046 0.709264
v -0.198370 0.870997 0.687182
v -0.201450 0.870643 0.640321
v -0.186365 0.869998 0.595851
v -0.155411 0.869159 0.560542
v -0.135379 0.868707 0.548081
v -0.113301 0.868256 0.539769
v -0.090025 0.867822 0.535925
v -0.066385 0.876584 0.537353
v -0.022192 0.875955 0.552353
v 0.012900 0.875620 0.583125
v 0.025285 0.875580 0.603037
v 0.037372 0.875764 0.648118
v 0.031290 0.876270 0.694391
v 0.021617 0.876622 0.715750
v -0.009146 0.877455 0.750841
v -0.029054 0.877904 0.763225
v -0.050996 0.878353 0.771486
v -0.074128 0.878783 0.775306
v -0.097562 0.879179 0.774540
v -0.120397 0.879525 0.769216
v -0.141755 0.879808 0.759540
v -0.160816 0.880017 0.745882
v -0.176847 0.880144 0.728768
v -0.197495 0.880135 0.686910
v -0.201319 0.880000 0.663775
v -0.200556 0.879783 0.640339
v -0.195237 0.879493 0.617502
v -0.185564 0.879142 0.596143
v -0.154801 0.878309 0.561052
v -0.112951 0.877411 0.540407
v -0.066984 0.885515 0.542989
v -0.024920 0.884916 0.557267
v 0.008482 0.884597 0.586556
v 0.020270 0.884559 0.605509
v 0.031775 0.884734 0.648418
v 0.025985 0.885216 0.692462
v 0.016779 0.885551 0.712792
v 0.003783 0.885931 0.730935
v -0.012502 0.886344 0.746193
v -0.031451 0.886771 0.757980
v -0.074354 0.887608 0.769479
v -0.096659 0.887985 0.768750
v -0.118394 0.888314 0.763683
v -0.156865 0.888782 0.741472
v -0.172124 0.888903 0.725183
v -0.191778 0.888895 0.685342
v -0.195417 0.888766 0.663321
v -0.194691 0.888560 0.641014
v -0.189628 0.888284 0.619277
v -0.180421 0.887949 0.598947
v -0.151141 0.887156 0.565546
v -0.111306 0.886302 0.545897
v -0.068311 0.889987 0.553621
v -0.030223 0.889445 0.566549
v 0.000021 0.889156 0.593070
v 0.017817 0.889163 0.629145
v 0.021113 0.889280 0.649085
v 0.020455 0.889466 0.669284
v 0.007534 0.890019 0.707374
v -0.004233 0.890364 0.723802
v -0.018979 0.890737 0.737618
v -0.055048 0.891511 0.755410
v -0.095182 0.892223 0.758043
v -0.133270 0.892765 0.745115
v -0.163514 0.893055 0.718594
v -0.174188 0.893089 0.701432
v -0.184606 0.892930 0.662579
v -0.183948 0.892744 0.642380
v -0.179363 0.892494 0.622698
v -0.171027 0.892191 0.604289
v -0.144514 0.891473 0.574046
v -0.108445 0.890699 0.556253
v -0.067850 0.916812 0.553388
v -0.048170 0.916514 0.557976
v -0.029762 0.916270 0.566316
v 0.000482 0.915981 0.592837
v 0.018278 0.915988 0.628912
v 0.021574 0.916105 0.648852
v 0.020916 0.916291 0.669051
v 0.016331 0.916541 0.688733
v 0.007995 0.916844 0.707141
v -0.018518 0.917562 0.737385
v -0.054587 0.918336 0.755177
v -0.094721 0.919048 0.757810
v -0.132809 0.919590 0.744882
v -0.163053 0.919880 0.718361
v -0.173728 0.919914 0.701199
v -0.184145 0.919756 0.662346
v -0.178903 0.919319 0.622465
v -0.170566 0.919016 0.604056
v -0.144053 0.918298 0.573813
v -0.126895 0.917911 0.563140
v -0.107984 0.917524 0.556020
v -0.088047 0.917153 0.552727
v -0.066191 0.953081 0.545198
v -0.044994 0.952760 0.550140
v -0.025168 0.952498 0.559122
v 0.007406 0.952186 0.587686
v 0.026573 0.952194 0.626541
v 0.030122 0.952320 0.648017
v 0.029414 0.952521 0.669771
v 0.024476 0.952790 0.690970
v 0.015498 0.953116 0.710797
v -0.013058 0.953890 0.743370
v -0.051906 0.954723 0.762533
v -0.095131 0.955490 0.765369
v -0.116328 0.955812 0.760427
v -0.136154 0.956074 0.751444
v -0.153847 0.956268 0.738767
v -0.168728 0.956386 0.722881
v -0.180225 0.956423 0.704397
v -0.191445 0.956252 0.662550
v -0.190737 0.956051 0.640795
v -0.185799 0.955782 0.619597
v -0.176820 0.955456 0.599770
v -0.148264 0.954682 0.567196
v -0.129784 0.954265 0.555701
v -0.109416 0.953849 0.548033
v -0.087944 0.953449 0.544487
v 0.028552 1.090772 0.532225
v 0.083427 1.090795 0.643467
v 0.043583 1.092500 0.760922
v 0.020403 1.093086 0.782640
v -0.067638 1.094887 0.815786
v -0.185086 1.096558 0.775921
v -0.239961 1.096534 0.664679
v -0.200117 1.094830 0.547224
v -0.050374 1.107731 0.504932
v -0.031028 1.098204 0.513878
v -0.003921 1.097846 0.526159
v 0.022936 1.108163 0.538819
v 0.046889 1.106609 0.568123
v 0.054256 1.097386 0.588265
v 0.064743 1.097447 0.616118
v 0.074773 1.108185 0.643904
v 0.070996 1.107180 0.681582
v 0.061975 1.098233 0.701168
v 0.049699 1.098680 0.728277
v 0.037135 1.109795 0.754858
v 0.015238 1.110350 0.775374
v -0.012391 1.100251 0.786450
v -0.040239 1.100821 0.796934
v -0.067930 1.112050 0.806686
v -0.105616 1.111267 0.802939
v -0.125281 1.102257 0.794154
v -0.152388 1.102616 0.781872
v -0.178878 1.113629 0.769027
v -0.202879 1.112389 0.739748
v -0.210564 1.103076 0.719767
v -0.221051 1.103015 0.691914
v -0.230715 1.113607 0.663942
v -0.226987 1.111818 0.626289
v -0.218284 1.102228 0.606863
v -0.206008 1.101782 0.579755
v -0.193077 1.111997 0.552988
v -0.163817 1.109888 0.529025
v -0.143917 1.100211 0.521582
v -0.116069 1.099641 0.511097
v -0.095870 1.108499 0.503444
v -0.034651 1.107522 0.525200
v -0.009838 1.107193 0.536441
v 0.043678 1.106770 0.593573
v 0.053278 1.106827 0.619068
v 0.050732 1.107550 0.697306
v 0.039495 1.107958 0.722120
v -0.017622 1.109404 0.775634
v -0.043113 1.109925 0.785231
v -0.121343 1.111247 0.782673
v -0.146156 1.111575 0.771431
v -0.199672 1.111999 0.714300
v -0.209272 1.111942 0.688805
v -0.206726 1.111219 0.610567
v -0.195489 1.110811 0.585752
v -0.138372 1.109365 0.532239
v -0.112881 1.108843 0.522642
v -0.062198 1.129835 0.536394
v -0.039782 1.118984 0.541754
v -0.018648 1.118704 0.551329
v 0.000394 1.129006 0.564753
v 0.016258 1.128881 0.581687
v 0.028333 1.118333 0.601483
v 0.036510 1.118381 0.623199
v 0.040474 1.129023 0.646001
v 0.039719 1.129237 0.669192
v 0.034274 1.119016 0.691881
v 0.024703 1.119364 0.713017
v 0.011373 1.130268 0.731788
v -0.005557 1.130696 0.747650
v -0.025438 1.120633 0.759995
v -0.047151 1.121077 0.768170
v -0.069861 1.132011 0.771859
v -0.093049 1.132403 0.771101
v -0.115826 1.122237 0.765924
v -0.136961 1.122517 0.756349
v -0.155642 1.133232 0.742743
v -0.171505 1.133357 0.725808
v -0.183941 1.122888 0.706195
v -0.192118 1.122840 0.684479
v -0.195721 1.133215 0.661494
v -0.194966 1.133000 0.638303
v -0.189883 1.122205 0.615796
v -0.180312 1.121858 0.594661
v -0.166621 1.131970 0.575708
v -0.149690 1.131541 0.559845
v -0.130170 1.120588 0.547682
v -0.108458 1.120144 0.539508
v -0.085387 1.130227 0.535636
v -0.066017 1.082621 0.559655
v -0.047820 1.082345 0.563897
v -0.030800 1.082120 0.571608
v -0.015611 1.081953 0.582492
v -0.002836 1.081852 0.596130
v 0.007033 1.081821 0.611997
v 0.013618 1.081859 0.629485
v 0.016665 1.081967 0.647922
v 0.016057 1.082140 0.666598
v 0.011818 1.082371 0.684796
v 0.004110 1.082651 0.701816
v -0.006770 1.082970 0.717006
v -0.020404 1.083315 0.729780
v -0.036268 1.083673 0.739648
v -0.053754 1.084030 0.746231
v -0.072187 1.084373 0.749275
v -0.090861 1.084689 0.748665
v -0.109058 1.084965 0.744422
v -0.126078 1.085190 0.736711
v -0.141267 1.085356 0.725828
v -0.154042 1.085457 0.712190
v -0.163911 1.085489 0.696322
v -0.170496 1.085450 0.678834
v -0.173543 1.085343 0.660398
v -0.172935 1.085170 0.641722
v -0.168696 1.084939 0.623524
v -0.160988 1.084659 0.606503
v -0.150108 1.084340 0.591314
v -0.136474 1.083995 0.578540
v -0.120610 1.083637 0.568672
v -0.103124 1.083279 0.562089
v -0.084691 1.082936 0.559044
v -0.168694 1.108490 0.601614
v -0.177159 1.108797 0.620307
v 0.012631 1.106284 0.706294
v 0.021096 1.105976 0.687600
v 0.005002 1.105407 0.590220
v -0.181815 1.109051 0.640294
v -0.105143 1.106975 0.552834
v -0.031716 1.107407 0.747843
v -0.014293 1.107013 0.737005
v -0.130352 1.109073 0.744618
v -0.111659 1.108825 0.753087
v -0.050920 1.107799 0.755073
v 0.015841 1.105372 0.607648
v -0.064388 1.106251 0.550161
v -0.044403 1.105948 0.554820
v 0.023073 1.105415 0.626854
v -0.141770 1.107761 0.570902
v -0.161064 1.109367 0.717687
v -0.025711 1.105701 0.563289
v -0.171904 1.109402 0.700260
v -0.124346 1.107367 0.560064
v 0.025752 1.105723 0.667614
v -0.091674 1.108523 0.757746
v -0.179136 1.109359 0.681053
v -0.066242 1.106229 0.564242
v -0.032811 1.105753 0.575589
v -0.006265 1.105499 0.598867
v 0.009355 1.105506 0.630532
v 0.011671 1.105772 0.665762
v 0.000330 1.106257 0.699196
v -0.022942 1.106887 0.725741
v -0.054600 1.107567 0.741358
v -0.089827 1.108192 0.743669
v -0.123258 1.108668 0.732321
v -0.149804 1.108921 0.709043
v -0.165424 1.108915 0.677379
v -0.167740 1.108649 0.642148
v -0.163716 1.108430 0.624873
v -0.156399 1.108163 0.608715
v -0.146070 1.107861 0.594296
v -0.133127 1.107533 0.582169
v -0.118067 1.107193 0.572801
v -0.101468 1.106854 0.566552
v -0.068854 1.128822 0.586841
v -0.043917 1.128467 0.595305
v -0.024115 1.128278 0.612669
v -0.012464 1.128283 0.636289
v -0.010736 1.128481 0.662569
v -0.019196 1.128843 0.687508
v -0.036555 1.129313 0.707309
v -0.060170 1.129820 0.718958
v -0.086447 1.130286 0.720682
v -0.111384 1.130641 0.712217
v -0.131186 1.130830 0.694853
v -0.142838 1.130825 0.671234
v -0.141563 1.130463 0.632068
v -0.136105 1.130265 0.620015
v -0.128401 1.130039 0.609259
v -0.107512 1.129541 0.593226
v -0.071916 1.143488 0.611888
v -0.044005 1.143148 0.628001
v -0.035659 1.143275 0.659131
v -0.040937 1.143501 0.674689
v -0.051766 1.143794 0.687042
v -0.066498 1.144110 0.694309
v -0.082891 1.144401 0.695385
v -0.110802 1.144741 0.679272
v -0.115161 1.144755 0.672262
v -0.118070 1.144738 0.664536
v -0.113870 1.144388 0.632584
v -0.096033 1.143937 0.615871
v -0.073661 1.147733 0.625668
v -0.063253 1.147585 0.629201
v -0.054987 1.147506 0.636449
v -0.052070 1.147496 0.641139
v -0.049223 1.147539 0.651757
v -0.050656 1.147659 0.662656
v -0.052934 1.147742 0.667686
v -0.060180 1.147938 0.675952
v -0.070037 1.148149 0.680814
v -0.081005 1.148344 0.681533
v -0.086383 1.148426 0.680279
v -0.095903 1.148541 0.674783
v -0.102596 1.148581 0.666063
v -0.105443 1.148537 0.655445
v -0.105263 1.148486 0.649925
v -0.101732 1.148335 0.639515
v -0.094486 1.148139 0.631250
v -0.089797 1.148033 0.628333
v -0.079181 1.147826 0.625488
v -0.073539 1.154886 0.625606
v -0.068160 1.154804 0.626860
v -0.063130 1.154738 0.629139
v -0.054864 1.154659 0.636387
v -0.050001 1.154661 0.646246
v -0.049100 1.154693 0.651695
v -0.049280 1.154744 0.657215
v -0.050533 1.154812 0.662594
v -0.052811 1.154895 0.667624
v -0.060057 1.155091 0.675889
v -0.064746 1.155197 0.678806
v -0.075362 1.155404 0.681652
v -0.086260 1.155579 0.680217
v -0.091291 1.155645 0.677938
v -0.095780 1.155694 0.674721
v -0.099556 1.155724 0.670690
v -0.104419 1.155722 0.660832
v -0.105140 1.155639 0.649862
v -0.103887 1.155571 0.644484
v -0.101609 1.155488 0.639453
v -0.098393 1.155394 0.634963
v -0.094363 1.155292 0.631188
v -0.089674 1.155186 0.628271
v -0.084506 1.155080 0.626325
v -0.079058 1.154979 0.625426
v -0.073028 1.158608 0.622179
v -0.066996 1.158516 0.623585
v -0.046630 1.158355 0.645327
v -0.045620 1.158391 0.651438
v -0.045821 1.158448 0.657629
v -0.047226 1.158525 0.663661
v -0.057908 1.158838 0.678573
v -0.063167 1.158957 0.681844
v -0.075073 1.159189 0.685036
v -0.087295 1.159385 0.683427
v -0.107065 1.159376 0.643351
v -0.104510 1.159284 0.637708
v -0.085329 1.158826 0.622985
v -0.079218 1.158712 0.621976
v -0.072275 1.166211 0.617386
v -0.065333 1.166106 0.619004
v -0.058840 1.166020 0.621946
v -0.053045 1.165957 0.626098
v -0.048172 1.165918 0.631301
v -0.044406 1.165906 0.637354
v -0.041894 1.165921 0.644026
v -0.040964 1.166028 0.658185
v -0.042581 1.166116 0.665127
v -0.045521 1.166223 0.671620
v -0.049672 1.166344 0.677415
v -0.054874 1.166476 0.682289
v -0.088695 1.167106 0.687875
v -0.095188 1.167192 0.684933
v -0.100983 1.167255 0.680781
v -0.105857 1.167294 0.675578
v -0.112133 1.167293 0.662853
v -0.113065 1.167184 0.648694
v -0.108507 1.166989 0.635258
v -0.104356 1.166867 0.629464
v -0.093102 1.166599 0.620826
v -0.086432 1.166463 0.618314
v -0.071515 1.177869 0.613019
v -0.063756 1.177737 0.614855
v -0.050109 1.177521 0.622872
v -0.040461 1.177521 0.635393
v -0.037517 1.177556 0.642799
v -0.036207 1.177667 0.658685
v -0.038007 1.177763 0.666513
v -0.045872 1.178028 0.680470
v -0.051747 1.178178 0.685997
v -0.058599 1.178332 0.690260
v -0.074112 1.178635 0.694431
v -0.082180 1.178772 0.694172
v -0.090040 1.178891 0.692330
v -0.097244 1.178974 0.688745
v -0.103316 1.178990 0.683597
v -0.108482 1.179016 0.677677
v -0.112626 1.179100 0.671010
v -0.115670 1.179153 0.663737
v -0.117373 1.179075 0.655988
v -0.117244 1.178991 0.648013
v -0.112059 1.178778 0.632990
v -0.107339 1.178627 0.626581
v -0.094772 1.178309 0.616962
v -0.087351 1.178163 0.614068
v -0.079486 1.178014 0.612763
v -0.071440 1.189092 0.614182
v -0.063885 1.188726 0.616163
v -0.056983 1.188263 0.619562
v -0.040690 1.188859 0.635749
v -0.037552 1.189214 0.642891
v -0.036282 1.189284 0.650578
v -0.036647 1.189257 0.658367
v -0.038588 1.189198 0.665942
v -0.046528 1.189241 0.679638
v -0.052061 1.189516 0.684962
v -0.058890 1.189504 0.688647
v -0.081922 1.190282 0.692926
v -0.089646 1.190417 0.691299
v -0.096664 1.190173 0.687742
v -0.110981 1.189832 0.633260
v -0.106659 1.189655 0.626965
v -0.094323 1.189532 0.617752
v -0.087016 1.189553 0.614863
v -0.079264 1.189385 0.613697
v -0.071386 1.198780 0.617317
v -0.057670 1.197094 0.622342
v -0.051785 1.196649 0.625936
v -0.042728 1.198511 0.636506
v -0.039879 1.199097 0.643339
v -0.038893 1.199146 0.650667
v -0.041099 1.198847 0.665281
v -0.043874 1.198730 0.671923
v -0.047973 1.198373 0.677614
v -0.053497 1.198626 0.682130
v -0.059732 1.198979 0.685609
v -0.074062 1.199798 0.689587
v -0.081500 1.199899 0.689398
v -0.088743 1.199679 0.687641
v -0.095400 1.199181 0.684731
v -0.100873 1.198420 0.680876
v -0.109227 1.199831 0.669802
v -0.113185 1.200212 0.655573
v -0.112706 1.199939 0.648108
v -0.108044 1.198737 0.634145
v -0.104403 1.198135 0.628553
v -0.093131 1.198834 0.620590
v -0.086208 1.199219 0.617852
v -0.078865 1.199223 0.616667
v -0.052923 1.202014 0.627900
v -0.050372 1.203782 0.631778
v -0.047374 1.205445 0.637388
v -0.045037 1.206493 0.643918
v -0.044193 1.206645 0.650921
v -0.045668 1.206213 0.664910
v -0.047699 1.205627 0.670963
v -0.103539 1.204452 0.634800
v -0.101961 1.202853 0.630443
v -0.092071 1.205701 0.625646
v -0.098327 1.208239 0.633593
v -0.099651 1.211065 0.640079
v -0.100996 1.213114 0.647284
v -0.101395 1.214026 0.654694
v -0.098357 1.212131 0.668908
v -0.092211 1.211127 0.631598
v -0.093208 1.215076 0.638457
v -0.094269 1.217555 0.646094
v -0.094447 1.218536 0.654193
v -0.093418 1.217975 0.662269
v -0.091582 1.216043 0.669822
v -0.089572 1.212271 0.676468
v -0.085288 1.213094 0.629650
v -0.085723 1.217601 0.636772
v -0.085925 1.219744 0.644946
v -0.084800 1.219900 0.662234
v -0.083645 1.218262 0.670506
v -0.082253 1.213963 0.677504
v -0.077803 1.213679 0.628599
v -0.077253 1.218331 0.635742
v -0.075513 1.220350 0.661789
v -0.075015 1.218386 0.670137
v -0.074614 1.214056 0.677378
v -0.070159 1.212683 0.628901
v -0.068710 1.217280 0.635700
v -0.066706 1.219673 0.643704
v -0.065798 1.220315 0.652297
v -0.065745 1.219483 0.660878
v -0.062298 1.210698 0.630113
v -0.060093 1.214558 0.636592
v -0.058278 1.216676 0.643927
v -0.057269 1.217410 0.651792
v -0.057530 1.216552 0.659749
v -0.058376 1.214797 0.667386
v -0.051485 1.211344 0.665851
v -0.052967 1.209674 0.672358
v -0.049885 1.152344 0.657162
v -0.049749 1.149958 0.651773
v -0.049709 1.152294 0.651753
v -0.080849 1.153083 0.680928
v -0.080889 1.150746 0.680949
v -0.075441 1.152991 0.681105
v -0.103912 1.153303 0.660705
v -0.103952 1.150967 0.660726
v -0.102045 1.150978 0.665790
v -0.063495 1.150002 0.629673
v -0.063455 1.152339 0.629652
v -0.051113 1.152411 0.662432
v -0.051153 1.150075 0.662452
v -0.084401 1.152674 0.626896
v -0.084441 1.150338 0.626916
v -0.089504 1.150442 0.628822
v -0.104834 1.150936 0.655386
v -0.086119 1.153162 0.679700
v -0.086159 1.150826 0.679720
v -0.101158 1.153074 0.639758
v -0.101198 1.150738 0.639778
v -0.053345 1.152492 0.667361
v -0.053385 1.150156 0.667381
v -0.055357 1.152261 0.636754
v -0.055397 1.149925 0.636774
v -0.104618 1.153222 0.649957
v -0.104658 1.150886 0.649978
v -0.079102 1.150239 0.626034
v -0.065039 1.152788 0.678317
v -0.060485 1.150348 0.675480
v -0.060444 1.152685 0.675459
v -0.091048 1.153228 0.677467
v -0.091088 1.150891 0.677487
v -0.070103 1.152892 0.680223
v -0.070143 1.150556 0.680244
v -0.052499 1.152252 0.641349
v -0.052539 1.149916 0.641369
v -0.073654 1.152484 0.626191
v -0.073694 1.150147 0.626211
v -0.095487 1.150940 0.674335
v -0.050592 1.152263 0.646414
v -0.094059 1.152882 0.631660
v -0.094099 1.150545 0.631680
v -0.099146 1.153305 0.670365
v -0.099187 1.150969 0.670386
v -0.215201 1.050002 0.575296
v -0.201091 1.056962 0.547270
v 0.020014 1.055214 0.783309
v -0.038731 1.048981 0.806727
v -0.057742 1.054032 0.493301
v -0.068260 1.057019 0.816543
v 0.000096 1.045809 0.518308
v -0.177849 1.056374 0.525494
v 0.028184 1.052894 0.532231
v -0.119360 1.047722 0.502206
v -0.100094 1.057557 0.815502
v -0.129173 1.050509 0.803770
v -0.089575 1.054569 0.492261
v 0.049961 1.052721 0.555479
v -0.186019 1.058695 0.776572
v 0.073192 1.045386 0.614170
v 0.083204 1.052917 0.643768
v -0.207796 1.058867 0.753325
v -0.220058 1.051382 0.724574
v 0.082168 1.053211 0.675604
v -0.241039 1.058671 0.665036
v 0.057110 1.046700 0.733637
v 0.043256 1.054626 0.761533
v -0.240003 1.058377 0.633199
v -0.099387 1.095423 0.814748
v 0.082393 1.091089 0.675219
v 0.050271 1.090600 0.555411
v -0.238927 1.096241 0.632926
v -0.088896 1.092443 0.492360
v -0.057147 1.091907 0.493398
v -0.176937 1.094243 0.525506
v -0.206805 1.096730 0.752734
v -0.097922 1.112557 0.805705
v 0.043453 1.108001 0.560722
v 0.015765 1.106855 0.534897
v -0.197034 1.110729 0.560147
v -0.229739 1.113330 0.633947
v -0.228467 1.112239 0.671790
v -0.088012 1.109742 0.501161
v 0.007827 1.109109 0.778846
v 0.041044 1.108269 0.747724
v -0.058020 1.109235 0.502141
v -0.171755 1.112143 0.772974
v -0.171180 1.111442 0.532472
v -0.199395 1.113791 0.747124
v -0.060120 1.110499 0.804427
v 0.072477 1.106759 0.636081
v 0.073797 1.108463 0.673899
v -0.204408 1.117450 0.610938
v -0.193604 1.117057 0.587079
v -0.178172 1.127119 0.565696
v 0.003642 1.125681 0.759792
v -0.018776 1.115675 0.773716
v -0.043286 1.116176 0.782943
v -0.060296 1.124709 0.521317
v -0.034969 1.113814 0.527356
v -0.068946 1.127165 0.787120
v -0.011111 1.113498 0.538165
v -0.159060 1.126635 0.547790
v -0.137002 1.115624 0.534048
v 0.010361 1.123773 0.553330
v -0.112493 1.115123 0.524821
v -0.095122 1.127607 0.786264
v -0.120810 1.117486 0.780408
v -0.086472 1.125151 0.520462
v -0.144668 1.117802 0.769599
v 0.028268 1.123631 0.572446
v 0.041922 1.113078 0.594780
v -0.165779 1.128543 0.754252
v 0.051153 1.113133 0.619294
v 0.055604 1.123792 0.645046
v -0.183686 1.128685 0.735135
v -0.197701 1.118221 0.712984
v -0.206931 1.118166 0.688470
v 0.054752 1.124034 0.671225
v 0.048629 1.113849 0.696826
v -0.211022 1.128524 0.662535
v 0.037825 1.114242 0.720685
v 0.022754 1.125197 0.741885
v -0.210170 1.128282 0.636356
v -0.115117 0.057118 0.389390
v -0.115103 0.054793 0.390227
v -0.218168 0.056803 0.417851
v -0.218490 0.059134 0.417098
v -0.302811 0.058821 0.482820
v -0.303385 0.061158 0.482261
v -0.334698 0.062075 0.525975
v -0.356146 0.060540 0.575242
v -0.356880 0.062882 0.574959
v -0.368310 0.061202 0.627459
v -0.370829 0.064043 0.681081
v -0.361310 0.062007 0.733948
v -0.343110 0.064465 0.784469
v -0.314097 0.062027 0.829657
v -0.314706 0.064373 0.830135
v -0.277442 0.061737 0.868789
v -0.234227 0.063604 0.900706
v -0.185022 0.060613 0.922144
v -0.132876 0.062161 0.935107
v -0.079227 0.058916 0.936069
v -0.079133 0.061254 0.936864
v 0.023838 0.056906 0.908444
v 0.024240 0.059237 0.909157
v 0.108481 0.054888 0.843475
v 0.109135 0.057213 0.843994
v 0.161816 0.053169 0.751053
v 0.162630 0.055489 0.751295
v 0.173979 0.052507 0.698836
v 0.175723 0.052012 0.645248
v 0.176579 0.054328 0.645174
v 0.148086 0.051591 0.542168
v 0.148860 0.053907 0.541786
v 0.120456 0.053998 0.496120
v 0.083112 0.051972 0.457506
v 0.039977 0.054768 0.425549
v -0.009308 0.053096 0.404151
v -0.009005 0.055416 0.403357
v -0.114732 0.055720 0.395639
v -0.166575 0.056684 0.404202
v -0.215749 0.057690 0.422716
v -0.260366 0.058697 0.450468
v -0.298711 0.059668 0.486394
v -0.329310 0.060564 0.529112
v -0.350987 0.061352 0.576981
v -0.362909 0.062002 0.628160
v -0.364618 0.062487 0.680684
v -0.356049 0.062790 0.732534
v -0.337530 0.062899 0.781717
v -0.309774 0.062810 0.826343
v -0.273846 0.062526 0.864697
v -0.231128 0.062058 0.895305
v -0.183262 0.061424 0.916992
v -0.132086 0.060648 0.928923
v -0.079568 0.059761 0.930640
v -0.027725 0.058796 0.922078
v 0.021450 0.057791 0.903564
v 0.066067 0.056784 0.875811
v 0.104411 0.055813 0.839886
v 0.135010 0.054916 0.797168
v 0.156687 0.054128 0.749299
v 0.168609 0.053479 0.698120
v 0.170319 0.052994 0.645596
v 0.161749 0.052691 0.593746
v 0.143230 0.052582 0.544563
v 0.115474 0.052671 0.499937
v 0.079546 0.052955 0.461583
v 0.036829 0.053423 0.430974
v -0.011038 0.054057 0.409288
v -0.062214 0.054832 0.397357
v -0.115445 0.034898 0.390399
v -0.218510 0.036908 0.418024
v -0.303152 0.038926 0.482993
v -0.356488 0.040645 0.575415
v -0.368651 0.041307 0.627632
v -0.361652 0.042112 0.734120
v -0.314439 0.042132 0.829830
v -0.277784 0.041842 0.868962
v -0.185364 0.040718 0.922316
v -0.079568 0.039021 0.936241
v 0.023496 0.037011 0.908617
v 0.108139 0.034993 0.843648
v 0.161474 0.033274 0.751226
v 0.175382 0.032117 0.645421
v 0.147744 0.031696 0.542341
v 0.082770 0.032077 0.457679
v -0.009650 0.033201 0.404324
vn -0.0679 -0.4658 -0.8823
vn -0.0939 -0.8323 -0.5463
vn -0.2498 -0.8273 -0.5032
vn -0.4082 -0.4226 -0.8092
vn -0.8717 -0.3932 -0.2926
vn -0.5555 -0.8263 -0.0936
vn -0.5615 -0.8245 0.0699
vn -0.9115 -0.4064 0.0630
vn 0.1159 -0.8524 -0.5099
vn 0.2618 -0.4756 -0.8398
vn 0.4512 -0.4700 -0.7587
vn 0.2831 -0.8620 -0.4204
vn 0.8509 -0.4347 0.2950
vn 0.5268 -0.8283 0.1907
vn 0.5505 -0.8342 0.0311
vn 0.8970 -0.4385 -0.0556
vn 0.3705 -0.8629 -0.3438
vn 0.7152 -0.4016 -0.5720
vn 0.8264 -0.4077 -0.3884
vn 0.4849 -0.8556 -0.1812
vn -0.4493 -0.8428 0.2964
vn -0.7284 -0.3668 0.5787
vn -0.8398 -0.3723 0.3951
vn -0.5238 -0.8270 0.2042
vn -0.2309 0.8043 -0.5475
vn -0.4199 0.8055 -0.4181
vn -0.5000 0.8159 -0.2904
vn -0.3221 0.9272 -0.1910
vn -0.1614 0.9142 -0.3717
vn -0.3877 -0.8226 -0.4160
vn -0.6958 -0.3989 -0.5973
vn 0.0286 -0.8263 0.5625
vn 0.0709 -0.3834 0.9209
vn -0.1436 -0.3739 0.9163
vn -0.0880 -0.8360 0.5416
vn 0.3937 -0.4223 0.8165
vn 0.2456 -0.8389 0.4858
vn 0.4485 -0.8299 0.3319
vn 0.6742 -0.4290 0.6012
vn -0.3032 -0.3709 0.8778
vn -0.4646 -0.3868 0.7966
vn -0.2764 -0.8574 0.4342
vn 0.5906 -0.4384 -0.6774
vn 0.9969 0.0431 -0.0658
vn 0.9153 0.0696 -0.3967
vn 0.9023 -0.1077 -0.4173
vn 0.9524 -0.1657 -0.2557
vn 0.9800 -0.1888 -0.0630
vn 0.6628 0.7477 -0.0412
vn 0.6168 0.7439 -0.2572
vn 0.5065 0.7507 -0.4243
vn 0.6375 0.5857 -0.5006
vn 0.8185 0.5203 -0.2437
vn 0.8096 0.5851 -0.0469
vn -0.6792 0.6336 0.3704
vn -0.6177 -0.6613 0.4255
vn -0.4698 -0.6625 0.5834
vn -0.5519 0.6452 0.5283
vn 0.0375 -0.6600 0.7504
vn -0.2511 -0.6553 0.7124
vn -0.7321 -0.6515 0.1989
vn -0.7464 -0.6633 -0.0544
vn -0.6973 -0.6660 -0.2651
vn -0.5725 -0.6602 -0.4862
vn -0.3415 -0.6657 -0.6634
vn -0.0604 -0.6712 -0.7388
vn 0.2283 -0.6759 -0.7008
vn 0.4804 -0.6789 -0.5552
vn 0.6577 -0.6800 -0.3243
vn 0.7067 -0.7063 -0.0417
vn 0.6699 -0.7032 0.2381
vn 0.5496 -0.6710 0.4977
vn 0.3187 -0.6655 0.6750
vn -0.7476 -0.5674 -0.3452
vn -0.8299 -0.4515 -0.3278
vn -0.9024 -0.4186 -0.1020
vn -0.8907 -0.4436 -0.0996
vn -0.8016 -0.4506 -0.3929
vn -0.6153 -0.3671 0.6976
vn 0.6419 0.3104 -0.7011
vn 0.8537 0.3055 -0.4218
vn -0.8492 0.3151 0.4237
vn -0.9518 0.3008 0.0603
vn 0.0670 0.3309 0.9413
vn -0.3004 0.3482 0.8880
vn 0.4291 0.2840 0.8575
vn 0.3138 0.2824 -0.9065
vn 0.4638 0.3109 -0.8296
vn -0.9095 0.2695 -0.3165
vn -0.7248 0.2636 -0.6366
vn -0.7717 0.2880 -0.5671
vn -0.9317 0.2938 -0.2138
vn -0.7114 0.6768 -0.1891
vn -0.6158 0.6769 -0.4031
vn -0.6228 0.6902 -0.3684
vn -0.6792 0.6922 -0.2439
vn -0.7008 0.6800 -0.2154
vn -0.6031 0.6729 -0.4284
vn -0.4193 0.2837 -0.8624
vn -0.0792 0.2444 -0.9664
vn 0.9615 0.2669 -0.0652
vn 0.1473 0.2448 -0.9583
vn 0.7258 0.2769 0.6297
vn -0.6216 0.3259 0.7124
vn 0.9128 0.2709 0.3057
vn -0.5868 0.7650 0.2653
vn -0.6172 0.7861 0.0346
vn 0.5925 0.7506 -0.2924
vn 0.6461 0.7617 -0.0482
vn 0.1541 0.7869 -0.5975
vn 0.2615 0.7854 -0.5611
vn -0.6172 0.7615 -0.1977
vn 0.4410 0.7691 -0.4626
vn 0.2990 0.7632 0.5729
vn 0.0674 0.7784 0.6241
vn -0.5661 0.7506 -0.3407
vn -0.4678 0.7567 -0.4567
vn 0.6249 0.7543 0.2010
vn 0.4902 0.7684 0.4115
vn -0.2785 0.7693 -0.5751
vn -0.0264 0.7711 -0.6361
vn -0.1781 0.7611 0.6237
vn -0.3055 0.7596 0.5742
vn -0.4245 0.7598 0.4924
vn -0.5212 0.7616 0.3851
vn -0.1243 0.9616 -0.2449
vn -0.0635 0.9614 -0.2678
vn 0.0134 0.9624 -0.2715
vn 0.2733 0.9617 -0.0214
vn 0.2628 0.9613 0.0830
vn 0.2076 0.9631 0.1713
vn -0.2551 0.9668 0.0133
vn -0.2447 0.9676 -0.0625
vn -0.2206 0.9658 -0.1359
vn -0.0514 0.9673 0.2485
vn -0.1071 0.9684 0.2254
vn 0.0398 0.9650 0.2591
vn 0.1725 0.8891 -0.4239
vn 0.4040 0.8012 -0.4415
vn 0.3580 0.6879 -0.6314
vn 0.2184 0.7054 -0.6743
vn 0.0085 0.7417 -0.6706
vn 0.0158 0.9163 -0.4001
vn -0.1499 0.9730 0.1757
vn -0.2043 0.9688 0.1400
vn -0.9080 0.4089 -0.0911
vn -0.9062 0.3751 0.1951
vn -0.4805 0.8726 0.0877
vn -0.4539 0.8901 -0.0415
vn 0.0884 0.9662 -0.2422
vn 0.1799 0.9641 -0.1951
vn -0.1698 0.9664 -0.1929
vn 0.3153 0.7875 -0.5296
vn 0.0818 0.7984 -0.5966
vn 0.0697 0.9152 -0.3969
vn 0.3246 0.9164 -0.2343
vn 0.4832 0.7947 -0.3673
vn 0.1264 0.9631 0.2378
vn -0.0066 0.9956 -0.0937
vn 0.0495 0.9956 0.0795
vn -0.0418 0.9986 -0.0330
vn -0.0766 0.9967 0.0278
vn 0.0762 0.9968 0.0252
vn -0.2347 0.9681 0.0874
vn 0.1025 0.9943 -0.0294
vn 0.2494 0.9605 -0.1231
vn -0.0137 0.9985 0.0538
vn 0.0481 0.9969 -0.0618
vn -0.7121 0.5615 -0.4214
vn -0.5711 0.5189 -0.6361
vn -0.5064 0.4728 -0.7211
vn -0.3134 0.4630 -0.8291
vn -0.2017 0.4988 -0.8429
vn -0.0614 0.4727 -0.8791
vn 0.0797 0.5191 -0.8510
vn 0.2259 0.4866 -0.8439
vn 0.3505 0.5250 -0.7756
vn 0.5438 0.5501 -0.6338
vn -0.4782 0.1905 -0.8573
vn -0.7041 0.1922 -0.6836
vn -0.6349 0.4706 -0.6127
vn -0.4337 0.4552 -0.7776
vn 0.8183 0.0448 0.5731
vn 0.5503 -0.1784 0.8157
vn 0.2205 0.0457 0.9743
vn 0.2205 0.0456 0.9743
vn -0.0990 0.3543 0.9299
vn -0.2410 0.6361 0.7330
vn 0.1329 0.5900 0.7964
vn 0.3836 0.5785 0.7199
vn 0.5929 0.5757 0.5630
vn 0.7466 0.5650 0.3513
vn 0.8103 0.5773 0.1002
vn 0.9289 0.2787 0.2438
vn 0.6431 -0.2125 -0.7357
vn 0.3133 -0.1841 -0.9317
vn 0.7963 0.5395 0.2737
vn 0.9193 -0.1968 0.3409
vn 0.7520 -0.1914 0.6308
vn 0.6318 0.4752 0.6124
vn 0.6989 0.5247 0.4861
vn 0.5796 -0.1472 0.8015
vn 0.4363 -0.1309 0.8902
vn 0.4000 0.4635 0.7907
vn 0.5126 0.4984 0.6992
vn -0.4191 -0.1309 -0.8984
vn -0.2833 -0.1476 -0.9476
vn -0.0424 -0.1674 -0.9850
vn 0.8911 0.4447 -0.0908
vn 0.9868 -0.1487 -0.0637
vn 0.9815 -0.1601 0.1051
vn 0.8726 0.4858 0.0502
vn -0.7605 -0.1611 -0.6290
vn -0.6032 -0.1452 -0.7842
vn -0.8552 -0.1675 -0.4904
vn 0.4512 0.2384 -0.8600
vn 0.4079 0.4024 -0.8196
vn 0.5997 0.3156 -0.7354
vn 0.6526 -0.0951 -0.7517
vn 0.3560 -0.1127 -0.9276
vn 0.3526 0.2266 -0.9079
vn -0.6521 -0.1529 0.7425
vn -0.6096 0.5135 0.6039
vn -0.4875 0.5521 0.6765
vn -0.2608 0.5718 0.7778
vn -0.3436 -0.1456 0.9278
vn -0.8828 -0.1761 0.4355
vn -0.7778 0.5088 0.3690
vn -0.6884 0.5439 0.4799
vn 0.2536 -0.1408 0.9570
vn 0.0615 -0.1705 0.9834
vn 0.1204 0.4728 0.8729
vn 0.2602 0.5038 0.8237
vn 0.8670 -0.2028 -0.4552
vn 0.8092 0.4571 -0.3690
vn 0.7178 0.5073 -0.4769
vn -0.9821 -0.1661 0.0888
vn -0.8597 0.4941 0.1298
vn -0.8088 0.5418 0.2287
vn -0.1060 -0.1584 0.9817
vn -0.0210 0.5170 0.8557
vn -0.9753 -0.1615 -0.1505
vn -0.8701 0.4845 -0.0910
vn 0.5636 0.3020 0.7688
vn 0.2721 0.2921 0.9169
vn -0.9556 0.2885 0.0603
vn -0.9372 0.3248 -0.1268
vn -0.8996 0.3080 -0.3096
vn -0.9361 -0.1561 -0.3153
vn 0.9074 0.2577 0.3320
vn 0.8397 0.2543 0.4798
vn 0.7457 0.2629 0.6122
vn 0.9595 -0.1627 -0.2302
vn 0.9315 0.2871 -0.2232
vn 0.9524 0.2895 0.0951
vn -0.8646 0.2658 0.4264
vn -0.9268 0.2827 0.2473
vn 0.2956 0.2102 -0.9319
vn 0.5060 0.2307 -0.8311
vn 0.6429 0.2298 -0.7307
vn -0.6216 0.2406 0.7455
vn -0.7766 0.2649 0.5716
vn -0.3321 0.2613 0.9063
vn 0.8559 0.2518 -0.4518
vn 0.7694 0.2463 -0.5894
vn -0.5532 0.3078 -0.7741
vn -0.2871 0.2845 -0.9147
vn -0.0115 0.2381 -0.9712
vn -0.0951 0.2729 0.9573
vn 0.0460 0.2833 0.9579
vn -0.6524 0.1362 0.7455
vn -0.4960 0.1050 0.8620
vn -0.5185 -0.0998 0.8492
vn -0.7925 -0.0688 0.6060
vn -0.7855 0.1370 0.6035
vn -0.8181 0.3197 -0.4780
vn -0.7308 0.3013 -0.6125
vn -0.5995 0.6707 0.4367
vn -0.7087 0.6802 0.1871
vn 0.4085 0.6361 -0.6546
vn 0.6096 0.6415 -0.4656
vn 0.7540 0.6249 -0.2025
vn 0.6647 0.6478 0.3721
vn 0.4754 0.6392 0.6044
vn -0.4836 0.6421 0.5949
vn -0.2410 0.6394 0.7301
vn -0.3821 0.6324 0.6738
vn -0.4510 0.6511 -0.6104
vn -0.2113 0.6346 -0.7434
vn -0.0166 0.6179 -0.7861
vn 0.0396 0.6471 0.7614
vn -0.0888 0.6575 0.7482
vn -0.7278 0.6780 -0.1029
vn -0.6352 0.6732 -0.3786
vn 0.2394 0.6115 -0.7542
vn 0.2320 0.6377 0.7345
vn 0.1125 0.6066 -0.7870
vn 0.7734 0.6271 0.0927
vn -0.4627 0.6281 -0.6255
vn -0.6643 0.6335 -0.3967
vn -0.8147 0.3320 -0.4754
vn -0.7093 0.3174 -0.6294
vn -0.5712 0.3282 -0.7524
vn 0.2141 0.6456 0.7331
vn -0.0844 0.6680 0.7394
vn 0.7842 0.6130 0.0959
vn 0.7643 0.6107 -0.2069
vn 0.4010 0.6188 -0.6755
vn 0.1140 0.6402 -0.7597
vn 0.3552 0.8860 0.2982
vn 0.4631 0.8632 0.2011
vn 0.5113 0.8563 0.0729
vn 0.5155 0.8554 -0.0507
vn 0.4760 0.8604 -0.1819
vn 0.3696 0.8835 -0.2879
vn 0.6743 0.3861 -0.6295
vn 0.9192 0.1237 -0.3739
vn 0.9520 0.2436 -0.1852
vn 0.9906 0.1309 -0.0406
vn 0.9638 0.2439 0.1081
vn 0.9551 0.1348 0.2639
vn 0.8848 0.2522 0.3918
vn 0.8079 0.1360 0.5734
vn 0.5225 0.3942 0.7560
vn 0.1093 0.9902 0.0872
vn -0.1876 0.6401 -0.7450
vn 0.9172 -0.3943 -0.0573
vn 0.8701 -0.3904 0.3008
vn 0.7177 -0.6488 0.2529
vn 0.7568 -0.6521 -0.0448
vn 0.7915 -0.5451 0.2764
vn 0.8345 -0.5487 -0.0507
vn 0.9965 -0.0517 -0.0651
vn 0.9457 -0.0474 0.3215
vn 0.8470 0.4797 -0.2291
vn -0.7528 0.6493 -0.1080
vn -0.2731 -0.4748 -0.8367
vn -0.4182 -0.4685 -0.7782
vn -0.4400 -0.4627 -0.7696
vn -0.1988 -0.4551 -0.8680
vn -0.1809 -0.5227 -0.8331
vn -0.0866 -0.5460 -0.8333
vn -0.0884 -0.5107 -0.8552
vn -0.6860 0.4999 0.5287
vn -0.4292 0.4975 0.7539
vn -0.2879 0.8069 0.5157
vn -0.4520 0.8096 0.3746
vn -0.2329 0.8762 0.4219
vn -0.0950 0.8761 0.4728
vn 0.1421 0.8876 0.4381
vn 0.2710 0.2623 0.9262
vn -0.0030 0.0814 0.9967
vn -0.1260 0.1666 0.9779
vn -0.2887 0.1076 0.9514
vn -0.5250 0.2981 0.7972
vn -0.3625 0.6719 0.6458
vn -0.1198 0.3241 0.9384
vn -0.4736 0.3097 0.8245
vn -0.5883 0.6686 0.4548
vn -0.7541 0.3097 0.5792
vn 0.4872 0.6227 0.6122
vn 0.5783 0.3325 0.7450
vn 0.4492 0.3025 0.8407
vn 0.2266 0.3189 0.9203
vn 0.3678 0.8648 0.3418
vn 0.4787 0.8655 0.1476
vn 0.9032 0.3097 0.2972
vn 0.7907 0.1214 0.6000
vn 0.6742 0.1865 0.7146
vn 0.5624 0.0940 0.8215
vn 0.6303 0.6107 -0.4793
vn 0.4755 0.3207 -0.8192
vn 0.6291 0.3069 -0.7141
vn 0.7516 0.3208 -0.5764
vn 0.8533 0.3076 -0.4210
vn 0.9139 0.3223 -0.2466
vn -0.9423 0.3185 -0.1029
vn -0.8927 0.3029 -0.3337
vn 0.6870 0.6172 0.3835
vn 0.9380 0.3251 0.1200
vn 0.9008 0.3131 0.3010
vn 0.8203 0.3287 0.4682
vn -0.7026 0.5689 -0.4274
vn -0.3964 0.8676 -0.3004
vn -0.1905 0.8851 -0.4246
vn -0.3637 0.5740 -0.7337
vn -0.5173 0.5623 -0.6452
vn -0.5925 0.7548 -0.2816
vn -0.5063 0.7636 -0.4007
vn -0.3523 0.7965 -0.4914
vn -0.2831 0.8466 -0.4507
vn -0.4038 0.8546 -0.3265
vn -0.4963 0.8640 -0.0851
vn -0.6133 0.7866 -0.0715
vn -0.4399 0.2959 -0.8479
vn -0.2189 0.3062 -0.9264
vn 0.1039 0.3048 -0.9467
vn 0.3350 0.2893 -0.8967
vn -0.3343 -0.2692 0.9032
vn -0.4869 -0.2457 0.8382
vn -0.1068 -0.2487 0.9627
vn 0.3551 -0.2382 -0.9040
vn 0.6408 -0.2275 -0.7332
vn -0.4783 -0.2234 -0.8493
vn -0.2106 -0.2954 -0.9319
vn 0.1996 -0.2361 0.9510
vn -0.9004 -0.2620 -0.3473
vn -0.7260 -0.2534 -0.6393
vn 0.7169 0.3170 0.6209
vn 0.7315 -0.2171 0.6464
vn 0.4706 -0.2250 0.8532
vn 0.0766 -0.3005 -0.9507
vn -0.7700 -0.2430 0.5899
vn -0.8547 -0.2642 0.4469
vn -0.9431 -0.2407 0.2293
vn -0.9141 0.3242 0.2436
vn 0.9221 -0.2232 0.3160
vn -0.9714 -0.2249 -0.0758
vn 0.8730 -0.2288 -0.4306
vn 0.9718 -0.2273 -0.0622
vn 0.9486 0.3098 -0.0647
vn -0.6368 -0.2671 0.7233
vn -0.1895 0.0798 -0.9786
vn -0.4489 0.2669 -0.8528
vn -0.6090 0.1592 -0.7770
vn -0.7518 0.1006 -0.6517
vn -0.6266 -0.5709 -0.5305
vn -0.4925 -0.5961 -0.6341
vn -0.3658 -0.6196 -0.6944
vn -0.2440 -0.6290 -0.7381
vn -0.5210 -0.6192 0.5875
vn -0.6207 -0.6249 0.4736
vn -0.6968 -0.6160 0.3675
vn 0.4963 -0.6522 -0.5730
vn 0.6791 -0.6533 -0.3348
vn -0.5449 -0.6635 -0.5127
vn -0.3847 -0.6409 -0.6643
vn -0.7766 -0.6256 -0.0742
vn -0.7108 -0.6583 -0.2478
vn 0.5676 -0.6440 0.5129
vn 0.3321 -0.6398 0.6931
vn 0.1383 -0.6234 0.7696
vn 0.0703 -0.6759 -0.7336
vn 0.2560 -0.6489 -0.7165
vn -0.0724 -0.6338 0.7701
vn -0.2800 -0.6200 0.7330
vn -0.3952 -0.6270 0.6713
vn -0.7596 -0.6237 0.1846
vn -0.6142 -0.7014 -0.3617
vn -0.1893 -0.6713 -0.7166
vn -0.0585 -0.7122 -0.6995
vn 0.1672 -0.4276 0.8884
vn -0.0838 -0.4325 0.8977
vn 0.4092 -0.3846 0.8274
vn -0.4647 -0.3862 0.7968
vn -0.6147 -0.3693 0.6970
vn -0.7334 -0.3836 0.5612
vn 0.6037 -0.3945 -0.6928
vn 0.8236 -0.3958 -0.4062
vn 0.6896 -0.3846 0.6136
vn -0.9049 -0.3662 0.2169
vn -0.9252 -0.3685 -0.0911
vn -0.9872 -0.0688 -0.1436
vn -0.8887 -0.0952 -0.4484
vn -0.2241 -0.3348 -0.9153
vn -0.0677 -0.3030 -0.9506
vn -0.4530 -0.3857 -0.8038
vn 0.0907 -0.3404 -0.9359
vn 0.3148 -0.3965 -0.8624
vn -0.0496 0.7593 -0.6488
vn 0.1993 0.7863 -0.5849
vn 0.2021 0.8449 -0.4952
vn 0.0435 0.8385 -0.5432
vn -0.1254 0.8368 -0.5329
vn -0.2083 0.7764 -0.5948
vn -0.3290 -0.3711 0.8683
vn -0.8219 -0.3664 0.4361
vn -0.8903 -0.3182 -0.3257
vn -0.8223 -0.2867 -0.4916
vn -0.0416 0.6195 -0.7839
vn -0.4266 0.6214 -0.6571
vn 0.4983 0.1013 -0.8611
vn 0.1564 0.1343 -0.9785
vn 0.1268 -0.1537 -0.9799
vn 0.4933 -0.1600 -0.8550
vn -0.4532 0.4002 -0.7965
vn -0.2141 0.4582 -0.8627
vn 0.2032 -0.2137 0.9555
vn 0.2133 0.3982 0.8922
vn -0.0711 0.3671 0.9275
vn -0.0842 -0.2086 0.9744
vn -0.1197 0.3903 0.9129
vn -0.2782 0.4449 0.8513
vn -0.6307 0.6119 -0.4773
vn 0.4670 -0.2386 0.8515
vn 0.6946 -0.2440 0.6768
vn 0.6945 0.3344 0.6370
vn 0.5756 0.3723 0.7281
vn 0.4357 0.4093 0.8017
vn -0.5836 0.4582 0.6705
vn -0.6969 0.4754 0.5370
vn -0.7846 0.4576 0.4184
vn -0.0824 0.6220 0.7787
vn 0.2472 0.5379 0.8059
vn 0.2556 -0.1048 0.9611
vn -0.1311 -0.1054 0.9858
vn -0.7727 0.6152 0.1567
vn 0.4416 0.4014 0.8024
vn 0.2184 0.3924 0.8935
vn -0.8863 0.4516 -0.1026
vn -0.7851 0.5228 -0.3321
vn 0.1156 0.4524 -0.8843
vn 0.3592 0.3858 -0.8498
vn 0.7199 0.5651 -0.4030
vn 0.5582 0.5639 -0.6086
vn -0.6915 -0.3171 -0.6491
vn -0.6401 0.4967 -0.5862
vn 0.8136 0.5594 -0.1585
vn -0.8753 0.4395 0.2017
vn 0.9299 0.3628 -0.0604
vn 0.8287 0.3823 -0.4089
vn 0.4979 0.8288 -0.2555
vn 0.5806 0.8118 -0.0616
vn 0.5978 0.3867 -0.7022
vn 0.3620 0.8271 -0.4299
vn 0.0490 0.3603 0.9316
vn 0.2082 0.8409 0.4995
vn 0.0493 0.8635 0.5019
vn -0.4219 0.4699 0.7753
vn -0.2446 0.8674 0.4334
vn -0.3925 0.8719 0.2929
vn 0.6999 0.3726 0.6093
vn 0.4624 0.8197 0.3381
vn 0.3512 0.8227 0.4471
vn -0.1080 -0.0236 0.9939
vn 0.2117 -0.0294 0.9769
vn 0.1985 0.5690 0.7980
vn -0.0705 0.5673 0.8205
vn -0.1023 0.8708 0.4809
vn 0.8837 0.3667 0.2908
vn 0.5806 0.8105 0.0770
vn 0.5373 0.8173 0.2083
vn -0.5052 0.8534 0.1282
vn 0.1742 0.6731 0.7187
vn 0.1474 0.8727 0.4655
vn 0.0888 0.7589 0.6451
vn 0.1578 0.6544 0.7395
vn 0.2042 0.6852 0.6991
vn 0.4403 0.7497 -0.4940
vn 0.5597 0.7769 -0.2885
vn -0.8936 0.4382 0.0975
vn -0.6642 0.7450 0.0613
vn -0.6722 0.7083 -0.2155
vn -0.8772 0.4403 -0.1913
vn -0.1626 0.8002 0.5773
vn -0.3891 0.7835 0.4845
vn -0.4748 0.8061 0.3532
vn 0.2436 0.8957 0.3720
vn 0.4070 0.2568 0.8766
vn 0.2356 0.1484 0.9604
vn 0.0475 0.2721 0.9611
vn -0.0996 0.1373 0.9855
vn -0.2457 0.2408 0.9390
vn -0.4036 0.1168 0.9074
vn -0.6127 0.3944 0.6849
vn -0.0824 0.9924 0.0917
vn -0.4229 0.8393 0.3416
vn -0.2973 0.8542 0.4265
vn -0.1411 0.8748 0.4634
vn -0.0201 0.8712 0.4906
vn 0.1051 0.8880 0.4478
vn 0.5968 0.7671 0.2352
vn 0.5147 0.7698 0.3776
vn 0.3690 0.8007 0.4719
vn 0.6106 0.7877 0.0819
vn 0.2350 0.7790 0.5813
vn 0.0759 0.7683 0.6355
vn 0.2942 0.4399 -0.8485
vn 0.5954 0.4370 -0.6742
vn 0.8447 0.4549 0.2819
vn 0.6741 0.4604 0.5776
vn -0.6217 0.7701 0.1426
vn -0.5678 0.7831 0.2536
vn -0.7662 0.4816 0.4254
vn -0.8648 0.4672 0.1840
vn -0.8819 0.4653 -0.0762
vn 0.3977 0.4663 0.7902
vn 0.0663 0.4581 0.8864
vn 0.8072 0.4357 -0.3983
vn -0.2787 0.4644 0.8406
vn -0.5735 0.4826 0.6620
vn -0.0508 0.4447 -0.8943
vn 0.6451 0.7609 -0.0694
vn 0.8902 0.4512 -0.0637
vn -0.6581 0.4732 -0.5857
vn -0.3817 0.4659 -0.7983
vn -0.5795 0.7341 -0.3540
vn -0.4362 0.6747 -0.5954
vn -0.2984 0.6492 -0.6997
vn -0.1308 0.6496 -0.7490
vn 0.1198 0.7055 -0.6986
vn -0.8222 0.4620 -0.3325
vn 0.1504 0.4435 0.8835
vn 0.1446 0.7758 0.6142
vn -0.1175 0.7496 0.6514
vn -0.0919 0.4749 0.8752
vn -0.0614 0.1738 -0.9829
vn 0.1061 0.1592 -0.9815
vn 0.3430 0.1631 -0.9251
vn 0.7428 0.1721 0.6471
vn 0.4609 0.1767 0.8697
vn -0.9776 0.1943 -0.0813
vn -0.9118 0.1907 -0.3637
vn -0.8565 0.1971 0.4770
vn -0.9587 0.1965 0.2056
vn -0.7366 0.1862 -0.6502
vn -0.3369 0.1908 0.9220
vn -0.6454 0.1967 0.7381
vn 0.2335 0.1738 0.9567
vn 0.0676 0.1886 0.9797
vn 0.8852 0.1602 -0.4367
vn 0.9848 0.1605 -0.0659
vn -0.4548 0.1773 -0.8727
vn -0.2277 0.1651 -0.9596
vn 0.6515 0.1616 -0.7412
vn 0.9348 0.1647 0.3147
vn -0.5550 0.2125 0.8043
vn -0.5227 0.4554 0.7207
vn -0.6573 0.3899 0.6449
vn -0.7136 -0.0535 0.6985
vn -0.5657 -0.0930 0.8194
vn -0.1003 0.1798 0.9786
vn -0.5692 -0.6358 -0.5213
vn -0.3625 -0.6471 -0.6707
vn -0.7642 -0.6444 -0.0273
vn -0.6479 -0.7202 -0.2481
vn 0.3418 -0.6490 0.6797
vn 0.1383 -0.6414 0.7546
vn 0.6884 -0.6717 0.2739
vn 0.5488 -0.6469 0.5295
vn 0.2658 -0.6544 -0.7079
vn 0.4872 -0.6483 -0.5852
vn 0.6537 -0.7512 0.0920
vn 0.7367 -0.6721 -0.0747
vn -0.1592 -0.6476 -0.7452
vn 0.0560 -0.6501 -0.7578
vn -0.0774 -0.6364 0.7674
vn -0.6648 -0.6351 0.3933
vn -0.7453 -0.6389 0.1907
vn -0.5094 -0.6226 0.5941
vn 0.6680 -0.6531 -0.3567
vn -0.2878 -0.6344 0.7174
vn 0.5428 -0.8330 0.1073
vn 0.4828 -0.8276 0.2863
vn 0.3837 -0.8218 0.4212
vn 0.2540 -0.8164 0.5187
vn 0.0978 -0.8114 0.5762
vn -0.0635 -0.8077 0.5862
vn -0.2254 -0.8052 0.5484
vn -0.3943 -0.7973 0.4570
vn -0.5088 -0.8058 0.3030
vn -0.5694 -0.8088 0.1473
vn -0.5761 -0.8163 -0.0418
vn -0.5177 -0.8395 -0.1651
vn -0.9738 -0.2040 -0.1009
vn -0.9194 -0.2043 -0.3362
vn -0.8583 -0.2172 -0.4648
vn -0.4973 -0.8244 -0.2702
vn -0.2810 -0.8149 -0.5068
vn -0.4108 -0.8145 -0.4096
vn -0.7200 -0.2323 -0.6539
vn -0.4752 -0.2371 -0.8473
vn -0.0901 -0.1387 0.9862
vn -0.3035 -0.1526 0.9405
vn -0.2669 -0.4586 0.8476
vn -0.2701 -0.5657 0.7791
vn 0.0533 -0.5525 0.8318
vn 0.1133 -0.1125 0.9872
vn 0.9564 -0.2334 0.1757
vn 0.8639 -0.2294 0.4485
vn 0.5509 -0.8304 -0.0839
vn 0.9656 -0.2360 -0.1088
vn -0.8569 -0.1996 0.4752
vn -0.9572 -0.2002 0.2088
vn -0.3614 -0.2044 0.9097
vn -0.6471 -0.1998 0.7358
vn -0.1249 -0.8162 -0.5642
vn -0.2107 -0.2231 -0.9517
vn 0.0659 -0.8116 -0.5805
vn 0.1224 -0.2475 -0.9611
vn 0.5068 -0.8279 -0.2403
vn 0.8910 -0.2371 -0.3871
vn 0.2758 -0.8150 -0.5096
vn 0.4786 -0.2720 -0.8348
vn 0.4174 -0.8251 -0.3809
vn 0.7369 -0.2560 -0.6256
vn -0.6783 0.4180 -0.6043
vn -0.5476 0.4155 -0.7263
vn -0.4216 0.4101 -0.8088
vn 0.2595 0.0647 0.9636
vn 0.6082 0.0856 0.7892
vn 0.6196 -0.1495 0.7705
vn 0.4119 -0.1455 0.8995
vn 0.2551 -0.1143 0.9601
vn -0.8390 0.4396 -0.3206
vn -0.7671 0.4562 -0.4511
vn 0.4663 0.3779 -0.7998
vn 0.6220 0.3591 -0.6958
vn 0.7346 0.3230 -0.5966
vn 0.9338 0.3408 -0.1088
vn 0.9250 0.3433 0.1629
vn -0.1997 0.3898 -0.8990
vn 0.1106 0.3306 -0.9373
vn -0.8244 0.3259 0.4628
vn 0.3358 0.5731 -0.7475
vn 0.4664 0.5544 0.6893
vn 0.5941 0.6161 0.5171
vn 0.7585 0.5300 0.3792
vn 0.8462 -0.1188 0.5194
vn 0.6041 -0.1031 0.7902
vn -0.3358 0.3711 0.8657
vn -0.2551 0.1143 -0.9601
vn -0.4119 0.1455 -0.8995
vn -0.6197 0.1495 -0.7705
vn -0.6053 -0.1395 -0.7837
vn -0.2592 -0.1186 -0.9585
vn 0.7865 -0.1275 -0.6042
vn 0.9514 -0.1276 -0.2804
vn 0.8269 0.3492 0.4408
vn 0.8425 0.5180 0.1479
vn 0.9828 -0.1302 0.1306
vn 0.9443 -0.1432 0.2962
vn 0.8540 0.3415 -0.3924
vn -0.4733 0.8514 0.2260
vn -0.3330 0.9175 -0.2174
vn -0.2019 0.9097 -0.3628
vn -0.0846 0.8834 -0.4609
vn 0.0396 0.8628 -0.5040
vn -0.6277 0.3205 0.7094
vn 0.2583 0.8921 -0.3708
vn 0.3172 0.3611 -0.8769
vn 0.1421 0.8858 -0.4419
vn -0.2179 0.7904 0.5725
vn -0.0588 0.7935 0.6058
vn -0.4135 0.5472 0.7277
vn -0.6070 0.6131 0.5056
vn -0.5088 0.7800 0.3642
vn -0.3568 0.7894 0.4996
vn -0.3701 0.6513 -0.6624
vn -0.1354 0.6465 -0.7508
vn -0.0629 0.7502 -0.6582
vn -0.3598 0.7562 -0.5465
vn 0.6713 -0.6117 0.4186
vn 0.5167 -0.5716 0.6374
vn 0.3704 -0.5742 0.7302
vn -0.3890 0.9208 0.0282
vn -0.3227 0.9311 0.1697
vn -0.6259 0.7101 0.3224
vn -0.7514 0.6574 0.0567
vn -0.7280 0.6761 -0.1142
vn 0.4623 0.8429 0.2754
vn 0.4354 0.7565 0.4879
vn 0.6832 0.6128 0.3971
vn 0.7353 0.6515 0.1866
vn 0.7365 0.6764 0.0045
vn 0.4878 0.8730 -0.0006
vn 0.4748 0.8589 0.1919
vn 0.3892 0.6420 -0.6606
vn 0.7587 0.0982 -0.6440
vn 0.5602 0.6984 -0.4453
vn 0.6136 -0.5473 0.5691
vn -0.4162 -0.5694 0.7089
vn -0.5506 -0.5569 0.6219
vn -0.6695 -0.5593 0.4888
vn -0.8747 0.1336 0.4658
vn 0.7246 -0.5812 -0.3703
vn -0.0904 -0.5443 0.8340
vn -0.2979 -0.5576 0.7748
vn -0.8698 0.3011 -0.3910
vn -0.9584 0.2747 -0.0773
vn -0.9821 0.1557 0.1061
vn -0.8158 -0.5739 0.0714
vn -0.7911 -0.5577 -0.2512
vn 0.4121 -0.5453 0.7300
vn 0.1974 -0.5420 0.8168
vn -0.3925 0.9033 0.1734
vn -0.1191 0.9862 0.1151
vn -0.1362 0.9812 -0.1370
vn -0.4521 0.8714 -0.1904
vn -0.3923 0.9195 0.0254
vn -0.2205 0.0969 -0.9706
vn -0.3523 0.2294 -0.9073
vn -0.5463 0.1242 -0.8284
vn -0.5462 -0.5566 -0.6260
vn -0.3504 -0.5699 -0.7433
vn -0.2205 -0.5857 -0.7799
vn -0.9220 0.2621 0.2849
vn -0.7587 -0.5548 0.3415
vn 0.0858 0.0916 -0.9921
vn -0.0649 0.2213 -0.9730
vn -0.0636 -0.5777 -0.8138
vn 0.0959 -0.5913 -0.8007
vn 0.2292 0.2198 -0.9482
vn 0.2537 -0.5828 -0.7720
vn 0.4144 -0.5882 -0.6945
vn 0.4299 0.1074 -0.8965
vn -0.6683 0.2717 -0.6925
vn -0.7055 -0.5364 -0.4631
vn -0.6271 -0.0301 -0.7783
vn -0.4204 -0.0418 -0.9064
vn -0.3449 -0.0271 0.9382
vn -0.5000 -0.0124 0.8659
vn -0.6592 -0.0238 0.7515
vn -0.8960 0.0061 0.4440
vn -0.9659 -0.0014 0.2590
vn -0.9976 -0.0213 0.0657
vn 0.3214 -0.0015 -0.9469
vn 0.5000 0.0122 -0.8659
vn 0.6575 -0.0310 -0.7529
vn 0.5532 -0.5854 -0.5926
vn -0.2594 -0.0325 -0.9652
vn -0.0662 -0.0492 -0.9966
vn 0.7763 -0.0678 -0.6267
vn 0.9050 -0.0789 -0.4180
vn -0.9543 0.0010 -0.2989
vn -0.8534 0.0039 -0.5212
vn 0.1287 -0.0112 -0.9916
vn -0.9915 -0.0044 -0.1303
vn 0.7508 -0.0412 0.6592
vn 0.4840 -0.0349 0.8744
vn -0.7921 0.0185 0.6101
vn -0.2319 0.9272 0.2941
vn -0.0718 0.9277 0.3663
vn 0.0939 0.9295 0.3567
vn 0.1656 0.7359 0.6565
vn -0.1033 0.6830 0.7231
vn -0.2753 0.6617 0.6973
vn -0.4659 0.6399 0.6111
vn 0.5703 -0.1574 0.8062
vn 0.3881 -0.1325 0.9120
vn 0.3303 -0.5514 0.7661
vn 0.5315 -0.5769 0.6202
vn 0.5623 -0.5153 0.6468
vn 0.6460 -0.4970 0.5793
vn 0.7525 -0.1411 0.6433
vn -0.2063 0.5496 -0.8096
vn -0.2447 0.5769 0.7793
vn -0.4123 0.5506 0.7258
vn -0.6491 0.5997 0.4680
vn -0.7641 0.6092 0.2124
vn -0.0312 0.5675 -0.8228
vn 0.1416 0.5750 -0.8058
vn 0.7724 0.5168 -0.3691
vn 0.8576 0.5108 -0.0602
vn 0.8144 0.5144 0.2688
vn 0.4149 0.5841 -0.6976
vn 0.6355 0.5372 -0.5546
vn 0.4257 0.5551 0.7145
vn 0.6340 0.5374 0.5562
vn -0.8055 0.5816 -0.1139
vn -0.5419 0.5805 0.6077
vn -0.3459 0.8791 0.3279
vn -0.4884 0.8707 -0.0576
vn -0.4651 0.8659 -0.1840
vn 0.0312 0.8748 -0.4835
vn 0.1937 0.8734 -0.4468
vn 0.4624 0.8611 -0.2113
vn 0.5078 0.8585 -0.0712
vn 0.3398 0.8760 -0.3423
vn -0.7820 -0.1939 -0.5923
vn -0.5558 -0.2070 -0.8051
vn -0.5964 -0.3354 -0.7292
vn -0.8082 -0.3290 -0.4884
vn -0.8631 -0.2337 -0.4477
vn -0.4432 0.8857 0.1382
vn -0.7391 0.6173 -0.2695
vn -0.7823 0.6183 -0.0762
vn 0.8659 0.3283 -0.3775
vn 0.9312 0.3588 -0.0639
vn 0.6225 0.3147 -0.7165
vn 0.8508 0.1440 -0.5054
vn 0.9006 0.2187 -0.3757
vn 0.9560 0.1418 -0.2569
vn 0.9673 0.2197 -0.1269
vn 0.9892 0.1462 0.0109
vn -0.4849 -0.8342 -0.2628
vn -0.8693 0.3057 -0.3883
vn -0.8428 0.2013 -0.4991
vn -0.9357 0.2305 0.2672
vn -0.9671 0.2525 0.0307
vn -0.9779 0.1638 -0.1300
vn -0.7236 0.6631 0.1917
vn 0.2016 -0.5739 0.7937
vn 0.0431 -0.5798 0.8136
vn -0.8481 0.1755 0.4998
vn -0.7647 0.1124 0.6346
vn -0.6239 -0.5996 0.5013
vn -0.7056 -0.6021 0.3735
vn -0.7916 -0.5816 0.1875
vn 0.0712 0.0949 -0.9929
vn -0.0303 -0.6329 -0.7736
vn -0.8130 -0.5707 -0.1155
vn -0.7381 -0.5589 -0.3780
vn 0.2059 0.6408 -0.7396
vn 0.4343 0.6377 -0.6361
vn 0.4201 0.7431 -0.5210
vn 0.1310 0.7469 -0.6519
vn -0.7130 -0.1286 -0.6893
vn -0.4855 -0.1319 -0.8642
vn -0.8492 -0.2005 -0.4885
vn -0.6234 -0.1460 -0.7682
vn 0.7522 -0.6281 -0.1991
vn 0.6265 -0.6087 -0.4867
vn 0.7523 -0.2426 -0.6126
vn 0.8843 -0.2284 -0.4073
vn 0.9433 -0.2161 -0.2520
vn 0.8262 -0.2341 0.5124
vn 0.5899 -0.2142 0.7786
vn -0.5083 -0.5959 0.6218
vn -0.2972 -0.6147 0.7306
vn -0.3357 -0.2207 0.9158
vn -0.4891 -0.2255 0.8425
vn -0.6463 -0.2183 0.7312
vn -0.9605 -0.2493 -0.1235
vn 0.7724 -0.6258 0.1084
vn 0.9786 -0.1961 -0.0628
vn 0.9684 -0.2132 0.1296
vn -0.0899 -0.5881 0.8038
vn 0.2488 -0.2163 0.9441
vn -0.1084 -0.2027 0.9732
vn -0.7839 -0.1517 0.6021
vn -0.8781 -0.1353 0.4590
vn -0.9542 -0.1867 0.2337
vn 0.9302 -0.2231 0.2914
vn 0.1924 -0.6173 -0.7629
vn -0.0699 -0.1837 -0.9805
vn 0.1252 -0.1893 -0.9739
vn 0.2932 -0.1884 -0.9373
vn -0.4189 -0.1549 -0.8947
vn -0.2588 -0.1423 -0.9554
vn 0.4011 -0.5987 -0.6933
vn 0.5083 -0.1886 -0.8402
vn -0.1198 0.2965 0.9475
vn -0.2929 0.3608 0.8855
vn -0.4613 0.3691 0.8068
vn 0.7292 0.2978 -0.6160
vn 0.8077 0.2856 0.5159
vn 0.6090 0.2610 0.7490
vn 0.2527 0.2951 0.9214
vn 0.0653 0.2958 0.9530
vn -0.8147 0.2957 -0.4988
vn -0.5663 0.3483 -0.7470
vn -0.2336 0.3716 -0.8985
vn 0.9075 0.3331 0.2559
vn 0.4758 0.3298 -0.8154
vn -0.9051 0.3355 0.2610
vn -0.9579 0.2845 0.0390
vn -0.9545 0.2693 -0.1284
vn -0.9145 0.2809 -0.2913
vn 0.4111 0.2876 0.8650
vn 0.1272 0.3652 -0.9222
vn -0.7490 0.3657 0.5525
vn -0.5979 0.3629 0.7147
vn -0.3817 0.7632 -0.5214
vn -0.1576 0.7499 -0.6425
vn -0.5391 0.7645 -0.3535
vn 0.1033 0.7874 0.6077
vn -0.6263 0.7780 0.0492
vn -0.6065 0.7902 -0.0884
vn -0.5901 0.7750 -0.2261
vn 0.0977 0.7533 -0.6503
vn 0.3420 0.7419 -0.5767
vn -0.6100 0.7704 0.1856
vn 0.6378 0.7489 0.1798
vn 0.5914 0.7426 0.3144
vn 0.5030 0.7484 0.4324
vn 0.3889 0.7552 0.5276
vn 0.2559 0.7796 0.5716
vn -0.7770 0.5524 0.3019
vn -0.8215 0.5628 0.0918
vn -0.7705 0.6282 -0.1081
vn -0.7737 0.5665 -0.2836
vn -0.7061 0.5440 -0.4533
vn -0.4778 0.5998 -0.6418
vn -0.6403 0.6839 0.3497
vn -0.4279 0.8803 0.2049
vn -0.7218 0.6798 0.1300
vn -0.2141 0.5057 -0.8357
vn 0.1154 0.5806 -0.8060
vn 0.6970 0.6704 -0.2547
vn 0.4596 0.8508 -0.2549
vn 0.4364 0.5042 -0.7452
vn 0.5157 -0.1342 -0.8462
vn -0.9938 -0.0893 0.0664
vn -0.9579 -0.0924 -0.2718
vn -0.8371 -0.0986 -0.5381
vn 0.6392 0.6149 -0.4618
vn 0.5806 0.5626 -0.5886
vn 0.1412 0.0357 -0.9893
vn 0.4192 -0.2279 -0.8788
vn 0.6933 -0.0021 -0.7206
vn 0.8799 -0.2191 -0.4216
vn 0.9926 0.0409 -0.1143
vn -0.2624 0.3406 -0.9028
vn -0.6262 -0.1139 -0.7713
vn -0.9139 -0.0892 0.3959
vn -0.7318 -0.4278 0.5306
vn -0.7293 -0.4369 0.5265
vn -0.8622 -0.4457 0.2407
vn -0.8821 -0.4064 0.2382
vn -0.9569 0.1369 0.2560
vn -0.8883 0.1376 0.4382
vn -0.9650 -0.0420 0.2589
vn -0.7590 -0.0970 0.6438
vn -0.6495 0.2086 0.7312
vn -0.1084 -0.3387 0.9346
vn -0.3316 -0.3335 0.8825
vn -0.4713 -0.3230 0.8207
vn -0.4981 -0.1076 0.8604
vn 0.9908 -0.1293 -0.0392
vn 0.9362 -0.3495 -0.0379
vn 0.9267 -0.3536 0.1271
vn 0.8959 -0.3375 0.2887
vn 0.0137 0.9999 -0.0089
vn -0.0159 0.9995 0.0291
vn 0.0179 0.9998 -0.0053
vn 0.2926 -0.1428 -0.9455
vn 0.1272 -0.1347 -0.9827
vn -0.0673 -0.1378 -0.9882
vn -0.0712 -0.3415 -0.9372
vn 0.1182 -0.3489 -0.9297
vn 0.2802 -0.3373 -0.8988
vn 0.2371 -0.3382 0.9107
vn 0.7401 -0.3604 -0.5678
vn 0.8965 -0.3563 -0.2634
vn 0.4854 -0.3539 -0.7995
vn 0.7966 -0.3480 0.4943
vn 0.5649 -0.3460 0.7491
vn -0.8597 -0.3204 0.3978
vn -0.9402 -0.3282 0.0910
vn -0.7392 -0.3213 0.5919
vn -0.4185 -0.1302 -0.8989
vn -0.3967 -0.3252 -0.8584
vn -0.9313 -0.3339 -0.1453
vn -0.9051 -0.3176 -0.2826
vn -0.2591 -0.1279 -0.9573
vn -0.2492 -0.3417 -0.9062
vn 0.1271 -0.1959 0.9723
vn -0.1696 -0.1924 0.9666
vn 0.2849 -0.2434 0.9271
vn 0.5485 -0.2136 0.8084
vn -0.6224 -0.3332 0.7083
vn -0.6075 -0.1907 0.7711
vn -0.8194 -0.1803 0.5441
vn -0.8904 -0.2258 0.3952
vn 0.7568 -0.4769 0.4471
vn 0.8190 -0.4694 0.3299
vn 0.9204 -0.1380 0.3659
vn -0.2935 -0.2457 -0.9238
vn 0.5904 -0.2191 -0.7768
vn 0.8028 -0.2297 -0.5502
vn 0.4454 -0.2598 -0.8568
vn -0.9713 -0.1904 0.1426
vn -0.1340 -0.2052 -0.9695
vn 0.1763 -0.2192 -0.9596
vn -0.3809 -0.2256 0.8967
vn 0.9212 -0.2628 -0.2869
vn -0.9604 -0.1920 -0.2020
vn 0.7751 -0.2103 0.5958
vn 0.8547 -0.2554 0.4519
vn 0.9677 -0.2168 -0.1287
vn 0.9578 -0.2227 0.1818
vn 0.8840 0.3761 0.2774
vn 0.9074 0.4204 0.0013
vn 0.1547 0.2852 0.9459
vn -0.2064 0.2913 0.9341
vn 0.9413 0.2653 0.2090
vn 0.7813 0.2711 0.5622
vn -0.8067 0.2979 0.5103
vn -0.9434 0.2971 0.1473
vn -0.5597 0.2960 0.7740
vn -0.5080 0.2813 -0.8141
vn -0.1451 0.2739 -0.9508
vn 0.2160 0.2678 -0.9390
vn 0.5693 0.2631 -0.7789
vn 0.8163 0.2611 -0.5152
vn 0.5176 0.2778 0.8093
vn 0.9530 0.2619 -0.1522
vn 0.3671 0.6692 0.6461
vn 0.1473 0.6701 0.7276
vn 0.3930 0.6650 0.6350
vn 0.3321 0.6826 0.6510
vn 0.4339 0.6534 -0.6203
vn 0.6521 0.6517 -0.3873
vn -0.1980 0.6794 0.7066
vn -0.4110 0.6786 0.6088
vn -0.1718 0.6754 0.7171
vn -0.3857 0.6819 0.6215
vn -0.3507 0.6942 0.6286
vn -0.2262 0.6925 0.6850
vn -0.6293 0.6803 0.3757
vn -0.7129 0.6835 0.1568
vn -0.6932 0.6962 0.1864
vn -0.6451 0.6965 0.3144
vn -0.3701 0.6670 -0.6466
vn -0.1512 0.6661 -0.7304
vn -0.1807 0.6796 -0.7110
vn -0.3086 0.6822 -0.6628
vn -0.3441 0.6700 -0.6578
vn -0.1244 0.6620 -0.7391
vn 0.1930 0.1908 -0.9625
vn 0.3575 0.1255 -0.9255
vn 0.7343 0.6552 0.1776
vn 0.6388 0.6623 0.3915
vn 0.6463 0.6747 0.3566
vn 0.7027 0.6726 0.2321
vn 0.7238 0.6592 0.2038
vn 0.6260 0.6591 0.4168
vn 0.1947 0.6566 -0.7287
vn 0.4087 0.6573 -0.6332
vn 0.3741 0.6707 -0.6405
vn 0.2496 0.6723 -0.6969
vn 0.2210 0.6598 -0.7182
vn 0.7447 0.6522 -0.1415
vn 0.6633 0.6553 -0.3613
vn 0.7359 0.6557 -0.1685
vn 0.7167 0.6686 -0.1983
vn 0.6685 0.6684 -0.3262
vn -0.4120 0.6632 0.6248
vn -0.1835 0.6602 0.7283
vn 0.3925 0.6496 0.6511
vn 0.3858 0.7528 0.5334
vn 0.2275 0.8710 0.4354
vn -0.4581 0.8801 0.1248
vn -0.6386 0.7664 0.0692
vn -0.7339 0.6645 0.1408
vn -0.1976 0.8706 -0.4505
vn 0.2558 0.8630 -0.4357
vn 0.4784 0.8643 0.1554
vn -0.3282 0.5010 0.8008
vn -0.3531 0.6861 0.6360
vn -0.3925 0.8170 0.4224
vn -0.5974 0.6919 0.4055
vn -0.1174 0.8690 -0.4807
vn 0.7562 0.6364 -0.1521
vn 0.6678 0.6359 -0.3869
vn -0.4485 0.8774 -0.1705
vn -0.1479 0.8777 0.4559
vn 0.7451 0.6396 0.1892
vn 0.6583 0.7445 0.1116
vn -0.2259 0.8787 0.4206
vn -0.3941 0.7660 0.5079
vn 0.4578 0.8614 -0.2200
vn 0.4431 0.8656 0.2334
vn -0.6455 0.6651 0.3756
vn -0.5268 0.7670 0.3662
vn -0.7228 0.6614 -0.2005
vn -0.6323 0.7646 -0.1247
vn 0.5274 0.7492 0.4007
vn 0.6416 0.6433 0.4177
vn 0.4880 0.8616 -0.1399
vn 0.6646 0.7427 -0.0823
vn -0.6193 0.6576 -0.4290
vn 0.1778 0.8640 -0.4710
vn 0.5527 0.7420 -0.3793
vn -0.4131 0.8761 -0.2485
vn -0.1051 0.7622 0.6388
vn -0.5014 0.7598 -0.4138
vn -0.1248 0.9571 0.2616
vn -0.2677 0.9562 -0.1181
vn 0.1131 0.9483 0.2965
vn 0.3140 0.9432 0.1083
vn 0.3209 0.9413 -0.1050
vn 0.1327 0.9428 -0.3060
vn 0.1261 0.9480 -0.2924
vn 0.1632 0.9423 -0.2921
vn -0.2676 0.9509 -0.1552
vn 0.1074 0.9533 0.2824
vn -0.2621 0.9582 0.1150
vn 0.1575 0.9475 -0.2781
vn 0.2862 0.9489 0.1329
vn -0.2766 0.9535 0.1199
vn -0.1119 0.9470 -0.3011
vn 0.3004 0.9484 0.1015
vn -0.2884 0.9534 0.0886
vn -0.2743 0.9581 0.0827
vn -0.0934 0.9567 0.2758
vn 0.3002 0.9437 0.1388
vn -0.0747 0.9513 -0.2989
vn 0.3070 0.9465 -0.0993
vn 0.1396 0.9526 0.2703
vn -0.1069 0.9520 -0.2868
vn -0.1001 0.9519 0.2895
vn 0.3091 0.9412 -0.1364
vn -0.1307 0.9523 0.2757
vn -0.2814 0.9514 -0.1247
vn -0.2535 0.9557 -0.1494
vn -0.0805 0.9464 -0.3129
vn 0.2948 0.9465 -0.1315
vn 0.1445 0.9477 0.2847
vn -0.8739 0.4794 -0.0806
vn -0.8268 0.5360 0.1704
vn 0.0191 0.9998 -0.0116
vn 0.0672 0.9977 -0.0120
vn 0.0194 0.9998 -0.0061
vn 0.2385 0.5145 -0.8236
vn 0.0844 0.4559 -0.8860
vn 0.0146 0.9999 -0.0064
vn -0.0052 0.9983 0.0573
vn 0.4761 0.5059 -0.7193
vn -0.1661 0.5159 -0.8404
vn 0.0201 0.9998 -0.0068
vn 0.0204 0.9989 0.0414
vn -0.5616 0.4688 -0.6818
vn -0.7058 0.5284 -0.4719
vn 0.0206 0.9997 -0.0094
vn 0.0549 0.9982 0.0244
vn 0.0169 0.9998 -0.0052
vn -0.0684 0.4739 0.8779
vn 0.1840 0.5244 0.8314
vn 0.0113 0.9998 -0.0164
vn 0.0139 0.9982 -0.0587
vn 0.0198 0.9997 -0.0109
vn -0.6697 0.4815 0.5655
vn -0.4583 0.5344 0.7102
vn 0.0165 0.9998 -0.0121
vn 0.0502 0.9977 -0.0464
vn 0.0206 0.9998 -0.0084
vn -0.2204 0.5366 0.8145
vn 0.0395 0.9964 -0.0746
vn 0.6856 0.4483 -0.5735
vn 0.4259 0.5249 0.7370
vn 0.5775 0.4610 0.6738
vn 0.0095 0.9997 -0.0227
vn -0.0212 0.9960 -0.0864
vn -0.4079 0.5263 -0.7461
vn 0.0479 0.9974 0.0538
vn 0.8899 0.4504 0.0725
vn 0.8447 0.5043 -0.1795
vn 0.0153 0.9999 -0.0058
vn -0.0329 0.9994 -0.0054
vn 0.0087 0.9999 -0.0135
vn 0.7504 0.5092 -0.4214
vn -0.0453 0.9987 0.0221
vn -0.7324 0.5419 0.4123
vn 0.0796 0.9960 -0.0395
vn -0.8100 0.5377 -0.2342
vn 0.0831 0.9965 0.0137
vn 0.8281 0.5135 0.2250
vn -0.0650 0.9972 -0.0365
vn 0.0023 0.9999 -0.0144
vn 0.7237 0.5119 0.4628
vn 0.7026 0.4668 -0.5371
vn 0.8537 0.4669 -0.2308
vn -0.0817 0.2273 0.9704
vn -0.5261 0.4822 -0.7005
vn -0.3606 0.4943 -0.7910
vn -0.1854 0.4819 -0.8564
vn 0.2350 0.4868 0.8413
vn -0.1058 0.4929 0.8636
vn -0.0334 0.9980 -0.0530
vn -0.7543 0.4833 -0.4443
vn -0.6480 0.4946 -0.5792
vn 0.7664 0.4742 0.4334
vn 0.5412 0.4803 0.6902
vn -0.8617 0.5002 -0.0849
vn -0.8209 0.5041 -0.2683
vn 0.1069 0.4822 -0.8695
vn 0.4458 0.4693 -0.7623
vn -0.8364 0.5078 0.2065
vn 0.8761 0.4695 0.1100
vn 0.1717 0.7942 0.5829
vn -0.0622 0.8098 0.5834
vn -0.5673 0.8121 -0.1364
vn 0.5424 0.7853 0.2984
vn 0.3783 0.7986 0.4681
vn -0.2405 -0.1560 -0.9580
vn -0.0358 -0.1670 -0.9853
vn 0.1118 -0.1559 -0.9814
vn 0.0986 -0.4516 -0.8868
vn 0.1020 -0.5958 -0.7966
vn 0.5965 0.7858 -0.1631
vn 0.6037 0.7939 0.0722
vn -0.5720 0.8126 0.1118
vn -0.8069 0.4178 0.4175
vn 0.2501 0.9215 0.2971
vn 0.8607 -0.4610 -0.2159
vn 0.9548 -0.1977 -0.2220
vn 0.9773 -0.1944 0.0839
vn 0.8832 -0.4570 0.1059
vn 0.7935 -0.5975 0.1160
vn 0.8244 -0.5650 -0.0341
vn 0.7750 -0.5887 -0.2298
vn 0.4059 0.9138 0.0155
vn 0.3513 0.9210 0.1683
vn 0.6086 0.7125 0.3493
vn 0.4638 0.6666 0.5835
vn -0.8281 0.5271 -0.1908
vn -0.2810 0.7166 -0.6384
vn -0.0237 0.4750 -0.8797
vn -0.2584 0.4723 -0.8427
vn 0.7124 0.6562 -0.2487
vn 0.7587 0.6492 -0.0548
vn 0.7382 0.6592 0.1434
vn 0.1033 -0.5192 -0.8484
vn 0.2458 -0.4998 -0.8305
vn 0.4500 -0.4596 -0.7656
vn 0.8451 -0.1276 0.5192
vn 0.9426 -0.1554 0.2956
vn 0.9729 -0.1912 0.1300
vn 0.8698 -0.4788 0.1196
vn 0.8482 -0.4585 0.2651
vn 0.7757 -0.4312 0.4609
vn 0.8364 0.1071 0.5376
vn 0.0631 -0.1110 0.9918
vn 0.3453 -0.4527 0.8221
vn 0.0516 -0.4283 0.9022
vn -0.1037 0.0996 0.9896
vn -0.4874 -0.4189 0.7662
vn -0.5797 -0.4506 0.6790
vn 0.5761 -0.4575 0.6774
vn -0.3426 0.1060 0.9335
vn -0.2969 -0.0786 0.9517
vn -0.2822 -0.4164 0.8643
vn -0.9747 0.1609 -0.1553
vn -0.8580 0.1278 -0.4975
vn -0.9824 0.1639 0.0891
vn -0.8562 -0.1605 -0.4911
vn -0.9868 -0.1002 -0.1274
vn -0.7517 -0.4634 -0.4693
vn 0.1916 -0.6315 -0.7513
vn 0.3235 -0.4574 -0.8283
vn 0.4473 -0.4675 -0.7625
vn 0.1847 0.2123 -0.9596
vn 0.2222 0.4645 -0.8572
vn 0.8681 -0.4952 -0.0337
vn 0.7460 -0.6327 0.2078
vn 0.7130 -0.4277 -0.5556
vn 0.6926 -0.4771 -0.5410
vn 0.7711 -0.4761 -0.4228
vn 0.8546 -0.4500 -0.2592
vn -0.4915 -0.4492 0.7461
vn -0.5931 -0.4432 0.6722
vn 0.5798 -0.4705 -0.6651
vn 0.5208 0.5078 -0.6862
vn -0.6576 -0.4628 -0.5945
vn -0.6430 -0.4583 -0.6136
vn -0.5515 -0.4466 -0.7046
vn 0.1667 0.9696 -0.1791
vn -0.2379 0.8851 -0.4001
vn -0.4316 0.6638 -0.6108
vn -0.5212 0.6722 -0.5259
vn -0.5810 0.6914 -0.4294
vn -0.4840 0.7699 -0.4159
vn -0.7964 -0.0650 0.6013
vn 0.2191 0.9510 0.2182
vn 0.0634 0.9862 0.1531
vn 0.1287 0.9120 0.3895
vn 0.8517 -0.1330 -0.5068
vn 0.9817 0.1531 0.1136
vn 0.9905 0.1328 -0.0347
vn 0.9268 0.1564 0.3414
vn -0.9922 0.0689 0.1039
vn -0.8576 -0.2077 0.4705
vn -0.9226 -0.1974 -0.3313
vn 0.7888 0.3444 -0.5090
vn 0.8407 0.1300 -0.5257
vn 0.3662 0.2188 0.9044
vn 0.3303 0.4604 0.8240
vn -0.9922 -0.0663 0.1052
vn -0.9576 -0.0706 0.2792
vn -0.8914 -0.0513 0.4503
vn -0.2578 0.1923 -0.9469
vn -0.3251 0.2322 0.9167
vn 0.8234 0.3211 0.4679
vn 0.7020 0.3632 0.6126
vn 0.7709 0.1655 0.6151
vn -0.8775 0.2010 -0.4355
vn -0.0175 0.1949 -0.9807
vn 0.5800 0.2049 0.7884
vn 0.9601 0.1198 -0.2528
vn 0.5748 0.2513 -0.7787
vn -0.7999 0.4588 -0.3868
vn 0.4866 0.4619 0.7415
vn 0.1711 0.9852 -0.0127
vn 0.8766 0.4068 -0.2570
vn -0.6847 0.0791 -0.7246
vn -0.0874 0.9924 -0.0866
vn -0.1348 0.9106 0.3906
vn -0.1317 -0.0781 0.9882
vn 0.7734 -0.1084 -0.6246
vn 0.9593 0.0747 0.2724
vn -0.0880 0.1392 -0.9863
vt 0.433833 0.501590
vt 0.431313 0.501590
vt 0.431313 0.515501
vt 0.557772 0.060628
vt 0.536819 0.081581
vt 0.252079 0.087849
vt 0.252079 0.101760
vt 0.254599 0.101760
vt 0.431313 0.487679
vt 0.557772 0.030996
vt 0.554194 0.024303
vt 0.431313 0.481395
vt 0.507187 0.010043
vt 0.087692 0.286421
vt 0.087692 0.272510
vt 0.090212 0.272510
vt 0.087692 0.252314
vt 0.543512 0.013621
vt 0.536819 0.010043
vt 0.087692 0.258599
vt 0.252079 0.121956
vt 0.500493 0.078003
vt 0.507187 0.081581
vt 0.252079 0.115671
vt 0.747353 0.805173
vt 0.747010 0.801699
vt 0.747353 0.799980
vt 0.750572 0.800956
vt 0.750572 0.804196
vt 0.547707 0.071516
vt 0.549379 0.073188
vt 0.451464 0.130395
vt 0.453984 0.130395
vt 0.453984 0.137948
vt 0.451464 0.137487
vt 0.486234 0.030996
vt 0.451464 0.116484
vt 0.496299 0.020108
vt 0.494626 0.018436
vt 0.486234 0.060628
vt 0.489812 0.067321
vt 0.451464 0.150591
vt 0.484031 0.053365
vt 0.552228 0.025616
vt 0.549379 0.018436
vt 0.542198 0.015587
vt 0.174377 0.128228
vt 0.175777 0.128228
vt 0.175777 0.128538
vt 0.175091 0.128538
vt 0.174377 0.128538
vt 0.942696 0.921463
vt 0.946431 0.926013
vt 0.947562 0.928746
vt 0.946198 0.929160
vt 0.943685 0.924459
vt 0.941791 0.922565
vt 0.784813 0.467517
vt 0.782177 0.467517
vt 0.782177 0.473009
vt 0.784813 0.473009
vt 0.330195 0.056191
vt 0.316122 0.057577
vt 0.303650 0.064243
vt 0.298627 0.069267
vt 0.291960 0.081739
vt 0.290574 0.095812
vt 0.291960 0.102780
vt 0.298627 0.115251
vt 0.309558 0.124223
vt 0.323090 0.128328
vt 0.337163 0.126942
vt 0.349635 0.120275
vt 0.358606 0.109344
vt 0.362711 0.095812
vt 0.361325 0.081739
vt 0.354659 0.069267
vt 0.343727 0.060296
vt 0.221241 0.321533
vt 0.220517 0.321533
vt 0.220343 0.321035
vt 0.219643 0.321035
vt 0.219855 0.322548
vt 0.221592 0.322548
vt 0.494626 0.073188
vt 0.501807 0.076037
vt 0.491778 0.066008
vt 0.090212 0.245134
vt 0.092576 0.244882
vt 0.092576 0.257558
vt 0.090212 0.257694
vt 0.090212 0.251000
vt 0.254599 0.116576
vt 0.256962 0.116712
vt 0.256962 0.101760
vt 0.456347 0.130395
vt 0.456347 0.145347
vt 0.453984 0.145211
vt 0.453984 0.115579
vt 0.456347 0.115443
vt 0.433833 0.486775
vt 0.436197 0.486638
vt 0.436197 0.479883
vt 0.436197 0.473962
vt 0.433833 0.474214
vt 0.433833 0.480081
vt 0.254599 0.086944
vt 0.256962 0.086808
vt 0.256962 0.074132
vt 0.254599 0.074384
vt 0.067836 0.937470
vt 0.056840 0.937470
vt 0.056608 0.939753
vt 0.057598 0.939568
vt 0.060101 0.938340
vt 0.063579 0.938340
vt 0.066084 0.939568
vt 0.066995 0.939753
vt 0.433833 0.516406
vt 0.436197 0.516543
vt 0.436197 0.501590
vt 0.092576 0.272510
vt 0.436197 0.493968
vt 0.453984 0.103019
vt 0.456347 0.102767
vt 0.456347 0.158023
vt 0.453984 0.157771
vt 0.453984 0.151905
vt 0.090212 0.287326
vt 0.092576 0.287462
vt 0.092576 0.300138
vt 0.090212 0.299886
vt 0.254599 0.129136
vt 0.256962 0.129388
vt 0.254599 0.123269
vt 0.433833 0.528967
vt 0.436197 0.529219
vt 0.258776 0.116058
vt 0.258776 0.101760
vt 0.094390 0.258211
vt 0.094390 0.272510
vt 0.438011 0.494301
vt 0.502024 0.150461
vt 0.500688 0.151526
vt 0.258776 0.087461
vt 0.506030 0.157016
vt 0.507132 0.155711
vt 0.519893 0.162759
vt 0.519375 0.164387
vt 0.458161 0.116097
vt 0.458161 0.130395
vt 0.513285 0.092448
vt 0.514069 0.093965
vt 0.507924 0.097951
vt 0.502674 0.103059
vt 0.501368 0.101957
vt 0.549173 0.161864
vt 0.548388 0.160346
vt 0.559784 0.151253
vt 0.561089 0.152355
vt 0.495626 0.115820
vt 0.493998 0.115302
vt 0.566832 0.138491
vt 0.568459 0.139010
vt 0.438011 0.501590
vt 0.438011 0.515889
vt 0.565937 0.109212
vt 0.564419 0.109996
vt 0.560434 0.103851
vt 0.555326 0.098601
vt 0.556428 0.097295
vt 0.458161 0.144694
vt 0.549292 0.094449
vt 0.542564 0.091553
vt 0.543082 0.089925
vt 0.497934 0.116555
vt 0.496506 0.123254
vt 0.496412 0.130104
vt 0.493998 0.130308
vt 0.534381 0.164387
vt 0.534176 0.161973
vt 0.540912 0.160729
vt 0.547276 0.158195
vt 0.553023 0.154468
vt 0.557932 0.149691
vt 0.528077 0.089925
vt 0.528281 0.092339
vt 0.521545 0.093583
vt 0.515182 0.096117
vt 0.509435 0.099844
vt 0.564802 0.117472
vt 0.562267 0.111109
vt 0.558540 0.105362
vt 0.568459 0.124004
vt 0.566046 0.124208
vt 0.363950 0.369289
vt 0.365075 0.369032
vt 0.364901 0.369924
vt 0.363882 0.370211
vt 0.362880 0.370375
vt 0.362824 0.369423
vt 0.553764 0.100452
vt 0.548121 0.096569
vt 0.379093 0.743913
vt 0.379093 0.752428
vt 0.379680 0.752320
vt 0.379680 0.744021
vt 0.497656 0.136839
vt 0.500190 0.143203
vt 0.503917 0.148950
vt 0.508694 0.153860
vt 0.495328 0.137511
vt 0.504525 0.104621
vt 0.500642 0.110264
vt 0.753315 0.811135
vt 0.750237 0.809490
vt 0.752372 0.806889
vt 0.756459 0.808129
vt 0.756788 0.811477
vt 0.561816 0.144048
vt 0.564524 0.137757
vt 0.565952 0.131057
vt 0.535130 0.092433
vt 0.541829 0.093861
vt 0.527327 0.161879
vt 0.520628 0.160451
vt 0.514336 0.157743
vt 0.509999 0.100551
vt 0.505216 0.105204
vt 0.501433 0.110701
vt 0.498796 0.116830
vt 0.497404 0.123355
vt 0.497313 0.130027
vt 0.498525 0.136589
vt 0.500993 0.142788
vt 0.504624 0.148386
vt 0.509277 0.153169
vt 0.295370 0.251310
vt 0.293659 0.251288
vt 0.293923 0.252414
vt 0.295481 0.252542
vt 0.508409 0.012993
vt 0.502267 0.016276
vt 0.496884 0.020693
vt 0.492467 0.026077
vt 0.489184 0.032218
vt 0.487162 0.038882
vt 0.486480 0.045812
vt 0.487162 0.052742
vt 0.489184 0.059406
vt 0.488519 0.059682
vt 0.485760 0.045812
vt 0.488519 0.031942
vt 0.496375 0.020184
vt 0.508133 0.012328
vt 0.514932 0.010266
vt 0.515073 0.010972
vt 0.780068 0.337075
vt 0.774070 0.338530
vt 0.774070 0.343688
vt 0.774070 0.349572
vt 0.780068 0.348785
vt 0.766646 0.319414
vt 0.772645 0.320201
vt 0.772645 0.331911
vt 0.766646 0.330456
vt 0.766646 0.325298
vt 0.516354 0.734118
vt 0.522353 0.732663
vt 0.522353 0.738133
vt 0.522353 0.744373
vt 0.516354 0.745161
vt 0.516354 0.739276
vt 0.774070 0.375623
vt 0.780068 0.376411
vt 0.780068 0.369640
vt 0.780068 0.362598
vt 0.774070 0.362598
vt 0.774070 0.369238
vt 0.766646 0.306388
vt 0.772645 0.306388
vt 0.772645 0.313430
vt 0.766646 0.313029
vt 0.780068 0.388121
vt 0.780068 0.382651
vt 0.774070 0.381508
vt 0.767706 0.601548
vt 0.767706 0.606706
vt 0.773705 0.605563
vt 0.300293 0.251225
vt 0.300158 0.252390
vt 0.300906 0.252340
vt 0.301199 0.249813
vt 0.299464 0.249820
vt 0.299409 0.251274
vt 0.522353 0.783709
vt 0.516354 0.782254
vt 0.516354 0.777096
vt 0.516354 0.771212
vt 0.522353 0.771999
vt 0.773705 0.639430
vt 0.767706 0.638642
vt 0.767706 0.644527
vt 0.767706 0.649684
vt 0.773705 0.651140
vt 0.522353 0.751144
vt 0.522353 0.758186
vt 0.516354 0.758186
vt 0.516354 0.751546
vt 0.766646 0.282320
vt 0.772645 0.280865
vt 0.772645 0.292575
vt 0.766646 0.293363
vt 0.766646 0.287478
vt 0.773705 0.625616
vt 0.767706 0.625616
vt 0.767706 0.632257
vt 0.522353 0.765228
vt 0.516354 0.764827
vt 0.774070 0.355958
vt 0.773705 0.618575
vt 0.767706 0.618976
vt 0.525966 0.738099
vt 0.525966 0.751132
vt 0.777319 0.625616
vt 0.777319 0.618563
vt 0.777319 0.611780
vt 0.773705 0.611803
vt 0.776258 0.320225
vt 0.776258 0.326476
vt 0.776258 0.331955
vt 0.525966 0.732620
vt 0.772645 0.299346
vt 0.776258 0.299334
vt 0.776258 0.313442
vt 0.777319 0.639453
vt 0.777319 0.632670
vt 0.783682 0.348761
vt 0.783682 0.342510
vt 0.783682 0.337031
vt 0.777319 0.651183
vt 0.777319 0.645704
vt 0.525966 0.772023
vt 0.525966 0.783753
vt 0.776258 0.292552
vt 0.776258 0.280822
vt 0.776258 0.286301
vt 0.783682 0.382685
vt 0.783682 0.369652
vt 0.783682 0.362598
vt 0.525966 0.765240
vt 0.525966 0.758186
vt 0.318088 0.275824
vt 0.318643 0.275824
vt 0.318643 0.276134
vt 0.216882 0.320716
vt 0.216882 0.320406
vt 0.777319 0.605529
vt 0.777319 0.600050
vt 0.773705 0.600093
vt 0.783682 0.388164
vt 0.780571 0.644559
vt 0.780571 0.632268
vt 0.786934 0.343655
vt 0.779510 0.287446
vt 0.779510 0.299736
vt 0.779510 0.325331
vt 0.529219 0.739243
vt 0.780571 0.649726
vt 0.529219 0.771234
vt 0.529219 0.777129
vt 0.529219 0.782296
vt 0.786934 0.381541
vt 0.786934 0.369250
vt 0.786934 0.362598
vt 0.529219 0.758186
vt 0.529219 0.764838
vt 0.780571 0.618965
vt 0.780571 0.606674
vt 0.786934 0.349550
vt 0.529219 0.751534
vt 0.786934 0.355946
vt 0.779510 0.313040
vt 0.232611 0.893045
vt 0.601685 0.858100
vt 0.604431 0.859090
vt 0.235357 0.896045
vt 0.235357 0.892128
vt 0.596851 0.554326
vt 0.590767 0.556393
vt 0.585685 0.546885
vt 0.590580 0.542593
vt 0.594293 0.548150
vt 0.096859 0.880963
vt 0.585853 0.590580
vt 0.574121 0.596851
vt 0.096859 0.870182
vt 0.551300 0.588784
vt 0.548150 0.594293
vt 0.542593 0.590580
vt 0.537866 0.585853
vt 0.542966 0.581944
vt 0.036870 0.804475
vt 0.039818 0.807423
vt 0.043730 0.814742
vt 0.044543 0.818832
vt 0.043730 0.827091
vt 0.042134 0.830943
vt 0.037940 0.828701
vt 0.039179 0.825710
vt 0.039811 0.822535
vt 0.039811 0.819298
vt 0.039179 0.816123
vt 0.037940 0.813132
vt 0.036142 0.810440
vt 0.033853 0.808151
vt 0.031161 0.806352
vt 0.031512 0.805695
vt 0.034326 0.807575
vt 0.537883 0.572435
vt 0.531595 0.574121
vt 0.530291 0.560881
vt 0.536826 0.561706
vt 0.534153 0.548150
vt 0.539956 0.551389
vt 0.870579 0.208781
vt 0.870579 0.219767
vt 0.170189 0.692361
vt 0.171185 0.702479
vt 0.764921 0.479663
vt 0.764921 0.472886
vt 0.766418 0.472886
vt 0.766418 0.479840
vt 0.766646 0.299748
vt 0.542593 0.537866
vt 0.546796 0.543055
vt 0.296674 0.246758
vt 0.295974 0.246758
vt 0.295558 0.248271
vt 0.296462 0.248271
vt 0.296585 0.247256
vt 0.297402 0.247256
vt 0.297402 0.246758
vt 0.754736 0.790643
vt 0.759392 0.791102
vt 0.758508 0.794017
vt 0.755035 0.793675
vt 0.732538 0.904493
vt 0.733748 0.901572
vt 0.740368 0.894953
vt 0.741128 0.896375
vt 0.738762 0.897956
vt 0.736751 0.899967
vt 0.735170 0.902333
vt 0.734081 0.904961
vt 0.217763 0.890924
vt 0.217763 0.880963
vt 0.220509 0.880688
vt 0.220509 0.890007
vt 0.601685 0.888803
vt 0.604431 0.887813
vt 0.217763 0.870182
vt 0.217763 0.860221
vt 0.220509 0.861283
vt 0.220509 0.865752
vt 0.220509 0.870602
vt 0.749549 0.893126
vt 0.755570 0.894953
vt 0.754810 0.896375
vt 0.752181 0.895286
vt 0.749391 0.894731
vt 0.746546 0.894731
vt 0.743756 0.895286
vt 0.096859 0.860221
vt 0.232611 0.862342
vt 0.235357 0.863404
vt 0.099606 0.857293
vt 0.099606 0.861211
vt 0.099606 0.865680
vt 0.099606 0.870529
vt 0.601685 0.868061
vt 0.604431 0.868408
vt 0.604431 0.863559
vt 0.096859 0.890924
vt 0.099606 0.880616
vt 0.099606 0.885465
vt 0.099606 0.889934
vt 0.742790 0.926246
vt 0.743288 0.924604
vt 0.752649 0.924604
vt 0.753148 0.926246
vt 0.749717 0.926928
vt 0.357904 0.679299
vt 0.356989 0.688592
vt 0.357904 0.693193
vt 0.354783 0.694140
vt 0.353743 0.688911
vt 0.356823 0.673427
vt 0.359699 0.674965
vt 0.232611 0.883084
vt 0.235357 0.887659
vt 0.235357 0.882809
vt 0.232611 0.872303
vt 0.235357 0.872723
vt 0.235357 0.867873
vt 0.224043 0.885429
vt 0.224043 0.889849
vt 0.224043 0.880633
vt 0.238891 0.867982
vt 0.238891 0.859687
vt 0.235357 0.859487
vt 0.238891 0.887550
vt 0.238891 0.882754
vt 0.224043 0.870657
vt 0.607966 0.863667
vt 0.607966 0.855373
vt 0.604431 0.855172
vt 0.220509 0.857366
vt 0.224043 0.857566
vt 0.224043 0.865861
vt 0.238891 0.872778
vt 0.607966 0.887656
vt 0.607966 0.883236
vt 0.607966 0.878439
vt 0.604431 0.878495
vt 0.103140 0.885357
vt 0.103140 0.893651
vt 0.099606 0.893852
vt 0.607966 0.868464
vt 0.103140 0.865789
vt 0.103140 0.875573
vt 0.099606 0.875573
vt 0.103140 0.857494
vt 0.607966 0.891530
vt 0.238891 0.895845
vt 0.754810 0.921972
vt 0.752181 0.923061
vt 0.749391 0.923616
vt 0.746546 0.923616
vt 0.746473 0.924361
vt 0.749465 0.924361
vt 0.752399 0.923777
vt 0.755163 0.922633
vt 0.608761 0.891877
vt 0.608761 0.887928
vt 0.608761 0.883423
vt 0.103935 0.857147
vt 0.103935 0.865601
vt 0.239686 0.896192
vt 0.239686 0.887738
vt 0.608761 0.868368
vt 0.608761 0.863480
vt 0.224838 0.857219
vt 0.224838 0.865673
vt 0.224838 0.870561
vt 0.103935 0.875573
vt 0.239686 0.872682
vt 0.239686 0.867794
vt 0.224838 0.880729
vt 0.103935 0.885545
vt 0.103935 0.893998
vt 0.224043 0.893724
vt 0.224838 0.885617
vt 0.224838 0.890122
vt 0.224838 0.894071
vt 0.608761 0.878535
vt 0.608761 0.858975
vt 0.608761 0.855026
vt 0.239686 0.882850
vt 0.239686 0.877766
vt 0.870579 0.495894
vt 0.870579 0.507096
vt 0.142699 0.673993
vt 0.152817 0.674989
vt 0.157537 0.676944
vt 0.870579 0.490508
vt 0.132969 0.676944
vt 0.131720 0.674606
vt 0.127040 0.677733
vt 0.123061 0.681713
vt 0.125110 0.683394
vt 0.128722 0.679782
vt 0.163466 0.722117
vt 0.170572 0.713458
vt 0.168234 0.712209
vt 0.161784 0.720068
vt 0.165396 0.683394
vt 0.167445 0.681713
vt 0.158786 0.674606
vt 0.120317 0.692361
vt 0.399691 0.859201
vt 0.399691 0.847999
vt 0.119321 0.702479
vt 0.219969 0.324103
vt 0.221911 0.324104
vt 0.872701 0.091357
vt 0.872701 0.085756
vt 0.142699 0.725858
vt 0.137689 0.724861
vt 0.132969 0.722906
vt 0.872701 0.096742
vt 0.872701 0.080155
vt 0.872701 0.074769
vt 0.152817 0.724861
vt 0.147807 0.725858
vt 0.365623 0.704745
vt 0.373858 0.709147
vt 0.372911 0.712268
vt 0.367986 0.710228
vt 0.359785 0.703497
vt 0.359699 0.697527
vt 0.136919 0.672453
vt 0.137689 0.674989
vt 0.153587 0.727398
vt 0.399691 0.864586
vt 0.122272 0.687642
vt 0.172725 0.691591
vt 0.117780 0.708259
vt 0.119934 0.713458
vt 0.122272 0.712209
vt 0.120317 0.707489
vt 0.160144 0.757065
vt 0.157508 0.757065
vt 0.157508 0.770934
vt 0.160144 0.770934
vt 0.299435 0.246129
vt 0.298116 0.246129
vt 0.298116 0.246439
vt 0.299435 0.246439
vt 0.873900 0.096742
vt 0.873900 0.091357
vt 0.749699 0.362112
vt 0.752409 0.362112
vt 0.752409 0.370627
vt 0.749699 0.370627
vt 0.870579 0.512481
vt 0.871779 0.507096
vt 0.871779 0.512481
vt 0.157508 0.782692
vt 0.160144 0.782692
vt 0.749699 0.358018
vt 0.749699 0.350938
vt 0.752409 0.350938
vt 0.752409 0.354245
vt 0.752409 0.358018
vt 0.783237 0.778450
vt 0.783237 0.766692
vt 0.785874 0.766692
vt 0.785874 0.778450
vt 0.399691 0.869550
vt 0.399691 0.873900
vt 0.400891 0.873900
vt 0.400891 0.869550
vt 0.400891 0.864586
vt 0.168768 0.912745
vt 0.174098 0.912745
vt 0.174098 0.916300
vt 0.168768 0.916300
vt 0.782177 0.454452
vt 0.784813 0.454452
vt 0.871779 0.490508
vt 0.871779 0.495894
vt 0.399691 0.842614
vt 0.400891 0.847999
vt 0.400891 0.842614
vt 0.873900 0.080155
vt 0.873900 0.074769
vt 0.785874 0.738953
vt 0.783237 0.738953
vt 0.783237 0.727195
vt 0.785874 0.727195
vt 0.775813 0.740013
vt 0.775813 0.728255
vt 0.778450 0.728255
vt 0.778450 0.740013
vt 0.872701 0.106056
vt 0.873900 0.106056
vt 0.785874 0.752822
vt 0.783237 0.752822
vt 0.400891 0.859201
vt 0.402997 0.704459
vt 0.394338 0.711565
vt 0.393624 0.710228
vt 0.401826 0.703497
vt 0.383619 0.714816
vt 0.383471 0.713308
vt 0.399018 0.664054
vt 0.402997 0.668033
vt 0.406124 0.672713
vt 0.404787 0.673427
vt 0.398056 0.665225
vt 0.372471 0.658773
vt 0.377991 0.657676
vt 0.383619 0.657676
vt 0.383471 0.659184
vt 0.372911 0.660224
vt 0.409376 0.683432
vt 0.407867 0.683581
vt 0.406827 0.678352
vt 0.624303 0.224018
vt 0.624303 0.216927
vt 0.625730 0.216992
vt 0.625730 0.223953
vt 0.389139 0.658773
vt 0.394338 0.660927
vt 0.388699 0.660224
vt 0.353333 0.677912
vt 0.355486 0.672713
vt 0.352235 0.689060
vt 0.408278 0.694580
vt 0.404787 0.699065
vt 0.406827 0.694140
vt 0.367272 0.711565
vt 0.358613 0.704459
vt 0.362593 0.664054
vt 0.367272 0.660927
vt 0.363554 0.665225
vt 0.372471 0.713718
vt 0.154654 0.852503
vt 0.269382 0.053797
vt 0.267989 0.056858
vt 0.151407 0.851500
vt 0.152644 0.850498
vt 0.383151 0.710062
vt 0.392086 0.707352
vt 0.218913 0.326915
vt 0.218913 0.328773
vt 0.219890 0.328662
vt 0.219896 0.326889
vt 0.387752 0.663345
vt 0.378459 0.662430
vt 0.373858 0.663345
vt 0.033403 0.802158
vt 0.028170 0.805113
vt 0.024995 0.804482
vt 0.021758 0.804482
vt 0.018583 0.805113
vt 0.015592 0.806352
vt 0.012900 0.808151
vt 0.010611 0.810440
vt 0.010035 0.809967
vt 0.008155 0.812780
vt 0.004618 0.810890
vt 0.006935 0.807423
vt 0.013350 0.802158
vt 0.017202 0.800563
vt 0.025461 0.799749
vt 0.403706 0.693193
vt 0.404622 0.683900
vt 0.403706 0.679299
vt 0.401911 0.697527
vt 0.401911 0.674965
vt 0.395987 0.667746
vt 0.752656 0.164787
vt 0.751951 0.167449
vt 0.759117 0.167449
vt 0.760421 0.164787
vt 0.727636 0.280388
vt 0.735400 0.280388
vt 0.736106 0.283050
vt 0.728940 0.283050
vt 0.762162 0.398110
vt 0.757672 0.398110
vt 0.758377 0.400772
vt 0.762521 0.400772
vt 0.771499 0.398110
vt 0.771140 0.400772
vt 0.742438 0.485076
vt 0.751596 0.485076
vt 0.750891 0.487738
vt 0.742438 0.487738
vt 0.753717 0.280388
vt 0.761481 0.280388
vt 0.760178 0.283050
vt 0.753012 0.283050
vt 0.725515 0.485076
vt 0.733279 0.485076
vt 0.733985 0.487738
vt 0.726819 0.487738
vt 0.755733 0.485076
vt 0.759360 0.485076
vt 0.758057 0.487738
vt 0.743498 0.164787
vt 0.743498 0.167449
vt 0.739890 0.280388
vt 0.744559 0.280388
vt 0.744559 0.283050
vt 0.734340 0.164787
vt 0.730202 0.164787
vt 0.726576 0.164787
vt 0.727879 0.167449
vt 0.735045 0.167449
vt 0.752339 0.801492
vt 0.752196 0.802942
vt 0.752339 0.803660
vt 0.753026 0.804945
vt 0.753543 0.805462
vt 0.775989 0.398110
vt 0.775283 0.400772
vt 0.753535 0.398110
vt 0.749908 0.398110
vt 0.751211 0.400772
vt 0.320674 0.282328
vt 0.320673 0.284230
vt 0.319663 0.284200
vt 0.319692 0.282325
vt 0.743498 0.193263
vt 0.746147 0.193263
vt 0.748695 0.193263
vt 0.752040 0.513552
vt 0.747634 0.513552
vt 0.769480 0.426586
vt 0.772027 0.426586
vt 0.761634 0.426586
vt 0.764181 0.426586
vt 0.776433 0.426586
vt 0.782450 0.400772
vt 0.737241 0.513552
vt 0.732835 0.513552
vt 0.745087 0.513552
vt 0.742438 0.513552
vt 0.749755 0.308864
vt 0.744559 0.308864
vt 0.738302 0.193263
vt 0.740849 0.193263
vt 0.753100 0.193263
vt 0.739362 0.308864
vt 0.734957 0.308864
vt 0.317725 0.281004
vt 0.317897 0.282203
vt 0.317208 0.282094
vt 0.316907 0.279512
vt 0.317665 0.279517
vt 0.739788 0.513552
vt 0.757228 0.426586
vt 0.754161 0.308864
vt 0.734504 0.217414
vt 0.738630 0.217414
vt 0.733896 0.193263
vt 0.769312 0.450737
vt 0.771698 0.450737
vt 0.747305 0.537703
vt 0.744919 0.537703
vt 0.739691 0.333015
vt 0.735564 0.333015
vt 0.748366 0.217414
vt 0.752493 0.217414
vt 0.742077 0.333015
vt 0.744559 0.333015
vt 0.741017 0.217414
vt 0.745980 0.217414
vt 0.739956 0.537703
vt 0.761963 0.450737
vt 0.764349 0.450737
vt 0.757836 0.450737
vt 0.775825 0.450737
vt 0.749426 0.333015
vt 0.737570 0.537703
vt 0.753553 0.333015
vt 0.751432 0.537703
vt 0.567034 0.536915
vt 0.567565 0.530291
vt 0.574121 0.531595
vt 0.580296 0.534153
vt 0.577351 0.540045
vt 0.576584 0.568104
vt 0.574244 0.572481
vt 0.570408 0.575630
vt 0.568104 0.576584
vt 0.570542 0.584621
vt 0.577809 0.580736
vt 0.580736 0.577809
vt 0.584621 0.570542
vt 0.585428 0.566481
vt 0.584621 0.558281
vt 0.583036 0.554456
vt 0.577809 0.548087
vt 0.570542 0.544202
vt 0.566481 0.543395
vt 0.558281 0.544202
vt 0.554456 0.545787
vt 0.558415 0.553194
vt 0.560719 0.552239
vt 0.565658 0.551753
vt 0.568104 0.552239
vt 0.572481 0.554579
vt 0.575629 0.558415
vt 0.576584 0.560719
vt 0.577070 0.565658
vt 0.581855 0.585774
vt 0.588695 0.577440
vt 0.594293 0.580296
vt 0.748239 0.358288
vt 0.748239 0.351436
vt 0.374922 0.740089
vt 0.374922 0.744050
vt 0.376382 0.743913
vt 0.376382 0.739819
vt 0.376382 0.736046
vt 0.374922 0.736438
vt 0.750360 0.092342
vt 0.750360 0.099194
vt 0.751820 0.099693
vt 0.751820 0.092612
vt 0.748239 0.370489
vt 0.748239 0.362249
vt 0.319610 0.279519
vt 0.318587 0.279519
vt 0.318831 0.277965
vt 0.319073 0.276951
vt 0.320675 0.276951
vt 0.320675 0.279519
vt 0.773692 0.526580
vt 0.773692 0.518968
vt 0.775153 0.519105
vt 0.775153 0.526972
vt 0.773692 0.514848
vt 0.775153 0.514848
vt 0.374922 0.752290
vt 0.374922 0.756252
vt 0.376382 0.756522
vt 0.376382 0.752428
vt 0.748239 0.374451
vt 0.749699 0.374721
vt 0.749699 0.381801
vt 0.748239 0.381302
vt 0.750360 0.088381
vt 0.751820 0.088518
vt 0.750360 0.080141
vt 0.751820 0.080003
vt 0.374922 0.763103
vt 0.376382 0.763602
vt 0.374922 0.733237
vt 0.376382 0.732739
vt 0.773692 0.506766
vt 0.775153 0.506496
vt 0.750360 0.072528
vt 0.751820 0.072136
vt 0.773692 0.529781
vt 0.775153 0.530279
vt 0.773692 0.503115
vt 0.775153 0.502723
vt 0.754530 0.099693
vt 0.754530 0.096385
vt 0.754530 0.092612
vt 0.321389 0.275824
vt 0.322707 0.275824
vt 0.322707 0.276134
vt 0.322075 0.276134
vt 0.321389 0.276134
vt 0.379093 0.739819
vt 0.379093 0.736046
vt 0.379093 0.732739
vt 0.754530 0.072136
vt 0.777863 0.499416
vt 0.777863 0.502723
vt 0.777863 0.514848
vt 0.777863 0.519105
vt 0.754530 0.088518
vt 0.754530 0.080003
vt 0.379093 0.756522
vt 0.873900 0.065456
vt 0.872701 0.065456
vt 0.160144 0.743195
vt 0.157508 0.743195
vt 0.179023 0.912745
vt 0.825683 0.910624
vt 0.827753 0.910624
vt 0.827753 0.914179
vt 0.179023 0.916300
vt 0.752409 0.374721
vt 0.296689 0.246129
vt 0.296002 0.246129
vt 0.295370 0.246129
vt 0.295370 0.246439
vt 0.296689 0.246439
vt 0.842932 0.910624
vt 0.842932 0.914179
vt 0.838008 0.914179
vt 0.838008 0.910624
vt 0.871779 0.208781
vt 0.871779 0.219767
vt 0.777863 0.526972
vt 0.777863 0.530279
vt 0.832678 0.910624
vt 0.832678 0.914179
vt 0.830115 0.914179
vt 0.777863 0.506496
vt 0.379680 0.756310
vt 0.752997 0.362220
vt 0.752997 0.370519
vt 0.013089 0.840163
vt 0.009532 0.837786
vt 0.006506 0.834761
vt 0.006935 0.834410
vt 0.013350 0.839674
vt 0.755118 0.088410
vt 0.755118 0.080111
vt 0.752997 0.374509
vt 0.778450 0.506708
vt 0.778450 0.514848
vt 0.002492 0.814581
vt 0.006506 0.807072
vt 0.003023 0.814742
vt 0.029711 0.800032
vt 0.033664 0.801670
vt 0.044260 0.827251
vt 0.042623 0.831204
vt 0.040246 0.834761
vt 0.039818 0.834410
vt 0.013089 0.801670
vt 0.094390 0.286808
vt 0.017041 0.841800
vt 0.754530 0.075909
vt 0.755118 0.076121
vt 0.037221 0.804046
vt 0.040246 0.807072
vt 0.037221 0.837786
vt 0.033664 0.840163
vt 0.033403 0.839674
vt 0.778450 0.518997
vt 0.918688 0.928746
vt 0.919820 0.926013
vt 0.921077 0.926685
vt 0.919530 0.931786
vt 0.920052 0.937091
vt 0.918688 0.937505
vt 0.918111 0.934604
vt 0.591824 0.567123
vt 0.598155 0.567565
vt 0.038078 0.282107
vt 0.038078 0.285562
vt 0.038909 0.285411
vt 0.038909 0.282089
vt 0.752399 0.894570
vt 0.746473 0.893986
vt 0.743539 0.894570
vt 0.753281 0.797655
vt 0.754292 0.797237
vt 0.754828 0.799004
vt 0.753543 0.799690
vt 0.753026 0.800208
vt 0.733443 0.537703
vt 0.364794 0.364955
vt 0.365734 0.365047
vt 0.365436 0.364217
vt 0.366161 0.364317
vt 0.366526 0.365079
vt 0.366949 0.366894
vt 0.365190 0.366985
vt 0.365027 0.365944
vt 0.299476 0.245810
vt 0.176409 0.128228
vt 0.176451 0.127909
vt 0.399305 0.701428
vt 0.038996 0.812567
vt 0.034612 0.807226
vt 0.012141 0.807226
vt 0.009686 0.809681
vt 0.007757 0.812567
vt 0.008812 0.813132
vt 0.041002 0.819180
vt 0.040325 0.826058
vt 0.018235 0.803968
vt 0.015027 0.805297
vt 0.008812 0.828701
vt 0.007573 0.825710
vt 0.006942 0.822535
vt 0.005751 0.822652
vt 0.007757 0.829265
vt 0.028518 0.803968
vt 0.025112 0.803291
vt 0.360264 0.366201
vt 0.361393 0.366063
vt 0.361529 0.368354
vt 0.360419 0.368342
vt 0.360260 0.367279
vt 0.021758 0.837351
vt 0.018583 0.836719
vt 0.015592 0.835480
vt 0.015027 0.836536
vt 0.018235 0.837865
vt 0.021640 0.838542
vt 0.006942 0.819298
vt 0.007573 0.816123
vt 0.006428 0.815775
vt 0.028170 0.836719
vt 0.024995 0.837351
vt 0.025112 0.838542
vt 0.028518 0.837865
vt 0.031161 0.835480
vt 0.031725 0.836536
vt 0.034612 0.834607
vt 0.033853 0.833682
vt 0.012900 0.833682
vt 0.010611 0.831393
vt 0.009686 0.832152
vt 0.247368 0.672685
vt 0.247368 0.675747
vt 0.248866 0.676004
vt 0.248866 0.672862
vt 0.622806 0.232996
vt 0.622806 0.230312
vt 0.622806 0.227250
vt 0.624303 0.227427
vt 0.624303 0.230569
vt 0.624303 0.233323
vt 0.130707 0.701966
vt 0.130707 0.708744
vt 0.132204 0.708921
vt 0.132204 0.705512
vt 0.132204 0.701966
vt 0.247368 0.656067
vt 0.247368 0.659129
vt 0.248866 0.658953
vt 0.248866 0.655811
vt 0.248866 0.653057
vt 0.247368 0.653383
vt 0.247368 0.665907
vt 0.247368 0.669362
vt 0.248866 0.669452
vt 0.248866 0.665907
vt 0.764921 0.466108
vt 0.764921 0.460362
vt 0.766418 0.460035
vt 0.766418 0.462789
vt 0.766418 0.465931
vt 0.622806 0.223928
vt 0.130707 0.692126
vt 0.130707 0.695188
vt 0.132204 0.695012
vt 0.132204 0.691870
vt 0.622806 0.217017
vt 0.247368 0.662452
vt 0.248866 0.662362
vt 0.132204 0.698421
vt 0.764921 0.485409
vt 0.766418 0.485736
vt 0.622806 0.213695
vt 0.624303 0.213518
vt 0.130707 0.711806
vt 0.130707 0.714490
vt 0.132204 0.714817
vt 0.132204 0.712063
vt 0.622806 0.207949
vt 0.624303 0.207622
vt 0.755365 0.797023
vt 0.759451 0.798263
vt 0.760833 0.799946
vt 0.759204 0.800816
vt 0.758280 0.799690
vt 0.757671 0.799284
vt 0.756278 0.798861
vt 0.323706 0.279519
vt 0.322763 0.279519
vt 0.322277 0.276951
vt 0.323001 0.276951
vt 0.323352 0.277965
vt 0.324082 0.277965
vt 0.324531 0.279518
vt 0.133630 0.692055
vt 0.250292 0.675819
vt 0.250292 0.672734
vt 0.250292 0.669388
vt 0.625730 0.227300
vt 0.625730 0.230384
vt 0.133630 0.711878
vt 0.133630 0.705447
vt 0.250292 0.665907
vt 0.250292 0.662427
vt 0.767844 0.466058
vt 0.767844 0.472886
vt 0.767844 0.479713
vt 0.250292 0.655995
vt 0.767844 0.462974
vt 0.625730 0.213645
vt 0.625730 0.207857
vt 0.133630 0.698486
vt 0.133630 0.714581
vt 0.767844 0.485501
vt 0.730214 0.907425
vt 0.730896 0.903995
vt 0.732235 0.900764
vt 0.731922 0.907593
vt 0.736651 0.922965
vt 0.737739 0.921638
vt 0.740368 0.923394
vt 0.761760 0.920492
vt 0.759287 0.922965
vt 0.758198 0.921638
vt 0.763399 0.913854
vt 0.765041 0.914352
vt 0.734178 0.897856
vt 0.739559 0.893440
vt 0.756379 0.893440
vt 0.749717 0.891419
vt 0.761760 0.897856
vt 0.765041 0.903995
vt 0.763399 0.904493
vt 0.760433 0.898944
vt 0.765723 0.907425
vt 0.764016 0.910754
vt 0.742790 0.892101
vt 0.281354 0.934572
vt 0.284617 0.934572
vt 0.288405 0.921119
vt 0.060825 0.918998
vt 0.064300 0.931464
vt 0.732235 0.917584
vt 0.733748 0.916775
vt 0.756379 0.924908
vt 0.730214 0.910922
vt 0.784813 0.433512
vt 0.782177 0.433512
vt 0.782177 0.440311
vt 0.784813 0.440311
vt 0.782177 0.421754
vt 0.784813 0.421754
vt 0.193967 0.913827
vt 0.195143 0.914119
vt 0.195143 0.919893
vt 0.193967 0.919893
vt 0.762411 0.910596
vt 0.762411 0.907751
vt 0.761856 0.904961
vt 0.760767 0.902333
vt 0.759187 0.899967
vt 0.757175 0.897956
vt 0.252079 0.081564
vt 0.741128 0.921972
vt 0.743756 0.923061
vt 0.735170 0.916015
vt 0.736751 0.918380
vt 0.738762 0.920392
vt 0.556304 0.537972
vt 0.554326 0.531595
vt 0.871779 0.501495
vt 0.740775 0.895715
vt 0.738287 0.897377
vt 0.870579 0.229081
vt 0.871779 0.229081
vt 0.778450 0.779511
vt 0.775813 0.779511
vt 0.775813 0.767753
vt 0.778450 0.767753
vt 0.734081 0.913386
vt 0.733526 0.910596
vt 0.732781 0.910669
vt 0.733365 0.913604
vt 0.734510 0.916368
vt 0.757175 0.920392
vt 0.757650 0.920970
vt 0.738287 0.920970
vt 0.743539 0.923777
vt 0.306614 0.941674
vt 0.303430 0.941674
vt 0.303355 0.942504
vt 0.306416 0.942504
vt 0.293598 0.249825
vt 0.295343 0.249823
vt 0.303915 0.852011
vt 0.887222 0.652447
vt 0.887222 0.654759
vt 0.888481 0.654377
vt 0.305174 0.852393
vt 0.191496 0.916915
vt 0.191496 0.911414
vt 0.192755 0.911032
vt 0.192755 0.913789
vt 0.192755 0.916781
vt 0.810862 0.459616
vt 0.191496 0.928371
vt 0.192755 0.928753
vt 0.812121 0.459234
vt 0.810862 0.478886
vt 0.810862 0.473935
vt 0.812121 0.474198
vt 0.812121 0.476956
vt 0.812121 0.479372
vt 0.887222 0.660260
vt 0.888481 0.660126
vt 0.191496 0.922870
vt 0.192755 0.919893
vt 0.192755 0.923004
vt 0.810862 0.471072
vt 0.810862 0.468095
vt 0.810862 0.465118
vt 0.812121 0.464983
vt 0.812121 0.471206
vt 0.887222 0.669078
vt 0.887222 0.671716
vt 0.887222 0.674029
vt 0.888481 0.674515
vt 0.888481 0.672098
vt 0.888481 0.669341
vt 0.887222 0.666215
vt 0.888481 0.666349
vt 0.810862 0.462255
vt 0.192755 0.925996
vt 0.303915 0.837693
vt 0.303915 0.843533
vt 0.305174 0.843533
vt 0.305174 0.840421
vt 0.305174 0.837429
vt 0.303915 0.846510
vt 0.303915 0.849373
vt 0.305174 0.849636
vt 0.305174 0.846644
vt 0.303915 0.835054
vt 0.305174 0.834672
vt 0.813334 0.471187
vt 0.813334 0.474161
vt 0.813334 0.476901
vt 0.193967 0.911087
vt 0.193967 0.928699
vt 0.813334 0.459289
vt 0.813334 0.465003
vt 0.813334 0.468095
vt 0.889694 0.654432
vt 0.306387 0.852339
vt 0.306387 0.846625
vt 0.193967 0.925958
vt 0.306387 0.834727
vt 0.889694 0.666330
vt 0.889694 0.663238
vt 0.889694 0.660145
vt 0.889694 0.657172
vt 0.813334 0.462029
vt 0.306387 0.840440
vt 0.889694 0.672044
vt 0.889694 0.674446
vt 0.890869 0.673906
vt 0.890869 0.671619
vt 0.307562 0.851914
vt 0.307562 0.846476
vt 0.890869 0.654856
vt 0.814509 0.468095
vt 0.814509 0.471038
vt 0.814509 0.473868
vt 0.890869 0.663238
vt 0.890869 0.660294
vt 0.890869 0.657464
vt 0.307562 0.840589
vt 0.307562 0.835151
vt 0.195143 0.911511
vt 0.890869 0.666181
vt 0.195143 0.925666
vt 0.195143 0.928275
vt 0.814509 0.457427
vt 0.814509 0.459713
vt 0.813334 0.479303
vt 0.814509 0.478763
vt 0.814509 0.462321
vt 0.921463 0.942696
vt 0.921077 0.939565
vt 0.924459 0.943685
vt 0.926685 0.945173
vt 0.926013 0.946431
vt 0.923554 0.944787
vt 0.365623 0.667746
vt 0.369524 0.665140
vt 0.937505 0.947562
vt 0.931646 0.948139
vt 0.928746 0.947562
vt 0.929159 0.946198
vt 0.931786 0.946720
vt 0.937091 0.946198
vt 0.120277 0.852503
vt 0.121851 0.854542
vt 0.119575 0.853325
vt 0.870579 0.197794
vt 0.870579 0.188480
vt 0.871779 0.188480
vt 0.871779 0.197794
vt 0.942696 0.944788
vt 0.941791 0.943685
vt 0.945173 0.939565
vt 0.946431 0.940237
vt 0.366953 0.367829
vt 0.365188 0.368036
vt 0.304169 0.912745
vt 0.304169 0.916300
vt 0.057878 0.910624
vt 0.055316 0.910624
vt 0.052651 0.910624
vt 0.052651 0.914179
vt 0.057878 0.914179
vt 0.060240 0.910624
vt 0.060240 0.914179
vt 0.366756 0.368727
vt 0.366458 0.369515
vt 0.556843 0.038882
vt 0.554822 0.032218
vt 0.551539 0.026077
vt 0.547121 0.020693
vt 0.541738 0.016276
vt 0.535597 0.012993
vt 0.528933 0.010972
vt 0.522003 0.010289
vt 0.522003 0.009569
vt 0.535872 0.012328
vt 0.547630 0.020184
vt 0.555487 0.031942
vt 0.558246 0.045812
vt 0.557526 0.045812
vt 0.288989 0.912745
vt 0.288989 0.916300
vt 0.870579 0.521795
vt 0.870579 0.517444
vt 0.871779 0.517444
vt 0.871779 0.521795
vt 0.047423 0.910624
vt 0.047423 0.914179
vt 0.752409 0.381801
vt 0.199173 0.296082
vt 0.216237 0.322548
vt 0.217975 0.322548
vt 0.218186 0.321035
vt 0.218201 0.320406
vt 0.217515 0.320406
vt 0.218201 0.320716
vt 0.775813 0.753883
vt 0.778450 0.753883
vt 0.045061 0.910624
vt 0.045061 0.914179
vt 0.937505 0.918688
vt 0.939565 0.921077
vt 0.934464 0.919530
vt 0.931786 0.919530
vt 0.931646 0.918111
vt 0.934604 0.918111
vt 0.733526 0.907751
vt 0.734510 0.901980
vt 0.732781 0.907678
vt 0.168563 0.921119
vt 0.165803 0.921119
vt 0.163259 0.921119
vt 0.163843 0.916300
vt 0.835343 0.914179
vt 0.835343 0.918998
vt 0.832472 0.918998
vt 0.829712 0.918998
vt 0.184610 0.965448
vt 0.969423 0.111541
vt 0.969423 0.109627
vt 0.972545 0.109272
vt 0.187732 0.965092
vt 0.301807 0.916300
vt 0.299244 0.916300
vt 0.296579 0.916300
vt 0.296579 0.921119
vt 0.299449 0.921119
vt 0.302210 0.921119
vt 0.174304 0.921119
vt 0.843517 0.918998
vt 0.838213 0.918998
vt 0.304753 0.921119
vt 0.827168 0.918998
vt 0.179607 0.921119
vt 0.047020 0.918998
vt 0.052651 0.918998
vt 0.044476 0.918998
vt 0.291351 0.916300
vt 0.290948 0.921119
vt 0.055521 0.918998
vt 0.058281 0.918998
vt 0.293914 0.916300
vt 0.293709 0.921119
vt 0.171433 0.934572
vt 0.167232 0.934572
vt 0.175441 0.933585
vt 0.183395 0.934572
vt 0.042247 0.918998
vt 0.037425 0.932451
vt 0.040688 0.932451
vt 0.044604 0.931464
vt 0.170970 0.130369
vt 0.171700 0.130369
vt 0.172533 0.130369
vt 0.172298 0.131921
vt 0.170521 0.131922
vt 0.292571 0.933585
vt 0.850568 0.932451
vt 0.847305 0.932451
vt 0.308228 0.933585
vt 0.052651 0.932451
vt 0.296579 0.934572
vt 0.300780 0.934572
vt 0.163506 0.933585
vt 0.156208 0.934572
vt 0.161029 0.921119
vt 0.839351 0.931464
vt 0.056851 0.932451
vt 0.186658 0.934572
vt 0.823693 0.931464
vt 0.835343 0.932451
vt 0.831142 0.932451
vt 0.172467 0.134709
vt 0.174380 0.134770
vt 0.174385 0.135752
vt 0.172548 0.135675
vt 0.585853 0.537866
vt 0.171433 0.939591
vt 0.167244 0.939591
vt 0.820118 0.932451
vt 0.831153 0.937470
vt 0.820158 0.937470
vt 0.040720 0.937470
vt 0.052651 0.937470
vt 0.156248 0.939591
vt 0.284648 0.939591
vt 0.296579 0.939591
vt 0.311804 0.934572
vt 0.300769 0.939591
vt 0.311764 0.939591
vt 0.850528 0.937470
vt 0.847274 0.937470
vt 0.183364 0.939591
vt 0.835343 0.937470
vt 0.186618 0.939591
vt 0.281394 0.939591
vt 0.037466 0.937470
vt 0.172489 0.941689
vt 0.171433 0.941874
vt 0.182704 0.941874
vt 0.181697 0.941689
vt 0.178979 0.940461
vt 0.175205 0.940461
vt 0.849687 0.939753
vt 0.846613 0.939753
vt 0.157999 0.941689
vt 0.157089 0.941874
vt 0.167475 0.941874
vt 0.166485 0.941689
vt 0.163983 0.940461
vt 0.160505 0.940461
vt 0.052651 0.939753
vt 0.051595 0.939568
vt 0.041380 0.939753
vt 0.042387 0.939568
vt 0.045105 0.938340
vt 0.048879 0.938340
vt 0.285309 0.941874
vt 0.286316 0.941689
vt 0.289033 0.940461
vt 0.292807 0.940461
vt 0.295523 0.941689
vt 0.296579 0.941874
vt 0.759187 0.918380
vt 0.760767 0.916015
vt 0.761856 0.913386
vt 0.831385 0.939753
vt 0.830395 0.939568
vt 0.827893 0.938340
vt 0.824415 0.938340
vt 0.821909 0.939568
vt 0.820998 0.939753
vt 0.300537 0.941874
vt 0.185778 0.941874
vt 0.546861 0.157391
vt 0.552459 0.153761
vt 0.557241 0.149108
vt 0.561024 0.143611
vt 0.563662 0.137482
vt 0.565053 0.130956
vt 0.565145 0.124285
vt 0.563933 0.117723
vt 0.561464 0.111524
vt 0.282234 0.941874
vt 0.038306 0.939753
vt 0.301527 0.941689
vt 0.304029 0.940461
vt 0.307507 0.940461
vt 0.310013 0.941689
vt 0.310924 0.941874
vt 0.835343 0.939753
vt 0.836399 0.939568
vt 0.845606 0.939568
vt 0.842888 0.938340
vt 0.839114 0.938340
vt 0.135494 0.843395
vt 0.139438 0.843395
vt 0.139271 0.844977
vt 0.135661 0.844977
vt 0.149855 0.847710
vt 0.148854 0.848947
vt 0.267989 0.060179
vt 0.269382 0.063634
vt 0.147850 0.845700
vt 0.127081 0.845700
vt 0.135752 0.277866
vt 0.134359 0.274805
vt 0.126077 0.848947
vt 0.125076 0.847710
vt 0.131577 0.882301
vt 0.127903 0.880779
vt 0.129119 0.878503
vt 0.132326 0.879831
vt 0.155357 0.853325
vt 0.156878 0.856999
vt 0.154409 0.857748
vt 0.153081 0.854542
vt 0.318750 0.282281
vt 0.360550 0.364276
vt 0.360386 0.365180
vt 0.359520 0.365415
vt 0.120277 0.873272
vt 0.040301 0.288472
vt 0.123525 0.874276
vt 0.122288 0.875277
vt 0.152644 0.875278
vt 0.149855 0.878066
vt 0.148854 0.876829
vt 0.151407 0.874276
vt 0.119575 0.872451
vt 0.118053 0.868777
vt 0.120523 0.868028
vt 0.121851 0.871234
vt 0.127903 0.844997
vt 0.131577 0.843475
vt 0.132326 0.845945
vt 0.129119 0.847273
vt 0.132655 0.882385
vt 0.300033 0.943897
vt 0.135661 0.880798
vt 0.135494 0.882381
vt 0.126077 0.876829
vt 0.040301 0.278635
vt 0.127081 0.880076
vt 0.125076 0.878066
vt 0.139438 0.882381
vt 0.139271 0.880798
vt 0.825308 0.939553
vt 0.825506 0.940383
vt 0.822823 0.941776
vt 0.142277 0.843391
vt 0.167979 0.943897
vt 0.164657 0.942504
vt 0.156879 0.868777
vt 0.155357 0.872451
vt 0.153081 0.871234
vt 0.154409 0.868028
vt 0.143355 0.843475
vt 0.147029 0.844997
vt 0.145812 0.847273
vt 0.142605 0.845945
vt 0.122288 0.850498
vt 0.123525 0.851500
vt 0.134359 0.271484
vt 0.135751 0.268030
vt 0.062685 0.939553
vt 0.062487 0.940383
vt 0.065170 0.941776
vt 0.156963 0.867699
vt 0.831889 0.941776
vt 0.828567 0.940383
vt 0.155376 0.864693
vt 0.156959 0.864860
vt 0.147850 0.880076
vt 0.093329 0.227728
vt 0.091936 0.230790
vt 0.117972 0.864860
vt 0.117972 0.860916
vt 0.119555 0.861083
vt 0.119555 0.864693
vt 0.156959 0.860916
vt 0.155376 0.861083
vt 0.147029 0.880779
vt 0.143355 0.882301
vt 0.142605 0.879831
vt 0.145812 0.878503
vt 0.091936 0.234111
vt 0.093329 0.237565
vt 0.154654 0.873272
vt 0.118053 0.856999
vt 0.120523 0.857748
vt 0.161398 0.941674
vt 0.161596 0.942504
vt 0.158913 0.943897
vt 0.117969 0.858077
vt 0.056105 0.941776
vt 0.059426 0.940383
vt 0.309099 0.943897
vt 0.151152 0.874120
vt 0.148698 0.876574
vt 0.147416 0.875012
vt 0.149590 0.872838
vt 0.122456 0.867441
vt 0.123633 0.870282
vt 0.132913 0.847879
vt 0.130072 0.849055
vt 0.148698 0.849201
vt 0.147416 0.850763
vt 0.144859 0.849055
vt 0.151298 0.870282
vt 0.139201 0.880508
vt 0.135730 0.880508
vt 0.135928 0.878497
vt 0.139003 0.878497
vt 0.126233 0.849201
vt 0.127515 0.850763
vt 0.123779 0.874120
vt 0.125341 0.872838
vt 0.152475 0.867441
vt 0.142019 0.847879
vt 0.123779 0.851656
vt 0.125341 0.852938
vt 0.142019 0.877897
vt 0.155086 0.864623
vt 0.153075 0.864425
vt 0.126233 0.876574
vt 0.127515 0.875012
vt 0.123633 0.855494
vt 0.139201 0.845268
vt 0.139003 0.847279
vt 0.119845 0.864623
vt 0.119845 0.861152
vt 0.121857 0.861350
vt 0.121857 0.864425
vt 0.155086 0.861152
vt 0.153075 0.861350
vt 0.144859 0.876721
vt 0.122456 0.858335
vt 0.130072 0.876721
vt 0.151152 0.851656
vt 0.151298 0.855494
vt 0.149590 0.852938
vt 0.152475 0.858335
vt 0.135730 0.845268
vt 0.135928 0.847279
vt 0.132913 0.877897
vt 0.062609 0.966490
vt 0.062609 0.961077
vt 0.059464 0.961319
vt 0.059464 0.963784
vt 0.059464 0.966248
vt 0.972569 0.107919
vt 0.972569 0.105316
vt 0.969423 0.105074
vt 0.969423 0.107444
vt 0.972569 0.110317
vt 0.972569 0.099904
vt 0.969423 0.100146
vt 0.969423 0.102610
vt 0.972569 0.094903
vt 0.062609 0.971491
vt 0.059464 0.970801
vt 0.969423 0.093679
vt 0.969423 0.095593
vt 0.970448 0.211212
vt 0.970448 0.216624
vt 0.967302 0.216382
vt 0.967302 0.213918
vt 0.967302 0.211454
vt 0.062609 0.956077
vt 0.970448 0.206211
vt 0.967302 0.206901
vt 0.059464 0.954852
vt 0.059464 0.956766
vt 0.970448 0.208609
vt 0.967302 0.209084
vt 0.187755 0.966137
vt 0.184610 0.967362
vt 0.970448 0.219227
vt 0.970448 0.221625
vt 0.967302 0.220935
vt 0.967302 0.218752
vt 0.972569 0.097301
vt 0.969423 0.097776
vt 0.187755 0.955724
vt 0.187755 0.961137
vt 0.184610 0.960894
vt 0.184610 0.958430
vt 0.184610 0.955966
vt 0.187755 0.963739
vt 0.184610 0.963264
vt 0.062609 0.958475
vt 0.059464 0.958950
vt 0.062609 0.969092
vt 0.059464 0.968617
vt 0.187755 0.953122
vt 0.184610 0.953597
vt 0.184610 0.951413
vt 0.187755 0.950723
vt 0.190901 0.955370
vt 0.190901 0.958430
vt 0.189508 0.961490
vt 0.189508 0.952428
vt 0.126742 0.871688
vt 0.128665 0.873611
vt 0.065755 0.955070
vt 0.065755 0.952693
vt 0.064362 0.950742
vt 0.062609 0.952249
vt 0.064362 0.957781
vt 0.128665 0.852164
vt 0.126742 0.854087
vt 0.975714 0.102610
vt 0.974321 0.099550
vt 0.974321 0.108612
vt 0.975714 0.105670
vt 0.065755 0.963784
vt 0.064362 0.960724
vt 0.064362 0.969786
vt 0.065755 0.966844
vt 0.136106 0.876693
vt 0.138825 0.876693
vt 0.190901 0.969521
vt 0.189508 0.971472
vt 0.187755 0.969965
vt 0.189508 0.964433
vt 0.190901 0.967144
vt 0.973593 0.225009
vt 0.972200 0.226959
vt 0.970448 0.225453
vt 0.972200 0.219920
vt 0.973593 0.222632
vt 0.146266 0.873611
vt 0.148189 0.871688
vt 0.975714 0.091519
vt 0.974321 0.089569
vt 0.972569 0.091076
vt 0.974321 0.096608
vt 0.975714 0.093896
vt 0.973593 0.213918
vt 0.972200 0.216978
vt 0.972200 0.207916
vt 0.973593 0.210858
vt 0.148189 0.854087
vt 0.146266 0.852164
vt 0.138825 0.849082
vt 0.136106 0.849082
vt 0.151271 0.864248
vt 0.151271 0.861528
vt 0.123660 0.861528
vt 0.123660 0.864248
vt 0.062586 0.957122
vt 0.062586 0.961444
vt 0.319628 0.281045
vt 0.970424 0.220580
vt 0.970424 0.218507
vt 0.970424 0.216257
vt 0.972545 0.100271
vt 0.972545 0.104949
vt 0.184610 0.949499
vt 0.187732 0.951769
vt 0.970424 0.222397
vt 0.059464 0.972715
vt 0.062586 0.970445
vt 0.972545 0.095948
vt 0.187732 0.956091
vt 0.187732 0.953842
vt 0.970424 0.211579
vt 0.967302 0.204987
vt 0.970424 0.207256
vt 0.187732 0.960770
vt 0.062586 0.966123
vt 0.766486 0.796924
vt 0.763800 0.798360
vt 0.761586 0.795662
vt 0.763518 0.793307
vt 0.743979 0.801401
vt 0.744437 0.799095
vt 0.745337 0.796924
vt 0.748024 0.798360
vt 0.752431 0.814050
vt 0.748305 0.811845
vt 0.767844 0.801401
vt 0.767386 0.806057
vt 0.764471 0.805172
vt 0.764813 0.801699
vt 0.296350 0.249824
vt 0.297401 0.249823
vt 0.298453 0.249822
vt 0.298342 0.248271
vt 0.298219 0.247256
vt 0.761564 0.813151
vt 0.760128 0.810464
vt 0.762825 0.808250
vt 0.765180 0.810183
vt 0.757087 0.814509
vt 0.751695 0.794688
vt 0.750259 0.792001
vt 0.745337 0.808228
vt 0.744437 0.806057
vt 0.743979 0.803751
vt 0.067876 0.932451
vt 0.216998 0.326857
vt 0.215463 0.326677
vt 0.217009 0.328513
vt 0.761465 0.802029
vt 0.175317 0.130369
vt 0.175430 0.131922
vt 0.173318 0.131922
vt 0.173437 0.130369
vt 0.173560 0.129355
vt 0.174377 0.129355
vt 0.175194 0.129355
vt 0.760225 0.806116
vt 0.754828 0.806149
vt 0.756278 0.806291
vt 0.761251 0.804196
vt 0.759484 0.803660
vt 0.759627 0.802210
vt 0.767706 0.612591
vt 0.296406 0.254438
vt 0.297403 0.254534
vt 0.297400 0.252630
vt 0.296419 0.252612
vt 0.756995 0.806149
vt 0.758280 0.805462
vt 0.759204 0.804336
vt 0.552239 0.560719
vt 0.554579 0.556342
vt 0.551014 0.548087
vt 0.548087 0.551014
vt 0.544202 0.558281
vt 0.543395 0.562342
vt 0.544202 0.570542
vt 0.548087 0.577809
vt 0.554456 0.583036
vt 0.558281 0.584621
vt 0.566481 0.585428
vt 0.565658 0.577070
vt 0.560719 0.576584
vt 0.556342 0.574244
vt 0.553193 0.570408
vt 0.552239 0.568104
vt 0.551753 0.563165
vt 0.298131 0.246758
vt 0.298831 0.246758
vt 0.299476 0.246758
vt 0.172345 0.128538
vt 0.172977 0.128538
vt 0.173663 0.128538
vt 0.173649 0.128857
vt 0.172948 0.128857
vt 0.172303 0.128857
vt 0.172303 0.127909
vt 0.172345 0.128228
vt 0.322749 0.275505
vt 0.320675 0.276134
vt 0.322104 0.276453
vt 0.320675 0.276453
vt 0.216275 0.320087
vt 0.216328 0.320406
vt 0.217486 0.320087
vt 0.216840 0.321035
vt 0.321403 0.275505
vt 0.319947 0.275505
vt 0.319961 0.275824
vt 0.318601 0.276453
vt 0.216275 0.321035
vt 0.322749 0.276453
vt 0.319246 0.275505
vt 0.319275 0.275824
vt 0.318035 0.275505
vt 0.319275 0.276134
vt 0.319246 0.276453
vt 0.220989 0.320087
vt 0.219643 0.320087
vt 0.219628 0.320406
vt 0.220947 0.320406
vt 0.218915 0.320406
vt 0.218915 0.320087
vt 0.295328 0.245810
vt 0.220947 0.320716
vt 0.219628 0.320716
vt 0.220989 0.321035
vt 0.299005 0.247256
vt 0.299246 0.248271
vt 0.300079 0.248271
vt 0.003717 0.298204
vt 0.003504 0.298904
vt 0.298427 0.251308
vt 0.298384 0.252588
vt 0.948139 0.934604
vt 0.946720 0.934464
vt 0.994891 0.007709
vt 0.995591 0.007497
vt 0.995503 0.007052
vt 0.994717 0.007290
vt 0.174377 0.128857
vt 0.172775 0.129355
vt 0.003717 0.296747
vt 0.177054 0.130369
vt 0.176221 0.130369
vt 0.175105 0.128857
vt 0.997048 0.007497
vt 0.997748 0.007709
vt 0.317998 0.277965
vt 0.317268 0.277965
vt 0.199101 0.295354
vt 0.199173 0.294626
vt 0.199385 0.293925
vt 0.177784 0.130369
vt 0.298413 0.254419
vt 0.299447 0.254173
vt 0.300726 0.253046
vt 0.996320 0.002362
vt 0.293995 0.248271
vt 0.997748 0.002078
vt 0.997048 0.002290
vt 0.364077 0.368202
vt 0.361695 0.369427
vt 0.360943 0.370220
vt 0.361072 0.371005
vt 0.359700 0.370539
vt 0.359417 0.369991
vt 0.360113 0.370061
vt 0.359826 0.369227
vt 0.360690 0.369331
vt 0.361880 0.370361
vt 0.601685 0.878842
vt 0.995591 0.002290
vt 0.994891 0.002078
vt 0.994717 0.002497
vt 0.222322 0.322548
vt 0.215143 0.324094
vt 0.215971 0.324092
vt 0.363921 0.365928
vt 0.362620 0.365968
vt 0.362553 0.364864
vt 0.362497 0.363909
vt 0.239686 0.859340
vt 0.176435 0.131919
vt 0.173352 0.133457
vt 0.174379 0.133470
vt 0.172367 0.133436
vt 0.215507 0.322548
vt 0.967302 0.222850
vt 0.515073 0.080652
vt 0.508409 0.078631
vt 0.502267 0.075348
vt 0.496884 0.070931
vt 0.492467 0.065548
vt 0.508092 0.079396
vt 0.522003 0.082163
vt 0.535914 0.079396
vt 0.542198 0.076037
vt 0.541738 0.075348
vt 0.535597 0.078631
vt 0.528933 0.080652
vt 0.522003 0.081335
vt 0.746643 0.794969
vt 0.178174 0.131912
vt 0.177764 0.134439
vt 0.176286 0.134694
vt 0.176378 0.133421
vt 0.222717 0.324102
vt 0.322712 0.281000
vt 0.322605 0.282257
vt 0.218916 0.324105
vt 0.217876 0.324110
vt 0.216888 0.324102
vt 0.762572 0.913604
vt 0.763156 0.907678
vt 0.296361 0.251333
vt 0.318621 0.281048
vt 0.171613 0.134680
vt 0.170897 0.134616
vt 0.170626 0.133407
vt 0.221855 0.325571
vt 0.222650 0.325564
vt 0.294219 0.253043
vt 0.297396 0.251329
vt 0.323647 0.281021
vt 0.557834 0.105926
vt 0.553181 0.101143
vt 0.547684 0.097361
vt 0.541555 0.094723
vt 0.535029 0.093331
vt 0.528357 0.093240
vt 0.521796 0.094452
vt 0.515597 0.096920
vt 0.359349 0.367332
vt 0.324425 0.281003
vt 0.175406 0.133466
vt 0.036142 0.831393
vt 0.037067 0.832152
vt 0.221703 0.326756
vt 0.222412 0.326691
vt 0.323460 0.282228
vt 0.364053 0.367056
vt 0.324230 0.282212
vt 0.300810 0.248271
vt 0.175357 0.134770
vt 0.171766 0.135586
vt 0.547121 0.070931
vt 0.555587 0.059723
vt 0.558354 0.045812
vt 0.555587 0.031901
vt 0.556843 0.052742
vt 0.554822 0.059406
vt 0.551539 0.065548
vt 0.572346 0.590856
vt 0.560881 0.598155
vt 0.561617 0.591913
vt 0.359526 0.368300
vt 0.221572 0.327523
vt 0.222136 0.327320
vt 0.176203 0.135601
vt 0.175318 0.135737
vt 0.008155 0.829052
vt 0.010035 0.831866
vt 0.003023 0.827091
vt 0.002209 0.818832
vt 0.029551 0.841270
vt 0.021292 0.842083
vt 0.783753 0.398110
vt 0.177509 0.135145
vt 0.176972 0.135380
vt 0.514773 0.156951
vt 0.520902 0.159589
vt 0.527428 0.160980
vt 0.534100 0.161072
vt 0.540662 0.159860
vt 0.361413 0.364957
vt 0.921463 0.923554
vt 0.926013 0.919820
vt 0.928746 0.918688
vt 0.929160 0.920052
vt 0.924459 0.922565
vt 0.361491 0.364018
vt 0.123061 0.718138
vt 0.131720 0.725244
vt 0.125110 0.716456
vt 0.555487 0.059682
vt 0.547630 0.071440
vt 0.535872 0.079296
vt 0.529073 0.081358
vt 0.514932 0.081358
vt 0.501867 0.075947
vt 0.496375 0.071440
vt 0.295974 0.245810
vt 0.785874 0.759893
vt 0.319961 0.276134
vt 0.293914 0.912745
vt 0.299244 0.912745
vt 0.175806 0.127909
vt 0.174377 0.127909
vt 0.176409 0.128538
vt 0.176451 0.128857
vt 0.172977 0.128228
vt 0.172948 0.127909
vt 0.298131 0.245810
vt 0.297402 0.245810
vt 0.297402 0.246129
vt 0.295328 0.246758
vt 0.163843 0.912745
vt 0.355486 0.699779
vt 0.835343 0.910624
vt 0.294762 0.246758
vt 0.133528 0.271502
vt 0.133528 0.274956
vt 0.267159 0.060162
vt 0.267159 0.056707
vt 0.318708 0.283960
vt 0.059502 0.939553
vt 0.534153 0.580296
vt 0.156963 0.858077
vt 0.142277 0.882385
vt 0.132655 0.843391
vt 0.117969 0.867699
vt 0.535914 0.012228
vt 0.488419 0.031901
vt 0.485652 0.045812
vt 0.486350 0.052904
vt 0.522003 0.009461
vt 0.508092 0.012228
vt 0.828492 0.939553
vt 0.164582 0.941674
vt 0.761428 0.901980
vt 0.379093 0.763602
vt 0.761428 0.916368
vt 0.757650 0.897377
vt 0.157508 0.731437
vt 0.160144 0.731437
vt 0.399691 0.833300
vt 0.399691 0.837650
vt 0.400891 0.833300
vt 0.736172 0.899492
vt 0.870579 0.481195
vt 0.871779 0.481195
vt 0.091106 0.234093
vt 0.091106 0.230639
s 1
usemtl Black_Player.001
f 1/1/1 1372/2/2 1375/3/3 2/4/4
f 4/5/5 1380/6/6 1382/7/7 5/8/8
f 1408/9/9 21/10/10 20/11/11 1406/12/12
f 15/13/13 1398/14/14 1401/15/15 16/16/16
f 1372/2/2 1/1/1 21/10/10 1408/9/9
f 1404/17/17 18/18/18 17/19/19 1403/20/20
f 1386/21/21 7/22/22 6/23/23 1384/24/24
f 1040/25/25 1039/26/26 1038/27/27 1051/28/28 1052/29/29
f 2/4/4 1375/3/3 1377/30/30 3/31/31
f 1392/32/32 12/33/33 11/34/34 1390/35/35
f 13/36/36 12/33/33 1392/32/32 1394/37/37
f 1396/38/38 14/39/39 13/36/36 1394/37/37
f 10/40/40 9/41/41 1388/42/42 1390/35/35 11/43/34
f 1406/44/12 20/11/11 19/45/43 18/18/18 1404/46/17
f 1248/47/44 1283/48/45 1282/49/46 1287/50/47 1249/51/48
f 1398/14/14 15/13/13 14/39/39 1396/38/38
f 777/52/49 776/53/50 775/54/51 797/55/52 798/56/53 799/57/54
f 1385/58/55 1447/59/56 1448/60/57 1387/61/58
f 1384/24/24 6/23/23 5/8/8 1382/7/7
f 1450/62/59 1449/63/60 1448/64/57 1447/65/56 1446/66/61 1445/67/62 1444/68/63 1443/69/64 1442/70/65 1441/71/66 1457/72/67 1456/73/68 1455/74/69 1454/75/70 1453/76/71 1452/77/72 1451/78/73
f 1108/79/74 1107/80/74 1090/81/75 1089/82/76 1128/83/77 1129/84/78
f 8/85/79 7/22/22 1386/86/21 1388/87/42 9/41/41
f 19/88/43 36/89/80 35/90/81 17/91/19 18/92/18
f 6/93/23 27/94/82 26/95/83 5/8/8
f 12/33/33 30/96/84 29/97/85 10/98/40 11/34/34
f 13/99/36 31/100/86 30/96/84 12/33/33
f 21/101/10 38/102/87 37/103/88 36/104/80 19/105/43 20/106/11
f 4/107/5 25/108/89 24/109/90 3/110/31
f 869/111/91 1319/112/92 1328/113/93 894/114/94 895/115/95 896/116/96 1327/117/97 897/118/98
f 2/119/4 23/120/99 22/121/100 1/1/1
f 17/91/19 35/90/81 34/122/101 16/16/16
f 1/1/1 22/121/100 39/123/102 38/102/87 21/101/10
f 14/124/39 32/125/103 31/100/86 13/99/36
f 10/98/40 29/97/85 28/126/104 8/127/79 9/128/41
f 26/95/83 25/108/89 4/107/5 5/8/8
f 15/129/13 33/130/105 32/131/103 14/132/39
f 8/133/79 28/134/104 27/94/82 6/93/23 7/135/22
f 3/136/31 24/137/90 23/120/99 2/119/4
f 27/94/82 46/138/106 45/139/107 26/95/83
f 35/90/81 56/140/108 55/141/109 34/122/101
f 39/123/102 59/142/110 58/143/111 37/144/88 38/102/87
f 1403/20/20 17/19/19 16/16/16 1401/15/15
f 26/95/83 45/139/107 44/145/112 25/108/89
f 36/146/80 57/147/113 56/148/108 35/149/81
f 31/100/86 52/150/114 51/151/115 30/96/84
f 37/144/88 58/143/111 57/147/113 36/146/80
f 25/152/89 44/153/112 43/154/116 42/155/117 24/156/90
f 33/157/105 54/158/118 53/159/119 32/160/103
f 24/156/90 42/155/117 41/161/120 23/162/99
f 32/160/103 53/159/119 52/163/114 31/164/86
f 22/121/100 40/165/121 59/142/110 39/123/102
f 23/120/99 41/166/120 40/165/121 22/121/100
f 29/167/85 50/168/122 49/169/123 48/170/124 28/171/104
f 30/96/84 51/151/115 50/172/122 29/97/85
f 28/171/104 48/170/124 47/173/125 46/174/106 27/175/82
f 41/161/120 62/176/126 61/177/127 60/178/128 40/179/121
f 55/180/109 84/181/129 83/182/130 82/183/130 81/184/130 80/185/131 53/159/119 54/158/118
f 45/186/107 68/187/132 67/188/133 66/189/133 65/190/134 43/154/116 44/153/112
f 75/191/135 74/192/135 73/193/136 49/169/123 50/168/122 51/194/115 76/195/137
f 1235/196/138 1240/197/139 1239/198/140 1234/199/141 1229/200/142 1230/201/143
f 49/169/123 73/193/136 72/202/144 71/203/145 47/173/125 48/170/124
f 518/204/146 517/205/147 541/206/148 542/207/149
f 40/179/121 60/178/128 91/208/150 90/209/150 89/210/150 88/211/151 57/147/113 58/143/111 59/212/110
f 43/154/116 65/190/134 64/213/152 63/214/152 62/176/126 41/161/120 42/155/117
f 1026/215/153 1025/216/154 1041/217/155 1042/218/156 1027/219/157
f 53/159/119 80/185/131 79/220/158 78/221/158 77/222/158 76/195/137 51/194/115 52/163/114
f 89/210/150 90/209/150 122/209/159 121/210/159
f 76/195/137 77/222/158 109/222/160 108/195/160
f 63/214/152 64/213/152 96/213/159 95/214/159
f 90/209/150 91/208/150 123/208/159 122/209/159
f 77/222/158 78/221/158 110/221/160 109/222/160
f 64/213/152 65/190/134 97/190/161 96/213/159
f 91/208/150 60/178/128 92/178/159 123/208/159
f 78/221/158 79/220/158 111/220/160 110/221/160
f 65/190/134 66/189/133 98/189/162 97/190/161
f 79/220/158 80/185/131 112/185/160 111/220/160
f 66/189/133 67/188/133 99/188/162 98/189/162
f 80/185/131 81/184/130 113/184/160 112/185/160
f 67/188/133 68/187/132 100/187/162 99/188/162
f 81/184/130 82/183/130 114/183/163 113/184/160
f 68/187/132 69/223/164 101/223/162 100/187/162
f 82/183/130 83/182/130 115/182/165 114/183/163
f 69/223/164 70/224/164 102/224/162 101/223/162
f 83/182/130 84/181/129 116/181/165 115/182/165
f 70/224/164 71/203/145 103/203/162 102/224/162
f 84/181/129 85/225/166 117/225/165 116/181/165
f 71/203/145 72/202/144 104/202/162 103/203/162
f 85/225/166 86/226/166 118/226/165 117/225/165
f 72/202/144 73/193/136 105/193/162 104/202/162
f 86/226/166 87/227/166 119/227/165 118/226/165
f 73/193/136 74/192/135 106/192/167 105/193/162
f 60/178/128 61/177/127 93/177/159 92/178/159
f 87/227/166 88/211/151 120/211/168 119/227/165
f 74/192/135 75/191/135 107/191/160 106/192/167
f 61/177/127 62/176/126 94/176/159 93/177/159
f 88/211/151 89/210/150 121/210/159 120/211/168
f 75/191/135 76/195/137 108/195/160 107/191/160
f 62/176/126 63/214/152 95/214/159 94/176/159
f 122/209/159 123/208/159 92/178/159 93/177/159 94/176/159 95/214/159 96/213/159 97/190/161 129/228/169 128/229/170 127/230/171 126/231/172 125/232/173 124/233/174 155/234/175 154/235/176 153/236/177 152/237/178 120/211/168 121/210/159
f 1174/238/179 1173/239/180 1197/240/181 1198/241/182
f 1431/242/183 1430/243/183 1429/244/183 1428/245/183 1427/246/184 1426/247/185 1425/248/185 1424/249/186 1423/250/187 1389/251/188 1391/252/189 1393/253/190 1395/254/191 1397/255/192 1399/256/193 1432/257/194
f 179/258/195 152/259/178 153/260/177 154/261/176 180/262/196
f 146/263/197 174/264/198 173/265/199 144/266/200 145/267/201
f 144/268/200 173/269/199 172/270/202 171/271/203 142/272/204 143/273/205
f 126/274/172 158/275/206 157/276/207 156/277/208 124/278/174 125/279/173
f 148/280/209 176/281/210 175/282/211 174/264/198 146/263/197 147/283/212
f 160/284/213 159/285/214 127/286/171 128/287/170 129/288/169 161/289/215
f 1160/290/216 1178/291/217 1179/292/218 1135/293/219 1134/294/220 1159/295/221
f 166/296/222 136/297/223 137/298/224 138/299/225 167/300/226
f 165/301/227 134/302/228 135/303/229 136/304/223 166/305/222
f 142/272/204 171/271/203 170/306/230 169/307/231 140/308/232 141/309/233
f 152/310/178 179/311/195 178/312/234 150/313/235 151/314/236
f 134/302/228 165/301/227 164/315/237 132/316/238 133/317/239
f 168/318/240 167/300/226 138/299/225 139/319/241 140/308/232 169/307/231
f 124/278/174 156/277/208 180/262/196 154/261/176 155/320/175
f 127/286/171 159/285/214 158/275/206 126/274/172
f 132/316/238 164/315/237 163/321/242 131/322/243
f 170/306/230 171/271/203 172/270/202 197/323/244 196/324/245
f 163/321/242 164/315/237 188/325/246 187/326/247 186/327/248 162/328/249
f 173/265/199 174/264/198 200/329/250 199/330/251 198/331/252
f 172/270/202 173/269/199 198/332/252 197/323/244
f 176/281/210 177/333/253 202/334/254 201/335/255 175/282/211
f 164/315/237 165/301/227 190/336/256 189/337/257 188/325/246
f 179/258/195 180/262/196 207/338/258 206/339/259 205/340/260
f 174/264/198 175/282/211 201/335/255 200/329/250
f 165/301/227 166/305/222 192/341/261 191/342/262 190/336/256
f 166/296/222 167/300/226 193/343/263 192/344/261
f 177/333/253 178/312/234 203/345/264 202/334/254
f 178/312/234 179/311/195 205/346/260 204/347/265 203/345/264
f 158/275/206 159/285/214 183/348/266 182/349/267 157/276/207
f 156/277/208 157/276/207 182/349/267 181/350/268
f 167/300/226 168/318/240 194/351/269 193/343/263
f 169/307/231 170/306/230 196/324/245 195/352/270 194/351/269 168/318/240
f 1286/353/271 1279/354/272 1278/355/273 1290/356/274 1291/357/275
f 161/289/215 162/328/249 186/327/248 185/358/276 184/359/277 160/360/213
f 159/285/214 160/284/213 184/361/277 183/348/266
f 190/336/256 191/342/262 214/362/278 213/363/279 189/337/257
f 205/340/260 206/339/259 226/364/280 225/365/281 204/347/265
f 203/345/264 204/347/265 225/365/281 224/366/282 202/334/254
f 198/331/252 199/330/251 222/367/283 221/368/284 197/323/244
f 191/342/262 192/341/261 215/369/285 214/362/278
f 192/344/261 193/343/263 217/370/286 216/371/287 215/372/285
f 182/349/267 183/348/266 210/373/288 209/374/289
f 181/350/268 182/349/267 209/374/289 208/375/290
f 194/351/269 195/352/270 219/376/291 218/377/292 217/370/286 193/343/263
f 186/327/248 187/326/247 212/378/293 211/379/294 185/358/276
f 184/359/277 185/358/276 211/379/294 210/373/288 183/348/266
f 206/339/259 207/338/258 227/380/295 226/364/280
f 195/352/270 196/324/245 220/381/296 219/376/291
f 181/350/268 208/375/290 228/382/297 227/380/295 207/338/258
f 200/329/250 201/335/255 223/383/298 222/367/283 199/330/251
f 188/325/246 189/337/257 213/363/279 212/378/293 187/326/247
f 230/384/299 231/385/300 249/386/301 248/387/302 247/388/303
f 197/323/244 221/368/284 220/381/296 196/324/245
f 220/389/296 237/390/304 236/391/305 218/392/292 219/393/291
f 240/394/306 223/395/298 224/396/282 241/397/307
f 243/398/308 226/399/280 227/400/295 228/401/297 244/402/309
f 533/403/310 532/404/311 531/405/312 530/406/313 529/407/314 528/408/315 556/409/316 557/410/317 558/411/318 559/412/319 560/413/320 561/414/321 562/415/322 563/416/323 564/417/324 547/418/325 546/419/325
f 229/420/326 209/421/289 210/422/288 230/423/299
f 211/424/294 231/425/300 230/423/299 210/422/288
f 319/426/327 320/427/328 276/428/329 275/429/330
f 590/430/331 589/431/332 613/432/333 614/433/334
f 150/313/235 178/312/234 177/333/253 176/281/210 148/280/209 149/434/335
f 212/435/293 232/436/336 231/425/300 211/424/294
f 1095/437/337 1094/438/338 1131/439/339 1132/440/340 1109/441/341 1110/442/342 1096/443/343
f 1016/444/344 1015/445/345 1034/446/346 1035/447/347
f 662/448/348 661/449/349 660/450/350 684/451/351 685/452/352 686/453/353 687/454/354 688/455/355
f 235/456/356 236/457/305 255/458/357 254/459/358
f 234/460/359 235/456/356 254/459/358 253/461/360
f 237/462/304 238/463/361 258/464/362 257/465/363 256/466/364
f 660/450/350 659/467/365 658/468/366 679/469/367 680/470/368 681/471/369 682/472/369 683/473/370 684/451/351
f 236/457/305 237/462/304 256/466/364 255/458/357
f 242/474/371 243/475/308 268/476/372 267/477/373 266/478/374
f 241/397/307 242/474/371 266/478/374 265/479/375 264/480/376
f 231/385/300 232/481/336 251/482/377 250/483/378 249/386/301
f 239/484/379 240/394/306 262/485/380 261/486/381 260/487/382
f 649/488/383 667/489/384 668/490/385 651/491/386 650/492/387
f 395/493/388 396/494/389 397/495/390 377/496/391 376/497/392 375/498/393 394/499/394
f 229/500/326 230/384/299 247/388/303 246/501/395 245/502/396
f 243/475/308 244/503/309 270/504/397 269/505/398 268/476/372
f 201/335/255 202/334/254 224/366/282 223/383/298
f 304/506/399 303/507/400 254/459/358 255/458/357 305/508/401
f 269/505/398 313/509/402 312/510/403 267/511/373 268/476/372
f 246/501/395 295/512/404 294/513/405 245/502/396
f 256/466/364 306/514/406 305/508/401 255/458/357
f 250/483/378 297/515/407 296/516/408 248/517/302 249/386/301
f 259/518/409 308/519/410 307/520/411 257/465/363 258/464/362
f 270/504/397 314/521/412 313/509/402 269/505/398
f 257/465/363 307/520/411 306/514/406 256/466/364
f 245/502/396 294/513/405 314/521/412 270/504/397
f 253/461/360 301/522/413 300/523/414 299/524/415 252/525/416
f 261/486/381 309/526/417 308/527/410 259/528/409 260/487/382
f 251/482/377 298/529/418 297/515/407 250/483/378
f 265/479/375 311/530/419 310/531/420 263/532/421 264/480/376
f 312/533/403 311/530/419 265/479/375 266/478/374 267/477/373
f 254/459/358 303/507/400 302/534/422 301/522/413 253/461/360
f 248/387/302 296/535/408 295/512/404 246/501/395 247/388/303
f 263/532/421 310/531/420 309/526/417 261/486/381 262/485/380
f 700/536/423 699/537/424 698/538/425 697/539/426 720/540/427 721/541/428 722/542/429 723/543/430
f 300/523/414 301/522/413 302/534/422 283/544/431 284/545/432 285/546/433
f 312/533/403 273/547/434 274/548/435 311/530/419
f 295/512/404 296/535/408 290/549/436 291/550/437
f 297/515/407 298/529/418 287/551/438 288/552/439
f 307/520/411 308/519/410 277/553/440 278/554/441
f 306/514/406 307/520/411 278/554/441 279/555/442
f 310/531/420 311/530/419 274/548/435 275/556/330
f 313/509/402 314/521/412 271/557/443 272/558/444
f 305/508/401 306/514/406 279/555/442 280/559/445
f 308/527/410 309/526/417 276/560/329 277/561/440
f 302/562/422 303/507/400 304/506/399 281/563/446 282/564/447 283/565/431
f 309/526/417 310/531/420 275/556/330 276/560/329
f 298/529/418 299/524/415 286/566/448 287/551/438
f 296/516/408 297/515/407 288/552/439 289/567/449 290/568/436
f 299/524/415 300/523/414 285/546/433 286/566/448
f 294/513/405 295/512/404 291/550/437 292/569/450
f 314/521/412 294/513/405 292/569/450 293/570/451 271/557/443
f 304/506/399 305/508/401 280/559/445 281/563/446
f 323/571/452 324/572/453 280/573/445 279/574/442 278/575/441 322/576/454
f 282/577/447 326/578/455 327/579/456 328/580/457 284/581/432 283/582/431
f 317/583/458 318/584/459 274/585/435 273/586/434
f 277/587/440 321/588/460 322/589/454 278/575/441
f 286/590/448 330/591/461 331/592/462 287/593/438
f 1128/83/77 1152/594/463 1153/595/464 1129/84/78
f 336/596/465 337/597/466 293/598/451 292/599/450 291/600/437 335/601/467
f 293/598/451 337/597/466 315/602/468 316/603/469 272/604/444 271/605/443
f 399/606/470 379/607/471 361/608/472 360/609/473 378/610/474 377/496/391 397/495/390 398/611/475
f 325/612/476 326/578/455 282/577/447 281/613/446 280/573/445 324/572/453
f 316/614/469 317/583/458 273/586/434 272/604/444
f 284/581/432 328/580/457 329/615/477 330/591/461 286/590/448 285/616/433
f 320/617/328 321/588/460 277/587/440 276/428/329
f 332/618/478 333/619/479 289/620/449 288/621/439 287/593/438 331/592/462
f 1373/622/480 1441/623/66 1442/624/65 1374/625/481
f 1256/626/482 1285/627/483 1284/628/484 1257/629/485
f 336/596/465 335/601/467 358/630/486 359/631/487
f 488/632/488 512/633/489 513/634/490 489/635/491
f 325/636/476 324/572/453 348/637/492 349/638/493
f 1442/624/65 1443/639/64 1376/640/494 1374/625/481
f 487/641/495 486/642/496 509/643/497 510/644/498 511/645/499
f 1452/646/72 1453/647/71 1397/648/192 1395/649/191
f 329/615/477 328/650/457 327/651/456 351/652/500 352/653/501 353/654/502
f 805/655/503 804/656/504 825/657/505 826/658/506
f 1446/659/61 1447/59/56 1385/58/55 1383/660/507
f 323/571/452 322/576/454 345/661/508 346/662/509
f 332/663/478 331/592/462 355/664/510 356/665/511
f 316/603/469 315/602/468 338/666/512 339/667/513
f 1402/668/514 1455/669/69 1456/670/68 1405/671/515
f 1451/672/73 1452/673/72 1395/674/191 1393/675/190
f 335/601/467 334/676/516 357/677/517 358/630/486
f 1400/678/518 1454/679/70 1455/669/69 1402/668/514
f 330/591/461 329/615/477 353/654/502 354/680/519
f 342/681/520 341/682/521 363/683/522 364/684/523
f 341/682/521 340/685/524 362/686/525 363/683/522
f 347/687/526 346/688/509 345/689/508 369/690/527 370/691/528
f 352/692/501 351/693/500 350/694/529 372/695/530 373/696/531
f 345/689/508 344/697/532 367/698/533 368/699/534 369/690/527
f 618/700/535 617/701/536 641/702/537 642/703/538
f 349/704/493 348/705/492 347/687/526 370/691/528 371/706/539 372/695/530 350/694/529
f 356/707/511 355/708/510 375/498/393 376/497/392 357/709/517
f 343/710/540 342/681/520 364/684/523 365/711/541 366/712/542
f 343/710/540 366/712/542 367/698/533 344/697/532
f 338/713/512 359/714/487 378/610/474 360/609/473
f 354/715/519 353/716/502 352/692/501 373/696/531 374/717/543
f 340/685/524 339/718/513 338/713/512 360/609/473 361/608/472 362/686/525
f 1331/719/544 1343/720/545 1344/721/546 908/722/547 883/723/548
f 238/463/361 239/484/379 260/487/382 259/518/409 258/464/362
f 380/724/549 381/725/550 363/683/522 362/686/525 361/608/472 379/607/471
f 1194/726/551 1214/727/552 1213/728/553 1195/729/554
f 389/730/555 390/731/556 391/732/557 373/696/531 372/695/530 371/706/539
f 534/733/558 533/403/310 546/419/325 547/418/325 564/417/324 565/734/559 566/735/560 567/736/561 568/737/562 569/738/563 570/739/564 571/740/565 548/741/566 549/742/566 539/743/567 538/744/568 537/745/569 536/746/570 535/747/571
f 384/748/572 385/749/573 386/750/574 368/699/534 367/698/533 366/712/542 365/711/541 383/751/575
f 387/752/576 388/753/577 389/730/555 371/706/539 370/691/528 369/690/527 368/699/534 386/750/574
f 379/754/471 400/755/578 401/756/579 380/757/549
f 385/758/573 384/759/572 404/760/580 405/761/581
f 393/762/582 392/763/583 410/764/584 411/765/585
f 394/766/394 393/762/582 411/765/585 412/767/586
f 388/768/577 387/769/576 406/770/587 407/771/588
f 381/772/550 380/773/549 401/774/579 402/775/589
f 390/776/556 389/777/555 408/778/590 409/779/591
f 386/780/574 385/781/573 405/782/581 406/770/587 387/769/576
f 379/754/471 399/783/470 416/784/592 400/755/578
f 384/759/572 383/785/575 382/786/593 403/787/594 404/760/580
f 398/788/475 397/789/390 396/790/389 414/791/595 415/792/596
f 1052/29/29 1051/28/28 1068/793/597 1069/794/598 1070/795/599 1071/796/600 1053/797/601 1041/217/155
f 395/798/388 394/766/394 412/767/586 413/799/602
f 382/786/593 381/772/550 402/775/589 403/787/594
f 399/783/470 398/788/475 415/792/596 416/784/592
f 392/763/583 391/800/557 390/801/556 409/802/591 410/764/584
f 389/777/555 388/768/577 407/771/588 408/778/590
f 1188/803/603 1233/804/604 1228/805/605 1189/806/606
f 416/784/592 437/807/607 417/808/608 418/809/609 400/755/578
f 405/782/581 423/810/610 424/811/611 406/770/587
f 412/767/586 432/812/612 433/813/613 413/799/602
f 410/764/584 430/814/614 431/815/615 411/765/585
f 413/799/602 433/813/613 434/816/616 414/817/595
f 428/818/617 429/819/618 409/779/591 408/778/590
f 406/770/587 424/811/611 425/820/619 426/821/620 407/771/588
f 420/822/621 421/823/622 403/787/594 402/775/589
f 415/792/596 435/824/623 436/825/624 437/807/607 416/784/592
f 400/755/578 418/809/609 419/826/625 401/756/579
f 404/760/580 422/827/626 423/828/610 405/761/581
f 1171/829/627 1191/830/628 1192/831/629 1147/832/630 1146/833/631
f 431/815/615 432/812/612 412/767/586 411/765/585
f 427/834/632 428/818/617 408/778/590 407/771/588 426/821/620
f 409/802/591 429/835/618 430/814/614 410/764/584
f 419/836/625 420/822/621 402/775/589 401/774/579
f 455/837/633 456/838/634 435/824/623 434/839/616
f 432/812/612 453/840/635 454/841/636 433/813/613
f 424/811/611 446/842/637 447/843/638 425/820/619
f 444/844/639 445/845/640 423/828/610 422/827/626
f 439/846/641 440/847/642 419/826/625 418/809/609
f 443/848/643 444/844/639 422/827/626 421/823/622 442/849/644
f 457/850/645 438/851/646 417/808/608 437/807/607 436/825/624
f 447/843/638 448/852/647 427/834/632 426/821/620 425/820/619
f 430/814/614 451/853/648 452/854/649 431/815/615
f 429/835/618 450/855/650 451/853/648 430/814/614
f 454/841/636 455/856/633 434/816/616 433/813/613
f 180/262/196 156/277/208 181/350/268 207/338/258
f 420/822/621 441/857/651 442/849/644 421/823/622
f 435/824/623 456/838/634 457/850/645 436/825/624
f 427/834/632 448/852/647 449/858/652 428/818/617
f 419/836/625 440/859/642 441/857/651 420/822/621
f 446/842/637 424/811/611 423/810/610 445/860/640
f 417/808/608 438/851/646 439/846/641 418/809/609
f 234/861/359 214/862/278 215/863/285 216/864/287 235/865/356
f 446/866/637 445/867/640 444/868/639 443/869/643 463/870/653 464/871/654 465/872/655 466/873/656 467/874/657 468/875/658 469/876/659 470/877/660 471/878/661 472/879/662 473/880/663 474/881/664 454/882/636 453/883/635 452/884/649 451/885/648 450/886/650 449/887/652 448/888/647 447/889/638
f 223/395/298 240/890/306 239/891/379 222/892/283
f 466/893/656 465/894/655 486/642/496 487/641/495
f 474/895/664 473/896/663 494/897/665 495/898/666 496/899/667 475/900/668
f 477/901/669 476/902/670 497/903/671 498/904/672
f 468/905/658 467/906/657 488/632/488 489/635/491
f 1144/907/673 1145/908/674 1123/909/675 1106/910/676 1105/911/677 1143/912/678
f 464/913/654 463/914/653 484/915/679 485/916/680
f 463/914/653 462/917/681 483/918/682 484/915/679
f 472/919/662 471/920/661 492/921/683 493/922/684
f 473/896/663 472/919/662 493/922/684 494/897/665
f 469/923/659 490/924/685 491/925/686 470/926/660
f 478/927/687 477/901/669 498/904/672 499/928/688
f 458/929/689 478/927/687 499/928/688 479/930/690
f 469/923/659 468/905/658 489/635/491 490/924/685
f 471/920/661 470/931/660 491/932/686 492/921/683
f 476/933/670 475/900/668 496/899/667 497/934/671
f 462/917/681 461/935/691 482/936/692 483/918/682
f 459/937/693 458/929/689 479/930/690 480/938/694
f 465/939/655 464/913/654 485/916/680 486/940/496
f 467/906/657 466/893/656 487/641/495 488/632/488
f 461/935/691 460/941/695 481/942/696 482/936/692
f 497/903/671 521/943/697 522/944/698 523/945/699 498/904/672
f 1281/946/700 1276/947/701 1277/948/702 1275/949/703 1280/950/704
f 497/934/671 496/899/667 495/898/666 519/951/705 520/952/706 521/953/697
f 481/942/696 480/938/694 502/954/707 503/955/708 504/956/709
f 484/915/679 483/918/682 506/957/710 507/958/711
f 479/930/690 499/928/688 524/959/712 500/960/713
f 493/922/684 492/921/683 516/961/714 517/205/147
f 316/603/469 339/667/513 340/962/524 317/963/458
f 1407/964/715 1457/965/67 1441/623/66 1373/622/480
f 499/928/688 498/904/672 523/945/699 524/959/712
f 803/966/716 802/967/717 801/968/718 823/969/719 824/970/720
f 490/924/685 489/635/491 513/634/490 514/971/721
f 1261/972/722 1262/973/723 1289/974/724 1288/975/725 1260/976/726
f 797/977/52 818/978/727 819/979/728 798/980/53
f 319/426/327 342/981/520 343/982/540 320/427/328
f 486/940/496 485/916/680 508/983/729 509/984/497
f 800/985/730 821/986/731 822/987/732 823/969/719 801/968/718
f 488/632/488 487/641/495 511/645/499 512/633/489
f 495/898/666 494/897/665 518/204/146 519/951/705
f 482/936/692 481/942/696 504/956/709 505/988/733
f 517/205/147 516/961/714 540/989/734 541/206/148
f 513/634/490 512/633/489 535/990/571 536/991/570
f 522/992/698 521/993/697 520/994/706 543/995/735 544/996/736
f 519/951/705 518/204/146 542/207/149 543/995/735 520/994/706
f 500/960/713 524/959/712 545/997/737 525/998/738
f 514/971/721 513/634/490 536/991/570 537/999/569
f 506/957/710 505/988/733 529/1000/314 530/1001/313
f 516/1002/714 515/1003/739 538/744/568 539/743/567 540/1004/734
f 512/633/489 511/1005/499 510/1006/498 534/733/558 535/990/571
f 505/1007/733 504/1008/709 503/1009/708 527/1010/740 528/408/315 529/407/314
f 515/1003/739 514/1011/721 537/745/569 538/744/568
f 55/141/109 54/1012/118 33/130/105 34/122/101
f 523/1013/699 522/992/698 544/996/736 545/997/737 524/959/712
f 501/1014/741 500/960/713 525/998/738 526/1015/742
f 510/1006/498 509/1016/497 508/1017/729 532/404/311 533/403/310 534/733/558
f 502/1018/707 501/1019/741 526/1020/742 527/1010/740 503/1009/708
f 508/1017/729 507/958/711 531/1021/312 532/404/311
f 507/958/711 506/957/710 530/1001/313 531/1021/312
f 785/1022/743 784/1023/744 805/1024/503 806/1025/745 807/1026/746 787/1027/747 786/1028/748
f 222/892/283 239/891/379 238/1029/361 221/1030/284
f 917/1031/749 916/1032/750 1351/1033/751 1353/1034/752
f 681/471/369 680/470/368 707/1035/753 708/1036/754 709/1037/755 683/473/370 682/472/369
f 1051/28/28 1050/1038/756 1049/1039/757 1065/1040/758 1066/1041/759 1067/1042/760 1068/793/597
f 428/818/617 449/858/652 450/1043/650 429/819/618
f 1244/1044/761 1245/1045/761 1246/1046/762 1207/1047/763 1206/1048/764 1205/1049/765 1242/1050/766 1243/1051/767
f 1054/1052/768 1256/626/482 1271/1053/769 1055/1054/770
f 382/1055/593 383/751/575 365/711/541 364/684/523 363/683/522 381/725/550
f 563/416/323 562/415/322 561/414/321 590/1056/331 591/1057/771
f 571/740/565 570/739/564 596/1058/772 597/1059/773 598/1060/774 572/1061/775
f 561/414/321 560/413/320 559/412/319 589/1062/332 590/1056/331
f 558/411/318 557/410/317 588/1063/776 589/1062/332 559/412/319
f 570/739/564 569/738/563 568/737/562 594/1064/777 595/1065/778 596/1058/772
f 577/1066/779 576/1067/780 575/1068/781 600/1069/782 601/1070/783
f 566/735/560 565/734/559 564/417/324 563/416/323 591/1057/771 592/1071/784 593/1072/785
f 1220/1073/786 1226/1074/787 1225/1075/788 1218/1076/789 1219/1077/790
f 582/1078/791 581/1079/792 580/1080/793 603/1081/794 604/1082/795 605/1083/796
f 574/1084/797 573/1085/797 572/1061/775 598/1060/774 599/1086/798 600/1069/782 575/1068/781
f 552/1087/799 583/1088/800 582/1078/791 605/1083/796 606/1089/801 584/1090/802
f 553/1091/803 552/1087/799 584/1090/802 585/1092/804 586/1093/805 554/1094/806
f 579/1095/807 578/1096/807 577/1066/779 601/1070/783 602/1097/808 603/1081/794 580/1080/793
f 604/1098/795 603/1099/794 629/1100/809 630/1101/810
f 597/1102/773 596/1103/772 595/1104/778 619/1105/811 620/1106/812 621/1107/813
f 600/1108/782 599/1109/798 623/1110/814 624/1111/815 625/1112/816
f 586/1113/805 585/1114/804 608/1115/817 609/1116/818 610/1117/819 587/1118/820
f 606/1119/801 605/1120/796 604/1098/795 630/1101/810 631/1121/821 632/1122/822
f 588/1123/776 587/1124/820 610/1125/819 611/1126/823 612/1127/824
f 595/1104/778 594/1128/777 618/700/535 619/1105/811
f 602/1129/808 601/1130/783 627/1131/825 628/1132/826
f 593/1133/785 617/701/536 618/700/535 594/1128/777
f 585/1114/804 584/1134/802 606/1119/801 632/1122/822 607/1135/827 608/1115/817
f 601/1130/783 600/1108/782 625/1112/816 626/1136/828 627/1131/825
f 591/1137/771 590/430/331 614/433/334 615/1138/829
f 603/1099/794 602/1129/808 628/1132/826 629/1100/809
f 589/431/332 588/1123/776 612/1127/824 613/432/333
f 593/1133/785 592/1139/784 616/1140/830 617/701/536
f 599/1109/798 598/1141/774 597/1142/773 621/1143/813 622/1144/831 623/1110/814
f 592/1139/784 591/1145/771 615/1146/829 616/1140/830
f 1049/1039/757 1048/1147/832 1047/1148/833 1046/1149/834 1061/1150/835 1062/1151/836 1063/1152/837 1064/1153/838 1065/1040/758
f 1141/1154/839 1142/1155/840 1104/1156/841 1103/1157/842 1122/1158/843 1121/1159/844 1140/1160/845
f 629/1100/809 628/1132/826 649/1161/383 650/1162/387
f 630/1101/810 629/1100/809 650/1162/387 651/1163/386 652/1164/846 631/1121/821
f 620/1106/812 619/1105/811 618/700/535 642/703/538 643/1165/847 644/1166/848
f 624/1111/815 623/1110/814 622/1144/831 646/1167/849 647/1168/850
f 607/1135/827 632/1122/822 631/1121/821 652/1164/846 653/1169/851 633/1170/852
f 613/432/333 612/1127/824 636/1171/853 637/1172/854
f 614/433/334 613/432/333 637/1172/854 638/1173/855
f 610/1117/819 609/1116/818 634/1174/856 635/1175/857 611/1126/823
f 617/701/536 616/1140/830 640/1176/858 641/702/537
f 612/1127/824 611/1126/823 635/1175/857 636/1171/853
f 616/1140/830 615/1146/829 639/1177/859 640/1176/858
f 627/1131/825 626/1136/828 648/1178/860 649/1161/383 628/1132/826
f 622/1144/831 621/1107/813 620/1106/812 644/1166/848 645/1179/861 646/1167/849
f 626/1136/828 625/1112/816 624/1111/815 647/1168/850 648/1178/860
f 609/1116/818 608/1115/817 607/1135/827 633/1170/852 634/1174/856
f 615/1138/829 614/433/334 638/1173/855 639/1180/859
f 645/1181/861 644/1182/848 643/1183/847 661/449/349 662/448/348 663/1184/862
f 649/488/383 648/1185/860 665/1186/863 666/1187/864 667/489/384
f 633/1188/852 653/1189/851 669/1190/865 654/1191/866 634/1192/856
f 642/1193/538 641/1194/537 660/450/350 661/449/349 643/1183/847
f 638/1195/855 658/468/366 659/467/365 639/1196/859
f 637/1197/854 636/1198/853 656/1199/867 657/1200/868
f 638/1195/855 637/1197/854 657/1200/868 658/468/366
f 635/1201/857 634/1192/856 654/1191/866 655/1202/869 656/1199/867 636/1198/853
f 640/1203/858 639/1196/859 659/467/365 660/450/350 641/1194/537
f 1293/1204/870 1299/1205/871 858/1206/872 857/1207/873 1292/1208/874
f 648/1185/860 647/1209/850 664/1210/875 665/1186/863
f 652/1211/846 651/491/386 668/490/385 669/1190/865 653/1189/851
f 646/1212/849 645/1181/861 663/1184/862 664/1210/875 647/1209/850
f 1379/1213/876 1444/1214/63 1445/1215/62 1381/1216/877
f 1443/1217/64 1444/1214/63 1379/1213/876 1376/1218/494
f 753/1219/878 776/1220/50 777/1221/49 754/1222/879
f 656/1199/867 655/1202/869 673/1223/880 674/1224/881 675/1225/882 676/1226/883 677/1227/884 678/1228/885 679/469/367 658/468/366 657/1200/868
f 1380/6/6 4/5/5 3/31/31 1377/30/30 1378/1229/886
f 668/490/385 667/489/384 666/1187/864 695/1230/887 696/1231/888 697/539/426 698/538/425 699/537/424
f 665/1186/863 664/1210/875 692/1232/889 693/1233/890 694/1234/891 695/1230/887 666/1187/864
f 233/1235/892 213/1236/279 214/862/278 234/861/359
f 324/572/453 323/571/452 346/662/509 347/1237/526 348/637/492
f 685/452/352 684/451/351 683/473/370 709/1037/755 710/1238/893 711/1239/894
f 321/1240/460 320/427/328 343/982/540 344/1241/532
f 1387/1242/58 1448/1243/57 1449/1244/60 1389/1245/188
f 692/1232/889 691/1246/895 690/1247/896 715/1248/897 716/1249/898 717/1250/899
f 701/1251/900 700/536/423 723/543/430 724/1252/901
f 697/539/426 696/1231/888 695/1230/887 694/1234/891 718/1253/902 719/1254/903 720/540/427
f 694/1234/891 693/1233/890 692/1232/889 717/1250/899 718/1253/902
f 903/1255/904 902/1256/905 1347/1257/906 1349/1258/907
f 1154/1259/908 1173/239/180 1174/238/179 1155/1260/909
f 721/1261/428 720/1262/427 719/1263/903 745/1264/910 746/1265/911
f 705/1266/912 704/1267/913 728/1268/914 729/1269/915 730/1270/916
f 708/1271/754 707/1272/753 734/1273/917 735/1274/918
f 714/1275/919 713/1276/920 738/1277/921 739/1278/922 740/1279/923
f 719/1263/903 718/1280/902 744/1281/924 745/1264/910
f 706/1282/925 705/1266/912 730/1270/916 731/1283/926 732/1284/927
f 712/1285/928 711/1286/894 710/1287/893 736/1288/929 737/1289/930
f 716/1290/898 715/1291/897 714/1292/919 740/1293/923 741/1294/931 742/1295/932
f 717/1296/899 743/1297/933 744/1281/924 718/1280/902
f 710/1287/893 709/1298/755 708/1271/754 735/1274/918 736/1288/929
f 706/1282/925 732/1284/927 733/1299/934 734/1273/917 707/1272/753
f 702/1300/935 724/1301/901 749/1302/936 725/1303/937 726/1304/938
f 723/1305/430 722/1306/429 747/1307/939 748/1308/940 749/1302/936 724/1301/901
f 703/1309/941 702/1300/935 726/1304/938 727/1310/942
f 722/1306/429 721/1261/428 746/1265/911 747/1307/939
f 717/1296/899 716/1290/898 742/1295/932 743/1297/933
f 713/1276/920 712/1285/928 737/1289/930 738/1277/921
f 739/1278/922 738/1277/921 737/1289/930 761/1311/943 762/1312/944 763/1313/945
f 729/1269/915 728/1268/914 752/1314/946 753/1219/878
f 734/1273/917 756/1315/947 757/1316/948 735/1274/918
f 737/1289/930 736/1288/929 759/1317/949 760/1318/950 761/1311/943
f 745/1264/910 770/1319/951 771/1320/952 746/1265/911
f 748/1308/940 747/1307/939 746/1265/911 771/1320/952 772/1321/953
f 733/1299/934 732/1284/927 731/1283/926 754/1222/879 755/1322/954
f 728/1268/914 727/1310/942 751/1323/955 752/1314/946
f 744/1281/924 743/1297/933 766/1324/956 767/1325/957 768/1326/958
f 745/1264/910 744/1281/924 768/1326/958 769/1327/959 770/1319/951
f 736/1288/929 735/1274/918 757/1316/948 758/1328/960 759/1317/949
f 727/1310/942 726/1304/938 725/1303/937 750/1329/961 751/1323/955
f 749/1302/936 748/1308/940 772/1321/953 750/1329/961 725/1303/937
f 731/1283/926 730/1270/916 729/1269/915 753/1219/878 754/1222/879
f 252/525/416 299/524/415 298/529/418 251/482/377
f 734/1273/917 733/1299/934 755/1322/954 756/1315/947
f 743/1297/933 742/1295/932 741/1294/931 765/1330/962 766/1324/956
f 765/1330/962 764/1331/963 786/1332/748 787/1333/747
f 772/1321/953 771/1320/952 793/1334/964 794/1335/965
f 771/1320/952 770/1319/951 792/1336/966 793/1334/964
f 762/1312/944 761/1311/943 760/1318/950 783/1337/967 784/1338/744 785/1339/743
f 769/1327/959 768/1326/958 767/1325/957 789/1340/968 790/1341/969 791/1342/970
f 750/1329/961 773/1343/971 774/1344/972 751/1323/955
f 752/1314/946 751/1323/955 774/1344/972 775/1345/51
f 229/500/326 245/502/396 270/504/397 244/503/309
f 750/1329/961 772/1321/953 794/1335/965 773/1343/971
f 767/1325/957 766/1324/956 788/1346/973 789/1340/968
f 770/1319/951 769/1327/959 791/1342/970 792/1336/966
f 756/1315/947 755/1322/954 778/1347/974 779/1348/975
f 755/1322/954 754/1222/879 777/1221/49 778/1347/974
f 757/1316/948 756/1315/947 779/1348/975 780/1349/976 781/1350/977
f 764/1351/963 763/1313/945 762/1312/944 785/1339/743 786/1352/748
f 758/1328/960 757/1316/948 781/1350/977 782/1353/978
f 759/1317/949 758/1328/960 782/1353/978 783/1337/967 760/1318/950
f 766/1324/956 765/1330/962 787/1333/747 788/1346/973
f 753/1219/878 752/1314/946 775/1345/51 776/1220/50
f 788/1354/973 787/1027/747 807/1026/746 808/1355/979 809/1356/980 810/1357/981 790/1358/969 789/1359/968
f 393/1360/582 394/499/394 375/498/393 374/717/543 373/696/531 391/732/557 392/1361/583
f 793/1362/964 792/1363/966 791/1364/970 790/1358/969 810/1357/981 811/1365/982 812/1366/983 813/1367/984
f 1329/1368/985 1368/1369/986 893/1370/987
f 318/1371/459 317/1372/458 340/1373/524 341/1374/521
f 434/839/616 435/824/623 415/792/596 414/791/595
f 794/1375/965 793/1362/964 813/1367/984 814/1376/988 795/1377/989 773/1378/971
f 1242/1050/766 1205/1049/765 1204/1379/990 1241/1380/991
f 315/602/468 337/597/466 336/596/465 359/631/487 338/666/512
f 796/1381/992 817/1382/993 818/978/727 797/977/52
f 811/1383/982 810/1384/981 809/1385/980 830/1386/994 831/1387/995
f 812/1388/983 811/1383/982 831/1387/995 832/1389/996
f 1241/1380/991 1204/1379/990 1203/1390/997 1202/1391/998 1239/198/140 1240/197/139
f 1440/1392/999 1439/1393/1000 1438/1394/1001 1437/1395/1001 1436/1396/1001 1435/1397/1002 1434/1398/1003 1433/1399/1003 1432/257/194 1399/256/193 1400/1400/518 1402/1401/514 1405/1402/515 1407/1403/715 1373/1404/480 1409/1405/1004
f 813/1406/984 812/1388/983 832/1389/996 833/1407/1005
f 327/1408/456 326/1409/455 325/636/476 349/638/493 350/1410/529 351/1411/500
f 808/1412/979 829/1413/1006 830/1386/994 809/1385/980
f 491/925/686 490/924/685 514/971/721 515/1414/739
f 1087/1415/1007 1126/1416/1008 1127/1417/1009 1088/1418/1010
f 1254/1419/1011 1255/1420/1012 1291/357/275 1290/356/274 1253/1421/1013
f 1449/1244/60 1450/1422/59 1391/1423/189 1389/1245/188
f 808/1412/979 807/1424/746 828/1425/1014 829/1413/1006
f 778/1426/974 777/52/49 799/57/54 800/1427/730 801/1428/718 802/1429/717 780/1430/976 779/1431/975
f 689/1432/1015 688/455/355 687/454/354 713/1433/920 714/1434/919 715/1248/897 690/1247/896
f 826/658/506 848/1435/1016 849/1436/1017 850/1437/1018 827/1438/1019
f 822/987/732 821/986/731 820/1439/1020 842/1440/1021 843/1441/1022 844/1442/1023
f 970/1443/1024 969/1444/1025 968/1445/1026 1015/1446/345 1016/1447/344
f 816/1448/1027 815/1449/1028 836/1450/1029 861/1451/1030 837/1452/1031 838/1453/1032
f 826/658/506 825/657/505 847/1454/1033 848/1435/1016
f 819/979/728 818/978/727 840/1455/1034 841/1456/1035
f 818/978/727 817/1382/993 839/1457/1036 840/1455/1034
f 824/970/720 823/969/719 845/1458/1037 846/1459/1038
f 830/1386/994 829/1413/1006 853/1460/1039 854/1461/1040
f 820/1439/1020 819/979/728 841/1456/1035 842/1440/1021
f 817/1382/993 816/1448/1027 838/1453/1032 839/1457/1036
f 829/1413/1006 828/1425/1014 852/1462/1041 853/1460/1039
f 834/1463/1042 833/1407/1005 858/1206/872 859/1464/1043
f 830/1386/994 854/1461/1040 855/1465/1044 856/1466/1045 831/1387/995
f 836/1450/1029 835/1467/1046 834/1463/1042 859/1464/1043 860/1468/1047 861/1451/1030
f 832/1389/996 857/1207/873 858/1206/872 833/1407/1005
f 825/657/505 824/970/720 846/1459/1038 847/1454/1033
f 832/1389/996 831/1387/995 856/1466/1045 857/1207/873
f 823/969/719 822/987/732 844/1442/1023 845/1458/1037
f 1297/1469/1048 1302/1470/1049 848/1435/1016 847/1454/1033 1295/1471/1050
f 846/1459/1038 1294/1472/1051 1295/1471/1050 847/1454/1033
f 851/1473/1052 1306/1474/1053 1309/1475/1054 1310/1476/1055 853/1460/1039 852/1462/1041
f 1121/1477/844 1120/1478/1056 1119/1479/1057 1139/1480/1058 1140/1481/845
f 858/1206/872 1299/1205/871 1301/1482/1059 860/1468/1047 859/1464/1043
f 1300/1483/1060 1305/1484/1061 840/1455/1034 839/1457/1036 1298/1485/1062
f 1310/1476/1055 1312/1486/1063 854/1461/1040 853/1460/1039
f 1304/1487/1064 1296/1488/1065 837/1452/1031 861/1451/1030 860/1468/1047 1301/1482/1059
f 703/1309/941 727/1310/942 728/1268/914 704/1267/913
f 848/1435/1016 1302/1470/1049 1303/1489/1066 849/1436/1017
f 1303/1489/1066 1306/1490/1053 851/1491/1052 850/1437/1018 849/1436/1017
f 840/1455/1034 1305/1484/1061 1307/1492/1067 841/1456/1035
f 854/1461/1040 1312/1486/1063 1315/1493/1068 855/1465/1044
f 1314/1494/1069 1294/1472/1051 846/1459/1038 845/1458/1037 1313/1495/1070
f 1308/1496/1071 1311/1497/1072 843/1441/1022 842/1440/1021 841/1456/1035 1307/1492/1067
f 855/1465/1044 1315/1493/1068 1292/1208/874 857/1207/873 856/1466/1045
f 1183/1498/1073 1182/1499/1074 1205/1500/765 1206/1501/764
f 218/392/292 236/391/305 235/865/356 216/864/287 217/1502/286
f 1302/1470/1049 1297/1469/1048 866/1503/1075 1316/1504/1076
f 1314/1505/1069 1313/1495/1070 1311/1497/1072 1317/1506/1077 864/1507/1078
f 1312/1486/1063 1310/1476/1055 1309/1475/1054 1323/1508/1079 868/1509/1080
f 1306/1490/1053 1303/1489/1066 1302/1470/1049 1316/1504/1076 867/1510/1081
f 1304/1487/1064 1301/1482/1059 1299/1205/871 1322/1511/1082 1320/1512/1083
f 1300/1513/1060 1298/1485/1062 1296/1488/1065 1321/1514/1084 862/1515/1085
f 1305/1484/1061 1300/1483/1060 862/1516/1085 1318/1517/1086
f 1315/1493/1068 1312/1486/1063 868/1509/1080 1319/112/92
f 221/1030/284 238/1029/361 237/390/304 220/389/296
f 1297/1469/1048 1295/1471/1050 1294/1472/1051 865/1518/1087 866/1503/1075
f 1308/1496/1071 1307/1492/1067 1305/1484/1061 1318/1517/1086 863/1519/1088
f 1296/1488/1065 1304/1487/1064 1320/1512/1083 1321/1514/1084
f 1294/1472/1051 1314/1494/1069 864/1520/1078 865/1518/1087
f 1299/1205/871 1293/1204/870 869/1521/91 1322/1511/1082
f 1309/1475/1054 1306/1474/1053 867/1522/1081 1323/1508/1079
f 1311/1497/1072 1308/1496/1071 863/1519/1088 1317/1506/1077
f 1337/1523/1089 885/1524/1090 866/1503/1075 865/1518/1087 882/1525/1091 1331/1526/544 883/1527/548 884/1528/1092
f 1318/1517/1086 862/1516/1085 873/1529/1093 1325/1530/1094
f 1334/1531/1095 889/1532/1096 867/1510/1081 1316/1504/1076 1324/1533/1097 886/1534/1098 887/1535/1099 888/1536/1100
f 1319/112/92 868/1509/1080 893/1537/987 1328/113/93
f 1329/1538/985 893/1537/987 868/1509/1080 1323/1508/1079 1336/1539/1101 890/1540/1102 891/1541/1103 892/1542/1104
f 1320/1512/1083 1322/1511/1082 1335/1543/1105 898/1544/1106 899/1545/1107 900/1546/1108 901/1547/1109 1330/1548/1110
f 655/1202/869 654/1191/866 669/1190/865 668/490/385 699/537/424 700/536/423 701/1251/900 670/1549/1111 671/1550/1111 672/1551/1112 673/1223/880
f 864/1507/1078 1317/1506/1077 1339/1552/1113 878/1553/1114 879/1554/1115 880/1555/1116 1332/1556/1117 881/1557/1118
f 1321/1514/1084 1320/1512/1083 1330/1548/1110 1333/1558/1119
f 865/1518/1087 864/1520/1078 881/1559/1118 882/1525/1091
f 107/191/160 108/195/160 109/222/160 110/221/160 111/220/160 112/185/160 113/184/160 114/183/163 146/1560/197 145/1561/201 144/1562/200 143/1563/205 142/1564/204 141/1565/233 140/1566/232 139/1567/241 138/1568/225 106/192/167
f 1322/1511/1082 869/1521/91 897/1569/98 1335/1543/1105
f 1323/1508/1079 867/1522/1081 889/1570/1096 1336/1539/1101
f 862/1515/1085 1321/1514/1084 1333/1558/1119 870/1571/1120 871/1572/1121 872/1573/1122 1326/1574/1123 873/1575/1093
f 1317/1506/1077 863/1519/1088 877/1576/1124 1339/1552/1113
f 1316/1504/1076 866/1503/1075 885/1524/1090 1324/1533/1097
f 1338/1577/1125 877/1576/1124 863/1519/1088 1318/1517/1086 1325/1530/1094 874/1578/1126 875/1579/1127 876/1580/1128
f 888/1581/1100 887/1582/1099 910/1583/1129 911/1584/1130
f 884/1585/1092 883/723/548 908/722/547 909/1586/1131
f 909/1586/1131 1345/1587/1132 1348/1588/1133 1337/1589/1089 884/1585/1092
f 890/1590/1102 1363/1591/1134 1364/1592/1135 912/1593/1136 891/1594/1103
f 1333/1595/1119 1330/1596/1110 1356/1597/1137 1346/1598/1138
f 882/1599/1091 881/1600/1118 1370/1601/1139 1343/1602/545
f 1192/831/629 1191/830/628 1190/1603/1140 1222/1604/1141 1221/1605/1142 1215/1606/1143
f 898/1607/1106 1350/1608/1144 1351/1033/751 916/1609/750 899/1610/1107
f 876/1611/1128 875/1612/1127 904/1613/1145 905/1614/1146
f 1335/1615/1105 897/1616/98 1342/1617/1147 1350/1618/1144
f 1336/1619/1101 889/1620/1096 1360/1621/1148 1363/1622/1134
f 870/1623/1120 1346/1624/1138 1347/1257/906 902/1625/905 871/1626/1121
f 917/1627/749 1353/1034/752 1356/1628/1137 901/1629/1109 900/1630/1108
f 872/1631/1122 871/1626/1121 902/1625/905 903/1632/904
f 907/1633/1149 1369/1634/1150 1370/1635/1139 1332/1556/1117 880/1555/1116
f 886/1636/1098 1354/1637/1151 1355/1638/1152 910/1583/1129 887/1582/1099
f 1339/1639/1113 877/1640/1124 1362/1641/1153 1366/1642/1154
f 1324/1643/1097 885/1644/1090 1348/1645/1133 1354/1646/1151
f 892/1647/1104 891/1594/1103 912/1593/1136 913/1648/1155
f 913/1648/1155 1365/1649/1156 1368/1650/986 1329/1368/985 892/1647/1104
f 915/1651/1157 1341/1652/1158 1342/1653/1147 1327/117/97 896/116/96
f 900/1630/1108 899/1610/1107 916/1609/750 917/1627/749
f 878/1654/1114 1366/1655/1154 1367/1656/1159 906/1657/1160 879/1658/1115
f 874/1659/1126 1358/1660/1161 1359/1661/1162 904/1613/1145 875/1612/1127
f 896/1662/96 895/1663/95 914/1664/1163 915/1665/1157
f 880/1666/1116 879/1658/1115 906/1657/1160 907/1667/1149
f 1325/1668/1094 873/1669/1093 1352/1670/1164 1358/1671/1161
f 905/1614/1146 1361/1672/1165 1362/1673/1153 1338/1674/1125 876/1611/1128
f 1328/1675/93 893/1370/987 1368/1369/986 1371/1676/1166
f 911/1677/1130 1357/1678/1167 1360/1679/1148 1334/1531/1095 888/1536/1100
f 894/1680/94 1371/1681/1166 1340/1682/1168 914/1664/1163 895/1663/95
f 903/1255/904 1349/1258/907 1352/1683/1164 1326/1574/1123 872/1573/1122
f 1361/1684/1165 1359/1685/1162 923/1686/1169 924/1687/1170
f 1350/1618/1144 1342/1617/1147 945/1688/1171 946/1689/1172
f 1363/1622/1134 1360/1621/1148 937/1690/1173 938/1691/1174
f 1348/1645/1133 1345/1692/1132 932/1693/1175 933/1694/1176
f 1362/1641/1153 1361/1684/1165 924/1687/1170 925/1695/1177
f 1349/1696/907 1347/1697/906 919/1698/1178 920/1699/1179
f 1364/1700/1135 1363/1622/1134 938/1691/1174 939/1701/1180
f 1351/1702/751 1350/1618/1144 946/1689/1172 947/1703/1181
f 1366/1642/1154 1362/1641/1153 925/1695/1177 926/1704/1182
f 1354/1646/1151 1348/1645/1133 933/1694/1176 934/1705/1183
f 1365/1706/1156 1364/1700/1135 939/1701/1180 940/1707/1184
f 1352/1670/1164 1349/1696/907 920/1699/1179 921/1708/1185
f 1367/1709/1159 1366/1642/1154 926/1704/1182 927/1710/1186
f 1353/1711/752 1351/1702/751 947/1703/1181 948/1712/1187
f 1368/1369/986 1365/1706/1156 940/1707/1184 941/1713/1188
f 1355/1714/1152 1354/1646/1151 934/1705/1183 935/1715/1189
f 1341/1716/1158 1340/1717/1168 943/1718/1190 944/1719/1191
f 1369/1720/1150 1367/1709/1159 927/1710/1186 928/1721/1192
f 1358/1671/1161 1352/1670/1164 921/1708/1185 922/1722/1193
f 1342/1617/1147 1341/1716/1158 944/1719/1191 945/1688/1171
f 1371/1676/1166 1368/1369/986 941/1713/1188 942/1723/1194
f 1356/1597/1137 1353/1711/752 948/1712/1187 949/1724/1195
f 1344/1725/546 1343/1602/545 930/1726/1196 931/1727/1197
f 1370/1601/1139 1369/1720/1150 928/1721/1192 929/1728/1198
f 1357/1729/1167 1355/1714/1152 935/1715/1189 936/1730/1199
f 1345/1692/1132 1344/1725/546 931/1727/1197 932/1693/1175
f 1340/1717/1168 1371/1676/1166 942/1723/1194 943/1718/1190
f 1359/1685/1162 1358/1671/1161 922/1722/1193 923/1686/1169
f 1346/1598/1138 1356/1597/1137 949/1724/1195 918/1731/1200
f 1343/1602/545 1370/1601/1139 929/1728/1198 930/1726/1196
f 1360/1621/1148 1357/1729/1167 936/1730/1199 937/1690/1173
f 1347/1697/906 1346/1598/1138 918/1731/1200 919/1698/1178
f 1003/1732/1201 997/1733/1202 956/1734/1203 957/1735/1204 958/1736/1205
f 992/1737/1206 1004/1738/1207 966/1739/1208 967/1740/1209 968/1445/1026 991/1741/1210
f 1004/1738/1207 993/1742/1211 964/1743/1212 965/1744/1213 966/1739/1208
f 990/1745/1214 984/1746/1215 960/1747/1216 961/1748/1217 962/1749/1218
f 995/1750/1219 988/1751/1220 980/1752/1221 981/1753/1222 950/1754/1223
f 986/1755/1224 1000/1756/1225 952/1757/1226 953/1758/1227 954/1759/1228
f 1000/1756/1225 996/1760/1229 995/1750/1219 950/1754/1223 951/1761/1230 952/1757/1226
f 999/1762/1231 991/1741/1210 968/1445/1026 969/1763/1025 970/1443/1024
f 988/1751/1220 1002/1764/1232 998/1765/1233 978/1766/1234 979/1767/1235 980/1752/1221
f 993/1742/1211 989/1768/1236 990/1745/1214 962/1749/1218 963/1769/1237 964/1743/1212
f 987/1770/1238 1005/1771/1239 972/1772/1240 973/1773/1241 974/1774/1242
f 1005/1771/1239 1001/1775/1243 999/1762/1231 970/1443/1024 971/1776/1244 972/1772/1240
f 997/1733/1202 994/1777/1245 986/1755/1224 954/1759/1228 955/1778/1246 956/1734/1203
f 985/1779/1247 1003/1732/1201 958/1736/1205 959/1780/1248 960/1747/1216 984/1746/1215
f 983/1781/1249 987/1770/1238 974/1774/1242 975/1782/1250 976/1783/1251 982/1784/1252
f 942/1785/1194 941/1786/1188 940/1787/1184 1005/1771/1239 987/1770/1238 983/1781/1249 943/1788/1190
f 948/1712/1187 947/1703/1181 1002/1789/1232 988/1790/1220
f 922/1791/1193 921/1792/1185 920/1793/1179 1000/1794/1225 986/1755/1224 994/1777/1245 923/1795/1169
f 940/1707/1184 939/1701/1180 1001/1796/1243 1005/1797/1239
f 933/1798/1176 932/1799/1175 993/1742/1211 1004/1738/1207 992/1737/1206 935/1800/1189 934/1801/1183
f 925/1802/1177 924/1803/1170 997/1733/1202 1003/1732/1201 985/1779/1247 927/1804/1186 926/1805/1182
f 920/1699/1179 919/1698/1178 996/1806/1229 1000/1807/1225
f 937/1808/1173 936/1809/1199 991/1810/1210 999/1762/1231 1001/1775/1243 939/1811/1180 938/1812/1174
f 945/1813/1171 944/1814/1191 982/1815/1252 998/1765/1233 1002/1764/1232 947/1816/1181 946/1817/1172
f 924/1687/1170 923/1686/1169 994/1818/1245 997/1819/1202
f 929/1820/1198 928/1821/1192 984/1822/1215 990/1745/1214 989/1768/1236 931/1823/1197 930/1824/1196
f 949/1825/1195 948/1826/1187 988/1751/1220 995/1750/1219 996/1760/1229 919/1827/1178 918/1828/1200
f 932/1693/1175 931/1727/1197 989/1829/1236 993/1830/1211
f 936/1730/1199 935/1715/1189 992/1831/1206 991/1832/1210
f 928/1721/1192 927/1710/1186 985/1833/1247 984/1834/1215
f 944/1719/1191 943/1718/1190 983/1835/1249 982/1836/1252
f 956/1734/1203 955/1778/1246 954/1759/1228 1008/1837/1253 1009/1838/1254
f 1143/912/678 1188/803/603 1189/806/606 1169/1839/1255 1144/907/673
f 980/1752/1221 979/1767/1235 978/1766/1234 1022/1840/1256 1023/1841/1257 1024/1842/1258
f 966/1739/1208 965/1744/1213 964/1743/1212 1013/1843/1259 1014/1844/1260
f 977/1845/1261 976/1783/1251 1020/1846/1262 1021/1847/1263 1022/1840/1256 978/1766/1234
f 961/1848/1217 960/1747/1216 1011/1849/1264 1012/1850/1265 962/1749/1218
f 976/1783/1251 975/1782/1250 974/1774/1242 1018/1851/1266 1019/1852/1267 1020/1846/1262
f 981/1753/1222 980/1752/1221 1024/1842/1258 1006/1853/1268 950/1754/1223
f 954/1759/1228 953/1854/1227 952/1757/1226 1007/1855/1269 1008/1837/1253
f 952/1757/1226 951/1761/1230 950/1754/1223 1006/1853/1268 1007/1855/1269
f 968/1445/1026 967/1740/1209 966/1739/1208 1014/1844/1260 1015/1446/345
f 974/1774/1242 973/1773/1241 972/1772/1240 1017/1856/1270 1018/1851/1266
f 960/1747/1216 959/1780/1248 958/1736/1205 1010/1857/1271 1011/1849/1264
f 963/1769/1237 962/1749/1218 1012/1850/1265 1013/1843/1259 964/1743/1212
f 972/1772/1240 971/1776/1244 970/1443/1024 1016/1447/344 1017/1856/1270
f 958/1736/1205 957/1735/1204 956/1734/1203 1009/1838/1254 1010/1857/1271
f 1013/1858/1259 1032/1859/1272 1033/1860/1273 1014/1861/1260
f 1021/1862/1263 1020/1863/1262 1019/1864/1267 1037/1865/1274 1038/27/27 1039/26/26
f 1007/1866/1269 1006/1867/1268 1025/216/154 1026/215/153
f 1012/1868/1265 1011/1869/1264 1030/1870/1275 1031/1871/1276
f 1132/440/340 1156/1872/1277 1157/1873/1278 1133/1874/1279 1111/1875/1280 1097/1876/1281 1110/442/342 1109/441/341
f 1009/1877/1254 1028/1878/1282 1029/1879/1283 1010/1880/1271
f 1013/1858/1259 1012/1868/1265 1031/1871/1276 1032/1859/1272
f 1015/445/345 1014/1861/1260 1033/1860/1273 1034/446/346
f 1008/1881/1253 1007/1866/1269 1026/215/153 1027/219/157
f 1016/444/344 1035/447/347 1036/1882/1284 1017/1883/1270
f 1009/1877/1254 1008/1881/1253 1027/219/157 1028/1878/1282
f 1006/1867/1268 1024/1884/1258 1023/1885/1257 1040/25/25 1025/216/154
f 1022/1886/1256 1021/1862/1263 1039/26/26 1040/25/25 1023/1885/1257
f 1011/1869/1264 1010/1880/1271 1029/1879/1283 1030/1870/1275
f 1293/1887/870 1292/1208/874 1315/1493/1068 1319/112/92 869/111/91
f 1193/1888/1285 1192/1889/629 1215/1890/1143
f 1034/446/346 1033/1860/1273 1047/1148/833 1048/1147/832 1035/447/347
f 1036/1882/1284 1035/447/347 1048/1147/832 1049/1039/757 1050/1038/756
f 1025/216/154 1040/25/25 1052/29/29 1041/217/155
f 1032/1859/1272 1031/1871/1276 1045/1891/1286 1046/1149/834 1047/1148/833 1033/1860/1273
f 1117/1892/1287 1137/1893/1288 1138/1894/1289 1118/1895/1290 1101/1896/1291 1100/1897/1292 1099/1898/1293
f 1029/1879/1283 1028/1878/1282 1027/219/157 1042/218/156 1043/1899/1294
f 1036/1882/1284 1050/1038/756 1051/28/28 1038/27/27 1037/1865/1274
f 1041/217/155 1053/797/601 1054/1900/768 1055/1901/770 1042/218/156
f 1046/1149/834 1045/1891/1286 1044/1902/1295 1059/1903/1296 1060/1904/1297 1061/1150/835
f 131/322/243 163/321/242 162/328/249 161/289/215 129/288/169 130/1905/1298
f 1223/1906/1299 1229/1907/142 1200/1908/1300 1199/1909/1301
f 1044/1902/1295 1043/1899/1294 1042/218/156 1055/1901/770 1056/1910/1302 1057/1911/1303 1058/1912/1304 1059/1903/1296
f 240/394/306 241/397/307 264/480/376 263/532/421 262/485/380
f 456/1913/634 455/1914/633 454/882/636 474/881/664 475/1915/668 476/1916/670 477/1917/669 478/1918/687 458/1919/689 459/1920/693 460/1921/695 461/1922/691 462/1923/681 463/870/653 443/869/643 442/1924/644 441/1925/651 440/1926/642 439/1927/641 438/1928/646 457/1929/645
f 1257/629/485 1284/628/484 1072/1930/1305 1073/1931/1306 1074/1932/1307
f 1268/1933/1308 1258/1934/1309 1247/1935/1310 1078/1936/1311 1079/1937/1312 1080/1938/1313
f 1059/1939/1296 1269/1940/1314 1276/947/701 1060/1941/1297
f 1284/628/484 1260/976/726 1095/437/337 1096/443/343 1072/1930/1305
f 1252/1942/1315 1280/950/704 1275/949/703 1082/1943/1316 1083/1944/1317
f 1064/1945/838 1286/1946/271 1291/357/275 1255/1420/1012 1065/1947/758
f 1253/1421/1013 1290/356/274 1087/1948/1007 1088/1418/1010
f 1060/1941/1297 1276/947/701 1281/946/700 1061/1949/835
f 1062/1950/836 1061/1949/835 1281/946/700 1251/1951/1318
f 1290/356/274 1278/355/273 1085/1952/1319 1086/1953/1320 1087/1948/1007
f 1275/949/703 1277/948/702 1081/1954/1321 1082/1943/1316
f 1063/1955/837 1265/1956/1322 1279/354/272 1286/353/271 1064/1957/838
f 1278/355/273 1264/1958/1323 1084/1959/1324 1085/1952/1319
f 1068/1960/597 1067/1961/760 1273/1962/1325 1267/1963/1326
f 1065/1947/758 1255/1420/1012 1254/1419/1011 1263/1964/1327 1066/1965/759
f 1069/1966/598 1068/1960/597 1267/1963/1326 1289/974/724
f 1266/1967/1328 1272/1968/1329 1089/82/76 1090/81/75 1091/1969/1330
f 1088/1418/1010 1127/1417/1009 1128/83/77 1089/82/76
f 1083/1944/1317 1082/1943/1316 1104/1156/841 1105/911/677
f 1083/1944/1317 1105/911/677 1106/910/676 1084/1959/1324
f 1098/1970/1331 1097/1876/1281 1111/1875/1280 1112/1971/1332 1113/1972/1333 1074/1973/1307 1073/1974/1306
f 1160/290/216 1159/295/221 1158/1975/1334 1177/1976/1335 1178/291/217
f 774/1977/972 773/1378/971 795/1377/989 796/1978/992 797/55/52 775/54/51
f 1082/1979/1316 1081/1980/1321 1103/1981/842 1104/1982/841
f 1073/1931/1306 1072/1930/1305 1096/443/343 1110/442/342 1097/1876/1281 1098/1970/1331
f 1079/1937/1312 1078/1936/1311 1077/1983/1336 1100/1897/1292 1101/1896/1291 1102/1984/1337
f 1075/1985/1338 1115/1986/1339 1116/1987/1340 1117/1892/1287 1099/1898/1293 1076/1988/1341
f 1102/1984/1337 1101/1896/1291 1118/1895/1290 1119/1479/1057 1120/1478/1056 1080/1989/1313 1079/1990/1312
f 1106/910/676 1123/909/675 1124/1991/1342 1125/1992/1343 1086/1993/1320 1085/1994/1319 1084/1995/1324
f 1074/1973/1307 1113/1972/1333 1114/1996/1344 1115/1986/1339 1075/1985/1338
f 1234/1997/141 1239/1998/140 1202/1391/998 1201/1999/1345 1179/292/218 1178/291/217 1177/1976/1335
f 1077/1983/1336 1076/1988/1341 1099/1898/1293 1100/1897/1292
f 741/1294/931 740/1279/923 739/1278/922 763/1313/945 764/1331/963 765/1330/962
f 1092/2000/1346 1130/2001/1347 1131/439/339 1094/2002/338 1093/2003/1348
f 1225/1075/788 1236/2004/1349 1235/196/138 1230/201/143 1224/2005/1350
f 1216/2006/1351 1210/2007/1351 1209/2008/1352 1208/2009/1353 1211/2010/1353 1212/2011/1353 1217/2012/1354 1224/2005/1350 1223/2013/1299
f 16/16/16 34/122/101 33/130/105 15/129/13
f 232/481/336 233/2014/892 252/525/416 251/482/377
f 233/2014/892 234/460/359 253/461/360 252/525/416
f 1092/2000/1346 1091/2015/1330 1090/2016/75 1107/2017/74 1108/79/74 1129/84/78 1130/2018/1347
f 1126/1416/1008 1125/1992/1343 1124/1991/1342 1146/833/631 1147/2019/630 1148/2020/1355
f 1244/1044/761 1243/1051/767 1238/2021/1356 1231/2022/1357 1232/2023/1358 1233/2024/604 1246/1046/762 1245/1045/761
f 828/1425/1014 827/1438/1019 850/1437/1018 851/1473/1052 852/1462/1041
f 312/510/403 313/509/402 272/558/444 273/2025/434
f 1112/1971/1332 1111/1875/1280 1133/1874/1279 1134/294/220
f 1117/1892/1287 1116/1987/1340 1136/2026/1359 1137/1893/1288
f 1164/2027/1360 1163/2028/1361 1182/1499/1074 1183/1498/1073 1165/2029/1362
f 1104/1156/841 1142/1155/840 1143/912/678 1105/911/677
f 1086/1993/1320 1125/2030/1343 1126/1416/1008 1087/1415/1007
f 998/1765/1233 982/1784/1252 976/1783/1251 977/2031/1261 978/1766/1234
f 1418/2032/1363 1419/2033/1363 1420/2034/1363 1421/2035/1363 1422/2036/1364 1388/87/42 1386/86/21 1384/2037/24 1382/2038/7 1380/2039/6 1378/2040/886 1414/2041/1365 1415/2042/1363 1416/2043/1363 1417/2044/1363
f 1119/1479/1057 1118/1895/1290 1138/1894/1289 1139/1480/1058
f 1132/440/340 1131/439/339 1155/1260/909 1156/1872/1277
f 1018/2045/1266 1017/1883/1270 1036/1882/1284 1037/1865/1274 1019/1864/1267
f 1135/2046/219 1179/2047/218 1180/2048/1366 1161/2049/1367 1136/2026/1359
f 1130/2018/1347 1129/84/78 1153/595/464 1154/2050/908
f 1124/1991/1342 1123/909/675 1145/908/674 1146/833/631
f 1143/912/678 1142/1155/840 1168/2051/1368 1187/2052/1369 1188/803/603
f 1193/1888/1285 1194/726/551 1151/2053/1370 1150/2054/1371 1149/2055/1372
f 422/827/626 404/760/580 403/787/594 421/823/622
f 1131/439/339 1130/2001/1347 1154/1259/908 1155/1260/909
f 1031/1871/1276 1030/1870/1275 1029/1879/1283 1043/1899/1294 1044/1902/1295 1045/1891/1286
f 460/941/695 459/937/693 480/938/694 481/942/696
f 674/1224/881 673/1223/880 672/1551/1112 703/2056/941 704/2057/913
f 1139/1480/1058 1138/1894/1289 1164/2027/1360 1165/2029/1362
f 1156/1872/1277 1155/1260/909 1174/238/179 1175/2058/1373
f 1145/908/674 1144/907/673 1169/1839/1255 1170/2059/1374
f 1165/2029/1362 1183/1498/1073 1184/2060/1375 1185/2061/1376 1166/2062/1377 1140/1481/845 1139/1480/1058
f 843/1441/1022 1311/1497/1072 1313/1495/1070 845/1458/1037 844/1442/1023
f 1154/2050/908 1153/595/464 1172/2063/1378 1173/2064/180
f 1216/2006/1351 1223/2013/1299 1199/1909/1301 1198/241/182 1197/240/181 1209/2065/1352 1210/2007/1351
f 1157/1873/1278 1156/1872/1277 1175/2058/1373 1176/2066/1379
f 1142/1155/840 1141/1154/839 1167/2067/1380 1168/2051/1368
f 1146/833/631 1145/908/674 1170/2059/1374 1171/829/627
f 97/190/161 98/189/162 99/188/162 100/187/162 101/223/162 102/224/162 103/203/162 104/202/162 105/193/162 106/192/167 138/1568/225 137/2068/224 136/2069/223 135/2070/229 134/2071/228 133/2072/239 132/2073/238 131/2074/243 130/2075/1298 129/228/169
f 1215/1606/1143 1221/1605/1142 1220/1073/786 1219/1077/790 1214/2076/552
f 1141/1154/839 1140/1160/845 1166/2077/1377 1167/2067/1380
f 86/226/166 85/225/166 84/181/129 55/180/109 56/148/108 57/147/113 88/211/151 87/227/166
f 1137/1893/1288 1136/2026/1359 1161/2049/1367 1162/2078/1381
f 557/410/317 556/409/316 555/2079/1382 554/1094/806 586/1093/805 587/2080/820 588/1063/776
f 1175/2058/1373 1174/238/179 1198/241/182 1199/1909/1301
f 1170/2059/1374 1169/1839/1255 1189/806/606 1190/1603/1140
f 1173/2064/180 1172/2063/1378 1196/2081/1383 1197/2082/181
f 1176/2066/1379 1175/2058/1373 1199/1909/1301 1200/1908/1300
f 1168/2051/1368 1167/2067/1380 1186/2083/1384 1187/2052/1369
f 1171/829/627 1170/2059/1374 1190/1603/1140 1191/830/628
f 1147/2019/630 1192/1889/629 1193/1888/1285 1149/2055/1372 1148/2020/1355
f 1231/2022/1357 1238/2021/1356 1237/2084/1385 1236/2004/1349 1225/1075/788 1226/1074/787
f 1158/1975/1334 1176/2066/1379 1200/1908/1300 1177/1976/1335
f 1167/2067/1380 1166/2077/1377 1185/2085/1376 1186/2083/1384
f 1114/2086/1344 1113/1972/1333 1112/1971/1332 1134/294/220 1135/293/219
f 1162/2078/1381 1161/2049/1367 1180/2048/1366 1181/2087/1386
f 1151/2053/1370 1194/726/551 1195/729/554 1152/594/463
f 1163/2028/1361 1162/2078/1381 1181/2087/1386 1182/1499/1074
f 1184/2060/1375 1183/1498/1073 1206/1501/764 1207/2088/763
f 1413/2089/1387 1414/2041/1365 1378/2040/886 1377/30/30 1375/2090/3 1372/2091/2 1408/2092/9 1439/1393/1000 1440/1392/999 1409/1405/1004 1410/2093/1387 1411/2094/1387 1412/2095/1387
f 1207/1047/763 1246/1046/762 1186/2083/1384 1185/2085/1376
f 241/2096/307 224/396/282 225/2097/281 242/2098/371
f 568/737/562 567/736/561 566/735/560 593/1072/785 594/1064/777
f 1185/2061/1376 1184/2060/1375 1207/2088/763
f 1186/2083/1384 1246/1046/762 1233/2024/604 1188/803/603 1187/2052/1369
f 47/173/125 71/203/145 70/224/164 69/223/164 68/187/132 45/186/107 46/174/106
f 1195/729/554 1213/2099/553 1218/1076/789 1217/2012/1354 1212/2011/1353 1211/2010/1353 1208/2100/1353 1209/2101/1352 1197/2082/181 1196/2081/1383
f 213/1236/279 233/1235/892 232/436/336 212/435/293
f 242/2098/371 225/2097/281 226/399/280 243/398/308
f 1181/2087/1386 1180/2048/1366 1203/2102/997 1204/2103/990
f 549/742/566 548/741/566 571/740/565 572/1061/775 573/1085/797 574/1084/797 575/1068/781 576/1067/780 577/1066/779 550/2104/1388 551/2105/1388 543/995/735 542/2106/149 541/2107/148 540/1004/734 539/743/567
f 525/2108/738 545/2109/737 544/996/736 543/995/735 551/2105/1388 550/2104/1388 577/1066/779 578/1096/807 579/1095/807 580/1080/793 581/1079/792 582/1078/791 583/1088/800 552/1087/799 553/1091/803 554/1094/806 555/2079/1382 556/409/316 528/408/315 527/1010/740 526/1020/742
f 1182/1499/1074 1181/2087/1386 1204/2103/990 1205/1500/765
f 1134/294/220 1133/1874/1279 1157/1873/1278 1176/2066/1379 1158/1975/1334 1159/295/221
f 1229/1907/142 1234/1997/141 1177/1976/1335 1200/1908/1300
f 1224/2005/1350 1230/201/143 1229/200/142 1223/2013/1299
f 1193/1888/1285 1215/1890/1143 1214/727/552 1194/726/551
f 396/2110/389 395/798/388 413/799/602 414/817/595
f 1218/1076/789 1225/1075/788 1224/2005/1350 1217/2012/1354
f 1127/1417/1009 1126/1416/1008 1148/2020/1355 1149/2055/1372 1150/2054/1371
f 1236/2004/1349 1241/1380/991 1240/197/139 1235/196/138
f 274/585/435 318/1371/459 319/426/327 275/429/330
f 1214/2076/552 1219/1077/790 1218/1076/789 1213/2099/553
f 1116/1987/1340 1115/1986/1339 1114/1996/1344 1135/2046/219 1136/2026/1359
f 837/1452/1031 1296/1488/1065 1298/1485/1062 839/1457/1036 838/1453/1032
f 1237/2084/1385 1242/1050/766 1241/1380/991 1236/2004/1349
f 1180/2048/1366 1179/2047/218 1201/2111/1345 1202/2112/998 1203/2102/997
f 117/225/165 118/226/165 119/227/165 120/211/168 152/237/178 151/2113/236 150/2114/235 149/2115/335 148/2116/209 147/2117/212 146/1560/197 114/183/163 115/182/165 116/181/165
f 1238/2021/1356 1243/1051/767 1242/1050/766 1237/2084/1385
f 354/715/519 374/717/543 375/498/393 355/708/510
f 1221/1605/1142 1227/2118/1389 1226/1074/787 1220/1073/786
f 1227/2118/1389 1232/2023/1358 1231/2022/1357 1226/1074/787
f 783/2119/967 782/2120/978 781/2121/977 780/1430/976 802/1429/717 803/2122/716 804/2123/504 805/1024/503 784/1023/744
f 1153/595/464 1152/594/463 1195/729/554 1196/2081/1383 1172/2063/1378
f 1222/1604/1141 1228/2124/605 1227/2118/1389 1221/1605/1142
f 1228/2124/605 1233/2024/604 1232/2023/1358 1227/2118/1389
f 1138/1894/1289 1137/1893/1288 1162/2078/1381 1163/2028/1361 1164/2027/1360
f 334/2125/516 335/2126/467 291/600/437 290/2127/436 289/620/449 333/619/479
f 1415/2042/1363 1414/2041/1365 1413/2089/1387 1412/2095/1387 1411/2094/1387 1410/2093/1387 1409/1405/1004 1373/1404/480 1374/2128/481 1376/2129/494 1379/2130/876 1381/2131/877 1383/2132/507 1385/2133/55 1387/2134/58 1389/251/188 1423/250/187 1422/2036/1364 1421/2035/1363 1420/2034/1363 1419/2033/1363 1418/2032/1363 1417/2044/1363 1416/2043/1363
f 1070/2135/599 1069/1966/598 1289/974/724 1262/973/723
f 1397/648/192 1453/647/71 1454/679/70 1400/678/518 1399/2136/193
f 1249/51/48 1287/50/47 1076/1988/1341 1077/1983/1336 1078/1936/1311 1247/1935/1310
f 1267/1963/1326 1273/1962/1325 1272/1968/1329 1266/1967/1328
f 1264/1958/1323 1250/2137/1390 1252/1942/1315 1083/1944/1317 1084/1959/1324
f 814/2138/988 835/1467/1046 836/1450/1029 815/1449/1028 795/2139/989
f 1272/1968/1329 1253/1421/1013 1088/1418/1010 1089/82/76
f 1263/1964/1327 1254/1419/1011 1253/1421/1013 1272/1968/1329 1273/1962/1325
f 1056/2140/1302 1283/48/45 1248/47/44 1057/2141/1303
f 494/897/665 493/922/684 517/205/147 518/204/146
f 1271/1053/769 1256/626/482 1257/629/485 1270/2142/1391
f 1277/948/702 1268/1933/1308 1080/1938/1313 1081/1954/1321
f 1276/947/701 1269/1940/1314 1268/1933/1308 1277/948/702
f 1287/50/47 1282/49/46 1270/2142/1391 1075/2143/1338 1076/1988/1341
f 1057/2141/1303 1248/47/44 1259/2144/1392 1058/2145/1304
f 1251/1951/1318 1281/946/700 1280/950/704 1252/1942/1315 1250/2137/1390
f 1053/2146/601 1071/2147/600 1274/2148/1393 1285/627/483
f 1289/974/724 1267/1963/1326 1266/1967/1328 1288/975/725
f 1056/2140/1302 1055/1054/770 1271/1053/769 1283/48/45
f 1283/48/45 1271/1053/769 1270/2142/1391 1282/49/46
f 1260/976/726 1288/975/725 1093/2149/1348 1094/438/338 1095/437/337
f 806/2150/745 805/655/503 826/658/506 827/1438/1019
f 358/2151/486 357/709/517 376/497/392 377/496/391 378/610/474 359/714/487
f 814/2138/988 813/1406/984 833/1407/1005 834/1463/1042 835/1467/1046
f 800/985/730 799/2152/54 798/980/53 819/979/728 820/1439/1020 821/986/731
f 1053/2146/601 1285/627/483 1256/626/482 1054/1052/768
f 1067/1961/760 1066/1965/759 1263/1964/1327 1273/1962/1325
f 807/1424/746 806/2150/745 827/1438/1019 828/1425/1014
f 1270/2142/1391 1257/629/485 1074/1932/1307 1075/2143/1338
f 1274/2148/1393 1261/972/722 1260/976/726 1284/628/484 1285/627/483
f 1059/1939/1296 1058/2145/1304 1259/2144/1392 1269/1940/1314
f 1269/1940/1314 1259/2144/1392 1258/1934/1309 1268/1933/1308
f 1063/1955/837 1062/1950/836 1251/1951/1318 1265/1956/1322
f 1288/975/725 1266/1967/1328 1091/1969/1330 1092/2153/1346 1093/2149/1348
f 1071/2147/600 1070/2135/599 1262/973/723 1261/972/722 1274/2148/1393
f 482/936/692 505/988/733 506/957/710 483/918/682
f 913/2154/1155 912/2155/1136 1364/1592/1135 1365/1649/1156
f 909/2156/1131 908/2157/547 1344/721/546 1345/1587/1132
f 1189/806/606 1228/805/605 1222/2158/1141 1190/1603/1140
f 915/1651/1157 914/2159/1163 1340/1682/1168 1341/1652/1158
f 229/420/326 244/402/309 228/401/297 208/2160/290 209/421/289
f 874/1659/1126 1325/1668/1094 1358/1671/1161
f 1332/2161/1117 1370/1601/1139 881/1600/1118
f 878/1654/1114 1339/1639/1113 1366/1642/1154
f 898/1607/1106 1335/1615/1105 1350/1618/1144
f 890/1590/1102 1336/1619/1101 1363/1622/1134
f 1326/2162/1123 1352/1670/1164 873/1669/1093
f 870/1623/1120 1333/1595/1119 1346/1598/1138
f 1334/2163/1095 1360/1621/1148 889/1620/1096
f 1338/1674/1125 1362/1641/1153 877/1640/1124
f 886/1636/1098 1324/1643/1097 1354/1646/1151
f 1327/2164/97 1342/1617/1147 897/1616/98
f 1331/719/544 882/1599/1091 1343/1602/545
f 1337/1589/1089 1348/1645/1133 885/1644/1090
f 894/1680/94 1328/1675/93 1371/1676/1166
f 901/1629/1109 1356/1597/1137 1330/1596/1110
f 1080/1989/1313 1120/1478/1056 1121/1159/844 1122/1158/843 1103/1981/842 1081/1980/1321
f 1438/1394/1001 1439/1393/1000 1408/2092/9 1406/44/12 1404/46/17 1403/2165/20 1435/1397/1002 1436/1396/1001 1437/1395/1001
f 1128/83/77 1127/1417/1009 1150/2054/1371 1151/2053/1370 1152/594/463
f 1422/2036/1364 1423/250/187 1424/249/186 1425/248/185 1426/247/185 1427/246/184 1394/2166/37 1392/2167/32 1390/2168/35 1388/87/42
f 1434/1398/1003 1435/1397/1002 1403/2165/20 1401/2169/15 1398/2170/14 1396/38/38 1394/2166/37 1427/246/184 1428/245/183 1429/244/183 1430/243/183 1431/242/183 1432/257/194 1433/1399/1003
f 907/1633/1149 906/2171/1160 1367/1656/1159 1369/1634/1150
f 911/1677/1130 910/2172/1129 1355/1638/1152 1357/1678/1167
f 1259/2144/1392 1248/47/44 1249/51/48 1247/1935/1310 1258/1934/1309
f 319/426/327 318/1371/459 341/1374/521 342/981/520
f 803/966/716 824/970/720 825/657/505 804/656/504
f 1265/1956/1322 1251/1951/1318 1250/2137/1390 1264/1958/1323 1278/355/273 1279/354/272
f 479/930/690 500/960/713 501/1014/741 502/954/707 480/938/694
f 795/2139/989 815/1449/1028 816/1448/1027 817/1382/993 796/1381/992
f 676/1226/883 675/1225/882 674/1224/881 704/2057/913 705/2173/912
f 1445/1215/62 1446/659/61 1383/660/507 1381/1216/877
f 491/932/686 515/2174/739 516/961/714 492/921/683
f 485/916/680 484/915/679 507/958/711 508/983/729
f 663/1184/862 662/448/348 688/455/355 689/1432/1015 690/1247/896 691/1246/895 692/1232/889 664/1210/875
f 671/1550/1111 670/1549/1111 701/1251/900 724/1252/901 702/2175/935 703/2056/941 672/1551/1112
f 678/1228/885 677/1227/884 676/1226/883 705/2173/912 706/2176/925
f 1456/2177/68 1457/965/67 1407/964/715 1405/2178/515
f 431/815/615 452/854/649 453/840/635 432/812/612
f 334/2179/516 333/2180/479 332/663/478 356/665/511 357/2181/517
f 1391/1423/189 1450/1422/59 1451/672/73 1393/675/190
f 687/454/354 686/453/353 685/452/352 711/1239/894 712/2182/928 713/1433/920
f 322/576/454 321/2183/460 344/2184/532 345/661/508
f 905/2185/1146 904/2186/1145 1359/1661/1162 1361/1672/1165
f 680/470/368 679/469/367 678/1228/885 706/2176/925 707/1035/753
f 331/592/462 330/591/461 354/680/519 355/664/510
