# Blender 4.2.0
# www.blender.org
mtllib rook.mtl
o Piece_02.003
v 0.628286 0.058695 0.437141
v 0.583416 0.059596 0.451353
v 0.542183 0.060593 0.474047
v 0.506171 0.061647 0.504349
v 0.476766 0.062720 0.541096
v 0.455096 0.063768 0.582875
v 0.441994 0.064752 0.628080
v 0.437965 0.065634 0.674975
v 0.443163 0.066380 0.721758
v 0.457387 0.066962 0.766630
v 0.480092 0.067357 0.807867
v 0.510405 0.067549 0.843884
v 0.547161 0.067533 0.873298
v 0.588948 0.067307 0.894977
v 0.634159 0.066881 0.908089
v 0.681057 0.066272 0.912130
v 0.727841 0.065502 0.906945
v 0.772711 0.064601 0.892732
v 0.813944 0.063604 0.870039
v 0.849956 0.062549 0.839737
v 0.879361 0.061477 0.802990
v 0.901031 0.060429 0.761211
v 0.914133 0.059445 0.716005
v 0.918162 0.058563 0.669110
v 0.912964 0.057817 0.622328
v 0.898740 0.057235 0.577456
v 0.876035 0.056840 0.536219
v 0.845722 0.056647 0.500202
v 0.808966 0.056664 0.470788
v 0.767179 0.056890 0.449109
v 0.721968 0.057316 0.435996
v 0.675070 0.057925 0.431955
v 0.627144 0.072430 0.430560
v 0.581063 0.073356 0.445156
v 0.538717 0.074379 0.468462
v 0.501734 0.075463 0.499582
v 0.471535 0.076564 0.537320
v 0.449281 0.077640 0.580226
v 0.435826 0.078651 0.626651
v 0.431688 0.079557 0.674812
v 0.437025 0.080323 0.722856
v 0.451634 0.080920 0.768939
v 0.474951 0.081326 0.811288
v 0.506082 0.081524 0.848278
v 0.543830 0.081506 0.878485
v 0.586744 0.081275 0.900749
v 0.633175 0.080838 0.914215
v 0.681339 0.080211 0.918365
v 0.729384 0.079421 0.913040
v 0.775466 0.078496 0.898444
v 0.817811 0.077472 0.875138
v 0.854794 0.076389 0.844018
v 0.884993 0.075288 0.806280
v 0.907248 0.074211 0.763374
v 0.920703 0.073201 0.716949
v 0.924841 0.072295 0.668788
v 0.919503 0.071528 0.620744
v 0.904895 0.070931 0.574661
v 0.881577 0.070525 0.532311
v 0.850446 0.070328 0.495322
v 0.812698 0.070345 0.465115
v 0.769784 0.070576 0.442851
v 0.723353 0.071014 0.429385
v 0.675189 0.071640 0.425235
v 0.623138 0.086634 0.410409
v 0.573256 0.087635 0.426209
v 0.527418 0.088744 0.451437
v 0.487385 0.089916 0.485123
v 0.454695 0.091108 0.525974
v 0.430605 0.092273 0.572419
v 0.416041 0.093367 0.622673
v 0.411562 0.094348 0.674806
v 0.417340 0.095177 0.726813
v 0.433153 0.095824 0.776696
v 0.458394 0.096263 0.822538
v 0.492092 0.096477 0.862578
v 0.532953 0.096459 0.895276
v 0.579406 0.096208 0.919377
v 0.629667 0.095734 0.933954
v 0.681803 0.095057 0.938446
v 0.733811 0.094201 0.932682
v 0.783692 0.093200 0.916882
v 0.829531 0.092091 0.891654
v 0.869564 0.090919 0.857967
v 0.902254 0.089727 0.817117
v 0.926344 0.088562 0.770672
v 0.940908 0.087468 0.720418
v 0.945387 0.086487 0.668285
v 0.939609 0.085657 0.616278
v 0.923796 0.085011 0.566395
v 0.898555 0.084572 0.520553
v 0.864857 0.084358 0.480513
v 0.823996 0.084376 0.447814
v 0.777543 0.084627 0.423714
v 0.727282 0.085100 0.409137
v 0.675146 0.085778 0.404645
v 0.465110 0.083347 0.532958
v 0.442154 0.084458 0.577218
v 0.675191 0.078268 0.417336
v 0.625629 0.079084 0.422829
v 0.822312 0.084284 0.881435
v 0.860462 0.083167 0.849333
v 0.428274 0.085500 0.625108
v 0.891614 0.082031 0.810405
v 0.424006 0.086434 0.674788
v 0.914571 0.080920 0.766145
v 0.429512 0.087225 0.724348
v 0.928450 0.079878 0.718254
v 0.444581 0.087841 0.771885
v 0.932719 0.078943 0.668574
v 0.468635 0.088259 0.815571
v 0.927213 0.078153 0.619014
v 0.500748 0.088464 0.853727
v 0.912143 0.077537 0.571477
v 0.539687 0.088446 0.884887
v 0.888090 0.077118 0.527792
v 0.583955 0.088207 0.907854
v 0.855977 0.076914 0.489635
v 0.631851 0.087756 0.921745
v 0.578094 0.080038 0.437886
v 0.817038 0.076932 0.458475
v 0.681534 0.087110 0.926026
v 0.534412 0.081094 0.461927
v 0.772770 0.077171 0.435508
v 0.731096 0.086294 0.920533
v 0.496262 0.082211 0.494029
v 0.724874 0.077622 0.421617
v 0.778631 0.085340 0.905476
v 0.623377 0.103094 0.410120
v 0.573495 0.104096 0.425920
v 0.527657 0.105204 0.451148
v 0.487624 0.106377 0.484834
v 0.454934 0.107568 0.525685
v 0.430844 0.108734 0.572130
v 0.416280 0.109828 0.622384
v 0.411800 0.110808 0.674516
v 0.417578 0.111638 0.726524
v 0.433392 0.112284 0.776407
v 0.458632 0.112723 0.822249
v 0.492331 0.112938 0.862289
v 0.533192 0.112919 0.894987
v 0.579645 0.112668 0.919088
v 0.629905 0.112195 0.933665
v 0.682042 0.111517 0.938157
v 0.734050 0.110661 0.932393
v 0.783931 0.109660 0.916593
v 0.829770 0.108552 0.891365
v 0.869803 0.107379 0.857678
v 0.902492 0.106187 0.816828
v 0.926582 0.105022 0.770383
v 0.941147 0.103928 0.720129
v 0.945626 0.102947 0.667996
v 0.939848 0.102118 0.615989
v 0.924035 0.101471 0.566106
v 0.898794 0.101032 0.520264
v 0.865096 0.100818 0.480224
v 0.824235 0.100837 0.447525
v 0.777782 0.101088 0.423425
v 0.727521 0.101561 0.408848
v 0.675385 0.102238 0.404356
v 0.627079 0.115614 0.426532
v 0.580373 0.116551 0.441326
v 0.537454 0.117589 0.464947
v 0.499970 0.118687 0.496489
v 0.469361 0.119803 0.534738
v 0.446805 0.120894 0.578226
v 0.433168 0.121918 0.625280
v 0.428974 0.122837 0.674093
v 0.434384 0.123613 0.722789
v 0.449190 0.124219 0.769496
v 0.472824 0.124630 0.812419
v 0.504377 0.124830 0.849909
v 0.542636 0.124813 0.880526
v 0.586131 0.124578 0.903092
v 0.633191 0.124135 0.916740
v 0.682008 0.123500 0.920947
v 0.730704 0.122699 0.915549
v 0.777410 0.121761 0.900756
v 0.820329 0.120724 0.877134
v 0.857813 0.119626 0.845593
v 0.888422 0.118510 0.807343
v 0.910978 0.117419 0.763855
v 0.924615 0.116394 0.716801
v 0.928809 0.115476 0.667988
v 0.923399 0.114699 0.619293
v 0.908593 0.114094 0.572586
v 0.884959 0.113683 0.529662
v 0.853406 0.113482 0.492172
v 0.815147 0.113500 0.461556
v 0.771652 0.113735 0.438989
v 0.724592 0.114178 0.425341
v 0.675775 0.114812 0.421135
v 0.629971 0.140744 0.438033
v 0.585546 0.141636 0.452105
v 0.544722 0.142623 0.474573
v 0.509069 0.143667 0.504574
v 0.479955 0.144729 0.540956
v 0.458501 0.145767 0.582320
v 0.445529 0.146741 0.627077
v 0.441540 0.147614 0.673506
v 0.446686 0.148353 0.719824
v 0.460769 0.148929 0.764250
v 0.483249 0.149320 0.805077
v 0.513261 0.149511 0.840737
v 0.549652 0.149494 0.869858
v 0.591023 0.149271 0.891322
v 0.635785 0.148849 0.904304
v 0.682218 0.148246 0.908305
v 0.728536 0.147483 0.903171
v 0.772961 0.146592 0.889100
v 0.813785 0.145605 0.866632
v 0.849439 0.144560 0.836631
v 0.878552 0.143499 0.800249
v 0.900007 0.142461 0.758885
v 0.912978 0.141487 0.714128
v 0.916967 0.140613 0.667699
v 0.911821 0.139875 0.621381
v 0.897738 0.139299 0.576955
v 0.875259 0.138908 0.536128
v 0.845247 0.138717 0.500468
v 0.808856 0.138734 0.471347
v 0.767484 0.138957 0.449883
v 0.722722 0.139379 0.436901
v 0.676289 0.139982 0.432900
v 0.628153 0.162842 0.427541
v 0.581798 0.163772 0.442223
v 0.539202 0.164802 0.465667
v 0.501999 0.165892 0.496972
v 0.471621 0.166999 0.534934
v 0.449235 0.168082 0.578094
v 0.435700 0.169099 0.624795
v 0.431537 0.170010 0.673241
v 0.436907 0.170781 0.721571
v 0.451602 0.171382 0.767927
v 0.475058 0.171790 0.810528
v 0.506373 0.171989 0.847736
v 0.544345 0.171972 0.878122
v 0.587513 0.171738 0.900519
v 0.634220 0.171299 0.914065
v 0.682669 0.170669 0.918239
v 0.731000 0.169874 0.912883
v 0.777354 0.168943 0.898200
v 0.819951 0.167913 0.874756
v 0.857154 0.166823 0.843452
v 0.887532 0.165716 0.805490
v 0.909918 0.164633 0.762329
v 0.923453 0.163616 0.715628
v 0.927616 0.162705 0.667182
v 0.922246 0.161934 0.618852
v 0.907551 0.161333 0.572497
v 0.884095 0.160925 0.529896
v 0.852780 0.160726 0.492687
v 0.814808 0.160744 0.462301
v 0.771639 0.160977 0.439905
v 0.724933 0.161417 0.426359
v 0.676484 0.162046 0.422184
v 0.628967 0.190897 0.428970
v 0.582979 0.191820 0.443536
v 0.540720 0.192842 0.466794
v 0.503812 0.193923 0.497851
v 0.473674 0.195021 0.535512
v 0.451465 0.196096 0.578331
v 0.438037 0.197104 0.624663
v 0.433908 0.198008 0.672725
v 0.439234 0.198773 0.720672
v 0.453813 0.199369 0.766661
v 0.477084 0.199774 0.808924
v 0.508151 0.199971 0.845838
v 0.545822 0.199954 0.875984
v 0.588649 0.199723 0.898203
v 0.634986 0.199287 0.911642
v 0.683052 0.198662 0.915784
v 0.731000 0.197873 0.910469
v 0.776987 0.196950 0.895903
v 0.819247 0.195928 0.872645
v 0.856155 0.194847 0.841588
v 0.886292 0.193748 0.803926
v 0.908502 0.192674 0.761107
v 0.921929 0.191665 0.714776
v 0.926059 0.190761 0.666714
v 0.920732 0.189996 0.618767
v 0.906153 0.189400 0.572778
v 0.882883 0.188996 0.530514
v 0.851815 0.188798 0.493600
v 0.814144 0.188815 0.463455
v 0.771317 0.189046 0.441235
v 0.724981 0.189483 0.427797
v 0.676915 0.190108 0.423655
v 0.633462 0.212448 0.448353
v 0.591248 0.213295 0.461723
v 0.552456 0.214233 0.483073
v 0.518577 0.215226 0.511581
v 0.490913 0.216234 0.546152
v 0.470526 0.217220 0.585458
v 0.458200 0.218146 0.627986
v 0.454410 0.218976 0.672105
v 0.459299 0.219678 0.716117
v 0.472682 0.220225 0.758332
v 0.494042 0.220597 0.797128
v 0.522561 0.220778 0.831012
v 0.557140 0.220762 0.858684
v 0.596453 0.220550 0.879080
v 0.638987 0.220149 0.891416
v 0.683108 0.219576 0.895218
v 0.727122 0.218852 0.890339
v 0.769335 0.218004 0.876968
v 0.808127 0.217066 0.855619
v 0.842006 0.216074 0.827111
v 0.869671 0.215065 0.792540
v 0.890058 0.214079 0.753234
v 0.902383 0.213153 0.710705
v 0.906174 0.212324 0.666587
v 0.901284 0.211621 0.622575
v 0.887902 0.211074 0.580360
v 0.866541 0.210703 0.541564
v 0.838023 0.210522 0.507680
v 0.803443 0.210537 0.480008
v 0.764131 0.210750 0.459612
v 0.721597 0.211150 0.447276
v 0.677475 0.211724 0.443474
v 0.640137 0.232459 0.478168
v 0.603684 0.233191 0.489714
v 0.570186 0.234001 0.508150
v 0.540931 0.234858 0.532768
v 0.517042 0.235729 0.562621
v 0.499437 0.236581 0.596562
v 0.488794 0.237380 0.633287
v 0.485520 0.238097 0.671385
v 0.489743 0.238703 0.709391
v 0.501299 0.239175 0.745844
v 0.519744 0.239496 0.779345
v 0.544370 0.239653 0.808606
v 0.574231 0.239639 0.832501
v 0.608178 0.239456 0.850114
v 0.644908 0.239110 0.860766
v 0.683008 0.238615 0.864049
v 0.721015 0.237989 0.859836
v 0.757467 0.237257 0.848290
v 0.790965 0.236447 0.829854
v 0.820221 0.235591 0.805236
v 0.844110 0.234720 0.775383
v 0.861714 0.233868 0.741442
v 0.872358 0.233069 0.704717
v 0.875631 0.232352 0.666620
v 0.871409 0.231746 0.628614
v 0.859853 0.231273 0.592160
v 0.841407 0.230952 0.558659
v 0.816781 0.230796 0.529399
v 0.786921 0.230810 0.505503
v 0.752973 0.230993 0.487891
v 0.716244 0.231339 0.477238
v 0.678144 0.231834 0.473955
v 0.642382 0.254479 0.486881
v 0.607667 0.255176 0.497877
v 0.575766 0.255947 0.515434
v 0.547905 0.256763 0.538878
v 0.525155 0.257593 0.567308
v 0.508390 0.258404 0.599631
v 0.498254 0.259165 0.634605
v 0.495136 0.259848 0.670887
v 0.499157 0.260425 0.707081
v 0.510163 0.260875 0.741797
v 0.527729 0.261180 0.773701
v 0.551181 0.261329 0.801566
v 0.579618 0.261316 0.824323
v 0.611947 0.261142 0.841095
v 0.646926 0.260812 0.851240
v 0.683210 0.260341 0.854366
v 0.719405 0.259745 0.850355
v 0.754120 0.259048 0.839359
v 0.786021 0.258277 0.821802
v 0.813881 0.257461 0.798358
v 0.836632 0.256632 0.769928
v 0.853397 0.255821 0.737605
v 0.863533 0.255059 0.702630
v 0.866651 0.254377 0.666349
v 0.862629 0.253799 0.630155
v 0.851624 0.253349 0.595439
v 0.834058 0.253044 0.563535
v 0.810606 0.252895 0.535669
v 0.782169 0.252908 0.512913
v 0.749840 0.253082 0.496140
v 0.714861 0.253412 0.485996
v 0.678577 0.253883 0.482869
v 0.643456 0.266997 0.490879
v 0.609547 0.267677 0.501619
v 0.578386 0.268431 0.518769
v 0.551172 0.269228 0.541669
v 0.528949 0.270038 0.569440
v 0.512573 0.270830 0.601013
v 0.502672 0.271574 0.635176
v 0.499627 0.272241 0.670615
v 0.503555 0.272804 0.705970
v 0.514305 0.273244 0.739880
v 0.531463 0.273542 0.771044
v 0.554371 0.273688 0.798263
v 0.582149 0.273675 0.820491
v 0.613728 0.273505 0.836875
v 0.647895 0.273183 0.846784
v 0.683337 0.272722 0.849838
v 0.718692 0.272141 0.845919
v 0.752601 0.271460 0.835178
v 0.783762 0.270707 0.818029
v 0.810977 0.269909 0.795129
v 0.833199 0.269099 0.767358
v 0.849575 0.268307 0.735785
v 0.859476 0.267563 0.701622
v 0.862521 0.266897 0.666183
v 0.858593 0.266333 0.630828
v 0.847844 0.265893 0.596918
v 0.830685 0.265595 0.565754
v 0.807777 0.265449 0.538535
v 0.780000 0.265462 0.516307
v 0.748421 0.265632 0.499923
v 0.714254 0.265954 0.490014
v 0.678812 0.266415 0.486960
v 0.643184 0.280622 0.488420
v 0.608851 0.281311 0.499295
v 0.577301 0.282074 0.516659
v 0.549746 0.282881 0.539846
v 0.527246 0.283702 0.567963
v 0.510665 0.284504 0.599931
v 0.500640 0.285257 0.634520
v 0.497557 0.285932 0.670403
v 0.501534 0.286503 0.706199
v 0.512418 0.286948 0.740534
v 0.529792 0.287250 0.772087
v 0.552986 0.287397 0.799646
v 0.581110 0.287384 0.822152
v 0.613084 0.287212 0.838741
v 0.647678 0.286886 0.848774
v 0.683563 0.286420 0.851866
v 0.719360 0.285830 0.847898
v 0.753693 0.285141 0.837023
v 0.785244 0.284378 0.819659
v 0.812798 0.283571 0.796473
v 0.835299 0.282751 0.768355
v 0.851880 0.281949 0.736387
v 0.861904 0.281196 0.701798
v 0.864987 0.280521 0.665915
v 0.861010 0.279950 0.630119
v 0.850126 0.279505 0.595785
v 0.832753 0.279203 0.564231
v 0.809559 0.279055 0.536672
v 0.781434 0.279068 0.514166
v 0.749461 0.279241 0.497578
v 0.714867 0.279567 0.487545
v 0.678981 0.280033 0.484452
v 0.640728 0.286276 0.476324
v 0.604103 0.287012 0.487925
v 0.570448 0.287825 0.506448
v 0.541055 0.288686 0.531181
v 0.517053 0.289561 0.561175
v 0.499366 0.290417 0.595276
v 0.488672 0.291220 0.632174
v 0.485383 0.291940 0.670450
v 0.489626 0.292549 0.708635
v 0.501236 0.293024 0.745261
v 0.519768 0.293346 0.778919
v 0.544511 0.293503 0.808317
v 0.574512 0.293490 0.832325
v 0.608619 0.293306 0.850021
v 0.645521 0.292958 0.860723
v 0.683801 0.292461 0.864021
v 0.721986 0.291832 0.859789
v 0.758610 0.291097 0.848188
v 0.792266 0.290283 0.829666
v 0.821659 0.289422 0.804932
v 0.845661 0.288547 0.774939
v 0.863348 0.287692 0.740838
v 0.874042 0.286888 0.703940
v 0.877330 0.286168 0.665663
v 0.873088 0.285559 0.627478
v 0.861478 0.285084 0.590853
v 0.842945 0.284762 0.557194
v 0.818203 0.284605 0.527796
v 0.788202 0.284619 0.503788
v 0.754095 0.284803 0.486093
v 0.717193 0.285150 0.475391
v 0.678913 0.285648 0.472092
v 0.640881 0.296820 0.476139
v 0.604256 0.297555 0.487740
v 0.570601 0.298369 0.506263
v 0.541208 0.299230 0.530996
v 0.517206 0.300105 0.560990
v 0.499519 0.300960 0.595091
v 0.488825 0.301764 0.631988
v 0.485536 0.302484 0.670265
v 0.489779 0.303093 0.708450
v 0.501389 0.303567 0.745075
v 0.519921 0.303890 0.778734
v 0.544664 0.304047 0.808132
v 0.574665 0.304033 0.832140
v 0.608772 0.303849 0.849835
v 0.645674 0.303502 0.860538
v 0.683954 0.303004 0.863836
v 0.722139 0.302376 0.859604
v 0.758763 0.301640 0.848003
v 0.792419 0.300827 0.829480
v 0.821812 0.299966 0.804747
v 0.845814 0.299091 0.774753
v 0.863501 0.298235 0.740653
v 0.874195 0.297432 0.703755
v 0.877483 0.296712 0.665478
v 0.873241 0.296103 0.627293
v 0.861631 0.295628 0.590668
v 0.843098 0.295306 0.557009
v 0.818356 0.295148 0.527611
v 0.788355 0.295162 0.503603
v 0.754248 0.295346 0.485908
v 0.717346 0.295694 0.475205
v 0.679066 0.296191 0.471907
v 0.642648 0.305348 0.483757
v 0.607507 0.306053 0.494887
v 0.575215 0.306834 0.512660
v 0.547012 0.307660 0.536392
v 0.523983 0.308500 0.565171
v 0.507012 0.309321 0.597890
v 0.496751 0.310091 0.633294
v 0.493595 0.310782 0.670020
v 0.497666 0.311367 0.706659
v 0.508806 0.311822 0.741801
v 0.526588 0.312131 0.774096
v 0.550328 0.312282 0.802304
v 0.579114 0.312269 0.825339
v 0.611840 0.312092 0.842318
v 0.647248 0.311759 0.852587
v 0.683977 0.311282 0.855752
v 0.720616 0.310679 0.851691
v 0.755757 0.309973 0.840560
v 0.788049 0.309192 0.822787
v 0.816252 0.308366 0.799056
v 0.839281 0.307527 0.770277
v 0.856253 0.306706 0.737557
v 0.866513 0.305935 0.702154
v 0.869669 0.305244 0.665427
v 0.865598 0.304660 0.628789
v 0.854458 0.304204 0.593647
v 0.836676 0.303895 0.561351
v 0.812936 0.303744 0.533144
v 0.784150 0.303757 0.510108
v 0.751424 0.303934 0.493130
v 0.716017 0.304268 0.482861
v 0.679287 0.304745 0.479696
v 0.644846 0.316054 0.493220
v 0.611548 0.316722 0.503767
v 0.580950 0.317462 0.520607
v 0.554226 0.318244 0.543094
v 0.532404 0.319040 0.570364
v 0.516323 0.319818 0.601367
v 0.506601 0.320548 0.634914
v 0.503611 0.321203 0.669714
v 0.507468 0.321757 0.704431
v 0.518024 0.322188 0.737730
v 0.534873 0.322481 0.768332
v 0.557368 0.322624 0.795060
v 0.584644 0.322612 0.816887
v 0.615654 0.322444 0.832975
v 0.649204 0.322128 0.842706
v 0.684007 0.321676 0.845705
v 0.718724 0.321105 0.841857
v 0.752022 0.320436 0.831310
v 0.782621 0.319696 0.814469
v 0.809345 0.318914 0.791982
v 0.831166 0.318118 0.764713
v 0.847247 0.317340 0.733709
v 0.856970 0.316610 0.700162
v 0.859960 0.315955 0.665362
v 0.856103 0.315402 0.630645
v 0.845547 0.314970 0.597346
v 0.828698 0.314677 0.566745
v 0.806203 0.314534 0.540017
v 0.778926 0.314546 0.518189
v 0.747917 0.314714 0.502101
v 0.714366 0.315030 0.492371
v 0.679564 0.315482 0.489372
v 0.645372 0.326497 0.494805
v 0.612412 0.327158 0.505245
v 0.582124 0.327891 0.521915
v 0.555671 0.328665 0.544174
v 0.534071 0.329453 0.571166
v 0.518153 0.330223 0.601856
v 0.508529 0.330946 0.635062
v 0.505569 0.331594 0.669509
v 0.509387 0.332142 0.703874
v 0.519836 0.332569 0.736835
v 0.536514 0.332859 0.767126
v 0.558781 0.333001 0.793583
v 0.585781 0.332988 0.815189
v 0.616475 0.332823 0.831114
v 0.649686 0.332510 0.840746
v 0.684136 0.332062 0.843714
v 0.718501 0.331497 0.839906
v 0.751461 0.330835 0.829466
v 0.781749 0.330103 0.812796
v 0.808202 0.329328 0.790537
v 0.829802 0.328540 0.763544
v 0.845720 0.327770 0.732855
v 0.855344 0.327047 0.699648
v 0.858304 0.326399 0.665201
v 0.854486 0.325851 0.630836
v 0.844037 0.325424 0.597875
v 0.827359 0.325134 0.567584
v 0.805092 0.324992 0.541127
v 0.778092 0.325005 0.519521
v 0.747398 0.325171 0.503596
v 0.714187 0.325483 0.493964
v 0.679737 0.325931 0.490996
v 0.647911 0.330003 0.506500
v 0.617196 0.330620 0.516228
v 0.588971 0.331302 0.531763
v 0.564320 0.332024 0.552505
v 0.544191 0.332758 0.577660
v 0.529357 0.333476 0.606259
v 0.520389 0.334150 0.637203
v 0.517631 0.334753 0.669304
v 0.521189 0.335264 0.701328
v 0.530926 0.335662 0.732044
v 0.546468 0.335933 0.760272
v 0.567218 0.336065 0.784927
v 0.592379 0.336053 0.805061
v 0.620983 0.335899 0.819901
v 0.651931 0.335607 0.828877
v 0.684034 0.335190 0.831643
v 0.716059 0.334663 0.828094
v 0.746774 0.334046 0.818365
v 0.774999 0.333364 0.802831
v 0.799650 0.332642 0.782088
v 0.819779 0.331908 0.756934
v 0.834613 0.331190 0.728335
v 0.843581 0.330517 0.697390
v 0.846339 0.329913 0.665289
v 0.842781 0.329402 0.633265
v 0.833044 0.329004 0.602549
v 0.817502 0.328734 0.574321
v 0.796752 0.328602 0.549667
v 0.771591 0.328613 0.529532
v 0.742987 0.328768 0.514692
v 0.712039 0.329059 0.505716
v 0.679936 0.329476 0.502950
v 0.650199 0.371759 0.513714
v 0.621002 0.372345 0.522962
v 0.594171 0.372994 0.537729
v 0.570739 0.373680 0.557447
v 0.551604 0.374378 0.581358
v 0.537504 0.375060 0.608543
v 0.528979 0.375700 0.637959
v 0.526357 0.376274 0.668474
v 0.529739 0.376760 0.698915
v 0.538995 0.377138 0.728113
v 0.553769 0.377395 0.754946
v 0.573494 0.377520 0.778383
v 0.597411 0.377510 0.797522
v 0.624601 0.377363 0.811629
v 0.654020 0.377086 0.820161
v 0.684537 0.376689 0.822791
v 0.714979 0.376188 0.819417
v 0.744177 0.375602 0.810169
v 0.771007 0.374953 0.795402
v 0.794440 0.374267 0.775684
v 0.813574 0.373569 0.751773
v 0.827675 0.372887 0.724587
v 0.836200 0.372247 0.695172
v 0.838822 0.371673 0.664657
v 0.835440 0.371187 0.634216
v 0.826184 0.370809 0.605017
v 0.811409 0.370552 0.578184
v 0.791685 0.370426 0.554748
v 0.767768 0.370437 0.535608
v 0.740577 0.370584 0.521502
v 0.711158 0.370861 0.512969
v 0.680641 0.371258 0.510340
v 0.654722 0.470199 0.526606
v 0.628317 0.470729 0.534970
v 0.604052 0.471316 0.548324
v 0.582860 0.471937 0.566156
v 0.565556 0.472567 0.587781
v 0.552804 0.473184 0.612367
v 0.545094 0.473763 0.638969
v 0.542723 0.474283 0.666566
v 0.545781 0.474722 0.694096
v 0.554152 0.475064 0.720502
v 0.567513 0.475296 0.744769
v 0.585352 0.475410 0.765964
v 0.606982 0.475400 0.783274
v 0.631572 0.475267 0.796031
v 0.658178 0.475016 0.803748
v 0.685776 0.474658 0.806126
v 0.713307 0.474205 0.803074
v 0.739712 0.473675 0.794711
v 0.763977 0.473088 0.781356
v 0.785169 0.472467 0.763524
v 0.802473 0.471836 0.741899
v 0.815226 0.471219 0.717313
v 0.822935 0.470640 0.690711
v 0.825307 0.470121 0.663114
v 0.822248 0.469682 0.635584
v 0.813877 0.469340 0.609178
v 0.800516 0.469108 0.584911
v 0.782677 0.468994 0.563716
v 0.761047 0.469004 0.546407
v 0.736457 0.469137 0.533649
v 0.709851 0.469387 0.525933
v 0.682253 0.469746 0.523554
v 0.657879 0.562733 0.533554
v 0.633111 0.563230 0.541399
v 0.610351 0.563780 0.553925
v 0.590473 0.564362 0.570652
v 0.574241 0.564954 0.590936
v 0.562280 0.565533 0.613997
v 0.555048 0.566076 0.638950
v 0.552824 0.566563 0.664836
v 0.555693 0.566975 0.690659
v 0.563545 0.567296 0.715428
v 0.576078 0.567514 0.738190
v 0.592810 0.567620 0.758071
v 0.613099 0.567611 0.774307
v 0.636165 0.567486 0.786274
v 0.661121 0.567251 0.793512
v 0.687008 0.566915 0.795743
v 0.712832 0.566490 0.792880
v 0.737600 0.565993 0.785035
v 0.760360 0.565442 0.772509
v 0.780238 0.564860 0.755782
v 0.796470 0.564268 0.735498
v 0.808431 0.563690 0.712437
v 0.815663 0.563147 0.687484
v 0.817887 0.562660 0.661598
v 0.815018 0.562248 0.635775
v 0.807166 0.561927 0.611006
v 0.794633 0.561709 0.588244
v 0.777901 0.561602 0.568363
v 0.757612 0.561612 0.552127
v 0.734546 0.561736 0.540160
v 0.709590 0.561971 0.532922
v 0.683703 0.562308 0.530692
v 0.659394 0.647634 0.533401
v 0.634882 0.648126 0.541165
v 0.612357 0.648671 0.553562
v 0.592684 0.649247 0.570116
v 0.576620 0.649833 0.590191
v 0.564782 0.650406 0.613014
v 0.557624 0.650943 0.637710
v 0.555423 0.651425 0.663328
v 0.558263 0.651833 0.688885
v 0.566033 0.652150 0.713398
v 0.578437 0.652366 0.735926
v 0.594997 0.652471 0.755602
v 0.615076 0.652462 0.771670
v 0.637904 0.652339 0.783514
v 0.662603 0.652106 0.790677
v 0.688223 0.651773 0.792884
v 0.713780 0.651353 0.790052
v 0.738293 0.650861 0.782287
v 0.760818 0.650316 0.769890
v 0.780491 0.649740 0.753336
v 0.796555 0.649154 0.733262
v 0.808393 0.648582 0.710438
v 0.815550 0.648044 0.685743
v 0.817751 0.647562 0.660124
v 0.814912 0.647154 0.634567
v 0.807141 0.646837 0.610054
v 0.794737 0.646621 0.587527
v 0.778178 0.646516 0.567851
v 0.758098 0.646525 0.551782
v 0.735271 0.646648 0.539939
v 0.710572 0.646881 0.532776
v 0.684952 0.647214 0.530568
v 0.659660 0.725144 0.527982
v 0.634373 0.725652 0.535991
v 0.611135 0.726213 0.548781
v 0.590841 0.726808 0.565858
v 0.574269 0.727412 0.586567
v 0.562056 0.728003 0.610112
v 0.554673 0.728557 0.635588
v 0.552402 0.729055 0.662017
v 0.555331 0.729475 0.688381
v 0.563348 0.729803 0.713670
v 0.576144 0.730025 0.736909
v 0.593227 0.730134 0.757207
v 0.613941 0.730124 0.773784
v 0.637491 0.729997 0.786001
v 0.662970 0.729757 0.793391
v 0.689400 0.729414 0.795668
v 0.715766 0.728980 0.792746
v 0.741053 0.728472 0.784737
v 0.764290 0.727911 0.771947
v 0.784585 0.727316 0.754870
v 0.801157 0.726712 0.734161
v 0.813369 0.726121 0.710616
v 0.820753 0.725567 0.685140
v 0.823024 0.725069 0.658711
v 0.820094 0.724649 0.632346
v 0.812078 0.724321 0.607058
v 0.799282 0.724099 0.583819
v 0.782199 0.723990 0.563521
v 0.761485 0.723999 0.546944
v 0.737935 0.724127 0.534726
v 0.712456 0.724367 0.527337
v 0.686026 0.724710 0.525059
v 0.658688 0.729024 0.523054
v 0.632473 0.729550 0.531357
v 0.608382 0.730133 0.544616
v 0.587343 0.730749 0.562320
v 0.570162 0.731375 0.583789
v 0.557502 0.731988 0.608198
v 0.549847 0.732563 0.634610
v 0.547493 0.733078 0.662008
v 0.550530 0.733514 0.689340
v 0.558841 0.733854 0.715557
v 0.572106 0.734085 0.739649
v 0.589816 0.734197 0.760692
v 0.611291 0.734187 0.777877
v 0.635705 0.734056 0.790543
v 0.662119 0.733807 0.798204
v 0.689519 0.733451 0.800565
v 0.716852 0.733001 0.797535
v 0.743068 0.732475 0.789232
v 0.767158 0.731892 0.775973
v 0.788198 0.731276 0.758269
v 0.805378 0.730649 0.736800
v 0.818039 0.730037 0.712391
v 0.825693 0.729462 0.685980
v 0.828047 0.728947 0.658581
v 0.825010 0.728511 0.631249
v 0.816700 0.728171 0.605032
v 0.803434 0.727940 0.580940
v 0.785724 0.727828 0.559897
v 0.764250 0.727838 0.542712
v 0.739836 0.727969 0.530046
v 0.713421 0.728218 0.522385
v 0.686021 0.728574 0.520024
v 0.656334 0.728863 0.511945
v 0.627997 0.729432 0.520921
v 0.601956 0.730062 0.535252
v 0.579214 0.730728 0.554390
v 0.560643 0.731405 0.577596
v 0.546958 0.732067 0.603981
v 0.538684 0.732688 0.632531
v 0.536139 0.733245 0.662147
v 0.539421 0.733717 0.691691
v 0.548405 0.734084 0.720030
v 0.562744 0.734333 0.746072
v 0.581888 0.734455 0.768819
v 0.605101 0.734444 0.787394
v 0.631490 0.734302 0.801086
v 0.660043 0.734033 0.809367
v 0.689661 0.733648 0.811919
v 0.719206 0.733162 0.808644
v 0.747544 0.732593 0.799668
v 0.773584 0.731963 0.785337
v 0.796327 0.731297 0.766199
v 0.814897 0.730620 0.742993
v 0.828583 0.729958 0.716608
v 0.836857 0.729337 0.688058
v 0.839401 0.728780 0.658442
v 0.836119 0.728308 0.628898
v 0.827136 0.727941 0.600559
v 0.812796 0.727692 0.574517
v 0.793653 0.727570 0.551770
v 0.770440 0.727581 0.533195
v 0.744050 0.727723 0.519503
v 0.715498 0.727992 0.511222
v 0.685879 0.728377 0.508670
v 0.656758 0.758065 0.511432
v 0.628420 0.758634 0.520408
v 0.602380 0.759263 0.534740
v 0.579638 0.759929 0.553877
v 0.561067 0.760606 0.577084
v 0.547381 0.761268 0.603469
v 0.539107 0.761890 0.632018
v 0.536563 0.762447 0.661634
v 0.539845 0.762918 0.691179
v 0.548829 0.763286 0.719517
v 0.563168 0.763535 0.745560
v 0.582311 0.763657 0.768306
v 0.605524 0.763646 0.786882
v 0.631914 0.763503 0.800573
v 0.660467 0.763235 0.808854
v 0.690085 0.762850 0.811406
v 0.719630 0.762363 0.808131
v 0.747968 0.761795 0.799155
v 0.774008 0.761165 0.784824
v 0.796750 0.760499 0.765687
v 0.815321 0.759822 0.742480
v 0.829006 0.759160 0.716095
v 0.837281 0.758538 0.687546
v 0.839825 0.757981 0.657930
v 0.836543 0.757510 0.628385
v 0.827559 0.757143 0.600047
v 0.813220 0.756893 0.574004
v 0.794076 0.756772 0.551257
v 0.770864 0.756782 0.532682
v 0.744474 0.756925 0.518990
v 0.715921 0.757194 0.510709
v 0.686303 0.757578 0.508157
v 0.660972 0.764353 0.530803
v 0.636355 0.764847 0.538600
v 0.613733 0.765394 0.551050
v 0.593977 0.765973 0.567675
v 0.577844 0.766561 0.587835
v 0.565955 0.767136 0.610756
v 0.558767 0.767676 0.635557
v 0.556557 0.768160 0.661285
v 0.559408 0.768569 0.686951
v 0.567212 0.768888 0.711569
v 0.579669 0.769105 0.734193
v 0.596299 0.769211 0.753953
v 0.616465 0.769201 0.770090
v 0.639390 0.769078 0.781984
v 0.664194 0.768844 0.789177
v 0.689924 0.768510 0.791394
v 0.715590 0.768087 0.788550
v 0.740207 0.767593 0.780752
v 0.762829 0.767046 0.768302
v 0.782586 0.766467 0.751677
v 0.798718 0.765879 0.731517
v 0.810607 0.765304 0.708596
v 0.817795 0.764764 0.683795
v 0.820005 0.764280 0.658067
v 0.817154 0.763871 0.632401
v 0.809350 0.763552 0.607783
v 0.796893 0.763335 0.585160
v 0.780263 0.763229 0.565400
v 0.760098 0.763239 0.549263
v 0.737172 0.763362 0.537369
v 0.712368 0.763596 0.530175
v 0.686639 0.763930 0.527958
v 0.659316 0.766906 0.522759
v 0.633172 0.767431 0.531040
v 0.609146 0.768012 0.544263
v 0.588164 0.768627 0.561919
v 0.571030 0.769251 0.583331
v 0.558404 0.769862 0.607674
v 0.550770 0.770435 0.634014
v 0.548422 0.770949 0.661338
v 0.551450 0.771384 0.688597
v 0.559739 0.771723 0.714742
v 0.572968 0.771953 0.738770
v 0.590631 0.772065 0.759756
v 0.612047 0.772056 0.776894
v 0.636395 0.771924 0.789526
v 0.662738 0.771676 0.797166
v 0.690064 0.771321 0.799521
v 0.717323 0.770872 0.796499
v 0.743468 0.770347 0.788218
v 0.767493 0.769767 0.774995
v 0.788476 0.769152 0.757339
v 0.805610 0.768527 0.735928
v 0.818236 0.767917 0.711585
v 0.825870 0.767343 0.685245
v 0.828218 0.766829 0.657921
v 0.825189 0.766394 0.630662
v 0.816901 0.766055 0.604517
v 0.803671 0.765825 0.580489
v 0.786009 0.765713 0.559503
v 0.764592 0.765723 0.542365
v 0.740245 0.765854 0.529733
v 0.713902 0.766102 0.522093
v 0.686575 0.766458 0.519738
v 0.653334 0.773905 0.493893
v 0.621701 0.774540 0.503913
v 0.592631 0.775243 0.519911
v 0.567243 0.775986 0.541275
v 0.546512 0.776742 0.567181
v 0.531235 0.777481 0.596635
v 0.521998 0.778175 0.628505
v 0.519158 0.778797 0.661567
v 0.522822 0.779323 0.694548
v 0.532850 0.779733 0.726183
v 0.548857 0.780011 0.755255
v 0.570228 0.780147 0.780647
v 0.596141 0.780135 0.801384
v 0.625601 0.779976 0.816668
v 0.657475 0.779676 0.825912
v 0.690538 0.779246 0.828761
v 0.723520 0.778703 0.825105
v 0.755154 0.778068 0.815086
v 0.784224 0.777365 0.799087
v 0.809612 0.776622 0.777723
v 0.830343 0.775866 0.751817
v 0.845620 0.775127 0.722363
v 0.854856 0.774433 0.690493
v 0.857697 0.773811 0.657432
v 0.854033 0.773285 0.624450
v 0.844005 0.772875 0.592815
v 0.827997 0.772597 0.563743
v 0.806627 0.772461 0.538351
v 0.780714 0.772473 0.517614
v 0.751254 0.772632 0.502330
v 0.719380 0.772932 0.493086
v 0.686317 0.773362 0.490237
v 0.650297 0.784980 0.478588
v 0.615778 0.785673 0.489522
v 0.584057 0.786440 0.506980
v 0.556353 0.787252 0.530292
v 0.533731 0.788076 0.558562
v 0.517060 0.788883 0.590703
v 0.506981 0.789640 0.625480
v 0.503881 0.790318 0.661557
v 0.507880 0.790893 0.697547
v 0.518823 0.791340 0.732067
v 0.536290 0.791644 0.763791
v 0.559610 0.791792 0.791500
v 0.587887 0.791779 0.814128
v 0.620034 0.791606 0.830806
v 0.654815 0.791278 0.840893
v 0.690895 0.790809 0.844002
v 0.726885 0.790217 0.840013
v 0.761405 0.789524 0.829079
v 0.793126 0.788757 0.811621
v 0.820830 0.787945 0.788309
v 0.843452 0.787121 0.760040
v 0.860123 0.786314 0.727899
v 0.870202 0.785557 0.693121
v 0.873301 0.784879 0.657045
v 0.869303 0.784304 0.621055
v 0.858360 0.783857 0.586534
v 0.840892 0.783553 0.554810
v 0.817572 0.783405 0.527102
v 0.789296 0.783418 0.504474
v 0.757149 0.783591 0.487795
v 0.722368 0.783919 0.477708
v 0.686288 0.784388 0.474599
v 0.650512 0.799798 0.478328
v 0.615993 0.800491 0.489262
v 0.584272 0.801258 0.506720
v 0.556568 0.802069 0.530032
v 0.533946 0.802894 0.558302
v 0.517275 0.803700 0.590443
v 0.507196 0.804457 0.625220
v 0.504096 0.805136 0.661296
v 0.508095 0.805710 0.697287
v 0.519038 0.806158 0.731807
v 0.536505 0.806461 0.763531
v 0.559825 0.806610 0.791239
v 0.588102 0.806597 0.813868
v 0.620249 0.806423 0.830546
v 0.655030 0.806096 0.840633
v 0.691110 0.805627 0.843742
v 0.727100 0.805034 0.839753
v 0.761620 0.804341 0.828819
v 0.793341 0.803574 0.811361
v 0.821045 0.802763 0.788049
v 0.843667 0.801938 0.759779
v 0.860337 0.801132 0.727638
v 0.870417 0.800375 0.692861
v 0.873516 0.799696 0.656784
v 0.869518 0.799122 0.620794
v 0.858575 0.798675 0.586274
v 0.841107 0.798371 0.554550
v 0.817787 0.798223 0.526842
v 0.789511 0.798235 0.504213
v 0.757364 0.798409 0.487535
v 0.722583 0.798737 0.477448
v 0.686503 0.799206 0.474339
v 0.653347 0.804029 0.491359
v 0.621331 0.804671 0.501500
v 0.591909 0.805383 0.517692
v 0.566214 0.806135 0.539314
v 0.545232 0.806900 0.565534
v 0.529770 0.807648 0.595345
v 0.520421 0.808350 0.627601
v 0.517546 0.808980 0.661062
v 0.521255 0.809512 0.694443
v 0.531405 0.809927 0.726460
v 0.547606 0.810209 0.755885
v 0.569235 0.810346 0.781584
v 0.595462 0.810335 0.802572
v 0.625278 0.810174 0.818041
v 0.657538 0.809870 0.827397
v 0.691001 0.809435 0.830280
v 0.724383 0.808885 0.826580
v 0.756399 0.808243 0.816439
v 0.785821 0.807531 0.800247
v 0.811516 0.806779 0.778625
v 0.832498 0.806014 0.752405
v 0.847960 0.805266 0.722594
v 0.857309 0.804564 0.690338
v 0.860184 0.803934 0.656877
v 0.856475 0.803402 0.623496
v 0.846325 0.802987 0.591478
v 0.830124 0.802705 0.562054
v 0.808495 0.802568 0.536355
v 0.782268 0.802580 0.515367
v 0.752452 0.802741 0.499898
v 0.720192 0.803044 0.490542
v 0.686729 0.803479 0.487659
v 0.651216 0.811364 0.480657
v 0.617180 0.812047 0.491437
v 0.585903 0.812804 0.508651
v 0.558587 0.813604 0.531636
v 0.536282 0.814417 0.559510
v 0.519845 0.815212 0.591201
v 0.509907 0.815958 0.625491
v 0.506851 0.816628 0.661062
v 0.510793 0.817194 0.696548
v 0.521583 0.817635 0.730585
v 0.538806 0.817934 0.761865
v 0.561799 0.818081 0.789185
v 0.589680 0.818068 0.811496
v 0.621376 0.817897 0.827941
v 0.655671 0.817574 0.837887
v 0.691245 0.817111 0.840953
v 0.726731 0.816527 0.837019
v 0.760767 0.815844 0.826239
v 0.792044 0.815088 0.809025
v 0.819360 0.814288 0.786039
v 0.841665 0.813475 0.758166
v 0.858102 0.812679 0.726475
v 0.868040 0.811933 0.692185
v 0.871097 0.811264 0.656613
v 0.867154 0.810698 0.621127
v 0.856364 0.810257 0.587091
v 0.839142 0.809957 0.555811
v 0.816148 0.809811 0.528491
v 0.788267 0.809824 0.506179
v 0.756571 0.809995 0.489735
v 0.722277 0.810318 0.479789
v 0.686703 0.810780 0.476723
v 0.748160 0.859716 0.794425
v 0.773741 0.859168 0.780345
v 0.605441 0.877811 0.534315
v 0.564857 0.879130 0.575912
v 0.835897 0.856588 0.684784
v 0.838397 0.856040 0.655691
v 0.540765 0.879569 0.658994
v 0.552815 0.880393 0.715855
v 0.658561 0.856122 0.511779
v 0.630724 0.856681 0.520597
v 0.608510 0.880747 0.782031
v 0.662482 0.880343 0.803615
v 0.551115 0.859269 0.602191
v 0.542987 0.859880 0.630237
v 0.796360 0.877656 0.761210
v 0.828047 0.876340 0.712493
v 0.566623 0.861496 0.741774
v 0.585429 0.861615 0.764119
v 0.835450 0.874719 0.626332
v 0.812539 0.874114 0.572910
v 0.691300 0.860823 0.806458
v 0.720322 0.860274 0.803243
v 0.745023 0.875295 0.518848
v 0.687879 0.875938 0.508206
v 0.793456 0.854852 0.550902
v 0.770653 0.854862 0.532654
v 0.605144 0.857370 0.534674
v 0.582803 0.858025 0.553474
v 0.564560 0.858690 0.576271
v 0.540489 0.860498 0.659329
v 0.543713 0.860961 0.688352
v 0.552538 0.861322 0.716190
v 0.608233 0.861676 0.782366
v 0.634157 0.861536 0.795815
v 0.662205 0.861272 0.803950
v 0.796084 0.858584 0.761545
v 0.814326 0.857919 0.738747
v 0.827770 0.857269 0.712828
v 0.835173 0.855648 0.626666
v 0.826349 0.855287 0.598828
v 0.812263 0.855042 0.573245
v 0.744730 0.855073 0.519203
v 0.716681 0.855337 0.511068
v 0.687586 0.855715 0.508561
v 0.652126 0.874087 0.479555
v 0.652279 0.884620 0.479370
v 0.652279 0.884620 0.479370
v 0.652279 0.884620 0.479370
v 0.618090 0.874770 0.490336
v 0.618243 0.885304 0.490151
v 0.618243 0.885304 0.490151
v 0.618243 0.885304 0.490151
v 0.520755 0.877935 0.590099
v 0.520908 0.888468 0.589914
v 0.520908 0.888468 0.589914
v 0.520908 0.888468 0.589914
v 0.510817 0.878681 0.624389
v 0.510970 0.889215 0.624204
v 0.510970 0.889215 0.624204
v 0.510970 0.889215 0.624204
v 0.539716 0.880657 0.760763
v 0.539869 0.891190 0.760578
v 0.539869 0.891190 0.760578
v 0.539869 0.891190 0.760578
v 0.562709 0.880803 0.788084
v 0.562862 0.891337 0.787899
v 0.562862 0.891337 0.787899
v 0.562862 0.891337 0.787899
v 0.692155 0.879834 0.839851
v 0.692308 0.890367 0.839666
v 0.692308 0.890367 0.839666
v 0.692308 0.890367 0.839666
v 0.727794 0.889783 0.835733
v 0.761830 0.889100 0.824952
v 0.792954 0.877810 0.807923
v 0.793107 0.888344 0.807738
v 0.793107 0.888344 0.807738
v 0.793107 0.888344 0.807738
v 0.868950 0.874655 0.691083
v 0.869103 0.885189 0.690898
v 0.869103 0.885189 0.690898
v 0.869103 0.885189 0.690898
v 0.872007 0.873986 0.655512
v 0.872160 0.884520 0.655327
v 0.872160 0.884520 0.655327
v 0.872160 0.884520 0.655327
v 0.817058 0.872533 0.527389
v 0.817211 0.883067 0.527204
v 0.809740 0.883329 0.534629
v 0.817211 0.883067 0.527204
v 0.817211 0.883067 0.527204
v 0.789178 0.872546 0.505078
v 0.789330 0.883080 0.504893
v 0.789330 0.883080 0.504893
v 0.789330 0.883080 0.504893
v 0.652975 0.932579 0.478528
v 0.618939 0.933262 0.489308
v 0.587662 0.934018 0.506522
v 0.560346 0.934818 0.529508
v 0.538041 0.935632 0.557381
v 0.521604 0.936427 0.589072
v 0.511666 0.937173 0.623362
v 0.508610 0.937842 0.658934
v 0.512552 0.938408 0.694420
v 0.523342 0.938850 0.728456
v 0.540565 0.939149 0.759736
v 0.563558 0.939295 0.787056
v 0.591439 0.939282 0.809368
v 0.623135 0.939111 0.825812
v 0.657430 0.938788 0.835758
v 0.693004 0.938326 0.838824
v 0.793803 0.936302 0.806896
v 0.821119 0.935502 0.783911
v 0.843424 0.934689 0.756037
v 0.859861 0.933894 0.724346
v 0.869799 0.933148 0.690056
v 0.872855 0.932478 0.654485
v 0.868913 0.931912 0.618999
v 0.858123 0.931471 0.584962
v 0.840901 0.931172 0.553682
v 0.817907 0.931026 0.526362
v 0.790026 0.931038 0.504050
v 0.758330 0.931209 0.487606
v 0.724036 0.931532 0.477660
v 0.688462 0.931995 0.474594
v 0.669295 0.895480 0.508945
v 0.668990 0.874435 0.509314
v 0.658982 0.885154 0.511270
v 0.659135 0.895688 0.511085
v 0.669142 0.884958 0.509130
v 0.659522 0.874625 0.512313
v 0.621453 0.875390 0.524371
v 0.621758 0.896434 0.524002
v 0.630921 0.875199 0.521372
v 0.631145 0.885713 0.520087
v 0.621606 0.885912 0.524187
v 0.631298 0.896247 0.519902
v 0.555552 0.898587 0.591860
v 0.555247 0.877542 0.592229
v 0.551537 0.888301 0.601681
v 0.551689 0.898835 0.601496
v 0.555399 0.888065 0.592045
v 0.552462 0.877751 0.601839
v 0.541367 0.878585 0.640121
v 0.541672 0.899630 0.639752
v 0.544113 0.878378 0.630645
v 0.543409 0.888912 0.629727
v 0.541519 0.889107 0.639936
v 0.543561 0.899445 0.629542
v 0.561329 0.900974 0.732512
v 0.561023 0.879929 0.732881
v 0.567044 0.890528 0.741264
v 0.567197 0.901061 0.741079
v 0.561176 0.890451 0.732696
v 0.567476 0.879970 0.740549
v 0.593138 0.880133 0.771039
v 0.593443 0.901178 0.770669
v 0.586783 0.880092 0.763488
v 0.585850 0.890647 0.763609
v 0.593290 0.890655 0.770854
v 0.586003 0.901181 0.763424
v 0.681490 0.900519 0.805881
v 0.681185 0.879499 0.806250
v 0.700967 0.879125 0.804058
v 0.691721 0.889855 0.805948
v 0.691874 0.900388 0.805763
v 0.681338 0.890009 0.806065
v 0.691076 0.879312 0.805154
v 0.702237 0.889656 0.804783
v 0.720591 0.878772 0.802918
v 0.720744 0.889306 0.802733
v 0.748428 0.878214 0.794100
v 0.748581 0.888747 0.793915
v 0.765130 0.877837 0.783735
v 0.782566 0.877463 0.774138
v 0.782871 0.898484 0.773769
v 0.773848 0.877650 0.778936
v 0.774163 0.888200 0.779835
v 0.782718 0.887974 0.773953
v 0.774316 0.898733 0.779650
v 0.764893 0.888398 0.784937
v 0.834563 0.896338 0.694296
v 0.834257 0.875292 0.694665
v 0.836318 0.885619 0.684274
v 0.836471 0.896153 0.684089
v 0.834410 0.885815 0.694481
v 0.835102 0.875107 0.684834
v 0.838526 0.874358 0.644984
v 0.838831 0.895403 0.644614
v 0.837668 0.874546 0.654967
v 0.838818 0.885072 0.655181
v 0.838679 0.884881 0.644799
v 0.838971 0.895606 0.654996
v 0.801456 0.894415 0.557466
v 0.801151 0.873370 0.557836
v 0.793877 0.883884 0.550392
v 0.794030 0.894417 0.550207
v 0.801303 0.883892 0.557651
v 0.793446 0.873373 0.551670
v 0.762211 0.873387 0.526675
v 0.762516 0.894432 0.526305
v 0.770024 0.873384 0.532927
v 0.771074 0.883894 0.532144
v 0.762363 0.883910 0.526490
v 0.771227 0.894428 0.531959
v 0.669995 0.922336 0.509453
v 0.659677 0.933042 0.510428
v 0.659524 0.922508 0.510614
v 0.622458 0.923290 0.524510
v 0.631840 0.933601 0.519246
v 0.631687 0.923067 0.519431
v 0.606106 0.923685 0.533510
v 0.606259 0.934219 0.533325
v 0.583918 0.934873 0.552124
v 0.565522 0.925005 0.575106
v 0.565675 0.935539 0.574921
v 0.556929 0.925421 0.591675
v 0.552231 0.936189 0.600840
v 0.552079 0.925655 0.601025
v 0.543049 0.926463 0.639566
v 0.544103 0.936799 0.628886
v 0.543951 0.926266 0.629071
v 0.541451 0.926813 0.658164
v 0.541604 0.937347 0.657979
v 0.544828 0.937810 0.687002
v 0.553500 0.927637 0.715025
v 0.553653 0.938170 0.714840
v 0.562504 0.927793 0.731379
v 0.567739 0.938415 0.740423
v 0.567586 0.927882 0.740608
v 0.594619 0.927998 0.769536
v 0.586545 0.938535 0.762768
v 0.586392 0.928001 0.762953
v 0.609195 0.927991 0.781201
v 0.609348 0.938524 0.781016
v 0.635272 0.938385 0.794466
v 0.663168 0.927587 0.802785
v 0.663320 0.938120 0.802600
v 0.681766 0.927345 0.804388
v 0.692416 0.937742 0.805107
v 0.692263 0.927209 0.805292
v 0.782765 0.925318 0.772397
v 0.774858 0.936087 0.778994
v 0.774705 0.925554 0.779179
v 0.797046 0.924899 0.760380
v 0.797199 0.935433 0.760195
v 0.815442 0.934768 0.737398
v 0.828733 0.923584 0.711664
v 0.828885 0.934117 0.711479
v 0.833928 0.923194 0.693736
v 0.837013 0.933507 0.683433
v 0.836860 0.922973 0.683618
v 0.838197 0.922259 0.644054
v 0.839513 0.932960 0.654340
v 0.839360 0.922426 0.654525
v 0.836136 0.921963 0.625502
v 0.836289 0.932497 0.625317
v 0.827464 0.932136 0.597479
v 0.813225 0.921357 0.572081
v 0.813378 0.931891 0.571896
v 0.801204 0.921281 0.557797
v 0.794572 0.931772 0.549551
v 0.794419 0.921238 0.549736
v 0.762263 0.921299 0.526636
v 0.771769 0.931782 0.531303
v 0.771616 0.921248 0.531488
v 0.745692 0.921388 0.518038
v 0.745845 0.931922 0.517853
v 0.717796 0.932186 0.509719
v 0.688548 0.922031 0.507397
v 0.688701 0.932564 0.507212
v 0.646418 0.311532 0.501038
v 0.614598 0.312170 0.511117
v 0.585358 0.312877 0.527210
v 0.559820 0.313625 0.548699
v 0.538967 0.314386 0.574758
v 0.523600 0.315129 0.604386
v 0.514309 0.315827 0.636443
v 0.511452 0.316452 0.669699
v 0.515138 0.316981 0.702875
v 0.525225 0.317394 0.734696
v 0.541326 0.317674 0.763939
v 0.562823 0.317811 0.789481
v 0.588888 0.317799 0.810340
v 0.618522 0.317639 0.825714
v 0.650583 0.317337 0.835012
v 0.683841 0.316904 0.837878
v 0.717018 0.316358 0.834201
v 0.748838 0.315720 0.824122
v 0.778078 0.315013 0.808029
v 0.803616 0.314265 0.786540
v 0.824469 0.313504 0.760481
v 0.839836 0.312761 0.730853
v 0.849127 0.312063 0.698796
v 0.851985 0.311438 0.665540
v 0.848299 0.310909 0.632364
v 0.838211 0.310496 0.600543
v 0.822110 0.310216 0.571300
v 0.800613 0.310079 0.545758
v 0.774548 0.310091 0.524899
v 0.744915 0.310251 0.509525
v 0.712853 0.310553 0.500227
v 0.679595 0.310986 0.497361
v 0.632594 0.127057 0.451607
v 0.590715 0.127898 0.464872
v 0.552232 0.128828 0.486052
v 0.518621 0.129813 0.514334
v 0.491177 0.130814 0.548630
v 0.470951 0.131792 0.587623
v 0.458724 0.132710 0.629815
v 0.454963 0.133534 0.673583
v 0.459814 0.134230 0.717246
v 0.473090 0.134773 0.759126
v 0.494281 0.135141 0.797614
v 0.522573 0.135321 0.831229
v 0.556878 0.135306 0.858682
v 0.595879 0.135095 0.878915
v 0.638075 0.134698 0.891153
v 0.681846 0.134129 0.894925
v 0.725510 0.133410 0.890085
v 0.767389 0.132569 0.876821
v 0.805873 0.131639 0.855640
v 0.839483 0.130655 0.827358
v 0.866928 0.129654 0.793062
v 0.887153 0.128676 0.754069
v 0.899381 0.127757 0.711877
v 0.903141 0.126934 0.668109
v 0.898290 0.126237 0.624446
v 0.885014 0.125695 0.582566
v 0.863823 0.125326 0.544079
v 0.835531 0.125146 0.510463
v 0.801226 0.125162 0.483011
v 0.762226 0.125372 0.462777
v 0.720029 0.125770 0.450539
v 0.676258 0.126339 0.446767
v 0.628384 0.047973 0.438525
v 0.628386 0.051294 0.438249
v 0.583702 0.052191 0.452402
v 0.583742 0.048869 0.452665
v 0.542641 0.053183 0.475001
v 0.542719 0.049861 0.475243
v 0.506779 0.054234 0.505177
v 0.506891 0.050911 0.505391
v 0.477496 0.055301 0.541771
v 0.477635 0.051977 0.541951
v 0.455916 0.056345 0.583376
v 0.456075 0.053020 0.583517
v 0.442870 0.057325 0.628394
v 0.443040 0.053999 0.628493
v 0.438857 0.058204 0.675093
v 0.439032 0.054877 0.675149
v 0.444033 0.058947 0.721681
v 0.444203 0.055619 0.721693
v 0.458198 0.059526 0.766366
v 0.458355 0.056198 0.766337
v 0.480809 0.059919 0.807431
v 0.480944 0.056591 0.807364
v 0.510996 0.060111 0.843299
v 0.511103 0.056782 0.843198
v 0.547599 0.060094 0.872590
v 0.547672 0.056766 0.872461
v 0.589211 0.059870 0.894179
v 0.589246 0.056541 0.894031
v 0.634234 0.059446 0.907237
v 0.634227 0.056118 0.907076
v 0.680937 0.058839 0.911261
v 0.680886 0.055511 0.911097
v 0.727526 0.058072 0.906097
v 0.727431 0.054745 0.905938
v 0.772210 0.057175 0.891944
v 0.772074 0.053849 0.891797
v 0.813271 0.056182 0.869345
v 0.813097 0.052857 0.869220
v 0.849133 0.055132 0.839169
v 0.848925 0.051808 0.839072
v 0.878416 0.054064 0.802575
v 0.878181 0.050741 0.802512
v 0.899996 0.053020 0.760970
v 0.899740 0.049698 0.760946
v 0.913042 0.052040 0.715953
v 0.912775 0.048719 0.715970
v 0.917055 0.051162 0.669253
v 0.916784 0.047842 0.669314
v 0.911879 0.050419 0.622665
v 0.911613 0.047099 0.622770
v 0.897714 0.049840 0.577980
v 0.897460 0.046520 0.578126
v 0.875103 0.049446 0.536915
v 0.874871 0.046128 0.537099
v 0.844916 0.049254 0.501047
v 0.844712 0.045936 0.501265
v 0.808313 0.049271 0.471756
v 0.808143 0.045953 0.472001
v 0.766701 0.049496 0.450167
v 0.766570 0.046177 0.450432
v 0.721678 0.049920 0.437109
v 0.721589 0.046601 0.437387
v 0.674975 0.050527 0.433085
v 0.674929 0.047207 0.433366
v 0.629512 0.049718 0.443704
v 0.585864 0.050594 0.457529
v 0.545755 0.051564 0.479603
v 0.510725 0.052590 0.509080
v 0.482121 0.053633 0.544825
v 0.461042 0.054652 0.585465
v 0.448298 0.055610 0.629438
v 0.444379 0.056468 0.675055
v 0.449435 0.057193 0.720562
v 0.463271 0.057759 0.764210
v 0.485357 0.058143 0.804323
v 0.514844 0.058331 0.839359
v 0.550598 0.058314 0.867970
v 0.591246 0.058095 0.889059
v 0.635224 0.057681 0.901814
v 0.680844 0.057088 0.905745
v 0.726352 0.056339 0.900701
v 0.769999 0.055463 0.886876
v 0.810109 0.054493 0.864801
v 0.845138 0.053467 0.835325
v 0.873742 0.052424 0.799580
v 0.894821 0.051404 0.758940
v 0.907566 0.050447 0.714966
v 0.911485 0.049589 0.669349
v 0.906429 0.048863 0.623842
v 0.892592 0.048297 0.580194
v 0.870506 0.047913 0.540081
v 0.841020 0.047726 0.505045
v 0.805266 0.047742 0.476434
v 0.764618 0.047962 0.455345
v 0.720640 0.048376 0.442591
v 0.675020 0.048969 0.438660
v 0.628175 0.033573 0.438778
v 0.583533 0.034470 0.452918
v 0.542510 0.035461 0.475496
v 0.506682 0.036511 0.505644
v 0.477426 0.037578 0.542204
v 0.455866 0.038620 0.583770
v 0.442832 0.039599 0.628746
v 0.438823 0.040477 0.675402
v 0.443994 0.041220 0.721946
v 0.458146 0.041798 0.766590
v 0.480735 0.042191 0.807617
v 0.510894 0.042383 0.843451
v 0.547463 0.042366 0.872714
v 0.589037 0.042142 0.894283
v 0.634018 0.041718 0.907329
v 0.680677 0.041111 0.911349
v 0.727223 0.040345 0.906191
v 0.771865 0.039449 0.892050
v 0.812888 0.038457 0.869472
v 0.848716 0.037408 0.839324
v 0.877972 0.036341 0.802765
v 0.899531 0.035299 0.761199
v 0.912566 0.034319 0.716223
v 0.916575 0.033442 0.669567
v 0.911404 0.032699 0.623022
v 0.897251 0.032121 0.578379
v 0.874662 0.031728 0.537352
v 0.844503 0.031536 0.501518
v 0.807935 0.031553 0.472254
v 0.766361 0.031777 0.450685
v 0.721380 0.032201 0.437640
v 0.674720 0.032807 0.433619
vn -0.8817 -0.1281 -0.4541
vn 0.6363 -0.1288 0.7606
vn -0.9538 -0.1239 -0.2737
vn -0.4800 -0.1412 -0.8659
vn 0.7719 -0.1332 0.6216
vn -0.9893 -0.1201 -0.0827
vn 0.8778 -0.1376 0.4588
vn -0.9869 -0.1167 0.1115
vn 0.9499 -0.1419 0.2784
vn -0.9466 -0.1139 0.3016
vn 0.9855 -0.1457 0.0874
vn -0.8700 -0.1119 0.4801
vn 0.9830 -0.1491 -0.1068
vn -0.7601 -0.1107 0.6403
vn 0.9428 -0.1519 -0.2969
vn -0.6210 -0.1103 0.7760
vn 0.8662 -0.1539 -0.4754
vn -0.4582 -0.1108 0.8819
vn 0.7562 -0.1551 -0.6356
vn -0.2778 -0.1122 0.9541
vn 0.6172 -0.1555 -0.7713
vn -0.0868 -0.1143 0.9896
vn -0.1114 -0.1486 -0.9826
vn 0.4543 -0.1550 -0.8773
vn 0.1075 -0.1172 0.9873
vn -0.6401 -0.1370 -0.7560
vn 0.2739 -0.1536 -0.9494
vn 0.2976 -0.1206 0.9471
vn -0.7758 -0.1325 -0.6169
vn 0.0829 -0.1515 -0.9850
vn 0.4761 -0.1246 0.8705
vn -0.9604 0.0090 -0.2785
vn 0.7808 -0.0004 0.6248
vn -0.2208 0.9536 -0.2045
vn -0.6367 -0.6834 0.3571
vn -0.0938 -0.9516 0.2926
vn 0.3161 0.9092 -0.2709
vn 0.0435 -0.8534 0.5194
vn 0.6246 -0.0228 -0.7806
vn -0.4433 -0.4300 -0.7865
vn 0.4111 -0.4426 -0.7969
vn 0.0939 -0.4081 0.9081
vn -0.5897 -0.4261 -0.6860
vn 0.2461 -0.4414 -0.8629
vn 0.2677 -0.4112 0.8713
vn -0.7138 -0.4221 -0.5589
vn 0.0714 -0.4394 -0.8954
vn 0.4310 -0.4148 0.8013
vn -0.8106 -0.4181 -0.4100
vn -0.1062 -0.4368 -0.8933
vn 0.5775 -0.4187 0.7008
vn -0.8766 -0.4142 -0.2450
vn 0.7015 -0.4228 0.5737
vn -0.9091 -0.4107 -0.0704
vn 0.7984 -0.4268 0.4248
vn -0.9068 -0.4076 0.1073
vn 0.8643 -0.4306 0.2599
vn -0.8700 -0.4051 0.2810
vn 0.8968 -0.4342 0.0852
vn -0.8000 -0.4032 0.4443
vn 0.8946 -0.4373 -0.0924
vn -0.6994 -0.4021 0.5908
vn 0.8577 -0.4398 -0.2662
vn -0.5723 -0.4018 0.7149
vn 0.7877 -0.4416 -0.4295
vn -0.4233 -0.4023 0.8118
vn 0.6872 -0.4427 -0.5760
vn -0.2584 -0.4035 0.8777
vn -0.2800 -0.4336 -0.8565
vn 0.5600 -0.4431 -0.7001
vn -0.0837 -0.4055 0.9103
vn -0.4793 -0.8477 -0.2273
vn -0.0704 -0.8586 -0.5078
vn 0.3264 -0.8481 0.4174
vn -0.5175 -0.8455 -0.1316
vn 0.3984 -0.8504 0.3436
vn -0.5364 -0.8434 -0.0302
vn 0.4546 -0.8528 0.2572
vn -0.5351 -0.8416 0.0729
vn 0.4929 -0.8550 0.1615
vn -0.5137 -0.8402 0.1737
vn 0.5117 -0.8571 0.0601
vn -0.4731 -0.8391 0.2685
vn 0.5104 -0.8588 -0.0430
vn -0.4147 -0.8385 0.3535
vn 0.4891 -0.8603 -0.1439
vn -0.3409 -0.8383 0.4255
vn 0.4484 -0.8614 -0.2386
vn -0.2545 -0.8385 0.4818
vn 0.3901 -0.8620 -0.3237
vn -0.1587 -0.8392 0.5201
vn -0.1713 -0.8567 -0.4865
vn 0.3162 -0.8622 -0.3957
vn -0.0574 -0.8404 0.5389
vn -0.2660 -0.8547 -0.4459
vn 0.2298 -0.8620 -0.4519
vn 0.0457 -0.8419 0.5377
vn -0.3511 -0.8524 -0.3875
vn 0.1341 -0.8612 -0.4902
vn 0.1466 -0.8437 0.5163
vn -0.4231 -0.8501 -0.3137
vn 0.0327 -0.8601 -0.5091
vn 0.2414 -0.8458 0.4757
vn 0.3064 -0.7474 0.5895
vn 0.0454 -0.7652 -0.6421
vn -0.5246 -0.7527 -0.3978
vn 0.1879 -0.7448 0.6403
vn 0.1722 -0.7667 -0.6185
vn -0.4346 -0.7556 -0.4901
vn 0.0617 -0.7425 0.6670
vn 0.2919 -0.7676 -0.5706
vn -0.3282 -0.7584 -0.5631
vn -0.0672 -0.7406 0.6686
vn 0.4000 -0.7679 -0.5003
vn -0.2097 -0.7610 -0.6139
vn -0.1940 -0.7392 0.6450
vn 0.4923 -0.7676 -0.4103
vn -0.3138 -0.7383 0.5971
vn 0.5653 -0.7668 -0.3039
vn -0.4219 -0.7379 0.5268
vn 0.6162 -0.7655 -0.1854
vn -0.5142 -0.7382 0.4367
vn 0.6429 -0.7637 -0.0592
vn -0.5872 -0.7390 0.3304
vn 0.6445 -0.7614 0.0697
vn -0.6380 -0.7403 0.2118
vn 0.6209 -0.7589 0.1965
vn -0.6647 -0.7421 0.0857
vn 0.5731 -0.7561 0.3162
vn -0.6663 -0.7444 -0.0433
vn 0.5027 -0.7531 0.4243
vn -0.6428 -0.7470 -0.1700
vn 0.4127 -0.7502 0.5166
vn -0.0836 -0.7633 -0.6406
vn -0.5949 -0.7498 -0.2898
vn 0.8759 -0.0212 -0.4821
vn 0.9604 -0.0090 0.2785
vn -0.0856 0.0187 0.9962
vn 0.1104 0.0159 0.9938
vn 0.4379 -0.8639 0.2488
vn 0.0129 0.9998 -0.0162
vn -0.2783 0.0209 0.9603
vn 0.9531 -0.0191 -0.3019
vn -0.8272 0.0219 0.5615
vn 0.6769 -0.7050 0.2115
vn -0.4708 -0.7015 -0.5350
vn -0.1104 -0.0159 -0.9938
vn -0.3666 0.8066 -0.4637
vn 0.1752 0.7967 -0.5784
vn 0.1893 0.8163 0.5458
vn -0.4470 0.8092 -0.3813
vn 0.0620 0.7980 -0.5995
vn 0.2951 0.8139 0.5004
vn -0.5098 0.8118 -0.2848
vn -0.0531 0.7997 -0.5980
vn 0.3900 0.8114 0.4353
vn -0.5525 0.8143 -0.1778
vn 0.4705 0.8088 0.3529
vn -0.5735 0.8166 -0.0646
vn 0.5332 0.8062 0.2563
vn -0.5721 0.8186 0.0505
vn 0.5760 0.8037 0.1494
vn -0.5482 0.8203 0.1632
vn 0.5970 0.8014 0.0362
vn -0.5028 0.8215 0.2690
vn 0.5956 0.7994 -0.0789
vn -0.4377 0.8222 0.3640
vn 0.5717 0.7978 -0.1916
vn -0.3552 0.8224 0.4444
vn 0.5263 0.7966 -0.2974
vn -0.2587 0.8221 0.5072
vn 0.4612 0.7958 -0.3924
vn -0.1518 0.8213 0.5500
vn -0.1658 0.8018 -0.5742
vn 0.3787 0.7956 -0.4728
vn -0.0385 0.8200 0.5710
vn -0.2716 0.8041 -0.5288
vn 0.2822 0.7959 -0.5356
vn 0.0766 0.8183 0.5696
vn -0.8759 0.0212 0.4821
vn -0.2263 -0.7074 -0.6696
vn -0.1311 0.9510 -0.2800
vn -0.1524 -0.9600 -0.2347
vn 0.7025 -0.7078 0.0737
vn -0.1007 -0.9612 -0.2569
vn -0.2727 0.9593 0.0740
vn -0.2688 -0.9563 -0.1154
vn 0.9938 -0.0164 -0.1101
vn 0.3133 0.9496 0.0091
vn -0.0748 0.9545 0.2887
vn 0.0660 -0.9636 -0.2589
vn -0.0714 -0.6852 0.7249
vn -0.3639 0.9257 0.1034
vn 0.2771 0.9471 -0.1616
vn 0.5484 -0.6988 0.4592
vn 0.2619 -0.9602 0.0968
vn -0.6972 -0.6921 -0.1870
vn 0.4505 -0.6956 0.5596
vn -0.6451 -0.6951 -0.3172
vn -0.3394 -0.6826 0.6471
vn 0.1955 0.9093 -0.3674
vn 0.0570 0.9244 0.3772
vn -0.2415 0.9165 -0.3189
vn -0.2894 0.9270 0.2386
vn 0.3600 0.9097 -0.2069
vn -0.1776 0.9148 -0.3628
vn 0.4067 0.9116 -0.0597
vn -0.0145 -0.9997 0.0176
vn -0.1063 0.9132 -0.3934
vn -0.0206 0.9255 0.3782
vn -0.0968 0.9264 0.3639
vn 0.3646 0.9162 0.1661
vn 0.7650 -0.0224 -0.6437
vn 0.9997 -0.0148 -0.0172
vn -0.4998 -0.8569 -0.1262
vn -0.3334 0.9265 0.1747
vn -0.4962 -0.8518 0.1683
vn -0.3810 0.9232 -0.0501
vn -0.2339 0.9271 0.2928
vn -0.5731 -0.3986 0.7160
vn 0.7891 -0.4385 -0.4303
vn -0.4240 -0.3990 0.8130
vn 0.6884 -0.4396 -0.5770
vn -0.2587 -0.4003 0.8791
vn -0.2804 -0.4305 -0.8580
vn 0.5610 -0.4399 -0.7013
vn -0.0838 -0.4022 0.9117
vn -0.4439 -0.4269 -0.7879
vn 0.4118 -0.4395 -0.7983
vn 0.0941 -0.4048 0.9095
vn -0.5906 -0.4230 -0.6872
vn 0.2466 -0.4382 -0.8644
vn 0.2682 -0.4080 0.8727
vn -0.7149 -0.4189 -0.5599
vn 0.0716 -0.4363 -0.8970
vn 0.4318 -0.4116 0.8026
vn -0.8119 -0.4149 -0.4107
vn -0.1063 -0.4336 -0.8948
vn 0.5785 -0.4155 0.7019
vn -0.8779 -0.4110 -0.2455
vn 0.7027 -0.4196 0.5746
vn -0.9105 -0.4075 -0.0706
vn 0.7997 -0.4236 0.4254
vn -0.9083 -0.4044 0.1074
vn 0.8658 -0.4275 0.2602
vn -0.8714 -0.4019 0.2814
vn 0.8983 -0.4310 0.0853
vn -0.8012 -0.4000 0.4450
vn 0.8961 -0.4341 -0.0926
vn -0.7005 -0.3989 0.5917
vn 0.8592 -0.4366 -0.2667
vn -0.0844 0.0882 0.9925
vn -0.4801 0.0612 -0.8751
vn 0.4602 0.0473 -0.8865
vn 0.1111 0.0853 0.9901
vn -0.6413 0.0654 -0.7645
vn 0.2786 0.0487 -0.9592
vn 0.3024 0.0819 0.9496
vn -0.7779 0.0699 -0.6245
vn 0.0864 0.0508 -0.9950
vn 0.4821 0.0779 0.8726
vn -0.8845 0.0743 -0.4606
vn -0.1091 0.0537 -0.9926
vn 0.6434 0.0736 0.7620
vn -0.9570 0.0786 -0.2791
vn 0.7799 0.0692 0.6221
vn -0.9928 0.0824 -0.0869
vn 0.8865 0.0647 0.4582
vn -0.9904 0.0858 0.1087
vn 0.9591 0.0605 0.2766
vn -0.9498 0.0886 0.3000
vn 0.9948 0.0566 0.0844
vn -0.8728 0.0907 0.4797
vn 0.9924 0.0532 -0.1111
vn -0.7621 0.0919 0.6409
vn 0.9518 0.0504 -0.3024
vn -0.6221 0.0922 0.7775
vn 0.8748 0.0484 -0.4821
vn -0.4582 0.0917 0.8841
vn 0.7641 0.0472 -0.6434
vn -0.2766 0.0904 0.9567
vn -0.3004 0.0572 -0.9521
vn 0.6241 0.0468 -0.7799
vn 0.3605 0.6927 0.6246
vn -0.6352 0.6901 -0.3468
vn -0.0703 0.6751 -0.7343
vn 0.4780 0.6896 0.5440
vn -0.6881 0.6932 -0.2145
vn 0.5775 0.6864 0.4421
vn -0.7141 0.6961 -0.0745
vn 0.6551 0.6832 0.3227
vn -0.7123 0.6985 0.0680
vn 0.7080 0.6801 0.1904
vn -0.6828 0.7006 0.2074
vn 0.7340 0.6772 0.0503
vn -0.6266 0.7020 0.3383
vn 0.7323 0.6748 -0.0921
vn -0.5460 0.7029 0.4558
vn 0.7027 0.6727 -0.2315
vn -0.4440 0.7032 0.5553
vn 0.6466 0.6713 -0.3624
vn -0.3246 0.7028 0.6330
vn 0.5660 0.6704 -0.4799
vn -0.1923 0.7018 0.6859
vn -0.2097 0.6777 -0.7049
vn 0.4640 0.6701 -0.5794
vn -0.0522 0.7003 0.7120
vn -0.3406 0.6805 -0.6487
vn 0.3445 0.6705 -0.6571
vn 0.0902 0.6982 0.7102
vn -0.4580 0.6837 -0.5681
vn 0.2122 0.6715 -0.7100
vn 0.2296 0.6956 0.6807
vn -0.5575 0.6869 -0.4662
vn 0.0722 0.6730 -0.7361
vn 0.4897 0.8402 0.2329
vn -0.5223 0.8516 0.0444
vn 0.5288 0.8379 0.1350
vn -0.5005 0.8531 0.1476
vn 0.5481 0.8358 0.0314
vn -0.4589 0.8542 0.2445
vn 0.5468 0.8340 -0.0741
vn -0.3993 0.8548 0.3315
vn 0.5249 0.8325 -0.1772
vn -0.3238 0.8550 0.4051
vn 0.4834 0.8314 -0.2741
vn -0.2354 0.8548 0.4626
vn 0.4237 0.8307 -0.3611
vn -0.1375 0.8540 0.5017
vn -0.1503 0.8361 -0.5275
vn 0.3482 0.8305 -0.4347
vn -0.0338 0.8529 0.5211
vn -0.2472 0.8383 -0.4860
vn 0.2598 0.8308 -0.4922
vn 0.0716 0.8513 0.5198
vn -0.3341 0.8406 -0.4264
vn 0.1619 0.8315 -0.5314
vn 0.1748 0.8494 0.4979
vn -0.4078 0.8430 -0.3509
vn 0.0583 0.8327 -0.5507
vn 0.2717 0.8473 0.4564
vn -0.4653 0.8454 -0.2625
vn -0.0472 0.8342 -0.5494
vn 0.3586 0.8450 0.3968
vn -0.5044 0.8476 -0.1646
vn 0.4322 0.8426 0.3213
vn -0.5237 0.8497 -0.0610
vn 0.9210 0.3742 -0.1083
vn -0.6989 0.4099 0.5860
vn 0.8836 0.3717 -0.2849
vn -0.5697 0.4103 0.7121
vn 0.8124 0.3698 -0.4508
vn -0.4183 0.4098 0.8106
vn 0.7102 0.3686 -0.5997
vn -0.2507 0.4085 0.8776
vn -0.2727 0.3779 -0.8848
vn 0.5810 0.3683 -0.7258
vn -0.0732 0.4065 0.9107
vn -0.4386 0.3816 -0.8137
vn 0.4296 0.3688 -0.8243
vn 0.1073 0.4039 0.9085
vn -0.5874 0.3855 -0.7115
vn 0.2620 0.3700 -0.8913
vn 0.2840 0.4007 0.8711
vn -0.7135 0.3896 -0.5823
vn 0.0845 0.3720 -0.9244
vn 0.4499 0.3970 0.8000
vn -0.8119 0.3937 -0.4310
vn -0.0960 0.3747 -0.9222
vn 0.5987 0.3931 0.6979
vn -0.8789 0.3976 -0.2634
vn 0.7248 0.3890 0.5687
vn -0.9120 0.4012 -0.0859
vn 0.8232 0.3849 0.4173
vn -0.9097 0.4043 0.0946
vn 0.8902 0.3809 0.2497
vn -0.8723 0.4069 0.2712
vn 0.9232 0.3774 0.0722
vn -0.8011 0.4088 0.4372
vn 0.7280 0.3043 -0.6143
vn -0.2584 0.3452 0.9022
vn -0.2810 0.3138 -0.9070
vn 0.5953 0.3039 -0.7438
vn -0.0762 0.3432 0.9362
vn -0.4513 0.3175 -0.8340
vn 0.4400 0.3044 -0.8448
vn 0.1091 0.3405 0.9339
vn -0.6041 0.3216 -0.7291
vn 0.2679 0.3057 -0.9137
vn 0.2904 0.3372 0.8955
vn -0.7335 0.3258 -0.5965
vn 0.0857 0.3078 -0.9476
vn 0.4608 0.3334 0.8225
vn -0.8346 0.3300 -0.4411
vn -0.0997 0.3105 -0.9453
vn 0.6136 0.3293 0.7177
vn -0.9033 0.3340 -0.2691
vn 0.7430 0.3251 0.5851
vn -0.9372 0.3377 -0.0869
vn 0.8440 0.3209 0.4297
vn -0.9349 0.3409 0.0984
vn 0.9128 0.3169 0.2576
vn -0.8965 0.3436 0.2797
vn 0.9467 0.3132 0.0754
vn -0.8234 0.3455 0.4501
vn 0.9444 0.3100 -0.1099
vn -0.7186 0.3467 0.6029
vn 0.9059 0.3074 -0.2912
vn -0.5859 0.3470 0.7323
vn 0.8329 0.3054 -0.4615
vn -0.4305 0.3465 0.8334
vn -0.6377 -0.1670 -0.7520
vn 0.2722 -0.1836 -0.9446
vn 0.2958 -0.1508 0.9433
vn -0.7727 -0.1626 -0.6136
vn 0.0821 -0.1815 -0.9800
vn 0.4735 -0.1547 0.8671
vn -0.8781 -0.1583 -0.4515
vn -0.1113 -0.1786 -0.9776
vn 0.6329 -0.1589 0.7577
vn -0.9499 -0.1541 -0.2719
vn 0.7680 -0.1633 0.6193
vn -0.9853 -0.1502 -0.0818
vn 0.8734 -0.1677 0.4572
vn -0.9829 -0.1468 0.1115
vn 0.9452 -0.1719 0.2777
vn -0.9428 -0.1441 0.3007
vn 0.9805 -0.1758 0.0876
vn -0.8665 -0.1421 0.4785
vn 0.9781 -0.1791 -0.1058
vn -0.7571 -0.1409 0.6379
vn 0.9380 -0.1819 -0.2950
vn -0.6186 -0.1405 0.7730
vn 0.8618 -0.1839 -0.4727
vn -0.4565 -0.1410 0.8785
vn 0.7524 -0.1851 -0.6322
vn -0.2769 -0.1424 0.9503
vn -0.3005 -0.1752 -0.9376
vn 0.6139 -0.1855 -0.7673
vn -0.0868 -0.1445 0.9857
vn -0.4782 -0.1713 -0.8614
vn 0.4518 -0.1850 -0.8727
vn 0.1066 -0.1473 0.9833
vn -0.4271 -0.8982 -0.1042
vn 0.3235 -0.9022 0.2852
vn -0.4425 -0.8965 -0.0212
vn 0.3696 -0.9041 0.2144
vn -0.4415 -0.8950 0.0633
vn 0.4009 -0.9060 0.1359
vn -0.4240 -0.8938 0.1460
vn 0.4164 -0.9077 0.0528
vn -0.3907 -0.8929 0.2236
vn 0.4153 -0.9091 -0.0316
vn -0.3428 -0.8924 0.2933
vn 0.3978 -0.9103 -0.1143
vn -0.2824 -0.8923 0.3523
vn 0.3645 -0.9112 -0.1920
vn -0.2115 -0.8925 0.3984
vn 0.3167 -0.9117 -0.2616
vn -0.1331 -0.8931 0.4298
vn -0.1433 -0.9074 -0.3951
vn 0.2562 -0.9119 -0.3206
vn -0.0500 -0.8940 0.4453
vn -0.2210 -0.9057 -0.3618
vn 0.1853 -0.9117 -0.3667
vn 0.0345 -0.8952 0.4442
vn -0.2907 -0.9038 -0.3140
vn 0.1069 -0.9111 -0.3981
vn 0.1172 -0.8968 0.4267
vn -0.3497 -0.9019 -0.2535
vn 0.0238 -0.9102 -0.4136
vn 0.1948 -0.8985 0.3935
vn -0.3957 -0.9000 -0.1827
vn -0.0607 -0.9089 -0.4125
vn 0.2645 -0.9003 0.3457
vn -0.9531 0.0191 0.3019
vn 0.9962 -0.0129 0.0858
vn -0.7650 0.0224 0.6437
vn -0.6246 0.0228 0.7806
vn -0.4603 0.0223 0.8875
vn -0.3022 -0.0124 -0.9532
vn -0.4823 -0.0084 -0.8760
vn 0.4603 -0.0223 -0.8875
vn -0.6439 -0.0041 -0.7651
vn 0.2783 -0.0209 -0.9603
vn 0.3022 0.0124 0.9532
vn -0.7808 0.0004 -0.6248
vn 0.0856 -0.0187 -0.9962
vn 0.4823 0.0084 0.8760
vn -0.8876 0.0048 -0.4605
vn 0.6439 0.0041 0.7651
vn -0.9962 0.0129 -0.0858
vn 0.8876 -0.0048 0.4605
vn -0.9938 0.0164 0.1101
vn -0.4455 0.7008 0.5572
vn 0.6486 0.6687 -0.3635
vn -0.3257 0.7004 0.6351
vn 0.5677 0.6678 -0.4814
vn -0.1930 0.6994 0.6882
vn -0.2104 0.6751 -0.7070
vn 0.4654 0.6676 -0.5812
vn -0.0525 0.6978 0.7143
vn -0.3418 0.6780 -0.6507
vn 0.3456 0.6679 -0.6591
vn 0.0904 0.6957 0.7126
vn -0.4596 0.6812 -0.5699
vn 0.2129 0.6689 -0.7122
vn 0.2303 0.6932 0.6830
vn -0.5594 0.6844 -0.4676
vn 0.0723 0.6705 -0.7384
vn 0.3616 0.6903 0.6267
vn -0.6373 0.6877 -0.3478
vn -0.0706 0.6726 -0.7366
vn 0.4794 0.6871 0.5459
vn -0.6904 0.6908 -0.2151
vn 0.5792 0.6839 0.4436
vn -0.7165 0.6936 -0.0746
vn 0.6572 0.6807 0.3238
vn -0.7147 0.6961 0.0683
vn 0.7102 0.6776 0.1911
vn -0.6851 0.6981 0.2081
vn 0.7363 0.6747 0.0506
vn -0.6287 0.6996 0.3395
vn 0.7346 0.6722 -0.0923
vn -0.5479 0.7005 0.4573
vn 0.7049 0.6702 -0.2322
vn -0.4087 -0.8613 -0.3019
vn -0.2957 0.9182 -0.2634
vn -0.3392 -0.8635 -0.3731
vn 0.1408 -0.8552 0.4988
vn -0.0304 0.9118 -0.4095
vn -0.3000 -0.9539 -0.0078
vn 0.0472 0.9107 -0.4104
vn 0.2682 0.9197 0.2867
vn -0.4569 -0.8507 0.2597
vn -0.0559 -0.8520 0.5206
vn -0.4007 -0.8501 0.3418
vn -0.3800 0.9246 0.0275
vn 0.4930 -0.8680 0.0587
vn 0.2211 -0.8728 -0.4352
vn 0.2621 0.9477 0.1821
vn -0.2917 0.9507 -0.1052
vn -0.3023 0.9530 0.0184
vn 0.3192 0.9450 0.0719
vn 0.4319 -0.8722 -0.2295
vn -0.3031 0.9520 -0.0439
vn -0.0135 0.9538 0.3002
vn 0.3837 -0.8617 0.3322
vn 0.0309 -0.8710 -0.4903
vn -0.0823 0.9439 -0.3198
vn -0.2346 0.9479 -0.2154
vn 0.0410 0.9419 -0.3334
vn 0.8772 0.1653 0.4508
vn -0.9768 0.1862 0.1056
vn 0.9489 0.1612 0.2715
vn -0.9368 0.1889 0.2945
vn 0.9842 0.1573 0.0816
vn -0.8606 0.1909 0.4720
vn 0.9818 0.1540 -0.1115
vn -0.7513 0.1922 0.6313
vn 0.9417 0.1512 -0.3005
vn -0.6131 0.1925 0.7662
vn 0.8656 0.1492 -0.4780
vn -0.4511 0.1920 0.8716
vn 0.7563 0.1480 -0.6373
vn -0.2718 0.1907 0.9433
vn -0.2953 0.1579 -0.9423
vn 0.6180 0.1476 -0.7722
vn -0.0819 0.1885 0.9786
vn -0.4728 0.1618 -0.8662
vn 0.4561 0.1481 -0.8775
vn 0.1113 0.1857 0.9763
vn -0.6321 0.1660 -0.7569
vn 0.2767 0.1495 -0.9493
vn 0.3002 0.1822 0.9363
vn -0.7669 0.1704 -0.6187
vn 0.0868 0.1516 -0.9846
vn 0.4777 0.1783 0.8602
vn -0.8722 0.1748 -0.4568
vn -0.1063 0.1544 -0.9823
vn 0.6370 0.1741 0.7509
vn -0.9439 0.1790 -0.2775
vn 0.7719 0.1697 0.6127
vn -0.9792 0.1828 -0.0876
vn 0.2811 0.9585 -0.0465
vn -0.1917 0.9690 0.1561
vn 0.2702 0.9578 -0.0981
vn -0.1540 0.9691 0.1929
vn 0.2494 0.9572 -0.1465
vn -0.1098 0.9689 0.2217
vn 0.2196 0.9569 -0.1900
vn -0.0608 0.9686 0.2412
vn -0.0673 0.9596 -0.2732
vn 0.1819 0.9568 -0.2268
vn -0.0090 0.9680 0.2509
vn -0.1157 0.9607 -0.2524
vn 0.1377 0.9570 -0.2555
vn 0.0437 0.9672 0.2502
vn -0.1591 0.9618 -0.2226
vn 0.0888 0.9573 -0.2751
vn 0.0952 0.9663 0.2393
vn -0.1959 0.9630 -0.1849
vn 0.0370 0.9579 -0.2847
vn 0.1436 0.9652 0.2186
vn -0.2247 0.9642 -0.1407
vn -0.0157 0.9587 -0.2841
vn 0.1871 0.9640 0.1888
vn -0.2442 0.9654 -0.0918
vn 0.2239 0.9628 0.1511
vn -0.2538 0.9664 -0.0400
vn 0.2526 0.9616 0.1069
vn -0.2532 0.9673 0.0127
vn 0.2722 0.9605 0.0580
vn -0.2423 0.9681 0.0642
vn 0.2818 0.9595 0.0062
vn -0.2215 0.9686 0.1127
vn 0.7537 0.1685 -0.6352
vn -0.2704 0.2110 0.9393
vn -0.2939 0.1784 -0.9391
vn 0.6160 0.1681 -0.7696
vn -0.0813 0.2089 0.9746
vn -0.4707 0.1823 -0.8633
vn 0.4546 0.1686 -0.8746
vn 0.1111 0.2060 0.9722
vn -0.6294 0.1865 -0.7544
vn 0.2760 0.1700 -0.9460
vn 0.2994 0.2026 0.9324
vn -0.7637 0.1908 -0.6167
vn 0.0868 0.1721 -0.9813
vn 0.4762 0.1987 0.8566
vn -0.8686 0.1952 -0.4554
vn -0.1056 0.1749 -0.9789
vn 0.6349 0.1945 0.7477
vn -0.9400 0.1994 -0.2768
vn 0.7692 0.1901 0.6100
vn -0.9752 0.2032 -0.0876
vn 0.8741 0.1858 0.4487
vn -0.9728 0.2065 0.1048
vn 0.9456 0.1816 0.2701
vn -0.9329 0.2093 0.2930
vn 0.9807 0.1778 0.0809
vn -0.8571 0.2113 0.4699
vn 0.9783 0.1744 -0.1115
vn -0.7482 0.2125 0.6286
vn 0.9384 0.1717 -0.2997
vn -0.6104 0.2128 0.7629
vn 0.8626 0.1697 -0.4766
vn -0.4491 0.2123 0.8679
vn 0.2773 0.1289 -0.9521
vn 0.3009 0.1618 0.9398
vn -0.7698 0.1500 -0.6204
vn 0.0868 0.1311 -0.9876
vn 0.4790 0.1579 0.8635
vn -0.8755 0.1544 -0.4580
vn -0.1070 0.1339 -0.9852
vn 0.6388 0.1537 0.7538
vn -0.9474 0.1586 -0.2780
vn 0.7742 0.1493 0.6151
vn -0.9828 0.1624 -0.0875
vn 0.8798 0.1449 0.4527
vn -0.9804 0.1658 0.1063
vn 0.9517 0.1407 0.2728
vn -0.9402 0.1685 0.2959
vn 0.9872 0.1368 0.0822
vn -0.8638 0.1706 0.4740
vn 0.9848 0.1334 -0.1115
vn -0.7542 0.1718 0.6338
vn 0.9446 0.1307 -0.3011
vn -0.6154 0.1721 0.7692
vn 0.8682 0.1287 -0.4793
vn -0.4530 0.1716 0.8749
vn 0.7585 0.1275 -0.6391
vn -0.2730 0.1703 0.9468
vn -0.2966 0.1374 -0.9451
vn 0.6198 0.1271 -0.7744
vn -0.0825 0.1681 0.9823
vn -0.4747 0.1413 -0.8687
vn 0.4573 0.1276 -0.8801
vn 0.1113 0.1653 0.9799
vn -0.6345 0.1456 -0.7591
vn 0.7787 0.0935 0.6204
vn -0.9905 0.1068 -0.0871
vn 0.8851 0.0891 0.4568
vn -0.9880 0.1102 0.1080
vn 0.9575 0.0849 0.2757
vn -0.9476 0.1129 0.2989
vn 0.9932 0.0810 0.0838
vn -0.8706 0.1150 0.4783
vn 0.9908 0.0776 -0.1113
vn -0.7602 0.1162 0.6392
vn 0.9503 0.0748 -0.3022
vn -0.6205 0.1166 0.7755
vn 0.8734 0.0728 -0.4816
vn -0.4569 0.1161 0.8819
vn 0.7629 0.0716 -0.6425
vn -0.2757 0.1147 0.9544
vn -0.2995 0.0816 -0.9506
vn 0.6232 0.0712 -0.7788
vn -0.0839 0.1125 0.9901
vn -0.4788 0.0855 -0.8737
vn 0.4596 0.0717 -0.8852
vn 0.1113 0.1097 0.9877
vn -0.6397 0.0898 -0.7634
vn 0.2784 0.0731 -0.9577
vn 0.3022 0.1062 0.9473
vn -0.7760 0.0942 -0.6237
vn 0.0866 0.0752 -0.9934
vn 0.4815 0.1022 0.8704
vn -0.8824 0.0987 -0.4601
vn -0.1086 0.0781 -0.9910
vn 0.6424 0.0980 0.7601
vn -0.9548 0.1029 -0.2790
vn 0.9963 0.0031 0.0855
vn -0.8755 0.0372 0.4817
vn 0.9939 -0.0003 -0.1104
vn -0.7646 0.0384 0.6433
vn 0.9533 -0.0031 -0.3021
vn -0.6243 0.0388 0.7802
vn 0.8760 -0.0051 -0.4823
vn -0.4600 0.0383 0.8871
vn 0.7651 -0.0064 -0.6439
vn -0.2780 0.0369 0.9599
vn 0.6248 -0.0067 -0.7808
vn -0.3019 0.0037 -0.9533
vn -0.0853 0.0348 0.9957
vn 0.4605 -0.0062 -0.8876
vn -0.4820 0.0076 -0.8761
vn 0.1106 0.0319 0.9934
vn 0.2785 -0.0049 -0.9604
vn -0.6436 0.0119 -0.7653
vn 0.3024 0.0284 0.9528
vn 0.0858 -0.0027 -0.9963
vn -0.7804 0.0164 -0.6250
vn 0.4825 0.0244 0.8756
vn -0.1102 0.0002 -0.9939
vn -0.8873 0.0208 -0.4607
vn 0.6441 0.0201 0.7647
vn -0.9600 0.0251 -0.2788
vn 0.7809 0.0157 0.6244
vn -0.9959 0.0290 -0.0861
vn 0.8878 0.0112 0.4602
vn -0.9934 0.0324 0.1099
vn 0.9605 0.0070 0.2782
vn -0.9528 0.0352 0.3016
vn -0.3025 -0.0654 -0.9509
vn -0.2787 -0.0322 0.9598
vn 0.1095 -0.0373 0.9933
vn 0.2771 -0.0740 -0.9580
vn 0.6230 -0.0758 -0.7785
vn -0.4824 -0.0615 -0.8738
vn 0.4589 -0.0753 -0.8853
vn -0.0862 -0.0344 0.9957
vn 0.4809 -0.0447 0.8757
vn -0.6438 -0.0572 -0.7631
vn 0.0847 -0.0718 -0.9938
vn 0.3010 -0.0408 0.9528
vn -0.8754 -0.0320 0.4823
vn -0.8872 -0.0483 -0.4589
vn -0.9526 -0.0340 0.3024
vn 0.9583 -0.0621 0.2791
vn 0.8739 -0.0743 -0.4804
vn -0.9931 -0.0368 0.1109
vn -0.1110 -0.0689 -0.9914
vn 0.6422 -0.0490 0.7649
vn 0.8856 -0.0579 0.4608
vn -0.6245 -0.0304 0.7804
vn -0.9956 -0.0402 -0.0848
vn 0.7789 -0.0535 0.6249
vn -0.9598 -0.0441 -0.2772
vn -0.4604 -0.0309 0.8872
vn 0.9916 -0.0694 -0.1091
vn 0.9510 -0.0722 -0.3005
vn 0.7631 -0.0755 -0.6418
vn -0.7647 -0.0307 0.6437
vn 0.9940 -0.0660 0.0867
vn -0.0803 -0.7908 -0.6068
vn 0.3907 -0.7783 0.4914
vn -0.6110 -0.7753 -0.1602
vn 0.4762 -0.7811 0.4038
vn -0.6334 -0.7728 -0.0399
vn 0.5429 -0.7839 0.3013
vn -0.6318 -0.7707 0.0825
vn 0.5883 -0.7865 0.1876
vn -0.6065 -0.7690 0.2022
vn 0.6107 -0.7890 0.0673
vn -0.5582 -0.7677 0.3147
vn 0.6092 -0.7911 -0.0551
vn -0.4890 -0.7669 0.4156
vn 0.5838 -0.7928 -0.1748
vn -0.4014 -0.7667 0.5011
vn 0.5356 -0.7941 -0.2873
vn -0.2988 -0.7670 0.5679
vn 0.4663 -0.7949 -0.3882
vn -0.1851 -0.7678 0.6133
vn -0.2000 -0.7886 -0.5814
vn 0.3787 -0.7951 -0.4737
vn -0.0648 -0.7692 0.6357
vn -0.3125 -0.7861 -0.5332
vn 0.2761 -0.7948 -0.5404
vn 0.0576 -0.7710 0.6342
vn -0.4134 -0.7835 -0.4640
vn 0.1624 -0.7940 -0.5859
vn 0.1773 -0.7732 0.6089
vn -0.4989 -0.7807 -0.3764
vn 0.0421 -0.7926 -0.6083
vn 0.2898 -0.7757 0.5607
vn -0.5656 -0.7779 -0.2738
vn -0.2748 0.9562 -0.1005
vn -0.7211 -0.6869 0.0911
vn 0.3045 -0.8730 -0.3810
vn -0.2849 0.9584 0.0164
vn 0.1601 0.9408 -0.2989
vn -0.1658 -0.8677 -0.4685
vn -0.4570 -0.6823 0.5707
vn -0.6920 -0.6849 0.2282
vn -0.2092 -0.6836 0.6992
vn 0.2404 0.9566 0.1645
vn -0.2752 0.9605 -0.0417
vn 0.2714 0.9553 0.1168
vn -0.2745 0.9615 0.0152
vn 0.2925 0.9541 0.0640
vn -0.2627 0.9623 0.0708
vn 0.3029 0.9530 0.0081
vn -0.2403 0.9629 0.1231
vn 0.3022 0.9520 -0.0488
vn -0.2081 0.9632 0.1700
vn 0.2904 0.9512 -0.1044
vn -0.1673 0.9633 0.2097
vn 0.2680 0.9506 -0.1567
vn -0.1197 0.9632 0.2407
vn 0.2358 0.9502 -0.2036
vn -0.0669 0.9628 0.2618
vn -0.0738 0.9532 -0.2934
vn 0.1951 0.9501 -0.2433
vn -0.0109 0.9622 0.2722
vn -0.1261 0.9543 -0.2710
vn 0.1474 0.9503 -0.2743
vn 0.0459 0.9613 0.2715
vn -0.1729 0.9555 -0.2388
vn 0.0946 0.9507 -0.2954
vn 0.1016 0.9603 0.2598
vn -0.2127 0.9568 -0.1981
vn 0.0387 0.9513 -0.3058
vn 0.1538 0.9592 0.2373
vn -0.2437 0.9581 -0.1504
vn -0.0181 0.9521 -0.3051
vn 0.2007 0.9579 0.2052
vn -0.2648 0.9594 -0.0976
vn 0.2969 -0.9539 0.0435
vn -0.2869 -0.9433 0.1670
vn 0.2961 -0.9550 -0.0177
vn -0.2523 -0.9429 0.2174
vn 0.2834 -0.9559 -0.0775
vn -0.2086 -0.9428 0.2601
vn 0.2593 -0.9565 -0.1336
vn -0.1573 -0.9430 0.2934
vn 0.2247 -0.9569 -0.1840
vn -0.1006 -0.9434 0.3161
vn -0.1080 -0.9537 -0.2805
vn 0.1810 -0.9570 -0.2267
vn -0.0405 -0.9440 0.3273
vn -0.1642 -0.9525 -0.2565
vn 0.1298 -0.9568 -0.2601
vn 0.0206 -0.9450 0.3266
vn -0.2146 -0.9512 -0.2219
vn 0.0730 -0.9564 -0.2827
vn 0.0804 -0.9460 0.3139
vn -0.2572 -0.9498 -0.1781
vn 0.0129 -0.9557 -0.2939
vn 0.1366 -0.9473 0.2898
vn -0.2906 -0.9484 -0.1269
vn -0.0482 -0.9548 -0.2932
vn 0.1870 -0.9486 0.2553
vn -0.3133 -0.9471 -0.0702
vn 0.2297 -0.9500 0.2115
vn -0.3244 -0.9459 -0.0101
vn 0.2630 -0.9514 0.1603
vn -0.3237 -0.9448 0.0510
vn 0.2857 -0.9527 0.1035
vn -0.3110 -0.9439 0.1108
vn 0.2013 -0.9743 -0.1015
vn -0.1273 -0.9636 0.2352
vn 0.1740 -0.9746 -0.1413
vn -0.0825 -0.9639 0.2531
vn -0.0884 -0.9721 -0.2174
vn 0.1395 -0.9746 -0.1749
vn -0.0351 -0.9644 0.2620
vn -0.1327 -0.9711 -0.1984
vn 0.0991 -0.9745 -0.2012
vn 0.0131 -0.9651 0.2614
vn -0.1724 -0.9701 -0.1711
vn 0.0544 -0.9742 -0.2191
vn 0.0602 -0.9660 0.2514
vn -0.2061 -0.9690 -0.1366
vn 0.0070 -0.9737 -0.2279
vn 0.1045 -0.9670 0.2324
vn -0.2323 -0.9679 -0.0962
vn -0.0412 -0.9729 -0.2273
vn 0.1443 -0.9680 0.2051
vn -0.2502 -0.9668 -0.0515
vn 0.1779 -0.9691 0.1707
vn -0.2590 -0.9659 -0.0041
vn 0.2042 -0.9702 0.1303
vn -0.2584 -0.9650 0.0441
vn 0.2221 -0.9713 0.0855
vn -0.2484 -0.9643 0.0913
vn 0.2309 -0.9722 0.0381
vn -0.2294 -0.9638 0.1356
vn 0.2303 -0.9731 -0.0101
vn -0.2022 -0.9635 0.1753
vn 0.2203 -0.9738 -0.0572
vn -0.1677 -0.9634 0.2090
vn 0.2609 -0.8187 -0.5115
vn 0.0537 -0.7961 0.6027
vn -0.3931 -0.8079 -0.4390
vn 0.1531 -0.8179 -0.5546
vn 0.1673 -0.7982 0.5787
vn -0.4741 -0.8053 -0.3559
vn 0.0390 -0.8166 -0.5759
vn 0.2740 -0.8006 0.5330
vn -0.5374 -0.8027 -0.2586
vn -0.0771 -0.8149 -0.5744
vn 0.3697 -0.8031 0.4673
vn -0.5805 -0.8002 -0.1508
vn 0.4508 -0.8057 0.3842
vn -0.6017 -0.7978 -0.0367
vn 0.5140 -0.8084 0.2869
vn -0.6003 -0.7958 0.0794
vn 0.5571 -0.8109 0.1791
vn -0.5762 -0.7942 0.1930
vn 0.5784 -0.8132 0.0650
vn -0.5305 -0.7930 0.2997
vn 0.5769 -0.8152 -0.0511
vn -0.4648 -0.7922 0.3954
vn 0.5528 -0.8169 -0.1647
vn -0.3817 -0.7920 0.4765
vn 0.5071 -0.8181 -0.2714
vn -0.2843 -0.7923 0.5398
vn 0.4414 -0.8188 -0.3671
vn -0.1765 -0.7931 0.5829
vn -0.1907 -0.8128 -0.5504
vn 0.3583 -0.8190 -0.4482
vn -0.0624 -0.7944 0.6042
vn -0.2974 -0.8105 -0.5047
vn 0.2926 0.9541 0.0640
vn 0.3030 0.9530 0.0081
vn 0.3023 0.9520 -0.0488
vn 0.2905 0.9512 -0.1044
vn -0.1674 0.9633 0.2097
vn 0.2681 0.9506 -0.1567
vn 0.2359 0.9502 -0.2036
vn -0.0669 0.9628 0.2619
vn -0.0738 0.9531 -0.2934
vn 0.1952 0.9501 -0.2433
vn -0.0110 0.9622 0.2723
vn 0.1475 0.9503 -0.2743
vn 0.0459 0.9613 0.2716
vn -0.1730 0.9555 -0.2388
vn 0.0946 0.9507 -0.2955
vn 0.0387 0.9513 -0.3059
vn 0.1538 0.9592 0.2374
vn -0.0182 0.9521 -0.3052
vn -0.2648 0.9593 -0.0976
vn 0.2405 0.9566 0.1645
vn 0.2715 0.9553 0.1168
vn 0.5329 -0.8313 -0.1581
vn -0.3689 -0.8073 0.4606
vn 0.4887 -0.8325 -0.2611
vn -0.2750 -0.8076 0.5216
vn 0.4253 -0.8332 -0.3535
vn -0.1710 -0.8084 0.5633
vn -0.1846 -0.8274 -0.5304
vn 0.3451 -0.8334 -0.4317
vn -0.0608 -0.8096 0.5838
vn -0.2876 -0.8251 -0.4863
vn 0.2512 -0.8331 -0.4928
vn 0.0512 -0.8113 0.5824
vn -0.3799 -0.8227 -0.4229
vn 0.1472 -0.8323 -0.5344
vn 0.1608 -0.8133 0.5592
vn -0.4582 -0.8201 -0.3427
vn 0.0370 -0.8311 -0.5549
vn 0.2638 -0.8156 0.5151
vn -0.5192 -0.8176 -0.2488
vn -0.0750 -0.8294 -0.5536
vn 0.3561 -0.8180 0.4517
vn -0.5608 -0.8152 -0.1448
vn 0.4344 -0.8206 0.3715
vn -0.5813 -0.8130 -0.0347
vn 0.4954 -0.8231 0.2776
vn -0.5799 -0.8110 0.0774
vn 0.5370 -0.8255 0.1736
vn -0.5567 -0.8094 0.1870
vn 0.5575 -0.8278 0.0635
vn -0.5125 -0.8082 0.2899
vn 0.5561 -0.8297 -0.0485
vn -0.4491 -0.8075 0.3823
vn 0.3934 0.9145 0.0941
vn 0.2322 -0.8572 0.4596
vn -0.3380 0.9200 -0.1984
vn 0.1287 -0.8721 -0.4721
vn 0.2042 0.9214 0.3306
vn -0.5180 -0.8549 -0.0284
vn -0.2572 -0.8657 -0.4294
vn 0.4748 -0.8661 0.1565
vn 0.5794 0.0059 0.8150
vn 0.3757 -0.8728 -0.3115
vn 0.4712 -0.8712 -0.1381
vn 0.0145 0.9997 -0.0176
vn 0.2570 0.9407 -0.2214
vn 0.1671 0.9505 0.2619
vn 0.1676 -0.0197 -0.9857
vn -0.0685 -0.8695 -0.4891
vn 0.0159 0.9997 -0.0192
vn 0.1329 0.9230 0.3611
vn -0.1849 0.9551 0.2316
vn 0.2923 0.9411 -0.1700
vn -0.9785 0.0178 0.2053
vn -0.2295 0.9550 0.1881
vn 0.2185 0.9491 0.2267
vn 0.1098 0.9518 0.2865
vn 0.2124 0.9406 -0.2649
vn 0.0489 0.9529 0.2994
vn 0.3009 -0.0431 0.9527
vn 0.1073 0.0137 -0.9941
vn 0.9978 0.0194 0.0638
vn -0.7777 0.0550 0.6262
vn -0.6593 0.0291 -0.7513
vn 0.3025 0.9508 0.0670
vn -0.4398 0.0541 0.8965
vn -0.0698 0.9598 0.2719
vn 0.8860 0.0117 -0.4635
vn 0.5020 0.0397 0.8640
vn -0.9532 0.0413 -0.2995
vn 0.6079 0.0099 -0.7940
vn 0.0887 0.0481 0.9949
vn -0.9902 0.0494 0.1308
vn 0.8771 0.0275 0.4794
vn -0.6245 -0.0327 0.7804
vn -0.9955 -0.0425 -0.0847
vn 0.1889 -0.7135 -0.6747
vn 0.4076 0.9130 0.0179
vn -0.7893 0.0117 0.6140
vn -0.4954 -0.0477 -0.8673
vn -0.0961 -0.0557 -0.9938
vn 0.9581 -0.0645 0.2791
vn -0.6730 -0.0137 -0.7396
vn 0.7630 -0.0778 -0.6417
vn 0.0145 0.9997 -0.0175
vn -0.7804 -0.0528 -0.6230
vn 0.6248 -0.7020 0.3417
vn -0.9889 0.0065 0.1484
vn 0.0166 0.9997 -0.0174
vn 0.1588 0.9560 0.2465
vn 0.1104 0.0158 0.9938
vn -0.0119 0.9591 0.2827
vn 0.0138 0.9997 -0.0196
vn -0.0000 0.0154 0.9999
vn -0.0000 1.0000 -0.0000
vn -0.5168 -0.8532 0.0710
vn 0.0148 0.9998 -0.0168
vn -0.7049 -0.0022 -0.7093
vn 0.3169 0.9418 -0.1127
vn 0.3224 0.9180 0.2312
vn 0.9573 0.0881 0.2755
vn 0.3021 0.1094 0.9470
vn -0.0041 0.0176 0.9998
vn 0.2960 0.9463 0.1298
vn 0.2063 0.0142 0.9784
vn 0.2539 0.0610 0.9653
vn 0.3503 0.0591 0.9348
vn 0.3950 0.0104 0.9186
vn 0.3906 0.9105 -0.1356
vn 0.9281 -0.0069 0.3722
vn 0.9447 0.0399 0.3254
vn 0.9729 0.0375 0.2283
vn 0.9832 -0.0111 0.1821
vn 0.8249 -0.0219 -0.5648
vn 0.7962 0.0258 -0.6045
vn 0.7628 0.0748 -0.6424
vn 0.7311 0.0250 -0.6818
vn 0.6975 -0.0227 -0.7162
vn -0.1797 0.9523 -0.2467
vn -0.0115 -0.0174 -0.9998
vn -0.0592 0.0311 -0.9978
vn -0.1082 0.0813 -0.9908
vn -0.4788 0.0887 -0.8734
vn -0.5248 0.0405 -0.8503
vn -0.5666 -0.0062 -0.8240
vn 0.1977 -0.0201 -0.9800
vn -0.9829 0.0110 -0.1840
vn -0.9888 0.0595 -0.1370
vn -0.9974 0.0618 -0.0363
vn -0.9998 0.0147 0.0132
vn -0.6988 0.0227 0.7149
vn -0.6620 0.0703 0.7462
vn -0.6203 0.1197 0.7752
vn -0.5831 0.0706 0.8093
vn -0.5443 0.0226 0.8386
vn 0.2060 -0.6897 0.6941
vn -0.7263 -0.0015 -0.6874
vn 0.3306 0.9437 0.0107
vn -0.1396 0.9452 -0.2952
vn 0.3298 0.9426 -0.0517
vn -0.4629 -0.8590 -0.2185
vn -0.3668 0.9217 -0.1264
vn -0.0385 -0.9523 0.3029
vn 0.1023 0.9412 -0.3220
vn -0.2461 -0.8502 0.4655
vn 0.2058 -0.9641 -0.1680
vn -0.2648 0.9546 0.1367
vn -0.2685 0.9494 -0.1631
vn 0.4918 -0.8698 -0.0408
vn -0.1910 0.9465 -0.2600
vn -0.2894 0.9539 0.0794
vn 0.9183 -0.0203 -0.3955
vn -0.0214 0.9428 -0.3327
vn -0.0828 0.0311 -0.9961
vn -0.5045 0.0396 -0.8625
vn 0.2606 0.9091 -0.3251
vn -0.1326 0.9549 0.2656
vn -0.2381 -0.9575 -0.1626
vn 0.6612 -0.0417 -0.7491
vn -0.7332 0.0036 0.6800
vn 0.9084 -0.0248 0.4174
vn -0.5028 0.0035 0.8644
vn 0.9905 -0.0310 0.1341
vn -0.9728 -0.0089 -0.2315
vn 0.0372 -0.0370 -0.9986
vn -0.9980 -0.0034 0.0624
vn 0.4392 -0.0095 0.8984
vn 0.1579 -0.0039 0.9874
vn 0.8512 -0.0405 -0.5233
vn -0.6064 -0.0241 -0.7948
vn 0.3142 -0.8594 0.4034
vn -0.9901 0.1099 -0.0871
vn -0.5687 -0.6983 -0.4347
vn -0.3295 -0.8499 0.4112
vn 0.0124 0.9998 -0.0182
vn -0.3584 0.0216 0.9333
vn -0.1689 0.9269 0.3351
vn 0.8308 -0.0023 0.5566
vn 0.6717 -0.7123 -0.2037
vn 0.7008 -0.7103 -0.0665
vn -0.0456 -0.9622 -0.2686
vn 0.1235 0.9098 -0.3962
vn -0.1988 -0.9588 -0.2029
vn -0.2856 0.9574 -0.0425
vn -0.2530 0.9550 -0.1552
vn -0.2654 -0.9516 0.1552
vn -0.2897 -0.9550 -0.0632
vn -0.1933 -0.9511 0.2410
vn 0.0511 -0.7120 -0.7003
vn 0.0178 -0.9531 0.3022
vn -0.1739 0.9604 0.2179
vn -0.2494 0.9599 0.1281
vn -0.2336 -0.9512 0.2017
vn -0.2161 0.9602 0.1767
vn 0.2485 0.9534 0.1711
vn -0.1245 0.9602 0.2500
vn -0.3552 -0.7046 -0.6144
vn -0.1461 -0.9512 0.2717
vn 0.1710 -0.9565 0.2365
vn 0.2074 0.9547 0.2132
vn 0.5371 -0.7146 -0.4482
vn 0.1655 -0.9642 -0.2073
vn 0.1246 -0.9552 0.2684
vn 0.1047 0.9572 0.2698
vn 0.0470 0.9583 0.2819
vn 0.2438 0.9468 -0.2102
vn 0.2806 0.9521 0.1217
vn -0.1537 -0.8509 0.5024
vn 0.2715 -0.9623 -0.0148
vn 0.2410 -0.9590 0.1491
vn -0.0770 0.9498 -0.3032
vn 0.3003 0.9478 -0.1075
vn 0.2016 0.9467 -0.2514
vn 0.3125 0.9486 -0.0499
vn 0.0729 -0.9541 0.2905
vn 0.2598 -0.9631 -0.0699
vn -0.5574 -0.6825 0.4727
vn 0.2722 -0.9614 0.0415
vn 0.4367 -0.7149 -0.5461
vn 0.6164 -0.7137 -0.3326
vn 0.1183 -0.9640 -0.2380
vn 0.0975 0.9472 -0.3054
vn 0.1522 0.9468 -0.2835
vn 0.2376 -0.9637 -0.1216
vn 0.0396 0.9479 -0.3162
vn -0.2876 -0.9521 0.1035
vn -0.3014 -0.1451 -0.9424
vn 0.0688 -0.6872 0.7232
vn -0.0193 0.9487 -0.3154
vn 0.3192 -0.7145 -0.6226
vn 0.0107 -0.9630 -0.2692
vn -0.7228 -0.6893 -0.0491
vn -0.0891 -0.7099 -0.6986
vn 0.2103 -0.9577 0.1962
vn 0.3349 -0.6926 0.6389
vn -0.2993 -0.9529 0.0484
vn 0.5940 -0.0332 -0.8038
vn -0.9491 -0.0023 -0.3150
vn 0.8936 -0.0313 -0.4478
vn 0.9986 -0.0242 0.0477
vn 0.8692 -0.0146 0.4943
vn -0.4262 0.0114 0.9046
vn 0.0722 0.0058 0.9974
vn 0.5152 -0.0031 0.8570
vn 0.1237 -0.0297 -0.9919
vt 0.078847 0.515020
vt 0.079830 0.514947
vt 0.079830 0.510125
vt 0.078847 0.510218
vt 0.560341 0.438660
vt 0.561324 0.438586
vt 0.561324 0.444088
vt 0.560341 0.444138
vt 0.078847 0.520499
vt 0.079830 0.520448
vt 0.029001 0.555357
vt 0.029984 0.555408
vt 0.029984 0.549439
vt 0.029001 0.549413
vt 0.560341 0.433858
vt 0.561324 0.433765
vt 0.078847 0.526443
vt 0.079830 0.526417
vt 0.037486 0.559775
vt 0.038469 0.559849
vt 0.038469 0.564671
vt 0.037486 0.564577
vt 0.078847 0.532625
vt 0.079830 0.532625
vt 0.037486 0.554297
vt 0.038469 0.554347
vt 0.078847 0.538807
vt 0.079830 0.538833
vt 0.037486 0.548352
vt 0.038469 0.548378
vt 0.078847 0.544752
vt 0.079830 0.544802
vt 0.037486 0.542170
vt 0.038469 0.542170
vt 0.078847 0.550230
vt 0.079830 0.550304
vt 0.037486 0.535988
vt 0.038469 0.535962
vt 0.078847 0.555032
vt 0.079830 0.555126
vt 0.037486 0.530044
vt 0.038469 0.529993
vt 0.560341 0.473870
vt 0.561324 0.473943
vt 0.561324 0.478765
vt 0.560341 0.478672
vt 0.037486 0.524565
vt 0.038469 0.524492
vt 0.560341 0.468391
vt 0.561324 0.468442
vt 0.037486 0.519764
vt 0.038469 0.519670
vt 0.560341 0.462447
vt 0.561324 0.462473
vt 0.029001 0.543231
vt 0.029984 0.543231
vt 0.029984 0.537023
vt 0.029001 0.537049
vt 0.029001 0.525626
vt 0.029984 0.525552
vt 0.029984 0.520730
vt 0.029001 0.520824
vt 0.560341 0.456265
vt 0.561324 0.456265
vt 0.029001 0.560836
vt 0.029984 0.560909
vt 0.029001 0.531104
vt 0.029984 0.531054
vt 0.560341 0.450083
vt 0.561324 0.450057
vt 0.029001 0.565638
vt 0.029984 0.565731
vt 0.823206 0.212609
vt 0.825115 0.212609
vt 0.825115 0.207136
vt 0.823206 0.207136
vt 0.903774 0.762264
vt 0.909854 0.762264
vt 0.912563 0.762264
vt 0.912563 0.765255
vt 0.902378 0.765255
vt 0.902378 0.762264
vt 0.784753 0.558544
vt 0.786934 0.558544
vt 0.786934 0.552428
vt 0.784753 0.552428
vt 0.557755 0.412969
vt 0.557363 0.413556
vt 0.552566 0.409619
vt 0.553065 0.409120
vt 0.046596 0.515441
vt 0.047120 0.513713
vt 0.041063 0.512509
vt 0.040886 0.514306
vt 0.557347 0.360885
vt 0.557755 0.361496
vt 0.563106 0.358636
vt 0.562825 0.357957
vt 0.022361 0.573072
vt 0.023975 0.570053
vt 0.029354 0.572281
vt 0.028360 0.575557
vt 0.783303 0.493603
vt 0.783400 0.492560
vt 0.778771 0.492584
vt 0.778879 0.493627
vt 0.912812 0.004045
vt 0.914208 0.004045
vt 0.914208 0.007703
vt 0.912812 0.007703
vt 0.904499 0.007703
vt 0.904499 0.004045
vt 0.031817 0.555736
vt 0.031817 0.549606
vt 0.031817 0.525075
vt 0.031817 0.520123
vt 0.563157 0.456265
vt 0.563157 0.462640
vt 0.031817 0.561386
vt 0.031817 0.530725
vt 0.563157 0.449890
vt 0.031817 0.566338
vt 0.031817 0.536855
vt 0.563157 0.443759
vt 0.081663 0.514470
vt 0.081663 0.509518
vt 0.031817 0.543231
vt 0.563157 0.438109
vt 0.081663 0.520119
vt 0.563157 0.433157
vt 0.081663 0.526250
vt 0.040301 0.560326
vt 0.040301 0.565278
vt 0.081663 0.532625
vt 0.040301 0.554676
vt 0.081663 0.539001
vt 0.040301 0.548546
vt 0.081663 0.545131
vt 0.040301 0.542170
vt 0.081663 0.550781
vt 0.040301 0.535795
vt 0.081663 0.555733
vt 0.040301 0.529665
vt 0.563157 0.474420
vt 0.563157 0.479372
vt 0.040301 0.524015
vt 0.563157 0.468771
vt 0.040301 0.519063
vt 0.103555 0.507197
vt 0.102499 0.505911
vt 0.097596 0.510814
vt 0.098882 0.511870
vt 0.091393 0.536560
vt 0.089737 0.536723
vt 0.091090 0.543524
vt 0.092682 0.543041
vt 0.154670 0.549146
vt 0.156138 0.549931
vt 0.158791 0.543524
vt 0.157199 0.543041
vt 0.109050 0.503526
vt 0.108265 0.502058
vt 0.150999 0.554641
vt 0.152285 0.555697
vt 0.115155 0.500997
vt 0.114672 0.499405
vt 0.146326 0.559314
vt 0.147382 0.560600
vt 0.121636 0.499708
vt 0.121473 0.498052
vt 0.140831 0.562985
vt 0.141616 0.564453
vt 0.128245 0.499708
vt 0.128408 0.498052
vt 0.134726 0.565514
vt 0.135209 0.567107
vt 0.134726 0.500997
vt 0.135209 0.499405
vt 0.128245 0.566803
vt 0.128408 0.568459
vt 0.140831 0.503526
vt 0.141616 0.502058
vt 0.121636 0.566803
vt 0.121473 0.568459
vt 0.146326 0.507197
vt 0.147382 0.505911
vt 0.115155 0.565514
vt 0.114672 0.567106
vt 0.150999 0.511870
vt 0.152285 0.510814
vt 0.109050 0.562985
vt 0.108265 0.564453
vt 0.154670 0.517365
vt 0.156138 0.516580
vt 0.091393 0.529951
vt 0.089737 0.529788
vt 0.103555 0.559314
vt 0.102499 0.560600
vt 0.157199 0.523470
vt 0.158791 0.522987
vt 0.092682 0.523470
vt 0.091090 0.522987
vt 0.098882 0.554641
vt 0.097596 0.555697
vt 0.158488 0.529951
vt 0.160144 0.529788
vt 0.095211 0.517365
vt 0.093743 0.516580
vt 0.095211 0.549146
vt 0.093743 0.549931
vt 0.158488 0.536560
vt 0.160144 0.536723
vt 0.156212 0.542742
vt 0.157462 0.536459
vt 0.093669 0.542742
vt 0.096120 0.548660
vt 0.099679 0.512524
vt 0.096120 0.517851
vt 0.157462 0.530053
vt 0.099679 0.553987
vt 0.093669 0.523769
vt 0.156212 0.523769
vt 0.104209 0.558517
vt 0.092419 0.530052
vt 0.153761 0.517851
vt 0.109536 0.562076
vt 0.092419 0.536459
vt 0.150202 0.512524
vt 0.115454 0.564527
vt 0.145672 0.507994
vt 0.121737 0.565777
vt 0.140345 0.504435
vt 0.128144 0.565777
vt 0.134427 0.501984
vt 0.134427 0.564527
vt 0.128144 0.500734
vt 0.140345 0.562076
vt 0.121737 0.500734
vt 0.145672 0.558517
vt 0.115454 0.501984
vt 0.150202 0.553987
vt 0.109536 0.504435
vt 0.153761 0.548660
vt 0.104209 0.507994
vt 0.165387 0.751566
vt 0.167568 0.751566
vt 0.167568 0.758202
vt 0.165387 0.758202
vt 0.822145 0.420316
vt 0.824054 0.420316
vt 0.824054 0.425789
vt 0.822145 0.425789
vt 0.785813 0.311722
vt 0.787995 0.311722
vt 0.787995 0.318357
vt 0.785813 0.318357
vt 0.825327 0.568345
vt 0.827236 0.568345
vt 0.827236 0.574522
vt 0.825327 0.574522
vt 0.801055 0.505328
vt 0.801977 0.504829
vt 0.799384 0.500993
vt 0.798578 0.501663
vt 0.014848 0.506959
vt 0.014848 0.510829
vt 0.010444 0.511189
vt 0.010444 0.506458
vt 0.787995 0.324473
vt 0.785813 0.324473
vt 0.167568 0.765103
vt 0.165387 0.765103
vt 0.182521 0.371202
vt 0.182521 0.377559
vt 0.186658 0.377559
vt 0.186658 0.376163
vt 0.186658 0.372608
vt 0.186658 0.371212
vt 0.051975 0.570053
vt 0.052826 0.571646
vt 0.057961 0.568214
vt 0.056815 0.566819
vt 0.011783 0.529861
vt 0.010190 0.529010
vt 0.007827 0.534716
vt 0.009555 0.535240
vt 0.786874 0.628291
vt 0.789056 0.628291
vt 0.789056 0.621390
vt 0.786874 0.621390
vt 0.006778 0.527186
vt 0.008764 0.528248
vt 0.006279 0.534247
vt 0.004124 0.533593
vt 0.006778 0.560536
vt 0.008764 0.559475
vt 0.012371 0.564873
vt 0.010630 0.566302
vt 0.073179 0.547328
vt 0.070937 0.547108
vt 0.070937 0.540615
vt 0.073179 0.540394
vt 0.010630 0.521420
vt 0.012371 0.522849
vt 0.004124 0.554130
vt 0.006279 0.553476
vt 0.071826 0.554130
vt 0.069670 0.553476
vt 0.015534 0.516517
vt 0.016963 0.518258
vt 0.002771 0.547328
vt 0.005013 0.547108
vt 0.069172 0.560536
vt 0.067186 0.559475
vt 0.021300 0.512664
vt 0.022361 0.514650
vt 0.065319 0.566302
vt 0.063578 0.564873
vt 0.027706 0.510010
vt 0.028360 0.512166
vt 0.060416 0.571206
vt 0.058987 0.569465
vt 0.034508 0.508657
vt 0.034728 0.510899
vt 0.054650 0.575058
vt 0.053588 0.573072
vt 0.041442 0.508657
vt 0.041221 0.510899
vt 0.048243 0.577712
vt 0.047589 0.575557
vt 0.048243 0.510010
vt 0.047590 0.512166
vt 0.041442 0.579065
vt 0.041221 0.576823
vt 0.054650 0.512664
vt 0.053588 0.514650
vt 0.034507 0.579065
vt 0.034728 0.576823
vt 0.060416 0.516517
vt 0.058987 0.518258
vt 0.027706 0.577712
vt 0.065319 0.521420
vt 0.063578 0.522849
vt 0.021300 0.575058
vt 0.069172 0.527186
vt 0.067186 0.528248
vt 0.002771 0.540394
vt 0.005013 0.540615
vt 0.015534 0.571206
vt 0.016963 0.569465
vt 0.071826 0.533593
vt 0.069670 0.534247
vt 0.823206 0.236839
vt 0.825115 0.236839
vt 0.825115 0.230901
vt 0.823206 0.230901
vt 0.362775 0.437881
vt 0.362775 0.431735
vt 0.360935 0.431735
vt 0.360935 0.437529
vt 0.568913 0.417591
vt 0.568775 0.418283
vt 0.562836 0.416481
vt 0.563106 0.415830
vt 0.568770 0.418312
vt 0.562825 0.416509
vt 0.046596 0.572281
vt 0.047120 0.574009
vt 0.574952 0.418921
vt 0.574952 0.418186
vt 0.543999 0.387233
vt 0.543293 0.387233
vt 0.543902 0.381056
vt 0.544593 0.381194
vt 0.552545 0.409639
vt 0.549215 0.404429
vt 0.548604 0.404838
vt 0.897604 0.946656
vt 0.901475 0.946656
vt 0.901475 0.950577
vt 0.897604 0.950577
vt 0.603548 0.375388
vt 0.604200 0.375118
vt 0.606002 0.381056
vt 0.605310 0.381194
vt 0.773849 0.492263
vt 0.774545 0.494513
vt 0.770467 0.496228
vt 0.769346 0.494157
vt 0.592556 0.413580
vt 0.592148 0.412969
vt 0.586797 0.415830
vt 0.587078 0.416509
vt 0.066395 0.535240
vt 0.068123 0.534716
vt 0.065759 0.529010
vt 0.064167 0.529861
vt 0.035064 0.514306
vt 0.605310 0.393271
vt 0.606002 0.393409
vt 0.604200 0.399348
vt 0.603548 0.399078
vt 0.060932 0.562702
vt 0.062328 0.563847
vt 0.065759 0.558712
vt 0.064167 0.557861
vt 0.601299 0.369628
vt 0.600688 0.370036
vt 0.604227 0.375106
vt 0.023975 0.517669
vt 0.023124 0.516077
vt 0.017989 0.519508
vt 0.019134 0.520904
vt 0.068123 0.553006
vt 0.066395 0.552482
vt 0.013622 0.523875
vt 0.015017 0.525021
vt 0.060932 0.525021
vt 0.062328 0.523875
vt 0.057961 0.519508
vt 0.056815 0.520904
vt 0.015017 0.562702
vt 0.019134 0.566819
vt 0.067530 0.540950
vt 0.051975 0.517669
vt 0.035064 0.573417
vt 0.008419 0.540950
vt 0.040886 0.573417
vt 0.305062 0.862526
vt 0.308926 0.863295
vt 0.312865 0.863295
vt 0.316729 0.862526
vt 0.320368 0.861018
vt 0.323644 0.858830
vt 0.326429 0.856044
vt 0.328618 0.852769
vt 0.330126 0.849129
vt 0.330894 0.845265
vt 0.330894 0.841326
vt 0.330126 0.837462
vt 0.328618 0.833822
vt 0.326429 0.830547
vt 0.323644 0.827761
vt 0.320368 0.825573
vt 0.319659 0.826900
vt 0.322689 0.828925
vt 0.325266 0.831502
vt 0.327291 0.834532
vt 0.328686 0.837899
vt 0.329397 0.841473
vt 0.329397 0.845118
vt 0.328686 0.848692
vt 0.327291 0.852059
vt 0.325266 0.855090
vt 0.322689 0.857667
vt 0.319659 0.859691
vt 0.316292 0.861086
vt 0.312717 0.861797
vt 0.309073 0.861797
vt 0.305499 0.861086
vt 0.302132 0.859691
vt 0.299101 0.857667
vt 0.296524 0.855090
vt 0.294499 0.852059
vt 0.293105 0.848692
vt 0.292394 0.845118
vt 0.292394 0.841473
vt 0.293105 0.837899
vt 0.294499 0.834532
vt 0.296524 0.831502
vt 0.299101 0.828925
vt 0.302132 0.826900
vt 0.301422 0.825573
vt 0.298147 0.827761
vt 0.295361 0.830547
vt 0.293172 0.833823
vt 0.291665 0.837462
vt 0.290896 0.841326
vt 0.290896 0.845265
vt 0.291665 0.849129
vt 0.293172 0.852769
vt 0.295361 0.856044
vt 0.298147 0.858830
vt 0.301422 0.861018
vt 0.008419 0.546772
vt 0.897604 0.935492
vt 0.901475 0.935492
vt 0.901475 0.938966
vt 0.897604 0.938966
vt 0.360445 0.309683
vt 0.360445 0.303327
vt 0.364832 0.303336
vt 0.364832 0.304732
vt 0.364832 0.308287
vt 0.364832 0.309683
vt 0.759653 0.522738
vt 0.758651 0.523047
vt 0.760446 0.527314
vt 0.761367 0.526815
vt 0.759583 0.509637
vt 0.758578 0.509338
vt 0.757699 0.513883
vt 0.758743 0.513980
vt 0.029354 0.515441
vt 0.299141 0.528251
vt 0.302089 0.529219
vt 0.302089 0.524237
vt 0.299141 0.523477
vt 0.316110 0.494979
vt 0.319058 0.494455
vt 0.319058 0.500622
vt 0.316110 0.500889
vt 0.444438 0.518174
vt 0.447386 0.518934
vt 0.447386 0.523916
vt 0.444438 0.522948
vt 0.316110 0.489532
vt 0.319058 0.488772
vt 0.444438 0.512728
vt 0.447386 0.513251
vt 0.365723 0.438148
vt 0.365723 0.431735
vt 0.316110 0.484758
vt 0.319058 0.483790
vt 0.444438 0.506818
vt 0.447386 0.507085
vt 0.362775 0.443791
vt 0.365723 0.444315
vt 0.362775 0.414232
vt 0.365723 0.413472
vt 0.365723 0.408491
vt 0.362775 0.409458
vt 0.444438 0.500671
vt 0.447386 0.500671
vt 0.362775 0.449238
vt 0.365723 0.449998
vt 0.362775 0.419679
vt 0.365723 0.419155
vt 0.444438 0.494525
vt 0.447386 0.494258
vt 0.362775 0.454012
vt 0.365723 0.454980
vt 0.362775 0.425589
vt 0.365723 0.425322
vt 0.444438 0.488615
vt 0.447386 0.488091
vt 0.299141 0.488471
vt 0.302089 0.487711
vt 0.302089 0.482730
vt 0.299141 0.483697
vt 0.444438 0.483169
vt 0.447386 0.482408
vt 0.299141 0.493918
vt 0.302089 0.493394
vt 0.444438 0.478394
vt 0.447386 0.477427
vt 0.299141 0.499828
vt 0.302089 0.499561
vt 0.316110 0.524538
vt 0.319058 0.525298
vt 0.319058 0.530279
vt 0.316110 0.529312
vt 0.299141 0.505974
vt 0.302089 0.505974
vt 0.316110 0.519091
vt 0.319058 0.519615
vt 0.299141 0.512120
vt 0.302089 0.512387
vt 0.316110 0.513181
vt 0.319058 0.513448
vt 0.299141 0.518030
vt 0.302089 0.518554
vt 0.316110 0.507035
vt 0.319058 0.507035
vt 0.451101 0.507034
vt 0.451101 0.513152
vt 0.369438 0.444215
vt 0.369438 0.438097
vt 0.369438 0.413617
vt 0.369438 0.408675
vt 0.451101 0.500671
vt 0.369438 0.449854
vt 0.369438 0.419255
vt 0.451101 0.494309
vt 0.369438 0.454796
vt 0.369438 0.425373
vt 0.451101 0.488191
vt 0.305804 0.487856
vt 0.305804 0.482914
vt 0.369438 0.431735
vt 0.451101 0.482553
vt 0.305804 0.493494
vt 0.451101 0.477611
vt 0.305804 0.499612
vt 0.322773 0.525153
vt 0.322773 0.530095
vt 0.305804 0.505974
vt 0.322773 0.519515
vt 0.305804 0.512337
vt 0.322773 0.513397
vt 0.305804 0.518454
vt 0.322773 0.507035
vt 0.305804 0.524093
vt 0.322773 0.500672
vt 0.305804 0.529035
vt 0.322773 0.494554
vt 0.451101 0.518790
vt 0.451101 0.523732
vt 0.322773 0.488916
vt 0.322773 0.483974
vt 0.453919 0.489215
vt 0.453919 0.494831
vt 0.528873 0.641806
vt 0.527386 0.639581
vt 0.531923 0.635858
vt 0.533815 0.637750
vt 0.372256 0.431735
vt 0.372256 0.425895
vt 0.483638 0.596571
vt 0.485864 0.598058
vt 0.483097 0.603233
vt 0.480625 0.602209
vt 0.523235 0.644820
vt 0.522211 0.642347
vt 0.487694 0.591629
vt 0.489587 0.593521
vt 0.308623 0.500134
vt 0.308623 0.494518
vt 0.492636 0.587573
vt 0.494123 0.589798
vt 0.308623 0.505974
vt 0.498274 0.584559
vt 0.499299 0.587032
vt 0.308623 0.511814
vt 0.325591 0.512875
vt 0.325591 0.518491
vt 0.308623 0.517430
vt 0.325591 0.507035
vt 0.492636 0.641806
vt 0.494123 0.639581
vt 0.499299 0.642347
vt 0.498274 0.644820
vt 0.325591 0.501194
vt 0.487694 0.637750
vt 0.489587 0.635858
vt 0.325591 0.495579
vt 0.483638 0.632808
vt 0.485864 0.631321
vt 0.528873 0.587573
vt 0.527386 0.589798
vt 0.522211 0.587032
vt 0.523235 0.584559
vt 0.480625 0.627170
vt 0.483097 0.626146
vt 0.372256 0.437575
vt 0.533815 0.591629
vt 0.531923 0.593521
vt 0.453919 0.506512
vt 0.453919 0.512128
vt 0.372256 0.443191
vt 0.537871 0.596571
vt 0.535646 0.598058
vt 0.453919 0.500671
vt 0.537871 0.632808
vt 0.535646 0.631321
vt 0.538412 0.626146
vt 0.540885 0.627170
vt 0.540885 0.602209
vt 0.538412 0.603233
vt 0.372256 0.420279
vt 0.496393 0.593195
vt 0.492475 0.596410
vt 0.510755 0.644626
vt 0.510755 0.640540
vt 0.515798 0.640044
vt 0.516595 0.644051
vt 0.500862 0.590806
vt 0.504914 0.644051
vt 0.505711 0.640044
vt 0.504914 0.585328
vt 0.505711 0.589335
vt 0.500862 0.638573
vt 0.510755 0.584753
vt 0.510755 0.588839
vt 0.496393 0.636184
vt 0.516595 0.585328
vt 0.515798 0.589335
vt 0.492475 0.632969
vt 0.520647 0.590806
vt 0.489261 0.629051
vt 0.525117 0.593195
vt 0.486872 0.624582
vt 0.540116 0.620530
vt 0.536109 0.619733
vt 0.536606 0.614690
vt 0.540691 0.614690
vt 0.529034 0.596410
vt 0.481394 0.620530
vt 0.485401 0.619733
vt 0.534638 0.624582
vt 0.532249 0.600328
vt 0.480818 0.614690
vt 0.484904 0.614690
vt 0.532249 0.629051
vt 0.534638 0.604797
vt 0.481394 0.608849
vt 0.485401 0.609646
vt 0.529034 0.632969
vt 0.540116 0.608849
vt 0.536109 0.609646
vt 0.486872 0.604797
vt 0.525117 0.636184
vt 0.489261 0.600328
vt 0.520647 0.638573
vt 0.890870 0.743202
vt 0.893771 0.743202
vt 0.893771 0.748005
vt 0.890870 0.748245
vt 0.888749 0.799986
vt 0.891650 0.799301
vt 0.891650 0.795045
vt 0.888749 0.795517
vt 0.890870 0.738159
vt 0.893771 0.738399
vt 0.888749 0.803903
vt 0.891650 0.803032
vt 0.890870 0.733309
vt 0.893771 0.733781
vt 0.890870 0.844529
vt 0.893771 0.843845
vt 0.893771 0.847575
vt 0.890870 0.848447
vt 0.890870 0.728840
vt 0.893771 0.729524
vt 0.890870 0.840060
vt 0.893771 0.839589
vt 0.076361 0.886118
vt 0.079262 0.885877
vt 0.079262 0.881074
vt 0.076361 0.881074
vt 0.890870 0.724923
vt 0.893771 0.725794
vt 0.890870 0.835211
vt 0.893771 0.834970
vt 0.076361 0.890967
vt 0.079262 0.890495
vt 0.076361 0.866712
vt 0.079262 0.867397
vt 0.079262 0.863666
vt 0.076361 0.862795
vt 0.890870 0.830168
vt 0.893771 0.830168
vt 0.076361 0.895436
vt 0.079262 0.894752
vt 0.076361 0.871182
vt 0.079262 0.871653
vt 0.890870 0.825124
vt 0.893771 0.825365
vt 0.076361 0.899354
vt 0.079262 0.898482
vt 0.076361 0.876031
vt 0.079262 0.876272
vt 0.890870 0.820275
vt 0.893771 0.820746
vt 0.888749 0.771262
vt 0.891650 0.771947
vt 0.891650 0.768216
vt 0.888749 0.767345
vt 0.890870 0.815806
vt 0.893771 0.816490
vt 0.888749 0.775731
vt 0.891650 0.776203
vt 0.890870 0.811888
vt 0.893771 0.812760
vt 0.888749 0.780581
vt 0.891650 0.780821
vt 0.890870 0.757564
vt 0.893771 0.756879
vt 0.893771 0.760610
vt 0.890870 0.761481
vt 0.888749 0.785624
vt 0.891650 0.785624
vt 0.890870 0.753094
vt 0.893771 0.752623
vt 0.888749 0.790667
vt 0.891650 0.790427
vt 0.895422 0.729842
vt 0.895422 0.733999
vt 0.895422 0.839370
vt 0.895422 0.843527
vt 0.080913 0.885766
vt 0.080913 0.881074
vt 0.895422 0.726198
vt 0.895422 0.834859
vt 0.080913 0.890277
vt 0.080913 0.867714
vt 0.080913 0.864070
vt 0.895422 0.830168
vt 0.080913 0.894434
vt 0.080913 0.871872
vt 0.895422 0.825476
vt 0.080913 0.898078
vt 0.080913 0.876383
vt 0.895422 0.820965
vt 0.893301 0.772264
vt 0.893301 0.768620
vt 0.895422 0.816808
vt 0.893301 0.776422
vt 0.895422 0.813164
vt 0.893301 0.780933
vt 0.895422 0.756562
vt 0.895422 0.760206
vt 0.893301 0.785624
vt 0.895422 0.752404
vt 0.893301 0.790316
vt 0.895422 0.747893
vt 0.893301 0.794827
vt 0.895422 0.743202
vt 0.893301 0.798984
vt 0.895422 0.738510
vt 0.893301 0.802628
vt 0.895422 0.847172
vt 0.082724 0.894601
vt 0.082724 0.890392
vt 0.082724 0.871757
vt 0.082724 0.867547
vt 0.897233 0.825418
vt 0.897233 0.830168
vt 0.082724 0.898291
vt 0.082724 0.876324
vt 0.897233 0.820850
vt 0.895112 0.772097
vt 0.895112 0.768408
vt 0.082724 0.881074
vt 0.897233 0.816641
vt 0.895112 0.776307
vt 0.897233 0.812951
vt 0.895112 0.780874
vt 0.897233 0.756729
vt 0.897233 0.760418
vt 0.895112 0.785624
vt 0.897233 0.752519
vt 0.895112 0.790374
vt 0.897233 0.747952
vt 0.895112 0.794942
vt 0.897233 0.743202
vt 0.895112 0.799151
vt 0.897233 0.738452
vt 0.895112 0.802841
vt 0.897233 0.733884
vt 0.897233 0.843694
vt 0.897233 0.847384
vt 0.897233 0.729675
vt 0.897233 0.839485
vt 0.082724 0.885824
vt 0.897233 0.725985
vt 0.897233 0.834918
vt 0.082724 0.863858
vt 0.291964 0.780144
vt 0.292436 0.781699
vt 0.297140 0.779750
vt 0.296374 0.778318
vt 0.269450 0.738024
vt 0.268419 0.736768
vt 0.264819 0.740368
vt 0.266075 0.741399
vt 0.287283 0.781075
vt 0.287442 0.782692
vt 0.273419 0.735372
vt 0.272653 0.733939
vt 0.282510 0.781075
vt 0.282350 0.782692
vt 0.277828 0.733545
vt 0.277357 0.731991
vt 0.277828 0.780144
vt 0.277357 0.781699
vt 0.282510 0.732614
vt 0.282350 0.730997
vt 0.273419 0.778318
vt 0.272653 0.779750
vt 0.287283 0.732614
vt 0.287442 0.730997
vt 0.269450 0.775666
vt 0.268419 0.776922
vt 0.291964 0.733545
vt 0.292436 0.731991
vt 0.266075 0.772291
vt 0.264819 0.773322
vt 0.296374 0.735372
vt 0.297140 0.733939
vt 0.263423 0.768322
vt 0.261990 0.769088
vt 0.300342 0.738024
vt 0.301373 0.736768
vt 0.261597 0.763913
vt 0.260042 0.764384
vt 0.308196 0.763913
vt 0.309750 0.764384
vt 0.310744 0.759391
vt 0.309127 0.759231
vt 0.303717 0.741399
vt 0.304973 0.740368
vt 0.260666 0.759231
vt 0.259049 0.759391
vt 0.306369 0.768322
vt 0.307802 0.769088
vt 0.306369 0.745367
vt 0.307802 0.744601
vt 0.260666 0.754458
vt 0.259049 0.754299
vt 0.303717 0.772291
vt 0.304973 0.773322
vt 0.308196 0.749777
vt 0.309750 0.749305
vt 0.261597 0.749777
vt 0.260042 0.749305
vt 0.300342 0.775666
vt 0.301373 0.776922
vt 0.309127 0.754458
vt 0.310744 0.754299
vt 0.263423 0.745367
vt 0.261990 0.744601
vt 0.436558 0.888176
vt 0.437956 0.888176
vt 0.437956 0.883109
vt 0.436558 0.883109
vt 0.896841 0.027003
vt 0.898238 0.027003
vt 0.898238 0.031875
vt 0.896841 0.031875
vt 0.436558 0.893049
vt 0.437956 0.893049
vt 0.896841 0.021936
vt 0.898238 0.021936
vt 0.436558 0.897539
vt 0.437956 0.897539
vt 0.896841 0.016869
vt 0.898238 0.016869
vt 0.436558 0.901475
vt 0.437956 0.901475
vt 0.896841 0.011997
vt 0.898238 0.011997
vt 0.894720 0.503011
vt 0.896117 0.503011
vt 0.896117 0.506947
vt 0.894720 0.506947
vt 0.896841 0.007506
vt 0.898238 0.007506
vt 0.894720 0.498521
vt 0.896117 0.498521
vt 0.292322 0.886055
vt 0.293720 0.886055
vt 0.293720 0.880988
vt 0.292322 0.880988
vt 0.896841 0.003571
vt 0.898238 0.003571
vt 0.894720 0.493649
vt 0.896117 0.493649
vt 0.292322 0.890928
vt 0.293720 0.890928
vt 0.292322 0.866559
vt 0.293720 0.866559
vt 0.293720 0.862623
vt 0.292322 0.862623
vt 0.894720 0.488582
vt 0.896117 0.488582
vt 0.292322 0.895418
vt 0.293720 0.895418
vt 0.292322 0.871049
vt 0.293720 0.871049
vt 0.894720 0.483515
vt 0.896117 0.483515
vt 0.292322 0.899354
vt 0.293720 0.899354
vt 0.292322 0.875921
vt 0.293720 0.875921
vt 0.894720 0.478642
vt 0.896117 0.478642
vt 0.436558 0.868680
vt 0.437956 0.868680
vt 0.437956 0.864744
vt 0.436558 0.864744
vt 0.894720 0.474152
vt 0.896117 0.474152
vt 0.436558 0.873170
vt 0.437956 0.873170
vt 0.894720 0.470216
vt 0.896117 0.470216
vt 0.436558 0.878042
vt 0.437956 0.878042
vt 0.896841 0.036365
vt 0.898238 0.036365
vt 0.898238 0.040301
vt 0.896841 0.040301
vt 0.764627 0.496083
vt 0.765299 0.496893
vt 0.761863 0.500365
vt 0.761046 0.499703
vt 0.899354 0.012399
vt 0.899354 0.017074
vt 0.768845 0.493232
vt 0.801376 0.532440
vt 0.800560 0.531777
vt 0.803252 0.527701
vt 0.804182 0.528192
vt 0.773539 0.491258
vt 0.294835 0.885850
vt 0.294835 0.880988
vt 0.797795 0.536060
vt 0.797124 0.535250
vt 0.897233 0.493443
vt 0.897233 0.498118
vt 0.294835 0.890525
vt 0.793577 0.538911
vt 0.793076 0.537986
vt 0.897233 0.488582
vt 0.764842 0.536237
vt 0.765505 0.535420
vt 0.769582 0.538112
vt 0.769091 0.539042
vt 0.788884 0.540885
vt 0.788573 0.539880
vt 0.897233 0.483720
vt 0.761223 0.532656
vt 0.762032 0.531984
vt 0.294835 0.876127
vt 0.294835 0.871452
vt 0.897233 0.479045
vt 0.758371 0.528437
vt 0.759296 0.527937
vt 0.797580 0.495906
vt 0.796917 0.496723
vt 0.792841 0.494031
vt 0.793332 0.493100
vt 0.756398 0.523744
vt 0.757403 0.523433
vt 0.801200 0.499487
vt 0.800390 0.500159
vt 0.439071 0.878248
vt 0.439071 0.873573
vt 0.804051 0.503706
vt 0.803126 0.504206
vt 0.439071 0.883109
vt 0.806024 0.508399
vt 0.805020 0.508710
vt 0.439071 0.887971
vt 0.899354 0.026798
vt 0.899354 0.031473
vt 0.439071 0.892646
vt 0.899354 0.021936
vt 0.759170 0.504442
vt 0.758240 0.503951
vt 0.763845 0.530480
vt 0.763038 0.531149
vt 0.766329 0.534405
vt 0.766990 0.533591
vt 0.770192 0.536956
vt 0.770681 0.536029
vt 0.787646 0.494443
vt 0.787945 0.493438
vt 0.009555 0.552482
vt 0.545676 0.399359
vt 0.546355 0.399078
vt 0.544593 0.393271
vt 0.543873 0.393415
vt 0.011783 0.557861
vt 0.761253 0.505541
vt 0.760327 0.505052
vt 0.774235 0.493512
vt 0.763691 0.501850
vt 0.762878 0.501189
vt 0.803656 0.513739
vt 0.804698 0.513631
vt 0.803771 0.509096
vt 0.802770 0.509405
vt 0.791955 0.535915
vt 0.792454 0.536837
vt 0.796289 0.534244
vt 0.795620 0.533438
vt 0.918444 0.487759
vt 0.918444 0.483050
vt 0.902378 0.483050
vt 0.902378 0.487759
vt 0.795433 0.498552
vt 0.910691 0.501168
vt 0.912087 0.501168
vt 0.912087 0.496995
vt 0.910691 0.496995
vt 0.902378 0.496995
vt 0.902378 0.501168
vt 0.756398 0.513762
vt 0.758767 0.518404
vt 0.756424 0.518647
vt 0.903774 0.777612
vt 0.903774 0.780074
vt 0.902378 0.780074
vt 0.902378 0.776223
vt 0.903774 0.776223
vt 0.801169 0.526602
vt 0.802096 0.527091
vt 0.803844 0.522805
vt 0.802840 0.522506
vt 0.778636 0.491284
vt 0.796093 0.497738
vt 0.783543 0.538516
vt 0.783652 0.539559
vt 0.788187 0.538631
vt 0.787877 0.537630
vt 0.774105 0.539957
vt 0.774777 0.537700
vt 0.779120 0.538540
vt 0.778902 0.540885
vt 0.910130 0.771522
vt 0.908734 0.771522
vt 0.908734 0.776230
vt 0.910130 0.776230
vt 0.918444 0.776230
vt 0.918444 0.771522
vt 0.783787 0.540859
vt 0.552231 0.469431
vt 0.553612 0.469298
vt 0.553612 0.472840
vt 0.552231 0.473009
vt 0.038920 0.636607
vt 0.040301 0.636607
vt 0.040301 0.632047
vt 0.038920 0.632000
vt 0.552231 0.465348
vt 0.553612 0.465257
vt 0.038920 0.641214
vt 0.040301 0.641167
vt 0.552231 0.460919
vt 0.553612 0.460872
vt 0.038920 0.645643
vt 0.040301 0.645552
vt 0.552231 0.456312
vt 0.553612 0.456312
vt 0.038920 0.649726
vt 0.040301 0.649593
vt 0.552231 0.451705
vt 0.553612 0.451752
vt 0.038920 0.653304
vt 0.040301 0.653135
vt 0.552231 0.447275
vt 0.553612 0.447367
vt 0.009225 0.605182
vt 0.010606 0.605049
vt 0.010606 0.608591
vt 0.009225 0.608761
vt 0.552231 0.443193
vt 0.553612 0.443326
vt 0.009225 0.601100
vt 0.010606 0.601008
vt 0.053768 0.547884
vt 0.055149 0.547838
vt 0.055149 0.543278
vt 0.053768 0.543278
vt 0.552231 0.439615
vt 0.553612 0.439784
vt 0.009225 0.596670
vt 0.010606 0.596623
vt 0.053768 0.552314
vt 0.055149 0.552222
vt 0.053768 0.530159
vt 0.055149 0.530292
vt 0.055149 0.526750
vt 0.053768 0.526580
vt 0.009225 0.592063
vt 0.010606 0.592063
vt 0.053768 0.556397
vt 0.055149 0.556264
vt 0.053768 0.534241
vt 0.055149 0.534333
vt 0.009225 0.587457
vt 0.010606 0.587503
vt 0.053768 0.559975
vt 0.055149 0.559806
vt 0.053768 0.538671
vt 0.055149 0.538718
vt 0.009225 0.583027
vt 0.010606 0.583118
vt 0.038920 0.623488
vt 0.040301 0.623621
vt 0.040301 0.620079
vt 0.038920 0.619909
vt 0.009225 0.578944
vt 0.010606 0.579077
vt 0.038920 0.627570
vt 0.040301 0.627662
vt 0.009225 0.575366
vt 0.010606 0.575535
vt 0.807578 0.057245
vt 0.807115 0.058769
vt 0.802928 0.057936
vt 0.803084 0.056351
vt 0.782724 0.094441
vt 0.783955 0.093431
vt 0.786974 0.096450
vt 0.785964 0.097681
vt 0.811811 0.058999
vt 0.811060 0.060403
vt 0.780178 0.090631
vt 0.781583 0.089881
vt 0.815621 0.061544
vt 0.814611 0.062775
vt 0.778425 0.086398
vt 0.779949 0.085936
vt 0.818861 0.064784
vt 0.817630 0.065794
vt 0.777531 0.081904
vt 0.779115 0.081748
vt 0.821407 0.090631
vt 0.820002 0.089881
vt 0.821637 0.085936
vt 0.823160 0.086398
vt 0.821407 0.068594
vt 0.820002 0.069345
vt 0.777531 0.077322
vt 0.779115 0.077478
vt 0.818861 0.094441
vt 0.817630 0.093431
vt 0.823160 0.072828
vt 0.821637 0.073290
vt 0.778425 0.072828
vt 0.779949 0.073290
vt 0.815621 0.097681
vt 0.814611 0.096450
vt 0.824054 0.077322
vt 0.822470 0.077478
vt 0.780178 0.068594
vt 0.781583 0.069345
vt 0.811811 0.100227
vt 0.811060 0.098823
vt 0.824054 0.081904
vt 0.822470 0.081748
vt 0.782724 0.064784
vt 0.783955 0.065794
vt 0.807578 0.101980
vt 0.807116 0.100457
vt 0.785964 0.061544
vt 0.786974 0.062775
vt 0.803084 0.102874
vt 0.802928 0.101290
vt 0.789774 0.058999
vt 0.790525 0.060403
vt 0.798501 0.102874
vt 0.798658 0.101290
vt 0.794007 0.057245
vt 0.794470 0.058769
vt 0.794007 0.101980
vt 0.794470 0.100457
vt 0.798501 0.056351
vt 0.798658 0.057936
vt 0.789774 0.100227
vt 0.790525 0.098823
vt 0.030637 0.733556
vt 0.030039 0.739075
vt 0.026459 0.739075
vt 0.026871 0.733556
vt 0.764257 0.002831
vt 0.764669 0.008350
vt 0.761089 0.008350
vt 0.760491 0.002831
vt 0.767283 0.222367
vt 0.767493 0.227886
vt 0.771532 0.227886
vt 0.771532 0.222367
vt 0.033938 0.733556
vt 0.033177 0.739075
vt 0.768343 0.002831
vt 0.768553 0.008350
vt 0.763197 0.222367
vt 0.763609 0.227886
vt 0.783634 0.222367
vt 0.783036 0.227886
vt 0.786173 0.227886
vt 0.786934 0.222367
vt 0.772593 0.002831
vt 0.772593 0.008350
vt 0.759431 0.222367
vt 0.760029 0.227886
vt 0.779868 0.222367
vt 0.779456 0.227886
vt 0.776842 0.002831
vt 0.776632 0.008350
vt 0.756130 0.222367
vt 0.756891 0.227886
vt 0.775782 0.222367
vt 0.775572 0.227886
vt 0.780928 0.002831
vt 0.780517 0.008350
vt 0.147299 0.734617
vt 0.146701 0.740136
vt 0.149838 0.740136
vt 0.150599 0.734617
vt 0.784694 0.002831
vt 0.784096 0.008350
vt 0.143533 0.734617
vt 0.143121 0.740136
vt 0.787995 0.002831
vt 0.787234 0.008350
vt 0.139447 0.734617
vt 0.139237 0.740136
vt 0.006434 0.733556
vt 0.007032 0.739075
vt 0.003895 0.739075
vt 0.003134 0.733556
vt 0.135197 0.734617
vt 0.135197 0.740136
vt 0.010200 0.733556
vt 0.010612 0.739075
vt 0.130948 0.734617
vt 0.131158 0.740136
vt 0.014286 0.733556
vt 0.014496 0.739075
vt 0.126862 0.734617
vt 0.127273 0.740136
vt 0.018536 0.733556
vt 0.018536 0.739075
vt 0.123096 0.734617
vt 0.123694 0.740136
vt 0.022785 0.733556
vt 0.022575 0.739075
vt 0.119795 0.734617
vt 0.120556 0.740136
vt 0.757952 0.008350
vt 0.757191 0.002831
vt 0.778698 0.240905
vt 0.781936 0.240905
vt 0.776246 0.021370
vt 0.772593 0.021370
vt 0.758291 0.240905
vt 0.761129 0.240905
vt 0.775185 0.240905
vt 0.779759 0.021370
vt 0.145600 0.753155
vt 0.148438 0.753155
vt 0.771532 0.240905
vt 0.782996 0.021370
vt 0.142363 0.753155
vt 0.785834 0.021370
vt 0.138850 0.753155
vt 0.008132 0.752095
vt 0.005295 0.752095
vt 0.135197 0.753155
vt 0.011370 0.752095
vt 0.131544 0.753155
vt 0.014883 0.752095
vt 0.128031 0.753155
vt 0.018536 0.752095
vt 0.124794 0.753155
vt 0.022189 0.752095
vt 0.121956 0.753155
vt 0.025702 0.752095
vt 0.762190 0.021370
vt 0.759352 0.021370
vt 0.028939 0.752095
vt 0.765427 0.021370
vt 0.767879 0.240905
vt 0.031777 0.752095
vt 0.768940 0.021370
vt 0.764366 0.240905
vt 0.784773 0.240905
vt 0.785013 0.033618
vt 0.782351 0.033618
vt 0.138624 0.765403
vt 0.141919 0.765403
vt 0.008777 0.764343
vt 0.006116 0.764343
vt 0.135197 0.765403
vt 0.011814 0.764343
vt 0.131770 0.765403
vt 0.015109 0.764343
vt 0.128476 0.765403
vt 0.018536 0.764343
vt 0.125439 0.765403
vt 0.021962 0.764343
vt 0.122777 0.765403
vt 0.025257 0.764343
vt 0.762834 0.033618
vt 0.760173 0.033618
vt 0.028294 0.764343
vt 0.765871 0.033618
vt 0.768106 0.253153
vt 0.771532 0.253153
vt 0.030956 0.764343
vt 0.769166 0.033618
vt 0.764811 0.253153
vt 0.781291 0.253153
vt 0.783952 0.253153
vt 0.772593 0.033618
vt 0.761774 0.253153
vt 0.778254 0.253153
vt 0.776019 0.033618
vt 0.759112 0.253153
vt 0.774959 0.253153
vt 0.779314 0.033618
vt 0.144955 0.765403
vt 0.147617 0.765403
vt 0.015144 0.775593
vt 0.011883 0.775593
vt 0.128545 0.776654
vt 0.131806 0.776654
vt 0.018536 0.775593
vt 0.125540 0.776654
vt 0.021927 0.775593
vt 0.122905 0.776654
vt 0.025188 0.775593
vt 0.762935 0.044868
vt 0.760301 0.044868
vt 0.028193 0.775593
vt 0.765941 0.044868
vt 0.030828 0.775593
vt 0.768141 0.264404
vt 0.771532 0.264404
vt 0.769202 0.044868
vt 0.781190 0.264404
vt 0.783824 0.264404
vt 0.764880 0.264404
vt 0.772593 0.044868
vt 0.778185 0.264404
vt 0.761875 0.264404
vt 0.775984 0.044868
vt 0.774924 0.264404
vt 0.759240 0.264404
vt 0.779245 0.044868
vt 0.144855 0.776654
vt 0.147489 0.776654
vt 0.782250 0.044868
vt 0.141849 0.776654
vt 0.784885 0.044868
vt 0.138588 0.776654
vt 0.008878 0.775593
vt 0.006244 0.775593
vt 0.135197 0.776654
vt 0.768034 0.274685
vt 0.771532 0.274685
vt 0.765730 0.055149
vt 0.762630 0.055149
vt 0.772593 0.055149
vt 0.769094 0.055149
vt 0.778395 0.274685
vt 0.781495 0.274685
vt 0.031216 0.785874
vt 0.028499 0.785874
vt 0.764670 0.274685
vt 0.784213 0.274685
vt 0.779455 0.055149
vt 0.776091 0.055149
vt 0.761569 0.274685
vt 0.775031 0.274685
vt 0.128335 0.786934
vt 0.131699 0.786934
vt 0.145160 0.786934
vt 0.147878 0.786934
vt 0.135197 0.786934
vt 0.011673 0.785874
vt 0.008573 0.785874
vt 0.025398 0.785874
vt 0.022034 0.785874
vt 0.138696 0.786934
vt 0.782556 0.055149
vt 0.005855 0.785874
vt 0.122517 0.786934
vt 0.125234 0.786934
vt 0.142060 0.786934
vt 0.785273 0.055149
vt 0.759912 0.055149
vt 0.018536 0.785874
vt 0.015037 0.785874
vt 0.297033 0.854672
vt 0.299519 0.857158
vt 0.328742 0.841538
vt 0.328056 0.838090
vt 0.295080 0.834842
vt 0.293735 0.838090
vt 0.328742 0.845053
vt 0.297033 0.831919
vt 0.328056 0.848501
vt 0.299519 0.829433
vt 0.326711 0.851749
vt 0.302442 0.827480
vt 0.324757 0.854672
vt 0.305690 0.826135
vt 0.305499 0.825505
vt 0.322272 0.857158
vt 0.309137 0.825449
vt 0.309073 0.824794
vt 0.319349 0.859111
vt 0.312653 0.825449
vt 0.312717 0.824794
vt 0.316101 0.860456
vt 0.316101 0.826135
vt 0.316292 0.825505
vt 0.312653 0.861142
vt 0.319349 0.827480
vt 0.295080 0.851749
vt 0.309138 0.861142
vt 0.322272 0.829433
vt 0.293735 0.848501
vt 0.305690 0.860456
vt 0.324757 0.831919
vt 0.293049 0.845053
vt 0.302442 0.859111
vt 0.326711 0.834842
vt 0.293049 0.841538
vt 0.548629 0.404821
vt 0.545703 0.399348
vt 0.759732 0.948456
vt 0.763602 0.948456
vt 0.763602 0.944535
vt 0.759732 0.944535
vt 0.297301 0.505974
vt 0.297301 0.500180
vt 0.799545 0.530954
vt 0.798731 0.530293
vt 0.543902 0.393409
vt 0.912812 0.025822
vt 0.914208 0.025822
vt 0.914208 0.030350
vt 0.912812 0.030350
vt 0.904499 0.030350
vt 0.904499 0.025822
vt 0.910691 0.478522
vt 0.912087 0.478522
vt 0.912087 0.474349
vt 0.910691 0.474349
vt 0.902378 0.474349
vt 0.902378 0.478522
vt 0.759732 0.940615
vt 0.763602 0.940615
vt 0.763602 0.936845
vt 0.759732 0.936845
vt 0.269754 0.944857
vt 0.273624 0.944857
vt 0.273624 0.941087
vt 0.269754 0.941087
vt 0.763602 0.933370
vt 0.759732 0.933370
vt 0.352477 0.942736
vt 0.356348 0.942736
vt 0.356348 0.946656
vt 0.352477 0.946656
vt 0.759732 0.958745
vt 0.763602 0.958745
vt 0.763602 0.955700
vt 0.759732 0.955700
vt 0.784753 0.578982
vt 0.786934 0.578982
vt 0.786934 0.572081
vt 0.784753 0.572081
vt 0.269754 0.937613
vt 0.273624 0.937613
vt 0.273624 0.934567
vt 0.269754 0.934567
vt 0.897604 0.954346
vt 0.901475 0.954346
vt 0.901475 0.957821
vt 0.897604 0.957821
vt 0.269754 0.952698
vt 0.273624 0.952698
vt 0.273624 0.948777
vt 0.269754 0.948777
vt 0.269754 0.962987
vt 0.273624 0.962987
vt 0.273624 0.959942
vt 0.269754 0.959942
vt 0.901475 0.960866
vt 0.897604 0.960866
vt 0.774478 0.538705
vt 0.779023 0.539583
vt 0.269754 0.956468
vt 0.273624 0.956468
vt 0.352477 0.957821
vt 0.356348 0.957821
vt 0.356348 0.960866
vt 0.352477 0.960866
vt 0.897604 0.942736
vt 0.901475 0.942736
vt 0.052826 0.516077
vt 0.297301 0.511768
vt 0.341553 0.776734
vt 0.339879 0.778773
vt 0.337034 0.776872
vt 0.338277 0.774545
vt 0.309574 0.798102
vt 0.312098 0.797336
vt 0.313408 0.800498
vt 0.311081 0.801741
vt 0.344338 0.779520
vt 0.342299 0.781193
vt 0.308805 0.794238
vt 0.311431 0.793979
vt 0.346527 0.782795
vt 0.344200 0.784039
vt 0.308805 0.790299
vt 0.311431 0.790557
vt 0.348035 0.786435
vt 0.345510 0.787201
vt 0.309574 0.786435
vt 0.312098 0.787201
vt 0.348803 0.790299
vt 0.346178 0.790557
vt 0.311081 0.782795
vt 0.313408 0.784039
vt 0.348803 0.794238
vt 0.346178 0.793979
vt 0.313270 0.779520
vt 0.315309 0.781193
vt 0.348035 0.798102
vt 0.345510 0.797336
vt 0.316056 0.776734
vt 0.317729 0.778773
vt 0.346527 0.801741
vt 0.344200 0.800498
vt 0.319331 0.774545
vt 0.320575 0.776872
vt 0.326834 0.812267
vt 0.327093 0.809642
vt 0.330515 0.809642
vt 0.330774 0.812267
vt 0.344338 0.805017
vt 0.342299 0.803343
vt 0.322971 0.773038
vt 0.323737 0.775562
vt 0.322971 0.811499
vt 0.323737 0.808974
vt 0.341553 0.807802
vt 0.339879 0.805763
vt 0.326834 0.772269
vt 0.327093 0.774895
vt 0.319331 0.809991
vt 0.320575 0.807664
vt 0.338277 0.809991
vt 0.337034 0.807664
vt 0.330774 0.772269
vt 0.330515 0.774895
vt 0.316056 0.807802
vt 0.317729 0.805763
vt 0.334638 0.811499
vt 0.333872 0.808974
vt 0.334638 0.773038
vt 0.333872 0.775562
vt 0.313270 0.805017
vt 0.315309 0.803343
vt 0.346547 0.786886
vt 0.345156 0.783528
vt 0.311062 0.786886
vt 0.310353 0.790451
vt 0.347256 0.790451
vt 0.312453 0.783528
vt 0.347256 0.794086
vt 0.314472 0.780506
vt 0.346547 0.797650
vt 0.317042 0.777936
vt 0.345156 0.801008
vt 0.320064 0.775917
vt 0.326987 0.810720
vt 0.330621 0.810720
vt 0.343136 0.804030
vt 0.323422 0.774526
vt 0.323422 0.810011
vt 0.340566 0.806600
vt 0.326987 0.773817
vt 0.320064 0.808620
vt 0.337544 0.808620
vt 0.330621 0.773817
vt 0.317042 0.806600
vt 0.334186 0.810011
vt 0.334186 0.774526
vt 0.314472 0.804030
vt 0.337544 0.775917
vt 0.312453 0.801008
vt 0.340566 0.777936
vt 0.311062 0.797650
vt 0.343136 0.780506
vt 0.310353 0.794086
vt 0.350272 0.798780
vt 0.351130 0.794467
vt 0.314573 0.774927
vt 0.311463 0.778037
vt 0.348589 0.802843
vt 0.318229 0.772484
vt 0.326605 0.814594
vt 0.331003 0.814594
vt 0.346145 0.806500
vt 0.322292 0.770801
vt 0.322292 0.813736
vt 0.343036 0.809610
vt 0.326605 0.769943
vt 0.318229 0.812053
vt 0.339379 0.812053
vt 0.331003 0.769943
vt 0.314573 0.809610
vt 0.335316 0.813736
vt 0.335316 0.770801
vt 0.311463 0.806500
vt 0.339379 0.772484
vt 0.309020 0.802843
vt 0.343036 0.774927
vt 0.307337 0.798780
vt 0.346145 0.778037
vt 0.306479 0.794467
vt 0.348589 0.781693
vt 0.306479 0.790069
vt 0.350272 0.785756
vt 0.307337 0.785756
vt 0.351130 0.790069
vt 0.309020 0.781693
vt 0.344334 0.811191
vt 0.347727 0.807798
vt 0.326405 0.767906
vt 0.321698 0.768843
vt 0.317264 0.813857
vt 0.321698 0.815694
vt 0.340344 0.813857
vt 0.331204 0.767906
vt 0.313274 0.811191
vt 0.335910 0.815694
vt 0.335910 0.768843
vt 0.309881 0.807798
vt 0.331204 0.816630
vt 0.340344 0.770679
vt 0.307215 0.803808
vt 0.344334 0.773345
vt 0.305379 0.799374
vt 0.347727 0.776738
vt 0.304442 0.794668
vt 0.350393 0.780729
vt 0.304442 0.789869
vt 0.352230 0.785162
vt 0.305379 0.785162
vt 0.353166 0.789869
vt 0.307215 0.780729
vt 0.353166 0.794668
vt 0.309881 0.776738
vt 0.352230 0.799374
vt 0.313274 0.773345
vt 0.350393 0.803808
vt 0.317264 0.770679
vt 0.326405 0.816630
vt 0.619523 0.092988
vt 0.621487 0.092988
vt 0.621487 0.088213
vt 0.619523 0.088213
vt 0.248328 0.596941
vt 0.250292 0.596941
vt 0.250292 0.601173
vt 0.248328 0.601173
vt 0.608918 0.607536
vt 0.610882 0.607536
vt 0.610882 0.603304
vt 0.608918 0.603304
vt 0.248328 0.593231
vt 0.250292 0.593231
vt 0.608918 0.612128
vt 0.610882 0.612128
vt 0.617402 0.628383
vt 0.619366 0.628383
vt 0.619366 0.632093
vt 0.617402 0.632093
vt 0.608918 0.616904
vt 0.610882 0.616904
vt 0.617402 0.624151
vt 0.619366 0.624151
vt 0.608918 0.621680
vt 0.610882 0.621680
vt 0.617402 0.619559
vt 0.619366 0.619559
vt 0.608918 0.626272
vt 0.610882 0.626272
vt 0.617402 0.614783
vt 0.619366 0.614783
vt 0.608918 0.630504
vt 0.610882 0.630504
vt 0.617402 0.610007
vt 0.619366 0.610007
vt 0.608918 0.634214
vt 0.610882 0.634214
vt 0.617402 0.605415
vt 0.619366 0.605415
vt 0.248328 0.624141
vt 0.250292 0.624141
vt 0.250292 0.627851
vt 0.248328 0.627851
vt 0.617402 0.601183
vt 0.619366 0.601183
vt 0.248328 0.619909
vt 0.250292 0.619909
vt 0.619523 0.097764
vt 0.621487 0.097764
vt 0.617402 0.597473
vt 0.619366 0.597473
vt 0.248328 0.615317
vt 0.250292 0.615317
vt 0.619523 0.102356
vt 0.621487 0.102356
vt 0.619523 0.079388
vt 0.621487 0.079388
vt 0.621487 0.075679
vt 0.619523 0.075679
vt 0.248328 0.610541
vt 0.250292 0.610541
vt 0.619523 0.106589
vt 0.621487 0.106589
vt 0.619523 0.083620
vt 0.621487 0.083620
vt 0.248328 0.605765
vt 0.250292 0.605765
vt 0.619523 0.110298
vt 0.621487 0.110298
vt 0.610882 0.599594
vt 0.608918 0.599594
vt 0.794095 0.213430
vt 0.793415 0.211790
vt 0.797341 0.209692
vt 0.798327 0.211168
vt 0.789502 0.166804
vt 0.789156 0.168545
vt 0.784727 0.168109
vt 0.784727 0.166334
vt 0.789502 0.214823
vt 0.789156 0.213082
vt 0.794095 0.168197
vt 0.793415 0.169837
vt 0.784727 0.215293
vt 0.784727 0.213519
vt 0.798327 0.170460
vt 0.797341 0.171935
vt 0.779951 0.214823
vt 0.780297 0.213082
vt 0.802036 0.173504
vt 0.800781 0.174759
vt 0.775358 0.213430
vt 0.776038 0.211790
vt 0.805081 0.177213
vt 0.803605 0.178199
vt 0.771126 0.211168
vt 0.772112 0.209692
vt 0.807343 0.181446
vt 0.805703 0.182125
vt 0.760717 0.186038
vt 0.762458 0.186384
vt 0.762022 0.190814
vt 0.760247 0.190814
vt 0.767417 0.208123
vt 0.768672 0.206868
vt 0.808736 0.186038
vt 0.806995 0.186384
vt 0.762110 0.181446
vt 0.763750 0.182125
vt 0.764372 0.204414
vt 0.765848 0.203428
vt 0.809206 0.190814
vt 0.807431 0.190814
vt 0.764372 0.177213
vt 0.765848 0.178199
vt 0.762110 0.200182
vt 0.763750 0.199502
vt 0.808736 0.195589
vt 0.806995 0.195243
vt 0.767417 0.173504
vt 0.768672 0.174759
vt 0.760717 0.195589
vt 0.762458 0.195243
vt 0.807343 0.200182
vt 0.805703 0.199502
vt 0.771126 0.170460
vt 0.772112 0.171935
vt 0.805081 0.204414
vt 0.803605 0.203428
vt 0.775359 0.168197
vt 0.776038 0.169837
vt 0.802036 0.208123
vt 0.800781 0.206868
vt 0.779951 0.166804
vt 0.780297 0.168545
vt 0.780018 0.214487
vt 0.784727 0.214951
vt 0.801794 0.173746
vt 0.798136 0.170745
vt 0.775490 0.213113
vt 0.804796 0.177404
vt 0.771317 0.210883
vt 0.807026 0.181577
vt 0.761053 0.186105
vt 0.760590 0.190814
vt 0.767659 0.207881
vt 0.808400 0.186105
vt 0.762427 0.181577
vt 0.764657 0.204223
vt 0.808863 0.190814
vt 0.764657 0.177404
vt 0.762427 0.200050
vt 0.808400 0.195523
vt 0.767659 0.173746
vt 0.761053 0.195523
vt 0.807026 0.200050
vt 0.771317 0.170745
vt 0.804796 0.204223
vt 0.775490 0.168514
vt 0.801794 0.207881
vt 0.780018 0.167141
vt 0.798136 0.210883
vt 0.784727 0.166677
vt 0.793963 0.213113
vt 0.789435 0.167141
vt 0.789435 0.214487
vt 0.793963 0.168514
vt 0.514213 0.027378
vt 0.530279 0.027378
vt 0.530279 0.031035
vt 0.514213 0.031035
vt 0.791742 0.496114
vt 0.792231 0.495187
vt 0.918444 0.780939
vt 0.902378 0.780939
vt 0.902378 0.785467
vt 0.918444 0.785467
vt 0.067530 0.546772
vt 0.757724 0.518512
vt 0.403201 0.294835
vt 0.403201 0.288479
vt 0.407254 0.288488
vt 0.407254 0.289884
vt 0.407254 0.293439
vt 0.407254 0.294835
vt 0.804723 0.518260
vt 0.803680 0.518163
vt 0.373565 0.303936
vt 0.377559 0.305654
vt 0.376435 0.309358
vt 0.376056 0.313209
vt 0.376435 0.317060
vt 0.377559 0.320764
vt 0.373565 0.322410
vt 0.372191 0.317882
vt 0.371728 0.313173
vt 0.372191 0.308464
vt 0.788317 0.492186
vt 0.405322 0.328780
vt 0.405322 0.335137
vt 0.409376 0.335137
vt 0.409376 0.333740
vt 0.409376 0.330186
vt 0.409376 0.328789
vt 0.547158 0.008117
vt 0.547158 0.004247
vt 0.550103 0.003911
vt 0.551490 0.003753
vt 0.551490 0.008484
vt 0.375722 0.002738
vt 0.377095 0.007266
vt 0.377559 0.011974
vt 0.377095 0.016683
vt 0.375722 0.021211
vt 0.371668 0.019605
vt 0.372791 0.015902
vt 0.373171 0.012050
vt 0.372791 0.008199
vt 0.371668 0.004496
vt 0.766802 0.498705
vt 0.805097 0.523178
vt 0.358469 0.377566
vt 0.354149 0.377575
vt 0.354149 0.378971
vt 0.354149 0.382526
vt 0.354149 0.383922
vt 0.358469 0.383922
vt 0.530279 0.035208
vt 0.523923 0.035208
vt 0.522527 0.035208
vt 0.514213 0.035208
vt 0.783521 0.491258
vt 0.533125 0.137002
vt 0.526864 0.137002
vt 0.524336 0.137002
vt 0.524336 0.139994
vt 0.534522 0.139994
vt 0.534522 0.137002
vt 0.784753 0.597095
vt 0.786934 0.597095
vt 0.786934 0.591734
vt 0.784753 0.591734
vt 0.371109 0.253818
vt 0.370730 0.249966
vt 0.369607 0.246263
vt 0.373600 0.244545
vt 0.374974 0.249073
vt 0.375438 0.253782
vt 0.374974 0.258491
vt 0.373600 0.263019
vt 0.369607 0.261372
vt 0.370730 0.257669
vt 0.910121 0.771022
vt 0.912573 0.772372
vt 0.912573 0.776223
vt 0.910121 0.777599
vt 0.910121 0.776289
vt 0.910121 0.772332
vt 0.918444 0.766994
vt 0.902378 0.766994
vt 0.902378 0.771522
vt 0.579809 0.960592
vt 0.577354 0.959243
vt 0.577364 0.962946
vt 0.579892 0.962946
vt 0.959572 0.523075
vt 0.957044 0.523075
vt 0.957034 0.519371
vt 0.959486 0.520643
vt 0.526778 0.116212
vt 0.524327 0.115067
vt 0.524336 0.118480
vt 0.526864 0.118480
vt 0.579892 0.944424
vt 0.577364 0.944424
vt 0.577354 0.947837
vt 0.579809 0.946566
vt 0.601275 0.369644
vt 0.909883 0.787191
vt 0.912563 0.787191
vt 0.912573 0.790182
vt 0.910121 0.789208
vt 0.557363 0.360910
vt 0.562836 0.357984
vt 0.959486 0.533209
vt 0.957034 0.534480
vt 0.957044 0.530777
vt 0.959572 0.530777
vt 0.909854 0.768668
vt 0.912563 0.768668
vt 0.526778 0.134860
vt 0.524327 0.133589
vt 0.959572 0.540885
vt 0.957044 0.540885
vt 0.957034 0.537893
vt 0.959486 0.539037
vt 0.912563 0.780074
vt 0.909883 0.780074
vt 0.352477 0.938966
vt 0.356348 0.938966
vt 0.526864 0.126035
vt 0.524336 0.126035
vt 0.524327 0.129886
vt 0.526778 0.128536
vt 0.957044 0.526926
vt 0.965833 0.523075
vt 0.967229 0.523075
vt 0.967229 0.526926
vt 0.524336 0.122183
vt 0.534522 0.122183
vt 0.534522 0.118480
vt 0.533125 0.118480
vt 0.959486 0.514815
vt 0.957034 0.515958
vt 0.957044 0.512967
vt 0.959753 0.512967
vt 0.526778 0.111104
vt 0.524327 0.112076
vt 0.526778 0.115201
vt 0.526778 0.112129
vt 0.526778 0.133609
vt 0.526778 0.129807
vt 0.010190 0.558712
vt 0.013622 0.563847
vt 0.786874 0.641828
vt 0.789056 0.641828
vt 0.789056 0.635192
vt 0.786874 0.635192
vt 0.167568 0.772004
vt 0.165387 0.772004
vt 0.533125 0.116298
vt 0.529568 0.116212
vt 0.528173 0.116212
vt 0.577345 0.951540
vt 0.579797 0.951540
vt 0.579803 0.949090
vt 0.579806 0.947828
vt 0.786934 0.585618
vt 0.784753 0.585618
vt 0.579797 0.955391
vt 0.577345 0.955391
vt 0.579806 0.959280
vt 0.579803 0.957967
vt 0.959486 0.515984
vt 0.959486 0.519490
vt 0.581203 0.946566
vt 0.582596 0.946566
vt 0.586153 0.946606
vt 0.586153 0.944424
vt 0.959486 0.534380
vt 0.959486 0.537884
vt 0.965833 0.533144
vt 0.965833 0.530777
vt 0.967229 0.530777
vt 0.967229 0.534480
vt 0.965833 0.534480
vt 0.668008 0.873141
vt 0.665272 0.875878
vt 0.662054 0.878028
vt 0.658479 0.879509
vt 0.654683 0.880264
vt 0.650813 0.880264
vt 0.647018 0.879509
vt 0.643442 0.878028
vt 0.640225 0.875878
vt 0.637488 0.873141
vt 0.635338 0.869923
vt 0.633857 0.866348
vt 0.633102 0.862553
vt 0.633102 0.858683
vt 0.633857 0.854887
vt 0.635338 0.851312
vt 0.637488 0.848094
vt 0.640225 0.845358
vt 0.643442 0.843208
vt 0.647018 0.841727
vt 0.650813 0.840972
vt 0.654683 0.840972
vt 0.658479 0.841727
vt 0.662054 0.843208
vt 0.665272 0.845358
vt 0.668008 0.848094
vt 0.670158 0.851312
vt 0.671639 0.854887
vt 0.672394 0.858683
vt 0.672394 0.862553
vt 0.671639 0.866348
vt 0.670158 0.869923
vt 0.165387 0.745450
vt 0.167568 0.745450
vt 0.758852 0.274685
vt 0.787995 0.329834
vt 0.785813 0.329834
vt 0.822145 0.402025
vt 0.824054 0.402025
vt 0.824054 0.408201
vt 0.822145 0.408201
vt 0.587549 0.944424
vt 0.586153 0.947837
vt 0.587549 0.947837
vt 0.965833 0.520707
vt 0.965833 0.519371
vt 0.967229 0.519371
vt 0.825327 0.545959
vt 0.827236 0.545959
vt 0.827236 0.550757
vt 0.825327 0.550757
vt 0.533125 0.126035
vt 0.528173 0.128536
vt 0.529568 0.128536
vt 0.533125 0.128497
vt 0.822145 0.390612
vt 0.824054 0.390612
vt 0.824054 0.396086
vt 0.822145 0.396086
vt 0.514213 0.057855
vt 0.530279 0.057855
vt 0.530279 0.061512
vt 0.514213 0.061512
vt 0.220435 0.436590
vt 0.220435 0.432720
vt 0.224838 0.432218
vt 0.224838 0.436950
vt 0.786874 0.608638
vt 0.789056 0.608638
vt 0.789056 0.603278
vt 0.786874 0.603278
vt 0.825115 0.224724
vt 0.823206 0.224724
vt 0.497615 0.805910
vt 0.499523 0.805910
vt 0.499523 0.799734
vt 0.497615 0.799734
vt 0.823206 0.242313
vt 0.825115 0.242313
vt 0.825115 0.218548
vt 0.823206 0.218548
vt 0.822145 0.414377
vt 0.824054 0.414377
vt 0.497615 0.818026
vt 0.499523 0.818026
vt 0.499523 0.812087
vt 0.497615 0.812087
vt 0.497615 0.793795
vt 0.499523 0.793795
vt 0.499523 0.788322
vt 0.497615 0.788322
vt 0.825327 0.585934
vt 0.827236 0.585934
vt 0.827236 0.590731
vt 0.825327 0.590731
vt 0.823206 0.247110
vt 0.825115 0.247110
vt 0.825327 0.580460
vt 0.827236 0.580460
vt 0.497615 0.828296
vt 0.499523 0.828296
vt 0.499523 0.823499
vt 0.497615 0.823499
vt 0.822145 0.385815
vt 0.824054 0.385815
vt 0.824054 0.430587
vt 0.822145 0.430587
vt 0.827236 0.556230
vt 0.825327 0.556230
vt 0.825327 0.562169
vt 0.827236 0.562169
vt 0.786934 0.547068
vt 0.784753 0.547068
vt 0.786874 0.614754
vt 0.789056 0.614754
vt 0.580990 0.356875
vt 0.581128 0.356183
vt 0.587067 0.357984
vt 0.586797 0.358636
vt 0.786874 0.653304
vt 0.789056 0.653304
vt 0.789056 0.647944
vt 0.786874 0.647944
vt 0.785813 0.304820
vt 0.787995 0.304820
vt 0.568775 0.356183
vt 0.568913 0.356875
vt 0.112419 0.530221
vt 0.112419 0.534091
vt 0.108121 0.534522
vt 0.108121 0.529790
vt 0.336197 0.582479
vt 0.336197 0.576273
vt 0.334986 0.570186
vt 0.332611 0.564452
vt 0.329163 0.559292
vt 0.324775 0.554904
vt 0.319615 0.551456
vt 0.313881 0.549081
vt 0.307794 0.547870
vt 0.301588 0.547870
vt 0.295501 0.549081
vt 0.289767 0.551456
vt 0.284607 0.554904
vt 0.280219 0.559292
vt 0.276771 0.564452
vt 0.274396 0.570186
vt 0.273185 0.576273
vt 0.273185 0.582479
vt 0.274396 0.588566
vt 0.276771 0.594299
vt 0.280219 0.599460
vt 0.284607 0.603848
vt 0.289767 0.607296
vt 0.295501 0.609671
vt 0.301588 0.610882
vt 0.307794 0.610882
vt 0.313881 0.609671
vt 0.319615 0.607296
vt 0.324775 0.603848
vt 0.329163 0.599460
vt 0.332611 0.594299
vt 0.334986 0.588566
vt 0.499523 0.783525
vt 0.497615 0.783525
vt 0.904499 0.021113
vt 0.920565 0.021113
vt 0.920565 0.025822
vt 0.530279 0.049154
vt 0.530279 0.053682
vt 0.514213 0.053682
vt 0.514213 0.049154
vt 0.522527 0.049154
vt 0.523923 0.049154
vt 0.785813 0.291283
vt 0.787995 0.291283
vt 0.787995 0.297919
vt 0.785813 0.297919
vt 0.441102 0.536643
vt 0.165387 0.784756
vt 0.167568 0.784756
vt 0.167568 0.790116
vt 0.165387 0.790116
vt 0.918444 0.478522
vt 0.441102 0.531911
vt 0.352477 0.932446
vt 0.356348 0.932446
vt 0.356348 0.935492
vt 0.352477 0.935492
vt 0.576254 0.324001
vt 0.576735 0.321580
vt 0.576735 0.317711
vt 0.576254 0.315290
vt 0.575980 0.313915
vt 0.580263 0.312639
vt 0.581186 0.317280
vt 0.581186 0.322011
vt 0.580263 0.326652
vt 0.575980 0.325376
vt 0.965833 0.514879
vt 0.965833 0.512967
vt 0.967229 0.512967
vt 0.967229 0.515958
vt 0.965833 0.515958
vt 0.918444 0.496995
vt 0.918444 0.492467
vt 0.902378 0.492467
vt 0.401840 0.258786
vt 0.399350 0.258793
vt 0.399350 0.260189
vt 0.399350 0.263743
vt 0.399350 0.265140
vt 0.403012 0.265140
vt 0.403012 0.258783
vt 0.785813 0.279807
vt 0.787995 0.279807
vt 0.787995 0.285168
vt 0.785813 0.285168
vt 0.786934 0.565180
vt 0.784753 0.565180
vt 0.806024 0.518381
vt 0.239686 0.312058
vt 0.238563 0.315761
vt 0.238184 0.319612
vt 0.238563 0.323464
vt 0.239686 0.327167
vt 0.235633 0.328773
vt 0.234259 0.324245
vt 0.233795 0.319536
vt 0.234259 0.314828
vt 0.235633 0.310300
vt 0.918444 0.470691
vt 0.902378 0.470691
vt 0.918444 0.474349
vt 0.960882 0.515958
vt 0.960882 0.519371
vt 0.908725 0.776223
vt 0.908725 0.772372
vt 0.167568 0.778640
vt 0.165387 0.778640
vt 0.343544 0.277883
vt 0.347863 0.277873
vt 0.347863 0.284230
vt 0.343544 0.284230
vt 0.343544 0.282834
vt 0.343544 0.279279
vt 0.907332 0.777599
vt 0.907329 0.776223
vt 0.908726 0.777599
vt 0.903774 0.768668
vt 0.902378 0.768668
vt 0.908726 0.771022
vt 0.907332 0.771022
vt 0.907329 0.772372
vt 0.962276 0.514815
vt 0.962278 0.515958
vt 0.960881 0.514815
vt 0.960881 0.520643
vt 0.962276 0.520643
vt 0.962278 0.519371
vt 0.962276 0.533209
vt 0.962278 0.534480
vt 0.960882 0.534480
vt 0.960881 0.533209
vt 0.960882 0.537893
vt 0.960881 0.539037
vt 0.962276 0.539037
vt 0.962278 0.537893
vt 0.582596 0.960592
vt 0.582599 0.959243
vt 0.581202 0.959243
vt 0.581203 0.960592
vt 0.581199 0.957847
vt 0.581199 0.949179
vt 0.581202 0.947837
vt 0.582599 0.947837
vt 0.405133 0.246056
vt 0.401065 0.246066
vt 0.401065 0.247462
vt 0.401065 0.251017
vt 0.401065 0.252413
vt 0.405133 0.252413
vt 0.529568 0.134860
vt 0.529571 0.133589
vt 0.528174 0.133589
vt 0.528173 0.134860
vt 0.528174 0.129886
vt 0.529571 0.129886
vt 0.529571 0.115067
vt 0.528174 0.115067
vt 0.528174 0.112076
vt 0.528173 0.111104
vt 0.907332 0.789208
vt 0.908726 0.789208
vt 0.908725 0.790182
vt 0.907329 0.790182
vt 0.534522 0.126035
vt 0.533125 0.129886
vt 0.534522 0.129886
vt 0.442598 0.494877
vt 0.442598 0.500671
vt 0.903774 0.771036
vt 0.903774 0.772372
vt 0.902378 0.772372
vt 0.902378 0.787191
vt 0.903774 0.787191
vt 0.903774 0.789103
vt 0.903774 0.790182
vt 0.902378 0.790182
vt 0.378154 0.120911
vt 0.378154 0.127267
vt 0.381801 0.127267
vt 0.381801 0.125871
vt 0.381801 0.122316
vt 0.381801 0.120920
vt 0.586153 0.960579
vt 0.586153 0.962946
vt 0.587549 0.962946
vt 0.587549 0.959243
vt 0.586153 0.959243
vt 0.805998 0.513496
vt 0.533125 0.134821
vt 0.534522 0.133589
vt 0.533125 0.133589
vt 0.967229 0.540885
vt 0.965833 0.540885
vt 0.965833 0.538973
vt 0.965833 0.537893
vt 0.967229 0.537893
vt 0.514213 0.039736
vt 0.523923 0.039736
vt 0.523923 0.044445
vt 0.514213 0.044445
vt 0.918444 0.762821
vt 0.902378 0.762821
vt 0.920565 0.030350
vt 0.920565 0.034522
vt 0.904499 0.034522
vt 0.534522 0.115067
vt 0.533125 0.115067
vt 0.568770 0.356154
vt 0.312865 0.823297
vt 0.308925 0.823297
vt 0.305062 0.824065
vt 0.316729 0.824065
vt 0.920565 0.016404
vt 0.904499 0.016404
vt 0.920565 0.011876
vt 0.904499 0.011876
vt 0.902378 0.789640
vt 0.918444 0.789640
vt 0.769968 0.495306
vt 0.766133 0.497899
vt 0.918444 0.759163
vt 0.902378 0.759163
vt 0.604227 0.399359
vt 0.600688 0.404429
vt 0.601299 0.404838
vt 0.757325 0.508965
vt 0.763602 0.930325
vt 0.759732 0.930325
vt 0.920565 0.038180
vt 0.904499 0.038180
vt 0.902378 0.776230
vt 0.383929 0.182432
vt 0.388164 0.182423
vt 0.388164 0.188779
vt 0.383929 0.188779
vt 0.383929 0.187383
vt 0.383929 0.183828
vt 0.581193 0.955391
vt 0.581193 0.951540
vt 0.587549 0.966359
vt 0.577364 0.966359
vt 0.577364 0.969350
vt 0.579892 0.969350
vt 0.586153 0.969350
vt 0.587549 0.969350
vt 0.131915 0.309909
vt 0.136035 0.308178
vt 0.137409 0.312706
vt 0.137873 0.317415
vt 0.137409 0.322124
vt 0.136035 0.326652
vt 0.131915 0.325018
vt 0.133038 0.321315
vt 0.133418 0.317464
vt 0.133038 0.313612
vt 0.356348 0.950577
vt 0.352477 0.950577
vt 0.557347 0.413580
vt 0.912563 0.783778
vt 0.902378 0.783778
vt 0.014848 0.293202
vt 0.010728 0.294835
vt 0.009354 0.290307
vt 0.008890 0.285599
vt 0.009354 0.280890
vt 0.010728 0.276362
vt 0.014848 0.278092
vt 0.013724 0.281796
vt 0.013345 0.285647
vt 0.013724 0.289498
vt 0.352477 0.954347
vt 0.356348 0.954347
vt 0.445435 0.532405
vt 0.445435 0.536275
vt 0.371790 0.161205
vt 0.371790 0.154848
vt 0.375438 0.154858
vt 0.375438 0.156254
vt 0.375438 0.159809
vt 0.375438 0.161205
vt 0.920565 0.007703
vt 0.908734 0.793298
vt 0.902378 0.793298
vt 0.165387 0.740090
vt 0.167568 0.740090
vt 0.918444 0.504826
vt 0.918444 0.501168
vt 0.902378 0.504826
vt 0.314270 0.501241
vt 0.314270 0.507035
vt 0.314270 0.512829
vt 0.581134 0.418312
vt 0.580990 0.417591
vt 0.543873 0.381051
vt 0.546355 0.375388
vt 0.545676 0.375106
vt 0.548604 0.369628
vt 0.549215 0.370036
vt 0.553065 0.365346
vt 0.552545 0.364826
vt 0.007827 0.553006
vt 0.574952 0.356280
vt 0.574952 0.355545
vt 0.548629 0.369644
vt 0.552566 0.364847
vt 0.545703 0.375118
vt 0.759732 0.952225
vt 0.763602 0.952225
vt 0.592148 0.361496
vt 0.592540 0.360910
vt 0.597337 0.364847
vt 0.596839 0.365346
vt 0.006622 0.540773
vt 0.825115 0.202338
vt 0.823206 0.202338
vt 0.587078 0.357957
vt 0.592556 0.360885
vt 0.023124 0.571646
vt 0.028830 0.574009
vt 0.596839 0.409120
vt 0.597358 0.409639
vt 0.581134 0.356154
vt 0.574952 0.355574
vt 0.601275 0.404821
vt 0.606031 0.381051
vt 0.605905 0.387233
vt 0.606640 0.387233
vt 0.597358 0.364826
vt 0.574952 0.418891
vt 0.606610 0.387233
vt 0.597337 0.409619
vt 0.606031 0.393415
vt 0.017989 0.568214
vt 0.034887 0.575214
vt 0.592540 0.413556
vt 0.587067 0.416481
vt 0.581128 0.418283
vt 0.543264 0.387233
vt 0.442598 0.506465
vt 0.897604 0.932446
vt 0.901475 0.932446
vt 0.910130 0.793298
vt 0.918444 0.793298
vt 0.028830 0.513713
vt 0.360935 0.425941
vt 0.069327 0.546949
vt 0.587549 0.941432
vt 0.577364 0.941432
s 1
usemtl Black_Player.001
f 1466/1/1 6/2/1 5/3/1 1464/4/1
f 1494/5/2 20/6/2 19/7/2 1492/8/2
f 1468/9/3 7/10/3 6/2/3 1466/1/3
f 1460/11/4 3/12/4 2/13/4 1458/14/4
f 1496/15/5 21/16/5 20/6/5 1494/5/5
f 1470/17/6 8/18/6 7/10/6 1468/9/6
f 1498/19/7 22/20/7 21/21/7 1496/22/7
f 1472/23/8 9/24/8 8/18/8 1470/17/8
f 1500/25/9 23/26/9 22/20/9 1498/19/9
f 1474/27/10 10/28/10 9/24/10 1472/23/10
f 1502/29/11 24/30/11 23/26/11 1500/25/11
f 1476/31/12 11/32/12 10/28/12 1474/27/12
f 1504/33/13 25/34/13 24/30/13 1502/29/13
f 1478/35/14 12/36/14 11/32/14 1476/31/14
f 1506/37/15 26/38/15 25/34/15 1504/33/15
f 1480/39/16 13/40/16 12/36/16 1478/35/16
f 1508/41/17 27/42/17 26/38/17 1506/37/17
f 1482/43/18 14/44/18 13/45/18 1480/46/18
f 1510/47/19 28/48/19 27/42/19 1508/41/19
f 1484/49/20 15/50/20 14/44/20 1482/43/20
f 1512/51/21 29/52/21 28/48/21 1510/47/21
f 1486/53/22 16/54/22 15/50/22 1484/49/22
f 1457/55/23 1/56/23 32/57/23 1518/58/23
f 1514/59/24 30/60/24 29/61/24 1512/62/24
f 1488/63/25 17/64/25 16/54/25 1486/53/25
f 1462/65/26 4/66/26 3/12/26 1460/11/26
f 1516/67/27 31/68/27 30/60/27 1514/59/27
f 1490/69/28 18/70/28 17/64/28 1488/63/28
f 1464/71/29 5/72/29 4/66/29 1462/65/29
f 1518/58/30 32/57/30 31/68/30 1516/67/30
f 1492/8/31 19/7/31 18/70/31 1490/69/31
f 1558/73/32 1469/74/32 1467/75/32 1557/76/32
f 1335/77/33 1124/78/33 1149/79/33 1148/80/33 1334/81/33 1336/82/33
f 71/83/32 135/84/32 134/85/32 70/86/32
f 1523/87/34 1463/88/34 1465/89/34 1524/90/34
f 1434/91/35 203/92/35 202/93/35 1433/94/35
f 1482/95/36 1533/96/36 1534/97/36 1484/98/36
f 188/99/37 1451/100/37 1450/101/37 187/102/37
f 1408/103/38 561/104/38 560/105/38 1407/106/38
f 1212/107/39 1215/108/39 1210/109/39 1207/110/39 1116/111/39 1117/112/39
f 3/12/40 35/113/40 34/114/40 2/13/40
f 30/60/41 62/115/41 61/116/41 29/61/41
f 17/64/42 49/117/42 48/118/42 16/54/42
f 4/66/43 36/119/43 35/113/43 3/12/43
f 31/68/44 63/120/44 62/115/44 30/60/44
f 18/70/45 50/121/45 49/117/45 17/64/45
f 5/72/46 37/122/46 36/119/46 4/66/46
f 32/57/47 64/123/47 63/120/47 31/68/47
f 19/7/48 51/124/48 50/121/48 18/70/48
f 6/2/49 38/125/49 37/126/49 5/3/49
f 1/56/50 33/127/50 64/123/50 32/57/50
f 20/6/51 52/128/51 51/124/51 19/7/51
f 7/10/52 39/129/52 38/125/52 6/2/52
f 21/16/53 53/130/53 52/128/53 20/6/53
f 8/18/54 40/131/54 39/129/54 7/10/54
f 22/20/55 54/132/55 53/133/55 21/21/55
f 9/24/56 41/134/56 40/131/56 8/18/56
f 23/26/57 55/135/57 54/132/57 22/20/57
f 10/28/58 42/136/58 41/134/58 9/24/58
f 24/30/59 56/137/59 55/135/59 23/26/59
f 11/32/60 43/138/60 42/136/60 10/28/60
f 25/34/61 57/139/61 56/137/61 24/30/61
f 12/36/62 44/140/62 43/138/62 11/32/62
f 26/38/63 58/141/63 57/139/63 25/34/63
f 13/40/64 45/142/64 44/140/64 12/36/64
f 27/42/65 59/143/65 58/141/65 26/38/65
f 14/44/66 46/144/66 45/145/66 13/45/66
f 28/48/67 60/146/67 59/143/67 27/42/67
f 15/50/68 47/147/68 46/144/68 14/44/68
f 2/13/69 34/114/69 33/127/69 1/56/69
f 29/52/70 61/148/70 60/146/70 28/48/70
f 16/54/71 48/118/71 47/147/71 15/50/71
f 98/149/72 70/150/72 69/151/72 97/152/72
f 100/153/73 65/154/73 96/155/73 99/156/73
f 102/157/74 84/158/74 83/159/74 101/160/74
f 103/161/75 71/162/75 70/150/75 98/149/75
f 104/163/76 85/164/76 84/158/76 102/157/76
f 105/165/77 72/166/77 71/162/77 103/161/77
f 106/167/78 86/168/78 85/164/78 104/163/78
f 107/169/79 73/170/79 72/166/79 105/165/79
f 108/171/80 87/172/80 86/168/80 106/167/80
f 109/173/81 74/174/81 73/170/81 107/169/81
f 110/175/82 88/176/82 87/172/82 108/171/82
f 111/177/83 75/178/83 74/174/83 109/173/83
f 112/179/84 89/180/84 88/176/84 110/175/84
f 113/181/85 76/182/85 75/178/85 111/177/85
f 114/183/86 90/184/86 89/180/86 112/179/86
f 115/185/87 77/186/87 76/182/87 113/181/87
f 116/187/88 91/188/88 90/184/88 114/183/88
f 117/189/89 78/190/89 77/186/89 115/185/89
f 118/191/90 92/192/90 91/188/90 116/187/90
f 119/193/91 79/194/91 78/190/91 117/189/91
f 120/195/92 66/196/92 65/154/92 100/153/92
f 121/197/93 93/198/93 92/192/93 118/191/93
f 122/199/94 80/200/94 79/194/94 119/193/94
f 123/201/95 67/202/95 66/196/95 120/195/95
f 124/203/96 94/204/96 93/198/96 121/197/96
f 125/205/97 81/206/97 80/200/97 122/199/97
f 126/207/98 68/208/98 67/202/98 123/201/98
f 127/209/99 95/210/99 94/204/99 124/203/99
f 128/211/100 82/212/100 81/206/100 125/205/100
f 97/152/101 69/151/101 68/208/101 126/207/101
f 99/156/102 96/155/102 95/210/102 127/209/102
f 101/160/103 83/159/103 82/212/103 128/211/103
f 51/213/104 101/160/104 128/211/104 50/214/104
f 64/215/105 99/156/105 127/209/105 63/216/105
f 37/217/106 97/152/106 126/207/106 36/218/106
f 50/214/107 128/211/107 125/205/107 49/219/107
f 63/216/108 127/209/108 124/203/108 62/220/108
f 36/218/109 126/207/109 123/201/109 35/221/109
f 49/219/110 125/205/110 122/199/110 48/222/110
f 62/220/111 124/203/111 121/197/111 61/223/111
f 35/221/112 123/201/112 120/195/112 34/224/112
f 48/222/113 122/199/113 119/193/113 47/225/113
f 61/223/114 121/197/114 118/191/114 60/226/114
f 34/224/115 120/195/115 100/153/115 33/227/115
f 47/225/116 119/193/116 117/189/116 46/228/116
f 60/226/117 118/191/117 116/187/117 59/229/117
f 46/228/118 117/189/118 115/185/118 45/230/118
f 59/229/119 116/187/119 114/183/119 58/231/119
f 45/230/120 115/185/120 113/181/120 44/232/120
f 58/231/121 114/183/121 112/179/121 57/233/121
f 44/232/122 113/181/122 111/177/122 43/234/122
f 57/233/123 112/179/123 110/175/123 56/235/123
f 43/234/124 111/177/124 109/173/124 42/236/124
f 56/235/125 110/175/125 108/171/125 55/237/125
f 42/236/126 109/173/126 107/169/126 41/238/126
f 55/237/127 108/171/127 106/167/127 54/239/127
f 41/238/128 107/169/128 105/165/128 40/240/128
f 54/239/129 106/167/129 104/163/129 53/241/129
f 40/240/130 105/165/130 103/161/130 39/242/130
f 53/241/131 104/163/131 102/157/131 52/243/131
f 39/242/132 103/161/132 98/149/132 38/244/132
f 52/243/133 102/157/133 101/160/133 51/213/133
f 33/227/134 100/153/134 99/156/134 64/215/134
f 38/244/135 98/149/135 97/152/135 37/217/135
f 91/245/136 155/246/136 154/247/136 90/248/136
f 1574/249/137 1501/250/137 1499/251/137 1573/252/137
f 80/253/138 144/254/138 143/255/138 79/256/138
f 1568/257/139 1489/258/139 1487/259/139 1567/260/139
f 1413/261/140 566/262/140 565/263/140 1412/264/140
f 1279/265/141 1272/266/141 1182/267/141 1183/267/141 1188/268/141 1186/268/141
f 79/256/142 143/255/142 142/269/142 78/270/142
f 90/248/143 154/247/143 153/271/143 89/272/143
f 1196/273/144 1232/274/144 1363/275/144 1364/276/144 1300/277/144 1298/278/144
f 1446/279/145 215/280/145 214/281/145 1445/282/145
f 1427/283/146 196/284/146 195/285/146 1426/286/146
f 65/287/147 129/288/147 160/289/147 96/290/147
f 132/291/148 164/292/148 163/293/148 131/294/148
f 159/295/149 191/296/149 190/297/149 158/298/149
f 146/299/150 178/300/150 177/301/150 145/302/150
f 133/303/151 165/304/151 164/292/151 132/291/151
f 160/305/152 192/306/152 191/296/152 159/295/152
f 147/307/153 179/308/153 178/300/153 146/299/153
f 134/309/154 166/310/154 165/304/154 133/303/154
f 129/311/155 161/312/155 192/306/155 160/305/155
f 148/313/156 180/314/156 179/308/156 147/307/156
f 135/315/157 167/316/157 166/310/157 134/309/157
f 149/317/158 181/318/158 180/314/158 148/313/158
f 136/319/159 168/320/159 167/316/159 135/315/159
f 150/321/160 182/322/160 181/318/160 149/317/160
f 137/323/161 169/324/161 168/320/161 136/319/161
f 151/325/162 183/326/162 182/322/162 150/321/162
f 138/327/163 170/328/163 169/324/163 137/323/163
f 152/329/164 184/330/164 183/326/164 151/325/164
f 139/331/165 171/332/165 170/328/165 138/327/165
f 153/333/166 185/334/166 184/330/166 152/329/166
f 140/335/167 172/336/167 171/332/167 139/331/167
f 154/337/168 186/338/168 185/334/168 153/333/168
f 141/339/169 173/340/169 172/336/169 140/335/169
f 155/341/170 187/102/170 186/338/170 154/337/170
f 142/342/171 174/343/171 173/340/171 141/339/171
f 156/344/172 188/99/172 187/102/172 155/341/172
f 143/345/173 175/346/173 174/343/173 142/342/173
f 130/347/174 162/348/174 161/312/174 129/311/174
f 157/349/175 189/350/175 188/99/175 156/344/175
f 144/351/176 176/352/176 175/346/176 143/345/176
f 131/294/177 163/293/177 162/348/177 130/347/177
f 158/298/178 190/297/178 189/350/178 157/349/178
f 145/302/179 177/301/179 176/352/179 144/351/179
f 1562/353/180 1477/354/180 1475/355/180 1561/356/180
f 194/357/181 193/358/181 1424/359/181 1425/360/181
f 1521/361/182 1459/362/182 1461/363/182 1522/364/182
f 1458/365/183 1521/361/183 1522/364/183 1460/366/183
f 1447/367/184 216/368/184 215/280/184 1446/279/184
f 1457/369/185 1520/370/185 1521/361/185 1458/365/185
f 1528/371/186 1473/372/186 1475/373/186 1529/374/186
f 1464/375/187 1524/90/187 1525/376/187 1466/377/187
f 857/378/188 889/379/188 888/380/188 856/381/188
f 1542/382/189 1501/383/189 1503/384/189 1543/385/189
f 527/386/190 1406/387/190 1405/388/190 526/389/190
f 1514/390/191 1549/391/191 1550/392/191 1516/393/191
f 1439/394/192 208/395/192 207/396/192 1438/397/192
f 170/328/193 1433/94/193 1432/398/193 169/324/193
f 1545/399/194 1507/400/194 1509/401/194 1546/402/194
f 1444/403/195 213/404/195 212/405/195 1443/406/195
f 1498/407/196 1541/408/196 1542/382/196 1500/409/196
f 1430/410/197 199/411/197 198/412/197 1429/413/197
f 1443/406/198 212/405/198 211/414/198 1442/415/198
f 1429/413/199 198/412/199 197/416/199 1428/417/199
f 1437/418/200 206/419/200 205/420/200 1436/421/200
f 190/297/201 1453/422/201 1452/423/201 189/350/201
f 177/301/202 1440/424/202 1439/394/202 176/352/202
f 164/292/203 1427/283/203 1426/286/203 163/293/203
f 172/336/204 1435/425/204 1434/91/204 171/332/204
f 187/102/205 1450/101/205 1449/426/205 186/338/205
f 163/293/206 1426/286/206 1425/427/206 162/348/206
f 185/334/207 1448/428/207 1447/367/207 184/330/207
f 862/429/208 861/430/208 860/431/208 859/432/208 858/433/208 857/434/208 856/435/208 855/436/208 854/437/208 853/438/208 852/439/208 851/440/208 850/441/208 849/442/208 848/443/208 847/444/208 815/445/208 816/446/208 817/447/208 818/448/208 819/449/208 820/450/208 821/451/208 822/452/208 823/453/208 824/454/208 825/455/208 826/456/208 827/457/208 828/458/208 829/459/208 830/460/208 831/461/208 832/462/208 801/463/208 802/464/208 803/465/208 804/466/208 805/467/208 806/468/208 807/469/208 808/470/208 809/471/208 810/472/208 842/473/208 841/474/208 840/475/208 839/476/208 838/477/208 837/478/208 836/479/208 835/480/208 834/481/208 833/482/208 864/483/208 863/484/208
f 162/348/209 1425/427/209 1424/485/209 161/312/209
f 176/352/210 1439/394/210 1438/397/210 175/346/210
f 175/346/211 1438/397/211 1437/418/211 174/343/211
f 182/322/212 1445/282/212 1444/403/212 181/318/212
f 860/486/213 892/487/213 891/488/213 859/489/213
f 1231/490/214 1190/491/214 1285/492/214 1286/493/214 1361/494/214 1360/495/214
f 1398/496/215 551/497/215 550/498/215 1397/499/215
f 171/332/216 1434/91/216 1433/94/216 170/328/216
f 1401/500/217 554/501/217 553/502/217 1400/503/217
f 168/320/218 1431/504/218 1430/410/218 167/316/218
f 173/340/219 1436/421/219 1435/425/219 172/336/219
f 205/505/220 237/506/220 236/507/220 204/508/220
f 219/509/221 251/510/221 250/511/221 218/512/221
f 206/513/222 238/514/222 237/515/222 205/516/222
f 220/517/223 252/518/223 251/510/223 219/509/223
f 207/519/224 239/520/224 238/514/224 206/513/224
f 194/357/225 226/521/225 225/522/225 193/358/225
f 221/523/226 253/524/226 252/518/226 220/517/226
f 208/525/227 240/526/227 239/520/227 207/519/227
f 195/527/228 227/528/228 226/521/228 194/357/228
f 222/529/229 254/530/229 253/531/229 221/532/229
f 209/533/230 241/534/230 240/526/230 208/525/230
f 196/535/231 228/536/231 227/528/231 195/527/231
f 223/537/232 255/538/232 254/530/232 222/529/232
f 210/539/233 242/540/233 241/534/233 209/533/233
f 197/541/234 229/542/234 228/536/234 196/535/234
f 224/543/235 256/544/235 255/538/235 223/537/235
f 211/545/236 243/546/236 242/540/236 210/539/236
f 198/547/237 230/548/237 229/549/237 197/550/237
f 193/358/238 225/522/238 256/544/238 224/543/238
f 212/551/239 244/552/239 243/546/239 211/545/239
f 199/553/240 231/554/240 230/548/240 198/547/240
f 213/555/241 245/556/241 244/552/241 212/551/241
f 200/557/242 232/558/242 231/554/242 199/553/242
f 214/559/243 246/560/243 245/561/243 213/562/243
f 201/563/244 233/564/244 232/558/244 200/557/244
f 215/565/245 247/566/245 246/560/245 214/559/245
f 202/567/246 234/568/246 233/564/246 201/563/246
f 216/569/247 248/570/247 247/566/247 215/565/247
f 203/571/248 235/572/248 234/568/248 202/567/248
f 217/573/249 249/574/249 248/570/249 216/569/249
f 204/508/250 236/507/250 235/572/250 203/571/250
f 218/512/251 250/511/251 249/574/251 217/573/251
f 240/526/252 272/575/252 271/576/252 239/520/252
f 227/528/253 259/577/253 258/578/253 226/521/253
f 254/530/254 286/579/254 285/580/254 253/531/254
f 241/534/255 273/581/255 272/575/255 240/526/255
f 228/536/256 260/582/256 259/577/256 227/528/256
f 255/538/257 287/583/257 286/579/257 254/530/257
f 242/540/258 274/584/258 273/581/258 241/534/258
f 229/542/259 261/585/259 260/582/259 228/536/259
f 256/544/260 288/586/260 287/583/260 255/538/260
f 243/546/261 275/587/261 274/584/261 242/540/261
f 230/548/262 262/588/262 261/589/262 229/549/262
f 225/522/263 257/590/263 288/586/263 256/544/263
f 244/552/264 276/591/264 275/587/264 243/546/264
f 231/554/265 263/592/265 262/588/265 230/548/265
f 245/556/266 277/593/266 276/591/266 244/552/266
f 232/558/267 264/594/267 263/592/267 231/554/267
f 246/560/268 278/595/268 277/596/268 245/561/268
f 233/564/269 265/597/269 264/594/269 232/558/269
f 247/566/270 279/598/270 278/595/270 246/560/270
f 234/568/271 266/599/271 265/597/271 233/564/271
f 248/570/272 280/600/272 279/598/272 247/566/272
f 235/572/273 267/601/273 266/599/273 234/568/273
f 249/574/274 281/602/274 280/600/274 248/570/274
f 236/507/275 268/603/275 267/601/275 235/572/275
f 250/511/276 282/604/276 281/602/276 249/574/276
f 237/506/277 269/605/277 268/603/277 236/507/277
f 251/510/278 283/606/278 282/604/278 250/511/278
f 238/514/279 270/607/279 269/608/279 237/515/279
f 252/518/280 284/609/280 283/606/280 251/510/280
f 239/520/281 271/576/281 270/607/281 238/514/281
f 226/521/282 258/578/282 257/590/282 225/522/282
f 253/524/283 285/610/283 284/609/283 252/518/283
f 275/587/284 307/611/284 306/612/284 274/584/284
f 262/613/285 294/614/285 293/615/285 261/616/285
f 257/590/286 289/617/286 320/618/286 288/586/286
f 276/619/287 308/620/287 307/621/287 275/622/287
f 263/623/288 295/624/288 294/614/288 262/613/288
f 277/625/289 309/626/289 308/620/289 276/619/289
f 264/594/290 296/627/290 295/628/290 263/592/290
f 278/629/291 310/630/291 309/626/291 277/625/291
f 265/597/292 297/631/292 296/627/292 264/594/292
f 279/632/293 311/633/293 310/630/293 278/629/293
f 266/599/294 298/634/294 297/631/294 265/597/294
f 280/600/295 312/635/295 311/636/295 279/598/295
f 267/601/296 299/637/296 298/634/296 266/599/296
f 281/602/297 313/638/297 312/635/297 280/600/297
f 268/639/298 300/640/298 299/641/298 267/642/298
f 282/604/299 314/643/299 313/638/299 281/602/299
f 269/644/300 301/645/300 300/640/300 268/639/300
f 283/606/301 315/646/301 314/643/301 282/604/301
f 270/647/302 302/648/302 301/645/302 269/644/302
f 284/649/303 316/650/303 315/651/303 283/652/303
f 271/653/304 303/654/304 302/648/304 270/647/304
f 258/578/305 290/655/305 289/617/305 257/590/305
f 285/656/306 317/657/306 316/650/306 284/649/306
f 272/575/307 304/658/307 303/659/307 271/576/307
f 259/577/308 291/660/308 290/655/308 258/578/308
f 286/661/309 318/662/309 317/657/309 285/656/309
f 273/581/310 305/663/310 304/658/310 272/575/310
f 260/664/311 292/665/311 291/666/311 259/667/311
f 287/668/312 319/669/312 318/662/312 286/661/312
f 274/584/313 306/612/313 305/663/313 273/581/313
f 261/616/314 293/615/314 292/665/314 260/664/314
f 288/586/315 320/618/315 319/670/315 287/583/315
f 310/630/316 342/671/316 341/672/316 309/626/316
f 297/673/317 329/674/317 328/675/317 296/676/317
f 311/633/318 343/677/318 342/671/318 310/630/318
f 298/678/319 330/679/319 329/674/319 297/673/319
f 312/680/320 344/681/320 343/677/320 311/633/320
f 299/641/321 331/682/321 330/679/321 298/678/321
f 313/683/322 345/684/322 344/681/322 312/680/322
f 300/640/323 332/685/323 331/682/323 299/641/323
f 314/686/324 346/687/324 345/684/324 313/683/324
f 301/645/325 333/688/325 332/685/325 300/640/325
f 315/651/326 347/689/326 346/687/326 314/686/326
f 302/648/327 334/690/327 333/688/327 301/645/327
f 316/650/328 348/691/328 347/689/328 315/651/328
f 303/654/329 335/692/329 334/690/329 302/648/329
f 290/693/330 322/694/330 321/695/330 289/696/330
f 317/657/331 349/697/331 348/691/331 316/650/331
f 304/698/332 336/699/332 335/692/332 303/654/332
f 291/666/333 323/700/333 322/694/333 290/693/333
f 318/662/334 350/701/334 349/697/334 317/657/334
f 305/702/335 337/703/335 336/699/335 304/698/335
f 292/665/336 324/704/336 323/700/336 291/666/336
f 319/669/337 351/705/337 350/701/337 318/662/337
f 306/706/338 338/707/338 337/703/338 305/702/338
f 293/615/339 325/708/339 324/704/339 292/665/339
f 320/709/340 352/710/340 351/705/340 319/669/340
f 307/621/341 339/711/341 338/707/341 306/706/341
f 294/614/342 326/712/342 325/708/342 293/615/342
f 289/696/343 321/695/343 352/710/343 320/709/343
f 308/620/344 340/713/344 339/711/344 307/621/344
f 295/624/345 327/714/345 326/712/345 294/614/345
f 309/626/346 341/672/346 340/713/346 308/620/346
f 296/676/347 328/675/347 327/714/347 295/624/347
f 345/715/348 377/716/348 376/717/348 344/718/348
f 332/719/349 364/720/349 363/721/349 331/722/349
f 346/723/350 378/724/350 377/716/350 345/715/350
f 333/725/351 365/726/351 364/720/351 332/719/351
f 347/727/352 379/728/352 378/724/352 346/723/352
f 334/729/353 366/730/353 365/731/353 333/732/353
f 348/733/354 380/734/354 379/728/354 347/727/354
f 335/735/355 367/736/355 366/730/355 334/729/355
f 322/737/356 354/738/356 353/739/356 321/740/356
f 349/741/357 381/742/357 380/734/357 348/733/357
f 336/743/358 368/744/358 367/736/358 335/735/358
f 323/745/359 355/746/359 354/738/359 322/737/359
f 350/747/360 382/748/360 381/749/360 349/750/360
f 337/751/361 369/752/361 368/744/361 336/743/361
f 324/753/362 356/754/362 355/746/362 323/745/362
f 351/755/363 383/756/363 382/748/363 350/747/363
f 338/757/364 370/758/364 369/752/364 337/751/364
f 325/759/365 357/760/365 356/754/365 324/753/365
f 352/761/366 384/762/366 383/756/366 351/755/366
f 339/763/367 371/764/367 370/758/367 338/757/367
f 326/765/368 358/766/368 357/767/368 325/768/368
f 321/740/369 353/739/369 384/762/369 352/761/369
f 340/769/370 372/770/370 371/764/370 339/763/370
f 327/771/371 359/772/371 358/766/371 326/765/371
f 341/773/372 373/774/372 372/770/372 340/769/372
f 328/775/373 360/776/373 359/772/373 327/771/373
f 342/777/374 374/778/374 373/779/374 341/780/374
f 329/781/375 361/782/375 360/776/375 328/775/375
f 343/783/376 375/784/376 374/778/376 342/777/376
f 330/785/377 362/786/377 361/782/377 329/781/377
f 344/718/378 376/717/378 375/784/378 343/783/378
f 331/722/379 363/721/379 362/786/379 330/785/379
f 380/734/380 412/787/380 411/788/380 379/728/380
f 367/736/381 399/789/381 398/790/381 366/730/381
f 354/738/382 386/791/382 385/792/382 353/739/382
f 381/742/383 413/793/383 412/787/383 380/734/383
f 368/744/384 400/794/384 399/789/384 367/736/384
f 355/746/385 387/795/385 386/791/385 354/738/385
f 382/748/386 414/796/386 413/797/386 381/749/386
f 369/752/387 401/798/387 400/794/387 368/744/387
f 356/754/388 388/799/388 387/795/388 355/746/388
f 383/756/389 415/800/389 414/796/389 382/748/389
f 370/758/390 402/801/390 401/798/390 369/752/390
f 357/760/391 389/802/391 388/799/391 356/754/391
f 384/762/392 416/803/392 415/800/392 383/756/392
f 371/764/393 403/804/393 402/801/393 370/758/393
f 358/766/394 390/805/394 389/806/394 357/767/394
f 353/739/395 385/792/395 416/803/395 384/762/395
f 372/770/396 404/807/396 403/804/396 371/764/396
f 359/772/397 391/808/397 390/805/397 358/766/397
f 373/774/398 405/809/398 404/807/398 372/770/398
f 360/776/399 392/810/399 391/808/399 359/772/399
f 374/778/400 406/811/400 405/812/400 373/779/400
f 361/782/401 393/813/401 392/810/401 360/776/401
f 375/784/402 407/814/402 406/811/402 374/778/402
f 362/786/403 394/815/403 393/813/403 361/782/403
f 376/717/404 408/816/404 407/814/404 375/784/404
f 363/721/405 395/817/405 394/815/405 362/786/405
f 377/716/406 409/818/406 408/816/406 376/717/406
f 364/720/407 396/819/407 395/817/407 363/721/407
f 378/724/408 410/820/408 409/818/408 377/716/408
f 365/726/409 397/821/409 396/819/409 364/720/409
f 379/728/410 411/788/410 410/820/410 378/724/410
f 366/730/411 398/790/411 397/822/411 365/731/411
f 388/799/412 420/823/412 419/824/412 387/795/412
f 415/800/413 447/825/413 446/826/413 414/796/413
f 402/801/414 434/827/414 433/828/414 401/798/414
f 389/802/415 421/829/415 420/823/415 388/799/415
f 416/803/416 448/830/416 447/825/416 415/800/416
f 403/804/417 435/831/417 434/827/417 402/801/417
f 390/805/418 422/832/418 421/833/418 389/806/418
f 385/792/419 417/834/419 448/830/419 416/803/419
f 404/807/420 436/835/420 435/831/420 403/804/420
f 391/808/421 423/836/421 422/832/421 390/805/421
f 405/809/422 437/837/422 436/835/422 404/807/422
f 392/810/423 424/838/423 423/836/423 391/808/423
f 406/811/424 438/839/424 437/840/424 405/812/424
f 393/813/425 425/841/425 424/838/425 392/810/425
f 407/814/426 439/842/426 438/839/426 406/811/426
f 394/815/427 426/843/427 425/841/427 393/813/427
f 408/816/428 440/844/428 439/842/428 407/814/428
f 395/817/429 427/845/429 426/843/429 394/815/429
f 409/818/430 441/846/430 440/844/430 408/816/430
f 396/819/431 428/847/431 427/845/431 395/817/431
f 410/820/432 442/848/432 441/846/432 409/818/432
f 397/821/433 429/849/433 428/847/433 396/819/433
f 411/788/434 443/850/434 442/848/434 410/820/434
f 398/790/435 430/851/435 429/852/435 397/822/435
f 412/787/436 444/853/436 443/850/436 411/788/436
f 399/789/437 431/854/437 430/851/437 398/790/437
f 386/791/438 418/855/438 417/834/438 385/792/438
f 413/793/439 445/856/439 444/853/439 412/787/439
f 400/794/440 432/857/440 431/854/440 399/789/440
f 387/795/441 419/824/441 418/855/441 386/791/441
f 414/796/442 446/826/442 445/858/442 413/797/442
f 401/798/443 433/828/443 432/857/443 400/794/443
f 423/859/444 455/860/444 454/861/444 422/862/444
f 437/863/445 469/864/445 468/865/445 436/866/445
f 424/867/446 456/868/446 455/860/446 423/859/446
f 438/869/447 470/870/447 469/864/447 437/863/447
f 425/871/448 457/872/448 456/868/448 424/867/448
f 439/873/449 471/874/449 470/870/449 438/869/449
f 426/875/450 458/876/450 457/872/450 425/871/450
f 440/877/451 472/878/451 471/874/451 439/873/451
f 427/879/452 459/880/452 458/876/452 426/875/452
f 441/881/453 473/882/453 472/878/453 440/877/453
f 428/883/454 460/884/454 459/880/454 427/879/454
f 442/885/455 474/886/455 473/882/455 441/881/455
f 429/887/456 461/888/456 460/884/456 428/883/456
f 443/889/457 475/890/457 474/886/457 442/885/457
f 430/891/458 462/892/458 461/888/458 429/887/458
f 444/893/459 476/894/459 475/890/459 443/889/459
f 431/895/460 463/896/460 462/892/460 430/891/460
f 418/897/461 450/898/461 449/899/461 417/900/461
f 445/901/462 477/902/462 476/894/462 444/893/462
f 432/903/463 464/904/463 463/896/463 431/895/463
f 419/905/464 451/906/464 450/898/464 418/897/464
f 446/907/465 478/908/465 477/902/465 445/901/465
f 433/909/466 465/910/466 464/904/466 432/903/466
f 420/911/467 452/912/467 451/906/467 419/905/467
f 447/913/468 479/914/468 478/908/468 446/907/468
f 434/915/469 466/916/469 465/910/469 433/909/469
f 421/917/470 453/918/470 452/912/470 420/911/470
f 448/919/471 480/920/471 479/914/471 447/913/471
f 435/921/472 467/922/472 466/916/472 434/915/472
f 422/862/473 454/861/473 453/918/473 421/917/473
f 417/900/474 449/899/474 480/920/474 448/919/474
f 436/866/475 468/865/475 467/922/475 435/921/475
f 458/923/476 490/924/476 489/925/476 457/926/476
f 472/927/477 504/928/477 503/929/477 471/930/477
f 459/931/180 491/932/180 490/924/180 458/923/180
f 473/933/188 505/934/188 504/928/188 472/927/188
f 460/935/478 492/936/478 491/932/478 459/931/478
f 474/937/143 506/938/143 505/934/143 473/933/143
f 461/939/479 493/940/479 492/936/479 460/935/479
f 475/941/136 507/942/136 506/938/136 474/937/136
f 462/943/480 494/944/480 493/945/480 461/946/480
f 476/947/213 508/948/213 507/942/213 475/941/213
f 463/949/142 495/950/142 494/944/142 462/943/142
f 450/951/481 482/952/481 481/953/481 449/954/481
f 477/955/39 509/956/39 508/948/39 476/947/39
f 464/957/138 496/958/138 495/950/138 463/949/138
f 451/959/482 483/960/482 482/952/482 450/951/482
f 478/961/483 510/962/483 509/963/483 477/964/483
f 465/965/139 497/966/139 496/958/139 464/957/139
f 452/967/484 484/968/484 483/960/484 451/959/484
f 479/969/485 511/970/485 510/962/485 478/961/485
f 466/971/486 498/972/486 497/966/486 465/965/486
f 453/973/487 485/974/487 484/968/487 452/967/487
f 480/975/488 512/976/488 511/970/488 479/969/488
f 467/977/489 499/978/489 498/972/489 466/971/489
f 454/979/490 486/980/490 485/981/490 453/982/490
f 449/954/147 481/953/147 512/976/147 480/975/147
f 468/983/491 500/984/491 499/978/491 467/977/491
f 455/985/32 487/986/32 486/980/32 454/979/32
f 469/987/33 501/988/33 500/984/33 468/983/33
f 456/989/492 488/990/492 487/986/492 455/985/492
f 470/991/493 502/992/493 501/993/493 469/994/493
f 457/926/494 489/925/494 488/990/494 456/989/494
f 471/930/137 503/929/137 502/992/137 470/991/137
f 493/995/495 525/996/495 524/997/495 492/998/495
f 507/942/496 539/999/496 538/1000/496 506/938/496
f 494/1001/497 526/389/497 525/996/497 493/995/497
f 508/1002/498 540/1003/498 539/1004/498 507/1005/498
f 495/1006/499 527/386/499 526/389/499 494/1001/499
f 482/952/500 514/1007/500 513/1008/500 481/953/500
f 509/1009/501 541/1010/501 540/1003/501 508/1002/501
f 496/958/502 528/1011/502 527/1012/502 495/950/502
f 483/960/503 515/1013/503 514/1007/503 482/952/503
f 510/1014/504 542/1015/504 541/1010/504 509/1009/504
f 497/966/505 529/1016/505 528/1011/505 496/958/505
f 484/1017/506 516/1018/506 515/1019/506 483/1020/506
f 511/1021/507 543/1022/507 542/1015/507 510/1014/507
f 498/972/508 530/1023/508 529/1016/508 497/966/508
f 485/1024/509 517/1025/509 516/1018/509 484/1017/509
f 512/976/510 544/1026/510 543/1027/510 511/970/510
f 499/978/511 531/1028/511 530/1023/511 498/972/511
f 486/1029/512 518/1030/512 517/1025/512 485/1024/512
f 481/953/513 513/1008/513 544/1026/513 512/976/513
f 500/1031/514 532/1032/514 531/1033/514 499/1034/514
f 487/1035/515 519/1036/515 518/1030/515 486/1029/515
f 501/1037/516 533/1038/516 532/1032/516 500/1031/516
f 488/990/517 520/1039/517 519/1040/517 487/986/517
f 502/1041/518 534/1042/518 533/1038/518 501/1037/518
f 489/925/519 521/1043/519 520/1039/519 488/990/519
f 503/1044/520 535/1045/520 534/1042/520 502/1041/520
f 490/924/521 522/1046/521 521/1043/521 489/925/521
f 504/928/522 536/1047/522 535/1048/522 503/929/522
f 491/932/523 523/1049/523 522/1046/523 490/924/523
f 505/934/524 537/1050/524 536/1047/524 504/928/524
f 492/998/525 524/997/525 523/1051/525 491/1052/525
f 506/938/526 538/1000/526 537/1050/526 505/934/526
f 1396/1053/527 549/1054/527 548/1055/527 1395/1056/527
f 165/304/528 1428/417/528 1427/283/528 164/292/528
f 1395/1056/529 548/1055/529 547/1057/529 1394/1058/529
f 1409/1059/530 562/1060/530 561/104/530 1408/103/530
f 161/312/531 1424/485/531 1455/1061/531 192/306/531
f 1468/1062/532 1526/1063/532 1527/1064/532 1470/1065/532
f 192/306/533 1455/1061/533 1454/1066/533 191/296/533
f 180/314/534 1443/406/534 1442/415/534 179/308/534
f 1402/1067/535 555/1068/535 554/501/535 1401/500/535
f 1407/106/536 560/105/536 559/1069/536 1406/387/536
f 1403/1070/537 556/1071/537 555/1068/537 1402/1067/537
f 169/324/538 1432/398/538 1431/504/538 168/320/538
f 1415/1072/539 568/1073/539 567/1074/539 1414/1075/539
f 1421/1076/540 574/1077/540 573/1078/540 1420/1079/540
f 1224/1080/494 1223/1081/494 1096/1082/494 1097/1083/494
f 533/1038/541 1412/264/541 1411/1084/541 532/1032/541
f 519/1036/542 1398/496/542 1397/499/542 518/1030/542
f 1185/1085/478 1188/1086/478 1183/1087/478 1181/1088/478 1099/1089/478 1100/1090/478
f 521/1091/543 1400/503/543 1399/1092/543 520/1093/543
f 535/1045/544 1414/1075/544 1413/261/544 534/1042/544
f 1326/1094/139 1390/1095/139 1391/1096/139 1327/1097/139 1328/1098/139
f 1418/1099/545 571/1100/545 570/1101/545 1417/1102/545
f 520/1093/546 1399/1092/546 1398/496/546 519/1036/546
f 528/1103/547 1407/106/547 1406/387/547 527/386/547
f 1412/264/548 565/263/548 564/1104/548 1411/1084/548
f 1423/1105/549 576/1106/549 575/1107/549 1422/1108/549
f 514/1109/550 1393/1110/550 1392/1111/550 513/1112/550
f 1169/1113/481 1172/1114/481 1166/1115/481 1165/1116/481 1089/1117/481 1090/1118/481
f 517/1025/551 1396/1053/551 1395/1056/551 516/1018/551
f 544/1119/552 1423/1105/552 1422/1108/552 543/1022/552
f 566/1120/553 598/1121/553 597/1122/553 565/1123/553
f 553/1124/554 585/1125/554 584/1126/554 552/1127/554
f 567/1128/555 599/1129/555 598/1121/555 566/1120/555
f 554/1130/556 586/1131/556 585/1125/556 553/1124/556
f 568/1132/557 600/1133/557 599/1129/557 567/1128/557
f 555/1134/558 587/1135/558 586/1131/558 554/1130/558
f 569/1136/559 601/1137/559 600/1133/559 568/1132/559
f 556/1138/560 588/1139/560 587/1135/560 555/1134/560
f 570/1140/561 602/1141/561 601/1137/561 569/1136/561
f 557/1142/562 589/1143/562 588/1139/562 556/1138/562
f 571/1144/563 603/1145/563 602/1141/563 570/1140/563
f 558/1146/564 590/1147/564 589/1148/564 557/1149/564
f 572/1150/565 604/1151/565 603/1145/565 571/1144/565
f 559/1152/566 591/1153/566 590/1147/566 558/1146/566
f 546/1154/567 578/1155/567 577/1156/567 545/1157/567
f 573/1158/568 605/1159/568 604/1151/568 572/1150/568
f 560/1160/569 592/1161/569 591/1153/569 559/1152/569
f 547/1162/570 579/1163/570 578/1155/570 546/1154/570
f 574/1164/571 606/1165/571 605/1166/571 573/1167/571
f 561/1168/572 593/1169/572 592/1161/572 560/1160/572
f 548/1170/573 580/1171/573 579/1163/573 547/1162/573
f 575/1172/574 607/1173/574 606/1165/574 574/1164/574
f 562/1174/575 594/1175/575 593/1169/575 561/1168/575
f 549/1176/576 581/1177/576 580/1171/576 548/1170/576
f 576/1178/577 608/1179/577 607/1173/577 575/1172/577
f 563/1180/578 595/1181/578 594/1175/578 562/1174/578
f 550/1182/579 582/1183/579 581/1184/579 549/1185/579
f 545/1157/580 577/1156/580 608/1179/580 576/1178/580
f 564/1186/581 596/1187/581 595/1181/581 563/1180/581
f 551/1188/582 583/1189/582 582/1183/582 550/1182/582
f 565/1190/583 597/1191/583 596/1187/583 564/1186/583
f 552/1127/584 584/1126/584 583/1189/584 551/1188/584
f 601/1192/585 633/1193/585 632/1194/585 600/1195/585
f 588/1196/586 620/1197/586 619/1198/586 587/1199/586
f 602/1200/587 634/1201/587 633/1193/587 601/1192/587
f 589/1202/588 621/1203/588 620/1197/588 588/1196/588
f 603/1204/589 635/1205/589 634/1201/589 602/1200/589
f 590/1206/590 622/1207/590 621/1203/590 589/1202/590
f 604/1208/591 636/1209/591 635/1205/591 603/1204/591
f 591/1210/592 623/1211/592 622/1207/592 590/1206/592
f 578/1212/593 610/1213/593 609/1214/593 577/1215/593
f 605/1216/594 637/1217/594 636/1209/594 604/1208/594
f 592/1218/595 624/1219/595 623/1211/595 591/1210/595
f 579/1220/596 611/1221/596 610/1213/596 578/1212/596
f 606/1222/597 638/1223/597 637/1217/597 605/1216/597
f 593/1224/598 625/1225/598 624/1219/598 592/1218/598
f 580/1226/599 612/1227/599 611/1221/599 579/1220/599
f 607/1228/600 639/1229/600 638/1223/600 606/1222/600
f 594/1230/601 626/1231/601 625/1225/601 593/1224/601
f 581/1232/602 613/1233/602 612/1227/602 580/1226/602
f 608/1234/603 640/1235/603 639/1229/603 607/1228/603
f 595/1236/604 627/1237/604 626/1231/604 594/1230/604
f 582/1238/605 614/1239/605 613/1233/605 581/1232/605
f 577/1215/606 609/1214/606 640/1235/606 608/1234/606
f 596/1240/607 628/1241/607 627/1237/607 595/1236/607
f 583/1242/608 615/1243/608 614/1239/608 582/1238/608
f 597/1244/609 629/1245/609 628/1241/609 596/1240/609
f 584/1246/610 616/1247/610 615/1243/610 583/1242/610
f 598/1248/611 630/1249/611 629/1245/611 597/1244/611
f 585/1250/612 617/1251/612 616/1247/612 584/1246/612
f 599/1252/613 631/1253/613 630/1249/613 598/1248/613
f 586/1254/614 618/1255/614 617/1251/614 585/1250/614
f 600/1195/615 632/1194/615 631/1253/615 599/1252/615
f 587/1199/616 619/1198/616 618/1255/616 586/1254/616
f 636/1256/617 668/1257/617 667/1258/617 635/1259/617
f 623/1260/618 655/1261/618 654/1262/618 622/1263/618
f 610/1264/619 642/1265/619 641/1266/619 609/1267/619
f 637/1268/620 669/1269/620 668/1257/620 636/1256/620
f 624/1270/621 656/1271/621 655/1261/621 623/1260/621
f 611/1272/622 643/1273/622 642/1265/622 610/1264/622
f 638/1274/623 670/1275/623 669/1276/623 637/1277/623
f 625/1278/624 657/1279/624 656/1271/624 624/1270/624
f 612/1280/625 644/1281/625 643/1273/625 611/1272/625
f 639/1282/626 671/1283/626 670/1275/626 638/1274/626
f 626/1284/627 658/1285/627 657/1279/627 625/1278/627
f 613/1286/628 645/1287/628 644/1281/628 612/1280/628
f 640/1288/629 672/1289/629 671/1283/629 639/1282/629
f 627/1290/630 659/1291/630 658/1285/630 626/1284/630
f 614/1292/631 646/1293/631 645/1294/631 613/1295/631
f 609/1267/632 641/1266/632 672/1289/632 640/1288/632
f 628/1296/633 660/1297/633 659/1291/633 627/1290/633
f 615/1298/634 647/1299/634 646/1293/634 614/1292/634
f 629/1300/635 661/1301/635 660/1297/635 628/1296/635
f 616/1302/636 648/1303/636 647/1299/636 615/1298/636
f 630/1304/637 662/1305/637 661/1306/637 629/1307/637
f 617/1308/638 649/1309/638 648/1303/638 616/1302/638
f 631/1310/639 663/1311/639 662/1305/639 630/1304/639
f 618/1312/640 650/1313/640 649/1309/640 617/1308/640
f 632/1314/641 664/1315/641 663/1311/641 631/1310/641
f 619/1316/642 651/1317/642 650/1313/642 618/1312/642
f 633/1318/643 665/1319/643 664/1315/643 632/1314/643
f 620/1320/644 652/1321/644 651/1317/644 619/1316/644
f 634/1322/645 666/1323/645 665/1319/645 633/1318/645
f 621/1324/646 653/1325/646 652/1321/646 620/1320/646
f 635/1259/647 667/1258/647 666/1323/647 634/1322/647
f 622/1263/648 654/1262/648 653/1326/648 621/1327/648
f 671/1283/649 703/1328/649 702/1329/649 670/1275/649
f 658/1285/650 690/1330/650 689/1331/650 657/1279/650
f 645/1287/651 677/1332/651 676/1333/651 644/1281/651
f 672/1289/652 704/1334/652 703/1328/652 671/1283/652
f 659/1291/653 691/1335/653 690/1330/653 658/1285/653
f 646/1293/654 678/1336/654 677/1337/654 645/1294/654
f 641/1266/655 673/1338/655 704/1334/655 672/1289/655
f 660/1297/656 692/1339/656 691/1335/656 659/1291/656
f 647/1299/657 679/1340/657 678/1336/657 646/1293/657
f 661/1301/658 693/1341/658 692/1339/658 660/1297/658
f 648/1303/659 680/1342/659 679/1340/659 647/1299/659
f 662/1305/660 694/1343/660 693/1344/660 661/1306/660
f 649/1309/661 681/1345/661 680/1342/661 648/1303/661
f 663/1311/662 695/1346/662 694/1343/662 662/1305/662
f 650/1313/663 682/1347/663 681/1345/663 649/1309/663
f 664/1315/664 696/1348/664 695/1346/664 663/1311/664
f 651/1317/665 683/1349/665 682/1347/665 650/1313/665
f 665/1319/666 697/1350/666 696/1348/666 664/1315/666
f 652/1321/667 684/1351/667 683/1349/667 651/1317/667
f 666/1323/668 698/1352/668 697/1350/668 665/1319/668
f 653/1325/669 685/1353/669 684/1351/669 652/1321/669
f 667/1258/670 699/1354/670 698/1352/670 666/1323/670
f 654/1262/671 686/1355/671 685/1356/671 653/1326/671
f 668/1257/672 700/1357/672 699/1354/672 667/1258/672
f 655/1261/673 687/1358/673 686/1355/673 654/1262/673
f 642/1265/674 674/1359/674 673/1338/674 641/1266/674
f 669/1269/675 701/1360/675 700/1357/675 668/1257/675
f 656/1271/676 688/1361/676 687/1358/676 655/1261/676
f 643/1273/677 675/1362/677 674/1359/677 642/1265/677
f 670/1275/678 702/1329/678 701/1363/678 669/1276/678
f 657/1279/679 689/1331/679 688/1361/679 656/1271/679
f 644/1281/680 676/1333/680 675/1362/680 643/1273/680
f 693/1341/681 725/1364/681 724/1365/681 692/1339/681
f 680/1342/682 712/1366/682 711/1367/682 679/1340/682
f 694/1343/683 726/1368/683 725/1369/683 693/1344/683
f 681/1345/684 713/1370/684 712/1366/684 680/1342/684
f 695/1346/685 727/1371/685 726/1368/685 694/1343/685
f 682/1347/686 714/1372/686 713/1370/686 681/1345/686
f 696/1348/687 728/1373/687 727/1371/687 695/1346/687
f 683/1349/688 715/1374/688 714/1372/688 682/1347/688
f 697/1350/689 729/1375/689 728/1373/689 696/1348/689
f 684/1351/690 716/1376/690 715/1374/690 683/1349/690
f 698/1352/691 730/1377/691 729/1375/691 697/1350/691
f 685/1353/692 717/1378/692 716/1376/692 684/1351/692
f 699/1354/693 731/1379/693 730/1377/693 698/1352/693
f 686/1355/694 718/1380/694 717/1381/694 685/1356/694
f 700/1357/695 732/1382/695 731/1379/695 699/1354/695
f 687/1358/696 719/1383/696 718/1380/696 686/1355/696
f 674/1359/697 706/1384/697 705/1385/697 673/1338/697
f 701/1360/698 733/1386/698 732/1382/698 700/1357/698
f 688/1361/699 720/1387/699 719/1383/699 687/1358/699
f 675/1362/700 707/1388/700 706/1384/700 674/1359/700
f 702/1329/701 734/1389/701 733/1390/701 701/1363/701
f 689/1331/702 721/1391/702 720/1387/702 688/1361/702
f 676/1333/703 708/1392/703 707/1388/703 675/1362/703
f 703/1328/704 735/1393/704 734/1389/704 702/1329/704
f 690/1330/705 722/1394/705 721/1391/705 689/1331/705
f 677/1332/706 709/1395/706 708/1392/706 676/1333/706
f 704/1334/707 736/1396/707 735/1393/707 703/1328/707
f 691/1335/708 723/1397/708 722/1394/708 690/1330/708
f 678/1336/709 710/1398/709 709/1399/709 677/1337/709
f 673/1338/710 705/1385/710 736/1396/710 704/1334/710
f 692/1339/711 724/1365/711 723/1397/711 691/1335/711
f 679/1340/712 711/1367/712 710/1398/712 678/1336/712
f 728/1373/713 760/1400/713 759/1401/713 727/1371/713
f 715/1374/714 747/1402/714 746/1403/714 714/1372/714
f 729/1375/715 761/1404/715 760/1400/715 728/1373/715
f 716/1376/716 748/1405/716 747/1402/716 715/1374/716
f 730/1377/717 762/1406/717 761/1404/717 729/1375/717
f 717/1378/718 749/1407/718 748/1405/718 716/1376/718
f 731/1379/719 763/1408/719 762/1406/719 730/1377/719
f 718/1380/720 750/1409/720 749/1410/720 717/1381/720
f 732/1382/721 764/1411/721 763/1408/721 731/1379/721
f 719/1383/722 751/1412/722 750/1409/722 718/1380/722
f 733/1386/723 765/1413/723 764/1411/723 732/1382/723
f 706/1384/724 738/1414/724 737/1415/724 705/1385/724
f 720/1387/725 752/1416/725 751/1412/725 719/1383/725
f 734/1389/726 766/1417/726 765/1418/726 733/1390/726
f 707/1388/727 739/1419/727 738/1414/727 706/1384/727
f 721/1391/728 753/1420/728 752/1416/728 720/1387/728
f 735/1393/729 767/1421/729 766/1417/729 734/1389/729
f 708/1392/730 740/1422/730 739/1419/730 707/1388/730
f 722/1394/731 754/1423/731 753/1420/731 721/1391/731
f 736/1396/732 768/1424/732 767/1421/732 735/1393/732
f 709/1395/733 741/1425/733 740/1422/733 708/1392/733
f 723/1397/734 755/1426/734 754/1423/734 722/1394/734
f 705/1385/735 737/1415/735 768/1424/735 736/1396/735
f 710/1398/736 742/1427/736 741/1428/736 709/1399/736
f 724/1365/737 756/1429/737 755/1426/737 723/1397/737
f 711/1367/738 743/1430/738 742/1427/738 710/1398/738
f 725/1364/739 757/1431/739 756/1429/739 724/1365/739
f 712/1366/740 744/1432/740 743/1430/740 711/1367/740
f 726/1368/741 758/1433/741 757/1434/741 725/1369/741
f 713/1370/742 745/1435/742 744/1432/742 712/1366/742
f 727/1371/743 759/1401/743 758/1433/743 726/1368/743
f 714/1372/744 746/1403/744 745/1435/744 713/1370/744
f 738/1414/745 770/1436/745 769/1437/745 737/1415/745
f 751/1412/746 783/1438/746 782/1439/746 750/1409/746
f 753/1420/747 785/1440/747 784/1441/747 752/1416/747
f 767/1421/748 799/1442/748 798/1443/748 766/1417/748
f 765/1413/749 797/1444/749 796/1445/749 764/1411/749
f 739/1419/750 771/1446/750 770/1436/750 738/1414/750
f 766/1417/751 798/1443/751 797/1447/751 765/1418/751
f 752/1416/752 784/1441/752 783/1438/752 751/1412/752
f 755/1426/753 787/1448/753 786/1449/753 754/1423/753
f 740/1422/754 772/1450/754 771/1446/754 739/1419/754
f 768/1424/755 800/1451/755 799/1442/755 767/1421/755
f 754/1423/756 786/1449/756 785/1440/756 753/1420/756
f 747/1402/757 779/1452/757 778/1453/757 746/1403/757
f 742/1427/758 774/1454/758 773/1455/758 741/1428/758
f 746/1403/759 778/1453/759 777/1456/759 745/1435/759
f 759/1401/760 791/1457/760 790/1458/760 758/1433/760
f 763/1408/761 795/1459/761 794/1460/761 762/1406/761
f 745/1435/762 777/1456/762 776/1461/762 744/1432/762
f 737/1415/763 769/1437/763 800/1451/763 768/1424/763
f 756/1429/764 788/1462/764 787/1448/764 755/1426/764
f 758/1433/765 790/1458/765 789/1463/765 757/1434/765
f 749/1407/766 781/1464/766 780/1465/766 748/1405/766
f 744/1432/767 776/1461/767 775/1466/767 743/1430/767
f 757/1431/768 789/1467/768 788/1462/768 756/1429/768
f 743/1430/769 775/1466/769 774/1454/769 742/1427/769
f 750/1409/770 782/1439/770 781/1468/770 749/1410/770
f 761/1404/771 793/1469/771 792/1470/771 760/1400/771
f 762/1406/772 794/1460/772 793/1469/772 761/1404/772
f 764/1411/773 796/1445/773 795/1459/773 763/1408/773
f 748/1405/774 780/1465/774 779/1452/774 747/1402/774
f 760/1400/775 792/1470/775 791/1457/775 759/1401/775
f 769/1471/776 801/463/776 832/462/776 800/1472/776
f 788/1473/777 820/450/777 819/449/777 787/1474/777
f 775/1475/778 807/469/778 806/468/778 774/1476/778
f 789/1477/779 821/451/779 820/450/779 788/1473/779
f 776/1478/780 808/470/780 807/469/780 775/1475/780
f 790/1479/781 822/452/781 821/451/781 789/1477/781
f 777/1480/782 809/471/782 808/470/782 776/1478/782
f 791/1481/783 823/453/783 822/452/783 790/1479/783
f 778/1482/784 810/472/784 809/471/784 777/1480/784
f 792/1483/785 824/454/785 823/453/785 791/1481/785
f 779/1484/786 811/1485/786 810/472/786 778/1482/786
f 793/1486/787 825/455/787 824/454/787 792/1483/787
f 780/1487/788 812/1488/788 811/1485/788 779/1484/788
f 794/1489/789 826/456/789 825/455/789 793/1486/789
f 781/1490/790 813/1491/790 812/1488/790 780/1487/790
f 795/1492/791 827/457/791 826/456/791 794/1489/791
f 782/1493/792 814/1494/792 813/1491/792 781/1490/792
f 796/1495/793 828/458/793 827/457/793 795/1492/793
f 783/1496/794 815/445/794 814/1494/794 782/1493/794
f 770/1497/795 802/464/795 801/463/795 769/1471/795
f 797/1498/796 829/459/796 828/458/796 796/1495/796
f 784/1499/797 816/446/797 815/445/797 783/1496/797
f 771/1500/798 803/465/798 802/464/798 770/1497/798
f 798/1501/799 830/460/799 829/459/799 797/1498/799
f 785/1502/800 817/447/800 816/446/800 784/1499/800
f 772/1503/801 804/466/801 803/465/801 771/1500/801
f 799/1504/802 831/461/802 830/460/802 798/1501/802
f 786/1505/803 818/448/803 817/447/803 785/1502/803
f 773/1506/804 805/467/804 804/466/804 772/1503/804
f 800/1472/805 832/462/805 831/461/805 799/1504/805
f 787/1474/806 819/449/806 818/448/806 786/1505/806
f 774/1476/807 806/468/807 805/467/807 773/1506/807
f 1525/376/808 1467/1507/808 1469/1508/808 1526/1063/808
f 834/1509/481 866/1510/481 865/1511/481 833/1512/481
f 1432/1513/809 201/563/809 200/557/809 1431/1514/809
f 1420/1079/810 573/1078/810 572/1515/810 1419/1516/810
f 1527/1064/811 1471/1517/811 1473/372/811 1528/371/811
f 1203/1518/477 1206/1519/477 1201/1520/477 1199/1521/477 1111/1522/477 1112/1523/477
f 1177/1524/32 1180/1525/32 1175/1526/32 1173/1527/32 1094/1528/32 1095/1529/32
f 864/1530/488 896/1531/488 895/1532/488 863/1533/488
f 542/1015/812 1421/1076/812 1420/1079/812 541/1010/812
f 840/1534/492 872/1535/492 871/1536/492 839/1537/492
f 863/1533/485 895/1532/485 894/1538/485 862/1539/485
f 850/1540/486 882/1541/486 881/1542/486 849/1543/486
f 837/1544/487 869/1545/487 868/1546/487 836/1547/487
f 74/1548/476 138/1549/476 137/1550/476 73/1551/476
f 838/1552/490 870/1553/490 869/1554/490 837/1555/490
f 855/1556/137 887/1557/137 886/1558/137 854/1559/137
f 842/1560/476 874/1561/476 873/1562/476 841/1563/476
f 845/1564/479 877/1565/479 876/1566/479 844/1567/479
f 854/1559/493 886/1558/493 885/1568/493 853/1569/493
f 546/1570/813 545/1571/813 1392/1111/813 1393/1110/813
f 843/1572/180 875/1573/180 874/1561/180 842/1560/180
f 846/1574/480 878/1575/480 877/1576/480 845/1577/480
f 858/1578/143 890/1579/143 889/379/143 857/378/143
f 1436/421/814 205/420/814 204/1580/814 1435/425/814
f 856/381/477 888/380/477 887/1557/477 855/1556/477
f 1433/1581/815 202/567/815 201/563/815 1432/1513/815
f 859/489/136 891/488/136 890/1579/136 858/1578/136
f 1438/397/816 207/396/816 206/419/816 1437/418/816
f 885/1582/817 917/1583/817 916/1584/817 884/1585/817
f 872/1586/818 904/1587/818 903/1588/818 871/1589/818
f 886/1590/819 918/1591/819 917/1583/819 885/1582/819
f 873/1592/820 905/1593/820 904/1587/820 872/1586/820
f 887/1594/821 919/1595/821 918/1591/821 886/1590/821
f 874/1596/822 906/1597/822 905/1593/822 873/1592/822
f 888/1598/823 920/1599/823 919/1595/823 887/1594/823
f 875/1600/824 907/1601/824 906/1597/824 874/1596/824
f 889/1602/825 921/1603/825 920/1599/825 888/1598/825
f 876/1604/826 908/1605/826 907/1601/826 875/1600/826
f 890/1606/827 922/1607/827 921/1603/827 889/1602/827
f 877/1608/828 909/1609/828 908/1605/828 876/1604/828
f 891/1610/829 923/1611/829 922/1607/829 890/1606/829
f 878/1612/830 910/1613/830 909/1609/830 877/1608/830
f 892/1614/831 924/1615/831 923/1611/831 891/1610/831
f 879/1616/832 911/1617/832 910/1613/832 878/1612/832
f 866/1618/833 898/1619/833 897/1620/833 865/1621/833
f 893/1622/834 925/1623/834 924/1615/834 892/1614/834
f 880/1624/835 912/1625/835 911/1617/835 879/1616/835
f 867/1626/836 899/1627/836 898/1619/836 866/1618/836
f 894/1628/837 926/1629/837 925/1623/837 893/1622/837
f 881/1630/838 913/1631/838 912/1625/838 880/1624/838
f 868/1632/839 900/1633/839 899/1627/839 867/1626/839
f 895/1634/840 927/1635/840 926/1629/840 894/1628/840
f 882/1636/841 914/1637/841 913/1631/841 881/1630/841
f 869/1638/842 901/1639/842 900/1633/842 868/1632/842
f 896/1640/843 928/1641/843 927/1635/843 895/1634/843
f 883/1642/844 915/1643/844 914/1637/844 882/1636/844
f 870/1644/845 902/1645/845 901/1639/845 869/1638/845
f 865/1621/846 897/1620/846 928/1641/846 896/1640/846
f 884/1585/847 916/1584/847 915/1643/847 883/1642/847
f 871/1589/848 903/1588/848 902/1645/848 870/1644/848
f 920/1599/849 952/1646/849 951/1647/849 919/1595/849
f 907/1601/850 939/1648/850 938/1649/850 906/1597/850
f 921/1603/851 953/1650/851 952/1646/851 920/1599/851
f 908/1605/852 940/1651/852 939/1648/852 907/1601/852
f 922/1607/853 954/1652/853 953/1650/853 921/1603/853
f 909/1609/854 941/1653/854 940/1651/854 908/1605/854
f 923/1611/855 955/1654/855 954/1652/855 922/1607/855
f 910/1613/856 942/1655/856 941/1653/856 909/1609/856
f 924/1615/857 956/1656/857 955/1654/857 923/1611/857
f 911/1617/858 943/1657/858 942/1655/858 910/1613/858
f 898/1619/859 930/1658/859 929/1659/859 897/1620/859
f 925/1623/860 957/1660/860 956/1656/860 924/1615/860
f 912/1625/861 944/1661/861 943/1657/861 911/1617/861
f 899/1627/862 931/1662/862 930/1658/862 898/1619/862
f 926/1629/863 958/1663/863 957/1660/863 925/1623/863
f 913/1631/864 945/1664/864 944/1661/864 912/1625/864
f 900/1633/865 932/1665/865 931/1662/865 899/1627/865
f 927/1635/866 959/1666/866 958/1663/866 926/1629/866
f 914/1637/867 946/1667/867 945/1664/867 913/1631/867
f 901/1639/868 933/1668/868 932/1665/868 900/1633/868
f 928/1641/869 960/1669/869 959/1666/869 927/1635/869
f 915/1643/870 947/1670/870 946/1667/870 914/1637/870
f 902/1645/871 934/1671/871 933/1668/871 901/1639/871
f 897/1620/872 929/1659/872 960/1669/872 928/1641/872
f 916/1584/873 948/1672/873 947/1670/873 915/1643/873
f 903/1588/874 935/1673/874 934/1671/874 902/1645/874
f 917/1583/875 949/1674/875 948/1672/875 916/1584/875
f 904/1587/876 936/1675/876 935/1673/876 903/1588/876
f 918/1591/877 950/1676/877 949/1674/877 917/1583/877
f 905/1593/878 937/1677/878 936/1675/878 904/1587/878
f 919/1595/879 951/1647/879 950/1676/879 918/1591/879
f 906/1597/880 938/1649/880 937/1677/880 905/1593/880
f 955/1654/881 987/1678/881 986/1679/881 954/1652/881
f 942/1655/882 974/1680/882 973/1681/882 941/1653/882
f 956/1656/883 988/1682/883 987/1678/883 955/1654/883
f 943/1657/884 975/1683/884 974/1680/884 942/1655/884
f 930/1658/885 962/1684/885 961/1685/885 929/1659/885
f 957/1660/886 989/1686/886 988/1682/886 956/1656/886
f 944/1661/887 976/1687/887 975/1683/887 943/1657/887
f 931/1662/888 963/1688/888 962/1684/888 930/1658/888
f 958/1663/889 990/1689/889 989/1686/889 957/1660/889
f 945/1664/890 977/1690/890 976/1687/890 944/1661/890
f 932/1665/891 964/1691/891 963/1688/891 931/1662/891
f 959/1666/892 991/1692/892 990/1689/892 958/1663/892
f 946/1667/893 978/1693/893 977/1690/893 945/1664/893
f 933/1668/894 965/1694/894 964/1691/894 932/1665/894
f 960/1669/895 992/1695/895 991/1692/895 959/1666/895
f 947/1670/896 979/1696/896 978/1693/896 946/1667/896
f 934/1671/897 966/1697/897 965/1694/897 933/1668/897
f 929/1659/898 961/1685/898 992/1695/898 960/1669/898
f 948/1672/899 980/1698/899 979/1696/899 947/1670/899
f 935/1673/900 967/1699/900 966/1697/900 934/1671/900
f 949/1674/901 981/1700/901 980/1698/901 948/1672/901
f 936/1675/902 968/1701/902 967/1699/902 935/1673/902
f 950/1676/903 982/1702/903 981/1700/903 949/1674/903
f 937/1677/904 969/1703/904 968/1701/904 936/1675/904
f 951/1647/905 983/1704/905 982/1702/905 950/1676/905
f 938/1649/906 970/1705/906 969/1703/906 937/1677/906
f 952/1646/907 984/1706/907 983/1704/907 951/1647/907
f 939/1648/908 971/1707/908 970/1705/908 938/1649/908
f 953/1650/909 985/1708/909 984/1706/909 952/1646/909
f 940/1651/910 972/1709/910 971/1707/910 939/1648/910
f 954/1652/911 986/1679/911 985/1708/911 953/1650/911
f 941/1653/912 973/1681/912 972/1709/912 940/1651/912
f 990/1689/913 1022/1710/913 1021/1711/913 989/1686/913
f 977/1690/914 1009/1712/914 1008/1713/914 976/1687/914
f 964/1691/915 996/1714/915 995/1715/915 963/1688/915
f 991/1692/916 1023/1716/916 1022/1710/916 990/1689/916
f 978/1693/917 1010/1717/917 1009/1712/917 977/1690/917
f 965/1694/918 997/1718/918 996/1714/918 964/1691/918
f 992/1695/919 1024/1719/919 1023/1716/919 991/1692/919
f 979/1696/920 1011/1720/920 1010/1717/920 978/1693/920
f 966/1697/921 998/1721/921 997/1718/921 965/1694/921
f 961/1685/922 993/1722/922 1024/1719/922 992/1695/922
f 980/1698/923 1012/1723/923 1011/1720/923 979/1696/923
f 967/1699/924 999/1724/924 998/1721/924 966/1697/924
f 981/1700/925 1013/1725/925 1012/1723/925 980/1698/925
f 968/1701/926 1000/1726/926 999/1724/926 967/1699/926
f 982/1702/927 1014/1727/927 1013/1725/927 981/1700/927
f 969/1703/928 1001/1728/928 1000/1726/928 968/1701/928
f 983/1704/929 1015/1729/929 1014/1727/929 982/1702/929
f 970/1705/930 1002/1730/930 1001/1728/930 969/1703/930
f 984/1706/931 1016/1731/931 1015/1729/931 983/1704/931
f 971/1707/932 1003/1732/932 1002/1730/932 970/1705/932
f 985/1708/933 1017/1733/933 1016/1731/933 984/1706/933
f 972/1709/934 1004/1734/934 1003/1732/934 971/1707/934
f 986/1679/935 1018/1735/935 1017/1733/935 985/1708/935
f 973/1681/936 1005/1736/936 1004/1734/936 972/1709/936
f 987/1678/937 1019/1737/937 1018/1735/937 986/1679/937
f 974/1680/938 1006/1738/938 1005/1736/938 973/1681/938
f 988/1682/939 1020/1739/939 1019/1737/939 987/1678/939
f 975/1683/940 1007/1740/940 1006/1738/940 974/1680/940
f 962/1684/941 994/1741/941 993/1722/941 961/1685/941
f 989/1686/942 1021/1711/942 1020/1739/942 988/1682/942
f 976/1687/943 1008/1713/943 1007/1740/943 975/1683/943
f 963/1688/944 995/1715/944 994/1741/944 962/1684/944
f 993/1742/147 1025/1743/147 1056/1744/147 1024/1745/147
f 1012/1746/491 1044/1747/491 1043/1748/491 1011/1749/491
f 999/1750/32 1031/1751/32 1030/1752/32 998/1753/32
f 1013/1754/33 1045/1755/33 1044/1747/33 1012/1746/33
f 1000/1756/492 1032/1757/492 1031/1751/492 999/1750/492
f 1014/1758/493 1046/1759/493 1045/1760/493 1013/1761/493
f 1001/1762/494 1033/1763/494 1032/1757/494 1000/1756/494
f 1015/1764/137 1047/1765/137 1046/1759/137 1014/1758/137
f 1002/1766/476 1034/1767/476 1033/1763/476 1001/1762/476
f 1016/1768/477 1048/1769/477 1047/1765/477 1015/1764/477
f 1003/1770/180 1035/1771/180 1034/1767/180 1002/1766/180
f 1017/1772/188 1049/1773/188 1048/1769/188 1016/1768/188
f 1004/1774/478 1036/1775/478 1035/1771/478 1003/1770/478
f 1018/1776/143 1050/1777/143 1049/1773/143 1017/1772/143
f 1005/1778/479 1037/1779/479 1036/1775/479 1004/1774/479
f 1019/1780/136 1051/1781/136 1050/1777/136 1018/1776/136
f 1006/1782/480 1038/1783/480 1037/1784/480 1005/1785/480
f 1020/1786/213 1052/1787/213 1051/1781/213 1019/1780/213
f 1007/1788/142 1039/1789/142 1038/1783/142 1006/1782/142
f 994/1790/481 1026/1791/481 1025/1743/481 993/1742/481
f 1021/1792/39 1053/1793/39 1052/1787/39 1020/1786/39
f 1008/1794/138 1040/1795/138 1039/1789/138 1007/1788/138
f 995/1796/482 1027/1797/482 1026/1791/482 994/1790/482
f 1022/1798/483 1054/1799/483 1053/1800/483 1021/1801/483
f 1009/1802/139 1041/1803/139 1040/1795/139 1008/1794/139
f 996/1804/484 1028/1805/484 1027/1797/484 995/1796/484
f 1023/1806/485 1055/1807/485 1054/1799/485 1022/1798/485
f 1010/1808/486 1042/1809/486 1041/1803/486 1009/1802/486
f 997/1810/487 1029/1811/487 1028/1805/487 996/1804/487
f 1024/1745/488 1056/1744/488 1055/1807/488 1023/1806/488
f 1011/1749/489 1043/1748/489 1042/1809/489 1010/1808/489
f 998/1753/490 1030/1752/490 1029/1812/490 997/1813/490
f 1047/1814/945 1079/1815/945 1078/1816/945 1046/1817/945
f 1034/1818/822 1066/1819/822 1065/1820/822 1033/1821/822
f 1048/1822/946 1080/1823/946 1079/1815/946 1047/1814/946
f 1035/1824/824 1067/1825/824 1066/1819/824 1034/1818/824
f 1049/1826/947 1081/1827/947 1080/1823/947 1048/1822/947
f 1036/1828/826 1068/1829/826 1067/1825/826 1035/1824/826
f 1050/1830/948 1082/1831/948 1081/1827/948 1049/1826/948
f 1037/1832/949 1069/1833/949 1068/1829/949 1036/1828/949
f 1051/1834/950 1083/1835/950 1082/1831/950 1050/1830/950
f 1038/1836/830 1070/1837/830 1069/1833/830 1037/1832/830
f 1052/1838/951 1084/1839/951 1083/1835/951 1051/1834/951
f 1039/1840/952 1071/1841/952 1070/1837/952 1038/1836/952
f 1026/1842/953 1058/1843/953 1057/1844/953 1025/1845/953
f 1053/1846/954 1085/1847/954 1084/1839/954 1052/1838/954
f 1040/1848/955 1072/1849/955 1071/1841/955 1039/1840/955
f 1027/1850/836 1059/1851/836 1058/1843/836 1026/1842/836
f 1054/1852/956 1086/1853/956 1085/1847/956 1053/1846/956
f 1041/1854/957 1073/1855/957 1072/1849/957 1040/1848/957
f 1028/1856/958 1060/1857/958 1059/1851/958 1027/1850/958
f 1055/1858/959 1087/1859/959 1086/1853/959 1054/1852/959
f 1042/1860/841 1074/1861/841 1073/1855/841 1041/1854/841
f 1029/1862/842 1061/1863/842 1060/1857/842 1028/1856/842
f 1056/1864/960 1088/1865/960 1087/1859/960 1055/1858/960
f 1043/1866/961 1075/1867/961 1074/1861/961 1042/1860/961
f 1030/1868/845 1062/1869/845 1061/1863/845 1029/1862/845
f 1025/1845/962 1057/1844/962 1088/1865/962 1056/1864/962
f 1044/1870/847 1076/1871/847 1075/1867/847 1043/1866/847
f 1031/1872/963 1063/1873/963 1062/1869/963 1030/1868/963
f 1045/1874/964 1077/1875/964 1076/1871/964 1044/1870/964
f 1032/1876/818 1064/1877/818 1063/1873/818 1031/1872/818
f 1046/1817/965 1078/1816/965 1077/1875/965 1045/1874/965
f 1033/1821/820 1065/1820/820 1064/1877/820 1032/1876/820
f 1082/1831/966 1114/1878/966 1113/1879/966 1081/1827/966
f 1069/1833/967 1101/1880/967 1100/1881/967 1068/1829/967
f 1083/1835/968 1115/1882/968 1114/1878/968 1082/1831/968
f 1070/1837/969 1102/1883/969 1101/1880/969 1069/1833/969
f 1084/1839/970 1116/1884/970 1115/1882/970 1083/1835/970
f 1071/1841/971 1103/1885/971 1102/1883/971 1070/1837/971
f 1058/1843/972 1090/1886/972 1089/1887/972 1057/1844/972
f 1085/1847/973 1117/1888/973 1116/1884/973 1084/1839/973
f 1072/1849/974 1104/1889/974 1103/1885/974 1071/1841/974
f 1059/1851/975 1091/1890/975 1090/1886/975 1058/1843/975
f 1086/1853/976 1118/1891/976 1117/1888/976 1085/1847/976
f 1073/1855/977 1105/1892/977 1104/1889/977 1072/1849/977
f 1060/1857/978 1092/1893/978 1091/1890/978 1059/1851/978
f 1087/1859/979 1119/1894/979 1118/1891/979 1086/1853/979
f 1074/1861/980 1106/1895/980 1105/1892/980 1073/1855/980
f 1061/1863/981 1093/1896/981 1092/1893/981 1060/1857/981
f 1088/1865/982 1120/1897/982 1119/1894/982 1087/1859/982
f 1075/1867/983 1107/1898/983 1106/1895/983 1074/1861/983
f 1062/1869/984 1094/1899/984 1093/1896/984 1061/1863/984
f 1057/1844/985 1089/1887/985 1120/1897/985 1088/1865/985
f 1076/1871/986 1108/1900/986 1107/1898/986 1075/1867/986
f 1063/1873/987 1095/1901/987 1094/1899/987 1062/1869/987
f 1077/1875/988 1109/1902/988 1108/1900/988 1076/1871/988
f 1064/1877/989 1096/1903/989 1095/1901/989 1063/1873/989
f 1078/1816/990 1110/1904/990 1109/1902/990 1077/1875/990
f 1065/1820/991 1097/1905/991 1096/1903/991 1064/1877/991
f 1079/1815/992 1111/1906/992 1110/1904/992 1078/1816/992
f 1066/1819/993 1098/1907/993 1097/1905/993 1065/1820/993
f 1080/1823/994 1112/1908/994 1111/1906/994 1079/1815/994
f 1067/1825/995 1099/1909/995 1098/1907/995 1066/1819/995
f 1081/1827/996 1113/1879/996 1112/1908/996 1080/1823/996
f 1068/1829/997 1100/1881/997 1099/1909/997 1067/1825/997
f 1109/1910/33 1234/1911/33 1233/1912/33 1108/1913/33
f 183/326/998 1446/279/998 1445/282/998 182/322/998
f 1410/1914/999 563/1915/999 562/1060/999 1409/1059/999
f 166/310/1000 1429/413/1000 1428/417/1000 165/304/1000
f 1422/1108/1001 575/1107/1001 574/1077/1001 1421/1076/1001
f 1120/1916/488 1245/1917/488 1244/1918/488 1119/1919/488
f 179/308/1002 1442/415/1002 1441/1920/1002 178/300/1002
f 1399/1092/1003 552/1921/1003 551/497/1003 1398/496/1003
f 1394/1058/1004 547/1057/1004 546/1570/1004 1393/1110/1004
f 1414/1075/1005 567/1074/1005 566/262/1005 1413/261/1005
f 1226/1922/1006 1182/1923/1006 1272/1924/1006 1273/1925/1006 1350/1926/1006 1349/1927/1006
f 1419/1516/1007 572/1515/1007 571/1100/1007 1418/1099/1007
f 1417/1102/1008 570/1101/1008 569/1928/1008 1416/1929/1008
f 1221/1930/1009 1338/1931/1009 1336/1932/1009 1334/1933/1009 1333/1934/1009 1330/1935/1009 1217/1936/1009 1218/1937/1009 1219/1938/1009 1220/1939/1009
f 540/1003/1010 1419/1516/1010 1418/1099/1010 539/1004/1010
f 531/1033/1011 1410/1914/1011 1409/1059/1011 530/1940/1011
f 1178/1941/1012 1222/1942/1012 1341/1943/1012 1342/1944/1012 1269/1945/1012 1267/1946/1012
f 1392/1111/1013 545/1571/1013 576/1106/1013 1423/1105/1013
f 1323/1947/1014 1316/1948/1014 1209/1949/1014 1208/1950/1014 1210/1950/1014 1215/1951/1014 1213/1951/1014
f 178/300/1015 1441/1920/1015 1440/424/1015 177/301/1015
f 1237/1952/1009 1238/1953/1009 1239/1954/1009 1240/1955/1009 1241/1956/1009 1382/1957/1009 1380/1958/1009 1378/1959/1009 1377/1960/1009 1374/1961/1009
f 525/996/1016 1404/1962/1016 1403/1070/1016 524/997/1016
f 539/1004/1017 1418/1099/1017 1417/1102/1017 538/1963/1017
f 1167/1964/1018 1248/1965/1018 1249/1966/1018 1328/1967/1018 1327/1968/1018 1216/1969/1018
f 1108/1913/491 1233/1912/491 1232/1970/491 1196/1971/491 1197/1971/491 1195/1972/491 1107/1973/491
f 524/997/1019 1403/1070/1019 1402/1067/1019 523/1051/1019
f 532/1032/1020 1411/1084/1020 1410/1914/1020 531/1033/1020
f 530/1940/1021 1409/1059/1021 1408/103/1021 529/1974/1021
f 1368/1975/490 1136/1976/490 1158/1977/490 1157/1978/490 1367/1979/490 1369/1980/490
f 541/1010/1022 1420/1079/1022 1419/1516/1022 540/1003/1022
f 77/1981/479 141/1982/479 140/1983/479 76/1984/479
f 1389/1985/1009 1388/1986/1009 1385/1987/1009 1242/1988/1009 1243/1989/1009 1244/1990/1009 1245/1991/1009 1216/1992/1009 1327/1993/1009 1391/1994/1009
f 529/1974/1023 1408/103/1023 1407/106/1023 528/1103/1023
f 1252/1995/1024 1130/1996/1024 1129/1997/1024 1247/1998/1024 1251/1999/1024 1254/2000/1024
f 1091/2001/482 1218/2002/482 1217/2003/482 1170/1114/482 1171/1114/482 1169/1113/482 1090/1118/482
f 1283/2004/1025 1141/2005/1025 1155/2006/1025 1132/2007/1025
f 1127/2008/1026 1150/2009/1026 1134/2010/1026 1264/2011/1026
f 1315/2012/1027 1145/2013/1027 1161/2014/1027 1140/2015/1027
f 1135/2016/1028 1156/2017/1028 1122/2018/1028 1295/2019/1028
f 1541/408/1029 1499/2020/1029 1501/383/1029 1542/382/1029
f 1143/2021/1030 1162/2022/1030 1146/2023/1030 1320/2024/1030
f 1533/96/1031 1483/2025/1031 1485/2026/1031 1534/97/1031
f 1271/2027/1032 1137/2028/1032 1152/2029/1032 1128/2030/1032
f 1123/2031/1033 1147/2032/1033 1130/1996/1033 1252/1995/1033
f 1303/2033/1034 1125/2034/1034 1158/1977/1034 1136/1976/1034
f 1131/2035/1035 1153/2036/1035 1138/2037/1035 1276/2038/1035
f 1247/1998/1036 1129/1997/1036 1164/2039/1036 1144/2040/1036
f 851/2041/489 883/2042/489 882/1541/489 850/1540/489
f 1139/2043/1037 1159/2044/1037 1126/2045/1037 1308/2046/1037
f 1151/2047/188 1150/2009/188 1127/2008/188 1343/2048/188 1344/2049/188 1345/2050/188
f 1140/2015/180 1161/2014/180 1160/2051/180 1378/2052/180 1380/2053/180 1379/2054/180
f 1259/2055/1038 1133/2056/1038 1149/2057/1038 1124/2058/1038
f 1320/2059/1039 1146/2060/1039 1145/2013/1039 1315/2012/1039 1319/2061/1039 1322/2062/1039
f 1308/2046/1040 1126/2045/1040 1125/2034/1040 1303/2033/1040 1307/2063/1040 1310/2064/1040
f 1454/1066/1041 223/2065/1041 222/2066/1041 1453/422/1041
f 184/330/1042 1447/367/1042 1446/279/1042 183/326/1042
f 67/2067/482 131/2068/482 130/2069/482 66/2070/482
f 89/272/188 153/271/188 152/2071/188 88/2072/188
f 1381/2073/1043 1314/2074/1043 1318/2075/1043 1315/2012/1043 1140/2015/1043 1379/2054/1043
f 1295/2019/1044 1122/2018/1044 1121/2076/1044 1292/2077/1044 1294/2078/1044 1297/2079/1044
f 76/1984/478 140/1983/478 139/2080/478 75/2081/478
f 1290/2082/1045 1142/2083/1045 1141/2005/1045 1283/2004/1045 1288/2084/1045 1284/2085/1045
f 1264/2011/1046 1134/2010/1046 1133/2056/1046 1259/2055/1046 1263/2086/1046 1266/2087/1046
f 1135/2016/1047 1295/2019/1047 1299/2088/1047 1296/2089/1047 1362/2090/1047 1365/2091/1047
f 1276/2038/1048 1138/2037/1048 1137/2028/1048 1271/2027/1048 1275/2092/1048 1278/2093/1048
f 1348/2094/136 1346/2095/136 1347/2096/136 1349/2097/136 1350/2098/136
f 1145/2099/1049 1146/2100/1049 1162/2101/1049 1163/2102/1049 1164/2103/1049 1129/2104/1049 1130/2105/1049 1147/2106/1049 1148/2107/1049 1149/2108/1049 1133/2109/1049 1134/2110/1049 1150/2111/1049 1151/2112/1049 1152/2113/1049 1137/2114/1049 1138/2115/1049 1153/2116/1049 1154/2117/1049 1155/2118/1049 1141/2119/1049 1142/2120/1049 1121/2121/1049 1122/2122/1049 1156/2123/1049 1157/2124/1049 1158/2125/1049 1125/2126/1049 1126/2127/1049 1159/2128/1049 1160/2129/1049 1161/2130/1049
f 92/2131/213 156/2132/213 155/246/213 91/245/213
f 741/1425/1050 773/2133/1050 772/1450/1050 740/1422/1050
f 78/270/480 142/269/480 141/2134/480 77/2135/480
f 1577/2136/143 1507/2137/143 1505/2138/143 1576/2139/143
f 1366/2140/484 1365/2091/484 1362/2090/484 1364/2141/484 1363/2142/484
f 1445/282/1051 214/281/1051 213/404/1051 1444/403/1051
f 1344/2049/477 1343/2048/477 1340/2143/477 1342/2144/477 1341/2145/477
f 1572/2146/33 1497/2147/33 1495/2148/33 1571/2149/33
f 1376/2150/1052 1139/2043/1052 1308/2046/1052 1312/2151/1052 1309/2152/1052 1373/2153/1052
f 1579/2154/213 1511/2155/213 1509/2156/213 1578/2157/213
f 1102/2158/480 1229/2159/480 1228/2160/480 1101/2161/480
f 1311/2162/1053 1304/2163/1053 1200/2164/1053 1201/2164/1053 1206/2165/1053 1204/2165/1053
f 94/2166/483 158/2167/483 157/2168/483 93/2169/483
f 1561/356/476 1475/355/476 1473/2170/476 1560/2171/476
f 1552/2172/147 1456/2173/147 1519/2174/147 1583/2175/147
f 1563/2176/478 1479/2177/478 1477/354/478 1562/353/478
f 1560/2171/494 1473/2170/494 1471/2178/494 1559/2179/494
f 1575/2180/477 1503/2181/477 1501/250/477 1574/249/477
f 1576/2139/188 1505/2138/188 1503/2181/188 1575/2180/188
f 1554/2182/482 1461/2183/482 1459/2184/482 1553/2185/482
f 1578/2157/136 1509/2156/136 1507/2137/136 1577/2136/136
f 1582/2186/485 1517/2187/485 1515/2188/485 1581/2189/485
f 1565/2190/480 1483/2191/480 1481/2192/480 1564/2193/480
f 1564/2194/479 1481/2195/479 1479/2177/479 1563/2176/479
f 1566/2196/142 1485/2197/142 1483/2191/142 1565/2190/142
f 1556/2198/487 1465/2199/487 1463/2200/487 1555/2201/487
f 1580/2202/39 1513/2203/39 1511/2155/39 1579/2154/39
f 1553/2185/481 1459/2184/481 1456/2173/481 1552/2172/481
f 1573/252/493 1499/251/493 1497/2204/493 1572/2205/493
f 1571/2149/491 1495/2148/491 1493/2206/491 1570/2207/491
f 1569/2208/486 1491/2209/486 1489/258/486 1568/257/486
f 1567/260/138 1487/259/138 1485/2197/138 1566/2196/138
f 1555/2201/484 1463/2200/484 1461/2183/484 1554/2182/484
f 70/86/490 134/85/490 133/2210/490 69/2211/490
f 95/2212/485 159/2213/485 158/2167/485 94/2166/485
f 1583/2175/488 1519/2174/488 1517/2187/488 1582/2186/488
f 1537/2214/1054 1491/2215/1054 1493/2216/1054 1538/2217/1054
f 1559/2179/492 1471/2178/492 1469/74/492 1558/73/492
f 1570/2207/489 1493/2206/489 1491/2209/489 1569/2208/489
f 69/2218/487 133/2219/487 132/2220/487 68/2221/487
f 68/2221/484 132/2220/484 131/2068/484 67/2067/484
f 81/2222/1055 145/2223/1055 144/254/1055 80/253/1055
f 1534/97/1056 1485/2026/1056 1487/2224/1056 1535/2225/1056
f 1255/2226/1057 1248/2227/1057 1167/2228/1057 1166/2228/1057 1172/2229/1057 1170/2229/1057
f 1576/2230/208 1575/2231/208 1574/2232/208 1573/2233/208 1572/2234/208 1571/2235/208 1570/2236/208 1569/2237/208 1568/2238/208 1567/2239/208 1566/2240/208 1565/2241/208 1564/2242/208 1563/2243/208 1562/2244/208 1561/2245/208 1560/2246/208 1559/2247/208 1558/2248/208 1557/2249/208 1556/2250/208 1555/2251/208 1554/2252/208 1553/2253/208 1552/2254/208 1583/2255/208 1582/2256/208 1581/2257/208 1580/2258/208 1579/2259/208 1578/2260/208 1577/2261/208
f 1165/1116/1058 1166/1115/1058 1167/1115/1058 1168/1115/1058
f 1581/2189/483 1515/2188/483 1513/2262/483 1580/2263/483
f 1113/2264/188 1238/2265/188 1237/2266/188 1204/1519/188 1205/1519/188 1203/1518/188 1112/1523/188
f 1231/2267/138 1230/2268/138 1103/2269/138 1104/2270/138 1189/2271/138 1192/2272/138 1190/2272/138
f 1169/2229/1059 1171/2229/1059 1170/2229/1059 1172/2229/1059
f 83/2273/489 147/2274/489 146/2275/489 82/2276/489
f 1173/2277/1059 1175/2277/1059 1174/2277/1059 1176/2277/1059
f 86/2278/493 150/2279/493 149/2280/493 85/2281/493
f 1223/1081/492 1222/2282/492 1178/1525/492 1179/1525/492 1177/1524/492 1095/1529/492 1096/1082/492
f 1177/2283/1059 1179/2283/1059 1178/2283/1059 1180/2283/1059
f 1400/503/1060 553/502/1060 552/1921/1060 1399/1092/1060
f 1181/267/1059 1183/267/1059 1182/267/1059 1184/267/1059
f 82/2276/486 146/2275/486 145/2223/486 81/2222/486
f 1185/268/1059 1187/268/1059 1186/268/1059 1188/268/1059
f 853/2284/33 885/2285/33 884/2286/33 852/2287/33
f 1301/2288/1061 1293/2289/1061 1291/2290/1061 1289/2291/1061 1285/2292/1061 1190/2293/1061 1191/2293/1061 1193/2294/1061 1194/2295/1061 1198/2296/1061 1196/2296/1061 1298/2297/1061
f 1189/2293/1059 1191/2293/1059 1190/2293/1059 1192/2293/1059
f 1195/2296/1059 1197/2296/1059 1196/2296/1059 1198/2296/1059
f 1199/2164/1059 1201/2164/1059 1200/2164/1059 1202/2164/1059
f 1337/2298/493 1335/2299/493 1336/2300/493 1338/2301/493 1339/2302/493
f 1203/2165/1059 1205/2165/1059 1204/2165/1059 1206/2165/1059
f 1226/2303/180 1225/2304/180 1098/2305/180 1099/1089/180 1181/1088/180 1184/1087/180 1182/1087/180
f 1209/2306/1062 1316/2307/1062 1317/2308/1062 1383/2309/1062 1382/2310/1062 1241/2311/1062 1208/2312/1062
f 1207/1950/1059 1210/1950/1059 1208/1950/1059 1211/1950/1059
f 85/2313/33 149/2314/33 148/2315/33 84/2316/33
f 1212/1951/1059 1214/1951/1059 1213/1951/1059 1215/1951/1059
f 73/1551/494 137/1550/494 136/2317/494 72/2318/494
f 538/1963/1063 1417/1102/1063 1416/1929/1063 537/2319/1063
f 181/318/1064 1444/403/1064 1443/406/1064 180/314/1064
f 833/1512/147 865/1511/147 896/1531/147 864/1530/147
f 1349/2320/1009 1347/2321/1009 1345/2322/1009 1344/2323/1009 1341/2324/1009 1222/2325/1009 1223/2326/1009 1224/2327/1009 1225/2328/1009 1226/2329/1009
f 1220/2330/490 1093/2331/490 1094/1528/490 1173/1527/490 1176/1526/490 1174/1526/490 1221/2332/490
f 1263/2086/1065 1260/2333/1065 1267/2334/1065 1266/2087/1065
f 1251/1999/1066 1248/2335/1066 1255/2336/1066 1254/2000/1066
f 88/2072/477 152/2071/477 151/2337/477 87/2338/477
f 84/2316/491 148/2315/491 147/2274/491 83/2273/491
f 1311/2339/1067 1204/2340/1067 1237/2341/1067 1374/2342/1067 1375/2343/1067 1313/2344/1067
f 534/1042/1068 1413/261/1068 1412/264/1068 533/1038/1068
f 72/2318/492 136/2317/492 135/84/492 71/83/492
f 1246/2345/1069 1249/2346/1069 1248/2335/1069 1250/2347/1069
f 1247/1998/1070 1250/2347/1070 1248/2335/1070 1251/1999/1070
f 1334/81/491 1148/80/491 1147/2032/491 1123/2031/491 1332/2348/491 1333/2349/491
f 1252/1995/1071 1254/2000/1071 1255/2336/1071 1256/2350/1071
f 1253/2351/1072 1256/2350/1072 1255/2336/1072 1257/2352/1072
f 186/338/1073 1449/426/1073 1448/428/1073 185/334/1073
f 1258/2353/1074 1261/2354/1074 1260/2333/1074 1262/2355/1074
f 1259/2055/1075 1262/2355/1075 1260/2333/1075 1263/2086/1075
f 1264/2011/1076 1266/2087/1076 1267/2334/1076 1268/2356/1076
f 1265/2357/1077 1268/2356/1077 1267/2334/1077 1269/2358/1077
f 1270/2359/1078 1273/2360/1078 1272/2361/1078 1274/2362/1078
f 1271/2027/1079 1274/2362/1079 1272/2361/1079 1275/2092/1079
f 1275/2092/1080 1272/2361/1080 1279/2363/1080 1278/2093/1080
f 1276/2038/1081 1278/2093/1081 1279/2363/1081 1280/2364/1081
f 1277/2365/1082 1280/2364/1082 1279/2363/1082 1281/2366/1082
f 1522/364/1083 1461/363/1083 1463/88/1083 1523/87/1083
f 1282/2367/1084 1286/2368/1084 1285/2369/1084 1287/2370/1084
f 1283/2004/1085 1287/2370/1085 1285/2369/1085 1288/2084/1085
f 1284/2085/1086 1288/2084/1086 1285/2369/1086 1289/2371/1086
f 1294/2078/1087 1301/2372/1087 1298/2373/1087 1297/2079/1087
f 1295/2019/1088 1297/2079/1088 1298/2373/1088 1299/2088/1088
f 1296/2089/1089 1299/2088/1089 1298/2373/1089 1300/2374/1089
f 1200/2375/1090 1304/2376/1090 1305/2377/1090 1372/2378/1090 1371/2379/1090 1236/2380/1090
f 1302/2381/1091 1305/2382/1091 1304/2383/1091 1306/2384/1091
f 1303/2033/1092 1306/2384/1092 1304/2383/1092 1307/2063/1092
f 1308/2046/1093 1310/2064/1093 1311/2385/1093 1312/2151/1093
f 1309/2152/1094 1312/2151/1094 1311/2385/1094 1313/2386/1094
f 66/2070/481 130/2069/481 129/288/481 65/287/481
f 1314/2074/1095 1317/2387/1095 1316/2388/1095 1318/2075/1095
f 1315/2012/1096 1318/2075/1096 1316/2388/1096 1319/2061/1096
f 1319/2061/1097 1316/2388/1097 1323/2389/1097 1322/2062/1097
f 1320/2059/1098 1322/2062/1098 1323/2389/1098 1324/2390/1098
f 1321/2391/1099 1324/2392/1099 1323/2393/1099 1325/2394/1099
f 1377/2395/494 1376/2150/494 1373/2153/494 1375/2396/494 1374/2397/494
f 1441/2398/1100 210/539/1100 209/533/1100 1440/2399/1100
f 1333/2349/489 1332/2348/489 1329/2400/489 1331/2401/489 1330/2402/489
f 1388/2403/480 1387/2404/480 1384/2405/480 1386/2406/480 1385/2407/480
f 1186/2408/1101 1227/2409/1101 1352/2410/1101 1353/2411/1101 1281/2412/1101 1279/2413/1101
f 1359/2414/488 1357/2415/488 1358/2416/488 1360/2417/488 1361/2418/488
f 536/2419/1102 1415/1072/1102 1414/1075/1102 535/1045/1102
f 1370/2420/32 1368/1975/32 1369/1980/32 1371/2421/32 1372/2422/32
f 515/1019/1103 1394/1058/1103 1393/1110/1103 514/1109/1103
f 1355/2423/39 1354/2424/39 1351/2425/39 1353/2426/39 1352/2427/39
f 75/2081/180 139/2080/180 138/1549/180 74/1548/180
f 1106/2428/486 1194/2429/486 1193/2430/486 1105/2431/486
f 1092/2432/484 1219/2433/484 1218/2002/484 1091/2001/484
f 1236/2434/137 1235/2435/137 1110/2436/137 1111/1522/137 1199/1521/137 1202/1520/137 1200/1520/137
f 1381/2073/478 1379/2054/478 1380/2053/478 1382/2437/478 1383/2438/478
f 537/2319/1104 1416/1929/1104 1415/1072/1104 536/2419/1104
f 1098/2305/476 1225/2304/476 1224/1080/476 1097/1083/476
f 1397/499/1105 550/498/1105 549/1054/1105 1396/1053/1105
f 167/316/1106 1430/410/1106 1429/413/1106 166/310/1106
f 1484/98/1107 1534/97/1107 1535/2225/1107 1486/2439/1107
f 1103/2269/142 1230/2268/142 1229/2159/142 1102/2158/142
f 845/2440/208 844/2441/208 843/2442/208 842/473/208 810/472/208 811/1485/208 812/1488/208 813/1491/208 814/1494/208 815/445/208 847/444/208 846/2443/208
f 543/1022/1108 1422/1108/1108 1421/1076/1108 542/1015/1108
f 844/1567/478 876/1566/478 875/1573/478 843/1572/478
f 1239/2444/143 1238/2265/143 1113/2264/143 1114/2445/143
f 1240/2446/136 1239/2444/136 1114/2445/136 1115/2447/136
f 1119/1919/485 1244/1918/485 1243/2448/485 1118/2449/485
f 1405/388/1109 558/2450/1109 557/2451/1109 1404/1962/1109
f 1093/2452/487 1220/2453/487 1219/2433/487 1092/2432/487
f 1508/2454/1110 1546/402/1110 1547/2455/1110 1510/2456/1110
f 523/1051/1111 1402/1067/1111 1401/500/1111 522/2457/1111
f 862/1539/483 894/1538/483 893/2458/483 861/2459/483
f 518/1030/1112 1397/499/1112 1396/1053/1112 517/1025/1112
f 1416/1929/1113 569/1928/1113 568/1073/1113 1415/1072/1113
f 1110/2436/493 1235/2435/493 1234/2460/493 1109/2461/493
f 516/1018/1114 1395/1056/1114 1394/1058/1114 515/1019/1114
f 522/2457/1115 1401/500/1115 1400/503/1115 521/1091/1115
f 1216/2462/147 1245/1917/147 1120/1916/147 1089/1117/147 1165/1116/147 1168/1115/147 1167/1115/147
f 1255/2463/1116 1170/2464/1116 1217/2465/1116 1330/2466/1116 1331/2467/1116 1257/2468/1116
f 96/290/488 160/289/488 159/2213/488 95/2212/488
f 513/1112/1117 1392/1111/1117 1423/1105/1117 544/1119/1117
f 1195/1972/489 1198/1971/489 1194/2429/489 1106/2428/489 1107/1973/489
f 1291/2469/1118 1290/2082/1118 1284/2085/1118 1289/2371/1118
f 1301/2372/1119 1294/2078/1119 1292/2077/1119 1293/2470/1119
f 852/2287/491 884/2286/491 883/2042/491 851/2041/491
f 189/350/1120 1452/423/1120 1451/100/1120 188/99/1120
f 1293/2470/481 1292/2077/481 1121/2076/481 1142/2083/481 1290/2082/481 1291/2469/481
f 1356/2471/483 1154/2472/483 1153/2473/483 1131/2474/483 1354/2475/483 1355/2476/483
f 1363/2477/1009 1232/2478/1009 1233/2479/1009 1234/2480/1009 1235/2481/1009 1236/2482/1009 1371/2483/1009 1369/2484/1009 1367/2485/1009 1366/2486/1009
f 849/1543/139 881/1542/139 880/2487/139 848/2488/139
f 1378/2052/476 1160/2051/476 1159/2044/476 1139/2043/476 1376/2150/476 1377/2395/476
f 526/389/1121 1405/388/1121 1404/1962/1121 525/996/1121
f 1462/2489/1122 1523/87/1122 1524/90/1122 1464/375/1122
f 1277/2365/1123 1281/2366/1123 1353/2426/1123 1351/2425/1123
f 1163/2490/142 1162/2022/142 1143/2021/142 1387/2404/142 1388/2403/142 1389/2491/142
f 1381/2073/1124 1383/2438/1124 1317/2387/1124 1314/2074/1124
f 1337/2298/1125 1339/2302/1125 1261/2354/1125 1258/2353/1125
f 1321/2391/1126 1325/2394/1126 1386/2406/1126 1384/2405/1126
f 1265/2357/1127 1269/2358/1127 1342/2144/1127 1340/2143/1127
f 1370/2420/1128 1372/2422/1128 1305/2382/1128 1302/2381/1128
f 1359/2414/1129 1361/2418/1129 1286/2368/1129 1282/2367/1129
f 1309/2152/1130 1313/2386/1130 1375/2396/1130 1373/2153/1130
f 1253/2351/1131 1257/2352/1131 1331/2401/1131 1329/2400/1131
f 1326/1094/1132 1328/1098/1132 1249/2346/1132 1246/2345/1132
f 1348/2094/1133 1350/2098/1133 1273/2360/1133 1270/2359/1133
f 1296/2089/1134 1300/2374/1134 1364/2141/1134 1362/2090/1134
f 1105/2431/139 1193/2430/139 1191/2272/139 1189/2271/139 1104/2270/139
f 1411/1084/1135 564/1104/1135 563/1915/1135 1410/1914/1135
f 1307/2063/1136 1304/2383/1136 1311/2385/1136 1310/2064/1136
f 1428/417/1137 197/416/1137 196/284/1137 1427/283/1137
f 1352/2492/1009 1227/2493/1009 1228/2494/1009 1229/2495/1009 1230/2496/1009 1231/2497/1009 1360/2498/1009 1358/2499/1009 1356/2500/1009 1355/2501/1009
f 1404/1962/1138 557/2451/1138 556/1071/1138 1403/1070/1138
f 847/2502/142 879/2503/142 878/1575/142 846/1574/142
f 1267/2504/1139 1260/2505/1139 1174/2277/1139 1175/2277/1139 1180/2283/1139 1178/2283/1139
f 1221/2506/1140 1174/2507/1140 1260/2508/1140 1261/2509/1140 1339/2510/1140 1338/2511/1140
f 1241/2512/213 1240/2446/213 1115/2447/213 1116/111/213 1207/110/213 1211/109/213 1208/109/213
f 174/343/1141 1437/418/1141 1436/421/1141 173/340/1141
f 1323/2393/1142 1213/2513/1142 1242/2514/1142 1385/2407/1142 1386/2406/1142 1325/2394/1142
f 93/2515/39 157/2516/39 156/2132/39 92/2131/39
f 1228/2517/479 1227/2518/479 1186/1086/479 1187/1086/479 1185/1085/479 1100/1090/479 1101/2519/479
f 841/1563/494 873/1562/494 872/1535/494 840/1534/494
f 1449/2520/1143 218/512/1143 217/573/1143 1448/2521/1143
f 1448/2521/1144 217/573/1144 216/569/1144 1447/2522/1144
f 1518/2523/1145 1551/2524/1145 1520/370/1145 1457/369/1145
f 1390/1095/138 1144/2040/138 1164/2039/138 1163/2490/138 1389/2491/138 1391/1096/138
f 87/2338/137 151/2337/137 150/2279/137 86/2278/137
f 191/296/1146 1454/1066/1146 1453/422/1146 190/297/1146
f 1460/366/1147 1522/364/1147 1523/87/1147 1462/2489/1147
f 1526/1063/1148 1469/1508/1148 1471/1517/1148 1527/1064/1148
f 1524/90/1149 1465/89/1149 1467/1507/1149 1525/376/1149
f 839/1537/32 871/1536/32 870/1553/32 838/1552/32
f 1474/2525/1150 1529/374/1150 1530/2526/1150 1476/2527/1150
f 1466/377/1151 1525/376/1151 1526/1063/1151 1468/1062/1151
f 1478/2528/1152 1531/2529/1152 1532/2530/1152 1480/2531/1152
f 1455/1061/1153 224/2532/1153 223/2065/1153 1454/1066/1153
f 1486/2439/1154 1535/2225/1154 1536/2533/1154 1488/2534/1154
f 1531/2529/1155 1479/2535/1155 1481/2536/1155 1532/2530/1155
f 1529/374/1156 1475/373/1156 1477/2537/1156 1530/2526/1156
f 1476/2527/1157 1530/2526/1157 1531/2529/1157 1478/2528/1157
f 1530/2526/1158 1477/2537/1158 1479/2535/1158 1531/2529/1158
f 835/2538/482 867/2539/482 866/1510/482 834/1509/482
f 1539/2540/1159 1495/2541/1159 1497/2542/1159 1540/2543/1159
f 1532/2530/1160 1481/2536/1160 1483/2025/1160 1533/96/1160
f 1426/286/1161 195/285/1161 194/2544/1161 1425/427/1161
f 1480/2531/1162 1532/2530/1162 1533/96/1162 1482/95/1162
f 1557/76/490 1467/75/490 1465/2545/490 1556/2546/490
f 1492/2547/1163 1538/2217/1163 1539/2540/1163 1494/2548/1163
f 1538/2217/1164 1493/2216/1164 1495/2541/1164 1539/2540/1164
f 1451/100/1165 220/2549/1165 219/2550/1165 1450/101/1165
f 1510/2456/1166 1547/2455/1166 1548/2551/1166 1512/2552/1166
f 1490/2553/1167 1537/2214/1167 1538/2217/1167 1492/2547/1167
f 1536/2533/1168 1489/2554/1168 1491/2215/1168 1537/2214/1168
f 1535/2225/1169 1487/2224/1169 1489/2554/1169 1536/2533/1169
f 1546/402/1170 1509/401/1170 1511/2555/1170 1547/2455/1170
f 1540/2543/1171 1497/2542/1171 1499/2020/1171 1541/408/1171
f 1406/387/1172 559/1069/1172 558/2450/1172 1405/388/1172
f 1502/2556/1173 1543/385/1173 1544/2557/1173 1504/2558/1173
f 1496/2559/1174 1540/2543/1174 1541/408/1174 1498/407/1174
f 1520/370/1175 1456/2560/1175 1459/362/1175 1521/361/1175
f 1544/2557/1176 1505/2561/1176 1507/400/1176 1545/399/1176
f 1547/2455/1177 1511/2555/1177 1513/2562/1177 1548/2551/1177
f 1543/385/1178 1503/384/1178 1505/2561/1178 1544/2557/1178
f 1488/2534/1179 1536/2533/1179 1537/2214/1179 1490/2553/1179
f 1504/2558/1180 1544/2557/1180 1545/399/1180 1506/2563/1180
f 1435/425/1181 204/1580/1181 203/92/1181 1434/91/1181
f 1500/409/1182 1542/382/1182 1543/385/1182 1502/2556/1182
f 1452/423/1183 221/2564/1183 220/2549/1183 1451/100/1183
f 1450/101/1184 219/2550/1184 218/2565/1184 1449/426/1184
f 1512/2552/1185 1548/2551/1185 1549/391/1185 1514/390/1185
f 1549/391/1186 1515/2566/1186 1517/2567/1186 1550/392/1186
f 1548/2551/1187 1513/2562/1187 1515/2566/1187 1549/391/1187
f 1506/2563/1188 1545/399/1188 1546/402/1188 1508/2454/1188
f 1550/392/1189 1517/2567/1189 1519/2568/1189 1551/2524/1189
f 1472/2569/1190 1528/371/1190 1529/374/1190 1474/2525/1190
f 1458/14/1191 2/13/1191 1/56/1191 1457/55/1191
f 1440/2399/1192 209/533/1192 208/525/1192 1439/2570/1192
f 861/2571/39 893/2572/39 892/487/39 860/486/39
f 1118/2449/483 1243/2448/483 1242/2514/483 1213/2513/483 1214/2513/483 1212/2573/483 1117/2574/483
f 1456/2560/1193 1520/370/1193 1551/2524/1193 1519/2568/1193
f 1453/422/1194 222/2066/1194 221/2564/1194 1452/423/1194
f 836/1547/484 868/1546/484 867/2539/484 835/2538/484
f 1516/393/1195 1550/392/1195 1551/2524/1195 1518/2523/1195
f 1431/504/1196 200/2575/1196 199/411/1196 1430/410/1196
f 1424/359/1197 193/358/1197 224/543/1197 1455/2576/1197
f 1494/2548/1198 1539/2540/1198 1540/2543/1198 1496/2559/1198
f 848/2488/138 880/2487/138 879/2503/138 847/2502/138
f 1442/415/1199 211/414/1199 210/2577/1199 1441/1920/1199
f 1367/2578/487 1157/2579/487 1156/2017/487 1135/2016/487 1365/2091/487 1366/2140/487
f 1132/2007/485 1155/2006/485 1154/2472/485 1356/2471/485 1358/2416/485 1357/2415/485
f 1346/2095/143 1128/2030/143 1152/2029/143 1151/2047/143 1345/2050/143 1347/2096/143
f 1470/1065/1200 1527/1064/1200 1528/371/1200 1472/2569/1200
f 1131/2035/1201 1276/2038/1201 1280/2364/1201 1277/2365/1201 1351/2425/1201 1354/2424/1201
f 1302/2381/1202 1306/2384/1202 1303/2033/1202 1136/1976/1202 1368/1975/1202 1370/2420/1202
f 1270/2359/1203 1274/2362/1203 1271/2027/1203 1128/2030/1203 1346/2095/1203 1348/2094/1203
f 1127/2008/1204 1264/2011/1204 1268/2356/1204 1265/2357/1204 1340/2143/1204 1343/2048/1204
f 1258/2353/1205 1262/2355/1205 1259/2055/1205 1124/2058/1205 1335/2299/1205 1337/2298/1205
f 1143/2021/1206 1320/2024/1206 1324/2392/1206 1321/2391/1206 1384/2405/1206 1387/2404/1206
f 1246/2345/1207 1250/2347/1207 1247/1998/1207 1144/2040/1207 1390/1095/1207 1326/1094/1207
f 1123/2031/1208 1252/1995/1208 1256/2350/1208 1253/2351/1208 1329/2400/1208 1332/2348/1208
f 1282/2367/1209 1287/2370/1209 1283/2004/1209 1132/2007/1209 1357/2415/1209 1359/2414/1209
